Num_Acc,an,mois,jour,hrmn,lum,agg,int,atm,col,com,gps,lat,long,dep
201100000638,11,2,17,755,2,2,1,1.0,1.0,02336,M,0.0,0.0,02
201100000639,11,2,18,1125,1,2,3,1.0,1.0,02719,M,0.0,0.0,02
201100000640,11,4,23,1400,1,2,2,1.0,3.0,02719,M,0.0,0.0,02
201100000641,11,5,24,1040,1,2,9,1.0,3.0,02719,M,0.0,0.0,02
201100000642,11,5,23,1710,1,1,3,1.0,3.0,02746,M,0.0,0.0,02
201100000643,11,7,8,1000,1,2,1,1.0,6.0,02173,M,0.0,0.0,02
201100000644,11,7,15,2205,3,1,1,1.0,6.0,02336,M,0.0,0.0,02
201100000645,11,7,22,350,5,1,1,1.0,6.0,02719,M,0.0,0.0,02
201100000646,11,7,23,1835,1,1,1,3.0,5.0,02746,M,0.0,0.0,02
201100000647,11,8,5,315,3,1,1,1.0,6.0,02807,M,0.0,0.0,02
201100000648,11,8,20,1830,1,2,2,1.0,3.0,02492,M,0.0,0.0,02
201100000649,11,9,3,300,5,1,6,1.0,7.0,02173,M,0.0,0.0,02
201100000650,11,9,7,1835,1,1,1,1.0,1.0,02566,M,0.0,0.0,02
201100000651,11,9,17,2355,3,1,1,8.0,1.0,02599,M,0.0,0.0,02
201100000652,11,9,30,1900,1,2,6,7.0,6.0,02173,M,0.0,0.0,02
201100000653,11,12,2,1740,5,2,1,1.0,6.0,02173,M,4961508.0,321606.0,02
201100000654,11,12,4,10,3,1,1,2.0,6.0,02807,M,0.0,0.0,02
201100000655,11,12,11,2045,5,2,1,3.0,6.0,02173,M,4962416.0,320608.0,02
201100000656,11,1,12,1915,5,1,3,3.0,6.0,02360,M,0.0,0.0,02
201100000657,11,1,18,1930,3,1,1,1.0,7.0,02150,M,0.0,0.0,02
201100000658,11,4,2,1640,1,2,1,1.0,6.0,02073,M,0.0,0.0,02
201100000659,11,5,18,1910,1,1,8,1.0,3.0,02761,M,4941934.0,396801.0,02
201100000660,11,8,15,2140,1,2,1,1.0,6.0,02215,M,0.0,0.0,02
201100000661,11,9,10,1600,1,1,3,8.0,3.0,02582,M,0.0,0.0,02
201100000662,11,10,16,415,5,2,1,1.0,7.0,02299,M,0.0,0.0,02
201100000663,11,11,11,1350,1,2,3,1.0,3.0,02550,M,0.0,0.0,02
201100000664,11,2,23,1215,1,1,1,1.0,7.0,02423,M,0.0,0.0,02
201100000665,11,3,23,1445,1,1,1,1.0,5.0,02217,M,0.0,0.0,02
201100000666,11,5,2,1820,1,1,1,1.0,5.0,02159,M,0.0,0.0,02
201100000667,11,8,9,2015,1,1,1,1.0,1.0,02704,M,0.0,0.0,02
201100000668,11,1,20,2145,3,1,1,1.0,6.0,02218,M,0.0,0.0,02
201100000669,11,1,27,530,5,2,3,1.0,1.0,02720,M,0.0,0.0,02
201100000670,11,2,28,1825,3,1,4,1.0,1.0,02033,M,0.0,0.0,02
201100000671,11,3,5,1615,2,1,1,7.0,1.0,02282,M,0.0,0.0,02
201100000672,11,4,10,1530,1,2,1,1.0,6.0,02346,M,0.0,0.0,02
201100000673,11,4,25,1905,1,1,1,1.0,6.0,02189,M,0.0,0.0,02
201100000674,11,5,20,720,1,2,1,1.0,6.0,02013,M,0.0,0.0,02
201100000675,11,5,21,2000,1,1,1,1.0,7.0,02013,M,0.0,0.0,02
201100000676,11,6,11,2000,1,1,1,1.0,1.0,02457,M,0.0,0.0,02
201100000677,11,7,16,1930,1,1,1,2.0,3.0,02553,M,0.0,0.0,02
201100000678,11,9,11,1545,1,1,1,1.0,1.0,02309,M,0.0,0.0,02
201100000679,11,1,12,700,3,1,1,1.0,2.0,02524,M,0.0,0.0,02
201100000680,11,3,4,2300,3,1,1,1.0,1.0,02518,M,0.0,0.0,02
201100000681,11,4,3,945,1,2,1,2.0,3.0,02510,M,0.0,0.0,02
201100000682,11,4,15,1420,1,1,1,1.0,7.0,02524,M,0.0,0.0,02
201100000683,11,5,14,1750,1,1,1,1.0,5.0,02748,M,0.0,0.0,02
201100000684,11,6,12,300,3,1,1,1.0,1.0,02026,M,0.0,0.0,02
201100000685,11,7,3,1715,1,2,1,1.0,5.0,02085,M,0.0,0.0,02
201100000686,11,7,25,200,3,1,1,2.0,6.0,02221,M,0.0,0.0,02
201100000687,11,11,26,2300,3,2,1,1.0,6.0,02540,M,0.0,0.0,02
201100000688,11,2,25,1900,5,2,4,1.0,3.0,02163,M,0.0,0.0,02
201100000689,11,2,27,230,3,1,1,1.0,6.0,02221,M,0.0,0.0,02
201100000690,11,4,1,1645,1,1,1,1.0,1.0,02443,M,0.0,0.0,02
201100000691,11,5,15,915,1,1,1,1.0,2.0,02555,M,0.0,0.0,02
201100000692,11,5,21,1610,1,2,1,1.0,6.0,02163,M,0.0,0.0,02
201100000693,11,8,9,1050,1,1,1,1.0,7.0,02163,M,0.0,0.0,02
201100000694,11,11,21,1815,3,1,1,1.0,1.0,02186,M,0.0,0.0,02
201100000695,11,12,8,1815,5,2,3,8.0,3.0,02521,M,0.0,0.0,02
201100000696,11,12,10,2115,3,2,1,1.0,6.0,02443,M,0.0,0.0,02
201100000697,11,2,1,745,2,1,1,8.0,6.0,02543,M,0.0,0.0,02
201100000698,11,2,1,2100,3,1,1,4.0,6.0,02543,M,0.0,0.0,02
201100000699,11,2,23,1415,1,1,1,1.0,3.0,02543,M,0.0,0.0,02
201100000700,11,4,2,1745,1,1,3,1.0,6.0,02356,M,0.0,0.0,02
201100000701,11,4,3,1800,1,1,1,1.0,3.0,02744,M,0.0,0.0,02
201100000702,11,5,26,2130,2,2,2,1.0,6.0,02792,M,0.0,0.0,02
201100000703,11,5,29,1545,1,1,1,1.0,1.0,02662,M,0.0,0.0,02
201100000704,11,6,23,1200,1,2,1,1.0,7.0,02305,M,0.0,0.0,02
201100000705,11,7,10,550,3,1,1,1.0,7.0,02227,M,0.0,0.0,02
201100000706,11,7,17,45,3,2,1,2.0,6.0,02203,M,0.0,0.0,02
201100000707,11,9,1,1230,1,2,1,1.0,1.0,02185,M,0.0,0.0,02
201100000708,11,10,5,2240,3,1,1,1.0,6.0,02718,M,0.0,0.0,02
201100000709,11,10,22,245,3,1,3,1.0,6.0,02227,M,0.0,0.0,02
201100000710,11,11,1,745,1,1,1,1.0,6.0,02220,M,0.0,0.0,02
201100000711,11,2,6,235,3,1,1,1.0,6.0,02382,M,0.0,0.0,02
201100000712,11,3,22,1,3,1,1,1.0,6.0,02359,M,0.0,0.0,02
201100000713,11,3,22,2110,3,1,1,1.0,2.0,02359,M,0.0,0.0,02
201100000714,11,5,1,550,1,1,1,1.0,6.0,02726,M,0.0,0.0,02
201100000715,11,5,5,945,1,1,3,1.0,2.0,02774,M,0.0,0.0,02
201100000716,11,5,22,1515,1,2,1,1.0,7.0,02199,M,0.0,0.0,02
201100000717,11,6,5,1415,1,1,1,1.0,1.0,02420,M,0.0,0.0,02
201100000718,11,6,8,1130,1,1,1,1.0,6.0,02420,M,0.0,0.0,02
201100000719,11,8,18,1400,1,2,9,1.0,3.0,02355,M,0.0,0.0,02
201100000720,11,11,18,1400,1,1,1,8.0,6.0,02658,M,0.0,0.0,02
201100000721,11,12,19,1900,3,1,1,1.0,1.0,02726,M,0.0,0.0,02
201100000722,11,2,3,2045,3,1,1,4.0,7.0,02310,M,0.0,0.0,02
201100000723,11,4,12,940,1,2,4,1.0,3.0,02319,M,0.0,0.0,02
201100000724,11,7,8,2300,3,1,1,1.0,6.0,02095,M,0.0,0.0,02
201100000725,11,7,29,2345,3,1,1,1.0,7.0,02061,M,0.0,0.0,02
201100000726,11,8,2,1145,1,1,3,1.0,3.0,02288,M,0.0,0.0,02
201100000727,11,7,28,1530,1,2,1,1.0,1.0,02334,M,0.0,0.0,02
201100000728,11,9,26,1255,1,2,1,1.0,2.0,02143,M,0.0,0.0,02
201100000729,11,10,20,2225,3,1,1,1.0,1.0,02709,M,0.0,0.0,02
201100000730,11,4,26,625,1,1,1,1.0,6.0,02741,M,0.0,0.0,02
201100000731,11,4,28,1215,1,1,1,2.0,1.0,02741,M,0.0,0.0,02
201100000732,11,4,28,715,1,2,1,1.0,6.0,02575,M,0.0,0.0,02
201100000733,11,6,26,1630,1,2,1,1.0,7.0,02775,M,0.0,0.0,02
201100000734,11,6,30,1930,1,1,1,1.0,1.0,02741,M,0.0,0.0,02
201100000735,11,12,9,900,2,1,1,1.0,3.0,02287,M,0.0,0.0,02
201100000736,11,1,12,1645,1,1,1,2.0,1.0,02447,M,0.0,0.0,02
201100000737,11,1,16,1845,3,1,2,1.0,3.0,02770,M,0.0,0.0,02
201100000738,11,3,10,1840,2,1,1,1.0,6.0,02804,M,0.0,0.0,02
201100000739,11,4,7,515,3,1,3,1.0,2.0,02245,M,0.0,0.0,02
201100000740,11,6,28,1745,1,2,4,1.0,3.0,02593,M,0.0,0.0,02
201100000741,11,7,23,1000,1,1,1,1.0,6.0,02580,M,0.0,0.0,02
201100000742,11,9,1,1210,1,2,1,1.0,1.0,02226,M,0.0,0.0,02
201100000743,11,9,4,1810,1,1,1,1.0,4.0,02804,M,0.0,0.0,02
201100000744,11,9,23,1910,1,2,1,1.0,6.0,02110,M,0.0,0.0,02
201100000745,11,10,13,1145,1,1,1,2.0,6.0,02054,M,0.0,0.0,02
201100000746,11,11,8,720,2,1,1,1.0,6.0,02008,M,0.0,0.0,02
201100000747,11,11,17,1835,3,1,1,5.0,1.0,02520,M,0.0,0.0,02
201100000748,11,12,5,1955,3,1,1,2.0,1.0,02763,M,0.0,0.0,02
201100000749,11,12,15,1800,3,1,1,4.0,7.0,02036,M,0.0,0.0,02
201100000750,11,12,15,1215,1,1,1,1.0,2.0,02714,M,0.0,0.0,02
201100000751,11,2,1,2230,3,1,1,4.0,2.0,02172,M,0.0,0.0,02
201100000752,11,2,23,110,3,1,1,1.0,6.0,02172,M,0.0,0.0,02
201100000753,11,3,11,15,3,1,1,1.0,3.0,02011,M,0.0,0.0,02
201100000754,11,3,19,630,2,1,1,1.0,7.0,02736,M,0.0,0.0,02
201100000755,11,3,19,1945,3,1,1,1.0,7.0,02687,M,0.0,0.0,02
201100000756,11,3,24,1810,1,2,1,1.0,6.0,02514,M,0.0,0.0,02
201100000757,11,3,29,1645,1,1,1,1.0,3.0,02172,M,0.0,0.0,02
201100000758,11,4,2,1615,1,1,1,1.0,6.0,02822,M,0.0,0.0,02
201100000759,11,4,21,2030,1,1,1,1.0,7.0,02201,M,0.0,0.0,02
201100000760,11,4,25,2155,3,2,1,1.0,7.0,02643,M,0.0,0.0,02
201100000761,11,4,26,930,1,1,1,1.0,6.0,02528,M,0.0,0.0,02
201100000762,11,4,29,730,1,1,1,5.0,6.0,02822,M,0.0,0.0,02
201100000763,11,4,19,1820,1,1,2,1.0,3.0,02687,M,0.0,0.0,02
201100000764,11,6,13,1450,1,1,1,1.0,3.0,02810,M,0.0,0.0,02
201100000765,11,6,21,1510,1,2,1,1.0,2.0,02810,M,0.0,0.0,02
201100000766,11,8,4,1000,1,1,1,1.0,1.0,02687,M,4930900.0,321400.0,02
201100000767,11,8,14,1935,1,2,3,1.0,6.0,02071,M,0.0,0.0,02
201100000768,11,9,29,1300,1,2,1,1.0,6.0,02810,M,0.0,0.0,02
201100000769,11,10,6,640,3,1,1,1.0,7.0,02810,M,0.0,0.0,02
201100000770,11,11,6,1940,3,1,1,1.0,5.0,02172,M,0.0,0.0,02
201100000771,11,11,11,2030,5,2,1,1.0,6.0,02810,M,4925478.0,309204.0,02
201100000772,11,11,18,1650,1,2,1,1.0,7.0,02810,M,0.0,0.0,02
201100000773,11,12,5,1200,1,1,2,1.0,5.0,02506,M,0.0,0.0,02
201100000774,11,12,5,1735,5,2,4,3.0,1.0,02810,M,4924686.0,308732.0,02
201100000775,11,12,29,700,3,1,1,1.0,6.0,02810,M,0.0,0.0,02
201100000776,11,1,4,1915,5,2,1,9.0,2.0,02433,M,0.0,0.0,02
201100000777,11,4,10,1805,1,2,3,1.0,6.0,02743,M,0.0,0.0,02
201100000778,11,6,5,720,1,1,1,1.0,6.0,02444,M,0.0,0.0,02
201100000779,11,7,11,615,2,1,1,1.0,6.0,02666,M,0.0,0.0,02
201100000780,11,12,3,2010,3,1,1,2.0,1.0,02160,M,0.0,0.0,02
201100000781,11,2,26,725,2,1,3,1.0,7.0,02141,M,0.0,0.0,02
201100000782,11,2,28,920,1,1,1,8.0,7.0,02312,M,0.0,0.0,02
201100000783,11,3,4,2315,5,2,4,1.0,1.0,02103,M,0.0,0.0,02
201100000784,11,5,3,1410,1,1,1,1.0,6.0,02548,M,0.0,0.0,02
201100000785,11,6,5,2300,3,1,1,2.0,7.0,02295,M,0.0,0.0,02
201100000786,11,7,29,2200,2,1,1,1.0,6.0,02558,M,0.0,0.0,02
201100000787,11,8,13,430,3,1,1,1.0,6.0,02067,M,0.0,0.0,02
201100000788,11,9,10,540,2,1,1,1.0,2.0,02379,M,0.0,0.0,02
201100000789,11,10,8,150,4,1,1,2.0,1.0,02141,M,0.0,0.0,02
201100000790,11,11,2,1945,5,2,1,1.0,3.0,02141,M,0.0,0.0,02
201100000791,11,11,5,1815,5,2,1,8.0,1.0,02558,M,5001444.0,378526.0,02
201100000792,11,12,20,755,2,1,1,4.0,3.0,02141,M,0.0,0.0,02
201100000793,11,1,1,220,3,1,1,4.0,6.0,02753,M,0.0,0.0,02
201100000794,11,1,7,1915,5,2,1,4.0,6.0,02358,M,0.0,0.0,02
201100000795,11,4,8,1655,1,1,9,1.0,3.0,02830,M,0.0,0.0,02
201100000796,11,4,17,1830,1,1,9,1.0,7.0,02469,M,0.0,0.0,02
201100000797,11,5,12,1325,1,1,1,1.0,1.0,02488,M,0.0,0.0,02
201100000798,11,5,29,620,2,1,1,1.0,6.0,02830,M,0.0,0.0,02
201100000799,11,6,18,300,3,1,1,1.0,6.0,02830,M,0.0,0.0,02
201100000800,11,9,3,430,5,2,1,2.0,6.0,02366,M,0.0,0.0,02
201100000801,11,10,8,700,3,1,1,1.0,2.0,02361,M,0.0,0.0,02
201100000802,11,11,20,830,2,2,1,1.0,6.0,02358,M,0.0,0.0,02
201100000803,11,12,6,1815,5,2,1,1.0,6.0,02830,M,5001151.0,360029.0,02
201100000804,11,1,26,215,3,1,1,3.0,7.0,02381,M,0.0,0.0,02
201100000805,11,3,24,745,1,2,1,7.0,1.0,02381,M,0.0,0.0,02
201100000806,11,5,21,1715,1,1,4,1.0,2.0,02381,M,0.0,0.0,02
201100000807,11,6,14,1400,1,2,9,1.0,6.0,02381,M,0.0,0.0,02
201100000808,11,11,27,400,3,2,1,2.0,6.0,02020,M,0.0,0.0,02
201100000809,11,1,17,1200,1,1,1,2.0,1.0,60480,M,0.0,0.0,60
201100000810,11,1,19,745,2,1,1,9.0,2.0,60428,M,0.0,0.0,60
201100000811,11,2,26,1400,1,2,1,1.0,1.0,60041,M,0.0,0.0,60
201100000812,11,4,6,1645,1,1,1,1.0,2.0,60277,M,4942700.0,204300.0,60
201100000813,11,6,26,445,3,1,1,5.0,1.0,60103,M,0.0,0.0,60
201100000814,11,8,5,2030,1,1,9,1.0,3.0,60480,M,0.0,0.0,60
201100000815,11,8,20,600,2,1,6,1.0,6.0,60009,M,0.0,0.0,60
201100000816,11,8,22,2030,2,2,1,3.0,3.0,60230,M,0.0,0.0,60
201100000817,11,11,21,1930,3,1,1,5.0,6.0,60251,M,4946200.0,220900.0,60
201100000818,11,12,5,1745,3,1,1,3.0,1.0,60480,M,0.0,0.0,60
201100000819,11,12,10,1445,1,1,1,1.0,7.0,60646,M,0.0,0.0,60
201100000820,11,1,10,1030,1,2,1,7.0,1.0,60616,M,0.0,0.0,60
201100000821,11,1,17,645,3,1,1,5.0,1.0,60567,M,,,60
201100000822,11,3,17,1815,1,2,1,1.0,6.0,60616,M,0.0,0.0,60
201100000823,11,3,18,2015,3,1,1,2.0,6.0,60616,M,0.0,0.0,60
201100000824,11,3,20,1745,1,1,1,1.0,7.0,60029,M,0.0,0.0,60
201100000825,11,4,11,830,1,2,1,1.0,3.0,60187,M,4944800.0,181700.0,60
201100000826,11,4,17,600,2,2,1,1.0,6.0,60220,M,4944500.0,187100.0,60
201100000827,11,4,19,2045,1,1,1,1.0,6.0,60220,M,4941500.0,187000.0,60
201100000828,11,6,16,1600,1,1,1,1.0,6.0,60577,M,0.0,0.0,60
201100000829,11,6,19,315,3,1,1,1.0,6.0,60577,M,0.0,0.0,60
201100000830,11,7,30,315,3,2,1,1.0,6.0,60220,M,0.0,0.0,60
201100000831,11,9,19,815,1,1,3,1.0,1.0,60164,M,0.0,0.0,60
201100000832,11,9,26,1515,1,1,9,7.0,1.0,60523,M,0.0,0.0,60
201100000833,11,10,9,1030,1,1,1,2.0,6.0,60029,M,0.0,0.0,60
201100000834,11,10,29,1130,1,1,1,1.0,2.0,60577,M,0.0,0.0,60
201100000835,11,11,22,1900,5,2,1,1.0,6.0,60567,M,0.0,0.0,60
201100000836,11,12,2,1345,1,1,1,1.0,1.0,60187,M,0.0,0.0,60
201100000837,11,12,19,1815,3,1,2,3.0,3.0,60029,M,0.0,0.0,60
201100000838,11,2,18,600,3,1,1,5.0,1.0,60352,M,0.0,0.0,60
201100000839,11,2,24,1415,1,1,1,1.0,2.0,60089,M,0.0,0.0,60
201100000840,11,2,26,1800,1,1,1,6.0,7.0,60090,M,0.0,0.0,60
201100000841,11,3,21,1930,3,1,1,1.0,1.0,60690,M,0.0,0.0,60
201100000842,11,4,8,2230,3,1,4,1.0,3.0,60644,M,0.0,0.0,60
201100000843,11,4,22,530,3,1,6,1.0,7.0,60352,M,0.0,0.0,60
201100000844,11,4,26,1900,1,1,1,1.0,7.0,60659,M,0.0,0.0,60
201100000845,11,5,3,1330,1,1,6,1.0,7.0,60363,M,0.0,0.0,60
201100000846,11,5,4,1900,1,1,3,1.0,1.0,60630,M,0.0,0.0,60
201100000847,11,5,12,1330,1,1,1,1.0,3.0,60239,M,0.0,0.0,60
201100000848,11,5,17,1040,1,2,1,1.0,2.0,60644,M,0.0,0.0,60
201100000849,11,6,6,1600,1,1,1,2.0,6.0,60690,M,0.0,0.0,60
201100000850,11,6,24,2000,1,2,1,1.0,1.0,60352,M,0.0,0.0,60
201100000851,11,6,27,1630,1,2,1,1.0,7.0,60143,M,0.0,0.0,60
201100000852,11,6,27,2130,1,1,1,1.0,6.0,60239,M,0.0,0.0,60
201100000853,11,6,28,1700,1,2,1,1.0,2.0,60644,M,0.0,0.0,60
201100000854,11,8,2,1130,1,2,1,1.0,4.0,60211,M,0.0,0.0,60
201100000855,11,8,11,530,3,1,1,1.0,1.0,60211,M,0.0,0.0,60
201100000856,11,9,30,930,1,1,6,1.0,6.0,60143,M,0.0,0.0,60
201100000857,11,10,8,1230,1,2,1,2.0,3.0,60038,M,0.0,0.0,60
201100000858,11,10,23,1145,1,1,1,1.0,7.0,60367,M,0.0,0.0,60
201100000859,11,11,22,1600,1,2,1,1.0,1.0,60644,M,0.0,0.0,60
201100000860,11,12,31,1600,1,1,1,1.0,1.0,60690,M,0.0,0.0,60
201100000861,11,11,18,1930,5,2,1,5.0,7.0,60286,M,0.0,0.0,60
201100000862,11,3,17,1415,1,2,1,1.0,7.0,60286,M,0.0,0.0,60
201100000863,11,4,23,1815,1,1,1,1.0,3.0,60623,M,0.0,0.0,60
201100000864,11,4,29,2100,5,2,1,8.0,1.0,60098,M,0.0,0.0,60
201100000865,11,4,30,1830,1,1,1,1.0,1.0,60242,M,0.0,0.0,60
201100000866,11,5,7,1300,1,1,3,1.0,1.0,60444,M,0.0,0.0,60
201100000867,11,5,24,815,1,2,1,1.0,3.0,60286,M,0.0,0.0,60
201100000868,11,6,5,1615,1,1,1,1.0,3.0,60194,M,0.0,0.0,60
201100000869,11,6,2,1830,1,1,2,7.0,3.0,60004,M,0.0,0.0,60
201100000870,11,6,8,715,1,2,1,1.0,1.0,60128,M,0.0,0.0,60
201100000871,11,7,5,1500,1,1,1,1.0,7.0,60444,M,0.0,0.0,60
201100000872,11,7,10,1815,1,1,1,1.0,3.0,60677,M,0.0,0.0,60
201100000873,11,7,28,1745,1,1,1,1.0,7.0,60289,M,0.0,0.0,60
201100000874,11,8,4,2115,2,2,1,1.0,6.0,60365,M,0.0,0.0,60
201100000875,11,8,20,1745,1,2,1,1.0,3.0,60245,M,0.0,0.0,60
201100000876,11,8,30,2100,3,1,1,1.0,7.0,60407,M,0.0,0.0,60
201100000877,11,9,3,1030,1,2,1,1.0,5.0,60242,M,0.0,0.0,60
201100000878,11,9,18,1345,1,1,1,3.0,7.0,60405,M,0.0,0.0,60
201100000879,11,9,16,2015,2,1,2,1.0,3.0,60550,M,0.0,0.0,60
201100000880,11,10,16,2130,5,2,1,1.0,5.0,60242,M,0.0,0.0,60
201100000881,11,10,22,345,5,2,1,1.0,6.0,60521,M,0.0,0.0,60
201100000882,11,1,10,1745,2,2,1,1.0,1.0,60395,M,0.0,0.0,60
201100000883,11,1,23,115,3,1,1,2.0,5.0,60532,M,0.0,0.0,60
201100000884,11,2,26,1300,1,1,1,8.0,3.0,60395,M,0.0,0.0,60
201100000885,11,4,6,1630,1,2,1,1.0,1.0,60452,M,0.0,0.0,60
201100000886,11,6,4,1815,1,2,1,1.0,6.0,60395,M,0.0,0.0,60
201100000887,11,6,25,1400,1,2,1,1.0,3.0,60395,M,0.0,0.0,60
201100000888,11,7,22,2300,3,1,1,1.0,7.0,60088,M,0.0,0.0,60
201100000889,11,7,25,1715,1,1,1,1.0,1.0,60309,M,0.0,0.0,60
201100000890,11,7,31,1500,1,1,1,1.0,7.0,60088,M,0.0,0.0,60
201100000891,11,8,27,715,1,1,1,1.0,5.0,60532,M,0.0,0.0,60
201100000892,11,9,22,1045,1,1,1,1.0,6.0,60417,M,0.0,0.0,60
201100000893,11,10,5,1330,1,2,1,1.0,6.0,60395,M,0.0,0.0,60
201100000894,11,10,7,2115,3,1,1,1.0,7.0,60678,M,0.0,0.0,60
201100000895,11,10,30,1145,1,1,2,1.0,3.0,60678,M,0.0,0.0,60
201100000896,11,11,9,1645,1,1,1,1.0,4.0,60395,M,0.0,0.0,60
201100000897,11,11,17,1645,1,1,1,1.0,1.0,60532,M,0.0,0.0,60
201100000898,11,12,19,2000,5,2,1,2.0,6.0,60395,M,0.0,0.0,60
201100000899,11,2,13,45,3,1,1,1.0,7.0,60700,M,4938700.0,214800.0,60
201100000900,11,3,1,1600,1,1,1,1.0,2.0,60002,M,4937100.0,216000.0,60
201100000901,11,5,16,830,1,2,1,1.0,6.0,60313,M,0.0,0.0,60
201100000902,11,5,20,1230,1,1,1,1.0,1.0,60313,M,4936000.0,226000.0,60
201100000903,11,8,18,45,3,1,1,1.0,6.0,60685,M,0.0,0.0,60
201100000904,11,9,24,1330,1,2,9,1.0,7.0,60135,M,0.0,0.0,60
201100000905,11,11,29,1645,2,1,1,1.0,1.0,60433,M,0.0,0.0,60
201100000906,11,2,2,1030,1,1,1,5.0,1.0,60034,M,0.0,0.0,60
201100000907,11,2,3,1945,5,2,1,1.0,1.0,60157,M,0.0,0.0,60
201100000908,11,3,16,1515,1,1,9,1.0,6.0,60215,M,0.0,0.0,60
201100000909,11,3,20,1730,1,2,1,1.0,7.0,60107,M,0.0,0.0,60
201100000910,11,4,8,800,1,1,1,1.0,7.0,60529,M,0.0,0.0,60
201100000911,11,5,9,2100,2,2,2,1.0,1.0,60454,M,0.0,0.0,60
201100000912,11,5,23,1715,1,1,1,1.0,1.0,60106,M,0.0,0.0,60
201100000913,11,6,23,830,1,2,2,1.0,1.0,60559,M,0.0,0.0,60
201100000914,11,9,3,1545,1,2,1,1.0,6.0,60157,M,0.0,0.0,60
201100000915,11,9,24,345,3,1,1,1.0,6.0,60008,M,0.0,0.0,60
201100000916,11,10,7,130,3,1,1,2.0,7.0,60115,M,0.0,0.0,60
201100000917,11,11,21,1830,5,2,1,1.0,6.0,60157,M,0.0,0.0,60
201100000918,11,12,7,1400,1,2,1,1.0,6.0,60157,M,0.0,0.0,60
201100000919,11,12,9,645,5,2,1,2.0,6.0,60157,M,0.0,0.0,60
201100000920,11,2,24,2045,3,1,1,1.0,6.0,60104,M,0.0,0.0,60
201100000921,11,3,18,445,3,2,1,1.0,6.0,60058,M,0.0,0.0,60
201100000922,11,4,7,1845,1,1,1,1.0,5.0,60163,M,0.0,0.0,60
201100000923,11,4,15,1930,1,1,2,1.0,3.0,60336,M,0.0,0.0,60
201100000924,11,5,30,1815,1,2,1,1.0,6.0,60017,M,0.0,0.0,60
201100000925,11,7,31,2030,1,1,1,1.0,3.0,60664,M,4962500.0,229300.0,60
201100000926,11,8,12,2130,3,1,1,1.0,7.0,60549,M,0.0,0.0,60
201100000927,11,8,14,945,1,2,6,2.0,1.0,60104,M,0.0,0.0,60
201100000928,11,8,19,2045,2,1,1,1.0,3.0,60565,M,0.0,0.0,60
201100000929,11,8,23,1730,3,2,1,9.0,1.0,60664,M,0.0,0.0,60
201100000930,11,9,29,1545,1,1,2,1.0,3.0,60664,M,0.0,0.0,60
201100000931,11,10,3,800,1,1,1,1.0,3.0,60104,M,0.0,0.0,60
201100000932,11,10,21,2015,3,1,1,1.0,6.0,60465,M,4955600.0,220800.0,60
201100000933,11,1,1,315,3,1,1,1.0,6.0,60134,M,,,60
201100000934,11,1,17,2300,3,1,1,1.0,7.0,60524,M,,,60
201100000935,11,2,7,1615,1,2,1,1.0,6.0,60134,M,0.0,0.0,60
201100000936,11,2,27,230,5,2,1,1.0,6.0,60342,M,0.0,0.0,60
201100000937,11,5,28,1945,1,2,1,1.0,2.0,60134,M,4932800.0,244900.0,60
201100000938,11,8,23,1530,1,1,1,1.0,2.0,60409,M,0.0,0.0,60
201100000939,11,10,28,2030,3,1,1,1.0,2.0,60134,M,4932700.0,243700.0,60
201100000940,11,11,20,1530,1,2,1,5.0,5.0,60581,M,0.0,0.0,60
201100000941,11,12,9,1815,3,2,1,2.0,1.0,60014,M,0.0,0.0,60
201100000942,11,6,19,1830,1,1,1,8.0,3.0,60120,M,0.0,0.0,60
201100000943,11,7,23,1345,1,1,1,2.0,7.0,60451,M,,,60
201100000944,11,9,18,1700,1,1,2,1.0,3.0,60116,M,0.0,0.0,60
201100000945,11,12,3,330,3,1,1,1.0,7.0,60015,M,0.0,0.0,60
201100000946,11,1,8,1745,5,1,2,2.0,3.0,60308,M,0.0,0.0,60
201100000947,11,1,10,545,1,1,1,9.0,7.0,60158,M,4956400.0,255300.0,60
201100000948,11,3,7,1730,1,1,1,1.0,3.0,60468,M,4950500.0,234500.0,60
201100000949,11,4,7,1745,1,2,1,1.0,4.0,60581,M,4951100.0,244200.0,60
201100000950,11,8,7,1945,1,2,1,1.0,6.0,60364,M,0.0,0.0,60
201100000951,11,8,11,730,1,2,3,1.0,3.0,60456,M,4948700.0,257600.0,60
201100000952,11,9,5,745,1,1,1,1.0,5.0,60498,M,4951200.0,245400.0,60
201100000953,11,9,5,1515,1,2,1,1.0,6.0,60581,M,4950900.0,243400.0,60
201100000954,11,11,22,815,3,1,1,5.0,1.0,60556,M,4960800.0,252600.0,60
201100000955,11,11,24,1545,1,1,1,2.0,1.0,60495,M,0.0,0.0,60
201100000956,11,12,2,1645,2,2,2,1.0,1.0,60456,M,0.0,0.0,60
201100000957,11,12,12,1645,1,1,2,9.0,3.0,60701,M,4954000.0,238500.0,60
201100000958,11,12,7,1545,1,1,1,8.0,5.0,60491,M,4939300.0,288900.0,60
201100000959,11,11,6,230,5,2,1,1.0,7.0,60392,M,4949900.0,286100.0,60
201100000960,11,11,23,1030,1,1,1,5.0,1.0,60150,M,0.0,0.0,60
201100000961,11,1,3,1830,3,1,2,1.0,5.0,60647,M,0.0,0.0,60
201100000962,11,1,28,1800,3,1,1,1.0,1.0,60368,M,0.0,0.0,60
201100000963,11,1,25,1600,1,2,1,8.0,1.0,60636,M,4947300.0,286500.0,60
201100000964,11,2,1,2100,3,1,1,9.0,5.0,60156,M,0.0,0.0,60
201100000965,11,2,2,1700,1,1,1,1.0,1.0,60501,M,0.0,0.0,60
201100000966,11,2,12,300,5,1,1,1.0,6.0,60636,M,0.0,0.0,60
201100000967,11,3,9,1230,1,1,1,1.0,6.0,60423,M,4948800.0,290300.0,60
201100000968,11,4,29,1615,1,2,2,1.0,3.0,60072,M,4941700.0,308000.0,60
201100000969,11,5,10,1145,1,2,1,1.0,3.0,60636,M,0.0,0.0,60
201100000970,11,5,19,1645,1,2,1,8.0,1.0,60064,M,4942100.0,301200.0,60
201100000971,11,5,23,2030,2,2,1,1.0,6.0,60188,M,0.0,0.0,60
201100000972,11,6,30,1030,1,1,1,1.0,3.0,60534,M,0.0,0.0,60
201100000973,11,7,5,1600,1,1,1,1.0,3.0,60392,M,4949000.0,286700.0,60
201100000974,11,7,30,330,3,1,1,1.0,6.0,60070,M,4946300.0,281600.0,60
201100000975,11,8,1,945,1,2,1,1.0,6.0,60129,M,0.0,0.0,60
201100000976,11,9,3,1745,1,2,2,1.0,2.0,60636,M,0.0,0.0,60
201100000977,11,9,13,2000,3,1,1,1.0,5.0,60150,M,0.0,0.0,60