Num_Acc,an,mois,jour,hrmn,lum,agg,int,atm,col,com,gps,lat,long,dep
201100000978,11,9,17,1245,1,2,1,1.0,6.0,60188,M,0.0,0.0,60
201100000979,11,12,18,915,1,1,1,1.0,6.0,60534,M,4941400.0,293600.0,60
201100000980,11,12,24,1130,1,2,6,1.0,3.0,60151,M,0.0,0.0,60
201100000981,11,12,30,1145,1,2,1,1.0,5.0,60537,M,4951400.0,292200.0,60
201100000982,11,4,7,1715,1,1,1,1.0,7.0,60402,M,0.0,0.0,60
201100000983,11,4,14,445,3,1,1,1.0,2.0,60369,M,4935900.0,273000.0,60
201100000984,11,5,18,1630,1,1,4,1.0,3.0,60369,M,0.0,0.0,60
201100000985,11,9,10,1630,1,1,1,1.0,2.0,60338,M,0.0,0.0,60
201100000986,11,11,30,1930,3,1,1,1.0,6.0,60338,M,0.0,0.0,60
201100000987,11,1,5,1430,1,2,1,1.0,1.0,60149,M,4935000.0,268700.0,60
201100000988,11,2,7,1515,1,1,1,7.0,1.0,60386,M,0.0,0.0,60
201100000989,11,3,28,1515,1,1,1,1.0,1.0,60125,M,0.0,0.0,60
201100000990,11,4,7,2130,3,1,1,1.0,6.0,60441,M,0.0,0.0,60
201100000991,11,4,28,1400,1,2,1,2.0,3.0,60441,M,0.0,0.0,60
201100000992,11,5,1,700,1,1,6,1.0,6.0,60191,M,4954900.0,270500.0,60
201100000993,11,5,7,15,3,1,1,1.0,6.0,60223,M,0.0,0.0,60
201100000994,11,6,30,900,1,1,2,1.0,3.0,60351,M,4955000.0,268500.0,60
201100000995,11,7,2,1130,1,1,1,7.0,7.0,60689,M,0.0,0.0,60
201100000996,11,7,13,845,1,1,1,2.0,1.0,60531,M,0.0,0.0,60
201100000997,11,8,9,2330,3,1,1,1.0,6.0,60191,M,0.0,0.0,60
201100000998,11,9,16,1130,1,2,1,2.0,6.0,60533,M,0.0,0.0,60
201100000999,11,9,29,1800,1,1,1,7.0,7.0,60533,M,0.0,0.0,60
201100001000,11,10,9,1130,1,1,2,3.0,3.0,60019,M,0.0,0.0,60
201100001001,11,11,12,2245,3,1,1,1.0,6.0,60533,M,0.0,0.0,60
201100001002,11,12,1,1845,5,2,1,1.0,6.0,60125,M,0.0,0.0,60
201100001003,11,12,4,1415,1,1,1,2.0,1.0,60337,M,0.0,0.0,60
201100001004,11,12,12,1330,1,1,1,1.0,1.0,60383,M,0.0,0.0,60
201100001005,11,11,3,1815,3,1,1,2.0,1.0,60062,M,4967200.0,305900.0,60
201100001006,11,11,5,1000,1,1,1,1.0,3.0,60181,M,0.0,0.0,60
201100001007,11,1,14,1745,5,2,1,2.0,3.0,60471,M,0.0,0.0,60
201100001008,11,2,22,1600,1,2,3,1.0,1.0,60603,M,0.0,0.0,60
201100001009,11,2,24,1700,1,1,1,1.0,2.0,60610,M,4956100.0,299200.0,60
201100001010,11,3,13,1030,1,1,1,1.0,6.0,60287,M,0.0,0.0,60
201100001011,11,3,13,1930,3,1,1,1.0,3.0,60488,M,4958300.0,299700.0,60
201100001012,11,3,18,1830,1,1,1,1.0,1.0,60011,M,0.0,0.0,60
201100001013,11,5,6,30,3,1,1,1.0,6.0,60471,M,0.0,0.0,60
201100001014,11,5,7,400,3,1,1,1.0,6.0,60410,M,4960500.0,313000.0,60
201100001015,11,5,23,615,1,1,1,1.0,6.0,60132,M,0.0,0.0,60
201100001016,11,5,31,615,2,1,1,1.0,7.0,60488,M,4955700.0,296300.0,60
201100001017,11,6,16,1315,1,2,1,1.0,6.0,60471,M,0.0,0.0,60
201100001018,11,7,8,2130,1,1,1,1.0,6.0,60471,M,0.0,0.0,60
201100001019,11,7,28,2230,5,2,1,1.0,6.0,60632,M,0.0,0.0,60
201100001020,11,8,19,315,3,1,1,1.0,3.0,60189,M,0.0,0.0,60
201100001021,11,10,21,1030,1,1,1,1.0,1.0,60558,M,0.0,0.0,60
201100001022,11,3,25,1000,1,2,6,1.0,6.0,60612,M,0.0,0.0,60
201100001023,11,4,7,1600,1,2,1,1.0,6.0,60612,M,0.0,0.0,60
201100001024,11,4,20,1745,1,1,1,1.0,6.0,60612,M,0.0,0.0,60
201100001025,11,4,20,1230,1,1,1,1.0,1.0,60022,M,0.0,0.0,60
201100001026,11,5,25,1945,1,2,1,1.0,6.0,60612,M,0.0,0.0,60
201100001027,11,7,16,1900,1,1,1,3.0,6.0,60612,M,0.0,0.0,60
201100001028,11,8,16,2000,1,2,2,1.0,3.0,60612,M,0.0,0.0,60
201100001029,11,10,1,1700,1,1,1,1.0,7.0,60475,M,0.0,0.0,60
201100001030,11,10,19,1115,1,1,1,1.0,6.0,60138,M,0.0,0.0,60
201100001031,11,1,29,1445,1,2,1,8.0,5.0,60212,M,0.0,0.0,60
201100001032,11,3,4,1215,1,2,1,1.0,6.0,60398,M,0.0,0.0,60
201100001033,11,4,25,1015,1,1,1,7.0,3.0,60212,M,0.0,0.0,60
201100001034,11,6,6,1445,1,1,1,8.0,6.0,60060,M,0.0,0.0,60
201100001035,11,11,29,1730,3,1,1,2.0,1.0,60139,M,0.0,0.0,60
201100001036,11,2,23,2015,3,2,1,3.0,6.0,60282,M,0.0,0.0,60
201100001037,11,3,17,1530,1,1,1,1.0,6.0,60346,M,4917300.0,244900.0,60
201100001038,11,3,24,1700,1,2,1,1.0,4.0,60141,M,0.0,0.0,60
201100001039,11,4,1,1200,1,2,1,1.0,6.0,60346,M,0.0,0.0,60
201100001040,11,4,23,1030,1,1,1,1.0,7.0,60282,M,4920600.0,243800.0,60
201100001041,11,4,26,1545,1,2,2,1.0,3.0,60282,M,4918800.0,241400.0,60
201100001042,11,5,20,2115,1,2,1,1.0,7.0,60346,M,4916700.0,244200.0,60
201100001043,11,6,24,930,1,1,2,1.0,3.0,60695,M,4920300.0,252300.0,60
201100001044,11,9,3,1030,1,2,1,1.0,7.0,60346,M,0.0,0.0,60
201100001045,11,9,10,1,3,2,1,1.0,6.0,60141,M,0.0,0.0,60
201100001046,11,10,13,1100,1,2,1,8.0,6.0,60346,M,0.0,0.0,60
201100001047,11,10,19,1745,1,2,1,1.0,1.0,60141,M,4918600.0,244400.0,60
201100001048,11,1,18,1845,3,2,1,8.0,1.0,60589,M,0.0,0.0,60
201100001049,11,1,31,1700,1,1,1,1.0,5.0,60589,M,0.0,0.0,60
201100001050,11,2,2,745,1,2,1,9.0,1.0,60670,M,0.0,0.0,60
201100001051,11,2,28,2100,5,1,6,1.0,1.0,60589,M,0.0,0.0,60
201100001052,11,4,23,1815,1,2,1,1.0,1.0,60670,M,0.0,0.0,60
201100001053,11,5,19,1130,1,1,1,1.0,1.0,60589,M,0.0,0.0,60
201100001054,11,5,19,1645,1,2,3,1.0,3.0,60589,M,0.0,0.0,60
201100001055,11,7,1,1915,1,1,6,1.0,5.0,60589,M,0.0,0.0,60
201100001056,11,7,16,830,1,1,6,1.0,3.0,60589,M,0.0,0.0,60
201100001057,11,9,27,1600,1,2,1,1.0,3.0,60238,M,0.0,0.0,60
201100001058,11,1,13,1315,1,2,6,1.0,7.0,60176,M,0.0,0.0,60
201100001059,11,2,23,1845,5,2,3,3.0,6.0,60176,M,0.0,0.0,60
201100001060,11,5,7,1600,1,1,1,1.0,7.0,60618,M,0.0,0.0,60
201100001061,11,5,28,2310,3,1,1,1.0,7.0,60358,M,4919600.0,290600.0,60
201100001062,11,7,15,1745,1,1,1,1.0,1.0,60176,M,0.0,0.0,60
201100001063,11,9,5,945,1,1,1,8.0,1.0,60561,M,0.0,0.0,60
201100001064,11,1,10,415,3,1,1,1.0,1.0,60446,M,0.0,0.0,60
201100001065,11,2,1,2230,3,1,1,9.0,1.0,60489,M,0.0,0.0,60
201100001066,11,2,17,845,1,1,1,1.0,1.0,60446,M,0.0,0.0,60
201100001067,11,3,24,730,1,2,1,1.0,1.0,60422,M,0.0,0.0,60
201100001068,11,3,26,315,3,1,1,1.0,7.0,60226,M,0.0,0.0,60
201100001069,11,4,6,830,1,1,1,1.0,6.0,60213,M,4913600.0,269100.0,60
201100001070,11,4,12,730,1,1,1,1.0,3.0,60489,M,4916400.0,284900.0,60
201100001071,11,4,12,2330,3,1,1,1.0,3.0,60446,M,0.0,0.0,60
201100001072,11,4,22,2245,3,1,3,1.0,3.0,60079,M,0.0,0.0,60
201100001073,11,5,9,430,3,1,1,1.0,6.0,60619,M,4912300.0,277900.0,60
201100001074,11,5,12,330,3,1,1,1.0,6.0,60446,M,4916300.0,281600.0,60
201100001075,11,5,28,315,3,1,1,1.0,1.0,60619,M,0.0,0.0,60
201100001076,11,8,23,1830,1,1,1,1.0,7.0,60226,M,0.0,0.0,60
201100001077,11,8,5,1430,1,1,4,1.0,1.0,60446,M,4915000.0,282100.0,60
201100001078,11,10,13,1630,1,1,1,1.0,1.0,60213,M,0.0,0.0,60
201100001079,11,10,21,1745,1,1,1,1.0,3.0,60489,M,0.0,0.0,60
201100001080,11,11,3,745,2,1,1,8.0,5.0,60671,M,0.0,0.0,60
201100001081,11,11,27,830,1,1,1,1.0,1.0,60087,M,0.0,0.0,60
201100001082,11,12,5,1130,1,1,1,1.0,4.0,60241,M,4916000.0,266500.0,60
201100001083,11,12,9,1415,1,1,1,1.0,1.0,60213,M,0.0,0.0,60
201100001084,11,12,12,1745,3,1,1,1.0,5.0,60500,M,0.0,0.0,60
201100001085,11,12,20,1145,1,1,1,1.0,6.0,60671,M,4916100.0,276400.0,60
201100001086,11,1,8,1530,1,2,3,1.0,3.0,60509,M,4930900.0,260800.0,60
201100001087,11,2,1,800,2,2,3,1.0,6.0,60508,M,0.0,0.0,60
201100001088,11,2,8,2015,5,2,1,1.0,6.0,60578,M,0.0,0.0,60
201100001089,11,3,9,2015,4,2,1,1.0,6.0,60068,M,4930000.0,280000.0,60
201100001090,11,3,26,1515,1,2,1,1.0,2.0,60509,M,0.0,0.0,60
201100001091,11,5,8,1100,1,2,1,7.0,3.0,60509,M,0.0,0.0,60
201100001092,11,5,16,530,2,1,1,1.0,6.0,60680,M,4927000.0,267200.0,60
201100001093,11,8,2,2245,3,1,1,2.0,1.0,60509,M,4929300.0,260500.0,60
201100001094,11,8,18,815,1,2,1,1.0,1.0,60509,M,4931100.0,257900.0,60
201100001095,11,9,7,630,3,1,1,1.0,1.0,60541,M,0.0,0.0,60
201100001096,11,9,20,930,1,2,1,1.0,6.0,60509,M,0.0,0.0,60
201100001097,11,9,20,1415,1,1,1,1.0,5.0,60509,M,0.0,0.0,60
201100001098,11,10,27,1330,1,2,1,1.0,6.0,60509,M,0.0,0.0,60
201100001099,11,12,9,930,1,2,1,9.0,3.0,60509,M,4950200.0,200800.0,60
201100001100,11,12,31,1245,1,1,1,2.0,3.0,60272,M,4931600.0,289200.0,60
201100001101,11,1,26,1215,1,1,2,1.0,3.0,76503,M,4954010.0,100933.0,76
201100001102,11,2,3,1845,3,1,1,1.0,7.0,76541,M,4949330.0,96358.0,76
201100001103,11,5,1,1845,1,1,1,1.0,6.0,76541,M,4950980.0,98454.0,76
201100001104,11,5,17,2300,3,1,1,1.0,6.0,76728,M,4947960.0,101340.0,76
201100001105,11,6,2,1130,1,1,2,1.0,3.0,76367,M,4951870.0,110841.0,76
201100001106,11,7,14,500,3,1,1,1.0,7.0,76367,M,4950060.0,110776.0,76
201100001107,11,9,3,415,3,1,1,1.0,6.0,76541,M,4949950.0,97781.0,76
201100001108,11,10,17,1630,1,1,1,1.0,1.0,76594,M,4950521.0,100232.0,76
201100001109,11,1,13,1745,5,2,1,2.0,6.0,76179,M,4960040.0,111297.0,76
201100001110,11,3,3,745,2,1,1,1.0,3.0,76517,M,4952210.0,116609.0,76
201100001111,11,4,6,1845,1,1,1,1.0,1.0,76271,M,0.0,0.0,76
201100001112,11,4,16,1630,1,1,1,1.0,6.0,76271,M,4956920.0,116132.0,76
201100001113,11,5,2,2000,1,1,1,1.0,7.0,76105,M,4961750.0,105257.0,76
201100001114,11,6,5,1430,1,2,1,8.0,6.0,76271,M,4955740.0,115197.0,76
201100001115,11,7,12,1815,1,1,1,8.0,7.0,76179,M,4960030.0,113265.0,76
201100001116,11,9,3,1000,1,2,1,1.0,6.0,76369,M,4962394.0,109135.0,76
201100001117,11,9,11,1730,1,1,1,1.0,1.0,76452,M,4953660.0,106191.0,76
201100001118,11,9,27,1345,1,2,1,1.0,2.0,76377,M,4949970.0,115386.0,76
201100001119,11,10,7,1930,2,1,1,1.0,1.0,76245,M,4955251.0,105353.0,76
201100001120,11,3,3,1530,1,1,1,1.0,6.0,76562,M,4986930.0,119888.0,76
201100001121,11,3,22,730,1,1,1,1.0,7.0,76054,M,4991370.0,136422.0,76
201100001122,11,9,29,1030,1,1,3,1.0,1.0,76562,M,4987625.0,115687.0,76
201100001123,11,9,16,1615,1,2,1,1.0,6.0,76624,M,4987928.0,121897.0,76
201100001124,11,3,30,1645,1,1,1,2.0,1.0,76482,M,4987000.0,106307.0,76
201100001125,11,4,27,1245,1,1,2,1.0,1.0,76133,M,4987210.0,92327.0,76
201100001126,11,5,8,1615,1,1,1,1.0,7.0,76334,M,4985000.0,95846.0,76
201100001127,11,8,29,815,1,1,1,1.0,3.0,76698,M,4981609.0,116362.0,76
201100001128,11,9,2,2000,2,1,3,1.0,3.0,76549,M,4975207.0,92763.0,76
201100001129,11,9,3,1230,1,1,1,1.0,7.0,76170,M,4981749.0,114977.0,76
201100001130,11,10,5,845,1,2,1,1.0,1.0,76184,M,4985056.0,103755.0,76
201100001131,11,11,6,130,3,1,1,1.0,2.0,76380,M,4979836.0,97419.0,76
201100001132,11,11,27,1415,1,1,1,1.0,7.0,76168,M,4976858.0,114885.0,76
201100001133,11,3,21,1645,1,1,1,1.0,2.0,76700,M,4967180.0,103821.0,76
201100001134,11,4,19,1000,1,1,1,1.0,2.0,76602,M,4967570.0,110513.0,76
201100001135,11,4,23,400,3,1,1,1.0,7.0,76096,M,4973170.0,106464.0,76
201100001136,11,4,28,1345,1,1,1,1.0,2.0,76700,M,4968560.0,103831.0,76
201100001137,11,5,6,1215,1,2,1,1.0,6.0,76632,M,4974000.0,97001.0,76
201100001138,11,12,17,1500,1,2,1,4.0,1.0,76034,M,4971445.0,111185.0,76
201100001139,11,12,20,715,3,1,1,9.0,1.0,76321,M,4979180.0,121547.0,76
201100001140,11,2,11,700,3,1,3,2.0,1.0,76069,M,4937390.0,112608.0,76
201100001141,11,3,20,2115,3,1,1,1.0,7.0,76464,M,4939930.0,123916.0,76
201100001142,11,5,19,800,1,1,2,1.0,3.0,76464,M,4938520.0,125385.0,76
201100001143,11,7,21,1700,1,2,1,1.0,3.0,76475,M,4940370.0,117196.0,76
201100001144,11,9,26,1915,1,2,1,1.0,6.0,76069,M,4937600.0,112573.0,76
201100001145,11,3,5,945,1,1,1,1.0,1.0,76022,M,4952880.0,64716.0,76
201100001146,11,3,15,1615,1,2,1,1.0,2.0,76222,M,4949400.0,87199.0,76
201100001147,11,3,20,1530,1,1,2,1.0,3.0,76020,M,4945670.0,91171.0,76
201100001148,11,4,5,1745,1,1,1,1.0,1.0,76750,M,4945770.0,82032.0,76
201100001149,11,4,14,1445,1,1,1,1.0,1.0,76659,M,4953660.0,75412.0,76
201100001150,11,4,20,300,4,1,1,1.0,1.0,76709,M,4946940.0,81698.0,76
201100001151,11,6,18,1630,1,2,1,1.0,6.0,76709,M,4947790.0,81355.0,76
201100001152,11,7,3,1300,1,2,1,1.0,2.0,76222,M,4947880.0,86949.0,76
201100001153,11,7,6,2330,5,2,1,1.0,6.0,76636,M,4950500.0,93900.0,76
201100001154,11,7,10,500,2,1,1,1.0,7.0,76659,M,4956760.0,75491.0,76
201100001155,11,8,1,1815,1,1,3,1.0,3.0,76222,M,4949430.0,85982.0,76
201100001156,11,8,4,745,1,1,1,1.0,3.0,76022,M,4952970.0,62981.0,76
201100001157,11,10,6,800,2,1,1,2.0,6.0,76401,M,4942720.0,79107.0,76
201100001158,11,10,8,15,3,1,3,2.0,3.0,76418,M,4956300.0,72308.0,76
201100001159,11,12,9,1545,2,1,1,2.0,5.0,76631,M,4950550.0,89822.0,76
201100001160,11,12,15,745,3,1,1,2.0,5.0,76636,M,4950017.0,94436.0,76
201100001161,11,1,8,1830,3,1,1,1.0,3.0,76224,M,4962810.0,32196.0,76
201100001162,11,1,30,630,3,1,1,1.0,6.0,76741,M,4965770.0,24459.0,76
201100001163,11,3,25,1200,1,1,1,1.0,5.0,76141,M,4962800.0,40734.0,76
201100001164,11,6,15,1845,1,1,1,1.0,1.0,76390,M,4965860.0,24623.0,76
201100001165,11,7,7,445,2,2,1,1.0,3.0,76390,M,4970010.0,26645.0,76
201100001166,11,8,15,1645,1,1,2,1.0,3.0,76716,M,4961739.0,23994.0,76
201100001167,11,10,4,1845,2,1,4,7.0,3.0,76501,M,4968062.0,23254.0,76
201100001168,11,10,16,1815,2,1,2,1.0,3.0,76734,M,4961633.0,28525.0,76
201100001169,11,10,17,1830,1,2,1,1.0,1.0,76693,M,4968981.0,20633.0,76
201100001170,11,10,22,1645,1,1,1,1.0,1.0,76224,M,4964648.0,30595.0,76
201100001171,11,12,4,1245,1,1,2,2.0,3.0,76508,M,4966691.0,19517.0,76
201100001172,11,12,17,1600,1,1,1,8.0,1.0,76224,M,4964625.0,30809.0,76
201100001173,11,12,27,1015,1,2,1,7.0,6.0,76302,M,4964558.0,36867.0,76
201100001174,11,1,12,1845,3,1,1,2.0,1.0,76471,M,4947820.0,61506.0,76
201100001175,11,3,13,230,5,1,2,1.0,3.0,76279,M,4961270.0,59275.0,76
201100001176,11,4,8,2200,3,1,1,1.0,2.0,76281,M,4951630.0,56625.0,76
201100001177,11,4,9,1630,1,1,2,1.0,3.0,76080,M,4965000.0,63200.0,76
201100001178,11,5,12,1630,1,1,1,1.0,3.0,76388,M,4955380.0,57227.0,76
201100001179,11,6,19,1145,1,2,1,1.0,3.0,76002,M,4960560.0,62757.0,76
201100001180,11,8,2,330,3,1,1,1.0,7.0,76627,M,4949812.0,47638.0,76
201100001181,11,8,19,945,1,1,1,1.0,6.0,76576,M,4954932.0,43562.0,76
201100001182,11,9,28,1500,1,1,1,1.0,1.0,76281,M,4952407.0,58094.0,76
201100001183,11,10,25,1145,1,1,1,1.0,6.0,76518,M,4958972.0,51301.0,76
201100001184,11,11,13,300,3,1,1,1.0,7.0,76710,M,4966087.0,51235.0,76
201100001185,11,2,10,800,2,1,3,1.0,1.0,76489,M,4948630.0,28356.0,76
201100001186,11,6,1,315,3,1,1,1.0,6.0,76250,M,4956980.0,30453.0,76
201100001187,11,7,3,1530,1,2,1,1.0,3.0,76489,M,4948260.0,33301.0,76
201100001188,11,7,4,1415,1,1,1,1.0,1.0,76647,M,4951730.0,38057.0,76
201100001189,11,8,2,845,1,1,2,1.0,3.0,76660,M,4947340.0,30631.0,76
201100001190,11,10,13,715,1,1,3,2.0,3.0,76533,M,4947658.0,25510.0,76
201100001191,11,11,3,1530,1,1,2,1.0,3.0,76657,M,4948430.0,35748.0,76
201100001192,11,11,29,1915,5,2,1,3.0,7.0,76489,M,4949462.0,28523.0,76
201100001193,11,3,20,1600,1,2,1,1.0,6.0,76462,M,4973690.0,143542.0,76
201100001194,11,4,23,1400,1,2,1,1.0,5.0,76454,M,4975380.0,154706.0,76
201100001195,11,7,8,30,3,1,1,2.0,7.0,76320,M,0.0,0.0,76
201100001196,11,7,17,1030,1,1,1,6.0,6.0,76512,M,4987970.0,145511.0,76
201100001197,11,10,23,1915,2,1,1,1.0,7.0,76244,M,4970422.0,136651.0,76
201100001198,11,10,29,1800,1,1,3,1.0,3.0,76244,M,4969948.0,136174.0,76
201100001199,11,11,25,1500,1,1,1,1.0,6.0,76620,M,4975306.0,142101.0,76
201100001200,11,11,25,1745,2,1,1,1.0,5.0,76462,M,4974067.0,144219.0,76
201100001201,11,12,22,2300,3,1,1,1.0,6.0,76649,M,4968440.0,150146.0,76
201100001202,11,1,2,1230,1,1,3,1.0,1.0,76441,M,4993740.0,159681.0,76
201100001203,11,4,15,1730,5,2,1,1.0,1.0,76101,M,4993110.0,162849.0,76
201100001204,11,5,2,445,3,2,4,1.0,1.0,76441,M,4995650.0,158314.0,76
201100001205,11,5,22,645,1,1,1,1.0,7.0,76520,M,4988520.0,160436.0,76
201100001206,11,5,29,1845,1,1,1,1.0,3.0,76344,M,4975640.0,170717.0,76
201100001207,11,7,1,2330,3,1,1,1.0,6.0,76344,M,4974600.0,173099.0,76
201100001208,11,8,4,915,1,2,2,1.0,3.0,76035,M,4977598.0,175448.0,76
201100001209,11,12,3,1830,3,1,1,2.0,6.0,76344,M,4972557.0,169985.0,76
201100001210,11,12,8,900,1,1,1,1.0,6.0,76344,M,4975855.0,171454.0,76
201100001211,11,1,5,745,2,2,1,1.0,6.0,76276,M,4961280.0,154555.0,76
201100001212,11,4,16,1415,1,2,1,1.0,6.0,76672,M,4963060.0,153792.0,76
201100001213,11,8,28,1930,1,1,1,1.0,1.0,76277,M,4960089.0,157036.0,76
201100001214,11,11,10,1615,1,1,1,1.0,1.0,76417,M,4967752.0,134557.0,76
201100001215,11,11,17,1800,3,1,1,1.0,6.0,76461,M,4965240.0,136534.0,76
201100001216,11,12,5,1430,1,1,1,4.0,6.0,76295,M,4963829.0,161072.0,76
201100001217,11,2,7,1045,1,1,1,1.0,6.0,76201,M,4945790.0,140571.0,76
201100001218,11,2,8,1315,1,1,1,1.0,6.0,76260,M,4946310.0,175662.0,76
201100001219,11,4,12,930,1,1,1,1.0,2.0,76067,M,4949100.0,161300.0,76
201100001220,11,6,25,1915,1,1,2,1.0,3.0,76067,M,4946470.0,158379.0,76
201100001221,11,7,2,1415,1,1,1,1.0,6.0,76208,M,4950530.0,170867.0,76
201100001222,11,9,10,415,3,1,1,1.0,6.0,76208,M,4950644.0,166886.0,76
201100001223,11,10,3,1015,1,2,1,1.0,3.0,76312,M,4948501.0,170425.0,76
201100001224,11,10,7,1530,1,1,2,1.0,1.0,76450,M,4944826.0,166733.0,76
201100001225,11,1,16,615,3,1,1,1.0,6.0,76718,M,4961450.0,67535.0,76
201100001226,11,3,7,830,1,2,1,7.0,6.0,76758,M,4961320.0,76343.0,76
201100001227,11,4,3,800,1,1,1,8.0,1.0,76610,M,4962180.0,79052.0,76
201100001228,11,11,2,1700,1,2,2,1.0,3.0,76758,M,4961641.0,74989.0,76
201100001229,11,1,10,1630,1,2,1,1.0,3.0,76057,M,4954290.0,95647.0,76
201100001230,11,3,21,1630,1,1,1,1.0,3.0,76149,M,4960850.0,101477.0,76
201100001231,11,6,19,1630,1,2,1,1.0,7.0,76057,M,4955350.0,94045.0,76
201100001232,11,8,7,1530,1,2,1,1.0,7.0,76289,M,4956374.0,82680.0,76
201100001233,11,8,28,615,1,2,1,1.0,6.0,76495,M,4957253.0,94434.0,76
201100001234,11,12,11,2130,3,1,1,3.0,1.0,76057,M,4953149.0,96297.0,76
201100001235,11,4,19,1830,1,1,1,1.0,3.0,36119,M,4660740.0,94317.0,36
201100001236,11,2,6,1230,1,1,3,1.0,3.0,76151,M,4983550.0,73440.0,76
201100001237,11,2,16,1615,1,1,1,1.0,1.0,76040,M,4978390.0,86983.0,76
201100001238,11,2,25,1515,1,1,1,1.0,3.0,76664,M,4979490.0,66316.0,76
201100001239,11,6,30,1630,1,1,1,1.0,6.0,76159,M,4976990.0,64010.0,76
201100001240,11,8,26,800,1,2,1,1.0,7.0,76159,M,4978576.0,63126.0,76
201100001241,11,9,30,230,3,1,1,1.0,6.0,76015,M,4983845.0,82875.0,76
201100001242,11,11,7,1745,2,1,1,2.0,1.0,76272,M,4981630.0,86334.0,76
201100001243,11,11,14,1515,1,1,1,1.0,2.0,76646,M,4980916.0,66826.0,76
201100001244,11,11,18,1730,2,1,1,1.0,1.0,76172,M,4986550.0,85921.0,76
201100001245,11,11,26,430,3,1,1,1.0,6.0,76655,M,4985538.0,73006.0,76
201100001246,11,1,30,1,3,1,1,1.0,7.0,76386,M,4969170.0,50795.0,76
201100001247,11,2,3,2145,3,1,1,6.0,1.0,76013,M,4977730.0,49151.0,76
201100001248,11,2,7,815,1,1,1,1.0,7.0,76663,M,4977970.0,54294.0,76
201100001249,11,2,27,1730,1,2,1,1.0,6.0,76755,M,4969510.0,53041.0,76
201100001250,11,5,3,1015,1,1,1,1.0,7.0,76587,M,4975930.0,45869.0,76
201100001251,11,5,22,1830,1,2,1,1.0,1.0,76013,M,4977600.0,52044.0,76
201100001252,11,7,3,300,5,2,1,1.0,6.0,76291,M,4972210.0,33199.0,76
201100001253,11,7,13,2045,2,1,1,1.0,2.0,76708,M,4974600.0,41046.0,76
201100001254,11,7,26,100,3,1,1,1.0,6.0,76300,M,4969780.0,31624.0,76
201100001255,11,8,19,1700,1,1,2,7.0,3.0,76013,M,4977784.0,50118.0,76
201100001256,11,10,13,1745,1,1,2,1.0,3.0,76187,M,4972771.0,43679.0,76
201100001257,11,12,13,1845,3,1,1,3.0,6.0,76685,M,4976795.0,52073.0,76
201100001258,11,1,12,1200,1,1,2,2.0,3.0,76692,M,4969930.0,63119.0,76
201100001259,11,1,14,1930,3,1,1,2.0,2.0,76340,M,4971900.0,76362.0,76
201100001260,11,4,24,1715,1,2,9,7.0,6.0,76752,M,4966280.0,88321.0,76
201100001261,11,4,24,1600,1,2,1,7.0,1.0,76483,M,4972450.0,67419.0,76
201100001262,11,5,13,945,1,2,1,1.0,6.0,76752,M,4966920.0,89952.0,76
201100001263,11,5,15,2115,1,1,3,1.0,2.0,76144,M,4976120.0,88136.0,76
201100001264,11,6,29,1730,1,1,1,7.0,3.0,76006,M,4969970.0,82074.0,76
201100001265,11,7,10,1600,1,2,1,7.0,1.0,76348,M,4968100.0,73500.0,76
201100001266,11,8,25,1430,1,2,1,1.0,2.0,76219,M,4971153.0,79186.0,76
201100001267,11,11,18,1115,1,1,2,7.0,3.0,76348,M,4968001.0,75555.0,76
201100001268,11,11,20,1515,1,1,1,1.0,3.0,76219,M,4971284.0,79568.0,76
201100001269,11,11,27,1600,2,2,2,1.0,2.0,76219,M,4971749.0,78899.0,76
201100001270,11,12,1,1500,1,2,1,2.0,6.0,76219,M,4973741.0,77814.0,76
201100001271,11,12,4,230,3,1,1,2.0,6.0,76219,M,4974943.0,78859.0,76
201100001272,11,12,17,1215,1,1,1,4.0,1.0,76456,M,4961830.0,85056.0,76
201100001273,11,1,22,1330,1,1,1,9.0,1.0,27678,M,4894550.0,105072.0,27
201100001274,11,1,26,2015,5,2,1,2.0,6.0,27678,M,4895730.0,108281.0,27
201100001275,11,2,19,1100,1,1,3,3.0,1.0,27535,M,4899490.0,96017.0,27
201100001276,11,2,19,1615,1,1,1,2.0,7.0,27044,M,4896920.0,107594.0,27
201100001277,11,2,24,1945,5,1,1,1.0,1.0,27306,M,4897650.0,119304.0,27
201100001278,11,3,19,1030,1,1,2,1.0,1.0,27464,M,4896200.0,113435.0,27
201100001279,11,4,13,915,1,2,1,1.0,6.0,27165,M,4896770.0,93909.0,27
201100001280,11,5,3,830,1,1,1,1.0,1.0,27165,M,4896350.0,91655.0,27
201100001281,11,6,22,1815,1,1,1,1.0,7.0,27242,M,4893080.0,80862.0,27
201100001282,11,7,23,1730,1,1,1,1.0,7.0,27451,M,4903930.0,108572.0,27
201100001283,11,8,22,1900,1,2,1,3.0,1.0,27020,M,4900350.0,111223.0,27
201100001284,11,8,29,430,3,1,1,1.0,1.0,27282,M,4904900.0,106397.0,27
201100001285,11,9,2,400,3,2,6,1.0,7.0,27602,M,4901130.0,110083.0,27