Num_Acc,an,mois,jour,hrmn,lum,agg,int,atm,col,com,gps,lat,long,dep
201100001286,11,11,2,1730,3,1,2,1.0,3.0,27082,M,4899970.0,103506.0,27
201100001287,11,11,12,1,3,2,1,1.0,2.0,27306,M,4897490.0,115867.0,27
201100001288,11,11,12,1315,1,1,2,1.0,3.0,27165,M,4895740.0,95721.0,27
201100001289,11,12,7,815,2,1,1,3.0,6.0,27242,M,4894940.0,81841.0,27
201100001290,11,1,13,1030,1,2,1,1.0,3.0,27507,M,4890620.0,126983.0,27
201100001291,11,2,2,815,2,1,1,1.0,5.0,27421,M,4891010.0,134694.0,27
201100001292,11,5,7,1730,1,1,1,1.0,7.0,27621,M,4893240.0,135584.0,27
201100001293,11,6,29,1345,1,2,3,7.0,3.0,27507,M,4890430.0,126996.0,27
201100001294,11,7,7,2000,1,2,1,1.0,6.0,27301,M,4893780.0,119504.0,27
201100001295,11,7,11,1430,1,1,1,1.0,1.0,27507,M,4890670.0,127646.0,27
201100001296,11,9,22,15,4,2,1,1.0,6.0,27027,M,4890070.0,124920.0,27
201100001297,11,11,26,1600,1,2,1,1.0,6.0,27177,M,4885970.0,124180.0,27
201100001298,11,1,22,945,1,1,3,1.0,3.0,27438,M,4877200.0,116515.0,27
201100001299,11,1,21,1230,1,1,1,1.0,3.0,27634,M,4891670.0,116779.0,27
201100001300,11,2,12,1345,1,2,2,1.0,3.0,27548,M,4876770.0,125362.0,27
201100001301,11,2,22,245,3,1,1,1.0,6.0,27390,M,4884560.0,119345.0,27
201100001302,11,3,15,1315,1,1,1,1.0,6.0,27297,M,4879310.0,106371.0,27
201100001303,11,4,17,1730,1,2,3,1.0,3.0,27548,M,4876210.0,126815.0,27
201100001304,11,4,19,1745,1,1,2,1.0,5.0,27693,M,4887520.0,110046.0,27
201100001305,11,5,31,945,1,1,2,1.0,3.0,27032,M,4893590.0,116469.0,27
201100001306,11,6,16,1700,1,2,1,1.0,4.0,27198,M,4886880.0,107315.0,27
201100001307,11,7,7,130,4,2,2,1.0,2.0,27198,M,4887150.0,106831.0,27
201100001308,11,11,4,1900,3,1,2,2.0,3.0,27350,M,4881600.0,129497.0,27
201100001309,11,11,4,1900,3,1,1,2.0,7.0,27378,M,4877880.0,121687.0,27
201100001310,11,1,30,1130,1,1,1,1.0,1.0,27510,M,4900750.0,137298.0,27
201100001311,11,5,19,1915,1,1,2,1.0,1.0,27400,M,4896560.0,139759.0,27
201100001312,11,8,20,2300,3,1,1,3.0,1.0,27123,M,4901190.0,131736.0,27
201100001313,11,10,24,700,3,1,1,1.0,1.0,27448,M,4900850.0,138661.0,27
201100001314,11,10,27,1745,1,1,3,1.0,5.0,27004,M,4900910.0,141540.0,27
201100001315,11,11,10,2045,3,1,1,1.0,6.0,27076,M,4895970.0,131828.0,27
201100001316,11,11,16,1715,2,2,1,1.0,6.0,27448,M,4901510.0,138146.0,27
201100001317,11,1,5,1700,1,1,1,1.0,7.0,27068,M,4893150.0,70871.0,27
201100001318,11,1,4,1745,3,1,2,1.0,3.0,27481,M,4874070.0,88683.0,27
201100001319,11,1,29,915,1,1,1,1.0,6.0,27265,M,4878530.0,82155.0,27
201100001320,11,4,8,1730,1,2,9,1.0,6.0,27679,M,4874140.0,91957.0,27
201100001321,11,4,23,2045,1,1,1,2.0,6.0,27009,M,4883280.0,72303.0,27
201100001322,11,5,29,2030,1,1,1,1.0,6.0,27009,M,4882250.0,77437.0,27
201100001323,11,5,29,1800,1,1,2,1.0,3.0,27565,M,4888460.0,86689.0,27
201100001324,11,6,11,1345,1,1,2,1.0,3.0,27096,M,4888290.0,66891.0,27
201100001325,11,6,13,2000,1,1,1,3.0,1.0,27578,M,4880310.0,92189.0,27
201100001326,11,6,14,945,1,1,1,3.0,1.0,27427,M,4888970.0,74523.0,27
201100001327,11,7,10,215,3,2,1,1.0,7.0,27112,M,4884960.0,90641.0,27
201100001328,11,7,24,1230,1,1,1,1.0,1.0,27521,M,4870220.0,83495.0,27
201100001329,11,8,29,1745,1,1,1,1.0,4.0,27481,M,4871570.0,86217.0,27
201100001330,11,9,15,1730,1,1,2,7.0,6.0,27166,M,4884540.0,96833.0,27
201100001331,11,10,16,1845,2,1,1,1.0,1.0,27019,M,4869020.0,81777.0,27
201100001332,11,10,22,1015,1,1,2,1.0,1.0,27108,M,4874610.0,81847.0,27
201100001333,11,2,7,745,2,2,1,1.0,6.0,27016,M,4924890.0,143007.0,27
201100001334,11,2,8,2115,3,1,1,1.0,1.0,27016,M,4925330.0,147276.0,27
201100001335,11,3,4,1045,1,2,1,1.0,7.0,27016,M,4925020.0,144133.0,27
201100001336,11,6,2,1200,1,1,1,1.0,1.0,27016,M,4926560.0,142015.0,27
201100001337,11,9,9,1130,1,1,2,1.0,5.0,27329,M,4920080.0,147207.0,27
201100001338,11,9,24,2315,5,2,2,1.0,3.0,27016,M,4924910.0,141351.0,27
201100001339,11,10,18,1400,1,1,1,1.0,1.0,27625,M,4927190.0,152342.0,27
201100001340,11,11,22,1230,1,1,1,1.0,3.0,27180,M,4918880.0,136650.0,27
201100001341,11,12,9,730,3,1,2,2.0,3.0,27058,M,4922750.0,135109.0,27
201100001342,11,12,13,745,3,1,1,3.0,7.0,27635,M,4925720.0,137224.0,27
201100001343,11,1,15,430,3,1,1,1.0,6.0,27279,M,4908190.0,160844.0,27
201100001344,11,3,24,745,1,1,2,1.0,3.0,27122,M,4920720.0,158965.0,27
201100001345,11,4,15,1215,1,1,2,1.0,3.0,27122,M,4921730.0,159458.0,27
201100001346,11,5,18,1830,1,2,2,1.0,3.0,27279,M,4908790.0,160317.0,27
201100001347,11,9,22,815,1,1,2,1.0,3.0,27072,M,4909450.0,156019.0,27
201100001348,11,10,29,1630,1,1,1,1.0,7.0,27408,M,4917580.0,151387.0,27
201100001349,11,1,12,930,1,1,1,2.0,7.0,27246,M,4935480.0,134679.0,27
201100001350,11,3,11,2345,3,1,1,1.0,6.0,27672,M,4944680.0,136655.0,27
201100001351,11,3,21,1445,1,1,4,1.0,1.0,27346,M,4929900.0,135228.0,27
201100001352,11,4,2,500,3,1,1,1.0,6.0,27454,M,4943410.0,136336.0,27
201100001353,11,6,18,1845,1,1,1,3.0,5.0,27346,M,4930520.0,138590.0,27
201100001354,11,7,13,2240,3,1,1,1.0,1.0,27246,M,4935850.0,136525.0,27
201100001355,11,7,13,1915,1,2,3,1.0,3.0,27104,M,4938390.0,131476.0,27
201100001356,11,8,4,2000,2,2,1,3.0,7.0,27013,M,4929380.0,128442.0,27
201100001357,11,9,10,1900,1,2,1,1.0,6.0,27453,M,4941100.0,137065.0,27
201100001358,11,10,11,2030,3,1,1,1.0,6.0,27246,M,4936610.0,134787.0,27
201100001359,11,11,30,1745,3,2,1,1.0,1.0,27247,M,4931890.0,128888.0,27
201100001360,11,12,2,2045,3,1,1,9.0,5.0,27246,M,4935480.0,136277.0,27
201100001361,11,1,26,1825,5,2,1,1.0,6.0,27284,M,4927980.0,176753.0,27
201100001362,11,2,14,830,1,2,1,1.0,6.0,27284,M,4928230.0,177619.0,27
201100001363,11,2,16,1500,1,1,1,1.0,7.0,27633,M,4923890.0,160215.0,27
201100001364,11,2,23,1330,1,1,1,2.0,6.0,27284,M,4928030.0,179068.0,27
201100001365,11,4,3,600,3,2,1,1.0,6.0,27153,M,4928890.0,162989.0,27
201100001366,11,4,8,1745,1,2,2,1.0,1.0,27284,M,4927840.0,178522.0,27
201100001367,11,4,30,1745,1,1,1,1.0,6.0,27533,M,4931200.0,171094.0,27
201100001368,11,6,12,1045,1,1,1,1.0,3.0,27153,M,4927590.0,163105.0,27
201100001369,11,6,30,1830,1,2,1,1.0,6.0,27284,M,4928500.0,178414.0,27
201100001370,11,7,24,1700,1,2,3,1.0,3.0,27633,M,4923850.0,160322.0,27
201100001371,11,8,22,1100,1,1,1,1.0,1.0,27010,M,4939940.0,172108.0,27
201100001372,11,9,27,1515,1,1,1,1.0,6.0,27226,M,4930260.0,163404.0,27
201100001373,11,9,30,1800,1,1,1,1.0,5.0,27690,M,4924630.0,158455.0,27
201100001374,11,10,14,1800,1,2,1,1.0,2.0,27284,M,4927710.0,176112.0,27
201100001375,11,10,22,1430,1,1,1,1.0,5.0,27153,M,4928630.0,160969.0,27
201100001376,11,12,6,1845,5,2,1,3.0,1.0,27284,M,4928380.0,178780.0,27
201100001377,11,12,19,1815,4,2,1,2.0,1.0,27284,M,4928350.0,178726.0,27
201100001378,11,12,23,2015,3,1,1,3.0,5.0,27226,M,4931460.0,160332.0,27
201100001379,11,1,7,1842,3,1,3,1.0,2.0,27106,M,4912430.0,48340.0,27
201100001380,11,1,11,1815,3,1,2,1.0,1.0,27667,M,4911790.0,62548.0,27
201100001381,11,1,28,1815,2,1,2,1.0,3.0,27627,M,4914990.0,53400.0,27
201100001382,11,2,2,645,3,1,1,8.0,3.0,27600,M,4904090.0,56084.0,27
201100001383,11,2,13,2200,3,1,1,8.0,6.0,27590,M,4894370.0,50849.0,27
201100001384,11,5,14,1530,1,1,2,7.0,3.0,27117,M,4901040.0,52420.0,27
201100001385,11,5,17,1630,1,1,1,1.0,1.0,27667,M,4912490.0,59804.0,27
201100001386,11,5,23,1845,1,2,1,1.0,7.0,27056,M,4908750.0,59628.0,27
201100001387,11,6,20,345,5,2,1,2.0,1.0,27629,M,4914090.0,45719.0,27
201100001388,11,7,8,1945,1,1,1,1.0,7.0,27056,M,4909570.0,57488.0,27
201100001389,11,8,4,1600,1,2,1,2.0,3.0,27608,M,4906700.0,51897.0,27
201100001390,11,8,8,1015,1,1,1,1.0,1.0,27660,M,4896840.0,47939.0,27
201100001391,11,8,9,2130,2,1,1,1.0,7.0,27600,M,4905760.0,57117.0,27
201100001392,11,9,30,1815,1,2,1,1.0,1.0,27149,M,4911610.0,41401.0,27
201100001393,11,11,19,1415,1,1,1,1.0,3.0,27056,M,4909900.0,56101.0,27
201100001394,11,12,20,630,2,1,1,2.0,3.0,27046,M,4916730.0,55240.0,27
201100001395,11,1,9,2100,3,1,1,1.0,6.0,27116,M,4914950.0,73114.0,27
201100001396,11,1,31,1830,3,1,2,1.0,3.0,27125,M,4917670.0,76352.0,27
201100001397,11,2,9,130,5,2,1,1.0,6.0,27116,M,4919870.0,72136.0,27
201100001398,11,3,5,2245,5,1,2,1.0,6.0,27290,M,4912880.0,77608.0,27
201100001399,11,3,25,1945,3,1,2,1.0,3.0,27642,M,4909690.0,81223.0,27
201100001400,11,6,7,730,1,2,3,1.0,3.0,27498,M,4914990.0,83030.0,27
201100001401,11,6,14,15,5,1,1,1.0,6.0,27251,M,4910250.0,69433.0,27
201100001402,11,6,3,730,1,1,1,1.0,6.0,27296,M,4903470.0,65252.0,27
201100001403,11,7,23,2245,3,1,1,1.0,1.0,27210,M,4913040.0,81381.0,27
201100001404,11,8,2,745,1,1,2,1.0,3.0,27356,M,4902620.0,62694.0,27
201100001405,11,10,3,115,3,1,1,1.0,7.0,27452,M,4914080.0,76864.0,27
201100001406,11,10,20,1800,1,2,1,7.0,6.0,27622,M,4910960.0,71468.0,27
201100001407,11,11,14,1500,1,1,1,7.0,1.0,27050,M,4909320.0,80422.0,27
201100001408,11,12,15,815,3,1,3,2.0,3.0,27253,M,4914950.0,70803.0,27
201100001409,11,12,27,1945,3,1,2,5.0,3.0,27221,M,4898140.0,61223.0,27
201100001410,11,2,23,1345,1,2,1,3.0,1.0,27342,M,4912640.0,110900.0,27
201100001411,11,4,16,2245,3,1,1,1.0,6.0,27003,M,4916730.0,120693.0,27
201100001412,11,4,16,1200,1,2,3,8.0,3.0,27339,M,4913690.0,111563.0,27
201100001413,11,6,12,1415,1,2,1,1.0,7.0,27332,M,4919320.0,124415.0,27
201100001414,11,11,4,130,3,2,1,1.0,3.0,27537,M,4924060.0,122010.0,27
201100001415,11,1,16,1145,1,2,2,7.0,3.0,27005,M,4916230.0,124811.0,27
201100001416,11,2,1,2100,2,1,1,1.0,3.0,27599,M,4915170.0,137408.0,27
201100001417,11,2,13,1900,3,1,1,1.0,3.0,27517,M,4913680.0,131417.0,27
201100001418,11,4,5,1800,1,1,1,1.0,7.0,27336,M,4906730.0,142468.0,27
201100001419,11,4,21,1815,1,1,2,1.0,5.0,27599,M,4915050.0,137931.0,27
201100001420,11,4,22,1430,1,1,2,1.0,3.0,27676,M,4920590.0,130830.0,27
201100001421,11,4,22,1630,1,1,2,1.0,2.0,27249,M,4917980.0,126453.0,27
201100001422,11,5,5,1930,1,1,1,1.0,1.0,27336,M,4906580.0,140398.0,27
201100001423,11,5,18,800,1,1,1,1.0,7.0,27517,M,4914910.0,132517.0,27
201100001424,11,5,21,1100,1,1,2,1.0,1.0,27599,M,4915050.0,137931.0,27
201100001425,11,5,30,1230,1,1,1,2.0,1.0,27025,M,4911960.0,130487.0,27
201100001426,11,6,25,330,3,1,1,1.0,6.0,27275,M,4915470.0,136055.0,27
201100001427,11,7,3,1845,1,1,1,1.0,6.0,27553,M,4914630.0,130014.0,27
201100001428,11,7,31,615,1,1,1,1.0,1.0,27517,M,4913610.0,134053.0,27
201100001429,11,8,14,2230,3,1,1,1.0,6.0,27517,M,4915490.0,135996.0,27
201100001430,11,9,6,545,4,1,2,1.0,1.0,27249,M,4917980.0,126453.0,27
201100001431,11,9,22,1630,1,1,1,1.0,1.0,27691,M,4919940.0,133150.0,27
201100001432,11,10,14,715,2,1,1,1.0,3.0,27517,M,4913680.0,131417.0,27
201100001433,11,10,12,745,2,1,1,1.0,2.0,27691,M,4920180.0,131650.0,27
201100001434,11,10,23,1530,1,1,1,1.0,5.0,27691,M,4919810.0,130251.0,27
201100001435,11,11,1,1930,3,1,1,1.0,1.0,27691,M,4919060.0,133180.0,27
201100001436,11,1,30,145,5,2,9,1.0,1.0,27412,M,4924760.0,108329.0,27
201100001437,11,3,17,2045,3,1,1,1.0,7.0,27386,M,4932350.0,119852.0,27
201100001438,11,3,18,815,1,1,1,1.0,1.0,27348,M,4931440.0,115833.0,27
201100001439,11,4,25,1530,1,2,1,1.0,1.0,27322,M,4923220.0,107332.0,27
201100001440,11,5,22,1845,1,2,1,1.0,6.0,27386,M,4931110.0,119924.0,27
201100001441,11,5,25,945,1,1,1,1.0,5.0,27458,M,4932820.0,122894.0,27
201100001442,11,5,25,1730,1,2,2,1.0,3.0,27008,M,4931840.0,117001.0,27
201100001443,11,8,18,1615,1,2,6,1.0,6.0,27348,M,4931900.0,115762.0,27
201100001444,11,9,16,800,1,2,1,2.0,6.0,27469,M,4930300.0,115590.0,27
201100001445,11,10,5,1500,1,1,1,8.0,6.0,27469,M,4930470.0,112984.0,27
201100001446,11,10,10,745,2,1,1,1.0,6.0,27469,M,4928760.0,114161.0,27
201100001447,11,11,26,1715,3,1,1,1.0,3.0,27469,M,4929200.0,115669.0,27
201100001448,11,11,27,900,1,1,1,1.0,6.0,27348,M,4932380.0,114918.0,27
201100001449,11,12,1,1745,5,2,1,8.0,1.0,27348,M,4931860.0,115330.0,27
201100001450,11,12,21,1815,5,2,1,8.0,6.0,27469,M,4930410.0,115449.0,27
201100001451,11,1,6,2145,3,1,1,2.0,1.0,27354,M,4917270.0,91977.0,27
201100001452,11,4,13,1015,1,2,3,1.0,3.0,27428,M,4914380.0,90254.0,27
201100001453,11,4,12,1900,1,2,1,1.0,2.0,27428,M,4916020.0,90917.0,27
201100001454,11,4,25,1415,1,1,3,1.0,3.0,27506,M,4923370.0,91663.0,27
201100001455,11,5,27,1815,1,1,1,1.0,1.0,27354,M,4918210.0,92683.0,27
201100001456,11,6,12,145,3,1,1,1.0,6.0,27506,M,4923510.0,94098.0,27
201100001457,11,7,23,700,1,1,2,1.0,5.0,27638,M,4924390.0,91902.0,27
201100001458,11,11,1,1330,1,1,2,2.0,1.0,27506,M,4924390.0,91902.0,27
201100001459,11,11,24,1015,1,1,2,1.0,3.0,27506,M,4923370.0,91663.0,27
201100001460,11,12,1,1715,3,2,1,3.0,1.0,27663,M,4918600.0,90143.0,27
201100001461,11,12,4,1000,1,1,9,1.0,6.0,27579,M,4923760.0,95545.0,27
201100001462,11,2,18,2115,3,2,1,1.0,1.0,27467,M,4936080.0,51497.0,27
201100001463,11,2,25,1145,1,2,1,8.0,3.0,27467,M,4934690.0,52891.0,27
201100001464,11,2,26,445,3,1,1,2.0,6.0,27577,M,4941670.0,55411.0,27
201100001465,11,3,3,45,3,1,1,1.0,6.0,27665,M,4941730.0,57361.0,27
201100001466,11,4,20,715,1,1,3,1.0,1.0,27107,M,4937670.0,62364.0,27
201100001467,11,5,31,1700,1,1,1,1.0,1.0,27100,M,4935430.0,38379.0,27
201100001468,11,6,12,1300,1,1,1,1.0,1.0,27163,M,4935350.0,61643.0,27
201100001469,11,6,13,800,2,1,1,1.0,2.0,27263,M,4937830.0,56077.0,27
201100001470,11,8,12,1845,1,2,7,2.0,7.0,27065,M,4934610.0,33864.0,27
201100001471,11,8,25,30,5,2,1,1.0,1.0,27065,M,4933770.0,35007.0,27
201100001472,11,9,14,1400,1,1,1,1.0,6.0,27606,M,4931160.0,46666.0,27
201100001473,11,9,23,1230,1,1,1,1.0,1.0,27174,M,4934960.0,60088.0,27
201100001474,11,10,22,1700,1,1,2,1.0,5.0,27581,M,4938830.0,53326.0,27
201100001475,11,12,11,1115,1,1,1,8.0,6.0,27655,M,4932700.0,52629.0,27
201100001476,11,3,25,1715,1,2,3,1.0,1.0,27133,M,4938490.0,91543.0,27
201100001477,11,3,30,1745,1,1,1,2.0,2.0,27228,M,4935860.0,68874.0,27
201100001478,11,4,5,1800,1,2,3,1.0,3.0,27090,M,4929040.0,92433.0,27
201100001479,11,4,19,715,1,1,1,1.0,7.0,27637,M,4931480.0,84584.0,27
201100001480,11,5,5,945,1,2,2,7.0,3.0,27582,M,4929400.0,95251.0,27
201100001481,11,5,14,1245,1,1,1,1.0,5.0,27340,M,4939560.0,79779.0,27
201100001482,11,9,13,1730,1,1,2,7.0,2.0,27102,M,4935770.0,77986.0,27
201100001483,11,10,16,1800,2,2,1,1.0,6.0,27105,M,4929810.0,87368.0,27
201100001484,11,12,31,1800,5,2,1,2.0,6.0,27468,M,4924540.0,69810.0,27
201100001485,11,2,12,1600,1,1,1,2.0,6.0,27083,M,4926990.0,74147.0,27
201100001486,11,3,14,900,1,1,1,5.0,6.0,27367,M,4923630.0,47024.0,27
201100001487,11,6,9,1900,1,1,2,1.0,3.0,27367,M,4923710.0,50212.0,27
201100001488,11,7,1,1415,1,1,1,1.0,6.0,27413,M,4928620.0,67679.0,27
201100001489,11,7,14,1315,1,1,3,1.0,3.0,27413,M,4929860.0,66122.0,27
201100001490,11,10,15,1715,1,1,1,1.0,3.0,27052,M,4924550.0,70901.0,27
201100001491,11,11,3,1800,5,2,3,2.0,1.0,27170,M,4924350.0,38012.0,27
201100001492,11,12,29,1830,3,1,1,2.0,3.0,27571,M,4930490.0,55502.0,27
201100001493,11,1,11,1745,2,2,1,1.0,2.0,35047,M,4800453.0,-177277.0,35
201100001494,11,1,6,830,3,1,1,2.0,3.0,35047,M,0.0,0.0,35
201100001495,11,2,2,1130,1,1,1,2.0,5.0,35047,M,4803808.0,-172269.0,35
201100001496,11,4,22,1830,1,2,1,1.0,6.0,35066,M,4804326.0,-170109.0,35
201100001497,11,5,24,1945,2,1,3,1.0,3.0,35047,M,4802107.0,-172154.0,35
201100001498,11,9,27,1930,1,1,1,1.0,6.0,35047,M,4806100.0,-173100.0,35
201100001499,11,12,7,2000,5,2,1,1.0,6.0,35047,M,4803000.0,-174900.0,35
201100001500,11,1,19,1400,1,2,2,1.0,1.0,35094,M,4835744.0,-171484.0,35
201100001501,11,1,22,830,1,1,3,1.0,7.0,35094,M,4835700.0,-171800.0,35
201100001502,11,2,17,1415,1,1,1,1.0,1.0,35355,M,4834036.0,-149882.0,35
201100001503,11,2,28,1745,1,1,2,1.0,3.0,35193,M,4823972.0,-171215.0,35
201100001504,11,3,29,1430,1,1,1,1.0,1.0,35094,M,4835200.0,-177867.0,35
201100001505,11,7,7,815,1,1,2,1.0,3.0,35193,M,0.0,0.0,35
201100001506,11,7,16,1700,1,1,1,3.0,7.0,35177,M,4821700.0,-173900.0,35
201100001507,11,8,5,1230,1,1,1,2.0,5.0,35177,M,4820265.0,-172781.0,35
201100001508,11,8,8,1000,1,1,2,1.0,3.0,35355,M,4833800.0,-149400.0,35
201100001509,11,8,21,1945,1,1,1,1.0,5.0,35120,M,4824800.0,-181600.0,35
201100001510,11,9,14,900,1,2,1,1.0,2.0,35130,M,4829800.0,-179800.0,35
201100001511,11,11,14,745,1,1,1,1.0,4.0,35251,M,0.0,0.0,35
201100001512,11,11,27,1000,1,1,1,7.0,3.0,35356,M,4828400.0,-179700.0,35
201100001513,11,1,26,1945,3,1,2,1.0,3.0,35027,M,4816600.0,-205300.0,35
201100001514,11,4,10,1600,1,1,2,1.0,1.0,35143,M,4824900.0,-200300.0,35
201100001515,11,5,1,150,3,1,1,2.0,7.0,35307,M,4828074.0,-197294.0,35
201100001516,11,5,5,1915,1,2,2,1.0,3.0,35171,M,4826473.0,-206380.0,35
201100001517,11,6,29,1700,2,1,2,1.0,3.0,35158,M,4820045.0,-199264.0,35
201100001518,11,7,15,1215,1,1,3,1.0,3.0,35307,M,4828900.0,-197000.0,35
201100001519,11,8,1,1715,1,1,1,1.0,3.0,35297,M,4821400.0,-217400.0,35
201100001520,11,8,5,1815,1,1,1,1.0,3.0,35184,M,4818884.0,-203755.0,35
201100001521,11,8,22,1930,1,1,1,2.0,3.0,35171,M,4827900.0,-203399.0,35
201100001522,11,9,7,1700,1,1,1,1.0,2.0,35258,M,4831227.0,-183915.0,35
201100001523,11,10,1,1930,1,1,1,1.0,1.0,35234,M,0.0,0.0,35
201100001524,11,10,22,615,3,1,1,1.0,7.0,35234,M,0.0,0.0,35
201100001525,11,11,14,1600,1,1,1,1.0,1.0,35302,M,0.0,0.0,35
201100001526,11,11,27,1815,3,1,1,1.0,1.0,35245,M,0.0,0.0,35
201100001527,11,12,1,1815,5,2,1,3.0,1.0,35301,M,4823100.0,-205600.0,35
201100001528,11,12,3,2215,5,2,1,2.0,6.0,35297,M,4831800.0,-228500.0,35
201100001529,11,12,11,1230,1,1,1,8.0,3.0,35117,M,4815200.0,-223500.0,35
201100001530,11,12,13,1800,5,2,1,8.0,1.0,35184,M,4819589.0,-204907.0,35
201100001531,11,12,21,1130,1,1,1,8.0,1.0,35302,M,4814482.0,-215567.0,35
201100001532,11,1,15,300,3,1,1,8.0,7.0,35227,M,4816700.0,-185800.0,35
201100001533,11,3,25,515,3,1,1,1.0,2.0,35023,M,4818689.0,-196199.0,35
201100001534,11,3,25,1830,1,1,2,1.0,3.0,35023,M,4820842.0,-194150.0,35
201100001535,11,4,26,1545,1,2,3,1.0,3.0,35040,M,4814533.0,-191614.0,35
201100001536,11,9,15,1215,1,1,1,1.0,2.0,35211,M,4800726.0,-212193.0,35
201100001537,11,11,25,2030,3,1,1,1.0,3.0,35331,M,4810095.0,-195855.0,35
201100001538,11,1,11,2015,3,1,1,1.0,6.0,35196,M,4809300.0,-179500.0,35
201100001539,11,4,10,2030,2,2,1,1.0,6.0,35037,M,4804832.0,-186871.0,35
201100001540,11,4,28,815,1,1,4,7.0,3.0,35076,M,4806612.0,-176942.0,35
201100001541,11,5,21,900,1,2,3,1.0,3.0,35196,M,4807959.0,-183516.0,35
201100001542,11,6,25,1430,1,1,1,1.0,7.0,35196,M,4810895.0,-184935.0,35
201100001543,11,10,1,1630,1,1,1,1.0,2.0,35240,M,4808300.0,-177000.0,35
201100001544,11,10,22,130,3,1,1,1.0,7.0,35240,M,4811200.0,-179500.0,35
201100001545,11,10,26,930,1,1,1,1.0,4.0,35076,M,4807800.0,-178800.0,35
201100001546,11,11,13,215,3,1,1,1.0,6.0,35037,M,0.0,0.0,35
201100001547,11,11,22,1145,1,1,1,1.0,7.0,35037,M,0.0,0.0,35
201100001548,11,11,28,1530,1,1,1,2.0,3.0,35240,M,4810700.0,-183100.0,35
201100001549,11,12,20,900,1,1,6,8.0,1.0,35240,M,0.0,0.0,35
201100001550,11,12,31,1430,1,1,1,2.0,1.0,35137,M,0.0,0.0,35
201100001551,11,1,21,1200,1,2,9,1.0,2.0,35243,M,4834345.0,-127485.0,35
201100001552,11,4,1,1515,1,1,1,1.0,7.0,35025,M,0.0,0.0,35
201100001553,11,4,14,1515,1,1,1,1.0,1.0,35018,M,0.0,0.0,35
201100001554,11,6,11,1830,1,1,1,1.0,6.0,35271,M,0.0,0.0,35
201100001555,11,8,22,1300,1,1,1,2.0,6.0,35137,M,0.0,0.0,35
201100001556,11,9,18,1615,1,1,1,1.0,3.0,35025,M,0.0,0.0,35
201100001557,11,12,15,730,3,1,1,8.0,5.0,35018,M,4845337.0,-113822.0,35
201100001558,11,1,19,2045,3,1,1,1.0,6.0,35341,M,0.0,0.0,35
201100001559,11,2,7,2200,3,1,1,2.0,6.0,35253,M,4823274.0,-141241.0,35
201100001560,11,3,12,1230,1,1,2,1.0,3.0,35019,M,4842569.0,-159507.0,35
201100001561,11,3,21,1830,1,1,3,1.0,2.0,35253,M,4825182.0,-142949.0,35
201100001562,11,4,3,1130,1,1,2,1.0,1.0,35341,M,4842732.0,-145995.0,35
201100001563,11,6,5,215,3,1,1,3.0,6.0,35075,M,0.0,0.0,35
201100001564,11,6,17,1545,1,1,1,8.0,1.0,35273,M,0.0,0.0,35
201100001565,11,6,24,1000,1,1,1,1.0,2.0,35253,M,0.0,0.0,35
201100001566,11,7,28,2015,1,1,1,1.0,7.0,35121,M,0.0,0.0,35
201100001567,11,8,6,1000,1,1,1,2.0,7.0,35118,M,0.0,0.0,35
201100001568,11,9,1,1315,1,1,1,1.0,6.0,35178,M,0.0,0.0,35
201100001569,11,9,9,1715,1,1,1,1.0,3.0,35178,M,0.0,0.0,35
201100001570,11,9,24,1915,1,1,1,1.0,1.0,35273,M,0.0,0.0,35
201100001571,11,9,25,1345,1,1,1,1.0,1.0,35273,M,0.0,0.0,35
201100001572,11,10,30,430,3,1,1,1.0,6.0,35075,M,0.0,0.0,35
201100001573,11,11,26,600,2,1,1,1.0,6.0,35178,M,0.0,0.0,35
201100001574,11,1,5,2145,3,2,1,2.0,6.0,35236,M,0.0,0.0,35
201100001575,11,4,8,2000,1,2,1,1.0,2.0,35236,M,0.0,0.0,35
201100001576,11,5,14,1815,1,1,2,1.0,1.0,35013,M,4768831.0,-205223.0,35
201100001577,11,5,14,1915,1,1,2,1.0,4.0,35013,M,4770661.0,-205411.0,35
201100001578,11,5,26,1345,1,1,1,8.0,4.0,35013,M,4769812.0,-203106.0,35
201100001579,11,6,18,715,1,1,1,1.0,6.0,35237,M,0.0,0.0,35
201100001580,11,8,15,300,3,1,1,1.0,7.0,35236,M,0.0,0.0,35
201100001581,11,9,7,745,2,1,1,5.0,3.0,35013,M,0.0,0.0,35
201100001582,11,9,18,430,3,1,1,1.0,1.0,35064,M,0.0,0.0,35
201100001583,11,10,21,500,3,1,9,2.0,6.0,35013,M,0.0,0.0,35