Num_Acc,an,mois,jour,hrmn,lum,agg,int,atm,col,com,gps,lat,long,dep
201100001584,11,11,6,1645,1,2,1,1.0,6.0,35294,M,0.0,0.0,35
201100001585,11,1,3,1715,2,1,1,1.0,6.0,35249,M,4774700.0,-182500.0,35
201100001586,11,1,13,1445,1,1,1,1.0,7.0,35202,M,0.0,0.0,35
201100001587,11,2,15,545,3,1,1,2.0,7.0,35249,M,4773100.0,-182200.0,35
201100001588,11,3,30,1200,1,1,2,1.0,1.0,35176,M,4781049.0,-181818.0,35
201100001589,11,5,13,1730,1,1,1,1.0,1.0,35316,M,0.0,0.0,35
201100001590,11,5,18,1830,1,1,1,1.0,1.0,35176,M,4782868.0,-175893.0,35
201100001591,11,5,31,1030,1,1,1,1.0,5.0,35124,M,4773839.0,-171960.0,35
201100001592,11,6,4,1830,1,1,2,1.0,3.0,35090,M,4794900.0,-160800.0,35
201100001593,11,6,14,1015,1,1,1,1.0,1.0,35012,M,0.0,0.0,35
201100001594,11,7,23,1200,1,1,1,1.0,2.0,35012,M,4784400.0,-172300.0,35
201100001595,11,8,8,1830,1,1,1,7.0,1.0,35012,M,0.0,0.0,35
201100001596,11,9,9,2345,3,1,1,1.0,6.0,35145,M,0.0,0.0,35
201100001597,11,10,3,1745,1,1,1,7.0,1.0,35221,M,0.0,0.0,35
201100001598,11,12,11,1145,1,1,1,1.0,6.0,35124,M,0.0,0.0,35
201100001599,11,12,2,2015,3,2,1,1.0,3.0,35106,M,0.0,0.0,35
201100001600,11,12,23,1230,1,1,1,1.0,6.0,35145,M,0.0,0.0,35
201100001601,11,1,3,1700,2,1,1,1.0,6.0,35016,M,4799785.0,-189747.0,35
201100001602,11,1,14,830,2,1,9,1.0,3.0,35139,M,4797436.0,-169387.0,35
201100001603,11,2,19,1545,1,1,1,1.0,7.0,35123,M,4802300.0,-179700.0,35
201100001604,11,2,26,15,4,1,1,1.0,6.0,35127,M,4792500.0,-186100.0,35
201100001605,11,3,14,2200,3,1,1,1.0,2.0,35123,M,4802400.0,-178277.0,35
201100001606,11,5,1,1215,1,1,1,1.0,6.0,35127,M,0.0,0.0,35
201100001607,11,6,16,2015,1,1,1,1.0,2.0,35126,M,0.0,0.0,35
201100001608,11,6,22,1730,1,1,2,1.0,5.0,35126,M,4796200.0,-179100.0,35
201100001609,11,7,3,1700,1,1,2,1.0,3.0,35123,M,4801000.0,-182100.0,35
201100001610,11,7,3,1800,1,1,3,1.0,3.0,35139,M,4797900.0,-169500.0,35
201100001611,11,9,13,1730,1,1,2,1.0,3.0,35123,M,0.0,0.0,35
201100001612,11,9,30,1145,1,1,1,1.0,7.0,35312,M,0.0,0.0,35
201100001613,11,12,7,915,1,1,1,1.0,1.0,35033,M,0.0,0.0,35
201100001614,11,12,14,800,5,2,1,2.0,6.0,35126,M,4797000.0,-179600.0,35
201100001615,11,12,28,830,1,1,1,5.0,5.0,35127,M,4792900.0,-185200.0,35
201100001616,11,4,2,530,3,1,1,1.0,7.0,35328,M,4775900.0,-203200.0,35
201100001617,11,5,7,15,3,1,1,1.0,6.0,35168,M,4786445.0,-199640.0,35
201100001618,11,5,9,745,1,1,1,1.0,1.0,35219,M,4781055.0,-196322.0,35
201100001619,11,6,12,2345,3,1,1,1.0,6.0,35219,M,4782700.0,-190200.0,35
201100001620,11,8,9,1545,1,1,1,1.0,3.0,35084,M,0.0,0.0,35
201100001621,11,8,31,2330,5,1,1,1.0,7.0,35175,M,0.0,0.0,35
201100001622,11,9,24,2300,3,1,1,1.0,6.0,35129,M,4784400.0,-185400.0,35
201100001623,11,10,19,1330,1,1,1,1.0,1.0,35175,M,0.0,0.0,35
201100001624,11,12,15,1930,5,2,1,3.0,6.0,35168,M,0.0,0.0,35
201100001625,11,1,4,700,3,1,1,8.0,1.0,35049,M,0.0,0.0,35
201100001626,11,1,6,1945,3,1,2,1.0,5.0,35179,M,0.0,0.0,35
201100001627,11,1,9,1645,1,1,1,1.0,2.0,35132,M,0.0,0.0,35
201100001628,11,2,11,400,3,1,1,1.0,6.0,35299,M,4863348.0,-189609.0,35
201100001629,11,3,16,600,3,1,1,1.0,6.0,35306,M,4858800.0,-195100.0,35
201100001630,11,3,28,1615,1,1,1,1.0,1.0,35358,M,0.0,0.0,35
201100001631,11,4,4,245,3,1,1,1.0,6.0,35299,M,0.0,0.0,35
201100001632,11,4,17,600,3,1,1,1.0,4.0,35299,M,0.0,0.0,35
201100001633,11,5,15,245,3,1,1,1.0,6.0,35284,M,0.0,0.0,35
201100001634,11,5,14,1145,1,1,9,1.0,7.0,35224,M,0.0,0.0,35
201100001635,11,6,8,745,1,1,1,1.0,2.0,35224,M,0.0,0.0,35
201100001636,11,6,19,30,3,1,1,1.0,6.0,35306,M,0.0,0.0,35
201100001637,11,6,26,815,1,1,1,1.0,7.0,35224,M,0.0,0.0,35
201100001638,11,6,30,2215,2,1,1,1.0,3.0,35306,M,4859600.0,-195800.0,35
201100001639,11,7,21,2115,1,1,1,1.0,2.0,35263,M,4868500.0,-194500.0,35
201100001640,11,7,29,1600,1,2,1,1.0,6.0,35299,M,0.0,0.0,35
201100001641,11,7,31,830,1,2,1,1.0,1.0,35179,M,0.0,0.0,35
201100001642,11,9,17,300,3,2,1,1.0,6.0,35132,M,4860900.0,-178500.0,35
201100001643,11,9,24,1900,1,1,1,1.0,6.0,35049,M,0.0,0.0,35
201100001644,11,10,24,1730,1,1,1,1.0,3.0,35299,M,0.0,0.0,35
201100001645,11,11,12,1245,1,1,1,1.0,7.0,35306,M,4857200.0,-190900.0,35
201100001646,11,11,28,1815,5,1,1,1.0,1.0,35132,M,0.0,0.0,35
201100001647,11,11,30,1700,1,1,1,1.0,6.0,35299,M,0.0,0.0,35
201100001648,11,12,15,1715,5,1,1,3.0,6.0,35255,M,0.0,0.0,35
201100001649,11,1,7,1830,5,2,1,1.0,6.0,35147,M,0.0,0.0,35
201100001650,11,1,12,1045,1,2,1,1.0,6.0,35337,M,0.0,0.0,35
201100001651,11,2,1,1415,1,1,1,1.0,1.0,35226,M,4842763.0,-190251.0,35
201100001652,11,2,5,1700,1,1,2,1.0,1.0,35092,M,4843395.0,-166491.0,35
201100001653,11,3,15,1230,1,1,1,1.0,3.0,35085,M,4837614.0,-172699.0,35
201100001654,11,5,24,1815,1,1,1,1.0,3.0,35085,M,0.0,0.0,35
201100001655,11,5,31,1030,1,2,1,1.0,1.0,35318,M,0.0,0.0,35
201100001656,11,6,28,1145,1,1,1,1.0,3.0,35029,M,0.0,0.0,35
201100001657,11,6,29,900,1,1,1,1.0,1.0,35225,M,4843800.0,-193000.0,35
201100001658,11,8,7,945,1,1,1,1.0,6.0,35085,M,0.0,0.0,35
201100001659,11,9,11,900,1,1,1,3.0,3.0,35085,M,4844500.0,-176900.0,35
201100001660,11,10,15,1845,1,1,1,1.0,7.0,35346,M,0.0,0.0,35
201100001661,11,1,3,745,5,2,1,1.0,6.0,35095,M,0.0,0.0,35
201100001662,11,2,4,1445,1,2,1,1.0,6.0,35095,M,4854670.0,-175130.0,35
201100001663,11,4,19,900,1,1,2,1.0,3.0,35248,M,4855400.0,-157900.0,35
201100001664,11,6,19,2215,2,1,1,2.0,1.0,35104,M,4851300.0,-171700.0,35
201100001665,11,8,19,1145,1,2,1,1.0,3.0,35095,M,4855600.0,-174600.0,35
201100001666,11,8,27,1515,1,1,1,1.0,1.0,35095,M,4854100.0,-173400.0,35
201100001667,11,11,19,930,1,1,1,1.0,3.0,35222,M,4854800.0,-156000.0,35
201100001668,11,12,23,1930,3,1,1,1.0,2.0,35034,M,4850700.0,-163900.0,35
201100001669,11,2,1,2245,5,2,1,1.0,7.0,35228,M,4858797.0,-205611.0,35
201100001670,11,10,7,500,3,2,1,1.0,6.0,35228,M,0.0,0.0,35
201100001671,11,1,13,2000,1,1,1,1.0,3.0,35109,M,4808131.0,-125689.0,35
201100001672,11,1,27,800,5,2,1,1.0,6.0,35360,M,4811504.0,-119267.0,35
201100001673,11,3,25,2045,5,2,1,3.0,7.0,35360,M,4812700.0,-121000.0,35
201100001674,11,5,13,2200,3,1,1,1.0,7.0,35061,M,4811326.0,-112365.0,35
201100001675,11,5,15,1830,1,1,3,1.0,3.0,35338,M,4807475.0,-126983.0,35
201100001676,11,7,4,845,1,1,1,1.0,6.0,35360,M,0.0,0.0,35
201100001677,11,7,5,315,3,1,1,1.0,6.0,35109,M,0.0,0.0,35
201100001678,11,7,3,915,1,2,6,1.0,3.0,35360,M,0.0,0.0,35
201100001679,11,7,5,1830,1,2,1,1.0,3.0,35006,M,0.0,0.0,35
201100001680,11,7,20,1845,1,1,1,2.0,3.0,35061,M,0.0,0.0,35
201100001681,11,8,20,1130,1,1,1,1.0,6.0,35006,M,4808117.0,-113628.0,35
201100001682,11,9,26,1100,1,2,1,1.0,3.0,35360,M,4812600.0,-121000.0,35
201100001683,11,10,4,900,1,1,1,1.0,1.0,35330,M,0.0,0.0,35
201100001684,11,10,21,1730,1,1,1,1.0,3.0,35166,M,0.0,0.0,35
201100001685,11,11,9,830,3,1,1,1.0,1.0,35141,M,0.0,0.0,35
201100001686,11,11,27,2045,3,1,1,1.0,6.0,35194,M,0.0,0.0,35
201100001687,11,12,6,2215,5,1,1,1.0,6.0,35109,M,0.0,0.0,35
201100001688,11,12,15,1800,5,2,1,2.0,6.0,35360,M,4812700.0,-119700.0,35
201100001689,11,1,18,900,1,1,1,1.0,2.0,35254,M,0.0,0.0,35
201100001690,11,2,26,1115,1,1,1,1.0,5.0,35069,M,4806022.0,-154888.0,35
201100001691,11,3,21,1915,2,1,1,1.0,1.0,35327,M,0.0,0.0,35
201100001692,11,4,25,1400,1,1,1,1.0,7.0,35039,M,0.0,0.0,35
201100001693,11,5,6,2100,2,1,1,1.0,6.0,35207,M,4809202.0,-151702.0,35
201100001694,11,5,13,1800,1,1,9,1.0,3.0,35068,M,0.0,0.0,35
201100001695,11,6,18,1530,1,1,1,2.0,1.0,35161,M,0.0,0.0,35
201100001696,11,6,24,1845,1,1,1,1.0,3.0,35204,M,0.0,0.0,35
201100001697,11,8,5,1545,1,1,1,2.0,6.0,35039,M,0.0,0.0,35
201100001698,11,9,16,1815,1,2,1,1.0,3.0,35283,M,0.0,0.0,35
201100001699,11,9,17,2130,3,2,1,1.0,6.0,35069,M,0.0,0.0,35
201100001700,11,10,6,745,2,2,1,1.0,6.0,35068,M,0.0,0.0,35
201100001701,11,11,25,545,3,2,1,1.0,1.0,35069,M,0.0,0.0,35
201100001702,11,11,28,1545,1,2,1,2.0,6.0,35207,M,0.0,0.0,35
201100001703,11,2,12,400,3,1,1,2.0,6.0,35103,M,4780515.0,-124713.0,35
201100001704,11,4,10,1600,1,1,1,1.0,1.0,35167,M,4780500.0,-127800.0,35
201100001705,11,6,29,2115,1,1,1,1.0,3.0,35125,M,4794900.0,-126500.0,35
201100001706,11,7,8,2100,1,1,1,2.0,6.0,35014,M,4799700.0,-129300.0,35
201100001707,11,9,25,2045,3,1,1,1.0,6.0,35014,M,4799600.0,-130900.0,35
201100001708,11,10,5,1215,1,2,1,1.0,2.0,35125,M,4794300.0,-122600.0,35
201100001709,11,2,24,1915,2,1,2,1.0,3.0,35136,M,4793786.0,-153411.0,35
201100001710,11,4,8,1400,1,1,1,1.0,3.0,35108,M,4795000.0,-141700.0,35
201100001711,11,4,26,1730,1,2,2,1.0,3.0,35333,M,4792500.0,-142800.0,35
201100001712,11,6,20,1600,1,1,2,1.0,3.0,35041,M,0.0,0.0,35
201100001713,11,8,2,1845,1,1,3,1.0,2.0,35088,M,4798300.0,-157100.0,35
201100001714,11,9,8,1800,1,1,2,1.0,3.0,35041,M,4795300.0,-156700.0,35
201100001715,11,11,6,2000,3,1,2,1.0,3.0,35333,M,0.0,0.0,35
201100001716,11,11,11,1615,1,1,1,1.0,7.0,35088,M,4799100.0,-157800.0,35
201100001717,11,12,8,1745,5,2,1,1.0,3.0,35108,M,0.0,0.0,35
201100001718,11,12,11,45,5,1,6,5.0,6.0,35198,M,4802294.0,-139822.0,35
201100001719,11,1,22,1830,3,1,1,2.0,7.0,22158,M,4820349.0,-297026.0,22
201100001720,11,5,16,1430,1,2,4,1.0,1.0,22298,M,4821549.0,-293991.0,22
201100001721,11,6,8,1030,1,1,2,1.0,3.0,22298,M,4820840.0,-293196.0,22
201100001722,11,12,29,745,3,2,1,1.0,1.0,22047,M,0.0,0.0,22
201100001723,11,1,13,615,3,1,1,8.0,6.0,22065,M,4861000.0,-302000.0,22
201100001724,11,2,19,2330,5,2,1,1.0,6.0,22325,M,4865200.0,-282400.0,22
201100001725,11,4,15,1545,1,2,3,1.0,3.0,22121,M,4863299.0,-297905.0,22
201100001726,11,4,18,1330,1,1,4,1.0,3.0,22007,M,4860220.0,-283922.0,22
201100001727,11,4,23,1600,1,1,1,1.0,1.0,22109,M,4870443.0,-298194.0,22
201100001728,11,5,21,1645,1,2,1,1.0,2.0,22007,M,4860119.0,-282625.0,22
201100001729,11,5,29,700,2,2,1,1.0,7.0,22112,M,4865842.0,-301408.0,22
201100001730,11,6,27,1730,1,1,3,1.0,1.0,22055,M,4863371.0,-282440.0,22
201100001731,11,7,25,815,1,1,2,1.0,3.0,22236,M,4867251.0,-298416.0,22
201100001732,11,7,31,730,2,1,1,1.0,1.0,22361,M,4859894.0,-295349.0,22
201100001733,11,8,22,315,5,2,6,1.0,3.0,22121,M,4863020.0,-298551.0,22
201100001734,11,9,5,2045,1,1,1,1.0,1.0,22178,M,4868506.0,-299596.0,22
201100001735,11,9,14,2100,2,1,2,8.0,3.0,22232,M,4863528.0,-290785.0,22
201100001736,11,9,28,2200,5,1,1,1.0,3.0,22055,M,0.0,0.0,22
201100001737,11,11,1,1115,1,1,1,1.0,1.0,22378,M,4865769.0,-306999.0,22
201100001738,11,11,19,1115,1,2,3,1.0,3.0,22222,M,4869387.0,-293749.0,22
201100001739,11,12,8,2100,3,1,1,1.0,7.0,22117,M,4860105.0,-289717.0,22
201100001740,11,12,17,1200,1,1,1,3.0,1.0,22222,M,4867068.0,-296225.0,22
201100001741,11,12,27,1430,1,1,1,1.0,6.0,22108,M,0.0,0.0,22
201100001742,11,3,22,1545,1,1,3,1.0,3.0,22151,M,4845312.0,-259705.0,22
201100001743,11,4,15,1845,1,2,3,1.0,3.0,22098,M,4843268.0,-253772.0,22
201100001744,11,5,17,2015,2,1,1,1.0,7.0,22093,M,4845795.0,-249076.0,22
201100001745,11,5,21,1945,1,2,1,1.0,6.0,22093,M,4847200.0,-251600.0,22
201100001746,11,7,16,1615,1,1,1,2.0,7.0,22093,M,4841459.0,-249677.0,22
201100001747,11,7,19,1830,1,1,1,8.0,3.0,22246,M,4846489.0,-263294.0,22
201100001748,11,9,12,2215,3,1,1,1.0,6.0,22270,M,4849400.0,-250100.0,22
201100001749,11,9,23,1230,1,1,2,1.0,3.0,22142,M,4844209.0,-251078.0,22
201100001750,11,10,11,2130,3,1,1,2.0,5.0,22098,M,4843326.0,-255921.0,22
201100001751,11,11,29,2145,3,1,1,1.0,7.0,22142,M,4842760.0,-250797.0,22
201100001752,11,12,1,1930,5,1,1,2.0,6.0,22093,M,4846423.0,-251352.0,22
201100001753,11,12,29,845,1,1,2,2.0,3.0,22142,M,4843438.0,-251016.0,22
201100001754,11,2,25,1815,1,1,2,1.0,3.0,22203,M,4835775.0,-275027.0,22
201100001755,11,3,17,1845,1,1,3,1.0,1.0,22203,M,4834331.0,-277522.0,22
201100001756,11,11,12,2030,3,1,1,8.0,7.0,22080,M,4834797.0,-284254.0,22
201100001757,11,2,2,615,3,1,1,5.0,1.0,22136,M,4819862.0,-288659.0,22
201100001758,11,4,17,345,5,2,1,1.0,6.0,22136,M,0.0,0.0,22
201100001759,11,5,1,500,3,1,1,1.0,6.0,22136,M,4818000.0,-274700.0,22
201100001760,11,5,1,545,2,1,1,3.0,6.0,22300,M,4828700.0,-281300.0,22
201100001761,11,5,22,915,1,1,1,1.0,1.0,22136,M,0.0,0.0,22
201100001762,11,6,8,1115,1,2,1,2.0,5.0,22136,M,4817045.0,-274253.0,22
201100001763,11,6,29,1430,1,1,1,1.0,7.0,22136,M,4818200.0,-269800.0,22
201100001764,11,7,17,1000,1,1,1,2.0,7.0,22001,M,4831779.0,-282912.0,22
201100001765,11,8,4,1000,1,1,2,3.0,3.0,22136,M,4816621.0,-276464.0,22
201100001766,11,8,4,1800,1,2,1,1.0,1.0,22275,M,4814100.0,-269900.0,22
201100001767,11,9,14,915,1,1,1,1.0,1.0,22155,M,4822683.0,-275632.0,22
201100001768,11,9,29,2015,2,1,1,1.0,7.0,22155,M,4822198.0,-273950.0,22
201100001769,11,10,9,1745,1,1,1,1.0,6.0,22300,M,4826700.0,-282000.0,22
201100001770,11,10,11,1815,1,2,1,1.0,3.0,22136,M,4818080.0,-276227.0,22
201100001771,11,10,30,545,3,1,1,2.0,6.0,22136,M,4818900.0,-278700.0,22
201100001772,11,11,8,1815,3,1,1,1.0,1.0,22136,M,4822591.0,-275491.0,22
201100001773,11,12,7,1215,1,1,1,2.0,2.0,22068,M,4826000.0,-278200.0,22
201100001774,11,12,12,1100,1,2,6,7.0,3.0,22136,M,4817500.0,-275300.0,22
201100001775,11,12,31,1800,5,2,2,2.0,3.0,22214,M,4875104.0,-297929.0,22
201100001776,11,1,11,2145,3,1,1,1.0,1.0,22162,M,4876100.0,-301100.0,22
201100001777,11,2,24,915,1,1,1,8.0,1.0,22210,M,4879804.0,-305896.0,22
201100001778,11,3,31,1630,1,2,1,1.0,2.0,22162,M,4877816.0,-304435.0,22
201100001779,11,5,25,1800,1,2,1,1.0,1.0,22162,M,4877720.0,-305870.0,22
201100001780,11,5,27,1500,1,1,3,7.0,3.0,22233,M,4873397.0,-310358.0,22
201100001781,11,7,22,115,3,1,1,1.0,6.0,22162,M,4878200.0,-306000.0,22
201100001782,11,7,23,1815,1,2,1,1.0,3.0,22162,M,4879600.0,-304400.0,22
201100001783,11,8,4,1030,1,2,1,1.0,6.0,22162,M,4878500.0,-304400.0,22
201100001784,11,8,19,1830,1,1,1,1.0,7.0,22162,M,4872400.0,-302300.0,22
201100001785,11,8,30,1215,1,2,3,1.0,3.0,22162,M,4876899.0,-305178.0,22
201100001786,11,9,10,1015,1,1,1,1.0,1.0,22214,M,4872115.0,-298025.0,22
201100001787,11,10,7,2130,5,2,1,1.0,3.0,22162,M,4878000.0,-304000.0,22
201100001788,11,11,13,30,3,2,1,1.0,6.0,22162,M,4876800.0,-301700.0,22
201100001789,11,1,15,945,1,1,1,7.0,1.0,22242,M,4861480.0,-242386.0,22
201100001790,11,3,20,1815,1,1,3,1.0,2.0,22186,M,4856436.0,-254517.0,22
201100001791,11,3,27,1600,1,2,6,8.0,1.0,22186,M,4857866.0,-254156.0,22
201100001792,11,7,3,900,1,1,6,1.0,2.0,22081,M,4848167.0,-264573.0,22
201100001793,11,8,8,2000,1,1,1,1.0,7.0,22173,M,0.0,0.0,22
201100001794,11,11,7,1,3,1,1,1.0,6.0,22173,M,0.0,0.0,22
201100001795,11,1,25,2000,3,1,1,2.0,1.0,22099,M,4836873.0,-294708.0,22
201100001796,11,2,2,1430,1,1,2,1.0,5.0,22171,M,4841709.0,-284166.0,22
201100001797,11,2,25,1400,1,1,1,8.0,1.0,22171,M,4841114.0,-282316.0,22
201100001798,11,3,29,1115,1,1,1,1.0,7.0,22099,M,4838065.0,-293024.0,22
201100001799,11,5,23,930,1,2,1,1.0,6.0,22176,M,4844900.0,-274600.0,22
201100001800,11,5,29,630,2,1,1,1.0,7.0,22099,M,4837652.0,-290618.0,22
201100001801,11,6,7,815,1,2,2,1.0,6.0,22171,M,4840787.0,-281723.0,22
201100001802,11,7,20,1430,1,1,1,2.0,1.0,22073,M,4836048.0,-295620.0,22
201100001803,11,9,25,715,3,1,1,1.0,7.0,22171,M,4841513.0,-284618.0,22
201100001804,11,11,12,1915,3,1,1,1.0,3.0,22170,M,4843783.0,-286648.0,22
201100001805,11,12,28,1000,1,1,1,8.0,3.0,22277,M,0.0,0.0,22
201100001806,11,1,5,820,2,1,3,1.0,1.0,22327,M,4848916.0,-203679.0,22
201100001807,11,1,11,1700,1,1,1,1.0,7.0,22035,M,4841641.0,-199924.0,22
201100001808,11,2,6,45,5,1,1,1.0,7.0,22118,M,4845552.0,-203547.0,22
201100001809,11,4,11,1415,1,2,2,1.0,7.0,22259,M,4844758.0,-208353.0,22
201100001810,11,4,24,1730,1,1,3,1.0,3.0,22035,M,4841378.0,-199588.0,22
201100001811,11,5,1,1515,1,1,1,1.0,1.0,22197,M,4850481.0,-193398.0,22
201100001812,11,5,17,1600,1,1,1,1.0,7.0,22208,M,4830343.0,-202202.0,22
201100001813,11,5,21,2200,2,2,1,1.0,3.0,22056,M,4838119.0,-197947.0,22
201100001814,11,6,19,1230,1,1,2,1.0,3.0,22180,M,4844235.0,-223109.0,22
201100001815,11,7,9,1915,1,1,1,1.0,1.0,22213,M,4854057.0,-200833.0,22
201100001816,11,7,10,215,3,1,1,1.0,7.0,22364,M,4842566.0,-212805.0,22
201100001817,11,7,19,1330,1,2,1,3.0,6.0,22259,M,4844761.0,-208431.0,22
201100001818,11,7,22,1600,1,1,1,1.0,1.0,22118,M,4845300.0,-200700.0,22
201100001819,11,8,2,2230,3,2,1,1.0,7.0,22364,M,4842605.0,-212745.0,22
201100001820,11,8,3,115,3,1,1,1.0,7.0,22008,M,4841353.0,-210969.0,22
201100001821,11,8,7,800,1,1,1,1.0,7.0,22056,M,4837019.0,-197041.0,22
201100001822,11,8,11,1515,1,2,1,1.0,7.0,22056,M,4838300.0,-197700.0,22
201100001823,11,9,13,930,1,2,1,1.0,6.0,22197,M,4850971.0,-195271.0,22
201100001824,11,10,12,1700,1,2,2,1.0,1.0,22123,M,4844518.0,-204347.0,22
201100001825,11,12,11,830,1,1,1,2.0,7.0,22180,M,4840969.0,-221996.0,22
201100001826,11,4,10,445,3,1,1,1.0,7.0,22239,M,4838087.0,-213738.0,22
201100001827,11,5,28,215,3,1,9,1.0,3.0,22391,M,4834572.0,-218733.0,22
201100001828,11,6,7,1715,1,2,3,1.0,3.0,22020,M,4831955.0,-225867.0,22
201100001829,11,7,3,30,3,2,3,1.0,3.0,22032,M,4829100.0,-215402.0,22
201100001830,11,7,9,1845,1,1,1,1.0,7.0,22020,M,4833461.0,-223651.0,22
201100001831,11,7,28,2330,3,1,1,1.0,1.0,22020,M,4832139.0,-225199.0,22
201100001832,11,8,4,1615,1,1,1,1.0,6.0,22020,M,4833943.0,-221650.0,22
201100001833,11,8,28,300,3,1,1,1.0,7.0,22193,M,4842696.0,-240397.0,22
201100001834,11,9,23,1315,1,1,2,1.0,3.0,22391,M,4837241.0,-214827.0,22
201100001835,11,10,1,1400,1,1,1,1.0,2.0,22305,M,4827485.0,-215462.0,22
201100001836,11,10,4,1645,1,1,1,1.0,6.0,22145,M,0.0,0.0,22
201100001837,11,11,18,2115,3,1,1,1.0,7.0,22240,M,4824544.0,-222737.0,22
201100001838,11,1,4,1800,5,2,2,1.0,1.0,22190,M,4853156.0,-205452.0,22
201100001839,11,2,9,1530,1,2,1,1.0,2.0,22172,M,4852259.0,-223256.0,22
201100001840,11,2,12,1745,1,2,1,1.0,6.0,22172,M,0.0,0.0,22
201100001841,11,2,12,1345,1,1,1,1.0,2.0,22190,M,4853243.0,-205619.0,22
201100001842,11,3,18,1815,1,1,1,2.0,2.0,22143,M,4859545.0,-226163.0,22
201100001843,11,3,25,915,1,1,1,1.0,1.0,22209,M,4858000.0,-214000.0,22
201100001844,11,4,4,730,1,2,3,1.0,3.0,22190,M,4853635.0,-205925.0,22
201100001845,11,4,10,845,1,2,1,1.0,6.0,22143,M,0.0,0.0,22
201100001846,11,4,24,1745,1,2,1,1.0,6.0,22282,M,4863869.0,-225335.0,22
201100001847,11,4,30,2245,3,1,1,2.0,7.0,22077,M,4857055.0,-243888.0,22
201100001848,11,5,2,1645,1,2,1,1.0,6.0,22172,M,4852268.0,-223195.0,22
201100001849,11,5,4,1800,1,1,1,1.0,3.0,22237,M,4852780.0,-225722.0,22
201100001850,11,5,22,1130,1,1,1,1.0,1.0,22172,M,4850704.0,-221056.0,22
201100001851,11,7,16,630,2,1,1,1.0,7.0,22201,M,4865000.0,-232979.0,22
201100001852,11,8,2,45,5,2,1,1.0,7.0,22282,M,4863212.0,-225658.0,22
201100001853,11,8,15,1230,1,2,6,1.0,6.0,22282,M,4863295.0,-225711.0,22
201100001854,11,8,15,1830,1,2,1,1.0,1.0,22179,M,4864000.0,-240900.0,22
201100001855,11,9,16,1715,1,2,1,1.0,6.0,22172,M,4852212.0,-223590.0,22
201100001856,11,9,23,1645,1,2,1,1.0,1.0,22190,M,4852765.0,-208706.0,22
201100001857,11,10,21,1900,1,1,1,1.0,5.0,22014,M,4850694.0,-224923.0,22
201100001858,11,10,25,1100,1,1,1,1.0,1.0,22174,M,4861326.0,-231986.0,22
201100001859,11,10,30,230,3,1,1,1.0,7.0,22049,M,4857571.0,-220286.0,22
201100001860,11,12,10,2015,3,1,3,1.0,3.0,22237,M,4853377.0,-228133.0,22
201100001861,11,12,20,2215,3,1,1,3.0,1.0,22190,M,0.0,0.0,22
201100001862,11,2,9,1815,2,1,1,1.0,6.0,22255,M,4818200.0,-267300.0,22
201100001863,11,4,3,845,1,1,1,1.0,6.0,22083,M,4815506.0,-231146.0,22
201100001864,11,4,28,1530,1,1,4,1.0,3.0,22046,M,4829500.0,-249700.0,22
201100001865,11,5,26,1230,1,1,1,1.0,7.0,22066,M,4834741.0,-249543.0,22
201100001866,11,7,10,1245,1,2,3,1.0,7.0,22183,M,4817882.0,-257895.0,22
201100001867,11,7,31,1215,1,1,1,1.0,2.0,22371,M,4819653.0,-234219.0,22
201100001868,11,7,31,2030,1,1,1,1.0,2.0,22255,M,4821140.0,-262882.0,22
201100001869,11,8,31,245,3,1,1,1.0,7.0,22183,M,4819619.0,-258796.0,22
201100001870,11,2,9,715,3,1,1,8.0,3.0,22040,M,4851911.0,-316718.0,22
201100001871,11,3,4,1730,1,2,1,1.0,3.0,22067,M,4855800.0,-316500.0,22
201100001872,11,4,16,1845,1,2,3,1.0,3.0,22225,M,4854483.0,-313298.0,22
201100001873,11,5,3,1900,1,2,4,1.0,3.0,22070,M,4856700.0,-314800.0,22
201100001874,11,6,30,1615,1,1,1,1.0,1.0,22223,M,4856586.0,-319314.0,22
201100001875,11,7,5,1200,1,1,1,1.0,6.0,22322,M,0.0,0.0,22
201100001876,11,10,2,1415,1,2,1,1.0,7.0,22070,M,0.0,0.0,22
201100001877,11,10,14,1700,1,2,1,1.0,1.0,22070,M,4856700.0,-314900.0,22
201100001878,11,10,23,2030,3,1,6,1.0,7.0,22223,M,0.0,0.0,22
201100001879,11,10,30,1500,1,1,6,1.0,7.0,22272,M,4856102.0,-312660.0,22
201100001880,11,5,4,1330,1,1,1,1.0,7.0,22310,M,4862000.0,-323110.0,22
201100001881,11,9,9,1030,1,1,1,1.0,6.0,22004,M,4865100.0,-326900.0,22
201100001882,11,10,6,1100,1,1,1,2.0,1.0,22248,M,4861696.0,-313857.0,22
201100001883,11,10,17,1200,1,1,2,1.0,3.0,22248,M,4865162.0,-312670.0,22
201100001884,11,4,16,30,3,1,1,1.0,6.0,22271,M,4848370.0,-313417.0,22
201100001885,11,5,2,1815,1,1,3,2.0,3.0,22023,M,4842096.0,-331655.0,22