Num_Acc,an,mois,jour,hrmn,lum,agg,int,atm,col,com,gps,lat,long,dep
201100001886,11,6,8,500,2,1,2,1.0,3.0,22072,M,4850211.0,-325710.0,22
201100001887,11,8,6,1630,1,1,1,8.0,7.0,22328,M,4838649.0,-333997.0,22
201100001888,11,10,1,1,3,1,1,1.0,1.0,22243,M,4838300.0,-349500.0,22
201100001889,11,11,29,1945,3,1,1,8.0,7.0,22243,M,4838062.0,-346919.0,22
201100001890,11,7,11,1730,1,1,1,1.0,5.0,22061,M,4823119.0,-338923.0,22
201100001891,11,7,19,1400,1,2,3,1.0,3.0,22061,M,4822280.0,-339542.0,22
201100001892,11,10,4,730,3,1,1,1.0,7.0,22061,M,4825531.0,-339735.0,22
201100001893,11,12,24,15,5,1,1,2.0,7.0,22229,M,4829200.0,-323700.0,22
201100001894,11,3,12,1900,2,1,1,1.0,6.0,22226,M,4870200.0,-354200.0,22
201100001895,11,3,31,2100,5,2,1,2.0,1.0,22224,M,4872158.0,-350542.0,22
201100001896,11,6,11,1,3,1,3,1.0,3.0,22194,M,0.0,0.0,22
201100001897,11,6,20,800,1,1,1,2.0,3.0,22228,M,4891700.0,376700.0,22
201100001898,11,6,29,1115,1,1,1,1.0,2.0,22207,M,0.0,0.0,22
201100001899,11,7,26,1200,1,2,1,1.0,3.0,22194,M,0.0,0.0,22
201100001900,11,8,8,1530,1,1,1,1.0,4.0,22226,M,4871163.0,-350026.0,22
201100001901,11,8,19,1600,1,1,1,1.0,5.0,22226,M,4870000.0,-354100.0,22
201100001902,11,11,11,1345,1,1,1,1.0,6.0,22238,M,4861900.0,-356200.0,22
201100001903,11,11,21,530,4,2,1,1.0,6.0,22194,M,4867100.0,-361900.0,22
201100001904,11,12,4,1845,3,1,1,3.0,1.0,22387,M,4859300.0,-345000.0,22
201100001905,11,1,7,1900,5,2,1,2.0,6.0,22379,M,0.0,0.0,22
201100001906,11,2,25,2115,3,1,1,2.0,7.0,22379,M,4879746.0,-334813.0,22
201100001907,11,4,4,1700,1,1,1,1.0,1.0,22168,M,4880500.0,-347300.0,22
201100001908,11,4,21,1630,1,2,1,1.0,6.0,22168,M,0.0,0.0,22
201100001909,11,7,4,1430,1,1,1,1.0,3.0,22134,M,4880000.0,-342400.0,22
201100001910,11,9,20,1615,1,1,1,1.0,1.0,22198,M,4876600.0,-348400.0,22
201100001911,11,9,29,1800,1,1,1,7.0,1.0,22134,M,4880000.0,-342000.0,22
201100001912,11,11,18,1730,2,1,1,8.0,1.0,22198,M,4877400.0,-353400.0,22
201100001913,11,12,7,1630,1,1,1,8.0,1.0,22168,M,0.0,0.0,22
201100001914,11,3,29,1815,1,1,3,2.0,1.0,22042,M,4875760.0,-330274.0,22
201100001915,11,5,5,1430,1,2,1,1.0,3.0,22247,M,0.0,0.0,22
201100001916,11,5,17,2245,4,2,1,1.0,7.0,22195,M,4884681.0,-313672.0,22
201100001917,11,6,15,2100,1,1,1,1.0,1.0,22127,M,4878600.0,-311200.0,22
201100001918,11,7,2,1330,1,1,1,1.0,3.0,22199,M,4880100.0,-315300.0,22
201100001919,11,8,12,2300,3,1,1,1.0,6.0,22101,M,0.0,0.0,22
201100001920,11,8,20,1145,1,1,2,1.0,3.0,22152,M,4875720.0,-327886.0,22
201100001921,11,8,24,1530,1,1,4,1.0,2.0,22196,M,4875744.0,-315311.0,22
201100001922,11,9,2,915,1,1,1,9.0,3.0,22166,M,4880000.0,-329600.0,22
201100001923,11,9,18,2145,3,1,1,1.0,6.0,22042,M,4877400.0,-332800.0,22
201100001924,11,10,19,2000,2,2,6,2.0,6.0,22247,M,4873600.0,-324300.0,22
201100001925,11,10,21,1830,1,1,1,1.0,1.0,22221,M,4879800.0,-328200.0,22
201100001926,11,11,6,2030,3,1,1,1.0,7.0,22152,M,4876600.0,-328800.0,22
201100001927,11,11,27,1215,1,1,1,1.0,1.0,22199,M,4878500.0,-318300.0,22
201100001928,11,12,3,1445,1,1,1,3.0,6.0,22196,M,4875500.0,-315100.0,22
201100001929,11,12,16,2015,5,2,1,2.0,3.0,22127,M,0.0,0.0,22
201100001930,11,1,7,1400,1,2,9,1.0,6.0,29003,M,4802567.0,-454362.0,29
201100001931,11,2,21,1745,1,1,1,2.0,3.0,29167,M,4799572.0,-425151.0,29
201100001932,11,3,7,1700,1,1,1,1.0,6.0,29167,M,4797433.0,-425041.0,29
201100001933,11,4,15,1245,1,2,1,1.0,6.0,29003,M,4802435.0,-454060.0,29
201100001934,11,4,30,545,2,1,1,1.0,7.0,29173,M,4800710.0,-417644.0,29
201100001935,11,5,13,1845,1,1,1,1.0,3.0,29214,M,0.0,0.0,29
201100001936,11,5,13,1945,1,1,1,1.0,1.0,29216,M,4795728.0,-416978.0,29
201100001937,11,6,5,1045,1,2,1,3.0,6.0,29003,M,4802340.0,-453900.0,29
201100001938,11,6,7,1800,1,1,1,1.0,1.0,29008,M,4806605.0,-455759.0,29
201100001939,11,7,4,1745,1,2,1,1.0,6.0,29215,M,4798404.0,-441957.0,29
201100001940,11,8,7,1745,1,1,1,1.0,6.0,29218,M,4804188.0,-451696.0,29
201100001941,11,8,19,515,3,1,1,1.0,6.0,29215,M,4799993.0,-442047.0,29
201100001942,11,8,21,1500,1,1,1,1.0,6.0,29070,M,4800773.0,-433105.0,29
201100001943,11,8,28,700,1,2,1,1.0,7.0,29003,M,4801811.0,-453778.0,29
201100001944,11,9,9,1115,1,1,1,2.0,3.0,29216,M,4798205.0,-418781.0,29
201100001945,11,10,2,1345,1,1,1,1.0,3.0,29159,M,4792887.0,-432814.0,29
201100001946,11,10,4,700,2,1,1,1.0,1.0,29108,M,4798283.0,-430799.0,29
201100001947,11,10,27,1645,1,1,1,2.0,6.0,29225,M,4794254.0,-440421.0,29
201100001948,11,11,4,1830,4,2,1,1.0,6.0,29197,M,4801249.0,-448388.0,29
201100001949,11,11,15,1415,1,1,1,1.0,3.0,29108,M,4799864.0,-436211.0,29
201100001950,11,4,28,1500,1,2,1,1.0,1.0,29046,M,4809172.0,-434889.0,29
201100001951,11,5,1,1645,1,2,1,1.0,3.0,29046,M,4808407.0,-431361.0,29
201100001952,11,6,20,815,1,2,1,2.0,7.0,29046,M,4807983.0,-433038.0,29
201100001953,11,8,31,515,3,1,1,1.0,1.0,29169,M,4806256.0,-416486.0,29
201100001954,11,10,27,1630,1,2,1,8.0,3.0,29046,M,4809394.0,-434129.0,29
201100001955,11,11,2,1830,5,2,1,2.0,6.0,29046,M,4809514.0,-434291.0,29
201100001956,11,12,18,730,3,1,1,1.0,1.0,29224,M,4803545.0,-431936.0,29
201100001957,11,1,14,1530,1,1,1,2.0,7.0,29247,M,4796143.0,-402545.0,29
201100001958,11,2,6,600,3,1,1,1.0,6.0,29057,M,4791788.0,-393338.0,29
201100001959,11,2,22,730,5,2,9,2.0,1.0,29058,M,4789961.0,-402043.0,29
201100001960,11,2,26,1830,1,1,1,1.0,1.0,29161,M,4790665.0,-404423.0,29
201100001961,11,3,19,1245,1,1,1,1.0,3.0,29057,M,4791737.0,-399158.0,29
201100001962,11,3,22,1230,1,1,1,1.0,3.0,29247,M,4798284.0,-400088.0,29
201100001963,11,3,27,2300,3,1,1,1.0,3.0,29057,M,4791866.0,-396328.0,29
201100001964,11,6,25,1515,1,1,1,1.0,7.0,29058,M,4788549.0,-412098.0,29
201100001965,11,8,3,1815,1,2,1,1.0,7.0,29006,M,4787737.0,-410106.0,29
201100001966,11,8,7,1130,1,1,1,1.0,1.0,29058,M,4789867.0,-401399.0,29
201100001967,11,9,9,900,1,1,1,2.0,3.0,29247,M,4793421.0,-399052.0,29
201100001968,11,9,8,1815,1,2,1,1.0,5.0,29057,M,4790805.0,-397999.0,29
201100001969,11,9,11,1000,1,1,1,1.0,3.0,29058,M,4789443.0,-401157.0,29
201100001970,11,9,15,30,5,1,6,1.0,1.0,29032,M,4789414.0,-409071.0,29
201100001971,11,9,24,2200,5,2,1,1.0,1.0,29058,M,4789121.0,-400647.0,29
201100001972,11,10,12,1700,1,1,1,1.0,6.0,29247,M,4795939.0,-398974.0,29
201100001973,11,11,9,800,5,2,9,2.0,1.0,29057,M,4790727.0,-398686.0,29
201100001974,11,12,9,1745,3,1,1,1.0,3.0,29058,M,4788420.0,-400635.0,29
201100001975,11,12,25,100,3,1,1,1.0,7.0,29058,M,4788500.0,-403508.0,29
201100001976,11,12,3,1400,1,1,7,1.0,3.0,29247,M,4797549.0,-399994.0,29
201100001977,11,1,14,1915,5,2,1,8.0,1.0,29158,M,4780787.0,-434659.0,29
201100001978,11,3,12,1715,1,1,1,1.0,1.0,29284,M,4782161.0,-425969.0,29
201100001979,11,4,12,1715,1,2,1,1.0,7.0,29220,M,4785694.0,-423738.0,29
201100001980,11,5,4,1445,1,1,1,1.0,3.0,29284,M,4782141.0,-425870.0,29
201100001981,11,6,9,1900,1,2,1,1.0,3.0,29220,M,4786604.0,-421807.0,29
201100001982,11,7,3,1530,1,1,1,1.0,3.0,29135,M,4782608.0,-420190.0,29
201100001983,11,8,26,1300,1,1,1,1.0,2.0,29174,M,4787526.0,-424201.0,29
201100001984,11,9,24,2230,5,2,6,1.0,7.0,29085,M,4785742.0,-415868.0,29
201100001985,11,11,23,1345,1,1,1,1.0,2.0,29174,M,4793942.0,-421489.0,29
201100001986,11,1,15,1800,2,2,1,1.0,3.0,29075,M,4839758.0,-443357.0,29
201100001987,11,1,22,600,2,2,6,1.0,6.0,29075,M,4844100.0,-439417.0,29
201100001988,11,3,5,2230,4,1,6,1.0,6.0,29075,M,4841748.0,-443129.0,29
201100001989,11,3,25,2330,3,1,6,1.0,6.0,29235,M,4839391.0,-440562.0,29
201100001990,11,4,29,1800,1,1,1,1.0,6.0,29075,M,4842661.0,-439460.0,29
201100001991,11,5,15,1030,1,1,1,1.0,2.0,29075,M,4842240.0,-442236.0,29
201100001992,11,8,30,815,1,1,1,1.0,1.0,29061,M,4844937.0,-448244.0,29
201100001993,11,11,17,900,2,2,1,7.0,6.0,29075,M,4843271.0,-440426.0,29
201100001994,11,12,6,1730,2,1,1,1.0,3.0,29061,M,4844666.0,-446317.0,29
201100001995,11,12,13,800,5,1,6,8.0,3.0,29235,M,4839960.0,-441047.0,29
201100001996,11,1,18,1115,1,2,1,1.0,6.0,29103,M,4845280.0,-424634.0,29
201100001997,11,1,27,1415,1,2,1,1.0,6.0,29103,M,4845197.0,-424743.0,29
201100001998,11,1,29,1830,3,1,1,1.0,3.0,29237,M,4845851.0,-419291.0,29
201100001999,11,2,4,815,2,1,1,1.0,3.0,29181,M,4848402.0,-424608.0,29
201100002000,11,5,8,1630,1,2,1,1.0,6.0,29103,M,4844933.0,-424905.0,29
201100002001,11,5,25,945,1,2,1,1.0,6.0,29103,M,4844825.0,-423680.0,29
201100002002,11,9,5,1800,1,2,1,1.0,6.0,29103,M,4845415.0,-425669.0,29
201100002003,11,9,30,1230,1,2,1,1.0,7.0,29156,M,4845401.0,-422459.0,29
201100002004,11,1,31,1730,1,2,1,7.0,1.0,29203,M,4865302.0,-431249.0,29
201100002005,11,2,3,1715,1,2,1,1.0,6.0,29124,M,4857335.0,-432287.0,29
201100002006,11,4,16,1645,1,1,1,1.0,6.0,29248,M,4859777.0,-438586.0,29
201100002007,11,5,18,1845,1,1,1,1.0,6.0,29091,M,4864338.0,-435547.0,29
201100002008,11,7,31,1445,1,1,1,1.0,6.0,29064,M,4862222.0,-429139.0,29
201100002009,11,8,15,1915,1,1,1,1.0,7.0,29094,M,4859512.0,-435251.0,29
201100002010,11,9,2,1645,1,2,1,1.0,6.0,29124,M,4857102.0,-432509.0,29
201100002011,11,9,18,1030,1,1,2,1.0,3.0,29203,M,4864012.0,-433026.0,29
201100002012,11,10,15,1945,5,2,6,1.0,1.0,29055,M,4856065.0,-433701.0,29
201100002013,11,1,24,815,2,1,1,1.0,1.0,29035,M,4848730.0,-452903.0,29
201100002014,11,5,4,1430,1,1,3,1.0,3.0,29195,M,4861612.0,-451330.0,29
201100002015,11,7,24,1145,1,1,1,8.0,1.0,29117,M,4857469.0,-453078.0,29
201100002016,11,7,29,1215,1,1,1,1.0,5.0,29077,M,4863408.0,-440869.0,29
201100002017,11,8,4,900,1,2,1,1.0,1.0,29117,M,4856991.0,-451783.0,29
201100002018,11,8,27,2145,3,1,1,1.0,5.0,29209,M,4854562.0,-450479.0,29
201100002019,11,11,24,915,1,2,1,1.0,6.0,29290,M,4855186.0,-453895.0,29
201100002020,11,12,28,1300,1,1,1,2.0,6.0,29100,M,4857256.0,-439202.0,29
201100002021,11,1,29,1530,1,2,1,1.0,2.0,29260,M,4843147.0,-460585.0,29
201100002022,11,2,17,945,1,2,1,7.0,6.0,29221,M,4850925.0,-476519.0,29
201100002023,11,3,13,730,2,1,1,1.0,6.0,29149,M,4846026.0,-458090.0,29
201100002024,11,5,18,815,1,2,1,1.0,6.0,29260,M,4842687.0,-463016.0,29
201100002025,11,5,28,1030,1,2,1,1.0,3.0,29177,M,4843411.0,-471634.0,29
201100002026,11,7,29,2330,3,1,1,1.0,6.0,29257,M,4855962.0,-463037.0,29
201100002027,11,11,5,1315,1,2,6,1.0,3.0,29178,M,4854114.0,-465654.0,29
201100002028,11,11,20,2000,1,1,1,1.0,3.0,29260,M,4843136.0,-460564.0,29
201100002029,11,2,7,1000,1,1,1,1.0,6.0,29302,M,4829527.0,-407835.0,29
201100002030,11,4,26,415,5,2,1,1.0,6.0,29026,M,4819646.0,-409995.0,29
201100002031,11,5,27,1345,1,1,1,1.0,1.0,29176,M,4814986.0,-423565.0,29
201100002032,11,8,17,1430,1,2,1,1.0,3.0,29026,M,4819679.0,-409109.0,29
201100002033,11,9,22,1445,1,1,1,1.0,3.0,29025,M,4813533.0,-418590.0,29
201100002034,11,9,23,1815,1,2,1,1.0,3.0,29302,M,4825884.0,-408122.0,29
201100002035,11,9,29,715,2,2,6,1.0,1.0,29026,M,4819676.0,-409345.0,29
201100002036,11,10,2,1915,1,1,1,1.0,2.0,29044,M,4819166.0,-412415.0,29
201100002037,11,10,29,930,1,1,1,1.0,3.0,29044,M,4819161.0,-417268.0,29
201100002038,11,11,20,2030,5,2,1,1.0,2.0,29026,M,4819587.0,-409351.0,29
201100002039,11,12,4,800,3,1,1,3.0,1.0,29243,M,4817688.0,-408316.0,29
201100002040,11,12,5,1915,2,1,1,8.0,7.0,29172,M,4820322.0,-423574.0,29
201100002041,11,1,15,1515,1,1,1,8.0,7.0,29089,M,4827438.0,-363527.0,29
201100002042,11,3,20,515,3,1,1,1.0,1.0,29278,M,4820860.0,-367702.0,29
201100002043,11,4,11,1330,1,2,1,1.0,1.0,29024,M,4827417.0,-356047.0,29
201100002044,11,6,22,1800,1,1,1,1.0,3.0,29152,M,4820226.0,-355511.0,29
201100002045,11,7,16,1730,1,2,1,2.0,3.0,29024,M,4828359.0,-359612.0,29
201100002046,11,8,28,1730,1,1,1,1.0,2.0,29054,M,4840254.0,-386058.0,29
201100002047,11,9,7,745,1,1,1,1.0,7.0,29278,M,4820707.0,-370500.0,29
201100002048,11,10,16,1145,1,1,1,7.0,7.0,29275,M,4845273.0,-365170.0,29
201100002049,11,10,16,2015,2,2,1,1.0,3.0,29081,M,4835562.0,-374613.0,29
201100002050,11,1,10,815,3,1,1,1.0,1.0,29048,M,4809557.0,-399576.0,29
201100002051,11,2,8,1600,1,1,1,1.0,3.0,29027,M,0.0,0.0,29
201100002052,11,3,1,1745,1,2,1,1.0,6.0,29027,M,4818695.0,-381465.0,29
201100002053,11,5,21,1500,1,1,1,1.0,7.0,29261,M,4830178.0,-395596.0,29
201100002054,11,6,17,2030,2,1,1,1.0,6.0,29041,M,4807252.0,-381662.0,29
201100002055,11,6,24,2130,1,1,1,1.0,1.0,29016,M,4830510.0,-394396.0,29
201100002056,11,6,28,1645,1,2,1,1.0,2.0,29162,M,4822360.0,-397134.0,29
201100002057,11,7,22,1745,1,1,1,1.0,2.0,29106,M,4808450.0,-407446.0,29
201100002058,11,8,10,1145,1,1,1,1.0,2.0,29162,M,4824910.0,-396518.0,29
201100002059,11,10,10,2015,3,1,1,1.0,1.0,29122,M,4812531.0,-378814.0,29
201100002060,11,11,1,530,3,1,1,5.0,7.0,29175,M,4824885.0,-386459.0,29
201100002061,11,11,12,1600,1,1,1,1.0,6.0,29249,M,4814237.0,-375497.0,29
201100002062,11,12,18,1915,3,1,1,2.0,7.0,29020,M,4807349.0,-398803.0,29
201100002063,11,1,2,115,5,2,1,1.0,6.0,29022,M,4827385.0,-459484.0,29
201100002064,11,3,20,200,3,1,1,1.0,6.0,29042,M,4824526.0,-448858.0,29
201100002065,11,6,8,1700,1,1,1,1.0,3.0,29001,M,4826458.0,-432374.0,29
201100002066,11,8,3,2115,5,2,1,2.0,7.0,29022,M,4827714.0,-459620.0,29
201100002067,11,9,9,845,1,1,1,1.0,3.0,29238,M,4830600.0,-456269.0,29
201100002068,11,9,24,630,2,1,1,1.0,6.0,29001,M,4826105.0,-434832.0,29
201100002069,11,10,2,1445,1,1,1,1.0,6.0,29022,M,4826170.0,-456917.0,29
201100002070,11,11,20,1930,3,1,1,1.0,1.0,29120,M,4827136.0,-444628.0,29
201100002071,11,3,7,600,3,1,1,1.0,7.0,29207,M,4850068.0,-383074.0,29
201100002072,11,3,15,1045,1,1,1,8.0,1.0,29073,M,4866535.0,-370981.0,29
201100002073,11,6,26,1530,1,1,1,1.0,1.0,29188,M,4869500.0,-378976.0,29
201100002074,11,8,16,1130,1,2,1,1.0,3.0,29059,M,4860245.0,-376076.0,29
201100002075,11,10,9,1815,1,1,1,8.0,2.0,29199,M,4857043.0,-371273.0,29
201100002076,11,10,24,1330,1,1,1,3.0,3.0,29183,M,4856740.0,-360527.0,29
201100002077,11,11,19,1745,1,2,7,1.0,7.0,29188,M,4869599.0,-379258.0,29
201100002078,11,11,30,1545,1,2,1,1.0,6.0,29067,M,4851368.0,-359901.0,29
201100002079,11,1,8,1815,3,2,9,8.0,1.0,29105,M,4851571.0,-405340.0,29
201100002080,11,2,5,1945,3,1,1,2.0,5.0,29163,M,4850458.0,-387536.0,29
201100002081,11,3,29,1745,1,2,9,1.0,1.0,29265,M,4855830.0,-387984.0,29
201100002082,11,4,29,2215,3,1,1,1.0,6.0,29163,M,4853434.0,-387301.0,29
201100002083,11,6,7,1000,1,1,1,1.0,3.0,29266,M,4848942.0,-396336.0,29
201100002084,11,10,29,1945,5,1,1,1.0,1.0,29097,M,4849858.0,-405764.0,29
201100002085,11,12,10,1,5,2,1,8.0,6.0,29266,M,4851897.0,-394157.0,29
201100002086,11,3,31,730,2,1,3,1.0,5.0,29192,M,4864811.0,-404319.0,29
201100002087,11,4,17,1800,1,2,1,1.0,1.0,29259,M,4868211.0,-397044.0,29
201100002088,11,4,22,1815,1,2,9,1.0,6.0,29206,M,4861179.0,-421754.0,29
201100002089,11,4,27,1130,1,2,6,1.0,1.0,29271,M,4860516.0,-412341.0,29
201100002090,11,7,14,1515,1,1,1,1.0,1.0,29210,M,4857349.0,-401127.0,29
201100002091,11,8,6,1145,1,1,1,8.0,6.0,29068,M,4855078.0,-399313.0,29
201100002092,11,8,19,1645,1,2,1,1.0,2.0,29023,M,4865209.0,-390660.0,29
201100002093,11,8,26,500,4,2,1,1.0,3.0,29030,M,4866820.0,-410620.0,29
201100002094,11,12,13,1745,5,2,1,3.0,3.0,29239,M,4871481.0,-397835.0,29
201100002095,11,2,11,2045,3,1,1,1.0,6.0,56008,M,0.0,0.0,56
201100002096,11,2,13,1615,1,2,1,3.0,6.0,56206,M,4768409.0,-272693.0,56
201100002097,11,3,12,1215,1,1,1,3.0,5.0,56115,M,0.0,0.0,56
201100002098,11,4,6,1945,1,2,1,1.0,3.0,56206,M,4769038.0,-273644.0,56
201100002099,11,4,17,145,3,1,1,1.0,6.0,56022,M,4778519.0,-292455.0,56
201100002100,11,4,19,345,3,1,1,5.0,7.0,56132,M,4771428.0,-276432.0,56
201100002101,11,4,23,1445,1,1,1,1.0,5.0,56206,M,4772342.0,-274298.0,56
201100002102,11,4,29,1245,1,1,1,1.0,2.0,56067,M,0.0,0.0,56
201100002103,11,5,17,1715,1,1,1,1.0,3.0,56042,M,0.0,0.0,56
201100002104,11,6,23,945,1,1,2,1.0,3.0,56120,M,0.0,0.0,56
201100002105,11,6,24,1630,1,1,1,1.0,1.0,56022,M,0.0,0.0,56
201100002106,11,6,25,1945,1,1,1,1.0,1.0,56003,M,0.0,0.0,56
201100002107,11,9,10,930,1,2,1,1.0,5.0,56164,M,4765607.0,-286714.0,56
201100002108,11,9,10,1600,1,2,1,3.0,3.0,56158,M,0.0,0.0,56
201100002109,11,10,1,2045,5,2,6,1.0,3.0,56206,M,4768929.0,-274289.0,56
201100002110,11,10,8,1400,1,1,1,1.0,3.0,56008,M,4761487.0,-286455.0,56
201100002111,11,10,10,715,5,2,1,2.0,6.0,56067,M,0.0,0.0,56
201100002112,11,10,23,45,3,1,1,1.0,6.0,56157,M,4777972.0,-272735.0,56
201100002113,11,10,28,1415,1,1,1,1.0,1.0,56132,M,0.0,0.0,56
201100002114,11,11,12,1800,5,2,1,1.0,3.0,56164,M,4765840.0,-285076.0,56
201100002115,11,12,2,2015,5,1,1,1.0,2.0,56164,M,0.0,0.0,56
201100002116,11,12,19,1745,5,2,1,2.0,3.0,56003,M,4763546.0,-282275.0,56
201100002117,11,12,22,1215,1,1,1,1.0,6.0,56132,M,0.0,0.0,56
201100002118,11,2,26,1930,3,1,1,1.0,6.0,56183,M,0.0,0.0,56
201100002119,11,3,26,1300,1,1,1,1.0,3.0,56001,M,0.0,0.0,56
201100002120,11,4,23,1745,1,2,1,1.0,6.0,56253,M,0.0,0.0,56
201100002121,11,5,20,1750,1,2,1,1.0,6.0,56033,M,4781661.0,-213351.0,56
201100002122,11,7,23,1900,1,2,1,1.0,1.0,56223,M,4763555.0,-212080.0,56
201100002123,11,9,11,2130,3,1,1,1.0,7.0,56194,M,4759855.0,-212206.0,56
201100002124,11,11,19,1000,1,2,1,7.0,6.0,56239,M,0.0,0.0,56
201100002125,11,1,21,930,1,1,2,1.0,3.0,56149,M,0.0,0.0,56
201100002126,11,1,26,1230,1,1,1,8.0,7.0,56002,M,0.0,0.0,56
201100002127,11,2,6,1845,3,1,1,1.0,6.0,56126,M,0.0,0.0,56
201100002128,11,2,12,145,3,1,1,3.0,7.0,56149,M,4760479.0,-245459.0,56
201100002129,11,2,26,1445,1,1,1,3.0,7.0,56143,M,0.0,0.0,56
201100002130,11,3,3,1600,1,1,2,7.0,3.0,56126,M,0.0,0.0,56
201100002131,11,3,11,1715,1,1,1,1.0,4.0,56147,M,0.0,0.0,56
201100002132,11,4,27,2045,2,1,1,1.0,6.0,56153,M,0.0,0.0,56
201100002133,11,5,22,1230,1,1,1,1.0,7.0,56153,M,4757100.0,-229449.0,56
201100002134,11,5,24,2115,1,1,1,1.0,7.0,56126,M,0.0,0.0,56
201100002135,11,6,2,1900,1,1,1,1.0,4.0,56212,M,0.0,0.0,56
201100002136,11,6,10,1100,1,1,1,1.0,7.0,56126,M,0.0,0.0,56
201100002137,11,7,23,1830,1,1,1,1.0,6.0,56058,M,0.0,0.0,56
201100002138,11,8,9,1545,1,2,1,1.0,6.0,56147,M,4753153.0,-228400.0,56
201100002139,11,8,17,1645,1,1,1,1.0,3.0,56058,M,4748357.0,-234369.0,56
201100002140,11,8,21,700,2,1,1,1.0,6.0,56147,M,0.0,0.0,56
201100002141,11,9,2,1830,1,1,1,1.0,3.0,56149,M,0.0,0.0,56
201100002142,11,9,5,1445,1,1,1,1.0,7.0,56002,M,4757808.0,-255210.0,56
201100002143,11,9,16,100,5,1,1,1.0,7.0,56030,M,0.0,0.0,56
201100002144,11,10,4,1630,1,1,1,1.0,6.0,56149,M,0.0,0.0,56
201100002145,11,10,7,1130,1,2,1,1.0,6.0,56143,M,4755432.0,-248142.0,56
201100002146,11,10,16,715,2,1,1,1.0,6.0,56153,M,0.0,0.0,56
201100002147,11,11,2,1200,1,1,1,2.0,6.0,56149,M,4757922.0,-246336.0,56
201100002148,11,11,3,1430,1,2,1,1.0,3.0,56143,M,4755870.0,-248439.0,56
201100002149,11,11,12,615,3,1,1,5.0,6.0,56143,M,0.0,0.0,56
201100002150,11,11,22,2030,3,1,1,1.0,6.0,56149,M,4759277.0,-243952.0,56
201100002151,11,1,21,1100,1,1,1,1.0,6.0,56053,M,0.0,0.0,56
201100002152,11,2,6,1815,2,1,1,1.0,1.0,56028,M,4762386.0,-227710.0,56
201100002153,11,4,13,2000,1,2,3,1.0,3.0,56053,M,0.0,0.0,56
201100002154,11,4,23,1445,1,2,2,1.0,1.0,56184,M,4766398.0,-245007.0,56
201100002155,11,7,11,1900,1,1,1,1.0,6.0,56159,M,0.0,0.0,56
201100002156,11,8,9,1400,1,1,1,1.0,3.0,56211,M,0.0,0.0,56
201100002157,11,11,13,1400,1,1,1,1.0,6.0,56211,M,0.0,0.0,56
201100002158,11,11,16,1030,1,1,1,1.0,1.0,56028,M,0.0,0.0,56
201100002159,11,1,9,1545,1,1,1,1.0,3.0,56023,M,0.0,0.0,56
201100002160,11,1,10,1145,1,2,6,1.0,3.0,56007,M,4767551.0,-299407.0,56
201100002161,11,1,12,1830,3,1,1,2.0,2.0,56176,M,0.0,0.0,56
201100002162,11,1,28,1615,1,1,1,1.0,3.0,56023,M,4768651.0,-301356.0,56
201100002163,11,2,5,2115,5,2,1,1.0,6.0,56167,M,4765242.0,-291808.0,56
201100002164,11,2,24,600,3,1,1,5.0,2.0,56176,M,0.0,0.0,56
201100002165,11,3,23,1415,1,1,9,1.0,2.0,56023,M,0.0,0.0,56
201100002166,11,4,29,15,4,1,1,1.0,5.0,56167,M,0.0,0.0,56
201100002167,11,4,30,1745,1,1,1,1.0,5.0,56167,M,4763464.0,-291487.0,56
201100002168,11,5,3,1100,1,2,1,1.0,6.0,56007,M,4767431.0,-300125.0,56
201100002169,11,7,8,1445,1,1,1,3.0,3.0,56176,M,0.0,0.0,56
201100002170,11,7,8,1345,1,1,1,3.0,1.0,56176,M,0.0,0.0,56
201100002171,11,8,3,1600,1,1,1,1.0,3.0,56046,M,4765282.0,-302866.0,56
201100002172,11,8,15,1330,1,1,7,1.0,6.0,56007,M,4766666.0,-298625.0,56
201100002173,11,8,24,1600,1,1,1,1.0,6.0,56046,M,4765543.0,-299918.0,56
201100002174,11,9,14,1800,1,1,1,1.0,2.0,56023,M,4771637.0,-300949.0,56
201100002175,11,10,22,800,1,2,6,1.0,3.0,56007,M,4766420.0,-301000.0,56
201100002176,11,12,16,2300,3,1,1,1.0,3.0,56046,M,0.0,0.0,56
201100002177,11,1,14,1500,1,1,1,2.0,1.0,56009,M,0.0,0.0,56
201100002178,11,5,3,1430,1,1,1,1.0,1.0,56009,M,4733151.0,-319740.0,56
201100002179,11,7,4,930,1,1,9,1.0,1.0,56152,M,4733711.0,-316114.0,56
201100002180,11,8,8,1430,1,1,1,1.0,7.0,56241,M,0.0,0.0,56
201100002181,11,8,28,1945,1,2,1,1.0,3.0,56152,M,4734971.0,-315992.0,56
201100002182,11,9,21,1930,2,1,1,1.0,3.0,56009,M,0.0,0.0,56
201100002183,11,11,27,1145,1,1,1,1.0,7.0,56152,M,4735273.0,-318015.0,56