Num_Acc,an,mois,jour,hrmn,lum,agg,int,atm,col,com,gps,lat,long,dep
201100002184,11,2,14,730,5,2,1,1.0,6.0,56034,M,4758260.0,-307918.0,56
201100002185,11,3,6,1745,1,1,1,1.0,7.0,56233,M,0.0,0.0,56
201100002186,11,3,29,1030,1,1,1,8.0,6.0,56034,M,0.0,0.0,56
201100002187,11,3,31,845,1,1,1,1.0,6.0,56034,M,0.0,0.0,56
201100002188,11,4,22,1045,1,1,1,1.0,1.0,56168,M,0.0,0.0,56
201100002189,11,4,29,1200,1,2,1,1.0,3.0,56034,M,4757205.0,-307160.0,56
201100002190,11,4,28,1500,1,2,1,1.0,7.0,56186,M,4749474.0,-311903.0,56
201100002191,11,5,13,1100,1,2,1,1.0,2.0,56186,M,4748479.0,-311892.0,56
201100002192,11,6,27,1500,1,1,1,1.0,6.0,56234,M,0.0,0.0,56
201100002193,11,6,27,1345,1,2,6,1.0,2.0,56034,M,4757950.0,-308163.0,56
201100002194,11,7,13,1845,1,2,1,1.0,5.0,56034,M,4757437.0,-305456.0,56
201100002195,11,7,22,2030,1,2,1,1.0,1.0,56186,M,4748102.0,-311831.0,56
201100002196,11,8,3,1330,1,1,1,1.0,4.0,56168,M,4761381.0,-312862.0,56
201100002197,11,9,4,630,5,2,1,2.0,7.0,56258,M,4759292.0,-302541.0,56
201100002198,11,9,6,1645,1,2,1,1.0,6.0,56034,M,4758917.0,-307829.0,56
201100002199,11,12,22,1000,1,1,1,1.0,6.0,56181,M,4770810.0,-335363.0,56
201100002200,11,12,27,1445,1,1,1,5.0,1.0,56169,M,0.0,0.0,56
201100002201,11,1,11,1530,1,2,1,1.0,7.0,56069,M,4764018.0,-345789.0,56
201100002202,11,2,17,1745,1,1,1,7.0,6.0,56069,M,4764020.0,-344634.0,56
201100002203,11,5,5,530,1,1,1,1.0,7.0,56069,M,4764404.0,-348616.0,56
201100002204,11,5,25,1830,1,2,1,1.0,3.0,56069,M,4763801.0,-344276.0,56
201100002205,11,1,19,1830,3,1,1,1.0,1.0,56166,M,4793300.0,-334430.0,56
201100002206,11,1,26,1615,1,1,1,1.0,3.0,56036,M,4778567.0,-333531.0,56
201100002207,11,2,1,1045,1,2,1,1.0,7.0,56179,M,4783577.0,-339536.0,56
201100002208,11,2,1,1645,1,1,2,1.0,3.0,56078,M,0.0,0.0,56
201100002209,11,3,10,605,3,1,1,5.0,7.0,56040,M,0.0,0.0,56
201100002210,11,3,26,530,3,1,1,1.0,7.0,56185,M,0.0,0.0,56
201100002211,11,3,30,1745,1,1,9,2.0,3.0,56185,M,0.0,0.0,56
201100002212,11,4,2,1315,1,2,1,1.0,6.0,56036,M,4781942.0,-334454.0,56
201100002213,11,4,5,1330,1,1,1,7.0,3.0,56036,M,4778136.0,-334782.0,56
201100002214,11,5,18,800,1,2,6,1.0,3.0,56036,M,4778298.0,-333852.0,56
201100002215,11,6,5,930,1,1,1,1.0,3.0,56185,M,4780185.0,-339750.0,56
201100002216,11,6,17,945,1,1,6,3.0,6.0,56036,M,4778488.0,-334018.0,56
201100002217,11,7,11,1100,1,2,6,1.0,3.0,56036,M,4778449.0,-333959.0,56
201100002218,11,7,17,1015,1,1,1,8.0,3.0,56040,M,4783977.0,-335746.0,56
201100002219,11,8,5,1630,1,1,1,1.0,3.0,56078,M,0.0,0.0,56
201100002220,11,8,7,345,5,2,1,1.0,6.0,56166,M,4790918.0,-334372.0,56
201100002221,11,9,16,1830,1,1,1,1.0,2.0,56036,M,4777980.0,-334323.0,56
201100002222,11,10,30,400,3,1,1,1.0,6.0,56185,M,0.0,0.0,56
201100002223,11,10,31,1845,5,2,1,1.0,3.0,56036,M,4780870.0,-334090.0,56
201100002224,11,12,2,830,1,1,1,5.0,6.0,56188,M,0.0,0.0,56
201100002225,11,1,22,1900,3,1,1,2.0,1.0,56119,M,0.0,0.0,56
201100002226,11,2,25,1315,1,1,1,1.0,6.0,56161,M,4768373.0,-306942.0,56
201100002227,11,2,26,2030,3,1,1,1.0,7.0,56062,M,0.0,0.0,56
201100002228,11,3,10,1515,1,2,1,1.0,6.0,56055,M,4765490.0,-319931.0,56
201100002229,11,3,24,2000,5,1,1,1.0,1.0,56169,M,4768427.0,-323165.0,56
201100002230,11,4,3,1815,1,2,1,1.0,6.0,56193,M,4771252.0,-330343.0,56
201100002231,11,4,19,1545,1,1,1,7.0,1.0,56181,M,0.0,0.0,56
201100002232,11,5,13,715,1,1,1,1.0,2.0,56013,M,0.0,0.0,56
201100002233,11,6,26,1830,1,1,1,1.0,7.0,56161,M,0.0,0.0,56
201100002234,11,7,4,1345,1,1,2,1.0,1.0,56161,M,0.0,0.0,56
201100002235,11,7,4,1830,1,2,1,1.0,3.0,56054,M,4764421.0,-315699.0,56
201100002236,11,7,4,1915,1,2,1,1.0,3.0,56062,M,4769798.0,-334170.0,56
201100002237,11,7,5,1745,1,1,1,8.0,3.0,56013,M,0.0,0.0,56
201100002238,11,8,18,515,3,1,1,5.0,1.0,56119,M,0.0,0.0,56
201100002239,11,8,30,715,1,1,1,1.0,7.0,56119,M,4771822.0,-307996.0,56
201100002240,11,9,13,1600,1,1,1,1.0,4.0,56013,M,0.0,0.0,56
201100002241,11,9,24,1645,1,1,1,1.0,3.0,56130,M,0.0,0.0,56
201100002242,11,11,6,600,3,1,1,1.0,5.0,56161,M,0.0,0.0,56
201100002243,11,11,11,2145,3,1,1,2.0,6.0,56161,M,4766206.0,-304947.0,56
201100002244,11,12,9,900,5,1,3,2.0,3.0,56193,M,0.0,0.0,56
201100002245,11,12,22,1545,1,2,1,1.0,2.0,56055,M,4765947.0,-319920.0,56
201100002246,11,1,8,1715,1,1,1,1.0,6.0,56145,M,4802799.0,-233767.0,56
201100002247,11,1,16,400,5,2,1,1.0,6.0,56127,M,0.0,0.0,56
201100002248,11,2,5,1200,1,2,1,1.0,2.0,56127,M,4807853.0,-229029.0,56
201100002249,11,2,18,2330,3,1,1,3.0,7.0,56127,M,0.0,0.0,56
201100002250,11,2,21,1700,1,1,1,2.0,6.0,56165,M,0.0,0.0,56
201100002251,11,3,7,1145,1,1,1,1.0,3.0,56127,M,0.0,0.0,56
201100002252,11,4,18,1830,1,1,1,1.0,5.0,56165,M,0.0,0.0,56
201100002253,11,4,19,1515,1,1,1,1.0,3.0,56257,M,0.0,0.0,56
201100002254,11,5,19,2030,1,1,1,1.0,6.0,56127,M,0.0,0.0,56
201100002255,11,6,23,1730,1,1,1,1.0,2.0,56227,M,0.0,0.0,56
201100002256,11,7,4,1745,1,1,1,1.0,7.0,56122,M,0.0,0.0,56
201100002257,11,7,5,2300,3,1,1,1.0,6.0,56065,M,0.0,0.0,56
201100002258,11,7,14,145,3,1,1,1.0,6.0,56249,M,4796512.0,-241698.0,56
201100002259,11,7,16,900,1,1,1,2.0,6.0,56032,M,0.0,0.0,56
201100002260,11,7,18,1930,1,1,6,1.0,2.0,56165,M,0.0,0.0,56
201100002261,11,7,22,1800,1,1,1,1.0,5.0,56249,M,0.0,0.0,56
201100002262,11,7,29,2145,1,1,1,1.0,6.0,56165,M,0.0,0.0,56
201100002263,11,8,30,1645,1,1,1,1.0,7.0,56129,M,4814763.0,-249428.0,56
201100002264,11,9,17,2200,4,2,1,2.0,7.0,56249,M,4795627.0,-243900.0,56
201100002265,11,10,18,1115,1,1,1,2.0,2.0,56102,M,0.0,0.0,56
201100002266,11,11,5,1515,1,1,1,1.0,6.0,56043,M,4807380.0,-217505.0,56
201100002267,11,12,22,1045,1,2,1,7.0,3.0,56249,M,4795931.0,-243994.0,56
201100002268,11,1,10,1945,3,1,1,2.0,3.0,56244,M,0.0,0.0,56
201100002269,11,1,18,1600,2,1,1,8.0,4.0,56228,M,0.0,0.0,56
201100002270,11,1,19,1200,1,1,1,1.0,3.0,56200,M,0.0,0.0,56
201100002271,11,2,6,100,3,1,1,1.0,6.0,56075,M,0.0,0.0,56
201100002272,11,2,22,1750,1,2,1,9.0,3.0,56075,M,4790241.0,-211991.0,56
201100002273,11,4,21,1845,1,2,1,1.0,6.0,56075,M,4794319.0,-212044.0,56
201100002274,11,4,24,800,1,1,1,1.0,1.0,56136,M,0.0,0.0,56
201100002275,11,5,26,2330,5,2,1,2.0,6.0,56075,M,4790248.0,-211998.0,56
201100002276,11,6,20,745,1,1,1,2.0,6.0,56075,M,0.0,0.0,56
201100002277,11,7,7,1045,1,1,1,3.0,6.0,56075,M,0.0,0.0,56
201100002278,11,7,24,30,3,1,1,1.0,6.0,56012,M,4795971.0,-217131.0,56
201100002279,11,7,26,1100,1,1,1,1.0,3.0,56020,M,4778936.0,-246240.0,56
201100002280,11,7,30,1500,1,1,1,1.0,3.0,56112,M,0.0,0.0,56
201100002281,11,7,31,2315,3,1,1,1.0,7.0,56006,M,0.0,0.0,56
201100002282,11,8,4,1330,1,1,1,1.0,1.0,56200,M,0.0,0.0,56
201100002283,11,8,6,1545,1,2,1,2.0,2.0,56006,M,4791823.0,-227185.0,56
201100002284,11,8,20,900,1,2,1,1.0,3.0,56228,M,4777462.0,-301772.0,56
201100002285,11,8,26,30,3,1,1,2.0,6.0,56075,M,4791512.0,-212294.0,56
201100002286,11,10,21,2345,3,1,1,1.0,1.0,56075,M,0.0,0.0,56
201100002287,11,10,23,1430,1,1,1,7.0,7.0,56075,M,0.0,0.0,56
201100002288,11,10,30,800,1,1,1,1.0,7.0,56075,M,0.0,0.0,56
201100002289,11,12,2,1445,1,1,1,1.0,1.0,56226,M,0.0,0.0,56
201100002290,11,12,10,2200,3,1,1,5.0,6.0,56200,M,0.0,0.0,56
201100002291,11,1,25,1300,1,1,1,1.0,7.0,56071,M,0.0,0.0,56
201100002292,11,2,2,1845,3,1,1,9.0,3.0,56047,M,4802564.0,-273968.0,56
201100002293,11,2,2,2045,3,1,1,8.0,3.0,56024,M,0.0,0.0,56
201100002294,11,3,20,1830,1,1,2,1.0,3.0,56079,M,0.0,0.0,56
201100002295,11,4,3,2045,3,1,1,2.0,1.0,56102,M,0.0,0.0,56
201100002296,11,4,20,1800,1,2,1,1.0,6.0,56222,M,4784481.0,-271219.0,56
201100002297,11,5,2,2030,1,2,1,1.0,3.0,56172,M,4783703.0,-263998.0,56
201100002298,11,5,14,1500,1,1,1,1.0,7.0,56102,M,4796457.0,-256939.0,56
201100002299,11,7,23,1200,1,1,1,1.0,3.0,56017,M,0.0,0.0,56
201100002300,11,7,29,1530,1,1,1,1.0,6.0,56050,M,4795145.0,-252182.0,56
201100002301,11,8,10,1215,1,1,1,1.0,2.0,56102,M,0.0,0.0,56
201100002302,11,9,10,1000,1,2,1,1.0,1.0,56198,M,4806658.0,-275509.0,56
201100002303,11,10,2,1900,1,2,1,1.0,2.0,56198,M,4806622.0,-275692.0,56
201100002304,11,10,21,2030,3,1,2,9.0,1.0,56102,M,0.0,0.0,56
201100002305,11,10,28,1945,3,1,1,1.0,7.0,56222,M,0.0,0.0,56
201100002306,11,11,24,1430,1,1,1,1.0,6.0,56019,M,0.0,0.0,56
201100002307,11,11,25,1815,3,1,1,1.0,6.0,56017,M,0.0,0.0,56
201100002308,11,12,6,815,2,1,1,1.0,1.0,56017,M,0.0,0.0,56
201100002309,11,12,17,1100,1,1,1,9.0,3.0,56051,M,0.0,0.0,56
201100002310,11,1,5,1330,1,2,1,2.0,3.0,56178,M,4806861.0,-296129.0,56
201100002311,11,1,6,1700,1,1,1,2.0,3.0,56041,M,0.0,0.0,56
201100002312,11,1,24,1030,1,1,1,1.0,6.0,56178,M,0.0,0.0,56
201100002313,11,2,27,1800,1,1,1,2.0,7.0,56163,M,4807876.0,-327241.0,56
201100002314,11,3,5,1400,1,1,1,1.0,3.0,56237,M,0.0,0.0,56
201100002315,11,3,13,730,1,1,1,2.0,6.0,56076,M,0.0,0.0,56
201100002316,11,3,21,1530,1,1,1,1.0,3.0,56113,M,0.0,0.0,56
201100002317,11,3,28,1315,1,1,1,1.0,3.0,56041,M,4812782.0,-310418.0,56
201100002318,11,4,1,1515,1,1,1,1.0,1.0,56178,M,0.0,0.0,56
201100002319,11,4,24,600,3,2,1,1.0,6.0,56093,M,4814602.0,-295427.0,56
201100002320,11,4,30,1400,1,1,1,1.0,5.0,56113,M,0.0,0.0,56
201100002321,11,5,18,1615,1,2,1,1.0,6.0,56178,M,4807031.0,-296598.0,56
201100002322,11,6,10,445,3,1,1,1.0,6.0,56151,M,4804460.0,-287394.0,56
201100002323,11,7,2,1815,1,2,1,1.0,3.0,56178,M,4805689.0,-297395.0,56
201100002324,11,8,1,1845,1,1,1,1.0,1.0,56076,M,4803108.0,-308969.0,56
201100002325,11,8,16,215,5,2,1,1.0,7.0,56178,M,4806923.0,-295799.0,56
201100002326,11,9,12,1815,1,1,1,1.0,5.0,56146,M,0.0,0.0,56
201100002327,11,9,17,2015,1,1,1,1.0,6.0,56092,M,4805124.0,-283540.0,56
201100002328,11,10,2,1200,1,1,1,7.0,2.0,56092,M,0.0,0.0,56
201100002329,11,10,3,945,1,2,1,7.0,6.0,56178,M,4806506.0,-296538.0,56
201100002330,11,10,10,1915,1,1,1,1.0,6.0,56237,M,0.0,0.0,56
201100002331,11,11,8,1730,1,1,1,1.0,6.0,56092,M,0.0,0.0,56
201100002332,11,11,12,1545,1,1,1,8.0,6.0,56242,M,0.0,0.0,56
201100002333,11,11,18,745,3,1,1,2.0,3.0,56213,M,4810651.0,-292104.0,56
201100002334,11,12,25,200,3,2,1,1.0,6.0,56178,M,4807105.0,-296415.0,56
201100002335,11,1,16,1715,2,2,6,1.0,6.0,56010,M,4788888.0,-301492.0,56
201100002336,11,2,28,1930,5,2,1,2.0,1.0,56016,M,0.0,0.0,56
201100002337,11,3,17,1830,2,1,3,1.0,5.0,56010,M,0.0,0.0,56
201100002338,11,3,24,815,1,2,1,1.0,2.0,56117,M,4788485.0,-283281.0,56
201100002339,11,5,5,1615,1,1,1,1.0,3.0,56141,M,0.0,0.0,56
201100002340,11,5,23,900,1,2,1,1.0,1.0,56010,M,4787496.0,-301946.0,56
201100002341,11,6,8,1145,1,1,1,2.0,6.0,56174,M,0.0,0.0,56
201100002342,11,7,11,1415,1,2,2,1.0,3.0,56207,M,4792666.0,-304097.0,56
201100002343,11,8,24,2145,1,1,1,1.0,3.0,56141,M,0.0,0.0,56
201100002344,11,8,28,1845,1,1,1,1.0,3.0,56010,M,0.0,0.0,56
201100002345,11,8,29,1845,1,1,9,1.0,3.0,56174,M,0.0,0.0,56
201100002346,11,10,28,1815,1,1,1,1.0,6.0,56207,M,0.0,0.0,56
201100002347,11,11,13,100,3,1,1,1.0,3.0,56074,M,0.0,0.0,56
201100002348,11,12,3,1345,1,1,1,2.0,3.0,56174,M,4786127.0,-289134.0,56
201100002349,11,12,12,1815,5,2,1,3.0,3.0,56117,M,4788106.0,-282852.0,56
201100002350,11,1,19,1345,1,1,1,1.0,3.0,56081,M,0.0,0.0,56
201100002351,11,1,31,1030,1,1,1,9.0,1.0,56100,M,0.0,0.0,56
201100002352,11,3,13,30,3,1,1,5.0,6.0,56014,M,0.0,0.0,56
201100002353,11,3,24,900,1,2,1,1.0,1.0,56066,M,4814518.0,-360439.0,56
201100002354,11,3,27,2145,3,1,1,5.0,6.0,56081,M,0.0,0.0,56
201100002355,11,4,1,1230,1,1,1,1.0,7.0,56066,M,0.0,0.0,56
201100002356,11,4,30,1730,3,1,1,1.0,6.0,56131,M,0.0,0.0,56
201100002357,11,5,23,1900,1,2,1,1.0,3.0,56066,M,0.0,0.0,56
201100002358,11,6,5,30,3,2,1,1.0,3.0,56014,M,0.0,0.0,56
201100002359,11,6,6,45,3,1,1,1.0,6.0,56081,M,4804069.0,-365514.0,56
201100002360,11,6,28,1445,1,2,1,1.0,1.0,56081,M,4804942.0,-363494.0,56
201100002361,11,7,2,845,1,2,1,1.0,6.0,56057,M,0.0,0.0,56
201100002362,11,8,31,1100,1,2,1,1.0,6.0,56057,M,4803227.0,-349029.0,56
201100002363,11,8,31,1015,1,1,1,1.0,1.0,56057,M,0.0,0.0,56
201100002364,11,9,2,1415,1,1,1,1.0,6.0,56066,M,4812522.0,-358100.0,56
201100002365,11,11,17,1545,1,1,1,1.0,3.0,56131,M,0.0,0.0,56
201100002366,11,3,3,345,3,1,1,1.0,6.0,14044,M,4928220.0,-41494.0,14
201100002367,11,3,18,845,1,1,2,8.0,3.0,14044,M,4927200.0,-43500.0,14
201100002368,11,4,15,1900,1,1,1,1.0,1.0,14014,M,4925540.0,-40557.0,14
201100002369,11,6,12,830,1,1,3,1.0,3.0,14384,M,4930330.0,-35659.0,14
201100002370,11,6,23,1530,1,2,3,1.0,1.0,14066,M,4933470.0,-41921.0,14
201100002371,11,7,21,1445,1,1,1,8.0,4.0,14044,M,4929200.0,-41400.0,14
201100002372,11,8,24,1415,1,1,1,1.0,3.0,14044,M,4929200.0,-41400.0,14
201100002373,11,8,30,1330,1,2,1,1.0,6.0,14228,M,0.0,0.0,14
201100002374,11,9,24,1130,1,1,1,1.0,7.0,14354,M,4931900.0,-37200.0,14
201100002375,11,11,25,1700,2,2,1,1.0,2.0,14562,M,0.0,0.0,14
201100002376,11,12,3,1430,1,2,9,8.0,1.0,14228,M,0.0,0.0,14
201100002377,11,3,5,1330,1,2,3,1.0,1.0,14610,M,4918050.0,-48571.0,14
201100002378,11,5,11,745,1,2,1,1.0,7.0,14738,M,4918370.0,-50039.0,14
201100002379,11,6,21,1505,1,1,1,1.0,1.0,14297,M,4911640.0,-50339.0,14
201100002380,11,6,22,145,3,2,6,1.0,6.0,14543,M,0.0,0.0,14
201100002381,11,9,3,1645,1,1,2,1.0,3.0,14042,M,4912000.0,-49000.0,14
201100002382,11,1,14,1530,1,1,1,1.0,1.0,14456,M,4911310.0,-18801.0,14
201100002383,11,1,20,845,1,2,1,1.0,6.0,14020,M,4912220.0,-17257.0,14
201100002384,11,1,31,1840,3,1,1,1.0,7.0,14319,M,4914290.0,-30553.0,14
201100002385,11,2,5,330,3,1,1,1.0,7.0,14164,M,4906950.0,-40490.0,14
201100002386,11,3,23,1400,1,1,3,1.0,1.0,14074,M,4908680.0,-19118.0,14
201100002387,11,3,28,1030,1,1,1,1.0,7.0,14486,M,4898080.0,-21362.0,14
201100002388,11,4,20,2335,3,1,1,1.0,2.0,14691,M,4910970.0,-31828.0,14
201100002389,11,5,8,1310,1,1,1,1.0,6.0,14145,M,4904900.0,-25051.0,14
201100002390,11,5,9,2345,3,1,1,1.0,6.0,14659,M,4905700.0,-22300.0,14
201100002391,11,6,17,1400,1,1,1,2.0,7.0,14623,M,4912450.0,-35654.0,14
201100002392,11,7,1,1730,1,1,1,1.0,3.0,14456,M,4912200.0,-17000.0,14
201100002393,11,8,27,1100,1,1,1,1.0,7.0,14290,M,0.0,0.0,14
201100002394,11,10,29,2100,3,1,1,1.0,7.0,14455,M,4899600.0,-34300.0,14
201100002395,11,11,20,1215,1,1,1,1.0,3.0,14455,M,4900300.0,-36000.0,14
201100002396,11,12,7,1045,1,1,2,1.0,3.0,14276,M,4897500.0,-26800.0,14
201100002397,11,1,5,745,2,2,1,1.0,7.0,14488,M,4928440.0,-26166.0,14
201100002398,11,1,21,1140,1,1,1,1.0,7.0,14166,M,4928850.0,-28482.0,14
201100002399,11,3,28,1500,1,2,1,1.0,3.0,14488,M,4928720.0,-24968.0,14
201100002400,11,4,7,445,5,2,1,1.0,6.0,14068,M,4924460.0,-33002.0,14
201100002401,11,4,22,2215,3,1,1,1.0,3.0,14076,M,4923510.0,-29052.0,14
201100002402,11,5,3,900,1,2,2,1.0,3.0,14166,M,4927290.0,-30093.0,14
201100002403,11,6,21,825,1,2,2,8.0,3.0,14488,M,4928490.0,-26308.0,14
201100002404,11,10,1,145,5,2,1,1.0,6.0,14488,M,0.0,0.0,14
201100002405,11,3,27,1550,1,1,3,1.0,3.0,14120,M,4907990.0,-79103.0,14
201100002406,11,5,4,2215,3,2,4,1.0,6.0,14007,M,4907970.0,-70799.0,14
201100002407,11,5,25,2100,2,1,3,1.0,1.0,14372,M,4911520.0,-73792.0,14
201100002408,11,1,15,1415,1,1,1,1.0,1.0,14724,M,4925040.0,-16999.0,14
201100002409,11,3,22,1500,1,1,1,1.0,1.0,14724,M,4927100.0,-15900.0,14
201100002410,11,8,27,1700,1,2,1,1.0,3.0,14651,M,0.0,0.0,14
201100002411,11,9,12,945,1,2,1,1.0,1.0,14657,M,0.0,0.0,14
201100002412,11,1,9,1145,1,2,1,7.0,6.0,14047,M,4928860.0,-70373.0,14
201100002413,11,1,13,1710,1,1,3,1.0,3.0,14609,M,4926260.0,-71494.0,14
201100002414,11,1,18,1645,1,2,1,1.0,6.0,14047,M,0.0,0.0,14
201100002415,11,2,26,1430,1,2,1,1.0,2.0,14728,M,4928550.0,-73512.0,14
201100002416,11,3,12,1500,1,1,2,1.0,3.0,14609,M,4926650.0,-70982.0,14
201100002417,11,5,11,700,1,2,1,7.0,6.0,14732,M,4928300.0,-71314.0,14
201100002418,11,5,23,1645,1,2,1,1.0,6.0,14047,M,4928400.0,-70700.0,14
201100002419,11,6,30,2310,3,1,1,1.0,7.0,14732,M,4929800.0,-70306.0,14
201100002420,11,7,25,1530,1,2,1,1.0,6.0,14047,M,4928200.0,-71600.0,14
201100002421,11,8,14,2330,3,1,1,1.0,1.0,14040,M,4927000.0,-75100.0,14
201100002422,11,9,13,815,1,1,1,1.0,6.0,14346,M,4921100.0,-67900.0,14
201100002423,11,9,24,900,1,1,1,7.0,3.0,14728,M,4928800.0,-72200.0,14
201100002424,11,11,8,745,1,1,9,1.0,3.0,14630,M,0.0,0.0,14
201100002425,11,11,18,1615,1,1,1,1.0,1.0,14130,M,4926200.0,-81000.0,14
201100002426,11,12,6,1915,5,2,1,2.0,3.0,14047,M,0.0,0.0,14
201100002427,11,2,21,1500,1,1,1,8.0,1.0,14727,M,4921200.0,-84100.0,14
201100002428,11,3,5,120,5,2,1,1.0,6.0,14342,M,4931720.0,-110021.0,14
201100002429,11,4,13,1845,1,1,1,2.0,6.0,14462,M,0.0,0.0,14
201100002430,11,4,17,1200,1,1,1,1.0,1.0,14468,M,0.0,0.0,14
201100002431,11,4,24,1330,1,2,6,1.0,7.0,14342,M,4931190.0,-109844.0,14
201100002432,11,5,8,1300,1,1,1,1.0,7.0,14605,M,4936200.0,-88200.0,14
201100002433,11,6,2,845,1,1,2,1.0,3.0,14716,M,4918210.0,-72336.0,14
201100002434,11,6,16,800,1,1,1,1.0,1.0,14727,M,4921100.0,-83600.0,14
201100002435,11,7,15,1700,1,2,1,1.0,1.0,14705,M,4923700.0,-93100.0,14
201100002436,11,7,30,2100,1,1,1,1.0,6.0,14138,M,0.0,0.0,14
201100002437,11,9,1,1500,1,2,1,1.0,1.0,14342,M,0.0,0.0,14
201100002438,11,9,10,1845,1,1,1,2.0,5.0,14103,M,4924900.0,-86300.0,14
201100002439,11,12,21,1815,5,2,1,2.0,6.0,14035,M,4918700.0,-84100.0,14
201100002440,11,2,12,1630,1,1,1,1.0,6.0,14064,M,4895090.0,-8580.0,14
201100002441,11,2,25,1600,1,2,1,1.0,7.0,14258,M,4888980.0,-18671.0,14
201100002442,11,3,23,1330,1,2,1,1.0,6.0,14258,M,4888900.0,-19639.0,14
201100002443,11,7,5,1645,1,2,1,1.0,3.0,14258,M,4890100.0,-18400.0,14
201100002444,11,8,7,1500,1,1,1,1.0,2.0,14627,M,0.0,0.0,14
201100002445,11,8,12,915,1,1,1,1.0,2.0,14258,M,4890600.0,-21400.0,14
201100002446,11,8,27,1145,1,2,1,1.0,6.0,14258,M,4889900.0,-20000.0,14
201100002447,11,9,23,1900,1,1,1,1.0,3.0,14332,M,4884000.0,-14600.0,14
201100002448,11,10,23,100,3,2,1,1.0,7.0,14053,M,0.0,0.0,14
201100002449,11,1,12,1840,5,2,1,2.0,6.0,14689,M,4898630.0,-47727.0,14
201100002450,11,1,17,1445,5,2,1,2.0,6.0,14689,M,0.0,0.0,14
201100002451,11,4,10,730,1,1,1,1.0,6.0,14146,M,4894090.0,-55537.0,14
201100002452,11,5,28,1615,1,2,3,1.0,1.0,14656,M,4893830.0,-50541.0,14
201100002453,11,9,30,915,1,1,1,1.0,3.0,14248,M,0.0,0.0,14
201100002454,11,12,18,600,3,1,1,2.0,6.0,14603,M,0.0,0.0,14
201100002455,11,12,28,1530,1,1,1,2.0,1.0,14710,M,0.0,0.0,14
201100002456,11,2,25,1805,5,2,1,1.0,3.0,14431,M,4907280.0,-7437.0,14
201100002457,11,3,8,1815,1,2,2,1.0,3.0,14697,M,4900550.0,-1035.0,14
201100002458,11,3,21,1345,1,1,1,1.0,6.0,14422,M,4909590.0,1456.0,14
201100002459,11,4,20,1505,1,1,1,1.0,1.0,14099,M,4902920.0,-2636.0,14
201100002460,11,5,4,1545,1,1,2,1.0,3.0,14082,M,4914430.0,12367.0,14
201100002461,11,5,29,2015,1,1,1,1.0,1.0,14648,M,4912300.0,16800.0,14
201100002462,11,7,2,1900,1,2,1,1.0,1.0,14489,M,4905500.0,-2600.0,14
201100002463,11,7,15,330,3,1,1,1.0,7.0,14600,M,4908600.0,10600.0,14
201100002464,11,7,26,900,1,1,1,1.0,6.0,14735,M,4900600.0,-6500.0,14
201100002465,11,7,26,2200,2,1,1,1.0,1.0,14031,M,0.0,0.0,14
201100002466,11,8,19,945,1,2,6,1.0,3.0,14431,M,4907700.0,-7000.0,14
201100002467,11,10,13,2215,3,1,1,1.0,3.0,14431,M,4909500.0,-5800.0,14
201100002468,11,11,15,615,3,1,1,5.0,6.0,14735,M,4899200.0,-8000.0,14
201100002469,11,12,16,1115,1,2,1,1.0,3.0,14431,M,0.0,0.0,14
201100002470,11,1,4,800,2,1,1,4.0,1.0,14403,M,4914360.0,36362.0,14
201100002471,11,1,22,115,5,2,1,1.0,7.0,14421,M,4910690.0,29176.0,14
201100002472,11,1,25,1825,3,1,1,2.0,1.0,14478,M,4904180.0,37679.0,14
201100002473,11,4,13,930,1,1,1,1.0,1.0,14326,M,4918020.0,29730.0,14
201100002474,11,6,14,1745,1,1,2,1.0,1.0,14058,M,4899450.0,21909.0,14
201100002475,11,7,24,415,3,1,1,1.0,3.0,14105,M,0.0,0.0,14
201100002476,11,8,1,630,1,1,1,1.0,6.0,14615,M,4900300.0,19900.0,14
201100002477,11,8,28,1945,2,2,6,1.0,7.0,14371,M,0.0,0.0,14
201100002478,11,9,10,200,5,2,1,1.0,4.0,14371,M,4901200.0,15100.0,14
201100002479,11,9,25,315,3,1,1,1.0,3.0,14418,M,0.0,0.0,14
201100002480,11,11,23,2145,5,1,1,1.0,6.0,14421,M,0.0,0.0,14
201100002481,11,12,5,915,3,1,1,2.0,6.0,14303,M,4912100.0,25700.0,14
201100002482,11,1,10,915,1,1,1,1.0,6.0,14286,M,4936280.0,22394.0,14
201100002483,11,5,6,1937,2,1,1,1.0,7.0,14041,M,4936840.0,17924.0,14
201100002484,11,8,12,1530,1,2,1,1.0,7.0,14694,M,4922100.0,16400.0,14
201100002485,11,8,27,945,1,1,1,1.0,1.0,14500,M,4924300.0,21100.0,14
201100002486,11,9,12,2145,3,1,1,1.0,3.0,14555,M,0.0,0.0,14
201100002487,11,9,22,900,1,1,1,1.0,3.0,14575,M,4928400.0,11500.0,14
201100002488,11,9,29,1845,1,1,1,1.0,1.0,14269,M,0.0,0.0,14
201100002489,11,11,8,1815,5,2,1,1.0,2.0,14563,M,0.0,0.0,14
201100002490,11,11,12,1700,1,1,1,1.0,3.0,14269,M,0.0,0.0,14
201100002491,11,11,17,915,1,2,1,1.0,6.0,14514,M,0.0,0.0,14
201100002492,11,12,24,1900,5,2,1,1.0,6.0,14514,M,0.0,0.0,14
201100002493,11,1,10,810,2,1,1,8.0,1.0,14093,M,4927790.0,690.0,14
201100002494,11,1,10,730,2,1,1,9.0,6.0,14660,M,4928740.0,835.0,14
201100002495,11,2,2,2045,3,1,3,2.0,2.0,14033,M,4919760.0,6631.0,14