Num_Acc,an,mois,jour,hrmn,lum,agg,int,atm,col,com,gps,lat,long,dep
201100002496,11,3,27,1300,1,1,1,1.0,3.0,14606,M,4923310.0,-2365.0,14
201100002497,11,4,26,1500,1,1,3,1.0,3.0,14231,M,0.0,0.0,14
201100002498,11,5,23,1530,1,1,1,1.0,5.0,14227,M,4925480.0,-4052.0,14
201100002499,11,5,29,1115,1,1,3,1.0,3.0,14198,M,4923330.0,2531.0,14
201100002500,11,5,30,1900,1,1,1,1.0,7.0,14494,M,4926200.0,-9475.0,14
201100002501,11,7,16,30,3,1,1,2.0,6.0,14474,M,0.0,0.0,14
201100002502,11,7,29,2030,1,1,1,1.0,3.0,14723,M,0.0,0.0,14
201100002503,11,11,2,1215,1,1,1,1.0,1.0,14494,M,0.0,0.0,14
201100002504,11,4,25,1425,1,1,1,1.0,1.0,14584,M,4882290.0,-89963.0,14
201100002505,11,5,18,1630,1,1,1,1.0,7.0,14424,M,4887440.0,-96128.0,14
201100002506,11,8,19,1645,1,1,1,1.0,3.0,14545,M,0.0,0.0,14
201100002507,11,9,21,1615,1,2,6,1.0,3.0,14762,M,4885900.0,-87200.0,14
201100002508,11,10,4,1630,1,1,1,1.0,3.0,14671,M,4886500.0,-104499.0,14
201100002509,11,10,21,1830,1,1,1,1.0,6.0,14762,M,0.0,0.0,14
201100002510,11,10,24,1015,1,1,1,1.0,2.0,14545,M,0.0,0.0,14
201100002511,11,12,6,1145,1,1,1,3.0,1.0,14658,M,0.0,0.0,14
201100002512,11,12,13,1500,1,2,1,1.0,6.0,14762,M,0.0,0.0,14
201100002513,11,12,30,830,2,2,1,2.0,7.0,14762,M,0.0,0.0,14
201100002514,11,6,13,1930,1,1,1,1.0,7.0,14264,M,4896990.0,-88162.0,14
201100002515,11,4,23,1335,1,1,2,1.0,3.0,14027,M,4901920.0,-65133.0,14
201100002516,11,6,1,1845,1,1,4,7.0,3.0,14139,M,4894640.0,-88788.0,14
201100002517,11,7,21,1100,1,1,1,1.0,7.0,14618,M,4890900.0,-94100.0,14
201100002518,11,7,24,800,1,1,1,1.0,7.0,14129,M,4895900.0,-93200.0,14
201100002519,11,8,13,1815,1,1,1,3.0,3.0,14579,M,4903100.0,-69200.0,14
201100002520,11,9,20,1245,1,1,6,1.0,1.0,14188,M,4905700.0,-70800.0,14
201100002521,11,10,13,730,2,1,1,5.0,1.0,14061,M,4895400.0,-80500.0,14
201100002522,11,10,31,1515,1,1,1,1.0,1.0,14347,M,0.0,0.0,14
201100002523,11,12,2,945,1,1,2,1.0,3.0,14061,M,0.0,0.0,14
201100002524,11,1,20,1630,1,1,1,1.0,7.0,14503,M,4884320.0,-73535.0,14
201100002525,11,2,15,1915,5,2,1,1.0,6.0,14174,M,4885400.0,-55500.0,14
201100002526,11,3,11,2230,3,1,1,1.0,6.0,14726,M,4885900.0,-62600.0,14
201100002527,11,3,26,515,3,1,1,1.0,6.0,14726,M,4885460.0,-62775.0,14
201100002528,11,5,27,145,3,1,1,1.0,7.0,14174,M,4885200.0,-52680.0,14
201100002529,11,11,25,1400,1,2,1,3.0,6.0,14174,M,4884800.0,-55600.0,14
201100002530,11,4,17,1230,1,2,1,1.0,3.0,50099,M,4931100.0,-125200.0,50
201100002531,11,7,2,1615,1,1,1,1.0,1.0,50564,M,4925200.0,-131200.0,50
201100002532,11,9,18,1845,1,1,1,8.0,7.0,50298,M,4930000.0,-128500.0,50
201100002533,11,12,9,845,1,1,4,1.0,1.0,50099,M,4932200.0,-123600.0,50
201100002534,11,12,19,830,3,1,1,1.0,6.0,50099,M,4930200.0,-126500.0,50
201100002535,11,12,29,1330,1,1,2,2.0,3.0,50099,M,4927500.0,-128600.0,50
201100002536,11,4,8,2115,3,1,1,1.0,3.0,50348,M,0.0,0.0,50
201100002537,11,4,21,1800,1,1,1,7.0,1.0,50488,M,0.0,0.0,50
201100002538,11,5,8,2300,3,2,1,1.0,6.0,50409,M,0.0,0.0,50
201100002539,11,6,8,1145,1,2,1,1.0,6.0,50161,M,0.0,0.0,50
201100002540,11,6,16,1830,1,2,1,1.0,1.0,50356,M,0.0,0.0,50
201100002541,11,7,27,715,1,1,1,1.0,6.0,50641,M,0.0,0.0,50
201100002542,11,7,28,2115,2,1,1,1.0,3.0,50483,M,0.0,0.0,50
201100002543,11,8,12,300,3,1,1,1.0,6.0,50248,M,0.0,0.0,50
201100002544,11,8,27,1430,1,1,3,1.0,3.0,50538,M,0.0,0.0,50
201100002545,11,8,28,230,3,1,1,1.0,6.0,50280,M,0.0,0.0,50
201100002546,11,10,26,1900,5,2,1,1.0,1.0,50292,M,0.0,0.0,50
201100002547,11,11,19,1430,1,1,1,1.0,3.0,50468,M,0.0,0.0,50
201100002548,11,12,14,1745,2,1,1,8.0,5.0,50348,M,0.0,0.0,50
201100002549,11,12,24,1045,1,1,1,1.0,5.0,50431,M,0.0,0.0,50
201100002550,11,12,30,1500,1,1,2,3.0,3.0,50098,M,0.0,0.0,50
201100002551,11,1,14,2000,3,1,1,8.0,1.0,50164,M,0.0,0.0,50
201100002552,11,1,16,1600,1,1,1,1.0,7.0,50214,M,0.0,0.0,50
201100002553,11,1,19,1745,1,1,1,1.0,1.0,50393,M,0.0,0.0,50
201100002554,11,4,3,545,3,1,1,5.0,6.0,50608,M,0.0,0.0,50
201100002555,11,6,10,815,1,1,1,1.0,7.0,50363,M,0.0,0.0,50
201100002556,11,8,10,1530,1,1,1,1.0,1.0,50465,M,0.0,0.0,50
201100002557,11,8,11,1215,1,1,1,1.0,6.0,50137,M,0.0,0.0,50
201100002558,11,10,31,1530,1,1,1,1.0,1.0,50512,M,0.0,0.0,50
201100002559,11,11,24,1145,1,2,1,1.0,6.0,50592,M,0.0,0.0,50
201100002560,11,12,18,1600,1,1,1,2.0,7.0,50465,M,4907600.0,-115300.0,50
201100002561,11,1,2,555,5,1,1,1.0,3.0,94054,M,4873430.0,236281.0,94
201100002562,11,1,11,1815,3,1,1,1.0,5.0,50398,M,0.0,0.0,50
201100002563,11,1,29,800,1,1,1,1.0,7.0,94054,M,4872820.0,235975.0,94
201100002564,11,2,6,2050,5,1,1,1.0,7.0,94054,M,4873010.0,237003.0,94
201100002565,11,2,8,1355,1,1,1,1.0,6.0,94054,M,4874120.0,236112.0,94
201100002566,11,2,11,1340,1,1,1,1.0,7.0,94054,M,4872820.0,236053.0,94
201100002567,11,2,25,1400,1,1,2,1.0,3.0,94054,M,4873460.0,237120.0,94
201100002568,11,3,11,740,2,2,3,8.0,3.0,94054,M,4873900.0,236538.0,94
201100002569,11,3,21,1245,1,1,1,1.0,3.0,94054,M,4874110.0,236278.0,94
201100002570,11,3,26,1200,1,1,1,1.0,1.0,50032,M,0.0,0.0,50
201100002571,11,4,14,2130,3,1,1,1.0,1.0,50321,M,0.0,0.0,50
201100002572,11,4,11,955,1,1,2,1.0,3.0,94054,M,4873910.0,236548.0,94
201100002573,11,4,16,1550,1,1,4,1.0,3.0,94054,M,4873920.0,236359.0,94
201100002574,11,5,2,2000,2,2,1,8.0,7.0,94054,M,4873100.0,236606.0,94
201100002575,11,6,2,945,1,1,1,1.0,3.0,50321,M,0.0,0.0,50
201100002576,11,5,7,2006,5,1,1,1.0,7.0,94054,M,4873040.0,236676.0,94
201100002577,11,6,30,1930,1,1,1,1.0,3.0,50139,M,0.0,0.0,50
201100002578,11,6,8,1727,1,1,2,1.0,3.0,94054,M,4871670.0,238874.0,94
201100002579,11,9,15,915,1,1,1,1.0,3.0,50202,M,0.0,0.0,50
201100002580,11,6,20,1405,1,2,1,1.0,6.0,94054,M,4872830.0,236686.0,94
201100002581,11,11,14,1215,1,2,3,1.0,3.0,50601,M,0.0,0.0,50
201100002582,11,8,25,1535,1,2,3,1.0,7.0,94054,M,4872340.0,237094.0,94
201100002583,11,9,29,1120,1,1,1,1.0,6.0,94054,M,,,94
201100002584,11,10,2,2040,5,1,1,1.0,7.0,94054,M,,,94
201100002585,11,10,15,10,5,1,1,1.0,2.0,94054,M,,,94
201100002586,11,10,28,2310,5,1,9,1.0,3.0,94054,M,,,94
201100002587,11,11,18,1545,1,2,1,1.0,6.0,94054,M,,,94
201100002588,11,11,21,2020,5,1,1,1.0,2.0,94054,M,,,94
201100002589,11,12,20,615,5,1,1,2.0,2.0,94054,M,,,94
201100002590,11,12,20,1100,1,2,1,8.0,7.0,94054,M,,,94
201100002591,11,5,1,1215,1,1,1,8.0,1.0,50489,M,0.0,0.0,50
201100002592,11,7,4,1700,1,1,1,1.0,2.0,50411,M,0.0,0.0,50
201100002593,11,7,13,1700,1,2,1,1.0,3.0,50025,M,0.0,0.0,50
201100002594,11,7,19,2000,2,1,1,1.0,6.0,50554,M,0.0,0.0,50
201100002595,11,11,13,900,3,1,2,1.0,3.0,50406,M,0.0,0.0,50
201100002596,11,11,14,1345,1,1,1,1.0,3.0,50554,M,4868000.0,-132400.0,50
201100002597,11,1,25,730,2,1,1,1.0,6.0,50541,M,0.0,0.0,50
201100002598,11,1,29,2245,3,1,1,1.0,1.0,50541,M,4884100.0,-150300.0,50
201100002599,11,2,27,1730,1,1,1,3.0,4.0,50565,M,0.0,0.0,50
201100002600,11,3,13,830,1,1,1,3.0,7.0,50281,M,4879100.0,-141300.0,50
201100002601,11,3,29,2000,2,1,1,8.0,7.0,50526,M,4875700.0,-152800.0,50
201100002602,11,4,17,1600,1,2,9,7.0,1.0,50565,M,4875700.0,-145700.0,50
201100002603,11,7,2,930,1,2,1,1.0,6.0,50237,M,4880100.0,-139800.0,50
201100002604,11,7,3,1145,1,2,1,1.0,1.0,50066,M,0.0,0.0,50
201100002605,11,7,12,1400,1,2,1,3.0,1.0,50247,M,4881800.0,-140600.0,50
201100002606,11,8,7,1915,1,1,2,9.0,5.0,50541,M,4884100.0,-151000.0,50
201100002607,11,9,5,1515,1,1,1,1.0,1.0,50027,M,4872500.0,-142400.0,50
201100002608,11,12,22,1145,1,1,1,1.0,7.0,50281,M,0.0,0.0,50
201100002609,11,12,27,1845,5,2,1,1.0,1.0,50237,M,0.0,0.0,50
201100002610,11,1,21,1100,1,1,1,1.0,1.0,50331,M,0.0,0.0,50
201100002611,11,1,23,1830,2,1,1,1.0,2.0,50410,M,4855600.0,-152500.0,50
201100002612,11,4,5,1015,1,2,3,1.0,1.0,50487,M,4852500.0,-133000.0,50
201100002613,11,4,16,1700,1,1,1,1.0,7.0,50413,M,4861000.0,-138600.0,50
201100002614,11,6,25,1600,1,1,1,1.0,7.0,50157,M,4856900.0,-147600.0,50
201100002615,11,7,4,2015,1,1,1,1.0,1.0,50640,M,4855700.0,-142200.0,50
201100002616,11,7,13,945,1,1,1,1.0,5.0,50347,M,4852200.0,-128200.0,50
201100002617,11,8,15,1545,1,1,1,1.0,3.0,50574,M,4859900.0,-140900.0,50
201100002618,11,8,27,1045,1,1,1,1.0,5.0,50157,M,4855900.0,-146400.0,50
201100002619,11,8,29,1915,1,1,1,1.0,3.0,50168,M,4861300.0,-129400.0,50
201100002620,11,9,3,30,3,1,1,1.0,6.0,50018,M,4850100.0,-139400.0,50
201100002621,11,9,13,1615,1,1,1,1.0,2.0,50065,M,4855700.0,-149000.0,50
201100002622,11,9,21,1600,1,2,1,1.0,6.0,50410,M,4855700.0,-151200.0,50
201100002623,11,9,24,1845,2,1,1,1.0,3.0,50019,M,0.0,0.0,50
201100002624,11,11,20,1630,1,2,1,1.0,3.0,50500,M,4857600.0,-125700.0,50
201100002625,11,11,26,2145,3,1,1,1.0,6.0,50543,M,0.0,0.0,50
201100002626,11,12,2,1330,1,1,1,1.0,3.0,50259,M,4859000.0,-134900.0,50
201100002627,11,12,10,1445,1,2,6,8.0,6.0,50410,M,4855800.0,-150500.0,50
201100002628,11,5,14,315,3,1,1,1.0,7.0,50060,M,0.0,0.0,50
201100002629,11,5,25,1915,1,1,1,1.0,6.0,50074,M,4871600.0,-118400.0,50
201100002630,11,6,17,2300,3,2,1,2.0,3.0,50639,M,0.0,0.0,50
201100002631,11,6,21,1215,1,1,1,1.0,2.0,50453,M,4881400.0,-119300.0,50
201100002632,11,9,24,1300,1,1,1,1.0,2.0,50074,M,4873400.0,-116600.0,50
201100002633,11,10,5,1645,1,1,1,1.0,1.0,50453,M,0.0,0.0,50
201100002634,11,12,12,1500,1,1,4,1.0,3.0,50060,M,4888200.0,-125600.0,50
201100002635,11,4,29,1515,1,1,3,1.0,3.0,50599,M,0.0,0.0,50
201100002636,11,5,19,800,1,1,1,1.0,3.0,50001,M,0.0,0.0,50
201100002637,11,6,5,600,2,1,1,2.0,6.0,50041,M,0.0,0.0,50
201100002638,11,7,22,1230,1,1,1,1.0,2.0,50575,M,0.0,0.0,50
201100002639,11,9,2,1545,1,1,1,7.0,3.0,50575,M,0.0,0.0,50
201100002640,11,9,12,1745,1,1,9,1.0,2.0,50149,M,0.0,0.0,50
201100002641,11,9,15,845,1,1,1,7.0,1.0,50594,M,0.0,0.0,50
201100002642,11,12,24,815,3,1,1,1.0,6.0,50600,M,0.0,0.0,50
201100002643,11,2,19,1600,1,1,1,1.0,1.0,50486,M,0.0,0.0,50
201100002644,11,7,2,1015,1,1,1,1.0,3.0,50400,M,4937600.0,-139600.0,50
201100002645,11,8,28,1215,1,1,1,1.0,1.0,50390,M,0.0,0.0,50
201100002646,11,9,8,1600,1,1,1,1.0,1.0,50390,M,0.0,0.0,50
201100002647,11,10,1,1915,1,1,1,7.0,4.0,50509,M,0.0,0.0,50
201100002648,11,10,25,930,1,1,1,7.0,1.0,50551,M,0.0,0.0,50
201100002649,11,11,12,115,3,1,1,1.0,6.0,50400,M,0.0,0.0,50
201100002650,11,1,15,530,3,1,1,2.0,6.0,50087,M,4957800.0,-154700.0,50
201100002651,11,1,22,2000,3,1,1,2.0,5.0,50615,M,0.0,0.0,50
201100002652,11,1,24,1600,5,2,1,8.0,3.0,50598,M,4967500.0,-133800.0,50
201100002653,11,2,2,2100,3,1,1,2.0,6.0,50615,M,4952100.0,-146500.0,50
201100002654,11,3,23,1600,1,2,1,1.0,1.0,50178,M,0.0,0.0,50
201100002655,11,3,26,130,5,2,1,1.0,7.0,50030,M,0.0,0.0,50
201100002656,11,3,26,1145,1,2,1,1.0,3.0,50615,M,0.0,0.0,50
201100002657,11,3,29,945,1,2,1,1.0,2.0,50270,M,0.0,0.0,50
201100002658,11,5,16,1630,1,1,1,1.0,6.0,50539,M,4967000.0,-140700.0,50
201100002659,11,6,7,1315,1,2,1,1.0,6.0,50013,M,4964000.0,-128800.0,50
201100002660,11,6,11,1245,1,2,1,1.0,1.0,50593,M,0.0,0.0,50
201100002661,11,6,13,1800,1,1,1,1.0,1.0,50618,M,0.0,0.0,50
201100002662,11,6,29,1100,1,1,1,1.0,5.0,50588,M,4957200.0,-143600.0,50
201100002663,11,7,10,630,2,1,1,1.0,6.0,50087,M,0.0,0.0,50
201100002664,11,8,2,1730,1,1,1,1.0,1.0,50342,M,0.0,0.0,50
201100002665,11,9,2,930,1,2,1,1.0,6.0,50615,M,0.0,0.0,50
201100002666,11,9,7,445,3,1,1,1.0,1.0,50596,M,4965500.0,-142500.0,50
201100002667,11,10,14,400,3,1,1,1.0,6.0,50077,M,4964700.0,-150200.0,50
201100002668,11,2,12,1230,1,1,1,1.0,1.0,50340,M,0.0,0.0,50
201100002669,11,4,14,1215,1,1,1,1.0,7.0,50464,M,0.0,0.0,50
201100002670,11,4,23,45,3,1,6,1.0,6.0,50215,M,0.0,0.0,50
201100002671,11,5,29,700,1,1,1,1.0,6.0,50506,M,0.0,0.0,50
201100002672,11,5,29,1400,1,1,3,1.0,3.0,50215,M,0.0,0.0,50
201100002673,11,6,3,2000,1,2,1,1.0,3.0,50003,M,0.0,0.0,50
201100002674,11,8,7,230,3,2,1,1.0,1.0,50603,M,0.0,0.0,50
201100002675,11,8,28,1215,1,1,1,1.0,3.0,50094,M,0.0,0.0,50
201100002676,11,12,9,1230,1,1,1,1.0,2.0,50058,M,0.0,0.0,50
201100002677,11,12,10,930,1,1,3,7.0,3.0,50378,M,0.0,0.0,50
201100002678,11,12,30,1145,1,2,1,2.0,2.0,50463,M,0.0,0.0,50
201100002679,11,3,17,2130,3,1,1,1.0,2.0,50143,M,4888800.0,-152700.0,50
201100002680,11,4,22,1530,1,1,1,1.0,5.0,50272,M,4895400.0,-153400.0,50
201100002681,11,7,1,2000,1,1,1,1.0,6.0,50028,M,4890900.0,-129200.0,50
201100002682,11,7,7,1130,1,1,1,1.0,6.0,50605,M,4895800.0,-139400.0,50
201100002683,11,7,12,1715,1,1,1,1.0,1.0,50109,M,0.0,0.0,50
201100002684,11,7,25,1830,1,1,1,1.0,6.0,50626,M,0.0,0.0,50
201100002685,11,8,17,1015,1,2,1,1.0,6.0,50231,M,0.0,0.0,50
201100002686,11,8,19,1545,1,1,1,1.0,3.0,50085,M,0.0,0.0,50
201100002687,11,8,25,1715,1,1,1,1.0,5.0,50388,M,0.0,0.0,50
201100002688,11,9,2,1730,1,1,1,1.0,1.0,50365,M,0.0,0.0,50
201100002689,11,10,20,915,1,1,1,1.0,2.0,50626,M,0.0,0.0,50
201100002690,11,11,26,1830,3,2,1,1.0,2.0,50143,M,0.0,0.0,50
201100002691,11,1,9,1515,1,1,1,8.0,3.0,50403,M,4918900.0,-158300.0,50
201100002692,11,3,17,1330,1,2,1,1.0,2.0,50267,M,4921700.0,-153500.0,50
201100002693,11,4,24,45,5,2,1,1.0,3.0,50267,M,0.0,0.0,50
201100002694,11,4,29,915,1,2,1,1.0,1.0,50394,M,0.0,0.0,50
201100002695,11,5,12,1930,1,1,1,1.0,3.0,50403,M,4919400.0,-157200.0,50
201100002696,11,7,12,1500,1,2,1,2.0,1.0,50394,M,0.0,0.0,50
201100002697,11,7,24,1000,3,1,1,1.0,6.0,50328,M,4918100.0,-144400.0,50
201100002698,11,7,26,1345,1,1,1,1.0,2.0,50394,M,0.0,0.0,50
201100002699,11,7,31,2015,1,1,1,1.0,2.0,50481,M,0.0,0.0,50
201100002700,11,8,2,1600,3,1,1,1.0,6.0,50586,M,4928000.0,-165600.0,50
201100002701,11,8,10,2245,3,1,1,1.0,6.0,50267,M,4923500.0,-155000.0,50
201100002702,11,10,22,1115,1,1,1,1.0,2.0,50510,M,4918300.0,-137000.0,50
201100002703,11,10,26,1615,1,1,1,1.0,5.0,50289,M,4917200.0,-131700.0,50
201100002704,11,11,12,1615,1,2,1,1.0,6.0,50558,M,0.0,0.0,50
201100002705,11,11,16,1945,3,1,1,1.0,1.0,50528,M,0.0,0.0,50
201100002706,11,11,17,1145,1,2,1,1.0,6.0,50236,M,0.0,0.0,50
201100002707,11,11,27,1745,2,1,1,1.0,3.0,50510,M,0.0,0.0,50
201100002708,11,12,12,900,3,1,2,8.0,3.0,50151,M,4921300.0,-157500.0,50
201100002709,11,1,20,215,3,1,1,1.0,6.0,50625,M,4875900.0,-88900.0,50
201100002710,11,3,21,1030,1,1,1,1.0,1.0,50462,M,4856600.0,-80800.0,50
201100002711,11,4,3,1630,1,1,1,1.0,7.0,50428,M,0.0,0.0,50
201100002712,11,6,2,1715,1,2,1,1.0,7.0,50371,M,4867400.0,-94700.0,50
201100002713,11,6,14,1645,1,1,1,1.0,7.0,50200,M,4867600.0,-82500.0,50
201100002714,11,12,23,730,5,2,1,8.0,1.0,50359,M,0.0,0.0,50
201100002715,11,3,3,1515,1,1,1,7.0,3.0,50515,M,0.0,0.0,50
201100002716,11,5,20,1845,1,1,1,1.0,3.0,50256,M,0.0,0.0,50
201100002717,11,5,29,1800,1,1,2,1.0,3.0,50274,M,0.0,0.0,50
201100002718,11,6,6,1045,1,1,1,1.0,3.0,50452,M,0.0,0.0,50
201100002719,11,6,12,1145,1,1,1,1.0,6.0,50557,M,0.0,0.0,50
201100002720,11,6,24,1845,1,2,1,1.0,1.0,50484,M,0.0,0.0,50
201100002721,11,10,20,2215,3,1,1,1.0,7.0,50256,M,0.0,0.0,50
201100002722,11,11,6,1130,1,1,1,1.0,1.0,50644,M,0.0,0.0,50
201100002723,11,11,22,1815,5,2,1,1.0,6.0,50484,M,0.0,0.0,50
201100002724,11,1,3,1750,5,2,1,1.0,6.0,01053,M,,,01
201100002725,11,1,4,1900,5,2,2,1.0,3.0,01053,M,,,01
201100002726,11,1,8,935,1,2,1,1.0,6.0,01053,M,,,01
201100002727,11,1,10,715,5,2,2,2.0,3.0,01053,M,,,01
201100002728,11,1,11,700,3,1,1,1.0,5.0,01451,M,,,01
201100002729,11,1,11,950,1,1,2,2.0,3.0,01289,M,,,01
201100002730,11,1,18,1820,5,2,2,1.0,6.0,01053,M,,,01
201100002731,11,1,21,725,2,2,1,1.0,6.0,01053,M,,,01
201100002732,11,1,21,1720,1,2,3,1.0,1.0,01053,M,,,01
201100002733,11,1,24,650,5,2,3,1.0,6.0,01053,M,,,01
201100002734,11,1,24,1825,5,2,1,1.0,2.0,01053,M,,,01
201100002735,11,1,27,925,1,1,1,1.0,2.0,01289,M,,,01
201100002736,11,1,28,1145,1,2,1,1.0,4.0,01053,M,,,01
201100002737,11,2,1,835,1,2,1,1.0,1.0,01451,M,,,01
201100002738,11,2,9,935,1,1,2,1.0,3.0,01289,M,,,01
201100002739,11,2,13,1210,1,2,1,1.0,2.0,01053,M,,,01
201100002740,11,2,13,245,5,1,1,1.0,6.0,01289,M,,,01
201100002741,11,2,14,1855,3,2,6,2.0,6.0,01344,M,,,01
201100002742,11,2,16,740,1,2,1,1.0,6.0,01053,M,,,01
201100002743,11,2,16,750,1,1,2,1.0,3.0,01289,M,,,01
201100002744,11,2,16,830,1,2,6,1.0,3.0,01053,M,,,01
201100002745,11,2,21,800,1,2,1,2.0,2.0,01053,M,,,01
201100002746,11,2,22,2210,5,2,1,1.0,6.0,01053,M,,,01
201100002747,11,2,23,1520,1,2,1,1.0,4.0,01289,M,,,01
201100002748,11,2,25,1610,1,2,1,1.0,3.0,01053,M,,,01
201100002749,11,3,6,735,1,1,1,1.0,7.0,01451,M,,,01
201100002750,11,3,10,1540,1,2,1,1.0,7.0,01053,M,,,01
201100002751,11,3,16,820,1,2,3,2.0,3.0,01053,M,,,01
201100002752,11,3,17,2225,5,1,3,1.0,3.0,01344,M,,,01
201100002753,11,3,19,1405,1,2,6,1.0,6.0,01053,M,,,01
201100002754,11,3,20,1950,5,2,1,1.0,2.0,01344,M,,,01
201100002755,11,3,22,1045,1,1,1,1.0,6.0,01053,M,,,01
201100002756,11,3,22,1730,1,2,3,7.0,6.0,01053,M,,,01
201100002757,11,3,24,1840,1,2,3,1.0,3.0,01053,M,,,01
201100002758,11,3,24,2000,5,2,3,1.0,6.0,01053,M,,,01
201100002759,11,4,4,1040,1,2,1,1.0,2.0,01344,M,,,01
201100002760,11,4,5,1810,1,2,3,1.0,3.0,01053,M,,,01
201100002761,11,4,6,1825,1,2,2,1.0,2.0,01053,M,,,01
201100002762,11,4,10,1420,1,2,2,1.0,3.0,01053,M,,,01
201100002763,11,4,11,1700,1,2,1,1.0,7.0,01053,M,,,01
201100002764,11,4,11,1720,1,2,3,1.0,3.0,01053,M,,,01
201100002765,11,4,12,1150,1,2,1,1.0,4.0,01053,M,,,01
201100002766,11,4,19,745,1,2,1,1.0,2.0,01451,M,,,01
201100002767,11,4,19,1415,1,2,1,1.0,3.0,01451,M,,,01
201100002768,11,4,20,2305,5,2,5,1.0,3.0,01053,M,,,01
201100002769,11,4,29,1800,1,2,3,1.0,3.0,01053,M,,,01
201100002770,11,5,4,1140,1,2,2,1.0,3.0,01053,M,,,01
201100002771,11,5,6,1600,1,2,3,1.0,3.0,01344,M,,,01
201100002772,11,5,13,1345,1,2,4,1.0,6.0,01053,M,,,01
201100002773,11,5,13,1530,1,2,1,1.0,3.0,01289,M,,,01
201100002774,11,5,14,200,3,1,1,1.0,7.0,01451,M,,,01
201100002775,11,5,14,1925,1,2,2,2.0,3.0,01053,M,,,01
201100002776,11,5,15,1350,1,2,1,3.0,1.0,01289,M,,,01
201100002777,11,5,18,1210,1,2,1,1.0,6.0,01053,M,,,01
201100002778,11,5,20,1205,1,2,1,1.0,6.0,01053,M,,,01
201100002779,11,5,24,1505,1,2,1,1.0,2.0,01053,M,,,01
201100002780,11,5,26,810,1,2,1,1.0,6.0,01053,M,,,01
201100002781,11,5,27,1315,1,2,1,1.0,6.0,01053,M,,,01
201100002782,11,5,28,1535,1,2,3,1.0,2.0,01451,M,,,01
201100002783,11,6,3,1905,1,1,1,1.0,3.0,01451,M,,,01
201100002784,11,6,10,1730,1,2,3,1.0,3.0,01053,M,,,01
201100002785,11,6,11,1120,1,2,6,1.0,6.0,01344,M,,,01
201100002786,11,6,17,2130,5,2,2,2.0,3.0,01053,M,,,01
201100002787,11,6,18,1720,1,2,6,1.0,4.0,01451,M,,,01
201100002788,11,6,20,1905,1,2,2,1.0,3.0,01344,M,,,01
201100002789,11,6,23,1805,1,2,3,1.0,7.0,01053,M,,,01
201100002790,11,6,24,5,5,1,1,1.0,2.0,01451,M,,,01
201100002791,11,7,1,955,1,1,2,1.0,6.0,01289,M,,,01
201100002792,11,7,2,1755,1,2,1,1.0,7.0,01053,M,,,01
201100002793,11,7,5,1025,1,2,1,1.0,6.0,01053,M,,,01
201100002794,11,7,5,1230,1,2,1,1.0,6.0,01053,M,,,01
201100002795,11,7,5,1730,1,2,1,1.0,6.0,01053,M,,,01
201100002796,11,7,7,1330,1,2,1,1.0,2.0,01053,M,,,01
201100002797,11,7,12,1225,1,2,1,1.0,6.0,01053,M,,,01
201100002798,11,7,13,1835,1,2,1,2.0,2.0,01053,M,,,01
201100002799,11,7,18,1725,1,2,1,1.0,6.0,01451,M,,,01
201100002800,11,8,3,1920,1,2,1,1.0,3.0,01053,M,,,01
201100002801,11,8,5,1005,1,2,3,1.0,3.0,01053,M,,,01
201100002802,11,8,6,1150,1,2,1,1.0,2.0,01053,M,,,01
201100002803,11,8,13,1130,1,2,1,1.0,6.0,01053,M,,,01
201100002804,11,8,17,1830,1,2,1,1.0,4.0,01053,M,,,01
201100002805,11,8,19,1930,1,2,6,1.0,6.0,01053,M,,,01
201100002806,11,8,20,2110,5,2,3,1.0,7.0,01053,M,,,01
201100002807,11,8,23,730,1,2,1,1.0,6.0,01053,M,,,01
201100002808,11,8,24,1850,1,1,1,1.0,7.0,01451,M,,,01
201100002809,11,8,28,2035,5,2,3,1.0,6.0,01053,M,,,01
201100002810,11,9,6,1745,1,2,9,1.0,4.0,01451,M,,,01
201100002811,11,9,4,1615,1,2,1,3.0,7.0,01053,M,,,01
201100002812,11,9,8,2145,3,1,1,1.0,7.0,01289,M,,,01
201100002813,11,9,3,1240,1,2,1,1.0,6.0,01053,M,,,01
201100002814,11,9,12,940,1,2,1,1.0,7.0,01053,M,,,01
201100002815,11,9,11,1650,1,1,1,1.0,7.0,01451,M,,,01
201100002816,11,9,14,1510,1,2,1,1.0,4.0,01451,M,,,01
201100002817,11,9,17,1905,2,2,2,1.0,6.0,01053,M,,,01
201100002818,11,9,16,1818,1,2,1,1.0,2.0,01053,M,,,01
201100002819,11,9,20,1700,1,2,2,1.0,5.0,01053,M,,,01
201100002820,11,9,21,1410,1,2,1,1.0,5.0,01053,M,,,01
201100002821,11,9,22,1547,1,2,1,1.0,3.0,01053,M,,,01
201100002822,11,9,27,2010,3,2,1,1.0,6.0,01053,M,,,01
201100002823,11,10,1,1350,1,2,1,1.0,1.0,01451,M,,,01
201100002824,11,10,5,2000,2,1,3,1.0,3.0,01289,M,,,01
201100002825,11,10,8,2150,5,2,2,2.0,3.0,01053,M,,,01
201100002826,11,10,16,530,5,2,1,1.0,1.0,01053,M,,,01
201100002827,11,10,17,800,1,1,2,1.0,3.0,01289,M,,,01
201100002828,11,10,24,1420,1,1,1,1.0,5.0,01451,M,,,01
201100002829,11,10,25,800,2,1,2,2.0,6.0,01289,M,,,01
201100002830,11,10,28,820,1,2,1,1.0,5.0,01344,M,,,01
201100002831,11,10,31,1545,1,2,1,1.0,3.0,01053,M,,,01
201100002832,11,11,2,820,1,2,1,1.0,6.0,01053,M,,,01
201100002833,11,11,2,1250,1,2,1,1.0,6.0,01451,M,,,01
201100002834,11,11,3,1040,1,2,3,1.0,6.0,01053,M,,,01