Num_Acc,an,mois,jour,hrmn,lum,agg,int,atm,col,com,gps,lat,long,dep
201100002835,11,11,8,740,1,2,1,1.0,7.0,01053,M,,,01
201100002836,11,11,8,1655,5,2,1,1.0,6.0,01053,M,,,01
201100002837,11,11,9,1825,5,2,3,1.0,2.0,01053,M,,,01
201100002838,11,11,12,1610,1,2,6,1.0,3.0,01053,M,,,01
201100002839,11,11,13,1400,1,2,1,1.0,6.0,01053,M,,,01
201100002840,11,11,13,1810,5,2,3,1.0,6.0,01053,M,,,01
201100002841,11,11,14,650,3,1,1,1.0,2.0,01451,M,,,01
201100002842,11,11,15,925,1,2,3,5.0,3.0,01344,M,,,01
201100002843,11,11,15,920,1,1,1,5.0,1.0,01289,M,,,01
201100002844,11,11,15,1030,1,1,1,1.0,6.0,01344,M,,,01
201100002845,11,11,21,1720,5,2,1,1.0,7.0,01053,M,,,01
201100002846,11,11,30,1719,5,2,1,1.0,2.0,01053,M,,,01
201100002847,11,12,3,1225,1,2,2,2.0,3.0,01451,M,,,01
201100002848,11,12,8,1730,2,2,1,1.0,6.0,01289,M,,,01
201100002849,11,12,8,2045,5,2,6,1.0,6.0,01053,M,,,01
201100002850,11,12,9,1900,5,2,1,2.0,6.0,01053,M,,,01
201100002851,11,12,12,1320,1,2,1,1.0,2.0,01053,M,,,01
201100002852,11,12,13,835,1,2,9,1.0,6.0,01344,M,,,01
201100002853,11,12,12,1535,1,2,1,1.0,3.0,01053,M,,,01
201100002854,11,12,14,630,5,2,3,1.0,3.0,01053,M,,,01
201100002855,11,12,15,720,5,2,1,2.0,6.0,01053,M,,,01
201100002856,11,12,15,1445,1,1,1,3.0,7.0,01451,M,,,01
201100002857,11,12,1,1930,5,2,3,1.0,6.0,01053,M,,,01
201100002858,11,12,23,1630,1,1,1,1.0,6.0,01053,M,,,01
201100002859,11,12,31,1820,5,2,1,2.0,3.0,01451,M,,,01
201100002860,11,5,4,1115,1,1,2,1.0,3.0,61279,M,0.0,0.0,61
201100002861,11,7,10,800,1,1,1,1.0,7.0,61433,M,0.0,0.0,61
201100002862,11,9,22,830,1,1,1,1.0,7.0,61175,M,0.0,0.0,61
201100002863,11,9,22,945,1,2,1,1.0,6.0,61382,M,0.0,0.0,61
201100002864,11,9,23,800,1,2,1,1.0,3.0,61382,M,0.0,0.0,61
201100002865,11,10,3,1215,1,1,1,1.0,1.0,61165,M,0.0,0.0,61
201100002866,11,10,7,2245,3,1,1,1.0,1.0,61382,M,0.0,0.0,61
201100002867,11,10,16,100,3,2,1,1.0,6.0,61382,M,0.0,0.0,61
201100002868,11,10,27,1930,3,1,1,2.0,2.0,61279,M,0.0,0.0,61
201100002869,11,1,27,1900,3,1,3,1.0,3.0,61036,M,0.0,0.0,61
201100002870,11,4,23,1715,1,2,1,1.0,1.0,61464,M,0.0,0.0,61
201100002871,11,7,31,1515,1,1,1,1.0,1.0,61412,M,0.0,0.0,61
201100002872,11,2,10,1345,1,2,2,1.0,2.0,61153,M,4871900.0,-12400.0,61
201100002873,11,2,17,1745,1,2,2,1.0,3.0,61153,M,0.0,0.0,61
201100002874,11,4,19,745,1,1,1,1.0,5.0,61114,M,4879400.0,-8400.0,61
201100002875,11,4,21,1600,1,1,1,1.0,7.0,61197,M,0.0,0.0,61
201100002876,11,5,23,1800,1,2,1,1.0,3.0,61352,M,0.0,0.0,61
201100002877,11,7,6,1930,1,2,3,1.0,5.0,61494,M,0.0,0.0,61
201100002878,11,8,1,1445,1,1,1,1.0,1.0,61173,M,4872300.0,-8300.0,61
201100002879,11,8,24,1800,1,2,1,1.0,6.0,61494,M,0.0,0.0,61
201100002880,11,9,12,1815,1,1,3,1.0,3.0,61152,M,0.0,0.0,61
201100002881,11,11,17,1845,3,1,2,1.0,3.0,61170,M,0.0,0.0,61
201100002882,11,12,18,1915,5,2,1,2.0,2.0,61028,M,4882100.0,-24000.0,61
201100002883,11,12,27,2115,3,1,1,1.0,1.0,61285,M,4875600.0,-13000.0,61
201100002884,11,1,16,1915,3,1,1,1.0,6.0,61157,M,4876100.0,20100.0,61
201100002885,11,7,31,1500,1,1,1,1.0,7.0,61150,M,4875500.0,43600.0,61
201100002886,11,9,30,1715,1,1,1,1.0,2.0,61122,M,0.0,0.0,61
201100002887,11,11,18,1600,1,1,6,7.0,2.0,61122,M,4878300.0,29900.0,61
201100002888,11,12,18,900,1,1,1,5.0,1.0,61389,M,0.0,0.0,61
201100002889,11,12,24,1630,2,1,1,1.0,4.0,61449,M,0.0,0.0,61
201100002890,11,1,27,1845,3,1,3,1.0,3.0,61421,M,0.0,0.0,61
201100002891,11,2,12,1545,1,1,1,2.0,1.0,61145,M,0.0,0.0,61
201100002892,11,3,19,45,3,1,1,1.0,7.0,61163,M,0.0,0.0,61
201100002893,11,5,6,1715,1,1,2,1.0,3.0,61091,M,0.0,0.0,61
201100002894,11,6,5,1700,1,2,1,1.0,1.0,61145,M,0.0,0.0,61
201100002895,11,6,14,800,2,2,2,1.0,3.0,61387,M,0.0,0.0,61
201100002896,11,7,9,1200,1,1,1,1.0,1.0,61487,M,0.0,0.0,61
201100002897,11,8,1,1230,1,1,2,7.0,3.0,61091,M,0.0,0.0,61
201100002898,11,8,27,1245,1,1,1,1.0,3.0,61370,M,0.0,0.0,61
201100002899,11,10,18,1100,1,1,1,2.0,3.0,61145,M,0.0,0.0,61
201100002900,11,11,3,645,2,2,1,2.0,3.0,61278,M,0.0,0.0,61
201100002901,11,12,2,1145,1,1,2,7.0,3.0,61278,M,0.0,0.0,61
201100002902,11,2,3,1500,1,1,1,1.0,1.0,61482,M,0.0,0.0,61
201100002903,11,4,24,1915,1,1,1,1.0,5.0,61332,M,0.0,0.0,61
201100002904,11,6,2,2315,3,1,1,1.0,7.0,61091,M,0.0,0.0,61
201100002905,11,8,17,100,3,1,6,1.0,7.0,61243,M,0.0,0.0,61
201100002906,11,8,28,1615,1,1,1,1.0,7.0,61402,M,4871600.0,-31300.0,61
201100002907,11,9,15,1815,1,2,1,1.0,6.0,61168,M,0.0,0.0,61
201100002908,11,11,7,815,1,1,1,2.0,1.0,61195,M,0.0,0.0,61
201100002909,11,2,7,1830,3,1,1,1.0,2.0,61451,M,0.0,0.0,61
201100002910,11,2,26,1930,3,1,1,1.0,7.0,61486,M,0.0,0.0,61
201100002911,11,4,16,2000,1,2,1,1.0,7.0,61287,M,0.0,0.0,61
201100002912,11,4,20,1600,1,1,2,1.0,3.0,61486,M,0.0,0.0,61
201100002913,11,5,21,1900,1,1,1,1.0,1.0,61222,M,4876100.0,-62900.0,61
201100002914,11,5,28,1930,1,2,1,1.0,3.0,61070,M,4880600.0,-58200.0,61
201100002915,11,5,31,2200,3,1,1,1.0,7.0,61445,M,0.0,0.0,61
201100002916,11,7,2,1615,1,1,3,1.0,3.0,61221,M,0.0,0.0,61
201100002917,11,7,4,1500,1,2,1,1.0,6.0,61177,M,4879000.0,-68100.0,61
201100002918,11,7,11,1715,1,1,1,1.0,5.0,61221,M,4874700.0,-46400.0,61
201100002919,11,9,28,1730,1,2,1,1.0,6.0,61447,M,0.0,0.0,61
201100002920,11,10,15,1100,1,1,1,1.0,7.0,61287,M,0.0,0.0,61
201100002921,11,11,1,1230,1,1,1,1.0,1.0,61486,M,0.0,0.0,61
201100002922,11,12,18,215,3,1,1,2.0,6.0,61374,M,0.0,0.0,61
201100002923,11,2,19,1515,1,1,2,8.0,3.0,61229,M,0.0,0.0,61
201100002924,11,3,3,1745,1,1,2,1.0,3.0,61322,M,0.0,0.0,61
201100002925,11,3,15,1930,2,1,1,1.0,1.0,61160,M,0.0,0.0,61
201100002926,11,6,17,1815,1,1,1,2.0,7.0,61327,M,0.0,0.0,61
201100002927,11,7,16,1700,1,1,2,3.0,3.0,61029,M,0.0,0.0,61
201100002928,11,9,1,1000,1,1,2,1.0,3.0,61118,M,0.0,0.0,61
201100002929,11,9,23,815,1,2,1,1.0,3.0,61418,M,0.0,0.0,61
201100002930,11,9,27,1845,1,2,1,1.0,3.0,61414,M,0.0,0.0,61
201100002931,11,10,13,1400,1,1,1,1.0,6.0,61327,M,0.0,0.0,61
201100002932,11,11,12,2115,3,1,1,1.0,1.0,61255,M,0.0,0.0,61
201100002933,11,11,25,530,3,1,1,5.0,7.0,61404,M,0.0,0.0,61
201100002934,11,11,25,830,1,1,1,5.0,5.0,61507,M,0.0,0.0,61
201100002935,11,4,3,2115,3,1,1,1.0,2.0,61196,M,0.0,0.0,61
201100002936,11,4,16,1430,1,1,1,1.0,7.0,61484,M,0.0,0.0,61
201100002937,11,5,8,500,3,1,1,1.0,7.0,61079,M,0.0,0.0,61
201100002938,11,5,11,1015,1,1,9,1.0,5.0,61079,M,0.0,0.0,61
201100002939,11,7,10,1600,1,1,1,1.0,1.0,61079,M,0.0,0.0,61
201100002940,11,7,15,1745,1,1,1,1.0,7.0,61246,M,0.0,0.0,61
201100002941,11,8,2,1845,1,2,1,1.0,3.0,61309,M,0.0,0.0,61
201100002942,11,8,6,2000,2,1,1,3.0,7.0,61207,M,0.0,0.0,61
201100002943,11,8,26,1100,1,1,1,1.0,1.0,61079,M,0.0,0.0,61
201100002944,11,8,29,2015,1,1,1,1.0,1.0,61471,M,0.0,0.0,61
201100002945,11,9,15,2000,2,2,3,1.0,3.0,61196,M,0.0,0.0,61
201100002946,11,11,5,1400,1,1,1,2.0,1.0,61448,M,0.0,0.0,61
201100002947,11,12,1,1015,1,1,1,2.0,1.0,61471,M,0.0,0.0,61
201100002948,11,2,20,1930,3,1,1,1.0,7.0,61184,M,0.0,0.0,61
201100002949,11,3,5,900,1,1,3,7.0,3.0,61184,M,0.0,0.0,61
201100002950,11,4,7,2015,2,2,3,1.0,3.0,61214,M,0.0,0.0,61
201100002951,11,5,14,1445,1,1,3,1.0,3.0,61208,M,4866100.0,67500.0,61
201100002952,11,5,25,1815,1,1,1,1.0,3.0,61140,M,4872200.0,66100.0,61
201100002953,11,5,30,100,3,1,6,1.0,7.0,61432,M,0.0,0.0,61
201100002954,11,6,10,2030,1,2,6,1.0,6.0,61214,M,0.0,0.0,61
201100002955,11,6,11,2000,1,1,1,1.0,7.0,61100,M,4874000.0,62800.0,61
201100002956,11,7,1,1530,1,1,2,1.0,3.0,61214,M,0.0,0.0,61
201100002957,11,7,9,1945,1,1,1,1.0,7.0,61423,M,4879300.0,67300.0,61
201100002958,11,7,26,30,3,2,1,1.0,7.0,61386,M,4879700.0,46000.0,61
201100002959,11,8,5,700,1,1,1,8.0,1.0,61457,M,0.0,0.0,61
201100002960,11,8,19,2100,2,1,2,1.0,3.0,61193,M,0.0,0.0,61
201100002961,11,9,12,1630,1,1,2,1.0,3.0,61440,M,4874400.0,71900.0,61
201100002962,11,10,16,1145,1,1,2,1.0,3.0,61422,M,4870000.0,63000.0,61
201100002963,11,1,23,1330,1,2,1,1.0,7.0,61280,M,4849300.0,70600.0,61
201100002964,11,1,31,715,2,2,1,1.0,6.0,61116,M,0.0,0.0,61
201100002965,11,1,31,1530,1,1,2,5.0,3.0,61061,M,4842700.0,95300.0,61
201100002966,11,3,5,1545,1,1,1,1.0,7.0,61241,M,0.0,0.0,61
201100002967,11,3,21,1130,1,2,2,1.0,3.0,61061,M,4843500.0,88700.0,61
201100002968,11,4,2,2345,3,1,2,1.0,3.0,61116,M,4837600.0,88300.0,61
201100002969,11,5,6,2000,1,1,1,1.0,7.0,61296,M,4855500.0,77600.0,61
201100002970,11,5,19,1445,1,1,3,1.0,3.0,61230,M,4854700.0,74700.0,61
201100002971,11,5,21,30,3,1,1,1.0,7.0,61116,M,4837100.0,87900.0,61
201100002972,11,5,22,45,3,1,1,1.0,1.0,61226,M,0.0,0.0,61
201100002973,11,7,29,1145,1,1,1,1.0,5.0,61125,M,0.0,0.0,61
201100002974,11,9,22,1545,1,1,1,1.0,3.0,61125,M,0.0,0.0,61
201100002975,11,10,22,1445,1,1,1,1.0,5.0,61429,M,0.0,0.0,61
201100002976,11,10,23,830,1,1,1,1.0,7.0,61226,M,0.0,0.0,61
201100002977,11,12,4,130,5,2,1,2.0,6.0,61343,M,0.0,0.0,61
201100002978,11,12,13,745,3,1,1,6.0,1.0,61241,M,,,61
201100002979,11,3,7,1045,1,1,1,1.0,7.0,44204,M,4728300.0,-146100.0,44
201100002980,11,4,7,1800,1,2,1,1.0,3.0,44204,M,4727200.0,-144100.0,44
201100002981,11,4,23,1115,1,2,6,1.0,3.0,44204,M,4728700.0,-145300.0,44
201100002982,11,8,19,1830,1,2,1,1.0,7.0,44204,M,4727700.0,-143000.0,44
201100002983,11,11,11,840,1,2,1,1.0,5.0,44042,M,,,44
201100002984,11,12,9,1130,1,2,1,2.0,3.0,44172,M,4726200.0,-147900.0,44
201100002985,11,12,18,1615,1,1,1,7.0,6.0,44204,M,0.0,0.0,44
201100002986,11,2,7,1930,3,1,1,1.0,3.0,44026,M,4729700.0,-146900.0,44
201100002987,11,3,23,1215,1,2,1,1.0,1.0,44026,M,4729600.0,-149800.0,44
201100002988,11,3,25,30,3,1,1,1.0,6.0,44094,M,4729800.0,-138400.0,44
201100002989,11,6,14,30,3,1,1,1.0,7.0,44026,M,0.0,0.0,44
201100002990,11,6,19,1045,1,2,1,1.0,6.0,44026,M,0.0,0.0,44
201100002991,11,7,1,2145,1,2,1,1.0,7.0,44026,M,4730000.0,-148000.0,44
201100002992,11,7,29,1645,1,2,1,1.0,1.0,44026,M,0.0,0.0,44
201100002993,11,8,22,1730,1,2,1,2.0,3.0,44094,M,0.0,0.0,44
201100002994,11,8,25,2000,2,2,1,3.0,3.0,44026,M,0.0,0.0,44
201100002995,11,11,28,745,3,1,1,1.0,6.0,44026,M,0.0,0.0,44
201100002996,11,12,7,1800,5,2,3,9.0,1.0,44026,M,0.0,0.0,44
201100002997,11,1,21,715,4,1,1,1.0,3.0,44165,M,0.0,0.0,44
201100002998,11,2,5,1915,3,1,1,1.0,7.0,44142,M,0.0,0.0,44
201100002999,11,2,4,1900,2,1,2,1.0,5.0,44014,M,4708300.0,-152300.0,44
201100003000,11,2,14,1000,1,1,1,2.0,1.0,44014,M,4709900.0,-151300.0,44
201100003001,11,3,12,2115,5,2,1,1.0,1.0,44223,M,4705500.0,-150900.0,44
201100003002,11,4,8,1715,1,2,2,1.0,3.0,44223,M,4707100.0,-152400.0,44
201100003003,11,5,20,1945,1,2,2,7.0,3.0,44127,M,,,44
201100003004,11,7,7,1015,1,1,2,1.0,3.0,44063,M,4708500.0,-117200.0,44
201100003005,11,8,2,445,5,2,1,1.0,7.0,44002,M,0.0,0.0,44
201100003006,11,8,27,300,3,1,1,1.0,6.0,44102,M,0.0,0.0,44
201100003007,11,9,4,1915,1,1,1,1.0,1.0,44100,M,0.0,0.0,44
201100003008,11,9,19,430,3,1,1,1.0,6.0,44216,M,4700200.0,-146400.0,44
201100003009,11,12,30,1715,1,1,6,2.0,1.0,44014,M,4712100.0,-148500.0,44
201100003010,11,2,21,1200,1,1,1,3.0,3.0,44081,M,4690900.0,-156300.0,44
201100003011,11,2,21,1230,1,1,1,3.0,5.0,44081,M,4688700.0,-162800.0,44
201100003012,11,3,12,15,3,1,1,1.0,1.0,44188,M,4706100.0,-161600.0,44
201100003013,11,3,25,1800,1,1,3,1.0,2.0,44081,M,4688700.0,-163100.0,44
201100003014,11,5,30,630,1,2,1,1.0,6.0,44155,M,4701900.0,-157100.0,44
201100003015,11,6,2,2200,3,1,9,1.0,1.0,44155,M,4704300.0,-155900.0,44
201100003016,11,6,15,1830,1,1,1,1.0,1.0,44081,M,4692700.0,-154500.0,44
201100003017,11,6,26,1800,1,1,1,1.0,7.0,44083,M,4700100.0,-159900.0,44
201100003018,11,11,29,1830,3,1,1,3.0,1.0,44041,M,4708600.0,-161400.0,44
201100003019,11,1,18,1815,5,2,1,1.0,6.0,44215,M,0.0,0.0,44
201100003020,11,4,7,800,1,2,1,1.0,6.0,44215,M,0.0,0.0,44
201100003021,11,6,1,1400,1,2,1,1.0,1.0,44215,M,0.0,0.0,44
201100003022,11,7,4,1200,1,2,1,1.0,6.0,44215,M,0.0,0.0,44
201100003023,11,7,14,1415,1,1,9,1.0,6.0,44215,M,0.0,0.0,44
201100003024,11,1,9,1130,1,1,1,2.0,1.0,44003,M,0.0,0.0,44
201100003025,11,3,1,1200,1,1,1,1.0,3.0,44093,M,0.0,0.0,44
201100003026,11,4,20,1130,1,2,1,1.0,6.0,44180,M,0.0,0.0,44
201100003027,11,5,8,1730,1,1,1,1.0,3.0,44096,M,0.0,0.0,44
201100003028,11,7,5,1030,1,1,4,1.0,3.0,44213,M,0.0,0.0,44
201100003029,11,8,29,1145,1,1,2,1.0,3.0,44191,M,0.0,0.0,44
201100003030,11,9,17,1100,1,1,1,1.0,1.0,44213,M,0.0,0.0,44
201100003031,11,9,27,1500,1,1,4,1.0,1.0,44163,M,0.0,0.0,44
201100003032,11,10,17,845,1,1,2,5.0,3.0,44213,M,0.0,0.0,44
201100003033,11,12,16,1530,1,1,1,1.0,1.0,44191,M,0.0,0.0,44
201100003034,11,12,23,700,3,1,1,1.0,3.0,44096,M,0.0,0.0,44
201100003035,11,12,26,1330,1,1,1,1.0,7.0,44213,M,0.0,0.0,44
201100003036,11,4,23,2030,1,1,2,1.0,3.0,44029,M,4726900.0,-131400.0,44
201100003037,11,5,5,1900,1,2,1,1.0,1.0,44029,M,0.0,0.0,44
201100003038,11,7,2,2045,1,1,1,1.0,1.0,44029,M,4727100.0,-131800.0,44
201100003039,11,7,11,1745,1,1,1,1.0,3.0,44141,M,4723000.0,-122900.0,44
201100003040,11,7,25,1615,1,1,1,1.0,2.0,44169,M,4726000.0,-141000.0,44
201100003041,11,9,6,1745,1,1,1,1.0,6.0,44212,M,4716700.0,-123300.0,44
201100003042,11,9,11,400,3,1,1,2.0,6.0,44084,M,4726000.0,-134100.0,44
201100003043,11,10,6,2230,3,1,1,1.0,1.0,44117,M,4713800.0,-132600.0,44
201100003044,11,10,26,1945,3,1,1,1.0,3.0,44212,M,4716700.0,-120800.0,44
201100003045,11,10,29,1215,1,1,1,1.0,6.0,44169,M,0.0,0.0,44
201100003046,11,12,24,1730,2,1,1,1.0,6.0,44140,M,4716900.0,-120100.0,44
201100003047,11,12,31,1230,1,1,2,2.0,3.0,44028,M,4734400.0,-134900.0,44
201100003048,11,2,1,1630,1,1,1,1.0,5.0,44144,M,4751300.0,-128200.0,44
201100003049,11,4,6,1230,1,1,1,1.0,5.0,44082,M,4743800.0,-137100.0,44
201100003050,11,4,14,1445,1,1,1,1.0,5.0,44115,M,4735000.0,-129000.0,44
201100003051,11,7,7,30,3,1,1,2.0,7.0,44077,M,4752700.0,-139500.0,44
201100003052,11,9,29,30,3,2,1,1.0,7.0,44202,M,4746500.0,-127600.0,44
201100003053,11,10,18,1745,1,1,1,2.0,1.0,44118,M,4748600.0,-123700.0,44
201100003054,11,12,12,1745,3,1,1,3.0,1.0,44082,M,4737800.0,-135400.0,44
201100003055,11,1,2,1900,3,1,1,1.0,1.0,44170,M,4764000.0,-122000.0,44
201100003056,11,1,6,2230,3,1,1,1.0,7.0,44054,M,4769000.0,-133000.0,44
201100003057,11,1,13,915,1,1,1,2.0,1.0,44099,M,4764000.0,-138000.0,44
201100003058,11,2,27,745,1,1,1,1.0,6.0,44112,M,4778300.0,-133300.0,44
201100003059,11,3,28,1745,1,2,1,1.0,3.0,44036,M,0.0,0.0,44
201100003060,11,4,16,315,5,2,1,1.0,6.0,44146,M,4778700.0,-144600.0,44
201100003061,11,5,1,1800,1,1,1,1.0,6.0,44170,M,0.0,0.0,44
201100003062,11,9,3,800,1,1,1,1.0,1.0,44036,M,4771200.0,-136100.0,44
201100003063,11,9,28,815,1,2,6,1.0,6.0,44036,M,4772200.0,-138100.0,44
201100003064,11,11,20,500,3,1,1,1.0,6.0,44065,M,4756800.0,-130200.0,44
201100003065,11,11,30,1730,3,1,9,1.0,1.0,44095,M,0.0,0.0,44
201100003066,11,2,6,1815,2,2,1,1.0,6.0,44067,M,4763000.0,-182900.0,44
201100003067,11,2,16,1115,2,1,1,2.0,3.0,44044,M,4766200.0,-178300.0,44
201100003068,11,2,26,815,1,1,9,1.0,5.0,44067,M,4763300.0,-185400.0,44
201100003069,11,4,10,1700,1,1,1,1.0,1.0,44015,M,4747600.0,-172700.0,44
201100003070,11,4,21,1015,1,1,1,1.0,1.0,44062,M,4751800.0,-175000.0,44
201100003071,11,5,3,1845,1,1,2,1.0,3.0,44067,M,4762100.0,-183600.0,44
201100003072,11,6,25,30,3,1,1,1.0,6.0,44128,M,4754300.0,-195100.0,44
201100003073,11,6,25,2015,1,2,1,1.0,3.0,44185,M,4765000.0,-207600.0,44
201100003074,11,7,5,15,3,1,2,1.0,1.0,44067,M,4763500.0,-189400.0,44
201100003075,11,7,9,1115,1,1,1,2.0,1.0,44091,M,0.0,0.0,44
201100003076,11,7,23,45,3,1,1,1.0,1.0,44092,M,0.0,0.0,44
201100003077,11,7,24,1215,1,2,1,1.0,4.0,44015,M,4748000.0,-176500.0,44
201100003078,11,7,27,1200,1,2,1,1.0,3.0,44067,M,4763300.0,-182900.0,44
201100003079,11,8,18,1700,1,1,1,1.0,3.0,44067,M,4762500.0,-182300.0,44
201100003080,11,8,22,1245,1,1,1,1.0,3.0,44128,M,4756400.0,-180700.0,44
201100003081,11,8,31,915,1,1,1,1.0,2.0,44023,M,4742500.0,-188100.0,44
201100003082,11,9,7,1815,1,1,1,1.0,7.0,44128,M,0.0,0.0,44
201100003083,11,9,16,1800,1,1,1,1.0,1.0,44062,M,4756100.0,-174400.0,44
201100003084,11,9,28,1330,1,1,1,1.0,3.0,44057,M,4761100.0,-203200.0,44
201100003085,11,10,8,1515,1,2,1,1.0,2.0,44015,M,4749100.0,-175600.0,44
201100003086,11,10,8,1845,1,1,1,1.0,2.0,44128,M,4756900.0,-188200.0,44
201100003087,11,10,15,1630,1,1,1,1.0,7.0,44007,M,4764400.0,-200700.0,44
201100003088,11,10,29,445,3,1,9,5.0,6.0,44067,M,4761600.0,-177200.0,44
201100003089,11,10,30,1545,1,1,1,1.0,3.0,44007,M,4764700.0,-201300.0,44
201100003090,11,11,5,1445,1,1,1,1.0,6.0,44056,M,0.0,0.0,44
201100003091,11,11,12,730,3,1,1,2.0,6.0,44128,M,4755400.0,-194800.0,44
201100003092,11,11,14,1515,1,1,1,1.0,7.0,44067,M,4770200.0,-186200.0,44
201100003093,11,11,23,1545,1,2,1,1.0,6.0,44015,M,4748700.0,-176500.0,44
201100003094,11,11,26,1830,3,1,1,5.0,7.0,44091,M,4757700.0,-165500.0,44
201100003095,11,12,2,1900,5,2,1,1.0,6.0,44185,M,4764700.0,-206800.0,44
201100003096,11,12,3,1100,1,2,1,2.0,3.0,44128,M,0.0,0.0,44
201100003097,11,11,30,1245,1,2,3,1.0,3.0,44015,M,4748000.0,-172200.0,44
201100003098,11,12,27,2245,3,1,1,5.0,6.0,44128,M,0.0,0.0,44
201100003099,11,1,20,745,3,1,1,5.0,3.0,44179,M,4734700.0,-143700.0,44
201100003100,11,3,29,1815,1,1,1,1.0,5.0,44122,M,4741900.0,-147100.0,44
201100003101,11,6,12,500,3,1,1,1.0,6.0,44073,M,4744000.0,-167300.0,44
201100003102,11,8,25,1900,1,1,1,2.0,1.0,44110,M,4744200.0,-154000.0,44
201100003103,11,9,28,1145,1,1,1,1.0,3.0,44122,M,4742800.0,-143600.0,44
201100003104,11,11,5,900,1,1,1,1.0,1.0,44205,M,4744200.0,-146400.0,44
201100003105,11,11,6,730,2,1,1,2.0,7.0,44205,M,4744700.0,-143600.0,44
201100003106,11,12,2,830,1,1,1,1.0,1.0,44110,M,0.0,0.0,44
201100003107,11,1,23,1900,3,1,1,1.0,6.0,44001,M,4755000.0,-151000.0,44
201100003108,11,2,10,845,1,1,1,3.0,2.0,44208,M,0.0,0.0,44
201100003109,11,2,24,1500,1,1,1,1.0,3.0,44086,M,4768600.0,-161100.0,44
201100003110,11,3,12,1700,1,1,2,1.0,3.0,44086,M,4766800.0,-160400.0,44
201100003111,11,6,12,700,1,1,1,1.0,7.0,44051,M,4769100.0,-168800.0,44
201100003112,11,7,11,2000,1,1,1,1.0,6.0,44193,M,4767200.0,-147700.0,44
201100003113,11,7,30,2100,1,1,1,1.0,7.0,44214,M,4756000.0,-172200.0,44
201100003114,11,8,19,2015,1,1,3,1.0,3.0,44224,M,4753800.0,-165900.0,44
201100003115,11,10,6,1815,1,2,1,1.0,1.0,44193,M,4765900.0,-150100.0,44
201100003116,11,10,9,730,2,1,1,1.0,6.0,44193,M,4768000.0,-150800.0,44
201100003117,11,10,17,1215,1,1,1,1.0,1.0,44193,M,4767900.0,-150500.0,44
201100003118,11,10,14,1700,1,1,1,1.0,6.0,44208,M,4761900.0,-154200.0,44
201100003119,11,10,21,1445,1,2,1,1.0,3.0,44113,M,4756700.0,-162600.0,44
201100003120,11,10,28,2200,3,1,1,1.0,2.0,44113,M,4751800.0,-157700.0,44
201100003121,11,11,26,1000,1,1,1,5.0,6.0,44051,M,4766200.0,-161400.0,44
201100003122,11,2,6,115,3,1,1,1.0,1.0,44150,M,0.0,0.0,44
201100003123,11,4,12,2230,5,2,8,1.0,1.0,44150,M,0.0,0.0,44
201100003124,11,5,5,345,3,1,1,1.0,1.0,44130,M,0.0,0.0,44
201100003125,11,6,1,1745,1,2,1,1.0,6.0,44150,M,0.0,0.0,44
201100003126,11,7,6,1145,1,1,1,1.0,1.0,44130,M,0.0,0.0,44
201100003127,11,7,26,1945,1,1,1,1.0,3.0,44120,M,0.0,0.0,44
201100003128,11,8,1,645,1,1,1,1.0,3.0,44018,M,0.0,0.0,44
201100003129,11,9,2,1015,1,2,2,1.0,3.0,44150,M,0.0,0.0,44
201100003130,11,9,28,1545,1,1,1,1.0,1.0,44171,M,0.0,0.0,44
201100003131,11,10,22,1845,1,1,1,1.0,7.0,44166,M,0.0,0.0,44
201100003132,11,2,7,1000,1,1,1,1.0,1.0,44012,M,0.0,0.0,44
201100003133,11,2,20,430,5,2,1,1.0,6.0,44106,M,0.0,0.0,44
201100003134,11,3,3,930,1,1,1,1.0,2.0,44131,M,0.0,0.0,44
201100003135,11,5,13,1415,1,1,1,1.0,6.0,44021,M,0.0,0.0,44
201100003136,11,7,7,2100,1,1,2,3.0,3.0,44012,M,0.0,0.0,44
201100003137,11,8,16,1400,1,1,1,1.0,7.0,44164,M,0.0,0.0,44
201100003138,11,8,21,1600,1,1,1,1.0,5.0,44040,M,0.0,0.0,44
201100003139,11,10,10,1745,1,1,1,1.0,2.0,44131,M,4711600.0,-207500.0,44
201100003140,11,11,16,715,3,1,2,2.0,5.0,44164,M,0.0,0.0,44
201100003141,11,11,18,1530,1,2,1,1.0,6.0,44042,M,0.0,0.0,44
201100003142,11,12,12,1545,1,2,1,6.0,1.0,44131,M,0.0,0.0,44
201100003143,11,1,7,2315,3,1,1,8.0,5.0,44061,M,0.0,0.0,44
201100003144,11,2,12,1815,1,2,1,1.0,1.0,44116,M,4729400.0,-203500.0,44
201100003145,11,4,1,845,1,1,1,1.0,5.0,44192,M,4726600.0,-200700.0,44
201100003146,11,4,13,1200,1,1,2,1.0,3.0,44005,M,4718800.0,-196300.0,44
201100003147,11,4,29,1200,1,1,1,1.0,2.0,44005,M,4719400.0,-201500.0,44
201100003148,11,6,4,1845,1,1,2,1.0,3.0,44187,M,4720900.0,-205300.0,44
201100003149,11,7,5,1845,1,2,9,1.0,3.0,44154,M,0.0,0.0,44
201100003150,11,7,8,2015,1,1,9,2.0,1.0,44061,M,4723300.0,-193100.0,44
201100003151,11,7,14,1445,1,1,2,1.0,3.0,44187,M,4721900.0,-205399.0,44
201100003152,11,8,26,1030,1,1,1,2.0,6.0,44182,M,4719000.0,-214500.0,44
201100003153,11,9,24,530,3,1,1,1.0,6.0,44187,M,0.0,0.0,44
201100003154,11,10,9,245,3,1,1,1.0,6.0,44154,M,0.0,0.0,44
201100003155,11,10,21,1345,1,1,1,1.0,3.0,44154,M,4724000.0,-214500.0,44
201100003156,11,11,8,1015,1,2,1,1.0,6.0,44005,M,4712000.0,-194100.0,44