Num_Acc,an,mois,jour,hrmn,lum,agg,int,atm,col,com,gps,lat,long,dep
201100003157,11,11,10,1745,4,2,1,2.0,1.0,44116,M,4728700.0,-202199.0,44
201100003158,11,12,2,745,2,2,1,1.0,6.0,44192,M,4726200.0,-202000.0,44
201100003159,11,1,4,745,3,1,2,1.0,3.0,44186,M,4708300.0,-179800.0,44
201100003160,11,1,21,2030,3,1,1,1.0,1.0,44186,M,4710300.0,-183200.0,44
201100003161,11,2,9,1015,1,2,1,1.0,1.0,44087,M,0.0,0.0,44
201100003162,11,3,30,2015,3,1,1,3.0,1.0,44087,M,4700300.0,-181300.0,44
201100003163,11,5,4,800,1,2,2,1.0,1.0,44186,M,4710800.0,-181000.0,44
201100003164,11,5,16,1,3,1,1,1.0,6.0,44186,M,0.0,0.0,44
201100003165,11,6,11,100,3,1,1,1.0,1.0,44186,M,4708700.0,-179800.0,44
201100003166,11,6,16,800,1,2,6,1.0,1.0,44186,M,4710900.0,-180700.0,44
201100003167,11,7,11,1800,1,1,1,1.0,1.0,44133,M,0.0,0.0,44
201100003168,11,8,20,2015,1,2,3,2.0,1.0,44087,M,0.0,0.0,44
201100003169,11,9,3,615,3,1,1,5.0,6.0,44087,M,0.0,0.0,44
201100003170,11,9,7,1730,1,1,1,1.0,1.0,44133,M,0.0,0.0,44
201100003171,11,9,8,1030,1,1,1,2.0,3.0,44186,M,0.0,0.0,44
201100003172,11,12,10,1200,1,2,1,1.0,3.0,44157,M,0.0,0.0,44
201100003173,11,12,17,15,3,1,1,1.0,3.0,44157,M,0.0,0.0,44
201100003174,11,12,20,1345,1,1,1,1.0,3.0,44133,M,0.0,0.0,44
201100003175,11,12,21,815,2,1,2,1.0,3.0,44157,M,0.0,0.0,44
201100003176,11,3,1,1530,1,2,6,1.0,3.0,44047,M,4722600.0,-168800.0,44
201100003177,11,4,3,2145,3,1,1,1.0,7.0,44074,M,4721300.0,-169200.0,44
201100003178,11,4,28,2245,3,1,6,1.0,6.0,44047,M,4721100.0,-168400.0,44
201100003179,11,5,5,1215,1,1,2,1.0,3.0,44047,M,4724500.0,-166000.0,44
201100003180,11,5,14,1515,1,2,1,1.0,3.0,44047,M,0.0,0.0,44
201100003181,11,6,1,1715,1,1,2,1.0,3.0,44047,M,4725000.0,-170700.0,44
201100003182,11,7,12,1815,1,1,1,1.0,1.0,44047,M,4725500.0,-166800.0,44
201100003183,11,7,16,330,5,2,1,1.0,7.0,44047,M,0.0,0.0,44
201100003184,11,8,1,1230,1,1,1,1.0,2.0,44047,M,0.0,0.0,44
201100003185,11,9,12,1430,1,2,6,2.0,1.0,44047,M,0.0,0.0,44
201100003186,11,9,22,745,1,1,2,1.0,3.0,44047,M,0.0,0.0,44
201100003187,11,12,14,1345,1,2,1,2.0,6.0,44047,M,0.0,0.0,44
201100003188,11,12,27,1700,1,1,3,1.0,5.0,44047,M,0.0,0.0,44
201100003189,11,1,8,1700,1,1,1,2.0,6.0,44069,M,4734300.0,-246600.0,44
201100003190,11,1,17,1900,3,2,1,1.0,3.0,44069,M,4733900.0,-245700.0,44
201100003191,11,1,28,830,1,1,1,1.0,6.0,44069,M,4738700.0,-251000.0,44
201100003192,11,2,7,1730,1,1,1,1.0,6.0,44151,M,4733800.0,-229200.0,44
201100003193,11,2,12,2330,3,1,1,1.0,6.0,44151,M,4732700.0,-233300.0,44
201100003194,11,3,2,1930,5,2,1,1.0,1.0,44211,M,4735100.0,-249500.0,44
201100003195,11,4,12,1630,1,2,1,7.0,6.0,44069,M,4733000.0,-243000.0,44
201100003196,11,4,19,1845,1,1,1,1.0,6.0,44069,M,4734600.0,-242600.0,44
201100003197,11,4,20,1245,1,1,2,1.0,1.0,44151,M,4733900.0,-231200.0,44
201100003198,11,5,8,1230,1,1,1,2.0,6.0,44175,M,4739000.0,-234500.0,44
201100003199,11,5,8,1700,1,2,1,1.0,3.0,44010,M,4728300.0,-247900.0,44
201100003200,11,6,8,1845,1,1,1,1.0,1.0,44183,M,4737100.0,-243000.0,44
201100003201,11,6,10,2230,5,2,1,1.0,3.0,44069,M,4733400.0,-243100.0,44
201100003202,11,6,29,815,1,2,1,1.0,2.0,44211,M,4734900.0,-248300.0,44
201100003203,11,7,7,1545,1,1,1,1.0,1.0,44211,M,0.0,0.0,44
201100003204,11,7,10,530,3,1,1,1.0,6.0,44183,M,4738100.0,-242200.0,44
201100003205,11,7,10,1815,1,1,1,1.0,2.0,44069,M,0.0,0.0,44
201100003206,11,7,15,1500,1,2,1,2.0,3.0,44097,M,4740200.0,-248100.0,44
201100003207,11,8,15,2100,2,1,1,1.0,6.0,44097,M,4740600.0,-249500.0,44
201100003208,11,8,16,1000,1,2,6,1.0,3.0,44049,M,4728700.0,-250500.0,44
201100003209,11,8,20,845,1,1,1,1.0,2.0,44183,M,4737400.0,-240900.0,44
201100003210,11,8,28,1830,1,1,1,1.0,5.0,44151,M,4733900.0,-229000.0,44
201100003211,11,8,30,1100,1,1,6,1.0,2.0,44069,M,4732300.0,-241400.0,44
201100003212,11,9,18,1630,1,1,7,1.0,6.0,44175,M,4736500.0,-231400.0,44
201100003213,11,9,27,1815,1,2,1,1.0,6.0,44069,M,4733200.0,-243000.0,44
201100003214,11,10,1,1845,1,1,1,1.0,5.0,44183,M,4738200.0,-243000.0,44
201100003215,11,10,5,1530,1,1,2,1.0,3.0,44097,M,4740300.0,-249000.0,44
201100003216,11,10,3,1715,1,1,1,1.0,7.0,44010,M,4729400.0,-245500.0,44
201100003217,11,10,16,1245,1,1,1,1.0,6.0,44069,M,4737600.0,-238500.0,44
201100003218,11,11,21,1615,1,1,1,1.0,1.0,44069,M,4729900.0,-243500.0,44
201100003219,11,2,2,1830,3,1,3,2.0,3.0,44052,M,4734700.0,-209399.0,44
201100003220,11,2,17,1800,1,2,1,1.0,6.0,44210,M,0.0,0.0,44
201100003221,11,3,31,1930,1,2,1,1.0,3.0,44176,M,4734900.0,-217800.0,44
201100003222,11,4,16,1515,1,2,1,1.0,3.0,44176,M,4734500.0,-217800.0,44
201100003223,11,4,17,1930,1,2,1,1.0,7.0,44210,M,4732400.0,-219000.0,44
201100003224,11,4,18,1830,1,1,1,1.0,1.0,44052,M,0.0,0.0,44
201100003225,11,4,28,1615,1,1,9,1.0,5.0,44210,M,4731400.0,-220500.0,44
201100003226,11,5,10,2100,1,2,1,1.0,7.0,44210,M,4732400.0,-218300.0,44
201100003227,11,5,12,930,1,1,1,1.0,6.0,44052,M,4731200.0,-208999.0,44
201100003228,11,8,3,1600,1,1,6,1.0,3.0,44210,M,4730600.0,-219400.0,44
201100003229,11,10,22,1515,1,1,1,1.0,6.0,44052,M,4734800.0,-201200.0,44
201100003230,11,11,20,1015,1,1,2,1.0,3.0,44168,M,4737400.0,-219600.0,44
201100003231,11,12,3,1430,1,2,9,2.0,6.0,44210,M,4732100.0,-218800.0,44
201100003232,11,12,31,2000,3,2,1,2.0,3.0,44068,M,4749200.0,-200500.0,44
201100003233,11,2,15,2030,5,1,3,1.0,3.0,44129,M,4749800.0,-222900.0,44
201100003234,11,3,4,2000,5,1,1,1.0,3.0,44161,M,4750900.0,-202100.0,44
201100003235,11,3,21,1300,1,1,3,1.0,1.0,44196,M,4755800.0,-205600.0,44
201100003236,11,4,4,1645,1,2,1,1.0,1.0,44129,M,4743500.0,-211000.0,44
201100003237,11,4,16,1915,1,1,3,1.0,3.0,44013,M,0.0,0.0,44
201100003238,11,5,24,1615,1,1,3,1.0,3.0,44098,M,4748200.0,-217800.0,44
201100003239,11,6,14,1000,1,1,1,1.0,6.0,44196,M,0.0,0.0,44
201100003240,11,6,29,2030,1,1,1,7.0,1.0,44098,M,4746400.0,-220500.0,44
201100003241,11,8,18,945,1,2,2,1.0,2.0,44189,M,4744600.0,-219400.0,44
201100003242,11,9,2,730,1,1,1,1.0,6.0,44129,M,4746500.0,-218300.0,44
201100003243,11,9,11,245,4,1,1,1.0,6.0,44098,M,4748200.0,-219100.0,44
201100003244,11,9,24,1000,1,1,1,1.0,6.0,44068,M,4750000.0,-192800.0,44
201100003245,11,11,10,1815,3,1,1,1.0,1.0,44098,M,4750500.0,-213200.0,44
201100003246,11,11,25,2000,3,1,1,5.0,6.0,44139,M,4747700.0,-195700.0,44
201100003247,11,12,11,815,2,1,1,1.0,6.0,44129,M,4745700.0,-213300.0,44
201100003248,11,12,9,1815,5,2,1,2.0,3.0,44161,M,0.0,0.0,44
201100003249,11,12,23,2300,3,1,1,1.0,1.0,44196,M,4754300.0,-205600.0,44
201100003250,11,12,24,1600,1,2,1,1.0,1.0,44098,M,4748600.0,-215900.0,44
201100003251,11,1,31,945,1,2,1,1.0,6.0,44158,M,0.0,0.0,44
201100003252,11,2,13,1930,4,2,1,2.0,6.0,44203,M,0.0,0.0,44
201100003253,11,5,22,1045,1,1,1,1.0,1.0,44045,M,0.0,0.0,44
201100003254,11,7,1,2030,1,1,1,1.0,6.0,44158,M,0.0,0.0,44
201100003255,11,10,4,2100,3,1,1,1.0,6.0,44045,M,0.0,0.0,44
201100003256,11,10,28,1930,5,2,1,1.0,1.0,44194,M,0.0,0.0,44
201100003257,11,2,5,500,3,2,1,1.0,1.0,44195,M,4737200.0,-193700.0,44
201100003258,11,2,26,1600,1,1,1,1.0,1.0,44089,M,4732200.0,-186400.0,44
201100003259,11,4,16,1045,1,1,1,7.0,2.0,44195,M,4734800.0,-191600.0,44
201100003260,11,4,20,1800,1,1,1,1.0,7.0,44025,M,4745200.0,-196100.0,44
201100003261,11,5,5,2215,3,1,1,1.0,1.0,44195,M,4737700.0,-192300.0,44
201100003262,11,5,31,645,1,2,2,1.0,3.0,44089,M,,,44
201100003263,11,9,23,1830,1,1,1,1.0,2.0,44089,M,4731900.0,-186000.0,44
201100003264,11,10,9,1545,1,1,1,1.0,1.0,44025,M,4744800.0,-194700.0,44
201100003265,11,10,20,1,5,2,1,1.0,6.0,44025,M,0.0,0.0,44
201100003266,11,1,14,1730,3,1,1,3.0,5.0,49035,M,4744922.0,-61694.0,49
201100003267,11,2,8,1100,1,1,1,8.0,1.0,49278,M,4741977.0,-58560.0,49
201100003268,11,4,16,1830,1,1,1,1.0,7.0,49278,M,4742236.0,-60723.0,49
201100003269,11,6,15,1745,1,1,2,1.0,3.0,49020,M,4748430.0,-64323.0,49
201100003270,11,7,6,2300,4,1,1,1.0,1.0,49200,M,4755566.0,-66210.0,49
201100003271,11,9,23,800,1,1,1,1.0,2.0,49278,M,4741885.0,-59028.0,49
201100003272,11,9,25,1145,1,1,1,1.0,6.0,49196,M,4752512.0,-63486.0,49
201100003273,11,11,6,945,1,1,1,1.0,6.0,49020,M,4746675.0,-62816.0,49
201100003274,11,12,5,1800,4,2,2,1.0,1.0,49020,M,4747375.0,-61364.0,49
201100003275,11,12,9,930,1,1,1,1.0,1.0,49278,M,4741898.0,-60361.0,49
201100003276,11,12,29,830,1,1,1,9.0,5.0,49196,M,4752430.0,-67917.0,49
201100003277,11,12,29,2115,5,1,9,1.0,2.0,49020,M,4747051.0,-61419.0,49
201100003278,11,1,27,1815,3,1,1,1.0,6.0,49194,M,4746745.0,-30197.0,49
201100003279,11,4,30,1945,1,1,2,1.0,3.0,49049,M,4745100.0,-16141.0,49
201100003280,11,7,6,1715,1,1,1,1.0,6.0,49138,M,4749208.0,-17159.0,49
201100003281,11,7,7,1830,1,1,2,1.0,3.0,49147,M,4745731.0,-24435.0,49
201100003282,11,8,11,430,3,1,1,1.0,6.0,49194,M,4744623.0,-28530.0,49
201100003283,11,12,27,430,3,1,9,5.0,6.0,49106,M,4746284.0,-35248.0,49
201100003284,11,1,11,800,2,1,1,2.0,7.0,49078,M,4732902.0,-41451.0,49
201100003285,11,1,27,1100,1,1,1,1.0,7.0,49071,M,4726339.0,-64320.0,49
201100003286,11,3,27,715,2,1,1,2.0,2.0,49222,M,4737731.0,-55345.0,49
201100003287,11,4,7,1830,1,1,1,1.0,3.0,49153,M,4723403.0,-59451.0,49
201100003288,11,5,1,330,3,1,1,1.0,6.0,49001,M,4730868.0,-42657.0,49
201100003289,11,5,12,700,1,1,1,1.0,3.0,49222,M,4736759.0,-56613.0,49
201100003290,11,6,12,700,1,1,1,1.0,7.0,49317,M,4738482.0,-33915.0,49
201100003291,11,7,7,1800,1,1,1,1.0,3.0,49167,M,4738769.0,-49357.0,49
201100003292,11,7,15,1800,1,1,3,1.0,3.0,49345,M,4727306.0,-52246.0,49
201100003293,11,8,15,2100,2,1,1,1.0,7.0,49222,M,4733791.0,-58548.0,49
201100003294,11,8,23,1430,1,2,2,1.0,3.0,49134,M,4729250.0,-52031.0,49
201100003295,11,10,2,1215,1,1,6,1.0,7.0,49363,M,4735271.0,-45324.0,49
201100003296,11,10,6,2230,3,1,1,1.0,7.0,49050,M,4732501.0,-41565.0,49
201100003297,11,12,7,1045,1,1,1,1.0,6.0,49308,M,4739085.0,-51384.0,49
201100003298,11,12,9,1800,3,1,1,3.0,3.0,49167,M,4738776.0,-49372.0,49
201100003299,11,12,23,2215,3,2,1,1.0,6.0,49134,M,4729657.0,-51619.0,49
201100003300,11,12,29,915,1,1,1,1.0,6.0,49022,M,4731865.0,-60847.0,49
201100003301,11,6,11,1715,1,1,1,1.0,7.0,49020,M,4747026.0,-61471.0,49
201100003302,11,1,20,515,3,1,1,1.0,2.0,49323,M,4749975.0,-50175.0,49
201100003303,11,1,31,745,2,1,1,8.0,4.0,49377,M,4754838.0,-48903.0,49
201100003304,11,2,4,1700,1,1,1,1.0,6.0,49032,M,4743240.0,-40048.0,49
201100003305,11,2,18,745,2,1,1,5.0,1.0,49377,M,4754298.0,-43507.0,49
201100003306,11,2,18,845,1,2,6,5.0,6.0,49307,M,4740864.0,-31829.0,49
201100003307,11,3,18,515,5,1,1,1.0,3.0,49129,M,4750182.0,-51756.0,49
201100003308,11,4,1,2015,1,1,9,1.0,3.0,49032,M,4741771.0,-36981.0,49
201100003309,11,5,12,1600,1,1,9,7.0,3.0,49004,M,4747204.0,-36668.0,49
201100003310,11,5,17,830,1,1,1,1.0,2.0,49129,M,4750727.0,-51009.0,49
201100003311,11,5,19,830,1,1,1,1.0,2.0,49377,M,4755782.0,-50056.0,49
201100003312,11,5,26,815,1,1,1,1.0,6.0,49377,M,4755681.0,-44322.0,49
201100003313,11,6,12,1030,1,1,1,2.0,3.0,49241,M,4750873.0,-43590.0,49
201100003314,11,6,20,845,1,2,3,1.0,3.0,49004,M,4749710.0,-40505.0,49
201100003315,11,6,27,1600,1,1,1,1.0,1.0,49307,M,4741415.0,-34727.0,49
201100003316,11,8,25,1515,1,2,1,1.0,1.0,49307,M,4741781.0,-30684.0,49
201100003317,11,8,27,1200,1,1,9,1.0,7.0,49377,M,4752853.0,-42313.0,49
201100003318,11,9,2,2245,3,1,1,1.0,6.0,49241,M,4751018.0,-43642.0,49
201100003319,11,9,27,1930,2,2,1,1.0,6.0,49377,M,4756041.0,-42426.0,49
201100003320,11,10,25,445,3,1,6,2.0,6.0,49323,M,4751565.0,-45775.0,49
201100003321,11,12,10,1115,1,2,1,1.0,1.0,49323,M,4752033.0,-47398.0,49
201100003322,11,12,14,1430,1,1,1,8.0,3.0,49307,M,4741888.0,-30912.0,49
201100003323,11,12,20,1900,3,1,2,1.0,3.0,49377,M,4754390.0,-43446.0,49
201100003324,11,1,12,1415,1,2,1,1.0,1.0,49283,M,4740475.0,-74977.0,49
201100003325,11,4,2,1300,1,1,9,1.0,1.0,49259,M,4736442.0,-63252.0,49
201100003326,11,4,24,1215,1,1,1,1.0,3.0,49063,M,4735561.0,-78104.0,49
201100003327,11,4,28,1215,1,1,1,1.0,5.0,49068,M,4741435.0,-88355.0,49
201100003328,11,9,30,230,3,1,1,1.0,6.0,49244,M,4737167.0,-85877.0,49
201100003329,11,10,25,1335,1,1,1,1.0,3.0,49160,M,4741395.0,-91504.0,49
201100003330,11,11,3,715,3,1,1,1.0,2.0,49068,M,4741459.0,-88664.0,49
201100003331,11,11,2,1815,3,1,2,1.0,3.0,49068,M,4740271.0,-85366.0,49
201100003332,11,11,13,2100,5,2,1,1.0,6.0,49244,M,4735772.0,-86057.0,49
201100003333,11,4,7,1715,1,1,1,1.0,4.0,49163,M,4756091.0,-26141.0,49
201100003334,11,6,4,145,3,1,1,1.0,6.0,49209,M,4762020.0,-19770.0,49
201100003335,11,7,24,40,4,2,1,1.0,6.0,49127,M,4767125.0,-24437.0,49
201100003336,11,8,4,1515,1,1,1,1.0,3.0,49107,M,4748256.0,-30726.0,49
201100003337,11,11,1,1045,2,2,1,2.0,6.0,49334,M,4752519.0,-21321.0,49
201100003338,11,11,24,730,5,2,3,5.0,1.0,49110,M,4756815.0,-36149.0,49
201100003339,11,12,23,1945,3,1,1,2.0,5.0,49110,M,4756422.0,-36731.0,49
201100003340,11,1,15,345,3,1,1,8.0,6.0,49312,M,4715259.0,-102409.0,49
201100003341,11,2,18,745,1,1,1,5.0,6.0,49006,M,4716757.0,-95779.0,49
201100003342,11,6,5,1815,1,1,1,1.0,1.0,49169,M,4728951.0,-73893.0,49
201100003343,11,6,28,1845,1,1,1,1.0,6.0,49006,M,4716742.0,-97217.0,49
201100003344,11,7,28,1400,1,1,9,1.0,3.0,49268,M,4728454.0,-80462.0,49
201100003345,11,7,30,1430,1,1,1,1.0,1.0,49243,M,4720178.0,-92468.0,49
201100003346,11,8,28,845,1,1,1,1.0,1.0,49023,M,4719108.0,-97930.0,49
201100003347,11,9,3,2215,3,1,1,1.0,7.0,49300,M,4722592.0,-79857.0,49
201100003348,11,9,15,1400,1,1,1,1.0,1.0,49199,M,4720044.0,-72170.0,49
201100003349,11,10,4,15,3,1,1,1.0,7.0,49375,M,4714108.0,-105363.0,49
201100003350,11,10,15,1630,1,2,1,1.0,3.0,49023,M,4720392.0,-99721.0,49
201100003351,11,10,7,815,1,2,1,1.0,6.0,49281,M,4715241.0,-73703.0,49
201100003352,11,12,28,2015,3,1,3,8.0,3.0,49199,M,4717331.0,-70810.0,49
201100003353,11,1,17,745,3,1,1,1.0,5.0,49371,M,4711242.0,-73430.0,49
201100003354,11,1,19,800,3,1,2,1.0,3.0,49195,M,4704152.0,-82152.0,49
201100003355,11,1,22,1130,1,1,1,1.0,1.0,49350,M,4704301.0,-107400.0,49
201100003356,11,2,7,2015,3,1,1,1.0,5.0,49350,M,4703989.0,-107912.0,49
201100003357,11,4,3,100,3,1,1,1.0,6.0,49350,M,4704093.0,-111265.0,49
201100003358,11,4,8,2330,4,1,1,1.0,6.0,49355,M,4712168.0,-79881.0,49
201100003359,11,4,25,1930,1,1,1,1.0,6.0,49332,M,4707340.0,-94746.0,49
201100003360,11,5,7,115,3,1,1,1.0,7.0,49285,M,4712512.0,-109134.0,49
201100003361,11,5,31,745,1,2,2,1.0,3.0,49193,M,4713310.0,-88883.0,49
201100003362,11,6,15,1015,1,1,1,1.0,6.0,49058,M,4700733.0,-67915.0,49
201100003363,11,6,15,800,1,1,1,1.0,3.0,49192,M,4701532.0,-74425.0,49
201100003364,11,6,25,1830,1,1,1,1.0,7.0,49273,M,4711963.0,-121219.0,49
201100003365,11,6,27,915,1,1,1,1.0,1.0,49343,M,4700173.0,-81786.0,49
201100003366,11,6,25,1830,1,1,1,1.0,3.0,49192,M,4701533.0,-74426.0,49
201100003367,11,9,22,1530,1,1,1,1.0,1.0,49285,M,4710995.0,-112308.0,49
201100003368,11,10,9,245,3,1,2,1.0,3.0,49349,M,4713638.0,-116561.0,49
201100003369,11,10,11,1730,1,1,1,1.0,3.0,49260,M,4707052.0,-102409.0,49
201100003370,11,11,2,1615,1,1,1,1.0,7.0,49332,M,4707704.0,-95189.0,49
201100003371,11,11,3,815,1,2,6,2.0,3.0,49192,M,4701339.0,-74528.0,49
201100003372,11,11,9,1915,5,2,1,1.0,6.0,49264,M,4709990.0,-99414.0,49
201100003373,11,11,12,1100,1,2,1,1.0,6.0,49193,M,4714055.0,-89424.0,49
201100003374,11,12,7,1230,1,1,1,1.0,1.0,49343,M,4702123.0,-85043.0,49
201100003375,11,3,18,1730,1,1,1,1.0,1.0,49316,M,4728771.0,-108069.0,49
201100003376,11,4,23,2130,2,1,1,8.0,7.0,49360,M,4731780.0,-129649.0,49
201100003377,11,5,7,1130,1,1,1,1.0,7.0,49252,M,4723075.0,-114896.0,49
201100003378,11,7,3,2345,3,1,1,1.0,6.0,49172,M,4726460.0,-125058.0,49
201100003379,11,7,15,1800,1,1,3,1.0,3.0,49297,M,4736256.0,-97443.0,49
201100003380,11,9,6,1430,1,1,1,1.0,1.0,49316,M,4726982.0,-106412.0,49
201100003381,11,10,9,1045,1,1,1,1.0,6.0,49069,M,4733825.0,-127608.0,49
201100003382,11,10,14,1415,1,1,1,1.0,1.0,49276,M,4736522.0,-96448.0,49
201100003383,11,10,16,100,3,1,1,1.0,1.0,49190,M,4735665.0,-104533.0,49
201100003384,11,10,18,1715,1,1,1,2.0,7.0,49069,M,4732623.0,-126070.0,49
201100003385,11,11,19,1530,1,2,3,7.0,3.0,49204,M,4736679.0,-93330.0,49
201100003386,11,12,3,1745,3,1,2,2.0,3.0,49296,M,4730000.0,-120668.0,49
201100003387,11,1,12,745,2,1,1,2.0,1.0,49303,M,4755288.0,-8537.0,49
201100003388,11,4,16,1830,1,1,1,1.0,1.0,49372,M,4753333.0,-11024.0,49
201100003389,11,4,23,1000,1,1,1,1.0,6.0,49228,M,4749617.0,9294.0,49
201100003390,11,5,20,1600,1,2,1,1.0,2.0,49018,M,4754001.0,-11112.0,49
201100003391,11,6,4,1630,1,1,1,1.0,6.0,49380,M,4761208.0,-1295.0,49
201100003392,11,9,14,845,1,2,1,1.0,6.0,49018,M,4753733.0,-9852.0,49
201100003393,11,9,17,2000,3,1,1,2.0,6.0,49150,M,4759951.0,1597.0,49
201100003394,11,10,26,1030,1,2,1,1.0,6.0,49018,M,4754590.0,-10867.0,49
201100003395,11,1,3,1730,2,2,1,1.0,6.0,49125,M,4719374.0,-27584.0,49
201100003396,11,5,7,1645,1,1,1,1.0,3.0,49182,M,4724528.0,-29036.0,49
201100003397,11,6,11,1330,1,1,1,1.0,1.0,49373,M,4713525.0,-57798.0,49
201100003398,11,6,24,1015,1,1,1,1.0,6.0,49373,M,4714831.0,-50859.0,49
201100003399,11,7,4,2230,5,2,1,1.0,3.0,49125,M,4718952.0,-27678.0,49
201100003400,11,7,4,1800,1,1,1,1.0,1.0,49125,M,4720432.0,-25910.0,49
201100003401,11,7,28,1130,1,2,1,1.0,6.0,49125,M,4719667.0,-27905.0,49
201100003402,11,9,3,1645,1,1,6,1.0,6.0,49373,M,4715487.0,-52488.0,49
201100003403,11,9,7,815,1,1,1,1.0,1.0,49109,M,4709887.0,-63948.0,49
201100003404,11,9,27,1330,1,1,1,1.0,3.0,49125,M,4716823.0,-26115.0,49
201100003405,11,10,19,845,1,2,1,1.0,2.0,49373,M,4713963.0,-53887.0,49
201100003406,11,10,21,1630,1,1,2,1.0,3.0,49348,M,4720077.0,-43237.0,49
201100003407,11,11,5,1900,5,2,1,1.0,3.0,49125,M,4719261.0,-30200.0,49
201100003408,11,12,10,1915,5,2,1,8.0,3.0,49373,M,4714520.0,-53504.0,49
201100003409,11,12,21,1745,5,2,1,2.0,6.0,49373,M,4714640.0,-53603.0,49
201100003410,11,1,11,645,3,1,1,1.0,2.0,49180,M,4736183.0,-9034.0,49
201100003411,11,2,5,1915,2,1,1,1.0,6.0,49180,M,4737065.0,-15626.0,49
201100003412,11,2,20,1715,1,1,1,1.0,6.0,49378,M,4732295.0,-5329.0,49
201100003413,11,3,8,1330,1,1,6,1.0,1.0,49378,M,4730533.0,-3572.0,49
201100003414,11,3,17,600,1,1,1,1.0,6.0,49091,M,4733061.0,-36494.0,49
201100003415,11,3,20,15,3,1,1,1.0,6.0,49041,M,4731672.0,7689.0,49
201100003416,11,4,24,1400,1,1,2,1.0,3.0,49261,M,4736472.0,-22320.0,49
201100003417,11,5,4,2300,5,1,1,1.0,3.0,49149,M,4734737.0,-22870.0,49
201100003418,11,5,4,1115,1,1,1,1.0,3.0,49002,M,4731621.0,540.0,49
201100003419,11,5,16,1930,1,1,1,1.0,1.0,49180,M,4736408.0,-11266.0,49
201100003420,11,6,1,1515,1,1,1,1.0,3.0,49279,M,4733505.0,-30307.0,49
201100003421,11,6,26,1630,1,2,1,1.0,7.0,49094,M,4730964.0,-15513.0,49
201100003422,11,8,21,1000,1,1,1,1.0,1.0,49149,M,4730711.0,-28889.0,49
201100003423,11,9,12,1200,1,1,1,8.0,5.0,49180,M,4733383.0,-10802.0,49
201100003424,11,9,14,1130,1,1,2,1.0,3.0,49180,M,4737156.0,-12043.0,49
201100003425,11,9,14,1700,1,2,1,1.0,3.0,49180,M,4743578.0,-10370.0,49
201100003426,11,10,2,2200,3,1,1,1.0,7.0,49279,M,4735867.0,-31513.0,49
201100003427,11,10,13,2330,3,1,6,1.0,6.0,49180,M,4740432.0,-11280.0,49
201100003428,11,10,28,1130,1,2,1,5.0,1.0,49378,M,4732697.0,-5707.0,49
201100003429,11,11,3,930,1,2,1,3.0,6.0,49041,M,4730585.0,8331.0,49
201100003430,11,12,13,915,1,1,1,1.0,5.0,49378,M,4733784.0,-6738.0,49
201100003431,11,1,1,1500,1,1,1,5.0,7.0,49215,M,4710912.0,-9600.0,49
201100003432,11,1,8,715,3,1,1,1.0,7.0,49053,M,4716606.0,-20851.0,49
201100003433,11,1,11,845,2,1,1,8.0,1.0,49123,M,4722704.0,-11697.0,49
201100003434,11,1,25,1030,1,1,1,1.0,3.0,49215,M,4710187.0,-9851.0,49
201100003435,11,4,13,1545,1,1,1,1.0,1.0,49253,M,4715348.0,-24974.0,49
201100003436,11,4,13,1615,1,1,1,1.0,1.0,49364,M,4716937.0,-26114.0,49
201100003437,11,4,21,2045,2,2,1,1.0,6.0,49011,M,4719894.0,-9413.0,49
201100003438,11,4,28,1900,1,2,1,1.0,6.0,49060,M,4721400.0,-6876.0,49
201100003439,11,5,20,630,1,2,1,1.0,1.0,49131,M,4715795.0,-3465.0,49
201100003440,11,6,17,1445,1,1,1,2.0,4.0,49123,M,4722541.0,-14123.0,49
201100003441,11,9,30,1645,1,1,1,1.0,3.0,49123,M,4723247.0,-11270.0,49
201100003442,11,9,30,1600,1,1,2,1.0,1.0,49215,M,4710184.0,-9839.0,49
201100003443,11,10,5,1930,1,1,1,1.0,7.0,49364,M,4712874.0,-21090.0,49
201100003444,11,1,9,1245,1,2,1,1.0,3.0,49331,M,4769051.0,-87503.0,49
201100003445,11,1,4,1345,1,2,1,1.0,7.0,49103,M,4771354.0,-98850.0,49
201100003446,11,1,24,930,1,1,1,1.0,1.0,49277,M,4766894.0,-89545.0,49
201100003447,11,2,5,1415,1,1,1,1.0,3.0,49305,M,4769809.0,-70919.0,49
201100003448,11,3,24,815,1,1,1,1.0,2.0,49061,M,4762918.0,-104376.0,49
201100003449,11,3,31,745,2,1,1,2.0,1.0,49187,M,4764730.0,-86021.0,49
201100003450,11,4,16,2145,3,1,6,1.0,7.0,49331,M,4769701.0,-86948.0,49
201100003451,11,6,22,2015,1,2,1,1.0,6.0,49229,M,4771824.0,-96495.0,49
201100003452,11,7,20,115,3,1,1,1.0,7.0,49248,M,4773873.0,-115125.0,49