Num_Acc,an,mois,jour,hrmn,lum,agg,int,atm,col,com,gps,lat,long,dep
201100003453,11,8,10,1900,1,1,1,1.0,7.0,49103,M,4772115.0,-102532.0,49
201100003454,11,8,27,1045,1,2,6,1.0,7.0,49331,M,4755534.0,-104801.0,49
201100003455,11,10,11,730,1,1,1,8.0,1.0,49061,M,4764472.0,-106101.0,49
201100003456,11,10,17,445,3,1,1,5.0,6.0,49233,M,4773138.0,-93442.0,49
201100003457,11,10,17,1945,5,2,1,1.0,3.0,49158,M,4774359.0,-88841.0,49
201100003458,11,10,21,745,2,2,1,1.0,3.0,49331,M,4768049.0,-87579.0,49
201100003459,11,10,21,1730,1,2,1,1.0,6.0,49331,M,4767924.0,-87815.0,49
201100003460,11,12,3,1915,3,1,1,2.0,6.0,49037,M,4767994.0,-96773.0,49
201100003461,11,1,10,1045,1,2,1,1.0,6.0,49200,M,4755937.0,-67113.0,49
201100003462,11,2,10,1830,2,1,1,1.0,7.0,49266,M,4744637.0,-78421.0,49
201100003463,11,2,19,1800,1,1,1,1.0,5.0,49367,M,4758012.0,-85457.0,49
201100003464,11,3,7,2015,3,1,1,1.0,3.0,49155,M,4761241.0,-70772.0,49
201100003465,11,3,11,1745,1,1,1,1.0,5.0,49155,M,4759101.0,-69367.0,49
201100003466,11,3,17,2245,3,1,1,1.0,7.0,49249,M,4754566.0,-82645.0,49
201100003467,11,3,26,1715,1,2,1,1.0,3.0,49249,M,4755241.0,-80932.0,49
201100003468,11,7,22,1200,1,2,1,1.0,7.0,49176,M,4762814.0,-71421.0,49
201100003469,11,7,23,1015,1,2,1,1.0,3.0,49266,M,4746023.0,-79476.0,49
201100003470,11,7,25,1630,1,1,1,1.0,6.0,49183,M,4753013.0,-85972.0,49
201100003471,11,9,9,245,3,1,1,2.0,7.0,49155,M,4761647.0,-67713.0,49
201100003472,11,10,5,815,2,2,1,1.0,6.0,49183,M,4752183.0,-88568.0,49
201100003473,11,10,3,1400,1,1,1,1.0,3.0,49026,M,4752713.0,-80519.0,49
201100003474,11,10,21,1645,1,1,1,1.0,7.0,49155,M,4759736.0,-69776.0,49
201100003475,11,11,12,1700,1,1,1,1.0,1.0,49155,M,4760321.0,-67725.0,49
201100003476,11,11,25,1630,1,2,1,2.0,6.0,49183,M,4752219.0,-88607.0,49
201100003477,11,12,27,2130,3,1,1,5.0,1.0,49183,M,4753004.0,-85427.0,49
201100003478,11,1,14,815,3,1,1,1.0,2.0,49132,M,4765863.0,-46468.0,49
201100003479,11,1,21,1645,1,2,1,1.0,1.0,49347,M,4762202.0,-46580.0,49
201100003480,11,3,11,15,4,1,1,1.0,3.0,49048,M,4757904.0,-49978.0,49
201100003481,11,8,16,1345,1,1,3,1.0,3.0,49347,M,4760165.0,-45827.0,49
201100003482,11,9,29,1815,1,1,1,1.0,1.0,49189,M,4771657.0,-57605.0,49
201100003483,11,10,2,1945,1,1,1,1.0,6.0,49051,M,4771045.0,-46034.0,49
201100003484,11,9,28,800,1,1,1,1.0,3.0,49132,M,4767004.0,-47694.0,49
201100003485,11,11,3,845,1,1,1,8.0,1.0,49347,M,4764103.0,-39672.0,49
201100003486,11,12,12,2300,3,1,1,2.0,7.0,49090,M,4763133.0,-53134.0,49
201100003487,11,1,14,815,2,1,1,1.0,3.0,53158,M,4801675.0,-93813.0,53
201100003488,11,2,12,200,3,1,1,1.0,6.0,53094,M,4800000.0,-72000.0,53
201100003489,11,3,4,230,3,1,1,1.0,6.0,53158,M,4799579.0,-92089.0,53
201100003490,11,5,20,1715,1,1,1,1.0,1.0,53094,M,4799259.0,-71742.0,53
201100003491,11,6,29,2115,1,1,1,1.0,3.0,53082,M,4797800.0,-87600.0,53
201100003492,11,7,7,2030,1,1,1,1.0,1.0,53157,M,4801500.0,-81400.0,53
201100003493,11,11,25,1315,1,1,2,8.0,1.0,53175,M,4803255.0,-66251.0,53
201100003494,11,1,25,1630,1,2,1,1.0,6.0,53262,M,4806005.0,-57006.0,53
201100003495,11,3,14,1745,1,1,1,1.0,1.0,53262,M,4805400.0,-52200.0,53
201100003496,11,8,23,1830,1,1,1,1.0,3.0,53228,M,4803771.0,-39220.0,53
201100003497,11,12,26,1615,1,1,1,7.0,6.0,53076,M,4796440.0,-35410.0,53
201100003498,11,1,6,1400,1,1,1,3.0,7.0,53105,M,4814784.0,-61474.0,53
201100003499,11,1,22,2315,3,1,1,1.0,7.0,53105,M,4814900.0,-58800.0,53
201100003500,11,4,10,600,3,1,1,5.0,6.0,53205,M,4811800.0,-59500.0,53
201100003501,11,4,19,845,1,2,1,1.0,7.0,53255,M,4810400.0,-35000.0,53
201100003502,11,4,30,1600,1,1,1,1.0,1.0,53205,M,4812100.0,-59500.0,53
201100003503,11,7,1,2100,1,1,1,1.0,3.0,53043,M,4816000.0,-52700.0,53
201100003504,11,7,4,700,1,1,1,1.0,6.0,53050,M,4807900.0,-37000.0,53
201100003505,11,7,18,1630,1,1,1,1.0,2.0,53163,M,4816200.0,-45900.0,53
201100003506,11,8,21,1945,1,1,1,1.0,6.0,53276,M,4813200.0,-32700.0,53
201100003507,11,9,15,1830,1,1,1,1.0,7.0,53265,M,4809100.0,-28300.0,53
201100003508,11,9,22,715,3,1,1,5.0,2.0,53097,M,4815568.0,-35050.0,53
201100003509,11,10,30,1030,1,1,1,1.0,3.0,53050,M,4810100.0,-38400.0,53
201100003510,11,2,6,530,3,1,1,1.0,6.0,53150,M,4776892.0,-70874.0,53
201100003511,11,2,18,745,1,1,1,5.0,1.0,53014,M,4784123.0,-65421.0,53
201100003512,11,3,19,1945,5,2,1,1.0,6.0,53006,M,4777949.0,-58763.0,53
201100003513,11,6,3,715,1,1,1,1.0,6.0,53110,M,4786631.0,-52569.0,53
201100003514,11,6,5,1130,1,1,1,1.0,7.0,53062,M,4780674.0,-74232.0,53
201100003515,11,7,11,1815,1,1,1,1.0,3.0,53273,M,4792550.0,-67032.0,53
201100003516,11,8,11,1045,1,2,1,1.0,3.0,53104,M,4785294.0,-61150.0,53
201100003517,11,8,30,1700,1,1,1,1.0,7.0,53150,M,4774743.0,-64301.0,53
201100003518,11,11,3,1315,1,2,1,2.0,6.0,53062,M,4782690.0,-71217.0,53
201100003519,11,11,25,2015,3,1,1,5.0,7.0,53124,M,4782745.0,-80834.0,53
201100003520,11,11,25,1900,5,2,1,5.0,1.0,53110,M,4787802.0,-52400.0,53
201100003521,11,11,30,900,1,1,1,9.0,5.0,53215,M,4778038.0,-70859.0,53
201100003522,11,1,1,200,3,1,1,5.0,7.0,53084,M,4783119.0,-94561.0,53
201100003523,11,1,4,1800,3,1,2,1.0,3.0,53186,M,4789275.0,-76949.0,53
201100003524,11,3,4,1200,1,2,1,1.0,6.0,53188,M,4779358.0,-105303.0,53
201100003525,11,4,12,2130,3,1,1,1.0,7.0,53258,M,4783048.0,-104458.0,53
201100003526,11,4,3,115,3,1,2,1.0,1.0,53135,M,4791615.0,-100129.0,53
201100003527,11,5,7,1045,1,2,1,1.0,3.0,53084,M,4784900.0,-95100.0,53
201100003528,11,7,1,1930,1,1,1,1.0,1.0,53240,M,4780283.0,-104423.0,53
201100003529,11,7,17,545,2,1,1,1.0,6.0,53077,M,4793478.0,-94634.0,53
201100003530,11,7,30,900,1,2,1,1.0,7.0,53260,M,4789200.0,-85200.0,53
201100003531,11,8,12,2015,1,1,1,1.0,7.0,53188,M,4779006.0,-107052.0,53
201100003532,11,8,22,2030,2,1,1,2.0,7.0,53068,M,4780100.0,-90500.0,53
201100003533,11,8,23,1915,1,2,1,1.0,7.0,53165,M,4785000.0,-100099.0,53
201100003534,11,8,27,2330,5,2,2,1.0,3.0,53251,M,4777333.0,-88630.0,53
201100003535,11,9,19,715,2,1,1,1.0,3.0,53012,M,4788837.0,-93579.0,53
201100003536,11,9,23,1830,1,1,1,7.0,2.0,53084,M,4785222.0,-94462.0,53
201100003537,11,10,1,1000,1,1,1,1.0,7.0,53135,M,4789475.0,-98150.0,53
201100003538,11,11,6,1900,5,2,2,1.0,3.0,53188,M,4779030.0,-105143.0,53
201100003539,11,12,15,1030,1,2,6,1.0,1.0,53084,M,4784525.0,-96427.0,53
201100003540,11,12,18,1230,1,1,1,8.0,3.0,53012,M,4788841.0,-93579.0,53
201100003541,11,1,7,745,2,2,1,2.0,3.0,53147,M,4829823.0,-60905.0,53
201100003542,11,1,8,1530,1,1,1,8.0,1.0,53147,M,4831900.0,-59800.0,53
201100003543,11,1,10,830,1,1,1,1.0,2.0,53174,M,4830942.0,-67381.0,53
201100003544,11,2,15,1530,1,1,1,1.0,6.0,53219,M,4828881.0,-70280.0,53
201100003545,11,3,12,1915,1,1,1,2.0,3.0,53249,M,4819906.0,-16912.0,53
201100003546,11,3,13,945,1,1,1,1.0,7.0,53120,M,4823430.0,-32443.0,53
201100003547,11,3,15,1230,1,1,1,1.0,7.0,53195,M,4818400.0,-67800.0,53
201100003548,11,6,16,845,1,1,1,1.0,1.0,53174,M,4832475.0,-64239.0,53
201100003549,11,7,22,1900,1,1,1,1.0,1.0,53147,M,4828365.0,-61450.0,53
201100003550,11,8,15,1745,1,2,6,1.0,3.0,53147,M,4830150.0,-61200.0,53
201100003551,11,9,28,1945,1,2,1,1.0,6.0,53147,M,4830730.0,-60723.0,53
201100003552,11,10,3,1815,1,2,1,1.0,6.0,53147,M,4830900.0,-61500.0,53
201100003553,11,11,3,945,1,2,1,2.0,1.0,53147,M,4829912.0,-61846.0,53
201100003554,11,12,8,745,5,2,6,1.0,6.0,53147,M,4830555.0,-62152.0,53
201100003555,11,12,15,1745,5,2,1,3.0,6.0,53147,M,4830387.0,-63065.0,53
201100003556,11,1,2,1800,3,1,1,1.0,2.0,53269,M,4830295.0,-85190.0,53
201100003557,11,1,3,1945,3,1,1,1.0,3.0,53269,M,4831200.0,-81400.0,53
201100003558,11,4,7,945,1,2,1,1.0,6.0,53107,M,4841500.0,-81600.0,53
201100003559,11,5,19,1945,1,1,1,1.0,6.0,53132,M,4841500.0,-93300.0,53
201100003560,11,6,26,345,3,1,1,1.0,6.0,53093,M,4844400.0,-93200.0,53
201100003561,11,7,9,1,5,2,1,2.0,1.0,53107,M,4841079.0,-80981.0,53
201100003562,11,8,4,1215,1,1,1,3.0,6.0,53096,M,4829785.0,-90590.0,53
201100003563,11,8,25,1115,1,1,1,1.0,2.0,53132,M,4841874.0,-89930.0,53
201100003564,11,9,4,415,3,1,1,1.0,6.0,53238,M,4844584.0,-101947.0,53
201100003565,11,5,14,15,3,1,1,1.0,1.0,53096,M,4828378.0,-95786.0,53
201100003566,11,11,19,1515,1,1,1,7.0,2.0,53181,M,4842385.0,-106354.0,53
201100003567,11,11,24,1830,3,1,1,1.0,3.0,53202,M,4840698.0,-94763.0,53
201100003568,11,12,11,130,3,1,1,1.0,6.0,53126,M,4834472.0,-102729.0,53
201100003569,11,12,18,1130,1,2,1,9.0,1.0,53115,M,4841893.0,-83031.0,53
201100003570,11,12,29,2330,3,1,1,2.0,6.0,53245,M,4827918.0,-104584.0,53
201100003571,11,2,4,1330,1,1,1,1.0,1.0,53190,M,4836863.0,-43739.0,53
201100003572,11,5,3,1300,1,1,1,1.0,6.0,53160,M,4837834.0,-53175.0,53
201100003573,11,5,14,1430,1,1,3,1.0,3.0,53216,M,4834554.0,-55979.0,53
201100003574,11,7,1,1000,1,1,1,1.0,7.0,53127,M,4843500.0,-50600.0,53
201100003575,11,7,26,935,1,2,2,1.0,3.0,53114,M,4832662.0,-40274.0,53
201100003576,11,8,12,2130,3,1,1,1.0,3.0,53127,M,4843378.0,-47797.0,53
201100003577,11,8,30,2000,1,1,1,1.0,6.0,53127,M,4842004.0,-53250.0,53
201100003578,11,8,31,2145,3,1,1,1.0,1.0,53112,M,4840155.0,-37149.0,53
201100003579,11,8,30,1745,1,2,1,1.0,3.0,53144,M,4830357.0,-48900.0,53
201100003580,11,10,22,1115,1,2,1,1.0,3.0,53057,M,4831798.0,-43503.0,53
201100003581,11,11,19,1100,1,1,1,1.0,2.0,53055,M,4840400.0,-50200.0,53
201100003582,11,12,2,1600,1,1,2,1.0,3.0,53116,M,4836106.0,-45118.0,53
201100003583,11,12,21,1530,1,1,1,2.0,6.0,53144,M,4830837.0,-51827.0,53
201100003584,11,1,27,915,1,1,2,1.0,3.0,53069,M,4844103.0,-41590.0,53
201100003585,11,1,31,745,2,1,1,2.0,6.0,53133,M,4855381.0,-24798.0,53
201100003586,11,2,25,2015,5,2,1,1.0,6.0,53083,M,4830548.0,-25267.0,53
201100003587,11,4,12,1845,1,1,1,1.0,1.0,53083,M,4827828.0,-25482.0,53
201100003588,11,4,20,415,3,1,1,1.0,7.0,53271,M,4835853.0,-28766.0,53
201100003589,11,5,21,1900,1,2,3,1.0,3.0,53271,M,4834800.0,-27200.0,53
201100003590,11,5,29,1415,1,1,1,1.0,7.0,53121,M,4842900.0,-30300.0,53
201100003591,11,6,7,1115,1,1,1,1.0,1.0,53185,M,4848100.0,-15500.0,53
201100003592,11,7,6,1015,1,1,1,1.0,1.0,53271,M,4841079.0,-80981.0,53
201100003593,11,7,9,130,3,1,1,2.0,6.0,53208,M,4843967.0,-22129.0,53
201100003594,11,7,9,900,1,1,1,1.0,7.0,53106,M,4837200.0,-12500.0,53
201100003595,11,9,28,845,1,1,6,1.0,7.0,53185,M,4846700.0,-19100.0,53
201100003596,11,11,6,945,1,1,1,8.0,6.0,53185,M,4847900.0,-16800.0,53
201100003597,11,12,16,930,2,2,1,2.0,6.0,53121,M,4841806.0,-33580.0,53
201100003598,11,12,21,1115,1,1,1,1.0,1.0,53208,M,4842973.0,-27833.0,53
201100003599,11,3,14,1750,1,2,3,1.0,1.0,01283,M,,,01
201100003600,11,3,23,1710,1,2,1,1.0,2.0,01283,M,,,01
201100003601,11,3,22,1020,1,2,2,1.0,6.0,01283,M,,,01
201100003602,11,4,4,825,1,2,1,1.0,7.0,01283,M,,,01
201100003603,11,4,20,1725,1,2,1,1.0,6.0,01283,M,,,01
201100003604,11,6,11,1850,1,2,1,1.0,1.0,01283,M,,,01
201100003605,11,7,3,800,1,2,1,7.0,3.0,01283,M,,,01
201100003606,11,7,16,1905,1,1,1,1.0,3.0,01283,M,,,01
201100003607,11,9,14,355,5,2,2,2.0,3.0,01283,M,,,01
201100003608,11,10,5,1820,1,2,1,1.0,6.0,01283,M,,,01
201100003609,11,10,28,35,3,1,1,1.0,6.0,01014,M,,,01
201100003610,11,10,8,1800,2,2,2,1.0,3.0,01283,M,,,01
201100003611,11,11,22,1410,1,2,1,1.0,6.0,01283,M,,,01
201100003612,11,11,29,405,5,2,1,9.0,1.0,01283,M,,,01
201100003613,11,12,5,1600,1,1,1,2.0,1.0,01283,M,,,01
201100003614,11,12,11,2110,5,2,3,1.0,3.0,01283,M,,,01
201100003615,11,1,12,845,2,2,1,2.0,6.0,72269,M,4792500.0,74400.0,72
201100003616,11,1,17,1645,1,1,1,1.0,7.0,72361,M,4790200.0,59500.0,72
201100003617,11,2,20,1500,1,1,1,1.0,6.0,72042,M,4798400.0,56200.0,72
201100003618,11,2,26,2145,3,1,1,1.0,6.0,72272,M,0.0,0.0,72
201100003619,11,2,27,2345,5,2,1,1.0,2.0,72087,M,4794800.0,74600.0,72
201100003620,11,3,10,1100,1,1,1,7.0,1.0,72204,M,4796600.0,69200.0,72
201100003621,11,3,16,430,3,2,1,1.0,6.0,72042,M,4797600.0,55800.0,72
201100003622,11,7,13,1845,1,2,1,1.0,1.0,72042,M,4798000.0,56100.0,72
201100003623,11,10,15,2045,3,1,1,1.0,1.0,72204,M,4793900.0,70000.0,72
201100003624,11,12,10,945,1,1,1,5.0,1.0,72032,M,4799600.0,76400.0,72
201100003625,11,12,22,1130,1,2,1,1.0,6.0,72035,M,0.0,0.0,72
201100003626,11,1,9,1600,1,1,2,1.0,3.0,72054,M,0.0,0.0,72
201100003627,11,3,25,1100,1,1,2,1.0,1.0,72386,M,0.0,0.0,72
201100003628,11,6,3,2000,1,1,2,1.0,3.0,72241,M,4807000.0,38700.0,72
201100003629,11,7,1,2200,2,1,1,1.0,1.0,72300,M,4805600.0,35900.0,72
201100003630,11,7,16,1515,1,1,3,1.0,3.0,72241,M,0.0,0.0,72
201100003631,11,7,19,445,3,1,1,3.0,3.0,72054,M,4802700.0,35400.0,72
201100003632,11,10,17,800,2,1,1,5.0,1.0,72300,M,4800600.0,41200.0,72
201100003633,11,10,16,30,3,2,1,1.0,3.0,72224,M,0.0,0.0,72
201100003634,11,12,31,1145,1,1,1,2.0,1.0,72386,M,0.0,0.0,72
201100003635,11,3,13,1530,1,1,1,1.0,7.0,72301,M,0.0,0.0,72
201100003636,11,4,2,1945,1,1,1,1.0,3.0,72217,M,4809800.0,20800.0,72
201100003637,11,5,12,1245,1,1,6,1.0,3.0,72329,M,4808800.0,31700.0,72
201100003638,11,6,25,915,1,1,1,1.0,7.0,72329,M,4807400.0,28800.0,72
201100003639,11,6,27,330,4,2,1,1.0,6.0,72310,M,0.0,0.0,72
201100003640,11,6,24,1830,1,2,1,1.0,6.0,72329,M,4808300.0,29800.0,72
201100003641,11,7,2,1830,1,2,1,1.0,2.0,72310,M,4804100.0,19000.0,72
201100003642,11,8,16,430,3,1,1,1.0,6.0,72310,M,4805400.0,20300.0,72
201100003643,11,9,17,845,1,2,1,1.0,3.0,72289,M,0.0,0.0,72
201100003644,11,10,16,1815,1,1,1,1.0,2.0,72205,M,4815500.0,18500.0,72
201100003645,11,10,15,1015,1,1,1,1.0,3.0,72150,M,4810100.0,24100.0,72
201100003646,11,10,24,2030,3,1,1,3.0,1.0,72335,M,4810600.0,32300.0,72
201100003647,11,10,25,1415,1,1,3,1.0,3.0,72217,M,4808000.0,17800.0,72
201100003648,11,11,24,1100,1,1,1,5.0,3.0,72147,M,0.0,0.0,72
201100003649,11,12,20,1800,5,2,1,1.0,6.0,72289,M,4814900.0,16300.0,72
201100003650,11,1,4,615,3,1,1,1.0,3.0,72149,M,0.0,0.0,72
201100003651,11,1,28,1645,1,1,9,1.0,7.0,72344,M,4794300.0,16200.0,72
201100003652,11,2,21,1900,3,1,1,3.0,1.0,72045,M,4802300.0,-3700.0,72
201100003653,11,3,19,1515,1,1,1,1.0,7.0,72360,M,0.0,0.0,72
201100003654,11,4,6,1700,1,1,1,7.0,4.0,72253,M,0.0,0.0,72
201100003655,11,4,13,745,1,1,2,1.0,3.0,72346,M,4788500.0,3100.0,72
201100003656,11,4,16,1015,1,1,2,1.0,3.0,72247,M,4798100.0,11100.0,72
201100003657,11,5,7,230,3,1,1,1.0,6.0,72339,M,0.0,0.0,72
201100003658,11,5,12,1630,1,1,1,1.0,7.0,72346,M,4788700.0,3500.0,72
201100003659,11,5,18,1930,1,1,1,1.0,3.0,72146,M,4789200.0,14300.0,72
201100003660,11,5,27,1800,1,1,1,1.0,5.0,72381,M,4792400.0,8300.0,72
201100003661,11,5,31,445,5,2,1,1.0,3.0,72253,M,4790400.0,5400.0,72
201100003662,11,5,28,1445,1,1,1,1.0,3.0,72346,M,4804100.0,11200.0,72
201100003663,11,6,1,1830,1,1,1,1.0,3.0,72346,M,4788100.0,2000.0,72
201100003664,11,6,30,1845,1,1,1,1.0,1.0,72257,M,0.0,0.0,72
201100003665,11,7,4,1500,1,1,1,1.0,6.0,72230,M,4784400.0,15300.0,72
201100003666,11,7,9,1545,1,1,1,1.0,6.0,72074,M,4808100.0,-20000.0,72
201100003667,11,7,12,1630,1,1,1,8.0,7.0,72149,M,4802500.0,-15800.0,72
201100003668,11,7,25,1815,1,1,1,1.0,1.0,72339,M,0.0,0.0,72
201100003669,11,7,28,1830,1,1,1,1.0,6.0,72381,M,4793400.0,9600.0,72
201100003670,11,8,8,2100,1,2,1,1.0,7.0,72146,M,4788400.0,13100.0,72
201100003671,11,8,23,945,1,1,1,3.0,6.0,72249,M,4806000.0,5000.0,72
201100003672,11,9,5,1515,1,1,6,1.0,6.0,72360,M,0.0,0.0,72
201100003673,11,9,24,1600,1,1,2,1.0,5.0,72346,M,4788500.0,3100.0,72
201100003674,11,10,7,1345,1,1,1,2.0,6.0,72074,M,4805700.0,-19400.0,72
201100003675,11,10,16,1015,1,1,1,1.0,6.0,72381,M,0.0,0.0,72
201100003676,11,11,2,1215,1,1,1,1.0,1.0,72247,M,4799900.0,9600.0,72
201100003677,11,11,5,1845,5,2,1,1.0,3.0,72253,M,0.0,0.0,72
201100003678,11,11,7,1735,3,1,1,1.0,2.0,72381,M,4793200.0,10300.0,72
201100003679,11,12,2,1815,3,1,1,1.0,3.0,72344,M,0.0,0.0,72
201100003680,11,12,5,1715,3,1,1,1.0,5.0,72075,M,4793200.0,-2800.0,72
201100003681,11,1,21,930,1,1,1,1.0,6.0,72154,M,4769900.0,-11400.0,72
201100003682,11,5,10,1000,1,2,6,1.0,3.0,72154,M,0.0,0.0,72
201100003683,11,7,4,1930,1,2,1,1.0,3.0,72154,M,0.0,0.0,72
201100003684,11,7,12,900,1,2,6,2.0,1.0,72154,M,0.0,0.0,72
201100003685,11,8,6,315,5,2,1,1.0,7.0,72025,M,0.0,0.0,72
201100003686,11,10,1,1600,1,1,1,1.0,3.0,72154,M,0.0,0.0,72
201100003687,11,10,12,1730,1,1,1,1.0,3.0,72154,M,0.0,0.0,72
201100003688,11,10,15,630,2,1,1,1.0,6.0,72110,M,4775600.0,-16200.0,72
201100003689,11,12,4,1930,5,2,1,2.0,6.0,72154,M,4770100.0,-8800.0,72
201100003690,11,12,17,1700,2,2,1,1.0,7.0,72154,M,0.0,0.0,72
201100003691,11,3,24,1815,1,2,1,1.0,1.0,72068,M,0.0,0.0,72
201100003692,11,4,4,1230,1,1,1,1.0,1.0,72173,M,0.0,0.0,72
201100003693,11,5,1,2045,1,1,1,1.0,6.0,72052,M,4773900.0,49300.0,72
201100003694,11,5,9,1430,1,1,1,1.0,7.0,72262,M,4779000.0,63000.0,72
201100003695,11,8,22,1715,1,2,3,2.0,3.0,72071,M,4768800.0,41700.0,72
201100003696,11,9,2,830,1,1,1,5.0,6.0,72173,M,4774900.0,40400.0,72
201100003697,11,10,2,1815,1,1,1,1.0,7.0,72027,M,4768300.0,60500.0,72
201100003698,11,10,21,1915,2,1,1,1.0,5.0,72262,M,4775000.0,60300.0,72
201100003699,11,11,19,915,1,2,2,1.0,3.0,72143,M,4787200.0,46200.0,72
201100003700,11,12,24,1330,1,1,1,1.0,3.0,72203,M,4769100.0,38100.0,72
201100003701,11,4,25,1600,1,1,1,1.0,1.0,72293,M,4786000.0,-2100.0,72
201100003702,11,5,6,1530,1,1,1,1.0,6.0,72237,M,4792700.0,-8100.0,72
201100003703,11,6,24,1400,1,1,1,1.0,6.0,72177,M,4796100.0,-5500.0,72
201100003704,11,7,2,1730,1,1,1,1.0,7.0,72044,M,4778300.0,-4800.0,72
201100003705,11,7,8,1730,1,1,1,1.0,6.0,72044,M,4777600.0,-6700.0,72
201100003706,11,7,9,700,1,1,1,1.0,6.0,72228,M,4783600.0,-19400.0,72
201100003707,11,9,15,1900,1,1,1,7.0,2.0,72184,M,4798500.0,-18900.0,72
201100003708,11,10,4,1815,1,1,1,1.0,1.0,72100,M,4781200.0,-7200.0,72
201100003709,11,10,21,445,3,1,2,1.0,3.0,72022,M,0.0,0.0,72
201100003710,11,11,15,945,1,1,2,1.0,3.0,72059,M,4793200.0,-19300.0,72
201100003711,11,11,27,1815,3,1,1,1.0,1.0,72009,M,0.0,0.0,72
201100003712,11,2,15,1030,1,1,1,2.0,3.0,72191,M,0.0,0.0,72
201100003713,11,2,28,2030,3,1,1,2.0,6.0,72175,M,0.0,0.0,72
201100003714,11,4,3,1045,1,1,1,2.0,3.0,72243,M,4775300.0,19600.0,72
201100003715,11,4,26,2200,3,1,1,1.0,6.0,72182,M,4774900.0,12900.0,72
201100003716,11,5,4,1930,1,2,1,1.0,3.0,72226,M,0.0,0.0,72
201100003717,11,5,17,1745,1,1,2,1.0,3.0,72051,M,0.0,0.0,72
201100003718,11,6,2,1930,1,1,1,1.0,3.0,72176,M,4765400.0,16500.0,72
201100003719,11,6,30,2030,1,1,1,1.0,6.0,72135,M,4779500.0,5300.0,72
201100003720,11,7,12,930,1,1,1,2.0,1.0,72243,M,4772500.0,18100.0,72
201100003721,11,7,17,300,3,1,1,3.0,6.0,72013,M,4766700.0,23100.0,72
201100003722,11,7,29,1715,1,1,2,1.0,3.0,72357,M,4769500.0,4400.0,72
201100003723,11,7,31,1245,1,1,1,1.0,6.0,72364,M,4768600.0,29600.0,72
201100003724,11,8,22,2045,2,1,1,1.0,6.0,72098,M,4769500.0,19800.0,72
201100003725,11,8,25,945,1,2,1,1.0,6.0,72051,M,4783200.0,7700.0,72
201100003726,11,9,24,730,2,1,1,1.0,3.0,72051,M,0.0,0.0,72
201100003727,11,9,30,1530,1,2,7,1.0,4.0,72176,M,4765200.0,15300.0,72
201100003728,11,10,17,1830,2,1,1,1.0,6.0,72117,M,4763300.0,12200.0,72
201100003729,11,12,25,1745,3,1,1,1.0,1.0,72291,M,4781500.0,6100.0,72
201100003730,11,1,26,1900,5,2,1,1.0,6.0,72336,M,0.0,0.0,72
201100003731,11,2,6,1430,1,2,6,1.0,7.0,72264,M,0.0,0.0,72
201100003732,11,3,17,1500,1,1,1,1.0,3.0,72264,M,0.0,0.0,72
201100003733,11,4,12,1630,1,1,1,7.0,3.0,72264,M,0.0,0.0,72
201100003734,11,6,19,230,3,2,1,1.0,6.0,72264,M,0.0,0.0,72
201100003735,11,6,22,1845,1,1,1,6.0,7.0,72016,M,0.0,0.0,72
201100003736,11,8,9,1345,1,2,1,1.0,3.0,72264,M,0.0,0.0,72
201100003737,11,8,30,1145,1,1,1,1.0,1.0,72106,M,0.0,0.0,72
201100003738,11,11,23,1700,1,2,1,1.0,3.0,72264,M,4784500.0,-33100.0,72
201100003739,11,12,13,1300,1,2,1,6.0,3.0,72264,M,0.0,0.0,72
201100003740,11,2,22,1530,1,1,1,1.0,7.0,72112,M,0.0,0.0,72
201100003741,11,3,8,1845,2,2,1,1.0,6.0,72180,M,0.0,0.0,72
201100003742,11,4,17,1815,1,1,3,1.0,3.0,72170,M,0.0,0.0,72
201100003743,11,5,9,1000,1,1,1,1.0,3.0,72324,M,0.0,0.0,72
201100003744,11,5,21,1030,1,2,1,1.0,1.0,72088,M,0.0,0.0,72
201100003745,11,6,13,1030,1,1,1,1.0,1.0,72039,M,0.0,0.0,72
201100003746,11,7,29,1915,1,1,1,1.0,7.0,72088,M,0.0,0.0,72
201100003747,11,8,24,930,1,1,1,1.0,6.0,72170,M,0.0,0.0,72
201100003748,11,9,22,1230,1,1,3,1.0,3.0,72313,M,0.0,0.0,72
201100003749,11,10,4,2300,3,1,1,1.0,6.0,72316,M,0.0,0.0,72
201100003750,11,10,8,215,4,2,1,1.0,6.0,72112,M,0.0,0.0,72
201100003751,11,10,15,1015,1,1,1,1.0,1.0,72189,M,0.0,0.0,72
201100003752,11,12,28,1500,1,1,1,8.0,1.0,72189,M,0.0,0.0,72
201100003753,11,3,7,1700,1,1,1,7.0,1.0,72122,M,4807700.0,53700.0,72
201100003754,11,3,10,915,1,1,1,1.0,6.0,72031,M,0.0,0.0,72
201100003755,11,3,29,1645,1,2,1,1.0,6.0,72144,M,4814000.0,79900.0,72
201100003756,11,4,2,900,1,1,1,1.0,6.0,72331,M,4812000.0,59700.0,72
201100003757,11,4,6,1930,1,1,1,1.0,7.0,72132,M,0.0,0.0,72
201100003758,11,4,30,1330,1,1,1,1.0,7.0,72080,M,4818400.0,66600.0,72