Num_Acc,an,mois,jour,hrmn,lum,agg,int,atm,col,com,gps,lat,long,dep
201100003759,11,5,9,1445,1,2,1,1.0,7.0,72383,M,0.0,0.0,72
201100003760,11,5,18,1915,1,2,6,1.0,1.0,72081,M,0.0,0.0,72
201100003761,11,7,1,1145,1,1,1,1.0,1.0,72156,M,0.0,0.0,72
201100003762,11,7,30,1545,1,1,1,1.0,3.0,72193,M,0.0,0.0,72
201100003763,11,7,31,1300,1,1,1,1.0,1.0,72156,M,0.0,0.0,72
201100003764,11,8,6,1215,1,2,1,2.0,1.0,72296,M,4809400.0,65200.0,72
201100003765,11,8,12,1800,1,1,1,1.0,3.0,72172,M,0.0,0.0,72
201100003766,11,9,25,1715,1,1,1,1.0,1.0,72267,M,0.0,0.0,72
201100003767,11,10,11,1645,1,2,1,1.0,7.0,72067,M,0.0,0.0,72
201100003768,11,11,13,1515,1,1,1,1.0,3.0,72292,M,0.0,0.0,72
201100003769,11,12,8,415,3,1,1,2.0,5.0,72080,M,0.0,0.0,72
201100003770,11,12,18,900,1,1,1,9.0,6.0,72040,M,0.0,0.0,72
201100003771,11,1,21,715,3,1,1,1.0,1.0,72284,M,4830200.0,9800.0,72
201100003772,11,2,20,2100,5,1,6,1.0,7.0,72308,M,4842000.0,11700.0,72
201100003773,11,3,22,2130,3,1,1,1.0,6.0,72186,M,4820000.0,16200.0,72
201100003774,11,3,24,1800,1,1,1,1.0,7.0,72309,M,0.0,0.0,72
201100003775,11,4,14,1700,1,1,1,1.0,3.0,72305,M,4829300.0,5100.0,72
201100003776,11,5,27,2230,3,2,1,1.0,5.0,72138,M,4828500.0,2100.0,72
201100003777,11,5,29,1845,1,1,1,7.0,1.0,72139,M,4833100.0,7300.0,72
201100003778,11,6,2,1430,1,1,1,1.0,1.0,72011,M,4834800.0,-900.0,72
201100003779,11,7,23,1800,1,1,2,1.0,3.0,72266,M,0.0,0.0,72
201100003780,11,9,15,1230,1,1,1,1.0,7.0,72266,M,4827900.0,1200.0,72
201100003781,11,11,14,1830,3,1,1,1.0,2.0,72254,M,4831500.0,14000.0,72
201100003782,11,12,8,1845,5,1,1,1.0,1.0,72337,M,0.0,0.0,72
201100003783,11,1,3,745,3,1,1,9.0,3.0,85157,M,0.0,0.0,85
201100003784,11,2,20,1545,1,1,1,1.0,3.0,85261,M,4655741.0,-114638.0,85
201100003785,11,3,27,700,3,1,1,2.0,6.0,85213,M,0.0,0.0,85
201100003786,11,5,28,430,3,1,1,1.0,6.0,85213,M,0.0,0.0,85
201100003787,11,6,1,1430,1,2,1,1.0,2.0,85046,M,4666628.0,-132496.0,85
201100003788,11,6,26,2115,1,1,1,1.0,3.0,85135,M,0.0,0.0,85
201100003789,11,7,3,1845,1,1,1,1.0,6.0,85073,M,0.0,0.0,85
201100003790,11,7,18,1400,1,1,1,1.0,4.0,85160,M,0.0,0.0,85
201100003791,11,9,25,1730,1,1,2,1.0,3.0,85175,M,0.0,0.0,85
201100003792,11,9,27,1815,1,1,1,1.0,1.0,85046,M,0.0,0.0,85
201100003793,11,1,25,1645,2,1,1,1.0,1.0,85051,M,0.0,0.0,85
201100003794,11,2,12,300,3,1,1,5.0,6.0,85034,M,0.0,0.0,85
201100003795,11,3,24,1645,1,1,1,7.0,6.0,85192,M,0.0,0.0,85
201100003796,11,4,14,1115,1,2,3,1.0,3.0,85051,M,4667491.0,-104709.0,85
201100003797,11,4,23,1745,1,1,1,1.0,2.0,85081,M,0.0,0.0,85
201100003798,11,5,17,1730,1,1,1,1.0,3.0,85089,M,0.0,0.0,85
201100003799,11,5,21,945,1,1,1,7.0,2.0,85051,M,0.0,0.0,85
201100003800,11,5,26,1830,1,1,1,1.0,1.0,85051,M,0.0,0.0,85
201100003801,11,6,10,1445,1,1,1,1.0,3.0,85276,M,0.0,0.0,85
201100003802,11,6,24,1415,1,1,1,1.0,3.0,85089,M,0.0,0.0,85
201100003803,11,6,26,1330,1,1,1,1.0,1.0,85165,M,0.0,0.0,85
201100003804,11,10,16,1915,2,1,1,1.0,1.0,85081,M,0.0,0.0,85
201100003805,11,11,4,945,1,1,1,1.0,3.0,85084,M,0.0,0.0,85
201100003806,11,11,7,730,2,1,2,2.0,3.0,85212,M,0.0,0.0,85
201100003807,11,11,14,1830,3,1,1,1.0,6.0,85051,M,0.0,0.0,85
201100003808,11,11,19,1915,3,1,1,1.0,5.0,85034,M,0.0,0.0,85
201100003809,11,12,12,2015,3,1,1,2.0,6.0,85202,M,0.0,0.0,85
201100003810,11,12,22,1030,1,1,1,1.0,6.0,85246,M,0.0,0.0,85
201100003811,11,12,26,1800,2,1,1,1.0,6.0,85051,M,0.0,0.0,85
201100003812,11,1,8,2000,3,1,1,1.0,6.0,85064,M,0.0,0.0,85
201100003813,11,2,18,1645,1,1,1,7.0,1.0,85109,M,0.0,0.0,85
201100003814,11,3,20,1515,1,1,1,1.0,7.0,85065,M,0.0,0.0,85
201100003815,11,3,31,2200,4,2,9,2.0,6.0,85301,M,0.0,0.0,85
201100003816,11,4,3,115,5,2,1,1.0,7.0,85144,M,0.0,0.0,85
201100003817,11,4,17,1815,1,2,1,1.0,7.0,85109,M,4686866.0,-98840.0,85
201100003818,11,5,11,1700,1,1,1,1.0,1.0,85065,M,0.0,0.0,85
201100003819,11,5,16,1415,1,2,6,1.0,6.0,85109,M,0.0,0.0,85
201100003820,11,6,6,1800,1,1,1,1.0,2.0,85017,M,0.0,0.0,85
201100003821,11,6,11,530,2,1,1,1.0,1.0,85301,M,0.0,0.0,85
201100003822,11,6,15,1430,1,1,1,1.0,1.0,85215,M,0.0,0.0,85
201100003823,11,7,25,1915,1,2,1,1.0,2.0,85109,M,4687030.0,-102001.0,85
201100003824,11,8,11,1130,1,1,1,1.0,1.0,85301,M,0.0,0.0,85
201100003825,11,8,12,1815,1,1,2,1.0,3.0,85153,M,0.0,0.0,85
201100003826,11,8,24,2230,3,1,1,1.0,7.0,85064,M,0.0,0.0,85
201100003827,11,8,30,830,2,2,1,7.0,3.0,85215,M,0.0,0.0,85
201100003828,11,9,10,1600,1,1,1,1.0,6.0,85109,M,0.0,0.0,85
201100003829,11,9,14,1800,1,2,1,1.0,6.0,85109,M,4687248.0,-101516.0,85
201100003830,11,9,24,645,3,1,2,1.0,3.0,85109,M,0.0,0.0,85
201100003831,11,10,19,1800,1,1,1,1.0,1.0,85109,M,0.0,0.0,85
201100003832,11,11,10,1330,1,2,6,1.0,3.0,85109,M,0.0,0.0,85
201100003833,11,12,31,1830,3,2,1,2.0,3.0,85224,M,0.0,0.0,85
201100003834,11,1,12,815,1,1,1,1.0,5.0,85224,M,0.0,0.0,85
201100003835,11,2,3,815,1,1,1,2.0,5.0,85224,M,0.0,0.0,85
201100003836,11,2,6,100,3,1,1,1.0,7.0,85295,M,0.0,0.0,85
201100003837,11,3,4,1300,1,1,1,1.0,3.0,85262,M,0.0,0.0,85
201100003838,11,3,20,330,3,1,1,1.0,6.0,85262,M,0.0,0.0,85
201100003839,11,4,27,1745,1,1,1,7.0,1.0,85107,M,0.0,0.0,85
201100003840,11,5,15,1715,3,1,1,1.0,7.0,85108,M,0.0,0.0,85
201100003841,11,6,29,1630,1,2,1,1.0,6.0,85217,M,0.0,0.0,85
201100003842,11,7,4,845,1,1,1,1.0,1.0,85027,M,0.0,0.0,85
201100003843,11,7,18,1800,1,1,1,2.0,5.0,85107,M,0.0,0.0,85
201100003844,11,7,29,2015,1,1,1,1.0,6.0,85076,M,0.0,0.0,85
201100003845,11,7,29,1515,1,2,1,1.0,2.0,85027,M,4697077.0,-132889.0,85
201100003846,11,8,25,2330,3,1,1,3.0,7.0,85272,M,0.0,0.0,85
201100003847,11,10,1,2100,5,2,6,1.0,1.0,85076,M,0.0,0.0,85
201100003848,11,12,5,745,2,1,1,8.0,2.0,85107,M,0.0,0.0,85
201100003849,11,12,9,800,5,2,1,1.0,6.0,85146,M,4698188.0,-130731.0,85
201100003850,11,12,20,1800,5,2,9,1.0,6.0,85146,M,4697487.0,-130414.0,85
201100003851,11,1,6,1945,3,1,1,2.0,5.0,85151,M,0.0,0.0,85
201100003852,11,1,14,1645,1,2,1,2.0,6.0,85238,M,0.0,0.0,85
201100003853,11,3,23,1715,1,1,1,7.0,3.0,85247,M,0.0,0.0,85
201100003854,11,4,18,700,2,1,1,1.0,1.0,85097,M,0.0,0.0,85
201100003855,11,4,19,2130,3,2,1,1.0,5.0,85097,M,0.0,0.0,85
201100003856,11,6,17,2130,2,1,1,8.0,1.0,85151,M,0.0,0.0,85
201100003857,11,7,1,1030,1,1,1,7.0,1.0,85302,M,0.0,0.0,85
201100003858,11,1,6,2130,3,1,1,8.0,3.0,85019,M,0.0,0.0,85
201100003859,11,2,27,145,3,2,1,1.0,1.0,85178,M,0.0,0.0,85
201100003860,11,3,8,915,1,1,1,1.0,6.0,85178,M,0.0,0.0,85
201100003861,11,4,11,745,1,1,1,1.0,1.0,85178,M,0.0,0.0,85
201100003862,11,4,26,1945,1,1,1,1.0,2.0,85155,M,0.0,0.0,85
201100003863,11,5,19,800,1,1,6,1.0,1.0,85019,M,4679703.0,-143122.0,85
201100003864,11,5,27,1630,1,1,6,1.0,3.0,85178,M,0.0,0.0,85
201100003865,11,6,15,1500,1,1,1,1.0,4.0,85129,M,0.0,0.0,85
201100003866,11,6,16,1900,1,1,1,1.0,1.0,85129,M,0.0,0.0,85
201100003867,11,9,9,1445,1,1,1,1.0,3.0,85178,M,0.0,0.0,85
201100003868,11,9,20,700,2,1,1,1.0,3.0,85003,M,0.0,0.0,85
201100003869,11,9,24,300,3,1,1,1.0,6.0,85129,M,0.0,0.0,85
201100003870,11,10,21,815,1,1,1,1.0,6.0,85003,M,0.0,0.0,85
201100003871,11,11,10,1915,5,2,1,2.0,6.0,85003,M,0.0,0.0,85
201100003872,11,1,26,2130,3,1,1,3.0,3.0,85299,M,0.0,0.0,85
201100003873,11,1,29,1900,3,1,2,1.0,3.0,85177,M,0.0,0.0,85
201100003874,11,2,18,1915,3,1,1,2.0,1.0,85092,M,0.0,0.0,85
201100003875,11,2,19,630,3,1,1,2.0,6.0,85092,M,0.0,0.0,85
201100003876,11,7,15,1245,1,1,1,1.0,5.0,85299,M,0.0,0.0,85
201100003877,11,7,25,1830,1,2,7,1.0,1.0,85092,M,0.0,0.0,85
201100003878,11,9,22,1345,1,2,1,1.0,6.0,85092,M,4646641.0,-80092.0,85
201100003879,11,12,6,1515,1,1,1,9.0,3.0,85126,M,0.0,0.0,85
201100003880,11,12,9,1815,3,1,1,8.0,1.0,85126,M,0.0,0.0,85
201100003881,11,4,10,400,3,1,1,1.0,6.0,85297,M,4636044.0,-119373.0,85
201100003882,11,6,23,1245,1,1,1,1.0,4.0,85216,M,4649400.0,-110900.0,85
201100003883,11,7,4,1915,1,1,1,1.0,5.0,85216,M,0.0,0.0,85
201100003884,11,7,31,1100,1,1,1,1.0,5.0,85049,M,0.0,0.0,85
201100003885,11,8,12,1245,1,1,9,1.0,4.0,85117,M,0.0,0.0,85
201100003886,11,9,23,1830,1,2,1,7.0,6.0,85128,M,0.0,0.0,85
201100003887,11,12,17,700,3,1,1,1.0,7.0,85267,M,0.0,0.0,85
201100003888,11,3,13,1815,1,1,1,1.0,7.0,85139,M,0.0,0.0,85
201100003889,11,4,14,1815,1,2,1,1.0,3.0,85143,M,0.0,0.0,85
201100003890,11,7,1,1800,1,2,1,1.0,6.0,85094,M,0.0,0.0,85
201100003891,11,7,6,1915,1,1,2,1.0,3.0,85020,M,4637351.0,-60616.0,85
201100003892,11,8,2,1800,1,1,1,8.0,1.0,85227,M,4649275.0,-65643.0,85
201100003893,11,11,6,1815,3,2,1,2.0,3.0,85227,M,0.0,0.0,85
201100003894,11,12,2,800,2,1,1,9.0,5.0,85133,M,0.0,0.0,85
201100003895,11,1,22,2030,3,1,1,2.0,1.0,85305,M,0.0,0.0,85
201100003896,11,2,4,1930,3,2,1,1.0,1.0,85059,M,4664987.0,-74037.0,85
201100003897,11,3,6,2130,3,1,2,1.0,3.0,85187,M,0.0,0.0,85
201100003898,11,7,6,1815,1,1,1,1.0,1.0,85031,M,0.0,0.0,85
201100003899,11,7,5,1830,1,2,1,1.0,1.0,85067,M,0.0,0.0,85
201100003900,11,9,20,1530,1,1,3,1.0,3.0,85125,M,0.0,0.0,85
201100003901,11,10,22,1715,1,1,2,1.0,3.0,85154,M,0.0,0.0,85
201100003902,11,12,7,945,1,2,9,2.0,3.0,85059,M,4664754.0,-74182.0,85
201100003903,11,12,18,2115,3,1,1,1.0,1.0,85154,M,0.0,0.0,85
201100003904,11,1,2,1515,1,1,1,1.0,6.0,85181,M,0.0,0.0,85
201100003905,11,3,25,1400,1,1,1,1.0,6.0,85274,M,0.0,0.0,85
201100003906,11,4,19,1715,1,1,1,1.0,6.0,85181,M,0.0,0.0,85
201100003907,11,1,18,1830,3,1,1,1.0,1.0,85210,M,0.0,0.0,85
201100003908,11,1,25,1415,1,1,2,1.0,3.0,85260,M,0.0,0.0,85
201100003909,11,1,27,2015,3,1,1,1.0,1.0,85086,M,0.0,0.0,85
201100003910,11,3,8,1330,1,1,1,1.0,5.0,85047,M,0.0,0.0,85
201100003911,11,3,18,1215,1,2,1,1.0,3.0,85096,M,4689126.0,-184771.0,85
201100003912,11,3,24,900,1,2,8,1.0,1.0,85047,M,0.0,0.0,85
201100003913,11,4,17,1645,1,1,1,1.0,6.0,85210,M,0.0,0.0,85
201100003914,11,4,27,1515,1,2,1,1.0,3.0,85047,M,4684258.0,-187745.0,85
201100003915,11,5,31,1800,1,1,1,1.0,6.0,85210,M,0.0,0.0,85
201100003916,11,6,3,1515,1,1,1,1.0,3.0,85260,M,0.0,0.0,85
201100003917,11,6,18,2230,2,2,1,1.0,7.0,85047,M,4684030.0,-187678.0,85
201100003918,11,8,2,1930,1,1,2,1.0,1.0,85280,M,0.0,0.0,85
201100003919,11,8,4,1100,1,2,7,3.0,6.0,85280,M,4686102.0,-195708.0,85
201100003920,11,8,5,1015,1,2,9,1.0,3.0,85169,M,0.0,0.0,85
201100003921,11,9,13,1815,1,1,1,1.0,1.0,85047,M,0.0,0.0,85
201100003922,11,9,29,930,1,2,1,7.0,6.0,85047,M,4689204.0,-56621.0,85
201100003923,11,10,2,1300,1,1,1,1.0,7.0,85210,M,0.0,0.0,85
201100003924,11,12,5,1315,1,2,6,2.0,3.0,85047,M,4684625.0,-187472.0,85
201100003925,11,12,19,1830,3,1,1,1.0,1.0,85130,M,0.0,0.0,85
201100003926,11,5,14,1445,1,1,2,1.0,3.0,85113,M,4671285.0,-234443.0,85
201100003927,11,6,4,415,5,2,1,1.0,6.0,85113,M,0.0,0.0,85
201100003928,11,6,24,1615,1,1,2,1.0,5.0,85113,M,4671608.0,-232321.0,85
201100003929,11,8,28,430,3,2,1,1.0,6.0,85113,M,4671375.0,-235083.0,85
201100003930,11,4,23,2000,2,1,1,1.0,3.0,85161,M,0.0,0.0,85
201100003931,11,5,14,1500,1,2,1,7.0,3.0,85218,M,0.0,0.0,85
201100003932,11,5,15,30,3,2,1,1.0,1.0,85250,M,0.0,0.0,85
201100003933,11,6,1,1615,1,1,1,1.0,6.0,85112,M,4655854.0,-175468.0,85
201100003934,11,7,11,1330,1,1,6,1.0,2.0,85112,M,0.0,0.0,85
201100003935,11,7,31,1615,1,1,1,7.0,6.0,85112,M,0.0,0.0,85
201100003936,11,8,7,1045,1,1,3,2.0,5.0,85161,M,0.0,0.0,85
201100003937,11,8,27,1930,1,1,1,1.0,3.0,85016,M,4669465.0,-161927.0,85
201100003938,11,9,9,915,1,2,1,8.0,3.0,85054,M,0.0,0.0,85
201100003939,11,10,2,1000,1,2,1,1.0,6.0,85236,M,0.0,0.0,85
201100003940,11,12,16,915,1,1,1,6.0,6.0,85298,M,0.0,0.0,85
201100003941,11,3,16,1145,1,1,1,1.0,2.0,85011,M,0.0,0.0,85
201100003942,11,5,25,1930,1,1,1,1.0,6.0,85163,M,0.0,0.0,85
201100003943,11,8,15,1800,1,1,1,1.0,3.0,85083,M,0.0,0.0,85
201100003944,11,2,17,2000,5,2,1,1.0,6.0,85226,M,4672101.0,-195084.0,85
201100003945,11,2,21,1830,3,1,1,2.0,1.0,85071,M,4674665.0,-182883.0,85
201100003946,11,3,1,415,5,2,1,1.0,6.0,85226,M,0.0,0.0,85
201100003947,11,3,15,1745,1,1,1,1.0,1.0,85071,M,0.0,0.0,85
201100003948,11,6,3,1830,1,1,1,1.0,3.0,85035,M,0.0,0.0,85
201100003949,11,6,4,1715,1,1,1,1.0,1.0,85120,M,0.0,0.0,85
201100003950,11,7,18,1430,1,1,6,1.0,3.0,85088,M,0.0,0.0,85
201100003951,11,7,20,1100,1,2,1,1.0,6.0,85226,M,0.0,0.0,85
201100003952,11,8,22,1015,1,2,1,1.0,6.0,85226,M,4671981.0,-194634.0,85
201100003953,11,9,5,1115,1,1,1,1.0,1.0,85100,M,0.0,0.0,85
201100003954,11,9,28,1615,1,2,1,1.0,3.0,85088,M,0.0,0.0,85
201100003955,11,10,22,1000,1,2,7,1.0,6.0,85222,M,4669642.0,-194098.0,85
201100003956,11,11,11,415,3,1,1,1.0,6.0,85088,M,0.0,0.0,85
201100003957,11,11,16,1245,1,2,1,1.0,6.0,85035,M,0.0,0.0,85
201100003958,11,1,15,1630,1,1,1,1.0,3.0,85172,M,0.0,0.0,85
201100003959,11,3,7,1200,1,1,1,1.0,5.0,85234,M,0.0,0.0,85
201100003960,11,3,25,2300,5,2,1,1.0,7.0,85018,M,0.0,0.0,85
201100003961,11,5,26,1645,1,2,1,1.0,6.0,85164,M,4684002.0,-212306.0,85
201100003962,11,5,28,915,1,1,2,1.0,1.0,85018,M,0.0,0.0,85
201100003963,11,6,18,2100,2,2,1,1.0,3.0,85018,M,0.0,0.0,85
201100003964,11,7,12,745,1,1,1,1.0,1.0,85284,M,0.0,0.0,85
201100003965,11,8,2,1645,1,2,2,3.0,4.0,85234,M,0.0,0.0,85
201100003966,11,8,10,1900,1,1,2,1.0,3.0,85172,M,0.0,0.0,85
201100003967,11,8,17,2000,1,1,3,1.0,3.0,85012,M,0.0,0.0,85
201100003968,11,8,27,645,2,1,1,1.0,3.0,85018,M,0.0,0.0,85
201100003969,11,8,28,1100,1,1,1,1.0,3.0,85284,M,0.0,0.0,85
201100003970,11,9,2,815,1,2,1,1.0,6.0,85018,M,0.0,0.0,85
201100003971,11,10,4,845,1,1,1,7.0,6.0,85164,M,4684273.0,-206277.0,85
201100003972,11,11,10,730,2,1,1,8.0,2.0,85172,M,0.0,0.0,85
201100003973,11,11,29,845,1,2,1,1.0,3.0,85234,M,0.0,0.0,85
201100003974,11,12,11,45,3,1,1,1.0,6.0,85012,M,0.0,0.0,85
201100003975,11,1,10,1345,1,2,1,8.0,2.0,85288,M,0.0,0.0,85
201100003976,11,2,5,1,3,1,1,1.0,3.0,85010,M,0.0,0.0,85
201100003977,11,4,22,1245,1,1,1,1.0,1.0,85278,M,0.0,0.0,85
201100003978,11,5,18,1215,1,2,1,1.0,2.0,85288,M,0.0,0.0,85
201100003979,11,6,11,1045,1,1,1,1.0,6.0,85022,M,0.0,0.0,85
201100003980,11,7,10,2230,5,2,1,1.0,6.0,85288,M,0.0,0.0,85
201100003981,11,8,1,1445,1,1,1,1.0,1.0,85010,M,0.0,0.0,85
201100003982,11,8,14,1715,1,2,1,2.0,6.0,85288,M,0.0,0.0,85
201100003983,11,8,15,1230,1,1,1,1.0,7.0,85179,M,0.0,0.0,85
201100003984,11,11,25,1930,3,1,1,5.0,1.0,85288,M,0.0,0.0,85
201100003985,11,12,16,1815,3,1,1,2.0,3.0,85288,M,0.0,0.0,85
201100003986,11,12,18,1545,1,1,2,1.0,3.0,85179,M,0.0,0.0,85
201100003987,11,3,31,945,1,2,1,8.0,1.0,33498,M,0.0,0.0,33
201100003988,11,9,2,1100,3,1,1,1.0,6.0,33029,M,4466000.0,-74300.0,33
201100003989,11,9,17,1415,1,1,1,2.0,6.0,33029,M,0.0,0.0,33
201100003990,11,12,7,1800,1,1,1,2.0,7.0,33436,M,0.0,0.0,33
201100003991,11,1,21,1600,1,2,1,1.0,6.0,33284,M,0.0,0.0,33
201100003992,11,2,27,2030,5,2,1,1.0,6.0,33051,M,0.0,0.0,33
201100003993,11,2,20,1445,1,1,9,1.0,2.0,33555,M,0.0,0.0,33
201100003994,11,2,23,1815,2,1,1,2.0,5.0,33019,M,0.0,0.0,33
201100003995,11,5,9,1445,1,1,1,1.0,7.0,33284,M,0.0,0.0,33
201100003996,11,6,16,1915,1,2,1,1.0,7.0,33051,M,0.0,0.0,33
201100003997,11,9,16,1630,1,2,1,1.0,6.0,33051,M,4464900.0,-98300.0,33
201100003998,11,9,23,830,1,1,1,1.0,3.0,33019,M,4472200.0,-90400.0,33
201100003999,11,10,16,1830,1,1,1,1.0,7.0,33284,M,4458500.0,-95400.0,33
201100004000,11,12,12,1730,5,2,1,2.0,6.0,33051,M,0.0,0.0,33
201100004001,11,2,11,1515,1,1,1,1.0,7.0,33056,M,0.0,0.0,33
201100004002,11,4,8,1545,1,2,1,1.0,7.0,33312,M,0.0,0.0,33
201100004003,11,4,8,2230,3,2,6,1.0,1.0,33519,M,0.0,0.0,33
201100004004,11,4,23,1700,1,2,1,1.0,2.0,33056,M,0.0,0.0,33
201100004005,11,6,18,2045,1,1,2,1.0,3.0,33519,M,0.0,0.0,33
201100004006,11,8,7,745,1,2,1,1.0,6.0,33056,M,0.0,0.0,33
201100004007,11,9,2,1230,1,2,1,7.0,5.0,33056,M,0.0,0.0,33
201100004008,11,9,10,1045,1,2,9,1.0,1.0,33519,M,0.0,0.0,33
201100004009,11,10,13,1715,1,2,1,1.0,6.0,33312,M,0.0,0.0,33
201100004010,11,11,18,1615,2,1,1,1.0,1.0,33056,M,4494500.0,-63100.0,33
201100004011,11,2,11,730,2,2,1,2.0,3.0,33162,M,0.0,0.0,33
201100004012,11,3,16,645,2,2,1,1.0,6.0,33162,M,0.0,0.0,33
201100004013,11,4,1,2100,2,1,1,1.0,1.0,33162,M,0.0,0.0,33
201100004014,11,7,1,30,5,2,1,1.0,2.0,33162,M,0.0,0.0,33
201100004015,11,7,15,1700,1,1,6,1.0,2.0,33162,M,0.0,0.0,33
201100004016,11,9,10,2015,1,2,9,1.0,3.0,33162,M,0.0,0.0,33
201100004017,11,9,16,2015,5,2,9,1.0,3.0,33162,M,0.0,0.0,33
201100004018,11,1,28,815,5,2,1,2.0,3.0,33011,M,4478600.0,-114300.0,33
201100004019,11,4,17,215,5,2,6,1.0,7.0,33236,M,0.0,0.0,33
201100004020,11,8,7,530,3,1,1,1.0,7.0,33236,M,0.0,0.0,33
201100004021,11,9,2,2045,2,1,1,1.0,7.0,33236,M,0.0,0.0,33
201100004022,11,10,15,1600,1,2,1,1.0,3.0,33236,M,0.0,0.0,33
201100004023,11,11,13,1445,1,1,1,1.0,1.0,33236,M,0.0,0.0,33
201100004024,11,3,30,1815,1,1,1,2.0,5.0,33273,M,0.0,0.0,33
201100004025,11,5,27,1830,1,2,1,1.0,1.0,33422,M,0.0,0.0,33
201100004026,11,5,29,1845,1,1,1,1.0,3.0,33422,M,0.0,0.0,33
201100004027,11,11,17,1345,1,1,1,1.0,1.0,33422,M,0.0,0.0,33
201100004028,11,1,6,1700,1,2,1,1.0,6.0,33449,M,0.0,0.0,33
201100004029,11,1,21,2330,5,2,6,1.0,2.0,33449,M,0.0,0.0,33
201100004030,11,3,1,1630,1,1,1,1.0,3.0,33200,M,0.0,0.0,33
201100004031,11,3,28,1715,1,2,1,2.0,3.0,33200,M,0.0,0.0,33
201100004032,11,4,7,2330,3,1,1,1.0,7.0,33449,M,4485600.0,-73500.0,33
201100004033,11,4,17,1945,1,2,1,1.0,3.0,33449,M,0.0,0.0,33
201100004034,11,5,18,1915,1,2,1,1.0,3.0,33200,M,0.0,0.0,33
201100004035,11,6,18,1715,1,2,6,1.0,3.0,33449,M,0.0,0.0,33
201100004036,11,6,29,1715,1,1,1,1.0,6.0,33449,M,0.0,0.0,33
201100004037,11,7,1,800,1,2,1,1.0,3.0,33200,M,0.0,0.0,33
201100004038,11,7,1,1615,1,2,1,1.0,7.0,33449,M,0.0,0.0,33
201100004039,11,7,9,1430,1,1,1,1.0,7.0,33449,M,0.0,0.0,33
201100004040,11,7,25,1145,1,1,1,2.0,6.0,33376,M,0.0,0.0,33
201100004041,11,7,24,2330,3,1,1,2.0,7.0,33376,M,0.0,0.0,33
201100004042,11,8,26,1315,1,1,1,1.0,6.0,33376,M,0.0,0.0,33
201100004043,11,9,2,915,1,1,1,1.0,3.0,33200,M,0.0,0.0,33
201100004044,11,9,10,2215,5,1,1,1.0,1.0,33449,M,0.0,0.0,33
201100004045,11,9,27,1615,1,2,1,1.0,7.0,33449,M,0.0,0.0,33
201100004046,11,9,29,930,1,2,1,1.0,3.0,33162,M,0.0,0.0,33
201100004047,11,9,30,2300,5,2,1,1.0,1.0,33162,M,0.0,0.0,33
201100004048,11,10,6,2315,5,2,1,2.0,6.0,33376,M,0.0,0.0,33
201100004049,11,10,25,1800,1,2,1,8.0,2.0,33449,M,0.0,0.0,33
201100004050,11,10,27,1600,1,2,1,1.0,6.0,33449,M,0.0,0.0,33
201100004051,11,11,11,1630,1,1,1,1.0,7.0,33449,M,0.0,0.0,33
201100004052,11,1,5,2115,5,1,1,2.0,1.0,33477,M,0.0,0.0,33
201100004053,11,2,27,530,5,2,1,1.0,6.0,33374,M,4527700.0,-56200.0,33
201100004054,11,3,19,130,3,1,1,1.0,6.0,33325,M,0.0,0.0,33
201100004055,11,3,19,815,1,2,1,1.0,6.0,33389,M,0.0,0.0,33
201100004056,11,4,11,2100,2,1,1,1.0,1.0,33047,M,0.0,0.0,33
201100004057,11,7,18,930,1,2,1,1.0,3.0,33058,M,4516500.0,-62700.0,33
201100004058,11,8,4,1630,1,1,1,1.0,2.0,33101,M,4519800.0,-59600.0,33
201100004059,11,8,6,1515,1,1,1,8.0,3.0,33159,M,0.0,0.0,33
201100004060,11,9,3,1545,1,1,1,2.0,1.0,33047,M,4512700.0,-57400.0,33
201100004061,11,10,6,1415,1,1,1,3.0,6.0,33351,M,0.0,0.0,33
201100004062,11,11,21,1115,1,2,1,1.0,6.0,33477,M,4516300.0,-62300.0,33
201100004063,11,2,9,2130,5,2,1,1.0,6.0,33132,M,4507200.0,-59300.0,33
201100004064,11,3,21,1715,1,1,1,1.0,1.0,33341,M,4507600.0,-51000.0,33
201100004065,11,5,23,1600,1,1,1,1.0,3.0,33067,M,0.0,0.0,33
201100004066,11,2,6,1900,1,1,1,1.0,7.0,33272,M,4507300.0,-37500.0,33
201100004067,11,2,21,1230,1,1,1,2.0,1.0,33266,M,4505200.0,-33100.0,33
201100004068,11,3,5,430,3,1,1,1.0,7.0,33492,M,4513500.0,-38300.0,33
201100004069,11,4,26,645,2,1,1,7.0,1.0,33382,M,4517100.0,-49200.0,33
201100004070,11,5,26,1215,1,2,2,1.0,3.0,33439,M,4511800.0,-39800.0,33
201100004071,11,6,20,1730,1,1,1,7.0,1.0,33233,M,4516000.0,-34200.0,33
201100004072,11,7,2,815,1,1,1,1.0,7.0,33473,M,4519200.0,-42900.0,33
201100004073,11,11,14,800,2,1,1,1.0,7.0,33126,M,4510300.0,-46800.0,33
201100004074,11,11,25,2015,3,1,1,5.0,6.0,33473,M,4515000.0,-46100.0,33
201100004075,11,12,26,1100,1,1,1,1.0,1.0,33126,M,0.0,0.0,33
201100004076,11,5,13,1145,1,1,1,1.0,3.0,33433,M,4492700.0,-44400.0,33
201100004077,11,7,2,130,3,2,1,1.0,7.0,33487,M,4496700.0,-48200.0,33
201100004078,11,8,24,1845,1,2,1,1.0,5.0,33004,M,0.0,0.0,33
201100004079,11,9,22,1100,1,1,1,7.0,1.0,33003,M,4496500.0,-50400.0,33
201100004080,11,9,23,1945,2,2,1,1.0,6.0,33433,M,0.0,0.0,33
201100004081,11,2,27,1230,1,2,1,1.0,1.0,33081,M,0.0,0.0,33
201100004082,11,5,6,1615,1,1,1,1.0,6.0,33438,M,4457700.0,-24900.0,33
201100004083,11,9,16,1030,1,2,7,1.0,6.0,33081,M,0.0,0.0,33
201100004084,11,10,13,1530,1,1,1,1.0,2.0,33435,M,0.0,0.0,33
201100004085,11,11,1,2150,5,1,1,1.0,6.0,33111,M,0.0,0.0,33
201100004086,11,12,4,1345,1,1,1,2.0,1.0,33392,M,0.0,0.0,33
201100004087,11,3,28,2000,1,2,1,1.0,3.0,33483,M,0.0,0.0,33
201100004088,11,4,30,1615,1,1,1,1.0,3.0,33049,M,0.0,0.0,33
201100004089,11,4,30,1930,1,2,9,1.0,1.0,33397,M,0.0,0.0,33
201100004090,11,5,4,1630,1,1,1,1.0,6.0,33483,M,0.0,0.0,33
201100004091,11,10,1,2200,3,1,1,1.0,6.0,33293,M,0.0,0.0,33