Num_Acc,an,mois,jour,hrmn,lum,agg,int,atm,col,com,gps,lat,long,dep
201100004092,11,2,20,100,3,2,1,5.0,1.0,33474,M,4466500.0,-49000.0,33
201100004093,11,2,24,1930,3,1,1,1.0,3.0,33023,M,0.0,0.0,33
201100004094,11,11,4,1930,3,2,1,2.0,3.0,33037,M,4470400.0,-45400.0,33
201100004095,11,3,26,700,1,2,1,1.0,6.0,33083,M,0.0,0.0,33
201100004096,11,4,7,1330,1,1,1,1.0,7.0,33140,M,0.0,0.0,33
201100004097,11,5,11,1530,1,1,1,1.0,4.0,33084,M,0.0,0.0,33
201100004098,11,6,1,1600,1,2,1,1.0,5.0,33252,M,0.0,0.0,33
201100004099,11,8,8,2030,1,1,1,1.0,7.0,33505,M,0.0,0.0,33
201100004100,11,9,26,1930,3,1,1,1.0,2.0,33084,M,0.0,0.0,33
201100004101,11,10,29,615,3,1,1,1.0,6.0,33226,M,0.0,0.0,33
201100004102,11,11,6,1300,1,2,1,2.0,6.0,33093,M,0.0,0.0,33
201100004103,11,12,12,630,3,1,1,3.0,1.0,33363,M,0.0,0.0,33
201100004104,11,12,23,1815,5,2,1,2.0,6.0,33226,M,0.0,0.0,33
201100004105,11,1,4,1930,5,2,9,1.0,3.0,33165,M,0.0,0.0,33
201100004106,11,2,24,1430,1,2,1,1.0,4.0,33496,M,0.0,0.0,33
201100004107,11,3,4,2030,5,2,3,1.0,1.0,33165,M,4482900.0,-44800.0,33
201100004108,11,8,13,1845,1,2,1,7.0,4.0,33165,M,4482100.0,-43900.0,33
201100004109,11,8,30,700,2,1,1,1.0,3.0,33061,M,0.0,0.0,33
201100004110,11,9,12,730,2,1,1,1.0,3.0,33165,M,0.0,0.0,33
201100004111,11,9,22,1915,2,2,6,7.0,6.0,33013,M,0.0,0.0,33
201100004112,11,10,16,1200,1,2,1,1.0,3.0,33165,M,0.0,0.0,33
201100004113,11,10,20,845,1,1,1,1.0,3.0,33165,M,0.0,0.0,33
201100004114,11,1,19,1845,5,2,1,1.0,5.0,33238,M,0.0,0.0,33
201100004115,11,2,11,1930,5,1,1,1.0,6.0,33238,M,0.0,0.0,33
201100004116,11,2,16,830,1,1,1,1.0,2.0,33501,M,4469300.0,-60300.0,33
201100004117,11,6,30,2100,1,1,6,1.0,6.0,33080,M,0.0,0.0,33
201100004118,11,7,11,1100,1,1,1,1.0,3.0,33080,M,0.0,0.0,33
201100004119,11,1,22,1645,1,2,1,1.0,6.0,33225,M,4456000.0,-42000.0,33
201100004120,11,3,5,1630,1,1,2,1.0,3.0,33030,M,4460500.0,-30800.0,33
201100004121,11,5,15,2200,3,1,1,1.0,1.0,33205,M,0.0,0.0,33
201100004122,11,6,5,45,5,1,1,1.0,6.0,33337,M,4459600.0,-30000.0,33
201100004123,11,7,3,915,1,1,1,1.0,1.0,33452,M,4462000.0,-41100.0,33
201100004124,11,7,23,1615,5,2,1,1.0,7.0,33205,M,4460000.0,-37000.0,33
201100004125,11,7,17,2130,5,2,1,1.0,3.0,33205,M,0.0,0.0,33
201100004126,11,8,6,500,3,1,1,2.0,6.0,33197,M,4457000.0,-48000.0,33
201100004127,11,9,24,2015,2,2,1,1.0,6.0,33327,M,4465100.0,-34800.0,33
201100004128,11,12,9,1400,5,2,1,1.0,6.0,33334,M,4469600.0,-43000.0,33
201100004129,11,12,24,1630,1,2,1,1.0,4.0,33327,M,0.0,0.0,33
201100004130,11,3,14,745,2,1,2,1.0,3.0,33366,M,0.0,0.0,33
201100004131,11,6,2,130,3,1,1,1.0,6.0,33018,M,0.0,0.0,33
201100004132,11,7,2,215,3,1,1,1.0,6.0,33366,M,4498900.0,-45000.0,33
201100004133,11,12,10,1,5,1,1,1.0,1.0,33366,M,4499300.0,-44600.0,33
201100004134,11,1,23,2115,3,1,1,1.0,6.0,33432,M,4474300.0,-300.0,33
201100004135,11,2,24,2145,5,2,1,1.0,6.0,33227,M,0.0,0.0,33
201100004136,11,2,25,2245,3,1,1,2.0,1.0,33164,M,0.0,0.0,33
201100004137,11,2,27,2115,5,2,6,1.0,7.0,33227,M,0.0,0.0,33
201100004138,11,3,5,530,3,1,1,1.0,6.0,33227,M,0.0,0.0,33
201100004139,11,3,6,300,5,2,6,1.0,6.0,33227,M,0.0,0.0,33
201100004140,11,3,10,2145,5,2,1,1.0,6.0,33533,M,0.0,0.0,33
201100004141,11,4,8,645,5,2,6,1.0,1.0,33227,M,0.0,0.0,33
201100004142,11,5,11,1800,1,1,1,1.0,5.0,33164,M,0.0,0.0,33
201100004143,11,9,29,1700,1,1,1,7.0,2.0,33533,M,0.0,0.0,33
201100004144,11,10,26,2000,3,2,1,1.0,3.0,33227,M,0.0,0.0,33
201100004145,11,11,21,2145,3,2,1,1.0,6.0,33227,M,0.0,0.0,33
201100004146,11,2,14,1100,1,1,1,8.0,1.0,33095,M,4426300.0,-26000.0,33
201100004147,11,4,3,1330,1,2,1,1.0,1.0,33195,M,4439500.0,-3800.0,33
201100004148,11,4,7,1630,1,1,1,1.0,1.0,33137,M,0.0,0.0,33
201100004149,11,4,15,845,1,1,1,1.0,1.0,33144,M,4439700.0,-23600.0,33
201100004150,11,8,4,1845,1,1,1,1.0,1.0,33046,M,0.0,0.0,33
201100004151,11,8,23,900,1,1,1,1.0,6.0,33046,M,0.0,0.0,33
201100004152,11,10,14,1415,1,2,1,1.0,6.0,33036,M,0.0,0.0,33
201100004153,11,12,7,1245,1,1,1,1.0,7.0,33508,M,4451700.0,-12400.0,33
201100004154,11,2,28,900,1,1,1,8.0,6.0,33316,M,0.0,0.0,33
201100004155,11,3,5,1345,1,1,1,1.0,7.0,33491,M,0.0,0.0,33
201100004156,11,9,29,1700,1,1,1,1.0,3.0,33136,M,0.0,0.0,33
201100004157,11,2,16,1015,1,2,1,1.0,2.0,33287,M,4456700.0,2600.0,33
201100004158,11,3,5,1545,1,1,1,1.0,7.0,33169,M,0.0,0.0,33
201100004159,11,5,22,1215,1,1,1,1.0,2.0,33221,M,0.0,0.0,33
201100004160,11,5,26,1900,1,1,1,1.0,1.0,33250,M,0.0,0.0,33
201100004161,11,9,5,1615,1,1,1,1.0,3.0,33187,M,0.0,0.0,33
201100004162,11,12,12,1600,1,1,1,1.0,7.0,33287,M,0.0,0.0,33
201100004163,11,12,31,945,1,2,1,1.0,6.0,33169,M,0.0,0.0,33
201100004164,11,7,11,945,1,1,1,1.0,3.0,33484,M,0.0,0.0,33
201100004165,11,8,22,845,1,1,1,7.0,6.0,33436,M,0.0,0.0,33
201100004166,11,3,7,1000,3,2,1,1.0,6.0,33361,M,0.0,0.0,33
201100004167,11,4,2,2130,3,1,1,1.0,7.0,33358,M,4476300.0,-19400.0,33
201100004168,11,5,1,1800,1,1,1,2.0,7.0,33523,M,0.0,0.0,33
201100004169,11,5,28,1215,1,1,1,1.0,3.0,33399,M,0.0,0.0,33
201100004170,11,6,5,1730,1,1,1,1.0,3.0,33361,M,4478300.0,-5800.0,33
201100004171,11,7,2,1300,1,1,1,1.0,1.0,33464,M,0.0,0.0,33
201100004172,11,7,23,1800,1,1,1,1.0,7.0,33282,M,4478100.0,-7100.0,33
201100004173,11,8,31,2345,3,1,1,1.0,7.0,33129,M,0.0,0.0,33
201100004174,11,9,23,945,1,1,1,1.0,2.0,33057,M,4473500.0,-10800.0,33
201100004175,11,10,20,1000,1,1,3,1.0,3.0,33506,M,0.0,0.0,33
201100004176,11,10,23,730,2,1,1,1.0,6.0,33506,M,4469100.0,-10500.0,33
201100004177,11,11,12,1600,1,2,1,1.0,1.0,33175,M,0.0,0.0,33
201100004178,11,12,4,830,1,1,1,2.0,7.0,33361,M,0.0,0.0,33
201100004179,11,12,7,1100,1,1,1,2.0,6.0,33399,M,4465600.0,-10900.0,33
201100004180,11,12,24,1945,3,1,1,1.0,1.0,33025,M,0.0,0.0,33
201100004181,11,12,7,1900,3,1,1,1.0,1.0,33523,M,0.0,0.0,33
201100004182,11,6,5,430,2,1,1,5.0,6.0,33240,M,4523600.0,-96100.0,33
201100004183,11,6,7,1700,1,2,1,1.0,7.0,33240,M,4531200.0,-93700.0,33
201100004184,11,8,16,1645,1,1,1,1.0,1.0,33177,M,4533800.0,-97400.0,33
201100004185,11,8,18,1,3,1,1,1.0,7.0,33177,M,0.0,0.0,33
201100004186,11,12,19,1930,3,1,1,2.0,7.0,33055,M,0.0,0.0,33
201100004187,11,1,7,2100,3,1,1,1.0,1.0,33022,M,0.0,0.0,33
201100004188,11,1,27,1700,1,1,1,1.0,7.0,33022,M,4504200.0,-75200.0,33
201100004189,11,3,10,645,2,1,1,5.0,5.0,33417,M,0.0,0.0,33
201100004190,11,3,21,1145,1,1,1,1.0,3.0,33022,M,0.0,0.0,33
201100004191,11,7,7,615,2,1,1,2.0,6.0,33417,M,0.0,0.0,33
201100004192,11,7,17,1600,1,1,1,1.0,1.0,33417,M,0.0,0.0,33
201100004193,11,8,18,2045,1,1,1,1.0,6.0,33248,M,0.0,0.0,33
201100004194,11,2,19,1930,3,1,1,8.0,7.0,33091,M,4503100.0,-64500.0,33
201100004195,11,3,22,1200,1,1,1,1.0,1.0,33256,M,4497800.0,-62400.0,33
201100004196,11,3,25,2230,5,2,1,1.0,6.0,33322,M,0.0,0.0,33
201100004197,11,7,23,45,5,2,1,1.0,6.0,33262,M,4501000.0,-62700.0,33
201100004198,11,11,25,1500,1,2,1,1.0,6.0,33268,M,4503900.0,-68000.0,33
201100004199,11,12,25,2245,3,1,1,1.0,7.0,33322,M,4497200.0,-63500.0,33
201100004200,11,3,11,1145,1,1,1,1.0,7.0,33424,M,0.0,0.0,33
201100004201,11,3,27,2130,3,1,1,1.0,6.0,33314,M,0.0,0.0,33
201100004202,11,5,12,2245,3,1,1,1.0,6.0,33423,M,0.0,0.0,33
201100004203,11,6,12,115,3,1,1,1.0,7.0,33125,M,0.0,0.0,33
201100004204,11,8,6,1045,1,1,1,2.0,3.0,33395,M,4524000.0,-79900.0,33
201100004205,11,8,12,1345,1,2,1,1.0,7.0,33314,M,0.0,0.0,33
201100004206,11,9,15,800,1,1,1,1.0,3.0,33395,M,4526800.0,-79000.0,33
201100004207,11,10,3,1730,1,1,1,1.0,2.0,33314,M,0.0,0.0,33
201100004208,11,12,3,1530,1,1,1,3.0,6.0,33125,M,4522400.0,-86700.0,33
201100004209,11,12,23,1500,1,1,4,1.0,1.0,33125,M,0.0,0.0,33
201100004210,11,12,23,1500,1,1,1,1.0,6.0,33125,M,4521800.0,-83200.0,33
201100004211,11,5,22,1930,1,2,1,1.0,1.0,33540,M,4535600.0,-106200.0,33
201100004212,11,8,27,2315,3,1,1,1.0,1.0,33540,M,0.0,0.0,33
201100004213,11,10,14,1500,1,1,1,1.0,1.0,33538,M,0.0,0.0,33
201100004214,11,6,23,1845,1,1,1,1.0,1.0,33222,M,4495600.0,-19100.0,33
201100004215,11,8,27,1245,1,2,1,1.0,3.0,33470,M,4496700.0,-40300.0,33
201100004216,11,11,1,1115,1,1,1,2.0,6.0,33052,M,0.0,0.0,33
201100004217,11,11,25,1700,1,1,1,1.0,3.0,33052,M,0.0,0.0,33
201100004218,11,1,24,900,1,1,1,1.0,1.0,33194,M,4483400.0,-20400.0,33
201100004219,11,1,25,1415,1,1,1,1.0,3.0,33086,M,4479600.0,-29500.0,33
201100004220,11,4,1,1700,1,2,1,1.0,5.0,33078,M,4482900.0,-16400.0,33
201100004221,11,7,19,315,3,1,1,1.0,6.0,33488,M,4480800.0,-13100.0,33
201100004222,11,7,19,1915,1,1,1,1.0,1.0,33413,M,4485000.0,-33200.0,33
201100004223,11,7,29,1200,1,1,1,1.0,1.0,33298,M,4484000.0,-21000.0,33
201100004224,11,9,13,1715,1,1,1,1.0,3.0,33298,M,4489300.0,-21700.0,33
201100004225,11,11,23,1600,1,1,1,1.0,6.0,33194,M,4482800.0,-21100.0,33
201100004226,11,1,28,1030,1,1,1,1.0,7.0,33394,M,0.0,0.0,33
201100004227,11,2,24,2200,5,2,1,1.0,3.0,33108,M,0.0,0.0,33
201100004228,11,3,24,15,5,2,1,1.0,6.0,33480,M,0.0,0.0,33
201100004229,11,4,16,2000,1,1,1,1.0,6.0,33426,M,0.0,0.0,33
201100004230,11,4,21,2345,4,2,1,1.0,6.0,33437,M,0.0,0.0,33
201100004231,11,5,11,1130,1,2,1,1.0,6.0,33108,M,0.0,0.0,33
201100004232,11,5,24,1815,1,1,8,1.0,3.0,33394,M,0.0,0.0,33
201100004233,11,8,6,1115,1,1,1,1.0,6.0,33108,M,0.0,0.0,33
201100004234,11,8,12,1130,1,2,1,1.0,1.0,33437,M,0.0,0.0,33
201100004235,11,8,19,1830,1,2,1,7.0,3.0,33108,M,0.0,0.0,33
201100004236,11,9,3,30,3,1,1,1.0,5.0,33437,M,4485900.0,-8600.0,33
201100004237,11,9,17,1345,1,1,2,1.0,3.0,33108,M,0.0,0.0,33
201100004238,11,10,6,1745,1,2,1,8.0,3.0,33437,M,0.0,0.0,33
201100004239,11,10,7,2145,3,1,9,1.0,6.0,33480,M,0.0,0.0,33
201100004240,11,11,12,1615,1,1,1,1.0,4.0,33394,M,0.0,0.0,33
201100004241,11,11,29,900,1,2,1,1.0,5.0,33480,M,0.0,0.0,33
201100004242,11,12,7,1845,5,2,1,1.0,6.0,33461,M,0.0,0.0,33
201100004243,11,12,10,1745,2,2,1,8.0,1.0,33437,M,0.0,0.0,33
201100004244,11,12,21,1630,1,1,1,2.0,1.0,33437,M,0.0,0.0,33
201100004245,11,1,15,2330,5,1,1,5.0,6.0,33154,M,0.0,0.0,33
201100004246,11,2,15,1500,1,1,1,2.0,2.0,33001,M,0.0,0.0,33
201100004247,11,4,17,1215,1,2,1,1.0,3.0,33138,M,0.0,0.0,33
201100004248,11,5,28,1930,1,1,1,1.0,6.0,33154,M,0.0,0.0,33
201100004249,11,7,3,1230,1,1,1,1.0,2.0,33124,M,0.0,0.0,33
201100004250,11,8,1,1815,1,1,1,1.0,2.0,33154,M,0.0,0.0,33
201100004251,11,8,7,1700,1,1,1,1.0,3.0,33138,M,0.0,0.0,33
201100004252,11,12,19,1715,2,2,1,2.0,6.0,33138,M,0.0,0.0,33
201100004253,11,2,4,1730,1,1,1,8.0,1.0,33445,M,4503800.0,-26200.0,33
201100004254,11,2,5,1430,1,2,1,1.0,7.0,33218,M,0.0,0.0,33
201100004255,11,6,30,1,3,1,1,1.0,5.0,33393,M,0.0,0.0,33
201100004256,11,7,26,830,1,1,1,2.0,6.0,33393,M,4497000.0,-22300.0,33
201100004257,11,8,20,1200,1,1,1,1.0,6.0,33393,M,0.0,0.0,33
201100004258,11,8,29,1715,1,1,1,1.0,1.0,33393,M,0.0,0.0,33
201100004259,11,9,2,2130,3,1,1,1.0,6.0,33034,M,0.0,0.0,33
201100004260,11,9,30,1415,1,1,1,1.0,1.0,33393,M,0.0,0.0,33
201100004261,11,1,29,1600,1,1,1,2.0,5.0,33378,M,4484000.0,27000.0,33
201100004262,11,3,5,1530,1,2,1,1.0,1.0,33402,M,0.0,0.0,33
201100004263,11,5,9,815,1,1,1,1.0,6.0,33324,M,4483400.0,24600.0,33
201100004264,11,6,16,1600,1,1,1,1.0,1.0,33324,M,4484500.0,25000.0,33
201100004265,11,7,26,2115,2,1,1,3.0,6.0,33378,M,0.0,0.0,33
201100004266,11,9,18,1930,1,1,1,1.0,6.0,33168,M,0.0,0.0,33
201100004267,11,10,13,1645,1,2,1,1.0,6.0,33324,M,0.0,0.0,33
201100004268,11,12,4,1130,1,2,1,2.0,6.0,33324,M,4482500.0,19500.0,33
201100004269,11,2,16,2130,5,1,1,1.0,3.0,33332,M,0.0,0.0,33
201100004270,11,4,5,2100,2,1,1,1.0,6.0,33261,M,0.0,0.0,33
201100004271,11,4,23,2130,5,2,2,1.0,1.0,33320,M,0.0,0.0,33
201100004272,11,5,18,2200,3,1,1,1.0,7.0,33166,M,0.0,0.0,33
201100004273,11,2,24,1145,1,1,1,2.0,3.0,33317,M,0.0,0.0,33
201100004274,11,3,22,915,1,1,9,1.0,6.0,33317,M,0.0,0.0,33
201100004275,11,6,3,1300,1,1,1,1.0,3.0,33179,M,0.0,0.0,33
201100004276,11,1,19,1000,1,1,1,1.0,1.0,24258,M,4510700.0,77700.0,24
201100004277,11,3,18,2315,5,2,1,2.0,6.0,24115,M,0.0,0.0,24
201100004278,11,4,11,1915,1,1,1,1.0,6.0,24026,M,4519600.0,84400.0,24
201100004279,11,4,23,1745,1,1,1,1.0,6.0,24220,M,4503900.0,87200.0,24
201100004280,11,5,15,1300,1,1,1,1.0,6.0,24160,M,4509500.0,73400.0,24
201100004281,11,6,21,1815,1,1,1,1.0,3.0,24156,M,4506800.0,84500.0,24
201100004282,11,6,25,945,1,1,1,1.0,1.0,24576,M,0.0,0.0,24
201100004283,11,6,25,800,1,1,1,1.0,3.0,24156,M,0.0,0.0,24
201100004284,11,7,19,2200,3,1,1,1.0,1.0,24146,M,4506200.0,67800.0,24
201100004285,11,8,4,1200,1,1,1,1.0,3.0,24065,M,4504600.0,74900.0,24
201100004286,11,8,24,1045,1,1,1,2.0,3.0,24208,M,0.0,0.0,24
201100004287,11,8,26,1700,1,1,1,1.0,3.0,24571,M,0.0,0.0,24
201100004288,11,9,12,815,1,1,1,1.0,7.0,24013,M,4513900.0,75800.0,24
201100004289,11,9,17,630,3,1,1,1.0,3.0,24160,M,4510200.0,72600.0,24
201100004290,11,10,21,1845,2,1,1,1.0,2.0,24447,M,4511000.0,83600.0,24
201100004291,11,12,1,1215,1,1,1,1.0,3.0,24026,M,4519000.0,80400.0,24
201100004292,11,12,8,1430,1,2,1,1.0,5.0,24115,M,,,24
201100004293,11,12,10,30,3,1,1,2.0,7.0,24270,M,4513100.0,94200.0,24
201100004294,11,12,10,1545,1,1,1,1.0,3.0,24098,M,0.0,0.0,24
201100004295,11,12,10,1000,1,1,1,1.0,6.0,24156,M,4504600.0,85600.0,24
201100004296,11,12,15,2200,3,1,1,2.0,6.0,24190,M,4498000.0,65900.0,24
201100004297,11,12,20,1730,3,1,4,2.0,3.0,24098,M,4522900.0,71700.0,24
201100004298,11,12,31,1745,2,1,1,2.0,5.0,24042,M,0.0,0.0,24
201100004299,11,1,16,1900,3,1,1,1.0,1.0,24096,M,4565700.0,613700.0,24
201100004300,11,3,19,1500,1,1,1,1.0,1.0,24079,M,4565200.0,7100.0,24
201100004301,11,6,4,1430,1,1,1,1.0,3.0,24391,M,4566400.0,2400.0,24
201100004302,11,6,17,915,1,1,1,1.0,3.0,24129,M,4560700.0,19600.0,24
201100004303,11,7,2,1530,1,1,1,1.0,1.0,24561,M,4553300.0,5600.0,24
201100004304,11,7,12,1215,1,2,1,1.0,6.0,24064,M,0.0,0.0,24
201100004305,11,7,14,1515,1,1,1,1.0,6.0,24353,M,0.0,0.0,24
201100004306,11,7,23,1700,1,1,1,1.0,3.0,24064,M,4558800.0,8200.0,24
201100004307,11,8,17,1430,1,1,1,1.0,1.0,24353,M,0.0,0.0,24
201100004308,11,8,25,1530,1,1,1,1.0,6.0,24064,M,4576700.0,6800.0,24
201100004309,11,9,16,1745,1,1,1,1.0,7.0,24064,M,0.0,0.0,24
201100004310,11,9,26,2215,3,1,1,1.0,6.0,24353,M,0.0,0.0,24
201100004311,11,11,27,2145,3,1,1,1.0,7.0,24561,M,,,24
201100004312,11,11,30,730,2,1,1,5.0,3.0,24403,M,4568700.0,95700.0,24
201100004313,11,12,10,630,3,2,1,2.0,6.0,24107,M,0.0,0.0,24
201100004314,11,12,16,1145,1,1,1,3.0,6.0,24353,M,0.0,0.0,24
201100004315,11,4,20,530,3,1,1,1.0,7.0,24139,M,4514000.0,65300.0,24
201100004316,11,5,16,1100,1,1,1,1.0,1.0,24442,M,4520900.0,82300.0,24
201100004317,11,10,7,1000,1,1,1,1.0,6.0,24266,M,4538100.0,93000.0,24
201100004318,11,10,19,1900,2,1,1,1.0,1.0,24108,M,4534700.0,1100.0,24
201100004319,11,10,22,1300,1,1,1,1.0,3.0,24251,M,4509300.0,59200.0,24
201100004320,11,1,21,1345,1,1,1,1.0,7.0,24120,M,4531100.0,113800.0,24
201100004321,11,2,11,1715,1,1,1,1.0,1.0,24476,M,4532100.0,101000.0,24
201100004322,11,3,11,1415,1,1,9,7.0,3.0,24103,M,4521400.0,89900.0,24
201100004323,11,3,14,715,1,1,1,1.0,6.0,24210,M,4526000.0,114000.0,24
201100004324,11,3,15,1800,1,1,1,2.0,7.0,24188,M,4512800.0,98700.0,24
201100004325,11,4,2,545,3,1,1,1.0,6.0,24120,M,4530000.0,113000.0,24
201100004326,11,4,22,1900,1,2,1,1.0,1.0,24521,M,4524300.0,87300.0,24
201100004327,11,6,21,1115,1,1,1,1.0,6.0,24540,M,4531400.0,83900.0,24
201100004328,11,8,5,230,3,1,1,1.0,6.0,24066,M,4521500.0,97600.0,24
201100004329,11,8,12,1600,1,1,1,1.0,1.0,24527,M,4526500.0,90300.0,24
201100004330,11,8,24,915,1,1,1,3.0,6.0,24103,M,4521700.0,91100.0,24
201100004331,11,2,13,130,3,1,1,5.0,6.0,24224,M,4490000.0,55000.0,24
201100004332,11,4,3,700,2,1,1,1.0,6.0,24194,M,4483600.0,30600.0,24
201100004333,11,4,26,1515,1,1,2,1.0,3.0,24155,M,4504000.0,3000.0,24
201100004334,11,5,1,500,3,1,1,1.0,6.0,24581,M,0.0,0.0,24
201100004335,11,5,4,1615,1,1,1,1.0,1.0,24225,M,0.0,0.0,24
201100004336,11,6,21,1800,1,1,1,1.0,3.0,24155,M,0.0,0.0,24
201100004337,11,8,30,1600,1,1,1,1.0,6.0,24224,M,0.0,0.0,24
201100004338,11,9,4,1145,1,1,1,8.0,1.0,24225,M,0.0,0.0,24
201100004339,11,11,13,45,3,1,1,1.0,6.0,24340,M,0.0,0.0,24
201100004340,11,11,16,1000,1,2,1,1.0,6.0,24194,M,4483400.0,32500.0,24
201100004341,11,11,22,200,3,1,1,1.0,6.0,24570,M,0.0,0.0,24
201100004342,11,11,30,1215,1,1,2,1.0,3.0,24487,M,4485800.0,30800.0,24
201100004343,11,4,12,930,1,1,1,1.0,5.0,24379,M,4479200.0,83700.0,24
201100004344,11,4,14,1215,1,1,1,1.0,1.0,24273,M,4480400.0,80300.0,24
201100004345,11,5,9,1615,1,1,1,1.0,6.0,24497,M,4468400.0,76400.0,24
201100004346,11,5,27,1230,1,1,1,1.0,6.0,24497,M,4469800.0,73000.0,24
201100004347,11,7,25,1415,1,1,1,2.0,1.0,24073,M,4485400.0,81400.0,24
201100004348,11,9,21,715,2,2,1,1.0,3.0,24028,M,4477600.0,76700.0,24
201100004349,11,4,9,2115,3,2,1,1.0,6.0,24223,M,4484200.0,73600.0,24
201100004350,11,5,17,2230,3,1,1,1.0,6.0,24318,M,4450000.0,42000.0,24
201100004351,11,5,29,1030,1,2,1,1.0,3.0,24223,M,4483000.0,70000.0,24
201100004352,11,8,26,900,1,1,1,1.0,1.0,24223,M,4483900.0,72800.0,24
201100004353,11,9,7,1130,1,1,1,1.0,6.0,24223,M,4486900.0,71700.0,24
201100004354,11,9,15,830,1,1,1,1.0,6.0,24362,M,4455200.0,45500.0,24
201100004355,11,11,24,1445,1,1,1,7.0,6.0,24143,M,4482500.0,73100.0,24
201100004356,11,1,7,1545,1,1,1,1.0,1.0,24514,M,0.0,0.0,24
201100004357,11,1,12,1600,1,1,3,1.0,3.0,24568,M,4441400.0,20400.0,24
201100004358,11,1,13,1915,3,1,1,5.0,1.0,24370,M,4439900.0,25100.0,24
201100004359,11,4,27,1815,1,1,1,1.0,6.0,24454,M,4458300.0,72900.0,24
201100004360,11,5,13,1645,1,2,1,1.0,6.0,24335,M,0.0,0.0,24
201100004361,11,5,25,1845,1,1,1,1.0,6.0,24494,M,4494300.0,15000.0,24
201100004362,11,6,14,1845,1,2,9,1.0,1.0,24226,M,0.0,0.0,24
201100004363,11,6,30,1800,1,1,1,1.0,6.0,24461,M,4454200.0,30900.0,24
201100004364,11,7,31,1045,1,1,1,1.0,6.0,24335,M,4441900.0,200900.0,24
201100004365,11,8,16,100,3,2,1,1.0,1.0,24335,M,4483500.0,19000.0,24
201100004366,11,8,25,1730,1,1,1,1.0,1.0,24335,M,4441600.0,37400.0,24
201100004367,11,10,14,1245,1,1,1,1.0,6.0,24335,M,0.0,0.0,24
201100004368,11,2,6,1545,1,1,1,1.0,6.0,24271,M,0.0,0.0,24
201100004369,11,3,7,2045,2,2,1,1.0,1.0,24479,M,0.0,0.0,24
201100004370,11,3,17,745,1,2,1,1.0,6.0,24311,M,4553300.0,66600.0,24
201100004371,11,5,18,1130,5,2,1,1.0,6.0,24214,M,4557100.0,56500.0,24
201100004372,11,7,3,615,1,1,1,1.0,6.0,24565,M,4561400.0,53700.0,24
201100004373,11,7,21,1330,1,1,1,1.0,1.0,24100,M,0.0,0.0,24
201100004374,11,8,28,1015,1,2,1,1.0,6.0,24451,M,4552000.0,66000.0,24
201100004375,11,9,9,1815,1,1,1,1.0,3.0,24328,M,4561600.0,70600.0,24
201100004376,11,9,29,715,2,1,1,1.0,3.0,24311,M,4552300.0,70200.0,24
201100004377,11,11,14,1515,1,1,1,1.0,1.0,24214,M,4558100.0,52200.0,24
201100004378,11,12,3,700,3,1,1,1.0,7.0,24528,M,4549400.0,66000.0,24
201100004379,11,12,7,1715,1,1,2,2.0,3.0,24328,M,4562000.0,71000.0,24
201100004380,11,2,18,2030,3,1,1,5.0,6.0,24320,M,4540800.0,124300.0,24
201100004381,11,4,15,1545,1,1,1,1.0,3.0,24171,M,4538900.0,90500.0,24
201100004382,11,7,20,1300,1,2,1,1.0,3.0,24551,M,4542000.0,91900.0,24
201100004383,11,8,13,1330,1,2,1,1.0,7.0,24133,M,4554900.0,98300.0,24
201100004384,11,8,17,1800,1,2,1,1.0,6.0,24551,M,4541800.0,92100.0,24
201100004385,11,8,28,2045,2,2,1,1.0,6.0,24218,M,4551000.0,112500.0,24
201100004386,11,9,11,630,3,1,1,1.0,6.0,24158,M,4539900.0,106700.0,24
201100004387,11,10,6,2115,5,1,8,8.0,1.0,24095,M,4550900.0,95200.0,24
201100004388,11,10,30,1615,1,1,1,1.0,1.0,24551,M,4541700.0,91000.0,24
201100004389,11,11,13,1515,1,1,1,1.0,1.0,24269,M,4555000.0,92200.0,24
201100004390,11,11,14,1600,1,1,1,1.0,5.0,24551,M,4543100.0,93100.0,24
201100004391,11,12,13,1845,3,1,1,2.0,6.0,24218,M,4548900.0,112400.0,24
201100004392,11,2,14,1430,1,1,1,2.0,2.0,24352,M,4524500.0,33300.0,24
201100004393,11,2,6,1600,1,1,1,1.0,7.0,24062,M,4535600.0,30100.0,24
201100004394,11,2,26,1745,1,1,1,1.0,3.0,24038,M,4531400.0,36500.0,24
201100004395,11,3,7,1730,1,1,1,1.0,2.0,24573,M,4537000.0,37500.0,24
201100004396,11,4,23,1800,1,1,1,8.0,6.0,24564,M,4527300.0,29100.0,24
201100004397,11,7,29,1215,1,1,1,1.0,1.0,24058,M,4527000.0,25800.0,24
201100004398,11,8,6,730,2,1,1,1.0,6.0,24482,M,4531700.0,27000.0,24
201100004399,11,9,19,1745,1,1,1,8.0,6.0,24371,M,4520200.0,52600.0,24
201100004400,11,11,8,830,1,1,1,1.0,6.0,24553,M,0.0,0.0,24
201100004401,11,11,25,645,2,1,1,5.0,3.0,24586,M,0.0,0.0,24
201100004402,11,12,22,830,2,1,1,2.0,3.0,24038,M,0.0,0.0,24
201100004403,11,4,8,1615,1,1,1,1.0,3.0,24157,M,4511100.0,65700.0,24
201100004404,11,4,17,2030,1,2,1,1.0,2.0,24309,M,4508900.0,46900.0,24
201100004405,11,4,19,1645,1,1,1,1.0,6.0,24294,M,4503000.0,13100.0,24
201100004406,11,6,26,945,1,1,1,1.0,6.0,24399,M,4545900.0,357800.0,24
201100004407,11,9,8,1630,1,1,1,2.0,1.0,24543,M,4503700.0,37400.0,24
201100004408,11,9,13,1545,1,1,1,1.0,3.0,24444,M,4505500.0,37600.0,24
201100004409,11,9,18,1930,1,1,1,1.0,6.0,24264,M,4500200.0,200.0,24