Num_Acc,an,mois,jour,hrmn,lum,agg,int,atm,col,com,gps,lat,long,dep
201100004410,11,10,26,715,5,2,1,1.0,6.0,24309,M,0.0,0.0,24
201100004411,11,11,19,1030,1,2,1,1.0,6.0,24299,M,0.0,0.0,24
201100004412,11,5,15,600,1,1,1,1.0,6.0,24354,M,4514500.0,-100.0,24
201100004413,11,6,12,2100,1,1,1,1.0,6.0,24354,M,4515900.0,5200.0,24
201100004414,11,8,12,845,1,2,1,1.0,6.0,24354,M,0.0,0.0,24
201100004415,11,10,20,445,3,1,1,1.0,6.0,24118,M,4522700.0,10200.0,24
201100004416,11,11,26,945,1,1,1,5.0,1.0,24159,M,0.0,0.0,24
201100004417,11,12,10,1400,1,1,1,1.0,1.0,24354,M,4513700.0,-400.0,24
201100004418,11,12,28,1515,1,1,2,1.0,5.0,24490,M,0.0,0.0,24
201100004419,11,2,10,845,1,1,1,1.0,5.0,24252,M,0.0,0.0,24
201100004420,11,3,11,1715,1,1,1,1.0,6.0,24074,M,0.0,0.0,24
201100004421,11,5,14,1130,1,1,1,2.0,1.0,24520,M,0.0,0.0,24
201100004422,11,5,14,1515,1,2,1,1.0,3.0,24520,M,0.0,0.0,24
201100004423,11,5,18,1830,1,1,1,1.0,7.0,24074,M,0.0,0.0,24
201100004424,11,5,28,1930,1,1,1,1.0,3.0,24587,M,0.0,0.0,24
201100004425,11,5,31,1730,1,2,1,1.0,1.0,24587,M,4483100.0,122300.0,24
201100004426,11,6,12,1,3,1,1,1.0,6.0,24520,M,0.0,0.0,24
201100004427,11,7,10,1030,1,1,1,8.0,5.0,24366,M,0.0,0.0,24
201100004428,11,7,17,600,2,1,1,2.0,6.0,24082,M,0.0,0.0,24
201100004429,11,8,9,1000,1,1,1,1.0,5.0,24520,M,0.0,0.0,24
201100004430,11,8,13,1215,1,1,1,1.0,4.0,24040,M,0.0,0.0,24
201100004431,11,8,14,2030,1,1,1,1.0,7.0,24432,M,0.0,0.0,24
201100004432,11,9,18,1445,1,1,1,1.0,1.0,24366,M,4491200.0,114100.0,24
201100004433,11,10,15,1945,3,1,1,1.0,7.0,24317,M,0.0,0.0,24
201100004434,11,11,3,1800,5,2,1,3.0,6.0,24520,M,4489500.0,121500.0,24
201100004435,11,11,19,2100,5,1,3,1.0,3.0,24081,M,0.0,0.0,24
201100004436,11,12,4,1045,1,1,1,2.0,1.0,24082,M,4487200.0,127400.0,24
201100004437,11,12,17,1700,2,1,1,1.0,3.0,24317,M,4502100.0,134100.0,24
201100004438,11,12,26,2115,3,1,1,1.0,6.0,24392,M,0.0,0.0,24
201100004439,11,3,18,1245,1,1,1,1.0,6.0,24538,M,4482200.0,99300.0,24
201100004440,11,4,20,1645,1,1,1,1.0,5.0,24091,M,0.0,0.0,24
201100004441,11,5,10,1500,1,1,1,1.0,1.0,24263,M,0.0,0.0,24
201100004442,11,7,29,900,1,2,1,1.0,6.0,24075,M,0.0,0.0,24
201100004443,11,8,17,1700,1,2,1,1.0,6.0,24585,M,0.0,0.0,24
201100004444,11,9,6,1630,1,2,1,1.0,1.0,24091,M,4480400.0,120400.0,24
201100004445,11,10,28,2130,3,1,1,2.0,6.0,24091,M,4479300.0,120600.0,24
201100004446,11,11,24,1230,1,1,1,1.0,1.0,24337,M,4414600.0,114400.0,24
201100004447,11,12,15,1000,1,1,1,3.0,6.0,24035,M,4481100.0,100200.0,24
201100004448,11,1,6,830,1,2,1,2.0,3.0,24067,M,4490100.0,93300.0,24
201100004449,11,4,9,1745,1,1,1,1.0,6.0,24396,M,4447100.0,106600.0,24
201100004450,11,4,27,645,2,1,2,1.0,1.0,24268,M,4449000.0,108200.0,24
201100004451,11,5,7,300,3,1,1,1.0,6.0,24067,M,4494500.0,93300.0,24
201100004452,11,5,18,1800,1,1,1,1.0,3.0,24087,M,4486400.0,106500.0,24
201100004453,11,5,28,1115,1,1,1,1.0,6.0,24326,M,4465400.0,111200.0,24
201100004454,11,7,4,1615,1,1,1,1.0,3.0,24172,M,4493300.0,196700.0,24
201100004455,11,7,26,945,1,1,1,2.0,7.0,24356,M,4505700.0,101000.0,24
201100004456,11,7,31,1615,1,1,9,1.0,3.0,24443,M,4500400.0,107000.0,24
201100004457,11,8,4,1015,1,2,9,1.0,6.0,24396,M,0.0,0.0,24
201100004458,11,8,15,1945,1,1,1,1.0,1.0,24087,M,4408900.0,188400.0,24
201100004459,11,8,28,1300,1,2,1,1.0,6.0,24067,M,4492000.0,92000.0,24
201100004460,11,8,30,1900,1,1,1,1.0,3.0,24067,M,4493600.0,90400.0,24
201100004461,11,10,2,1630,1,2,1,1.0,7.0,24172,M,4493600.0,102200.0,24
201100004462,11,12,28,1815,3,1,9,1.0,1.0,24067,M,4491200.0,92500.0,24
201100004463,11,1,17,1115,1,2,1,1.0,3.0,24130,M,4519600.0,138900.0,24
201100004464,11,1,30,645,3,1,1,2.0,7.0,24547,M,4523200.0,144400.0,24
201100004465,11,1,30,1945,5,1,3,1.0,3.0,24547,M,4531600.0,152000.0,24
201100004466,11,4,17,1845,1,2,1,1.0,7.0,24229,M,0.0,0.0,24
201100004467,11,6,11,545,2,2,1,1.0,6.0,24547,M,0.0,0.0,24
201100004468,11,6,18,1400,1,1,1,1.0,4.0,24020,M,4525500.0,125400.0,24
201100004469,11,9,15,500,3,1,1,1.0,2.0,24547,M,4521700.0,143100.0,24
201100004470,11,9,17,1400,3,1,1,1.0,6.0,24321,M,0.0,0.0,24
201100004471,11,10,1,800,1,1,1,1.0,3.0,24117,M,4501600.0,164800.0,24
201100004472,11,11,9,1530,1,2,1,1.0,1.0,24547,M,4512000.0,134000.0,24
201100004473,11,11,30,730,5,2,1,1.0,1.0,24547,M,0.0,0.0,24
201100004474,11,12,17,1830,5,2,9,2.0,6.0,24547,M,0.0,0.0,24
201100004475,11,12,27,1530,1,1,9,1.0,5.0,24020,M,4514800.0,117000.0,24
201100004476,11,2,18,1645,1,1,1,1.0,7.0,40250,M,0.0,0.0,40
201100004477,11,4,19,1015,1,1,6,1.0,7.0,40014,M,0.0,0.0,40
201100004478,11,5,2,1115,1,1,1,1.0,2.0,40234,M,0.0,0.0,40
201100004479,11,5,5,630,1,1,1,1.0,7.0,40164,M,0.0,0.0,40
201100004480,11,5,22,400,3,1,1,1.0,7.0,40058,M,0.0,0.0,40
201100004481,11,7,24,345,3,1,1,2.0,7.0,40081,M,0.0,0.0,40
201100004482,11,7,30,2300,3,1,1,1.0,7.0,40288,M,0.0,0.0,40
201100004483,11,8,21,2200,3,1,1,1.0,7.0,40053,M,0.0,0.0,40
201100004484,11,10,3,1830,1,1,1,1.0,5.0,40250,M,0.0,0.0,40
201100004485,11,10,5,945,1,2,1,1.0,1.0,40058,M,0.0,0.0,40
201100004486,11,10,23,1515,1,1,1,1.0,7.0,40050,M,0.0,0.0,40
201100004487,11,12,20,1200,1,1,1,8.0,1.0,40234,M,0.0,0.0,40
201100004488,11,1,2,1900,3,1,1,1.0,2.0,40066,M,0.0,0.0,40
201100004489,11,2,15,920,1,1,1,1.0,3.0,40309,M,0.0,0.0,40
201100004490,11,3,28,1040,1,1,1,3.0,7.0,40309,M,0.0,0.0,40
201100004491,11,4,17,2030,3,1,1,1.0,7.0,40243,M,0.0,0.0,40
201100004492,11,4,20,930,1,1,6,1.0,7.0,40031,M,0.0,0.0,40
201100004493,11,4,28,2215,3,1,1,1.0,7.0,40066,M,0.0,0.0,40
201100004494,11,5,6,755,1,1,1,1.0,2.0,40067,M,0.0,0.0,40
201100004495,11,7,10,330,3,2,1,2.0,7.0,40313,M,0.0,0.0,40
201100004496,11,7,24,1100,1,1,1,2.0,1.0,40230,M,0.0,0.0,40
201100004497,11,8,1,2015,1,2,1,1.0,1.0,40031,M,0.0,0.0,40
201100004498,11,8,2,1345,1,1,1,1.0,1.0,40142,M,0.0,0.0,40
201100004499,11,8,10,825,1,1,1,1.0,1.0,40031,M,0.0,0.0,40
201100004500,11,10,9,1215,1,1,1,1.0,7.0,40324,M,0.0,0.0,40
201100004501,11,11,24,1800,3,1,1,5.0,1.0,40115,M,0.0,0.0,40
201100004502,11,1,15,1910,5,1,6,1.0,7.0,40283,M,0.0,0.0,40
201100004503,11,2,6,2101,3,1,1,1.0,2.0,40283,M,,,40
201100004504,11,2,28,1305,1,1,1,1.0,1.0,40123,M,,,40
201100004505,11,3,13,2010,3,1,1,1.0,6.0,40179,M,0.0,0.0,40
201100004506,11,4,5,1200,1,1,1,1.0,7.0,40003,M,0.0,0.0,40
201100004507,11,7,5,1915,1,2,1,1.0,3.0,40202,M,0.0,0.0,40
201100004508,11,7,13,700,2,1,1,2.0,1.0,40314,M,0.0,0.0,40
201100004509,11,7,12,915,1,2,1,1.0,1.0,40202,M,0.0,0.0,40
201100004510,11,10,8,1345,1,2,1,1.0,3.0,40207,M,0.0,0.0,40
201100004511,11,11,13,1315,1,1,1,1.0,3.0,40123,M,0.0,0.0,40
201100004512,11,11,18,700,4,2,1,1.0,1.0,40294,M,0.0,0.0,40
201100004513,11,11,19,1930,3,1,1,1.0,7.0,40244,M,0.0,0.0,40
201100004514,11,6,15,745,1,1,3,1.0,3.0,40266,M,0.0,0.0,40
201100004515,11,6,19,1655,1,2,3,1.0,2.0,40075,M,0.0,0.0,40
201100004516,11,7,4,1830,1,1,1,1.0,2.0,40311,M,0.0,0.0,40
201100004517,11,8,12,1500,1,1,1,1.0,5.0,40150,M,0.0,0.0,40
201100004518,11,10,19,730,2,1,1,3.0,6.0,40075,M,0.0,0.0,40
201100004519,11,10,25,1125,1,1,2,2.0,3.0,40150,M,0.0,0.0,40
201100004520,11,11,14,1800,5,2,3,1.0,3.0,40322,M,0.0,0.0,40
201100004521,11,3,15,740,1,1,1,1.0,1.0,40308,M,0.0,0.0,40
201100004522,11,3,21,1815,1,1,1,1.0,1.0,40023,M,0.0,0.0,40
201100004523,11,5,11,2330,3,1,1,1.0,2.0,40126,M,0.0,0.0,40
201100004524,11,6,17,1530,1,1,1,1.0,1.0,40194,M,0.0,0.0,40
201100004525,11,8,12,1430,1,1,1,1.0,2.0,40069,M,0.0,0.0,40
201100004526,11,9,14,645,3,1,1,1.0,1.0,40160,M,0.0,0.0,40
201100004527,11,9,15,1040,1,1,1,1.0,1.0,40002,M,0.0,0.0,40
201100004528,11,10,30,1030,1,1,1,1.0,7.0,40089,M,0.0,0.0,40
201100004529,11,11,4,1615,1,1,1,1.0,7.0,40104,M,0.0,0.0,40
201100004530,11,11,17,1830,2,1,2,1.0,3.0,40260,M,0.0,0.0,40
201100004531,11,11,20,600,3,1,1,1.0,7.0,40109,M,0.0,0.0,40
201100004532,11,12,21,1730,1,1,3,2.0,3.0,40069,M,0.0,0.0,40
201100004533,11,2,5,1410,1,1,1,1.0,1.0,40186,M,0.0,0.0,40
201100004534,11,2,13,1515,1,1,1,1.0,3.0,40233,M,0.0,0.0,40
201100004535,11,2,14,600,3,2,1,3.0,7.0,40077,M,0.0,0.0,40
201100004536,11,2,17,2320,3,2,1,1.0,7.0,40212,M,0.0,0.0,40
201100004537,11,4,5,1830,1,2,3,7.0,3.0,40077,M,0.0,0.0,40
201100004538,11,4,21,1700,1,1,1,1.0,1.0,40233,M,0.0,0.0,40
201100004539,11,6,2,700,2,1,1,1.0,7.0,40183,M,0.0,0.0,40
201100004540,11,6,27,1700,1,1,1,1.0,3.0,40183,M,,,40
201100004541,11,7,18,1510,1,1,3,1.0,3.0,40269,M,0.0,0.0,40
201100004542,11,7,23,1845,1,1,1,1.0,5.0,40269,M,0.0,0.0,40
201100004543,11,8,1,1900,1,1,1,1.0,1.0,40132,M,0.0,0.0,40
201100004544,11,8,19,1920,1,1,2,1.0,3.0,40222,M,0.0,0.0,40
201100004545,11,8,22,2040,1,1,1,1.0,7.0,40233,M,0.0,0.0,40
201100004546,11,9,3,915,1,1,1,2.0,7.0,40269,M,0.0,0.0,40
201100004547,11,9,19,1815,1,1,1,1.0,1.0,40269,M,0.0,0.0,40
201100004548,11,9,26,800,2,2,1,2.0,1.0,40212,M,0.0,0.0,40
201100004549,11,10,28,750,2,1,1,2.0,7.0,40233,M,0.0,0.0,40
201100004550,11,10,28,1210,1,1,3,3.0,3.0,40222,M,0.0,0.0,40
201100004551,11,12,5,1210,1,1,1,2.0,7.0,40269,M,0.0,0.0,40
201100004552,11,12,22,2050,3,1,1,8.0,7.0,40214,M,0.0,0.0,40
201100004553,11,12,23,515,3,1,1,5.0,7.0,40306,M,0.0,0.0,40
201100004554,11,12,27,1045,1,1,1,1.0,3.0,40316,M,0.0,0.0,40
201100004555,11,4,24,1900,1,2,1,1.0,1.0,40285,M,,,40
201100004556,11,1,13,1745,2,2,1,8.0,1.0,40284,M,0.0,0.0,40
201100004557,11,1,29,1810,2,2,2,8.0,3.0,40036,M,0.0,0.0,40
201100004558,11,2,12,1045,1,2,2,3.0,5.0,40065,M,0.0,0.0,40
201100004559,11,5,8,1820,1,1,1,1.0,3.0,40261,M,0.0,0.0,40
201100004560,11,6,16,1420,1,1,1,1.0,1.0,40036,M,0.0,0.0,40
201100004561,11,7,9,1745,1,1,1,1.0,1.0,40284,M,0.0,0.0,40
201100004562,11,8,2,1300,1,1,1,1.0,1.0,40261,M,0.0,0.0,40
201100004563,11,8,17,1025,1,2,1,1.0,6.0,40284,M,0.0,0.0,40
201100004564,11,8,31,1920,1,2,9,1.0,3.0,40133,M,0.0,0.0,40
201100004565,11,9,15,1430,1,1,1,1.0,3.0,40133,M,0.0,0.0,40
201100004566,11,10,8,815,2,2,6,8.0,3.0,40065,M,0.0,0.0,40
201100004567,11,10,14,900,1,1,3,5.0,3.0,40261,M,0.0,0.0,40
201100004568,11,11,10,1830,5,2,3,1.0,1.0,40133,M,0.0,0.0,40
201100004569,11,11,22,725,3,2,1,1.0,6.0,40284,M,0.0,0.0,40
201100004570,11,11,26,1830,2,2,3,1.0,3.0,40065,M,0.0,0.0,40
201100004571,11,2,21,1115,1,2,1,2.0,7.0,40304,M,0.0,0.0,40
201100004572,11,4,7,1645,1,1,1,1.0,2.0,40310,M,0.0,0.0,40
201100004573,11,4,30,1615,1,1,1,1.0,7.0,40296,M,0.0,0.0,40
201100004574,11,6,14,1720,1,2,1,1.0,1.0,40168,M,0.0,0.0,40
201100004575,11,7,14,550,2,2,1,1.0,7.0,40304,M,0.0,0.0,40
201100004576,11,7,25,1730,1,1,2,3.0,3.0,40310,M,,,40
201100004577,11,8,7,1120,1,1,1,1.0,5.0,40181,M,0.0,0.0,40
201100004578,11,8,22,1420,1,1,1,1.0,7.0,40310,M,0.0,0.0,40
201100004579,11,9,9,610,3,1,1,2.0,7.0,40310,M,0.0,0.0,40
201100004580,11,1,13,1650,1,1,1,1.0,7.0,40271,M,0.0,0.0,40
201100004581,11,1,29,1400,1,1,1,1.0,7.0,40273,M,0.0,0.0,40
201100004582,11,2,21,1630,1,1,1,3.0,7.0,40271,M,0.0,0.0,40
201100004583,11,4,22,2015,1,1,1,1.0,1.0,40312,M,0.0,0.0,40
201100004584,11,6,8,1700,1,2,1,1.0,4.0,40312,M,0.0,0.0,40
201100004585,11,6,23,700,1,1,1,1.0,7.0,40273,M,0.0,0.0,40
201100004586,11,7,16,1200,1,1,1,1.0,2.0,40209,M,0.0,0.0,40
201100004587,11,7,29,30,5,2,1,1.0,7.0,40312,M,0.0,0.0,40
201100004588,11,8,25,1010,1,2,1,1.0,2.0,40312,M,0.0,0.0,40
201100004589,11,8,29,1645,1,2,1,1.0,7.0,40312,M,0.0,0.0,40
201100004590,11,9,6,1000,1,2,1,1.0,6.0,40312,M,0.0,0.0,40
201100004591,11,9,7,1800,1,2,1,1.0,2.0,40312,M,0.0,0.0,40
201100004592,11,9,9,205,3,1,1,1.0,2.0,40209,M,0.0,0.0,40
201100004593,11,11,9,1555,1,2,1,1.0,6.0,40312,M,0.0,0.0,40
201100004594,11,11,16,1820,3,2,3,1.0,3.0,40312,M,0.0,0.0,40
201100004595,11,11,30,910,1,2,1,1.0,6.0,40312,M,0.0,0.0,40
201100004596,11,3,19,2130,3,1,1,1.0,7.0,40287,M,0.0,0.0,40
201100004597,11,4,6,900,1,2,2,1.0,3.0,40046,M,0.0,0.0,40
201100004598,11,6,2,115,3,1,1,1.0,7.0,40217,M,0.0,0.0,40
201100004599,11,6,8,1615,1,2,1,1.0,1.0,40287,M,0.0,0.0,40
201100004600,11,7,11,1950,1,1,1,1.0,2.0,40046,M,0.0,0.0,40
201100004601,11,8,5,1500,1,1,1,8.0,1.0,40217,M,0.0,0.0,40
201100004602,11,1,11,750,3,1,1,3.0,3.0,40210,M,0.0,0.0,40
201100004603,11,1,11,1900,2,1,1,1.0,6.0,40152,M,0.0,0.0,40
201100004604,11,2,25,1745,1,1,1,1.0,7.0,40094,M,0.0,0.0,40
201100004605,11,4,15,1415,1,1,1,1.0,3.0,40094,M,0.0,0.0,40
201100004606,11,6,16,1530,1,2,3,1.0,1.0,40197,M,0.0,0.0,40
201100004607,11,7,3,2100,3,1,1,1.0,7.0,40152,M,0.0,0.0,40
201100004608,11,1,26,1630,1,1,1,8.0,7.0,40085,M,0.0,0.0,40
201100004609,11,1,31,835,1,1,1,1.0,3.0,40295,M,0.0,0.0,40
201100004610,11,3,30,1545,1,1,1,1.0,7.0,40246,M,0.0,0.0,40
201100004611,11,4,18,1705,1,1,1,1.0,7.0,40165,M,0.0,0.0,40
201100004612,11,11,9,740,2,1,1,1.0,7.0,40307,M,0.0,0.0,40
201100004613,11,3,10,1445,1,2,3,1.0,6.0,40184,M,0.0,0.0,40
201100004614,11,2,23,820,1,1,1,8.0,7.0,40196,M,0.0,0.0,40
201100004615,11,3,8,910,1,1,1,1.0,1.0,40282,M,0.0,0.0,40
201100004616,11,4,8,1345,1,1,1,1.0,1.0,40119,M,0.0,0.0,40
201100004617,11,4,14,1145,1,1,1,1.0,3.0,40252,M,0.0,0.0,40
201100004618,11,5,10,1300,1,1,1,1.0,1.0,40188,M,0.0,0.0,40
201100004619,11,6,5,1830,1,1,1,1.0,7.0,40282,M,0.0,0.0,40
201100004620,11,7,2,1615,1,1,1,1.0,2.0,40061,M,0.0,0.0,40
201100004621,11,7,15,1630,1,1,1,1.0,7.0,40282,M,0.0,0.0,40
201100004622,11,7,25,1100,1,1,1,2.0,1.0,40086,M,0.0,0.0,40
201100004623,11,7,26,900,1,1,1,2.0,7.0,40016,M,0.0,0.0,40
201100004624,11,7,31,1945,1,2,1,1.0,2.0,40119,M,0.0,0.0,40
201100004625,11,8,20,110,3,1,1,1.0,7.0,40061,M,0.0,0.0,40
201100004626,11,9,15,825,1,2,1,1.0,6.0,40252,M,0.0,0.0,40
201100004627,11,9,16,1300,1,1,1,1.0,2.0,40061,M,0.0,0.0,40
201100004628,11,10,10,1845,1,2,1,1.0,2.0,40119,M,0.0,0.0,40
201100004629,11,10,11,2005,5,2,1,1.0,1.0,40138,M,0.0,0.0,40
201100004630,11,10,23,1845,1,2,3,1.0,3.0,40188,M,0.0,0.0,40
201100004631,11,12,8,1050,1,1,1,1.0,7.0,40017,M,0.0,0.0,40
201100004632,11,12,11,630,5,1,1,1.0,7.0,40282,M,0.0,0.0,40
201100004633,11,1,26,1050,1,1,1,1.0,1.0,40001,M,0.0,0.0,40
201100004634,11,1,29,740,4,2,1,2.0,6.0,40110,M,0.0,0.0,40
201100004635,11,2,5,1620,1,1,1,1.0,7.0,40080,M,0.0,0.0,40
201100004636,11,2,9,1910,5,2,1,1.0,3.0,40001,M,0.0,0.0,40
201100004637,11,2,22,1750,1,1,1,3.0,7.0,40005,M,0.0,0.0,40
201100004638,11,2,28,1130,1,1,1,8.0,7.0,40174,M,0.0,0.0,40
201100004639,11,2,24,1600,1,2,1,1.0,6.0,40001,M,0.0,0.0,40
201100004640,11,4,14,920,1,1,1,1.0,7.0,40117,M,0.0,0.0,40
201100004641,11,6,10,2230,3,1,1,1.0,7.0,40001,M,0.0,0.0,40
201100004642,11,8,2,1040,1,1,1,1.0,3.0,40185,M,0.0,0.0,40
201100004643,11,8,2,1900,1,2,1,3.0,7.0,40001,M,0.0,0.0,40
201100004644,11,8,30,740,1,1,1,1.0,7.0,40145,M,0.0,0.0,40
201100004645,11,10,9,725,2,1,1,8.0,7.0,40145,M,0.0,0.0,40
201100004646,11,10,20,1630,1,1,2,1.0,3.0,40091,M,0.0,0.0,40
201100004647,11,12,10,350,5,2,3,1.0,3.0,40001,M,0.0,0.0,40
201100004648,11,1,14,1715,1,1,2,1.0,3.0,40259,M,0.0,0.0,40
201100004649,11,1,16,1730,1,1,1,1.0,1.0,40259,M,0.0,0.0,40
201100004650,11,3,28,1530,1,1,1,1.0,7.0,40093,M,0.0,0.0,40
201100004651,11,5,18,1835,1,1,1,1.0,7.0,40331,M,0.0,0.0,40
201100004652,11,5,20,1815,1,1,1,1.0,1.0,40178,M,0.0,0.0,40
201100004653,11,8,4,1845,1,1,1,1.0,1.0,40259,M,0.0,0.0,40
201100004654,11,9,19,255,3,1,1,8.0,1.0,40259,M,0.0,0.0,40
201100004655,11,10,7,2315,3,1,1,8.0,7.0,40267,M,0.0,0.0,40
201100004656,11,11,12,1230,1,1,1,1.0,7.0,40255,M,0.0,0.0,40
201100004657,11,12,3,2055,3,1,1,1.0,7.0,40158,M,0.0,0.0,40
201100004658,11,1,3,1345,1,1,1,1.0,6.0,47238,M,4421300.0,51600.0,47
201100004659,11,1,24,1300,1,1,1,1.0,6.0,47209,M,4421930.0,64989.0,47
201100004660,11,2,6,1100,1,2,1,5.0,7.0,47145,M,4413270.0,66217.0,47
201100004661,11,2,9,815,1,1,1,1.0,1.0,47145,M,4414020.0,63883.0,47
201100004662,11,2,11,1845,3,1,1,1.0,5.0,47137,M,4415220.0,52610.0,47
201100004663,11,3,16,830,1,2,1,1.0,1.0,47209,M,4422100.0,66282.0,47
201100004664,11,4,12,915,1,1,3,1.0,3.0,47091,M,4418230.0,57291.0,47
201100004665,11,4,12,1645,1,2,1,1.0,3.0,47091,M,4418540.0,58053.0,47
201100004666,11,4,13,715,2,1,1,1.0,3.0,47019,M,4425720.0,72730.0,47
201100004667,11,4,17,1830,1,1,4,1.0,3.0,47100,M,4425400.0,64900.0,47
201100004668,11,5,1,130,3,1,1,1.0,6.0,47015,M,4403630.0,67072.0,47
201100004669,11,6,18,1930,1,1,1,1.0,6.0,47279,M,4412430.0,78438.0,47
201100004670,11,7,10,2015,1,1,9,1.0,5.0,47238,M,4420620.0,52429.0,47
201100004671,11,7,11,1600,1,1,1,1.0,1.0,47246,M,4423770.0,49862.0,47
201100004672,11,8,6,1745,1,1,9,1.0,3.0,47069,M,4424670.0,56248.0,47
201100004673,11,8,17,1945,1,2,1,7.0,1.0,47069,M,4422580.0,56013.0,47
201100004674,11,8,19,2000,1,1,4,1.0,3.0,47100,M,4425070.0,65104.0,47
201100004675,11,8,21,1915,1,1,1,1.0,7.0,47145,M,4411260.0,66444.0,47
201100004676,11,9,6,845,1,1,1,1.0,3.0,47100,M,4425460.0,63947.0,47
201100004677,11,9,12,1715,1,1,1,1.0,1.0,47100,M,4425060.0,65100.0,47
201100004678,11,9,16,2315,3,1,3,1.0,3.0,47225,M,4418230.0,57291.0,47
201100004679,11,9,18,2300,3,1,1,1.0,1.0,47145,M,4414680.0,65942.0,47
201100004680,11,9,29,100,3,1,1,1.0,6.0,47145,M,0.0,0.0,47
201100004681,11,10,4,815,1,1,1,1.0,2.0,47069,M,0.0,0.0,47
201100004682,11,10,6,1145,1,1,1,1.0,1.0,47209,M,4421820.0,69250.0,47
201100004683,11,12,10,1115,1,2,1,1.0,7.0,47137,M,4411600.0,52600.0,47
201100004684,11,12,13,1945,3,1,2,2.0,3.0,47040,M,4419910.0,55552.0,47
201100004685,11,12,23,1530,1,1,1,1.0,3.0,47019,M,4424050.0,70306.0,47
201100004686,11,1,11,1400,1,1,1,3.0,7.0,47140,M,4427790.0,63341.0,47
201100004687,11,1,28,730,1,1,1,1.0,1.0,47210,M,0.0,0.0,47
201100004688,11,2,15,715,1,1,1,1.0,1.0,47004,M,4431200.0,34265.0,47
201100004689,11,3,1,1400,1,1,2,1.0,3.0,47104,M,4426620.0,47564.0,47
201100004690,11,3,25,1315,1,1,1,1.0,7.0,47155,M,4427530.0,61226.0,47
201100004691,11,4,20,1730,1,1,6,1.0,1.0,47210,M,4424930.0,39407.0,47
201100004692,11,7,1,1700,1,2,1,1.0,6.0,47140,M,4430720.0,60386.0,47
201100004693,11,8,4,1030,1,1,2,1.0,3.0,47213,M,4429570.0,48756.0,47
201100004694,11,9,4,1015,1,1,1,1.0,1.0,47125,M,4433000.0,45255.0,47
201100004695,11,10,4,800,1,1,1,1.0,1.0,47004,M,4431570.0,36381.0,47
201100004696,11,1,14,1830,3,2,1,1.0,3.0,47051,M,4417290.0,69652.0,47
201100004697,11,3,6,830,1,1,1,1.0,7.0,47269,M,4416920.0,72542.0,47
201100004698,11,5,28,145,3,1,1,1.0,6.0,47051,M,4418010.0,73693.0,47
201100004699,11,5,30,630,2,1,1,1.0,1.0,47030,M,4429020.0,83266.0,47
201100004700,11,8,28,1430,1,1,1,1.0,7.0,47305,M,4419660.0,84034.0,47
201100004701,11,3,6,45,5,2,1,1.0,6.0,47157,M,4450280.0,15508.0,47
201100004702,11,5,7,1930,1,1,2,1.0,3.0,47157,M,4451370.0,19295.0,47
201100004703,11,5,19,1315,1,1,1,1.0,6.0,47157,M,4450860.0,19757.0,47
201100004704,11,6,14,315,5,2,3,1.0,6.0,47094,M,4443860.0,25073.0,47
201100004705,11,6,22,1200,1,2,3,9.0,3.0,47157,M,4450710.0,16729.0,47
201100004706,11,6,24,1030,1,2,3,1.0,6.0,47157,M,4450250.0,17177.0,47
201100004707,11,6,29,845,1,2,2,1.0,2.0,47157,M,4450000.0,17956.0,47
201100004708,11,10,15,2230,5,2,1,1.0,6.0,47157,M,4450380.0,16416.0,47
201100004709,11,10,21,1700,1,1,1,1.0,2.0,47157,M,4451200.0,20200.0,47
201100004710,11,11,5,1030,1,2,1,2.0,2.0,47157,M,4450260.0,17432.0,47
201100004711,11,11,5,1600,1,1,1,8.0,1.0,47157,M,0.0,0.0,47
201100004712,11,11,19,1245,1,2,1,1.0,7.0,47157,M,4450700.0,16600.0,47
201100004713,11,1,3,1300,1,1,1,1.0,6.0,47147,M,4461690.0,19318.0,47
201100004714,11,3,14,1545,1,1,1,1.0,2.0,47301,M,4454210.0,29943.0,47
201100004715,11,5,16,1700,1,1,1,1.0,2.0,47301,M,4456600.0,27449.0,47
201100004716,11,7,3,1430,1,1,1,1.0,7.0,47003,M,4465160.0,36112.0,47
201100004717,11,7,8,1915,1,2,1,1.0,1.0,47264,M,4460870.0,35875.0,47
201100004718,11,8,10,2200,3,1,2,1.0,3.0,47199,M,4464390.0,25779.0,47
201100004719,11,8,15,2315,3,1,1,1.0,6.0,47005,M,4462940.0,27113.0,47
201100004720,11,11,5,1845,2,1,1,2.0,7.0,47294,M,0.0,0.0,47
201100004721,11,1,18,1815,5,2,1,1.0,3.0,47068,M,0.0,0.0,47
201100004722,11,1,22,1615,1,1,1,1.0,7.0,47131,M,4455780.0,11786.0,47
201100004723,11,3,2,2130,3,1,1,1.0,6.0,47059,M,4460190.0,18489.0,47
201100004724,11,3,6,1100,1,1,1,1.0,3.0,47233,M,4453500.0,13000.0,47
201100004725,11,3,28,200,3,1,1,1.0,7.0,47121,M,4434420.0,10740.0,47
201100004726,11,5,8,1045,1,1,1,1.0,6.0,47165,M,4450720.0,5229.0,47
201100004727,11,5,24,900,1,2,2,1.0,6.0,47233,M,0.0,0.0,47
201100004728,11,6,21,1315,1,1,1,1.0,6.0,47108,M,4447850.0,10366.0,47
201100004729,11,7,30,1645,1,1,1,1.0,5.0,47114,M,4438000.0,10476.0,47
201100004730,11,8,20,1600,1,2,2,1.0,3.0,47233,M,4453140.0,9126.0,47
201100004731,11,10,20,1815,3,1,1,1.0,1.0,47191,M,4447510.0,12088.0,47
201100004732,11,11,30,1745,2,1,1,1.0,1.0,47233,M,4452860.0,9750.0,47
201100004733,11,1,19,1815,2,1,1,1.0,3.0,47310,M,0.0,0.0,47
201100004734,11,3,28,100,3,1,1,2.0,1.0,47127,M,4436320.0,45331.0,47
201100004735,11,4,21,1715,1,1,1,1.0,6.0,47310,M,4436410.0,31936.0,47
201100004736,11,5,9,2300,3,1,1,1.0,6.0,47310,M,0.0,0.0,47
201100004737,11,5,6,930,1,2,1,1.0,6.0,47310,M,4438900.0,30792.0,47