Num_Acc,an,mois,jour,hrmn,lum,agg,int,atm,col,com,gps,lat,long,dep
201100004738,11,5,28,1845,1,2,1,1.0,6.0,47127,M,4435230.0,42990.0,47
201100004739,11,6,18,1245,1,2,2,1.0,3.0,47110,M,4445740.0,29475.0,47
201100004740,11,7,7,1400,1,1,1,1.0,6.0,47310,M,4436210.0,31948.0,47
201100004741,11,7,19,1130,1,2,7,2.0,3.0,47054,M,4439720.0,49488.0,47
201100004742,11,8,25,1745,1,1,1,1.0,2.0,47127,M,4436100.0,40300.0,47
201100004743,11,9,4,1515,1,1,3,2.0,3.0,47065,M,4436640.0,36364.0,47
201100004744,11,9,9,700,2,1,1,5.0,6.0,47095,M,0.0,0.0,47
201100004745,11,9,25,1300,1,1,1,1.0,6.0,47196,M,0.0,0.0,47
201100004746,11,10,29,1930,3,1,1,1.0,1.0,47118,M,0.0,0.0,47
201100004747,11,11,6,1200,1,2,2,2.0,3.0,47310,M,4439000.0,30995.0,47
201100004748,11,11,26,1145,1,2,1,1.0,7.0,47310,M,4439060.0,30840.0,47
201100004749,11,11,27,245,5,1,1,2.0,6.0,47310,M,0.0,0.0,47
201100004750,11,12,10,400,3,1,1,1.0,6.0,47054,M,4440390.0,50582.0,47
201100004751,11,12,18,1830,5,1,3,1.0,5.0,47095,M,4442410.0,28767.0,47
201100004752,11,12,21,830,3,1,1,2.0,1.0,47127,M,4435600.0,40879.0,47
201100004753,11,7,23,1930,1,2,1,1.0,3.0,47052,M,4431480.0,9288.0,47
201100004754,11,8,18,1500,1,1,1,8.0,3.0,47119,M,4420350.0,3680.0,47
201100004755,11,8,18,1200,1,1,1,1.0,7.0,47214,M,4431690.0,23734.0,47
201100004756,11,8,24,315,3,2,1,1.0,7.0,47052,M,4431070.0,10310.0,47
201100004757,11,11,11,1530,1,2,1,1.0,6.0,47078,M,4428660.0,28022.0,47
201100004758,11,1,14,2200,3,2,1,1.0,6.0,47175,M,4452650.0,75817.0,47
201100004759,11,3,23,1315,1,2,4,1.0,3.0,47175,M,4452770.0,76138.0,47
201100004760,11,4,7,1730,1,2,3,1.0,3.0,47291,M,4446830.0,72889.0,47
201100004761,11,5,17,1345,1,1,6,1.0,3.0,47203,M,4438650.0,81229.0,47
201100004762,11,5,29,1945,1,1,3,1.0,7.0,47203,M,4439950.0,83069.0,47
201100004763,11,6,5,1430,1,1,1,1.0,6.0,47315,M,4442890.0,84967.0,47
201100004764,11,7,19,2000,1,2,1,2.0,6.0,47280,M,4439810.0,79761.0,47
201100004765,11,7,19,1100,1,1,1,3.0,7.0,47146,M,4445590.0,66275.0,47
201100004766,11,7,23,1515,1,1,1,1.0,6.0,47175,M,4451030.0,74854.0,47
201100004767,11,7,25,745,1,1,1,2.0,6.0,47124,M,4451740.0,80435.0,47
201100004768,11,8,13,1215,1,1,1,1.0,1.0,47237,M,4435050.0,64040.0,47
201100004769,11,8,25,1745,1,1,1,1.0,6.0,47203,M,4438530.0,79806.0,47
201100004770,11,9,23,2300,3,1,1,1.0,1.0,47228,M,4432540.0,71981.0,47
201100004771,11,10,6,815,1,1,1,1.0,6.0,47146,M,4445420.0,64732.0,47
201100004772,11,10,7,1945,2,1,9,1.0,2.0,47280,M,4440140.0,78058.0,47
201100004773,11,11,13,115,5,2,1,1.0,7.0,47203,M,0.0,0.0,47
201100004774,11,11,24,730,2,1,1,5.0,1.0,47141,M,4456890.0,79224.0,47
201100004775,11,12,23,2345,3,1,1,2.0,6.0,47203,M,4439940.0,83108.0,47
201100004776,11,1,16,615,3,1,1,9.0,6.0,47044,M,4466610.0,57610.0,47
201100004777,11,2,5,1600,1,1,1,1.0,6.0,47096,M,4464300.0,66000.0,47
201100004778,11,2,26,630,3,1,1,1.0,6.0,47044,M,4467000.0,57900.0,47
201100004779,11,4,23,1115,1,2,4,1.0,6.0,47033,M,4453770.0,68870.0,47
201100004780,11,5,15,1530,1,1,1,1.0,7.0,47324,M,0.0,0.0,47
201100004781,11,5,28,1415,1,1,1,1.0,7.0,47023,M,4450510.0,60915.0,47
201100004782,11,5,29,2115,1,1,1,1.0,6.0,47096,M,4463640.0,63593.0,47
201100004783,11,6,2,800,1,1,1,1.0,7.0,47023,M,4450920.0,65345.0,47
201100004784,11,9,14,2115,2,1,1,1.0,6.0,47193,M,4453970.0,59121.0,47
201100004785,11,9,20,2100,1,1,1,1.0,7.0,47037,M,4462400.0,67660.0,47
201100004786,11,10,19,1100,1,1,1,2.0,6.0,47170,M,4452450.0,50319.0,47
201100004787,11,1,19,1545,1,2,1,1.0,5.0,47106,M,4449600.0,96200.0,47
201100004788,11,1,21,630,3,1,1,1.0,1.0,47314,M,0.0,0.0,47
201100004789,11,3,16,1730,1,1,3,1.0,3.0,47106,M,4448510.0,100640.0,47
201100004790,11,3,28,1345,1,1,1,8.0,1.0,47070,M,4447140.0,91271.0,47
201100004791,11,5,20,2345,3,1,1,1.0,6.0,47179,M,4451100.0,93300.0,47
201100004792,11,5,25,1900,1,2,1,1.0,6.0,47179,M,4449000.0,94283.0,47
201100004793,11,6,10,1645,1,2,1,3.0,2.0,47106,M,4449760.0,97329.0,47
201100004794,11,10,7,2030,5,2,6,1.0,7.0,47106,M,4449360.0,96345.0,47
201100004795,11,11,4,1945,3,1,1,1.0,3.0,47070,M,4447340.0,91906.0,47
201100004796,11,11,6,1200,1,1,1,2.0,1.0,47292,M,0.0,0.0,47
201100004797,11,12,6,1030,1,2,1,1.0,7.0,47179,M,4448760.0,94364.0,47
201100004798,11,12,14,800,2,1,1,2.0,1.0,47314,M,4442870.0,90536.0,47
201100004799,11,1,18,1845,3,1,1,1.0,6.0,47006,M,4440500.0,63600.0,47
201100004800,11,4,16,1345,1,1,1,1.0,3.0,47252,M,4439500.0,57000.0,47
201100004801,11,5,5,900,1,1,2,1.0,1.0,47306,M,4437580.0,48440.0,47
201100004802,11,5,15,1900,1,1,1,1.0,1.0,47265,M,4447480.0,60981.0,47
201100004803,11,7,21,1445,1,1,2,8.0,3.0,47252,M,4439130.0,59525.0,47
201100004804,11,7,29,1445,1,2,1,1.0,6.0,47252,M,4439900.0,59620.0,47
201100004805,11,10,11,1700,1,1,1,1.0,1.0,47306,M,4438610.0,49639.0,47
201100004806,11,1,7,1700,1,2,1,1.0,3.0,64230,M,4323300.0,-38898.0,64
201100004807,11,1,15,1430,1,1,9,1.0,2.0,64324,M,4323300.0,-46100.0,64
201100004808,11,2,6,1545,1,2,1,1.0,7.0,64315,M,4330500.0,-44500.0,64
201100004809,11,2,12,800,1,1,1,1.0,7.0,64324,M,4323390.0,-48296.0,64
201100004810,11,3,11,1915,1,1,1,1.0,3.0,64315,M,4330800.0,-43700.0,64
201100004811,11,3,27,1630,1,2,1,1.0,1.0,64230,M,4322970.0,-38869.0,64
201100004812,11,5,19,730,1,1,1,1.0,3.0,64139,M,4317850.0,-39360.0,64
201100004813,11,9,13,745,1,1,1,1.0,3.0,64230,M,4324810.0,-38855.0,64
201100004814,11,9,15,1800,1,1,1,1.0,6.0,64230,M,4317610.0,-43052.0,64
201100004815,11,9,21,1900,1,1,1,1.0,6.0,64072,M,4325260.0,-45742.0,64
201100004816,11,9,30,1715,1,1,1,1.0,1.0,64315,M,4330200.0,-42100.0,64
201100004817,11,10,24,830,1,2,6,1.0,3.0,64315,M,0.0,0.0,64
201100004818,11,12,5,1730,2,1,1,8.0,1.0,64230,M,4320080.0,-42011.0,64
201100004819,11,2,12,1315,1,2,1,1.0,3.0,64519,M,0.0,0.0,64
201100004820,11,3,3,1800,1,1,1,1.0,1.0,64549,M,0.0,0.0,64
201100004821,11,4,2,1800,1,1,1,1.0,6.0,64142,M,4338170.0,-45031.0,64
201100004822,11,3,26,1615,1,1,1,1.0,7.0,64448,M,4336490.0,-45713.0,64
201100004823,11,5,6,800,1,2,1,1.0,1.0,64198,M,0.0,0.0,64
201100004824,11,6,19,445,3,1,1,1.0,6.0,64037,M,0.0,0.0,64
201100004825,11,6,23,2100,1,2,1,1.0,3.0,64198,M,0.0,0.0,64
201100004826,11,2,25,1500,1,1,1,1.0,6.0,64370,M,4335800.0,-27393.0,64
201100004827,11,3,7,2015,3,2,1,1.0,6.0,64488,M,4339570.0,-21033.0,64
201100004828,11,3,8,1000,1,2,7,1.0,6.0,64526,M,4326600.0,-18944.0,64
201100004829,11,4,9,1045,1,1,9,7.0,6.0,64216,M,4325360.0,-13284.0,64
201100004830,11,4,18,715,2,1,1,1.0,6.0,64516,M,4332400.0,-16612.0,64
201100004831,11,4,21,2300,3,1,1,1.0,7.0,64208,M,4343000.0,-24900.0,64
201100004832,11,5,21,2000,1,1,1,1.0,1.0,64405,M,0.0,0.0,64
201100004833,11,5,29,1145,1,1,1,1.0,6.0,64520,M,4332480.0,-27320.0,64
201100004834,11,6,8,1415,1,1,1,2.0,1.0,64482,M,4336520.0,-23568.0,64
201100004835,11,7,29,1200,1,1,1,1.0,1.0,64152,M,0.0,0.0,64
201100004836,11,9,21,1730,1,1,1,1.0,1.0,64323,M,4350600.0,-9364.0,64
201100004837,11,9,22,800,2,1,1,1.0,3.0,64059,M,4328430.0,-25293.0,64
201100004838,11,9,22,815,1,2,1,1.0,3.0,64482,M,4335680.0,-26460.0,64
201100004839,11,9,26,1800,1,1,3,7.0,3.0,64405,M,4334300.0,-26200.0,64
201100004840,11,11,18,1815,3,1,1,1.0,6.0,64516,M,0.0,0.0,64
201100004841,11,11,25,1500,1,1,1,1.0,1.0,64238,M,4324840.0,-7144.0,64
201100004842,11,2,26,1815,1,2,1,3.0,1.0,64453,M,0.0,0.0,64
201100004843,11,11,8,1945,3,1,1,1.0,7.0,64054,M,4318390.0,-29907.0,64
201100004844,11,2,25,1715,1,1,1,1.0,3.0,64406,M,0.0,0.0,64
201100004845,11,4,2,1415,1,2,2,1.0,3.0,64374,M,4345280.0,-47540.0,64
201100004846,11,4,9,1215,1,1,1,1.0,5.0,64141,M,4355120.0,-29211.0,64
201100004847,11,4,26,2015,1,1,1,8.0,2.0,64070,M,0.0,0.0,64
201100004848,11,5,15,1115,1,1,1,1.0,3.0,64415,M,4358480.0,-27638.0,64
201100004849,11,8,19,1700,1,1,1,1.0,6.0,64374,M,0.0,0.0,64
201100004850,11,12,17,1030,1,1,1,2.0,6.0,64415,M,4342280.0,-34431.0,64
201100004851,11,2,24,2200,5,2,1,1.0,3.0,64496,M,4347790.0,-145785.0,64
201100004852,11,8,31,1615,1,2,1,1.0,3.0,64102,M,4347390.0,-145282.0,64
201100004853,11,10,1,1845,1,1,1,1.0,2.0,64540,M,4349240.0,-136997.0,64
201100004854,11,1,14,415,3,1,1,5.0,1.0,64250,M,4353620.0,-120775.0,64
201100004855,11,2,7,1515,1,1,1,1.0,6.0,64476,M,4333190.0,-117527.0,64
201100004856,11,3,24,1900,1,1,3,1.0,3.0,64277,M,4337570.0,-122304.0,64
201100004857,11,5,1,1945,1,1,1,1.0,6.0,64289,M,4341490.0,-123884.0,64
201100004858,11,5,18,1745,1,1,1,1.0,1.0,64546,M,4346350.0,-127241.0,64
201100004859,11,7,10,1945,1,2,1,1.0,3.0,64250,M,4351140.0,-120513.0,64
201100004860,11,7,29,630,1,1,1,1.0,1.0,64123,M,4345640.0,-113754.0,64
201100004861,11,12,8,815,2,1,1,8.0,6.0,64502,M,4354420.0,-119695.0,64
201100004862,11,2,10,1145,1,2,1,1.0,2.0,64065,M,4335130.0,-162517.0,64
201100004863,11,2,12,1730,1,1,1,8.0,6.0,64495,M,4337900.0,-154400.0,64
201100004864,11,3,30,715,3,1,1,1.0,6.0,64495,M,0.0,0.0,64
201100004865,11,5,1,1430,1,1,6,1.0,3.0,64495,M,0.0,0.0,64
201100004866,11,5,4,1130,1,1,1,1.0,1.0,64495,M,4336530.0,-154335.0,64
201100004867,11,5,8,2200,3,1,1,1.0,7.0,64495,M,4337520.0,-159447.0,64
201100004868,11,5,8,2345,5,2,1,1.0,7.0,64495,M,0.0,0.0,64
201100004869,11,5,22,1300,1,1,1,1.0,6.0,64495,M,4338140.0,-153941.0,64
201100004870,11,6,2,530,3,1,1,1.0,6.0,64495,M,0.0,0.0,64
201100004871,11,6,16,1100,1,1,1,2.0,4.0,64504,M,0.0,0.0,64
201100004872,11,6,25,1115,1,2,1,1.0,7.0,64495,M,4335600.0,-156770.0,64
201100004873,11,6,28,1815,1,2,1,2.0,3.0,64065,M,0.0,0.0,64
201100004874,11,7,24,1130,1,1,1,3.0,7.0,64014,M,4330030.0,-151125.0,64
201100004875,11,8,21,1700,1,1,1,1.0,5.0,64065,M,4333700.0,-165806.0,64
201100004876,11,8,23,1645,1,1,1,1.0,3.0,64495,M,4338070.0,-160877.0,64
201100004877,11,9,2,1715,1,1,1,2.0,7.0,64504,M,4331480.0,-156126.0,64
201100004878,11,9,6,1600,1,2,1,1.0,6.0,64495,M,4335790.0,-155405.0,64
201100004879,11,10,23,1500,1,1,1,1.0,6.0,64495,M,0.0,0.0,64
201100004880,11,10,25,1615,1,2,1,1.0,7.0,64495,M,4336010.0,-154884.0,64
201100004881,11,10,30,1915,5,2,1,1.0,6.0,64495,M,4335440.0,-155038.0,64
201100004882,11,12,8,1030,1,1,1,1.0,7.0,64065,M,4335940.0,-163383.0,64
201100004883,11,1,8,1645,1,1,1,1.0,7.0,64527,M,4333650.0,-147771.0,64
201100004884,11,1,29,1500,1,1,1,1.0,1.0,64038,M,0.0,0.0,64
201100004885,11,2,5,1545,1,2,1,1.0,1.0,64547,M,4338810.0,-146083.0,64
201100004886,11,2,6,1430,1,1,1,1.0,7.0,64317,M,0.0,0.0,64
201100004887,11,3,5,1200,1,1,1,1.0,2.0,64317,M,0.0,0.0,64
201100004888,11,4,8,1015,1,2,1,1.0,3.0,64213,M,4333940.0,-145323.0,64
201100004889,11,4,8,1515,1,1,1,1.0,3.0,64317,M,4336490.0,-142260.0,64
201100004890,11,4,15,1930,1,2,1,1.0,6.0,64160,M,4336290.0,-139056.0,64
201100004891,11,4,19,2015,2,1,3,1.0,3.0,64317,M,4335400.0,-143260.0,64
201100004892,11,5,8,1845,1,1,1,1.0,5.0,64035,M,4341270.0,-154735.0,64
201100004893,11,7,16,100,3,1,1,2.0,6.0,64038,M,0.0,0.0,64
201100004894,11,7,24,1530,1,1,1,3.0,1.0,64279,M,4332380.0,-137835.0,64
201100004895,11,8,13,1145,1,1,1,1.0,2.0,64279,M,0.0,0.0,64
201100004896,11,9,10,1215,1,1,1,1.0,6.0,64282,M,4339140.0,-144415.0,64
201100004897,11,9,17,1200,1,2,1,1.0,6.0,64160,M,4336070.0,-139976.0,64
201100004898,11,10,13,800,1,1,1,1.0,1.0,64547,M,0.0,0.0,64
201100004899,11,10,13,1800,1,1,1,1.0,3.0,64213,M,4333530.0,-145922.0,64
201100004900,11,11,5,1315,1,2,1,3.0,7.0,64213,M,4333970.0,-144461.0,64
201100004901,11,11,7,845,1,1,1,3.0,6.0,64100,M,4343690.0,-148881.0,64
201100004902,11,12,18,1315,1,1,1,2.0,6.0,64279,M,4331980.0,-136625.0,64
201100004903,11,12,26,1000,1,2,1,7.0,6.0,64160,M,4336810.0,-139990.0,64
201100004904,11,2,27,1630,1,1,1,4.0,6.0,64316,M,4303460.0,-101888.0,64
201100004905,11,5,17,2130,1,1,1,1.0,7.0,64188,M,4323170.0,-82863.0,64
201100004906,11,7,22,1230,1,1,1,1.0,7.0,64371,M,4323200.0,-89070.0,64
201100004907,11,8,4,1345,1,1,1,1.0,1.0,64485,M,4305200.0,-105700.0,64
201100004908,11,8,9,1000,1,1,1,1.0,5.0,64303,M,4310500.0,-83500.0,64
201100004909,11,11,15,1600,1,1,1,1.0,7.0,64411,M,4319970.0,-100540.0,64
201100004910,11,12,25,745,2,1,1,1.0,6.0,64424,M,4319730.0,-91780.0,64
201100004911,11,1,4,2230,3,1,1,1.0,6.0,64013,M,0.0,0.0,64
201100004912,11,1,16,1715,1,1,1,1.0,6.0,64538,M,0.0,0.0,64
201100004913,11,5,27,2230,5,2,1,1.0,3.0,64538,M,0.0,0.0,64
201100004914,11,6,3,1315,1,1,1,1.0,6.0,64538,M,4315000.0,-125353.0,64
201100004915,11,7,13,1445,1,1,1,8.0,6.0,64297,M,4318180.0,-117750.0,64
201100004916,11,7,20,1045,1,1,1,2.0,1.0,64436,M,4326010.0,-132032.0,64
201100004917,11,9,1,1530,1,2,1,1.0,1.0,64485,M,4317180.0,-123607.0,64
201100004918,11,9,30,1345,1,1,1,1.0,1.0,64155,M,0.0,0.0,64
201100004919,11,2,24,1330,1,1,1,1.0,1.0,64490,M,4325990.0,-132018.0,64
201100004920,11,2,26,1730,1,1,1,2.0,6.0,64045,M,4326070.0,-104057.0,64
201100004921,11,4,7,1645,1,1,1,1.0,5.0,64018,M,4333800.0,-104699.0,64
201100004922,11,4,20,1030,1,1,1,1.0,3.0,64314,M,4324200.0,-108700.0,64
201100004923,11,5,18,1530,1,1,1,1.0,1.0,64493,M,4332620.0,-102794.0,64
201100004924,11,6,23,830,2,1,1,2.0,7.0,64437,M,4326690.0,-103816.0,64
201100004925,11,6,25,1330,1,1,1,1.0,7.0,64229,M,4321340.0,-113361.0,64
201100004926,11,7,14,615,2,1,1,1.0,3.0,64362,M,4336430.0,-107281.0,64
201100004927,11,10,12,745,2,1,1,5.0,2.0,64010,M,4333690.0,-101373.0,64
201100004928,11,11,19,1845,3,1,1,1.0,1.0,64539,M,0.0,0.0,64
201100004929,11,1,4,1315,1,1,1,1.0,3.0,64421,M,4316210.0,-49666.0,64
201100004930,11,3,20,1800,1,2,1,1.0,6.0,64422,M,4319320.0,-60503.0,64
201100004931,11,4,5,1000,1,2,1,1.0,6.0,64422,M,4319890.0,-61111.0,64
201100004932,11,5,28,1715,1,1,1,1.0,1.0,64165,M,0.0,0.0,64
201100004933,11,5,29,800,1,1,1,1.0,6.0,64422,M,4315070.0,-57749.0,64
201100004934,11,5,31,1530,1,1,1,1.0,1.0,64241,M,4323850.0,-67709.0,64
201100004935,11,9,14,745,5,2,1,2.0,6.0,64422,M,4318840.0,-61120.0,64
201100004936,11,10,18,630,5,2,1,1.0,6.0,64422,M,4318600.0,-60969.0,64
201100004937,11,11,19,1015,1,2,1,7.0,6.0,64422,M,4319010.0,-61198.0,64
201100004938,11,11,24,1930,5,2,6,1.0,3.0,64422,M,4319770.0,-60452.0,64
201100004939,11,12,4,1715,2,2,6,1.0,6.0,64220,M,4319600.0,-60412.0,64
201100004940,11,12,12,815,2,2,1,2.0,6.0,64064,M,4315670.0,-59736.0,64
201100004941,11,10,2,1500,1,1,1,1.0,1.0,64040,M,0.0,0.0,64
201100004942,11,12,28,1830,3,1,1,2.0,1.0,64506,M,4304800.0,-60000.0,64
201100004943,11,1,10,730,5,2,1,1.0,3.0,64062,M,4310280.0,-42172.0,64
201100004944,11,3,27,1,3,1,1,1.0,6.0,64473,M,0.0,0.0,64
201100004945,11,7,9,1530,1,1,1,1.0,1.0,64128,M,4306040.0,-45340.0,64
201100004946,11,2,21,1845,3,1,1,3.0,1.0,64393,M,4331950.0,-59735.0,64
201100004947,11,4,16,1145,1,1,1,1.0,2.0,64466,M,0.0,0.0,64
201100004948,11,5,2,45,3,1,1,1.0,6.0,64178,M,4332080.0,-79375.0,64
201100004949,11,5,3,745,1,1,1,1.0,7.0,64393,M,4330000.0,-55100.0,64
201100004950,11,9,23,1500,1,1,1,1.0,5.0,64420,M,4333500.0,-71200.0,64
201100004951,11,4,24,2000,1,1,1,8.0,6.0,64501,M,0.0,0.0,64
201100004952,11,5,1,30,5,1,1,1.0,6.0,64505,M,0.0,0.0,64
201100004953,11,8,23,1300,1,1,1,1.0,1.0,64510,M,0.0,0.0,64
201100004954,11,11,23,2115,5,2,1,1.0,6.0,64430,M,4348260.0,-77904.0,64
201100004955,11,12,23,1845,3,1,1,1.0,1.0,64501,M,0.0,0.0,64
201100004956,11,1,27,1130,1,1,1,1.0,3.0,64087,M,0.0,0.0,64
201100004957,11,7,4,1115,1,1,1,1.0,6.0,64499,M,4347240.0,-97117.0,64
201100004958,11,10,17,1715,1,1,1,1.0,3.0,64480,M,4336850.0,-91980.0,64
201100004959,11,10,21,1815,1,1,1,1.0,1.0,64462,M,0.0,0.0,64
201100004960,11,11,14,645,1,1,1,1.0,6.0,64471,M,4352320.0,-80277.0,64
201100004961,11,4,8,2000,1,1,1,1.0,7.0,86100,M,4655500.0,21500.0,86
201100004962,11,5,27,1445,1,1,1,1.0,7.0,86297,M,4655600.0,22600.0,86
201100004963,11,7,29,2330,5,2,1,1.0,7.0,86297,M,0.0,0.0,86
201100004964,11,4,22,1545,1,1,1,1.0,3.0,86219,M,0.0,0.0,86
201100004965,11,7,4,2030,1,1,1,1.0,6.0,86163,M,0.0,0.0,86
201100004966,11,7,11,1715,1,2,1,1.0,5.0,86163,M,0.0,0.0,86
201100004967,11,7,29,1615,1,1,1,1.0,7.0,86095,M,0.0,0.0,86
201100004968,11,10,7,1500,1,2,9,1.0,3.0,86062,M,0.0,0.0,86
201100004969,11,11,2,1045,1,1,1,1.0,1.0,86115,M,0.0,0.0,86
201100004970,11,12,20,2100,3,1,1,2.0,2.0,86062,M,0.0,0.0,86
201100004971,11,1,18,30,3,1,1,5.0,6.0,86145,M,0.0,0.0,86
201100004972,11,3,10,400,3,1,1,5.0,2.0,86293,M,0.0,0.0,86
201100004973,11,4,25,130,3,1,1,1.0,7.0,86068,M,0.0,0.0,86
201100004974,11,4,27,2145,3,1,1,1.0,7.0,86091,M,0.0,0.0,86
201100004975,11,5,20,1400,1,2,1,1.0,6.0,86113,M,0.0,0.0,86
201100004976,11,5,2,1845,2,1,1,3.0,6.0,86065,M,0.0,0.0,86
201100004977,11,6,19,430,3,1,1,1.0,6.0,86213,M,0.0,0.0,86
201100004978,11,7,12,1930,1,1,9,1.0,1.0,86039,M,4622600.0,20600.0,86
201100004979,11,10,23,1745,1,1,1,1.0,1.0,86296,M,0.0,0.0,86
201100004980,11,12,5,1800,3,1,1,1.0,3.0,86213,M,0.0,0.0,86
201100004981,11,12,15,1145,1,1,1,8.0,3.0,86139,M,0.0,0.0,86
201100004982,11,1,29,1545,3,1,1,1.0,7.0,86281,M,4671400.0,30000.0,86
201100004983,11,3,14,845,3,1,1,1.0,6.0,86016,M,4667300.0,29600.0,86
201100004984,11,4,8,1430,1,1,1,1.0,3.0,86294,M,4664500.0,20400.0,86
201100004985,11,4,8,2130,5,2,6,1.0,3.0,86177,M,4668900.0,26200.0,86
201100004986,11,4,24,1215,1,2,1,8.0,1.0,86177,M,4669000.0,25100.0,86
201100004987,11,4,27,1330,1,1,1,1.0,1.0,86177,M,0.0,0.0,86
201100004988,11,5,1,1815,1,1,1,1.0,2.0,86166,M,0.0,0.0,86
201100004989,11,5,8,100,3,1,1,1.0,7.0,86271,M,0.0,0.0,86
201100004990,11,5,16,1830,1,1,2,1.0,3.0,86021,M,4657500.0,1700.0,86
201100004991,11,5,22,2115,2,1,1,1.0,7.0,86030,M,0.0,0.0,86
201100004992,11,5,29,2230,3,1,1,1.0,3.0,86030,M,4671700.0,21600.0,86
201100004993,11,6,29,715,1,1,1,1.0,1.0,86160,M,0.0,0.0,86
201100004994,11,6,30,1900,1,1,1,1.0,6.0,86024,M,0.0,0.0,86
201100004995,11,7,3,2030,1,1,6,1.0,2.0,86281,M,4669000.0,30200.0,86
201100004996,11,8,27,1715,1,2,1,1.0,3.0,86294,M,0.0,0.0,86
201100004997,11,9,21,1730,1,1,1,7.0,3.0,86073,M,0.0,0.0,86
201100004998,11,9,22,1215,1,1,1,1.0,7.0,86016,M,0.0,0.0,86
201100004999,11,10,8,215,3,1,1,1.0,7.0,86146,M,0.0,0.0,86
201100005000,11,10,9,315,4,2,1,1.0,7.0,86017,M,0.0,0.0,86
201100005001,11,10,10,800,1,2,1,1.0,3.0,86121,M,0.0,0.0,86
201100005002,11,10,17,745,2,2,1,1.0,1.0,86294,M,0.0,0.0,86
201100005003,11,10,21,715,2,1,1,8.0,2.0,86016,M,0.0,0.0,86
201100005004,11,11,7,1415,1,1,1,1.0,3.0,86208,M,0.0,0.0,86
201100005005,11,12,15,815,1,1,1,2.0,1.0,86030,M,0.0,0.0,86
201100005006,11,12,29,2015,5,2,1,1.0,3.0,86294,M,0.0,0.0,86
201100005007,11,1,30,1630,1,1,1,8.0,1.0,86276,M,0.0,0.0,86
201100005008,11,2,2,1345,1,1,1,1.0,7.0,86235,M,0.0,0.0,86
201100005009,11,5,13,1,3,1,1,1.0,7.0,86178,M,0.0,0.0,86
201100005010,11,5,20,1430,1,1,1,1.0,6.0,86180,M,0.0,0.0,86
201100005011,11,6,6,1515,1,1,1,1.0,4.0,86178,M,0.0,0.0,86
201100005012,11,6,10,1530,1,1,1,1.0,1.0,86103,M,0.0,0.0,86
201100005013,11,7,10,1145,1,2,2,1.0,3.0,86235,M,0.0,0.0,86
201100005014,11,9,2,2330,5,2,1,1.0,7.0,86178,M,0.0,0.0,86
201100005015,11,9,16,1745,1,2,1,1.0,1.0,86178,M,4648800.0,45400.0,86
201100005016,11,10,9,1915,2,2,1,1.0,7.0,86290,M,0.0,0.0,86
201100005017,11,10,26,15,4,2,1,2.0,6.0,86178,M,0.0,0.0,86
201100005018,11,1,31,1400,1,1,1,1.0,7.0,86092,M,4695000.0,58200.0,86
201100005019,11,2,28,1230,1,1,1,1.0,3.0,86174,M,0.0,0.0,86
201100005020,11,4,10,1145,1,1,1,1.0,2.0,86019,M,0.0,0.0,86
201100005021,11,5,24,1215,1,1,1,1.0,1.0,86111,M,0.0,0.0,86
201100005022,11,5,30,1800,1,2,1,1.0,2.0,86183,M,0.0,0.0,86
201100005023,11,7,20,1915,1,1,1,3.0,1.0,86111,M,4687700.0,60600.0,86
201100005024,11,10,31,1700,1,2,1,1.0,1.0,86195,M,0.0,0.0,86
201100005025,11,11,12,1530,1,1,1,1.0,6.0,86042,M,0.0,0.0,86
201100005026,11,11,19,1730,3,1,1,1.0,3.0,86081,M,0.0,0.0,86
201100005027,11,6,5,1500,1,1,1,1.0,6.0,86258,M,0.0,0.0,86
201100005028,11,9,3,1530,1,2,1,1.0,1.0,86258,M,4682000.0,41400.0,86
201100005029,11,11,9,1800,3,1,1,1.0,3.0,86280,M,4694200.0,50300.0,86
201100005030,11,12,4,630,4,2,1,2.0,6.0,86128,M,0.0,0.0,86
201100005031,11,12,15,145,3,1,1,2.0,6.0,86258,M,4681900.0,36900.0,86
201100005032,11,12,17,2100,3,1,1,1.0,2.0,86272,M,4682000.0,44000.0,86
201100005033,11,1,15,1915,3,1,1,1.0,2.0,86137,M,4701300.0,13400.0,86
201100005034,11,3,6,1530,1,1,1,1.0,6.0,86287,M,0.0,0.0,86
201100005035,11,3,13,600,3,2,1,1.0,7.0,86196,M,0.0,0.0,86
201100005036,11,3,15,1745,1,2,1,1.0,1.0,86137,M,0.0,0.0,86
201100005037,11,4,15,1800,1,2,1,1.0,3.0,86137,M,0.0,0.0,86
201100005038,11,5,17,1730,1,1,1,1.0,1.0,86137,M,0.0,0.0,86
201100005039,11,5,22,430,3,1,1,1.0,7.0,86229,M,0.0,0.0,86
201100005040,11,6,12,1915,1,1,1,1.0,7.0,86206,M,0.0,0.0,86
201100005041,11,10,9,2000,2,2,1,1.0,3.0,86210,M,0.0,0.0,86
201100005042,11,10,22,1830,1,2,1,1.0,3.0,86137,M,0.0,0.0,86
201100005043,11,1,13,1045,1,1,1,1.0,1.0,86207,M,0.0,0.0,86
201100005044,11,2,27,545,3,1,1,1.0,6.0,86014,M,0.0,0.0,86
201100005045,11,5,21,1745,1,1,1,1.0,2.0,86125,M,0.0,0.0,86
201100005046,11,6,25,1445,1,1,1,1.0,1.0,86125,M,0.0,0.0,86
201100005047,11,1,3,915,1,1,1,9.0,1.0,86023,M,0.0,0.0,86
201100005048,11,3,30,1045,1,1,1,8.0,6.0,86023,M,0.0,0.0,86