Num_Acc,an,mois,jour,hrmn,lum,agg,int,atm,col,com,gps,lat,long,dep
201100005049,11,5,31,745,1,1,1,1.0,1.0,86286,M,4686900.0,18300.0,86
201100005050,11,6,5,145,3,1,1,1.0,7.0,86109,M,4692200.0,14300.0,86
201100005051,11,6,23,1315,1,1,1,1.0,7.0,86225,M,4686900.0,14800.0,86
201100005052,11,7,2,630,1,1,1,1.0,1.0,86151,M,4700000.0,22400.0,86
201100005053,11,7,24,1730,1,2,1,1.0,6.0,86005,M,4695000.0,11200.0,86
201100005054,11,10,8,1600,1,1,1,1.0,6.0,86154,M,4680900.0,8900.0,86
201100005055,11,10,30,1030,1,1,1,1.0,7.0,86286,M,4685200.0,17000.0,86
201100005056,11,11,25,2215,3,1,1,5.0,1.0,86197,M,4701400.0,29100.0,86
201100005057,11,12,28,1630,1,1,1,1.0,6.0,86093,M,4693800.0,18000.0,86
201100005058,11,5,12,1645,1,2,1,1.0,6.0,86131,M,0.0,0.0,86
201100005059,11,6,27,1800,1,1,1,1.0,1.0,86191,M,0.0,0.0,86
201100005060,11,7,1,1215,1,2,1,1.0,6.0,86140,M,4645400.0,60800.0,86
201100005061,11,10,3,1500,1,1,1,1.0,1.0,86170,M,0.0,0.0,86
201100005062,11,11,12,2230,5,2,1,1.0,6.0,86140,M,0.0,0.0,86
201100005063,11,11,23,930,1,1,1,5.0,1.0,86254,M,0.0,0.0,86
201100005064,11,3,18,15,3,1,1,1.0,6.0,86233,M,4647000.0,65200.0,86
201100005065,11,5,14,1800,1,2,1,1.0,3.0,86070,M,4657300.0,63600.0,86
201100005066,11,5,22,130,5,1,1,2.0,6.0,86058,M,4664100.0,55800.0,86
201100005067,11,5,29,1830,1,1,1,1.0,3.0,86031,M,4661800.0,60100.0,86
201100005068,11,6,13,1945,1,1,1,1.0,7.0,86256,M,0.0,0.0,86
201100005069,11,6,21,745,1,1,1,7.0,1.0,86114,M,4658400.0,56100.0,86
201100005070,11,7,9,1945,1,1,1,1.0,6.0,86070,M,0.0,0.0,86
201100005071,11,9,19,1545,1,1,1,1.0,1.0,86226,M,4656400.0,45500.0,86
201100005072,11,9,27,1530,1,1,1,1.0,7.0,86239,M,4662500.0,70500.0,86
201100005073,11,12,5,1745,3,1,1,1.0,1.0,86070,M,4658000.0,69000.0,86
201100005074,11,1,9,2230,3,1,1,8.0,6.0,86029,M,0.0,0.0,86
201100005075,11,2,3,2000,5,1,2,2.0,3.0,86220,M,0.0,0.0,86
201100005076,11,2,18,800,1,1,1,5.0,5.0,86054,M,0.0,0.0,86
201100005077,11,4,28,2245,3,1,2,1.0,3.0,86220,M,4618300.0,45700.0,86
201100005078,11,11,28,1815,5,2,1,1.0,3.0,86237,M,0.0,0.0,86
201100005079,11,12,1,1545,1,1,1,7.0,6.0,86104,M,0.0,0.0,86
201100005080,11,12,17,1545,1,1,1,1.0,6.0,86266,M,0.0,0.0,86
201100005081,11,3,28,1500,1,1,1,1.0,7.0,86152,M,4617700.0,54600.0,86
201100005082,11,10,6,1100,1,1,2,8.0,3.0,86289,M,4626500.0,66200.0,86
201100005083,11,1,14,715,3,1,1,1.0,6.0,16146,M,4563220.0,28240.0,16
201100005084,11,3,3,430,3,1,1,8.0,7.0,16146,M,4562700.0,26510.0,16
201100005085,11,5,29,1200,1,1,3,1.0,5.0,16232,M,4567700.0,26480.0,16
201100005086,11,7,18,1300,1,1,1,3.0,6.0,16415,M,4571170.0,10110.0,16
201100005087,11,8,9,1415,1,1,1,1.0,2.0,16232,M,4568780.0,29410.0,16
201100005088,11,8,29,1330,1,2,2,1.0,3.0,16061,M,4570220.0,27020.0,16
201100005089,11,10,16,1700,1,1,2,1.0,3.0,16146,M,4563500.0,25491.0,16
201100005090,11,12,23,1845,3,1,1,1.0,7.0,16078,M,4569263.0,19864.0,16
201100005091,11,4,30,1745,1,1,1,1.0,7.0,16198,M,4550670.0,25600.0,16
201100005092,11,10,10,1930,3,1,1,1.0,6.0,16175,M,4554370.0,-2877.0,16
201100005093,11,12,4,730,3,1,1,2.0,6.0,16236,M,4554646.0,10355.0,16
201100005094,11,12,13,930,1,1,1,3.0,1.0,16198,M,4550124.0,21040.0,16
201100005095,11,6,27,1515,1,1,1,1.0,6.0,16230,M,4543370.0,14180.0,16
201100005096,11,9,10,1445,1,1,1,1.0,2.0,16350,M,4530720.0,26400.0,16
201100005097,11,12,1,1800,5,2,1,1.0,6.0,16230,M,4539916.0,13205.0,16
201100005098,11,2,4,1430,1,1,1,1.0,6.0,16097,M,4572400.0,-31480.0,16
201100005099,11,2,8,1600,1,1,1,1.0,7.0,16097,M,4574260.0,-34750.0,16
201100005100,11,3,22,830,1,1,1,1.0,2.0,16304,M,4569920.0,-26360.0,16
201100005101,11,7,2,300,3,1,1,1.0,6.0,16355,M,4574910.0,-44650.0,16
201100005102,11,8,2,1800,1,2,6,6.0,7.0,16304,M,4568950.0,-28360.0,16
201100005103,11,1,15,1645,1,1,1,1.0,1.0,16342,M,0.0,0.0,16
201100005104,11,3,20,1515,1,1,1,1.0,5.0,16276,M,4543800.0,-15310.0,16
201100005105,11,3,29,1415,1,1,1,1.0,2.0,16405,M,4551020.0,-11130.0,16
201100005106,11,4,4,1800,1,1,1,1.0,6.0,16384,M,4535700.0,-20090.0,16
201100005107,11,5,22,600,2,2,1,1.0,7.0,16160,M,4545610.0,-24810.0,16
201100005108,11,5,29,400,3,1,1,1.0,1.0,16405,M,4552210.0,-9050.0,16
201100005109,11,6,21,1830,1,1,1,1.0,2.0,16276,M,4545190.0,-15390.0,16
201100005110,11,9,13,1630,1,1,1,1.0,1.0,16405,M,4550820.0,-11420.0,16
201100005111,11,9,19,1700,1,1,1,1.0,1.0,16384,M,4535270.0,-20110.0,16
201100005112,11,10,15,1115,1,1,1,1.0,5.0,16405,M,4551940.0,-1012.0,16
201100005113,11,12,16,2000,3,1,1,1.0,6.0,16384,M,4535389.0,-20134.0,16
201100005114,11,12,28,1530,1,1,1,8.0,3.0,16028,M,4548584.0,-15634.0,16
201100005115,11,1,26,1315,1,1,1,1.0,6.0,16186,M,4594050.0,-20030.0,16
201100005116,11,3,9,1230,1,1,1,1.0,3.0,16399,M,4556560.0,-26540.0,16
201100005117,11,3,28,830,1,2,3,1.0,3.0,16366,M,4561970.0,-21630.0,16
201100005118,11,4,11,1730,1,1,1,1.0,7.0,16202,M,4565830.0,-17680.0,16
201100005119,11,4,30,1200,1,1,1,1.0,3.0,16243,M,4572860.0,-28930.0,16
201100005120,11,8,12,830,1,1,1,1.0,2.0,16090,M,4560330.0,-8500.0,16
201100005121,11,11,3,815,2,1,1,2.0,1.0,16243,M,4570980.0,-23895.0,16
201100005122,11,11,19,1045,1,1,1,1.0,1.0,16090,M,4561350.0,-4090.0,16
201100005123,11,1,15,1330,1,1,2,1.0,3.0,16009,M,4595800.0,57570.0,16
201100005124,11,2,11,2000,3,1,2,1.0,3.0,16071,M,4592040.0,74380.0,16
201100005125,11,2,15,1800,2,1,1,4.0,6.0,16134,M,4586660.0,65140.0,16
201100005126,11,2,26,1015,1,1,2,2.0,3.0,16181,M,4606190.0,66840.0,16
201100005127,11,4,14,1215,1,1,1,1.0,2.0,16363,M,4594510.0,78600.0,16
201100005128,11,5,23,1700,1,1,1,7.0,1.0,16134,M,4587180.0,65360.0,16
201100005129,11,7,20,200,3,1,1,2.0,6.0,16001,M,4606200.0,69850.0,16
201100005130,11,8,13,1915,1,1,1,1.0,5.0,16016,M,4598860.0,61430.0,16
201100005131,11,9,9,900,1,1,2,1.0,3.0,16071,M,4592040.0,74380.0,16
201100005132,11,9,17,2215,3,1,1,1.0,6.0,16270,M,4582650.0,74820.0,16
201100005133,11,10,1,1600,1,2,1,1.0,6.0,16070,M,4587448.0,71966.0,16
201100005134,11,10,24,1700,1,1,1,2.0,6.0,16345,M,4583240.0,68258.0,16
201100005135,11,10,5,2000,3,1,1,1.0,3.0,16085,M,4583830.0,48465.0,16
201100005136,11,11,18,830,2,1,1,1.0,1.0,16213,M,4573660.0,52264.0,16
201100005137,11,12,3,1415,1,1,1,3.0,6.0,16192,M,4589031.0,56790.0,16
201100005138,11,12,17,2015,3,1,1,8.0,5.0,16085,M,4583450.0,47418.0,16
201100005139,11,1,4,1800,5,2,1,1.0,6.0,16292,M,4603060.0,19990.0,16
201100005140,11,1,25,1415,1,1,2,1.0,3.0,16410,M,4599110.0,20020.0,16
201100005141,11,3,28,715,1,1,2,5.0,3.0,16400,M,4597500.0,20270.0,16
201100005142,11,6,22,230,5,2,1,1.0,6.0,16292,M,4602700.0,19800.0,16
201100005143,11,8,3,1015,1,2,1,1.0,6.0,16242,M,4600000.0,32290.0,16
201100005144,11,10,12,200,3,2,1,1.0,6.0,16310,M,4600100.0,44700.0,16
201100005145,11,2,11,945,1,1,3,1.0,1.0,16320,M,4575850.0,1510.0,16
201100005146,11,4,13,1830,1,1,2,1.0,3.0,16370,M,4562980.0,1860.0,16
201100005147,11,8,9,1730,1,1,1,1.0,3.0,16138,M,4567330.0,10380.0,16
201100005148,11,10,2,800,1,1,1,1.0,3.0,16163,M,4567220.0,-1221.0,16
201100005149,11,10,2,1100,1,2,1,1.0,3.0,16370,M,4583830.0,48465.0,16
201100005150,11,10,10,1600,1,1,1,1.0,5.0,16138,M,4567400.0,10718.0,16
201100005151,11,2,2,830,2,1,1,1.0,6.0,16141,M,4592500.0,19750.0,16
201100005152,11,4,2,1830,1,2,1,1.0,6.0,16226,M,4578350.0,12420.0,16
201100005153,11,4,17,1445,1,1,2,1.0,6.0,16200,M,4585300.0,18510.0,16
201100005154,11,7,10,300,3,2,1,1.0,6.0,16419,M,4581430.0,7540.0,16
201100005155,11,7,25,1030,1,1,3,1.0,3.0,16392,M,4589420.0,30630.0,16
201100005156,11,8,7,2230,3,1,1,1.0,1.0,16107,M,4581070.0,25430.0,16
201100005157,11,10,8,1730,1,1,1,1.0,3.0,16282,M,4581770.0,31147.0,16
201100005158,11,10,11,700,3,1,1,1.0,2.0,16295,M,4581800.0,13255.0,16
201100005159,11,12,4,500,3,1,1,2.0,6.0,16237,M,4589415.0,24368.0,16
201100005160,11,1,18,745,2,1,1,2.0,6.0,16323,M,4561420.0,42490.0,16
201100005161,11,4,3,1800,1,1,1,2.0,3.0,16158,M,4558190.0,40340.0,16
201100005162,11,4,25,2245,3,1,1,1.0,1.0,16280,M,4576880.0,34520.0,16
201100005163,11,6,13,1745,1,1,1,1.0,6.0,16135,M,4565120.0,52910.0,16
201100005164,11,6,26,1530,1,1,1,1.0,7.0,16368,M,4560030.0,31290.0,16
201100005165,11,6,29,2015,1,1,1,1.0,1.0,16280,M,4576880.0,36230.0,16
201100005166,11,8,1,1415,1,2,1,1.0,3.0,16379,M,4577870.0,40870.0,16
201100005167,11,8,23,1545,1,1,1,1.0,7.0,16223,M,4566540.0,46950.0,16
201100005168,11,10,24,2045,5,2,1,2.0,6.0,16055,M,4562660.0,34610.0,16
201100005169,11,12,6,1445,1,1,1,2.0,6.0,16421,M,4567233.0,43256.0,16
201100005170,11,1,26,2215,3,1,1,1.0,7.0,16390,M,4594050.0,9110.0,16
201100005171,11,2,12,1145,1,1,1,2.0,1.0,16207,M,4585120.0,-210.0,16
201100005172,11,6,13,1800,1,1,1,1.0,6.0,16148,M,4582100.0,2700.0,16
201100005173,11,7,27,730,1,1,2,1.0,3.0,16155,M,4595490.0,-6590.0,16
201100005174,11,9,11,2115,3,1,1,1.0,6.0,16148,M,4579340.0,1770.0,16
201100005175,11,10,20,1215,1,2,1,1.0,2.0,16286,M,4577870.0,-6643.0,16
201100005176,11,11,28,1845,5,2,1,1.0,1.0,16286,M,4577380.0,-7223.0,16
201100005177,11,1,19,800,1,2,1,1.0,3.0,17094,M,0.0,0.0,17
201100005178,11,2,18,930,1,1,1,5.0,6.0,17010,M,0.0,0.0,17
201100005179,11,4,17,130,5,2,1,1.0,7.0,17194,M,4613100.0,-101099.0,17
201100005180,11,4,17,1915,1,1,1,1.0,7.0,17010,M,0.0,0.0,17
201100005181,11,6,1,1930,1,2,1,1.0,6.0,17094,M,4607100.0,-109000.0,17
201100005182,11,6,18,2330,4,2,1,1.0,1.0,17420,M,0.0,0.0,17
201100005183,11,7,16,1815,1,1,1,3.0,1.0,17315,M,0.0,0.0,17
201100005184,11,7,29,1245,1,2,1,1.0,2.0,17194,M,0.0,0.0,17
201100005185,11,8,15,1500,1,1,2,1.0,3.0,17315,M,0.0,0.0,17
201100005186,11,8,24,1800,1,2,1,1.0,1.0,17094,M,0.0,0.0,17
201100005187,11,9,6,815,1,1,1,1.0,3.0,17194,M,0.0,0.0,17
201100005188,11,9,28,2045,5,2,1,1.0,6.0,17010,M,0.0,0.0,17
201100005189,11,10,15,230,3,2,1,1.0,6.0,17315,M,0.0,0.0,17
201100005190,11,10,23,1930,5,2,1,1.0,1.0,17420,M,4611100.0,-105600.0,17
201100005191,11,11,15,845,1,1,2,1.0,3.0,17373,M,0.0,0.0,17
201100005192,11,1,20,730,3,1,1,9.0,7.0,17091,M,0.0,0.0,17
201100005193,11,1,20,815,2,1,1,1.0,1.0,17396,M,0.0,0.0,17
201100005194,11,1,28,1745,2,2,1,1.0,6.0,17182,M,4625600.0,-75800.0,17
201100005195,11,3,11,1300,1,1,1,1.0,6.0,17127,M,0.0,0.0,17
201100005196,11,3,14,1745,1,1,1,1.0,3.0,17349,M,0.0,0.0,17
201100005197,11,4,4,1345,1,1,1,1.0,6.0,17218,M,4629000.0,-99300.0,17
201100005198,11,6,21,700,2,2,1,1.0,2.0,17008,M,0.0,0.0,17
201100005199,11,7,6,745,1,1,1,1.0,6.0,17218,M,4634300.0,-99800.0,17
201100005200,11,7,25,2000,1,1,1,1.0,6.0,17132,M,4621400.0,-71300.0,17
201100005201,11,7,31,130,3,1,1,1.0,6.0,17218,M,0.0,0.0,17
201100005202,11,7,31,1745,1,1,1,1.0,3.0,17127,M,0.0,0.0,17
201100005203,11,9,17,1730,1,1,2,1.0,3.0,17008,M,0.0,0.0,17
201100005204,11,10,26,1700,1,1,1,1.0,3.0,17396,M,0.0,0.0,17
201100005205,11,11,7,1500,1,1,1,1.0,3.0,17466,M,0.0,0.0,17
201100005206,11,12,7,1630,1,1,1,8.0,6.0,17218,M,0.0,0.0,17
201100005207,11,1,21,2230,3,1,1,1.0,7.0,17318,M,4623200.0,-153500.0,17
201100005208,11,4,13,1400,1,1,1,1.0,2.0,17019,M,4621600.0,-152200.0,17
201100005209,11,7,12,730,1,1,1,9.0,6.0,17161,M,0.0,0.0,17
201100005210,11,7,29,2345,3,1,1,1.0,1.0,17019,M,4620500.0,-150600.0,17
201100005211,11,8,10,1530,1,1,1,1.0,1.0,17360,M,4615800.0,-132100.0,17
201100005212,11,8,12,100,5,2,1,1.0,1.0,17051,M,0.0,0.0,17
201100005213,11,8,11,930,1,2,7,1.0,6.0,17161,M,0.0,0.0,17
201100005214,11,8,22,1530,1,2,7,1.0,6.0,17161,M,4619200.0,-132300.0,17
201100005215,11,8,22,1930,1,2,1,2.0,3.0,17051,M,0.0,0.0,17
201100005216,11,9,8,1130,1,2,1,1.0,1.0,17019,M,0.0,0.0,17
201100005217,11,9,30,1115,1,1,1,1.0,3.0,17297,M,4615800.0,-129200.0,17
201100005218,11,10,2,2045,5,2,1,1.0,3.0,17360,M,0.0,0.0,17
201100005219,11,10,14,1445,1,1,1,1.0,1.0,17121,M,4621100.0,-144600.0,17
201100005220,11,3,26,1815,1,1,2,1.0,3.0,17316,M,0.0,0.0,17
201100005221,11,4,13,1030,1,1,1,1.0,7.0,17192,M,0.0,0.0,17
201100005222,11,5,5,2030,1,1,1,1.0,6.0,17192,M,0.0,0.0,17
201100005223,11,5,13,1045,1,2,2,1.0,3.0,17016,M,0.0,0.0,17
201100005224,11,6,9,1400,1,1,9,1.0,3.0,17363,M,0.0,0.0,17
201100005225,11,8,3,945,1,2,1,1.0,3.0,17106,M,0.0,0.0,17
201100005226,11,8,18,130,3,1,1,1.0,6.0,17259,M,0.0,0.0,17
201100005227,11,9,12,1630,1,1,1,1.0,1.0,17238,M,0.0,0.0,17
201100005228,11,11,21,1515,1,1,2,1.0,3.0,17341,M,0.0,0.0,17
201100005229,11,12,5,815,3,1,1,2.0,7.0,17403,M,0.0,0.0,17
201100005230,11,12,20,1215,1,1,1,8.0,6.0,17270,M,0.0,0.0,17
201100005231,11,2,13,315,3,1,1,1.0,1.0,17423,M,0.0,0.0,17
201100005232,11,3,9,1445,1,1,1,1.0,3.0,17052,M,0.0,0.0,17
201100005233,11,4,29,1430,1,1,1,1.0,3.0,17362,M,0.0,0.0,17
201100005234,11,6,12,615,1,2,1,1.0,6.0,17331,M,4548400.0,-56900.0,17
201100005235,11,6,22,1730,1,1,1,1.0,1.0,17210,M,4545800.0,-68600.0,17
201100005236,11,9,7,1430,1,1,1,2.0,3.0,17362,M,0.0,0.0,17
201100005237,11,12,10,1230,1,1,1,1.0,6.0,17129,M,0.0,0.0,17
201100005238,11,1,5,915,1,1,1,9.0,3.0,17038,M,4516400.0,-31900.0,17
201100005239,11,3,26,700,1,1,1,1.0,6.0,17074,M,4521300.0,-42000.0,17
201100005240,11,6,17,1815,1,1,1,9.0,1.0,17092,M,4533900.0,-41800.0,17
201100005241,11,6,20,1600,1,2,1,7.0,3.0,17243,M,4524600.0,-27000.0,17
201100005242,11,6,26,615,2,1,1,1.0,6.0,17118,M,4524100.0,-40600.0,17
201100005243,11,8,20,1400,1,1,1,1.0,3.0,17269,M,4524000.0,-25000.0,17
201100005244,11,11,27,1815,3,1,1,1.0,6.0,17458,M,4536600.0,-30600.0,17
201100005245,11,3,20,1030,1,1,1,1.0,1.0,17077,M,4514500.0,-21000.0,17
201100005246,11,8,10,1145,1,1,1,1.0,1.0,17260,M,0.0,0.0,17
201100005247,11,2,9,730,2,1,1,1.0,1.0,17185,M,4574500.0,-97200.0,17
201100005248,11,7,2,745,1,1,1,1.0,5.0,17219,M,0.0,0.0,17
201100005249,11,7,24,1715,1,1,1,1.0,2.0,17406,M,4576700.0,-97900.0,17
201100005250,11,7,26,30,3,2,1,1.0,7.0,17219,M,0.0,0.0,17
201100005251,11,8,2,1815,1,1,1,1.0,5.0,17219,M,4580900.0,-113200.0,17
201100005252,11,8,14,1715,1,1,1,1.0,7.0,17351,M,0.0,0.0,17
201100005253,11,9,6,1715,1,1,1,1.0,3.0,17219,M,4583200.0,-112000.0,17
201100005254,11,10,16,1030,1,1,1,1.0,7.0,17219,M,4580700.0,-113300.0,17
201100005255,11,10,24,1245,1,2,1,2.0,1.0,17219,M,0.0,0.0,17
201100005256,11,11,1,400,5,2,1,2.0,6.0,17058,M,0.0,0.0,17
201100005257,11,11,11,545,3,1,1,1.0,6.0,17219,M,4582200.0,-111000.0,17
201100005258,11,12,5,1900,3,1,1,2.0,5.0,17189,M,0.0,0.0,17
201100005259,11,12,16,1615,1,2,1,2.0,4.0,17219,M,0.0,0.0,17
201100005260,11,1,17,1845,5,2,1,1.0,6.0,17429,M,0.0,0.0,17
201100005261,11,2,16,1200,1,2,1,1.0,1.0,17484,M,0.0,0.0,17
201100005262,11,5,1,230,3,1,1,2.0,6.0,17083,M,0.0,0.0,17
201100005263,11,9,19,945,1,2,1,1.0,6.0,17375,M,0.0,0.0,17
201100005264,11,2,3,1000,1,2,1,1.0,3.0,17385,M,0.0,0.0,17
201100005265,11,2,21,700,5,2,1,1.0,6.0,17385,M,0.0,0.0,17
201100005266,11,3,10,745,1,2,6,1.0,3.0,17385,M,0.0,0.0,17
201100005267,11,3,24,1300,1,1,1,1.0,2.0,17385,M,0.0,0.0,17
201100005268,11,3,29,1645,1,1,3,1.0,3.0,17140,M,0.0,0.0,17
201100005269,11,4,22,600,2,2,1,1.0,6.0,17385,M,0.0,0.0,17
201100005270,11,5,31,2300,5,2,6,1.0,3.0,17385,M,0.0,0.0,17
201100005271,11,7,7,2300,5,2,1,1.0,6.0,17337,M,0.0,0.0,17
201100005272,11,7,15,30,3,1,1,1.0,3.0,17385,M,0.0,0.0,17
201100005273,11,7,31,530,5,2,1,1.0,3.0,17337,M,0.0,0.0,17
201100005274,11,8,6,1115,1,2,1,2.0,7.0,17411,M,0.0,0.0,17
201100005275,11,8,15,45,3,1,1,2.0,5.0,17140,M,0.0,0.0,17
201100005276,11,8,12,1930,1,1,1,1.0,3.0,17140,M,0.0,0.0,17
201100005277,11,8,24,2045,5,2,1,1.0,1.0,17093,M,0.0,0.0,17
201100005278,11,8,28,1045,1,1,1,1.0,1.0,17093,M,0.0,0.0,17
201100005279,11,9,13,1115,1,1,1,1.0,6.0,17485,M,0.0,0.0,17
201100005280,11,10,3,1030,1,2,7,1.0,1.0,17337,M,4597600.0,-134700.0,17
201100005281,11,11,16,715,3,1,1,1.0,7.0,17093,M,0.0,0.0,17
201100005282,11,11,17,2200,3,1,1,1.0,7.0,17385,M,4595200.0,-132300.0,17
201100005283,11,11,30,1545,1,2,1,1.0,1.0,17093,M,0.0,0.0,17
201100005284,11,1,14,115,5,2,1,1.0,2.0,17021,M,0.0,0.0,17
201100005285,11,2,5,830,1,1,1,1.0,5.0,17409,M,4569900.0,-99100.0,17
201100005286,11,2,18,830,1,1,1,5.0,4.0,17409,M,4567700.0,-105200.0,17
201100005287,11,3,11,1200,1,1,9,1.0,3.0,17064,M,4571000.0,-106100.0,17
201100005288,11,5,7,1845,1,1,1,1.0,7.0,17155,M,0.0,0.0,17
201100005289,11,5,25,2245,5,2,1,1.0,1.0,17452,M,4577600.0,-114100.0,17
201100005290,11,8,1,2230,3,1,1,1.0,6.0,17064,M,4571100.0,-106100.0,17
201100005291,11,7,28,1215,1,1,1,1.0,2.0,17452,M,4569300.0,-105700.0,17
201100005292,11,8,31,1300,1,2,1,1.0,3.0,17155,M,0.0,0.0,17
201100005293,11,10,21,930,1,2,1,1.0,1.0,17155,M,4573600.0,-109800.0,17
201100005294,11,10,29,1900,3,2,1,1.0,2.0,17021,M,4575100.0,-113200.0,17
201100005295,11,1,30,715,2,1,1,1.0,6.0,17075,M,0.0,0.0,17
201100005296,11,4,13,2200,3,1,1,1.0,6.0,17353,M,0.0,0.0,17
201100005297,11,5,14,1230,1,1,1,1.0,2.0,17346,M,0.0,0.0,17
201100005298,11,8,23,1615,1,1,1,1.0,1.0,17216,M,4596600.0,-76800.0,17
201100005299,11,11,25,815,2,1,1,2.0,7.0,17246,M,0.0,0.0,17
201100005300,11,11,15,1830,5,2,1,1.0,6.0,17216,M,0.0,0.0,17
201100005301,11,12,3,2215,3,1,1,1.0,3.0,17483,M,0.0,0.0,17
201100005302,11,2,27,430,3,1,1,1.0,7.0,17018,M,0.0,0.0,17
201100005303,11,3,4,30,3,2,1,1.0,6.0,17338,M,0.0,0.0,17
201100005304,11,4,4,115,5,2,1,1.0,6.0,17933,M,0.0,0.0,17
201100005305,11,4,19,300,5,2,1,1.0,6.0,17434,M,0.0,0.0,17
201100005306,11,5,12,1015,1,1,1,1.0,3.0,17394,M,0.0,0.0,17
201100005307,11,5,18,1700,1,1,2,1.0,3.0,17447,M,4610000.0,-94000.0,17
201100005308,11,5,27,1130,1,1,1,1.0,6.0,17293,M,0.0,0.0,17
201100005309,11,5,28,1215,3,2,1,1.0,6.0,17359,M,0.0,0.0,17
201100005310,11,6,14,1845,1,1,1,1.0,3.0,17394,M,0.0,0.0,17
201100005311,11,8,2,1500,1,1,2,1.0,3.0,17394,M,0.0,0.0,17
201100005312,11,8,13,545,2,1,1,1.0,6.0,17394,M,0.0,0.0,17
201100005313,11,9,23,1915,1,1,1,1.0,3.0,17359,M,0.0,0.0,17
201100005314,11,12,9,1715,2,1,1,1.0,1.0,17003,M,0.0,0.0,17
201100005315,11,1,4,530,3,1,1,1.0,6.0,17143,M,0.0,0.0,17
201100005316,11,1,6,1145,1,2,2,1.0,3.0,17387,M,0.0,0.0,17
201100005317,11,1,19,2115,5,2,1,1.0,6.0,17171,M,0.0,0.0,17
201100005318,11,2,6,600,5,2,1,1.0,1.0,17164,M,0.0,0.0,17
201100005319,11,2,26,1915,3,1,1,1.0,3.0,17444,M,0.0,0.0,17
201100005320,11,4,1,1515,1,1,1,1.0,6.0,17284,M,4583400.0,-84800.0,17
201100005321,11,4,15,1745,1,1,1,1.0,2.0,17336,M,4576800.0,-69800.0,17
201100005322,11,5,4,1430,1,2,1,1.0,1.0,17030,M,4574700.0,-83800.0,17
201100005323,11,5,5,1715,1,1,1,1.0,7.0,17102,M,4571000.0,-65700.0,17
201100005324,11,5,28,1845,1,1,1,1.0,1.0,17164,M,4575800.0,-59400.0,17
201100005325,11,6,1,1830,1,1,1,1.0,4.0,17336,M,0.0,0.0,17
201100005326,11,6,7,800,1,1,1,2.0,3.0,17285,M,0.0,0.0,17
201100005327,11,6,10,945,1,1,1,2.0,7.0,17412,M,0.0,0.0,17
201100005328,11,6,15,215,3,1,1,1.0,1.0,17044,M,4566700.0,-59300.0,17
201100005329,11,6,12,230,3,1,1,1.0,7.0,17415,M,0.0,0.0,17
201100005330,11,6,19,1745,1,1,2,1.0,3.0,17387,M,0.0,0.0,17
201100005331,11,7,10,1945,1,1,1,1.0,6.0,17030,M,0.0,0.0,17
201100005332,11,7,10,1245,1,1,1,1.0,2.0,17100,M,4569400.0,-43300.0,17
201100005333,11,8,9,2230,5,2,6,1.0,7.0,17444,M,0.0,0.0,17
201100005334,11,8,11,1745,1,1,1,7.0,3.0,17147,M,0.0,0.0,17
201100005335,11,9,2,1245,1,1,2,1.0,3.0,17389,M,0.0,0.0,17
201100005336,11,9,10,2045,3,1,1,1.0,1.0,17336,M,0.0,0.0,17
201100005337,11,9,10,2100,3,1,1,1.0,1.0,17045,M,4587200.0,-84300.0,17
201100005338,11,9,14,745,1,1,1,7.0,2.0,17100,M,0.0,0.0,17
201100005339,11,10,5,1900,1,1,1,1.0,1.0,17278,M,0.0,0.0,17
201100005340,11,11,12,2245,3,1,1,1.0,7.0,17389,M,0.0,0.0,17
201100005341,11,11,14,1600,1,1,1,1.0,1.0,17030,M,0.0,0.0,17
201100005342,11,2,22,1500,1,1,1,2.0,6.0,17145,M,0.0,0.0,17
201100005343,11,3,26,2000,3,1,1,8.0,1.0,17039,M,4552300.0,-56200.0,17
201100005344,11,3,30,1015,1,1,1,1.0,1.0,17273,M,4564200.0,-43900.0,17
201100005345,11,6,21,830,1,1,1,1.0,6.0,17469,M,0.0,0.0,17
201100005346,11,6,22,1415,1,1,2,1.0,3.0,17441,M,0.0,0.0,17
201100005347,11,6,23,130,3,1,1,1.0,7.0,17418,M,4567100.0,-44500.0,17
201100005348,11,7,4,330,3,1,1,1.0,7.0,17242,M,0.0,0.0,17
201100005349,11,7,31,1830,1,2,1,1.0,3.0,17283,M,0.0,0.0,17
201100005350,11,8,8,2215,3,1,1,1.0,6.0,17404,M,0.0,0.0,17
201100005351,11,8,28,1800,1,2,1,1.0,6.0,17283,M,4558300.0,-53100.0,17
201100005352,11,8,31,1930,1,1,1,1.0,7.0,17273,M,0.0,0.0,17
201100005353,11,9,27,830,1,1,1,1.0,6.0,17283,M,0.0,0.0,17
201100005354,11,10,4,1800,1,1,1,1.0,5.0,17283,M,4557700.0,-57700.0,17
201100005355,11,10,31,745,1,1,1,1.0,6.0,17027,M,0.0,0.0,17
201100005356,11,3,14,800,1,1,1,1.0,3.0,17393,M,4568400.0,-86800.0,17
201100005357,11,5,26,1830,1,1,1,1.0,1.0,17131,M,0.0,0.0,17
201100005358,11,6,1,1615,1,1,1,1.0,3.0,17393,M,0.0,0.0,17
201100005359,11,6,21,2115,1,1,2,1.0,3.0,17183,M,0.0,0.0,17
201100005360,11,7,5,845,1,1,1,1.0,1.0,17230,M,0.0,0.0,17
201100005361,11,7,21,830,1,1,1,8.0,1.0,17307,M,0.0,0.0,17
201100005362,11,7,28,300,3,2,1,1.0,6.0,17230,M,4557400.0,-97100.0,17
201100005363,11,7,30,845,1,1,1,1.0,5.0,17160,M,0.0,0.0,17