Num_Acc,an,mois,jour,hrmn,lum,agg,int,atm,col,com,gps,lat,long,dep
201100005364,11,8,23,845,1,2,2,1.0,3.0,17131,M,0.0,0.0,17
201100005365,11,8,23,1415,1,1,1,1.0,6.0,17393,M,4569100.0,-83800.0,17
201100005366,11,9,1,2345,5,2,1,1.0,1.0,17421,M,0.0,0.0,17
201100005367,11,9,3,400,3,1,1,1.0,6.0,17228,M,0.0,0.0,17
201100005368,11,9,27,1745,1,2,1,1.0,6.0,17421,M,0.0,0.0,17
201100005369,11,10,19,700,2,1,1,1.0,6.0,17425,M,0.0,0.0,17
201100005370,11,12,3,1200,1,1,1,2.0,6.0,17393,M,4569800.0,-85200.0,17
201100005371,11,12,6,715,5,2,1,1.0,3.0,17131,M,0.0,0.0,17
201100005372,11,12,19,2000,3,1,1,1.0,6.0,17183,M,0.0,0.0,17
201100005373,11,1,18,1815,3,1,1,5.0,2.0,17347,M,0.0,0.0,17
201100005374,11,2,14,1130,1,1,1,1.0,1.0,17344,M,0.0,0.0,17
201100005375,11,3,10,1630,1,2,6,1.0,3.0,17347,M,0.0,0.0,17
201100005376,11,3,20,300,3,1,1,1.0,6.0,17022,M,0.0,0.0,17
201100005377,11,4,21,1400,1,2,1,1.0,3.0,17435,M,4590600.0,-61900.0,17
201100005378,11,5,23,830,1,2,1,1.0,3.0,17347,M,0.0,0.0,17
201100005379,11,5,28,930,1,1,1,1.0,4.0,17347,M,4596900.0,-73000.0,17
201100005380,11,6,5,1100,1,1,1,1.0,2.0,17277,M,0.0,0.0,17
201100005381,11,6,25,1900,1,2,1,1.0,7.0,17013,M,0.0,0.0,17
201100005382,11,7,28,1515,1,1,1,1.0,5.0,17022,M,4591200.0,-52400.0,17
201100005383,11,8,4,1745,1,1,1,1.0,6.0,17397,M,0.0,0.0,17
201100005384,11,8,8,1630,1,1,2,1.0,3.0,17440,M,0.0,0.0,17
201100005385,11,8,9,1530,3,2,1,1.0,1.0,17277,M,0.0,0.0,17
201100005386,11,8,21,1815,1,1,1,1.0,1.0,17347,M,0.0,0.0,17
201100005387,11,8,26,1200,1,2,1,1.0,6.0,17347,M,0.0,0.0,17
201100005388,11,9,23,1615,1,1,1,1.0,5.0,17254,M,4603800.0,-62100.0,17
201100005389,11,10,9,530,3,1,1,1.0,7.0,17374,M,4587200.0,-44500.0,17
201100005390,11,10,12,700,3,1,1,1.0,6.0,17448,M,4596700.0,-70100.0,17
201100005391,11,10,14,1730,2,1,2,7.0,3.0,17321,M,0.0,0.0,17
201100005392,11,11,3,1700,2,1,2,1.0,3.0,17459,M,4591300.0,-42600.0,17
201100005393,11,11,24,1845,3,1,1,1.0,1.0,17397,M,0.0,0.0,17
201100005394,11,12,22,1800,5,2,1,1.0,5.0,17347,M,0.0,0.0,17
201100005395,11,12,24,1145,1,2,2,1.0,3.0,17347,M,0.0,0.0,17
201100005396,11,12,29,1800,3,1,1,2.0,6.0,17017,M,4592300.0,-70400.0,17
201100005397,11,3,18,2145,3,1,2,8.0,3.0,17101,M,4599100.0,-34200.0,17
201100005398,11,3,28,815,2,1,1,5.0,1.0,17474,M,0.0,0.0,17
201100005399,11,4,6,1530,1,2,1,1.0,3.0,17024,M,0.0,0.0,17
201100005400,11,5,24,930,1,1,1,1.0,6.0,17257,M,0.0,0.0,17
201100005401,11,6,25,545,3,1,1,1.0,7.0,17139,M,4614500.0,-58100.0,17
201100005402,11,9,3,615,1,1,1,1.0,7.0,17043,M,0.0,0.0,17
201100005403,11,9,17,1930,1,2,1,1.0,6.0,17471,M,0.0,0.0,17
201100005404,11,11,30,1330,1,1,2,1.0,3.0,17367,M,0.0,0.0,17
201100005405,11,4,8,630,2,2,1,1.0,1.0,17025,M,4588200.0,-39700.0,17
201100005406,11,4,19,1830,1,1,1,1.0,1.0,17224,M,4586800.0,-30800.0,17
201100005407,11,7,31,500,2,2,1,1.0,6.0,17224,M,4587100.0,-31900.0,17
201100005408,11,9,16,1645,1,2,1,1.0,3.0,17135,M,4591900.0,-21700.0,17
201100005409,11,11,20,1845,3,1,1,1.0,6.0,17224,M,4584900.0,-30800.0,17
201100005410,11,12,23,1500,1,1,1,2.0,1.0,17025,M,0.0,0.0,17
201100005411,11,2,9,1430,1,1,1,1.0,2.0,79130,M,0.0,0.0,79
201100005412,11,4,16,1515,1,1,1,1.0,1.0,79031,M,0.0,0.0,79
201100005413,11,3,20,1430,1,2,1,1.0,7.0,79066,M,0.0,0.0,79
201100005414,11,5,24,1200,1,1,1,1.0,1.0,79351,M,0.0,0.0,79
201100005415,11,6,19,100,3,1,1,1.0,5.0,79263,M,0.0,0.0,79
201100005416,11,8,2,1800,1,1,2,3.0,3.0,79104,M,0.0,0.0,79
201100005417,11,9,6,915,1,2,1,1.0,6.0,79101,M,0.0,0.0,79
201100005418,11,10,2,230,3,2,3,1.0,7.0,79351,M,0.0,0.0,79
201100005419,11,10,13,1800,1,1,9,1.0,1.0,79066,M,0.0,0.0,79
201100005420,11,11,20,1930,3,1,1,1.0,1.0,79066,M,0.0,0.0,79
201100005421,11,1,23,1530,1,2,6,1.0,7.0,79034,M,0.0,0.0,79
201100005422,11,1,26,1830,3,1,1,3.0,1.0,79355,M,0.0,0.0,79
201100005423,11,2,19,1530,1,2,1,1.0,7.0,79257,M,0.0,0.0,79
201100005424,11,2,22,1930,3,1,1,1.0,7.0,79334,M,0.0,0.0,79
201100005425,11,3,18,1615,1,2,6,1.0,6.0,79034,M,0.0,0.0,79
201100005426,11,4,2,1530,1,1,2,1.0,3.0,79298,M,0.0,0.0,79
201100005427,11,4,8,1730,1,2,1,1.0,2.0,79355,M,0.0,0.0,79
201100005428,11,5,29,1915,1,1,1,1.0,5.0,79130,M,0.0,0.0,79
201100005429,11,6,1,1700,1,1,1,1.0,6.0,79216,M,0.0,0.0,79
201100005430,11,6,12,1730,1,1,1,1.0,1.0,79130,M,0.0,0.0,79
201100005431,11,6,21,1645,1,2,1,1.0,6.0,79170,M,0.0,0.0,79
201100005432,11,7,26,930,1,1,1,1.0,7.0,79100,M,0.0,0.0,79
201100005433,11,8,1,2200,2,1,1,1.0,6.0,79078,M,0.0,0.0,79
201100005434,11,8,3,900,1,1,1,8.0,1.0,79125,M,0.0,0.0,79
201100005435,11,8,8,1900,1,1,2,1.0,3.0,79334,M,0.0,0.0,79
201100005436,11,8,9,845,1,1,1,1.0,5.0,79216,M,0.0,0.0,79
201100005437,11,8,23,1900,1,2,3,1.0,1.0,79170,M,0.0,0.0,79
201100005438,11,9,1,915,1,1,1,1.0,6.0,79058,M,0.0,0.0,79
201100005439,11,9,3,915,1,1,1,1.0,7.0,79127,M,0.0,0.0,79
201100005440,11,9,18,545,3,1,1,1.0,6.0,79170,M,0.0,0.0,79
201100005441,11,10,5,730,2,1,1,5.0,1.0,79137,M,0.0,0.0,79
201100005442,11,10,16,615,3,1,1,1.0,6.0,79078,M,0.0,0.0,79
201100005443,11,10,26,1000,1,1,1,1.0,1.0,79078,M,0.0,0.0,79
201100005444,11,11,9,1745,2,1,1,8.0,2.0,79058,M,0.0,0.0,79
201100005445,11,11,26,400,3,2,1,2.0,6.0,79304,M,0.0,0.0,79
201100005446,11,11,26,1945,3,1,1,5.0,1.0,79170,M,0.0,0.0,79
201100005447,11,12,9,2130,3,1,1,1.0,6.0,79130,M,0.0,0.0,79
201100005448,11,1,16,715,3,2,1,1.0,6.0,79048,M,0.0,0.0,79
201100005449,11,3,25,1030,1,1,1,1.0,1.0,79201,M,0.0,0.0,79
201100005450,11,5,8,900,1,1,1,1.0,2.0,79319,M,0.0,0.0,79
201100005451,11,5,14,2330,5,2,1,1.0,6.0,79270,M,0.0,0.0,79
201100005452,11,5,15,345,4,2,1,1.0,6.0,79048,M,0.0,0.0,79
201100005453,11,5,22,915,1,1,1,1.0,1.0,79048,M,0.0,0.0,79
201100005454,11,6,5,700,2,1,1,1.0,6.0,79302,M,0.0,0.0,79
201100005455,11,7,11,1715,1,1,2,1.0,1.0,79024,M,0.0,0.0,79
201100005456,11,9,13,1500,1,1,1,3.0,6.0,79042,M,0.0,0.0,79
201100005457,11,11,12,715,3,1,1,1.0,3.0,79024,M,0.0,0.0,79
201100005458,11,11,17,1015,1,1,1,1.0,1.0,79189,M,0.0,0.0,79
201100005459,11,12,2,1815,3,1,9,1.0,3.0,79316,M,0.0,0.0,79
201100005460,11,4,17,600,2,1,1,1.0,6.0,79049,M,0.0,0.0,79
201100005461,11,6,18,2345,3,1,1,1.0,7.0,79049,M,0.0,0.0,79
201100005462,11,6,26,1230,1,1,1,1.0,1.0,79049,M,0.0,0.0,79
201100005463,11,9,17,2345,3,1,9,1.0,7.0,79116,M,0.0,0.0,79
201100005464,11,11,29,1830,5,2,2,2.0,3.0,79049,M,0.0,0.0,79
201100005465,11,12,16,745,5,2,1,6.0,6.0,79049,M,0.0,0.0,79
201100005466,11,12,29,815,2,1,1,9.0,7.0,79116,M,0.0,0.0,79
201100005467,11,2,10,1600,1,1,1,1.0,6.0,79062,M,0.0,0.0,79
201100005468,11,5,26,1730,1,2,2,1.0,3.0,79210,M,0.0,0.0,79
201100005469,11,5,28,2230,2,1,1,1.0,7.0,79079,M,0.0,0.0,79
201100005470,11,6,4,1115,1,1,1,1.0,2.0,79210,M,0.0,0.0,79
201100005471,11,6,24,2330,3,1,1,1.0,3.0,79235,M,0.0,0.0,79
201100005472,11,7,13,2230,3,1,1,1.0,7.0,79096,M,0.0,0.0,79
201100005473,11,9,8,700,1,1,1,1.0,1.0,79123,M,0.0,0.0,79
201100005474,11,10,24,1715,1,1,1,3.0,5.0,79079,M,0.0,0.0,79
201100005475,11,10,29,1800,1,1,2,8.0,3.0,79079,M,0.0,0.0,79
201100005476,11,11,17,700,2,1,2,9.0,3.0,79195,M,0.0,0.0,79
201100005477,11,1,23,1030,1,1,2,1.0,3.0,79013,M,0.0,0.0,79
201100005478,11,2,17,1715,1,1,1,1.0,1.0,79157,M,0.0,0.0,79
201100005479,11,3,6,1930,3,1,1,1.0,3.0,79203,M,4697600.0,-6900.0,79
201100005480,11,3,31,2200,3,1,1,1.0,6.0,79102,M,0.0,0.0,79
201100005481,11,4,10,615,3,2,1,1.0,6.0,79056,M,0.0,0.0,79
201100005482,11,4,17,2000,1,2,2,1.0,1.0,79250,M,0.0,0.0,79
201100005483,11,6,4,1230,1,1,1,1.0,7.0,79132,M,0.0,0.0,79
201100005484,11,6,10,1730,1,2,1,1.0,6.0,79292,M,0.0,0.0,79
201100005485,11,6,15,1900,1,1,3,1.0,6.0,79171,M,0.0,0.0,79
201100005486,11,7,15,1115,1,1,4,1.0,3.0,79157,M,0.0,0.0,79
201100005487,11,8,24,2130,5,1,1,1.0,6.0,79299,M,0.0,0.0,79
201100005488,11,9,5,830,1,1,4,7.0,3.0,79265,M,0.0,0.0,79
201100005489,11,10,18,1800,2,1,1,2.0,6.0,79187,M,0.0,0.0,79
201100005490,11,10,7,1615,1,1,1,1.0,1.0,79157,M,0.0,0.0,79
201100005491,11,10,23,1145,1,1,1,1.0,1.0,79244,M,0.0,0.0,79
201100005492,11,10,26,2030,2,1,1,1.0,6.0,79178,M,0.0,0.0,79
201100005493,11,11,9,815,1,1,1,1.0,5.0,79157,M,0.0,0.0,79
201100005494,11,12,3,1945,3,1,1,2.0,1.0,79014,M,0.0,0.0,79
201100005495,11,1,26,600,3,1,1,1.0,1.0,79279,M,0.0,0.0,79
201100005496,11,3,18,1715,1,1,2,8.0,3.0,79174,M,0.0,0.0,79
201100005497,11,4,15,1045,1,2,1,1.0,4.0,79061,M,0.0,0.0,79
201100005498,11,4,24,1015,1,1,2,1.0,3.0,79158,M,0.0,0.0,79
201100005499,11,5,17,1945,1,1,1,1.0,6.0,79312,M,0.0,0.0,79
201100005500,11,8,3,1330,1,1,1,1.0,3.0,79301,M,0.0,0.0,79
201100005501,11,9,8,1045,1,2,1,3.0,2.0,79174,M,0.0,0.0,79
201100005502,11,9,13,1330,1,2,2,2.0,1.0,79061,M,0.0,0.0,79
201100005503,11,9,20,745,1,1,2,1.0,3.0,79004,M,0.0,0.0,79
201100005504,11,9,24,1400,1,1,1,1.0,7.0,79327,M,0.0,0.0,79
201100005505,11,10,9,730,2,1,1,1.0,1.0,79064,M,0.0,0.0,79
201100005506,11,10,10,830,1,1,1,8.0,1.0,79061,M,0.0,0.0,79
201100005507,11,12,30,1445,1,1,1,3.0,6.0,79174,M,0.0,0.0,79
201100005508,11,3,21,1700,1,1,1,1.0,7.0,79152,M,0.0,0.0,79
201100005509,11,6,2,2245,5,2,2,1.0,3.0,79011,M,0.0,0.0,79
201100005510,11,7,13,1645,1,1,3,1.0,1.0,79148,M,0.0,0.0,79
201100005511,11,8,18,1600,1,1,3,1.0,3.0,79180,M,0.0,0.0,79
201100005512,11,12,19,130,4,2,1,1.0,6.0,79122,M,0.0,0.0,79
201100005513,11,1,15,930,1,1,1,1.0,6.0,79213,M,0.0,0.0,79
201100005514,11,1,19,1045,1,1,2,1.0,3.0,79080,M,0.0,0.0,79
201100005515,11,2,18,1800,1,1,6,1.0,3.0,79322,M,0.0,0.0,79
201100005516,11,3,11,730,1,1,1,1.0,6.0,79068,M,0.0,0.0,79
201100005517,11,5,6,900,1,1,1,1.0,1.0,79002,M,0.0,0.0,79
201100005518,11,6,8,1815,1,1,2,1.0,3.0,79029,M,0.0,0.0,79
201100005519,11,6,16,1900,1,1,2,1.0,6.0,79080,M,0.0,0.0,79
201100005520,11,6,23,1130,1,2,1,1.0,3.0,79202,M,0.0,0.0,79
201100005521,11,7,1,1500,1,1,1,1.0,7.0,79121,M,0.0,0.0,79
201100005522,11,7,4,945,1,1,1,1.0,1.0,79341,M,0.0,0.0,79
201100005523,11,7,11,1530,1,1,1,1.0,3.0,79080,M,0.0,0.0,79
201100005524,11,8,6,1610,1,2,1,2.0,6.0,79080,M,0.0,0.0,79
201100005525,11,8,7,400,3,1,1,8.0,6.0,79080,M,0.0,0.0,79
201100005526,11,8,21,1600,1,1,1,1.0,1.0,79008,M,0.0,0.0,79
201100005527,11,8,24,1145,1,1,3,1.0,2.0,79202,M,0.0,0.0,79
201100005528,11,9,10,1730,1,1,1,1.0,7.0,79285,M,0.0,0.0,79
201100005529,11,10,7,2000,5,2,6,1.0,6.0,79202,M,0.0,0.0,79
201100005530,11,11,7,800,2,1,1,8.0,6.0,79071,M,0.0,0.0,79
201100005531,11,11,26,1130,1,1,1,8.0,1.0,79068,M,0.0,0.0,79
201100005532,11,12,10,1230,1,1,1,1.0,5.0,79029,M,0.0,0.0,79
201100005533,11,12,17,2345,5,2,1,8.0,6.0,79202,M,0.0,0.0,79
201100005534,11,12,18,1530,1,1,1,1.0,1.0,79008,M,0.0,0.0,79
201100005535,11,2,19,1230,1,2,1,8.0,3.0,79005,M,0.0,0.0,79
201100005536,11,4,9,1530,1,1,1,1.0,1.0,79326,M,0.0,0.0,79
201100005537,11,4,23,1600,1,1,1,1.0,7.0,79326,M,0.0,0.0,79
201100005538,11,5,25,1215,1,1,1,1.0,3.0,79156,M,0.0,0.0,79
201100005539,11,8,1,1100,1,1,1,1.0,7.0,79260,M,0.0,0.0,79
201100005540,11,8,4,1430,1,1,2,1.0,6.0,79165,M,0.0,0.0,79
201100005541,11,10,19,1245,1,1,1,1.0,5.0,79135,M,0.0,0.0,79
201100005542,11,2,5,130,3,1,1,8.0,2.0,79069,M,0.0,0.0,79
201100005543,11,4,9,1345,1,1,1,1.0,6.0,79025,M,0.0,0.0,79
201100005544,11,4,11,2030,2,1,1,1.0,1.0,79311,M,0.0,0.0,79
201100005545,11,4,17,2245,3,1,1,1.0,3.0,79190,M,0.0,0.0,79
201100005546,11,4,25,1800,1,2,1,1.0,1.0,79311,M,0.0,0.0,79
201100005547,11,5,4,1630,1,1,1,1.0,1.0,79076,M,0.0,0.0,79
201100005548,11,5,27,615,2,2,1,1.0,6.0,79076,M,0.0,0.0,79
201100005549,11,7,16,1715,1,2,3,2.0,3.0,79311,M,0.0,0.0,79
201100005550,11,10,2,2015,3,1,1,1.0,1.0,79239,M,0.0,0.0,79
201100005551,11,10,6,915,1,1,1,1.0,6.0,79190,M,0.0,0.0,79
201100005552,11,10,8,1445,1,1,4,1.0,3.0,79311,M,0.0,0.0,79
201100005553,11,10,20,1430,1,1,2,1.0,1.0,79094,M,0.0,0.0,79
201100005554,11,11,5,600,2,2,1,2.0,6.0,79179,M,0.0,0.0,79
201100005555,11,1,13,645,3,1,1,2.0,5.0,87202,M,,,87
201100005556,11,1,14,1745,1,2,1,1.0,1.0,87001,M,,,87
201100005557,11,2,18,945,1,1,1,5.0,2.0,87107,M,4593110.0,119471.0,87
201100005558,11,4,9,1745,1,1,2,1.0,3.0,87015,M,4577780.0,117978.0,87
201100005559,11,5,13,2300,5,2,1,1.0,3.0,87001,M,4580130.0,114992.0,87
201100005560,11,5,18,1515,1,1,1,1.0,1.0,87152,M,4595670.0,120688.0,87
201100005561,11,7,2,100,5,1,1,1.0,6.0,87038,M,4591240.0,123890.0,87
201100005562,11,7,29,1230,1,1,1,1.0,1.0,87202,M,4587470.0,110656.0,87
201100005563,11,9,19,800,1,2,2,2.0,3.0,87001,M,4579440.0,113692.0,87
201100005564,11,10,27,1700,1,1,1,1.0,3.0,87201,M,0.0,0.0,87
201100005565,11,12,4,1700,2,2,1,3.0,1.0,87001,M,4579800.0,115100.0,87
201100005566,11,12,11,1400,1,1,1,2.0,6.0,87152,M,0.0,0.0,87
201100005567,11,1,7,1030,1,1,1,1.0,1.0,87125,M,4589860.0,130827.0,87
201100005568,11,3,22,2015,3,1,1,1.0,1.0,87157,M,4595460.0,147709.0,87
201100005569,11,6,5,900,1,1,1,1.0,7.0,87157,M,4599780.0,143870.0,87
201100005570,11,6,17,2000,1,1,1,1.0,1.0,87125,M,4591420.0,133185.0,87
201100005571,11,8,3,1900,1,1,1,1.0,1.0,87157,M,4596530.0,148914.0,87
201100005572,11,8,14,1715,1,1,1,3.0,2.0,87125,M,4589800.0,130757.0,87
201100005573,11,12,20,1830,3,1,1,2.0,5.0,87125,M,0.0,0.0,87
201100005574,11,12,29,745,2,1,1,9.0,7.0,87178,M,0.0,0.0,87
201100005575,11,12,30,1800,5,2,1,2.0,1.0,87125,M,0.0,0.0,87
201100005576,11,12,25,1545,1,1,1,1.0,6.0,87170,M,0.0,0.0,87
201100005577,11,3,4,2315,3,1,1,1.0,7.0,87105,M,,,87
201100005578,11,6,23,830,1,1,1,1.0,1.0,87004,M,4578300.0,169132.0,87
201100005579,11,7,14,2315,3,2,1,1.0,6.0,87040,M,4571570.0,161033.0,87
201100005580,11,1,5,715,3,1,1,9.0,1.0,87161,M,4584650.0,149366.0,87
201100005581,11,2,26,2000,3,1,1,6.0,6.0,87161,M,4585460.0,150420.0,87
201100005582,11,3,13,1745,1,1,5,1.0,5.0,87070,M,4578980.0,146280.0,87
201100005583,11,12,10,1600,1,1,1,2.0,6.0,87005,M,4580200.0,139200.0,87
201100005584,11,2,18,730,3,1,1,5.0,5.0,87106,M,4568100.0,121799.0,87
201100005585,11,2,23,900,1,2,6,1.0,6.0,87187,M,4551560.0,120537.0,87
201100005586,11,3,26,930,1,1,1,1.0,2.0,87032,M,4563310.0,98640.0,87
201100005587,11,4,3,1845,1,1,1,2.0,6.0,87082,M,4558980.0,109036.0,87
201100005588,11,4,9,1745,1,2,1,1.0,3.0,87187,M,,,87
201100005589,11,6,4,1245,1,1,1,1.0,7.0,87187,M,4556940.0,121402.0,87
201100005590,11,6,19,1330,1,2,1,1.0,5.0,87106,M,4567730.0,118762.0,87
201100005591,11,6,27,1045,1,1,1,1.0,6.0,87127,M,4557810.0,126401.0,87
201100005592,11,10,2,1630,1,1,1,1.0,6.0,87112,M,4569900.0,101200.0,87
201100005593,11,10,16,2130,3,1,1,1.0,7.0,87124,M,0.0,0.0,87
201100005594,11,12,4,1730,1,1,1,1.0,1.0,87187,M,0.0,0.0,87
201100005595,11,1,27,2115,1,1,1,1.0,6.0,87011,M,4603890.0,104900.0,87
201100005596,11,2,2,730,2,1,1,9.0,1.0,87059,M,4619830.0,106886.0,87
201100005597,11,5,23,1330,1,1,6,1.0,3.0,87017,M,4612660.0,107375.0,87
201100005598,11,7,4,2330,3,1,1,1.0,6.0,87011,M,4613330.0,103871.0,87
201100005599,11,8,5,1515,1,1,1,1.0,1.0,87017,M,4611630.0,107519.0,87
201100005600,11,8,15,1915,1,1,1,2.0,1.0,87011,M,4610020.0,107622.0,87
201100005601,11,10,26,1930,3,1,1,1.0,3.0,87011,M,0.0,0.0,87
201100005602,11,10,28,1245,1,1,1,2.0,1.0,87172,M,0.0,0.0,87
201100005603,11,11,18,1245,1,1,1,1.0,1.0,87017,M,0.0,0.0,87
201100005604,11,11,19,900,1,1,1,1.0,3.0,87018,M,0.0,0.0,87
201100005605,11,12,11,15,3,1,1,8.0,3.0,87055,M,0.0,0.0,87
201100005606,11,12,16,345,3,1,1,6.0,6.0,87116,M,0.0,0.0,87
201100005607,11,12,23,2145,3,1,1,2.0,6.0,87155,M,0.0,0.0,87
201100005608,11,12,30,1700,2,1,1,2.0,7.0,87097,M,0.0,0.0,87
201100005609,11,2,4,1845,3,1,1,1.0,2.0,87014,M,0.0,0.0,87
201100005610,11,2,25,1030,1,1,1,1.0,7.0,87173,M,,,87
201100005611,11,5,15,745,1,1,1,1.0,6.0,87173,M,4606070.0,127913.0,87
201100005612,11,8,4,915,1,1,1,1.0,6.0,87045,M,4596480.0,104392.0,87
201100005613,11,8,12,1415,1,1,1,1.0,5.0,87033,M,4603950.0,112504.0,87
201100005614,11,10,1,2045,3,1,1,1.0,6.0,87173,M,4606800.0,126100.0,87
201100005615,11,4,30,1900,1,1,1,1.0,7.0,87057,M,4622720.0,123244.0,87
201100005616,11,6,23,2100,1,2,1,1.0,6.0,87180,M,4619910.0,129881.0,87
201100005617,11,11,17,1900,3,1,2,1.0,3.0,87089,M,0.0,0.0,87
201100005618,11,11,30,1745,2,2,1,1.0,6.0,87089,M,0.0,0.0,87
201100005619,11,12,4,2045,3,1,1,3.0,1.0,87182,M,0.0,0.0,87
201100005620,11,1,6,1630,1,2,1,2.0,6.0,87154,M,0.0,0.0,87
201100005621,11,2,1,1145,1,1,1,1.0,6.0,87110,M,4595140.0,101401.0,87
201100005622,11,2,12,1115,1,2,2,1.0,3.0,87154,M,4588900.0,90110.0,87
201100005623,11,4,8,1800,1,1,6,1.0,3.0,87126,M,4583760.0,84163.0,87
201100005624,11,5,4,1530,1,1,1,1.0,6.0,87199,M,4575840.0,84952.0,87
201100005625,11,6,16,1145,1,1,1,8.0,1.0,87030,M,4587650.0,89070.0,87
201100005626,11,8,13,1930,1,1,1,1.0,1.0,87030,M,4585550.0,86613.0,87
201100005627,11,8,23,500,5,2,1,1.0,7.0,87204,M,4578460.0,75852.0,87
201100005628,11,10,4,630,5,2,1,1.0,3.0,87154,M,0.0,0.0,87
201100005629,11,10,29,1345,1,2,1,8.0,3.0,87110,M,4594700.0,102299.0,87
201100005630,11,1,22,515,3,1,1,1.0,6.0,87137,M,4574290.0,80459.0,87
201100005631,11,2,13,730,2,1,1,1.0,1.0,87191,M,4575350.0,105974.0,87
201100005632,11,8,24,2015,1,1,1,1.0,6.0,87036,M,4573150.0,97750.0,87
201100005633,11,11,16,715,2,1,1,1.0,6.0,87111,M,,,87
201100005634,11,1,10,1415,1,1,3,1.0,3.0,19220,M,4528302.0,184594.0,19
201100005635,11,1,24,1200,1,1,1,1.0,6.0,19207,M,4527689.0,162521.0,19
201100005636,11,5,14,1345,1,1,1,2.0,5.0,19061,M,4520620.0,167501.0,19
201100005637,11,6,2,1445,1,1,1,1.0,5.0,19211,M,4518190.0,164541.0,19
201100005638,11,8,7,1530,1,1,1,1.0,1.0,19041,M,4527840.0,181341.0,19
201100005639,11,9,18,1830,1,1,1,8.0,6.0,19127,M,4518180.0,184886.0,19
201100005640,11,11,12,2000,3,1,1,1.0,6.0,19085,M,4530820.0,182265.0,19
201100005641,11,1,29,230,3,1,1,2.0,6.0,19004,M,4513112.0,178308.0,19
201100005642,11,2,23,1815,1,2,3,2.0,1.0,19010,M,4509370.0,193101.0,19
201100005643,11,3,26,1530,1,1,1,1.0,7.0,19192,M,4513750.0,186128.0,19
201100005644,11,4,17,230,3,1,1,1.0,6.0,19133,M,4501500.0,199400.0,19
201100005645,11,5,14,945,1,1,1,3.0,6.0,19084,M,4517900.0,185700.0,19
201100005646,11,6,24,1745,1,1,1,1.0,3.0,19007,M,4499180.0,185639.0,19
201100005647,11,7,9,245,3,1,1,1.0,6.0,19237,M,4513740.0,207819.0,19
201100005648,11,12,17,1130,1,1,1,8.0,6.0,19259,M,4501660.0,204073.0,19
201100005649,11,12,20,915,1,1,1,2.0,1.0,19084,M,4515940.0,186769.0,19
201100005650,11,1,26,1515,1,1,1,1.0,1.0,19176,M,4538066.0,201354.0,19
201100005651,11,6,28,1730,1,1,1,1.0,1.0,19145,M,4538570.0,206686.0,19
201100005652,11,8,29,1845,1,2,1,1.0,6.0,19073,M,4540130.0,203180.0,19
201100005653,11,10,26,1345,1,1,1,1.0,6.0,19073,M,4541710.0,205879.0,19
201100005654,11,1,1,500,3,1,1,8.0,6.0,19075,M,4525932.0,190227.0,19
201100005655,11,3,6,1000,1,2,1,1.0,6.0,19276,M,4542630.0,156727.0,19
201100005656,11,4,22,1815,1,2,1,1.0,6.0,19037,M,4543200.0,170392.0,19
201100005657,11,5,1,1700,1,1,1,1.0,3.0,19255,M,4535620.0,172541.0,19
201100005658,11,8,1,2345,3,1,1,1.0,6.0,19079,M,4543970.0,161112.0,19
201100005659,11,9,20,830,1,2,1,1.0,1.0,19118,M,4546830.0,172908.0,19
201100005660,11,10,5,1345,1,1,1,1.0,6.0,19213,M,4538160.0,167281.0,19
201100005661,11,11,12,1730,2,1,1,1.0,6.0,19250,M,4549010.0,153004.0,19
201100005662,11,3,7,700,2,2,6,9.0,6.0,19123,M,4516910.0,155996.0,19
201100005663,11,3,10,1830,1,1,1,1.0,6.0,19191,M,4510960.0,141652.0,19
201100005664,11,4,3,330,3,1,1,1.0,7.0,19229,M,0.0,0.0,19
201100005665,11,4,19,1330,1,1,1,1.0,6.0,19229,M,4513790.0,144937.0,19
201100005666,11,4,29,1400,1,1,1,1.0,3.0,19068,M,4516240.0,162442.0,19
201100005667,11,5,20,1330,1,2,3,1.0,3.0,19123,M,4516000.0,156761.0,19
201100005668,11,5,28,145,5,2,1,1.0,6.0,19123,M,4515820.0,155984.0,19
201100005669,11,6,9,1500,1,1,1,1.0,7.0,19123,M,4517810.0,159504.0,19
201100005670,11,8,2,1830,1,2,9,1.0,1.0,19123,M,4518120.0,158611.0,19
201100005671,11,8,4,1745,1,2,2,1.0,1.0,19066,M,4514360.0,130560.0,19
201100005672,11,8,8,2030,1,1,1,1.0,1.0,19043,M,4514730.0,162306.0,19
201100005673,11,9,4,1730,1,2,1,1.0,3.0,19123,M,4517060.0,156495.0,19
201100005674,11,9,15,1415,1,1,1,1.0,1.0,19124,M,4513370.0,139626.0,19
201100005675,11,9,26,945,1,2,1,1.0,1.0,19229,M,4515030.0,146895.0,19
201100005676,11,10,1,1445,1,2,1,1.0,6.0,19093,M,4507990.0,156035.0,19
201100005677,11,10,5,1515,1,1,1,1.0,2.0,19066,M,4514410.0,132547.0,19
201100005678,11,10,15,945,1,1,3,1.0,3.0,19063,M,4510470.0,158603.0,19
201100005679,11,10,19,1515,1,2,1,1.0,6.0,19123,M,4517440.0,157328.0,19
201100005680,11,11,12,1345,1,2,1,1.0,7.0,19066,M,4514410.0,130854.0,19
201100005681,11,11,19,2000,3,1,1,1.0,6.0,19066,M,4517620.0,130601.0,19
201100005682,11,5,12,2100,3,1,1,1.0,7.0,19023,M,4513250.0,176062.0,19
201100005683,11,7,1,1715,1,2,3,1.0,3.0,19019,M,4497710.0,184453.0,19
201100005684,11,7,27,1200,1,2,1,1.0,6.0,19019,M,4497890.0,183641.0,19
201100005685,11,9,25,2145,5,2,1,1.0,6.0,19138,M,4505430.0,167936.0,19
201100005686,11,10,4,1900,1,1,1,1.0,1.0,19273,M,4505450.0,157163.0,19
201100005687,11,10,31,530,3,1,1,1.0,6.0,19019,M,4503960.0,178674.0,19