Num_Acc,an,mois,jour,hrmn,lum,agg,int,atm,col,com,gps,lat,long,dep
201100005688,11,11,19,1845,5,1,1,1.0,3.0,19019,M,4500330.0,181388.0,19
201100005689,11,11,30,1645,2,1,1,7.0,1.0,19260,M,4498900.0,180685.0,19
201100005690,11,12,13,1845,5,2,1,3.0,6.0,19019,M,4497870.0,183758.0,19
201100005691,11,12,25,815,1,1,1,1.0,1.0,19169,M,4503830.0,177194.0,19
201100005692,11,1,9,1730,4,2,1,1.0,6.0,19005,M,4526004.0,147390.0,19
201100005693,11,5,5,1615,1,1,6,1.0,1.0,19278,M,4519170.0,145607.0,19
201100005694,11,7,20,945,1,1,2,8.0,3.0,19202,M,4521940.0,158556.0,19
201100005695,11,11,5,1345,1,2,1,8.0,3.0,19072,M,4523000.0,151474.0,19
201100005696,11,1,9,1815,5,2,1,9.0,6.0,19011,M,4539554.0,137973.0,19
201100005697,11,1,13,1745,2,1,1,8.0,6.0,19230,M,4542095.0,146670.0,19
201100005698,11,1,28,1730,1,1,3,1.0,3.0,19285,M,4536418.0,156993.0,19
201100005699,11,4,10,1800,1,2,1,1.0,6.0,19270,M,4538630.0,144271.0,19
201100005700,11,5,1,630,1,1,1,1.0,6.0,19011,M,4539690.0,135142.0,19
201100005701,11,7,9,1315,1,1,1,2.0,1.0,19243,M,4536350.0,137136.0,19
201100005702,11,5,3,1730,1,1,1,3.0,1.0,19094,M,4534100.0,132200.0,19
201100005703,11,8,21,1015,1,1,1,1.0,3.0,19182,M,4522320.0,139458.0,19
201100005704,11,10,19,1115,1,2,1,2.0,3.0,19187,M,4529970.0,136925.0,19
201100005705,11,10,21,1530,1,1,1,1.0,6.0,19059,M,4536130.0,132625.0,19
201100005706,11,10,30,1645,2,1,1,1.0,6.0,19187,M,4529960.0,136941.0,19
201100005707,11,12,6,1430,1,1,1,2.0,3.0,19182,M,4523410.0,137722.0,19
201100005708,11,5,28,715,1,1,6,1.0,6.0,19180,M,4551600.0,225500.0,19
201100005709,11,7,2,2330,3,1,1,1.0,7.0,19180,M,4548950.0,220322.0,19
201100005710,11,4,28,1630,1,2,1,1.0,3.0,19028,M,4540910.0,250269.0,19
201100005711,11,7,16,1030,1,1,1,1.0,6.0,19055,M,4543880.0,228676.0,19
201100005712,11,10,21,1915,2,1,1,1.0,3.0,19028,M,4537670.0,247854.0,19
201100005713,11,4,24,745,1,1,1,1.0,7.0,19058,M,4547030.0,215867.0,19
201100005714,11,5,22,615,1,2,1,1.0,6.0,19164,M,4570520.0,205194.0,19
201100005715,11,10,24,2015,3,1,1,3.0,6.0,19095,M,4567270.0,180140.0,19
201100005716,11,12,8,1100,1,1,1,2.0,1.0,19136,M,4552420.0,216150.0,19
201100005717,11,4,28,2200,3,1,1,1.0,6.0,23102,M,4622800.0,205600.0,23
201100005718,11,5,28,1645,1,2,1,1.0,6.0,23031,M,4635500.0,221800.0,23
201100005719,11,6,12,1845,1,1,1,1.0,1.0,23029,M,4629200.0,183500.0,23
201100005720,11,6,17,2045,1,1,1,1.0,3.0,23109,M,4637500.0,188500.0,23
201100005721,11,7,23,1745,1,1,1,1.0,6.0,23089,M,4636100.0,197900.0,23
201100005722,11,12,8,1212,1,1,1,1.0,7.0,23064,M,,,23
201100005723,11,1,2,1215,1,1,1,8.0,6.0,23026,M,4621700.0,228100.0,23
201100005724,11,2,14,1445,1,1,1,2.0,1.0,23114,M,4619000.0,230000.0,23
201100005725,11,3,11,815,1,1,1,1.0,7.0,23203,M,4615500.0,248200.0,23
201100005726,11,3,21,1545,1,1,1,1.0,6.0,23076,M,4618900.0,246600.0,23
201100005727,11,4,20,600,3,1,6,1.0,6.0,23093,M,4620500.0,223900.0,23
201100005728,11,5,21,600,1,2,1,1.0,6.0,23100,M,0.0,0.0,23
201100005729,11,7,17,1100,1,1,1,1.0,7.0,23261,M,4627600.0,241800.0,23
201100005730,11,9,13,1130,1,1,1,1.0,6.0,23100,M,,,23
201100005731,11,10,21,1715,1,1,1,1.0,1.0,23106,M,4624100.0,237700.0,23
201100005732,11,12,4,2115,3,1,1,2.0,6.0,23114,M,4619100.0,235700.0,23
201100005733,11,2,11,2230,3,1,1,1.0,6.0,23258,M,4631500.0,146200.0,23
201100005734,11,4,30,30,5,2,1,1.0,7.0,23039,M,0.0,0.0,23
201100005735,11,5,29,1015,1,1,1,1.0,1.0,23070,M,0.0,0.0,23
201100005736,11,9,1,1645,1,1,1,1.0,1.0,23207,M,4628900.0,156500.0,23
201100005737,11,9,15,1730,1,1,1,1.0,1.0,23263,M,0.0,0.0,23
201100005738,11,11,9,2100,3,2,1,1.0,6.0,23231,M,4615500.0,151200.0,23
201100005739,11,11,27,1700,5,2,1,1.0,6.0,23075,M,4630900.0,166700.0,23
201100005740,11,2,4,900,3,1,1,1.0,6.0,23220,M,4602300.0,214300.0,23
201100005741,11,2,16,1000,1,1,1,2.0,3.0,23229,M,0.0,0.0,23
201100005742,11,4,1,1515,1,1,2,1.0,4.0,23008,M,4596400.0,219500.0,23
201100005743,11,5,13,1245,1,1,1,1.0,6.0,23060,M,4597400.0,197400.0,23
201100005744,11,5,28,1500,1,1,1,1.0,2.0,23180,M,4595400.0,222900.0,23
201100005745,11,6,18,1945,1,1,1,1.0,1.0,23180,M,4598700.0,221400.0,23
201100005746,11,8,12,1245,1,1,1,1.0,1.0,23220,M,4603200.0,215900.0,23
201100005747,11,8,26,800,2,1,2,3.0,1.0,23097,M,0.0,0.0,23
201100005748,11,8,28,1600,1,1,2,1.0,1.0,23016,M,4593600.0,199300.0,23
201100005749,11,9,28,1715,1,1,2,1.0,3.0,23228,M,4593500.0,223700.0,23
201100005750,11,10,3,1800,1,2,1,7.0,6.0,23008,M,,,23
201100005751,11,12,5,1945,3,1,1,3.0,4.0,23097,M,4608300.0,219100.0,23
201100005752,11,7,3,1120,1,1,1,1.0,6.0,23073,M,,,23
201100005753,11,7,31,630,2,2,1,1.0,6.0,23116,M,4605300.0,239200.0,23
201100005754,11,8,9,1600,1,1,1,7.0,6.0,23013,M,4602400.0,249000.0,23
201100005755,11,9,28,900,1,1,1,1.0,1.0,23225,M,0.0,0.0,23
201100005756,11,10,31,300,3,1,1,1.0,7.0,23048,M,4601000.0,230300.0,23
201100005757,11,4,15,745,1,1,1,1.0,6.0,23125,M,4574400.0,214300.0,23
201100005758,11,5,6,1215,1,1,1,1.0,3.0,23125,M,4573400.0,220500.0,23
201100005759,11,12,14,645,3,1,1,6.0,6.0,23124,M,4610800.0,160000.0,23
201100005760,11,4,16,1945,1,2,1,1.0,6.0,23030,M,4595100.0,175600.0,23
201100005761,11,6,21,1130,1,2,1,1.0,6.0,23030,M,0.0,0.0,23
201100005762,11,8,26,1830,1,1,1,2.0,5.0,23230,M,4594100.0,165200.0,23
201100005763,11,10,12,1400,1,1,1,1.0,1.0,23181,M,4594000.0,167000.0,23
201100005764,11,3,21,1645,1,2,1,1.0,3.0,31044,M,0.0,0.0,31
201100005765,11,6,23,1415,1,1,1,8.0,6.0,31029,M,4355000.0,170200.0,31
201100005766,11,7,2,1115,1,1,2,1.0,5.0,31501,M,4366339.0,160720.0,31
201100005767,11,7,24,230,3,1,1,1.0,6.0,31439,M,4352600.0,164000.0,31
201100005768,11,9,5,2000,1,2,3,1.0,1.0,31573,M,4366200.0,166200.0,31
201100005769,11,9,28,2200,5,2,1,1.0,6.0,31389,M,4364333.0,152164.0,31
201100005770,11,9,30,1145,1,1,1,1.0,5.0,31163,M,0.0,0.0,31
201100005771,11,9,30,1245,1,1,1,1.0,1.0,31029,M,4355100.0,170200.0,31
201100005772,11,12,6,1815,5,2,1,2.0,3.0,31389,M,4362987.0,153593.0,31
201100005773,11,12,16,915,3,1,6,2.0,7.0,31573,M,4365400.0,165021.0,31
201100005774,11,2,1,1945,3,1,1,1.0,1.0,31004,M,4341800.0,158000.0,31
201100005775,11,2,15,845,1,2,1,1.0,1.0,31192,M,4350800.0,162000.0,31
201100005776,11,4,3,1345,1,2,1,1.0,6.0,31113,M,0.0,0.0,31
201100005777,11,4,8,1830,1,1,1,1.0,3.0,31575,M,4352440.0,142558.0,31
201100005778,11,5,9,1730,1,1,1,7.0,1.0,31025,M,0.0,0.0,31
201100005779,11,5,14,200,3,1,1,1.0,6.0,31448,M,0.0,0.0,31
201100005780,11,10,7,645,3,1,1,1.0,3.0,31048,M,4345100.0,163800.0,31
201100005781,11,10,27,1600,1,1,1,6.0,1.0,31259,M,0.0,0.0,31
201100005782,11,11,3,1200,1,1,1,6.0,3.0,31169,M,0.0,0.0,31
201100005783,11,12,13,830,1,2,1,1.0,1.0,31169,M,4352255.0,154257.0,31
201100005784,11,3,7,1715,1,1,1,1.0,6.0,31584,M,0.0,0.0,31
201100005785,11,3,20,1745,1,1,1,1.0,1.0,31583,M,0.0,0.0,31
201100005786,11,4,2,230,4,2,1,1.0,6.0,31202,M,4383700.0,139000.0,31
201100005787,11,4,2,1945,2,1,2,1.0,3.0,31584,M,0.0,0.0,31
201100005788,11,4,2,1930,1,1,1,1.0,6.0,31584,M,0.0,0.0,31
201100005789,11,4,20,1245,1,2,2,1.0,3.0,31584,M,4386300.0,149563.0,31
201100005790,11,5,3,2145,5,1,3,1.0,3.0,31583,M,4336200.0,184000.0,31
201100005791,11,5,8,1930,1,1,1,1.0,6.0,31581,M,4382060.0,145398.0,31
201100005792,11,6,10,2015,1,2,1,1.0,7.0,31118,M,4378615.0,135366.0,31
201100005793,11,7,18,1045,1,1,1,1.0,6.0,31584,M,0.0,0.0,31
201100005794,11,7,27,1415,1,1,2,1.0,3.0,31587,M,0.0,0.0,31
201100005795,11,8,2,500,3,1,1,1.0,5.0,31584,M,0.0,0.0,31
201100005796,11,11,18,445,5,2,1,1.0,6.0,31079,M,0.0,0.0,31
201100005797,11,12,5,2100,5,1,2,2.0,3.0,31579,M,0.0,0.0,31
201100005798,11,1,5,1715,3,1,1,1.0,6.0,31160,M,0.0,0.0,31
201100005799,11,1,22,1930,3,1,1,1.0,7.0,31232,M,0.0,0.0,31
201100005800,11,2,5,1530,1,2,1,1.0,1.0,31356,M,0.0,0.0,31
201100005801,11,2,14,900,1,1,1,2.0,6.0,31341,M,0.0,0.0,31
201100005802,11,2,23,745,1,2,1,8.0,3.0,31232,M,0.0,0.0,31
201100005803,11,2,24,645,3,1,3,8.0,3.0,31232,M,0.0,0.0,31
201100005804,11,3,23,1900,1,1,1,1.0,6.0,31356,M,0.0,0.0,31
201100005805,11,4,8,1015,1,2,3,7.0,3.0,31356,M,4368915.0,123516.0,31
201100005806,11,4,11,2030,3,1,1,1.0,6.0,31120,M,0.0,0.0,31
201100005807,11,5,2,2000,1,1,1,1.0,7.0,31553,M,4370490.0,117358.0,31
201100005808,11,5,10,1345,1,1,1,1.0,3.0,31232,M,4376726.0,126169.0,31
201100005809,11,5,11,1430,1,1,2,7.0,3.0,31592,M,0.0,0.0,31
201100005810,11,6,25,2230,5,2,1,1.0,6.0,31341,M,4372197.0,129833.0,31
201100005811,11,6,29,2000,1,1,1,1.0,1.0,31553,M,4368280.0,117020.0,31
201100005812,11,7,22,915,1,1,1,1.0,6.0,31341,M,0.0,0.0,31
201100005813,11,7,23,115,3,1,1,1.0,6.0,31507,M,4370990.0,122788.0,31
201100005814,11,8,13,1800,1,1,1,1.0,1.0,31232,M,0.0,0.0,31
201100005815,11,9,15,400,3,1,1,1.0,6.0,31232,M,0.0,0.0,31
201100005816,11,9,18,1800,1,1,1,1.0,6.0,31341,M,0.0,0.0,31
201100005817,11,10,1,1045,1,1,1,1.0,6.0,31089,M,0.0,0.0,31
201100005818,11,10,4,2100,5,2,1,1.0,6.0,31232,M,0.0,0.0,31
201100005819,11,10,17,1015,1,2,6,1.0,3.0,31232,M,4377038.0,128674.0,31
201100005820,11,10,21,700,2,1,4,1.0,6.0,31232,M,4374920.0,130564.0,31
201100005821,11,10,25,145,3,1,1,8.0,6.0,31341,M,0.0,0.0,31
201100005822,11,11,10,645,3,1,1,5.0,6.0,31281,M,4373630.0,119429.0,31
201100005823,11,11,17,800,1,1,1,1.0,1.0,31341,M,4373101.0,129206.0,31
201100005824,11,11,19,1700,1,2,2,1.0,3.0,31232,M,4377082.0,129604.0,31
201100005825,11,12,4,500,3,1,1,2.0,1.0,31403,M,0.0,0.0,31
201100005826,11,12,14,645,5,2,1,1.0,6.0,31232,M,0.0,0.0,31
201100005827,11,12,29,1145,1,1,1,1.0,3.0,31403,M,4378108.0,130543.0,31
201100005828,11,2,3,1745,1,2,1,1.0,3.0,31291,M,4360200.0,123100.0,31
201100005829,11,4,22,2015,1,2,1,1.0,6.0,31297,M,4367000.0,119500.0,31
201100005830,11,4,22,1915,1,2,9,1.0,6.0,31297,M,4366900.0,119500.0,31
201100005831,11,4,28,315,5,2,1,1.0,6.0,31291,M,4360400.0,123400.0,31
201100005832,11,6,4,1800,1,1,1,1.0,3.0,31417,M,4361878.0,125281.0,31
201100005833,11,6,25,2045,1,1,1,1.0,7.0,31291,M,4359300.0,122800.0,31
201100005834,11,9,11,1745,1,2,1,1.0,3.0,31291,M,0.0,0.0,31
201100005835,11,10,12,2130,5,2,6,1.0,7.0,31291,M,4360393.0,123022.0,31
201100005836,11,2,9,1300,1,2,1,1.0,1.0,31458,M,4351100.0,136100.0,31
201100005837,11,2,14,730,2,2,1,2.0,1.0,31433,M,4353656.0,141040.0,31
201100005838,11,3,5,1030,1,2,1,1.0,3.0,31433,M,4352210.0,139874.0,31
201100005839,11,3,12,430,3,1,1,6.0,6.0,31458,M,4351400.0,137384.0,31
201100005840,11,4,8,1730,1,2,1,7.0,1.0,31433,M,4352000.0,139000.0,31
201100005841,11,6,1,800,1,1,3,7.0,3.0,31433,M,4354400.0,137500.0,31
201100005842,11,6,14,1415,1,1,1,1.0,2.0,31433,M,4352100.0,138600.0,31
201100005843,11,7,17,1730,1,2,1,1.0,6.0,31433,M,4354700.0,141300.0,31
201100005844,11,8,5,415,3,1,1,1.0,2.0,31433,M,0.0,0.0,31
201100005845,11,9,23,1800,1,1,1,1.0,5.0,31420,M,4350100.0,139000.0,31
201100005846,11,12,20,915,1,1,1,2.0,2.0,31420,M,4349540.0,139421.0,31
201100005847,11,1,15,445,3,1,1,1.0,2.0,31490,M,4372500.0,137300.0,31
201100005848,11,2,12,300,5,1,1,1.0,6.0,31490,M,4373200.0,138100.0,31
201100005849,11,4,9,700,2,1,1,1.0,1.0,31079,M,4379600.0,141500.0,31
201100005850,11,5,23,1815,1,1,6,1.0,1.0,31182,M,0.0,0.0,31
201100005851,11,8,1,1430,1,2,1,1.0,6.0,31182,M,4369050.0,137520.0,31
201100005852,11,8,19,1545,1,1,1,1.0,2.0,31252,M,4373600.0,148800.0,31
201100005853,11,8,24,1415,1,1,1,1.0,3.0,31136,M,0.0,0.0,31
201100005854,11,9,2,1100,1,2,1,1.0,1.0,31182,M,0.0,0.0,31
201100005855,11,11,13,1600,1,1,1,1.0,6.0,31182,M,4369010.0,139673.0,31
201100005856,11,11,24,2330,4,1,1,5.0,6.0,31136,M,0.0,0.0,31
201100005857,11,11,27,1830,5,2,1,1.0,1.0,31182,M,4368088.0,138545.0,31
201100005858,11,1,13,845,1,1,1,8.0,1.0,31484,M,0.0,0.0,31
201100005859,11,2,3,1300,1,1,1,8.0,6.0,31459,M,0.0,0.0,31
201100005860,11,2,25,1515,1,2,1,1.0,7.0,31407,M,4375572.0,155965.0,31
201100005861,11,3,18,615,2,1,1,1.0,6.0,31273,M,0.0,0.0,31
201100005862,11,5,1,600,2,2,1,1.0,6.0,31462,M,0.0,0.0,31
201100005863,11,10,29,515,3,1,1,1.0,6.0,31117,M,0.0,0.0,31
201100005864,11,2,18,1730,1,1,1,1.0,5.0,31395,M,4344990.0,127641.0,31
201100005865,11,4,18,1530,1,1,3,1.0,3.0,31395,M,4344873.0,133647.0,31
201100005866,11,5,1,415,5,2,1,1.0,6.0,31395,M,4346600.0,132000.0,31
201100005867,11,5,19,915,1,1,1,1.0,6.0,31533,M,4348190.0,136852.0,31
201100005868,11,7,22,1400,1,2,1,1.0,1.0,31165,M,4342310.0,135566.0,31
201100005869,11,9,8,1930,1,1,1,1.0,3.0,31248,M,4346794.0,139783.0,31
201100005870,11,9,19,1630,1,1,1,1.0,6.0,31395,M,0.0,0.0,31
201100005871,11,10,3,1930,1,1,1,1.0,1.0,31395,M,0.0,0.0,31
201100005872,11,10,6,1715,1,1,1,1.0,1.0,31299,M,0.0,0.0,31
201100005873,11,11,18,1600,1,1,1,1.0,2.0,31395,M,4347050.0,125418.0,31
201100005874,11,1,15,30,3,1,1,1.0,6.0,31330,M,0.0,0.0,31
201100005875,11,3,12,945,1,1,1,6.0,5.0,31145,M,0.0,0.0,31
201100005876,11,4,1,1830,1,1,1,1.0,6.0,31128,M,0.0,0.0,31
201100005877,11,4,12,615,4,2,4,1.0,3.0,31033,M,0.0,0.0,31
201100005878,11,5,15,1130,1,2,7,1.0,6.0,31033,M,4335099.0,147409.0,31
201100005879,11,6,4,1745,1,2,1,1.0,6.0,31574,M,4343733.0,142892.0,31
201100005880,11,6,11,30,5,2,1,2.0,6.0,31033,M,4335034.0,147650.0,31
201100005881,11,7,18,930,1,2,1,1.0,2.0,31396,M,0.0,0.0,31
201100005882,11,8,5,1300,1,2,1,1.0,6.0,31033,M,0.0,0.0,31
201100005883,11,9,3,2030,3,1,1,2.0,6.0,31100,M,0.0,0.0,31
201100005884,11,9,29,1430,1,1,1,1.0,6.0,31345,M,0.0,0.0,31
201100005885,11,10,24,1945,5,2,1,2.0,1.0,31033,M,4335069.0,147060.0,31
201100005886,11,11,15,1930,3,1,1,2.0,1.0,31396,M,0.0,0.0,31
201100005887,11,11,23,915,1,1,1,1.0,6.0,31396,M,0.0,0.0,31
201100005888,11,1,20,915,1,2,1,1.0,6.0,31517,M,4332878.0,132239.0,31
201100005889,11,1,31,915,1,1,1,8.0,6.0,31303,M,4335822.0,121285.0,31
201100005890,11,2,9,745,1,2,1,1.0,3.0,31107,M,4330000.0,122600.0,31
201100005891,11,5,2,1200,1,2,1,1.0,6.0,31107,M,4331217.0,122222.0,31
201100005892,11,6,4,1,3,1,1,1.0,6.0,31052,M,4339400.0,136600.0,31
201100005893,11,9,7,1000,1,2,2,1.0,3.0,31107,M,4330443.0,122938.0,31
201100005894,11,10,14,1145,1,2,1,1.0,3.0,31375,M,4320639.0,122831.0,31
201100005895,11,12,10,2000,5,2,2,1.0,3.0,31517,M,0.0,0.0,31
201100005896,11,10,12,1830,1,2,1,7.0,6.0,31349,M,4325200.0,104200.0,31
201100005897,11,11,25,2145,3,1,1,1.0,6.0,31229,M,4331900.0,114000.0,31
201100005898,11,12,13,1945,3,1,1,1.0,6.0,31193,M,4329000.0,108000.0,31
201100005899,11,2,10,1030,1,2,9,1.0,3.0,31424,M,4359800.0,129400.0,31
201100005900,11,2,10,1900,3,1,1,1.0,5.0,31499,M,4352300.0,118100.0,31
201100005901,11,3,6,1845,2,2,1,1.0,1.0,31499,M,4351700.0,118300.0,31
201100005902,11,4,10,630,2,1,1,1.0,7.0,31499,M,4350900.0,120200.0,31
201100005903,11,5,21,230,3,1,1,1.0,7.0,31424,M,4355300.0,130100.0,31
201100005904,11,6,17,2330,5,2,1,1.0,3.0,31424,M,4356760.0,127847.0,31
201100005905,11,7,30,2200,3,1,1,1.0,6.0,31481,M,4350200.0,115800.0,31
201100005906,11,7,31,1130,1,1,1,1.0,6.0,31424,M,4355180.0,131377.0,31
201100005907,11,10,3,745,2,2,1,1.0,1.0,31424,M,4355600.0,131500.0,31
201100005908,11,10,15,1600,1,1,2,1.0,3.0,31075,M,4355150.0,114473.0,31
201100005909,11,10,26,800,1,1,1,5.0,3.0,31188,M,0.0,0.0,31
201100005910,11,11,17,1115,1,2,1,1.0,6.0,31499,M,0.0,0.0,31
201100005911,11,12,6,1745,2,1,1,2.0,2.0,31481,M,4349000.0,114000.0,31
201100005912,11,12,12,730,1,1,1,1.0,5.0,31424,M,4359280.0,128556.0,31
201100005913,11,12,25,1700,1,2,2,1.0,3.0,31424,M,4356605.0,129786.0,31
201100005914,11,2,1,2330,3,1,1,1.0,6.0,31197,M,0.0,0.0,31
201100005915,11,3,30,1845,1,1,1,1.0,6.0,31247,M,4309047.0,67423.0,31
201100005916,11,4,4,1700,1,1,1,1.0,6.0,31427,M,0.0,0.0,31
201100005917,11,4,10,315,5,2,1,1.0,6.0,31323,M,4308500.0,65000.0,31
201100005918,11,4,15,2300,3,1,1,1.0,6.0,31556,M,4311800.0,54900.0,31
201100005919,11,4,17,2100,3,2,1,1.0,6.0,31043,M,4320200.0,56700.0,31
201100005920,11,7,1,1600,1,1,1,1.0,1.0,31308,M,4300710.0,62289.0,31
201100005921,11,7,23,1630,1,1,1,8.0,3.0,31430,M,0.0,0.0,31
201100005922,11,8,12,2000,1,1,1,1.0,3.0,31175,M,0.0,0.0,31
201100005923,11,8,20,1330,1,1,1,1.0,3.0,31289,M,0.0,0.0,31
201100005924,11,9,1,1345,1,1,1,1.0,6.0,31427,M,0.0,0.0,31
201100005925,11,9,24,1615,1,1,1,1.0,6.0,31308,M,4301858.0,61981.0,31
201100005926,11,9,25,1000,1,1,1,1.0,4.0,31255,M,4304770.0,59143.0,31
201100005927,11,11,11,1115,1,2,1,7.0,6.0,31535,M,4303776.0,66582.0,31
201100005928,11,11,19,1030,1,1,1,1.0,1.0,31246,M,4311300.0,83990.0,31
201100005929,11,11,27,815,3,1,6,5.0,6.0,31585,M,4311669.0,67033.0,31
201100005930,11,12,23,1600,1,2,1,1.0,1.0,31246,M,4310000.0,82000.0,31
201100005931,11,2,5,1030,1,2,1,1.0,6.0,31042,M,4280410.0,59936.0,31
201100005932,11,5,20,1730,1,2,6,3.0,1.0,31042,M,4279509.0,59436.0,31
201100005933,11,7,1,1815,1,1,1,1.0,2.0,31524,M,0.0,0.0,31
201100005934,11,9,1,1145,1,1,1,1.0,2.0,31040,M,0.0,0.0,31
201100005935,11,10,5,1315,1,1,1,1.0,1.0,31144,M,0.0,0.0,31
201100005936,11,11,26,1745,3,1,1,5.0,7.0,31500,M,4277040.0,62617.0,31
201100005937,11,11,29,1830,3,1,1,1.0,6.0,31142,M,4285580.0,60607.0,31
201100005938,11,3,15,1645,1,1,1,1.0,1.0,31028,M,0.0,0.0,31
201100005939,11,5,12,845,1,1,1,1.0,7.0,31412,M,0.0,0.0,31
201100005940,11,9,11,1815,1,1,1,1.0,6.0,31239,M,0.0,0.0,31
201100005941,11,9,13,1815,1,2,1,1.0,6.0,31121,M,0.0,0.0,31
201100005942,11,2,5,1500,1,2,1,1.0,7.0,31562,M,4301200.0,94500.0,31
201100005943,11,4,19,1200,1,1,1,1.0,6.0,31183,M,4309600.0,91200.0,31
201100005944,11,6,3,315,5,2,1,2.0,6.0,31110,M,4313800.0,97900.0,31
201100005945,11,7,6,1045,1,1,1,1.0,1.0,31296,M,0.0,0.0,31
201100005946,11,8,8,530,3,1,1,1.0,6.0,31183,M,4309600.0,91100.0,31
201100005947,11,9,2,1545,1,1,1,1.0,3.0,31183,M,4307520.0,88559.0,31
201100005948,11,9,12,1045,1,2,4,1.0,6.0,31020,M,4301720.0,79977.0,31
201100005949,11,12,25,1530,1,1,1,1.0,7.0,31110,M,0.0,0.0,31
201100005950,11,5,1,230,3,1,1,1.0,7.0,31374,M,4343100.0,161900.0,31
201100005951,11,5,1,1715,1,1,1,1.0,5.0,31055,M,4346840.0,176609.0,31
201100005952,11,6,22,1945,1,1,1,1.0,4.0,31037,M,4336270.0,180337.0,31
201100005953,11,7,28,2000,1,1,1,1.0,6.0,31194,M,4357285.0,176290.0,31
201100005954,11,9,19,1500,1,2,1,1.0,6.0,31582,M,4339496.0,172116.0,31
201100005955,11,1,27,1800,2,2,1,1.0,3.0,31451,M,4345900.0,200300.0,31
201100005956,11,3,13,1315,1,1,1,1.0,6.0,31451,M,0.0,0.0,31
201100005957,11,5,7,1815,1,2,3,1.0,3.0,31451,M,4345520.0,200452.0,31
201100005958,11,7,3,600,2,1,1,1.0,6.0,31570,M,4346180.0,181900.0,31
201100005959,11,7,8,1945,1,2,1,1.0,3.0,31451,M,4346359.0,200417.0,31
201100005960,11,10,29,815,1,1,9,2.0,2.0,31478,M,0.0,0.0,31
201100005961,11,3,2,1245,1,2,9,2.0,2.0,09042,M,4301088.0,142803.0,09
201100005962,11,4,17,1300,1,1,1,1.0,7.0,09079,M,0.0,0.0,09
201100005963,11,6,10,2130,4,2,3,3.0,3.0,09075,M,4312814.0,133880.0,09
201100005964,11,6,23,1415,1,1,1,2.0,7.0,09099,M,4298503.0,156387.0,09
201100005965,11,7,31,1800,1,1,1,1.0,7.0,09079,M,4316395.0,140051.0,09
201100005966,11,9,17,1615,1,1,1,2.0,6.0,09099,M,4297538.0,158005.0,09
201100005967,11,9,17,1115,1,1,1,8.0,6.0,09099,M,4298414.0,156830.0,09
201100005968,11,9,25,100,3,1,1,1.0,7.0,09019,M,4313207.0,144075.0,09
201100005969,11,5,29,1015,1,1,2,7.0,3.0,09336,M,4291567.0,180761.0,09
201100005970,11,6,26,1430,1,2,1,1.0,1.0,09001,M,4292664.0,170050.0,09
201100005971,11,7,3,645,2,1,1,1.0,1.0,09157,M,4298077.0,186936.0,09
201100005972,11,7,19,800,1,1,9,2.0,3.0,09262,M,4292170.0,188101.0,09
201100005973,11,8,15,2330,3,2,1,1.0,7.0,09336,M,4291538.0,183134.0,09
201100005974,11,8,29,1800,1,1,1,7.0,5.0,09215,M,4291220.0,178559.0,09
201100005975,11,11,15,1600,1,2,1,1.0,6.0,09160,M,4293741.0,185281.0,09
201100005976,11,12,5,1400,1,1,1,8.0,6.0,09262,M,4292172.0,188171.0,09
201100005977,11,3,4,200,5,2,1,1.0,6.0,09188,M,4287807.0,162876.0,09
201100005978,11,3,15,1730,1,2,1,1.0,6.0,09306,M,4284533.0,160574.0,09
201100005979,11,5,1,1000,1,1,1,1.0,6.0,09210,M,4290851.0,163798.0,09
201100005980,11,9,3,1745,1,1,1,1.0,7.0,09306,M,4250117.0,136273.0,09
201100005981,11,9,26,1045,1,2,1,1.0,3.0,09306,M,4285139.0,160371.0,09
201100005982,11,11,12,1445,1,1,1,1.0,1.0,09306,M,0.0,0.0,09
201100005983,11,11,18,130,3,1,1,1.0,6.0,09236,M,0.0,0.0,09
201100005984,11,1,16,1650,1,1,1,1.0,7.0,09312,M,4309313.0,169046.0,09
201100005985,11,2,17,2045,3,2,1,2.0,6.0,09245,M,4306447.0,161258.0,09
201100005986,11,2,19,1330,1,2,2,1.0,3.0,09265,M,4309485.0,162559.0,09
201100005987,11,3,4,1400,1,1,1,1.0,1.0,09332,M,0.0,0.0,09
201100005988,11,3,25,2145,3,1,1,1.0,6.0,09332,M,4307058.0,164202.0,09
201100005989,11,5,21,2015,1,2,1,1.0,6.0,09324,M,4304775.0,163628.0,09
201100005990,11,6,26,900,1,2,2,1.0,3.0,09265,M,4308115.0,162406.0,09
201100005991,11,8,13,2115,2,1,1,2.0,6.0,09332,M,4307001.0,164121.0,09
201100005992,11,12,23,430,5,1,1,1.0,6.0,09050,M,4309433.0,161930.0,09
201100005993,11,9,12,645,2,1,1,1.0,1.0,09194,M,4306904.0,187963.0,09
201100005994,11,12,6,1830,5,2,3,2.0,5.0,09244,M,4307838.0,176574.0,09
201100005995,11,4,5,1830,1,1,1,1.0,4.0,09282,M,4321800.0,160724.0,09