Num_Acc,an,mois,jour,hrmn,lum,agg,int,atm,col,com,gps,lat,long,dep
201100005996,11,4,9,1145,1,1,2,1.0,3.0,09199,M,4318376.0,163463.0,09
201100005997,11,8,24,1830,1,1,1,1.0,5.0,09076,M,0.0,0.0,09
201100005998,11,1,15,815,1,1,1,1.0,6.0,09267,M,4293538.0,88640.0,09
201100005999,11,1,27,1700,1,2,1,1.0,6.0,09261,M,4298800.0,113968.0,09
201100006000,11,2,4,715,2,2,1,1.0,6.0,09246,M,4299437.0,127969.0,09
201100006001,11,2,7,1345,1,1,1,1.0,7.0,09111,M,4294677.0,105102.0,09
201100006002,11,3,1,2015,3,1,1,1.0,6.0,09111,M,4294883.0,105357.0,09
201100006003,11,5,22,630,2,1,1,1.0,6.0,09014,M,0.0,0.0,09
201100006004,11,5,25,1315,1,2,1,1.0,3.0,09261,M,0.0,0.0,09
201100006005,11,5,29,1515,1,1,1,1.0,6.0,09267,M,4292751.0,88872.0,09
201100006006,11,6,4,1230,1,1,1,1.0,7.0,09290,M,4287245.0,95212.0,09
201100006007,11,6,27,1715,1,1,1,1.0,6.0,09149,M,4293560.0,117045.0,09
201100006008,11,7,6,2230,5,2,1,2.0,1.0,09214,M,4295329.0,107774.0,09
201100006009,11,9,8,930,1,1,3,1.0,3.0,09268,M,4300147.0,110898.0,09
201100006010,11,10,16,45,5,2,1,1.0,6.0,09111,M,4294759.0,105720.0,09
201100006011,11,12,10,2215,3,1,1,1.0,6.0,09289,M,4299695.0,111292.0,09
201100006012,11,1,23,2215,3,1,1,1.0,7.0,09299,M,4289803.0,121464.0,09
201100006013,11,2,6,945,1,1,1,1.0,7.0,09285,M,0.0,0.0,09
201100006014,11,11,12,1100,1,1,1,1.0,6.0,09113,M,4286666.0,126075.0,09
201100006015,11,12,16,815,1,1,1,1.0,6.0,09301,M,4293633.0,117807.0,09
201100006016,11,9,4,1540,1,2,1,1.0,6.0,02168,M,4904116.0,338880.0,02
201100006017,11,3,15,1140,1,2,6,1.0,3.0,02168,M,,,02
201100006018,11,3,25,1015,1,2,3,1.0,3.0,02168,M,,,02
201100006019,11,4,8,1325,1,2,1,1.0,6.0,02168,M,,,02
201100006020,11,10,11,239,3,1,1,1.0,6.0,02168,M,0.0,0.0,02
201100006021,11,2,6,1730,1,1,1,1.0,5.0,12102,M,4429300.0,264200.0,12
201100006022,11,3,27,1530,1,1,1,2.0,1.0,12202,M,4429000.0,251900.0,12
201100006023,11,4,9,2330,3,1,1,1.0,7.0,12056,M,4427400.0,241800.0,12
201100006024,11,4,17,1500,1,1,1,1.0,6.0,12068,M,4436600.0,231500.0,12
201100006025,11,6,10,1645,1,1,1,1.0,6.0,12133,M,4431000.0,255300.0,12
201100006026,11,7,7,15,3,1,1,1.0,6.0,12032,M,0.0,0.0,12
201100006027,11,7,14,700,1,1,1,1.0,6.0,12050,M,4422500.0,277600.0,12
201100006028,11,7,16,2000,1,1,2,1.0,3.0,12102,M,4428700.0,266200.0,12
201100006029,11,8,29,1845,1,2,1,1.0,3.0,12056,M,0.0,0.0,12
201100006030,11,10,24,1630,1,1,1,2.0,6.0,12050,M,0.0,0.0,12
201100006031,11,11,27,930,1,1,1,5.0,3.0,12090,M,0.0,0.0,12
201100006032,11,12,8,1100,1,1,1,8.0,6.0,12032,M,4430600.0,239800.0,12
201100006033,11,2,2,1630,1,1,1,8.0,3.0,12046,M,4419800.0,238400.0,12
201100006034,11,3,25,1200,1,1,1,1.0,6.0,12015,M,4415200.0,256600.0,12
201100006035,11,4,11,1615,1,1,1,1.0,6.0,12234,M,4422400.0,253400.0,12
201100006036,11,4,11,1100,1,1,1,1.0,2.0,12043,M,4428800.0,252700.0,12
201100006037,11,4,12,1745,1,1,1,1.0,3.0,12057,M,4418000.0,251900.0,12
201100006038,11,4,30,1115,1,1,1,1.0,3.0,12043,M,4428600.0,254000.0,12
201100006039,11,5,24,1630,1,1,1,1.0,1.0,12057,M,4416300.0,253100.0,12
201100006040,11,9,29,1315,1,1,1,1.0,1.0,12057,M,4421300.0,253700.0,12
201100006041,11,10,21,800,1,1,1,1.0,5.0,12194,M,4424600.0,241000.0,12
201100006042,11,10,28,2230,3,1,1,2.0,1.0,12046,M,4420400.0,240400.0,12
201100006043,11,11,1,815,2,1,1,8.0,6.0,12197,M,4403000.0,253800.0,12
201100006044,11,1,5,800,2,1,1,1.0,5.0,12288,M,4443000.0,246700.0,12
201100006045,11,6,7,945,1,1,1,1.0,1.0,12008,M,0.0,0.0,12
201100006046,11,7,4,1915,1,2,1,1.0,6.0,12111,M,0.0,0.0,12
201100006047,11,7,9,1045,1,1,1,1.0,1.0,12254,M,4445800.0,247300.0,12
201100006048,11,7,17,1215,1,1,1,2.0,1.0,12254,M,4442000.0,252500.0,12
201100006049,11,7,29,1315,1,2,1,1.0,7.0,12254,M,4444400.0,251200.0,12
201100006050,11,8,2,1745,1,1,1,1.0,1.0,12288,M,4446700.0,243000.0,12
201100006051,11,10,19,1530,1,1,1,8.0,6.0,12114,M,4462100.0,237600.0,12
201100006052,11,11,11,945,1,1,1,1.0,1.0,12138,M,0.0,0.0,12
201100006053,11,12,19,300,4,1,1,1.0,6.0,12288,M,0.0,0.0,12
201100006054,11,5,7,430,3,1,1,1.0,6.0,12034,M,0.0,0.0,12
201100006055,11,6,27,1930,1,1,9,1.0,3.0,12148,M,0.0,0.0,12
201100006056,11,9,14,1745,1,2,1,1.0,6.0,12121,M,4442800.0,216100.0,12
201100006057,11,1,24,1430,1,1,1,1.0,1.0,12026,M,0.0,0.0,12
201100006058,11,3,17,1515,1,1,1,5.0,1.0,12157,M,0.0,0.0,12
201100006059,11,4,4,1330,1,1,1,1.0,1.0,12033,M,0.0,0.0,12
201100006060,11,4,15,700,1,1,1,1.0,6.0,12033,M,0.0,0.0,12
201100006061,11,5,2,1515,1,1,1,1.0,2.0,12271,M,4437200.0,285100.0,12
201100006062,11,8,25,1930,1,1,1,1.0,1.0,12201,M,4451100.0,264700.0,12
201100006063,11,9,9,415,3,1,1,1.0,6.0,12131,M,0.0,0.0,12
201100006064,11,9,30,745,2,1,1,1.0,3.0,12096,M,0.0,0.0,12
201100006065,11,3,14,1545,1,2,1,1.0,6.0,12119,M,4469000.0,284900.0,12
201100006066,11,9,28,1200,1,1,4,1.0,3.0,12051,M,4482100.0,286000.0,12
201100006067,11,10,25,1000,1,1,1,9.0,1.0,12156,M,0.0,0.0,12
201100006068,11,7,9,130,3,1,1,1.0,7.0,12226,M,4470500.0,257000.0,12
201100006069,11,1,28,1615,1,1,1,1.0,7.0,12063,M,4402200.0,319800.0,12
201100006070,11,2,4,800,1,1,1,1.0,1.0,12225,M,0.0,0.0,12
201100006071,11,4,17,1615,1,2,1,1.0,3.0,12063,M,0.0,0.0,12
201100006072,11,5,13,1900,1,2,1,1.0,6.0,12225,M,0.0,0.0,12
201100006073,11,8,4,1145,1,1,1,1.0,6.0,12082,M,0.0,0.0,12
201100006074,11,8,19,1715,1,1,1,1.0,6.0,12160,M,0.0,0.0,12
201100006075,11,9,25,1545,1,2,1,1.0,6.0,12200,M,0.0,0.0,12
201100006076,11,10,16,1200,1,1,1,1.0,6.0,12160,M,0.0,0.0,12
201100006077,11,7,6,45,3,1,1,1.0,6.0,12294,M,4427100.0,290800.0,12
201100006078,11,7,19,815,1,1,1,2.0,1.0,12253,M,0.0,0.0,12
201100006079,11,8,23,930,1,1,1,1.0,3.0,12294,M,4424200.0,298700.0,12
201100006080,11,9,26,1815,1,1,1,1.0,7.0,12299,M,0.0,0.0,12
201100006081,11,7,19,1545,1,1,1,8.0,6.0,12047,M,4441000.0,308100.0,12
201100006082,11,8,8,1015,1,1,1,1.0,5.0,12123,M,4435100.0,300500.0,12
201100006083,11,9,30,1845,2,1,1,1.0,7.0,12270,M,4436000.0,303800.0,12
201100006084,11,10,9,815,1,2,1,8.0,7.0,12270,M,4433200.0,306700.0,12
201100006085,11,3,15,1615,1,1,1,8.0,3.0,12286,M,0.0,0.0,12
201100006086,11,4,2,230,3,1,1,1.0,6.0,12203,M,4400600.0,296800.0,12
201100006087,11,4,23,1000,1,2,9,2.0,6.0,12208,M,4396100.0,289100.0,12
201100006088,11,6,1,1445,1,2,1,2.0,3.0,12208,M,4396300.0,289000.0,12
201100006089,11,6,10,1645,1,2,1,1.0,6.0,12208,M,4396100.0,287700.0,12
201100006090,11,7,13,915,1,1,1,8.0,5.0,12286,M,0.0,0.0,12
201100006091,11,8,9,1845,1,2,1,1.0,6.0,12208,M,0.0,0.0,12
201100006092,11,9,22,1900,2,2,1,7.0,3.0,12208,M,4396400.0,286400.0,12
201100006093,11,9,29,1745,2,2,1,1.0,3.0,12208,M,4396100.0,287000.0,12
201100006094,11,10,21,1230,1,1,1,1.0,1.0,12243,M,4401500.0,297500.0,12
201100006095,11,10,30,1600,1,1,1,7.0,5.0,12208,M,4395800.0,285300.0,12
201100006096,11,5,15,1615,1,1,1,1.0,3.0,12195,M,4388000.0,277700.0,12
201100006097,11,6,11,1045,1,1,1,1.0,6.0,12195,M,4388300.0,272400.0,12
201100006098,11,7,9,2215,3,1,1,1.0,7.0,12195,M,4387500.0,275300.0,12
201100006099,11,9,2,1400,1,1,1,1.0,6.0,12233,M,4393300.0,266400.0,12
201100006100,11,1,2,1845,5,2,1,1.0,1.0,12300,M,0.0,0.0,12
201100006101,11,1,4,1745,2,1,1,1.0,6.0,12300,M,4433300.0,202800.0,12
201100006102,11,4,22,1715,1,2,1,1.0,1.0,12300,M,4436000.0,203200.0,12
201100006103,11,6,15,1315,1,1,1,1.0,2.0,12263,M,0.0,0.0,12
201100006104,11,8,13,1145,1,2,1,1.0,6.0,12300,M,0.0,0.0,12
201100006105,11,10,9,1700,1,1,1,1.0,1.0,12263,M,0.0,0.0,12
201100006106,11,10,17,1100,1,1,1,1.0,7.0,12140,M,0.0,0.0,12
201100006107,11,11,6,1800,2,1,1,2.0,5.0,12300,M,0.0,0.0,12
201100006108,11,11,26,1945,3,1,1,5.0,1.0,12136,M,0.0,0.0,12
201100006109,11,1,7,2000,3,1,4,8.0,3.0,12242,M,4440400.0,204100.0,12
201100006110,11,3,11,1515,1,1,3,1.0,1.0,12030,M,4458300.0,216400.0,12
201100006111,11,3,21,1115,1,1,1,1.0,1.0,12301,M,4442300.0,204400.0,12
201100006112,11,5,19,1000,1,1,2,1.0,3.0,12030,M,4457900.0,216100.0,12
201100006113,11,6,10,915,1,1,1,2.0,1.0,12030,M,4457900.0,215800.0,12
201100006114,11,9,7,1845,2,1,2,1.0,3.0,12053,M,4443600.0,194400.0,12
201100006115,11,11,30,1815,3,1,1,1.0,2.0,12104,M,4451200.0,202700.0,12
201100006116,11,8,24,1445,1,2,1,8.0,6.0,12198,M,4431100.0,224500.0,12
201100006117,11,1,21,745,2,1,1,1.0,3.0,32307,M,0.0,0.0,32
201100006118,11,2,18,2315,3,1,1,1.0,1.0,32312,M,0.0,0.0,32
201100006119,11,3,23,2300,3,1,1,1.0,1.0,32348,M,0.0,0.0,32
201100006120,11,4,21,930,1,1,1,1.0,3.0,32258,M,0.0,0.0,32
201100006121,11,4,23,1445,1,1,1,3.0,1.0,32411,M,0.0,0.0,32
201100006122,11,4,23,1715,1,1,1,2.0,5.0,32207,M,0.0,0.0,32
201100006123,11,4,26,1845,1,1,1,1.0,5.0,32200,M,0.0,0.0,32
201100006124,11,5,9,1400,1,1,1,1.0,3.0,32258,M,0.0,0.0,32
201100006125,11,5,24,800,1,1,1,7.0,3.0,32013,M,0.0,0.0,32
201100006126,11,5,28,1215,1,1,1,1.0,2.0,32331,M,0.0,0.0,32
201100006127,11,6,23,1215,1,2,1,8.0,6.0,32312,M,0.0,0.0,32
201100006128,11,7,19,1345,1,2,1,8.0,6.0,32307,M,0.0,0.0,32
201100006129,11,7,20,2115,1,1,1,1.0,6.0,32331,M,0.0,0.0,32
201100006130,11,7,28,1330,1,1,1,1.0,3.0,32060,M,0.0,0.0,32
201100006131,11,9,11,845,1,1,1,1.0,7.0,32258,M,0.0,0.0,32
201100006132,11,12,21,1645,1,1,1,1.0,5.0,32207,M,0.0,0.0,32
201100006133,11,12,26,1445,1,1,1,1.0,7.0,32201,M,0.0,0.0,32
201100006134,11,1,12,745,2,2,1,1.0,6.0,32147,M,0.0,0.0,32
201100006135,11,8,8,1815,1,1,1,1.0,7.0,32298,M,4370000.0,73400.0,32
201100006136,11,9,6,1715,1,1,1,1.0,7.0,32249,M,4371700.0,86500.0,32
201100006137,11,11,8,1645,1,2,1,1.0,3.0,32249,M,4373500.0,87200.0,32
201100006138,11,11,18,545,3,2,1,5.0,7.0,32249,M,4373500.0,87200.0,32
201100006139,11,2,20,2000,3,1,1,2.0,6.0,32435,M,4372000.0,96100.0,32
201100006140,11,3,5,245,3,1,1,1.0,6.0,32160,M,4362700.0,107200.0,32
201100006141,11,5,1,200,3,1,1,1.0,7.0,32090,M,4357500.0,99000.0,32
201100006142,11,5,8,1845,1,1,1,1.0,5.0,32160,M,4363800.0,109400.0,32
201100006143,11,6,17,1430,1,1,1,1.0,3.0,32148,M,4362200.0,92500.0,32
201100006144,11,6,19,1145,1,1,1,1.0,7.0,32210,M,4356500.0,113000.0,32
201100006145,11,8,30,1900,1,1,1,1.0,6.0,32105,M,4356300.0,100600.0,32
201100006146,11,9,23,1245,1,1,6,1.0,3.0,32160,M,4361000.0,107100.0,32
201100006147,11,10,25,1615,1,2,1,1.0,6.0,32160,M,0.0,0.0,32
201100006148,11,11,5,1845,2,1,1,1.0,6.0,32210,M,4357400.0,113200.0,32
201100006149,11,2,5,830,3,1,1,1.0,6.0,32451,M,4343300.0,79500.0,32
201100006150,11,5,30,1630,1,1,1,1.0,1.0,32418,M,4345400.0,87300.0,32
201100006151,11,6,3,1715,1,1,1,1.0,6.0,32433,M,4344100.0,72900.0,32
201100006152,11,8,9,1715,1,1,1,1.0,6.0,32213,M,4347900.0,92100.0,32
201100006153,11,8,10,1930,1,1,1,7.0,6.0,32277,M,0.0,0.0,32
201100006154,11,8,28,645,1,1,1,1.0,6.0,32171,M,4351900.0,97900.0,32
201100006155,11,8,29,1900,1,1,1,1.0,3.0,32432,M,4353200.0,105100.0,32
201100006156,11,9,11,1630,1,1,1,1.0,6.0,32418,M,4343700.0,84600.0,32
201100006157,11,10,3,1345,1,1,1,1.0,5.0,32076,M,4359800.0,73100.0,32
201100006158,11,10,13,915,1,1,1,1.0,1.0,32213,M,4341800.0,85100.0,32
201100006159,11,11,25,830,1,1,1,5.0,1.0,32261,M,0.0,0.0,32
201100006160,11,11,26,1545,1,1,1,1.0,6.0,32410,M,0.0,0.0,32
201100006161,11,12,30,1430,1,1,1,8.0,6.0,32412,M,4352100.0,75800.0,32
201100006162,11,2,13,300,5,2,1,9.0,6.0,32382,M,0.0,0.0,32
201100006163,11,2,23,1145,1,2,1,1.0,6.0,32382,M,0.0,0.0,32
201100006164,11,3,7,2300,3,2,1,1.0,6.0,32462,M,0.0,0.0,32
201100006165,11,5,14,1630,1,1,1,1.0,7.0,32462,M,0.0,0.0,32
201100006166,11,7,21,800,1,1,1,1.0,1.0,32301,M,0.0,0.0,32
201100006167,11,8,16,1700,1,1,1,1.0,1.0,32162,M,4376200.0,46900.0,32
201100006168,11,9,19,1515,1,1,1,1.0,6.0,32382,M,4373100.0,38000.0,32
201100006169,11,10,23,1515,1,1,1,1.0,6.0,32054,M,0.0,0.0,32
201100006170,11,12,7,1430,1,1,1,2.0,6.0,32162,M,0.0,0.0,32
201100006171,11,2,16,1800,2,1,3,1.0,1.0,32400,M,0.0,0.0,32
201100006172,11,2,21,1730,1,1,1,2.0,6.0,32107,M,0.0,0.0,32
201100006173,11,3,6,1900,1,1,1,1.0,6.0,32292,M,4391600.0,31700.0,32
201100006174,11,3,11,1800,1,1,1,1.0,7.0,32212,M,4404000.0,46800.0,32
201100006175,11,4,4,1615,1,2,1,1.0,7.0,32107,M,4396500.0,36700.0,32
201100006176,11,4,27,1835,1,1,1,1.0,6.0,32212,M,0.0,0.0,32
201100006177,11,5,13,1800,1,1,1,1.0,7.0,32080,M,4398600.0,45900.0,32
201100006178,11,5,14,1645,1,1,1,1.0,1.0,32107,M,4398000.0,43800.0,32
201100006179,11,5,22,130,3,1,1,1.0,7.0,32083,M,4380400.0,42700.0,32
201100006180,11,6,8,2030,1,1,1,1.0,6.0,32224,M,4388200.0,39700.0,32
201100006181,11,6,12,1900,1,1,1,1.0,1.0,32095,M,4394000.0,46000.0,32
201100006182,11,6,17,1100,1,1,1,1.0,6.0,32404,M,4387000.0,43000.0,32
201100006183,11,6,20,1845,1,1,1,1.0,1.0,32212,M,0.0,0.0,32
201100006184,11,6,24,1930,1,2,2,1.0,3.0,32107,M,0.0,0.0,32
201100006185,11,7,13,1815,1,2,1,1.0,6.0,32107,M,0.0,0.0,32
201100006186,11,8,12,1600,1,1,1,1.0,6.0,32194,M,0.0,0.0,32
201100006187,11,9,23,1700,1,1,1,7.0,6.0,32107,M,0.0,0.0,32
201100006188,11,10,12,1300,1,2,3,1.0,3.0,32107,M,4396300.0,37100.0,32
201100006189,11,10,15,1915,3,1,1,1.0,6.0,32107,M,4399200.0,36200.0,32
201100006190,11,10,24,1145,1,1,1,1.0,7.0,32224,M,4389100.0,37900.0,32
201100006191,11,11,13,1645,1,1,1,1.0,6.0,32402,M,0.0,0.0,32
201100006192,11,1,24,200,5,2,1,1.0,6.0,32149,M,4389100.0,23900.0,32
201100006193,11,2,15,1800,1,1,1,1.0,7.0,32110,M,4385300.0,23100.0,32
201100006194,11,2,21,1315,1,1,1,3.0,7.0,32191,M,4376000.0,-9700.0,32
201100006195,11,3,10,1730,1,1,1,1.0,7.0,32180,M,4388300.0,18900.0,32
201100006196,11,4,2,1530,1,1,1,1.0,1.0,32290,M,4395900.0,17400.0,32
201100006197,11,4,8,745,1,1,1,1.0,7.0,32340,M,4386200.0,8300.0,32
201100006198,11,4,12,930,1,1,1,2.0,6.0,32227,M,0.0,0.0,32
201100006199,11,4,19,1845,1,1,1,1.0,1.0,32189,M,4390600.0,-19700.0,32
201100006200,11,4,23,2115,3,1,1,1.0,6.0,32193,M,4390400.0,-7700.0,32
201100006201,11,4,28,1215,1,1,1,1.0,7.0,32290,M,4392800.0,19300.0,32
201100006202,11,5,1,1830,1,2,1,1.0,1.0,32227,M,4380500.0,4700.0,32
201100006203,11,5,6,915,1,1,1,1.0,7.0,32180,M,4390200.0,23800.0,32
201100006204,11,5,6,1130,1,1,1,1.0,3.0,32458,M,4373500.0,-2700.0,32
201100006205,11,5,6,1430,1,1,1,1.0,6.0,32125,M,4378400.0,12900.0,32
201100006206,11,5,21,1845,1,1,1,1.0,6.0,32064,M,4388400.0,13100.0,32
201100006207,11,5,24,915,1,1,1,1.0,7.0,32079,M,4391700.0,9800.0,32
201100006208,11,6,15,1815,1,2,1,1.0,7.0,32096,M,4395700.0,-3400.0,32
201100006209,11,6,21,1630,1,1,6,1.0,7.0,32155,M,4378800.0,-20900.0,32
201100006210,11,6,25,815,1,1,1,7.0,1.0,32191,M,0.0,0.0,32
201100006211,11,7,15,245,3,1,1,1.0,7.0,32340,M,4386400.0,6000.0,32
201100006212,11,7,18,315,3,1,1,2.0,6.0,32227,M,4381700.0,8000.0,32
201100006213,11,7,26,1545,1,1,1,3.0,4.0,32369,M,4379200.0,500.0,32
201100006214,11,8,5,100,3,1,1,1.0,7.0,32119,M,4387500.0,12200.0,32
201100006215,11,8,7,1145,1,1,2,1.0,3.0,32220,M,4373800.0,-15800.0,32
201100006216,11,8,7,1330,1,1,1,1.0,6.0,32180,M,4388200.0,21800.0,32
201100006217,11,8,3,1745,1,1,1,1.0,7.0,32110,M,4386300.0,24400.0,32
201100006218,11,8,12,2045,2,1,1,1.0,6.0,32125,M,4379900.0,7700.0,32
201100006219,11,9,10,415,3,1,1,1.0,6.0,32369,M,4379100.0,-1000.0,32
201100006220,11,9,14,1815,1,1,1,1.0,5.0,32264,M,4393000.0,-11900.0,32
201100006221,11,10,1,1945,2,1,1,1.0,6.0,32125,M,4379900.0,8300.0,32
201100006222,11,10,7,745,2,1,1,1.0,3.0,32110,M,4385500.0,25000.0,32
201100006223,11,10,28,1230,1,1,1,1.0,6.0,32290,M,4395500.0,18700.0,32
201100006224,11,11,29,1900,3,1,1,1.0,6.0,32133,M,4398000.0,26700.0,32
201100006225,11,12,15,1900,3,1,1,1.0,1.0,32119,M,4384000.0,14000.0,32
201100006226,11,12,28,1000,1,1,1,1.0,6.0,32149,M,4390300.0,25100.0,32
201100006227,11,1,9,1200,1,1,1,1.0,3.0,32208,M,0.0,0.0,32
201100006228,11,1,14,1845,3,1,1,1.0,7.0,32286,M,0.0,0.0,32
201100006229,11,1,16,600,5,2,1,1.0,7.0,32132,M,0.0,0.0,32
201100006230,11,1,29,1715,1,1,1,8.0,6.0,32101,M,0.0,0.0,32
201100006231,11,2,13,300,5,2,1,2.0,6.0,32132,M,0.0,0.0,32
201100006232,11,2,18,2100,3,1,1,1.0,7.0,32452,M,0.0,0.0,32
201100006233,11,2,28,715,2,1,1,2.0,3.0,32370,M,0.0,0.0,32
201100006234,11,3,4,600,3,1,1,1.0,6.0,32457,M,0.0,0.0,32
201100006235,11,4,6,1945,2,1,1,1.0,6.0,32306,M,0.0,0.0,32
201100006236,11,4,8,1800,1,1,1,1.0,3.0,32457,M,0.0,0.0,32
201100006237,11,4,20,1630,1,2,1,1.0,6.0,32370,M,0.0,0.0,32
201100006238,11,4,25,745,1,1,1,1.0,3.0,32132,M,0.0,0.0,32
201100006239,11,5,6,2000,1,1,1,1.0,7.0,32132,M,0.0,0.0,32
201100006240,11,5,31,730,2,1,1,1.0,1.0,32132,M,0.0,0.0,32
201100006241,11,5,25,930,1,1,1,1.0,6.0,32132,M,0.0,0.0,32
201100006242,11,6,25,1715,1,2,1,1.0,3.0,32132,M,0.0,0.0,32
201100006243,11,6,24,1930,1,1,1,1.0,7.0,32131,M,0.0,0.0,32
201100006244,11,8,2,230,3,2,1,1.0,6.0,32132,M,0.0,0.0,32
201100006245,11,8,31,1000,1,1,1,1.0,7.0,32396,M,4402700.0,54500.0,32
201100006246,11,10,14,1215,1,2,1,1.0,7.0,32208,M,0.0,0.0,32
201100006247,11,10,18,1015,1,2,1,1.0,3.0,32132,M,0.0,0.0,32
201100006248,11,10,29,1515,1,1,1,1.0,6.0,32239,M,0.0,0.0,32
201100006249,11,11,24,630,3,1,1,5.0,6.0,32078,M,0.0,0.0,32
201100006250,11,12,18,1600,1,1,1,1.0,7.0,32102,M,0.0,0.0,32
201100006251,11,12,23,1500,1,1,1,1.0,1.0,32358,M,4404500.0,85000.0,32
201100006252,11,2,28,915,1,1,1,8.0,6.0,32238,M,4347800.0,32700.0,32
201100006253,11,3,5,1545,1,2,1,1.0,5.0,32242,M,4343300.0,58500.0,32
201100006254,11,4,11,1545,1,2,1,1.0,2.0,32256,M,4352000.0,41000.0,32
201100006255,11,6,11,900,1,1,1,1.0,3.0,32254,M,4354400.0,45500.0,32
201100006256,11,7,4,130,3,1,1,1.0,6.0,32426,M,0.0,0.0,32
201100006257,11,7,9,1615,1,1,2,1.0,3.0,32041,M,4342500.0,62000.0,32
201100006258,11,7,20,830,1,1,1,1.0,6.0,32228,M,4333500.0,60100.0,32
201100006259,11,10,1,2045,2,2,1,1.0,4.0,32389,M,4352000.0,39600.0,32
201100006260,11,9,30,1030,1,2,1,1.0,4.0,32426,M,4349600.0,59300.0,32
201100006261,11,10,10,930,1,1,1,1.0,3.0,32256,M,4352200.0,41500.0,32
201100006262,11,10,22,1700,1,1,1,1.0,3.0,32393,M,4348200.0,33700.0,32
201100006263,11,10,29,1500,1,1,1,1.0,6.0,32254,M,4354400.0,45300.0,32
201100006264,11,12,6,2030,3,1,1,2.0,5.0,32254,M,0.0,0.0,32
201100006265,11,12,12,1430,1,1,1,2.0,1.0,32167,M,0.0,0.0,32
201100006266,11,12,22,1100,1,1,1,2.0,3.0,32254,M,4355100.0,47200.0,32
201100006267,11,12,22,2030,3,1,1,2.0,7.0,32426,M,4349400.0,60200.0,32
201100006268,11,1,5,1000,1,1,1,1.0,3.0,32175,M,0.0,0.0,32
201100006269,11,2,7,2000,3,1,1,1.0,6.0,32233,M,4352300.0,13500.0,32
201100006270,11,3,20,1430,1,2,1,1.0,3.0,32181,M,4342500.0,25900.0,32
201100006271,11,4,17,1715,1,1,1,1.0,6.0,32225,M,0.0,0.0,32
201100006272,11,5,16,1100,1,1,1,1.0,1.0,32367,M,0.0,0.0,32
201100006273,11,5,18,1115,1,1,1,1.0,1.0,32355,M,4339900.0,34700.0,32
201100006274,11,7,7,600,1,1,1,1.0,7.0,32233,M,0.0,0.0,32
201100006275,11,7,21,2215,3,2,1,1.0,6.0,32285,M,0.0,0.0,32
201100006276,11,11,13,345,3,1,1,1.0,6.0,32233,M,0.0,0.0,32
201100006277,11,11,17,745,1,1,1,1.0,3.0,32028,M,0.0,0.0,32
201100006278,11,3,4,1230,1,1,1,1.0,7.0,32036,M,0.0,0.0,32
201100006279,11,5,15,2230,3,1,1,1.0,6.0,32022,M,0.0,0.0,32
201100006280,11,5,17,1730,1,2,1,1.0,2.0,32344,M,0.0,0.0,32
201100006281,11,5,31,2035,2,2,1,1.0,3.0,32344,M,0.0,0.0,32
201100006282,11,6,7,1100,1,1,1,3.0,3.0,32093,M,0.0,0.0,32
201100006283,11,6,27,600,2,1,1,1.0,6.0,32319,M,0.0,0.0,32
201100006284,11,8,12,2145,3,1,1,1.0,3.0,32424,M,0.0,0.0,32
201100006285,11,9,11,1030,1,2,1,1.0,1.0,32319,M,0.0,0.0,32
201100006286,11,9,14,1345,1,2,1,1.0,1.0,32319,M,0.0,0.0,32
201100006287,11,11,8,1945,3,1,1,5.0,7.0,32424,M,0.0,0.0,32
201100006288,11,12,2,1415,1,2,1,1.0,3.0,32027,M,0.0,0.0,32
201100006289,11,2,28,1500,1,1,1,1.0,6.0,46323,M,4460000.0,153600.0,46
201100006290,11,4,23,715,2,1,1,8.0,6.0,46151,M,0.0,0.0,46
201100006291,11,6,11,430,3,1,1,8.0,7.0,46151,M,4461400.0,153100.0,46
201100006292,11,7,19,2330,3,1,9,3.0,7.0,46140,M,0.0,0.0,46
201100006293,11,7,27,200,3,1,1,1.0,7.0,46210,M,0.0,0.0,46
201100006294,11,12,20,1000,1,1,1,2.0,2.0,46138,M,4469588.0,157284.0,46
201100006295,11,12,31,1615,1,1,1,2.0,7.0,46137,M,4439618.0,136829.0,46
201100006296,11,5,29,1045,1,1,1,1.0,6.0,46137,M,4440700.0,138500.0,46
201100006297,11,6,21,1945,1,1,2,1.0,3.0,46262,M,4431100.0,126900.0,46
201100006298,11,7,13,1700,1,1,1,1.0,6.0,46287,M,0.0,0.0,46
201100006299,11,8,6,115,3,1,1,2.0,6.0,46026,M,4430400.0,162200.0,46
201100006300,11,10,12,845,2,1,1,1.0,7.0,46025,M,4436500.0,116800.0,46
201100006301,11,12,2,1245,1,1,1,8.0,7.0,46070,M,4439903.0,146910.0,46
201100006302,11,1,8,645,5,2,1,1.0,6.0,46046,M,0.0,0.0,46
201100006303,11,1,15,630,3,1,1,1.0,6.0,46066,M,0.0,0.0,46
201100006304,11,1,23,300,3,2,1,1.0,6.0,46064,M,0.0,0.0,46
201100006305,11,5,7,45,3,1,1,1.0,6.0,46022,M,0.0,0.0,46
201100006306,11,6,26,1715,1,1,1,1.0,6.0,46250,M,0.0,0.0,46
201100006307,11,8,5,1630,1,1,1,1.0,6.0,46223,M,4452900.0,128400.0,46
201100006308,11,8,12,1000,1,1,1,1.0,3.0,46199,M,4454900.0,106800.0,46
201100006309,11,9,20,1815,1,1,1,1.0,7.0,46187,M,4447200.0,104900.0,46
201100006310,11,10,9,1745,1,1,1,1.0,6.0,46044,M,0.0,0.0,46