Num_Acc,an,mois,jour,hrmn,lum,agg,int,atm,col,com,gps,lat,long,dep
201100006311,11,11,25,545,3,1,1,5.0,1.0,46136,M,0.0,0.0,46
201100006312,11,11,29,1330,1,1,1,1.0,4.0,46062,M,4450034.0,120597.0,46
201100006313,11,4,27,1815,1,1,1,1.0,3.0,46053,M,4465200.0,199600.0,46
201100006314,11,5,25,1045,1,1,1,1.0,7.0,46057,M,4469000.0,200100.0,46
201100006315,11,6,3,1815,1,2,1,1.0,6.0,46102,M,4461300.0,202400.0,46
201100006316,11,7,17,1245,1,1,1,8.0,3.0,46102,M,0.0,0.0,46
201100006317,11,9,6,600,3,1,1,1.0,1.0,46102,M,4458400.0,202900.0,46
201100006318,11,9,20,800,2,1,1,1.0,3.0,46101,M,0.0,0.0,46
201100006319,11,10,26,1645,1,1,1,1.0,1.0,46332,M,4464500.0,207600.0,46
201100006320,11,12,11,1200,1,2,1,1.0,6.0,46102,M,4460667.0,202666.0,46
201100006321,11,5,7,230,3,1,1,6.0,6.0,46195,M,0.0,0.0,46
201100006322,11,1,9,30,5,2,1,2.0,7.0,46251,M,0.0,0.0,46
201100006323,11,3,20,130,3,1,1,1.0,6.0,46229,M,4491700.0,178700.0,46
201100006324,11,3,28,1745,1,1,1,1.0,1.0,46029,M,0.0,0.0,46
201100006325,11,4,6,1845,1,2,1,1.0,1.0,46273,M,0.0,0.0,46
201100006326,11,4,27,1515,1,2,1,1.0,3.0,46029,M,0.0,0.0,46
201100006327,11,5,18,945,1,2,1,1.0,2.0,46038,M,4492500.0,184200.0,46
201100006328,11,5,26,1400,1,1,1,1.0,6.0,46122,M,0.0,0.0,46
201100006329,11,6,10,515,3,1,1,1.0,1.0,46281,M,0.0,0.0,46
201100006330,11,6,11,1045,1,1,1,1.0,7.0,46315,M,0.0,0.0,46
201100006331,11,6,16,15,3,1,1,1.0,6.0,46024,M,0.0,0.0,46
201100006332,11,6,15,2215,5,1,1,1.0,7.0,46038,M,0.0,0.0,46
201100006333,11,7,11,1515,1,1,1,1.0,5.0,46125,M,0.0,0.0,46
201100006334,11,8,14,1645,1,2,1,1.0,6.0,46251,M,4486300.0,189600.0,46
201100006335,11,8,23,1615,1,1,1,1.0,1.0,46228,M,0.0,0.0,46
201100006336,11,9,22,1500,1,1,1,1.0,7.0,46076,M,0.0,0.0,46
201100006337,11,4,6,1400,1,1,1,1.0,1.0,46127,M,0.0,0.0,46
201100006338,11,6,5,1445,1,1,1,1.0,3.0,46127,M,4475800.0,137600.0,46
201100006339,11,6,25,1530,1,1,1,1.0,3.0,46219,M,0.0,0.0,46
201100006340,11,7,4,1630,1,1,1,1.0,6.0,46316,M,0.0,0.0,46
201100006341,11,7,10,1030,1,1,1,2.0,7.0,46297,M,4468400.0,125200.0,46
201100006342,11,7,18,1515,1,1,1,2.0,6.0,46297,M,0.0,0.0,46
201100006343,11,7,28,1845,1,1,1,1.0,2.0,46215,M,4482600.0,147600.0,46
201100006344,11,8,29,1045,1,1,1,1.0,7.0,46216,M,4476200.0,135200.0,46
201100006345,11,8,29,1730,1,1,1,1.0,1.0,46297,M,4470500.0,125400.0,46
201100006346,11,9,9,1130,1,1,1,1.0,6.0,46178,M,4483400.0,147100.0,46
201100006347,11,10,10,2130,3,1,1,1.0,7.0,46087,M,4466600.0,132700.0,46
201100006348,11,10,20,2115,3,1,1,1.0,6.0,46127,M,4474500.0,140300.0,46
201100006349,11,12,11,1745,2,1,1,1.0,1.0,46334,M,4474172.0,141873.0,46
201100006350,11,5,11,745,1,1,1,1.0,6.0,46240,M,4480800.0,163600.0,46
201100006351,11,6,2,915,1,1,1,1.0,6.0,46213,M,0.0,0.0,46
201100006352,11,6,10,1500,1,1,2,1.0,3.0,46128,M,4480700.0,166300.0,46
201100006353,11,8,9,1930,1,1,1,1.0,7.0,46204,M,4468000.0,155400.0,46
201100006354,11,12,19,2300,5,2,1,2.0,3.0,46128,M,0.0,0.0,46
201100006355,11,12,22,1900,5,2,1,2.0,6.0,46128,M,4478005.0,172658.0,46
201100006356,11,1,5,845,2,2,1,8.0,6.0,46312,M,0.0,0.0,46
201100006357,11,3,13,230,3,1,1,2.0,6.0,46028,M,4494000.0,175100.0,46
201100006358,11,4,23,2230,3,1,1,1.0,7.0,46185,M,4491600.0,163300.0,46
201100006359,11,4,28,1800,1,2,1,1.0,2.0,46337,M,0.0,0.0,46
201100006360,11,5,17,530,3,1,1,1.0,6.0,46153,M,4486900.0,147900.0,46
201100006361,11,6,6,1800,1,2,1,1.0,1.0,46309,M,0.0,0.0,46
201100006362,11,7,17,515,3,1,8,2.0,6.0,46028,M,4493900.0,175200.0,46
201100006363,11,8,1,1830,1,1,1,1.0,3.0,46330,M,4494700.0,167700.0,46
201100006364,11,8,26,30,5,2,1,1.0,1.0,46330,M,0.0,0.0,46
201100006365,11,10,9,1830,1,1,1,2.0,6.0,46016,M,4493200.0,157300.0,46
201100006366,11,11,6,530,5,2,1,2.0,6.0,46265,M,4495000.0,166900.0,46
201100006367,11,11,22,1130,1,1,3,1.0,5.0,46058,M,4491346.0,173833.0,46
201100006368,11,12,14,145,3,1,1,2.0,1.0,46086,M,4496330.0,150192.0,46
201100006369,11,1,28,1800,3,1,1,1.0,3.0,65235,M,0.0,0.0,65
201100006370,11,3,11,715,2,1,1,5.0,5.0,65146,M,0.0,0.0,65
201100006371,11,3,25,900,1,1,1,1.0,3.0,65010,M,0.0,0.0,65
201100006372,11,3,30,1245,1,1,9,1.0,6.0,65401,M,0.0,0.0,65
201100006373,11,5,8,1500,1,1,1,7.0,5.0,65284,M,0.0,0.0,65
201100006374,11,5,9,500,3,1,1,1.0,6.0,65235,M,0.0,0.0,65
201100006375,11,7,25,800,1,1,1,2.0,5.0,65235,M,0.0,0.0,65
201100006376,11,8,1,1845,1,1,1,1.0,3.0,65366,M,0.0,0.0,65
201100006377,11,11,9,145,3,1,1,1.0,6.0,65350,M,0.0,0.0,65
201100006378,11,4,1,1930,1,1,2,1.0,3.0,65373,M,4330400.0,45400.0,65
201100006379,11,4,7,745,1,2,1,9.0,3.0,65095,M,4325500.0,34400.0,65
201100006380,11,9,5,2100,3,1,1,1.0,6.0,65148,M,4326400.0,50400.0,65
201100006381,11,9,19,845,1,1,1,1.0,1.0,65253,M,0.0,0.0,65
201100006382,11,9,19,1645,1,1,1,1.0,1.0,65373,M,0.0,0.0,65
201100006383,11,8,5,1315,1,1,1,1.0,3.0,65104,M,0.0,0.0,65
201100006384,11,8,23,1130,1,1,1,1.0,2.0,65181,M,0.0,0.0,65
201100006385,11,10,3,2015,2,2,1,1.0,6.0,65181,M,4318000.0,17100.0,65
201100006386,11,10,31,845,1,2,7,1.0,6.0,65375,M,0.0,0.0,65
201100006387,11,2,14,2130,3,1,1,8.0,1.0,65432,M,0.0,0.0,65
201100006388,11,3,27,345,5,2,1,1.0,6.0,65304,M,0.0,0.0,65
201100006389,11,3,28,1445,1,1,1,2.0,1.0,65460,M,0.0,0.0,65
201100006390,11,5,11,1415,1,2,2,1.0,3.0,65460,M,0.0,0.0,65
201100006391,11,6,25,1345,1,1,1,1.0,6.0,65460,M,0.0,0.0,65
201100006392,11,10,6,1845,2,2,1,1.0,6.0,65304,M,4347300.0,3600.0,65
201100006393,11,10,18,1215,1,1,1,1.0,1.0,65372,M,4334900.0,7200.0,65
201100006394,11,11,24,1345,1,1,2,5.0,3.0,65387,M,0.0,0.0,65
201100006395,11,12,3,300,4,1,1,5.0,6.0,65403,M,4339000.0,300.0,65
201100006396,11,1,17,815,1,1,1,1.0,3.0,65036,M,0.0,0.0,65
201100006397,11,1,29,245,5,1,1,9.0,1.0,65473,M,4295700.0,-6800.0,65
201100006398,11,4,13,1615,1,1,1,1.0,7.0,65176,M,0.0,0.0,65
201100006399,11,4,25,1415,1,2,1,3.0,1.0,65267,M,0.0,0.0,65
201100006400,11,6,7,1230,1,2,1,1.0,2.0,65025,M,0.0,0.0,65
201100006401,11,6,19,1645,1,1,1,1.0,7.0,65025,M,4299300.0,-10700.0,65
201100006402,11,7,15,1215,1,1,1,1.0,1.0,65032,M,0.0,0.0,65
201100006403,11,8,12,1100,1,1,1,1.0,3.0,65036,M,4297700.0,-2600.0,65
201100006404,11,9,15,1115,1,1,1,1.0,3.0,65098,M,4303900.0,-6100.0,65
201100006405,11,9,28,1400,1,1,1,1.0,6.0,65055,M,0.0,0.0,65
201100006406,11,11,11,1530,1,1,1,1.0,1.0,65473,M,0.0,0.0,65
201100006407,11,11,18,2130,3,1,1,1.0,6.0,65029,M,4298700.0,-13400.0,65
201100006408,11,12,5,1430,1,1,1,2.0,6.0,65473,M,4295771.0,-6493.0,65
201100006409,11,1,12,645,5,2,2,8.0,3.0,65065,M,4315500.0,-9900.0,65
201100006410,11,3,30,815,1,1,1,1.0,6.0,65481,M,4290200.0,7100.0,65
201100006411,11,8,6,1900,1,1,1,1.0,6.0,65145,M,0.0,0.0,65
201100006412,11,8,15,1800,1,1,1,5.0,1.0,65481,M,0.0,0.0,65
201100006413,11,3,5,2000,5,2,1,1.0,6.0,65059,M,4307300.0,15600.0,65
201100006414,11,3,22,1115,1,1,1,1.0,7.0,65059,M,4312000.0,23600.0,65
201100006415,11,3,22,1415,1,1,1,4.0,7.0,65059,M,4292500.0,19800.0,65
201100006416,11,4,24,630,2,1,1,1.0,6.0,65320,M,0.0,0.0,65
201100006417,11,8,7,500,4,2,1,2.0,6.0,65451,M,4310800.0,12000.0,65
201100006418,11,9,12,1300,1,1,1,1.0,3.0,65370,M,4308000.0,15500.0,65
201100006419,11,3,17,1945,3,1,1,2.0,6.0,65363,M,4312900.0,43600.0,65
201100006420,11,7,3,745,1,2,1,1.0,6.0,65258,M,4310700.0,37800.0,65
201100006421,11,8,14,1500,1,2,1,1.0,4.0,65218,M,4300000.0,37000.0,65
201100006422,11,9,23,1400,1,2,1,1.0,1.0,65287,M,4303100.0,60200.0,65
201100006423,11,12,27,1015,1,1,1,1.0,5.0,65230,M,4301500.0,61500.0,65
201100006424,11,5,27,2300,3,1,1,1.0,7.0,65158,M,4295100.0,58800.0,65
201100006425,11,6,24,1615,1,2,3,1.0,3.0,65230,M,0.0,0.0,65
201100006426,11,2,27,1645,1,1,1,6.0,7.0,65058,M,4280200.0,37400.0,65
201100006427,11,3,4,800,1,1,1,1.0,7.0,65092,M,0.0,0.0,65
201100006428,11,5,29,730,1,1,1,1.0,6.0,65408,M,4299200.0,37600.0,65
201100006429,11,6,1,1330,1,1,1,1.0,5.0,65017,M,4280200.0,27500.0,65
201100006430,11,1,31,915,1,1,1,2.0,5.0,81147,M,4381290.0,218084.0,81
201100006431,11,2,7,715,2,1,1,1.0,1.0,81147,M,0.0,0.0,81
201100006432,11,3,4,1845,2,1,1,1.0,2.0,81003,M,4388690.0,247837.0,81
201100006433,11,3,8,1515,1,1,1,1.0,1.0,81147,M,4381800.0,216930.0,81
201100006434,11,5,27,1645,1,1,9,1.0,1.0,81297,M,4393000.0,208700.0,81
201100006435,11,6,29,900,1,2,1,5.0,6.0,81222,M,4378100.0,218019.0,81
201100006436,11,1,30,2130,3,2,1,1.0,1.0,81101,M,4401050.0,215954.0,81
201100006437,11,3,6,430,4,1,1,1.0,6.0,81101,M,0.0,0.0,81
201100006438,11,3,24,1830,1,1,1,1.0,6.0,81291,M,4400700.0,212292.0,81
201100006439,11,4,8,1715,1,1,1,1.0,1.0,81319,M,4398600.0,207399.0,81
201100006440,11,4,26,2315,3,1,1,1.0,6.0,81063,M,0.0,0.0,81
201100006441,11,5,19,1745,1,2,1,1.0,3.0,81048,M,0.0,0.0,81
201100006442,11,11,26,1430,1,1,1,1.0,3.0,81147,M,4380970.0,218231.0,81
201100006443,11,3,10,845,1,1,1,1.0,5.0,81186,M,4408340.0,226583.0,81
201100006444,11,3,12,845,1,1,1,2.0,1.0,81186,M,4408560.0,227522.0,81
201100006445,11,11,9,1800,3,1,1,1.0,5.0,81096,M,4389360.0,236683.0,81
201100006446,11,3,4,1300,1,2,1,1.0,6.0,81286,M,4366080.0,202240.0,81
201100006447,11,3,25,1215,1,1,1,1.0,2.0,81258,M,4376590.0,206199.0,81
201100006448,11,5,13,1345,1,2,8,1.0,6.0,81281,M,4359900.0,211900.0,81
201100006449,11,7,11,2245,3,2,1,1.0,6.0,81139,M,4370500.0,213602.0,81
201100006450,11,8,2,2115,2,1,1,1.0,6.0,81105,M,4373500.0,196996.0,81
201100006451,11,9,13,1830,1,2,3,7.0,1.0,81105,M,4376000.0,196834.0,81
201100006452,11,1,28,1045,1,2,1,1.0,6.0,81124,M,4370720.0,268934.0,81
201100006453,11,4,8,1830,1,2,1,1.0,4.0,81124,M,4371440.0,273555.0,81
201100006454,11,10,30,1215,1,1,1,1.0,3.0,81031,M,4363010.0,242586.0,81
201100006455,11,1,21,2200,3,1,1,1.0,7.0,81140,M,4371270.0,177921.0,81
201100006456,11,5,17,1745,1,1,1,1.0,2.0,81248,M,4376100.0,186263.0,81
201100006457,11,5,19,1745,1,1,9,1.0,5.0,81078,M,4366190.0,199463.0,81
201100006458,11,5,26,900,1,1,1,1.0,1.0,81286,M,4365570.0,201456.0,81
201100006459,11,6,23,930,1,1,1,1.0,1.0,81271,M,4377940.0,167148.0,81
201100006460,11,6,29,1,3,1,1,1.0,1.0,81140,M,4371310.0,177868.0,81
201100006461,11,7,23,2215,3,1,1,1.0,7.0,81299,M,0.0,0.0,81
201100006462,11,8,3,1615,1,2,3,1.0,3.0,81140,M,4369900.0,182126.0,81
201100006463,11,9,11,1900,1,1,1,1.0,1.0,81140,M,4368700.0,183800.0,81
201100006464,11,9,13,1715,1,1,1,1.0,5.0,81022,M,4361020.0,174294.0,81
201100006465,11,9,20,1800,1,2,1,7.0,6.0,81140,M,4370500.0,181900.0,81
201100006466,11,10,17,500,3,1,1,1.0,7.0,81271,M,4376200.0,170900.0,81
201100006467,11,12,6,945,1,1,1,2.0,1.0,81298,M,4362080.0,171100.0,81
201100006468,11,1,5,1430,1,1,1,1.0,6.0,81182,M,4374720.0,240157.0,81
201100006469,11,2,8,1015,1,1,1,1.0,6.0,81182,M,4368000.0,238000.0,81
201100006470,11,7,25,1400,1,1,1,3.0,5.0,81252,M,4366860.0,222994.0,81
201100006471,11,9,19,1830,1,1,1,2.0,3.0,81252,M,4366600.0,223129.0,81
201100006472,11,8,4,1900,1,1,1,1.0,5.0,81311,M,4374330.0,218441.0,81
201100006473,11,9,14,1100,1,1,1,1.0,3.0,81139,M,4369040.0,212631.0,81
201100006474,11,10,4,1845,1,1,1,1.0,1.0,81139,M,4372930.0,214932.0,81
201100006475,11,11,6,1745,2,1,1,2.0,6.0,81078,M,4367710.0,199590.0,81
201100006476,11,12,23,945,1,1,1,5.0,5.0,81139,M,4368410.0,212107.0,81
201100006477,11,3,9,900,1,1,3,7.0,3.0,81046,M,4386330.0,196484.0,81
201100006478,11,5,15,2130,1,1,1,1.0,6.0,81099,M,4388620.0,186815.0,81
201100006479,11,7,3,1130,1,1,6,1.0,3.0,81099,M,4392070.0,202606.0,81
201100006480,11,7,7,1645,1,1,1,1.0,1.0,81225,M,4391970.0,198180.0,81
201100006481,11,8,3,2215,3,1,1,1.0,2.0,81225,M,4391970.0,198178.0,81
201100006482,11,1,14,1845,5,2,1,1.0,3.0,69089,M,4575100.0,475900.0,69
201100006483,11,2,12,45,5,2,1,1.0,6.0,69089,M,4573800.0,477600.0,69
201100006484,11,4,6,1900,1,2,1,1.0,6.0,69089,M,0.0,0.0,69
201100006485,11,4,16,1830,1,2,1,1.0,3.0,69069,M,0.0,0.0,69
201100006486,11,4,29,1000,1,2,1,1.0,1.0,69069,M,0.0,0.0,69
201100006487,11,9,7,1500,1,2,1,1.0,3.0,69069,M,0.0,0.0,69
201100006488,11,10,4,1845,1,2,1,1.0,1.0,69089,M,0.0,0.0,69
201100006489,11,12,14,800,2,2,1,1.0,2.0,69089,M,0.0,0.0,69
201100006490,11,2,1,2050,3,1,1,9.0,6.0,02028,M,,,02
201100006491,11,11,5,1600,1,2,1,1.0,4.0,02408,M,4955264.0,362341.0,02
201100006492,11,2,20,1350,1,1,1,2.0,7.0,02408,M,,,02
201100006493,11,2,26,1850,5,2,1,1.0,6.0,02408,M,,,02
201100006494,11,1,7,1652,2,2,3,1.0,3.0,02408,M,4957623.0,365441.0,02
201100006495,11,4,8,1700,1,2,7,1.0,2.0,02408,M,4957818.0,364037.0,02
201100006496,11,4,26,835,1,2,1,1.0,7.0,02408,M,4956923.0,363222.0,02
201100006497,11,5,8,150,5,2,1,1.0,6.0,02408,M,,,02
201100006498,11,6,14,1845,1,2,3,1.0,3.0,02408,M,,,02
201100006499,11,10,18,1250,1,2,1,2.0,1.0,02408,M,4956922.0,363225.0,02
201100006500,11,7,1,1100,1,2,1,1.0,7.0,02028,M,,,02
201100006501,11,4,24,1320,1,2,2,1.0,3.0,02157,M,4960100.0,367499.0,02
201100006502,11,7,25,1620,1,1,1,1.0,1.0,02408,M,,,02
201100006503,11,9,18,2010,4,2,2,2.0,1.0,02408,M,4956940.0,361519.0,02
201100006504,11,3,29,2113,2,2,1,1.0,6.0,02408,M,4955796.0,360148.0,02
201100006505,11,11,22,755,2,2,1,1.0,6.0,02408,M,4956978.0,363311.0,02
201100006506,11,12,5,1815,5,2,3,2.0,6.0,02408,M,4957150.0,364656.0,02
201100006507,11,11,24,1710,5,2,1,1.0,6.0,02408,M,,,02
201100006508,11,7,20,1415,1,1,2,1.0,3.0,81146,M,4403860.0,200747.0,81
201100006509,11,8,20,1015,1,1,1,1.0,1.0,81217,M,4399130.0,171448.0,81
201100006510,11,1,1,1815,3,1,1,1.0,2.0,81208,M,4384410.0,185647.0,81
201100006511,11,4,10,1930,1,1,1,1.0,6.0,81220,M,4379400.0,169178.0,81
201100006512,11,4,16,200,3,1,1,1.0,6.0,81145,M,4385050.0,180092.0,81
201100006513,11,5,15,300,3,1,1,1.0,6.0,81145,M,4387330.0,183751.0,81
201100006514,11,6,27,2045,1,1,2,1.0,3.0,81149,M,4382480.0,175602.0,81
201100006515,11,7,2,2145,2,1,1,1.0,1.0,81145,M,4390890.0,177673.0,81
201100006516,11,10,19,1200,1,1,9,2.0,1.0,81220,M,4382860.0,173466.0,81
201100006517,11,12,9,1900,3,1,1,1.0,5.0,81202,M,4381700.0,184800.0,81
201100006518,11,2,12,1615,1,1,1,1.0,6.0,81278,M,4346980.0,253748.0,81
201100006519,11,3,3,1245,1,1,1,1.0,6.0,81204,M,4353230.0,235584.0,81
201100006520,11,3,19,1915,3,1,3,1.0,3.0,81002,M,4351010.0,233751.0,81
201100006521,11,4,2,600,3,1,1,1.0,6.0,81204,M,4352120.0,232925.0,81
201100006522,11,7,9,1530,1,2,1,1.0,6.0,81239,M,0.0,0.0,81
201100006523,11,7,11,1545,1,2,1,1.0,6.0,81238,M,4347540.0,249583.0,81
201100006524,11,1,30,15,3,1,1,2.0,6.0,81120,M,4354990.0,227898.0,81
201100006525,11,1,31,1630,1,1,1,1.0,6.0,81312,M,4351310.0,216728.0,81
201100006526,11,2,20,1630,1,2,1,1.0,2.0,81288,M,0.0,0.0,81
201100006527,11,3,15,730,2,1,1,6.0,6.0,81288,M,4345420.0,201773.0,81
201100006528,11,4,2,30,5,2,1,1.0,6.0,81081,M,4348630.0,213765.0,81
201100006529,11,4,5,945,1,1,1,1.0,2.0,81289,M,4356980.0,213361.0,81
201100006530,11,4,27,945,1,1,1,1.0,6.0,81288,M,0.0,0.0,81
201100006531,11,7,2,1715,1,1,4,1.0,1.0,81288,M,4343760.0,203783.0,81
201100006532,11,7,21,600,2,1,1,1.0,6.0,81120,M,0.0,0.0,81
201100006533,11,8,13,600,2,1,1,1.0,6.0,81288,M,4345410.0,201815.0,81
201100006534,11,8,15,1600,1,1,1,1.0,6.0,81120,M,4349240.0,226290.0,81
201100006535,11,9,11,1645,1,1,1,1.0,3.0,81129,M,4351150.0,208490.0,81
201100006536,11,9,21,1845,1,1,1,1.0,6.0,81204,M,4353850.0,235192.0,81
201100006537,11,10,28,1200,1,1,1,3.0,1.0,81312,M,0.0,0.0,81
201100006538,11,11,11,500,3,1,1,1.0,6.0,81130,M,4357800.0,228500.0,81
201100006539,11,11,13,1430,1,1,1,6.0,7.0,81237,M,4348120.0,211332.0,81
201100006540,11,11,19,1915,4,1,1,1.0,1.0,81055,M,4341250.0,207293.0,81
201100006541,11,12,17,1745,2,1,1,2.0,1.0,81066,M,0.0,0.0,81
201100006542,11,2,19,1215,1,1,1,1.0,1.0,81219,M,4359900.0,200199.0,81
201100006543,11,6,24,715,1,1,1,1.0,1.0,81205,M,4354820.0,193956.0,81
201100006544,11,7,8,1515,1,1,1,1.0,4.0,81219,M,4356730.0,194518.0,81
201100006545,11,8,1,1245,1,1,1,1.0,6.0,81200,M,4351700.0,200984.0,81
201100006546,11,8,25,1530,1,2,1,1.0,2.0,81219,M,4357050.0,201315.0,81
201100006547,11,8,29,1030,1,1,1,1.0,6.0,81219,M,4355030.0,201376.0,81
201100006548,11,9,19,1415,1,1,1,1.0,7.0,81076,M,4357170.0,187598.0,81
201100006549,11,9,23,830,1,1,1,1.0,2.0,81219,M,4355700.0,203900.0,81
201100006550,11,12,2,1430,1,1,1,1.0,6.0,81076,M,4357170.0,187617.0,81
201100006551,11,12,23,745,2,1,1,5.0,1.0,81200,M,4349470.0,201290.0,81
201100006552,11,3,14,2030,3,1,1,6.0,1.0,82149,M,0.0,0.0,82
201100006553,11,3,31,1845,1,2,1,1.0,3.0,82037,M,0.0,0.0,82
201100006554,11,4,30,2030,2,1,1,1.0,5.0,82195,M,0.0,0.0,82
201100006555,11,5,12,1830,1,1,1,1.0,3.0,82144,M,0.0,0.0,82
201100006556,11,6,3,215,5,1,1,5.0,6.0,82131,M,0.0,0.0,82
201100006557,11,6,24,1845,1,1,1,1.0,3.0,82090,M,0.0,0.0,82
201100006558,11,7,16,30,5,2,1,1.0,7.0,82037,M,0.0,0.0,82
201100006559,11,7,16,2015,1,1,1,1.0,3.0,82087,M,4411900.0,126200.0,82
201100006560,11,8,9,1315,1,2,1,1.0,3.0,82037,M,0.0,0.0,82
201100006561,11,8,22,815,1,2,1,1.0,6.0,82037,M,0.0,0.0,82
201100006562,11,8,25,815,1,1,1,8.0,6.0,82195,M,0.0,0.0,82
201100006563,11,9,1,2130,3,1,1,1.0,6.0,82179,M,0.0,0.0,82
201100006564,11,9,13,1500,1,1,1,1.0,1.0,82078,M,0.0,0.0,82
201100006565,11,9,15,815,1,1,1,1.0,1.0,82149,M,0.0,0.0,82
201100006566,11,9,29,215,3,1,1,1.0,6.0,82113,M,4418500.0,135100.0,82
201100006567,11,11,1,600,3,1,1,2.0,6.0,82087,M,0.0,0.0,82
201100006568,11,11,10,1900,4,1,1,1.0,1.0,82037,M,0.0,0.0,82
201100006569,11,1,16,1545,1,1,1,1.0,2.0,82002,M,4407900.0,142900.0,82
201100006570,11,1,24,730,5,1,1,9.0,5.0,82002,M,0.0,0.0,82
201100006571,11,1,31,1945,3,1,1,1.0,6.0,82184,M,4401300.0,151600.0,82
201100006572,11,2,12,1615,1,1,1,1.0,6.0,82134,M,4407600.0,154000.0,82
201100006573,11,3,8,1045,1,1,1,1.0,7.0,82161,M,0.0,0.0,82
201100006574,11,4,8,745,1,1,1,5.0,3.0,82161,M,4405400.0,144000.0,82
201100006575,11,4,15,1845,1,1,1,1.0,7.0,82184,M,4404500.0,155400.0,82
201100006576,11,4,15,2215,3,1,1,1.0,6.0,82134,M,4407200.0,149600.0,82
201100006577,11,4,16,2100,4,1,1,1.0,6.0,82098,M,4400600.0,146700.0,82
201100006578,11,5,9,1430,1,1,1,1.0,7.0,82176,M,4397400.0,152000.0,82
201100006579,11,6,11,2315,3,1,1,1.0,6.0,82132,M,4408800.0,159900.0,82
201100006580,11,6,12,630,1,1,1,1.0,6.0,82098,M,4402700.0,145800.0,82
201100006581,11,9,11,1030,1,2,6,1.0,2.0,82134,M,4407600.0,153700.0,82
201100006582,11,11,7,1045,1,1,1,2.0,6.0,82176,M,4397100.0,156400.0,82
201100006583,11,11,9,2230,3,1,1,1.0,7.0,82161,M,4403800.0,147500.0,82
201100006584,11,5,29,530,2,1,1,1.0,6.0,82187,M,4414300.0,185400.0,82
201100006585,11,7,5,1730,1,1,1,7.0,1.0,82137,M,0.0,0.0,82
201100006586,11,7,17,1230,1,1,1,8.0,1.0,82038,M,0.0,0.0,82
201100006587,11,8,21,1000,1,1,1,1.0,5.0,82155,M,0.0,0.0,82
201100006588,11,8,22,2300,3,1,1,1.0,7.0,82155,M,4415000.0,175300.0,82
201100006589,11,8,23,1915,1,1,1,1.0,6.0,82155,M,4415700.0,173400.0,82
201100006590,11,8,27,1345,1,1,1,1.0,3.0,82187,M,4414900.0,186500.0,82
201100006591,11,9,2,1000,1,1,1,1.0,7.0,82155,M,4423700.0,177400.0,82
201100006592,11,12,3,2100,3,1,1,2.0,7.0,82088,M,0.0,0.0,82
201100006593,11,3,22,1245,1,1,2,7.0,3.0,82034,M,4400000.0,90700.0,82
201100006594,11,4,26,1930,1,1,1,1.0,7.0,82013,M,4388700.0,101299.0,82
201100006595,11,5,19,230,3,2,1,1.0,6.0,82013,M,0.0,0.0,82
201100006596,11,6,10,1900,1,1,2,8.0,3.0,82143,M,0.0,0.0,82
201100006597,11,6,26,1215,1,1,1,1.0,7.0,82143,M,4396700.0,84200.0,82
201100006598,11,8,12,1800,1,1,1,1.0,6.0,82013,M,4387200.0,100800.0,82
201100006599,11,1,1,215,3,1,1,5.0,6.0,82079,M,4390600.0,136900.0,82
201100006600,11,1,4,715,3,1,1,1.0,6.0,82167,M,4398200.0,147100.0,82
201100006601,11,2,8,2200,3,1,1,1.0,6.0,82188,M,4393200.0,150700.0,82
201100006602,11,2,28,1700,1,1,1,1.0,1.0,82028,M,4385200.0,129600.0,82
201100006603,11,4,11,2345,3,1,1,1.0,7.0,82142,M,4381200.0,132300.0,82
201100006604,11,5,25,1730,1,1,1,1.0,3.0,82142,M,4381300.0,132100.0,82
201100006605,11,6,29,700,1,1,1,1.0,7.0,82188,M,4390600.0,151500.0,82
201100006606,11,8,15,1130,1,1,1,1.0,1.0,82167,M,4394900.0,146500.0,82
201100006607,11,9,2,830,1,1,1,1.0,6.0,82075,M,4382700.0,130300.0,82
201100006608,11,4,17,2200,3,1,1,1.0,6.0,82094,M,4426800.0,114700.0,82
201100006609,11,4,29,1130,1,1,3,7.0,3.0,82117,M,0.0,0.0,82
201100006610,11,9,11,330,3,1,1,1.0,1.0,82168,M,0.0,0.0,82
201100006611,11,11,5,2030,3,1,1,2.0,6.0,82168,M,4420300.0,103299.0,82
201100006612,11,12,16,545,3,1,1,2.0,7.0,82151,M,4433000.0,93000.0,82
201100006613,11,1,29,745,2,1,1,3.0,6.0,82096,M,0.0,0.0,82
201100006614,11,2,10,1530,1,1,1,1.0,1.0,82112,M,4409900.0,105300.0,82
201100006615,11,3,19,245,3,1,1,1.0,6.0,82169,M,4405400.0,101699.0,82
201100006616,11,4,12,1330,1,2,1,1.0,2.0,82112,M,4411100.0,109700.0,82
201100006617,11,5,13,645,2,2,1,1.0,6.0,82112,M,0.0,0.0,82
201100006618,11,5,12,800,1,1,1,1.0,7.0,82169,M,0.0,0.0,82
201100006619,11,5,26,930,1,1,1,1.0,1.0,82096,M,4403000.0,124600.0,82
201100006620,11,6,11,130,3,1,1,9.0,6.0,82127,M,0.0,0.0,82
201100006621,11,10,16,630,3,1,1,1.0,7.0,82099,M,4411800.0,120700.0,82