Num_Acc,an,mois,jour,hrmn,lum,agg,int,atm,col,com,gps,lat,long,dep
201100006622,11,11,3,1645,1,2,1,2.0,3.0,82112,M,0.0,0.0,82
201100006623,11,11,4,430,3,1,1,5.0,6.0,82019,M,0.0,0.0,82
201100006624,11,11,18,2145,3,1,1,1.0,6.0,82108,M,0.0,0.0,82
201100006625,11,12,11,1845,3,1,1,1.0,3.0,82112,M,4413000.0,110200.0,82
201100006626,11,2,14,1445,1,1,1,1.0,7.0,82124,M,0.0,0.0,82
201100006627,11,3,6,1415,1,2,1,1.0,6.0,82123,M,0.0,0.0,82
201100006628,11,4,3,2100,3,1,1,1.0,6.0,82125,M,0.0,0.0,82
201100006629,11,4,12,1615,1,2,1,1.0,3.0,82190,M,0.0,0.0,82
201100006630,11,6,8,745,1,1,1,1.0,1.0,82023,M,0.0,0.0,82
201100006631,11,7,23,645,3,1,1,2.0,2.0,82125,M,0.0,0.0,82
201100006632,11,9,28,2000,3,1,1,1.0,7.0,82123,M,4390700.0,126700.0,82
201100006633,11,10,15,1930,3,1,1,1.0,6.0,82125,M,0.0,0.0,82
201100006634,11,10,25,530,3,1,1,2.0,6.0,82190,M,0.0,0.0,82
201100006635,11,11,4,1830,3,1,1,8.0,6.0,82085,M,0.0,0.0,82
201100006636,11,12,15,815,2,1,1,3.0,7.0,82190,M,0.0,0.0,82
201100006637,11,4,13,1800,1,2,1,1.0,1.0,82050,M,4410000.0,76800.0,82
201100006638,11,7,24,800,1,2,1,1.0,6.0,82072,M,0.0,0.0,82
201100006639,11,8,2,1445,1,1,1,1.0,1.0,82008,M,0.0,0.0,82
201100006640,11,8,5,1530,1,1,1,1.0,7.0,82165,M,4408500.0,87700.0,82
201100006641,11,10,14,915,1,2,6,1.0,6.0,82186,M,4411300.0,89200.0,82
201100006642,11,1,30,1,5,1,1,1.0,6.0,69076,M,4585700.0,473500.0,69
201100006643,11,3,17,750,1,1,1,1.0,2.0,69072,M,,,69
201100006644,11,4,10,1930,1,1,1,1.0,3.0,69072,M,0.0,0.0,69
201100006645,11,5,23,2030,1,1,1,1.0,1.0,69072,M,0.0,0.0,69
201100006646,11,6,25,1800,1,1,1,1.0,7.0,69076,M,4584300.0,469600.0,69
201100006647,11,6,28,1400,1,1,1,1.0,1.0,69250,M,0.0,0.0,69
201100006648,11,7,19,1130,1,2,1,2.0,3.0,69250,M,0.0,0.0,69
201100006649,11,7,29,1845,1,1,1,1.0,1.0,69127,M,4580200.0,471900.0,69
201100006650,11,8,10,2145,3,1,1,1.0,7.0,69072,M,0.0,0.0,69
201100006651,11,8,16,1300,1,1,1,1.0,3.0,69250,M,0.0,0.0,69
201100006652,11,12,17,1815,5,2,1,1.0,7.0,69072,M,0.0,0.0,69
201100006653,11,3,7,1900,5,2,1,1.0,6.0,69279,M,0.0,0.0,69
201100006654,11,7,5,1815,1,1,1,1.0,1.0,69277,M,0.0,0.0,69
201100006655,11,1,18,2000,1,2,1,1.0,6.0,69191,M,0.0,0.0,69
201100006656,11,2,8,710,1,2,1,1.0,1.0,69194,M,,,69
201100006657,11,3,7,1530,1,1,6,1.0,3.0,69194,M,,,69
201100006658,11,3,25,1815,1,2,1,1.0,3.0,69049,M,0.0,0.0,69
201100006659,11,5,25,1300,1,2,1,1.0,3.0,69059,M,0.0,0.0,69
201100006660,11,6,29,900,1,2,1,1.0,3.0,69040,M,0.0,0.0,69
201100006661,11,7,5,845,1,1,1,1.0,1.0,69194,M,0.0,0.0,69
201100006662,11,8,23,1900,1,1,1,1.0,6.0,69194,M,0.0,0.0,69
201100006663,11,9,3,1200,1,1,1,1.0,1.0,69116,M,0.0,0.0,69
201100006664,11,9,14,1530,1,2,1,1.0,2.0,69040,M,,,69
201100006665,11,10,10,700,3,1,1,2.0,2.0,69049,M,0.0,0.0,69
201100006666,11,10,20,1615,1,2,1,1.0,6.0,69040,M,0.0,0.0,69
201100006667,11,11,23,1745,5,2,1,1.0,3.0,69116,M,0.0,0.0,69
201100006668,11,12,13,1815,3,2,1,1.0,1.0,69049,M,4588700.0,477300.0,69
201100006669,11,12,30,1730,5,2,1,2.0,6.0,69116,M,0.0,0.0,69
201100006670,11,1,20,2000,3,1,1,6.0,1.0,69278,M,,,69
201100006671,11,2,18,1630,1,2,1,8.0,1.0,69143,M,0.0,0.0,69
201100006672,11,4,20,930,1,2,1,1.0,6.0,69143,M,0.0,0.0,69
201100006673,11,5,7,1115,1,1,3,1.0,3.0,69163,M,0.0,0.0,69
201100006674,11,5,13,945,1,1,1,1.0,3.0,69163,M,0.0,0.0,69
201100006675,11,6,6,2330,3,1,1,1.0,6.0,69163,M,0.0,0.0,69
201100006676,11,6,9,1700,1,2,1,1.0,3.0,69278,M,0.0,0.0,69
201100006677,11,8,12,1930,1,2,1,1.0,5.0,69143,M,4588000.0,483000.0,69
201100006678,11,9,1,1615,1,2,1,1.0,6.0,69278,M,0.0,0.0,69
201100006679,11,9,2,2115,3,2,1,1.0,1.0,69085,M,0.0,0.0,69
201100006680,11,9,2,1645,1,2,1,1.0,5.0,69207,M,0.0,0.0,69
201100006681,11,9,17,1130,1,2,1,1.0,1.0,69003,M,0.0,0.0,69
201100006682,11,9,24,2345,5,2,1,1.0,7.0,69143,M,0.0,0.0,69
201100006683,11,9,30,1445,1,1,2,1.0,1.0,69163,M,0.0,0.0,69
201100006684,11,10,30,600,5,2,1,1.0,7.0,69143,M,0.0,0.0,69
201100006685,11,12,6,1745,3,1,1,2.0,4.0,69003,M,0.0,0.0,69
201100006686,11,12,19,1815,5,1,1,1.0,3.0,69163,M,0.0,0.0,69
201100006687,11,1,20,1245,1,2,1,1.0,3.0,69286,M,0.0,0.0,69
201100006688,11,3,7,1900,5,2,1,1.0,6.0,69286,M,0.0,0.0,69
201100006689,11,3,10,1200,1,2,1,1.0,6.0,69286,M,4581400.0,491000.0,69
201100006690,11,4,21,1515,1,2,1,1.0,1.0,69286,M,0.0,0.0,69
201100006691,11,5,29,1915,1,2,1,1.0,1.0,69286,M,,,69
201100006692,11,6,24,2000,1,2,1,1.0,3.0,69286,M,0.0,0.0,69
201100006693,11,2,1,745,4,2,1,1.0,6.0,69204,M,4570300.0,480800.0,69
201100006694,11,4,8,1645,1,2,1,7.0,1.0,69204,M,0.0,0.0,69
201100006695,11,8,23,1845,1,1,1,1.0,6.0,69204,M,4569400.0,480900.0,69
201100006696,11,9,10,1445,1,1,1,1.0,6.0,69204,M,0.0,0.0,69
201100006697,11,12,13,1600,2,2,1,1.0,3.0,69204,M,0.0,0.0,69
201100006698,11,2,10,1615,1,2,1,1.0,5.0,69299,M,4571900.0,512700.0,69
201100006699,11,2,24,730,3,2,1,1.0,1.0,69299,M,4571500.0,511500.0,69
201100006700,11,3,23,1145,1,1,1,1.0,1.0,69289,M,0.0,0.0,69
201100006701,11,3,24,1730,1,1,9,1.0,5.0,69299,M,0.0,0.0,69
201100006702,11,3,24,1915,2,1,1,1.0,3.0,69288,M,4569600.0,507300.0,69
201100006703,11,4,10,1215,1,2,1,1.0,3.0,69288,M,4569700.0,503000.0,69
201100006704,11,4,19,1630,1,1,6,1.0,7.0,69288,M,4569800.0,507100.0,69
201100006705,11,5,26,1230,1,1,1,1.0,2.0,69288,M,4567800.0,507900.0,69
201100006706,11,6,7,1415,1,1,1,1.0,1.0,69287,M,0.0,0.0,69
201100006707,11,6,10,400,2,1,1,1.0,1.0,69288,M,4568000.0,507600.0,69
201100006708,11,6,14,2215,1,2,1,1.0,3.0,69288,M,0.0,0.0,69
201100006709,11,7,12,430,3,1,1,1.0,6.0,69289,M,0.0,0.0,69
201100006710,11,7,25,845,1,2,1,1.0,6.0,69288,M,0.0,0.0,69
201100006711,11,8,12,2030,2,1,1,1.0,1.0,69289,M,0.0,0.0,69
201100006712,11,8,24,1415,1,1,1,1.0,1.0,69287,M,0.0,0.0,69
201100006713,11,8,31,1500,1,1,1,1.0,1.0,69298,M,0.0,0.0,69
201100006714,11,9,3,1400,1,1,1,1.0,6.0,69289,M,0.0,0.0,69
201100006715,11,9,28,745,1,2,1,1.0,3.0,69287,M,4569800.0,502500.0,69
201100006716,11,10,26,1630,1,1,1,1.0,3.0,69288,M,4568200.0,507600.0,69
201100006717,11,11,2,800,2,1,1,2.0,1.0,69289,M,4565000.0,502900.0,69
201100006718,11,11,15,1245,1,1,1,1.0,6.0,69299,M,,,69
201100006719,11,11,26,845,1,2,1,5.0,2.0,69289,M,4564900.0,503200.0,69
201100006720,11,12,1,1900,3,1,1,1.0,6.0,69299,M,0.0,0.0,69
201100006721,11,5,19,1145,1,2,1,1.0,6.0,69270,M,0.0,0.0,69
201100006722,11,6,9,1700,1,2,1,1.0,1.0,69283,M,0.0,0.0,69
201100006723,11,8,5,820,1,2,2,1.0,3.0,69273,M,,,69
201100006724,11,1,31,1830,2,1,1,1.0,5.0,69144,M,0.0,0.0,69
201100006725,11,2,6,1745,3,1,1,1.0,1.0,69171,M,0.0,0.0,69
201100006726,11,2,8,1400,1,2,1,7.0,6.0,69171,M,0.0,0.0,69
201100006727,11,2,14,30,5,2,1,1.0,6.0,69112,M,0.0,0.0,69
201100006728,11,2,20,1030,1,1,1,2.0,6.0,69144,M,0.0,0.0,69
201100006729,11,3,25,1030,1,2,1,1.0,6.0,69010,M,0.0,0.0,69
201100006730,11,3,28,1015,1,1,1,3.0,7.0,69112,M,0.0,0.0,69
201100006731,11,3,30,1715,1,2,1,1.0,2.0,69010,M,0.0,0.0,69
201100006732,11,4,12,1415,1,2,1,1.0,1.0,69171,M,0.0,0.0,69
201100006733,11,5,4,1915,1,2,1,1.0,1.0,69032,M,0.0,0.0,69
201100006734,11,5,30,1200,1,1,1,1.0,7.0,69144,M,0.0,0.0,69
201100006735,11,7,26,1915,2,2,1,2.0,6.0,69231,M,0.0,0.0,69
201100006736,11,8,4,1700,1,2,3,1.0,1.0,69032,M,0.0,0.0,69
201100006737,11,8,22,1615,1,1,1,1.0,3.0,69021,M,0.0,0.0,69
201100006738,11,9,3,1145,1,1,1,1.0,7.0,69032,M,0.0,0.0,69
201100006739,11,9,24,1745,1,1,1,1.0,1.0,69144,M,0.0,0.0,69
201100006740,11,10,23,1230,1,2,1,1.0,3.0,69177,M,0.0,0.0,69
201100006741,11,10,31,2015,5,1,1,1.0,3.0,69175,M,0.0,0.0,69
201100006742,11,11,2,730,1,1,1,1.0,3.0,69173,M,4546100.0,492600.0,69
201100006743,11,12,2,1845,2,2,1,2.0,6.0,69010,M,0.0,0.0,69
201100006744,11,12,13,1745,3,1,1,2.0,1.0,69175,M,0.0,0.0,69
201100006745,11,4,9,1400,1,1,1,1.0,3.0,69120,M,0.0,0.0,69
201100006746,11,6,19,200,3,1,1,1.0,7.0,69120,M,0.0,0.0,69
201100006747,11,10,23,1745,2,1,1,1.0,1.0,69203,M,0.0,0.0,69
201100006748,11,1,4,1330,1,1,1,8.0,1.0,69014,M,0.0,0.0,69
201100006749,11,1,14,915,1,2,6,7.0,6.0,69227,M,4509800.0,494000.0,69
201100006750,11,4,14,1615,1,1,1,1.0,3.0,69155,M,0.0,0.0,69
201100006751,11,4,23,1400,1,1,1,1.0,1.0,69238,M,0.0,0.0,69
201100006752,11,6,7,1630,1,1,1,1.0,1.0,69110,M,0.0,0.0,69
201100006753,11,7,2,1730,1,1,1,1.0,3.0,69062,M,0.0,0.0,69
201100006754,11,7,10,115,3,1,1,1.0,1.0,69155,M,0.0,0.0,69
201100006755,11,7,22,1545,1,1,1,8.0,6.0,69227,M,0.0,0.0,69
201100006756,11,8,26,1930,1,1,1,7.0,6.0,69238,M,0.0,0.0,69
201100006757,11,8,14,1700,1,1,1,7.0,6.0,69227,M,0.0,0.0,69
201100006758,11,9,8,1430,1,1,1,1.0,6.0,69227,M,0.0,0.0,69
201100006759,11,10,6,1200,1,1,1,1.0,7.0,69078,M,0.0,0.0,69
201100006760,11,10,7,1800,1,1,1,2.0,1.0,69110,M,0.0,0.0,69
201100006761,11,10,8,1030,1,1,1,2.0,5.0,69227,M,0.0,0.0,69
201100006762,11,11,16,1630,1,2,1,1.0,1.0,69110,M,0.0,0.0,69
201100006763,11,1,16,1900,5,2,6,1.0,1.0,69094,M,0.0,0.0,69
201100006764,11,4,20,2015,1,1,1,1.0,3.0,69028,M,0.0,0.0,69
201100006765,11,4,24,900,1,2,1,1.0,6.0,69255,M,,,69
201100006766,11,6,29,1815,1,1,1,1.0,7.0,69028,M,0.0,0.0,69
201100006767,11,8,7,2115,2,1,1,1.0,3.0,69094,M,0.0,0.0,69
201100006768,11,11,18,800,1,1,1,1.0,2.0,69255,M,0.0,0.0,69
201100006769,11,12,2,2115,3,1,1,1.0,3.0,69249,M,0.0,0.0,69
201100006770,11,1,1,1845,5,2,9,1.0,6.0,69297,M,0.0,0.0,69
201100006771,11,1,18,1715,2,1,1,1.0,4.0,69291,M,0.0,0.0,69
201100006772,11,1,25,500,5,2,1,4.0,1.0,69272,M,0.0,0.0,69
201100006773,11,4,3,330,5,2,1,1.0,7.0,69294,M,0.0,0.0,69
201100006774,11,5,9,730,1,1,1,1.0,2.0,69295,M,0.0,0.0,69
201100006775,11,6,8,1000,1,2,1,1.0,1.0,69296,M,0.0,0.0,69
201100006776,11,9,16,1245,1,1,1,1.0,3.0,69291,M,0.0,0.0,69
201100006777,11,10,4,730,2,1,1,1.0,3.0,69272,M,0.0,0.0,69
201100006778,11,12,17,30,3,2,1,2.0,1.0,69291,M,0.0,0.0,69
201100006779,11,2,16,1130,2,1,1,5.0,7.0,69228,M,4556500.0,464000.0,69
201100006780,11,2,11,710,2,1,1,2.0,6.0,69228,M,0.0,0.0,69
201100006781,11,2,16,1430,1,1,1,1.0,7.0,69048,M,0.0,0.0,69
201100006782,11,3,5,2245,3,1,1,1.0,6.0,69141,M,4559800.0,467600.0,69
201100006783,11,3,15,915,1,1,1,1.0,6.0,69136,M,0.0,0.0,69
201100006784,11,3,24,1325,1,1,6,1.0,6.0,69241,M,,,69
201100006785,11,4,25,1530,1,1,1,1.0,7.0,69228,M,0.0,0.0,69
201100006786,11,4,27,945,1,1,1,1.0,2.0,69241,M,4562400.0,471300.0,69
201100006787,11,5,4,2000,1,1,1,1.0,3.0,69141,M,4563000.0,470400.0,69
201100006788,11,5,16,2015,2,1,9,1.0,3.0,69176,M,4568200.0,468700.0,69
201100006789,11,5,28,1815,1,1,1,1.0,3.0,69141,M,0.0,0.0,69
201100006790,11,6,4,1015,1,1,1,9.0,1.0,69136,M,0.0,0.0,69
201100006791,11,6,12,1845,1,2,1,1.0,3.0,69179,M,4559200.0,469700.0,69
201100006792,11,6,27,830,1,1,1,1.0,1.0,69241,M,4563400.0,472800.0,69
201100006793,11,6,28,1930,1,2,1,1.0,3.0,69228,M,4556200.0,464300.0,69
201100006794,11,7,25,1445,1,1,1,2.0,1.0,69228,M,0.0,0.0,69
201100006795,11,8,25,845,1,2,1,1.0,3.0,69141,M,0.0,0.0,69
201100006796,11,9,17,2045,3,2,1,2.0,5.0,69141,M,4561200.0,468400.0,69
201100006797,11,10,2,230,5,2,9,1.0,3.0,69048,M,0.0,0.0,69
201100006798,11,10,21,1715,1,1,1,1.0,4.0,69241,M,0.0,0.0,69
201100006799,11,10,16,1900,5,2,1,1.0,7.0,69241,M,4564700.0,473800.0,69
201100006800,11,11,22,1745,3,1,1,1.0,6.0,69141,M,4559000.0,466000.0,69
201100006801,11,11,30,2130,3,1,1,1.0,3.0,69179,M,4559000.0,472000.0,69
201100006802,11,12,2,1845,3,1,1,2.0,3.0,69141,M,0.0,0.0,69
201100006803,11,12,5,1415,1,1,1,1.0,5.0,69136,M,0.0,0.0,69
201100006804,11,12,23,645,3,1,1,1.0,6.0,69141,M,0.0,0.0,69
201100006805,11,2,20,1215,1,1,1,1.0,6.0,69151,M,0.0,0.0,69
201100006806,11,4,11,1700,1,2,1,1.0,1.0,69061,M,0.0,0.0,69
201100006807,11,4,23,1900,1,2,1,1.0,5.0,69023,M,0.0,0.0,69
201100006808,11,5,6,1830,1,2,1,1.0,4.0,69172,M,0.0,0.0,69
201100006809,11,5,9,1500,1,2,1,1.0,3.0,69023,M,0.0,0.0,69
201100006810,11,11,12,1015,1,2,1,5.0,1.0,69023,M,,,69
201100006811,11,11,15,1410,1,1,2,1.0,3.0,69074,M,,,69
201100006812,11,1,5,1645,5,1,1,2.0,1.0,69009,M,4593400.0,468900.0,69
201100006813,11,1,27,215,5,1,1,1.0,6.0,69156,M,4596000.0,469500.0,69
201100006814,11,4,6,1915,2,1,2,1.0,3.0,69004,M,0.0,0.0,69
201100006815,11,4,24,1900,2,1,1,1.0,6.0,69159,M,0.0,0.0,69
201100006816,11,5,19,1615,1,1,1,1.0,3.0,69009,M,0.0,0.0,69
201100006817,11,9,21,1815,1,2,6,1.0,3.0,69009,M,0.0,0.0,69
201100006818,11,10,6,1815,1,1,1,1.0,5.0,69009,M,0.0,0.0,69
201100006819,11,10,17,1045,1,2,1,1.0,6.0,69121,M,0.0,0.0,69
201100006820,11,12,19,1830,5,2,1,8.0,6.0,69052,M,0.0,0.0,69
201100006821,11,1,5,1730,2,2,1,9.0,1.0,69162,M,4612200.0,462500.0,69
201100006822,11,1,6,200,3,1,1,9.0,6.0,69058,M,4619100.0,464100.0,69
201100006823,11,1,14,1945,5,2,1,1.0,7.0,69224,M,0.0,0.0,69
201100006824,11,1,26,1715,1,1,1,1.0,6.0,69018,M,0.0,0.0,69
201100006825,11,3,25,1900,2,1,1,1.0,7.0,69012,M,0.0,0.0,69
201100006826,11,4,9,1930,1,1,1,1.0,1.0,69012,M,4618800.0,455200.0,69
201100006827,11,4,10,1000,1,1,1,1.0,6.0,69012,M,4619400.0,454800.0,69
201100006828,11,4,28,1500,1,1,1,1.0,3.0,69018,M,4616100.0,458100.0,69
201100006829,11,6,8,1300,1,2,1,1.0,1.0,69196,M,4615100.0,453900.0,69
201100006830,11,9,5,1645,1,2,1,1.0,5.0,69267,M,4615000.0,466000.0,69
201100006831,11,9,8,1615,1,1,1,1.0,7.0,69135,M,0.0,0.0,69
201100006832,11,12,16,1530,1,1,1,2.0,1.0,69258,M,0.0,0.0,69
201100006833,11,2,12,1815,5,1,1,1.0,6.0,69206,M,0.0,0.0,69
201100006834,11,3,24,1700,1,1,1,1.0,1.0,69077,M,0.0,0.0,69
201100006835,11,4,6,1645,1,1,1,1.0,1.0,69197,M,0.0,0.0,69
201100006836,11,4,8,1745,1,2,1,1.0,2.0,69211,M,0.0,0.0,69
201100006837,11,4,27,1500,1,2,1,1.0,6.0,69019,M,0.0,0.0,69
201100006838,11,4,28,1700,1,1,1,1.0,5.0,69211,M,0.0,0.0,69
201100006839,11,5,12,1900,1,1,1,1.0,3.0,69242,M,0.0,0.0,69
201100006840,11,5,15,615,1,2,1,1.0,7.0,69211,M,0.0,0.0,69
201100006841,11,6,5,600,2,1,6,1.0,6.0,69242,M,0.0,0.0,69
201100006842,11,6,18,1800,1,1,2,1.0,3.0,69019,M,,,69
201100006843,11,9,9,1545,1,1,1,7.0,1.0,69045,M,0.0,0.0,69
201100006844,11,10,1,2015,5,2,1,1.0,2.0,69206,M,0.0,0.0,69
201100006845,11,10,3,700,1,1,1,1.0,1.0,69197,M,0.0,0.0,69
201100006846,11,1,30,1345,1,1,1,1.0,6.0,69050,M,0.0,0.0,69
201100006847,11,2,4,1030,1,1,1,1.0,7.0,69050,M,0.0,0.0,69
201100006848,11,2,8,1615,1,1,1,7.0,5.0,69050,M,0.0,0.0,69
201100006849,11,2,15,1445,1,2,1,1.0,6.0,69026,M,0.0,0.0,69
201100006850,11,2,28,800,2,1,1,1.0,6.0,69239,M,0.0,0.0,69
201100006851,11,4,9,1630,1,1,1,1.0,3.0,69017,M,0.0,0.0,69
201100006852,11,4,14,1745,1,2,3,1.0,3.0,69024,M,0.0,0.0,69
201100006853,11,6,26,830,1,1,1,1.0,6.0,69246,M,0.0,0.0,69
201100006854,11,7,18,1930,1,1,1,1.0,5.0,69050,M,0.0,0.0,69
201100006855,11,8,10,1700,1,1,1,1.0,1.0,69017,M,0.0,0.0,69
201100006856,11,8,18,1015,1,1,4,1.0,1.0,69024,M,0.0,0.0,69
201100006857,11,9,23,945,1,1,3,8.0,3.0,69111,M,0.0,0.0,69
201100006858,11,10,26,445,3,1,1,2.0,6.0,69050,M,0.0,0.0,69
201100006859,11,10,30,815,1,1,1,1.0,1.0,69101,M,0.0,0.0,69
201100006860,11,12,4,1715,2,1,8,1.0,6.0,69026,M,0.0,0.0,69
201100006861,11,12,10,445,3,2,1,1.0,6.0,69024,M,0.0,0.0,69
201100006862,11,12,18,1345,1,1,1,7.0,3.0,69017,M,0.0,0.0,69
201100006863,11,1,4,645,3,1,1,8.0,6.0,69243,M,0.0,0.0,69
201100006864,11,6,1,2130,2,1,1,1.0,1.0,69102,M,0.0,0.0,69
201100006865,11,7,2,1945,1,1,1,1.0,3.0,69157,M,0.0,0.0,69
201100006866,11,7,18,1745,1,1,1,1.0,1.0,69234,M,0.0,0.0,69
201100006867,11,8,7,1200,1,2,1,1.0,3.0,69157,M,0.0,0.0,69
201100006868,11,9,6,845,1,1,1,1.0,1.0,69001,M,0.0,0.0,69
201100006869,11,10,24,230,5,1,1,1.0,6.0,69243,M,0.0,0.0,69
201100006870,11,11,12,1615,1,1,1,1.0,7.0,69001,M,0.0,0.0,69
201100006871,11,11,19,1400,1,2,1,1.0,3.0,69243,M,0.0,0.0,69
201100006872,11,12,13,1430,1,2,1,1.0,1.0,69243,M,0.0,0.0,69
201100006873,11,1,26,2030,5,1,1,1.0,6.0,69229,M,4607900.0,449000.0,69
201100006874,11,2,27,45,5,2,1,2.0,6.0,69107,M,4606700.0,449100.0,69
201100006875,11,5,11,1115,1,1,1,1.0,1.0,69107,M,0.0,0.0,69
201100006876,11,7,4,1645,1,2,1,1.0,5.0,69037,M,4602300.0,449800.0,69
201100006877,11,9,6,1430,1,2,3,1.0,1.0,69093,M,4603900.0,447700.0,69
201100006878,11,9,23,2000,5,2,3,1.0,3.0,69107,M,4606400.0,449000.0,69
201100006879,11,9,24,1900,1,1,1,1.0,7.0,69037,M,4600400.0,453200.0,69
201100006880,11,9,25,1515,1,1,1,1.0,7.0,69037,M,4601800.0,450000.0,69
201100006881,11,9,26,1245,1,1,3,1.0,3.0,69229,M,4609500.0,447500.0,69
201100006882,11,10,22,1845,3,1,1,1.0,6.0,69107,M,4606500.0,449400.0,69
201100006883,11,12,18,1300,1,2,1,1.0,3.0,69107,M,0.0,0.0,69
201100006884,11,2,11,1145,1,2,9,7.0,2.0,69006,M,0.0,0.0,69
201100006885,11,5,1,1145,1,2,3,1.0,3.0,69248,M,0.0,0.0,69
201100006886,11,6,1,1015,1,2,1,2.0,6.0,69066,M,0.0,0.0,69
201100006887,11,8,15,215,3,1,1,8.0,7.0,69169,M,0.0,0.0,69
201100006888,11,8,28,930,1,1,3,1.0,3.0,69066,M,0.0,0.0,69
201100006889,11,8,30,1400,1,2,1,1.0,1.0,69006,M,0.0,0.0,69
201100006890,11,8,31,1530,1,1,1,1.0,6.0,69217,M,,,69
201100006891,11,9,5,1,3,1,1,1.0,1.0,69169,M,0.0,0.0,69
201100006892,11,9,12,1615,1,2,1,1.0,1.0,69006,M,0.0,0.0,69
201100006893,11,9,13,1815,1,1,1,1.0,3.0,69169,M,0.0,0.0,69
201100006894,11,1,13,915,1,1,1,2.0,7.0,01405,M,0.0,0.0,01
201100006895,11,3,8,1845,2,1,1,1.0,6.0,01301,M,0.0,0.0,01
201100006896,11,3,19,2030,3,1,1,8.0,5.0,01405,M,0.0,0.0,01
201100006897,11,5,1,415,3,1,1,1.0,1.0,01264,M,0.0,0.0,01
201100006898,11,5,17,2100,1,2,1,1.0,6.0,01336,M,4615900.0,514900.0,01
201100006899,11,6,26,515,2,1,1,1.0,6.0,01405,M,0.0,0.0,01
201100006900,11,7,7,1800,1,2,1,1.0,1.0,01065,M,4620000.0,516000.0,01
201100006901,11,9,29,1745,1,1,1,1.0,1.0,01211,M,4614900.0,521700.0,01
201100006902,11,10,10,900,1,1,1,2.0,5.0,01336,M,0.0,0.0,01
201100006903,11,11,4,1615,1,1,1,3.0,6.0,01336,M,0.0,0.0,01
201100006904,11,1,7,1830,3,1,1,2.0,6.0,01254,M,4617800.0,528700.0,01
201100006905,11,2,2,1500,1,2,1,2.0,6.0,01350,M,4629200.0,529600.0,01
201100006906,11,3,4,1700,1,1,1,1.0,1.0,01321,M,4616500.0,534800.0,01
201100006907,11,5,21,1415,1,1,1,1.0,1.0,01254,M,0.0,0.0,01
201100006908,11,5,31,1945,1,1,1,2.0,6.0,01254,M,0.0,0.0,01
201100006909,11,6,29,1315,1,1,1,1.0,7.0,01245,M,4616500.0,539600.0,01
201100006910,11,7,6,830,1,1,1,1.0,1.0,01317,M,0.0,0.0,01
201100006911,11,11,10,1815,3,1,1,5.0,1.0,01426,M,4626600.0,536000.0,01
201100006912,11,12,21,1000,1,1,1,2.0,6.0,01426,M,0.0,0.0,01
201100006913,11,12,28,2100,5,2,1,2.0,6.0,01447,M,0.0,0.0,01
201100006914,11,1,23,1700,1,2,1,1.0,1.0,01024,M,0.0,0.0,01
201100006915,11,2,18,1800,2,1,1,8.0,3.0,01391,M,0.0,0.0,01
201100006916,11,3,15,1045,1,2,1,1.0,2.0,01196,M,0.0,0.0,01
201100006917,11,3,21,1630,1,1,1,7.0,2.0,01305,M,0.0,0.0,01
201100006918,11,4,3,330,3,1,1,1.0,1.0,01024,M,0.0,0.0,01
201100006919,11,4,18,700,1,1,1,1.0,3.0,01445,M,4634700.0,532200.0,01
201100006920,11,5,21,1815,1,1,3,1.0,1.0,01364,M,0.0,0.0,01
201100006921,11,5,23,1730,1,1,2,7.0,1.0,01140,M,0.0,0.0,01
201100006922,11,5,29,845,1,1,2,1.0,3.0,01406,M,0.0,0.0,01
201100006923,11,6,13,1845,1,1,1,1.0,1.0,01229,M,4634100.0,513700.0,01
201100006924,11,6,18,2215,3,1,1,2.0,7.0,01266,M,0.0,0.0,01
201100006925,11,6,27,930,1,1,1,7.0,5.0,01232,M,0.0,0.0,01
201100006926,11,7,1,2230,2,1,1,1.0,2.0,01437,M,0.0,0.0,01
201100006927,11,7,12,1800,1,2,1,1.0,5.0,01102,M,4638000.0,495000.0,01
201100006928,11,7,14,430,2,1,1,1.0,6.0,01115,M,0.0,0.0,01
201100006929,11,8,10,1545,1,1,1,1.0,3.0,01445,M,4633400.0,531400.0,01
201100006930,11,8,19,1330,1,1,1,1.0,2.0,01229,M,4634200.0,513600.0,01
201100006931,11,8,25,400,3,1,1,1.0,7.0,01236,M,0.0,0.0,01
201100006932,11,10,14,1430,1,1,1,1.0,7.0,01128,M,0.0,0.0,01
201100006933,11,11,11,1130,1,1,1,1.0,6.0,01305,M,0.0,0.0,01
201100006934,11,11,12,745,2,2,1,5.0,6.0,01402,M,0.0,0.0,01
201100006935,11,11,20,745,1,1,1,5.0,7.0,01024,M,0.0,0.0,01
201100006936,11,12,31,1800,3,1,1,2.0,1.0,01303,M,0.0,0.0,01
201100006937,11,3,19,245,3,1,1,3.0,6.0,01304,M,0.0,0.0,01
201100006938,11,5,1,1130,1,2,1,1.0,1.0,01374,M,0.0,0.0,01
201100006939,11,5,28,530,2,1,1,1.0,6.0,01374,M,0.0,0.0,01
201100006940,11,7,16,1815,1,2,1,1.0,3.0,01363,M,0.0,0.0,01
201100006941,11,10,11,700,5,2,1,1.0,6.0,01303,M,0.0,0.0,01
201100006942,11,11,7,615,3,1,1,1.0,3.0,01422,M,0.0,0.0,01
201100006943,11,11,13,245,3,1,1,1.0,6.0,01077,M,0.0,0.0,01
201100006944,11,12,16,1715,3,2,1,2.0,1.0,01304,M,0.0,0.0,01
201100006945,11,1,3,1230,1,1,1,1.0,5.0,01355,M,0.0,0.0,01
201100006946,11,1,13,1315,1,2,1,2.0,2.0,01320,M,0.0,0.0,01
201100006947,11,2,6,1000,1,1,1,1.0,3.0,01025,M,0.0,0.0,01
201100006948,11,2,9,1200,1,1,2,8.0,3.0,01136,M,0.0,0.0,01
201100006949,11,4,6,1745,1,2,1,1.0,2.0,01026,M,0.0,0.0,01
201100006950,11,4,22,1945,1,2,1,1.0,6.0,01123,M,0.0,0.0,01
201100006951,11,4,26,1730,1,1,1,1.0,6.0,01134,M,0.0,0.0,01
201100006952,11,5,7,1430,1,2,3,1.0,1.0,01159,M,0.0,0.0,01
201100006953,11,5,8,430,3,2,1,1.0,6.0,01320,M,0.0,0.0,01
201100006954,11,6,1,1200,1,1,1,8.0,1.0,01123,M,0.0,0.0,01
201100006955,11,6,15,745,1,2,1,1.0,1.0,01134,M,0.0,0.0,01
201100006956,11,6,14,1700,1,2,2,1.0,1.0,01026,M,0.0,0.0,01