Num_Acc,an,mois,jour,hrmn,lum,agg,int,atm,col,com,gps,lat,long,dep
201100006957,11,9,4,100,3,1,1,1.0,7.0,01231,M,0.0,0.0,01
201100006958,11,9,4,700,2,1,1,1.0,6.0,01123,M,0.0,0.0,01
201100006959,11,9,8,1230,1,2,1,1.0,2.0,01320,M,0.0,0.0,01
201100006960,11,10,2,1630,1,1,2,1.0,5.0,01231,M,0.0,0.0,01
201100006961,11,10,6,1800,1,1,1,1.0,5.0,01159,M,0.0,0.0,01
201100006962,11,10,11,1045,1,2,9,1.0,2.0,01320,M,0.0,0.0,01
201100006963,11,11,6,530,3,2,1,1.0,6.0,01343,M,0.0,0.0,01
201100006964,11,11,19,1830,4,1,1,2.0,1.0,01332,M,0.0,0.0,01
201100006965,11,3,1,1315,1,1,1,1.0,1.0,01294,M,0.0,0.0,01
201100006966,11,3,3,715,1,1,1,1.0,7.0,01034,M,0.0,0.0,01
201100006967,11,5,3,645,1,1,1,1.0,7.0,01034,M,0.0,0.0,01
201100006968,11,7,29,2330,3,1,1,1.0,7.0,01015,M,0.0,0.0,01
201100006969,11,9,3,1800,1,1,1,2.0,3.0,01454,M,0.0,0.0,01
201100006970,11,9,28,1030,1,1,1,1.0,1.0,01310,M,0.0,0.0,01
201100006971,11,3,14,1645,1,1,1,1.0,3.0,01138,M,4583900.0,579200.0,01
201100006972,11,3,27,500,3,1,1,1.0,6.0,01138,M,4582900.0,578600.0,01
201100006973,11,5,1,1830,1,1,1,1.0,1.0,01118,M,4599700.0,579500.0,01
201100006974,11,9,11,1100,1,1,1,1.0,1.0,01066,M,0.0,0.0,01
201100006975,11,10,27,1430,1,2,1,1.0,7.0,01407,M,4596100.0,582900.0,01
201100006976,11,11,28,1200,1,2,1,1.0,1.0,01138,M,0.0,0.0,01
201100006977,11,12,1,400,5,1,6,1.0,6.0,01138,M,0.0,0.0,01
201100006978,11,7,2,1900,1,1,2,1.0,3.0,01185,M,0.0,0.0,01
201100006979,11,9,5,830,1,2,6,1.0,6.0,01185,M,4598300.0,559900.0,01
201100006980,11,11,8,930,1,2,1,2.0,6.0,01185,M,0.0,0.0,01
201100006981,11,12,4,1930,5,2,1,2.0,1.0,01185,M,4598200.0,559700.0,01
201100006982,11,2,19,1515,1,1,1,8.0,1.0,01011,M,0.0,0.0,01
201100006983,11,3,20,1530,1,2,3,1.0,5.0,01269,M,4615200.0,561000.0,01
201100006984,11,5,7,1615,1,2,1,1.0,4.0,01148,M,0.0,0.0,01
201100006985,11,5,8,1915,1,1,1,1.0,1.0,01228,M,4613300.0,552000.0,01
201100006986,11,7,7,900,1,1,1,1.0,3.0,01237,M,0.0,0.0,01
201100006987,11,7,21,1445,1,1,1,1.0,5.0,01240,M,0.0,0.0,01
201100006988,11,8,17,1645,1,2,8,1.0,6.0,01265,M,0.0,0.0,01
201100006989,11,9,19,1000,1,1,1,3.0,1.0,01274,M,4615100.0,564400.0,01
201100006990,11,11,4,2300,3,1,1,1.0,6.0,01269,M,4616700.0,559500.0,01
201100006991,11,2,27,1930,3,1,1,1.0,1.0,01436,M,4635400.0,610700.0,01
201100006992,11,2,26,1545,1,1,3,8.0,3.0,01173,M,0.0,0.0,01
201100006993,11,3,18,2330,5,1,3,2.0,1.0,01071,M,4631200.0,606700.0,01
201100006994,11,4,23,2130,5,2,1,2.0,3.0,01071,M,0.0,0.0,01
201100006995,11,6,14,1915,1,2,1,1.0,6.0,01399,M,0.0,0.0,01
201100006996,11,7,7,2130,2,1,9,3.0,1.0,01143,M,4635800.0,611300.0,01
201100006997,11,9,2,1500,1,2,1,1.0,6.0,01143,M,0.0,0.0,01
201100006998,11,9,6,1730,1,1,1,1.0,6.0,01399,M,4629200.0,607300.0,01
201100006999,11,9,8,1800,1,1,1,1.0,2.0,01436,M,4634600.0,608900.0,01
201100007000,11,9,18,2030,5,1,1,2.0,1.0,01173,M,4633500.0,605900.0,01
201100007001,11,10,22,1645,1,1,1,1.0,3.0,01399,M,0.0,0.0,01
201100007002,11,12,3,630,3,1,1,1.0,6.0,01399,M,4629500.0,607200.0,01
201100007003,11,12,3,600,5,2,1,8.0,6.0,01143,M,4636400.0,613900.0,01
201100007004,11,4,9,1400,1,1,1,1.0,5.0,01247,M,0.0,0.0,01
201100007005,11,4,28,1745,1,1,1,3.0,1.0,01104,M,0.0,0.0,01
201100007006,11,7,25,1630,1,1,1,1.0,6.0,01247,M,0.0,0.0,01
201100007007,11,9,3,2245,3,2,1,8.0,7.0,01114,M,,,01
201100007008,11,12,27,1245,1,1,1,9.0,7.0,01104,M,0.0,0.0,01
201100007009,11,5,11,845,1,2,1,1.0,3.0,01160,M,4626100.0,611400.0,01
201100007010,11,6,7,1730,1,2,1,3.0,2.0,01281,M,4627100.0,610000.0,01
201100007011,11,9,23,1815,1,2,1,1.0,6.0,01313,M,0.0,0.0,01
201100007012,11,5,27,1000,1,2,1,1.0,6.0,01194,M,4599000.0,475800.0,01
201100007013,11,6,12,1200,1,1,1,1.0,6.0,01166,M,4599800.0,479300.0,01
201100007014,11,6,12,2000,1,2,1,1.0,6.0,01339,M,4594800.0,473300.0,01
201100007015,11,7,31,15,3,1,1,1.0,7.0,01250,M,4597400.0,481300.0,01
201100007016,11,11,4,2045,1,2,1,8.0,6.0,01030,M,4601400.0,475300.0,01
201100007017,11,12,14,1530,1,1,1,2.0,5.0,01322,M,4594600.0,483400.0,01
201100007018,11,2,22,530,2,1,2,1.0,3.0,01325,M,4597700.0,513300.0,01
201100007019,11,2,17,1530,1,1,1,1.0,6.0,01235,M,4606400.0,508200.0,01
201100007020,11,4,12,800,1,1,1,1.0,1.0,01383,M,0.0,0.0,01
201100007021,11,5,7,1500,1,1,2,1.0,5.0,01090,M,4602300.0,521900.0,01
201100007022,11,5,31,715,2,1,1,1.0,6.0,01085,M,4609300.0,502900.0,01
201100007023,11,7,13,1230,1,1,1,2.0,1.0,01129,M,0.0,0.0,01
201100007024,11,7,15,1045,1,1,1,1.0,1.0,01381,M,4606300.0,515700.0,01
201100007025,11,7,23,1315,1,2,1,1.0,1.0,01383,M,4610400.0,513700.0,01
201100007026,11,7,29,1745,1,1,1,1.0,3.0,01074,M,0.0,0.0,01
201100007027,11,8,22,1730,1,1,1,1.0,3.0,01085,M,4607600.0,504400.0,01
201100007028,11,10,14,1745,1,1,1,1.0,6.0,01359,M,4607600.0,506500.0,01
201100007029,11,10,30,1815,5,2,1,1.0,3.0,01434,M,4598500.0,510700.0,01
201100007030,11,11,8,1630,1,1,1,1.0,1.0,01235,M,0.0,0.0,01
201100007031,11,1,5,1330,1,2,7,1.0,6.0,01093,M,4612500.0,495900.0,01
201100007032,11,3,4,1445,1,1,1,1.0,3.0,01001,M,0.0,0.0,01
201100007033,11,5,7,1700,1,1,1,6.0,6.0,01084,M,0.0,0.0,01
201100007034,11,5,6,2000,2,1,1,1.0,1.0,01046,M,0.0,0.0,01
201100007035,11,6,6,845,1,1,1,1.0,1.0,01093,M,0.0,0.0,01
201100007036,11,7,1,1500,1,1,1,1.0,6.0,01272,M,4616000.0,499700.0,01
201100007037,11,9,18,1745,1,2,1,1.0,6.0,01093,M,0.0,0.0,01
201100007038,11,10,29,930,1,2,1,1.0,3.0,01457,M,0.0,0.0,01
201100007039,11,2,4,1745,1,1,1,1.0,3.0,01290,M,0.0,0.0,01
201100007040,11,3,18,2130,3,1,1,1.0,3.0,01290,M,0.0,0.0,01
201100007041,11,4,29,1530,1,2,1,1.0,3.0,01378,M,0.0,0.0,01
201100007042,11,5,18,1715,1,2,1,1.0,1.0,01244,M,0.0,0.0,01
201100007043,11,6,30,2030,1,2,1,1.0,2.0,01244,M,0.0,0.0,01
201100007044,11,8,3,2030,2,1,1,1.0,7.0,01244,M,0.0,0.0,01
201100007045,11,8,17,945,1,1,1,1.0,3.0,01156,M,0.0,0.0,01
201100007046,11,2,5,1645,1,2,1,1.0,1.0,01376,M,4583300.0,497700.0,01
201100007047,11,2,11,1545,1,2,1,1.0,3.0,01043,M,0.0,0.0,01
201100007048,11,4,11,845,1,2,1,1.0,3.0,01043,M,0.0,0.0,01
201100007049,11,4,23,2245,3,1,1,2.0,3.0,01249,M,0.0,0.0,01
201100007050,11,7,27,2330,5,2,1,1.0,3.0,01249,M,0.0,0.0,01
201100007051,11,4,13,1030,1,1,1,1.0,3.0,01142,M,0.0,0.0,01
201100007052,11,4,24,315,5,1,1,1.0,6.0,01027,M,0.0,0.0,01
201100007053,11,7,6,1230,1,2,3,1.0,1.0,01049,M,0.0,0.0,01
201100007054,11,8,15,1630,1,1,1,1.0,6.0,01262,M,0.0,0.0,01
201100007055,11,1,5,2015,3,1,1,6.0,1.0,01248,M,0.0,0.0,01
201100007056,11,2,18,2230,3,1,1,1.0,6.0,01333,M,0.0,0.0,01
201100007057,11,3,19,2130,3,1,1,1.0,5.0,01248,M,0.0,0.0,01
201100007058,11,4,20,830,1,1,2,1.0,1.0,01362,M,4596300.0,487900.0,01
201100007059,11,4,24,1745,1,1,3,1.0,3.0,01398,M,0.0,0.0,01
201100007060,11,5,22,1715,1,1,1,1.0,1.0,01105,M,4594300.0,486600.0,01
201100007061,11,5,25,1130,1,2,1,1.0,3.0,01398,M,4598700.0,487100.0,01
201100007062,11,6,28,1515,1,1,3,1.0,3.0,01333,M,0.0,0.0,01
201100007063,11,8,20,1745,1,1,2,1.0,3.0,01105,M,4591200.0,489400.0,01
201100007064,11,8,23,2200,3,1,1,1.0,5.0,01075,M,0.0,0.0,01
201100007065,11,9,4,230,3,1,1,1.0,1.0,01333,M,0.0,0.0,01
201100007066,11,10,2,2030,3,1,1,1.0,1.0,01398,M,0.0,0.0,01
201100007067,11,11,24,1300,1,1,1,1.0,7.0,01045,M,4596200.0,504200.0,01
201100007068,11,12,11,730,3,1,1,5.0,6.0,01382,M,4601200.0,491800.0,01
201100007069,11,1,8,500,5,1,1,1.0,6.0,01389,M,0.0,0.0,01
201100007070,11,1,25,1115,1,2,1,1.0,1.0,01263,M,0.0,0.0,01
201100007071,11,2,6,1530,1,1,1,1.0,6.0,01165,M,0.0,0.0,01
201100007072,11,4,27,1330,1,1,1,1.0,3.0,01083,M,0.0,0.0,01
201100007073,11,6,19,1830,1,1,1,1.0,7.0,01351,M,0.0,0.0,01
201100007074,11,4,15,1000,1,1,1,1.0,2.0,07122,M,0.0,0.0,07
201100007075,11,6,2,1745,1,1,1,8.0,6.0,07230,M,0.0,0.0,07
201100007076,11,7,10,1115,1,1,1,8.0,7.0,07158,M,0.0,0.0,07
201100007077,11,12,21,1845,3,1,1,9.0,3.0,07339,M,0.0,0.0,07
201100007078,11,3,4,1200,1,2,1,1.0,6.0,07042,M,0.0,0.0,07
201100007079,11,4,8,815,1,1,1,1.0,5.0,07042,M,0.0,0.0,07
201100007080,11,4,6,1800,1,2,1,1.0,6.0,07042,M,0.0,0.0,07
201100007081,11,5,13,930,1,2,1,1.0,6.0,07268,M,0.0,0.0,07
201100007082,11,5,18,1045,1,2,1,1.0,4.0,07042,M,0.0,0.0,07
201100007083,11,5,21,200,5,2,9,1.0,6.0,07042,M,0.0,0.0,07
201100007084,11,9,18,215,3,1,1,2.0,6.0,07279,M,4443300.0,462600.0,07
201100007085,11,2,2,730,2,2,1,1.0,6.0,07083,M,0.0,0.0,07
201100007086,11,4,17,630,1,1,1,1.0,7.0,07167,M,0.0,0.0,07
201100007087,11,7,16,1600,1,1,1,1.0,1.0,07295,M,0.0,0.0,07
201100007088,11,7,19,1645,1,2,1,1.0,1.0,07295,M,0.0,0.0,07
201100007089,11,8,14,1615,1,1,1,2.0,7.0,07149,M,0.0,0.0,07
201100007090,11,1,2,730,3,1,1,1.0,6.0,07319,M,0.0,0.0,07
201100007091,11,3,4,1530,1,1,1,1.0,1.0,07319,M,0.0,0.0,07
201100007092,11,6,21,1730,1,1,1,1.0,2.0,07346,M,0.0,0.0,07
201100007093,11,8,27,1800,5,2,1,1.0,3.0,07319,M,0.0,0.0,07
201100007094,11,9,16,1730,1,2,1,1.0,3.0,07319,M,0.0,0.0,07
201100007095,11,10,6,2230,3,1,6,1.0,6.0,07319,M,0.0,0.0,07
201100007096,11,11,29,1930,5,2,6,1.0,3.0,07319,M,0.0,0.0,07
201100007097,11,12,16,2045,3,1,1,8.0,3.0,07076,M,0.0,0.0,07
201100007098,11,5,6,745,1,1,1,1.0,6.0,07190,M,0.0,0.0,07
201100007099,11,8,1,1515,1,1,1,1.0,1.0,07145,M,0.0,0.0,07
201100007100,11,8,20,845,1,1,1,1.0,1.0,07247,M,0.0,0.0,07
201100007101,11,12,1,745,2,1,1,1.0,1.0,07341,M,0.0,0.0,07
201100007102,11,12,13,2300,3,1,1,1.0,6.0,07348,M,0.0,0.0,07
201100007103,11,2,26,1545,1,2,1,1.0,3.0,07349,M,4480500.0,478400.0,07
201100007104,11,3,14,815,1,1,1,2.0,3.0,07288,M,0.0,0.0,07
201100007105,11,3,20,1745,1,1,1,1.0,1.0,07022,M,4470300.0,476800.0,07
201100007106,11,4,2,1715,1,1,1,1.0,1.0,07288,M,4472300.0,453300.0,07
201100007107,11,4,11,815,1,1,1,1.0,6.0,07027,M,0.0,0.0,07
201100007108,11,5,8,915,1,1,1,1.0,1.0,07349,M,0.0,0.0,07
201100007109,11,6,21,930,1,2,1,1.0,6.0,07349,M,0.0,0.0,07
201100007110,11,6,25,1930,1,2,7,1.0,6.0,07181,M,0.0,0.0,07
201100007111,11,6,29,1600,1,1,1,1.0,7.0,07027,M,0.0,0.0,07
201100007112,11,7,12,1030,1,1,1,1.0,2.0,07261,M,0.0,0.0,07
201100007113,11,7,16,1800,1,2,6,1.0,2.0,07349,M,0.0,0.0,07
201100007114,11,7,25,1430,1,2,1,1.0,2.0,07181,M,0.0,0.0,07
201100007115,11,9,25,2200,3,1,1,1.0,1.0,07260,M,0.0,0.0,07
201100007116,11,10,20,15,5,1,9,1.0,6.0,07240,M,0.0,0.0,07
201100007117,11,10,24,1330,1,1,1,1.0,6.0,07198,M,0.0,0.0,07
201100007118,11,11,18,815,1,2,1,5.0,6.0,07260,M,0.0,0.0,07
201100007119,11,12,11,1130,1,2,1,1.0,6.0,07298,M,0.0,0.0,07
201100007120,11,2,18,1700,5,2,1,1.0,3.0,07110,M,0.0,0.0,07
201100007121,11,4,30,1800,1,2,1,1.0,3.0,07199,M,0.0,0.0,07
201100007122,11,7,15,1845,1,1,1,1.0,5.0,07132,M,0.0,0.0,07
201100007123,11,7,16,530,3,1,1,1.0,6.0,07132,M,0.0,0.0,07
201100007124,11,7,26,1600,1,1,1,1.0,2.0,07117,M,0.0,0.0,07
201100007125,11,9,13,130,3,1,1,1.0,6.0,07117,M,0.0,0.0,07
201100007126,11,9,13,1530,1,1,1,1.0,6.0,07162,M,0.0,0.0,07
201100007127,11,9,20,1700,1,1,1,1.0,6.0,07202,M,0.0,0.0,07
201100007128,11,9,23,2115,3,1,1,1.0,1.0,07199,M,0.0,0.0,07
201100007129,11,9,30,1800,1,1,1,1.0,1.0,07134,M,0.0,0.0,07
201100007130,11,10,29,2000,3,1,1,1.0,6.0,07238,M,4445600.0,417300.0,07
201100007131,11,11,19,1115,1,2,1,3.0,6.0,07327,M,4451900.0,432300.0,07
201100007132,11,8,27,800,1,1,1,1.0,3.0,07142,M,4477000.0,391600.0,07
201100007133,11,9,12,800,1,1,1,1.0,3.0,07142,M,0.0,0.0,07
201100007134,11,9,30,1745,1,1,1,1.0,7.0,07018,M,0.0,0.0,07
201100007135,11,2,17,445,5,2,1,1.0,6.0,07178,M,4467200.0,428900.0,07
201100007136,11,3,20,1515,1,2,1,1.0,6.0,07127,M,4465100.0,432600.0,07
201100007137,11,7,12,700,1,1,1,1.0,6.0,07322,M,4468000.0,424300.0,07
201100007138,11,8,16,1630,1,1,1,1.0,7.0,07315,M,0.0,0.0,07
201100007139,11,9,11,1700,1,1,1,1.0,7.0,07045,M,4475900.0,422000.0,07
201100007140,11,9,19,100,3,1,1,1.0,6.0,07322,M,4468100.0,424300.0,07
201100007141,11,10,16,1030,1,2,1,1.0,6.0,07107,M,4464100.0,425800.0,07
201100007142,11,1,17,1045,1,2,1,1.0,3.0,07330,M,0.0,0.0,07
201100007143,11,1,29,545,3,1,1,1.0,6.0,07291,M,0.0,0.0,07
201100007144,11,2,5,1430,1,1,1,1.0,1.0,07207,M,0.0,0.0,07
201100007145,11,4,9,1530,1,1,1,1.0,7.0,07291,M,0.0,0.0,07
201100007146,11,4,14,930,1,1,1,1.0,7.0,07126,M,0.0,0.0,07
201100007147,11,6,21,930,1,2,1,1.0,1.0,07328,M,0.0,0.0,07
201100007148,11,7,2,2245,5,2,1,1.0,6.0,07207,M,0.0,0.0,07
201100007149,11,7,11,330,3,1,1,1.0,7.0,07306,M,0.0,0.0,07
201100007150,11,7,16,1830,1,1,1,1.0,1.0,07291,M,0.0,0.0,07
201100007151,11,7,25,2345,3,1,1,1.0,6.0,07330,M,0.0,0.0,07
201100007152,11,8,15,1800,1,1,1,1.0,2.0,07306,M,0.0,0.0,07
201100007153,11,9,7,1700,1,2,6,1.0,3.0,07330,M,0.0,0.0,07
201100007154,11,10,2,1530,1,1,1,1.0,7.0,07291,M,0.0,0.0,07
201100007155,11,11,26,1500,1,1,1,1.0,1.0,07330,M,0.0,0.0,07
201100007156,11,12,11,1815,3,1,6,1.0,7.0,07330,M,0.0,0.0,07
201100007157,11,1,17,915,1,1,1,1.0,6.0,07147,M,0.0,0.0,07
201100007158,11,4,15,1845,1,2,1,7.0,3.0,07334,M,0.0,0.0,07
201100007159,11,5,20,130,3,1,1,1.0,7.0,07294,M,0.0,0.0,07
201100007160,11,6,6,1730,1,1,1,1.0,7.0,07280,M,0.0,0.0,07
201100007161,11,1,13,1200,1,2,1,1.0,6.0,07324,M,4507000.0,482000.0,07
201100007162,11,3,5,1930,3,1,1,1.0,7.0,07217,M,0.0,0.0,07
201100007163,11,3,20,1715,1,1,1,1.0,6.0,07217,M,0.0,0.0,07
201100007164,11,4,1,2115,5,2,1,1.0,6.0,07324,M,4507200.0,483500.0,07
201100007165,11,6,18,2200,5,2,1,1.0,6.0,07323,M,0.0,0.0,07
201100007166,11,8,31,1745,1,2,9,1.0,3.0,07245,M,0.0,0.0,07
201100007167,11,8,31,1530,1,1,1,1.0,6.0,07040,M,0.0,0.0,07
201100007168,11,9,10,2330,3,1,1,1.0,6.0,07324,M,0.0,0.0,07
201100007169,11,9,13,1445,1,1,1,1.0,3.0,07015,M,0.0,0.0,07
201100007170,11,9,28,1945,2,2,1,1.0,6.0,07245,M,0.0,0.0,07
201100007171,11,10,25,700,5,2,1,3.0,6.0,07324,M,4507300.0,483400.0,07
201100007172,11,1,15,845,1,1,1,7.0,3.0,07197,M,0.0,0.0,07
201100007173,11,4,6,800,1,2,1,7.0,6.0,07308,M,0.0,0.0,07
201100007174,11,4,22,1730,1,1,1,1.0,1.0,07227,M,0.0,0.0,07
201100007175,11,4,30,1945,1,1,1,1.0,4.0,07172,M,0.0,0.0,07
201100007176,11,7,22,1430,1,2,7,1.0,1.0,07009,M,0.0,0.0,07
201100007177,11,7,27,1330,1,2,1,1.0,1.0,07308,M,0.0,0.0,07
201100007178,11,7,31,2000,1,2,1,1.0,6.0,07010,M,0.0,0.0,07
201100007179,11,9,12,1400,1,1,1,1.0,3.0,07225,M,0.0,0.0,07
201100007180,11,9,17,1400,1,2,1,2.0,3.0,07010,M,0.0,0.0,07
201100007181,11,9,24,1830,1,2,1,1.0,1.0,07010,M,0.0,0.0,07
201100007182,11,10,10,1400,1,1,1,1.0,1.0,07078,M,0.0,0.0,07
201100007183,11,10,26,1645,1,1,1,1.0,1.0,07308,M,0.0,0.0,07
201100007184,11,12,18,1500,1,1,1,1.0,2.0,07041,M,0.0,0.0,07
201100007185,11,4,10,1315,1,1,1,1.0,1.0,07267,M,0.0,0.0,07
201100007186,11,8,11,2045,1,1,1,1.0,7.0,07204,M,4502200.0,440500.0,07
201100007187,11,8,14,2245,3,2,1,1.0,7.0,07064,M,4491700.0,442800.0,07
201100007188,11,9,28,1230,1,1,1,1.0,6.0,07267,M,4486900.0,427600.0,07
201100007189,11,10,11,915,1,2,1,1.0,3.0,07064,M,0.0,0.0,07
201100007190,11,10,14,1400,1,2,1,1.0,6.0,07064,M,4490900.0,442200.0,07
201100007191,11,10,30,400,3,1,1,1.0,6.0,07269,M,0.0,0.0,07
201100007192,11,11,19,1200,1,1,1,2.0,7.0,07269,M,0.0,0.0,07
201100007193,11,11,24,1400,1,2,1,1.0,6.0,07064,M,4491200.0,442200.0,07
201100007194,11,4,9,1630,1,1,1,1.0,1.0,07129,M,0.0,0.0,07
201100007195,11,4,9,1800,1,2,1,1.0,3.0,07052,M,0.0,0.0,07
201100007196,11,4,10,1930,2,1,1,1.0,1.0,07052,M,0.0,0.0,07
201100007197,11,4,20,2030,1,1,1,1.0,5.0,07052,M,0.0,0.0,07
201100007198,11,5,26,1500,1,1,1,1.0,1.0,07079,M,0.0,0.0,07
201100007199,11,6,1,1900,1,2,1,1.0,6.0,07129,M,0.0,0.0,07
201100007200,11,6,1,1715,1,2,1,1.0,1.0,07035,M,0.0,0.0,07
201100007201,11,11,28,1015,1,1,1,8.0,1.0,07274,M,0.0,0.0,07
201100007202,11,11,12,1900,3,1,1,1.0,7.0,07079,M,0.0,0.0,07
201100007203,11,11,20,1245,1,1,4,1.0,1.0,07338,M,0.0,0.0,07
201100007204,11,11,30,1545,1,1,1,1.0,1.0,07129,M,0.0,0.0,07
201100007205,11,7,20,800,1,1,1,1.0,7.0,07274,M,4485000.0,457000.0,07
201100007206,11,3,3,1615,1,1,1,1.0,6.0,07309,M,0.0,0.0,07
201100007207,11,3,12,300,3,1,1,1.0,6.0,07250,M,4515500.0,471100.0,07
201100007208,11,5,20,2045,2,1,1,1.0,6.0,07185,M,4514400.0,465700.0,07
201100007209,11,5,29,1800,1,1,1,1.0,6.0,07285,M,0.0,0.0,07
201100007210,11,7,18,915,1,1,1,1.0,1.0,07014,M,0.0,0.0,07
201100007211,11,10,10,745,2,1,1,8.0,1.0,07292,M,4516200.0,469000.0,07
201100007212,11,11,25,1530,1,1,1,1.0,7.0,07170,M,4510600.0,457500.0,07
201100007213,11,2,10,815,1,2,1,5.0,3.0,26197,M,0.0,0.0,26
201100007214,11,3,10,1530,1,2,1,1.0,6.0,26064,M,4490500.0,501800.0,26
201100007215,11,4,25,2130,3,1,1,1.0,6.0,26170,M,4490300.0,497700.0,26
201100007216,11,7,6,1215,1,1,1,1.0,7.0,26170,M,4490400.0,497000.0,26
201100007217,11,2,28,1000,1,1,1,1.0,1.0,26258,M,0.0,0.0,26
201100007218,11,3,14,830,1,1,1,8.0,1.0,26108,M,0.0,0.0,26
201100007219,11,3,24,1200,1,1,1,1.0,6.0,26125,M,0.0,0.0,26
201100007220,11,5,7,1215,1,1,1,1.0,5.0,26183,M,0.0,0.0,26
201100007221,11,5,20,1545,1,1,1,1.0,2.0,26234,M,0.0,0.0,26
201100007222,11,6,12,1545,1,2,1,1.0,1.0,26108,M,4472530.0,501600.0,26
201100007223,11,7,13,1245,1,1,9,2.0,6.0,26336,M,0.0,0.0,26
201100007224,11,8,1,1900,1,1,1,1.0,6.0,26115,M,0.0,0.0,26
201100007225,11,8,4,1500,1,1,1,1.0,5.0,26065,M,0.0,0.0,26
201100007226,11,10,6,800,1,1,1,1.0,7.0,26287,M,0.0,0.0,26
201100007227,11,11,2,915,1,1,1,2.0,1.0,26115,M,0.0,0.0,26
201100007228,11,11,25,815,1,2,1,1.0,7.0,26011,M,4471370.0,505140.0,26
201100007229,11,1,4,545,3,1,1,4.0,1.0,26196,M,4488000.0,491100.0,26
201100007230,11,1,9,2115,5,1,1,2.0,6.0,26165,M,4478400.0,482800.0,26
201100007231,11,4,17,1,3,1,1,1.0,1.0,26337,M,0.0,0.0,26
201100007232,11,6,11,1000,1,1,1,1.0,3.0,26165,M,0.0,0.0,26
201100007233,11,9,1,1000,1,1,1,1.0,5.0,26208,M,0.0,0.0,26
201100007234,11,9,2,900,1,1,1,2.0,1.0,26144,M,0.0,0.0,26
201100007235,11,9,16,1015,1,1,1,1.0,6.0,26006,M,4476000.0,489100.0,26
201100007236,11,11,3,1800,3,1,1,6.0,1.0,26144,M,0.0,0.0,26
201100007237,11,12,5,830,1,1,1,2.0,4.0,26042,M,0.0,0.0,26
201100007238,11,1,11,1445,1,1,1,1.0,3.0,26113,M,0.0,0.0,26
201100007239,11,6,18,1500,1,2,6,1.0,3.0,26113,M,4475300.0,538200.0,26
201100007240,11,7,26,30,3,2,1,1.0,6.0,26113,M,4475690.0,535830.0,26
201100007241,11,7,30,1400,1,2,1,1.0,3.0,26113,M,0.0,0.0,26
201100007242,11,7,31,1545,1,1,1,1.0,6.0,26069,M,0.0,0.0,26
201100007243,11,8,21,600,1,1,1,1.0,6.0,26113,M,0.0,0.0,26
201100007244,11,8,19,1945,1,1,1,1.0,7.0,26113,M,0.0,0.0,26
201100007245,11,9,4,1845,1,1,1,1.0,3.0,26113,M,0.0,0.0,26
201100007246,11,12,24,215,3,1,1,2.0,7.0,26290,M,4489400.0,542300.0,26
201100007247,11,6,24,2045,1,1,1,1.0,6.0,26040,M,4457700.0,557000.0,26
201100007248,11,6,26,345,3,1,1,1.0,6.0,26167,M,4460700.0,546400.0,26
201100007249,11,7,11,2000,1,2,1,1.0,6.0,26113,M,0.0,0.0,26
201100007250,11,8,14,1630,1,1,1,1.0,6.0,26001,M,4470400.0,541900.0,26
201100007251,11,8,21,1900,1,1,1,1.0,1.0,26040,M,4456200.0,561200.0,26
201100007252,11,8,28,1200,1,2,1,1.0,1.0,26167,M,4462100.0,544900.0,26
201100007253,11,10,8,1715,1,1,1,2.0,6.0,26262,M,4465100.0,541900.0,26
201100007254,11,2,25,2045,3,1,1,1.0,1.0,26168,M,0.0,0.0,26
201100007255,11,4,25,1915,1,1,1,3.0,5.0,26168,M,0.0,0.0,26
201100007256,11,7,14,930,1,2,1,1.0,5.0,26168,M,0.0,0.0,26
201100007257,11,7,19,1145,1,1,1,2.0,1.0,26168,M,0.0,0.0,26
201100007258,11,8,16,1030,1,1,1,1.0,3.0,26168,M,0.0,0.0,26
201100007259,11,1,31,1315,1,2,1,1.0,1.0,26312,M,0.0,0.0,26
201100007260,11,3,7,1345,1,2,1,1.0,1.0,26338,M,4460260.0,481890.0,26
201100007261,11,4,7,2000,1,1,1,1.0,1.0,26106,M,4465700.0,478700.0,26
201100007262,11,7,11,1900,1,1,1,7.0,3.0,26305,M,0.0,0.0,26
201100007263,11,8,7,2045,2,1,1,1.0,7.0,26005,M,0.0,0.0,26
201100007264,11,9,8,1930,1,1,1,7.0,3.0,26191,M,4455300.0,479300.0,26
201100007265,11,9,23,1915,1,1,1,1.0,6.0,26339,M,0.0,0.0,26
201100007266,11,1,12,1145,1,1,1,1.0,2.0,26003,M,4449400.0,494500.0,26
201100007267,11,5,17,1600,1,1,1,1.0,1.0,26114,M,0.0,0.0,26
201100007268,11,9,10,1845,1,1,1,1.0,1.0,26343,M,0.0,0.0,26
201100007269,11,10,8,1700,1,1,1,1.0,7.0,26373,M,0.0,0.0,26
201100007270,11,1,15,545,5,1,1,1.0,6.0,26085,M,0.0,0.0,26
201100007271,11,5,16,1615,1,1,2,1.0,5.0,26169,M,0.0,0.0,26
201100007272,11,5,29,445,3,2,1,1.0,6.0,26169,M,0.0,0.0,26
201100007273,11,6,26,1730,1,2,1,1.0,6.0,26169,M,0.0,0.0,26
201100007274,11,7,15,830,1,1,1,1.0,3.0,26116,M,0.0,0.0,26
201100007275,11,8,18,1515,1,1,1,1.0,1.0,26085,M,0.0,0.0,26
201100007276,11,10,6,1700,3,1,1,1.0,2.0,26116,M,0.0,0.0,26
201100007277,11,11,7,1830,3,1,1,1.0,1.0,26085,M,0.0,0.0,26
201100007278,11,12,15,1830,3,1,5,1.0,3.0,26085,M,0.0,0.0,26
201100007279,11,1,13,1230,1,1,1,1.0,1.0,26235,M,0.0,0.0,26
201100007280,11,2,23,1145,1,2,1,1.0,6.0,26235,M,4438360.0,470020.0,26
201100007281,11,9,21,1615,1,1,1,1.0,3.0,26235,M,0.0,0.0,26
201100007282,11,10,20,2200,3,1,1,1.0,6.0,26235,M,0.0,0.0,26
201100007283,11,12,26,2345,3,1,1,1.0,7.0,26235,M,0.0,0.0,26
201100007284,11,4,1,1715,3,1,1,2.0,1.0,26016,M,0.0,0.0,26
201100007285,11,5,1,1130,1,1,1,1.0,6.0,26082,M,0.0,0.0,26