Num_Acc,an,mois,jour,hrmn,lum,agg,int,atm,col,com,gps,lat,long,dep
201100007286,11,5,16,1815,1,1,1,1.0,6.0,26220,M,0.0,0.0,26
201100007287,11,5,17,1800,1,1,1,1.0,3.0,26220,M,0.0,0.0,26
201100007288,11,6,24,1815,1,1,1,1.0,1.0,26377,M,0.0,0.0,26
201100007289,11,7,22,1300,1,1,1,1.0,7.0,26317,M,0.0,0.0,26
201100007290,11,7,23,800,1,1,1,1.0,1.0,26367,M,0.0,0.0,26
201100007291,11,8,16,845,1,1,1,1.0,6.0,26182,M,0.0,0.0,26
201100007292,11,9,23,1815,1,2,1,1.0,6.0,26220,M,0.0,0.0,26
201100007293,11,9,30,1800,1,1,1,1.0,1.0,26367,M,0.0,0.0,26
201100007294,11,10,15,1745,1,1,1,1.0,6.0,26233,M,0.0,0.0,26
201100007295,11,1,5,1040,1,2,3,1.0,6.0,02691,M,4983606.0,330595.0,02
201100007296,11,10,1,920,1,2,3,1.0,3.0,02691,M,4983661.0,326811.0,02
201100007297,11,3,8,1815,1,1,1,1.0,6.0,26063,M,0.0,0.0,26
201100007298,11,1,13,1830,5,2,7,1.0,3.0,02691,M,4984194.0,329515.0,02
201100007299,11,7,14,1900,2,1,1,1.0,1.0,26063,M,0.0,0.0,26
201100007300,11,1,17,1145,1,2,3,1.0,6.0,02691,M,4984979.0,327252.0,02
201100007301,11,11,22,1845,3,1,1,1.0,7.0,26189,M,0.0,0.0,26
201100007302,11,1,28,1055,1,2,3,1.0,6.0,02691,M,4985123.0,327583.0,02
201100007303,11,2,15,450,5,2,3,1.0,3.0,02691,M,,,02
201100007304,11,10,14,1740,1,2,1,1.0,3.0,02691,M,,,02
201100007305,11,10,15,1040,1,2,1,1.0,3.0,02691,M,,,02
201100007306,11,3,4,1450,1,2,6,1.0,6.0,02691,M,,,02
201100007307,11,11,17,2132,5,2,1,1.0,6.0,02691,M,4984260.0,329397.0,02
201100007308,11,3,5,1445,1,1,1,1.0,1.0,02525,M,4986467.0,331072.0,02
201100007309,11,3,15,1950,3,1,3,1.0,3.0,02691,M,,,02
201100007310,11,3,23,1435,1,2,1,1.0,6.0,02691,M,,,02
201100007311,11,12,24,1905,5,2,2,1.0,1.0,02691,M,4984845.0,330057.0,02
201100007312,11,4,11,1125,1,2,1,1.0,6.0,02691,M,,,02
201100007313,11,12,26,2000,5,2,3,1.0,6.0,02691,M,4983756.0,329994.0,02
201100007314,11,4,19,1610,1,1,1,1.0,1.0,02549,M,,,02
201100007315,11,4,2,1535,1,2,3,1.0,3.0,02691,M,4985804.0,327796.0,02
201100007316,11,3,31,810,2,2,3,1.0,2.0,02691,M,4984805.0,327183.0,02
201100007317,11,4,14,2050,2,2,3,1.0,6.0,02691,M,4984360.0,327621.0,02
201100007318,11,4,22,1410,1,2,3,1.0,3.0,02691,M,,,02
201100007319,11,5,12,955,1,2,2,1.0,3.0,02691,M,,,02
201100007320,11,4,13,630,2,1,1,1.0,1.0,02371,M,,,02
201100007321,11,5,27,945,1,1,1,1.0,6.0,02659,M,,,02
201100007322,11,4,24,1135,1,1,1,1.0,2.0,02549,M,,,02
201100007323,11,4,25,1500,1,2,2,1.0,3.0,02340,M,,,02
201100007324,11,4,21,825,1,2,3,1.0,6.0,02691,M,,,02
201100007325,11,4,29,1725,1,2,1,1.0,6.0,02691,M,,,02
201100007326,11,6,10,2020,1,1,1,1.0,1.0,02659,M,,,02
201100007327,11,6,15,1505,1,1,1,1.0,6.0,02659,M,,,02
201100007328,11,5,21,1815,1,2,1,1.0,6.0,02691,M,,,02
201100007329,11,5,30,2245,5,2,2,1.0,3.0,02691,M,,,02
201100007330,11,5,26,1925,1,2,1,8.0,6.0,02691,M,,,02
201100007331,11,6,29,740,1,2,1,1.0,3.0,02691,M,,,02
201100007332,11,5,23,540,1,2,2,1.0,2.0,02549,M,,,02
201100007333,11,5,21,930,1,2,3,1.0,6.0,02691,M,,,02
201100007334,11,6,6,2045,1,2,3,1.0,3.0,02691,M,,,02
201100007335,11,6,16,1710,1,2,1,1.0,7.0,02340,M,,,02
201100007336,11,7,4,1845,1,2,4,1.0,2.0,02691,M,,,02
201100007337,11,8,7,1050,1,2,3,1.0,3.0,02549,M,,,02
201100007338,11,9,25,10,5,2,1,1.0,6.0,02691,M,,,02
201100007339,11,9,18,1120,1,2,1,1.0,6.0,02340,M,,,02
201100007340,11,10,26,1515,1,2,3,1.0,6.0,02691,M,,,02
201100007341,11,10,17,1330,1,2,1,1.0,3.0,02691,M,,,02
201100007342,11,12,5,1805,5,2,1,2.0,6.0,02691,M,,,02
201100007343,11,1,4,930,1,1,1,2.0,6.0,26146,M,4444300.0,487500.0,26
201100007344,11,3,12,1530,1,1,9,2.0,3.0,26146,M,4442400.0,485500.0,26
201100007345,11,5,19,1100,1,2,1,1.0,6.0,26146,M,4442400.0,491100.0,26
201100007346,11,9,28,1900,1,1,1,1.0,3.0,26335,M,4446300.0,493300.0,26
201100007347,11,12,4,1615,1,1,1,1.0,1.0,26192,M,4444600.0,501600.0,26
201100007348,11,4,30,1445,1,1,1,1.0,1.0,26112,M,0.0,0.0,26
201100007349,11,4,30,1915,1,1,1,1.0,1.0,26112,M,0.0,0.0,26
201100007350,11,7,5,1430,1,1,1,1.0,7.0,26369,M,4438500.0,540800.0,26
201100007351,11,7,22,1845,1,1,1,1.0,7.0,26376,M,4443800.0,528800.0,26
201100007352,11,10,15,830,1,1,1,1.0,7.0,26245,M,0.0,0.0,26
201100007353,11,10,25,1100,1,1,1,2.0,3.0,26238,M,0.0,0.0,26
201100007354,11,1,13,815,1,1,1,1.0,3.0,26034,M,0.0,0.0,26
201100007355,11,1,14,1515,1,2,1,1.0,3.0,26301,M,0.0,0.0,26
201100007356,11,1,27,715,2,1,1,1.0,1.0,26129,M,0.0,0.0,26
201100007357,11,2,6,2130,3,2,1,1.0,6.0,26231,M,4509330.0,504760.0,26
201100007358,11,2,14,1145,1,2,1,8.0,6.0,26096,M,4507600.0,496070.0,26
201100007359,11,2,16,915,1,1,1,5.0,1.0,26034,M,4506700.0,522000.0,26
201100007360,11,3,7,1515,1,1,2,1.0,3.0,26139,M,4507110.0,508810.0,26
201100007361,11,3,7,745,1,1,1,1.0,3.0,26177,M,0.0,0.0,26
201100007362,11,4,2,500,3,1,1,1.0,6.0,26039,M,0.0,0.0,26
201100007363,11,4,6,1800,1,1,1,1.0,7.0,26381,M,0.0,0.0,26
201100007364,11,4,12,1700,1,1,9,1.0,1.0,26084,M,0.0,0.0,26
201100007365,11,4,29,1700,1,2,2,1.0,1.0,26323,M,4507200.0,512400.0,26
201100007366,11,5,7,545,3,1,1,1.0,6.0,26107,M,0.0,0.0,26
201100007367,11,6,27,1000,1,1,1,1.0,6.0,26231,M,0.0,0.0,26
201100007368,11,7,15,1815,1,1,1,1.0,1.0,26084,M,0.0,0.0,26
201100007369,11,8,7,1100,1,1,1,1.0,5.0,26079,M,0.0,0.0,26
201100007370,11,8,15,1145,1,1,1,1.0,3.0,26301,M,0.0,0.0,26
201100007371,11,8,27,1530,1,1,1,7.0,3.0,26301,M,0.0,0.0,26
201100007372,11,9,26,930,3,1,1,1.0,7.0,26079,M,4494210.0,506720.0,26
201100007373,11,10,29,1730,1,1,1,1.0,3.0,26129,M,0.0,0.0,26
201100007374,11,11,5,1415,1,1,1,2.0,5.0,26231,M,0.0,0.0,26
201100007375,11,11,17,1100,1,1,1,1.0,1.0,26088,M,0.0,0.0,26
201100007376,11,12,2,1715,3,2,1,2.0,3.0,26231,M,0.0,0.0,26
201100007377,11,12,4,530,3,1,1,8.0,6.0,26068,M,4525600.0,597700.0,26
201100007378,11,5,7,1815,1,1,1,1.0,7.0,26297,M,4519900.0,513800.0,26
201100007379,11,5,13,1615,1,1,1,1.0,7.0,26162,M,4529400.0,504000.0,26
201100007380,11,7,16,1515,1,1,1,1.0,1.0,26083,M,4524400.0,497900.0,26
201100007381,11,8,22,1215,1,2,1,1.0,1.0,26213,M,4529400.0,498700.0,26
201100007382,11,3,11,630,2,1,1,1.0,6.0,26331,M,4505000.0,529800.0,26
201100007383,11,11,2,2300,5,2,1,6.0,6.0,26307,M,4501540.0,528830.0,26
201100007384,11,4,15,2145,3,1,1,1.0,7.0,26002,M,4525300.0,485000.0,26
201100007385,11,7,30,1415,1,1,1,1.0,7.0,26002,M,4525500.0,485100.0,26
201100007386,11,8,11,1715,1,2,1,1.0,7.0,26010,M,4527800.0,490000.0,26
201100007387,11,10,1,1900,1,1,1,7.0,7.0,26333,M,0.0,0.0,26
201100007388,11,10,8,1630,1,1,1,2.0,1.0,26216,M,4519500.0,489600.0,26
201100007389,11,1,19,945,1,2,3,1.0,1.0,26347,M,4507700.0,483500.0,26
201100007390,11,1,29,400,3,1,1,1.0,6.0,26071,M,0.0,0.0,26
201100007391,11,3,2,1230,1,2,1,1.0,3.0,26347,M,0.0,0.0,26
201100007392,11,3,19,530,3,1,1,1.0,6.0,26119,M,0.0,0.0,26
201100007393,11,5,31,1730,1,1,1,3.0,7.0,26096,M,0.0,0.0,26
201100007394,11,6,24,1330,1,2,1,1.0,1.0,26347,M,0.0,0.0,26
201100007395,11,8,2,1400,1,1,1,1.0,6.0,26038,M,0.0,0.0,26
201100007396,11,8,20,1500,1,1,3,1.0,3.0,26072,M,4514370.0,488890.0,26
201100007397,11,10,23,400,3,1,1,8.0,7.0,26072,M,4512100.0,490600.0,26
201100007398,11,11,13,1830,5,2,9,1.0,1.0,26250,M,0.0,0.0,26
201100007399,11,11,14,1800,3,1,1,1.0,3.0,26347,M,0.0,0.0,26
201100007400,11,11,16,1930,3,1,1,9.0,3.0,26271,M,0.0,0.0,26
201100007401,11,12,26,1745,5,2,2,1.0,3.0,26347,M,4507050.0,483910.0,26
201100007402,11,2,10,1645,1,2,1,1.0,6.0,02722,M,,,02
201100007403,11,2,17,1435,1,2,6,1.0,6.0,02722,M,0.0,0.0,02
201100007404,11,3,5,1415,1,2,6,1.0,3.0,02722,M,,,02
201100007405,11,4,10,2205,5,2,1,1.0,2.0,02722,M,,,02
201100007406,11,4,19,955,1,2,3,1.0,2.0,02722,M,,,02
201100007407,11,4,22,2130,3,1,6,1.0,6.0,02243,M,,,02
201100007408,11,5,3,1730,1,2,1,1.0,4.0,02722,M,,,02
201100007409,11,5,5,1725,1,2,3,1.0,3.0,02805,M,,,02
201100007410,11,5,8,1500,1,2,6,1.0,6.0,02722,M,,,02
201100007411,11,5,12,1725,1,2,2,1.0,3.0,02722,M,,,02
201100007412,11,5,28,1452,1,2,2,1.0,5.0,02722,M,,,02
201100007413,11,5,28,1406,1,1,1,1.0,6.0,02722,M,,,02
201100007414,11,5,30,945,1,2,3,1.0,6.0,02722,M,,,02
201100007415,11,6,1,1545,1,2,6,1.0,6.0,02722,M,,,02
201100007416,11,6,10,1138,1,2,2,2.0,3.0,02722,M,,,02
201100007417,11,6,12,1055,1,2,3,1.0,6.0,02722,M,,,02
201100007418,11,6,17,800,1,1,1,1.0,2.0,02805,M,,,02
201100007419,11,6,20,802,1,2,1,2.0,6.0,02722,M,,,02
201100007420,11,6,22,1850,1,2,1,1.0,6.0,02722,M,,,02
201100007421,11,6,27,1745,1,2,1,1.0,6.0,02722,M,,,02
201100007422,11,6,29,15,3,1,1,2.0,5.0,02805,M,,,02
201100007423,11,7,1,1435,1,2,6,1.0,6.0,02722,M,,,02
201100007424,11,7,2,1545,1,2,6,1.0,3.0,02722,M,,,02
201100007425,11,7,3,1400,1,2,6,1.0,6.0,02722,M,,,02
201100007426,11,7,4,1130,1,2,2,1.0,3.0,02722,M,,,02
201100007427,11,7,5,853,1,2,1,1.0,6.0,02722,M,,,02
201100007428,11,7,11,1326,1,1,6,1.0,6.0,02722,M,,,02
201100007429,11,7,15,1805,1,2,1,1.0,3.0,02722,M,,,02
201100007430,11,7,16,945,1,1,1,1.0,7.0,02243,M,,,02
201100007431,11,7,21,1545,1,2,6,1.0,3.0,02722,M,,,02
201100007432,11,7,31,1325,1,1,1,1.0,6.0,02243,M,,,02
201100007433,11,8,22,2315,3,2,3,1.0,6.0,02722,M,,,02
201100007434,11,8,27,610,2,2,1,1.0,6.0,02722,M,,,02
201100007435,11,9,1,1155,1,2,2,1.0,2.0,02722,M,,,02
201100007436,11,9,5,1240,1,2,1,1.0,6.0,02722,M,,,02
201100007437,11,9,5,1450,1,1,6,1.0,3.0,02722,M,,,02
201100007438,11,9,7,1915,1,2,2,1.0,3.0,02722,M,,,02
201100007439,11,9,10,1425,1,2,2,1.0,3.0,02722,M,,,02
201100007440,11,9,18,1615,1,2,6,1.0,6.0,02722,M,,,02
201100007441,11,9,22,1210,1,2,1,1.0,6.0,02722,M,,,02
201100007442,11,9,25,1405,1,2,1,1.0,3.0,02722,M,,,02
201100007443,11,10,6,1300,1,2,1,2.0,3.0,02722,M,,,02
201100007444,11,11,2,1205,1,1,1,1.0,3.0,02243,M,,,02
201100007445,11,11,7,1755,2,2,6,1.0,2.0,02722,M,4937075.0,332227.0,02
201100007446,11,11,11,1125,1,2,3,1.0,3.0,02805,M,4937416.0,334027.0,02
201100007447,11,11,13,1915,2,1,1,1.0,7.0,02243,M,4940058.0,336806.0,02
201100007448,11,11,15,1130,1,2,1,1.0,2.0,02243,M,,,02
201100007449,11,11,17,1825,3,2,6,8.0,2.0,02722,M,,,02
201100007450,11,11,18,1945,5,2,2,8.0,6.0,02722,M,4938201.0,332157.0,02
201100007451,11,11,25,915,1,2,6,1.0,6.0,02722,M,4936491.0,333867.0,02
201100007452,11,11,29,1010,1,2,3,1.0,3.0,02243,M,,,02
201100007453,11,11,29,2350,5,2,1,8.0,7.0,02722,M,4937484.0,333765.0,02
201100007454,11,11,30,1040,1,2,1,1.0,1.0,02722,M,4936883.0,332229.0,02
201100007455,11,11,30,1840,5,2,1,1.0,7.0,02805,M,4937403.0,334079.0,02
201100007456,11,12,6,1630,2,2,3,2.0,3.0,02243,M,4939892.0,335742.0,02
201100007457,11,12,9,1110,1,2,2,1.0,3.0,02722,M,4937585.0,332185.0,02
201100007458,11,12,18,740,5,2,1,1.0,6.0,02722,M,4938156.0,331399.0,02
201100007459,11,12,21,2150,5,2,1,1.0,6.0,02722,M,4938140.0,332570.0,02
201100007460,11,12,29,2000,5,1,6,2.0,3.0,02722,M,,,02
201100007461,11,5,7,1140,1,2,3,1.0,3.0,02722,M,4936855.0,333563.0,02
201100007462,11,4,11,900,1,2,3,1.0,3.0,02722,M,4937320.0,334397.0,02
201100007463,11,5,14,450,3,2,1,1.0,6.0,02722,M,4938136.0,330916.0,02
201100007464,11,6,18,1940,1,2,1,2.0,6.0,02243,M,,,02
201100007465,11,1,29,1430,1,2,6,1.0,6.0,38150,M,4520510.0,582536.0,38
201100007466,11,1,29,1830,5,2,1,1.0,3.0,38547,M,0.0,0.0,38
201100007467,11,2,8,815,1,2,2,1.0,6.0,38150,M,4520140.0,583997.0,38
201100007468,11,2,20,1430,1,2,1,2.0,3.0,38547,M,0.0,0.0,38
201100007469,11,7,4,1200,1,2,1,1.0,1.0,38547,M,4527680.0,587245.0,38
201100007470,11,10,17,1200,1,1,1,1.0,1.0,38334,M,0.0,0.0,38
201100007471,11,10,26,2345,5,2,1,1.0,2.0,38547,M,0.0,0.0,38
201100007472,11,5,11,1100,1,2,2,1.0,6.0,38158,M,4515280.0,574871.0,38
201100007473,11,5,13,745,1,1,4,1.0,3.0,38158,M,4514820.0,576175.0,38
201100007474,11,6,15,1600,1,2,1,1.0,2.0,38158,M,0.0,0.0,38
201100007475,11,10,29,2100,5,2,1,1.0,2.0,38158,M,0.0,0.0,38
201100007476,11,7,4,1745,1,1,1,1.0,5.0,38317,M,0.0,0.0,38
201100007477,11,7,19,1615,1,1,1,1.0,1.0,38317,M,0.0,0.0,38
201100007478,11,9,7,2045,5,2,3,1.0,3.0,38317,M,0.0,0.0,38
201100007479,11,10,30,1445,1,1,1,1.0,5.0,38317,M,4511940.0,569808.0,38
201100007480,11,12,26,1930,3,1,1,1.0,6.0,38317,M,4511510.0,569909.0,38
201100007481,11,5,30,1215,1,1,1,1.0,7.0,38314,M,4544000.0,604100.0,38
201100007482,11,6,27,1515,1,1,1,1.0,1.0,38439,M,4536660.0,602609.0,38
201100007483,11,7,14,1500,1,1,1,1.0,6.0,38062,M,0.0,0.0,38
201100007484,11,10,21,1730,2,1,1,1.0,7.0,38006,M,0.0,0.0,38
201100007485,11,9,6,900,1,2,1,1.0,6.0,38382,M,0.0,0.0,38
201100007486,11,10,17,700,5,2,1,1.0,1.0,38382,M,0.0,0.0,38
201100007487,11,1,14,2230,5,2,7,1.0,6.0,38412,M,4538700.0,573579.0,38
201100007488,11,1,24,1600,1,2,1,1.0,6.0,38412,M,0.0,0.0,38
201100007489,11,4,2,1700,1,1,1,1.0,1.0,38376,M,0.0,0.0,38
201100007490,11,4,11,1500,1,1,1,1.0,6.0,38442,M,0.0,0.0,38
201100007491,11,4,28,1330,1,2,1,8.0,1.0,38412,M,4538860.0,572328.0,38
201100007492,11,12,3,2215,3,1,1,3.0,7.0,38442,M,0.0,0.0,38
201100007493,11,2,26,1615,1,1,1,1.0,6.0,38153,M,0.0,0.0,38
201100007494,11,4,2,1400,1,1,2,1.0,3.0,38540,M,4526810.0,562029.0,38
201100007495,11,7,10,1545,1,1,1,7.0,3.0,38153,M,4506420.0,526800.0,38
201100007496,11,7,11,2145,2,1,1,1.0,7.0,38474,M,0.0,0.0,38
201100007497,11,7,8,1700,1,1,6,1.0,3.0,38281,M,0.0,0.0,38
201100007498,11,10,4,2100,3,1,1,1.0,1.0,38281,M,4523700.0,564600.0,38
201100007499,11,2,6,1445,1,2,3,1.0,6.0,38511,M,4536200.0,595970.0,38
201100007500,11,6,19,1815,1,1,1,1.0,7.0,38504,M,0.0,0.0,38
201100007501,11,6,24,1600,1,1,1,1.0,7.0,38181,M,0.0,0.0,38
201100007502,11,8,16,1900,1,1,1,1.0,6.0,38395,M,0.0,0.0,38
201100007503,11,8,18,1630,1,1,1,1.0,4.0,38100,M,4540310.0,600624.0,38
201100007504,11,10,28,1745,1,1,1,1.0,7.0,38504,M,0.0,0.0,38
201100007505,11,11,13,1500,1,1,1,9.0,7.0,38002,M,0.0,0.0,38
201100007506,11,5,21,15,5,2,1,1.0,6.0,38545,M,0.0,0.0,38
201100007507,11,5,24,2245,3,1,2,1.0,3.0,38524,M,4510540.0,568686.0,38
201100007508,11,7,7,2100,2,2,1,1.0,6.0,38187,M,0.0,0.0,38
201100007509,11,7,10,1100,1,1,1,1.0,6.0,38545,M,4503370.0,566502.0,38
201100007510,11,9,26,1900,1,2,1,1.0,3.0,38187,M,4504830.0,566842.0,38
201100007511,11,11,25,1700,1,2,6,1.0,3.0,38524,M,0.0,0.0,38
201100007512,11,9,3,1845,2,1,1,8.0,5.0,38205,M,4514800.0,559700.0,38
201100007513,11,9,2,1445,1,1,4,7.0,3.0,38205,M,4514200.0,558800.0,38
201100007514,11,9,22,1415,1,2,7,1.0,6.0,38548,M,4507600.0,555400.0,38
201100007515,11,1,17,815,1,2,1,1.0,1.0,38565,M,4529510.0,563797.0,38
201100007516,11,1,22,1723,2,1,1,8.0,5.0,02059,M,,,02
201100007517,11,2,26,730,2,1,1,1.0,6.0,38061,M,4531580.0,562220.0,38
201100007518,11,4,16,1800,1,2,3,1.0,3.0,02304,M,,,02
201100007519,11,4,13,1230,1,2,2,1.0,3.0,02738,M,,,02
201100007520,11,4,19,1929,1,2,9,1.0,3.0,02304,M,,,02
201100007521,11,4,15,2012,1,2,1,1.0,6.0,02738,M,,,02
201100007522,11,3,23,1300,1,2,4,1.0,1.0,38565,M,4527500.0,564985.0,38
201100007523,11,3,26,545,2,1,6,1.0,7.0,38565,M,4530750.0,562270.0,38
201100007524,11,5,9,1920,1,2,2,1.0,3.0,02738,M,,,02
201100007525,11,4,3,330,3,1,6,1.0,6.0,38565,M,4527980.0,562468.0,38
201100007526,11,5,26,1330,1,2,1,1.0,6.0,02304,M,,,02
201100007527,11,4,22,1730,1,1,1,1.0,1.0,38407,M,4534850.0,566842.0,38
201100007528,11,6,22,1615,1,2,1,1.0,7.0,02165,M,,,02
201100007529,11,6,27,1815,1,2,1,1.0,6.0,02738,M,4965239.0,328693.0,02
201100007530,11,8,11,1359,1,2,3,1.0,3.0,02738,M,,,02
201100007531,11,7,19,400,5,2,1,1.0,6.0,38565,M,4527600.0,565100.0,38
201100007532,11,8,4,830,1,1,1,1.0,6.0,38565,M,4531200.0,563800.0,38
201100007533,11,8,29,945,1,1,1,1.0,1.0,38565,M,0.0,0.0,38
201100007534,11,9,2,1230,1,1,1,1.0,3.0,38565,M,4531400.0,562100.0,38
201100007535,11,10,3,800,1,2,1,1.0,3.0,38565,M,4530400.0,563100.0,38
201100007536,11,11,7,1700,1,1,1,1.0,1.0,38061,M,0.0,0.0,38
201100007537,11,12,14,1715,1,2,1,1.0,6.0,02738,M,4965456.0,329479.0,02
201100007538,11,12,17,1245,1,2,1,1.0,6.0,02738,M,4965270.0,328809.0,02
201100007539,11,4,21,1713,1,2,6,1.0,6.0,02738,M,4965811.0,331329.0,02
201100007540,11,2,12,430,3,1,1,1.0,7.0,38402,M,4500280.0,575867.0,38
201100007541,11,4,3,1400,1,1,1,1.0,1.0,38489,M,4491370.0,582965.0,38
201100007542,11,7,6,645,1,2,1,1.0,3.0,38499,M,0.0,0.0,38
201100007543,11,8,19,1800,1,1,1,1.0,3.0,38304,M,4495800.0,576999.0,38
201100007544,11,8,21,1900,1,1,1,1.0,1.0,38462,M,4498500.0,577100.0,38
201100007545,11,8,28,400,3,1,1,1.0,6.0,38522,M,4487600.0,603200.0,38
201100007546,11,9,2,1700,1,2,1,1.0,3.0,38265,M,4495700.0,575500.0,38
201100007547,11,10,1,1930,2,2,1,1.0,6.0,38304,M,4495200.0,575800.0,38
201100007548,11,11,23,2030,5,2,1,1.0,6.0,38269,M,4490700.0,578400.0,38
201100007549,11,8,11,1700,1,1,1,1.0,1.0,38419,M,4485000.0,561900.0,38
201100007550,11,8,13,1000,1,1,1,1.0,7.0,38204,M,4475100.0,568000.0,38
201100007551,11,9,14,915,1,1,1,1.0,5.0,38301,M,4479400.0,563400.0,38
201100007552,11,1,1,600,3,1,1,1.0,6.0,38212,M,4511640.0,596490.0,38
201100007553,11,1,15,1600,1,1,1,1.0,7.0,38059,M,4512920.0,576412.0,38
201100007554,11,1,15,1730,1,2,1,1.0,1.0,38200,M,4508550.0,573865.0,38
201100007555,11,2,5,1800,1,1,1,9.0,1.0,38203,M,4504120.0,576403.0,38
201100007556,11,2,14,815,1,1,6,1.0,2.0,38068,M,4510270.0,571411.0,38
201100007557,11,4,27,1030,1,2,2,1.0,1.0,38562,M,4506980.0,576371.0,38
201100007558,11,5,5,1730,1,1,3,7.0,3.0,38562,M,4507690.0,576569.0,38
201100007559,11,5,8,1630,1,1,1,1.0,1.0,38212,M,4511400.0,595840.0,38
201100007560,11,7,18,1130,1,2,1,1.0,6.0,38203,M,4503100.0,577200.0,38
201100007561,11,7,18,1915,1,1,1,1.0,1.0,38071,M,4506700.0,572200.0,38
201100007562,11,7,28,615,2,1,1,1.0,1.0,38478,M,4505800.0,583599.0,38
201100007563,11,8,1,1430,1,1,1,1.0,1.0,38388,M,4503700.0,570600.0,38
201100007564,11,9,14,1815,1,1,1,1.0,1.0,38388,M,4505000.0,570900.0,38
201100007565,11,9,30,715,2,1,1,1.0,1.0,38277,M,4499200.0,570000.0,38
201100007566,11,2,3,1200,5,2,3,1.0,6.0,38416,M,4515210.0,531999.0,38
201100007567,11,3,16,1400,1,1,1,8.0,6.0,38453,M,4510640.0,530676.0,38
201100007568,11,3,31,1515,1,1,1,2.0,7.0,38018,M,4506860.0,532265.0,38
201100007569,11,7,15,230,3,1,1,1.0,6.0,38410,M,4509000.0,520982.0,38
201100007570,11,8,9,1845,1,1,2,1.0,3.0,38409,M,4507970.0,529671.0,38
201100007571,11,8,10,1615,1,1,2,1.0,1.0,38360,M,4512470.0,528021.0,38
201100007572,11,9,3,1530,1,1,1,2.0,6.0,38454,M,4512540.0,532793.0,38
201100007573,11,10,15,1015,1,1,8,1.0,3.0,38495,M,0.0,0.0,38
201100007574,11,11,5,2215,3,1,1,1.0,1.0,38416,M,4513700.0,532700.0,38
201100007575,11,11,15,1645,2,2,6,1.0,6.0,38416,M,0.0,0.0,38
201100007576,11,11,24,1600,1,1,1,1.0,1.0,38095,M,4515460.0,526741.0,38
201100007577,11,12,15,1545,5,1,1,1.0,3.0,38095,M,0.0,0.0,38
201100007578,11,2,18,830,1,1,2,1.0,3.0,38384,M,4533830.0,533297.0,38
201100007579,11,2,28,245,5,2,4,2.0,7.0,38174,M,4539000.0,536254.0,38
201100007580,11,3,2,645,1,1,2,1.0,1.0,38384,M,4535650.0,535559.0,38
201100007581,11,3,7,1200,1,1,1,1.0,3.0,38384,M,4535580.0,535543.0,38
201100007582,11,3,8,1930,3,2,1,1.0,5.0,38174,M,4539050.0,535300.0,38
201100007583,11,4,13,1845,1,2,3,1.0,1.0,38505,M,4531850.0,516544.0,38
201100007584,11,6,12,1130,1,1,1,1.0,1.0,38255,M,0.0,0.0,38
201100007585,11,8,6,600,1,1,1,1.0,7.0,38384,M,0.0,0.0,38
201100007586,11,12,23,1600,1,2,1,1.0,3.0,38384,M,4534300.0,535400.0,38
201100007587,11,2,13,1530,1,1,1,1.0,3.0,38117,M,4515940.0,538997.0,38
201100007588,11,2,6,1215,1,1,1,1.0,5.0,38086,M,4526500.0,534300.0,38
201100007589,11,4,22,1915,1,1,1,1.0,5.0,38033,M,4519610.0,539541.0,38
201100007590,11,7,27,1,3,1,1,1.0,6.0,38263,M,4528000.0,545000.0,38
201100007591,11,9,5,945,1,1,1,8.0,1.0,38074,M,4524400.0,544700.0,38
201100007592,11,9,14,815,1,1,3,1.0,3.0,38390,M,4520430.0,547159.0,38
201100007593,11,11,9,1015,1,2,1,1.0,2.0,38559,M,0.0,0.0,38
201100007594,11,11,20,1530,1,1,1,1.0,1.0,38278,M,4524400.0,540300.0,38
201100007595,11,2,1,1900,3,1,1,1.0,1.0,38415,M,4564900.0,523000.0,38
201100007596,11,4,9,1715,1,1,4,1.0,3.0,38348,M,4559220.0,535173.0,38
201100007597,11,5,7,545,5,1,6,1.0,6.0,38276,M,4557650.0,530360.0,38
201100007598,11,7,8,1700,1,2,1,1.0,3.0,38374,M,4556790.0,543311.0,38
201100007599,11,8,8,1700,1,1,1,1.0,1.0,38091,M,4551500.0,534800.0,38
201100007600,11,8,13,1345,1,1,1,1.0,1.0,38374,M,4564600.0,533400.0,38
201100007601,11,10,5,1815,1,1,1,1.0,6.0,38415,M,4563900.0,524600.0,38
201100007602,11,10,6,715,2,1,1,5.0,1.0,38415,M,4564200.0,524300.0,38
201100007603,11,12,24,300,3,1,1,2.0,7.0,38374,M,4563000.0,537700.0,38
201100007604,11,1,8,1800,5,2,2,1.0,1.0,38494,M,4569010.0,537408.0,38
201100007605,11,1,15,1515,1,1,1,1.0,6.0,38294,M,4566210.0,520575.0,38
201100007606,11,4,10,1130,1,1,1,1.0,5.0,38451,M,4572850.0,523176.0,38
201100007607,11,5,30,1315,1,1,1,1.0,1.0,38210,M,4574300.0,525100.0,38
201100007608,11,6,2,1645,1,1,1,1.0,7.0,38488,M,4573600.0,527900.0,38
201100007609,11,6,11,1830,1,2,1,1.0,1.0,38451,M,4575400.0,522300.0,38
201100007610,11,6,12,415,3,1,1,1.0,7.0,38176,M,4566400.0,520500.0,38
201100007611,11,9,25,445,3,1,1,1.0,6.0,38176,M,4564700.0,519000.0,38