Num_Acc,an,mois,jour,hrmn,lum,agg,int,atm,col,com,gps,lat,long,dep
201100007612,11,9,30,845,1,1,1,1.0,3.0,38451,M,0.0,0.0,38
201100007613,11,10,4,715,2,1,1,5.0,3.0,38109,M,4569500.0,520800.0,38
201100007614,11,11,5,1230,1,1,1,2.0,1.0,38392,M,4567900.0,529900.0,38
201100007615,11,11,22,1745,5,1,9,1.0,6.0,38451,M,4575100.0,522500.0,38
201100007616,11,1,6,1515,1,1,1,1.0,6.0,38213,M,4542420.0,538541.0,38
201100007617,11,2,25,1730,1,2,2,1.0,6.0,38560,M,4548570.0,547612.0,38
201100007618,11,3,4,1645,1,1,1,1.0,3.0,38013,M,4540900.0,546499.0,38
201100007619,11,4,6,1615,1,2,1,1.0,3.0,38098,M,4550800.0,547970.0,38
201100007620,11,6,19,2030,2,1,1,1.0,1.0,38082,M,4542900.0,551200.0,38
201100007621,11,8,24,1730,1,2,1,1.0,2.0,38118,M,4540400.0,546400.0,38
201100007622,11,9,4,1400,1,1,1,8.0,1.0,38013,M,4539500.0,550300.0,38
201100007623,11,9,21,800,1,1,1,1.0,3.0,38063,M,4543000.0,544200.0,38
201100007624,11,10,1,115,5,1,1,1.0,1.0,38042,M,4540000.0,540000.0,38
201100007625,11,10,5,1700,1,1,1,1.0,2.0,38098,M,4548900.0,547600.0,38
201100007626,11,1,5,2015,3,1,1,1.0,6.0,38247,M,4579720.0,540132.0,38
201100007627,11,1,15,1815,3,2,1,1.0,1.0,38054,M,4577440.0,540110.0,38
201100007628,11,1,22,2115,5,2,1,1.0,1.0,38320,M,4583210.0,540490.0,38
201100007629,11,2,6,700,2,1,1,5.0,6.0,38026,M,4587000.0,534000.0,38
201100007630,11,2,10,1545,1,2,2,1.0,3.0,38247,M,4581220.0,539827.0,38
201100007631,11,2,19,545,3,1,1,1.0,6.0,38539,M,4587800.0,535000.0,38
201100007632,11,2,24,1130,1,1,1,2.0,7.0,38083,M,4581700.0,536000.0,38
201100007633,11,4,10,1815,1,2,3,1.0,3.0,38247,M,4581500.0,540395.0,38
201100007634,11,4,15,2345,3,1,1,1.0,6.0,38320,M,4582100.0,539600.0,38
201100007635,11,4,27,115,3,2,4,1.0,6.0,38135,M,4570760.0,537767.0,38
201100007636,11,5,19,1915,1,1,1,1.0,3.0,38026,M,4584000.0,532300.0,38
201100007637,11,8,5,845,1,1,1,1.0,1.0,38295,M,0.0,0.0,38
201100007638,11,9,2,2145,3,2,1,1.0,3.0,38054,M,4578500.0,544201.0,38
201100007639,11,1,7,1930,5,2,3,8.0,1.0,38012,M,4558880.0,561228.0,38
201100007640,11,1,27,1930,2,1,1,9.0,6.0,38297,M,4569130.0,541949.0,38
201100007641,11,2,11,1315,1,1,1,1.0,6.0,38541,M,4563460.0,552412.0,38
201100007642,11,4,4,1145,1,2,6,1.0,6.0,38261,M,4567280.0,547073.0,38
201100007643,11,4,14,730,1,1,1,1.0,2.0,38483,M,4565150.0,541713.0,38
201100007644,11,4,16,945,1,2,3,1.0,3.0,38012,M,4558810.0,561195.0,38
201100007645,11,4,20,1600,1,1,2,1.0,3.0,38022,M,4564210.0,556320.0,38
201100007646,11,4,29,2330,4,1,1,1.0,3.0,38541,M,4563590.0,551997.0,38
201100007647,11,5,17,2030,1,2,6,1.0,6.0,38261,M,4567280.0,547073.0,38
201100007648,11,8,16,415,4,1,1,1.0,2.0,38022,M,0.0,0.0,38
201100007649,11,9,4,1845,2,1,1,2.0,6.0,38261,M,0.0,0.0,38
201100007650,11,9,9,1730,1,2,1,1.0,1.0,38261,M,0.0,0.0,38
201100007651,11,9,30,1230,1,1,1,1.0,3.0,38014,M,4570700.0,544500.0,38
201100007652,11,10,1,1045,1,2,1,1.0,2.0,38261,M,0.0,0.0,38
201100007653,11,10,7,1200,1,2,1,1.0,6.0,38124,M,0.0,0.0,38
201100007654,11,10,9,2000,3,1,1,2.0,1.0,38543,M,4565360.0,549721.0,38
201100007655,11,12,13,1400,1,1,1,1.0,1.0,38543,M,4565400.0,545284.0,38
201100007656,11,1,26,2200,5,2,1,1.0,6.0,38357,M,4554080.0,552949.0,38
201100007657,11,2,5,1630,1,1,3,1.0,3.0,38357,M,4553650.0,553582.0,38
201100007658,11,2,11,1830,3,1,1,1.0,6.0,38256,M,0.0,0.0,38
201100007659,11,3,6,1800,1,1,1,1.0,7.0,38228,M,4542800.0,563291.0,38
201100007660,11,4,7,1830,1,2,1,7.0,1.0,38165,M,0.0,0.0,38
201100007661,11,5,10,1730,1,1,1,1.0,5.0,38001,M,4554000.0,556900.0,38
201100007662,11,5,26,745,1,2,3,7.0,6.0,38001,M,4553870.0,558490.0,38
201100007663,11,6,11,2330,5,2,1,1.0,7.0,38386,M,0.0,0.0,38
201100007664,11,6,21,1300,1,2,1,1.0,6.0,38001,M,4554000.0,558300.0,38
201100007665,11,7,9,1830,1,2,1,1.0,2.0,38354,M,0.0,0.0,38
201100007666,11,8,27,1230,1,1,1,1.0,2.0,38343,M,0.0,0.0,38
201100007667,11,8,25,830,1,1,1,1.0,1.0,38343,M,4542830.0,556372.0,38
201100007668,11,10,8,1100,1,1,1,3.0,1.0,38386,M,0.0,0.0,38
201100007669,11,10,8,1015,1,1,1,2.0,3.0,38386,M,4547200.0,566000.0,38
201100007670,11,10,23,1130,1,1,1,1.0,1.0,38386,M,4546300.0,563900.0,38
201100007671,11,11,13,1015,1,2,1,1.0,3.0,38315,M,4554100.0,567100.0,38
201100007672,11,12,30,715,3,1,1,4.0,7.0,38043,M,0.0,0.0,38
201100007673,11,1,12,130,3,1,1,1.0,6.0,38162,M,0.0,0.0,38
201100007674,11,1,13,1630,1,1,1,1.0,1.0,38348,M,4557600.0,533471.0,38
201100007675,11,3,25,730,1,1,2,1.0,1.0,38148,M,4560740.0,546643.0,38
201100007676,11,3,27,15,5,1,3,2.0,1.0,38341,M,4558190.0,541690.0,38
201100007677,11,4,11,2015,1,2,1,1.0,1.0,38369,M,0.0,0.0,38
201100007678,11,4,16,1745,1,2,1,1.0,5.0,38381,M,4555660.0,547374.0,38
201100007679,11,6,4,1015,1,2,1,1.0,3.0,38377,M,0.0,0.0,38
201100007680,11,6,8,900,1,2,1,3.0,6.0,38509,M,0.0,0.0,38
201100007681,11,6,10,2215,5,2,1,1.0,3.0,38509,M,0.0,0.0,38
201100007682,11,6,14,1730,1,2,1,1.0,6.0,38509,M,0.0,0.0,38
201100007683,11,7,9,1730,1,1,1,1.0,1.0,38381,M,0.0,0.0,38
201100007684,11,8,20,2230,3,2,1,1.0,6.0,38076,M,0.0,0.0,38
201100007685,11,5,27,745,1,1,1,1.0,3.0,44209,M,0.0,0.0,44
201100007686,11,6,1,1130,1,1,1,1.0,1.0,44035,M,4732300.0,-157200.0,44
201100007687,11,7,26,2245,3,1,1,1.0,2.0,44209,M,0.0,0.0,44
201100007688,11,8,6,1215,1,1,1,2.0,1.0,44201,M,4737200.0,-155000.0,44
201100007689,11,10,7,800,2,1,1,1.0,3.0,44201,M,4732400.0,-153700.0,44
201100007690,11,10,21,1700,1,1,1,1.0,6.0,44066,M,4735800.0,-160800.0,44
201100007691,11,1,25,1330,1,1,1,1.0,3.0,38107,M,4545090.0,482305.0,38
201100007692,11,2,7,1730,1,1,1,1.0,7.0,38459,M,4547170.0,493964.0,38
201100007693,11,2,17,1800,5,2,3,1.0,3.0,38087,M,4557340.0,481073.0,38
201100007694,11,3,4,1830,1,2,1,1.0,5.0,38336,M,4549120.0,483099.0,38
201100007695,11,4,5,1930,1,2,6,1.0,3.0,38087,M,4558470.0,480303.0,38
201100007696,11,4,3,1630,1,1,1,1.0,7.0,38160,M,4549000.0,499000.0,38
201100007697,11,4,30,915,1,1,1,1.0,3.0,38087,M,4558610.0,480385.0,38
201100007698,11,5,13,1430,1,2,3,1.0,3.0,38110,M,4558570.0,487461.0,38
201100007699,11,5,19,1645,1,1,1,1.0,5.0,38157,M,0.0,0.0,38
201100007700,11,5,24,1230,1,2,1,1.0,1.0,38087,M,4557250.0,481211.0,38
201100007701,11,7,1,1815,1,2,3,1.0,6.0,38087,M,4558040.0,480562.0,38
201100007702,11,7,3,1145,1,1,1,1.0,7.0,38199,M,4551100.0,491499.0,38
201100007703,11,7,18,1630,1,1,1,1.0,6.0,38238,M,4552850.0,487222.0,38
201100007704,11,8,4,2100,2,1,1,1.0,3.0,38487,M,0.0,0.0,38
201100007705,11,9,27,1500,1,1,1,1.0,3.0,38110,M,4557700.0,488024.0,38
201100007706,11,11,20,200,3,1,1,1.0,7.0,38110,M,0.0,0.0,38
201100007707,11,12,4,1945,3,1,1,1.0,6.0,38160,M,4546622.0,498032.0,38
201100007708,11,12,7,630,3,1,1,2.0,5.0,38336,M,4548750.0,483081.0,38
201100007709,11,12,28,1715,3,1,1,1.0,3.0,38107,M,4546200.0,482600.0,38
201100007710,11,1,23,600,3,1,1,1.0,7.0,38025,M,4540190.0,522845.0,38
201100007711,11,2,27,1515,1,1,1,2.0,5.0,38267,M,4541540.0,533454.0,38
201100007712,11,3,28,1330,1,2,1,1.0,6.0,38130,M,4539730.0,527042.0,38
201100007713,11,3,31,1430,1,1,2,2.0,3.0,38457,M,4534660.0,524666.0,38
201100007714,11,4,1,1245,1,1,2,1.0,3.0,38130,M,4538290.0,527681.0,38
201100007715,11,4,14,1730,1,1,3,1.0,2.0,38034,M,4535450.0,503336.0,38
201100007716,11,5,6,845,1,1,2,1.0,3.0,38130,M,4538310.0,525282.0,38
201100007717,11,5,18,1900,1,2,1,1.0,1.0,38130,M,4539290.0,527642.0,38
201100007718,11,5,22,1330,1,2,1,1.0,6.0,38037,M,4537700.0,494999.0,38
201100007719,11,6,13,1645,1,1,1,1.0,3.0,38198,M,4534100.0,493400.0,38
201100007720,11,6,16,1700,1,2,1,3.0,6.0,38034,M,4534200.0,505700.0,38
201100007721,11,7,18,1700,4,1,1,1.0,6.0,38324,M,4539500.0,502300.0,38
201100007722,11,8,4,315,5,2,1,1.0,6.0,38267,M,4542800.0,530300.0,38
201100007723,11,8,17,2000,1,2,1,1.0,7.0,38161,M,4537460.0,516150.0,38
201100007724,11,8,28,1915,1,1,1,1.0,7.0,38479,M,4544900.0,519799.0,38
201100007725,11,10,8,2115,3,1,2,2.0,3.0,38198,M,4534030.0,494956.0,38
201100007726,11,10,13,2100,5,2,1,1.0,6.0,38121,M,4543100.0,522700.0,38
201100007727,11,10,15,1445,1,1,1,1.0,1.0,38130,M,0.0,0.0,38
201100007728,11,11,10,2200,3,2,1,1.0,6.0,38267,M,4542700.0,530400.0,38
201100007729,11,11,18,645,3,1,1,5.0,1.0,38161,M,4540200.0,514200.0,38
201100007730,11,11,30,1845,3,1,1,1.0,1.0,38180,M,4535500.0,528200.0,38
201100007731,11,2,26,2015,5,2,2,1.0,3.0,38399,M,4550230.0,514237.0,38
201100007732,11,3,10,930,2,1,4,1.0,3.0,38399,M,4550850.0,517098.0,38
201100007733,11,4,8,2330,3,1,1,1.0,7.0,38189,M,4561630.0,506038.0,38
201100007734,11,5,14,1330,1,2,1,3.0,1.0,38211,M,4545830.0,517950.0,38
201100007735,11,5,18,845,1,1,1,1.0,1.0,38389,M,0.0,0.0,38
201100007736,11,5,22,1345,1,1,1,1.0,3.0,38389,M,4556580.0,509748.0,38
201100007737,11,5,29,1945,1,2,1,1.0,1.0,38399,M,4549790.0,514606.0,38
201100007738,11,6,2,2030,1,1,1,1.0,1.0,38141,M,4553100.0,525100.0,38
201100007739,11,6,19,1730,1,2,1,1.0,6.0,38519,M,4561600.0,503400.0,38
201100007740,11,7,12,2000,1,2,1,1.0,5.0,38189,M,4563100.0,506400.0,38
201100007741,11,7,25,1600,1,1,1,1.0,6.0,38094,M,4549610.0,520248.0,38
201100007742,11,8,29,545,5,2,1,1.0,6.0,38346,M,0.0,0.0,38
201100007743,11,10,7,1900,1,1,1,8.0,3.0,38389,M,0.0,0.0,38
201100007744,11,10,8,1345,1,1,1,2.0,2.0,38389,M,4555800.0,509900.0,38
201100007745,11,10,12,1115,1,1,1,1.0,1.0,38399,M,4548000.0,514900.0,38
201100007746,11,10,16,700,3,1,1,1.0,6.0,38519,M,4561100.0,504100.0,38
201100007747,11,11,17,1945,3,1,1,1.0,1.0,38081,M,4553900.0,513100.0,38
201100007748,11,11,20,1515,1,2,2,1.0,5.0,38189,M,4564200.0,504700.0,38
201100007749,11,1,1,2330,5,2,2,1.0,3.0,38316,M,0.0,0.0,38
201100007750,11,3,27,1200,1,2,3,2.0,4.0,38316,M,4575310.0,518126.0,38
201100007751,11,4,27,1815,1,2,2,1.0,3.0,38557,M,4579390.0,512596.0,38
201100007752,11,5,29,100,5,1,3,1.0,1.0,38097,M,4576160.0,518526.0,38
201100007753,11,6,2,145,5,2,1,1.0,6.0,38197,M,4575800.0,510500.0,38
201100007754,11,6,15,1100,1,2,2,1.0,6.0,38316,M,4575070.0,517198.0,38
201100007755,11,6,17,930,1,2,1,1.0,6.0,38507,M,4573100.0,517200.0,38
201100007756,11,8,2,1830,1,1,1,1.0,3.0,38011,M,4579300.0,517100.0,38
201100007757,11,8,25,1645,1,1,1,1.0,5.0,38316,M,4575700.0,509100.0,38
201100007758,11,9,7,1415,1,1,1,1.0,1.0,38085,M,4576000.0,513900.0,38
201100007759,11,9,26,100,5,2,1,1.0,6.0,38085,M,4575200.0,516300.0,38
201100007760,11,11,9,2000,3,1,1,1.0,4.0,38097,M,4578600.0,516800.0,38
201100007761,11,11,15,2130,3,1,1,1.0,2.0,38316,M,4575800.0,509900.0,38
201100007762,11,1,12,1200,1,1,3,1.0,5.0,38344,M,4539970.0,480858.0,38
201100007763,11,2,12,245,5,2,2,1.0,3.0,38344,M,4537200.0,480600.0,38
201100007764,11,3,7,1800,1,1,4,1.0,5.0,38003,M,4532670.0,486863.0,38
201100007765,11,3,22,1445,1,2,1,1.0,3.0,38298,M,4537080.0,479477.0,38
201100007766,11,5,5,1930,1,1,2,1.0,3.0,38072,M,4533070.0,482590.0,38
201100007767,11,5,13,1745,1,2,2,1.0,3.0,38556,M,4538230.0,484127.0,38
201100007768,11,7,3,130,5,2,1,1.0,6.0,38051,M,4533600.0,490600.0,38
201100007769,11,8,9,1930,1,2,1,1.0,6.0,38344,M,0.0,0.0,38
201100007770,11,8,18,2100,2,2,1,1.0,7.0,38344,M,4537900.0,481300.0,38
201100007771,11,8,25,1730,1,2,1,3.0,3.0,38344,M,4539200.0,482500.0,38
201100007772,11,8,26,2345,3,1,1,5.0,6.0,38009,M,4534100.0,489200.0,38
201100007773,11,8,28,230,3,2,1,1.0,6.0,38496,M,4535800.0,490500.0,38
201100007774,11,9,2,745,1,1,1,1.0,5.0,38468,M,4534300.0,479500.0,38
201100007775,11,9,10,1730,1,2,1,1.0,6.0,38298,M,4557650.0,485771.0,38
201100007776,11,9,17,1430,1,1,6,1.0,2.0,38344,M,4532200.0,482400.0,38
201100007777,11,9,17,1515,1,1,1,1.0,6.0,38344,M,4537600.0,481900.0,38
201100007778,11,9,15,715,1,2,1,1.0,1.0,38468,M,4556330.0,544252.0,38
201100007779,11,10,26,1715,1,2,1,1.0,1.0,38349,M,4532300.0,477600.0,38
201100007780,11,11,15,1545,2,2,1,1.0,1.0,38468,M,4533960.0,480262.0,38
201100007781,11,12,21,1745,5,2,1,2.0,1.0,38344,M,0.0,0.0,38
201100007782,11,4,1,2045,5,2,2,1.0,5.0,38537,M,4564060.0,513774.0,38
201100007783,11,4,19,1915,1,2,9,1.0,6.0,38537,M,4564000.0,513486.0,38
201100007784,11,5,27,2145,5,2,1,1.0,1.0,38537,M,0.0,0.0,38
201100007785,11,6,4,930,1,1,1,2.0,3.0,38449,M,4564000.0,508400.0,38
201100007786,11,7,13,900,1,1,1,2.0,1.0,38449,M,4563670.0,509721.0,38
201100007787,11,7,22,1645,1,1,1,1.0,1.0,38449,M,4563400.0,509301.0,38
201100007788,11,8,15,1315,1,1,1,1.0,1.0,38537,M,0.0,0.0,38
201100007789,11,8,31,530,3,1,1,1.0,1.0,38449,M,4562500.0,508000.0,38
201100007790,11,9,10,2115,5,2,6,1.0,6.0,38449,M,4563900.0,511000.0,38
201100007791,11,10,14,1430,1,2,1,1.0,4.0,38537,M,4564550.0,513463.0,38
201100007792,11,12,25,1645,1,1,1,1.0,7.0,38475,M,0.0,0.0,38
201100007793,11,1,12,2245,5,2,1,1.0,1.0,42224,M,4534021.0,442016.0,42
201100007794,11,3,5,1730,1,1,1,1.0,1.0,42246,M,4532613.0,460726.0,42
201100007795,11,4,2,1545,1,1,1,1.0,3.0,42287,M,4526831.0,450354.0,42
201100007796,11,6,13,1530,1,1,1,1.0,1.0,42172,M,4536783.0,445318.0,42
201100007797,11,10,9,800,1,1,1,3.0,1.0,42224,M,4534551.0,448355.0,42
201100007798,11,10,9,1730,1,1,1,3.0,1.0,42224,M,4534511.0,448375.0,42
201100007799,11,10,16,1730,1,1,1,1.0,3.0,42067,M,4533787.0,460336.0,42
201100007800,11,10,18,1700,1,1,1,1.0,6.0,42224,M,4532784.0,444762.0,42
201100007801,11,12,18,1045,1,1,1,2.0,6.0,42246,M,4531889.0,463022.0,42
201100007802,11,2,17,1700,1,1,1,1.0,1.0,42097,M,4550638.0,430063.0,42
201100007803,11,3,26,145,3,1,1,1.0,6.0,42092,M,4548305.0,438711.0,42
201100007804,11,4,15,945,1,1,1,1.0,1.0,42208,M,4554080.0,448152.0,42
201100007805,11,4,27,1415,1,2,1,1.0,3.0,42302,M,4550049.0,443427.0,42
201100007806,11,5,7,1100,1,1,1,1.0,1.0,42302,M,4551599.0,444399.0,42
201100007807,11,6,3,1630,1,2,1,1.0,6.0,42302,M,4549720.0,443470.0,42
201100007808,11,6,24,1415,1,1,1,1.0,5.0,42208,M,4552779.0,446420.0,42
201100007809,11,8,2,2100,5,2,1,1.0,6.0,42302,M,4549380.0,442993.0,42
201100007810,11,9,18,930,1,1,1,2.0,1.0,42234,M,4555024.0,439650.0,42
201100007811,11,9,19,1630,1,1,1,1.0,1.0,42234,M,4553679.0,437869.0,42
201100007812,11,3,14,900,1,1,1,1.0,1.0,42046,M,4563949.0,406830.0,42
201100007813,11,3,19,1,3,1,1,1.0,7.0,42285,M,4555866.0,414914.0,42
201100007814,11,5,1,1515,1,1,1,1.0,3.0,42328,M,4556700.0,397177.0,42
201100007815,11,5,7,1500,1,1,1,1.0,7.0,42122,M,4557538.0,404896.0,42
201100007816,11,5,7,1715,1,1,1,1.0,1.0,42285,M,4554071.0,414447.0,42
201100007817,11,6,19,1145,1,1,1,1.0,6.0,42328,M,4557312.0,400389.0,42
201100007818,11,9,27,1000,1,1,8,1.0,1.0,42285,M,4557579.0,409902.0,42
201100007819,11,11,5,1145,1,1,1,8.0,6.0,42151,M,4565815.0,413591.0,42
201100007820,11,11,27,1700,1,1,1,1.0,1.0,42151,M,4568241.0,411003.0,42
201100007821,11,12,17,400,3,1,1,1.0,6.0,42046,M,4564770.0,405020.0,42
201100007822,11,1,15,1530,1,2,1,1.0,7.0,42005,M,4552884.0,425979.0,42
201100007823,11,2,11,2345,5,2,1,1.0,6.0,42324,M,4555065.0,424702.0,42
201100007824,11,6,20,2315,3,1,1,1.0,6.0,42005,M,4553909.0,430548.0,42
201100007825,11,9,19,815,1,1,1,2.0,1.0,42075,M,4558705.0,422314.0,42
201100007826,11,9,29,1015,1,2,6,1.0,1.0,42304,M,4553758.0,418802.0,42
201100007827,11,10,16,1645,1,2,1,1.0,3.0,42005,M,4552686.0,427029.0,42
201100007828,11,10,29,1000,1,2,1,1.0,6.0,42304,M,4554172.0,418600.0,42
201100007829,11,1,11,1745,5,2,1,8.0,6.0,42019,M,4574986.0,400798.0,42
201100007830,11,5,7,1215,1,2,1,1.0,6.0,42030,M,4579400.0,403056.0,42
201100007831,11,7,9,945,1,1,8,8.0,2.0,42159,M,4580314.0,376776.0,42
201100007832,11,8,25,915,1,1,1,8.0,6.0,42221,M,4579768.0,410912.0,42
201100007833,11,11,11,430,3,1,1,5.0,6.0,42009,M,4575965.0,401713.0,42
201100007834,11,11,11,1915,5,2,1,5.0,6.0,42159,M,4581667.0,376438.0,42
201100007835,11,11,14,1700,5,2,1,1.0,1.0,42019,M,4573881.0,400825.0,42
201100007836,11,2,4,915,1,1,1,5.0,3.0,42296,M,4573237.0,428819.0,42
201100007837,11,2,19,2130,3,1,1,2.0,6.0,42251,M,4567917.0,422896.0,42
201100007838,11,4,7,1915,2,1,1,1.0,1.0,42296,M,4573491.0,427613.0,42
201100007839,11,4,17,1800,1,2,1,1.0,3.0,42094,M,4573657.0,422510.0,42
201100007840,11,6,19,1800,1,1,1,1.0,7.0,42296,M,4572993.0,429389.0,42
201100007841,11,6,27,315,3,1,1,1.0,7.0,42113,M,4574498.0,430136.0,42
201100007842,11,7,3,230,3,1,1,1.0,6.0,42175,M,4579893.0,423194.0,42
201100007843,11,8,28,1530,1,1,1,1.0,6.0,42214,M,4567623.0,429939.0,42
201100007844,11,9,18,800,1,1,1,1.0,1.0,42296,M,4572590.0,430029.0,42
201100007845,11,10,3,1715,2,1,1,1.0,6.0,42165,M,4577894.0,432317.0,42
201100007846,11,11,9,1145,1,2,1,1.0,1.0,42094,M,4574286.0,421535.0,42
201100007847,11,6,27,1400,1,1,1,1.0,6.0,42006,M,4541555.0,399090.0,42
201100007848,11,7,6,1800,1,1,1,1.0,6.0,42021,M,4550687.0,413243.0,42
201100007849,11,9,2,1815,1,1,1,1.0,1.0,42318,M,4538242.0,393601.0,42
201100007850,11,11,5,1415,1,1,1,3.0,7.0,42107,M,4554104.0,396611.0,42
201100007851,11,12,3,1645,2,1,1,3.0,1.0,42318,M,4536022.0,390886.0,42
201100007852,11,1,8,1030,1,2,6,1.0,7.0,42206,M,4553896.0,432085.0,42
201100007853,11,1,20,1845,3,2,1,4.0,6.0,42149,M,4564350.0,422808.0,42
201100007854,11,1,27,700,2,1,1,9.0,6.0,42135,M,4566054.0,423021.0,42
201100007855,11,1,29,415,3,1,1,1.0,6.0,42020,M,4564111.0,421888.0,42
201100007856,11,2,13,400,5,2,1,9.0,6.0,42222,M,4559150.0,431453.0,42
201100007857,11,2,21,800,1,1,1,1.0,1.0,42138,M,4565710.0,437158.0,42
201100007858,11,2,23,1600,1,2,1,1.0,7.0,42323,M,4556604.0,429939.0,42
201100007859,11,3,2,730,3,1,1,5.0,7.0,42108,M,4559166.0,417500.0,42
201100007860,11,3,25,1845,1,2,1,1.0,3.0,42323,M,4556198.0,430612.0,42
201100007861,11,4,15,1500,1,2,1,1.0,6.0,42020,M,4562733.0,421283.0,42
201100007862,11,4,30,1515,1,1,6,1.0,3.0,42323,M,4556250.0,431058.0,42
201100007863,11,5,1,845,1,1,1,1.0,5.0,42038,M,4564576.0,418832.0,42
201100007864,11,5,7,1015,1,2,1,1.0,3.0,42206,M,4554936.0,432731.0,42
201100007865,11,5,8,300,3,1,1,1.0,6.0,42043,M,4556789.0,431619.0,42
201100007866,11,5,11,1830,1,2,1,1.0,2.0,42149,M,4564475.0,424700.0,42
201100007867,11,6,21,715,1,1,1,1.0,3.0,42323,M,4554988.0,428158.0,42
201100007868,11,7,20,1315,1,1,2,1.0,3.0,42081,M,4561324.0,426415.0,42
201100007869,11,7,21,1430,1,2,1,1.0,3.0,42323,M,4556640.0,429515.0,42
201100007870,11,7,23,1615,1,1,1,3.0,6.0,42055,M,4559482.0,445326.0,42
201100007871,11,8,1,800,1,1,1,1.0,1.0,42323,M,4554751.0,430583.0,42
201100007872,11,8,18,1515,1,2,1,1.0,3.0,42206,M,4554284.0,433203.0,42
201100007873,11,8,22,1000,1,2,6,1.0,6.0,42059,M,4563884.0,439186.0,42
201100007874,11,8,22,2300,5,2,9,1.0,6.0,42149,M,4564273.0,422497.0,42
201100007875,11,9,23,1230,1,2,1,1.0,3.0,42059,M,4563721.0,438923.0,42
201100007876,11,10,16,1130,1,1,1,1.0,1.0,42222,M,4562220.0,430750.0,42
201100007877,11,10,19,1530,1,1,1,1.0,6.0,42081,M,4560222.0,426430.0,42
201100007878,11,10,28,900,1,1,1,1.0,1.0,42315,M,4561148.0,421815.0,42
201100007879,11,11,9,1115,1,2,9,1.0,6.0,42059,M,4563853.0,439184.0,42
201100007880,11,12,3,1930,3,1,1,2.0,7.0,42059,M,4564787.0,437925.0,42
201100007881,11,12,3,1745,3,1,1,2.0,6.0,42200,M,4566298.0,426021.0,42
201100007882,11,2,12,2245,5,2,2,1.0,1.0,42056,M,4541874.0,473828.0,42
201100007883,11,3,8,1800,1,2,1,1.0,3.0,42056,M,4541214.0,473658.0,42
201100007884,11,3,17,730,2,1,1,2.0,3.0,42124,M,4537782.0,471001.0,42
201100007885,11,3,13,1330,1,1,1,2.0,6.0,42132,M,4537959.0,472379.0,42
201100007886,11,3,20,145,3,1,1,1.0,5.0,42056,M,4539911.0,473712.0,42
201100007887,11,4,21,1545,1,1,1,1.0,3.0,42132,M,4538357.0,473384.0,42
201100007888,11,5,7,1730,1,1,1,1.0,7.0,42056,M,4541883.0,470751.0,42
201100007889,11,5,31,2030,2,1,1,2.0,1.0,42132,M,4539467.0,474262.0,42
201100007890,11,8,2,1515,1,2,2,1.0,3.0,42168,M,4541762.0,467867.0,42
201100007891,11,8,5,1745,1,2,1,1.0,1.0,42056,M,4543054.0,474165.0,42
201100007892,11,8,6,1015,1,1,1,1.0,6.0,42056,M,4541344.0,472195.0,42
201100007893,11,8,7,2145,3,2,1,1.0,1.0,42056,M,4541413.0,473086.0,42
201100007894,11,9,24,2245,3,1,1,1.0,7.0,42124,M,4537594.0,471120.0,42
201100007895,11,10,2,1100,1,1,1,1.0,1.0,42201,M,4533218.0,464061.0,42
201100007896,11,10,16,1800,1,1,1,1.0,7.0,42191,M,4539426.0,467754.0,42
201100007897,11,11,1,945,2,2,1,1.0,6.0,42056,M,4540536.0,473687.0,42
201100007898,11,11,13,1530,1,2,1,1.0,2.0,42056,M,4541443.0,473014.0,42
201100007899,11,11,16,1530,1,1,1,1.0,3.0,42326,M,4536348.0,464588.0,42
201100007900,11,11,21,1900,2,1,1,1.0,6.0,42201,M,4534524.0,465786.0,42
201100007901,11,2,19,1200,1,1,1,1.0,1.0,42338,M,4609644.0,413502.0,42
201100007902,11,3,21,1130,1,2,1,1.0,6.0,42294,M,4600379.0,411498.0,42
201100007903,11,4,10,1815,1,1,1,1.0,1.0,42069,M,4597074.0,404512.0,42
201100007904,11,6,5,1200,1,1,1,1.0,1.0,42120,M,4599270.0,398414.0,42
201100007905,11,6,21,1445,1,1,1,1.0,6.0,42070,M,4595662.0,406198.0,42
201100007906,11,7,8,1745,1,1,1,1.0,3.0,42294,M,4601710.0,410658.0,42
201100007907,11,9,21,730,1,1,1,2.0,6.0,42145,M,4603530.0,420143.0,42
201100007908,11,10,4,1645,1,1,3,1.0,3.0,42166,M,4599308.0,410609.0,42
201100007909,11,12,21,1615,1,1,1,2.0,3.0,42074,M,4607217.0,423095.0,42