Num_Acc,an,mois,jour,hrmn,lum,agg,int,atm,col,com,gps,lat,long,dep
201100007910,11,2,27,1445,1,1,1,8.0,1.0,42293,M,4599672.0,429119.0,42
201100007911,11,3,10,1330,1,1,1,1.0,1.0,42128,M,4594258.0,428990.0,42
201100007912,11,5,17,800,1,1,1,7.0,1.0,42156,M,4589539.0,414985.0,42
201100007913,11,6,18,2245,3,1,1,1.0,6.0,42254,M,4586194.0,415584.0,42
201100007914,11,6,19,1915,1,2,1,1.0,7.0,42181,M,4599034.0,421400.0,42
201100007915,11,6,30,1715,1,2,1,1.0,1.0,42293,M,4600811.0,428388.0,42
201100007916,11,7,5,1445,1,1,1,1.0,1.0,42334,M,4586488.0,436779.0,42
201100007917,11,7,13,815,1,1,1,3.0,6.0,42325,M,4594309.0,414099.0,42
201100007918,11,7,16,1415,1,1,1,1.0,6.0,42293,M,4598954.0,429958.0,42
201100007919,11,10,15,2045,2,2,1,1.0,6.0,42293,M,4599966.0,428694.0,42
201100007920,11,10,21,1715,1,1,1,1.0,6.0,42011,M,4583266.0,415283.0,42
201100007921,11,10,29,1145,1,1,1,1.0,1.0,42254,M,4584671.0,414297.0,42
201100007922,11,11,4,1145,1,1,1,5.0,6.0,42213,M,4589432.0,431793.0,42
201100007923,11,12,10,1030,1,2,1,1.0,6.0,42011,M,4581205.0,419184.0,42
201100007924,11,12,18,945,1,1,1,8.0,1.0,42254,M,4586095.0,417670.0,42
201100007925,11,1,8,1345,1,1,1,1.0,1.0,42026,M,4613740.0,407672.0,42
201100007926,11,4,21,945,1,1,1,1.0,1.0,42141,M,4614374.0,423959.0,42
201100007927,11,5,13,1715,1,1,1,1.0,6.0,42014,M,4617502.0,442535.0,42
201100007928,11,5,21,1400,1,1,2,1.0,3.0,42333,M,4612212.0,422574.0,42
201100007929,11,6,16,1430,1,1,1,2.0,1.0,42273,M,4617467.0,409379.0,42
201100007930,11,7,15,1700,1,1,1,1.0,3.0,42236,M,4610992.0,420889.0,42
201100007931,11,10,8,1400,1,1,1,2.0,6.0,42052,M,4617100.0,419151.0,42
201100007932,11,10,28,645,3,1,1,2.0,2.0,42273,M,4617535.0,409344.0,42
201100007933,11,11,3,1100,1,1,1,8.0,5.0,42177,M,4614910.0,414935.0,42
201100007934,11,12,2,1100,1,2,1,8.0,1.0,42052,M,4615799.0,416661.0,42
201100007935,11,12,10,2030,3,1,1,1.0,1.0,42052,M,4617325.0,419757.0,42
201100007936,11,1,7,800,1,2,1,1.0,7.0,42230,M,4583466.0,401499.0,42
201100007937,11,1,10,730,3,1,1,1.0,1.0,42230,M,4583905.0,400752.0,42
201100007938,11,7,1,1815,1,1,1,1.0,7.0,42248,M,4592903.0,385358.0,42
201100007939,11,10,13,1430,1,1,1,1.0,6.0,42314,M,4594488.0,380063.0,42
201100007940,11,12,2,1,3,1,1,1.0,6.0,42173,M,4583379.0,403507.0,42
201100007941,11,12,7,1430,1,1,1,3.0,7.0,42339,M,4589007.0,377088.0,42
201100007942,11,5,8,1645,1,1,1,1.0,6.0,73243,M,4558900.0,597800.0,73
201100007943,11,4,11,445,3,1,1,1.0,6.0,73300,M,4567800.0,589600.0,73
201100007944,11,4,10,1700,1,1,1,1.0,7.0,73300,M,4568112.0,589400.0,73
201100007945,11,4,11,1730,1,1,1,1.0,6.0,73301,M,4569926.0,598039.0,73
201100007946,11,6,5,345,3,1,1,1.0,1.0,73329,M,4563458.0,589206.0,73
201100007947,11,6,24,1215,1,2,3,1.0,3.0,73328,M,4564865.0,590924.0,73
201100007948,11,9,4,1430,1,1,1,3.0,1.0,73238,M,4578124.0,586427.0,73
201100007949,11,12,8,730,5,1,1,8.0,6.0,73329,M,4562015.0,587951.0,73
201100007950,11,12,17,645,5,2,1,1.0,1.0,73043,M,4574923.0,592597.0,73
201100007951,11,12,21,1245,1,2,1,1.0,3.0,73300,M,4568411.0,590379.0,73
201100007952,11,12,29,15,3,1,1,3.0,6.0,73301,M,4570662.0,596638.0,73
201100007953,11,4,9,1100,1,2,3,1.0,2.0,73213,M,0.0,0.0,73
201100007954,11,4,26,1930,1,1,5,1.0,3.0,73213,M,4557500.0,595900.0,73
201100007955,11,5,14,230,3,1,1,1.0,6.0,73249,M,4552800.0,599000.0,73
201100007956,11,6,8,500,3,1,1,2.0,1.0,73064,M,4554406.0,597279.0,73
201100007957,11,7,20,1845,1,1,1,1.0,6.0,73249,M,4553991.0,600346.0,73
201100007958,11,9,12,2045,5,2,3,1.0,3.0,73064,M,4554757.0,598571.0,73
201100007959,11,8,19,500,2,1,1,1.0,7.0,73020,M,4571902.0,608848.0,73
201100007960,11,9,4,1200,1,1,1,2.0,6.0,73036,M,4572586.0,609525.0,73
201100007961,11,9,5,545,2,1,1,8.0,7.0,73036,M,4572549.0,609569.0,73
201100007962,11,9,9,1800,1,1,4,7.0,6.0,73036,M,4572264.0,610206.0,73
201100007963,11,10,2,1700,1,1,1,1.0,6.0,73277,M,4560459.0,614136.0,73
201100007964,11,5,24,1330,1,1,1,1.0,1.0,73091,M,4580000.0,581200.0,73
201100007965,11,7,4,2000,1,1,1,1.0,6.0,73180,M,4591112.0,583978.0,73
201100007966,11,9,18,930,1,1,1,3.0,6.0,73085,M,4582899.0,582077.0,73
201100007967,11,3,26,1700,1,2,1,1.0,6.0,73151,M,4550200.0,598900.0,73
201100007968,11,3,30,1545,1,1,6,1.0,6.0,73171,M,4550900.0,603300.0,73
201100007969,11,5,8,2215,3,1,1,1.0,7.0,73151,M,4549600.0,599800.0,73
201100007970,11,9,25,2030,3,1,3,1.0,3.0,73247,M,4554134.0,613638.0,73
201100007971,11,10,19,1300,1,1,1,2.0,2.0,73151,M,4549159.0,599840.0,73
201100007972,11,12,1,1615,1,1,1,1.0,1.0,73171,M,4550678.0,605840.0,73
201100007973,11,12,9,1815,5,2,1,2.0,6.0,73151,M,4549987.0,600042.0,73
201100007974,11,3,23,800,1,1,1,1.0,1.0,73228,M,4551900.0,585300.0,73
201100007975,11,6,2,1430,1,1,1,1.0,6.0,73330,M,4569788.0,579366.0,73
201100007976,11,7,5,1815,1,2,1,1.0,6.0,73179,M,4559865.0,586642.0,73
201100007977,11,10,7,915,1,2,1,1.0,6.0,73179,M,4559720.0,587665.0,73
201100007978,11,4,1,1830,1,2,1,1.0,7.0,73226,M,4550400.0,572100.0,73
201100007979,11,6,12,1140,1,1,1,1.0,6.0,73233,M,4547574.0,573321.0,73
201100007980,11,6,13,745,1,1,1,1.0,6.0,73229,M,4545405.0,580201.0,73
201100007981,11,6,23,645,2,1,3,2.0,7.0,73058,M,4554000.0,575300.0,73
201100007982,11,7,3,315,5,2,1,1.0,6.0,73282,M,4550060.0,584327.0,73
201100007983,11,7,18,545,3,1,1,2.0,1.0,73236,M,4558723.0,564377.0,73
201100007984,11,7,26,1800,1,1,3,1.0,3.0,73039,M,4557461.0,565201.0,73
201100007985,11,9,1,1900,1,1,1,1.0,7.0,73282,M,4550964.0,585003.0,73
201100007986,11,10,7,1815,2,1,1,2.0,3.0,73246,M,4546662.0,581501.0,73
201100007987,11,10,21,1800,1,1,1,1.0,1.0,73246,M,4546203.0,581200.0,73
201100007988,11,11,13,1345,1,1,1,1.0,7.0,73229,M,4545534.0,577849.0,73
201100007989,11,1,22,845,1,1,1,1.0,4.0,73075,M,4544800.0,608600.0,73
201100007990,11,2,18,1845,5,2,1,1.0,6.0,73215,M,0.0,0.0,73
201100007991,11,4,19,1800,1,1,4,1.0,3.0,73207,M,4545600.0,612000.0,73
201100007992,11,5,2,1600,1,1,1,1.0,5.0,73315,M,4550600.0,616900.0,73
201100007993,11,5,23,715,1,1,1,1.0,5.0,73075,M,0.0,0.0,73
201100007994,11,8,5,1030,1,1,1,1.0,1.0,73068,M,4555095.0,620288.0,73
201100007995,11,10,22,1445,1,1,3,1.0,2.0,73068,M,4555106.0,620332.0,73
201100007996,11,11,5,730,2,1,1,1.0,7.0,73069,M,4554097.0,621371.0,73
201100007997,11,11,10,1845,5,1,3,1.0,3.0,73068,M,4556212.0,620599.0,73
201100007998,11,12,15,630,3,1,1,3.0,5.0,73079,M,4556001.0,618840.0,73
201100007999,11,1,26,2210,3,2,1,1.0,7.0,73032,M,,,73
201100008000,11,2,26,1115,2,1,1,8.0,7.0,73188,M,0.0,0.0,73
201100008001,11,3,9,1700,1,1,1,1.0,7.0,73094,M,4532700.0,688100.0,73
201100008002,11,3,21,930,1,1,1,1.0,1.0,73032,M,0.0,0.0,73
201100008003,11,4,11,1830,1,1,2,1.0,1.0,73129,M,0.0,0.0,73
201100008004,11,5,13,2330,3,1,1,8.0,5.0,73162,M,4559600.0,627300.0,73
201100008005,11,5,27,1530,1,2,1,1.0,3.0,73124,M,4566500.0,635700.0,73
201100008006,11,5,29,900,1,1,3,7.0,5.0,73124,M,4565700.0,634000.0,73
201100008007,11,6,7,815,1,2,1,1.0,6.0,73303,M,4575124.0,641261.0,73
201100008008,11,6,12,1715,3,1,1,1.0,7.0,73186,M,4580435.0,654019.0,73
201100008009,11,6,30,515,5,1,2,2.0,3.0,73121,M,4562639.0,632014.0,73
201100008010,11,7,2,1430,1,1,1,1.0,7.0,73303,M,4575205.0,644465.0,73
201100008011,11,8,12,1645,1,2,1,1.0,6.0,73303,M,4575308.0,641544.0,73
201100008012,11,9,1,1100,1,2,1,1.0,1.0,73063,M,4559417.0,644724.0,73
201100008013,11,9,1,1115,1,1,1,1.0,6.0,73297,M,4564319.0,632473.0,73
201100008014,11,9,24,1000,1,2,1,1.0,3.0,73032,M,4563814.0,644061.0,73
201100008015,11,10,3,2030,3,1,1,1.0,7.0,73063,M,4560396.0,644196.0,73
201100008016,11,10,7,830,1,2,1,2.0,6.0,73114,M,4581825.0,651473.0,73
201100008017,11,10,22,1900,3,1,1,1.0,1.0,73298,M,4566418.0,642774.0,73
201100008018,11,1,29,1200,1,1,1,1.0,1.0,73150,M,4554600.0,667300.0,73
201100008019,11,5,4,615,1,1,4,1.0,3.0,73006,M,4555100.0,661600.0,73
201100008020,11,7,11,130,3,1,1,1.0,1.0,73006,M,4554604.0,661582.0,73
201100008021,11,8,18,945,1,2,3,1.0,6.0,73006,M,4555573.0,664981.0,73
201100008022,11,2,13,1530,1,1,1,1.0,1.0,73317,M,4500700.0,680000.0,73
201100008023,11,2,23,1145,1,2,1,1.0,3.0,73132,M,4575686.0,654008.0,73
201100008024,11,3,4,415,5,2,1,1.0,7.0,73317,M,4572720.0,653250.0,73
201100008025,11,1,24,600,2,1,1,1.0,7.0,73176,M,4562400.0,685300.0,73
201100008026,11,1,29,945,1,1,1,1.0,7.0,73054,M,4562905.0,678534.0,73
201100008027,11,4,25,300,5,2,1,1.0,6.0,73176,M,4563000.0,685700.0,73
201100008028,11,5,28,1300,1,2,1,1.0,3.0,73054,M,,,73
201100008029,11,7,2,915,1,1,1,1.0,1.0,73232,M,4559331.0,688148.0,73
201100008030,11,8,7,1730,1,1,1,2.0,1.0,73054,M,4563322.0,678501.0,73
201100008031,11,9,21,1245,1,1,1,1.0,6.0,73054,M,4559401.0,678869.0,73
201100008032,11,9,15,820,1,2,1,1.0,6.0,73285,M,4562222.0,680056.0,73
201100008033,11,10,22,1745,1,2,2,1.0,3.0,73054,M,4561548.0,676918.0,73
201100008034,11,11,14,1330,1,2,1,7.0,6.0,73054,M,4561544.0,676910.0,73
201100008035,11,12,20,630,3,1,1,4.0,3.0,73232,M,4556732.0,688939.0,73
201100008036,11,7,5,2245,3,1,1,1.0,6.0,73015,M,4570200.0,694100.0,73
201100008037,11,7,21,1,3,1,1,1.0,6.0,73227,M,4540449.0,664481.0,73
201100008038,11,7,25,1700,1,1,1,1.0,1.0,73198,M,4574700.0,697300.0,73
201100008039,11,10,23,1230,1,1,1,1.0,1.0,73227,M,4543045.0,662234.0,73
201100008040,11,10,27,200,5,1,1,1.0,7.0,73015,M,4567300.0,694800.0,73
201100008041,11,2,18,1850,3,2,1,1.0,1.0,73227,M,,,73
201100008042,11,12,26,1845,1,2,1,1.0,1.0,73015,M,4539062.0,656852.0,73
201100008043,11,3,8,930,1,1,1,1.0,1.0,73115,M,0.0,0.0,73
201100008044,11,5,24,1815,1,1,1,1.0,3.0,73187,M,4553901.0,646957.0,73
201100008045,11,11,2,1500,1,2,4,1.0,3.0,73181,M,4548287.0,653639.0,73
201100008046,11,1,14,1900,3,1,1,1.0,1.0,73248,M,4527000.0,637700.0,73
201100008047,11,1,30,915,1,1,1,1.0,5.0,73173,M,4524200.0,641200.0,73
201100008048,11,2,1,1430,1,1,1,1.0,3.0,73116,M,4526000.0,632000.0,73
201100008049,11,5,7,2015,2,1,3,1.0,3.0,73135,M,4530300.0,635800.0,73
201100008050,11,5,25,1215,1,1,1,1.0,1.0,73248,M,4527105.0,633686.0,73
201100008051,11,5,28,1800,1,2,9,1.0,2.0,73248,M,4529000.0,634500.0,73
201100008052,11,7,11,1115,1,1,1,1.0,1.0,73258,M,4523025.0,644826.0,73
201100008053,11,8,14,920,1,1,1,1.0,6.0,73307,M,4519350.0,645255.0,73
201100008054,11,10,13,2230,3,1,9,1.0,6.0,73194,M,4520795.0,652275.0,73
201100008055,11,11,3,1745,5,2,2,1.0,1.0,73248,M,4527243.0,634098.0,73
201100008056,11,12,2,630,3,1,1,1.0,6.0,73203,M,4531795.0,632788.0,73
201100008057,11,1,26,1515,1,1,1,1.0,6.0,73019,M,4547900.0,629100.0,73
201100008058,11,1,28,1800,2,1,1,1.0,7.0,73048,M,4558000.0,628800.0,73
201100008059,11,3,23,545,2,1,1,1.0,4.0,73255,M,4532003.0,632242.0,73
201100008060,11,4,10,1515,1,1,1,1.0,2.0,73083,M,4540000.0,628100.0,73
201100008061,11,6,17,1630,1,1,1,1.0,6.0,73068,M,4556341.0,620058.0,73
201100008062,11,11,7,1715,2,1,1,1.0,2.0,73007,M,4558401.0,627618.0,73
201100008063,11,12,23,1845,5,2,1,9.0,6.0,73002,M,4554492.0,630209.0,73
201100008064,11,1,26,215,3,1,1,1.0,6.0,73143,M,0.0,0.0,73
201100008065,11,4,2,1930,2,2,1,1.0,3.0,73143,M,0.0,0.0,73
201100008066,11,5,22,1945,1,1,1,1.0,3.0,73290,M,4528601.0,684448.0,73
201100008067,11,6,26,1215,1,2,1,1.0,3.0,73056,M,,,73
201100008068,11,7,10,1530,1,1,1,1.0,6.0,73144,M,4529416.0,692471.0,73
201100008069,11,7,14,1015,1,1,1,5.0,6.0,73047,M,4538463.0,704271.0,73
201100008070,11,1,6,1200,1,2,1,1.0,6.0,73157,M,4520500.0,667400.0,73
201100008071,11,1,27,715,1,1,1,1.0,1.0,73157,M,0.0,0.0,73
201100008072,11,4,26,945,1,2,4,1.0,1.0,73157,M,4520900.0,667900.0,73
201100008073,11,6,24,1915,1,1,1,1.0,5.0,73322,M,4520585.0,670305.0,73
201100008074,11,7,10,1720,1,2,1,1.0,1.0,73157,M,,,73
201100008075,11,7,16,1600,1,2,1,1.0,3.0,73117,M,4519064.0,664285.0,73
201100008076,11,8,30,1930,1,2,1,1.0,7.0,73117,M,4519156.0,664303.0,73
201100008077,11,10,22,1830,1,2,1,1.0,6.0,73157,M,4519905.0,666969.0,73
201100008078,11,1,12,1200,1,1,1,1.0,6.0,74123,M,0.0,0.0,74
201100008079,11,2,23,1200,1,2,2,1.0,3.0,74267,M,0.0,0.0,74
201100008080,11,2,26,800,2,1,1,1.0,1.0,74167,M,0.0,0.0,74
201100008081,11,2,27,15,5,2,3,2.0,3.0,74267,M,0.0,0.0,74
201100008082,11,3,5,1545,1,2,1,1.0,1.0,74108,M,0.0,0.0,74
201100008083,11,3,28,945,1,1,1,1.0,1.0,74242,M,0.0,0.0,74
201100008084,11,4,2,1545,1,1,1,1.0,1.0,74242,M,0.0,0.0,74
201100008085,11,4,9,2315,3,2,1,1.0,7.0,74242,M,0.0,0.0,74
201100008086,11,4,10,1630,1,1,2,1.0,1.0,74270,M,0.0,0.0,74
201100008087,11,4,17,2245,5,2,1,1.0,6.0,74108,M,0.0,0.0,74
201100008088,11,4,22,1815,1,2,2,1.0,1.0,74242,M,0.0,0.0,74
201100008089,11,6,11,1830,1,1,1,1.0,1.0,74232,M,0.0,0.0,74
201100008090,11,6,28,630,1,2,1,1.0,1.0,74267,M,0.0,0.0,74
201100008091,11,6,27,1200,1,2,2,1.0,1.0,74242,M,0.0,0.0,74
201100008092,11,7,24,1845,1,2,2,3.0,3.0,74267,M,0.0,0.0,74
201100008093,11,8,10,1030,1,2,3,1.0,3.0,74242,M,0.0,0.0,74
201100008094,11,8,23,1145,1,1,2,1.0,3.0,74104,M,0.0,0.0,74
201100008095,11,2,18,730,2,1,1,1.0,1.0,74097,M,0.0,0.0,74
201100008096,11,3,5,1500,1,1,1,1.0,3.0,74255,M,0.0,0.0,74
201100008097,11,4,11,1230,1,2,1,1.0,6.0,74233,M,0.0,0.0,74
201100008098,11,4,23,215,3,1,1,1.0,6.0,74289,M,0.0,0.0,74
201100008099,11,4,24,1430,1,1,1,1.0,1.0,74289,M,0.0,0.0,74
201100008100,11,6,4,45,5,1,1,1.0,7.0,74097,M,0.0,0.0,74
201100008101,11,6,10,1500,1,1,1,1.0,7.0,74219,M,0.0,0.0,74
201100008102,11,6,12,800,1,1,3,1.0,3.0,74255,M,0.0,0.0,74
201100008103,11,7,18,2200,5,2,4,1.0,3.0,74233,M,0.0,0.0,74
201100008104,11,8,31,1700,1,2,1,1.0,5.0,74310,M,0.0,0.0,74
201100008105,11,9,17,1130,1,2,3,8.0,3.0,74225,M,0.0,0.0,74
201100008106,11,9,26,1845,1,1,1,1.0,3.0,74035,M,0.0,0.0,74
201100008107,11,10,8,2030,5,1,1,3.0,1.0,74138,M,0.0,0.0,74
201100008108,11,10,13,1015,1,2,3,1.0,3.0,74225,M,0.0,0.0,74
201100008109,11,10,19,1745,1,1,1,9.0,3.0,74161,M,0.0,0.0,74
201100008110,11,10,26,1700,1,1,1,1.0,1.0,74192,M,0.0,0.0,74
201100008111,11,11,12,1130,1,2,1,1.0,3.0,74225,M,0.0,0.0,74
201100008112,11,12,11,1815,2,1,1,2.0,1.0,74194,M,0.0,0.0,74
201100008113,11,12,17,2015,1,1,1,1.0,1.0,74255,M,0.0,0.0,74
201100008114,11,1,11,1415,1,1,1,4.0,7.0,74160,M,0.0,0.0,74
201100008115,11,2,12,1000,1,1,1,1.0,7.0,74239,M,0.0,0.0,74
201100008116,11,3,3,1445,1,1,1,1.0,6.0,74080,M,4590100.0,643600.0,74
201100008117,11,3,15,1900,5,2,1,1.0,6.0,74280,M,4588600.0,632200.0,74
201100008118,11,4,10,1500,1,1,3,1.0,6.0,74280,M,0.0,0.0,74
201100008119,11,4,16,1800,1,2,9,1.0,6.0,74280,M,0.0,0.0,74
201100008120,11,4,21,445,5,2,2,1.0,7.0,74280,M,0.0,0.0,74
201100008121,11,5,10,800,1,1,1,1.0,6.0,74239,M,0.0,0.0,74
201100008122,11,7,22,1930,1,1,1,1.0,7.0,74136,M,0.0,0.0,74
201100008123,11,9,23,1645,1,1,1,1.0,7.0,74102,M,0.0,0.0,74
201100008124,11,1,16,1500,1,1,1,8.0,7.0,74042,M,4607300.0,643000.0,74
201100008125,11,2,21,1530,1,2,1,1.0,1.0,74042,M,4606500.0,639700.0,74
201100008126,11,2,15,1400,1,2,1,1.0,6.0,74042,M,0.0,0.0,74
201100008127,11,3,18,2000,3,1,1,1.0,7.0,74087,M,4613600.0,634900.0,74
201100008128,11,3,27,700,2,1,1,1.0,7.0,74042,M,4609600.0,637500.0,74
201100008129,11,4,15,2015,2,2,3,1.0,3.0,74042,M,0.0,0.0,74
201100008130,11,5,6,1700,1,2,1,1.0,3.0,74042,M,0.0,0.0,74
201100008131,11,5,17,1600,1,2,9,1.0,6.0,74042,M,4608200.0,640700.0,74
201100008132,11,9,1,615,2,1,1,8.0,3.0,74024,M,0.0,0.0,74
201100008133,11,7,15,800,1,1,1,1.0,6.0,74056,M,0.0,0.0,74
201100008134,11,10,31,1530,1,1,1,1.0,6.0,74056,M,0.0,0.0,74
201100008135,11,2,20,915,1,1,1,8.0,6.0,74083,M,0.0,0.0,74
201100008136,11,3,3,815,1,2,1,1.0,6.0,74083,M,0.0,0.0,74
201100008137,11,3,19,1915,5,1,1,1.0,6.0,74215,M,0.0,0.0,74
201100008138,11,3,27,1915,2,2,3,3.0,1.0,74173,M,0.0,0.0,74
201100008139,11,4,20,1400,1,1,1,7.0,3.0,74083,M,0.0,0.0,74
201100008140,11,6,11,1800,1,1,1,1.0,6.0,74236,M,0.0,0.0,74
201100008141,11,7,5,2145,3,1,1,1.0,6.0,74173,M,0.0,0.0,74
201100008142,11,8,4,1215,1,1,1,1.0,6.0,74236,M,0.0,0.0,74
201100008143,11,8,15,1230,1,1,1,1.0,1.0,74236,M,0.0,0.0,74
201100008144,11,8,8,1445,1,1,1,1.0,1.0,74083,M,0.0,0.0,74
201100008145,11,8,24,2045,5,2,2,1.0,3.0,74173,M,0.0,0.0,74
201100008146,11,9,3,1445,1,1,1,1.0,1.0,74173,M,0.0,0.0,74
201100008147,11,9,10,130,3,1,1,1.0,6.0,74083,M,4591000.0,662500.0,74
201100008148,11,9,12,1815,1,1,1,1.0,1.0,74083,M,0.0,0.0,74
201100008149,11,9,24,1130,1,2,3,1.0,3.0,74236,M,0.0,0.0,74
201100008150,11,10,11,930,1,1,1,1.0,1.0,74173,M,0.0,0.0,74
201100008151,11,10,30,1130,1,2,1,7.0,6.0,74173,M,0.0,0.0,74
201100008152,11,11,5,1700,2,2,1,1.0,7.0,74208,M,4591200.0,671900.0,74
201100008153,11,12,23,2130,5,2,6,1.0,6.0,74173,M,0.0,0.0,74
201100008154,11,1,6,800,2,2,2,2.0,2.0,74250,M,4607700.0,638900.0,74
201100008155,11,2,27,1815,3,1,1,2.0,1.0,74250,M,0.0,0.0,74
201100008156,11,4,3,1730,1,1,1,1.0,5.0,74018,M,0.0,0.0,74
201100008157,11,4,10,2045,5,2,1,1.0,6.0,74250,M,4606300.0,638200.0,74
201100008158,11,4,25,1915,1,1,1,1.0,1.0,74007,M,0.0,0.0,74
201100008159,11,6,18,2100,1,2,3,2.0,7.0,74224,M,0.0,0.0,74
201100008160,11,6,25,600,1,2,1,1.0,6.0,74224,M,0.0,0.0,74
201100008161,11,6,27,1230,1,2,6,1.0,6.0,74224,M,4607100.0,631500.0,74
201100008162,11,7,22,1215,1,2,1,1.0,6.0,74116,M,4606800.0,629100.0,74
201100008163,11,8,5,515,2,1,1,1.0,7.0,74250,M,0.0,0.0,74
201100008164,11,8,21,1800,1,1,1,1.0,1.0,74250,M,4602700.0,639600.0,74
201100008165,11,8,30,900,1,2,1,7.0,6.0,74224,M,0.0,0.0,74
201100008166,11,9,6,745,1,1,1,1.0,3.0,74224,M,0.0,0.0,74
201100008167,11,9,6,1530,1,1,1,1.0,1.0,74116,M,0.0,0.0,74
201100008168,11,9,9,1600,1,1,1,1.0,6.0,74090,M,0.0,0.0,74
201100008169,11,10,16,415,3,1,1,5.0,6.0,74224,M,4604400.0,628900.0,74
201100008170,11,11,6,1430,1,2,1,1.0,1.0,74250,M,0.0,0.0,74
201100008171,11,11,20,1600,1,1,1,1.0,1.0,74116,M,0.0,0.0,74
201100008172,11,11,20,1000,1,2,1,1.0,2.0,74250,M,0.0,0.0,74
201100008173,11,2,27,1830,2,1,1,2.0,3.0,74103,M,0.0,0.0,74
201100008174,11,5,9,1800,1,2,1,1.0,6.0,74256,M,0.0,0.0,74
201100008175,11,10,12,745,1,2,1,1.0,1.0,74256,M,0.0,0.0,74
201100008176,11,2,5,1615,1,1,1,1.0,6.0,74183,M,4613700.0,652800.0,74
201100008177,11,2,9,2000,5,2,2,1.0,3.0,74294,M,4609500.0,667700.0,74
201100008178,11,2,10,2345,3,1,1,1.0,1.0,74223,M,4609900.0,662100.0,74
201100008179,11,6,4,1345,1,1,1,1.0,7.0,74134,M,4616700.0,667400.0,74
201100008180,11,6,25,1615,1,1,1,1.0,3.0,74183,M,0.0,0.0,74
201100008181,11,10,22,130,3,1,1,5.0,6.0,74276,M,4610100.0,659100.0,74
201100008182,11,11,12,1200,1,1,1,1.0,7.0,74134,M,4614400.0,663900.0,74
201100008183,11,12,19,1730,5,2,1,2.0,6.0,74183,M,4613800.0,652200.0,74
201100008184,11,12,23,1730,3,1,1,5.0,1.0,74276,M,4611200.0,659800.0,74
201100008185,11,12,24,1645,1,2,1,1.0,7.0,74276,M,4611600.0,658400.0,74
201100008186,11,5,2,2145,3,1,1,2.0,1.0,74243,M,4614100.0,611800.0,74
201100008187,11,5,11,1600,1,1,3,1.0,3.0,74016,M,4613500.0,612400.0,74
201100008188,11,6,17,1900,1,1,1,1.0,5.0,74243,M,0.0,0.0,74
201100008189,11,8,5,900,1,2,1,1.0,3.0,74082,M,4615000.0,614700.0,74
201100008190,11,8,19,530,2,1,1,1.0,7.0,74016,M,0.0,0.0,74
201100008191,11,8,23,1815,1,1,2,1.0,3.0,74201,M,0.0,0.0,74
201100008192,11,10,31,1615,1,2,1,1.0,3.0,74201,M,4611600.0,610900.0,74
201100008193,11,1,21,1230,1,1,1,1.0,3.0,74145,M,0.0,0.0,74
201100008194,11,1,31,1745,1,2,1,1.0,7.0,74220,M,0.0,0.0,74
201100008195,11,2,24,830,1,2,3,4.0,6.0,74040,M,0.0,0.0,74
201100008196,11,2,25,730,1,1,1,5.0,7.0,74193,M,4613500.0,620800.0,74
201100008197,11,2,27,530,3,1,1,2.0,6.0,74094,M,0.0,0.0,74
201100008198,11,2,27,1345,1,1,1,2.0,2.0,74197,M,0.0,0.0,74
201100008199,11,3,8,1830,5,1,2,1.0,3.0,74262,M,0.0,0.0,74
201100008200,11,3,10,1030,1,1,1,1.0,1.0,74094,M,0.0,0.0,74
201100008201,11,3,17,1730,1,2,2,1.0,3.0,74158,M,0.0,0.0,74
201100008202,11,3,18,2000,3,1,1,1.0,1.0,74128,M,0.0,0.0,74
201100008203,11,3,26,1915,5,2,1,1.0,6.0,74021,M,0.0,0.0,74
201100008204,11,3,29,1815,1,1,1,2.0,1.0,74158,M,0.0,0.0,74
201100008205,11,4,8,1715,1,2,1,1.0,1.0,74229,M,0.0,0.0,74
201100008206,11,4,15,100,3,1,1,1.0,1.0,74220,M,0.0,0.0,74
201100008207,11,4,22,2200,3,1,1,1.0,7.0,74220,M,4614200.0,623900.0,74
201100008208,11,4,25,1930,1,1,1,1.0,1.0,74220,M,0.0,0.0,74
201100008209,11,4,22,1515,1,1,1,1.0,7.0,74185,M,0.0,0.0,74
201100008210,11,5,6,815,1,2,3,1.0,3.0,74197,M,4615800.0,630600.0,74
201100008211,11,4,29,1600,1,2,1,1.0,1.0,74220,M,0.0,0.0,74
201100008212,11,4,30,1515,1,2,1,1.0,6.0,74220,M,0.0,0.0,74
201100008213,11,7,12,2015,2,1,1,1.0,1.0,74185,M,0.0,0.0,74
201100008214,11,8,11,1345,1,1,1,1.0,1.0,74040,M,0.0,0.0,74
201100008215,11,8,27,600,2,1,1,1.0,6.0,74128,M,0.0,0.0,74
201100008216,11,9,3,1700,5,1,1,1.0,6.0,74229,M,0.0,0.0,74
201100008217,11,9,4,2030,5,1,3,2.0,3.0,74220,M,0.0,0.0,74
201100008218,11,8,31,1800,1,1,1,1.0,3.0,74128,M,0.0,0.0,74
201100008219,11,9,9,1545,1,1,1,1.0,5.0,74220,M,0.0,0.0,74
201100008220,11,10,12,2045,3,1,1,1.0,1.0,74197,M,0.0,0.0,74
201100008221,11,11,22,1030,1,1,1,1.0,2.0,74262,M,0.0,0.0,74