Num_Acc,an,mois,jour,hrmn,lum,agg,int,atm,col,com,gps,lat,long,dep
201100008222,11,11,5,1345,1,1,4,1.0,1.0,74220,M,0.0,0.0,74
201100008223,11,11,28,730,2,1,3,8.0,1.0,74211,M,0.0,0.0,74
201100008224,11,11,19,1345,1,1,1,1.0,6.0,74220,M,0.0,0.0,74
201100008225,11,12,9,2245,5,1,1,8.0,1.0,74229,M,0.0,0.0,74
201100008226,11,1,18,645,5,2,2,1.0,3.0,74009,M,4606600.0,607700.0,74
201100008227,11,1,22,45,5,2,6,1.0,6.0,74309,M,4612200.0,603800.0,74
201100008228,11,4,14,415,3,1,1,1.0,7.0,74309,M,4613400.0,604700.0,74
201100008229,11,5,27,845,1,1,1,1.0,3.0,74088,M,0.0,0.0,74
201100008230,11,5,27,1600,1,1,1,1.0,3.0,74096,M,4604000.0,611300.0,74
201100008231,11,6,24,1400,1,1,1,1.0,3.0,74309,M,4611700.0,600500.0,74
201100008232,11,6,25,815,1,1,1,1.0,1.0,74177,M,4605700.0,617000.0,74
201100008233,11,7,6,1,5,1,1,1.0,7.0,74228,M,4607800.0,608400.0,74
201100008234,11,7,31,2000,1,1,1,1.0,1.0,74306,M,4604700.0,616300.0,74
201100008235,11,8,14,2000,1,1,1,1.0,1.0,74052,M,4604000.0,602800.0,74
201100008236,11,4,5,1645,1,1,1,1.0,1.0,74184,M,0.0,0.0,74
201100008237,11,4,22,1130,1,1,3,1.0,3.0,74109,M,0.0,0.0,74
201100008238,11,5,6,1730,1,1,1,1.0,1.0,74077,M,0.0,0.0,74
201100008239,11,6,18,1745,1,1,1,1.0,5.0,74195,M,0.0,0.0,74
201100008240,11,6,30,2230,3,1,1,1.0,7.0,74068,M,0.0,0.0,74
201100008241,11,8,11,1415,1,1,1,1.0,1.0,74269,M,4562400.0,541700.0,74
201100008242,11,8,17,1800,1,1,1,7.0,1.0,74291,M,0.0,0.0,74
201100008243,11,8,29,1530,1,1,1,1.0,7.0,74100,M,0.0,0.0,74
201100008244,11,9,28,1215,1,1,1,1.0,1.0,74100,M,0.0,0.0,74
201100008245,11,9,29,1630,1,1,1,7.0,3.0,74269,M,0.0,0.0,74
201100008246,11,12,20,1830,5,1,1,4.0,3.0,74109,M,0.0,0.0,74
201100008247,11,12,24,400,3,1,1,5.0,6.0,74055,M,0.0,0.0,74
201100008248,11,1,31,1515,1,1,1,1.0,6.0,74001,M,0.0,0.0,74
201100008249,11,2,5,15,3,1,1,1.0,1.0,74001,M,0.0,0.0,74
201100008250,11,2,24,800,1,1,1,4.0,6.0,74001,M,0.0,0.0,74
201100008251,11,3,20,1830,3,1,1,1.0,3.0,74041,M,0.0,0.0,74
201100008252,11,3,26,1100,1,1,3,1.0,6.0,74073,M,0.0,0.0,74
201100008253,11,8,22,2000,2,1,1,8.0,1.0,74063,M,4623400.0,679300.0,74
201100008254,11,9,9,2100,3,1,1,1.0,6.0,74073,M,0.0,0.0,74
201100008255,11,9,15,2100,2,1,1,1.0,6.0,74063,M,0.0,0.0,74
201100008256,11,10,4,2000,3,1,1,1.0,1.0,74063,M,4624500.0,685200.0,74
201100008257,11,3,15,1745,1,1,1,1.0,1.0,74226,M,0.0,0.0,74
201100008258,11,4,3,1715,3,1,1,1.0,7.0,74226,M,0.0,0.0,74
201100008259,11,6,25,1430,1,2,1,1.0,6.0,74287,M,0.0,0.0,74
201100008260,11,9,5,1700,1,1,1,1.0,3.0,74038,M,0.0,0.0,74
201100008261,11,9,28,1730,1,1,1,1.0,6.0,74038,M,0.0,0.0,74
201100008262,11,1,10,700,3,1,2,1.0,3.0,74043,M,4627700.0,635200.0,74
201100008263,11,1,19,745,2,1,3,1.0,3.0,74263,M,4633300.0,636500.0,74
201100008264,11,1,23,30,5,1,1,1.0,6.0,74053,M,0.0,0.0,74
201100008265,11,1,23,615,3,1,1,1.0,5.0,74070,M,4628300.0,625200.0,74
201100008266,11,3,8,1300,1,1,2,1.0,1.0,74293,M,4628000.0,624800.0,74
201100008267,11,4,10,345,3,1,1,1.0,1.0,74210,M,0.0,0.0,74
201100008268,11,4,15,1315,1,1,1,1.0,6.0,74043,M,4626400.0,635000.0,74
201100008269,11,4,19,1330,1,1,9,1.0,3.0,74293,M,0.0,0.0,74
201100008270,11,4,21,1800,1,2,2,1.0,3.0,74263,M,4633500.0,637900.0,74
201100008271,11,5,21,1615,1,1,1,1.0,1.0,74210,M,4631700.0,644200.0,74
201100008272,11,5,21,1315,1,1,1,1.0,3.0,74005,M,4634800.0,646500.0,74
201100008273,11,6,10,1515,1,1,1,1.0,6.0,74106,M,4631000.0,647000.0,74
201100008274,11,6,19,1215,1,1,1,1.0,2.0,74180,M,4633600.0,629300.0,74
201100008275,11,6,26,130,3,1,1,1.0,7.0,74121,M,4636800.0,634800.0,74
201100008276,11,7,16,2100,5,1,1,1.0,7.0,74025,M,4630200.0,632300.0,74
201100008277,11,8,14,1430,1,1,1,1.0,3.0,74293,M,4627700.0,624500.0,74
201100008278,11,8,19,2100,1,2,1,1.0,6.0,74163,M,4634700.0,643700.0,74
201100008279,11,8,22,1730,1,1,1,1.0,3.0,74005,M,0.0,0.0,74
201100008280,11,8,24,815,1,1,1,1.0,3.0,74106,M,4631000.0,646800.0,74
201100008281,11,8,27,815,1,2,1,2.0,6.0,74263,M,4633800.0,639100.0,74
201100008282,11,9,12,1330,1,1,3,1.0,3.0,74157,M,4634800.0,650900.0,74
201100008283,11,9,16,2300,3,1,1,1.0,6.0,74163,M,4634000.0,639800.0,74
201100008284,11,9,15,2100,5,2,1,1.0,6.0,74263,M,4633600.0,638000.0,74
201100008285,11,9,24,1215,1,1,1,1.0,1.0,74171,M,4633000.0,632700.0,74
201100008286,11,10,13,1730,1,2,1,1.0,3.0,74105,M,4630400.0,628400.0,74
201100008287,11,10,23,1530,1,2,1,1.0,3.0,74263,M,0.0,0.0,74
201100008288,11,12,2,1715,5,2,1,2.0,6.0,74105,M,4631100.0,630900.0,74
201100008289,11,12,8,800,2,2,1,1.0,3.0,74263,M,0.0,0.0,74
201100008290,11,12,11,1645,2,1,1,1.0,5.0,74070,M,4629400.0,627000.0,74
201100008291,11,12,12,745,3,1,1,3.0,5.0,74163,M,4631900.0,641500.0,74
201100008292,11,3,16,2030,3,2,2,1.0,3.0,74154,M,0.0,0.0,74
201100008293,11,4,3,2130,3,1,1,1.0,6.0,74154,M,0.0,0.0,74
201100008294,11,4,16,1445,1,1,1,1.0,2.0,74175,M,0.0,0.0,74
201100008295,11,6,29,2130,3,1,1,2.0,1.0,74175,M,0.0,0.0,74
201100008296,11,8,6,1215,1,1,4,1.0,1.0,74146,M,0.0,0.0,74
201100008297,11,10,3,830,1,1,1,1.0,6.0,74237,M,0.0,0.0,74
201100008298,11,12,15,2100,3,1,1,2.0,1.0,74175,M,0.0,0.0,74
201100008299,11,1,23,930,5,2,1,1.0,1.0,74191,M,4619600.0,669200.0,74
201100008300,11,2,19,545,5,2,1,8.0,1.0,74191,M,4619000.0,669400.0,74
201100008301,11,3,1,1745,1,1,1,8.0,3.0,74191,M,4618700.0,671300.0,74
201100008302,11,4,3,1445,1,1,1,1.0,7.0,74188,M,0.0,0.0,74
201100008303,11,6,12,430,5,2,1,1.0,1.0,74191,M,0.0,0.0,74
201100008304,11,6,13,1845,1,1,1,1.0,7.0,74191,M,4619200.0,672100.0,74
201100008305,11,6,16,1100,1,1,1,1.0,1.0,74238,M,4625100.0,663800.0,74
201100008306,11,6,26,645,1,1,1,7.0,1.0,74188,M,0.0,0.0,74
201100008307,11,7,12,815,1,1,4,1.0,1.0,74034,M,0.0,0.0,74
201100008308,11,7,11,1515,1,1,1,1.0,6.0,74191,M,4618800.0,671300.0,74
201100008309,11,7,16,1630,1,1,1,1.0,5.0,74238,M,4625100.0,663800.0,74
201100008310,11,7,17,145,5,2,1,1.0,2.0,74191,M,0.0,0.0,74
201100008311,11,7,10,1100,1,1,1,2.0,7.0,63345,M,4571300.0,305900.0,63
201100008312,11,8,5,2330,3,1,1,1.0,6.0,63417,M,4583500.0,305600.0,63
201100008313,11,9,25,200,4,1,1,1.0,6.0,63307,M,4570623.0,309316.0,63
201100008314,11,9,29,1930,1,2,2,1.0,3.0,63307,M,4574373.0,310769.0,63
201100008315,11,10,28,1630,1,2,1,8.0,6.0,63307,M,4573201.0,310081.0,63
201100008316,11,11,26,1530,1,2,1,1.0,3.0,63307,M,0.0,0.0,63
201100008317,11,2,4,530,4,1,1,1.0,6.0,63453,M,0.0,0.0,63
201100008318,11,4,17,1730,1,1,1,1.0,6.0,63040,M,4575000.0,332800.0,63
201100008319,11,6,8,1230,1,2,1,1.0,3.0,63040,M,0.0,0.0,63
201100008320,11,6,13,1400,1,1,3,1.0,3.0,63157,M,4569815.0,343890.0,63
201100008321,11,6,9,1600,1,2,6,1.0,2.0,63229,M,4577907.0,335840.0,63
201100008322,11,6,26,1530,1,1,1,1.0,6.0,63273,M,4573400.0,321500.0,63
201100008323,11,6,30,1830,1,1,1,7.0,7.0,63096,M,4575300.0,330300.0,63
201100008324,11,7,10,1745,1,1,1,1.0,6.0,63106,M,0.0,0.0,63
201100008325,11,7,21,2030,1,1,1,1.0,7.0,63040,M,4571111.0,332441.0,63
201100008326,11,8,31,1745,1,1,1,1.0,6.0,63239,M,4568700.0,335000.0,63
201100008327,11,9,22,1000,1,1,1,1.0,1.0,63157,M,0.0,0.0,63
201100008328,11,10,1,2030,5,2,1,1.0,6.0,63040,M,4572347.0,334832.0,63
201100008329,11,10,16,1745,1,1,1,1.0,7.0,63155,M,0.0,0.0,63
201100008330,11,4,6,1545,1,1,1,1.0,6.0,63047,M,0.0,0.0,63
201100008331,11,4,10,400,3,2,1,1.0,6.0,63397,M,4561023.0,268848.0,63
201100008332,11,6,12,1215,1,1,1,1.0,7.0,63236,M,4559500.0,282500.0,63
201100008333,11,6,25,430,3,1,9,1.0,6.0,63047,M,4559200.0,272900.0,63
201100008334,11,8,20,615,2,1,1,1.0,6.0,63397,M,4562100.0,271600.0,63
201100008335,11,10,8,400,3,1,1,2.0,6.0,63437,M,4550000.0,257900.0,63
201100008336,11,2,27,1930,3,1,2,1.0,5.0,63345,M,4570080.0,300500.0,63
201100008337,11,10,31,1715,1,1,1,1.0,6.0,63263,M,0.0,0.0,63
201100008338,11,12,22,1630,1,1,1,2.0,5.0,63141,M,0.0,0.0,63
201100008339,11,1,10,515,5,2,1,2.0,6.0,63284,M,4578893.0,326576.0,63
201100008340,11,3,11,1545,1,2,1,1.0,3.0,63204,M,0.0,0.0,63
201100008341,11,6,19,2230,5,2,1,1.0,6.0,63213,M,4583701.0,326876.0,63
201100008342,11,6,26,645,1,2,1,1.0,1.0,63213,M,0.0,0.0,63
201100008343,11,6,26,1130,1,1,1,1.0,7.0,63284,M,4584020.0,323201.0,63
201100008344,11,7,1,1700,1,1,3,1.0,1.0,63284,M,4578568.0,325293.0,63
201100008345,11,9,3,1430,1,2,1,1.0,3.0,63284,M,0.0,0.0,63
201100008346,11,9,28,745,1,2,1,1.0,3.0,63284,M,4579725.0,322895.0,63
201100008347,11,10,29,1515,1,2,1,1.0,3.0,63284,M,0.0,0.0,63
201100008348,11,11,1,1730,1,1,1,1.0,3.0,63133,M,0.0,0.0,63
201100008349,11,11,9,830,1,1,1,1.0,3.0,63284,M,0.0,0.0,63
201100008350,11,12,12,600,3,1,1,2.0,1.0,63133,M,0.0,0.0,63
201100008351,11,8,5,1645,1,1,1,1.0,1.0,63386,M,4574200.0,284500.0,63
201100008352,11,10,6,1745,1,2,1,2.0,1.0,63305,M,0.0,0.0,63
201100008353,11,10,20,2045,3,1,1,1.0,1.0,63326,M,4571600.0,286300.0,63
201100008354,11,11,1,330,3,1,1,1.0,6.0,63257,M,0.0,0.0,63
201100008355,11,1,12,745,3,1,1,2.0,6.0,63214,M,4568630.0,319530.0,63
201100008356,11,3,13,1800,1,1,1,2.0,3.0,63126,M,4567670.0,312020.0,63
201100008357,11,4,10,245,3,1,1,1.0,6.0,63126,M,0.0,0.0,63
201100008358,11,4,28,515,3,1,1,1.0,6.0,63026,M,0.0,0.0,63
201100008359,11,5,24,800,1,2,1,1.0,6.0,63457,M,4566700.0,320700.0,63
201100008360,11,5,24,1645,1,1,1,1.0,6.0,63457,M,4564800.0,323200.0,63
201100008361,11,5,25,1745,1,1,9,1.0,3.0,63396,M,4566500.0,306900.0,63
201100008362,11,6,4,2130,2,1,1,1.0,7.0,63455,M,0.0,0.0,63
201100008363,11,7,11,1845,1,1,1,1.0,1.0,63396,M,0.0,0.0,63
201100008364,11,7,24,1045,1,1,1,1.0,5.0,63405,M,4565400.0,326300.0,63
201100008365,11,8,7,1430,1,1,1,1.0,5.0,63084,M,4570900.0,304300.0,63
201100008366,11,8,28,1830,1,2,1,1.0,3.0,63457,M,0.0,0.0,63
201100008367,11,8,30,1430,1,1,3,1.0,1.0,63449,M,4561500.0,293400.0,63
201100008368,11,9,30,2045,3,1,1,1.0,1.0,63396,M,0.0,0.0,63
201100008369,11,10,5,845,1,1,3,1.0,3.0,63306,M,0.0,0.0,63
201100008370,11,10,23,1915,2,2,1,1.0,1.0,63457,M,0.0,0.0,63
201100008371,11,11,19,1,5,2,1,1.0,3.0,63282,M,0.0,0.0,63
201100008372,11,11,24,1015,1,2,1,1.0,6.0,63214,M,0.0,0.0,63
201100008373,11,12,27,345,3,1,1,8.0,6.0,63084,M,0.0,0.0,63
201100008374,11,4,16,1800,1,1,1,1.0,6.0,63081,M,0.0,0.0,63
201100008375,11,4,17,345,3,1,1,1.0,6.0,63211,M,4548110.0,374350.0,63
201100008376,11,4,19,1700,1,1,1,1.0,6.0,63003,M,4556000.0,374900.0,63
201100008377,11,7,2,1615,1,1,1,1.0,1.0,63010,M,4542700.0,372600.0,63
201100008378,11,7,30,600,2,1,1,1.0,6.0,63139,M,4535700.0,374600.0,63
201100008379,11,8,5,2130,1,1,1,1.0,7.0,63003,M,0.0,0.0,63
201100008380,11,11,24,1745,3,1,1,1.0,1.0,63010,M,4544100.0,372500.0,63
201100008381,11,12,1,1745,3,1,1,1.0,1.0,63003,M,4555100.0,371000.0,63
201100008382,11,12,15,1000,1,2,7,1.0,6.0,63003,M,4555049.0,373979.0,63
201100008383,11,12,18,500,5,2,1,4.0,6.0,63003,M,4554666.0,374897.0,63
201100008384,11,2,27,2200,5,2,1,3.0,6.0,63454,M,4564350.0,370510.0,63
201100008385,11,6,8,1045,1,1,1,1.0,1.0,63207,M,0.0,0.0,63
201100008386,11,6,10,1200,1,1,1,2.0,7.0,63056,M,0.0,0.0,63
201100008387,11,9,13,1630,1,1,1,1.0,3.0,63207,M,0.0,0.0,63
201100008388,11,10,4,1615,1,1,1,1.0,3.0,63023,M,0.0,0.0,63
201100008389,11,10,15,1445,1,1,1,1.0,6.0,63056,M,4558400.0,346200.0,63
201100008390,11,5,7,1200,1,1,1,7.0,1.0,63412,M,4542291.0,385138.0,63
201100008391,11,6,21,1945,1,1,1,2.0,6.0,63465,M,4542300.0,389800.0,63
201100008392,11,10,8,1045,1,1,1,2.0,7.0,63147,M,4546700.0,388700.0,63
201100008393,11,11,20,500,3,1,1,1.0,6.0,63394,M,4549700.0,390200.0,63
201100008394,11,3,28,815,5,2,1,2.0,6.0,63178,M,4556560.0,325100.0,63
201100008395,11,4,22,915,1,1,1,1.0,7.0,63435,M,4554500.0,315000.0,63
201100008396,11,4,26,1445,1,1,1,1.0,3.0,63234,M,4557500.0,306100.0,63
201100008397,11,5,12,2230,3,1,1,9.0,7.0,63080,M,4557800.0,312000.0,63
201100008398,11,5,22,1245,1,1,1,1.0,7.0,63121,M,0.0,0.0,63
201100008399,11,8,21,1800,1,1,1,1.0,2.0,63250,M,4559022.0,316893.0,63
201100008400,11,8,27,530,3,1,1,2.0,7.0,63268,M,0.0,0.0,63
201100008401,11,9,2,1800,1,2,3,1.0,1.0,63178,M,4555096.0,326517.0,63
201100008402,11,9,10,1300,1,1,1,1.0,1.0,63234,M,4558200.0,307300.0,63
201100008403,11,10,6,1830,2,1,1,1.0,3.0,63222,M,4555400.0,316300.0,63
201100008404,11,10,7,1700,1,2,1,1.0,6.0,63178,M,4554571.0,324773.0,63
201100008405,11,10,21,1415,1,1,1,1.0,6.0,63261,M,4558800.0,327300.0,63
201100008406,11,2,27,945,1,1,1,8.0,1.0,63038,M,4548290.0,285980.0,63
201100008407,11,3,1,2100,5,2,1,5.0,7.0,63401,M,4555180.0,294160.0,63
201100008408,11,6,30,1815,1,1,1,1.0,7.0,63383,M,0.0,0.0,63
201100008409,11,7,31,1530,1,1,1,1.0,7.0,63247,M,4559500.0,293400.0,63
201100008410,11,8,8,1030,1,1,1,2.0,7.0,63117,M,4542800.0,294100.0,63
201100008411,11,9,30,1545,1,1,1,1.0,7.0,63077,M,4556400.0,286900.0,63
201100008412,11,3,24,2000,5,2,1,1.0,1.0,63050,M,4540770.0,332500.0,63
201100008413,11,5,8,515,2,1,1,1.0,7.0,63423,M,0.0,0.0,63
201100008414,11,5,25,715,2,2,1,7.0,6.0,63091,M,4541852.0,328455.0,63
201100008415,11,5,16,845,1,2,1,1.0,7.0,63050,M,0.0,0.0,63
201100008416,11,6,19,30,3,2,1,1.0,6.0,63050,M,4541092.0,332932.0,63
201100008417,11,7,26,1430,1,1,1,2.0,1.0,63340,M,0.0,0.0,63
201100008418,11,9,11,1915,1,2,1,1.0,3.0,63423,M,4560133.0,340739.0,63
201100008419,11,10,1,2345,3,1,1,1.0,1.0,63022,M,0.0,0.0,63
201100008420,11,11,30,1830,5,2,1,1.0,6.0,63182,M,0.0,0.0,63
201100008421,11,4,2,1445,1,1,2,1.0,3.0,63005,M,4549674.0,318377.0,63
201100008422,11,9,2,1830,1,2,1,1.0,1.0,63009,M,4540900.0,312200.0,63
201100008423,11,9,6,1830,1,1,1,7.0,1.0,63052,M,4546700.0,328600.0,63
201100008424,11,11,10,745,1,1,1,1.0,1.0,63017,M,4542500.0,317800.0,63
201100008425,11,11,11,1500,1,1,1,1.0,3.0,63005,M,4550000.0,316900.0,63
201100008426,11,1,19,2030,5,2,6,1.0,6.0,63099,M,4585440.0,308580.0,63
201100008427,11,7,3,1930,1,1,1,1.0,7.0,63092,M,0.0,0.0,63
201100008428,11,8,26,1645,1,1,1,1.0,6.0,63470,M,0.0,0.0,63
201100008429,11,9,27,2330,5,1,1,1.0,6.0,63099,M,0.0,0.0,63
201100008430,11,11,22,1515,1,1,1,1.0,1.0,63203,M,0.0,0.0,63
201100008431,11,12,24,415,3,1,1,2.0,6.0,63470,M,0.0,0.0,63
201100008432,11,2,1,715,5,1,1,1.0,5.0,63432,M,4598900.0,327240.0,63
201100008433,11,2,13,1815,3,1,1,8.0,5.0,63001,M,0.0,0.0,63
201100008434,11,2,27,345,3,1,1,8.0,6.0,63327,M,0.0,0.0,63
201100008435,11,3,18,1945,3,1,1,1.0,5.0,63432,M,4598900.0,324800.0,63
201100008436,11,4,16,1400,1,2,1,1.0,6.0,63001,M,4602733.0,320947.0,63
201100008437,11,5,30,1630,1,2,1,1.0,6.0,63001,M,4602210.0,320182.0,63
201100008438,11,8,14,245,5,2,1,1.0,7.0,63108,M,0.0,0.0,63
201100008439,11,8,17,2115,5,2,3,1.0,6.0,63432,M,4597069.0,325763.0,63
201100008440,11,9,28,1230,1,1,1,1.0,1.0,63181,M,0.0,0.0,63
201100008441,11,12,17,1830,3,1,1,2.0,2.0,63116,M,0.0,0.0,63
201100008442,11,1,31,1930,5,2,2,1.0,1.0,63089,M,4587070.0,322290.0,63
201100008443,11,4,27,1530,1,1,1,1.0,7.0,63372,M,0.0,0.0,63
201100008444,11,6,8,1400,1,1,1,1.0,1.0,63443,M,0.0,0.0,63
201100008445,11,6,15,1445,1,2,1,1.0,1.0,63362,M,0.0,0.0,63
201100008446,11,6,20,815,1,1,1,1.0,6.0,63148,M,0.0,0.0,63
201100008447,11,7,6,1300,1,1,1,1.0,6.0,63372,M,4591100.0,331100.0,63
201100008448,11,7,23,1445,1,1,2,1.0,3.0,63362,M,4592579.0,324577.0,63
201100008449,11,9,2,1745,1,1,1,1.0,6.0,63372,M,4591294.0,332156.0,63
201100008450,11,9,3,1015,1,1,1,1.0,2.0,63459,M,0.0,0.0,63
201100008451,11,9,17,1945,2,2,1,1.0,6.0,63149,M,4589177.0,326480.0,63
201100008452,11,10,3,830,1,1,1,1.0,6.0,63387,M,0.0,0.0,63
201100008453,11,10,27,1515,1,1,1,1.0,2.0,63089,M,4588100.0,321900.0,63
201100008454,11,10,31,730,1,2,1,1.0,3.0,63332,M,4600100.0,330100.0,63
201100008455,11,11,20,445,5,2,1,1.0,7.0,63400,M,4604600.0,336100.0,63
201100008456,11,12,4,1915,5,2,1,1.0,2.0,63148,M,4589238.0,322464.0,63
201100008457,11,12,19,400,5,1,1,4.0,6.0,63400,M,0.0,0.0,63
201100008458,11,5,1,1445,1,2,1,1.0,3.0,63283,M,4587400.0,267300.0,63
201100008459,11,9,18,1400,1,1,1,1.0,6.0,63118,M,0.0,0.0,63
201100008460,11,9,20,1830,2,1,1,1.0,1.0,63320,M,4587921.0,252995.0,63
201100008461,11,11,22,1330,1,1,1,1.0,2.0,63381,M,4583800.0,288300.0,63
201100008462,11,4,1,1430,1,1,1,1.0,1.0,63338,M,4615397.0,283893.0,63
201100008463,11,4,22,2130,3,1,1,1.0,7.0,63447,M,4604100.0,261100.0,63
201100008464,11,5,21,1630,1,1,1,2.0,7.0,63338,M,4605000.0,258100.0,63
201100008465,11,5,29,700,2,1,1,1.0,7.0,63223,M,0.0,0.0,63
201100008466,11,6,1,1400,1,2,1,1.0,3.0,63338,M,4616200.0,283300.0,63
201100008467,11,10,7,1945,5,2,1,2.0,1.0,63382,M,4605800.0,302300.0,63
201100008468,11,10,8,215,5,1,1,2.0,6.0,63390,M,4611500.0,308600.0,63
201100008469,11,11,25,1815,3,1,1,1.0,1.0,63011,M,4619700.0,277100.0,63
201100008470,11,3,26,1930,3,1,1,2.0,6.0,63430,M,4589530.0,351860.0,63
201100008471,11,4,5,1830,1,1,1,1.0,3.0,63402,M,0.0,0.0,63
201100008472,11,4,9,1500,1,2,1,1.0,6.0,63430,M,0.0,0.0,63
201100008473,11,5,11,1630,1,1,1,1.0,1.0,63276,M,0.0,0.0,63
201100008474,11,5,13,1715,1,2,1,7.0,2.0,63276,M,0.0,0.0,63
201100008475,11,6,19,1730,1,1,1,1.0,1.0,63393,M,4590006.0,360053.0,63
201100008476,11,7,3,2130,2,2,1,1.0,6.0,63008,M,0.0,0.0,63
201100008477,11,8,11,2200,3,1,1,1.0,6.0,63276,M,4582247.0,348528.0,63
201100008478,11,9,25,115,5,1,1,1.0,7.0,63267,M,4588351.0,362212.0,63
201100008479,11,9,30,1845,1,2,1,1.0,3.0,63430,M,0.0,0.0,63
201100008480,11,10,15,2100,3,1,1,1.0,7.0,63066,M,0.0,0.0,63
201100008481,11,11,7,1545,1,1,1,1.0,1.0,63430,M,0.0,0.0,63
201100008482,11,7,1,2115,1,1,1,1.0,6.0,63249,M,4578286.0,353236.0,63
201100008483,11,7,3,2145,3,1,1,1.0,6.0,63131,M,0.0,0.0,63
201100008484,11,9,15,830,1,2,1,1.0,3.0,63195,M,0.0,0.0,63
201100008485,11,9,14,1130,1,1,1,1.0,3.0,63195,M,4585935.0,338700.0,63
201100008486,11,9,20,2030,3,1,1,1.0,5.0,63125,M,4577900.0,353500.0,63
201100008487,11,10,20,1215,1,1,1,3.0,7.0,63125,M,4574300.0,355300.0,63
201100008488,11,12,12,1800,5,2,1,2.0,6.0,63195,M,4583000.0,338900.0,63
201100008489,11,12,23,715,2,1,1,5.0,1.0,63418,M,4578700.0,347100.0,63
201100008490,11,1,13,1130,1,1,1,1.0,3.0,63196,M,4596780.0,345030.0,63
201100008491,11,1,20,630,3,1,1,9.0,7.0,63201,M,4593930.0,337750.0,63
201100008492,11,5,1,2230,5,2,1,1.0,1.0,63291,M,4595958.0,347932.0,63
201100008493,11,5,8,1215,1,1,1,1.0,3.0,63128,M,4589700.0,342800.0,63
201100008494,11,6,14,1745,1,1,1,1.0,7.0,63210,M,4593000.0,334500.0,63
201100008495,11,6,15,2100,2,1,1,1.0,6.0,63210,M,4590800.0,333100.0,63
201100008496,11,7,9,1900,1,1,2,8.0,3.0,63271,M,4591098.0,351955.0,63
201100008497,11,8,1,2115,3,1,1,1.0,1.0,63291,M,4596800.0,346300.0,63
201100008498,11,8,2,1515,1,1,2,1.0,1.0,63210,M,4590930.0,331619.0,63
201100008499,11,8,18,1900,1,1,1,8.0,1.0,63095,M,4595500.0,345000.0,63
201100008500,11,12,31,2015,3,1,6,2.0,6.0,03290,M,4662200.0,329300.0,03
201100008501,11,1,11,1600,1,1,1,1.0,1.0,03286,M,4649500.0,335000.0,03
201100008502,11,1,31,1815,3,1,1,1.0,1.0,03121,M,4661700.0,336700.0,03
201100008503,11,2,2,930,1,1,1,9.0,2.0,03286,M,4650400.0,339300.0,03
201100008504,11,4,2,1630,1,1,1,1.0,1.0,03200,M,4656100.0,329100.0,03
201100008505,11,4,19,1730,1,1,1,1.0,4.0,03316,M,4667100.0,324100.0,03
201100008506,11,6,23,1515,1,1,1,8.0,5.0,03316,M,4666100.0,325700.0,03
201100008507,11,6,28,1630,1,1,1,1.0,4.0,03316,M,4667700.0,323600.0,03
201100008508,11,7,16,1315,1,1,1,1.0,6.0,03290,M,4666700.0,335000.0,03
201100008509,11,7,26,345,3,1,1,1.0,2.0,03316,M,4667700.0,323600.0,03
201100008510,11,8,24,900,1,1,1,1.0,1.0,03286,M,4649300.0,334600.0,03
201100008511,11,9,3,1215,1,1,1,1.0,2.0,03085,M,4655800.0,327000.0,03
201100008512,11,10,21,1445,1,1,1,1.0,5.0,03286,M,0.0,0.0,03
201100008513,11,12,20,2215,3,1,1,1.0,1.0,03286,M,4649800.0,336000.0,03
201100008514,11,12,26,715,2,1,1,2.0,1.0,03286,M,0.0,0.0,03
201100008515,11,5,5,2330,3,1,1,1.0,3.0,03210,M,4671800.0,297800.0,03
201100008516,11,8,15,1745,1,2,1,1.0,3.0,03309,M,4676300.0,304300.0,03
201100008517,11,8,21,315,3,1,1,1.0,6.0,03320,M,4658900.0,293500.0,03
201100008518,11,12,20,2000,3,1,1,2.0,6.0,03155,M,4673100.0,288400.0,03
201100008519,11,1,10,1715,2,1,1,1.0,1.0,03173,M,4647500.0,394000.0,03
201100008520,11,5,19,1600,1,1,1,1.0,3.0,03102,M,4651100.0,367200.0,03
201100008521,11,5,20,1700,1,1,1,1.0,1.0,03102,M,4654100.0,364600.0,03
201100008522,11,8,9,2015,1,1,1,1.0,3.0,03253,M,4649000.0,361800.0,03
201100008523,11,9,24,1630,1,1,1,1.0,6.0,03102,M,4646400.0,394200.0,03
201100008524,11,11,7,1345,1,1,1,1.0,5.0,03086,M,0.0,0.0,03
201100008525,11,12,16,1945,3,1,1,1.0,5.0,03102,M,0.0,0.0,03
201100008526,11,12,28,1715,3,1,1,2.0,5.0,03173,M,4647600.0,393900.0,03
201100008527,11,4,22,1200,1,1,1,1.0,5.0,03180,M,4653600.0,345700.0,03
201100008528,11,5,14,1445,1,1,1,1.0,6.0,03180,M,4653200.0,347200.0,03
201100008529,11,6,3,1215,1,1,1,1.0,4.0,03283,M,0.0,0.0,03
201100008530,11,6,14,1015,1,1,1,1.0,3.0,03057,M,0.0,0.0,03
201100008531,11,6,20,1445,1,1,1,1.0,3.0,03019,M,4656300.0,362200.0,03
201100008532,11,6,22,1900,1,1,1,1.0,6.0,03076,M,4663800.0,347000.0,03