Num_Acc,an,mois,jour,hrmn,lum,agg,int,atm,col,com,gps,lat,long,dep
201100008533,11,7,9,1830,1,1,1,3.0,6.0,03124,M,4641300.0,343000.0,03
201100008534,11,7,18,1345,1,1,1,1.0,7.0,03076,M,4663100.0,345800.0,03
201100008535,11,8,31,1245,1,2,1,1.0,1.0,03025,M,4644200.0,336300.0,03
201100008536,11,9,16,530,3,1,1,1.0,7.0,03025,M,4648300.0,336800.0,03
201100008537,11,10,26,1945,3,1,1,1.0,3.0,03019,M,4663300.0,370900.0,03
201100008538,11,10,29,1300,1,1,1,1.0,1.0,03076,M,4665000.0,348600.0,03
201100008539,11,12,29,1645,2,1,9,1.0,7.0,03283,M,4653200.0,355500.0,03
201100008540,11,2,2,930,1,1,1,4.0,7.0,03112,M,4622900.0,322200.0,03
201100008541,11,3,12,745,1,1,1,1.0,7.0,03254,M,4632100.0,332600.0,03
201100008542,11,7,2,1330,1,2,2,1.0,3.0,03038,M,4632700.0,323000.0,03
201100008543,11,7,7,1915,1,1,1,1.0,1.0,03254,M,4628500.0,329300.0,03
201100008544,11,8,28,700,1,2,1,1.0,6.0,03053,M,4624000.0,313500.0,03
201100008545,11,10,28,1315,1,1,1,1.0,1.0,03227,M,4625400.0,333000.0,03
201100008546,11,11,28,1830,3,1,1,1.0,1.0,03254,M,4631100.0,330200.0,03
201100008547,11,12,10,1400,1,2,1,1.0,6.0,03149,M,0.0,0.0,03
201100008548,11,12,27,1730,1,1,1,1.0,1.0,03254,M,0.0,0.0,03
201100008549,11,2,1,1945,3,1,1,1.0,6.0,03065,M,4641100.0,326600.0,03
201100008550,11,3,2,1400,1,1,1,1.0,3.0,03247,M,4659900.0,309600.0,03
201100008551,11,4,22,1600,1,1,1,1.0,7.0,03292,M,4645100.0,311400.0,03
201100008552,11,5,12,1700,1,1,1,1.0,1.0,03026,M,4646300.0,326800.0,03
201100008553,11,7,2,1600,1,1,1,1.0,7.0,03292,M,4643900.0,308300.0,03
201100008554,11,8,31,2000,3,1,1,1.0,3.0,03170,M,4651400.0,308500.0,03
201100008555,11,11,8,1630,1,1,1,1.0,3.0,03099,M,4638800.0,303200.0,03
201100008556,11,11,18,1730,2,1,1,1.0,7.0,03065,M,4642700.0,331500.0,03
201100008557,11,1,14,1915,3,1,1,1.0,5.0,03128,M,4637100.0,250400.0,03
201100008558,11,1,24,830,2,1,1,5.0,3.0,03145,M,4628600.0,254000.0,03
201100008559,11,1,30,600,2,1,1,9.0,6.0,03217,M,0.0,0.0,03
201100008560,11,2,26,2200,3,1,1,2.0,1.0,03128,M,0.0,0.0,03
201100008561,11,4,22,730,1,1,1,1.0,1.0,03217,M,0.0,0.0,03
201100008562,11,4,24,245,3,1,1,1.0,6.0,03212,M,4632200.0,249800.0,03
201100008563,11,4,26,545,2,1,1,5.0,3.0,03305,M,0.0,0.0,03
201100008564,11,7,10,1430,1,1,1,1.0,6.0,03195,M,4629500.0,270600.0,03
201100008565,11,7,16,1030,1,1,2,1.0,3.0,03212,M,4633100.0,250800.0,03
201100008566,11,7,17,1500,1,1,1,1.0,6.0,03279,M,0.0,0.0,03
201100008567,11,10,4,1400,1,2,7,1.0,3.0,03055,M,4642700.0,250100.0,03
201100008568,11,11,19,1845,5,2,1,1.0,6.0,03195,M,0.0,0.0,03
201100008569,11,12,27,1900,3,1,1,5.0,6.0,03051,M,4640900.0,237300.0,03
201100008570,11,2,13,600,5,2,1,1.0,6.0,03003,M,0.0,0.0,03
201100008571,11,2,24,745,1,1,1,2.0,1.0,03031,M,4639800.0,271100.0,03
201100008572,11,5,14,15,3,1,1,1.0,1.0,03221,M,4670300.0,269600.0,03
201100008573,11,7,15,1400,1,2,6,1.0,7.0,03084,M,4647800.0,282800.0,03
201100008574,11,8,19,15,3,1,1,1.0,7.0,03048,M,4663300.0,277400.0,03
201100008575,11,10,9,1950,3,1,1,1.0,6.0,03003,M,0.0,0.0,03
201100008576,11,12,4,2000,5,2,1,2.0,6.0,03048,M,4662000.0,282000.0,03
201100008577,11,1,7,2100,5,2,1,1.0,7.0,03082,M,0.0,0.0,03
201100008578,11,1,17,1900,5,2,1,1.0,3.0,03082,M,4629600.0,274000.0,03
201100008579,11,5,6,1900,1,1,1,1.0,1.0,03206,M,0.0,0.0,03
201100008580,11,8,22,1230,1,1,1,1.0,3.0,03106,M,4624700.0,270700.0,03
201100008581,11,10,8,1845,1,1,1,1.0,1.0,03261,M,4625400.0,257600.0,03
201100008582,11,12,9,1730,5,2,1,1.0,3.0,03082,M,0.0,0.0,03
201100008583,11,12,30,1315,1,1,1,2.0,6.0,03315,M,0.0,0.0,03
201100008584,11,2,1,900,1,1,1,9.0,7.0,03189,M,0.0,0.0,03
201100008585,11,4,17,1815,1,1,1,7.0,1.0,03270,M,0.0,0.0,03
201100008586,11,5,7,1300,1,1,1,7.0,3.0,03058,M,0.0,0.0,03
201100008587,11,9,17,930,1,1,1,1.0,5.0,03104,M,0.0,0.0,03
201100008588,11,1,27,2045,3,1,2,1.0,3.0,03163,M,0.0,0.0,03
201100008589,11,3,5,2230,3,1,1,1.0,6.0,03045,M,4607000.0,349400.0,03
201100008590,11,4,1,945,1,2,1,1.0,5.0,03045,M,4606600.0,350500.0,03
201100008591,11,6,23,1900,1,1,1,1.0,6.0,03044,M,0.0,0.0,03
201100008592,11,6,30,1400,1,2,9,1.0,3.0,03258,M,4621900.0,340700.0,03
201100008593,11,8,23,1745,1,1,1,1.0,1.0,03093,M,0.0,0.0,03
201100008594,11,8,22,1815,1,2,1,1.0,2.0,03080,M,0.0,0.0,03
201100008595,11,9,1,1600,1,1,1,1.0,3.0,03093,M,0.0,0.0,03
201100008596,11,11,17,515,3,1,6,1.0,6.0,03093,M,0.0,0.0,03
201100008597,11,2,9,1930,3,1,1,1.0,5.0,03043,M,4620100.0,327100.0,03
201100008598,11,4,3,1600,1,1,1,1.0,5.0,03268,M,0.0,0.0,03
201100008599,11,4,24,1730,1,1,2,1.0,3.0,03311,M,0.0,0.0,03
201100008600,11,5,2,1215,1,1,1,1.0,6.0,03182,M,4612200.0,326200.0,03
201100008601,11,5,11,2245,3,1,1,1.0,6.0,03118,M,4612000.0,319300.0,03
201100008602,11,5,24,1400,1,2,1,1.0,3.0,03152,M,0.0,0.0,03
201100008603,11,10,30,915,1,1,1,1.0,5.0,03107,M,4612700.0,309200.0,03
201100008604,11,11,5,1230,1,1,1,2.0,1.0,03268,M,0.0,0.0,03
201100008605,11,3,19,630,2,1,1,2.0,6.0,03105,M,4624000.0,369800.0,03
201100008606,11,4,5,2015,2,2,1,1.0,1.0,03028,M,4621200.0,357100.0,03
201100008607,11,4,13,1345,1,1,1,1.0,7.0,03274,M,4636600.0,367000.0,03
201100008608,11,7,5,1930,1,2,1,1.0,6.0,03154,M,4636600.0,395100.0,03
201100008609,11,7,12,1645,1,1,1,1.0,1.0,03105,M,4622600.0,367900.0,03
201100008610,11,7,14,115,3,1,1,1.0,7.0,03289,M,0.0,0.0,03
201100008611,11,7,17,1945,1,1,1,1.0,7.0,03272,M,0.0,0.0,03
201100008612,11,7,19,1800,1,1,1,1.0,1.0,03257,M,0.0,0.0,03
201100008613,11,9,19,530,3,1,1,2.0,6.0,03291,M,4634100.0,358200.0,03
201100008614,11,11,25,400,3,1,1,5.0,1.0,03132,M,4638700.0,357100.0,03
201100008615,11,11,27,1,3,1,1,1.0,6.0,03226,M,4637100.0,385000.0,03
201100008616,11,12,29,1300,1,1,1,1.0,6.0,03289,M,4638600.0,354500.0,03
201100008617,11,2,2,1000,1,1,1,4.0,1.0,03250,M,4622100.0,374400.0,03
201100008618,11,2,8,1100,1,1,1,1.0,2.0,03131,M,0.0,0.0,03
201100008619,11,3,21,845,1,2,1,7.0,6.0,03066,M,4611700.0,368300.0,03
201100008620,11,4,12,1615,1,1,1,1.0,3.0,03224,M,4606000.0,371000.0,03
201100008621,11,5,5,200,3,1,1,1.0,6.0,03068,M,4622100.0,372900.0,03
201100008622,11,5,10,1815,1,1,1,1.0,5.0,03250,M,0.0,0.0,03
201100008623,11,6,27,1300,1,1,1,1.0,1.0,03165,M,0.0,0.0,03
201100008624,11,10,4,1930,2,1,1,1.0,1.0,03165,M,0.0,0.0,03
201100008625,11,12,28,945,1,1,1,9.0,6.0,03050,M,4603900.0,374600.0,03
201100008626,11,3,27,500,3,1,1,1.0,2.0,03157,M,4621300.0,351900.0,03
201100008627,11,4,16,1200,1,1,1,1.0,6.0,03157,M,0.0,0.0,03
201100008628,11,6,30,1500,1,2,1,1.0,1.0,03298,M,4631000.0,342200.0,03
201100008629,11,7,17,1645,1,1,1,1.0,3.0,03235,M,4624400.0,351800.0,03
201100008630,11,8,22,30,3,1,6,1.0,7.0,03298,M,4630200.0,342700.0,03
201100008631,11,1,23,900,1,1,1,1.0,1.0,15083,M,0.0,0.0,15
201100008632,11,2,19,815,1,1,1,8.0,5.0,15221,M,4488900.0,231600.0,15
201100008633,11,10,19,900,1,1,1,3.0,1.0,15204,M,0.0,0.0,15
201100008634,11,11,5,745,1,1,1,1.0,6.0,15204,M,4495700.0,228800.0,15
201100008635,11,12,31,1345,1,1,1,2.0,1.0,15267,M,4493800.0,237800.0,15
201100008636,11,12,31,1145,1,1,1,2.0,1.0,15094,M,4499100.0,220200.0,15
201100008637,11,1,18,1130,1,1,1,1.0,3.0,15150,M,4488000.0,222000.0,15
201100008638,11,2,9,1345,1,2,2,1.0,1.0,15122,M,4471700.0,219300.0,15
201100008639,11,3,4,715,2,1,1,1.0,6.0,15030,M,4480000.0,224800.0,15
201100008640,11,6,19,2300,3,1,9,1.0,6.0,15163,M,4484800.0,239400.0,15
201100008641,11,6,20,1715,1,2,1,1.0,1.0,15268,M,0.0,0.0,15
201100008642,11,7,27,1515,1,1,1,1.0,1.0,15196,M,0.0,0.0,15
201100008643,11,8,18,1630,1,1,1,1.0,5.0,15157,M,4474400.0,219600.0,15
201100008644,11,12,5,1015,1,1,1,1.0,4.0,15122,M,0.0,0.0,15
201100008645,11,12,5,645,3,1,1,2.0,6.0,15184,M,4473200.0,221700.0,15
201100008646,11,3,26,2215,3,1,1,1.0,7.0,15156,M,4482200.0,246800.0,15
201100008647,11,6,10,1545,1,1,1,1.0,1.0,15226,M,4472300.0,238500.0,15
201100008648,11,7,23,1515,1,2,1,1.0,7.0,15234,M,0.0,0.0,15
201100008649,11,1,22,1145,1,1,1,1.0,1.0,15096,M,4502200.0,256200.0,15
201100008650,11,2,16,1545,1,1,1,1.0,7.0,15258,M,4487900.0,258200.0,15
201100008651,11,3,29,1345,1,1,1,2.0,2.0,15258,M,0.0,0.0,15
201100008652,11,6,22,1530,1,1,1,8.0,5.0,15266,M,4493400.0,252900.0,15
201100008653,11,6,26,1200,1,2,1,1.0,1.0,15074,M,0.0,0.0,15
201100008654,11,7,17,115,3,1,1,2.0,6.0,15154,M,4495000.0,258300.0,15
201100008655,11,8,1,1945,1,1,1,1.0,6.0,15266,M,4493600.0,253000.0,15
201100008656,11,8,6,1415,1,1,1,1.0,6.0,15095,M,4505300.0,255200.0,15
201100008657,11,8,17,1030,1,2,1,1.0,6.0,15192,M,4505400.0,271100.0,15
201100008658,11,8,26,1900,2,1,1,3.0,2.0,15192,M,4506300.0,271300.0,15
201100008659,11,1,27,1830,1,1,1,1.0,6.0,15120,M,0.0,0.0,15
201100008660,11,3,22,1445,1,2,1,1.0,6.0,15153,M,0.0,0.0,15
201100008661,11,5,3,1615,1,1,1,8.0,1.0,15018,M,4516200.0,226700.0,15
201100008662,11,6,4,2145,5,2,1,1.0,2.0,15120,M,4520500.0,233600.0,15
201100008663,11,7,8,1530,1,1,3,1.0,3.0,15153,M,4512300.0,228100.0,15
201100008664,11,8,16,1730,1,1,1,1.0,1.0,15120,M,0.0,0.0,15
201100008665,11,9,15,1215,1,1,1,1.0,2.0,15079,M,4526800.0,236100.0,15
201100008666,11,11,27,900,1,2,1,1.0,6.0,15153,M,4513800.0,222800.0,15
201100008667,11,12,27,1545,1,2,6,7.0,6.0,15120,M,4521600.0,235000.0,15
201100008668,11,6,3,1000,1,2,1,1.0,6.0,15054,M,4534300.0,275600.0,15
201100008669,11,6,24,1600,1,1,1,1.0,6.0,15162,M,0.0,0.0,15
201100008670,11,8,30,800,1,1,1,1.0,6.0,15162,M,0.0,0.0,15
201100008671,11,3,11,1530,1,1,1,1.0,6.0,15202,M,4512800.0,241200.0,15
201100008672,11,5,18,2315,3,1,1,3.0,7.0,15202,M,0.0,0.0,15
201100008673,11,8,7,1815,1,1,1,1.0,6.0,15174,M,4517000.0,244600.0,15
201100008674,11,12,25,2045,3,1,1,1.0,6.0,15202,M,4513200.0,247000.0,15
201100008675,11,2,6,130,3,1,1,1.0,6.0,15038,M,4539400.0,257700.0,15
201100008676,11,5,7,1530,1,1,1,1.0,3.0,15250,M,4536800.0,251300.0,15
201100008677,11,10,23,100,3,1,1,1.0,6.0,15169,M,4534400.0,248000.0,15
201100008678,11,10,23,1615,1,1,1,1.0,6.0,15128,M,4532900.0,255100.0,15
201100008679,11,3,29,1315,1,2,9,2.0,3.0,15187,M,4503600.0,309800.0,15
201100008680,11,6,5,1445,1,1,1,1.0,1.0,15068,M,0.0,0.0,15
201100008681,11,6,19,1930,1,2,1,1.0,7.0,15187,M,4503600.0,308600.0,15
201100008682,11,7,30,1930,1,1,1,1.0,1.0,15188,M,4503900.0,312600.0,15
201100008683,11,8,14,1315,1,2,1,8.0,2.0,15188,M,4503800.0,311000.0,15
201100008684,11,11,11,1500,1,1,1,1.0,5.0,15055,M,4507200.0,311600.0,15
201100008685,11,3,1,2045,5,2,1,1.0,6.0,15069,M,4518000.0,305000.0,15
201100008686,11,3,29,1345,1,1,1,8.0,1.0,15080,M,4517600.0,304200.0,15
201100008687,11,8,4,1745,1,1,1,1.0,3.0,15207,M,4515900.0,317100.0,15
201100008688,11,9,5,815,1,1,1,1.0,7.0,15207,M,0.0,0.0,15
201100008689,11,2,15,830,1,1,1,4.0,6.0,15025,M,0.0,0.0,15
201100008690,11,3,19,1800,1,2,3,1.0,1.0,15248,M,4505800.0,293500.0,15
201100008691,11,3,21,1000,1,1,1,1.0,1.0,15138,M,0.0,0.0,15
201100008692,11,4,19,1315,1,1,1,1.0,1.0,15025,M,4511000.0,287300.0,15
201100008693,11,7,18,1815,1,1,1,8.0,3.0,15225,M,0.0,0.0,15
201100008694,11,7,24,1145,1,1,1,1.0,2.0,15061,M,0.0,0.0,15
201100008695,11,12,1,1700,2,2,1,1.0,1.0,15138,M,4511100.0,286300.0,15
201100008696,11,6,19,730,1,1,1,1.0,7.0,15099,M,4495800.0,301100.0,15
201100008697,11,7,21,1845,1,1,1,1.0,3.0,15235,M,4501600.0,297900.0,15
201100008698,11,8,11,1915,1,1,1,7.0,1.0,15077,M,4494300.0,287700.0,15
201100008699,11,1,3,1000,1,2,9,1.0,4.0,43036,M,4510400.0,380000.0,43
201100008700,11,4,18,1515,1,1,1,1.0,7.0,43254,M,4512300.0,372900.0,43
201100008701,11,6,3,1900,1,2,1,2.0,3.0,43084,M,0.0,0.0,43
201100008702,11,7,25,1330,1,2,2,2.0,3.0,43084,M,0.0,0.0,43
201100008703,11,7,29,1215,1,1,1,1.0,6.0,43233,M,4506100.0,382900.0,43
201100008704,11,8,19,1945,1,1,1,1.0,2.0,43045,M,4503400.0,384600.0,43
201100008705,11,11,11,1800,3,1,1,1.0,2.0,43233,M,4507000.0,378200.0,43
201100008706,11,3,12,1130,1,1,1,1.0,5.0,43039,M,4493900.0,384600.0,43
201100008707,11,6,20,1915,1,2,1,1.0,6.0,43111,M,4484600.0,383100.0,43
201100008708,11,7,7,2200,5,1,1,2.0,7.0,43154,M,4475800.0,396100.0,43
201100008709,11,9,15,1800,1,1,1,1.0,3.0,43077,M,4490000.0,384300.0,43
201100008710,11,9,20,1100,1,1,1,1.0,1.0,43241,M,4496800.0,388900.0,43
201100008711,11,1,20,1215,1,2,1,4.0,1.0,43135,M,4494800.0,399500.0,43
201100008712,11,5,14,1245,1,2,1,1.0,1.0,43115,M,4498100.0,403800.0,43
201100008713,11,5,16,1415,1,2,1,1.0,2.0,43078,M,4500000.0,391000.0,43
201100008714,11,5,30,1230,1,1,1,1.0,1.0,43078,M,0.0,0.0,43
201100008715,11,7,30,2030,1,1,1,1.0,7.0,43078,M,4501700.0,395200.0,43
201100008716,11,8,1,1045,1,2,1,1.0,1.0,43092,M,4498700.0,422900.0,43
201100008717,11,9,4,1615,1,1,1,2.0,1.0,43078,M,4500800.0,391200.0,43
201100008718,11,10,15,1300,1,1,1,1.0,6.0,43115,M,0.0,0.0,43
201100008719,11,10,16,1215,1,1,1,1.0,7.0,43135,M,4488700.0,408300.0,43
201100008720,11,12,26,1700,2,2,1,1.0,1.0,43135,M,4495300.0,398900.0,43
201100008721,11,1,16,1715,1,1,1,1.0,7.0,43164,M,0.0,0.0,43
201100008722,11,3,9,1800,1,1,1,1.0,6.0,43021,M,0.0,0.0,43
201100008723,11,3,26,1430,1,1,1,1.0,3.0,43230,M,0.0,0.0,43
201100008724,11,4,29,1615,1,1,1,1.0,6.0,43267,M,0.0,0.0,43
201100008725,11,7,3,945,1,1,1,1.0,3.0,43230,M,0.0,0.0,43
201100008726,11,9,16,1800,1,1,6,1.0,2.0,43140,M,4506100.0,391600.0,43
201100008727,11,12,10,45,3,1,1,1.0,6.0,43126,M,0.0,0.0,43
201100008728,11,12,19,1600,1,2,1,1.0,3.0,43267,M,4518500.0,391800.0,43
201100008729,11,2,11,800,3,1,1,1.0,6.0,43221,M,0.0,0.0,43
201100008730,11,3,23,1615,1,1,1,1.0,7.0,43245,M,0.0,0.0,43
201100008731,11,4,16,1830,1,1,1,1.0,3.0,43256,M,4497100.0,346700.0,43
201100008732,11,5,2,1530,1,1,1,1.0,2.0,43221,M,4499700.0,363500.0,43
201100008733,11,5,27,1000,1,1,3,7.0,1.0,43256,M,4500600.0,354100.0,43
201100008734,11,9,19,1600,1,1,1,1.0,6.0,43245,M,0.0,0.0,43
201100008735,11,9,23,1400,1,1,1,1.0,6.0,43220,M,4492700.0,358400.0,43
201100008736,11,1,11,745,1,1,1,2.0,1.0,43194,M,4507000.0,403800.0,43
201100008737,11,1,20,1715,1,1,1,4.0,7.0,43200,M,4504100.0,409800.0,43
201100008738,11,4,4,1430,1,1,1,1.0,7.0,43218,M,4506100.0,406200.0,43
201100008739,11,4,20,1845,1,2,1,1.0,3.0,43190,M,4505800.0,397100.0,43
201100008740,11,4,30,1730,1,1,1,1.0,1.0,43150,M,4509800.0,405700.0,43
201100008741,11,5,8,1345,1,1,1,1.0,7.0,43200,M,4504000.0,409800.0,43
201100008742,11,5,21,1500,1,1,1,2.0,6.0,43200,M,4502700.0,405700.0,43
201100008743,11,6,25,1500,1,1,1,1.0,1.0,43190,M,4506000.0,396100.0,43
201100008744,11,7,25,215,3,1,1,2.0,7.0,43194,M,4507300.0,404200.0,43
201100008745,11,9,13,645,1,1,1,1.0,6.0,43190,M,4503800.0,394000.0,43
201100008746,11,11,11,1630,1,1,1,1.0,7.0,43150,M,4509800.0,405499.0,43
201100008747,11,11,19,1630,1,1,1,1.0,5.0,43218,M,4506800.0,402100.0,43
201100008748,11,11,23,1730,1,1,1,1.0,7.0,43190,M,4504400.0,399500.0,43
201100008749,11,11,26,1030,1,1,1,5.0,7.0,43150,M,4511100.0,407400.0,43
201100008750,11,3,12,1515,1,1,1,1.0,7.0,43189,M,4529400.0,388800.0,43
201100008751,11,4,2,1330,1,1,1,1.0,7.0,43026,M,4521500.0,381800.0,43
201100008752,11,6,10,1745,1,1,1,2.0,6.0,43108,M,4530900.0,378300.0,43
201100008753,11,7,20,730,1,1,1,2.0,6.0,43138,M,4521300.0,371300.0,43
201100008754,11,8,15,1200,1,1,9,1.0,1.0,43189,M,4530900.0,388000.0,43
201100008755,11,8,21,1,5,1,1,1.0,6.0,43043,M,0.0,0.0,43
201100008756,11,9,18,845,2,2,2,2.0,3.0,43080,M,4535000.0,386300.0,43
201100008757,11,9,24,1630,1,1,1,1.0,1.0,43080,M,4532500.0,386300.0,43
201100008758,11,10,11,1830,1,1,1,1.0,1.0,43152,M,4505500.0,387100.0,43
201100008759,11,10,19,1915,3,1,1,2.0,1.0,43026,M,0.0,0.0,43
201100008760,11,10,25,300,3,1,1,2.0,7.0,43216,M,4510700.0,381200.0,43
201100008761,11,11,19,1315,1,2,1,1.0,7.0,43216,M,0.0,0.0,43
201100008762,11,1,6,1145,2,2,9,8.0,6.0,43040,M,4529600.0,338500.0,43
201100008763,11,2,5,1445,1,1,1,1.0,1.0,43117,M,0.0,0.0,43
201100008764,11,2,14,900,1,2,1,2.0,6.0,43040,M,4530400.0,339500.0,43
201100008765,11,3,19,1015,1,2,1,1.0,6.0,43262,M,4527000.0,340300.0,43
201100008766,11,5,27,1400,1,1,1,1.0,2.0,43207,M,4528800.0,335800.0,43
201100008767,11,5,30,1915,1,1,4,1.0,3.0,43110,M,4531600.0,342100.0,43
201100008768,11,6,30,1515,1,2,1,1.0,6.0,43110,M,4531800.0,342800.0,43
201100008769,11,7,21,1600,1,2,1,1.0,6.0,43040,M,4529300.0,338200.0,43
201100008770,11,10,17,1815,1,2,1,1.0,6.0,43040,M,4530000.0,338200.0,43
201100008771,11,10,23,1300,1,1,1,1.0,1.0,43074,M,4536200.0,331700.0,43
201100008772,11,4,16,1200,1,1,1,1.0,7.0,43048,M,4533500.0,370000.0,43
201100008773,11,8,26,1915,1,1,1,2.0,6.0,43064,M,4539600.0,346500.0,43
201100008774,11,11,12,1915,3,1,1,1.0,1.0,43128,M,4534800.0,371700.0,43
201100008775,11,4,15,1045,1,1,1,1.0,7.0,43151,M,4504900.0,343100.0,43
201100008776,11,5,19,1615,1,1,1,1.0,1.0,43132,M,4512400.0,349700.0,43
201100008777,11,6,14,1715,1,1,1,1.0,3.0,43132,M,4511100.0,352300.0,43
201100008778,11,10,12,1515,1,1,1,1.0,7.0,43065,M,0.0,0.0,43
201100008779,11,11,25,2015,3,1,1,1.0,6.0,43149,M,0.0,0.0,43
201100008780,11,1,23,2015,3,1,1,9.0,3.0,43183,M,4514100.0,361100.0,43
201100008781,11,7,30,1515,1,1,1,1.0,5.0,43232,M,4520900.0,350100.0,43
201100008782,11,8,5,2215,5,2,1,1.0,7.0,43100,M,4527500.0,348900.0,43
201100008783,11,9,16,1415,1,1,2,1.0,3.0,43073,M,4534400.0,360900.0,43
201100008784,11,11,11,1230,1,1,1,1.0,6.0,43118,M,4515200.0,338000.0,43
201100008785,11,1,3,1930,5,1,1,1.0,5.0,43258,M,4539100.0,332400.0,43
201100008786,11,1,8,2030,5,2,1,1.0,6.0,43185,M,4540600.0,332700.0,43
201100008787,11,3,24,2330,3,1,1,1.0,7.0,43258,M,0.0,0.0,43
201100008788,11,4,2,1815,1,2,9,7.0,3.0,43185,M,4540400.0,332300.0,43
201100008789,11,4,8,945,1,2,1,7.0,2.0,43185,M,4541100.0,332500.0,43
201100008790,11,6,26,1645,1,1,1,7.0,6.0,43247,M,4535100.0,321600.0,43
201100008791,11,7,17,700,2,2,8,3.0,1.0,43185,M,4540200.0,332800.0,43
201100008792,11,7,28,1430,1,1,9,1.0,3.0,43170,M,4527300.0,330100.0,43
201100008793,11,12,2,1030,2,2,1,1.0,6.0,43170,M,0.0,0.0,43
201100008794,11,12,6,1845,5,2,1,2.0,6.0,43038,M,0.0,0.0,43
201100008795,11,1,15,1815,5,2,1,1.0,6.0,43268,M,4514800.0,411200.0,43
201100008796,11,2,9,1545,1,2,1,1.0,6.0,43268,M,4514900.0,412399.0,43
201100008797,11,2,24,1530,1,1,2,1.0,3.0,43007,M,4504300.0,417300.0,43
201100008798,11,4,9,1815,1,1,1,1.0,2.0,43102,M,4520700.0,419600.0,43
201100008799,11,6,3,2130,5,1,1,3.0,6.0,43025,M,4527500.0,411500.0,43
201100008800,11,7,4,1530,1,1,1,1.0,6.0,43268,M,4515300.0,411800.0,43
201100008801,11,7,10,1600,1,1,1,1.0,7.0,43268,M,4515500.0,409700.0,43
201100008802,11,7,18,1500,1,1,1,1.0,6.0,43203,M,4515900.0,403500.0,43
201100008803,11,7,30,530,5,2,1,1.0,6.0,43268,M,4514900.0,411700.0,43
201100008804,11,8,6,1030,1,1,1,1.0,3.0,43166,M,0.0,0.0,43
201100008805,11,8,26,2200,5,2,1,1.0,6.0,43162,M,4520800.0,403500.0,43
201100008806,11,10,1,1245,1,1,1,1.0,1.0,43025,M,4526800.0,409400.0,43
201100008807,11,1,17,800,2,2,1,4.0,6.0,43137,M,4529800.0,417600.0,43
201100008808,11,1,23,1415,1,1,1,1.0,6.0,43020,M,4529900.0,413999.0,43
201100008809,11,1,30,215,3,1,1,1.0,3.0,43249,M,0.0,0.0,43
201100008810,11,2,8,1915,3,1,1,1.0,6.0,43058,M,0.0,0.0,43
201100008811,11,2,28,1215,1,2,9,1.0,3.0,43211,M,0.0,0.0,43
201100008812,11,3,12,115,5,2,1,1.0,6.0,43012,M,4537200.0,419100.0,43
201100008813,11,4,10,1715,1,1,1,1.0,6.0,43012,M,0.0,0.0,43
201100008814,11,4,16,1630,1,1,1,1.0,1.0,43137,M,0.0,0.0,43
201100008815,11,5,12,1615,1,2,1,1.0,3.0,43137,M,0.0,0.0,43
201100008816,11,5,24,1130,1,2,1,1.0,1.0,43137,M,0.0,0.0,43
201100008817,11,5,27,1145,1,1,1,1.0,6.0,43034,M,4531900.0,397300.0,43
201100008818,11,6,3,1500,1,1,3,1.0,3.0,43020,M,4531900.0,411599.0,43
201100008819,11,6,3,1830,1,2,1,1.0,1.0,43137,M,4529800.0,418300.0,43
201100008820,11,6,26,1215,1,1,1,1.0,1.0,43012,M,0.0,0.0,43
201100008821,11,6,29,1515,1,2,1,1.0,6.0,43012,M,0.0,0.0,43
201100008822,11,7,6,1400,1,2,1,1.0,6.0,43137,M,0.0,0.0,43
201100008823,11,9,2,1745,1,1,1,1.0,7.0,43137,M,0.0,0.0,43
201100008824,11,10,2,1815,2,1,1,1.0,1.0,43212,M,0.0,0.0,43
201100008825,11,10,9,715,2,1,1,2.0,6.0,43137,M,4526800.0,415400.0,43
201100008826,11,10,9,1845,3,1,1,2.0,6.0,43137,M,0.0,0.0,43
201100008827,11,11,9,1715,2,1,1,1.0,3.0,43249,M,0.0,0.0,43
201100008828,11,11,19,1330,1,1,1,2.0,1.0,43212,M,0.0,0.0,43
201100008829,11,12,15,1500,1,1,1,3.0,6.0,43212,M,0.0,0.0,43
201100008830,11,3,13,2245,3,1,1,2.0,1.0,43224,M,0.0,0.0,43
201100008831,11,5,15,1145,1,2,1,1.0,7.0,43224,M,4524900.0,425200.0,43
201100008832,11,6,16,1830,1,1,1,2.0,7.0,43184,M,4535900.0,425100.0,43
201100008833,11,7,3,600,2,1,1,1.0,7.0,43205,M,4535100.0,431900.0,43
201100008834,11,9,8,800,2,1,1,7.0,1.0,43177,M,0.0,0.0,43
201100008835,11,10,1,615,5,2,1,1.0,6.0,43224,M,0.0,0.0,43
201100008836,11,10,19,1315,1,1,1,2.0,1.0,43223,M,0.0,0.0,43
201100008837,11,11,2,1045,1,1,1,2.0,1.0,43223,M,0.0,0.0,43
201100008838,11,11,5,1500,1,1,1,2.0,7.0,43205,M,4535700.0,431700.0,43
201100008839,11,11,30,1145,1,1,1,1.0,2.0,43153,M,0.0,0.0,43
201100008840,11,12,22,1930,3,1,1,2.0,1.0,43224,M,0.0,0.0,43