Num_Acc,an,mois,jour,hrmn,lum,agg,int,atm,col,com,gps,lat,long,dep
201100008841,11,3,6,530,3,1,1,1.0,6.0,43087,M,4521800.0,434700.0,43
201100008842,11,3,21,215,3,1,1,1.0,7.0,43163,M,4525600.0,445200.0,43
201100008843,11,5,26,1700,1,1,1,1.0,3.0,43142,M,4517800.0,435100.0,43
201100008844,11,5,29,700,2,1,1,1.0,6.0,43114,M,4517400.0,422100.0,43
201100008845,11,7,11,1430,1,1,1,1.0,3.0,43051,M,0.0,0.0,43
201100008846,11,8,1,745,1,1,1,1.0,1.0,43159,M,4520600.0,429500.0,43
201100008847,11,8,3,1515,1,2,1,1.0,3.0,43244,M,4511500.0,429600.0,43
201100008848,11,8,5,1445,1,2,1,1.0,6.0,43244,M,4512000.0,431300.0,43
201100008849,11,8,14,1545,1,1,1,2.0,6.0,43087,M,4519900.0,432000.0,43
201100008850,11,8,28,1730,1,2,4,1.0,1.0,43087,M,4522400.0,434800.0,43
201100008851,11,9,13,1045,1,1,1,1.0,1.0,43130,M,0.0,0.0,43
201100008852,11,10,11,1515,1,1,1,1.0,3.0,43163,M,4524700.0,438100.0,43
201100008853,11,10,23,530,3,1,1,9.0,6.0,43087,M,4520800.0,431700.0,43
201100008854,11,12,5,1645,1,1,1,1.0,7.0,43142,M,4515300.0,438800.0,43
201100008855,11,12,14,1745,3,1,1,8.0,6.0,43087,M,4519800.0,434400.0,43
201100008856,11,12,17,1000,1,1,1,4.0,6.0,43051,M,4505300.0,427100.0,43
201100008857,11,1,10,1210,1,2,2,1.0,6.0,03185,M,,,03
201100008858,11,2,10,1940,5,2,3,1.0,1.0,03185,M,,,03
201100008859,11,2,18,745,1,2,6,1.0,3.0,03185,M,,,03
201100008860,11,3,20,1630,1,2,1,1.0,3.0,03185,M,,,03
201100008861,11,3,27,720,2,2,4,1.0,6.0,03185,M,,,03
201100008862,11,4,2,1815,1,2,1,1.0,6.0,03262,M,,,03
201100008863,11,4,16,1300,1,1,1,1.0,2.0,03101,M,,,03
201100008864,11,5,13,2135,5,2,1,1.0,6.0,03185,M,,,03
201100008865,11,5,21,1825,1,1,1,1.0,7.0,03101,M,,,03
201100008866,11,5,25,1630,1,2,1,1.0,6.0,03185,M,,,03
201100008867,11,6,10,410,5,2,1,2.0,6.0,03185,M,,,03
201100008868,11,6,11,910,1,2,1,1.0,7.0,03185,M,,,03
201100008869,11,6,13,720,1,1,1,1.0,7.0,03101,M,,,03
201100008870,11,6,26,1528,1,2,1,1.0,6.0,03185,M,,,03
201100008871,11,6,30,1850,1,2,3,1.0,3.0,03185,M,,,03
201100008872,11,8,5,1340,1,2,1,1.0,6.0,03101,M,,,03
201100008873,11,8,10,805,1,2,1,1.0,2.0,03185,M,,,03
201100008874,11,8,15,2105,5,2,1,1.0,1.0,03101,M,,,03
201100008875,11,9,5,1520,1,2,1,1.0,6.0,03098,M,,,03
201100008876,11,9,8,840,1,2,1,1.0,7.0,03185,M,,,03
201100008877,11,10,8,45,5,2,2,1.0,3.0,03185,M,,,03
201100008878,11,10,12,1220,1,2,1,1.0,6.0,03185,M,,,03
201100008879,11,11,3,2320,5,2,1,2.0,6.0,03211,M,,,03
201100008880,11,11,11,2100,5,2,1,1.0,6.0,03185,M,,,03
201100008881,11,12,2,2010,5,2,5,8.0,1.0,03190,M,,,03
201100008882,11,1,12,745,2,2,6,1.0,6.0,03190,M,,,03
201100008883,11,1,21,1655,1,2,1,1.0,3.0,03190,M,,,03
201100008884,11,3,28,1340,1,1,1,8.0,1.0,03321,M,,,03
201100008885,11,6,8,1200,1,2,1,8.0,6.0,03190,M,,,03
201100008886,11,5,26,950,1,2,4,2.0,3.0,03190,M,,,03
201100008887,11,8,8,935,1,1,1,1.0,1.0,03013,M,,,03
201100008888,11,11,4,1610,1,2,3,2.0,6.0,03190,M,,,03
201100008889,11,11,25,1635,1,2,3,1.0,7.0,03321,M,,,03
201100008890,11,5,29,1530,1,2,1,1.0,3.0,57481,M,4921611.0,601749.0,57
201100008891,11,6,20,1830,1,2,1,1.0,4.0,57620,M,0.0,0.0,57
201100008892,11,6,21,1745,1,2,1,1.0,6.0,57634,M,0.0,0.0,57
201100008893,11,7,26,1230,1,1,1,1.0,7.0,57707,M,0.0,0.0,57
201100008894,11,7,29,1515,1,2,1,1.0,2.0,57620,M,0.0,0.0,57
201100008895,11,11,9,1715,3,1,1,8.0,1.0,57481,M,0.0,0.0,57
201100008896,11,12,26,1730,3,1,4,2.0,3.0,57620,M,0.0,0.0,57
201100008897,11,5,5,1030,1,1,9,1.0,3.0,57021,M,0.0,0.0,57
201100008898,11,8,22,945,1,1,1,1.0,7.0,57445,M,0.0,0.0,57
201100008899,11,12,31,1800,5,2,6,1.0,2.0,57663,M,0.0,0.0,57
201100008900,11,1,26,1930,3,1,9,8.0,1.0,57443,M,4920904.0,612798.0,57
201100008901,11,4,28,2000,1,2,1,1.0,6.0,57433,M,4920927.0,616249.0,57
201100008902,11,5,8,1200,1,1,6,1.0,6.0,57443,M,0.0,0.0,57
201100008903,11,6,4,2330,5,2,1,1.0,1.0,57433,M,0.0,0.0,57
201100008904,11,6,24,1800,1,2,1,1.0,7.0,57443,M,4920955.0,612257.0,57
201100008905,11,7,2,1630,1,2,1,1.0,1.0,57663,M,0.0,0.0,57
201100008906,11,7,9,2130,2,2,1,1.0,1.0,57443,M,0.0,0.0,57
201100008907,11,8,21,1215,1,2,1,1.0,1.0,57443,M,0.0,0.0,57
201100008908,11,9,9,1715,1,2,1,1.0,2.0,57433,M,0.0,0.0,57
201100008909,11,11,3,1445,1,1,1,2.0,6.0,57111,M,0.0,0.0,57
201100008910,11,12,17,115,3,1,1,6.0,1.0,57433,M,0.0,0.0,57
201100008911,11,2,21,930,1,2,9,2.0,1.0,57652,M,4899300.0,616800.0,57
201100008912,11,4,7,230,5,2,1,1.0,6.0,57351,M,0.0,0.0,57
201100008913,11,4,25,1315,1,2,1,1.0,3.0,57708,M,0.0,0.0,57
201100008914,11,5,19,1030,1,1,1,1.0,5.0,57422,M,0.0,0.0,57
201100008915,11,5,28,1645,1,1,1,1.0,1.0,57162,M,0.0,0.0,57
201100008916,11,6,18,1245,1,1,1,1.0,7.0,57652,M,0.0,0.0,57
201100008917,11,6,27,1730,1,2,1,1.0,2.0,57534,M,0.0,0.0,57
201100008918,11,7,8,1730,1,1,1,1.0,7.0,57708,M,0.0,0.0,57
201100008919,11,8,22,1745,1,1,1,1.0,2.0,57218,M,0.0,0.0,57
201100008920,11,9,22,1530,1,1,1,1.0,3.0,57572,M,0.0,0.0,57
201100008921,11,10,12,1630,1,1,1,1.0,7.0,57251,M,0.0,0.0,57
201100008922,11,10,14,845,1,1,1,1.0,1.0,57554,M,0.0,0.0,57
201100008923,11,10,18,1245,1,1,1,1.0,1.0,57162,M,0.0,0.0,57
201100008924,11,11,12,545,5,2,1,1.0,6.0,57656,M,0.0,0.0,57
201100008925,11,11,8,1200,1,2,1,1.0,6.0,57572,M,0.0,0.0,57
201100008926,11,11,20,645,3,2,1,1.0,7.0,57605,M,0.0,0.0,57
201100008927,11,12,10,1530,1,1,3,1.0,5.0,57055,M,0.0,0.0,57
201100008928,11,4,15,415,3,1,1,1.0,5.0,57249,M,0.0,0.0,57
201100008929,11,5,16,845,1,1,1,1.0,6.0,57716,M,0.0,0.0,57
201100008930,11,6,27,1315,1,1,1,1.0,7.0,57533,M,0.0,0.0,57
201100008931,11,8,17,830,1,1,2,1.0,3.0,57736,M,0.0,0.0,57
201100008932,11,10,11,1700,1,1,3,8.0,3.0,57736,M,0.0,0.0,57
201100008933,11,11,9,1615,2,1,1,2.0,7.0,57612,M,0.0,0.0,57
201100008934,11,12,2,1845,3,1,1,2.0,3.0,57043,M,0.0,0.0,57
201100008935,11,12,16,1100,1,1,1,6.0,6.0,57563,M,0.0,0.0,57
201100008936,11,2,13,2330,5,2,1,1.0,6.0,57106,M,0.0,0.0,57
201100008937,11,3,8,2015,3,1,1,1.0,6.0,57097,M,0.0,0.0,57
201100008938,11,3,20,1515,1,1,1,1.0,3.0,57187,M,0.0,0.0,57
201100008939,11,4,3,1915,1,2,1,1.0,3.0,57106,M,0.0,0.0,57
201100008940,11,1,2,1100,1,2,1,1.0,6.0,57123,M,4917000.0,671000.0,57
201100008941,11,1,25,2045,3,1,1,2.0,6.0,57160,M,0.0,0.0,57
201100008942,11,1,27,615,3,1,1,1.0,1.0,57160,M,4918584.0,671123.0,57
201100008943,11,3,27,1015,1,2,1,1.0,6.0,57160,M,0.0,0.0,57
201100008944,11,4,10,1600,1,2,1,1.0,2.0,57160,M,0.0,0.0,57
201100008945,11,4,12,400,3,1,1,1.0,7.0,57765,M,0.0,0.0,57
201100008946,11,5,25,1600,1,2,1,1.0,3.0,57160,M,0.0,0.0,57
201100008947,11,6,4,530,1,1,1,1.0,1.0,57160,M,0.0,0.0,57
201100008948,11,8,1,1830,1,1,1,1.0,6.0,57160,M,4918107.0,671371.0,57
201100008949,11,12,4,1730,5,2,1,1.0,6.0,57160,M,4920197.0,669300.0,57
201100008950,11,5,8,415,3,1,1,1.0,6.0,57276,M,0.0,0.0,57
201100008951,11,5,18,1545,1,1,1,1.0,1.0,57413,M,0.0,0.0,57
201100008952,11,6,16,1515,1,1,1,1.0,5.0,57507,M,0.0,0.0,57
201100008953,11,7,13,1315,1,1,1,2.0,1.0,57444,M,0.0,0.0,57
201100008954,11,9,19,1830,1,1,6,1.0,3.0,57413,M,0.0,0.0,57
201100008955,11,10,6,830,1,2,1,1.0,1.0,57413,M,0.0,0.0,57
201100008956,11,11,20,845,1,2,1,1.0,6.0,57159,M,4907148.0,658233.0,57
201100008957,11,2,11,1430,1,1,1,1.0,7.0,57625,M,0.0,0.0,57
201100008958,11,3,27,1500,1,1,1,1.0,7.0,57490,M,0.0,0.0,57
201100008959,11,4,10,2145,3,1,1,1.0,6.0,57395,M,0.0,0.0,57
201100008960,11,6,3,945,1,1,4,1.0,3.0,57132,M,0.0,0.0,57
201100008961,11,6,10,1045,1,1,1,1.0,6.0,57391,M,0.0,0.0,57
201100008962,11,7,23,315,3,2,1,2.0,6.0,57290,M,4883395.0,658009.0,57
201100008963,11,8,31,1730,1,1,1,1.0,5.0,57702,M,0.0,0.0,57
201100008964,11,10,10,1400,1,1,4,8.0,1.0,57625,M,0.0,0.0,57
201100008965,11,11,10,1645,2,1,1,1.0,1.0,57712,M,0.0,0.0,57
201100008966,11,12,30,715,2,1,1,8.0,6.0,57712,M,0.0,0.0,57
201100008967,11,12,2,545,3,1,1,1.0,3.0,57189,M,0.0,0.0,57
201100008968,11,5,9,1415,1,2,1,1.0,1.0,57058,M,4917247.0,693430.0,57
201100008969,11,8,18,1900,1,1,1,1.0,6.0,57222,M,0.0,0.0,57
201100008970,11,11,2,1745,2,1,1,1.0,3.0,57665,M,0.0,0.0,57
201100008971,11,3,21,1930,2,1,1,1.0,1.0,57122,M,0.0,0.0,57
201100008972,11,10,8,400,5,2,1,2.0,6.0,57073,M,0.0,0.0,57
201100008973,11,12,3,300,4,1,1,1.0,6.0,57316,M,0.0,0.0,57
201100008974,11,1,16,930,1,1,1,9.0,7.0,57297,M,0.0,0.0,57
201100008975,11,2,18,1915,3,1,1,1.0,2.0,57483,M,0.0,0.0,57
201100008976,11,9,12,2015,4,1,1,1.0,2.0,57706,M,0.0,0.0,57
201100008977,11,10,2,315,5,1,1,1.0,6.0,57053,M,4887300.0,679800.0,57
201100008978,11,10,3,815,2,1,1,5.0,6.0,57494,M,0.0,0.0,57
201100008979,11,11,14,1745,5,2,1,1.0,6.0,57232,M,0.0,0.0,57
201100008980,11,11,15,1800,3,1,1,1.0,1.0,57494,M,4892300.0,690100.0,57
201100008981,11,12,12,1145,1,2,1,1.0,6.0,57483,M,0.0,0.0,57
201100008982,11,12,23,1945,5,1,1,2.0,1.0,57177,M,0.0,0.0,57
201100008983,11,1,25,1730,5,2,1,2.0,6.0,57628,M,4900063.0,703043.0,57
201100008984,11,5,23,2000,1,1,1,1.0,7.0,57556,M,0.0,0.0,57
201100008985,11,7,23,1200,1,2,1,1.0,6.0,57628,M,0.0,0.0,57
201100008986,11,1,18,2030,3,1,1,8.0,7.0,57382,M,0.0,0.0,57
201100008987,11,2,5,645,3,1,1,1.0,1.0,57044,M,4873800.0,683900.0,57
201100008988,11,4,22,1630,1,1,1,1.0,6.0,57623,M,0.0,0.0,57
201100008989,11,8,4,1630,1,1,1,1.0,1.0,57175,M,0.0,0.0,57
201100008990,11,8,4,1600,1,1,1,1.0,6.0,57003,M,0.0,0.0,57
201100008991,11,11,5,945,1,1,1,1.0,1.0,57342,M,4864600.0,691000.0,57
201100008992,11,11,12,1800,3,1,1,1.0,1.0,57044,M,0.0,0.0,57
201100008993,11,2,1,1915,5,2,9,1.0,6.0,57210,M,0.0,0.0,57
201100008994,11,4,26,1600,1,1,1,1.0,6.0,57163,M,0.0,0.0,57
201100008995,11,4,29,1230,1,1,1,1.0,6.0,57761,M,0.0,0.0,57
201100008996,11,6,11,930,1,1,3,1.0,3.0,57244,M,0.0,0.0,57
201100008997,11,8,24,1000,1,2,3,1.0,3.0,57180,M,0.0,0.0,57
201100008998,11,8,25,900,1,1,1,1.0,7.0,57614,M,0.0,0.0,57
201100008999,11,8,25,1615,1,1,1,1.0,1.0,57742,M,0.0,0.0,57
201100009000,11,8,28,545,3,1,1,1.0,6.0,57743,M,0.0,0.0,57
201100009001,11,9,4,715,1,2,1,1.0,1.0,57163,M,0.0,0.0,57
201100009002,11,9,16,1145,1,2,1,1.0,3.0,57540,M,4876816.0,725688.0,57
201100009003,11,10,2,200,5,2,1,1.0,6.0,57742,M,4867322.0,713999.0,57
201100009004,11,10,2,500,5,2,1,1.0,6.0,57066,M,0.0,0.0,57
201100009005,11,11,19,700,5,2,1,5.0,7.0,57168,M,0.0,0.0,57
201100009006,11,1,8,630,3,1,1,2.0,1.0,57584,M,0.0,0.0,57
201100009007,11,1,27,1845,5,2,1,8.0,6.0,57260,M,0.0,0.0,57
201100009008,11,1,30,1845,3,1,1,1.0,1.0,57752,M,4909200.0,703500.0,57
201100009009,11,5,26,815,1,1,1,1.0,1.0,57355,M,0.0,0.0,57
201100009010,11,6,6,1445,1,1,1,1.0,7.0,57651,M,0.0,0.0,57
201100009011,11,7,11,1600,1,1,1,1.0,6.0,57631,M,0.0,0.0,57
201100009012,11,9,4,1345,1,1,1,1.0,1.0,57750,M,0.0,0.0,57
201100009013,11,10,9,445,3,1,1,8.0,1.0,57752,M,0.0,0.0,57
201100009014,11,11,17,1100,1,1,1,1.0,1.0,57535,M,0.0,0.0,57
201100009015,11,11,28,1815,5,2,1,2.0,6.0,57598,M,0.0,0.0,57
201100009016,11,1,14,1730,2,1,1,1.0,4.0,57513,M,0.0,0.0,57
201100009017,11,4,15,745,1,1,1,1.0,5.0,57732,M,0.0,0.0,57
201100009018,11,4,16,2345,3,1,1,1.0,6.0,57661,M,0.0,0.0,57
201100009019,11,7,12,2015,1,2,1,2.0,6.0,57541,M,0.0,0.0,57
201100009020,11,8,12,1000,1,1,1,1.0,5.0,57641,M,0.0,0.0,57
201100009021,11,9,25,15,3,1,1,1.0,7.0,57541,M,0.0,0.0,57
201100009022,11,6,7,730,1,1,1,1.0,1.0,57242,M,0.0,0.0,57
201100009023,11,7,5,1715,1,2,1,1.0,1.0,57206,M,4930214.0,610863.0,57
201100009024,11,7,6,1900,1,2,6,1.0,1.0,57206,M,0.0,0.0,57
201100009025,11,8,5,1530,1,2,1,3.0,1.0,57206,M,4930389.0,610370.0,57
201100009026,11,8,20,1500,1,1,1,1.0,2.0,57492,M,0.0,0.0,57
201100009027,11,10,9,730,1,1,1,9.0,7.0,57206,M,0.0,0.0,57
201100009028,11,11,4,945,1,2,1,7.0,3.0,57206,M,0.0,0.0,57
201100009029,11,2,9,1015,1,1,2,8.0,3.0,57465,M,0.0,0.0,57
201100009030,11,3,24,1645,1,1,1,1.0,4.0,57269,M,0.0,0.0,57
201100009031,11,4,8,1415,1,1,1,1.0,1.0,57465,M,0.0,0.0,57
201100009032,11,4,8,1500,1,1,1,7.0,3.0,57370,M,0.0,0.0,57
201100009033,11,4,10,1730,3,1,1,1.0,6.0,57465,M,0.0,0.0,57
201100009034,11,4,27,1245,1,2,1,2.0,3.0,57370,M,0.0,0.0,57
201100009035,11,6,18,1600,2,2,1,2.0,7.0,57179,M,0.0,0.0,57
201100009036,11,7,26,645,1,1,2,1.0,1.0,57343,M,0.0,0.0,57
201100009037,11,10,1,1500,1,1,3,1.0,3.0,57345,M,0.0,0.0,57
201100009038,11,10,10,930,1,1,1,8.0,1.0,57370,M,0.0,0.0,57
201100009039,11,10,18,615,3,1,1,1.0,1.0,57370,M,0.0,0.0,57
201100009040,11,11,24,545,3,1,1,5.0,6.0,57072,M,0.0,0.0,57
201100009041,11,1,4,1730,5,2,1,8.0,6.0,57650,M,0.0,0.0,57
201100009042,11,3,13,715,1,1,1,2.0,6.0,57361,M,0.0,0.0,57
201100009043,11,3,27,1430,1,1,1,1.0,7.0,57576,M,0.0,0.0,57
201100009044,11,4,1,1545,1,1,1,1.0,1.0,57479,M,0.0,0.0,57
201100009045,11,5,30,1200,1,2,9,1.0,6.0,57576,M,4944616.0,634326.0,57
201100009046,11,6,4,1500,1,1,1,1.0,1.0,57650,M,0.0,0.0,57
201100009047,11,6,24,1530,1,1,3,1.0,3.0,57361,M,0.0,0.0,57
201100009048,11,7,24,1000,1,1,1,2.0,7.0,57286,M,0.0,0.0,57
201100009049,11,10,12,745,5,2,1,1.0,6.0,57650,M,0.0,0.0,57
201100009050,11,2,9,2030,5,2,1,9.0,6.0,57683,M,0.0,0.0,57
201100009051,11,3,26,200,5,2,1,1.0,6.0,57474,M,4925844.0,615652.0,57
201100009052,11,4,10,1915,1,1,1,1.0,1.0,57582,M,0.0,0.0,57
201100009053,11,9,4,1200,1,1,6,1.0,7.0,57474,M,0.0,0.0,57
201100009054,11,9,28,2015,3,1,1,1.0,1.0,57582,M,0.0,0.0,57
201100009055,11,10,13,1430,1,2,1,1.0,6.0,57683,M,0.0,0.0,57
201100009056,11,11,26,2030,5,2,1,1.0,6.0,57474,M,0.0,0.0,57
201100009057,11,2,1,715,1,1,1,1.0,6.0,54027,M,4888890.0,608943.0,54
201100009058,11,4,2,1645,1,1,1,1.0,6.0,54157,M,4882122.0,605415.0,54
201100009059,11,6,5,1745,1,1,1,1.0,3.0,54024,M,4884600.0,628400.0,54
201100009060,11,7,15,1815,1,1,1,1.0,3.0,54027,M,4889600.0,607400.0,54
201100009061,11,8,28,1245,1,1,1,1.0,6.0,54312,M,4892600.0,609200.0,54
201100009062,11,10,16,1,3,1,1,1.0,6.0,54059,M,4836200.0,629000.0,54
201100009063,11,3,1,1830,2,1,1,1.0,6.0,54006,M,4872062.0,624080.0,54
201100009064,11,3,28,1330,1,1,2,1.0,3.0,54462,M,4859696.0,634227.0,54
201100009065,11,4,3,600,3,1,1,1.0,6.0,54345,M,4860556.0,625686.0,54
201100009066,11,6,25,1430,1,2,1,1.0,6.0,54510,M,4875100.0,641700.0,54
201100009067,11,9,15,1400,1,2,1,1.0,2.0,54468,M,4855000.0,630000.0,54
201100009068,11,10,1,615,5,2,1,5.0,6.0,54113,M,0.0,0.0,54
201100009069,11,11,5,730,1,1,1,9.0,7.0,54462,M,4859500.0,636600.0,54
201100009070,11,11,25,2030,3,1,1,2.0,1.0,54113,M,0.0,0.0,54
201100009071,11,11,28,845,1,1,1,1.0,2.0,54113,M,4874200.0,631800.0,54
201100009072,11,12,6,1130,3,1,1,2.0,2.0,54462,M,4859000.0,634300.0,54
201100009073,11,1,8,1045,1,2,6,1.0,2.0,54150,M,4878825.0,614405.0,54
201100009074,11,1,14,1900,5,2,4,1.0,3.0,54215,M,4875669.0,613892.0,54
201100009075,11,1,16,1845,3,1,1,1.0,6.0,54351,M,4879534.0,607635.0,54
201100009076,11,2,12,915,1,2,1,1.0,3.0,54115,M,4873676.0,616339.0,54
201100009077,11,4,1,1315,1,2,1,1.0,2.0,54215,M,4875892.0,613447.0,54
201100009078,11,4,12,1345,1,2,1,1.0,3.0,54115,M,4873998.0,615856.0,54
201100009079,11,4,29,2145,3,1,1,2.0,7.0,54351,M,4879830.0,610746.0,54
201100009080,11,5,6,2030,1,1,1,1.0,7.0,54150,M,4879901.0,615506.0,54
201100009081,11,5,28,1630,1,1,1,1.0,7.0,54305,M,4874080.0,618645.0,54
201100009082,11,5,30,1400,1,2,1,1.0,6.0,54115,M,4874000.0,616300.0,54
201100009083,11,6,2,1930,1,2,1,1.0,7.0,54430,M,0.0,0.0,54
201100009084,11,7,31,1445,1,1,1,1.0,7.0,54115,M,0.0,0.0,54
201100009085,11,8,18,345,4,2,1,1.0,1.0,54150,M,4879300.0,615400.0,54
201100009086,11,9,26,815,1,2,1,1.0,2.0,54090,M,4875400.0,616300.0,54
201100009087,11,10,24,715,2,1,9,1.0,3.0,54115,M,0.0,0.0,54
201100009088,11,11,9,1800,5,2,1,1.0,3.0,54215,M,4877700.0,614400.0,54
201100009089,11,11,27,445,5,2,1,1.0,6.0,54430,M,0.0,0.0,54
201100009090,11,11,29,1715,3,1,1,1.0,1.0,54115,M,4873900.0,615300.0,54
201100009091,11,12,18,430,5,1,1,2.0,6.0,54090,M,4874200.0,616900.0,54
201100009092,11,1,7,1215,1,1,1,3.0,6.0,54196,M,4856597.0,617624.0,54
201100009093,11,1,19,1800,4,2,1,1.0,3.0,54563,M,4848751.0,609316.0,54
201100009094,11,2,3,2230,5,2,1,1.0,6.0,54123,M,4862392.0,611449.0,54
201100009095,11,2,25,1230,1,1,2,1.0,1.0,54513,M,4845686.0,612782.0,54
201100009096,11,2,28,2030,3,1,1,1.0,3.0,54442,M,4847035.0,609340.0,54
201100009097,11,4,9,1045,1,1,3,7.0,3.0,54366,M,4860600.0,615600.0,54
201100009098,11,4,20,200,5,2,1,1.0,6.0,54111,M,4862059.0,608213.0,54
201100009099,11,4,23,1430,1,2,1,1.0,7.0,54366,M,0.0,0.0,54
201100009100,11,5,2,715,1,1,1,1.0,3.0,54366,M,4860800.0,615200.0,54
201100009101,11,5,17,1215,1,1,1,1.0,7.0,54196,M,4855446.0,622810.0,54
201100009102,11,5,25,1930,1,2,1,1.0,5.0,54364,M,4859539.0,615276.0,54
201100009103,11,6,11,1630,1,2,1,1.0,6.0,54432,M,4860487.0,610009.0,54
201100009104,11,6,17,130,3,2,9,1.0,7.0,54366,M,0.0,0.0,54
201100009105,11,6,17,745,1,1,1,1.0,6.0,54596,M,4855951.0,609142.0,54
201100009106,11,6,22,415,5,2,1,2.0,6.0,54397,M,4861554.0,611101.0,54
201100009107,11,6,26,1800,1,1,1,1.0,1.0,54505,M,4862900.0,604500.0,54
201100009108,11,7,3,245,3,1,1,1.0,6.0,54473,M,4841600.0,613500.0,54
201100009109,11,7,15,1415,1,1,1,1.0,1.0,54062,M,0.0,0.0,54
201100009110,11,8,28,1700,1,1,3,1.0,3.0,54366,M,4861800.0,611800.0,54
201100009111,11,9,7,945,1,2,1,2.0,3.0,54111,M,0.0,0.0,54
201100009112,11,9,20,1030,1,1,1,1.0,1.0,54364,M,4860800.0,615300.0,54
201100009113,11,9,25,1430,1,1,1,1.0,1.0,54437,M,4853174.0,614966.0,54
201100009114,11,9,25,1730,1,1,1,1.0,3.0,54364,M,0.0,0.0,54
201100009115,11,9,30,1215,1,1,1,1.0,6.0,54156,M,4837400.0,612500.0,54
201100009116,11,10,9,1745,2,1,2,2.0,3.0,54196,M,4856300.0,618200.0,54
201100009117,11,11,11,1815,3,1,1,1.0,3.0,54459,M,0.0,0.0,54
201100009118,11,12,3,1215,1,1,1,3.0,3.0,54062,M,4852000.0,622400.0,54
201100009119,11,3,7,1200,1,1,1,1.0,7.0,54435,M,4897300.0,595300.0,54
201100009120,11,4,10,1445,1,1,1,1.0,1.0,54579,M,4894681.0,600928.0,54
201100009121,11,6,9,745,1,1,1,1.0,1.0,54518,M,4890781.0,594005.0,54
201100009122,11,6,14,1900,1,2,1,1.0,2.0,54415,M,4898755.0,602299.0,54
201100009123,11,11,1,515,5,1,1,5.0,6.0,54182,M,4892500.0,581000.0,54
201100009124,11,1,15,400,5,1,1,1.0,2.0,03023,M,,,03
201100009125,11,1,18,1350,1,2,1,1.0,6.0,03310,M,,,03
201100009126,11,1,28,1055,1,2,6,1.0,6.0,03310,M,,,03
201100009127,11,1,31,1130,1,2,2,1.0,3.0,03310,M,,,03
201100009128,11,2,14,1650,1,2,1,2.0,6.0,03310,M,,,03
201100009129,11,2,19,310,5,2,1,1.0,6.0,03023,M,,,03
201100009130,11,2,25,1420,1,2,3,8.0,1.0,03310,M,,,03
201100009131,11,2,28,1445,1,2,1,1.0,3.0,03001,M,,,03
201100009132,11,3,13,1940,5,1,1,2.0,6.0,03094,M,,,03
201100009133,11,3,20,2100,5,2,2,1.0,3.0,03310,M,,,03
201100009134,11,3,23,1540,1,2,6,1.0,1.0,03023,M,,,03
201100009135,11,3,25,1535,1,2,4,1.0,3.0,03310,M,,,03
201100009136,11,3,27,1455,1,2,2,2.0,6.0,03023,M,,,03
201100009137,11,3,31,1120,1,2,1,1.0,6.0,03095,M,,,03
201100009138,11,4,7,940,1,2,1,1.0,7.0,03310,M,,,03
201100009139,11,4,8,2230,5,2,1,1.0,2.0,03310,M,,,03
201100009140,11,4,13,1330,1,1,1,1.0,6.0,03095,M,,,03
201100009141,11,4,17,945,1,2,1,1.0,3.0,03095,M,,,03
201100009142,11,4,24,1655,1,2,1,1.0,6.0,03310,M,,,03
201100009143,11,4,26,1945,1,2,3,1.0,3.0,03023,M,,,03
201100009144,11,5,4,1700,1,2,1,1.0,6.0,03310,M,,,03
201100009145,11,5,6,50,5,2,1,1.0,6.0,03310,M,,,03
201100009146,11,5,7,2000,1,2,1,1.0,3.0,03310,M,,,03
201100009147,11,5,17,1450,1,2,1,1.0,6.0,03310,M,,,03
201100009148,11,5,23,1930,1,1,1,1.0,7.0,03001,M,,,03
201100009149,11,5,20,1650,1,1,1,1.0,3.0,03095,M,,,03
201100009150,11,5,28,1400,1,2,1,1.0,2.0,03023,M,,,03
201100009151,11,6,4,1930,1,2,1,1.0,6.0,03095,M,,,03
201100009152,11,6,5,1830,1,2,1,1.0,3.0,03310,M,,,03
201100009153,11,6,7,1200,1,2,1,1.0,6.0,03310,M,,,03
201100009154,11,6,13,1440,1,2,1,1.0,1.0,03001,M,,,03
201100009155,11,6,22,455,2,2,1,1.0,6.0,03310,M,,,03
201100009156,11,6,25,900,1,2,6,7.0,6.0,03095,M,,,03
201100009157,11,6,26,1310,1,2,6,1.0,6.0,03095,M,,,03
201100009158,11,6,27,2355,5,2,1,1.0,6.0,03001,M,,,03
201100009159,11,6,28,1725,1,2,5,1.0,6.0,03310,M,,,03
201100009160,11,6,30,1535,1,2,2,1.0,3.0,03095,M,,,03
201100009161,11,7,3,715,1,2,1,1.0,3.0,03095,M,,,03
201100009162,11,7,4,1300,1,1,1,1.0,5.0,03094,M,,,03
201100009163,11,7,16,930,1,2,1,1.0,6.0,03095,M,,,03
201100009164,11,7,18,1630,1,1,1,2.0,7.0,03094,M,,,03
201100009165,11,7,23,1455,1,2,1,2.0,6.0,03095,M,,,03
201100009166,11,8,10,1330,1,2,3,1.0,2.0,03310,M,,,03
201100009167,11,8,23,740,1,2,1,1.0,3.0,03095,M,,,03
201100009168,11,8,25,1530,1,2,6,1.0,3.0,03023,M,,,03
201100009169,11,8,31,1615,1,2,1,1.0,6.0,03310,M,,,03
201100009170,11,10,4,2310,3,2,1,1.0,7.0,03094,M,,,03
201100009171,11,10,5,1745,1,2,3,1.0,7.0,03310,M,,,03
201100009172,11,10,8,1430,1,2,1,8.0,3.0,03310,M,,,03
201100009173,11,10,14,1435,1,2,1,1.0,6.0,03310,M,,,03
201100009174,11,11,5,1740,5,2,6,2.0,2.0,03310,M,,,03
201100009175,11,11,7,1740,2,2,1,1.0,6.0,03023,M,,,03
201100009176,11,11,8,1,5,2,1,1.0,6.0,03310,M,,,03
201100009177,11,11,14,1010,1,2,1,1.0,6.0,03095,M,,,03
201100009178,11,11,14,1400,1,2,1,1.0,3.0,03023,M,,,03