Num_Acc,an,mois,jour,hrmn,lum,agg,int,atm,col,com,gps,lat,long,dep
201100009179,11,11,20,1755,5,2,1,1.0,1.0,03095,M,,,03
201100009180,11,11,10,1345,1,2,1,1.0,2.0,03023,M,,,03
201100009181,11,12,3,2215,5,2,4,3.0,3.0,03310,M,,,03
201100009182,11,12,11,1800,5,2,3,1.0,3.0,03310,M,,,03
201100009183,11,12,13,1715,5,2,1,1.0,6.0,03095,M,,,03
201100009184,11,12,20,1030,1,2,1,2.0,6.0,03310,M,,,03
201100009185,11,12,21,1745,5,2,1,2.0,6.0,03310,M,,,03
201100009186,11,2,8,1845,3,1,1,1.0,5.0,54581,M,4911622.0,588352.0,54
201100009187,11,2,5,800,2,1,1,8.0,7.0,54581,M,4912566.0,586144.0,54
201100009188,11,4,23,1900,1,1,1,1.0,7.0,54353,M,4911128.0,590410.0,54
201100009189,11,5,29,900,1,1,1,1.0,7.0,54103,M,4912075.0,592860.0,54
201100009190,11,6,11,1045,1,1,3,1.0,1.0,54283,M,4915942.0,595082.0,54
201100009191,11,9,11,1000,3,1,1,1.0,7.0,54171,M,4914000.0,592100.0,54
201100009192,11,9,21,1745,1,1,1,1.0,1.0,54277,M,4916800.0,580500.0,54
201100009193,11,3,7,1100,1,1,1,1.0,3.0,54533,M,4933307.0,591526.0,54
201100009194,11,3,15,1630,1,1,3,1.0,2.0,54362,M,4940318.0,574282.0,54
201100009195,11,4,3,415,3,2,1,1.0,6.0,54337,M,4935500.0,586700.0,54
201100009196,11,4,22,2115,3,1,1,1.0,7.0,54337,M,4935998.0,587801.0,54
201100009197,11,4,29,1645,1,1,1,1.0,1.0,54018,M,4928586.0,586235.0,54
201100009198,11,5,27,1445,1,1,1,1.0,1.0,54533,M,4933420.0,591462.0,54
201100009199,11,6,20,430,5,2,1,2.0,6.0,54029,M,4936838.0,589210.0,54
201100009200,11,8,20,1445,1,2,1,1.0,1.0,54342,M,4928900.0,589400.0,54
201100009201,11,11,27,1645,2,2,1,2.0,6.0,54598,M,4935900.0,576700.0,54
201100009202,11,2,20,1,5,2,1,1.0,6.0,54335,M,4864430.0,643896.0,54
201100009203,11,2,22,700,2,1,1,1.0,5.0,54588,M,4859331.0,640280.0,54
201100009204,11,3,24,2130,5,2,1,1.0,6.0,54509,M,4863179.0,637464.0,54
201100009205,11,3,28,1745,1,1,1,1.0,6.0,54176,M,4863894.0,648419.0,54
201100009206,11,6,25,530,1,1,1,1.0,7.0,54541,M,4869200.0,650100.0,54
201100009207,11,2,12,1045,1,2,1,1.0,6.0,54054,M,4847741.0,631447.0,54
201100009208,11,2,25,715,3,2,1,8.0,6.0,54559,M,4852889.0,627387.0,54
201100009209,11,2,27,2100,3,1,1,1.0,6.0,54175,M,0.0,0.0,54
201100009210,11,3,8,1515,1,1,1,1.0,6.0,54324,M,4849566.0,630373.0,54
201100009211,11,3,15,745,1,1,1,5.0,1.0,54359,M,4851408.0,639124.0,54
201100009212,11,3,22,930,1,1,4,1.0,3.0,54256,M,4851422.0,631888.0,54
201100009213,11,5,27,1515,1,2,1,1.0,6.0,54393,M,4847952.0,656842.0,54
201100009214,11,6,18,1045,1,1,1,1.0,1.0,54144,M,4853300.0,626200.0,54
201100009215,11,7,20,45,3,1,1,8.0,6.0,54324,M,4849200.0,630300.0,54
201100009216,11,8,7,845,1,2,1,1.0,6.0,54144,M,4852700.0,625400.0,54
201100009217,11,9,29,1715,1,1,1,1.0,7.0,54216,M,4846400.0,637300.0,54
201100009218,11,10,1,1830,1,1,1,1.0,7.0,54042,M,4843100.0,626400.0,54
201100009219,11,9,30,715,1,1,3,5.0,3.0,54144,M,4853200.0,626500.0,54
201100009220,11,10,11,2115,5,2,1,8.0,6.0,54152,M,4856000.0,639200.0,54
201100009221,11,10,26,1815,1,2,1,1.0,1.0,54076,M,4855700.0,639800.0,54
201100009222,11,12,4,200,3,1,1,2.0,6.0,54045,M,4854600.0,635900.0,54
201100009223,11,1,18,1330,1,1,1,1.0,7.0,54124,M,4858123.0,677778.0,54
201100009224,11,4,20,900,1,1,1,1.0,6.0,54540,M,4857600.0,696200.0,54
201100009225,11,8,22,1245,1,1,1,1.0,7.0,54230,M,4862100.0,687600.0,54
201100009226,11,10,14,1545,1,1,1,1.0,1.0,54077,M,4859600.0,686600.0,54
201100009227,11,12,26,1445,1,2,1,1.0,7.0,54406,M,0.0,0.0,54
201100009228,11,1,14,1715,5,2,8,1.0,6.0,54039,M,4844401.0,675833.0,54
201100009229,11,6,6,1700,1,1,1,1.0,6.0,54038,M,4849200.0,669500.0,54
201100009230,11,6,30,800,1,1,1,1.0,5.0,54365,M,4846900.0,675500.0,54
201100009231,11,7,10,2030,1,2,1,2.0,3.0,54519,M,4841600.0,680700.0,54
201100009232,11,8,28,1845,1,2,2,1.0,3.0,54377,M,0.0,0.0,54
201100009233,11,2,9,1600,1,2,1,1.0,3.0,54135,M,0.0,0.0,54
201100009234,11,2,22,330,3,1,1,1.0,6.0,54046,M,4853331.0,584938.0,54
201100009235,11,5,20,2230,3,1,1,1.0,2.0,54122,M,4866600.0,590300.0,54
201100009236,11,7,10,1500,1,1,1,3.0,7.0,54128,M,4866600.0,583100.0,54
201100009237,11,7,26,2345,3,1,1,1.0,7.0,54080,M,4858200.0,583000.0,54
201100009238,11,8,21,1730,1,1,1,1.0,6.0,54232,M,4868900.0,599500.0,54
201100009239,11,8,25,1445,1,1,1,1.0,1.0,54528,M,0.0,0.0,54
201100009240,11,8,31,1530,1,1,1,1.0,6.0,54205,M,4867000.0,580800.0,54
201100009241,11,9,13,1630,1,1,1,1.0,1.0,54242,M,4864700.0,589100.0,54
201100009242,11,10,7,1400,1,1,1,1.0,1.0,54146,M,4858100.0,588900.0,54
201100009243,11,12,5,1900,3,1,1,2.0,2.0,54128,M,0.0,0.0,54
201100009244,11,1,16,645,3,1,1,1.0,6.0,54340,M,4888282.0,596454.0,54
201100009245,11,1,25,545,5,1,1,8.0,2.0,54557,M,4870700.0,605600.0,54
201100009246,11,3,10,945,1,1,1,1.0,1.0,54063,M,4886343.0,584208.0,54
201100009247,11,5,23,1915,1,1,1,1.0,3.0,54272,M,4876100.0,596100.0,54
201100009248,11,7,1,1815,1,2,3,1.0,1.0,54557,M,4869205.0,604325.0,54
201100009249,11,7,3,1045,1,1,1,1.0,1.0,54034,M,4878000.0,594100.0,54
201100009250,11,7,1,1800,1,2,3,1.0,1.0,54490,M,4879500.0,604400.0,54
201100009251,11,8,20,1030,1,2,1,7.0,1.0,54318,M,4875400.0,608500.0,54
201100009252,11,8,31,1600,1,1,6,1.0,6.0,54584,M,4871000.0,597000.0,54
201100009253,11,10,22,1800,1,2,1,1.0,7.0,54355,M,4884900.0,594100.0,54
201100009254,11,11,16,930,1,2,1,5.0,6.0,54557,M,4869600.0,603100.0,54
201100009255,11,11,28,715,4,1,2,1.0,1.0,54463,M,4879900.0,601600.0,54
201100009256,11,12,16,1045,3,1,1,6.0,1.0,54208,M,4874900.0,594800.0,54
201100009257,11,2,2,1130,1,1,1,8.0,6.0,55479,M,4885037.0,522924.0,55
201100009258,11,2,11,915,1,1,1,1.0,3.0,55442,M,4889180.0,524597.0,55
201100009259,11,3,18,2115,3,1,1,2.0,6.0,55378,M,4886613.0,494460.0,55
201100009260,11,4,1,1430,1,1,1,1.0,6.0,55488,M,4873600.0,525200.0,55
201100009261,11,5,29,1945,1,1,1,1.0,7.0,55389,M,4901565.0,516891.0,55
201100009262,11,6,26,1600,1,1,1,1.0,3.0,55369,M,4880256.0,522001.0,55
201100009263,11,7,17,1915,1,1,1,1.0,6.0,55366,M,4882900.0,508600.0,55
201100009264,11,8,11,1745,1,2,1,1.0,6.0,55366,M,4881900.0,509200.0,55
201100009265,11,8,19,1015,1,1,1,1.0,6.0,55108,M,4893200.0,525900.0,55
201100009266,11,8,30,645,1,1,1,1.0,6.0,55378,M,4887500.0,494300.0,55
201100009267,11,9,20,1745,1,2,1,1.0,6.0,55435,M,4875300.0,503800.0,55
201100009268,11,11,9,1300,1,1,1,1.0,1.0,55531,M,4880800.0,500700.0,55
201100009269,11,12,10,200,3,2,1,1.0,6.0,55423,M,4891900.0,518000.0,55
201100009270,11,2,2,1200,1,1,1,9.0,1.0,55466,M,4874196.0,532734.0,55
201100009271,11,2,7,1600,1,1,3,1.0,1.0,55543,M,4869494.0,531263.0,55
201100009272,11,2,17,715,1,1,1,1.0,6.0,55031,M,4869414.0,501537.0,55
201100009273,11,4,16,1545,1,2,1,1.0,3.0,55504,M,4872900.0,522700.0,55
201100009274,11,6,1,1900,1,1,9,1.0,6.0,55015,M,4863952.0,513074.0,55
201100009275,11,6,16,1500,1,1,1,1.0,6.0,55291,M,4870200.0,534600.0,55
201100009276,11,6,20,1000,1,1,1,2.0,2.0,55300,M,4865900.0,534000.0,55
201100009277,11,10,11,1800,2,2,1,1.0,6.0,55291,M,0.0,0.0,55
201100009278,11,11,3,2245,3,1,1,2.0,2.0,55374,M,4865900.0,522800.0,55
201100009279,11,12,21,1145,1,1,1,2.0,6.0,55284,M,0.0,0.0,55
201100009280,11,12,21,1830,3,1,1,2.0,6.0,55010,M,0.0,0.0,55
201100009281,11,1,30,1800,3,1,1,1.0,1.0,55122,M,4877509.0,556950.0,55
201100009282,11,3,27,1845,1,1,1,1.0,7.0,55184,M,4874800.0,565700.0,55
201100009283,11,5,17,1030,1,1,3,1.0,3.0,55184,M,4872814.0,560488.0,55
201100009284,11,7,1,615,1,1,1,1.0,1.0,55288,M,0.0,0.0,55
201100009285,11,8,29,1500,1,2,6,1.0,3.0,55122,M,0.0,0.0,55
201100009286,11,11,1,200,3,1,1,5.0,6.0,55454,M,4872800.0,546900.0,55
201100009287,11,11,11,1530,1,1,1,5.0,1.0,55526,M,4879927.0,553130.0,55
201100009288,11,2,26,2145,3,1,1,1.0,6.0,55197,M,4889951.0,545585.0,55
201100009289,11,4,17,530,3,2,1,1.0,6.0,55551,M,4896537.0,567069.0,55
201100009290,11,8,7,2100,2,2,1,1.0,6.0,55415,M,0.0,0.0,55
201100009291,11,9,8,645,2,2,6,1.0,6.0,55463,M,4889400.0,554300.0,55
201100009292,11,11,20,630,3,1,1,1.0,6.0,55234,M,0.0,0.0,55
201100009293,11,4,18,615,2,1,1,1.0,2.0,55573,M,4868770.0,563102.0,55
201100009294,11,5,16,430,3,1,9,1.0,1.0,55334,M,0.0,0.0,55
201100009295,11,7,18,800,1,1,1,8.0,7.0,55496,M,4872200.0,565900.0,55
201100009296,11,8,10,1115,1,1,1,1.0,7.0,55520,M,4869500.0,567300.0,55
201100009297,11,11,16,1900,3,1,1,5.0,2.0,55247,M,0.0,0.0,55
201100009298,11,11,22,715,2,2,1,5.0,3.0,55475,M,4863781.0,560282.0,55
201100009299,11,2,8,1515,1,2,1,7.0,6.0,55279,M,4948990.0,516626.0,55
201100009300,11,2,9,1545,1,1,1,1.0,6.0,55323,M,4952861.0,517270.0,55
201100009301,11,3,28,1000,1,1,1,1.0,1.0,55351,M,4952288.0,539835.0,55
201100009302,11,5,3,1615,1,2,3,1.0,3.0,55582,M,4945636.0,517607.0,55
201100009303,11,5,11,1245,1,2,1,1.0,1.0,55351,M,4951060.0,537676.0,55
201100009304,11,5,10,2330,3,1,1,3.0,6.0,55188,M,4945689.0,542175.0,55
201100009305,11,5,29,100,3,1,1,1.0,6.0,55095,M,4950915.0,512987.0,55
201100009306,11,10,25,1000,1,1,9,2.0,1.0,55364,M,4942200.0,520400.0,55
201100009307,11,5,26,2300,3,1,1,1.0,6.0,55071,M,4938717.0,530250.0,55
201100009308,11,7,4,1945,1,1,1,1.0,6.0,55146,M,0.0,0.0,55
201100009309,11,7,13,1745,1,1,1,1.0,3.0,55193,M,4927470.0,528077.0,55
201100009310,11,7,25,1700,1,1,1,1.0,7.0,55490,M,0.0,0.0,55
201100009311,11,8,7,1115,1,1,1,1.0,6.0,55450,M,4941543.0,548928.0,55
201100009312,11,9,24,1415,1,1,1,1.0,7.0,55124,M,0.0,0.0,55
201100009313,11,4,21,1800,1,1,1,1.0,7.0,55394,M,4926716.0,549497.0,55
201100009314,11,5,25,1645,1,1,3,1.0,3.0,55385,M,4911731.0,521864.0,55
201100009315,11,6,8,1430,1,2,1,1.0,3.0,55073,M,4920863.0,537652.0,55
201100009316,11,6,9,720,1,1,1,1.0,1.0,55468,M,4924898.0,534007.0,55
201100009317,11,7,3,300,3,1,1,1.0,7.0,55139,M,4924300.0,528200.0,55
201100009318,11,7,16,1230,1,1,1,1.0,6.0,55099,M,4921758.0,528651.0,55
201100009319,11,7,17,430,3,2,1,2.0,6.0,55106,M,4922014.0,528297.0,55
201100009320,11,8,9,1130,1,1,1,2.0,1.0,55102,M,4919277.0,534189.0,55
201100009321,11,10,8,1630,1,1,1,8.0,1.0,55073,M,4921000.0,537900.0,55
201100009322,11,11,19,1745,3,1,1,1.0,3.0,55497,M,4909700.0,528600.0,55
201100009323,11,12,6,900,1,1,1,3.0,3.0,55523,M,4923700.0,536200.0,55
201100009324,11,12,14,1145,1,1,1,6.0,1.0,55498,M,4902900.0,528400.0,55
201100009325,11,12,17,630,5,2,1,1.0,6.0,55492,M,4908800.0,545900.0,55
201100009326,11,5,23,1615,1,1,1,1.0,2.0,55117,M,4914427.0,513491.0,55
201100009327,11,8,18,1045,1,1,1,1.0,3.0,55033,M,4925964.0,501356.0,55
201100009328,11,1,15,2015,3,1,1,1.0,7.0,55500,M,4933200.0,567700.0,55
201100009329,11,1,26,2015,3,1,1,1.0,6.0,55361,M,4916343.0,546613.0,55
201100009330,11,2,14,715,2,1,1,1.0,7.0,55163,M,4906479.0,571193.0,55
201100009331,11,5,7,2200,2,1,1,1.0,6.0,55578,M,4919052.0,565783.0,55
201100009332,11,5,16,515,2,1,1,1.0,6.0,55281,M,4909196.0,581506.0,55
201100009333,11,5,21,1515,1,1,1,1.0,7.0,55237,M,4910194.0,552991.0,55
201100009334,11,8,22,1700,1,1,1,7.0,1.0,55458,M,4916900.0,574200.0,55
201100009335,11,9,26,830,1,2,1,1.0,1.0,55583,M,4904300.0,572800.0,55
201100009336,11,9,27,1100,1,2,1,1.0,3.0,55013,M,4941700.0,565800.0,55
201100009337,11,11,17,2300,3,1,1,1.0,6.0,55465,M,4905400.0,560100.0,55
201100009338,11,11,27,1800,3,1,1,2.0,1.0,55053,M,0.0,0.0,55
201100009339,11,12,2,800,3,1,1,8.0,1.0,55008,M,0.0,0.0,55
201100009340,11,1,26,1315,1,1,1,2.0,1.0,88273,M,4823264.0,652023.0,88
201100009341,11,3,8,500,5,2,1,1.0,6.0,88132,M,4819948.0,651710.0,88
201100009342,11,3,20,2115,5,2,1,1.0,7.0,88132,M,4820400.0,651000.0,88
201100009343,11,3,21,1845,2,1,1,1.0,1.0,88253,M,4819465.0,649664.0,88
201100009344,11,4,16,2015,2,2,1,1.0,3.0,88126,M,4819230.0,636531.0,88
201100009345,11,6,4,1745,1,1,1,2.0,6.0,88160,M,4818148.0,648426.0,88
201100009346,11,6,26,1945,1,1,1,1.0,2.0,88209,M,4819077.0,641071.0,88
201100009347,11,6,27,1400,1,1,1,1.0,2.0,88483,M,4819671.0,639789.0,88
201100009348,11,9,7,900,2,1,2,1.0,3.0,88028,M,4815260.0,656081.0,88
201100009349,11,10,13,730,2,2,1,1.0,3.0,88253,M,0.0,0.0,88
201100009350,11,10,20,1345,1,2,1,1.0,3.0,88201,M,4815849.0,631412.0,88
201100009351,11,12,29,1930,5,1,3,2.0,3.0,88253,M,4819051.0,648509.0,88
201100009352,11,2,18,200,5,2,1,1.0,6.0,88216,M,4823960.0,668352.0,88
201100009353,11,5,8,1800,1,1,1,1.0,1.0,88512,M,4822166.0,663358.0,88
201100009354,11,6,29,745,1,2,2,3.0,3.0,88078,M,4822071.0,671770.0,88
201100009355,11,9,16,845,1,1,1,1.0,7.0,88340,M,4828785.0,657837.0,88
201100009356,11,11,10,1330,1,1,1,1.0,1.0,88101,M,4812900.0,659507.0,88
201100009357,11,12,24,2315,3,1,1,1.0,6.0,88266,M,4818300.0,667900.0,88
201100009358,11,3,22,1830,2,2,1,7.0,2.0,88163,M,4837143.0,631250.0,88
201100009359,11,3,30,1215,1,2,1,2.0,6.0,88090,M,4837280.0,629363.0,88
201100009360,11,4,1,2130,3,1,1,1.0,2.0,88173,M,4838703.0,623800.0,88
201100009361,11,5,27,925,1,1,1,1.0,1.0,88090,M,4835635.0,630889.0,88
201100009362,11,6,3,1130,1,1,1,1.0,2.0,88166,M,4834493.0,629997.0,88
201100009363,11,6,25,1145,1,1,1,1.0,1.0,88173,M,4836592.0,626835.0,88
201100009364,11,7,19,800,2,2,1,1.0,3.0,88513,M,4834614.0,632551.0,88
201100009365,11,8,7,1,5,2,1,3.0,6.0,88163,M,4836883.0,631631.0,88
201100009366,11,9,24,1845,1,2,1,1.0,1.0,88286,M,4840302.0,615545.0,88
201100009367,11,11,23,805,1,2,1,5.0,6.0,88260,M,4836034.0,632501.0,88
201100009368,11,12,10,1345,1,2,6,1.0,1.0,88090,M,4837625.0,629868.0,88
201100009369,11,12,13,545,3,1,1,6.0,2.0,88173,M,4837510.0,625729.0,88
201100009370,11,1,15,1415,1,1,1,1.0,1.0,88124,M,4809800.0,603668.0,88
201100009371,11,1,30,745,2,2,1,1.0,6.0,88258,M,4806694.0,578111.0,88
201100009372,11,2,17,1715,1,1,1,1.0,1.0,88381,M,4812250.0,602611.0,88
201100009373,11,3,6,545,5,2,2,1.0,6.0,88004,M,4799704.0,582896.0,88
201100009374,11,4,5,1745,1,2,9,1.0,3.0,88124,M,4808662.0,603962.0,88
201100009375,11,4,6,1000,1,2,1,1.0,3.0,88450,M,4797548.0,579898.0,88
201100009376,11,4,15,1830,1,1,1,1.0,6.0,88456,M,4805327.0,585951.0,88
201100009377,11,6,2,330,3,1,1,1.0,7.0,88016,M,4806036.0,601224.0,88
201100009378,11,6,11,1430,1,1,1,1.0,7.0,88258,M,4805958.0,575429.0,88
201100009379,11,6,11,2015,1,1,1,1.0,6.0,88096,M,4794734.0,588637.0,88
201100009380,11,9,18,1700,1,1,1,1.0,3.0,88180,M,4809988.0,587632.0,88
201100009381,11,9,17,2345,3,2,1,8.0,7.0,88258,M,4806620.0,578318.0,88
201100009382,11,11,2,1830,2,1,1,1.0,6.0,88252,M,4811002.0,609296.0,88
201100009383,11,1,16,1030,1,2,1,7.0,6.0,88367,M,4835188.0,663422.0,88
201100009384,11,3,4,1100,1,1,1,7.0,6.0,88338,M,4836190.0,651477.0,88
201100009385,11,5,28,1945,1,2,1,1.0,7.0,88417,M,4833265.0,665424.0,88
201100009386,11,8,7,515,3,1,1,2.0,6.0,88367,M,4832621.0,663350.0,88
201100009387,11,8,25,1730,1,1,1,1.0,6.0,88410,M,4838393.0,680221.0,88
201100009388,11,2,3,930,1,1,1,2.0,7.0,88027,M,4831238.0,652851.0,88
201100009389,11,3,12,1100,1,2,1,1.0,2.0,88099,M,4823883.0,643497.0,88
201100009390,11,3,13,15,5,2,1,1.0,6.0,88228,M,4839317.0,648145.0,88
201100009391,11,4,8,1945,1,1,1,1.0,3.0,88204,M,4824872.0,644105.0,88
201100009392,11,5,13,2000,1,1,1,1.0,7.0,88143,M,4829060.0,647353.0,88
201100009393,11,6,12,1945,1,1,1,1.0,7.0,88465,M,4830259.0,641144.0,88
201100009394,11,8,19,1830,1,1,1,1.0,6.0,88247,M,4829087.0,637757.0,88
201100009395,11,1,30,845,1,1,1,1.0,6.0,88088,M,0.0,0.0,88
201100009396,11,2,11,2215,3,1,1,1.0,7.0,88088,M,4804386.0,630350.0,88
201100009397,11,5,28,815,1,2,1,1.0,3.0,88225,M,4809200.0,647841.0,88
201100009398,11,6,26,1645,1,1,1,1.0,1.0,88530,M,4804167.0,641286.0,88
201100009399,11,12,9,745,2,1,1,2.0,6.0,88225,M,4808299.0,647053.0,88
201100009400,11,2,3,915,1,1,1,2.0,1.0,88095,M,0.0,0.0,88
201100009401,11,3,6,100,3,1,1,1.0,7.0,88154,M,4843213.0,568034.0,88
201100009402,11,4,2,1845,1,2,1,1.0,3.0,88321,M,4835386.0,569010.0,88
201100009403,11,4,17,1915,1,1,1,1.0,1.0,88044,M,4830963.0,566795.0,88
201100009404,11,4,30,1215,1,2,2,1.0,3.0,88321,M,4836320.0,569688.0,88
201100009405,11,5,24,1600,1,2,1,1.0,7.0,88321,M,4835506.0,568330.0,88
201100009406,11,6,11,2315,3,1,1,1.0,6.0,88118,M,4839986.0,568767.0,88
201100009407,11,6,26,1430,1,2,1,1.0,6.0,88321,M,4835158.0,569621.0,88
201100009408,11,7,25,2100,1,2,1,1.0,1.0,88321,M,4835500.0,569700.0,88
201100009409,11,7,30,1930,1,1,1,1.0,1.0,88259,M,4828328.0,574113.0,88
201100009410,11,8,20,2330,3,1,1,1.0,6.0,88457,M,4839608.0,564961.0,88
201100009411,11,9,14,745,1,1,1,1.0,6.0,88477,M,4836398.0,543073.0,88
201100009412,11,10,15,1700,1,2,1,1.0,3.0,88083,M,4831236.0,572176.0,88
201100009413,11,10,23,1630,1,1,1,7.0,1.0,88324,M,4829559.0,586638.0,88
201100009414,11,11,20,1600,2,1,1,1.0,3.0,88321,M,4832936.0,568273.0,88
201100009415,11,2,9,1045,1,2,1,5.0,2.0,88122,M,4821900.0,627400.0,88
201100009416,11,2,10,1915,3,1,1,8.0,1.0,88525,M,4827576.0,615264.0,88
201100009417,11,3,17,500,3,1,1,1.0,1.0,88030,M,4820488.0,612816.0,88
201100009418,11,4,14,1830,1,1,1,1.0,7.0,88364,M,4833396.0,609756.0,88
201100009419,11,4,17,715,1,1,2,1.0,3.0,88047,M,4820437.0,616490.0,88
201100009420,11,5,5,2100,3,1,1,1.0,7.0,88103,M,4825425.0,628192.0,88
201100009421,11,6,6,1745,1,1,1,1.0,5.0,88047,M,4820243.0,615712.0,88
201100009422,11,7,7,930,1,2,1,1.0,3.0,88122,M,4821969.0,625738.0,88
201100009423,11,7,29,1700,1,1,1,1.0,6.0,88063,M,4821040.0,631184.0,88
201100009424,11,9,4,2015,2,2,1,1.0,7.0,88357,M,4832682.0,613100.0,88
201100009425,11,12,20,715,5,2,1,4.0,2.0,88304,M,4829042.0,612875.0,88
201100009426,11,1,7,1730,5,2,1,1.0,6.0,88114,M,4818002.0,589479.0,88
201100009427,11,1,22,826,1,2,1,1.0,3.0,88516,M,4819556.0,594723.0,88
201100009428,11,4,12,915,1,1,1,1.0,1.0,88309,M,4819430.0,604442.0,88
201100009429,11,6,12,45,3,1,1,1.0,6.0,88309,M,4815934.0,602349.0,88
201100009430,11,6,16,1120,1,2,2,1.0,3.0,88516,M,4819846.0,593986.0,88
201100009431,11,6,17,515,2,1,1,1.0,1.0,88146,M,4823829.0,599379.0,88
201100009432,11,7,22,1345,1,2,1,1.0,2.0,88079,M,4820900.0,582700.0,88
201100009433,11,8,2,1345,1,1,1,1.0,6.0,88194,M,4827136.0,596980.0,88
201100009434,11,3,22,1530,1,2,1,1.0,2.0,88358,M,4811218.0,655203.0,88
201100009435,11,9,10,1915,2,1,1,1.0,3.0,88464,M,4810642.0,669113.0,88
201100009436,11,9,17,100,3,1,1,1.0,6.0,88351,M,4797900.0,645900.0,88
201100009437,11,9,19,1715,1,1,1,1.0,6.0,88358,M,4810588.0,658624.0,88
201100009438,11,9,30,1130,1,2,1,1.0,6.0,88487,M,4792612.0,648786.0,88
201100009439,11,12,16,1430,1,1,1,3.0,3.0,88487,M,4794856.0,646088.0,88
201100009440,11,1,26,445,3,1,1,4.0,1.0,88037,M,4798593.0,672125.0,88
201100009441,11,2,8,1845,3,1,1,1.0,1.0,88116,M,4797250.0,684896.0,88
201100009442,11,3,9,1600,1,1,1,1.0,7.0,88447,M,4794312.0,677266.0,88
201100009443,11,3,23,1000,1,2,1,1.0,1.0,88486,M,4801800.0,671600.0,88
201100009444,11,6,9,1715,1,1,3,2.0,3.0,88464,M,4811873.0,668082.0,88
201100009445,11,6,13,1545,1,1,1,1.0,1.0,88075,M,4800353.0,687435.0,88
201100009446,11,6,28,1030,1,2,1,1.0,1.0,88116,M,4795393.0,682151.0,88
201100009447,11,7,14,2000,1,1,1,1.0,3.0,88470,M,4810283.0,670238.0,88
201100009448,11,8,2,2315,5,1,1,1.0,7.0,88447,M,4795000.0,676800.0,88
201100009449,11,8,9,745,1,1,1,1.0,6.0,88470,M,4809337.0,672858.0,88
201100009450,11,8,19,830,1,2,1,1.0,6.0,88116,M,4795263.0,682873.0,88
201100009451,11,10,12,830,1,2,1,1.0,1.0,88470,M,4808272.0,674445.0,88
201100009452,11,10,15,200,5,2,1,1.0,7.0,88470,M,4808487.0,676324.0,88
201100009453,11,12,24,1630,1,2,1,1.0,6.0,88470,M,4808140.0,674953.0,88
201100009454,11,3,23,930,1,2,1,1.0,6.0,88468,M,4788290.0,675956.0,88
201100009455,11,4,8,1845,1,2,1,7.0,1.0,88468,M,4788600.0,675400.0,88
201100009456,11,5,20,1515,1,2,1,1.0,1.0,88408,M,4794741.0,663535.0,88
201100009457,11,5,29,1600,1,1,6,1.0,6.0,88408,M,4793654.0,663964.0,88
201100009458,11,7,5,2215,5,2,1,1.0,6.0,88468,M,4788016.0,676057.0,88
201100009459,11,8,24,145,3,1,1,1.0,6.0,88081,M,4790041.0,686470.0,88
201100009460,11,12,28,845,1,1,6,9.0,6.0,88408,M,4793640.0,663969.0,88
201100009461,11,1,16,1600,1,1,1,1.0,7.0,88112,M,4832854.0,709387.0,88
201100009462,11,1,17,1815,3,1,1,1.0,3.0,88182,M,4829158.0,707208.0,88
201100009463,11,1,19,330,3,1,1,2.0,7.0,88526,M,4825847.0,710647.0,88
201100009464,11,2,11,1915,3,2,1,1.0,7.0,88276,M,4829331.0,709358.0,88
201100009465,11,4,16,1520,1,1,1,1.0,7.0,88112,M,4831540.0,712935.0,88
201100009466,11,5,25,1800,1,1,1,1.0,7.0,88276,M,4828979.0,708175.0,88
201100009467,11,8,28,1600,1,1,1,1.0,6.0,88112,M,4833321.0,709745.0,88
201100009468,11,9,30,1745,1,2,1,1.0,3.0,88068,M,4830297.0,681491.0,88
201100009469,11,12,28,1845,5,2,1,1.0,6.0,88009,M,4819232.0,695066.0,88
201100009470,11,1,17,1115,1,2,1,1.0,3.0,88218,M,4814794.0,678247.0,88
201100009471,11,3,31,500,5,2,1,1.0,1.0,88009,M,4818530.0,696043.0,88
201100009472,11,4,21,1945,2,1,1,1.0,7.0,88159,M,4824686.0,699818.0,88
201100009473,11,4,23,1045,1,2,1,1.0,6.0,88009,M,4818922.0,695271.0,88
201100009474,11,4,26,1400,1,1,1,1.0,3.0,88009,M,4820573.0,694411.0,88
201100009475,11,6,2,2230,5,2,1,1.0,6.0,88181,M,4818620.0,700323.0,88