Num_Acc,an,mois,jour,hrmn,lum,agg,int,atm,col,com,gps,lat,long,dep
201100009476,11,6,22,900,1,2,1,1.0,3.0,88181,M,4818426.0,699254.0,88
201100009477,11,7,23,930,1,1,1,1.0,1.0,88009,M,4820750.0,694914.0,88
201100009478,11,8,14,2030,2,1,1,3.0,6.0,88349,M,4817968.0,702340.0,88
201100009479,11,8,19,1400,1,2,1,1.0,3.0,88115,M,4817408.0,688264.0,88
201100009480,11,9,4,1845,1,1,3,2.0,3.0,88089,M,4819104.0,677750.0,88
201100009481,11,9,24,1730,1,2,1,1.0,1.0,88009,M,4819576.0,695419.0,88
201100009482,11,10,1,1100,1,2,1,1.0,2.0,88009,M,4819866.0,694670.0,88
201100009483,11,11,3,1445,1,2,1,1.0,2.0,88115,M,4817025.0,688380.0,88
201100009484,11,1,3,845,1,2,1,1.0,6.0,88196,M,4806830.0,687433.0,88
201100009485,11,1,30,130,4,2,1,9.0,6.0,88196,M,4806722.0,687158.0,88
201100009486,11,2,3,1100,1,1,1,4.0,6.0,88196,M,0.0,0.0,88
201100009487,11,2,13,1745,2,1,1,2.0,1.0,88196,M,4807770.0,679380.0,88
201100009488,11,5,7,1130,1,1,1,1.0,2.0,88196,M,4807351.0,683226.0,88
201100009489,11,6,17,1645,1,1,1,1.0,6.0,88531,M,4806921.0,694716.0,88
201100009490,11,8,11,1845,1,2,1,1.0,6.0,88196,M,4807129.0,687065.0,88
201100009491,11,9,8,1630,1,1,1,6.0,3.0,88531,M,4805424.0,700451.0,88
201100009492,11,9,21,1515,1,2,1,1.0,1.0,88196,M,4807814.0,688885.0,88
201100009493,11,10,15,1115,1,1,4,1.0,3.0,88531,M,4808330.0,690895.0,88
201100009494,11,10,20,830,1,1,1,1.0,3.0,88196,M,4807984.0,689047.0,88
201100009495,11,4,5,1930,1,2,1,1.0,3.0,88372,M,4840068.0,683528.0,88
201100009496,11,4,9,1445,1,1,1,1.0,2.0,88306,M,4840505.0,702813.0,88
201100009497,11,4,27,930,1,2,2,1.0,6.0,88372,M,4840583.0,684151.0,88
201100009498,11,5,25,1630,1,2,1,7.0,6.0,88451,M,4839426.0,698113.0,88
201100009499,11,10,28,2215,3,1,1,5.0,7.0,67464,M,0.0,0.0,67
201100009500,11,12,1,1500,2,1,1,1.0,3.0,67433,M,0.0,0.0,67
201100009501,11,2,18,1630,1,1,1,1.0,2.0,67268,M,0.0,0.0,67
201100009502,11,3,25,1200,1,2,1,1.0,4.0,67131,M,0.0,0.0,67
201100009503,11,5,28,1315,1,2,1,1.0,4.0,67137,M,0.0,0.0,67
201100009504,11,6,11,1930,1,2,1,1.0,6.0,67137,M,4849300.0,768300.0,67
201100009505,11,8,8,1300,1,2,1,1.0,3.0,67131,M,4849400.0,772600.0,67
201100009506,11,1,30,2125,3,1,1,1.0,6.0,67217,M,0.0,0.0,67
201100009507,11,2,16,1845,3,1,1,1.0,6.0,67154,M,0.0,0.0,67
201100009508,11,3,20,930,1,2,1,1.0,3.0,67130,M,4842700.0,766200.0,67
201100009509,11,4,20,2130,3,1,1,1.0,3.0,67130,M,0.0,0.0,67
201100009510,11,5,12,1615,1,1,1,1.0,3.0,67130,M,4843500.0,767500.0,67
201100009511,11,5,31,1100,1,1,9,1.0,1.0,67197,M,0.0,0.0,67
201100009512,11,6,4,1430,1,2,1,1.0,5.0,67130,M,0.0,0.0,67
201100009513,11,6,6,1345,1,1,1,1.0,3.0,67336,M,0.0,0.0,67
201100009514,11,6,9,700,1,2,1,1.0,6.0,67130,M,0.0,0.0,67
201100009515,11,6,21,2230,2,1,1,1.0,7.0,67130,M,0.0,0.0,67
201100009516,11,6,23,915,1,2,1,1.0,3.0,67130,M,0.0,0.0,67
201100009517,11,7,4,2215,3,1,1,1.0,1.0,67086,M,4836000.0,773700.0,67
201100009518,11,8,12,1700,1,1,1,1.0,6.0,67130,M,0.0,0.0,67
201100009519,11,9,21,1245,1,1,1,1.0,1.0,67364,M,0.0,0.0,67
201100009520,11,9,23,1345,1,1,3,1.0,3.0,67266,M,0.0,0.0,67
201100009521,11,10,17,815,1,1,1,1.0,6.0,67130,M,0.0,0.0,67
201100009522,11,10,19,730,2,2,1,3.0,6.0,67130,M,0.0,0.0,67
201100009523,11,10,28,2300,5,2,1,1.0,6.0,67130,M,0.0,0.0,67
201100009524,11,11,5,1945,3,1,1,1.0,2.0,67130,M,0.0,0.0,67
201100009525,11,11,14,2030,5,1,1,2.0,6.0,67217,M,0.0,0.0,67
201100009526,11,12,16,630,5,2,1,6.0,6.0,67130,M,0.0,0.0,67
201100009527,11,1,26,1930,5,2,6,2.0,3.0,67286,M,4844769.0,754930.0,67
201100009528,11,6,30,1800,1,2,1,1.0,5.0,67348,M,0.0,0.0,67
201100009529,11,7,10,1515,1,1,1,2.0,1.0,67557,M,4841700.0,754400.0,67
201100009530,11,7,29,1145,1,1,1,1.0,3.0,67348,M,4848200.0,750000.0,67
201100009531,11,9,10,1,5,2,1,1.0,5.0,67348,M,0.0,0.0,67
201100009532,11,10,23,1845,3,1,1,1.0,2.0,67348,M,4846400.0,746600.0,67
201100009533,11,12,6,1000,1,2,1,8.0,6.0,67248,M,4848000.0,757000.0,67
201100009534,11,2,12,1615,1,1,6,1.0,3.0,67458,M,0.0,0.0,67
201100009535,11,4,30,2215,3,2,1,1.0,1.0,67523,M,0.0,0.0,67
201100009536,11,1,14,2130,3,1,1,8.0,6.0,67345,M,4879500.0,784700.0,67
201100009537,11,1,17,1320,1,2,1,1.0,6.0,67046,M,4877200.0,786400.0,67
201100009538,11,3,19,1800,1,1,1,1.0,1.0,67345,M,4875900.0,789100.0,67
201100009539,11,4,2,1800,1,2,1,1.0,2.0,67169,M,0.0,0.0,67
201100009540,11,6,26,1615,1,1,1,1.0,5.0,67345,M,0.0,0.0,67
201100009541,11,7,19,2215,5,2,1,2.0,3.0,67046,M,0.0,0.0,67
201100009542,11,10,21,830,1,1,1,1.0,5.0,67046,M,0.0,0.0,67
201100009543,11,10,29,1315,1,2,1,1.0,1.0,67046,M,0.0,0.0,67
201100009544,11,12,7,1745,5,2,1,2.0,3.0,67450,M,0.0,0.0,67
201100009545,11,6,17,1030,1,1,1,1.0,6.0,67127,M,4857200.0,752900.0,67
201100009546,11,8,10,2215,3,1,1,1.0,1.0,67008,M,0.0,0.0,67
201100009547,11,11,14,2115,5,2,9,8.0,1.0,67300,M,0.0,0.0,67
201100009548,11,12,15,1745,5,2,1,1.0,1.0,67300,M,0.0,0.0,67
201100009549,11,4,25,430,5,2,1,1.0,6.0,67411,M,4850000.0,747900.0,67
201100009550,11,8,22,1530,1,1,1,1.0,1.0,67368,M,4846500.0,739200.0,67
201100009551,11,1,3,815,5,2,1,4.0,6.0,67448,M,0.0,0.0,67
201100009552,11,1,26,900,1,1,1,4.0,5.0,67436,M,0.0,0.0,67
201100009553,11,3,7,615,3,1,1,1.0,3.0,67076,M,,,67
201100009554,11,3,20,1530,1,1,1,1.0,1.0,67342,M,0.0,0.0,67
201100009555,11,3,22,1530,1,2,1,1.0,6.0,67414,M,4845400.0,719800.0,67
201100009556,11,3,22,1730,1,1,1,1.0,3.0,67027,M,0.0,0.0,67
201100009557,11,4,2,1615,1,1,1,1.0,3.0,67342,M,0.0,0.0,67
201100009558,11,4,25,1600,1,1,1,1.0,7.0,67098,M,0.0,0.0,67
201100009559,11,5,11,1845,1,1,1,1.0,6.0,67165,M,0.0,0.0,67
201100009560,11,7,3,815,1,1,1,1.0,7.0,67306,M,0.0,0.0,67
201100009561,11,7,16,615,1,1,1,1.0,6.0,67342,M,0.0,0.0,67
201100009562,11,8,6,1615,1,1,1,1.0,3.0,67325,M,0.0,0.0,67
201100009563,11,9,7,1315,1,1,1,1.0,4.0,67188,M,0.0,0.0,67
201100009564,11,9,20,1715,1,2,1,1.0,3.0,67448,M,4848300.0,722000.0,67
201100009565,11,10,2,1800,1,2,1,1.0,5.0,67414,M,0.0,0.0,67
201100009566,11,9,27,800,1,1,1,1.0,1.0,67436,M,0.0,0.0,67
201100009567,11,10,22,2145,3,1,1,1.0,6.0,67325,M,4852900.0,735400.0,67
201100009568,11,10,28,1900,5,2,1,1.0,1.0,67448,M,0.0,0.0,67
201100009569,11,11,12,2000,3,1,1,1.0,7.0,67098,M,0.0,0.0,67
201100009570,11,11,27,1330,1,1,1,1.0,6.0,67076,M,0.0,0.0,67
201100009571,11,5,4,715,1,2,1,1.0,1.0,67085,M,4857600.0,746700.0,67
201100009572,11,6,10,1945,2,2,1,8.0,1.0,67139,M,4857500.0,742900.0,67
201100009573,11,7,12,1800,1,1,1,1.0,6.0,67525,M,4860600.0,746000.0,67
201100009574,11,7,18,1915,1,1,2,1.0,3.0,67520,M,4864800.0,744400.0,67
201100009575,11,8,2,2045,2,1,1,1.0,6.0,67122,M,0.0,0.0,67
201100009576,11,9,15,1700,1,2,1,1.0,3.0,67520,M,4864100.0,744900.0,67
201100009577,11,10,17,900,1,1,1,1.0,5.0,67520,M,4865000.0,744200.0,67
201100009578,11,12,9,1345,1,1,1,2.0,1.0,67520,M,0.0,0.0,67
201100009579,11,2,19,100,3,1,1,1.0,6.0,67437,M,0.0,0.0,67
201100009580,11,5,25,1315,1,2,1,1.0,3.0,67289,M,4886600.0,749100.0,67
201100009581,11,8,17,1815,1,1,1,1.0,6.0,67061,M,0.0,0.0,67
201100009582,11,8,29,1915,1,2,1,1.0,3.0,67372,M,4884900.0,760900.0,67
201100009583,11,9,16,900,1,1,1,1.0,3.0,67333,M,0.0,0.0,67
201100009584,11,9,9,2145,5,2,1,1.0,6.0,67222,M,0.0,0.0,67
201100009585,11,10,8,900,1,1,1,8.0,6.0,67061,M,4884200.0,745800.0,67
201100009586,11,10,12,1300,1,1,1,1.0,7.0,67333,M,4885400.0,746100.0,67
201100009587,11,11,29,1715,5,2,1,5.0,6.0,67372,M,4884800.0,760800.0,67
201100009588,11,2,2,1925,3,1,1,1.0,4.0,67367,M,4872400.0,737900.0,67
201100009589,11,5,8,1730,1,1,1,1.0,6.0,67437,M,0.0,0.0,67
201100009590,11,5,9,830,1,1,1,1.0,1.0,67367,M,0.0,0.0,67
201100009591,11,5,21,1330,1,1,1,1.0,3.0,67437,M,4873800.0,734000.0,67
201100009592,11,6,11,2315,3,1,1,1.0,6.0,67258,M,0.0,0.0,67
201100009593,11,6,26,2200,3,1,1,1.0,1.0,67372,M,4884200.0,761500.0,67
201100009594,11,6,30,1615,1,2,1,1.0,6.0,67437,M,0.0,0.0,67
201100009595,11,7,15,1730,1,2,1,1.0,6.0,67437,M,4875000.0,735600.0,67
201100009596,11,7,16,1645,1,2,1,1.0,3.0,67437,M,4874600.0,735900.0,67
201100009597,11,8,22,1830,1,2,1,7.0,3.0,67437,M,4874300.0,736000.0,67
201100009598,11,9,1,1430,1,1,1,1.0,1.0,67283,M,4870400.0,737500.0,67
201100009599,11,9,4,1615,1,1,1,2.0,7.0,67437,M,4868300.0,736700.0,67
201100009600,11,9,29,1430,1,2,1,1.0,6.0,67555,M,0.0,0.0,67
201100009601,11,10,8,1545,1,1,1,1.0,6.0,67437,M,0.0,0.0,67
201100009602,11,11,26,1830,5,2,1,1.0,6.0,67437,M,4874400.0,736100.0,67
201100009603,11,12,16,800,4,2,1,2.0,6.0,67437,M,0.0,0.0,67
201100009604,11,12,19,1700,5,2,1,2.0,1.0,67437,M,4874800.0,735800.0,67
201100009605,11,1,10,1800,1,2,1,1.0,1.0,67434,M,0.0,0.0,67
201100009606,11,2,12,1330,1,2,1,1.0,3.0,67434,M,0.0,0.0,67
201100009607,11,3,4,1430,1,1,1,1.0,3.0,67535,M,4894000.0,743400.0,67
201100009608,11,3,12,1430,1,1,1,1.0,1.0,67535,M,0.0,0.0,67
201100009609,11,3,23,1715,3,1,1,3.0,6.0,67491,M,0.0,0.0,67
201100009610,11,3,26,1730,1,1,1,1.0,1.0,67524,M,0.0,0.0,67
201100009611,11,4,4,1745,1,1,1,1.0,6.0,67413,M,4893000.0,735000.0,67
201100009612,11,5,2,730,2,2,1,1.0,6.0,67105,M,4887100.0,718900.0,67
201100009613,11,5,18,1530,1,2,1,1.0,1.0,67381,M,4891800.0,731700.0,67
201100009614,11,6,2,1115,1,1,1,1.0,1.0,67559,M,0.0,0.0,67
201100009615,11,6,4,1000,1,1,2,1.0,3.0,67273,M,4887000.0,725800.0,67
201100009616,11,7,2,1415,1,2,1,1.0,3.0,67136,M,4887600.0,713300.0,67
201100009617,11,7,3,1715,1,1,1,1.0,1.0,67274,M,4896400.0,718800.0,67
201100009618,11,7,12,1945,1,1,1,1.0,7.0,67371,M,0.0,0.0,67
201100009619,11,7,13,1300,1,1,1,3.0,3.0,67508,M,4898300.0,714400.0,67
201100009620,11,8,18,2315,3,1,1,1.0,7.0,67091,M,0.0,0.0,67
201100009621,11,9,3,1330,1,1,1,1.0,3.0,67522,M,4890900.0,724700.0,67
201100009622,11,9,6,745,1,1,1,1.0,7.0,67191,M,4903400.0,710700.0,67
201100009623,11,10,26,2315,3,1,1,1.0,6.0,67401,M,0.0,0.0,67
201100009624,11,11,29,700,2,1,1,5.0,1.0,67369,M,0.0,0.0,67
201100009625,11,12,30,1745,3,1,1,1.0,1.0,67029,M,4891100.0,712900.0,67
201100009626,11,1,10,1620,1,2,1,1.0,6.0,67067,M,0.0,0.0,67
201100009627,11,1,20,1810,5,2,1,8.0,2.0,67298,M,0.0,0.0,67
201100009628,11,11,2,1430,1,1,1,1.0,5.0,67033,M,0.0,0.0,67
201100009629,11,11,10,815,1,2,1,8.0,3.0,67067,M,4873700.0,771000.0,67
201100009630,11,11,15,1715,5,1,6,1.0,3.0,67033,M,0.0,0.0,67
201100009631,11,1,14,1600,5,2,1,2.0,6.0,67548,M,4864500.0,760700.0,67
201100009632,11,1,15,215,5,2,1,2.0,6.0,67402,M,4882900.0,760900.0,67
201100009633,11,1,18,1400,1,2,1,8.0,7.0,67382,M,4863100.0,757500.0,67
201100009634,11,1,20,530,3,1,1,2.0,6.0,67382,M,0.0,0.0,67
201100009635,11,2,6,500,3,1,1,1.0,6.0,67312,M,4875300.0,759500.0,67
201100009636,11,2,7,2200,3,1,3,9.0,1.0,67163,M,4870400.0,756300.0,67
201100009637,11,2,21,1730,2,1,1,8.0,1.0,67532,M,0.0,0.0,67
201100009638,11,3,16,915,1,1,1,1.0,3.0,67150,M,4861600.0,756100.0,67
201100009639,11,3,29,1730,1,2,1,1.0,1.0,67202,M,4876200.0,757800.0,67
201100009640,11,3,30,800,1,1,1,8.0,3.0,67419,M,4869500.0,763400.0,67
201100009641,11,4,8,400,3,1,6,1.0,7.0,67452,M,4865600.0,758300.0,67
201100009642,11,4,17,1745,1,2,3,1.0,1.0,67202,M,4876200.0,757800.0,67
201100009643,11,5,8,515,2,1,1,1.0,7.0,67005,M,4879000.0,759000.0,67
201100009644,11,5,18,1945,1,2,1,1.0,1.0,67495,M,4866000.0,760000.0,67
201100009645,11,5,28,2030,2,1,1,1.0,2.0,67202,M,4875000.0,756000.0,67
201100009646,11,5,29,1545,1,1,1,7.0,3.0,67393,M,4867000.0,761000.0,67
201100009647,11,6,5,1,3,1,1,1.0,7.0,67109,M,4868300.0,756900.0,67
201100009648,11,6,7,1315,1,1,1,1.0,1.0,67532,M,4867000.0,749000.0,67
201100009649,11,6,11,2345,3,2,2,1.0,1.0,67005,M,0.0,0.0,67
201100009650,11,6,15,700,1,2,1,1.0,1.0,67209,M,4873500.0,757700.0,67
201100009651,11,7,8,1145,1,1,3,1.0,1.0,67560,M,4880100.0,753800.0,67
201100009652,11,7,11,1130,1,2,1,2.0,6.0,67460,M,4875800.0,760100.0,67
201100009653,11,7,30,1700,1,1,1,1.0,7.0,67202,M,4875200.0,757700.0,67
201100009654,11,8,2,1730,1,1,1,1.0,6.0,67107,M,4871700.0,754500.0,67
201100009655,11,8,12,1700,1,1,1,1.0,5.0,67439,M,4873900.0,756100.0,67
201100009656,11,8,31,1700,1,2,1,1.0,3.0,67495,M,4866500.0,760600.0,67
201100009657,11,8,31,930,1,2,1,1.0,3.0,67107,M,4871700.0,753600.0,67
201100009658,11,9,5,1815,1,1,6,1.0,3.0,67024,M,4865500.0,760600.0,67
201100009659,11,9,15,2000,3,1,1,1.0,6.0,67097,M,4863400.0,768300.0,67
201100009660,11,9,19,815,1,1,1,8.0,1.0,67485,M,4862700.0,761000.0,67
201100009661,11,9,26,1730,1,1,1,1.0,6.0,67363,M,4859400.0,754000.0,67
201100009662,11,11,1,2015,3,1,1,1.0,6.0,67548,M,4864400.0,760200.0,67
201100009663,11,11,14,715,2,1,1,5.0,3.0,67163,M,4869900.0,757000.0,67
201100009664,11,11,27,1915,5,2,1,8.0,6.0,67150,M,4861500.0,755700.0,67
201100009665,11,12,13,1930,3,1,1,1.0,5.0,67374,M,4865800.0,766300.0,67
201100009666,11,12,29,745,2,2,1,1.0,6.0,67374,M,4866400.0,764500.0,67
201100009667,11,1,14,1330,1,2,1,1.0,1.0,67519,M,4866100.0,783000.0,67
201100009668,11,1,29,2345,3,1,1,1.0,1.0,67519,M,4865100.0,779900.0,67
201100009669,11,3,12,1830,2,1,1,1.0,5.0,67237,M,4867900.0,784000.0,67
201100009670,11,4,3,30,3,1,1,1.0,7.0,67519,M,4864900.0,782400.0,67
201100009671,11,4,29,1200,1,1,1,1.0,6.0,67519,M,4865700.0,781000.0,67
201100009672,11,6,27,815,1,1,1,1.0,1.0,67519,M,4868100.0,781800.0,67
201100009673,11,8,3,1200,1,1,9,1.0,1.0,67151,M,4871100.0,785700.0,67
201100009674,11,9,9,1245,1,1,1,1.0,7.0,67205,M,4868900.0,778000.0,67
201100009675,11,11,3,1645,1,1,1,1.0,3.0,67205,M,4867700.0,779300.0,67
201100009676,11,11,19,2015,5,2,1,1.0,5.0,67151,M,0.0,0.0,67
201100009677,11,2,8,730,2,2,1,1.0,7.0,67182,M,0.0,0.0,67
201100009678,11,3,7,845,1,2,9,1.0,6.0,67065,M,0.0,0.0,67
201100009679,11,6,4,1830,1,1,1,1.0,1.0,67182,M,0.0,0.0,67
201100009680,11,6,21,1615,1,1,1,1.0,5.0,67350,M,0.0,0.0,67
201100009681,11,7,6,1130,1,2,1,1.0,1.0,67001,M,0.0,0.0,67
201100009682,11,9,23,1745,1,1,1,1.0,2.0,67350,M,0.0,0.0,67
201100009683,11,10,4,1730,1,2,1,1.0,1.0,67118,M,0.0,0.0,67
201100009684,11,10,18,1830,5,2,1,1.0,6.0,67118,M,4858700.0,768300.0,67
201100009685,11,1,17,930,1,1,1,1.0,1.0,67062,M,4833300.0,728300.0,67
201100009686,11,2,26,1630,1,1,1,8.0,7.0,67063,M,4837200.0,729000.0,67
201100009687,11,4,6,1815,1,1,1,1.0,3.0,67073,M,4827200.0,741800.0,67
201100009688,11,4,25,1600,1,1,1,1.0,7.0,67477,M,4839300.0,723000.0,67
201100009689,11,6,12,1945,1,1,1,1.0,7.0,67430,M,4834800.0,738200.0,67
201100009690,11,6,12,1630,1,1,1,1.0,1.0,67477,M,0.0,0.0,67
201100009691,11,8,1,100,3,1,1,1.0,6.0,67115,M,4830200.0,747500.0,67
201100009692,11,8,28,945,1,1,1,1.0,1.0,67073,M,4829600.0,736500.0,67
201100009693,11,10,9,1915,3,1,1,1.0,5.0,67116,M,4831600.0,753300.0,67
201100009694,11,11,8,1745,5,2,1,2.0,3.0,67507,M,4834600.0,730900.0,67
201100009695,11,12,18,1715,3,1,1,4.0,1.0,67426,M,4836200.0,728800.0,67
201100009696,11,5,23,1515,1,1,1,1.0,1.0,67295,M,0.0,0.0,67
201100009697,11,6,6,1730,1,2,1,1.0,6.0,67021,M,0.0,0.0,67
201100009698,11,6,8,1800,1,1,1,2.0,6.0,67010,M,0.0,0.0,67
201100009699,11,6,26,1515,1,1,1,1.0,7.0,67125,M,0.0,0.0,67
201100009700,11,7,18,1630,1,1,1,1.0,3.0,67295,M,0.0,0.0,67
201100009701,11,9,3,1300,1,1,1,1.0,1.0,67210,M,0.0,0.0,67
201100009702,11,2,4,800,2,1,1,1.0,6.0,67053,M,4823100.0,756900.0,67
201100009703,11,2,21,1215,1,2,1,8.0,1.0,67453,M,4822700.0,764900.0,67
201100009704,11,4,20,800,1,1,1,1.0,3.0,67090,M,4829300.0,765900.0,67
201100009705,11,5,13,45,3,1,1,1.0,2.0,67281,M,4817400.0,755400.0,67
201100009706,11,6,6,1045,1,1,1,2.0,2.0,67195,M,4821300.0,753700.0,67
201100009707,11,7,23,1230,1,1,1,1.0,6.0,67486,M,4824700.0,758800.0,67
201100009708,11,10,28,1530,1,1,1,1.0,1.0,67281,M,4812900.0,757000.0,67
201100009709,11,11,25,1930,3,1,1,1.0,6.0,67486,M,4824700.0,759000.0,67
201100009710,11,12,2,1915,1,1,1,1.0,6.0,67090,M,0.0,0.0,67
201100009711,11,3,14,1345,1,2,1,1.0,5.0,67544,M,0.0,0.0,67
201100009712,11,3,16,1445,1,1,1,1.0,6.0,67400,M,0.0,0.0,67
201100009713,11,3,20,1930,3,1,1,1.0,6.0,67351,M,0.0,0.0,67
201100009714,11,3,26,1645,3,1,1,5.0,6.0,67451,M,0.0,0.0,67
201100009715,11,4,25,100,3,1,1,9.0,6.0,67544,M,4901100.0,797400.0,67
201100009716,11,7,14,1700,1,1,1,1.0,1.0,67351,M,4897800.0,797600.0,67
201100009717,11,8,6,1830,1,1,1,1.0,3.0,67416,M,4903000.0,792700.0,67
201100009718,11,10,8,1300,1,1,1,1.0,6.0,67400,M,4897700.0,795400.0,67
201100009719,11,10,13,2245,3,1,1,1.0,7.0,67400,M,4897700.0,795400.0,67
201100009720,11,11,14,1430,1,1,1,1.0,7.0,67074,M,0.0,0.0,67
201100009721,11,11,17,1730,3,1,1,1.0,2.0,67541,M,4893300.0,810399.0,67
201100009722,11,3,15,1215,1,1,1,1.0,3.0,67184,M,0.0,0.0,67
201100009723,11,4,9,1345,1,1,1,1.0,3.0,67404,M,0.0,0.0,67
201100009724,11,5,9,1500,1,2,1,7.0,1.0,67339,M,0.0,0.0,67
201100009725,11,5,18,1700,1,2,1,1.0,7.0,67271,M,0.0,0.0,67
201100009726,11,5,29,2045,2,1,1,1.0,7.0,67012,M,0.0,0.0,67
201100009727,11,6,28,2345,3,1,1,1.0,7.0,67484,M,4892000.0,798300.0,67
201100009728,11,8,14,1745,1,1,1,1.0,1.0,67193,M,4894000.0,790200.0,67
201100009729,11,8,28,1800,1,1,1,1.0,6.0,67184,M,0.0,0.0,67
201100009730,11,9,19,430,3,2,1,1.0,1.0,67474,M,4893200.0,789800.0,67
201100009731,11,9,20,1200,1,1,1,1.0,1.0,67390,M,4891900.0,787700.0,67
201100009732,11,10,1,2200,5,2,1,1.0,3.0,67404,M,0.0,0.0,67
201100009733,11,10,14,1130,1,1,1,1.0,2.0,67339,M,4889900.0,793800.0,67
201100009734,11,10,21,700,2,2,1,8.0,3.0,67213,M,0.0,0.0,67
201100009735,11,11,12,100,3,1,1,1.0,7.0,67487,M,4892400.0,786300.0,67
201100009736,11,12,10,1445,1,2,1,2.0,3.0,67339,M,4890300.0,789900.0,67
201100009737,11,2,27,1900,3,1,1,1.0,7.0,67263,M,4900300.0,781400.0,67
201100009738,11,6,7,1515,1,1,1,1.0,6.0,67303,M,4891400.0,774100.0,67
201100009739,11,6,26,15,5,2,1,1.0,6.0,67341,M,4893200.0,775700.0,67
201100009740,11,7,23,1415,1,1,1,8.0,7.0,67075,M,4902400.0,786000.0,67
201100009741,11,7,29,1030,1,1,1,1.0,7.0,67160,M,4897300.0,776500.0,67
201100009742,11,9,4,1645,1,1,1,2.0,6.0,67379,M,4894400.0,780100.0,67
201100009743,11,10,3,845,1,1,1,1.0,3.0,67550,M,4899600.0,784600.0,67
201100009744,11,10,14,1030,1,2,1,1.0,6.0,67334,M,4903500.0,771400.0,67
201100009745,11,10,22,1615,1,1,1,1.0,2.0,67379,M,4894500.0,781000.0,67
201100009746,11,2,7,1600,1,2,1,1.0,6.0,68007,M,4806468.0,741672.0,68
201100009747,11,3,4,1645,1,2,6,1.0,3.0,68007,M,4806091.0,742143.0,68
201100009748,11,3,10,1500,1,1,1,1.0,7.0,68007,M,4808140.0,742476.0,68
201100009749,11,4,7,1730,1,1,6,1.0,7.0,68007,M,4806636.0,741760.0,68
201100009750,11,5,4,1600,1,1,1,1.0,2.0,68007,M,4805136.0,745290.0,68
201100009751,11,7,8,1830,1,1,1,1.0,2.0,68295,M,4801463.0,736701.0,68
201100009752,11,8,13,1230,1,1,1,1.0,3.0,68331,M,4805105.0,740109.0,68
201100009753,11,9,2,1830,1,1,6,1.0,2.0,68146,M,4812014.0,736656.0,68
201100009754,11,10,2,800,3,1,1,1.0,6.0,68157,M,4812266.0,750480.0,68
201100009755,11,10,7,500,3,1,1,1.0,6.0,68295,M,4802553.0,740446.0,68
201100009756,11,11,10,2200,3,1,1,2.0,6.0,68295,M,4801600.0,735240.0,68
201100009757,11,11,28,845,1,1,2,1.0,3.0,68295,M,4799558.0,738100.0,68
201100009758,11,12,1,930,1,1,2,1.0,1.0,68157,M,4812502.0,748372.0,68
201100009759,11,12,19,1815,3,1,3,2.0,1.0,68076,M,4808986.0,751630.0,68
201100009760,11,12,22,130,3,1,1,2.0,6.0,68019,M,4809220.0,756930.0,68
201100009761,11,12,25,45,5,2,1,8.0,6.0,68069,M,4797880.0,748785.0,68
201100009762,11,8,14,1545,1,1,1,1.0,2.0,68097,M,4818039.0,721070.0,68
201100009763,11,2,25,2115,4,1,1,8.0,1.0,68175,M,4814199.0,718110.0,68
201100009764,11,5,15,600,2,1,1,1.0,6.0,68173,M,4808117.0,717155.0,68
201100009765,11,5,14,730,1,2,1,1.0,6.0,68226,M,4804101.0,713890.0,68
201100009766,11,6,3,1342,1,1,1,1.0,2.0,68311,M,4798894.0,706916.0,68
201100009767,11,6,18,115,3,1,1,1.0,6.0,68109,M,4804214.0,716866.0,68
201100009768,11,6,29,800,1,1,1,3.0,1.0,68368,M,4804287.0,719734.0,68
201100009769,11,6,30,1615,1,2,1,1.0,7.0,68117,M,4804555.0,716752.0,68
201100009770,11,6,30,2230,3,1,1,1.0,6.0,68329,M,4806454.0,706757.0,68
201100009771,11,7,14,1915,1,2,3,1.0,3.0,68317,M,4807296.0,710061.0,68
201100009772,11,7,19,1230,1,1,3,1.0,3.0,68329,M,4806720.0,707590.0,68
201100009773,11,8,7,1945,2,1,1,1.0,1.0,68329,M,4806372.0,703035.0,68
201100009774,11,8,26,1515,1,1,1,1.0,5.0,68368,M,4804906.0,721450.0,68
201100009775,11,8,28,1145,1,2,6,1.0,3.0,68226,M,4804209.0,715960.0,68
201100009776,11,9,3,1015,1,2,1,7.0,3.0,68226,M,4804441.0,712641.0,68
201100009777,11,1,6,2100,3,1,1,8.0,7.0,68036,M,4805833.0,753742.0,68
201100009778,11,2,4,730,2,1,1,1.0,3.0,68172,M,4808188.0,752490.0,68
201100009779,11,2,17,1730,2,1,2,1.0,3.0,68246,M,4798905.0,753582.0,68
201100009780,11,2,18,1845,3,1,1,1.0,6.0,68019,M,4809462.0,753896.0,68
201100009781,11,3,7,1130,1,2,1,1.0,3.0,68036,M,4804416.0,754682.0,68
201100009782,11,4,10,1745,1,1,2,7.0,3.0,68231,M,4801368.0,753321.0,68
201100009783,11,4,23,515,3,1,1,1.0,6.0,68036,M,4804836.0,752560.0,68
201100009784,11,5,4,800,1,1,1,7.0,3.0,68110,M,4813810.0,748591.0,68