Num_Acc,an,mois,jour,hrmn,lum,agg,int,atm,col,com,gps,lat,long,dep
201100009785,11,5,23,1145,1,1,1,1.0,2.0,68352,M,4801125.0,753417.0,68
201100009786,11,6,4,1915,1,1,1,1.0,6.0,68076,M,4809046.0,751482.0,68
201100009787,11,6,26,1300,1,2,1,1.0,6.0,68246,M,4798829.0,755376.0,68
201100009788,11,7,29,915,1,1,1,1.0,7.0,68367,M,4805756.0,749822.0,68
201100009789,11,9,27,1545,1,2,1,1.0,3.0,68352,M,4802539.0,753349.0,68
201100009790,11,10,20,1930,5,2,2,1.0,3.0,68246,M,4798946.0,755110.0,68
201100009791,11,11,4,2015,3,2,1,1.0,1.0,68352,M,4803123.0,753633.0,68
201100009792,11,11,25,100,3,1,1,1.0,6.0,68069,M,4798981.0,749605.0,68
201100009793,11,1,16,800,1,1,1,1.0,7.0,68162,M,4813525.0,726215.0,68
201100009794,11,3,18,930,1,2,1,1.0,1.0,68028,M,4820485.0,735337.0,68
201100009795,11,3,28,1530,1,1,1,1.0,5.0,68162,M,4815601.0,721609.0,68
201100009796,11,4,5,1615,1,1,1,1.0,2.0,68162,M,4815345.0,720910.0,68
201100009797,11,6,12,1445,1,1,1,1.0,7.0,68269,M,4822692.0,723586.0,68
201100009798,11,7,12,845,1,1,1,1.0,3.0,68023,M,4816613.0,735572.0,68
201100009799,11,8,22,1900,1,1,1,1.0,7.0,68335,M,4822725.0,730441.0,68
201100009800,11,8,28,545,3,1,1,1.0,7.0,68014,M,4819109.0,722307.0,68
201100009801,11,9,3,1230,1,1,1,1.0,6.0,68269,M,4821350.0,724054.0,68
201100009802,11,9,17,1115,1,1,1,1.0,6.0,68296,M,4822703.0,738202.0,68
201100009803,11,10,2,215,5,2,1,1.0,6.0,68269,M,4819580.0,731982.0,68
201100009804,11,1,16,200,3,1,1,1.0,6.0,68185,M,4826667.0,729994.0,68
201100009805,11,1,31,1900,5,2,1,1.0,6.0,68298,M,4824602.0,718309.0,68
201100009806,11,6,27,1930,1,2,1,1.0,3.0,68185,M,4826779.0,725023.0,68
201100009807,11,7,10,230,5,2,1,1.0,6.0,68298,M,4824248.0,716657.0,68
201100009808,11,11,25,1740,3,1,1,1.0,1.0,68298,M,4824824.0,714616.0,68
201100009809,11,1,2,1530,1,1,1,8.0,3.0,68338,M,4808888.0,724055.0,68
201100009810,11,3,22,1730,1,1,1,1.0,1.0,68338,M,4808410.0,729370.0,68
201100009811,11,5,28,1830,1,2,1,1.0,7.0,68374,M,4807700.0,729200.0,68
201100009812,11,8,28,400,3,1,1,1.0,5.0,68134,M,4803135.0,731204.0,68
201100009813,11,9,3,945,1,1,1,1.0,2.0,68338,M,4808680.0,728473.0,68
201100009814,11,10,7,1730,1,2,6,1.0,3.0,68374,M,4807433.0,729490.0,68
201100009815,11,10,18,1900,3,1,1,1.0,2.0,68134,M,4802671.0,731775.0,68
201100009816,11,10,21,745,1,2,3,8.0,3.0,68374,M,4806916.0,730066.0,68
201100009817,11,12,23,2300,3,1,1,2.0,1.0,68365,M,4806005.0,732036.0,68
201100009818,11,2,2,1745,3,1,1,1.0,3.0,68062,M,4762727.0,718236.0,68
201100009819,11,2,11,2145,3,1,3,1.0,6.0,68138,M,4759567.0,724165.0,68
201100009820,11,3,6,30,5,2,1,1.0,1.0,68158,M,4759908.0,737229.0,68
201100009821,11,4,15,1815,1,2,1,1.0,6.0,68138,M,4758583.0,725870.0,68
201100009822,11,6,22,1145,1,1,1,3.0,1.0,68325,M,4755125.0,734552.0,68
201100009823,11,8,12,2000,1,1,1,1.0,6.0,68221,M,4755012.0,735656.0,68
201100009824,11,9,17,530,3,1,1,1.0,7.0,68222,M,4753111.0,742271.0,68
201100009825,11,9,17,1700,1,2,1,2.0,7.0,68075,M,4752654.0,733958.0,68
201100009826,11,12,8,1815,3,1,1,1.0,6.0,68062,M,4763401.0,719249.0,68
201100009827,11,12,6,1745,3,2,1,3.0,4.0,68138,M,4757829.0,724745.0,68
201100009828,11,2,15,1645,1,2,1,1.0,2.0,68068,M,4763055.0,712206.0,68
201100009829,11,5,12,2145,3,1,1,1.0,7.0,68337,M,4766908.0,710380.0,68
201100009830,11,9,24,1445,1,1,3,1.0,3.0,68065,M,4765226.0,704682.0,68
201100009831,11,9,23,1245,1,2,1,1.0,1.0,68152,M,4768349.0,727630.0,68
201100009832,11,9,29,1645,1,1,1,1.0,1.0,68141,M,4771252.0,728438.0,68
201100009833,11,10,19,700,5,2,1,3.0,6.0,68068,M,4763130.0,712022.0,68
201100009834,11,11,12,1730,5,2,1,1.0,3.0,68002,M,4760730.0,711405.0,68
201100009835,11,1,16,1300,1,1,1,1.0,7.0,68259,M,4745869.0,734180.0,68
201100009836,11,2,12,300,3,1,1,1.0,7.0,68128,M,4754918.0,725267.0,68
201100009837,11,4,2,1330,1,2,4,1.0,3.0,68347,M,4750328.0,730028.0,68
201100009838,11,4,15,15,5,2,1,1.0,6.0,68330,M,4758537.0,712286.0,68
201100009839,11,5,3,2030,2,2,3,1.0,3.0,68257,M,4750411.0,716567.0,68
201100009840,11,5,14,2330,3,1,1,2.0,7.0,68128,M,4756710.0,723686.0,68
201100009841,11,5,29,1230,1,2,1,1.0,2.0,68347,M,4750333.0,730000.0,68
201100009842,11,6,5,515,2,1,1,8.0,6.0,68288,M,4755082.0,725978.0,68
201100009843,11,7,20,715,2,1,1,2.0,1.0,68090,M,4749798.0,731676.0,68
201100009844,11,7,23,100,3,1,1,2.0,6.0,68347,M,4750409.0,729480.0,68
201100009845,11,7,29,1830,1,2,6,1.0,3.0,68087,M,4753586.0,726520.0,68
201100009846,11,10,17,1400,1,2,1,1.0,3.0,68090,M,4749782.0,731011.0,68
201100009847,11,10,21,730,2,1,1,5.0,6.0,68340,M,4753837.0,714466.0,68
201100009848,11,11,12,845,2,1,1,5.0,6.0,68039,M,4753528.0,720512.0,68
201100009849,11,12,22,1730,5,2,1,8.0,3.0,68347,M,4749979.0,730666.0,68
201100009850,11,3,15,1000,1,1,3,1.0,3.0,68082,M,4786198.0,737170.0,68
201100009851,11,6,27,915,1,1,1,1.0,7.0,68235,M,4798841.0,740385.0,68
201100009852,11,7,4,1930,1,1,1,1.0,3.0,68242,M,4797110.0,737330.0,68
201100009853,11,8,8,1800,1,1,1,2.0,6.0,68235,M,4800210.0,734350.0,68
201100009854,11,10,5,2030,3,1,1,1.0,7.0,68225,M,4787730.0,741780.0,68
201100009855,11,12,5,2200,3,1,1,2.0,6.0,68266,M,4789493.0,732922.0,68
201100009856,11,1,16,1330,1,1,6,1.0,3.0,68315,M,4787350.0,724750.0,68
201100009857,11,3,15,2130,3,1,9,1.0,6.0,68287,M,4794497.0,728823.0,68
201100009858,11,4,17,15,3,1,1,1.0,6.0,68258,M,4783853.0,727680.0,68
201100009859,11,5,29,1245,1,2,1,1.0,7.0,68251,M,4798605.0,721716.0,68
201100009860,11,8,11,1930,2,1,1,1.0,7.0,68122,M,4785640.0,720720.0,68
201100009861,11,8,14,1415,1,2,3,1.0,3.0,68111,M,4800296.0,728218.0,68
201100009862,11,9,12,1815,1,2,1,1.0,6.0,68381,M,4787378.0,720798.0,68
201100009863,11,11,23,1815,5,2,1,1.0,2.0,68343,M,4787747.0,730416.0,68
201100009864,11,11,26,1245,1,1,1,1.0,3.0,68043,M,4785510.0,724210.0,68
201100009865,11,12,14,1600,2,1,1,2.0,3.0,68343,M,4785896.0,728486.0,68
201100009866,11,4,14,1700,1,2,1,1.0,3.0,68154,M,0.0,0.0,68
201100009867,11,8,17,1945,1,2,2,1.0,3.0,68154,M,4778407.0,735086.0,68
201100009868,11,12,7,1800,5,2,1,2.0,6.0,68154,M,4777600.0,734672.0,68
201100009869,11,1,13,745,2,2,1,2.0,6.0,68218,M,4773728.0,726578.0,68
201100009870,11,2,17,1230,1,2,1,1.0,1.0,68195,M,4776312.0,726445.0,68
201100009871,11,7,3,300,3,1,1,1.0,1.0,68101,M,4769778.0,722220.0,68
201100009872,11,9,27,1900,1,2,1,1.0,6.0,68218,M,4773890.0,727452.0,68
201100009873,11,12,3,1045,1,2,3,8.0,1.0,68384,M,4769570.0,729791.0,68
201100009874,11,1,10,1530,1,2,1,1.0,7.0,68286,M,4762858.0,754385.0,68
201100009875,11,2,17,1715,1,2,1,8.0,6.0,68263,M,4758918.0,745265.0,68
201100009876,11,2,18,2015,5,2,1,1.0,1.0,68120,M,4752366.0,747666.0,68
201100009877,11,4,7,1630,1,1,1,1.0,2.0,68135,M,4758195.0,752140.0,68
201100009878,11,4,23,1415,1,2,1,1.0,6.0,68349,M,4760771.0,757620.0,68
201100009879,11,6,24,845,1,1,6,1.0,2.0,68135,M,4757281.0,750098.0,68
201100009880,11,8,7,445,3,1,1,1.0,6.0,68263,M,4758823.0,743528.0,68
201100009881,11,12,21,2245,5,2,1,2.0,6.0,68042,M,4760063.0,749665.0,68
201100009882,11,3,17,1530,1,1,1,2.0,1.0,68323,M,4768259.0,736505.0,68
201100009883,11,7,4,1000,1,1,1,1.0,3.0,68309,M,4766925.0,745873.0,68
201100009884,11,10,3,645,2,1,1,1.0,1.0,68021,M,4763949.0,751799.0,68
201100009885,11,10,8,615,3,1,1,1.0,6.0,68309,M,4765799.0,746570.0,68
201100009886,11,11,16,1625,2,1,1,1.0,6.0,68327,M,4763101.0,742404.0,68
201100009887,11,4,5,415,5,2,1,1.0,6.0,68334,M,4780871.0,710563.0,68
201100009888,11,4,8,2030,5,2,3,1.0,3.0,68040,M,4782884.0,707997.0,68
201100009889,11,4,24,915,1,1,1,1.0,7.0,68180,M,4778563.0,710383.0,68
201100009890,11,5,17,1030,1,2,1,1.0,2.0,68334,M,4780914.0,710462.0,68
201100009891,11,6,9,745,1,2,2,1.0,3.0,68334,M,4780369.0,710814.0,68
201100009892,11,7,11,1720,1,2,1,1.0,1.0,68334,M,4780915.0,710900.0,68
201100009893,11,7,13,1330,1,2,1,1.0,6.0,68372,M,4784667.0,706749.0,68
201100009894,11,8,13,1245,1,1,1,1.0,1.0,68040,M,4781974.0,707553.0,68
201100009895,11,8,13,1900,1,1,1,1.0,6.0,68106,M,4787086.0,712275.0,68
201100009896,11,9,10,1130,1,2,1,1.0,5.0,68334,M,4781150.0,709814.0,68
201100009897,11,10,22,1215,1,2,1,1.0,6.0,68372,M,4785021.0,706351.0,68
201100009898,11,12,12,1630,1,2,1,1.0,6.0,68334,M,4780168.0,710474.0,68
201100009899,11,11,24,145,5,2,1,1.0,6.0,68302,M,4775227.0,716931.0,68
201100009900,11,7,12,1215,1,2,1,1.0,3.0,68063,M,4779443.0,717194.0,68
201100009901,11,8,5,1715,1,1,1,8.0,3.0,68063,M,4778731.0,718214.0,68
201100009902,11,11,10,1645,1,1,1,1.0,2.0,68063,M,4781132.0,716051.0,68
201100009903,11,12,14,1030,1,2,1,3.0,6.0,68063,M,4779509.0,716676.0,68
201100009904,11,5,27,1330,1,1,1,1.0,7.0,68370,M,4798335.0,696457.0,68
201100009905,11,6,3,1200,1,1,1,1.0,6.0,68247,M,4794752.0,699606.0,68
201100009906,11,7,31,1045,1,2,1,1.0,1.0,68211,M,4787482.0,701080.0,68
201100009907,11,11,20,1615,1,1,1,1.0,6.0,68292,M,4791006.0,705122.0,68
201100009908,11,2,1,1130,1,1,1,1.0,6.0,68031,M,4770253.0,717565.0,68
201100009909,11,2,23,1315,1,1,1,1.0,3.0,68115,M,4774980.0,711317.0,68
201100009910,11,4,4,900,1,1,1,1.0,6.0,68060,M,4774154.0,713770.0,68
201100009911,11,4,22,1145,1,1,1,1.0,5.0,68059,M,4772736.0,716684.0,68
201100009912,11,6,16,2030,1,1,1,1.0,7.0,68052,M,4771322.0,706702.0,68
201100009913,11,7,17,1630,1,1,1,1.0,7.0,68313,M,4772264.0,707369.0,68
201100009914,11,7,28,1930,1,1,1,2.0,1.0,68361,M,4780366.0,695219.0,68
201100009915,11,8,18,1500,1,1,1,7.0,6.0,68031,M,4770070.0,717873.0,68
201100009916,11,8,31,1930,1,2,1,1.0,2.0,68201,M,4777353.0,700035.0,68
201100009917,11,9,10,1615,1,1,1,7.0,5.0,68046,M,4780114.0,703630.0,68
201100009918,11,10,29,2345,5,1,6,1.0,6.0,68059,M,4772525.0,717140.0,68
201100009919,11,11,10,2000,5,2,1,5.0,6.0,68201,M,4777357.0,700026.0,68
201100009920,11,12,16,1630,1,1,1,6.0,5.0,68059,M,4771346.0,716557.0,68
201100009921,11,1,1,430,3,1,1,5.0,7.0,51566,M,0.0,0.0,51
201100009922,11,2,2,630,3,1,2,9.0,3.0,51146,M,0.0,0.0,51
201100009923,11,3,5,2040,3,1,1,1.0,7.0,51617,M,0.0,0.0,51
201100009924,11,4,7,1030,1,1,1,1.0,6.0,51146,M,0.0,0.0,51
201100009925,11,5,7,1330,1,2,8,1.0,3.0,51502,M,0.0,0.0,51
201100009926,11,5,25,430,2,1,1,1.0,6.0,51227,M,0.0,0.0,51
201100009927,11,6,3,1715,1,2,1,1.0,7.0,51482,M,0.0,0.0,51
201100009928,11,7,3,1715,1,2,2,1.0,5.0,51482,M,0.0,0.0,51
201100009929,11,12,12,1900,3,1,1,2.0,1.0,51087,M,4886828.0,430803.0,51
201100009930,11,1,1,1900,5,2,2,2.0,3.0,51388,M,0.0,0.0,51
201100009931,11,1,5,700,3,1,1,1.0,1.0,51147,M,0.0,0.0,51
201100009932,11,2,9,700,3,1,1,1.0,6.0,51476,M,0.0,0.0,51
201100009933,11,4,22,1315,1,1,1,1.0,6.0,51031,M,0.0,0.0,51
201100009934,11,6,3,300,3,2,1,1.0,6.0,51559,M,0.0,0.0,51
201100009935,11,6,30,1815,1,1,3,1.0,6.0,51326,M,0.0,0.0,51
201100009936,11,8,3,1830,1,1,1,2.0,1.0,51476,M,0.0,0.0,51
201100009937,11,8,28,2215,3,1,1,1.0,7.0,51078,M,0.0,0.0,51
201100009938,11,10,7,700,3,1,1,2.0,5.0,51326,M,4911471.0,425299.0,51
201100009939,11,12,9,200,5,2,1,1.0,1.0,51559,M,4912800.0,453579.0,51
201100009940,11,4,13,1415,1,1,1,1.0,1.0,51093,M,0.0,0.0,51
201100009941,11,5,17,1745,1,1,1,1.0,2.0,51627,M,0.0,0.0,51
201100009942,11,6,24,1215,1,1,2,1.0,3.0,51158,M,4882123.0,395599.0,51
201100009943,11,8,1,845,1,1,1,1.0,2.0,51434,M,0.0,0.0,51
201100009944,11,8,30,1415,1,1,1,1.0,6.0,51612,M,0.0,0.0,51
201100009945,11,9,6,1715,1,2,3,1.0,3.0,51612,M,4890537.0,401292.0,51
201100009946,11,9,25,1245,1,1,2,1.0,3.0,51384,M,4897096.0,390672.0,51
201100009947,11,11,7,1505,1,1,2,1.0,3.0,51434,M,4901382.0,407211.0,51
201100009948,11,11,14,1500,1,1,8,1.0,1.0,51158,M,4880607.0,398481.0,51
201100009949,11,11,24,500,3,1,1,5.0,6.0,51367,M,4894352.0,400882.0,51
201100009950,11,1,24,1930,4,1,1,1.0,2.0,51410,M,0.0,0.0,51
201100009951,11,2,19,1815,2,1,1,8.0,6.0,51298,M,0.0,0.0,51
201100009952,11,2,26,1230,1,1,1,2.0,3.0,51410,M,0.0,0.0,51
201100009953,11,3,3,2100,5,2,2,1.0,3.0,51217,M,0.0,0.0,51
201100009954,11,3,8,1930,5,2,1,1.0,2.0,51425,M,0.0,0.0,51
201100009955,11,3,9,1330,1,1,4,1.0,3.0,51136,M,0.0,0.0,51
201100009956,11,3,12,1515,1,2,1,1.0,6.0,51298,M,0.0,0.0,51
201100009957,11,4,2,1915,1,1,1,1.0,6.0,51457,M,0.0,0.0,51
201100009958,11,4,29,1815,1,2,1,1.0,6.0,51249,M,0.0,0.0,51
201100009959,11,6,1,1715,1,1,1,1.0,6.0,51136,M,0.0,0.0,51
201100009960,11,7,16,1030,1,2,1,1.0,7.0,51085,M,0.0,0.0,51
201100009961,11,7,26,730,1,1,1,1.0,3.0,51217,M,0.0,0.0,51
201100009962,11,9,26,1315,1,1,1,1.0,6.0,51136,M,0.0,0.0,51
201100009963,11,10,8,1715,1,2,2,8.0,3.0,51217,M,4907509.0,363766.0,51
201100009964,11,11,17,1600,1,1,1,8.0,1.0,51199,M,4914121.0,383141.0,51
201100009965,11,11,27,1845,3,1,1,1.0,7.0,51298,M,4902868.0,369166.0,51
201100009966,11,5,24,1900,1,1,1,1.0,1.0,51165,M,4873659.0,394058.0,51
201100009967,11,9,27,1715,1,1,1,1.0,7.0,51035,M,4881173.0,389918.0,51
201100009968,11,12,11,1315,1,1,1,1.0,7.0,51545,M,4874952.0,423636.0,51
201100009969,11,12,17,2100,3,1,1,8.0,6.0,51248,M,4878461.0,406055.0,51
201100009970,11,3,7,1445,1,1,1,1.0,6.0,51100,M,0.0,0.0,51
201100009971,11,3,26,1600,1,1,1,1.0,6.0,51264,M,0.0,0.0,51
201100009972,11,4,15,2345,3,2,1,1.0,7.0,51380,M,0.0,0.0,51
201100009973,11,5,23,1430,1,1,1,1.0,6.0,51380,M,0.0,0.0,51
201100009974,11,7,23,1915,1,2,1,1.0,6.0,51175,M,0.0,0.0,51
201100009975,11,8,30,1945,2,1,1,1.0,7.0,51380,M,0.0,0.0,51
201100009976,11,12,2,1515,1,2,2,7.0,3.0,51033,M,4896376.0,378790.0,51
201100009977,11,12,20,1915,3,1,1,2.0,1.0,51542,M,4881797.0,373502.0,51
201100009978,11,12,29,830,1,1,1,9.0,7.0,51460,M,4884759.0,349121.0,51
201100009979,11,3,24,830,1,1,1,1.0,6.0,51492,M,0.0,0.0,51
201100009980,11,4,13,2045,2,2,1,1.0,6.0,51237,M,0.0,0.0,51
201100009981,11,4,25,2000,1,2,1,1.0,6.0,51492,M,0.0,0.0,51
201100009982,11,4,27,1200,1,1,1,1.0,7.0,51514,M,0.0,0.0,51
201100009983,11,4,29,1030,1,1,1,1.0,1.0,51514,M,0.0,0.0,51
201100009984,11,5,1,1700,1,2,3,1.0,6.0,51360,M,0.0,0.0,51
201100009985,11,5,14,2045,2,1,1,9.0,7.0,51265,M,0.0,0.0,51
201100009986,11,5,16,1015,1,1,2,1.0,3.0,51535,M,0.0,0.0,51
201100009987,11,6,1,800,1,2,1,1.0,3.0,51279,M,0.0,0.0,51
201100009988,11,7,7,1121,1,1,1,1.0,1.0,51233,M,4869400.0,354426.0,51
201100009989,11,7,21,2330,5,2,1,1.0,6.0,51237,M,0.0,0.0,51
201100009990,11,7,30,1245,1,1,1,1.0,1.0,51514,M,0.0,0.0,51
201100009991,11,8,15,2000,2,1,1,1.0,7.0,51279,M,0.0,0.0,51
201100009992,11,8,18,510,3,1,1,1.0,6.0,51237,M,0.0,0.0,51
201100009993,11,9,9,900,1,2,1,1.0,2.0,51162,M,0.0,0.0,51
201100009994,11,9,23,1715,1,1,1,1.0,1.0,51155,M,0.0,0.0,51
201100009995,11,9,24,1530,1,2,6,1.0,1.0,51535,M,4872565.0,370549.0,51
201100009996,11,9,30,800,2,1,1,1.0,6.0,51535,M,4872553.0,371041.0,51
201100009997,11,10,2,1700,2,1,1,7.0,6.0,51343,M,4855682.0,371337.0,51
201100009998,11,10,2,2200,3,1,1,1.0,6.0,51056,M,4861619.0,360565.0,51
201100009999,11,10,14,1445,1,1,2,1.0,3.0,51237,M,4871860.0,354740.0,51
201100010000,11,10,28,345,3,1,1,1.0,2.0,51407,M,4872950.0,365028.0,51
201100010001,11,12,21,2314,4,1,1,2.0,1.0,51323,M,4872280.0,380374.0,51
201100010002,11,1,4,1100,1,2,9,8.0,1.0,51250,M,0.0,0.0,51
201100010003,11,1,7,745,2,2,1,2.0,6.0,51250,M,0.0,0.0,51
201100010004,11,3,24,1745,1,2,3,1.0,1.0,51308,M,0.0,0.0,51
201100010005,11,4,8,2100,2,1,1,1.0,6.0,51250,M,0.0,0.0,51
201100010006,11,4,21,1700,1,1,1,1.0,1.0,51308,M,4928173.0,383127.0,51
201100010007,11,2,18,1915,3,1,3,1.0,1.0,51310,M,0.0,0.0,51
201100010008,11,3,9,800,1,2,1,1.0,1.0,51291,M,0.0,0.0,51
201100010009,11,3,21,745,1,1,1,7.0,4.0,51569,M,0.0,0.0,51
201100010010,11,4,11,1400,1,1,1,1.0,1.0,51418,M,0.0,0.0,51
201100010011,11,6,25,15,5,2,1,1.0,7.0,51291,M,0.0,0.0,51
201100010012,11,8,28,1400,1,2,3,1.0,3.0,51532,M,0.0,0.0,51
201100010013,11,9,6,100,5,2,1,1.0,6.0,51140,M,0.0,0.0,51
201100010014,11,9,27,645,3,1,1,1.0,1.0,51391,M,0.0,0.0,51
201100010015,11,10,12,1245,1,1,1,1.0,1.0,51488,M,4912481.0,398909.0,51
201100010016,11,11,4,1830,3,1,1,1.0,6.0,51391,M,4927537.0,386118.0,51
201100010017,11,12,1,1715,3,1,2,2.0,3.0,51391,M,4927349.0,388227.0,51
201100010018,11,12,14,615,3,1,1,3.0,7.0,51183,M,4931502.0,397953.0,51
201100010019,11,1,8,1700,1,2,1,1.0,6.0,51173,M,0.0,0.0,51
201100010020,11,1,10,1545,1,1,6,5.0,7.0,51028,M,0.0,0.0,51
201100010021,11,3,26,830,1,1,1,1.0,6.0,51393,M,0.0,0.0,51
201100010022,11,3,29,715,1,1,1,1.0,3.0,51153,M,0.0,0.0,51
201100010023,11,4,1,1800,1,1,1,1.0,7.0,51576,M,0.0,0.0,51
201100010024,11,7,5,2315,3,1,1,1.0,6.0,51287,M,0.0,0.0,51
201100010025,11,7,22,1930,1,1,1,1.0,1.0,51564,M,0.0,0.0,51
201100010026,11,8,24,1730,1,1,3,1.0,3.0,51287,M,0.0,0.0,51
201100010027,11,9,3,1400,1,1,1,1.0,1.0,51028,M,4907419.0,405884.0,51
201100010028,11,12,1,1830,3,1,1,8.0,3.0,51605,M,4907588.0,385242.0,51
201100010029,11,12,9,2145,3,1,1,1.0,1.0,51076,M,4906447.0,385347.0,51
201100010030,11,12,22,1645,1,1,1,1.0,3.0,51210,M,4907140.0,397382.0,51
201100010031,11,1,13,1730,5,2,1,1.0,6.0,51649,M,0.0,0.0,51
201100010032,11,2,2,2230,3,1,1,9.0,6.0,51649,M,0.0,0.0,51
201100010033,11,4,22,1615,1,1,3,1.0,3.0,51340,M,0.0,0.0,51
201100010034,11,5,29,1,3,1,1,1.0,6.0,51156,M,0.0,0.0,51
201100010035,11,7,5,1445,1,1,1,1.0,3.0,51262,M,0.0,0.0,51
201100010036,11,7,22,1445,1,2,2,1.0,3.0,51649,M,0.0,0.0,51
201100010037,11,7,27,1630,1,1,1,1.0,6.0,51195,M,0.0,0.0,51
201100010038,11,9,2,945,1,2,2,1.0,3.0,51649,M,4872595.0,458028.0,51
201100010039,11,9,13,1600,1,1,1,1.0,5.0,51352,M,0.0,0.0,51
201100010040,11,9,19,1315,1,2,1,1.0,6.0,51649,M,0.0,0.0,51
201100010041,11,9,19,745,1,1,1,1.0,1.0,51141,M,0.0,0.0,51
201100010042,11,10,7,715,5,2,1,2.0,3.0,51649,M,4872207.0,460146.0,51
201100010043,11,10,15,2200,3,2,1,1.0,6.0,51295,M,4870148.0,455100.0,51
201100010044,11,10,25,145,3,1,1,2.0,1.0,51195,M,4877843.0,458931.0,51
201100010045,11,10,25,1430,1,1,1,1.0,2.0,51065,M,4872998.0,457171.0,51
201100010046,11,11,30,600,3,1,1,5.0,2.0,51141,M,4882316.0,453847.0,51
201100010047,11,12,3,1850,3,1,1,2.0,2.0,51295,M,4869883.0,455745.0,51
201100010048,11,12,8,920,1,2,1,1.0,6.0,51649,M,4872184.0,458839.0,51
201100010049,11,12,27,1730,2,2,6,1.0,3.0,51649,M,4872884.0,458686.0,51
201100010050,11,1,12,1800,5,2,3,2.0,6.0,51531,M,0.0,0.0,51
201100010051,11,1,15,1010,1,1,1,1.0,1.0,51442,M,0.0,0.0,51
201100010052,11,3,6,1700,1,1,1,1.0,2.0,51373,M,0.0,0.0,51
201100010053,11,3,11,645,2,1,1,1.0,3.0,51363,M,0.0,0.0,51
201100010054,11,3,18,2115,5,2,1,2.0,6.0,51423,M,0.0,0.0,51
201100010055,11,6,26,2100,2,1,3,1.0,1.0,51008,M,0.0,0.0,51
201100010056,11,7,9,1130,1,1,1,1.0,7.0,51122,M,0.0,0.0,51
201100010057,11,9,6,345,4,2,1,1.0,6.0,51567,M,0.0,0.0,51
201100010058,11,10,7,1945,2,1,1,1.0,5.0,51349,M,4854510.0,452094.0,51
201100010059,11,10,9,1300,1,1,1,1.0,1.0,51144,M,4874513.0,490649.0,51
201100010060,11,12,9,515,3,1,1,2.0,7.0,51286,M,4865376.0,478441.0,51
201100010061,11,12,20,945,1,1,2,2.0,3.0,51373,M,4865357.0,466357.0,51
201100010062,11,2,1,1100,1,1,1,5.0,6.0,51027,M,0.0,0.0,51
201100010063,11,4,19,1830,1,1,1,1.0,6.0,51206,M,0.0,0.0,51
201100010064,11,6,1,1715,1,2,3,7.0,3.0,51027,M,4903607.0,469364.0,51
201100010065,11,10,20,1615,1,1,1,1.0,6.0,51549,M,4895290.0,472050.0,51
201100010066,11,12,10,2345,3,1,1,1.0,2.0,51507,M,4907538.0,488924.0,51
201100010067,11,3,5,245,3,1,1,1.0,6.0,08076,M,4969290.0,467964.0,08
201100010068,11,3,19,1230,1,1,2,8.0,5.0,08263,M,4974490.0,479056.0,08
201100010069,11,3,29,800,2,1,4,1.0,3.0,08385,M,4976770.0,477830.0,08
201100010070,11,6,19,1330,1,1,3,1.0,2.0,08283,M,4962960.0,461608.0,08
201100010071,11,7,7,900,1,1,1,1.0,6.0,08152,M,4965490.0,474720.0,08
201100010072,11,1,7,815,2,2,1,2.0,6.0,08328,M,4981930.0,474106.0,08
201100010073,11,5,4,1400,1,2,1,1.0,6.0,08081,M,4985230.0,476384.0,08
201100010074,11,5,6,1830,1,1,1,1.0,6.0,08448,M,4988310.0,482111.0,08
201100010075,11,5,7,300,3,1,1,1.0,6.0,08302,M,4991600.0,476986.0,08
201100010076,11,5,8,1530,1,2,1,1.0,7.0,08081,M,4986230.0,474873.0,08
201100010077,11,6,1,1615,1,2,9,1.0,1.0,08302,M,4988150.0,473011.0,08
201100010078,11,7,4,1100,1,2,1,1.0,3.0,08328,M,4982320.0,474277.0,08
201100010079,11,7,9,1630,1,2,1,1.0,6.0,08218,M,4988440.0,484125.0,08
201100010080,11,8,1,1830,1,1,1,1.0,6.0,08302,M,4986800.0,473412.0,08
201100010081,11,9,11,315,5,2,1,1.0,6.0,08081,M,0.0,0.0,08
201100010082,11,10,8,1000,1,2,1,9.0,6.0,08081,M,4981680.0,474015.0,08
201100010083,11,10,18,1000,1,2,1,1.0,6.0,08328,M,0.0,0.0,08
201100010084,11,11,3,1715,2,2,1,2.0,1.0,08218,M,0.0,0.0,08
201100010085,11,11,19,1445,1,1,1,1.0,1.0,08188,M,4978810.0,479814.0,08
201100010086,11,11,24,1,3,1,1,1.0,7.0,08328,M,4983170.0,474510.0,08
201100010087,11,6,1,2000,1,1,1,1.0,7.0,08460,M,4986080.0,451307.0,08
201100010088,11,6,11,1615,1,2,1,1.0,6.0,08450,M,0.0,0.0,08
201100010089,11,10,6,2045,3,1,1,1.0,7.0,08137,M,0.0,0.0,08
201100010090,11,12,20,1315,1,1,1,1.0,1.0,08297,M,4983580.0,467924.0,08
201100010091,11,1,20,1530,1,2,1,1.0,1.0,08185,M,4999180.0,468918.0,08
201100010092,11,1,20,1630,1,1,3,1.0,6.0,08222,M,5001230.0,470410.0,08