Num_Acc,an,mois,jour,hrmn,lum,agg,int,atm,col,com,gps,lat,long,dep
201100010093,11,3,22,1630,1,1,1,1.0,6.0,08222,M,5000720.0,469240.0,08
201100010094,11,4,17,1815,1,2,1,1.0,7.0,08185,M,4998560.0,469097.0,08
201100010095,11,8,18,1115,1,2,1,1.0,3.0,08185,M,4999900.0,470400.0,08
201100010096,11,9,5,1145,1,2,1,1.0,6.0,08222,M,5001100.0,470300.0,08
201100010097,11,10,4,1400,1,1,1,2.0,6.0,08363,M,4994600.0,465100.0,08
201100010098,11,10,21,1715,1,2,1,1.0,6.0,08363,M,4993500.0,464100.0,08
201100010099,11,5,21,1900,1,1,1,1.0,6.0,08420,M,4990230.0,430149.0,08
201100010100,11,8,12,1800,1,1,1,8.0,1.0,08037,M,0.0,0.0,08
201100010101,11,9,9,1745,1,1,1,2.0,1.0,08367,M,4992170.0,456258.0,08
201100010102,11,10,15,1030,1,2,1,1.0,6.0,08420,M,4991600.0,428600.0,08
201100010103,11,10,26,1445,1,1,1,1.0,7.0,08367,M,4992680.0,460155.0,08
201100010104,11,12,2,930,1,2,1,1.0,1.0,08156,M,4989110.0,438854.0,08
201100010105,11,12,12,2045,3,1,1,1.0,6.0,08355,M,4992630.0,441819.0,08
201100010106,11,1,11,815,2,2,1,2.0,6.0,08053,M,4967660.0,497830.0,08
201100010107,11,1,13,1700,2,2,9,2.0,6.0,08090,M,4962720.0,517517.0,08
201100010108,11,1,19,1445,1,2,1,1.0,1.0,08255,M,4961550.0,522011.0,08
201100010109,11,2,2,2015,3,1,1,8.0,6.0,08055,M,4955030.0,504941.0,08
201100010110,11,4,9,1130,1,2,1,1.0,6.0,08336,M,4965560.0,516220.0,08
201100010111,11,5,29,1715,1,1,1,1.0,7.0,08376,M,4960550.0,520547.0,08
201100010112,11,6,15,745,1,1,1,1.0,7.0,08053,M,4968450.0,498953.0,08
201100010113,11,9,8,2045,3,1,1,2.0,6.0,08342,M,4970800.0,508500.0,08
201100010114,11,9,10,1800,1,2,1,1.0,6.0,08067,M,4961770.0,518938.0,08
201100010115,11,11,10,1015,1,1,1,1.0,1.0,08311,M,4958510.0,510509.0,08
201100010116,11,11,11,1800,3,1,1,1.0,3.0,08145,M,4967470.0,501566.0,08
201100010117,11,11,17,1800,5,2,1,2.0,6.0,08067,M,4962700.0,518500.0,08
201100010118,11,12,13,800,4,2,1,6.0,6.0,08276,M,4958800.0,526336.0,08
201100010119,11,12,16,1415,1,2,1,3.0,1.0,08090,M,4963080.0,516230.0,08
201100010120,11,3,20,400,3,1,1,5.0,7.0,08142,M,4970450.0,490219.0,08
201100010121,11,4,8,1715,1,1,1,1.0,7.0,08119,M,4964740.0,487938.0,08
201100010122,11,4,21,1245,1,1,1,1.0,1.0,08232,M,4973170.0,498042.0,08
201100010123,11,5,29,1700,1,1,1,1.0,6.0,08088,M,4964280.0,492253.0,08
201100010124,11,7,3,1500,1,2,1,1.0,6.0,08391,M,4973700.0,492181.0,08
201100010125,11,8,18,1700,1,2,1,1.0,6.0,08142,M,4969600.0,487600.0,08
201100010126,11,8,23,1515,1,1,1,1.0,7.0,08357,M,4964800.0,502000.0,08
201100010127,11,12,10,1145,1,1,1,1.0,6.0,08491,M,4956400.0,486600.0,08
201100010128,11,2,12,1215,1,1,3,1.0,3.0,08490,M,4939210.0,465456.0,08
201100010129,11,2,23,45,3,1,1,1.0,6.0,08220,M,4930020.0,440785.0,08
201100010130,11,3,28,1030,1,1,1,1.0,1.0,08193,M,4949980.0,452693.0,08
201100010131,11,3,31,930,1,2,1,1.0,6.0,08490,M,4939630.0,468781.0,08
201100010132,11,5,27,1415,1,1,1,1.0,3.0,08250,M,4937970.0,457609.0,08
201100010133,11,7,19,1630,1,1,2,1.0,3.0,08082,M,4932530.0,474239.0,08
201100010134,11,8,8,1515,1,1,1,1.0,1.0,08462,M,4944900.0,457547.0,08
201100010135,11,11,5,1545,1,2,1,1.0,3.0,08490,M,4939330.0,468784.0,08
201100010136,11,11,27,1500,1,1,1,1.0,6.0,08392,M,4934200.0,471500.0,08
201100010137,11,3,24,1630,2,1,1,1.0,1.0,08383,M,4933380.0,493227.0,08
201100010138,11,6,13,1600,1,1,1,1.0,1.0,08085,M,4947900.0,485900.0,08
201100010139,11,6,24,815,1,1,1,1.0,3.0,08261,M,0.0,0.0,08
201100010140,11,7,15,2345,3,2,9,1.0,7.0,08321,M,4949600.0,469400.0,08
201100010141,11,2,4,900,1,2,1,2.0,6.0,08362,M,4951000.0,436708.0,08
201100010142,11,2,25,2345,3,1,1,8.0,7.0,08427,M,4952920.0,433413.0,08
201100010143,11,3,6,1745,1,1,1,1.0,6.0,08064,M,4947610.0,439330.0,08
201100010144,11,3,16,745,1,2,1,1.0,6.0,08362,M,4950570.0,438535.0,08
201100010145,11,5,10,715,1,2,1,1.0,2.0,08362,M,4950810.0,437695.0,08
201100010146,11,7,13,1400,1,2,1,1.0,1.0,08403,M,4950500.0,436300.0,08
201100010147,11,8,1,1200,1,2,1,1.0,6.0,08362,M,0.0,0.0,08
201100010148,11,8,27,1630,1,1,1,1.0,7.0,08262,M,4954070.0,446366.0,08
201100010149,11,9,29,1700,1,1,1,7.0,3.0,08362,M,4951550.0,438975.0,08
201100010150,11,10,30,645,5,2,1,2.0,1.0,08362,M,4951600.0,436400.0,08
201100010151,11,12,16,1645,1,2,1,1.0,1.0,08362,M,0.0,0.0,08
201100010152,11,12,30,1300,1,1,1,1.0,7.0,08427,M,4953900.0,432500.0,08
201100010153,11,6,29,1400,1,1,1,1.0,6.0,08320,M,4934060.0,436673.0,08
201100010154,11,6,30,1900,1,2,1,1.0,1.0,08024,M,4947040.0,411476.0,08
201100010155,11,7,9,1445,1,2,1,1.0,6.0,08368,M,4942630.0,417650.0,08
201100010156,11,9,11,215,4,2,1,1.0,6.0,08084,M,4942870.0,406583.0,08
201100010157,11,11,29,1900,3,1,1,1.0,6.0,08107,M,4952930.0,428655.0,08
201100010158,11,12,2,1530,1,1,1,7.0,1.0,08039,M,4946850.0,408988.0,08
201100010159,11,12,9,1830,3,1,1,3.0,1.0,08014,M,4966650.0,436590.0,08
201100010160,11,3,8,1300,1,1,1,1.0,7.0,08329,M,4959020.0,441427.0,08
201100010161,11,6,18,2115,2,1,1,2.0,1.0,08192,M,4965700.0,428800.0,08
201100010162,11,6,19,1100,1,1,1,2.0,1.0,08366,M,4971170.0,425023.0,08
201100010163,11,8,6,1245,1,1,1,2.0,7.0,08196,M,4966510.0,442115.0,08
201100010164,11,9,20,15,3,2,1,1.0,6.0,08146,M,4966100.0,433400.0,08
201100010165,11,12,7,1830,3,1,1,1.0,7.0,08196,M,4964890.0,441167.0,08
201100010166,11,1,7,1845,5,2,1,1.0,1.0,10216,M,0.0,0.0,10
201100010167,11,3,9,1830,1,2,2,1.0,3.0,10006,M,4854100.0,414300.0,10
201100010168,11,3,18,1345,1,1,1,1.0,1.0,10004,M,4859000.0,415599.0,10
201100010169,11,3,18,1500,1,2,2,1.0,3.0,10006,M,4853900.0,414200.0,10
201100010170,11,5,10,745,1,1,1,1.0,6.0,10121,M,0.0,0.0,10
201100010171,11,6,20,1615,1,2,1,1.0,1.0,10442,M,4845600.0,412200.0,10
201100010172,11,8,28,315,3,1,1,2.0,7.0,10015,M,4843200.0,411599.0,10
201100010173,11,9,15,900,1,1,1,1.0,6.0,10216,M,0.0,0.0,10
201100010174,11,12,1,900,1,1,1,1.0,1.0,10361,M,0.0,0.0,10
201100010175,11,12,4,930,1,1,1,2.0,6.0,10172,M,4861100.0,410700.0,10
201100010176,11,12,29,2145,3,1,1,3.0,6.0,10299,M,0.0,0.0,10
201100010177,11,1,12,1430,1,1,1,2.0,7.0,10112,M,0.0,0.0,10
201100010178,11,1,16,1045,1,2,3,1.0,1.0,10359,M,0.0,0.0,10
201100010179,11,2,7,1300,1,1,1,1.0,7.0,10133,M,0.0,0.0,10
201100010180,11,2,14,1015,1,1,1,2.0,3.0,10104,M,0.0,0.0,10
201100010181,11,3,4,715,1,2,1,1.0,6.0,10018,M,0.0,0.0,10
201100010182,11,3,5,2145,3,1,1,1.0,2.0,10394,M,0.0,0.0,10
201100010183,11,3,7,1345,1,1,1,1.0,5.0,10373,M,0.0,0.0,10
201100010184,11,3,9,1545,1,2,1,1.0,3.0,10018,M,0.0,0.0,10
201100010185,11,6,1,1815,1,1,2,1.0,1.0,10342,M,0.0,0.0,10
201100010186,11,6,11,1315,1,1,1,1.0,6.0,10051,M,0.0,0.0,10
201100010187,11,6,24,1815,1,1,1,1.0,7.0,10416,M,0.0,0.0,10
201100010188,11,7,23,545,2,1,1,2.0,4.0,10018,M,0.0,0.0,10
201100010189,11,9,28,1130,1,1,1,1.0,6.0,10359,M,0.0,0.0,10
201100010190,11,10,5,1415,1,2,1,1.0,7.0,10247,M,4841390.0,352285.0,10
201100010191,11,10,22,1915,3,2,1,1.0,1.0,10099,M,4814145.0,357399.0,10
201100010192,11,10,30,830,2,1,1,8.0,1.0,10441,M,4867950.0,348285.0,10
201100010193,11,11,17,1700,2,1,1,1.0,5.0,10425,M,4816163.0,402376.0,10
201100010194,11,1,12,1045,1,2,1,2.0,1.0,10260,M,4821000.0,409000.0,10
201100010195,11,1,17,700,2,2,1,1.0,6.0,10100,M,0.0,0.0,10
201100010196,11,2,5,1200,1,2,2,1.0,5.0,10067,M,4824500.0,410600.0,10
201100010197,11,2,18,615,5,2,1,1.0,1.0,10248,M,0.0,0.0,10
201100010198,11,3,20,1500,1,1,1,1.0,5.0,10340,M,0.0,0.0,10
201100010199,11,3,23,2115,3,1,1,1.0,3.0,10381,M,4829200.0,397300.0,10
201100010200,11,4,15,800,1,1,1,1.0,3.0,10340,M,4824200.0,401000.0,10
201100010201,11,4,16,815,1,1,1,1.0,6.0,10340,M,4825100.0,402500.0,10
201100010202,11,5,6,1445,1,1,1,1.0,5.0,10363,M,0.0,0.0,10
201100010203,11,5,10,730,2,2,1,1.0,1.0,10329,M,4826700.0,414400.0,10
201100010204,11,5,25,1745,1,2,1,1.0,3.0,10344,M,4824000.0,408100.0,10
201100010205,11,10,3,745,1,2,2,1.0,3.0,10349,M,4822143.0,359319.0,10
201100010206,11,10,11,730,2,1,2,8.0,3.0,10282,M,4839300.0,358761.0,10
201100010207,11,10,22,1715,2,1,1,1.0,4.0,10412,M,4818130.0,494614.0,10
201100010208,11,11,4,1740,3,1,2,1.0,3.0,10282,M,4839300.0,396900.0,10
201100010209,11,12,18,645,2,1,1,1.0,1.0,10363,M,4821353.0,414968.0,10
201100010210,11,2,23,1400,1,1,1,1.0,6.0,10066,M,0.0,0.0,10
201100010211,11,5,27,2315,3,1,1,1.0,6.0,10319,M,0.0,0.0,10
201100010212,11,6,16,1500,1,1,1,1.0,6.0,10003,M,0.0,0.0,10
201100010213,11,10,5,930,1,1,1,1.0,6.0,10142,M,4816236.0,348168.0,10
201100010214,11,10,18,1830,3,1,3,2.0,3.0,10142,M,4816188.0,348188.0,10
201100010215,11,1,8,1600,1,1,1,1.0,1.0,10249,M,4824600.0,428900.0,10
201100010216,11,1,21,2100,3,1,1,1.0,1.0,10110,M,4827000.0,421800.0,10
201100010217,11,2,2,445,3,1,1,9.0,7.0,10238,M,4824600.0,437400.0,10
201100010218,11,5,22,1030,1,1,2,1.0,1.0,10019,M,4839900.0,436800.0,10
201100010219,11,7,1,1845,1,1,2,1.0,3.0,10287,M,4837700.0,434800.0,10
201100010220,11,7,23,1915,1,1,1,1.0,2.0,10332,M,4828300.0,419700.0,10
201100010221,11,9,24,1615,1,1,1,1.0,7.0,10061,M,4836200.0,438900.0,10
201100010222,11,9,24,2230,3,1,1,1.0,7.0,10019,M,4838400.0,438700.0,10
201100010223,11,10,2,100,5,2,2,1.0,3.0,10210,M,4822337.0,411397.0,10
201100010224,11,12,16,800,1,1,1,6.0,7.0,10375,M,4828900.0,417100.0,10
201100010225,11,5,10,800,1,1,1,1.0,6.0,10178,M,0.0,0.0,10
201100010226,11,7,21,930,1,1,1,3.0,6.0,10012,M,4827500.0,464000.0,10
201100010227,11,7,29,430,5,2,1,1.0,6.0,10390,M,4817500.0,465300.0,10
201100010228,11,7,31,1930,1,2,1,9.0,6.0,10033,M,4823500.0,471300.0,10
201100010229,11,9,3,1100,1,2,1,1.0,2.0,10033,M,4824100.0,470700.0,10
201100010230,11,6,18,630,1,1,1,1.0,3.0,10064,M,4840500.0,453900.0,10
201100010231,11,8,4,445,3,2,1,1.0,6.0,10193,M,4843200.0,441300.0,10
201100010232,11,11,2,45,3,1,1,1.0,6.0,10327,M,4820319.0,433307.0,10
201100010233,11,11,24,1200,1,2,7,1.0,6.0,10064,M,4839264.0,452778.0,10
201100010234,11,11,28,1815,5,2,1,1.0,6.0,10345,M,4841100.0,451000.0,10
201100010235,11,12,9,1230,1,1,1,2.0,6.0,10313,M,4836400.0,450400.0,10
201100010236,11,1,5,1200,1,2,1,8.0,1.0,10068,M,4805800.0,439600.0,10
201100010237,11,2,19,1200,1,1,3,1.0,3.0,10296,M,4807100.0,439000.0,10
201100010238,11,3,1,1330,1,1,1,1.0,4.0,10437,M,0.0,0.0,10
201100010239,11,3,25,1345,1,1,1,1.0,6.0,10055,M,4813000.0,436000.0,10
201100010240,11,4,8,1845,1,1,1,7.0,1.0,10187,M,4807400.0,447700.0,10
201100010241,11,4,8,2330,3,1,1,1.0,6.0,10437,M,4813700.0,433400.0,10
201100010242,11,4,20,2015,1,2,3,1.0,3.0,10079,M,0.0,0.0,10
201100010243,11,5,10,930,1,1,1,1.0,7.0,10058,M,0.0,0.0,10
201100010244,11,5,21,1,3,1,1,1.0,6.0,10170,M,4802900.0,441800.0,10
201100010245,11,6,5,1300,1,1,1,1.0,7.0,10181,M,0.0,0.0,10
201100010246,11,7,4,1800,1,1,1,1.0,7.0,10034,M,4809500.0,432300.0,10
201100010247,11,7,24,2215,3,1,1,1.0,6.0,10055,M,4813200.0,435000.0,10
201100010248,11,8,9,2230,3,2,1,1.0,6.0,10097,M,4813400.0,448900.0,10
201100010249,11,8,26,1930,2,2,2,8.0,3.0,10294,M,4817900.0,434100.0,10
201100010250,11,8,31,1245,1,1,1,1.0,7.0,10034,M,0.0,0.0,10
201100010251,11,9,8,845,1,1,1,1.0,1.0,10158,M,4815100.0,426900.0,10
201100010252,11,11,16,1445,1,1,1,1.0,6.0,10029,M,0.0,0.0,10
201100010253,11,11,22,1730,3,1,1,1.0,1.0,10295,M,4807470.0,438847.0,10
201100010254,11,12,11,100,3,1,1,1.0,6.0,10034,M,4811000.0,435000.0,10
201100010255,11,1,22,1730,5,2,1,4.0,1.0,10323,M,4851300.0,373600.0,10
201100010256,11,2,9,2145,5,2,1,5.0,6.0,10323,M,4852900.0,372800.0,10
201100010257,11,2,15,815,1,1,1,1.0,7.0,10271,M,4846400.0,379900.0,10
201100010258,11,2,18,2300,3,2,1,1.0,7.0,10157,M,4844600.0,366900.0,10
201100010259,11,3,10,800,1,2,1,1.0,3.0,10164,M,4848800.0,367400.0,10
201100010260,11,3,26,1115,1,1,1,1.0,6.0,10392,M,4846900.0,389200.0,10
201100010261,11,10,6,1130,1,2,2,2.0,3.0,10131,M,4828423.0,356260.0,10
201100010262,11,10,14,2045,3,1,1,1.0,6.0,10220,M,4850700.0,380500.0,10
201100010263,11,10,27,2145,5,2,1,1.0,7.0,10323,M,4830568.0,342534.0,10
201100010264,11,10,29,600,5,2,1,1.0,6.0,10368,M,4824214.0,357115.0,10
201100010265,11,12,7,1045,1,2,1,3.0,1.0,10323,M,4851100.0,372700.0,10
201100010266,11,3,8,800,1,1,1,1.0,4.0,52297,M,4806500.0,518000.0,52
201100010267,11,3,18,1800,2,1,1,1.0,6.0,52022,M,0.0,0.0,52
201100010268,11,6,11,1600,1,1,1,1.0,1.0,52297,M,4811577.0,511931.0,52
201100010269,11,6,25,2245,3,2,1,1.0,3.0,52056,M,4806154.0,500505.0,52
201100010270,11,7,15,2015,1,1,1,1.0,7.0,52087,M,4810805.0,503285.0,52
201100010271,11,9,3,1115,1,1,1,1.0,7.0,52193,M,4814115.0,504083.0,52
201100010272,11,9,14,800,1,2,1,7.0,1.0,52154,M,4802448.0,516050.0,52
201100010273,11,9,14,1815,1,1,1,1.0,2.0,52205,M,4803585.0,522169.0,52
201100010274,11,9,26,1400,1,1,1,1.0,1.0,52538,M,4796754.0,520146.0,52
201100010275,11,9,25,15,3,1,1,1.0,6.0,52205,M,4802008.0,523431.0,52
201100010276,11,10,24,1515,1,1,1,1.0,7.0,52274,M,4799702.0,482242.0,52
201100010277,11,1,18,1245,1,2,1,1.0,3.0,52523,M,4827200.0,530700.0,52
201100010278,11,4,10,1145,1,1,1,1.0,7.0,52174,M,0.0,0.0,52
201100010279,11,5,29,400,3,1,1,1.0,6.0,52003,M,4832794.0,548734.0,52
201100010280,11,9,14,2100,3,1,1,1.0,6.0,52008,M,4821065.0,527462.0,52
201100010281,11,9,23,1945,2,2,1,1.0,3.0,52523,M,4826787.0,530611.0,52
201100010282,11,12,23,1200,1,1,1,2.0,7.0,52095,M,4824830.0,545943.0,52
201100010283,11,1,5,1000,1,1,1,4.0,7.0,52271,M,4808300.0,538900.0,52
201100010284,11,1,22,2345,3,1,1,1.0,6.0,52518,M,0.0,0.0,52
201100010285,11,3,4,1330,1,1,1,1.0,6.0,52541,M,0.0,0.0,52
201100010286,11,5,29,1730,1,1,1,1.0,7.0,52488,M,4798965.0,526392.0,52
201100010287,11,6,2,1245,1,2,1,1.0,2.0,52074,M,4809343.0,560984.0,52
201100010288,11,6,22,1045,1,2,1,1.0,6.0,52320,M,4805624.0,559054.0,52
201100010289,11,7,7,1400,1,1,1,2.0,1.0,52001,M,4809918.0,532957.0,52
201100010290,11,7,14,2130,5,2,1,1.0,7.0,52038,M,4807200.0,556100.0,52
201100010291,11,2,28,745,1,1,1,5.0,7.0,52140,M,4823100.0,487800.0,52
201100010292,11,4,24,1200,1,1,1,1.0,7.0,52419,M,0.0,0.0,52
201100010293,11,6,17,1900,1,1,1,2.0,6.0,52140,M,4820906.0,492964.0,52
201100010294,11,7,8,1215,1,1,1,9.0,1.0,52524,M,4826388.0,512388.0,52
201100010295,11,8,18,1845,1,1,1,1.0,6.0,52140,M,4821054.0,492577.0,52
201100010296,11,9,29,545,2,1,6,5.0,6.0,52058,M,4819187.0,512851.0,52
201100010297,11,11,8,145,3,1,1,2.0,6.0,52548,M,4822701.0,511896.0,52
201100010298,11,1,3,1230,1,1,1,1.0,6.0,52348,M,4793600.0,543500.0,52
201100010299,11,1,12,1715,5,2,1,1.0,6.0,52269,M,4786300.0,533300.0,52
201100010300,11,2,2,1015,1,2,1,1.0,3.0,52269,M,0.0,0.0,52
201100010301,11,2,5,1600,1,2,1,1.0,4.0,52269,M,4786200.0,533500.0,52
201100010302,11,2,6,2215,3,1,1,9.0,1.0,52449,M,4786200.0,536200.0,52
201100010303,11,2,13,1145,1,1,1,1.0,1.0,52269,M,4786200.0,535700.0,52
201100010304,11,5,19,1130,1,2,1,1.0,7.0,52269,M,4785891.0,533063.0,52
201100010305,11,5,25,1900,1,1,9,1.0,1.0,52009,M,4791220.0,551343.0,52
201100010306,11,7,19,830,1,1,3,1.0,3.0,52106,M,4791696.0,528976.0,52
201100010307,11,7,30,1130,1,1,1,1.0,7.0,52163,M,4795276.0,540529.0,52
201100010308,11,7,31,1345,1,1,1,1.0,1.0,52106,M,4792185.0,529220.0,52
201100010309,11,10,26,1345,1,1,1,1.0,5.0,52106,M,4792675.0,529010.0,52
201100010310,11,12,12,1945,5,2,1,1.0,6.0,52037,M,4790416.0,539598.0,52
201100010311,11,12,21,1530,1,1,1,2.0,7.0,52106,M,4792182.0,529219.0,52
201100010312,11,2,10,1345,1,1,4,1.0,3.0,52914,M,0.0,0.0,52
201100010313,11,5,17,600,1,1,1,1.0,7.0,52400,M,4796092.0,565342.0,52
201100010314,11,8,23,1830,1,1,3,1.0,5.0,52914,M,4800951.0,548345.0,52
201100010315,11,8,25,1230,1,2,1,1.0,1.0,52544,M,4788577.0,577977.0,52
201100010316,11,8,30,1000,1,2,1,1.0,3.0,52914,M,4800292.0,548766.0,52
201100010317,11,9,4,1100,1,1,1,2.0,7.0,52415,M,4795035.0,554749.0,52
201100010318,11,9,26,915,1,1,1,1.0,6.0,52164,M,4794579.0,563794.0,52
201100010319,11,11,23,2015,3,1,1,1.0,6.0,52332,M,4799212.0,554936.0,52
201100010320,11,1,19,1015,1,1,1,1.0,2.0,52197,M,4778200.0,548700.0,52
201100010321,11,4,3,330,3,2,1,1.0,7.0,52195,M,0.0,0.0,52
201100010322,11,4,6,1200,1,1,8,1.0,3.0,52119,M,4782100.0,549200.0,52
201100010323,11,5,7,1130,1,2,1,1.0,7.0,52406,M,4774912.0,566645.0,52
201100010324,11,7,30,1800,1,1,1,1.0,7.0,52197,M,4778455.0,563317.0,52
201100010325,11,8,15,1915,1,1,1,1.0,1.0,52406,M,4773530.0,565679.0,52
201100010326,11,10,2,1715,1,2,1,1.0,1.0,52093,M,4780147.0,542553.0,52
201100010327,11,2,16,1000,1,1,1,5.0,1.0,52446,M,4770400.0,529400.0,52
201100010328,11,4,16,500,2,1,1,1.0,7.0,52249,M,0.0,0.0,52
201100010329,11,10,7,1145,1,1,1,1.0,7.0,52542,M,4773588.0,506995.0,52
201100010330,11,10,7,1830,2,1,1,2.0,6.0,52446,M,0.0,0.0,52
201100010331,11,10,20,1345,1,1,1,1.0,6.0,52340,M,4767111.0,529473.0,52
201100010332,11,1,13,800,2,1,1,2.0,3.0,52235,M,4865100.0,487400.0,52
201100010333,11,2,9,900,3,1,1,1.0,1.0,52500,M,4862300.0,492200.0,52
201100010334,11,5,3,1315,1,1,1,7.0,1.0,52244,M,4860082.0,490969.0,52
201100010335,11,6,24,200,3,1,1,1.0,3.0,52235,M,4864715.0,487394.0,52
201100010336,11,9,6,2145,4,1,1,1.0,6.0,52386,M,4865385.0,482242.0,52
201100010337,11,9,13,945,1,2,1,1.0,6.0,52182,M,4859045.0,486544.0,52
201100010338,11,10,1,2330,3,2,1,1.0,3.0,52244,M,4858219.0,490376.0,52
201100010339,11,10,14,1515,1,1,1,1.0,1.0,52182,M,4855798.0,484022.0,52
201100010340,11,12,22,2200,3,1,1,8.0,7.0,52408,M,4855954.0,505669.0,52
201100010341,11,1,16,2100,3,1,1,1.0,6.0,52044,M,4831700.0,523100.0,52
201100010342,11,2,24,1630,1,1,1,2.0,3.0,52440,M,4835500.0,513000.0,52
201100010343,11,3,7,1600,1,2,1,1.0,3.0,52250,M,0.0,0.0,52
201100010344,11,4,8,1015,1,1,2,1.0,1.0,52044,M,0.0,0.0,52
201100010345,11,4,10,530,3,1,1,1.0,6.0,52184,M,0.0,0.0,52
201100010346,11,5,5,1830,1,1,1,1.0,5.0,52512,M,4846379.0,512924.0,52
201100010347,11,5,20,15,5,2,1,1.0,7.0,52250,M,4844274.0,514211.0,52
201100010348,11,5,21,900,1,1,1,1.0,6.0,52484,M,4843945.0,519179.0,52
201100010349,11,6,30,1745,1,1,1,7.0,2.0,52440,M,4835991.0,513547.0,52
201100010350,11,7,8,1615,1,2,1,1.0,3.0,52356,M,4843763.0,507341.0,52
201100010351,11,3,22,1745,1,1,1,1.0,7.0,52550,M,4849800.0,491000.0,52
201100010352,11,6,6,2145,1,1,1,1.0,6.0,52550,M,4850226.0,496407.0,52
201100010353,11,9,21,1445,1,1,1,1.0,3.0,52550,M,4849493.0,491601.0,52
201100010354,11,11,6,1645,1,1,1,1.0,7.0,52032,M,4852057.0,505247.0,52
201100010355,11,3,7,2245,3,1,1,1.0,6.0,45032,M,0.0,0.0,45
201100010356,11,5,20,2230,5,1,1,1.0,4.0,89388,M,4794500.0,324200.0,89
201100010357,11,6,10,1415,1,1,1,1.0,6.0,89380,M,4806400.0,310200.0,89
201100010358,11,7,1,145,3,1,1,1.0,2.0,45032,M,0.0,0.0,45
201100010359,11,9,4,1115,1,1,1,1.0,7.0,89380,M,4809400.0,313100.0,89
201100010360,11,6,25,2345,3,1,1,1.0,2.0,21107,M,4738470.0,510260.0,21
201100010361,11,7,5,845,1,1,1,1.0,3.0,21535,M,4736220.0,506891.0,21
201100010362,11,9,27,1845,1,2,1,1.0,2.0,21107,M,0.0,0.0,21
201100010363,11,10,1,1945,2,1,1,1.0,3.0,21105,M,4731600.0,519000.0,21
201100010364,11,1,23,1700,1,1,1,1.0,6.0,21138,M,0.0,0.0,21
201100010365,11,2,15,2215,5,2,1,1.0,1.0,21038,M,0.0,0.0,21
201100010366,11,3,23,1715,1,1,1,1.0,1.0,21367,M,4724950.0,533606.0,21
201100010367,11,3,25,2215,5,1,1,1.0,6.0,21699,M,4719500.0,538154.0,21
201100010368,11,4,9,2000,2,2,1,1.0,3.0,21493,M,0.0,0.0,21
201100010369,11,5,19,1300,1,1,1,9.0,6.0,21609,M,4720870.0,528140.0,21
201100010370,11,8,11,1930,1,2,1,1.0,6.0,21038,M,0.0,0.0,21
201100010371,11,8,20,1715,1,2,1,1.0,6.0,21038,M,0.0,0.0,21
201100010372,11,10,28,715,3,1,1,5.0,5.0,21699,M,0.0,0.0,21
201100010373,11,1,16,1145,1,1,1,5.0,3.0,21183,M,4721010.0,527555.0,21
201100010374,11,2,19,1445,1,2,1,1.0,1.0,21632,M,4722150.0,512967.0,21
201100010375,11,3,26,1515,1,2,1,8.0,1.0,21656,M,4722790.0,519321.0,21
201100010376,11,3,30,1730,1,2,2,1.0,3.0,21292,M,4737400.0,537800.0,21
201100010377,11,4,6,1915,1,2,1,1.0,1.0,21353,M,0.0,0.0,21
201100010378,11,5,15,1415,1,2,1,1.0,7.0,21213,M,4745000.0,520200.0,21
201100010379,11,6,18,1730,1,1,1,1.0,2.0,21261,M,0.0,0.0,21
201100010380,11,9,23,1800,1,1,1,1.0,1.0,21656,M,0.0,0.0,21
201100010381,11,10,24,1730,2,1,1,1.0,1.0,21106,M,4724560.0,509761.0,21
201100010382,11,10,28,2230,5,2,1,1.0,6.0,21319,M,4717900.0,513400.0,21
201100010383,11,3,1,1515,1,1,1,7.0,2.0,21133,M,4718750.0,496742.0,21
201100010384,11,3,26,30,3,1,1,1.0,7.0,21295,M,,,21
201100010385,11,4,9,1115,1,2,9,1.0,1.0,21263,M,4724370.0,505638.0,21
201100010386,11,4,30,2300,5,2,1,1.0,1.0,21481,M,4726850.0,500082.0,21
201100010387,11,5,29,1145,1,2,1,1.0,6.0,21390,M,0.0,0.0,21
201100010388,11,10,15,2015,5,2,1,1.0,7.0,21596,M,0.0,0.0,21
201100010389,11,11,4,830,5,2,1,2.0,3.0,21295,M,4722630.0,496578.0,21
201100010390,11,11,26,530,3,1,1,5.0,7.0,21390,M,4728390.0,497268.0,21
201100010391,11,2,4,845,1,1,2,5.0,3.0,21713,M,4729000.0,539200.0,21
201100010392,11,2,5,1715,1,1,1,1.0,1.0,21459,M,4746330.0,529556.0,21
201100010393,11,4,9,45,3,1,1,1.0,6.0,21482,M,0.0,0.0,21
201100010394,11,4,27,200,3,1,1,1.0,7.0,21482,M,4729620.0,546372.0,21