Num_Acc,an,mois,jour,hrmn,lum,agg,int,atm,col,com,gps,lat,long,dep
201100010395,11,4,30,2015,2,1,1,1.0,6.0,21277,M,4754960.0,536064.0,21
201100010396,11,5,1,2230,3,1,1,1.0,6.0,21619,M,4740190.0,524417.0,21
201100010397,11,5,19,730,1,1,1,8.0,6.0,21277,M,4755300.0,536100.0,21
201100010398,11,6,6,845,1,1,1,1.0,1.0,21522,M,4753620.0,512655.0,21
201100010399,11,7,6,1500,1,1,1,1.0,6.0,21072,M,4738610.0,531973.0,21
201100010400,11,9,21,930,1,2,1,1.0,3.0,21619,M,4741200.0,527400.0,21
201100010401,11,10,23,2100,3,1,1,5.0,2.0,21556,M,4731600.0,535900.0,21
201100010402,11,11,29,700,5,2,1,5.0,1.0,21496,M,4730510.0,541159.0,21
201100010403,11,2,3,915,1,1,1,2.0,1.0,21127,M,4748110.0,506444.0,21
201100010404,11,2,13,2015,3,1,1,1.0,6.0,21211,M,4755480.0,513081.0,21
201100010405,11,1,17,1500,1,2,1,2.0,1.0,21317,M,4753070.0,511633.0,21
201100010406,11,2,18,1945,5,2,1,1.0,1.0,21599,M,4758880.0,518138.0,21
201100010407,11,2,23,1115,1,1,1,1.0,3.0,21391,M,4744070.0,511418.0,21
201100010408,11,3,5,1930,3,1,1,1.0,1.0,21290,M,4745100.0,512535.0,21
201100010409,11,3,6,1100,1,2,6,1.0,3.0,21317,M,4752060.0,510926.0,21
201100010410,11,4,20,1715,1,2,3,1.0,3.0,21599,M,0.0,0.0,21
201100010411,11,7,12,1130,1,2,1,1.0,6.0,21317,M,4752460.0,511075.0,21
201100010412,11,7,25,945,1,1,1,2.0,1.0,21385,M,4761380.0,507543.0,21
201100010413,11,8,28,1515,1,1,1,1.0,3.0,21702,M,4755000.0,511966.0,21
201100010414,11,9,12,1345,1,2,6,1.0,2.0,21317,M,4751280.0,510892.0,21
201100010415,11,10,30,1915,5,2,1,1.0,1.0,21391,M,4744070.0,509185.0,21
201100010416,11,10,6,1700,1,2,2,1.0,3.0,21472,M,4758150.0,522650.0,21
201100010417,11,11,10,1945,3,1,1,5.0,1.0,21599,M,4757330.0,522018.0,21
201100010418,11,11,25,800,1,2,1,5.0,4.0,21245,M,4745030.0,506036.0,21
201100010419,11,12,13,1845,4,1,1,3.0,7.0,21317,M,4750740.0,510387.0,21
201100010420,11,1,20,2015,3,1,1,4.0,1.0,21318,M,4701780.0,465052.0,21
201100010421,11,3,23,1715,1,1,1,1.0,1.0,21590,M,4706270.0,484313.0,21
201100010422,11,4,7,1800,1,1,3,1.0,3.0,21492,M,4700000.0,401400.0,21
201100010423,11,4,10,1600,1,2,1,1.0,7.0,21634,M,4717000.0,470300.0,21
201100010424,11,5,21,300,5,2,1,1.0,6.0,21492,M,0.0,0.0,21
201100010425,11,5,31,1200,1,2,1,2.0,3.0,21423,M,4698960.0,485107.0,21
201100010426,11,6,15,1845,1,1,1,1.0,3.0,21150,M,4694270.0,473724.0,21
201100010427,11,8,6,1730,1,1,1,2.0,1.0,21534,M,4701240.0,492329.0,21
201100010428,11,9,8,2045,3,1,2,1.0,3.0,21412,M,4696550.0,477376.0,21
201100010429,11,9,28,900,1,1,1,1.0,1.0,21660,M,4712880.0,460553.0,21
201100010430,11,10,16,800,1,1,1,5.0,7.0,21120,M,4721600.0,472445.0,21
201100010431,11,11,3,1500,1,1,1,8.0,3.0,21037,M,4697750.0,470397.0,21
201100010432,11,11,4,730,3,1,2,1.0,3.0,21606,M,4706430.0,486716.0,21
201100010433,11,2,7,715,3,1,1,4.0,3.0,21176,M,4728550.0,462548.0,21
201100010434,11,2,12,1315,1,1,1,1.0,6.0,21441,M,0.0,0.0,21
201100010435,11,5,2,1430,1,1,1,1.0,1.0,21363,M,4710920.0,441661.0,21
201100010436,11,11,8,1015,1,1,1,1.0,1.0,21447,M,4717320.0,451719.0,21
201100010437,11,1,1,1115,1,2,1,8.0,6.0,21017,M,0.0,0.0,21
201100010438,11,5,21,1830,1,1,1,1.0,1.0,21464,M,4713600.0,494518.0,21
201100010439,11,6,16,1500,2,1,1,1.0,1.0,21464,M,4713890.0,497647.0,21
201100010440,11,2,16,2015,3,1,1,1.0,3.0,21332,M,4700550.0,506982.0,21
201100010441,11,4,5,1900,1,1,1,1.0,3.0,21131,M,4702020.0,516451.0,21
201100010442,11,2,2,1815,3,1,3,1.0,3.0,21488,M,0.0,0.0,21
201100010443,11,5,12,1415,1,1,6,1.0,2.0,21545,M,4786350.0,456705.0,21
201100010444,11,7,26,1200,1,2,1,1.0,6.0,21154,M,4786600.0,457200.0,21
201100010445,11,8,9,1415,1,1,1,1.0,6.0,21484,M,4774250.0,438067.0,21
201100010446,11,9,3,1115,1,1,1,1.0,7.0,21664,M,4773080.0,431761.0,21
201100010447,11,9,8,2000,1,1,1,2.0,6.0,21700,M,4792330.0,455077.0,21
201100010448,11,9,24,1915,1,1,2,1.0,3.0,21435,M,4790320.0,455581.0,21
201100010449,11,10,23,1845,1,1,2,1.0,1.0,21545,M,4786310.0,452606.0,21
201100010450,11,11,6,2315,5,2,1,1.0,6.0,21296,M,4798710.0,477942.0,21
201100010451,11,1,16,830,1,1,1,1.0,7.0,21004,M,4767550.0,468690.0,21
201100010452,11,4,11,600,2,1,1,5.0,1.0,21043,M,4759380.0,466866.0,21
201100010453,11,7,10,700,1,1,1,1.0,7.0,21055,M,4767580.0,468741.0,21
201100010454,11,7,23,1945,1,1,1,2.0,6.0,21346,M,4779920.0,482929.0,21
201100010455,11,8,6,330,3,1,1,1.0,6.0,21346,M,4779810.0,483264.0,21
201100010456,11,3,28,1830,1,1,1,1.0,6.0,21341,M,0.0,0.0,21
201100010457,11,5,15,210,3,1,1,1.0,6.0,21425,M,4767190.0,439499.0,21
201100010458,11,5,25,1730,1,2,1,7.0,6.0,21603,M,4749700.0,434600.0,21
201100010459,11,6,14,1845,1,1,1,1.0,7.0,21425,M,4762990.0,431119.0,21
201100010460,11,7,7,1700,1,1,1,2.0,6.0,21500,M,4749990.0,439999.0,21
201100010461,11,7,29,1730,1,1,1,1.0,1.0,21394,M,4751720.0,440783.0,21
201100010462,11,8,5,1300,1,1,1,1.0,7.0,21137,M,4754360.0,434197.0,21
201100010463,11,8,16,1330,1,2,1,1.0,3.0,21425,M,4763100.0,432800.0,21
201100010464,11,10,15,1615,1,1,1,1.0,1.0,21603,M,4747990.0,434947.0,21
201100010465,11,11,26,430,5,2,1,5.0,6.0,21425,M,4763200.0,435200.0,21
201100010466,11,1,20,1915,3,1,1,4.0,3.0,21008,M,4753900.0,448300.0,21
201100010467,11,4,12,1700,1,1,1,1.0,1.0,21710,M,4739600.0,452089.0,21
201100010468,11,7,6,1130,1,1,1,1.0,6.0,21288,M,4754660.0,462240.0,21
201100010469,11,10,21,745,2,1,1,5.0,1.0,21271,M,4748530.0,449439.0,21
201100010470,11,12,12,700,5,2,1,3.0,6.0,21663,M,4754290.0,445901.0,21
201100010471,11,12,17,2100,5,2,1,2.0,6.0,21710,M,4740400.0,453599.0,21
201100010472,11,12,20,2045,3,1,1,1.0,6.0,21404,M,4755510.0,444843.0,21
201100010473,11,12,28,1545,1,2,1,8.0,2.0,21377,M,4735400.0,461200.0,21
201100010474,11,1,9,1845,3,1,1,8.0,1.0,21349,M,4720980.0,425685.0,21
201100010475,11,2,12,215,5,2,1,2.0,6.0,21525,M,4738910.0,416530.0,21
201100010476,11,3,23,745,1,2,1,1.0,6.0,21007,M,4739400.0,429800.0,21
201100010477,11,4,9,340,5,2,1,1.0,6.0,21584,M,0.0,0.0,21
201100010478,11,9,17,1415,1,1,1,1.0,6.0,21232,M,4740200.0,424000.0,21
201100010479,11,11,2,1200,1,1,1,1.0,5.0,21449,M,4739390.0,434853.0,21
201100010480,11,1,17,830,1,1,1,1.0,2.0,21679,M,4732530.0,467930.0,21
201100010481,11,3,27,2315,3,1,1,1.0,6.0,21661,M,0.0,0.0,21
201100010482,11,7,3,1330,1,2,1,1.0,6.0,21661,M,0.0,0.0,21
201100010483,11,8,5,1545,1,1,1,2.0,6.0,21611,M,4730740.0,471668.0,21
201100010484,11,1,7,1100,1,1,1,2.0,6.0,58245,M,0.0,0.0,58
201100010485,11,4,21,1530,1,2,1,1.0,3.0,58250,M,0.0,0.0,58
201100010486,11,4,23,1630,1,1,1,1.0,3.0,58241,M,0.0,0.0,58
201100010487,11,6,3,1215,1,1,1,1.0,1.0,58095,M,0.0,0.0,58
201100010488,11,9,5,1615,1,2,9,1.0,6.0,58095,M,0.0,0.0,58
201100010489,11,9,23,1815,1,2,9,7.0,1.0,58046,M,0.0,0.0,58
201100010490,11,10,19,1015,1,1,1,1.0,6.0,58095,M,0.0,0.0,58
201100010491,11,2,20,1345,1,1,1,1.0,3.0,58121,M,0.0,0.0,58
201100010492,11,3,27,1245,1,2,1,1.0,6.0,58160,M,0.0,0.0,58
201100010493,11,9,28,1830,1,1,1,1.0,5.0,58121,M,0.0,0.0,58
201100010494,11,10,3,1500,1,1,1,1.0,3.0,58160,M,0.0,0.0,58
201100010495,11,1,20,2315,3,1,2,1.0,3.0,58273,M,4696600.0,324100.0,58
201100010496,11,4,29,1230,1,2,2,1.0,3.0,58134,M,4693100.0,326400.0,58
201100010497,11,7,8,845,1,1,3,1.0,5.0,58269,M,0.0,0.0,58
201100010498,11,4,27,1315,1,1,9,1.0,3.0,58264,M,4680600.0,311000.0,58
201100010499,11,5,23,815,1,2,1,1.0,6.0,58104,M,4672300.0,335400.0,58
201100010500,11,8,1,1915,1,2,1,1.0,1.0,58152,M,4688800.0,315700.0,58
201100010501,11,11,3,845,1,1,1,2.0,1.0,58087,M,4675400.0,349000.0,58
201100010502,11,11,12,1730,1,1,1,1.0,3.0,58293,M,0.0,0.0,58
201100010503,11,12,11,400,3,1,1,5.0,7.0,58264,M,4679200.0,312700.0,58
201100010504,11,1,10,1800,3,1,1,5.0,6.0,58004,M,4704400.0,364400.0,58
201100010505,11,4,11,1030,1,1,1,1.0,7.0,58223,M,4702400.0,354500.0,58
201100010506,11,7,18,745,1,1,1,2.0,1.0,58267,M,4709800.0,351800.0,58
201100010507,11,10,8,2030,3,1,1,2.0,6.0,58267,M,4710800.0,352500.0,58
201100010508,11,11,16,1300,1,1,1,1.0,6.0,58202,M,0.0,0.0,58
201100010509,11,11,26,930,1,1,1,5.0,2.0,58267,M,4710500.0,351400.0,58
201100010510,11,12,14,1330,1,1,1,2.0,3.0,58092,M,0.0,0.0,58
201100010511,11,1,23,1345,1,1,1,1.0,1.0,58276,M,4688300.0,388000.0,58
201100010512,11,2,20,1900,3,1,1,1.0,6.0,58301,M,0.0,0.0,58
201100010513,11,4,25,1015,1,1,1,1.0,6.0,58141,M,4712400.0,399300.0,58
201100010514,11,5,10,1545,1,1,1,1.0,1.0,58082,M,0.0,0.0,58
201100010515,11,5,18,1100,1,1,1,1.0,1.0,58244,M,0.0,0.0,58
201100010516,11,7,21,1145,1,1,1,1.0,1.0,58262,M,4706900.0,379300.0,58
201100010517,11,8,29,1645,1,1,1,7.0,3.0,58262,M,0.0,0.0,58
201100010518,11,2,13,2130,3,1,1,1.0,6.0,58170,M,0.0,0.0,58
201100010519,11,4,23,1300,1,1,1,1.0,7.0,58288,M,4739200.0,367400.0,58
201100010520,11,6,2,1900,1,1,1,1.0,6.0,58263,M,0.0,0.0,58
201100010521,11,6,15,1415,1,2,1,1.0,3.0,58079,M,0.0,0.0,58
201100010522,11,6,28,1515,1,2,1,1.0,1.0,58011,M,4746500.0,354000.0,58
201100010523,11,7,2,1430,1,1,1,1.0,6.0,58198,M,0.0,0.0,58
201100010524,11,10,15,1715,1,1,1,1.0,7.0,58286,M,0.0,0.0,58
201100010525,11,11,26,1315,1,2,1,8.0,6.0,58090,M,4740500.0,340000.0,58
201100010526,11,12,13,815,2,2,1,1.0,6.0,58079,M,4746500.0,351900.0,58
201100010527,11,12,17,1130,2,1,1,2.0,6.0,58058,M,4738500.0,331900.0,58
201100010528,11,12,19,900,1,1,1,2.0,6.0,58304,M,0.0,0.0,58
201100010529,11,12,29,730,3,1,1,3.0,6.0,58090,M,4741900.0,341200.0,58
201100010530,11,2,19,1845,5,2,1,2.0,1.0,58023,M,4738100.0,378500.0,58
201100010531,11,3,10,1815,2,1,1,1.0,3.0,58216,M,4734000.0,376800.0,58
201100010532,11,4,16,1700,1,1,1,1.0,7.0,58180,M,4719600.0,405499.0,58
201100010533,11,5,28,2045,1,2,9,1.0,7.0,58083,M,0.0,0.0,58
201100010534,11,5,29,1345,1,1,1,7.0,7.0,58180,M,4720500.0,404699.0,58
201100010535,11,6,22,1745,1,1,1,1.0,7.0,58083,M,4727600.0,369500.0,58
201100010536,11,8,20,1030,1,1,1,1.0,1.0,58145,M,4730400.0,382400.0,58
201100010537,11,9,18,2045,5,2,2,1.0,3.0,58083,M,4726300.0,368800.0,58
201100010538,11,9,24,930,1,1,1,1.0,7.0,58235,M,4728100.0,410299.0,58
201100010539,11,10,7,2045,5,2,1,2.0,3.0,58083,M,0.0,0.0,58
201100010540,11,10,17,715,2,1,1,5.0,6.0,58083,M,4724500.0,368200.0,58
201100010541,11,1,15,1415,1,1,1,1.0,7.0,58044,M,4749200.0,296500.0,58
201100010542,11,4,18,1545,1,2,1,1.0,6.0,58086,M,0.0,0.0,58
201100010543,11,5,8,1200,1,2,9,1.0,6.0,58086,M,,,58
201100010544,11,5,28,1715,1,1,1,1.0,6.0,58193,M,0.0,0.0,58
201100010545,11,7,14,200,3,1,1,1.0,2.0,58044,M,4748700.0,292500.0,58
201100010546,11,7,16,1615,1,1,1,1.0,3.0,58213,M,0.0,0.0,58
201100010547,11,8,19,1600,1,2,1,1.0,2.0,58086,M,0.0,0.0,58
201100010548,11,8,29,1315,1,2,1,1.0,7.0,58187,M,4745700.0,294900.0,58
201100010549,11,9,23,930,1,2,1,1.0,1.0,58086,M,4739900.0,294400.0,58
201100010550,11,10,6,930,1,2,1,1.0,6.0,58086,M,4741600.0,292600.0,58
201100010551,11,11,8,730,1,1,1,1.0,6.0,58012,M,4752800.0,298200.0,58
201100010552,11,12,2,1630,1,2,1,8.0,3.0,58227,M,0.0,0.0,58
201100010553,11,4,16,1045,1,2,1,1.0,1.0,58220,M,4718800.0,307300.0,58
201100010554,11,4,24,1530,1,2,2,1.0,5.0,58189,M,4722700.0,311300.0,58
201100010555,11,11,10,1900,3,1,1,1.0,3.0,58155,M,0.0,0.0,58
201100010556,11,11,23,1100,1,1,1,5.0,1.0,58302,M,4722900.0,306000.0,58
201100010557,11,2,7,715,2,1,1,5.0,1.0,71250,M,,,71
201100010558,11,3,8,1445,1,1,2,1.0,3.0,71099,M,,,71
201100010559,11,3,12,1945,4,1,1,2.0,3.0,71360,M,,,71
201100010560,11,4,21,1730,1,1,1,1.0,1.0,71235,M,,,71
201100010561,11,8,16,1930,1,1,1,7.0,6.0,71250,M,893153.0,0.0,71
201100010562,11,9,28,2015,5,1,1,1.0,3.0,71360,M,4632890.0,475231.0,71
201100010563,11,10,16,1730,1,2,1,1.0,1.0,71371,M,4635300.0,471700.0,71
201100010564,11,11,2,15,3,1,1,9.0,6.0,71574,M,0.0,0.0,71
201100010565,11,11,5,900,3,1,1,2.0,7.0,71574,M,0.0,0.0,71
201100010566,11,11,13,1745,2,1,1,1.0,4.0,71360,M,0.0,0.0,71
201100010567,11,11,23,1730,3,1,1,2.0,3.0,71583,M,0.0,0.0,71
201100010568,11,12,3,1815,3,1,1,3.0,6.0,71371,M,4634400.0,472700.0,71
201100010569,11,12,22,1815,3,1,1,1.0,1.0,71169,M,0.0,0.0,71
201100010570,11,1,3,800,2,2,1,1.0,7.0,71090,M,,,71
201100010571,11,2,6,1630,1,1,1,1.0,3.0,71487,M,,,71
201100010572,11,4,30,730,1,1,1,1.0,1.0,71258,M,,,71
201100010573,11,6,15,1030,1,1,1,1.0,1.0,71090,M,880519.0,0.0,71
201100010574,11,7,29,1315,1,2,1,1.0,1.0,71372,M,877919.0,0.0,71
201100010575,11,8,10,1745,1,1,9,1.0,6.0,71481,M,879101.0,0.0,71
201100010576,11,8,17,1130,1,2,1,1.0,6.0,71372,M,877947.0,0.0,71
201100010577,11,8,27,830,1,1,1,1.0,1.0,71090,M,878714.0,0.0,71
201100010578,11,9,8,1200,1,1,1,1.0,3.0,71084,M,4623980.0,475952.0,71
201100010579,11,11,28,1800,5,1,1,1.0,3.0,71074,M,0.0,0.0,71
201100010580,11,12,1,715,2,2,1,1.0,6.0,71150,M,0.0,0.0,71
201100010581,11,12,12,1445,1,1,1,1.0,1.0,71150,M,0.0,0.0,71
201100010582,11,12,29,1400,1,2,1,1.0,6.0,71481,M,0.0,0.0,71
201100010583,11,3,23,1730,1,2,1,1.0,2.0,71397,M,,,71
201100010584,11,5,21,1045,1,2,1,1.0,1.0,71289,M,880760.0,0.0,71
201100010585,11,7,13,1945,1,1,1,2.0,1.0,71582,M,901550.0,0.0,71
201100010586,11,8,28,1230,1,2,1,1.0,6.0,71350,M,886351.0,0.0,71
201100010587,11,9,14,1845,1,1,1,1.0,1.0,71137,M,4644230.0,463997.0,71
201100010588,11,10,10,1400,1,2,1,1.0,1.0,71134,M,0.0,0.0,71
201100010589,11,10,16,2030,3,1,1,1.0,6.0,71546,M,0.0,0.0,71
201100010590,11,10,18,945,1,2,2,1.0,3.0,71137,M,0.0,0.0,71
201100010591,11,1,13,1615,1,1,2,2.0,3.0,71576,M,,,71
201100010592,11,2,3,930,1,2,1,1.0,2.0,71417,M,,,71
201100010593,11,2,10,1530,1,2,1,1.0,2.0,71156,M,,,71
201100010594,11,3,1,1515,1,2,1,1.0,3.0,71543,M,,,71
201100010595,11,4,20,730,2,2,1,1.0,6.0,71373,M,,,71
201100010596,11,4,23,1730,1,1,1,1.0,7.0,71543,M,,,71
201100010597,11,5,1,45,3,2,1,1.0,3.0,71016,M,898655.0,0.0,71
201100010598,11,6,1,1115,1,1,1,6.0,1.0,71094,M,906840.0,0.0,71
201100010599,11,6,13,1745,1,1,1,1.0,6.0,71135,M,896573.0,0.0,71
201100010600,11,10,23,1515,1,2,1,1.0,3.0,71543,M,0.0,0.0,71
201100010601,11,12,2,830,1,1,1,2.0,6.0,71373,M,0.0,0.0,71
201100010602,11,2,19,845,1,1,1,1.0,6.0,71014,M,0.0,0.0,71
201100010603,11,2,22,1745,2,1,1,2.0,1.0,71144,M,,,71
201100010604,11,3,19,15,5,2,1,1.0,6.0,71438,M,,,71
201100010605,11,4,30,1645,1,2,1,1.0,1.0,71015,M,0.0,0.0,71
201100010606,11,5,14,1900,1,1,1,8.0,7.0,71015,M,940452.0,0.0,71
201100010607,11,6,18,2230,3,1,1,1.0,6.0,71010,M,936701.0,0.0,71
201100010608,11,7,6,1830,1,1,1,1.0,6.0,71009,M,951215.0,0.0,71
201100010609,11,8,1,1645,1,1,1,1.0,5.0,71010,M,936495.0,0.0,71
201100010610,11,8,5,200,5,2,1,1.0,6.0,71190,M,944429.0,0.0,71
201100010611,11,8,8,1130,1,1,1,2.0,6.0,71162,M,942686.0,0.0,71
201100010612,11,8,14,630,1,2,1,1.0,1.0,71009,M,948188.0,0.0,71
201100010613,11,10,3,1115,1,1,1,1.0,1.0,71162,M,4698000.0,436500.0,71
201100010614,11,10,29,1500,1,2,1,8.0,3.0,71014,M,4695000.0,431000.0,71
201100010615,11,11,27,1645,1,2,2,1.0,5.0,71014,M,4695900.0,431200.0,71
201100010616,11,8,20,430,3,1,1,5.0,7.0,71280,M,924664.0,0.0,71
201100010617,11,9,3,945,1,1,1,1.0,1.0,71531,M,4679060.0,425436.0,71
201100010618,11,9,9,1700,1,1,1,1.0,1.0,71466,M,4659190.0,406559.0,71
201100010619,11,9,16,1815,2,1,1,1.0,7.0,71239,M,4669630.0,394331.0,71
201100010620,11,12,28,1715,2,1,1,2.0,1.0,71142,M,4686400.0,410299.0,71
201100010621,11,1,14,1700,1,1,1,1.0,3.0,71202,M,,,71
201100010622,11,1,28,1900,3,2,1,1.0,6.0,71073,M,4691040.0,476351.0,71
201100010623,11,2,15,745,2,2,3,1.0,3.0,71073,M,4691700.0,475426.0,71
201100010624,11,5,18,830,1,1,1,1.0,6.0,71202,M,933310.0,0.0,71
201100010625,11,6,5,1715,1,1,1,1.0,2.0,71378,M,935108.0,0.0,71
201100010626,11,7,22,115,3,1,1,1.0,7.0,71073,M,936355.0,0.0,71
201100010627,11,2,17,715,2,2,1,1.0,1.0,71403,M,,,71
201100010628,11,4,14,2100,3,1,1,1.0,1.0,71070,M,4671250.0,474032.0,71
201100010629,11,5,4,1745,1,1,1,1.0,1.0,71292,M,930058.0,0.0,71
201100010630,11,5,10,1515,1,1,1,1.0,5.0,71225,M,922369.0,0.0,71
201100010631,11,1,22,1215,1,1,1,1.0,6.0,71456,M,,,71
201100010632,11,2,8,915,1,1,2,5.0,3.0,71131,M,,,71
201100010633,11,4,29,2045,2,1,1,1.0,6.0,71443,M,,,71
201100010634,11,6,1,145,3,1,1,1.0,7.0,71329,M,939447.0,0.0,71
201100010635,11,7,9,2000,1,1,1,2.0,3.0,71336,M,923359.0,0.0,71
201100010636,11,7,12,830,1,1,1,1.0,3.0,71398,M,924778.0,0.0,71
201100010637,11,7,30,100,3,1,1,1.0,6.0,71336,M,920907.0,0.0,71
201100010638,11,8,7,1145,1,1,1,2.0,3.0,71023,M,918054.0,0.0,71
201100010639,11,8,12,1145,1,1,1,1.0,7.0,71253,M,925555.0,0.0,71
201100010640,11,8,26,130,3,1,1,1.0,7.0,71420,M,920356.0,0.0,71
201100010641,11,9,6,1800,1,1,1,1.0,3.0,71420,M,4670530.0,499852.0,71
201100010642,11,10,14,230,3,1,1,1.0,6.0,71336,M,0.0,0.0,71
201100010643,11,10,28,1800,2,2,1,1.0,2.0,71420,M,0.0,0.0,71
201100010644,11,11,4,900,1,1,1,1.0,1.0,71420,M,4692000.0,511300.0,71
201100010645,11,11,4,945,1,2,1,2.0,3.0,71003,M,0.0,0.0,71
201100010646,11,11,13,1815,3,1,1,5.0,7.0,71355,M,4693700.0,514100.0,71
201100010647,11,11,14,1845,3,1,1,5.0,1.0,71333,M,0.0,0.0,71
201100010648,11,1,15,1700,1,1,1,7.0,2.0,71512,M,,,71
201100010649,11,1,27,830,1,1,2,1.0,3.0,71555,M,,,71
201100010650,11,3,9,330,3,1,1,1.0,1.0,71444,M,,,71
201100010651,11,3,12,1600,1,2,2,1.0,3.0,71328,M,,,71
201100010652,11,3,13,1045,1,2,1,1.0,6.0,71328,M,,,71
201100010653,11,4,10,1830,1,2,1,1.0,6.0,71252,M,,,71
201100010654,11,6,19,1715,1,2,1,1.0,1.0,71512,M,915856.0,0.0,71
201100010655,11,8,28,1815,1,1,1,1.0,1.0,71249,M,917179.0,0.0,71
201100010656,11,9,29,2015,3,1,1,1.0,7.0,71384,M,4667410.0,481064.0,71
201100010657,11,11,22,2300,3,1,1,1.0,3.0,71402,M,0.0,0.0,71
201100010658,11,4,7,1615,1,1,1,1.0,1.0,71446,M,,,71
201100010659,11,6,11,1030,1,1,1,1.0,7.0,71106,M,899304.0,0.0,71
201100010660,11,8,16,1045,1,1,2,1.0,3.0,71446,M,909665.0,0.0,71
201100010661,11,9,4,315,3,1,1,2.0,1.0,71279,M,4659890.0,443116.0,71
201100010662,11,9,19,1315,1,1,1,3.0,6.0,71571,M,4640400.0,444154.0,71
201100010663,11,10,22,700,3,1,1,5.0,1.0,71571,M,0.0,0.0,71
201100010664,11,4,16,1545,1,2,5,1.0,1.0,71120,M,,,71
201100010665,11,5,20,1030,1,2,1,7.0,6.0,71120,M,879163.0,0.0,71
201100010666,11,7,31,700,3,1,1,1.0,6.0,71463,M,879900.0,0.0,71
201100010667,11,10,7,1845,2,1,1,2.0,1.0,71110,M,0.0,0.0,71
201100010668,11,4,9,900,1,2,1,1.0,6.0,71176,M,,,71
201100010669,11,5,13,1000,1,2,1,1.0,3.0,71176,M,901997.0,0.0,71
201100010670,11,7,16,1545,1,2,9,7.0,6.0,71176,M,901988.0,0.0,71
201100010671,11,10,17,1500,1,2,1,1.0,1.0,71176,M,4648100.0,399000.0,71
201100010672,11,11,19,1215,1,2,1,1.0,3.0,71176,M,4648800.0,397700.0,71
201100010673,11,12,23,1645,1,2,1,1.0,3.0,71176,M,4649300.0,399800.0,71
201100010674,11,1,19,530,2,1,1,1.0,6.0,71012,M,4624250.0,404385.0,71
201100010675,11,2,2,1200,1,1,1,1.0,6.0,71200,M,,,71
201100010676,11,2,7,1645,1,1,1,1.0,6.0,71399,M,,,71
201100010677,11,3,31,1900,1,1,1,1.0,6.0,71275,M,,,71
201100010678,11,4,5,2030,2,1,1,1.0,6.0,71012,M,,,71
201100010679,11,5,26,1730,1,1,1,1.0,3.0,71238,M,880445.0,0.0,71
201100010680,11,7,26,1515,1,1,1,1.0,1.0,71123,M,881532.0,0.0,71
201100010681,11,8,2,1800,1,1,1,1.0,5.0,71453,M,880924.0,0.0,71
201100010682,11,8,5,1700,1,1,2,1.0,3.0,71406,M,890349.0,0.0,71
201100010683,11,8,10,1130,1,2,1,1.0,6.0,71275,M,883961.0,0.0,71
201100010684,11,9,6,1700,1,2,1,1.0,6.0,71077,M,4628090.0,401187.0,71
201100010685,11,10,18,1800,1,1,1,1.0,6.0,71275,M,4627800.0,403099.0,71
201100010686,11,3,26,1545,1,1,1,1.0,6.0,71588,M,,,71
201100010687,11,4,6,1815,1,2,2,1.0,6.0,71342,M,,,71
201100010688,11,5,16,1730,1,1,1,1.0,7.0,71590,M,901772.0,0.0,71
201100010689,11,5,25,1600,1,1,1,1.0,1.0,71590,M,902816.0,0.0,71
201100010690,11,7,14,2230,5,2,1,1.0,7.0,71588,M,899012.0,0.0,71
201100010691,11,11,3,1815,5,2,6,1.0,3.0,71342,M,0.0,0.0,71
201100010692,11,4,7,1530,1,1,1,1.0,2.0,71282,M,0.0,0.0,71
201100010693,11,5,18,745,1,2,1,7.0,3.0,71413,M,932444.0,0.0,71
201100010694,11,9,14,900,1,1,2,1.0,1.0,71347,M,4682670.0,457879.0,71
201100010695,11,10,28,1615,1,1,1,1.0,6.0,71149,M,0.0,0.0,71
201100010696,11,11,17,1200,1,1,1,1.0,6.0,71409,M,0.0,0.0,71
201100010697,11,11,20,330,3,2,1,1.0,6.0,71347,M,0.0,0.0,71
201100010698,11,12,10,1545,1,1,1,8.0,5.0,71282,M,0.0,0.0,71
201100010699,11,3,28,630,4,1,1,8.0,3.0,71047,M,912430.0,0.0,71
201100010700,11,6,23,1115,1,1,2,1.0,3.0,71075,M,4658460.0,383751.0,71
201100010701,11,10,15,1815,1,1,1,1.0,7.0,71047,M,0.0,0.0,71
201100010702,11,11,11,1115,1,1,2,1.0,3.0,71075,M,0.0,0.0,71
201100010703,11,1,22,1730,3,2,1,1.0,3.0,71230,M,,,71
201100010704,11,3,16,815,1,2,1,1.0,3.0,71346,M,,,71
201100010705,11,6,14,1500,1,2,1,1.0,6.0,71230,M,911266.0,0.0,71
201100010706,11,6,25,1445,1,1,1,1.0,2.0,71132,M,912733.0,0.0,71
201100010707,11,7,1,1745,1,2,1,1.0,6.0,71230,M,910991.0,0.0,71
201100010708,11,9,27,1015,1,2,1,1.0,6.0,71230,M,4659930.0,406810.0,71
201100010709,11,9,28,2230,3,1,1,1.0,1.0,71340,M,4653110.0,416777.0,71
201100010710,11,11,16,1645,1,2,1,1.0,2.0,71230,M,0.0,0.0,71
201100010711,11,11,27,445,5,2,1,1.0,6.0,71542,M,0.0,0.0,71
201100010712,11,12,4,100,3,1,1,2.0,5.0,71565,M,0.0,0.0,71