Num_Acc,an,mois,jour,hrmn,lum,agg,int,atm,col,com,gps,lat,long,dep
201100010713,11,3,26,2045,5,2,2,1.0,3.0,71484,M,,,71
201100010714,11,4,27,530,5,1,1,1.0,1.0,71056,M,,,71
201100010715,11,6,21,845,1,1,1,1.0,1.0,71027,M,918198.0,0.0,71
201100010716,11,7,14,15,5,2,1,2.0,6.0,71506,M,915884.0,0.0,71
201100010717,11,7,18,915,1,1,1,1.0,1.0,71263,M,916253.0,0.0,71
201100010718,11,7,29,2245,3,1,1,1.0,1.0,71243,M,901729.0,0.0,71
201100010719,11,8,12,1530,1,1,1,1.0,7.0,71056,M,916113.0,0.0,71
201100010720,11,10,5,1745,1,2,1,1.0,6.0,71263,M,0.0,0.0,71
201100010721,11,12,5,1515,1,1,1,1.0,7.0,71263,M,0.0,0.0,71
201100010722,11,12,29,2315,3,1,1,2.0,6.0,71379,M,4656900.0,530400.0,71
201100010723,11,1,11,2045,3,1,1,5.0,1.0,71244,M,4658600.0,507800.0,71
201100010724,11,1,18,1845,3,1,1,1.0,3.0,71092,M,,,71
201100010725,11,1,18,1645,1,2,1,1.0,6.0,71061,M,4655710.0,500084.0,71
201100010726,11,4,3,30,3,1,1,1.0,1.0,71523,M,0.0,0.0,71
201100010727,11,5,29,2115,2,1,1,1.0,6.0,71158,M,910009.0,0.0,71
201100010728,11,7,21,2115,1,1,1,1.0,1.0,71097,M,908716.0,0.0,71
201100010729,11,9,25,1130,1,1,1,1.0,7.0,71244,M,4657980.0,506715.0,71
201100010730,11,10,18,2030,3,1,1,1.0,3.0,71318,M,0.0,0.0,71
201100010731,11,6,15,2300,3,1,1,1.0,1.0,71295,M,929769.0,0.0,71
201100010732,11,9,20,1545,1,2,2,1.0,3.0,71208,M,4691360.0,515846.0,71
201100010733,11,10,12,1745,1,2,1,1.0,1.0,71101,M,0.0,0.0,71
201100010734,11,12,22,345,3,1,1,2.0,1.0,71357,M,4696300.0,522100.0,71
201100010735,11,2,26,1530,1,1,1,2.0,3.0,71465,M,4667080.0,452346.0,71
201100010736,11,4,7,1800,1,1,2,1.0,1.0,71222,M,,,71
201100010737,11,4,9,1915,1,1,1,1.0,6.0,71320,M,4663680.0,446394.0,71
201100010738,11,8,1,1000,1,1,1,1.0,3.0,71187,M,923802.0,0.0,71
201100010739,11,1,24,1615,1,1,1,1.0,2.0,89341,M,0.0,0.0,89
201100010740,11,2,14,845,1,1,1,2.0,6.0,89108,M,0.0,0.0,89
201100010741,11,2,27,645,2,1,1,1.0,3.0,89037,M,0.0,0.0,89
201100010742,11,3,29,45,3,1,1,1.0,2.0,89198,M,0.0,0.0,89
201100010743,11,4,27,1600,1,1,1,1.0,2.0,89366,M,0.0,0.0,89
201100010744,11,5,4,730,1,1,1,1.0,2.0,89108,M,0.0,0.0,89
201100010745,11,5,9,1115,1,1,1,1.0,6.0,89438,M,0.0,0.0,89
201100010746,11,6,23,245,3,1,1,1.0,2.0,89337,M,0.0,0.0,89
201100010747,11,6,24,2245,3,2,1,1.0,6.0,89263,M,0.0,0.0,89
201100010748,11,6,26,730,1,1,1,1.0,3.0,89438,M,0.0,0.0,89
201100010749,11,8,4,1000,1,1,1,1.0,6.0,89167,M,0.0,0.0,89
201100010750,11,8,7,1830,1,1,1,1.0,6.0,89196,M,0.0,0.0,89
201100010751,11,9,6,500,3,1,1,1.0,2.0,89484,M,0.0,0.0,89
201100010752,11,9,7,2115,3,1,1,8.0,5.0,89438,M,0.0,0.0,89
201100010753,11,9,20,15,3,1,1,1.0,6.0,89341,M,0.0,0.0,89
201100010754,11,10,11,200,3,1,1,1.0,2.0,89013,M,0.0,0.0,89
201100010755,11,10,18,2200,3,1,1,3.0,6.0,89167,M,0.0,0.0,89
201100010756,11,11,9,1345,1,1,1,1.0,3.0,89053,M,0.0,0.0,89
201100010757,11,12,26,915,2,1,1,5.0,4.0,89438,M,0.0,0.0,89
201100010758,11,5,20,2330,3,1,9,1.0,7.0,89080,M,0.0,0.0,89
201100010759,11,9,11,2015,2,1,1,1.0,1.0,89255,M,0.0,0.0,89
201100010760,11,1,14,815,1,1,1,1.0,7.0,89083,M,0.0,0.0,89
201100010761,11,1,26,1800,4,1,1,2.0,3.0,89295,M,0.0,0.0,89
201100010762,11,3,27,1145,1,1,1,1.0,7.0,89427,M,0.0,0.0,89
201100010763,11,6,16,815,1,1,3,1.0,7.0,89083,M,0.0,0.0,89
201100010764,11,7,3,1715,1,1,1,1.0,6.0,89013,M,4786000.0,350800.0,89
201100010765,11,8,8,2000,1,1,1,1.0,6.0,89013,M,4788300.0,350100.0,89
201100010766,11,8,18,1115,1,1,1,1.0,3.0,89083,M,0.0,0.0,89
201100010767,11,8,22,2215,3,1,1,1.0,7.0,89013,M,0.0,0.0,89
201100010768,11,12,1,1600,1,1,1,1.0,3.0,89013,M,0.0,0.0,89
201100010769,11,1,5,730,3,1,1,1.0,1.0,89441,M,0.0,0.0,89
201100010770,11,1,29,1330,1,1,1,1.0,6.0,89158,M,0.0,0.0,89
201100010771,11,4,6,1500,1,1,1,1.0,1.0,89256,M,4767200.0,352100.0,89
201100010772,11,5,8,1245,1,2,3,1.0,3.0,89158,M,4751400.0,334500.0,89
201100010773,11,5,14,1745,1,2,1,1.0,6.0,89441,M,0.0,0.0,89
201100010774,11,6,22,2300,3,2,1,1.0,7.0,89001,M,4766600.0,371100.0,89
201100010775,11,6,28,845,1,1,1,1.0,1.0,89252,M,0.0,0.0,89
201100010776,11,8,23,815,1,2,1,1.0,5.0,89479,M,0.0,0.0,89
201100010777,11,8,30,1530,1,1,1,1.0,1.0,89256,M,0.0,0.0,89
201100010778,11,10,7,2045,4,2,1,1.0,3.0,89130,M,4768600.0,369000.0,89
201100010779,11,10,23,2130,3,1,1,1.0,1.0,89283,M,4765800.0,342100.0,89
201100010780,11,11,1,100,4,2,1,2.0,6.0,89030,M,4766400.0,365400.0,89
201100010781,11,12,18,515,3,1,1,8.0,7.0,89383,M,4764700.0,337500.0,89
201100010782,11,12,23,1400,1,2,1,8.0,7.0,89237,M,0.0,0.0,89
201100010783,11,1,7,1530,1,1,1,1.0,6.0,89205,M,0.0,0.0,89
201100010784,11,5,15,2115,3,1,1,1.0,7.0,89062,M,0.0,0.0,89
201100010785,11,5,21,1715,1,2,2,1.0,3.0,89345,M,0.0,0.0,89
201100010786,11,5,21,1530,1,1,1,1.0,4.0,89345,M,0.0,0.0,89
201100010787,11,5,31,615,2,1,1,8.0,7.0,89276,M,0.0,0.0,89
201100010788,11,7,5,545,1,1,1,1.0,6.0,89061,M,0.0,0.0,89
201100010789,11,8,17,1715,1,2,1,2.0,1.0,89439,M,0.0,0.0,89
201100010790,11,8,29,530,5,1,1,1.0,6.0,89276,M,0.0,0.0,89
201100010791,11,9,7,1045,1,1,1,8.0,1.0,89345,M,0.0,0.0,89
201100010792,11,10,2,715,2,1,1,1.0,7.0,89345,M,0.0,0.0,89
201100010793,11,10,18,1530,1,2,1,1.0,3.0,89292,M,0.0,0.0,89
201100010794,11,10,30,315,3,1,1,1.0,6.0,89292,M,0.0,0.0,89
201100010795,11,12,23,1730,3,1,1,2.0,6.0,89101,M,0.0,0.0,89
201100010796,11,1,18,845,1,1,1,1.0,1.0,89263,M,0.0,0.0,89
201100010797,11,1,28,1830,5,2,1,1.0,6.0,89034,M,4782200.0,372600.0,89
201100010798,11,1,26,1500,1,2,1,2.0,6.0,89201,M,4790500.0,362700.0,89
201100010799,11,3,5,1500,1,1,1,1.0,7.0,89034,M,0.0,0.0,89
201100010800,11,4,5,1430,1,1,1,1.0,1.0,89034,M,0.0,0.0,89
201100010801,11,5,15,2300,3,1,1,1.0,6.0,89282,M,4794300.0,356500.0,89
201100010802,11,5,22,930,1,1,1,1.0,6.0,89201,M,4792000.0,362700.0,89
201100010803,11,6,12,1600,1,1,4,1.0,3.0,89263,M,4786700.0,357800.0,89
201100010804,11,8,7,215,3,1,1,1.0,1.0,89307,M,4789200.0,371100.0,89
201100010805,11,8,24,1945,1,1,1,1.0,7.0,89123,M,0.0,0.0,89
201100010806,11,9,6,700,1,1,1,1.0,3.0,89227,M,4793600.0,376900.0,89
201100010807,11,11,9,1900,5,1,1,1.0,1.0,89263,M,0.0,0.0,89
201100010808,11,11,22,745,2,1,3,1.0,1.0,89263,M,0.0,0.0,89
201100010809,11,12,30,700,3,1,1,1.0,6.0,89198,M,4787800.0,359100.0,89
201100010810,11,3,5,2000,5,2,1,1.0,1.0,89220,M,4760100.0,299000.0,89
201100010811,11,3,23,900,1,1,2,7.0,3.0,89147,M,0.0,0.0,89
201100010812,11,5,23,100,3,1,1,1.0,6.0,89254,M,4771000.0,318500.0,89
201100010813,11,5,30,1100,1,1,2,1.0,3.0,89400,M,4756400.0,332900.0,89
201100010814,11,6,12,1045,1,1,1,1.0,7.0,89273,M,4760300.0,319200.0,89
201100010815,11,6,15,1545,1,1,1,1.0,1.0,89344,M,4764700.0,308600.0,89
201100010816,11,6,26,1430,1,1,1,1.0,7.0,89254,M,0.0,0.0,89
201100010817,11,7,31,1445,1,1,1,1.0,3.0,89365,M,4772000.0,300100.0,89
201100010818,11,8,17,2015,1,1,1,1.0,7.0,89419,M,4773800.0,331700.0,89
201100010819,11,9,30,1600,1,2,1,1.0,3.0,89408,M,4774200.0,312300.0,89
201100010820,11,10,28,1945,3,1,1,1.0,6.0,89344,M,4762900.0,304400.0,89
201100010821,11,11,2,1245,1,1,2,1.0,3.0,89408,M,4774700.0,317200.0,89
201100010822,11,12,12,800,2,1,1,1.0,1.0,89420,M,0.0,0.0,89
201100010823,11,2,13,1700,1,2,1,1.0,1.0,89025,M,0.0,0.0,89
201100010824,11,2,16,815,1,2,1,1.0,1.0,89446,M,0.0,0.0,89
201100010825,11,2,16,2045,3,1,3,1.0,3.0,89159,M,0.0,0.0,89
201100010826,11,3,21,1245,1,1,1,1.0,6.0,89071,M,0.0,0.0,89
201100010827,11,3,21,1545,1,1,1,1.0,7.0,89347,M,0.0,0.0,89
201100010828,11,4,25,715,1,1,1,1.0,6.0,89203,M,0.0,0.0,89
201100010829,11,5,28,1400,1,2,1,1.0,2.0,89025,M,0.0,0.0,89
201100010830,11,6,4,1615,1,1,1,1.0,7.0,89025,M,0.0,0.0,89
201100010831,11,7,4,2345,3,1,1,1.0,6.0,89362,M,0.0,0.0,89
201100010832,11,7,20,2100,1,2,2,8.0,3.0,89025,M,0.0,0.0,89
201100010833,11,7,28,1115,1,1,1,1.0,7.0,89203,M,0.0,0.0,89
201100010834,11,8,28,1100,1,2,1,1.0,2.0,89025,M,0.0,0.0,89
201100010835,11,9,24,1100,1,1,1,1.0,7.0,89446,M,0.0,0.0,89
201100010836,11,9,26,1930,1,1,1,1.0,7.0,89159,M,0.0,0.0,89
201100010837,11,10,8,1430,1,2,1,1.0,6.0,89485,M,0.0,0.0,89
201100010838,11,10,11,1845,1,2,1,1.0,1.0,89347,M,0.0,0.0,89
201100010839,11,10,22,2015,5,2,1,1.0,6.0,89349,M,0.0,0.0,89
201100010840,11,12,19,1515,1,1,1,1.0,1.0,89409,M,0.0,0.0,89
201100010841,11,12,27,800,2,1,1,5.0,1.0,89378,M,0.0,0.0,89
201100010842,11,2,28,1030,1,1,3,1.0,7.0,89381,M,0.0,0.0,89
201100010843,11,6,10,945,1,1,1,2.0,7.0,89246,M,0.0,0.0,89
201100010844,11,8,6,1445,1,1,1,3.0,1.0,89316,M,0.0,0.0,89
201100010845,11,8,13,1900,1,1,1,1.0,6.0,89312,M,0.0,0.0,89
201100010846,11,9,3,1830,1,2,1,1.0,6.0,89303,M,0.0,0.0,89
201100010847,11,9,17,1345,1,1,2,1.0,3.0,89064,M,0.0,0.0,89
201100010848,11,11,10,2330,3,1,1,1.0,7.0,89351,M,0.0,0.0,89
201100010849,11,11,17,915,1,1,1,1.0,3.0,89134,M,0.0,0.0,89
201100010850,11,1,8,1000,1,1,1,1.0,6.0,89206,M,0.0,0.0,89
201100010851,11,1,11,1700,2,2,1,2.0,2.0,89206,M,4798100.0,341300.0,89
201100010852,11,3,3,15,3,1,1,1.0,6.0,89037,M,4798100.0,334900.0,89
201100010853,11,3,18,1845,1,2,3,1.0,3.0,89206,M,0.0,0.0,89
201100010854,11,3,28,2115,5,2,1,1.0,1.0,89206,M,4798300.0,340900.0,89
201100010855,11,4,2,1900,1,1,2,1.0,1.0,89206,M,4798000.0,339200.0,89
201100010856,11,5,19,1530,1,2,1,1.0,6.0,89206,M,4798400.0,340600.0,89
201100010857,11,6,20,645,2,2,1,2.0,7.0,89206,M,0.0,0.0,89
201100010858,11,6,24,1545,1,2,1,1.0,6.0,89206,M,0.0,0.0,89
201100010859,11,8,22,1715,1,2,6,1.0,3.0,89206,M,0.0,0.0,89
201100010860,11,9,2,1900,1,1,1,1.0,3.0,89206,M,0.0,0.0,89
201100010861,11,9,9,230,4,1,6,1.0,7.0,89206,M,0.0,0.0,89
201100010862,11,9,10,815,1,2,1,7.0,6.0,89206,M,0.0,0.0,89
201100010863,11,9,22,1900,1,1,1,7.0,3.0,89230,M,0.0,0.0,89
201100010864,11,10,6,1845,1,2,1,1.0,3.0,89206,M,0.0,0.0,89
201100010865,11,10,23,400,3,1,1,1.0,6.0,89067,M,0.0,0.0,89
201100010866,11,11,27,945,1,2,1,1.0,6.0,89206,M,0.0,0.0,89
201100010867,11,12,3,930,1,2,1,3.0,6.0,89206,M,0.0,0.0,89
201100010868,11,1,6,2330,5,1,1,2.0,6.0,89138,M,0.0,0.0,89
201100010869,11,2,21,1100,1,1,2,1.0,3.0,89384,M,0.0,0.0,89
201100010870,11,5,8,100,3,1,1,1.0,6.0,89163,M,0.0,0.0,89
201100010871,11,5,10,900,1,1,1,1.0,6.0,89473,M,0.0,0.0,89
201100010872,11,9,1,1745,1,1,1,1.0,7.0,89003,M,0.0,0.0,89
201100010873,11,9,5,830,1,2,1,1.0,1.0,89304,M,0.0,0.0,89
201100010874,11,11,3,1930,3,2,2,1.0,7.0,89241,M,0.0,0.0,89
201100010875,11,11,15,1930,5,2,1,2.0,6.0,89196,M,0.0,0.0,89
201100010876,11,12,8,1700,3,1,1,1.0,5.0,89086,M,0.0,0.0,89
201100010877,11,1,16,915,1,2,1,1.0,6.0,89085,M,0.0,0.0,89
201100010878,11,3,19,1500,1,1,1,8.0,5.0,89059,M,4807000.0,351500.0,89
201100010879,11,6,19,645,2,1,1,1.0,6.0,89152,M,4796400.0,348700.0,89
201100010880,11,7,26,1530,1,1,1,1.0,6.0,89105,M,4792000.0,351700.0,89
201100010881,11,9,20,230,3,2,1,1.0,6.0,89085,M,4794500.0,349000.0,89
201100010882,11,9,22,1815,1,1,3,1.0,3.0,89218,M,0.0,0.0,89
201100010883,11,12,9,1200,1,2,1,2.0,1.0,89257,M,4796000.0,350000.0,89
201100010884,11,12,16,1300,1,1,1,6.0,6.0,89218,M,4797300.0,343800.0,89
201100010885,11,1,25,1915,5,2,6,2.0,3.0,89195,M,0.0,0.0,89
201100010886,11,2,16,815,1,1,1,7.0,6.0,89181,M,0.0,0.0,89
201100010887,11,3,27,1715,1,2,1,2.0,6.0,89239,M,0.0,0.0,89
201100010888,11,4,2,800,1,1,1,1.0,6.0,89214,M,0.0,0.0,89
201100010889,11,4,9,2015,1,1,1,1.0,1.0,89120,M,0.0,0.0,89
201100010890,11,5,2,1515,1,2,1,1.0,3.0,89434,M,0.0,0.0,89
201100010891,11,6,14,2145,2,1,1,1.0,1.0,89245,M,0.0,0.0,89
201100010892,11,6,29,2200,2,1,1,1.0,1.0,89240,M,4818200.0,336400.0,89
201100010893,11,11,7,1530,1,1,1,2.0,7.0,89373,M,0.0,0.0,89
201100010894,11,11,22,1800,3,1,1,1.0,2.0,89373,M,4821700.0,334600.0,89
201100010895,11,11,27,1900,3,1,1,1.0,7.0,89483,M,0.0,0.0,89
201100010896,11,12,22,1100,1,1,1,2.0,1.0,89373,M,0.0,0.0,89
201100010897,11,1,16,1715,1,1,1,1.0,1.0,89080,M,4828600.0,329900.0,89
201100010898,11,1,27,1800,3,1,1,1.0,6.0,89136,M,4824900.0,325300.0,89
201100010899,11,2,6,1700,1,1,1,1.0,7.0,89390,M,0.0,0.0,89
201100010900,11,2,27,1915,3,2,1,1.0,6.0,89309,M,4829300.0,320400.0,89
201100010901,11,3,11,1830,1,1,1,1.0,3.0,89189,M,0.0,0.0,89
201100010902,11,4,12,2100,2,2,1,1.0,6.0,89460,M,0.0,0.0,89
201100010903,11,6,2,1000,1,1,1,1.0,2.0,89414,M,0.0,0.0,89
201100010904,11,6,9,1745,1,1,1,1.0,1.0,89332,M,4831700.0,307700.0,89
201100010905,11,7,17,645,2,1,1,2.0,6.0,89460,M,4836000.0,308700.0,89
201100010906,11,9,3,115,3,1,1,1.0,7.0,89460,M,4833300.0,306200.0,89
201100010907,11,10,15,2000,3,1,1,1.0,7.0,89093,M,0.0,0.0,89
201100010908,11,11,6,1230,1,2,1,1.0,6.0,89309,M,0.0,0.0,89
201100010909,11,11,24,1800,1,2,1,1.0,6.0,89460,M,0.0,0.0,89
201100010910,11,11,25,1615,1,1,1,2.0,6.0,89480,M,4833800.0,314100.0,89
201100010911,11,12,12,645,3,1,1,8.0,1.0,89309,M,4828500.0,321800.0,89
201100010912,11,12,14,1745,2,1,1,1.0,1.0,89369,M,4825700.0,316700.0,89
201100010913,11,1,17,845,1,1,1,1.0,1.0,89180,M,4818400.0,314300.0,89
201100010914,11,3,22,1415,1,1,1,1.0,6.0,89144,M,4810500.0,307900.0,89
201100010915,11,6,22,2045,1,1,1,1.0,6.0,89467,M,4827100.0,308100.0,89
201100010916,11,7,18,2000,1,2,1,1.0,7.0,89428,M,4824500.0,304500.0,89
201100010917,11,8,10,1215,1,1,1,1.0,7.0,89466,M,0.0,0.0,89
201100010918,11,9,29,915,1,2,1,1.0,6.0,89143,M,0.0,0.0,89
201100010919,11,3,27,1115,1,1,1,1.0,2.0,89142,M,0.0,0.0,89
201100010920,11,4,21,200,3,1,1,1.0,7.0,89464,M,0.0,0.0,89
201100010921,11,5,14,1230,1,1,1,2.0,6.0,89366,M,4793300.0,326400.0,89
201100010922,11,5,26,1615,1,1,1,1.0,5.0,89018,M,0.0,0.0,89
201100010923,11,6,16,600,1,2,1,1.0,3.0,89348,M,0.0,0.0,89
201100010924,11,6,18,1800,1,1,1,1.0,6.0,89018,M,0.0,0.0,89
201100010925,11,7,21,2345,3,1,1,3.0,6.0,89388,M,0.0,0.0,89
201100010926,11,11,17,1600,1,1,1,1.0,1.0,89464,M,4811200.0,328600.0,89
201100010927,11,4,9,1415,1,1,1,1.0,6.0,89131,M,0.0,0.0,89
201100010928,11,4,30,1845,1,1,1,1.0,6.0,89004,M,0.0,0.0,89
201100010929,11,6,14,2230,2,1,1,1.0,7.0,89005,M,4777800.0,416899.0,89
201100010930,11,6,25,2330,5,2,1,1.0,7.0,89005,M,0.0,0.0,89
201100010931,11,6,19,1915,1,1,1,1.0,7.0,89321,M,0.0,0.0,89
201100010932,11,12,4,1345,1,1,1,1.0,6.0,89262,M,0.0,0.0,89
201100010933,11,12,9,215,5,2,1,1.0,6.0,89418,M,4786200.0,397800.0,89
201100010934,11,12,5,600,3,1,1,1.0,7.0,10227,M,4755560.0,354390.0,10
201100010935,11,2,16,1545,1,1,1,1.0,7.0,25189,M,4730500.0,627700.0,25
201100010936,11,3,13,1945,5,2,1,2.0,1.0,25410,M,4723000.0,606400.0,25
201100010937,11,3,28,15,3,2,1,1.0,6.0,25078,M,0.0,0.0,25
201100010938,11,7,24,1800,1,1,1,1.0,3.0,25410,M,4722600.0,607500.0,25
201100010939,11,7,25,1115,1,1,1,1.0,2.0,25328,M,4718000.0,597300.0,25
201100010940,11,8,3,1645,1,1,1,1.0,5.0,25417,M,0.0,0.0,25
201100010941,11,8,26,2100,3,1,1,3.0,1.0,25328,M,4718300.0,596300.0,25
201100010942,11,9,6,1330,1,1,1,1.0,6.0,25112,M,4726500.0,607600.0,25
201100010943,11,9,8,945,1,1,2,1.0,3.0,25245,M,0.0,0.0,25
201100010944,11,9,22,2330,3,1,1,5.0,7.0,25116,M,0.0,0.0,25
201100010945,11,10,2,1100,1,2,1,1.0,2.0,25532,M,4722700.0,611900.0,25
201100010946,11,10,7,1300,1,1,1,2.0,1.0,25328,M,0.0,0.0,25
201100010947,11,1,15,1545,1,1,1,1.0,6.0,25415,M,4703100.0,629000.0,25
201100010948,11,7,3,1215,1,2,1,1.0,1.0,25633,M,0.0,0.0,25
201100010949,11,8,4,2015,1,1,1,1.0,6.0,25434,M,4706600.0,614100.0,25
201100010950,11,9,6,1005,1,2,1,7.0,6.0,25434,M,0.0,0.0,25
201100010951,11,10,2,1530,1,1,1,1.0,3.0,25415,M,4703600.0,628700.0,25
201100010952,11,11,13,1130,1,1,1,1.0,6.0,25199,M,4701200.0,607100.0,25
201100010953,11,1,17,1730,2,2,1,1.0,6.0,25147,M,0.0,0.0,25
201100010954,11,1,27,2200,3,1,1,1.0,6.0,25195,M,4720300.0,586800.0,25
201100010955,11,4,2,1745,1,1,1,1.0,7.0,25209,M,0.0,0.0,25
201100010956,11,5,6,1345,1,1,1,1.0,7.0,25406,M,4715100.0,605200.0,25
201100010957,11,6,2,1900,1,1,1,1.0,6.0,25475,M,0.0,0.0,25
201100010958,11,6,17,1915,1,1,1,2.0,1.0,25502,M,4715500.0,581700.0,25
201100010959,11,6,29,1130,1,1,1,2.0,5.0,25287,M,4719200.0,588800.0,25
201100010960,11,7,2,1500,1,2,1,1.0,7.0,25527,M,4718600.0,581500.0,25
201100010961,11,8,22,1045,1,1,1,1.0,3.0,25475,M,0.0,0.0,25
201100010962,11,10,15,1915,3,1,1,1.0,7.0,25105,M,0.0,0.0,25
201100010963,11,10,24,2115,5,1,1,2.0,7.0,25527,M,4720200.0,586000.0,25
201100010964,11,12,3,1945,3,1,1,2.0,1.0,25084,M,0.0,0.0,25
201100010965,11,1,14,1130,1,2,1,1.0,6.0,25428,M,0.0,0.0,25
201100010966,11,4,11,2130,3,1,1,1.0,7.0,25188,M,0.0,0.0,25
201100010967,11,7,9,1630,1,2,1,1.0,1.0,25097,M,0.0,0.0,25
201100010968,11,1,9,415,3,2,9,1.0,6.0,25469,M,4750700.0,672000.0,25
201100010969,11,1,31,445,5,1,1,1.0,1.0,25043,M,0.0,0.0,25
201100010970,11,2,12,815,1,2,1,1.0,6.0,25159,M,0.0,0.0,25
201100010971,11,2,12,1745,2,1,1,1.0,6.0,25054,M,4747000.0,674000.0,25
201100010972,11,5,4,915,1,2,1,1.0,1.0,25350,M,0.0,0.0,25
201100010973,11,5,30,2000,1,1,1,1.0,6.0,25048,M,0.0,0.0,25
201100010974,11,10,6,800,1,1,1,1.0,7.0,25013,M,4752200.0,676400.0,25
201100010975,11,7,15,1000,1,2,1,1.0,4.0,25367,M,4745000.0,683200.0,25
201100010976,11,9,9,2135,5,2,1,1.0,3.0,25367,M,0.0,0.0,25
201100010977,11,9,14,1030,1,1,1,1.0,3.0,25004,M,4745600.0,693000.0,25
201100010978,11,9,21,845,1,2,1,1.0,6.0,25304,M,4743800.0,688600.0,25
201100010979,11,11,20,515,3,1,1,1.0,6.0,25228,M,4751300.0,687800.0,25
201100010980,11,12,5,315,5,1,1,3.0,7.0,25228,M,4752200.0,688600.0,25
201100010981,11,12,6,1145,1,1,1,2.0,1.0,25071,M,4744700.0,684800.0,25
201100010982,11,2,15,2315,3,1,1,1.0,7.0,25193,M,4724900.0,685300.0,25
201100010983,11,3,11,1200,1,1,1,1.0,1.0,25091,M,0.0,0.0,25
201100010984,11,4,25,1930,1,1,1,1.0,1.0,25356,M,4725700.0,680100.0,25
201100010985,11,5,22,2100,2,1,1,1.0,6.0,25127,M,4720200.0,683800.0,25
201100010986,11,5,25,1345,1,1,1,1.0,5.0,25193,M,4725200.0,687500.0,25
201100010987,11,6,19,1130,1,1,1,2.0,1.0,25356,M,0.0,0.0,25
201100010988,11,4,24,715,2,2,6,1.0,6.0,25370,M,4743200.0,678300.0,25
201100010989,11,5,22,1545,1,1,1,1.0,6.0,25519,M,4729900.0,681000.0,25
201100010990,11,7,17,2330,3,1,1,2.0,6.0,25033,M,4739100.0,681500.0,25
201100010991,11,8,4,2245,5,2,1,1.0,6.0,25463,M,4739700.0,676600.0,25
201100010992,11,8,8,1400,1,1,1,8.0,7.0,25519,M,4732700.0,681700.0,25
201100010993,11,8,17,1715,1,1,1,1.0,6.0,25591,M,4736000.0,691700.0,25
201100010994,11,8,27,1115,1,1,1,2.0,7.0,25591,M,4734700.0,695100.0,25
201100010995,11,8,28,1230,1,1,1,1.0,6.0,25387,M,4729200.0,681900.0,25
201100010996,11,10,2,1630,1,1,1,1.0,1.0,25452,M,4737300.0,682300.0,25
201100010997,11,1,20,1715,2,1,1,4.0,1.0,25384,M,0.0,0.0,25
201100010998,11,2,11,2130,3,1,1,1.0,6.0,25166,M,0.0,0.0,25
201100010999,11,6,8,1815,1,1,1,1.0,3.0,25446,M,0.0,0.0,25
201100011000,11,6,16,1930,1,1,1,8.0,6.0,25556,M,0.0,0.0,25
201100011001,11,6,18,245,3,1,1,2.0,7.0,25570,M,0.0,0.0,25
201100011002,11,6,20,1515,1,2,1,1.0,6.0,25047,M,0.0,0.0,25
201100011003,11,6,18,2045,2,2,1,1.0,5.0,25047,M,0.0,0.0,25
201100011004,11,10,4,1815,1,1,1,1.0,1.0,25032,M,0.0,0.0,25
201100011005,11,6,15,1530,1,2,2,1.0,3.0,25156,M,4739900.0,650200.0,25
201100011006,11,7,24,1030,1,1,1,2.0,6.0,25394,M,0.0,0.0,25
201100011007,11,8,22,1400,1,1,1,1.0,1.0,25022,M,4751800.0,667000.0,25
201100011008,11,11,13,2000,3,1,1,1.0,5.0,25156,M,4740100.0,650700.0,25
201100011009,11,12,9,1900,3,2,1,3.0,3.0,25018,M,4738200.0,658500.0,25
201100011010,11,3,10,1730,1,1,1,1.0,1.0,25468,M,0.0,0.0,25
201100011011,11,3,20,1530,1,2,1,1.0,5.0,25014,M,0.0,0.0,25
201100011012,11,4,2,1830,1,2,1,1.0,3.0,25495,M,0.0,0.0,25
201100011013,11,4,7,2230,3,1,1,1.0,1.0,25430,M,0.0,0.0,25
201100011014,11,4,21,2000,2,1,1,1.0,1.0,25086,M,0.0,0.0,25
201100011015,11,5,15,1515,1,1,1,1.0,7.0,25508,M,0.0,0.0,25
201100011016,11,1,30,1730,2,1,1,1.0,3.0,25039,M,0.0,0.0,25
201100011017,11,2,28,1715,1,1,1,8.0,2.0,25039,M,0.0,0.0,25
201100011018,11,4,3,215,5,2,1,1.0,3.0,25432,M,0.0,0.0,25
201100011019,11,5,5,1715,1,1,1,1.0,3.0,25432,M,0.0,0.0,25
201100011020,11,5,21,1230,1,1,1,1.0,3.0,25424,M,0.0,0.0,25
201100011021,11,5,26,200,3,1,1,1.0,6.0,25349,M,0.0,0.0,25
201100011022,11,6,10,1530,1,1,1,1.0,5.0,25222,M,0.0,0.0,25
201100011023,11,6,30,1700,1,1,1,1.0,3.0,25301,M,0.0,0.0,25
201100011024,11,9,2,1,3,1,1,1.0,6.0,25578,M,0.0,0.0,25
201100011025,11,9,28,615,3,1,3,1.0,1.0,25301,M,0.0,0.0,25
201100011026,11,10,1,1445,1,1,1,1.0,6.0,25600,M,0.0,0.0,25
201100011027,11,10,13,1700,1,2,1,7.0,6.0,25578,M,0.0,0.0,25
201100011028,11,10,25,1615,1,1,1,1.0,3.0,25601,M,0.0,0.0,25
201100011029,11,11,13,300,3,1,1,1.0,6.0,25601,M,0.0,0.0,25
201100011030,11,11,19,130,3,1,1,1.0,6.0,25432,M,0.0,0.0,25
201100011031,11,12,10,1630,1,2,1,3.0,1.0,25262,M,0.0,0.0,25
201100011032,11,1,13,1400,1,1,1,2.0,3.0,25440,M,0.0,0.0,25
201100011033,11,1,17,1230,1,1,2,1.0,3.0,25100,M,0.0,0.0,25
201100011034,11,2,8,615,3,1,1,1.0,1.0,25440,M,0.0,0.0,25
201100011035,11,3,25,1730,1,1,1,1.0,6.0,25334,M,0.0,0.0,25
201100011036,11,4,16,1915,1,1,1,1.0,1.0,25157,M,4687700.0,639200.0,25
201100011037,11,6,5,245,3,1,1,2.0,6.0,25634,M,4694000.0,632000.0,25