Num_Acc,an,mois,jour,hrmn,lum,agg,int,atm,col,com,gps,lat,long,dep
201100011038,11,6,23,1815,1,2,3,1.0,3.0,25157,M,0.0,0.0,25
201100011039,11,6,24,2245,3,1,1,1.0,1.0,25493,M,4687300.0,624500.0,25
201100011040,11,7,11,1645,1,1,1,1.0,6.0,25334,M,4694400.0,611600.0,25
201100011041,11,7,17,445,3,1,1,3.0,6.0,25259,M,4686500.0,614500.0,25
201100011042,11,7,22,1930,1,1,1,2.0,6.0,25627,M,0.0,0.0,25
201100011043,11,7,24,1330,1,1,1,1.0,6.0,25609,M,4688700.0,642400.0,25
201100011044,11,7,26,1915,1,1,1,1.0,5.0,25634,M,4693700.0,636800.0,25
201100011045,11,9,7,600,3,1,9,1.0,1.0,25029,M,0.0,0.0,25
201100011046,11,10,2,1815,1,1,1,1.0,7.0,25627,M,0.0,0.0,25
201100011047,11,10,20,1445,1,1,1,1.0,1.0,25029,M,4704600.0,634500.0,25
201100011048,11,10,23,345,3,1,1,1.0,7.0,25110,M,0.0,0.0,25
201100011049,11,2,17,2015,5,2,1,2.0,6.0,25405,M,0.0,0.0,25
201100011050,11,3,9,1715,1,1,1,1.0,6.0,25494,M,0.0,0.0,25
201100011051,11,4,25,1730,1,1,1,1.0,7.0,25308,M,0.0,0.0,25
201100011052,11,6,16,445,2,1,1,1.0,3.0,25318,M,0.0,0.0,25
201100011053,11,7,3,1845,1,1,1,1.0,3.0,25405,M,0.0,0.0,25
201100011054,11,9,15,2200,3,1,1,1.0,6.0,25534,M,0.0,0.0,25
201100011055,11,9,20,1730,1,2,2,1.0,3.0,25320,M,0.0,0.0,25
201100011056,11,10,5,1045,1,1,1,1.0,6.0,25131,M,0.0,0.0,25
201100011057,11,10,6,1500,1,1,1,1.0,6.0,25320,M,0.0,0.0,25
201100011058,11,1,6,2000,3,1,1,2.0,1.0,25512,M,0.0,0.0,25
201100011059,11,2,21,745,1,1,1,4.0,1.0,25321,M,4708300.0,668900.0,25
201100011060,11,4,1,630,2,1,1,1.0,6.0,25411,M,4712000.0,661900.0,25
201100011061,11,4,15,1745,1,1,1,1.0,3.0,25148,M,4711600.0,669300.0,25
201100011062,11,6,3,1415,1,1,1,1.0,1.0,25160,M,0.0,0.0,25
201100011063,11,7,8,1915,1,1,1,1.0,1.0,25240,M,0.0,0.0,25
201100011064,11,7,26,1530,1,2,1,1.0,6.0,25411,M,0.0,0.0,25
201100011065,11,8,2,1430,1,1,1,1.0,7.0,25421,M,0.0,0.0,25
201100011066,11,10,24,530,3,1,1,9.0,6.0,25321,M,0.0,0.0,25
201100011067,11,10,28,2230,3,1,1,1.0,5.0,25620,M,4701900.0,648200.0,25
201100011068,11,10,30,1845,3,1,1,1.0,5.0,25248,M,0.0,0.0,25
201100011069,11,11,3,1330,1,2,1,1.0,6.0,25411,M,0.0,0.0,25
201100011070,11,11,4,1430,1,1,1,2.0,3.0,25620,M,0.0,0.0,25
201100011071,11,11,19,1145,1,1,1,1.0,7.0,25240,M,0.0,0.0,25
201100011072,11,1,7,1335,1,2,1,1.0,1.0,04070,M,,,04
201100011073,11,1,21,1000,1,2,1,1.0,3.0,04070,M,,,04
201100011074,11,3,28,800,1,2,1,1.0,6.0,04070,M,,,04
201100011075,11,4,23,2345,5,2,1,1.0,6.0,04070,M,,,04
201100011076,11,5,3,1355,1,2,6,1.0,6.0,04070,M,,,04
201100011077,11,6,7,1600,1,2,1,1.0,7.0,04070,M,,,04
201100011078,11,6,27,1950,1,2,1,1.0,6.0,04070,M,,,04
201100011079,11,7,26,600,2,2,6,1.0,3.0,04070,M,,,04
201100011080,11,9,14,1245,1,2,6,1.0,2.0,04070,M,,,04
201100011081,11,11,28,1745,3,2,1,1.0,3.0,04070,M,,,04
201100011082,11,12,11,136,3,2,1,1.0,7.0,04070,M,,,04
201100011083,11,1,24,2115,3,1,1,1.0,7.0,39066,M,4660800.0,554900.0,39
201100011084,11,2,22,1930,3,1,1,1.0,5.0,39327,M,4665900.0,551200.0,39
201100011085,11,5,7,100,5,2,1,1.0,6.0,39251,M,0.0,0.0,39
201100011086,11,5,11,1815,1,2,1,1.0,1.0,39558,M,0.0,0.0,39
201100011087,11,6,5,1200,1,1,1,1.0,1.0,39519,M,0.0,0.0,39
201100011088,11,8,8,2015,3,2,1,1.0,3.0,39171,M,0.0,0.0,39
201100011089,11,9,10,1730,1,1,2,1.0,2.0,39061,M,0.0,0.0,39
201100011090,11,11,7,1915,3,1,1,2.0,6.0,39154,M,0.0,0.0,39
201100011091,11,9,12,2230,3,1,1,1.0,6.0,39468,M,0.0,0.0,39
201100011092,11,1,1,600,3,2,1,1.0,6.0,39167,M,4674000.0,537000.0,39
201100011093,11,3,25,1145,1,2,1,1.0,2.0,39582,M,4675600.0,561100.0,39
201100011094,11,6,11,1615,1,1,1,1.0,3.0,39167,M,0.0,0.0,39
201100011095,11,9,23,1700,1,2,1,1.0,6.0,39056,M,4675100.0,545500.0,39
201100011096,11,11,22,845,1,2,1,1.0,3.0,39553,M,4673500.0,559300.0,39
201100011097,11,11,30,1715,2,1,1,1.0,3.0,39471,M,4672100.0,547400.0,39
201100011098,11,12,23,1130,1,2,1,8.0,1.0,39056,M,4675000.0,545300.0,39
201100011099,11,3,19,1330,1,1,1,8.0,6.0,39173,M,0.0,0.0,39
201100011100,11,3,30,1430,1,1,1,1.0,2.0,39475,M,0.0,0.0,39
201100011101,11,4,16,1745,1,1,1,1.0,6.0,39173,M,0.0,0.0,39
201100011102,11,5,8,1,3,1,1,1.0,6.0,39261,M,0.0,0.0,39
201100011103,11,11,29,1745,5,2,1,1.0,6.0,39173,M,0.0,0.0,39
201100011104,11,12,13,2130,3,1,1,6.0,6.0,39043,M,0.0,0.0,39
201100011105,11,6,5,1530,1,1,1,2.0,1.0,39210,M,0.0,0.0,39
201100011106,11,7,4,1500,1,1,1,1.0,1.0,39344,M,0.0,0.0,39
201100011107,11,7,7,230,3,1,1,1.0,6.0,39277,M,0.0,0.0,39
201100011108,11,7,13,1630,1,1,1,3.0,5.0,39364,M,0.0,0.0,39
201100011109,11,7,29,1845,1,1,1,1.0,5.0,39097,M,4621200.0,525800.0,39
201100011110,11,8,20,230,3,1,1,1.0,7.0,39015,M,0.0,0.0,39
201100011111,11,2,12,1415,1,1,1,1.0,1.0,39227,M,0.0,0.0,39
201100011112,11,9,7,1100,1,1,1,2.0,7.0,39372,M,4677800.0,597800.0,39
201100011113,11,10,17,1500,1,1,1,1.0,5.0,39372,M,4677900.0,599500.0,39
201100011114,11,12,1,1830,3,1,1,1.0,5.0,39129,M,4666600.0,594700.0,39
201100011115,11,1,7,130,5,2,1,2.0,1.0,39434,M,4683700.0,570600.0,39
201100011116,11,1,21,1430,1,1,2,1.0,3.0,39049,M,4686300.0,561000.0,39
201100011117,11,2,17,1930,5,2,1,1.0,6.0,39013,M,4692400.0,575700.0,39
201100011118,11,3,5,2030,3,1,1,1.0,6.0,39434,M,4684200.0,568000.0,39
201100011119,11,4,5,445,3,1,6,1.0,2.0,39434,M,4684100.0,569300.0,39
201100011120,11,4,19,745,1,2,1,7.0,1.0,39049,M,0.0,0.0,39
201100011121,11,6,14,1100,1,2,1,1.0,6.0,39013,M,4690700.0,578100.0,39
201100011122,11,7,29,1845,1,1,1,1.0,1.0,39355,M,4695400.0,575100.0,39
201100011123,11,8,28,430,5,2,1,1.0,6.0,39434,M,4683700.0,570800.0,39
201100011124,11,9,2,645,1,1,1,1.0,5.0,39355,M,4695100.0,578200.0,39
201100011125,11,11,22,830,1,1,1,1.0,3.0,39222,M,4676700.0,572400.0,39
201100011126,11,2,2,2315,3,1,1,1.0,6.0,39315,M,4696600.0,584500.0,39
201100011127,11,5,4,1845,1,2,1,1.0,3.0,39500,M,0.0,0.0,39
201100011128,11,6,23,1930,1,1,1,1.0,3.0,39370,M,4697400.0,580200.0,39
201100011129,11,9,28,1145,1,2,1,1.0,6.0,39500,M,4694600.0,587900.0,39
201100011130,11,10,25,1800,2,1,1,3.0,1.0,39500,M,4695000.0,586000.0,39
201100011131,11,6,27,1930,1,2,1,1.0,3.0,39138,M,0.0,0.0,39
201100011132,11,9,11,200,3,1,1,1.0,6.0,39252,M,0.0,0.0,39
201100011133,11,9,27,1015,1,2,1,1.0,6.0,39030,M,0.0,0.0,39
201100011134,11,10,26,1730,1,1,1,1.0,2.0,39476,M,0.0,0.0,39
201100011135,11,12,19,515,5,1,1,4.0,3.0,39030,M,4714000.0,550200.0,39
201100011136,11,2,18,1900,3,1,1,1.0,2.0,39520,M,4699200.0,557600.0,39
201100011137,11,3,6,1500,1,1,3,1.0,3.0,39234,M,4686000.0,547600.0,39
201100011138,11,9,10,2130,5,2,1,1.0,6.0,39429,M,4692200.0,545000.0,39
201100011139,11,9,23,1630,1,2,1,1.0,6.0,39034,M,0.0,0.0,39
201100011140,11,10,2,1845,2,1,1,1.0,6.0,39385,M,0.0,0.0,39
201100011141,11,11,4,1645,2,2,1,2.0,3.0,39365,M,4698500.0,560600.0,39
201100011142,11,3,27,2215,3,1,1,1.0,6.0,39219,M,0.0,0.0,39
201100011143,11,4,19,1815,1,1,3,1.0,3.0,39528,M,4725000.0,562200.0,39
201100011144,11,4,23,1830,1,1,1,1.0,3.0,39246,M,4718700.0,570600.0,39
201100011145,11,6,1,2245,3,1,1,1.0,3.0,39246,M,4719000.0,570300.0,39
201100011146,11,6,20,1130,1,1,4,1.0,1.0,39396,M,4714100.0,565800.0,39
201100011147,11,6,25,1615,1,1,9,1.0,3.0,39172,M,4713700.0,580000.0,39
201100011148,11,7,1,1815,1,1,1,1.0,1.0,39188,M,4726600.0,556400.0,39
201100011149,11,8,16,1330,1,1,1,1.0,7.0,39430,M,4709000.0,572000.0,39
201100011150,11,11,15,1815,3,1,1,5.0,2.0,39392,M,4721800.0,554100.0,39
201100011151,11,1,16,1030,1,2,1,1.0,6.0,39478,M,4639600.0,586600.0,39
201100011152,11,2,27,2030,5,1,1,4.0,6.0,39275,M,4639900.0,595600.0,39
201100011153,11,3,4,1930,2,1,1,1.0,6.0,39113,M,4636000.0,577900.0,39
201100011154,11,4,24,2100,5,2,9,1.0,7.0,39478,M,4639200.0,586700.0,39
201100011155,11,9,1,1530,1,1,1,1.0,1.0,39118,M,0.0,0.0,39
201100011156,11,9,11,1530,1,1,1,1.0,6.0,39269,M,0.0,0.0,39
201100011157,11,10,15,845,1,1,1,1.0,1.0,39510,M,0.0,0.0,39
201100011158,11,12,9,45,3,1,1,1.0,7.0,39175,M,0.0,0.0,39
201100011159,11,1,16,1330,1,1,1,9.0,1.0,39063,M,4659700.0,584200.0,39
201100011160,11,2,20,145,3,1,7,4.0,7.0,39441,M,0.0,0.0,39
201100011161,11,3,9,1015,1,2,1,1.0,6.0,39470,M,0.0,0.0,39
201100011162,11,3,27,1900,1,1,1,1.0,1.0,39470,M,0.0,0.0,39
201100011163,11,4,2,1415,1,1,1,1.0,6.0,39063,M,4660100.0,584700.0,39
201100011164,11,4,12,1400,1,1,1,1.0,6.0,39367,M,0.0,0.0,39
201100011165,11,4,16,1115,1,1,1,1.0,3.0,39487,M,4658400.0,593000.0,39
201100011166,11,4,30,1715,1,1,1,1.0,3.0,39441,M,0.0,0.0,39
201100011167,11,6,14,715,1,1,1,1.0,3.0,39470,M,0.0,0.0,39
201100011168,11,8,1,1015,1,2,1,1.0,6.0,39368,M,0.0,0.0,39
201100011169,11,9,3,2115,5,2,1,2.0,6.0,39367,M,0.0,0.0,39
201100011170,11,9,10,1615,1,1,1,1.0,5.0,39441,M,0.0,0.0,39
201100011171,11,9,29,1915,1,1,1,1.0,7.0,39131,M,0.0,0.0,39
201100011172,11,11,11,900,1,1,1,1.0,6.0,39441,M,0.0,0.0,39
201100011173,11,11,18,1730,5,2,1,1.0,6.0,39367,M,0.0,0.0,39
201100011174,11,12,10,1515,1,1,1,8.0,1.0,39470,M,0.0,0.0,39
201100011175,11,6,24,1645,1,1,3,1.0,2.0,04112,M,,,04
201100011176,11,7,17,1945,1,2,9,1.0,3.0,04112,M,,,04
201100011177,11,7,5,1730,1,2,1,1.0,6.0,04112,M,,,04
201100011178,11,8,30,1445,1,2,1,1.0,6.0,04112,M,,,04
201100011179,11,9,7,1230,1,1,9,1.0,6.0,04112,M,,,04
201100011180,11,10,14,1755,1,2,1,1.0,6.0,04112,M,,,04
201100011181,11,11,4,1635,1,2,1,2.0,6.0,04112,M,4382836.0,578231.0,04
201100011182,11,2,15,1245,1,2,1,2.0,1.0,70429,M,4767600.0,616400.0,70
201100011183,11,4,9,1500,1,2,1,1.0,6.0,70136,M,0.0,0.0,70
201100011184,11,6,5,1845,1,1,1,1.0,1.0,70363,M,0.0,0.0,70
201100011185,11,6,9,1330,1,1,1,1.0,6.0,70428,M,0.0,0.0,70
201100011186,11,8,6,130,3,1,1,1.0,6.0,70163,M,0.0,0.0,70
201100011187,11,10,20,1315,1,1,1,1.0,2.0,70429,M,0.0,0.0,70
201100011188,11,4,9,1730,1,2,7,1.0,2.0,70373,M,0.0,0.0,70
201100011189,11,7,3,1,3,1,1,1.0,7.0,70202,M,0.0,0.0,70
201100011190,11,1,25,1745,3,1,1,8.0,1.0,70421,M,0.0,0.0,70
201100011191,11,3,2,1545,1,1,1,1.0,7.0,70044,M,0.0,0.0,70
201100011192,11,6,18,1800,1,1,1,1.0,7.0,70015,M,0.0,0.0,70
201100011193,11,7,13,2300,3,1,1,1.0,3.0,70232,M,0.0,0.0,70
201100011194,11,7,16,1730,1,1,1,1.0,7.0,70165,M,0.0,0.0,70
201100011195,11,9,5,1400,1,1,1,1.0,6.0,70324,M,0.0,0.0,70
201100011196,11,10,9,545,5,1,6,1.0,7.0,70421,M,0.0,0.0,70
201100011197,11,10,23,30,5,2,1,1.0,3.0,70035,M,0.0,0.0,70
201100011198,11,10,25,2245,3,1,1,1.0,6.0,70421,M,0.0,0.0,70
201100011199,11,11,23,1630,1,2,2,1.0,3.0,70267,M,0.0,0.0,70
201100011200,11,1,25,730,2,1,1,8.0,3.0,70383,M,0.0,0.0,70
201100011201,11,2,24,1730,1,1,1,1.0,3.0,70234,M,0.0,0.0,70
201100011202,11,2,25,1430,1,1,1,1.0,5.0,70383,M,0.0,0.0,70
201100011203,11,4,18,245,3,1,1,1.0,6.0,70519,M,0.0,0.0,70
201100011204,11,7,3,1645,1,1,1,1.0,1.0,70407,M,0.0,0.0,70
201100011205,11,7,26,1530,1,1,1,8.0,1.0,70405,M,0.0,0.0,70
201100011206,11,7,29,1415,1,2,1,1.0,6.0,70189,M,0.0,0.0,70
201100011207,11,9,1,1715,1,1,1,1.0,3.0,70383,M,0.0,0.0,70
201100011208,11,3,23,1615,1,1,1,1.0,5.0,70178,M,0.0,0.0,70
201100011209,11,3,23,1630,1,2,1,1.0,2.0,70455,M,0.0,0.0,70
201100011210,11,4,22,745,1,1,6,1.0,7.0,70310,M,0.0,0.0,70
201100011211,11,5,21,815,1,1,1,1.0,7.0,70321,M,0.0,0.0,70
201100011212,11,7,9,1130,1,1,1,1.0,6.0,70351,M,0.0,0.0,70
201100011213,11,8,19,1915,1,1,1,1.0,1.0,70262,M,0.0,0.0,70
201100011214,11,8,23,1800,1,1,1,7.0,1.0,70081,M,0.0,0.0,70
201100011215,11,9,18,1445,1,1,1,1.0,7.0,70310,M,0.0,0.0,70
201100011216,11,10,1,1900,2,1,1,7.0,2.0,70081,M,0.0,0.0,70
201100011217,11,10,7,845,1,2,1,3.0,6.0,70310,M,0.0,0.0,70
201100011218,11,3,5,1445,1,2,9,1.0,3.0,70256,M,0.0,0.0,70
201100011219,11,3,4,1245,1,2,1,1.0,1.0,70413,M,0.0,0.0,70
201100011220,11,5,13,2230,3,1,1,1.0,6.0,70459,M,0.0,0.0,70
201100011221,11,6,27,1645,1,1,1,1.0,1.0,70205,M,4765600.0,673100.0,70
201100011222,11,7,14,2030,1,2,1,1.0,6.0,70451,M,0.0,0.0,70
201100011223,11,7,16,1600,1,2,1,1.0,1.0,70451,M,0.0,0.0,70
201100011224,11,7,16,1915,1,1,1,8.0,2.0,70413,M,0.0,0.0,70
201100011225,11,9,16,2130,3,1,1,2.0,6.0,70120,M,0.0,0.0,70
201100011226,11,10,16,1345,1,1,1,1.0,1.0,70339,M,0.0,0.0,70
201100011227,11,11,4,1730,2,2,1,2.0,6.0,70451,M,0.0,0.0,70
201100011228,11,11,18,2015,3,1,1,1.0,5.0,70120,M,0.0,0.0,70
201100011229,11,12,28,1530,1,2,1,1.0,6.0,70339,M,0.0,0.0,70
201100011230,11,1,28,730,2,2,1,1.0,6.0,70121,M,0.0,0.0,70
201100011231,11,3,11,1245,1,1,1,1.0,6.0,70312,M,0.0,0.0,70
201100011232,11,4,6,1500,1,2,6,1.0,3.0,70561,M,0.0,0.0,70
201100011233,11,4,27,1545,1,1,1,1.0,1.0,70506,M,0.0,0.0,70
201100011234,11,8,8,1215,1,2,1,1.0,2.0,70117,M,4764700.0,672600.0,70
201100011235,11,9,20,2200,3,1,1,1.0,7.0,70117,M,0.0,0.0,70
201100011236,11,12,14,1230,1,1,1,2.0,6.0,70307,M,0.0,0.0,70
201100011237,11,1,14,1315,1,1,1,1.0,1.0,70564,M,0.0,0.0,70
201100011238,11,1,16,1945,3,1,1,5.0,5.0,70473,M,0.0,0.0,70
201100011239,11,2,15,1315,1,1,1,2.0,1.0,70473,M,0.0,0.0,70
201100011240,11,3,26,1230,1,2,1,1.0,1.0,70475,M,0.0,0.0,70
201100011241,11,5,11,1600,1,2,6,1.0,7.0,70473,M,0.0,0.0,70
201100011242,11,5,28,415,5,2,1,1.0,6.0,70311,M,0.0,0.0,70
201100011243,11,6,13,1645,1,2,1,1.0,3.0,70311,M,0.0,0.0,70
201100011244,11,6,23,900,1,1,1,1.0,6.0,70186,M,0.0,0.0,70
201100011245,11,8,15,300,3,1,1,2.0,7.0,70537,M,0.0,0.0,70
201100011246,11,8,17,2300,5,2,1,1.0,3.0,70311,M,0.0,0.0,70
201100011247,11,8,19,1515,1,2,1,1.0,7.0,70233,M,0.0,0.0,70
201100011248,11,9,12,2145,4,2,1,1.0,7.0,70311,M,0.0,0.0,70
201100011249,11,10,9,700,2,1,1,2.0,6.0,70344,M,0.0,0.0,70
201100011250,11,11,20,1430,1,2,1,1.0,3.0,70311,M,0.0,0.0,70
201100011251,11,12,5,1800,3,1,1,2.0,6.0,70071,M,0.0,0.0,70
201100011252,11,12,17,1815,5,2,1,2.0,5.0,70258,M,0.0,0.0,70
201100011253,11,1,23,515,3,1,1,9.0,6.0,70249,M,0.0,0.0,70
201100011254,11,5,16,1215,1,2,1,1.0,1.0,70168,M,0.0,0.0,70
201100011255,11,6,11,1345,1,1,1,1.0,6.0,70196,M,0.0,0.0,70
201100011256,11,7,18,1800,1,1,1,1.0,1.0,70284,M,0.0,0.0,70
201100011257,11,9,10,915,1,2,1,1.0,7.0,70240,M,0.0,0.0,70
201100011258,11,10,1,2030,5,2,1,1.0,6.0,70526,M,0.0,0.0,70
201100011259,11,10,2,2130,3,1,1,1.0,5.0,70245,M,0.0,0.0,70
201100011260,11,10,7,515,3,1,1,1.0,7.0,70240,M,0.0,0.0,70
201100011261,11,1,11,1900,3,1,1,2.0,1.0,70279,M,0.0,0.0,70
201100011262,11,1,18,1745,5,2,1,1.0,6.0,70279,M,0.0,0.0,70
201100011263,11,3,11,1400,1,2,1,1.0,1.0,70132,M,0.0,0.0,70
201100011264,11,4,4,830,1,1,1,1.0,5.0,70185,M,0.0,0.0,70
201100011265,11,7,23,1030,1,2,7,1.0,3.0,70279,M,0.0,0.0,70
201100011266,11,9,1,1345,1,1,1,1.0,2.0,70557,M,0.0,0.0,70
201100011267,11,10,2,200,3,1,1,2.0,6.0,70279,M,0.0,0.0,70
201100011268,11,10,9,1300,1,1,1,2.0,6.0,70376,M,0.0,0.0,70
201100011269,11,10,30,830,1,1,1,1.0,7.0,70024,M,0.0,0.0,70
201100011270,11,1,16,1745,3,1,1,1.0,1.0,70525,M,0.0,0.0,70
201100011271,11,3,12,530,3,1,1,1.0,7.0,70257,M,4776200.0,557000.0,70
201100011272,11,7,3,1715,1,1,1,1.0,7.0,70122,M,0.0,0.0,70
201100011273,11,12,16,1800,3,1,1,8.0,1.0,70122,M,0.0,0.0,70
201100011274,11,3,21,1630,1,2,1,1.0,1.0,70408,M,0.0,0.0,70
201100011275,11,6,12,500,2,2,1,1.0,1.0,70327,M,0.0,0.0,70
201100011276,11,6,16,1215,1,1,1,1.0,1.0,70253,M,4746400.0,590600.0,70
201100011277,11,7,8,2000,1,1,2,1.0,1.0,70533,M,0.0,0.0,70
201100011278,11,8,5,1645,1,1,1,1.0,1.0,70282,M,0.0,0.0,70
201100011279,11,9,12,1200,1,2,1,1.0,3.0,70408,M,0.0,0.0,70
201100011280,11,9,24,1615,1,2,1,1.0,6.0,70334,M,0.0,0.0,70
201100011281,11,10,15,1030,1,1,1,1.0,2.0,70334,M,0.0,0.0,70
201100011282,11,5,31,1245,1,1,1,2.0,5.0,90015,M,0.0,0.0,90
201100011283,11,8,16,2144,3,1,1,1.0,6.0,90007,M,0.0,0.0,90
201100011284,11,9,22,1645,1,2,1,2.0,6.0,90104,M,4761100.0,692100.0,90
201100011285,11,11,12,1630,1,2,1,1.0,3.0,90094,M,0.0,0.0,90
201100011286,11,12,1,715,5,2,3,1.0,3.0,90094,M,0.0,0.0,90
201100011287,11,12,15,244,3,1,1,3.0,1.0,90007,M,4759100.0,679200.0,90
201100011288,11,1,3,1315,1,2,1,1.0,6.0,90063,M,0.0,0.0,90
201100011289,11,3,25,1545,1,2,1,1.0,3.0,90056,M,0.0,0.0,90
201100011290,11,4,1,1700,1,2,1,1.0,7.0,90009,M,0.0,0.0,90
201100011291,11,4,18,715,1,1,1,1.0,7.0,90043,M,0.0,0.0,90
201100011292,11,7,5,1744,1,1,1,1.0,7.0,90105,M,0.0,0.0,90
201100011293,11,8,20,1945,1,1,1,1.0,1.0,90056,M,0.0,0.0,90
201100011294,11,9,18,215,3,1,1,1.0,7.0,90027,M,0.0,0.0,90
201100011295,11,11,7,1645,2,2,1,2.0,2.0,90095,M,4755600.0,707600.0,90
201100011296,11,11,12,1500,1,1,1,1.0,1.0,90056,M,0.0,0.0,90
201100011297,11,11,19,1830,1,2,1,1.0,3.0,90028,M,0.0,0.0,90
201100011298,11,11,18,1630,1,1,1,1.0,7.0,90056,M,0.0,0.0,90
201100011299,11,4,16,1400,1,1,1,1.0,1.0,90005,M,4773100.0,679500.0,90
201100011300,11,4,28,1200,1,1,1,1.0,6.0,90057,M,0.0,0.0,90
201100011301,11,5,4,2215,3,1,1,1.0,6.0,90058,M,4772200.0,701000.0,90
201100011302,11,5,29,1645,1,2,1,1.0,3.0,90052,M,0.0,0.0,90
201100011303,11,6,3,1640,1,1,1,1.0,1.0,90065,M,0.0,0.0,90
201100011304,11,6,13,2046,1,2,1,1.0,6.0,90003,M,4770500.0,694000.0,90
201100011305,11,6,16,1829,1,1,1,2.0,1.0,90003,M,4772200.0,694200.0,90
201100011306,11,7,2,1616,1,1,1,1.0,7.0,90087,M,4768300.0,693500.0,90
201100011307,11,10,1,1516,1,1,1,1.0,6.0,90078,M,0.0,0.0,90
201100011308,11,10,2,1146,1,1,1,1.0,5.0,90065,M,4779900.0,683100.0,90
201100011309,11,10,10,1715,1,1,1,2.0,1.0,90041,M,4771300.0,690700.0,90
201100011310,11,2,15,1435,1,1,1,8.0,1.0,90017,M,4756900.0,691500.0,90
201100011311,11,5,14,1115,1,1,1,1.0,1.0,90053,M,0.0,0.0,90
201100011312,11,7,17,1703,1,1,1,3.0,6.0,90053,M,4753200.0,695200.0,90
201100011313,11,8,31,1315,1,1,1,1.0,6.0,90051,M,4757200.0,695700.0,90
201100011314,11,9,30,630,2,1,1,5.0,7.0,90101,M,4758800.0,702600.0,90
201100011315,11,7,11,915,3,1,1,1.0,5.0,38336,M,4546090.0,483221.0,38
201100011316,11,9,11,745,3,1,1,1.0,2.0,26332,M,0.0,0.0,26
201100011317,11,9,22,1445,1,1,1,1.0,5.0,38072,M,0.0,0.0,38
201100011318,11,10,15,900,1,1,1,1.0,7.0,26295,M,0.0,0.0,26
201100011319,11,12,5,645,3,1,1,3.0,6.0,38072,M,0.0,0.0,38
201100011320,11,12,31,1745,3,1,1,1.0,7.0,26058,M,0.0,0.0,26
201100011321,11,2,8,845,1,1,1,1.0,6.0,26072,M,0.0,0.0,26
201100011322,11,4,18,915,1,1,1,1.0,3.0,26362,M,0.0,0.0,26
201100011323,11,5,11,1800,1,1,1,1.0,6.0,26072,M,0.0,0.0,26
201100011324,11,6,5,1945,1,1,1,1.0,3.0,26271,M,0.0,0.0,26
201100011325,11,6,19,30,3,1,1,1.0,7.0,26084,M,0.0,0.0,26
201100011326,11,6,23,1100,1,1,1,2.0,3.0,26362,M,0.0,0.0,26
201100011327,11,6,26,1145,1,1,1,1.0,6.0,26362,M,0.0,0.0,26
201100011328,11,7,14,1030,1,1,1,1.0,7.0,26165,M,0.0,0.0,26
201100011329,11,8,17,1430,1,1,1,1.0,2.0,26165,M,0.0,0.0,26
201100011330,11,8,29,1530,1,1,1,1.0,1.0,26252,M,0.0,0.0,26
201100011331,11,9,19,1700,1,1,9,8.0,5.0,26362,M,0.0,0.0,26
201100011332,11,10,20,100,3,1,1,1.0,1.0,26072,M,0.0,0.0,26
201100011333,11,1,1,15,3,1,1,1.0,1.0,26338,M,0.0,0.0,26
201100011334,11,1,6,1645,1,1,1,1.0,7.0,26166,M,4476200.0,479700.0,26
201100011335,11,1,19,700,5,1,1,1.0,6.0,26005,M,4452200.0,478700.0,26
201100011336,11,1,21,1200,1,1,1,1.0,2.0,26191,M,0.0,0.0,26
201100011337,11,2,9,600,4,1,1,1.0,6.0,26005,M,4450500.0,476800.0,26
201100011338,11,2,17,700,3,1,1,1.0,2.0,26169,M,4448400.0,476700.0,26
201100011339,11,3,4,2345,3,1,1,1.0,2.0,26138,M,4441200.0,473100.0,26
201100011340,11,5,23,1200,1,1,1,1.0,7.0,26138,M,4440100.0,473000.0,26
201100011341,11,6,7,1530,1,1,1,1.0,6.0,26337,M,0.0,0.0,26
201100011342,11,6,9,1715,1,1,1,1.0,7.0,26324,M,0.0,0.0,26
201100011343,11,6,9,1845,1,1,1,1.0,7.0,26138,M,0.0,0.0,26
201100011344,11,8,4,1545,1,1,1,1.0,5.0,26166,M,4475800.0,479300.0,26
201100011345,11,8,13,1000,1,1,1,1.0,2.0,26005,M,4452000.0,478300.0,26
201100011346,11,9,18,2345,3,1,1,1.0,6.0,26116,M,4442900.0,473800.0,26
201100011347,11,6,18,1515,1,1,1,1.0,1.0,13111,M,0.0,0.0,13
201100011348,11,11,28,845,1,1,1,1.0,1.0,13111,M,0.0,0.0,13
201100011349,11,12,8,1845,3,2,1,1.0,6.0,13109,M,0.0,0.0,13
201100011350,11,12,31,1400,1,1,1,1.0,7.0,13095,M,0.0,0.0,13
201100011351,11,12,31,1500,1,1,1,1.0,1.0,13041,M,0.0,0.0,13
201100011352,11,1,10,1530,1,1,9,1.0,2.0,13062,M,0.0,0.0,13
201100011353,11,1,12,1800,5,2,1,1.0,3.0,13041,M,0.0,0.0,13
201100011354,11,1,14,1645,1,2,1,1.0,6.0,13041,M,4345889.0,547537.0,13
201100011355,11,1,28,1830,1,1,1,1.0,5.0,13041,M,0.0,0.0,13
201100011356,11,2,9,1115,1,2,1,1.0,3.0,13041,M,0.0,0.0,13
201100011357,11,2,15,1315,1,1,1,2.0,3.0,13041,M,0.0,0.0,13
201100011358,11,3,16,1615,1,1,1,8.0,1.0,13041,M,0.0,0.0,13
201100011359,11,4,3,15,3,1,1,1.0,7.0,13060,M,0.0,0.0,13
201100011360,11,4,15,1730,1,2,1,1.0,1.0,13041,M,0.0,0.0,13
201100011361,11,4,30,2000,2,1,9,1.0,1.0,13041,M,0.0,0.0,13
201100011362,11,5,6,1915,1,1,1,1.0,1.0,13041,M,0.0,0.0,13
201100011363,11,6,12,2315,3,1,1,1.0,6.0,13041,M,0.0,0.0,13
201100011364,11,6,17,1500,1,2,1,1.0,1.0,13041,M,0.0,0.0,13
201100011365,11,7,9,1930,1,1,1,1.0,6.0,13062,M,0.0,0.0,13
201100011366,11,7,13,1700,1,1,6,1.0,7.0,13041,M,0.0,0.0,13
201100011367,11,7,29,2000,1,2,6,1.0,3.0,13041,M,0.0,0.0,13
201100011368,11,8,25,1245,1,1,1,1.0,3.0,13041,M,0.0,0.0,13
201100011369,11,8,29,1545,1,1,1,1.0,4.0,13041,M,0.0,0.0,13