Num_Acc,an,mois,jour,hrmn,lum,agg,int,atm,col,com,gps,lat,long,dep
201100011370,11,8,31,845,1,2,6,1.0,7.0,13041,M,0.0,0.0,13
201100011371,11,9,3,1300,1,1,1,1.0,5.0,13060,M,0.0,0.0,13
201100011372,11,9,8,1845,1,2,1,1.0,1.0,13041,M,0.0,0.0,13
201100011373,11,9,14,745,1,1,1,1.0,4.0,13041,M,0.0,0.0,13
201100011374,11,9,21,1500,1,2,1,1.0,6.0,13041,M,0.0,0.0,13
201100011375,11,10,3,1200,1,2,1,1.0,2.0,13041,M,0.0,0.0,13
201100011376,11,10,16,1845,3,1,1,1.0,7.0,13060,M,0.0,0.0,13
201100011377,11,10,17,1730,1,1,1,1.0,1.0,13060,M,0.0,0.0,13
201100011378,11,11,10,1245,1,2,1,1.0,1.0,13041,M,0.0,0.0,13
201100011379,11,12,3,300,5,2,1,1.0,6.0,13062,M,4341721.0,551439.0,13
201100011380,11,1,11,730,2,1,6,1.0,3.0,13059,M,4366400.0,549500.0,13
201100011381,11,1,30,1130,1,1,1,1.0,6.0,13099,M,0.0,0.0,13
201100011382,11,2,7,600,3,1,1,9.0,3.0,13048,M,0.0,0.0,13
201100011383,11,2,10,1415,1,1,1,1.0,6.0,13048,M,0.0,0.0,13
201100011384,11,4,11,715,2,1,1,1.0,4.0,13048,M,0.0,0.0,13
201100011385,11,5,5,1515,1,2,1,1.0,3.0,13074,M,0.0,0.0,13
201100011386,11,5,19,745,1,1,1,1.0,1.0,13059,M,0.0,0.0,13
201100011387,11,5,20,2115,5,2,7,1.0,3.0,13074,M,4365800.0,558000.0,13
201100011388,11,6,5,2345,3,2,1,1.0,6.0,13048,M,0.0,0.0,13
201100011389,11,6,15,1015,1,1,1,1.0,1.0,13059,M,0.0,0.0,13
201100011390,11,6,24,1700,1,1,1,1.0,3.0,13099,M,0.0,0.0,13
201100011391,11,11,18,1845,5,2,7,1.0,1.0,13074,M,0.0,0.0,13
201100011392,11,11,30,1200,1,1,1,1.0,1.0,13099,M,0.0,0.0,13
201100011393,11,12,21,1045,1,1,1,1.0,3.0,13048,M,0.0,0.0,13
201100011394,11,1,30,2030,3,1,1,2.0,6.0,13107,M,0.0,0.0,13
201100011395,11,5,24,745,1,1,1,1.0,2.0,13015,M,0.0,0.0,13
201100011396,11,5,24,2330,5,2,1,1.0,6.0,13019,M,0.0,0.0,13
201100011397,11,6,22,1500,1,1,1,1.0,1.0,13019,M,0.0,0.0,13
201100011398,11,7,9,1915,1,2,1,1.0,3.0,13015,M,0.0,0.0,13
201100011399,11,7,9,1000,1,1,1,7.0,3.0,13107,M,0.0,0.0,13
201100011400,11,7,10,1800,1,1,1,1.0,6.0,13015,M,0.0,0.0,13
201100011401,11,7,12,2100,2,2,1,1.0,3.0,13107,M,0.0,0.0,13
201100011402,11,7,23,1145,3,1,1,1.0,6.0,13019,M,0.0,0.0,13
201100011403,11,7,31,15,3,2,1,1.0,2.0,13015,M,4346299.0,540726.0,13
201100011404,11,8,18,745,1,1,1,1.0,2.0,13015,M,0.0,0.0,13
201100011405,11,9,23,1830,1,2,1,1.0,3.0,13015,M,0.0,0.0,13
201100011406,11,11,5,1100,1,2,1,2.0,3.0,13015,M,0.0,0.0,13
201100011407,11,11,24,1815,5,2,6,1.0,3.0,13015,M,0.0,0.0,13
201100011408,11,12,20,1730,3,1,1,1.0,7.0,13107,M,0.0,0.0,13
201100011409,11,3,6,2000,5,2,1,1.0,1.0,13110,M,0.0,0.0,13
201100011410,11,3,19,1015,1,1,1,1.0,3.0,13079,M,0.0,0.0,13
201100011411,11,6,10,1645,1,1,1,1.0,7.0,13110,M,0.0,0.0,13
201100011412,11,6,20,730,1,1,1,1.0,1.0,13110,M,0.0,0.0,13
201100011413,11,6,30,1200,1,1,1,1.0,6.0,13079,M,0.0,0.0,13
201100011414,11,7,12,1445,1,1,1,1.0,3.0,13110,M,0.0,0.0,13
201100011415,11,8,21,2045,1,1,1,1.0,3.0,13072,M,0.0,0.0,13
201100011416,11,12,17,1730,3,1,1,1.0,3.0,13110,M,0.0,0.0,13
201100011417,11,1,4,1330,1,1,1,8.0,3.0,13004,M,4365700.0,457800.0,13
201100011418,11,2,14,1700,1,1,1,3.0,7.0,13004,M,0.0,0.0,13
201100011419,11,2,22,1930,3,1,1,1.0,6.0,13004,M,0.0,0.0,13
201100011420,11,3,7,1615,1,1,1,1.0,1.0,13004,M,0.0,0.0,13
201100011421,11,3,10,1215,1,1,1,1.0,1.0,13004,M,0.0,0.0,13
201100011422,11,3,28,715,2,1,1,1.0,2.0,13004,M,0.0,0.0,13
201100011423,11,5,2,1015,1,1,1,1.0,5.0,13004,M,0.0,0.0,13
201100011424,11,5,23,1745,1,1,1,1.0,7.0,13004,M,0.0,0.0,13
201100011425,11,6,15,1400,1,1,1,1.0,7.0,13004,M,0.0,0.0,13
201100011426,11,6,26,1730,1,1,1,1.0,3.0,13004,M,0.0,0.0,13
201100011427,11,6,21,1730,1,1,1,1.0,7.0,13004,M,0.0,0.0,13
201100011428,11,7,22,2300,3,1,1,1.0,7.0,13004,M,4365600.0,464000.0,13
201100011429,11,7,23,2030,1,1,1,1.0,7.0,13004,M,0.0,0.0,13
201100011430,11,8,22,1845,1,1,1,1.0,4.0,13004,M,0.0,0.0,13
201100011431,11,1,15,1215,1,1,1,6.0,1.0,13066,M,0.0,0.0,13
201100011432,11,2,14,1230,1,1,1,2.0,2.0,13027,M,0.0,0.0,13
201100011433,11,4,20,1930,1,1,1,1.0,5.0,13066,M,0.0,0.0,13
201100011434,11,6,10,30,3,1,1,1.0,1.0,13027,M,0.0,0.0,13
201100011435,11,7,2,2230,3,1,1,1.0,6.0,13027,M,0.0,0.0,13
201100011436,11,7,28,1830,1,1,1,1.0,3.0,13027,M,0.0,0.0,13
201100011437,11,8,8,1845,1,1,1,1.0,6.0,13027,M,0.0,0.0,13
201100011438,11,9,4,1915,1,1,1,1.0,6.0,13066,M,0.0,0.0,13
201100011439,11,10,8,815,1,1,1,1.0,1.0,13066,M,0.0,0.0,13
201100011440,11,11,10,1645,1,1,9,1.0,1.0,13027,M,0.0,0.0,13
201100011441,11,12,9,2130,5,2,1,1.0,1.0,13027,M,0.0,0.0,13
201100011442,11,1,7,1745,3,1,1,1.0,3.0,13096,M,0.0,0.0,13
201100011443,11,4,3,930,1,1,1,1.0,7.0,13096,M,0.0,0.0,13
201100011444,11,8,10,1015,1,1,1,1.0,3.0,13096,M,0.0,0.0,13
201100011445,11,10,25,1715,1,1,1,1.0,1.0,13096,M,0.0,0.0,13
201100011446,11,2,4,700,2,2,1,1.0,1.0,13097,M,0.0,0.0,13
201100011447,11,3,13,500,3,1,1,2.0,7.0,13097,M,0.0,0.0,13
201100011448,11,3,14,1815,2,1,1,3.0,1.0,13097,M,0.0,0.0,13
201100011449,11,3,19,600,2,1,1,1.0,7.0,13097,M,0.0,0.0,13
201100011450,11,3,24,2330,3,1,1,1.0,1.0,13097,M,0.0,0.0,13
201100011451,11,4,14,515,3,1,1,1.0,7.0,13097,M,0.0,0.0,13
201100011452,11,4,14,1500,1,1,1,1.0,6.0,13097,M,0.0,0.0,13
201100011453,11,4,18,1445,1,1,1,1.0,3.0,13097,M,0.0,0.0,13
201100011454,11,7,2,1130,1,1,1,1.0,1.0,13097,M,0.0,0.0,13
201100011455,11,7,14,1815,1,1,1,1.0,6.0,13004,M,4357315.0,470818.0,13
201100011456,11,9,1,1000,1,1,1,1.0,2.0,13097,M,0.0,0.0,13
201100011457,11,10,14,1045,1,1,1,1.0,5.0,13097,M,0.0,0.0,13
201100011458,11,11,10,1300,1,1,1,1.0,3.0,13097,M,0.0,0.0,13
201100011459,11,11,18,1645,1,1,9,1.0,3.0,13097,M,0.0,0.0,13
201100011460,11,1,6,2230,5,2,1,1.0,6.0,13057,M,0.0,0.0,13
201100011461,11,3,16,1045,1,2,1,1.0,6.0,13094,M,0.0,0.0,13
201100011462,11,6,11,630,2,1,1,1.0,6.0,13100,M,0.0,0.0,13
201100011463,11,6,27,800,1,1,3,1.0,3.0,13100,M,0.0,0.0,13
201100011464,11,7,18,1600,3,1,1,1.0,6.0,13100,M,0.0,0.0,13
201100011465,11,7,21,1,5,2,1,1.0,6.0,13100,M,0.0,0.0,13
201100011466,11,8,7,400,3,1,1,2.0,7.0,13100,M,0.0,0.0,13
201100011467,11,8,20,1300,1,1,1,1.0,7.0,13052,M,0.0,0.0,13
201100011468,11,8,26,1545,1,1,1,1.0,6.0,13094,M,0.0,0.0,13
201100011469,11,9,4,2130,3,1,1,8.0,1.0,13100,M,0.0,0.0,13
201100011470,11,9,26,1500,1,1,2,1.0,3.0,13100,M,0.0,0.0,13
201100011471,11,11,27,1745,3,1,1,1.0,2.0,13100,M,0.0,0.0,13
201100011472,11,8,19,1400,1,1,1,1.0,3.0,13004,M,0.0,0.0,13
201100011473,11,8,16,1100,5,2,1,1.0,1.0,13004,M,0.0,0.0,13
201100011474,11,2,4,2000,5,2,1,1.0,1.0,13042,M,0.0,0.0,13
201100011475,11,2,15,930,1,1,1,8.0,1.0,13042,M,0.0,0.0,13
201100011476,11,5,25,1345,1,1,1,1.0,3.0,13030,M,0.0,0.0,13
201100011477,11,6,11,1800,1,1,1,7.0,6.0,13030,M,0.0,0.0,13
201100011478,11,6,16,1015,1,1,1,1.0,3.0,13042,M,0.0,0.0,13
201100011479,11,6,20,1830,1,1,1,1.0,3.0,13030,M,0.0,0.0,13
201100011480,11,9,10,1830,1,1,1,1.0,2.0,13042,M,0.0,0.0,13
201100011481,11,11,25,1430,1,1,1,1.0,5.0,13030,M,0.0,0.0,13
201100011482,11,12,26,1030,1,1,1,1.0,1.0,13030,M,0.0,0.0,13
201100011483,11,2,20,2030,3,2,2,1.0,3.0,13023,M,0.0,0.0,13
201100011484,11,4,24,1145,1,2,1,1.0,1.0,13022,M,4321887.0,553789.0,13
201100011485,11,4,28,1700,1,1,1,1.0,3.0,13022,M,0.0,0.0,13
201100011486,11,6,15,1615,1,1,1,1.0,3.0,13022,M,0.0,0.0,13
201100011487,11,8,9,830,1,1,1,1.0,3.0,13022,M,0.0,0.0,13
201100011488,11,8,18,2000,1,1,1,1.0,6.0,13022,M,0.0,0.0,13
201100011489,11,8,25,800,1,1,1,1.0,6.0,13022,M,0.0,0.0,13
201100011490,11,10,12,1945,2,1,1,1.0,3.0,13022,M,0.0,0.0,13
201100011491,11,10,21,830,1,2,1,1.0,6.0,13023,M,0.0,0.0,13
201100011492,11,10,24,1600,1,1,1,3.0,3.0,13022,M,0.0,0.0,13
201100011493,11,11,2,930,1,1,1,3.0,1.0,13022,M,0.0,0.0,13
201100011494,11,11,8,200,5,1,1,3.0,7.0,13022,M,0.0,0.0,13
201100011495,11,11,29,830,1,1,1,1.0,3.0,13022,M,0.0,0.0,13
201100011496,11,4,9,1000,1,2,1,1.0,1.0,13085,M,0.0,0.0,13
201100011497,11,5,8,1700,1,1,1,1.0,7.0,13085,M,0.0,0.0,13
201100011498,11,5,18,1545,1,1,1,1.0,3.0,13085,M,0.0,0.0,13
201100011499,11,6,9,1130,1,1,1,1.0,3.0,13085,M,0.0,0.0,13
201100011500,11,6,18,1615,1,2,1,1.0,1.0,13119,M,0.0,0.0,13
201100011501,11,7,30,1430,1,1,1,1.0,3.0,13085,M,0.0,0.0,13
201100011502,11,8,6,1530,1,1,1,1.0,1.0,13085,M,0.0,0.0,13
201100011503,11,10,16,2300,3,1,1,1.0,1.0,13085,M,0.0,0.0,13
201100011504,11,11,19,1015,1,2,9,1.0,6.0,13119,M,0.0,0.0,13
201100011505,11,3,4,515,3,1,1,2.0,6.0,13013,M,0.0,0.0,13
201100011506,11,3,6,1700,1,1,1,1.0,3.0,13101,M,0.0,0.0,13
201100011507,11,1,10,1745,3,1,1,9.0,1.0,13007,M,0.0,0.0,13
201100011508,11,1,13,1815,3,1,3,1.0,3.0,13007,M,0.0,0.0,13
201100011509,11,3,17,115,5,2,1,8.0,6.0,13007,M,4336705.0,564491.0,13
201100011510,11,3,22,1745,1,2,3,1.0,3.0,13086,M,0.0,0.0,13
201100011511,11,4,13,1600,1,1,1,1.0,5.0,13007,M,0.0,0.0,13
201100011512,11,4,30,1215,1,1,1,1.0,1.0,13007,M,0.0,0.0,13
201100011513,11,5,6,1600,1,1,1,1.0,1.0,13007,M,0.0,0.0,13
201100011514,11,9,15,1745,1,1,1,1.0,3.0,13086,M,0.0,0.0,13
201100011515,11,9,26,1730,1,2,1,1.0,3.0,13086,M,0.0,0.0,13
201100011516,11,10,13,1800,1,2,1,1.0,6.0,13007,M,0.0,0.0,13
201100011517,11,10,30,1700,1,1,1,1.0,1.0,13007,M,0.0,0.0,13
201100011518,11,11,14,830,2,2,1,1.0,3.0,13016,M,0.0,0.0,13
201100011519,11,12,15,2000,3,1,1,1.0,6.0,13007,M,0.0,0.0,13
201100011520,11,5,3,1230,1,1,1,1.0,1.0,13014,M,0.0,0.0,13
201100011521,11,5,17,1830,1,1,1,1.0,3.0,13014,M,0.0,0.0,13
201100011522,11,5,29,1230,1,1,1,1.0,3.0,13014,M,0.0,0.0,13
201100011523,11,9,9,945,1,2,6,1.0,6.0,13014,M,0.0,0.0,13
201100011524,11,10,19,1745,1,2,1,1.0,6.0,13092,M,0.0,0.0,13
201100011525,11,11,18,800,1,2,1,1.0,3.0,13014,M,0.0,0.0,13
201100011526,11,12,7,1200,1,2,1,1.0,3.0,13014,M,0.0,0.0,13
201100011527,11,1,20,1430,1,2,6,1.0,3.0,13035,M,4369300.0,503100.0,13
201100011528,11,6,20,2015,2,1,1,1.0,7.0,13006,M,0.0,0.0,13
201100011529,11,7,22,1930,1,1,1,1.0,6.0,13035,M,0.0,0.0,13
201100011530,11,9,6,2045,5,1,1,1.0,6.0,13105,M,0.0,0.0,13
201100011531,11,1,1,730,1,1,1,1.0,6.0,13049,M,0.0,0.0,13
201100011532,11,1,18,1930,3,1,1,1.0,3.0,13049,M,0.0,0.0,13
201100011533,11,3,26,1930,5,2,1,1.0,3.0,13105,M,0.0,0.0,13
201100011534,11,4,20,1430,1,1,1,1.0,7.0,13105,M,0.0,0.0,13
201100011535,11,6,16,1145,1,1,1,1.0,1.0,13105,M,0.0,0.0,13
201100011536,11,10,7,815,1,1,1,1.0,1.0,13115,M,0.0,0.0,13
201100011537,11,1,22,1730,2,1,1,1.0,6.0,13076,M,0.0,0.0,13
201100011538,11,3,5,2215,3,1,1,1.0,1.0,13018,M,0.0,0.0,13
201100011539,11,3,24,2345,3,1,1,1.0,6.0,13089,M,0.0,0.0,13
201100011540,11,6,15,830,1,1,1,1.0,2.0,13076,M,0.0,0.0,13
201100011541,11,6,29,330,3,1,1,1.0,1.0,13089,M,0.0,0.0,13
201100011542,11,9,30,2015,3,1,1,1.0,6.0,13067,M,0.0,0.0,13
201100011543,11,10,13,1430,1,1,1,1.0,3.0,13067,M,0.0,0.0,13
201100011544,11,10,21,145,3,2,1,1.0,7.0,13034,M,0.0,0.0,13
201100011545,11,11,18,1845,3,1,2,1.0,1.0,13089,M,0.0,0.0,13
201100011546,11,12,22,1830,3,1,1,6.0,6.0,13034,M,0.0,0.0,13
201100011547,11,2,14,1215,1,1,1,1.0,5.0,13081,M,4350200.0,523400.0,13
201100011548,11,3,28,800,1,1,1,1.0,4.0,13081,M,0.0,0.0,13
201100011549,11,4,7,1415,1,1,1,1.0,3.0,13081,M,0.0,0.0,13
201100011550,11,8,20,2100,3,1,1,1.0,1.0,13081,M,0.0,0.0,13
201100011551,11,9,19,1830,1,2,1,1.0,3.0,13081,M,0.0,0.0,13
201100011552,11,9,28,1630,1,2,6,1.0,3.0,13081,M,0.0,0.0,13
201100011553,11,10,2,1615,1,2,1,1.0,7.0,13081,M,0.0,0.0,13
201100011554,11,12,5,1715,1,1,1,1.0,3.0,13081,M,0.0,0.0,13
201100011555,11,2,25,700,2,1,1,1.0,1.0,13084,M,0.0,0.0,13
201100011556,11,3,7,1545,1,1,1,1.0,7.0,13082,M,0.0,0.0,13
201100011557,11,4,12,1315,1,1,1,6.0,1.0,13082,M,0.0,0.0,13
201100011558,11,5,6,1845,1,1,1,1.0,3.0,13084,M,0.0,0.0,13
201100011559,11,6,17,1645,1,1,1,1.0,1.0,13082,M,0.0,0.0,13
201100011560,11,6,30,1315,1,1,1,1.0,6.0,13082,M,0.0,0.0,13
201100011561,11,7,29,2030,1,2,1,1.0,3.0,13084,M,0.0,0.0,13
201100011562,11,8,28,1600,1,1,1,1.0,2.0,13084,M,0.0,0.0,13
201100011563,11,9,20,1930,3,1,1,1.0,7.0,13050,M,0.0,0.0,13
201100011564,11,9,21,1745,2,1,1,1.0,1.0,13024,M,0.0,0.0,13
201100011565,11,11,4,1915,3,1,1,1.0,1.0,13082,M,0.0,0.0,13
201100011566,11,3,11,1345,1,1,1,1.0,5.0,04122,M,0.0,0.0,04
201100011567,11,4,21,1115,1,1,1,1.0,3.0,04122,M,0.0,0.0,04
201100011568,11,8,14,1815,1,1,1,1.0,1.0,04113,M,0.0,0.0,04
201100011569,11,8,20,1115,1,1,1,1.0,3.0,04001,M,0.0,0.0,04
201100011570,11,8,20,1100,1,1,1,1.0,2.0,04001,M,0.0,0.0,04
201100011571,11,8,22,630,2,1,1,1.0,6.0,04110,M,0.0,0.0,04
201100011572,11,10,15,1815,2,1,1,1.0,1.0,04113,M,0.0,0.0,04
201100011573,11,10,19,2045,3,1,1,9.0,7.0,04122,M,0.0,0.0,04
201100011574,11,10,31,1815,3,1,1,1.0,6.0,04046,M,0.0,0.0,04
201100011575,11,12,29,745,2,1,1,1.0,1.0,04110,M,4403700.0,609500.0,04
201100011576,11,5,30,830,1,1,1,1.0,1.0,04035,M,0.0,0.0,04
201100011577,11,6,22,1400,1,1,1,1.0,3.0,04094,M,0.0,0.0,04
201100011578,11,7,28,1930,1,1,1,1.0,6.0,04230,M,4383400.0,597800.0,04
201100011579,11,8,8,1545,1,1,1,1.0,1.0,04189,M,4377900.0,596200.0,04
201100011580,11,9,7,1645,1,1,1,1.0,1.0,04094,M,4377600.0,581400.0,04
201100011581,11,11,4,1445,1,1,1,3.0,2.0,04094,M,0.0,0.0,04
201100011582,11,1,4,2215,5,2,1,9.0,7.0,04116,M,4398600.0,592800.0,04
201100011583,11,2,9,2300,3,1,1,1.0,7.0,04077,M,4393900.0,604700.0,04
201100011584,11,2,15,1545,1,2,1,2.0,1.0,04149,M,4403400.0,594300.0,04
201100011585,11,4,19,300,3,1,1,1.0,7.0,04116,M,0.0,0.0,04
201100011586,11,4,26,830,1,2,1,1.0,7.0,04116,M,0.0,0.0,04
201100011587,11,6,4,845,1,1,1,8.0,1.0,04041,M,0.0,0.0,04
201100011588,11,7,3,915,1,2,1,1.0,6.0,04143,M,0.0,0.0,04
201100011589,11,8,7,1430,1,1,1,1.0,5.0,04149,M,0.0,0.0,04
201100011590,11,8,18,1430,1,1,1,1.0,2.0,04116,M,0.0,0.0,04
201100011591,11,8,23,2145,1,2,1,1.0,6.0,04116,M,0.0,0.0,04
201100011592,11,9,2,1715,1,1,1,1.0,5.0,04116,M,4404200.0,599700.0,04
201100011593,11,9,8,1815,1,2,1,1.0,7.0,04034,M,0.0,0.0,04
201100011594,11,9,9,1645,1,1,1,1.0,3.0,04149,M,4404800.0,595700.0,04
201100011595,11,10,22,930,1,1,1,1.0,3.0,04143,M,4392500.0,591700.0,04
201100011596,11,12,6,1430,1,1,1,1.0,7.0,04108,M,0.0,0.0,04
201100011597,11,12,18,600,2,2,1,1.0,6.0,04143,M,0.0,0.0,04
201100011598,11,12,24,1030,1,2,1,1.0,7.0,04143,M,4392200.0,592000.0,04
201100011599,11,3,21,1415,1,2,1,1.0,6.0,04121,M,0.0,0.0,04
201100011600,11,8,27,1515,1,1,1,1.0,6.0,04204,M,0.0,0.0,04
201100011601,11,2,5,330,3,2,1,1.0,6.0,04096,M,0.0,0.0,04
201100011602,11,2,24,1845,3,2,1,1.0,1.0,04096,M,0.0,0.0,04
201100011603,11,4,29,1245,1,1,1,1.0,7.0,04195,M,0.0,0.0,04
201100011604,11,7,7,1615,1,1,1,1.0,1.0,04226,M,0.0,0.0,04
201100011605,11,7,16,15,3,1,1,1.0,1.0,04019,M,0.0,0.0,04
201100011606,11,7,30,1545,1,1,1,1.0,7.0,04096,M,0.0,0.0,04
201100011607,11,8,12,1100,1,1,1,1.0,3.0,04226,M,0.0,0.0,04
201100011608,11,8,15,1600,1,1,1,1.0,3.0,04120,M,0.0,0.0,04
201100011609,11,8,19,1030,1,1,1,1.0,1.0,04086,M,4440700.0,670300.0,04
201100011610,11,8,20,400,3,2,1,1.0,6.0,04220,M,4439700.0,657500.0,04
201100011611,11,8,25,1615,1,1,1,1.0,1.0,04096,M,0.0,0.0,04
201100011612,11,8,31,1145,1,1,1,1.0,3.0,04062,M,0.0,0.0,04
201100011613,11,10,19,1745,2,1,1,4.0,7.0,04096,M,4434600.0,678400.0,04
201100011614,11,4,24,1200,1,1,1,8.0,7.0,04205,M,0.0,0.0,04
201100011615,11,6,29,1715,1,1,1,1.0,1.0,04161,M,0.0,0.0,04
201100011616,11,9,17,1645,1,1,1,1.0,6.0,04102,M,0.0,0.0,04
201100011617,11,10,1,1230,1,1,1,1.0,1.0,04102,M,0.0,0.0,04
201100011618,11,4,23,1415,1,1,1,3.0,7.0,04039,M,4384700.0,654200.0,04
201100011619,11,4,29,1515,1,1,1,2.0,3.0,04039,M,4387100.0,649300.0,04
201100011620,11,6,12,1745,1,1,1,1.0,1.0,04039,M,4381800.0,643800.0,04
201100011621,11,7,28,1130,1,1,1,1.0,3.0,04039,M,4383700.0,648300.0,04
201100011622,11,7,28,1915,1,1,1,1.0,7.0,04039,M,4386400.0,649700.0,04
201100011623,11,8,22,1615,1,1,1,1.0,6.0,04092,M,4383300.0,656400.0,04
201100011624,11,8,24,930,1,1,1,1.0,7.0,04148,M,4382000.0,659500.0,04
201100011625,11,8,28,1030,1,1,1,1.0,1.0,04069,M,4389100.0,654000.0,04
201100011626,11,10,18,1900,1,1,1,1.0,6.0,04148,M,0.0,0.0,04
201100011627,11,7,3,2145,2,1,1,1.0,1.0,04236,M,0.0,0.0,04
201100011628,11,1,29,145,5,2,1,1.0,6.0,04006,M,0.0,0.0,04
201100011629,11,3,26,1945,1,1,1,1.0,6.0,04025,M,4415100.0,659800.0,04
201100011630,11,3,30,1800,1,1,1,8.0,1.0,04006,M,4428800.0,657300.0,04
201100011631,11,5,31,245,3,1,1,1.0,6.0,04025,M,0.0,0.0,04
201100011632,11,7,4,1645,1,1,1,2.0,1.0,04173,M,0.0,0.0,04
201100011633,11,8,29,1030,1,1,1,1.0,3.0,04136,M,0.0,0.0,04
201100011634,11,4,3,1645,1,1,1,1.0,7.0,04184,M,0.0,0.0,04
201100011635,11,7,10,1200,1,1,1,1.0,2.0,04135,M,0.0,0.0,04
201100011636,11,7,16,930,1,1,1,1.0,3.0,04135,M,0.0,0.0,04
201100011637,11,8,1,2100,2,2,9,1.0,6.0,04135,M,0.0,0.0,04
201100011638,11,9,19,1145,1,1,1,1.0,7.0,04135,M,0.0,0.0,04
201100011639,11,10,8,1215,1,1,1,1.0,7.0,04135,M,0.0,0.0,04
201100011640,11,10,9,1630,1,2,7,1.0,1.0,04157,M,0.0,0.0,04
201100011641,11,11,13,1445,1,1,1,1.0,7.0,04135,M,0.0,0.0,04
201100011642,11,1,22,1545,1,1,1,1.0,6.0,04227,M,0.0,0.0,04
201100011643,11,1,26,1545,1,2,1,1.0,6.0,04088,M,0.0,0.0,04
201100011644,11,3,4,1130,1,1,1,1.0,3.0,04104,M,0.0,0.0,04
201100011645,11,4,3,2030,2,1,1,1.0,3.0,04242,M,0.0,0.0,04
201100011646,11,4,9,1300,1,2,1,1.0,3.0,04088,M,0.0,0.0,04
201100011647,11,4,15,200,5,1,1,1.0,6.0,04111,M,0.0,0.0,04
201100011648,11,4,28,1715,1,2,1,3.0,6.0,04088,M,0.0,0.0,04
201100011649,11,5,8,800,1,1,1,1.0,6.0,04242,M,0.0,0.0,04
201100011650,11,6,17,1445,1,1,1,1.0,4.0,04242,M,0.0,0.0,04
201100011651,11,6,25,330,3,1,1,1.0,6.0,04045,M,4385400.0,555700.0,04
201100011652,11,7,7,1630,1,1,1,1.0,7.0,04160,M,0.0,0.0,04
201100011653,11,9,13,1330,1,1,1,1.0,4.0,04242,M,0.0,0.0,04
201100011654,11,10,14,1245,1,2,3,1.0,3.0,04088,M,0.0,0.0,04
201100011655,11,12,17,2030,3,1,1,1.0,1.0,04104,M,0.0,0.0,04
201100011656,11,12,20,1145,1,1,1,4.0,1.0,04242,M,0.0,0.0,04
201100011657,11,3,10,2345,3,1,1,1.0,7.0,04162,M,0.0,0.0,04
201100011658,11,8,21,1545,1,1,1,1.0,7.0,04208,M,4395500.0,553000.0,04
201100011659,11,1,13,1645,1,1,1,1.0,7.0,04128,M,0.0,0.0,04
201100011660,11,1,21,1700,1,1,1,1.0,1.0,04152,M,0.0,0.0,04
201100011661,11,3,10,800,1,1,1,9.0,1.0,04245,M,0.0,0.0,04
201100011662,11,3,12,930,1,2,1,1.0,6.0,04245,M,0.0,0.0,04
201100011663,11,4,3,1045,1,1,1,1.0,1.0,04245,M,0.0,0.0,04
201100011664,11,6,15,1245,1,2,6,1.0,1.0,04197,M,0.0,0.0,04
201100011665,11,6,29,815,1,2,1,1.0,6.0,04197,M,0.0,0.0,04
201100011666,11,7,2,1715,1,2,1,1.0,3.0,04152,M,0.0,0.0,04
201100011667,11,7,4,1915,1,1,1,1.0,6.0,04152,M,0.0,0.0,04
201100011668,11,9,19,1930,3,1,1,1.0,7.0,04245,M,0.0,0.0,04
201100011669,11,10,29,1515,1,1,1,1.0,6.0,04197,M,0.0,0.0,04
201100011670,11,11,4,2015,3,1,1,3.0,6.0,04128,M,0.0,0.0,04
201100011671,11,1,20,1030,1,2,8,1.0,3.0,04049,M,0.0,0.0,04
201100011672,11,2,13,1630,1,1,1,1.0,6.0,04140,M,0.0,0.0,04
201100011673,11,5,21,800,1,1,1,1.0,7.0,04209,M,0.0,0.0,04
201100011674,11,7,3,845,1,2,1,1.0,1.0,04209,M,0.0,0.0,04
201100011675,11,9,17,245,3,1,1,1.0,6.0,04049,M,0.0,0.0,04
201100011676,11,11,17,1745,1,1,1,1.0,4.0,04209,M,0.0,0.0,04
201100011677,11,12,9,1115,1,1,1,1.0,1.0,04123,M,0.0,0.0,04
201100011678,11,5,9,1345,1,1,1,1.0,1.0,04233,M,0.0,0.0,04
201100011679,11,10,3,845,1,1,1,1.0,6.0,04231,M,0.0,0.0,04
201100011680,11,9,27,2200,3,1,1,1.0,1.0,05070,M,4432500.0,580600.0,05
201100011681,11,8,13,1530,1,1,1,1.0,1.0,05009,M,4479637.0,597784.0,05
201100011682,11,9,25,1705,1,1,1,1.0,6.0,05009,M,4479717.0,597782.0,05
201100011683,11,2,15,730,1,1,1,1.0,6.0,05138,M,4472456.0,591031.0,05
201100011684,11,12,31,840,1,1,1,9.0,6.0,05042,M,4463375.0,585049.0,05
201100011685,11,2,9,1230,1,1,3,1.0,2.0,05176,M,4449813.0,615164.0,05
201100011686,11,7,5,1930,1,1,1,1.0,7.0,05115,M,4446803.0,614304.0,05
201100011687,11,9,18,1445,1,1,1,1.0,1.0,05170,M,4446004.0,603385.0,05
201100011688,11,11,27,1830,3,1,3,1.0,3.0,05037,M,4448190.0,603595.0,05
201100011689,11,5,15,1715,1,1,1,1.0,2.0,05166,M,4442088.0,570364.0,05
201100011690,11,6,26,1630,1,1,1,1.0,6.0,05126,M,4437741.0,544397.0,05
201100011691,11,8,6,2100,3,1,1,1.0,6.0,05117,M,4410148.0,553504.0,05
201100011692,11,8,17,1850,1,1,1,1.0,6.0,05081,M,4441888.0,569384.0,05
201100011693,11,2,22,915,1,1,1,1.0,6.0,05010,M,4450120.0,576569.0,05
201100011694,11,6,16,900,1,1,3,1.0,3.0,05123,M,4456188.0,590275.0,05
201100011695,11,7,16,1745,1,1,3,1.0,3.0,05146,M,4459919.0,570920.0,05
201100011696,11,8,25,1745,1,1,1,1.0,6.0,05154,M,4452422.0,569479.0,05
201100011697,11,10,23,2000,3,1,1,1.0,6.0,05123,M,4456188.0,593333.0,05
201100011698,11,10,31,2030,5,2,1,1.0,6.0,05123,M,4456185.0,595363.0,05
201100011699,11,11,17,1345,1,1,1,1.0,1.0,05123,M,4455284.0,596327.0,05
201100011700,11,3,26,1715,1,2,1,1.0,1.0,05180,M,4482494.0,654562.0,05
201100011701,11,7,13,815,1,1,1,3.0,1.0,05151,M,4484744.0,657783.0,05
201100011702,11,8,5,1200,1,1,1,1.0,1.0,05181,M,4504122.0,635651.0,05
201100011703,11,8,31,945,1,1,1,1.0,1.0,05063,M,4504832.0,632267.0,05