Num_Acc,an,mois,jour,hrmn,lum,agg,int,atm,col,com,gps,lat,long,dep
201100011704,11,6,28,1530,1,1,2,1.0,3.0,05133,M,4493047.0,659354.0,05
201100011705,11,7,29,1030,1,2,3,1.0,6.0,05079,M,4497630.0,650734.0,05
201100011706,11,8,13,830,1,1,1,1.0,2.0,05133,M,4492766.0,659929.0,05
201100011707,11,8,20,1245,1,1,1,1.0,6.0,05161,M,4495425.0,654979.0,05
201100011708,11,9,23,1445,1,2,1,1.0,2.0,05023,M,4491486.0,662291.0,05
201100011709,11,10,2,1530,1,1,1,1.0,7.0,05027,M,4483197.0,672396.0,05
201100011710,11,6,8,830,1,1,1,8.0,6.0,05036,M,4463487.0,656469.0,05
201100011711,11,7,11,1415,1,1,1,1.0,5.0,05036,M,4462066.0,653449.0,05
201100011712,11,8,2,1245,1,1,3,1.0,1.0,05012,M,4454705.0,648282.0,05
201100011713,11,8,10,1100,1,2,1,1.0,6.0,05098,M,4449218.0,655602.0,05
201100011714,11,8,12,1815,1,1,1,1.0,1.0,05036,M,4462295.0,653682.0,05
201100011715,11,8,18,1200,1,1,1,1.0,6.0,05045,M,4453424.0,646500.0,05
201100011716,11,9,3,1415,1,1,1,2.0,1.0,05036,M,4463290.0,655650.0,05
201100011717,11,11,27,1815,3,2,1,1.0,6.0,05046,M,4456525.0,649503.0,05
201100011718,11,3,8,1815,2,1,1,1.0,5.0,05011,M,4454201.0,619512.0,05
201100011719,11,7,8,1130,1,1,1,1.0,3.0,05124,M,4457745.0,614556.0,05
201100011720,11,9,8,1915,1,1,2,1.0,1.0,05017,M,4433483.0,611498.0,05
201100011721,11,7,24,1800,1,1,1,1.0,6.0,05065,M,4465969.0,662746.0,05
201100011722,11,7,29,1730,1,2,9,1.0,5.0,05052,M,4467220.0,661791.0,05
201100011723,11,9,16,1000,1,1,1,1.0,3.0,05065,M,4466050.0,660447.0,05
201100011724,11,11,16,900,1,2,1,1.0,6.0,05065,M,4465997.0,664984.0,05
201100011725,11,1,22,200,3,1,1,1.0,7.0,06048,M,0.0,0.0,06
201100011726,11,3,19,1100,1,2,1,1.0,7.0,06014,M,4384100.0,729500.0,06
201100011727,11,5,25,1545,1,2,1,1.0,4.0,06048,M,0.0,0.0,06
201100011728,11,7,29,1300,1,2,1,1.0,2.0,06048,M,4379200.0,733400.0,06
201100011729,11,8,22,815,1,2,1,1.0,1.0,06043,M,4387100.0,729400.0,06
201100011730,11,2,3,2230,3,1,1,1.0,7.0,06077,M,0.0,0.0,06
201100011731,11,3,30,2030,3,1,1,2.0,7.0,06019,M,0.0,0.0,06
201100011732,11,3,31,1615,1,1,1,1.0,1.0,06077,M,0.0,0.0,06
201100011733,11,8,9,2015,1,2,1,1.0,7.0,06057,M,0.0,0.0,06
201100011734,11,8,12,1845,1,1,1,1.0,6.0,06048,M,0.0,0.0,06
201100011735,11,10,8,1500,1,1,1,1.0,6.0,06057,M,0.0,0.0,06
201100011736,11,10,17,930,1,1,1,1.0,1.0,06091,M,0.0,0.0,06
201100011737,11,12,4,1145,1,1,1,2.0,6.0,06092,M,0.0,0.0,06
201100011738,11,6,13,1800,1,2,1,1.0,6.0,06114,M,0.0,0.0,06
201100011739,11,4,10,1015,1,1,1,1.0,7.0,06127,M,0.0,0.0,06
201100011740,11,5,4,1330,1,2,1,1.0,1.0,06103,M,0.0,0.0,06
201100011741,11,6,18,1300,1,1,1,1.0,3.0,06151,M,0.0,0.0,06
201100011742,11,6,27,1000,1,2,1,1.0,7.0,06127,M,0.0,0.0,06
201100011743,11,7,17,1930,2,1,1,1.0,4.0,06151,M,0.0,0.0,06
201100011744,11,7,17,1615,1,1,1,1.0,6.0,06127,M,0.0,0.0,06
201100011745,11,11,1,1330,1,1,1,1.0,7.0,06127,M,0.0,0.0,06
201100011746,11,2,10,1145,1,1,1,1.0,7.0,06149,M,0.0,0.0,06
201100011747,11,3,18,1315,1,2,6,1.0,6.0,06149,M,0.0,0.0,06
201100011748,11,3,25,1445,1,1,1,1.0,3.0,06149,M,4376300.0,731900.0,06
201100011749,11,6,13,730,1,2,1,1.0,6.0,06054,M,0.0,0.0,06
201100011750,11,7,6,1300,1,1,1,1.0,5.0,06149,M,0.0,0.0,06
201100011751,11,8,5,1530,1,1,1,1.0,6.0,06149,M,0.0,0.0,06
201100011752,11,10,2,345,5,1,1,1.0,7.0,06149,M,0.0,0.0,06
201100011753,11,10,28,1430,1,1,1,1.0,4.0,06149,M,0.0,0.0,06
201100011754,11,11,24,1330,1,1,1,1.0,3.0,06149,M,0.0,0.0,06
201100011755,11,4,17,800,1,2,1,1.0,3.0,06011,M,0.0,0.0,06
201100011756,11,1,5,1445,1,1,1,1.0,3.0,06044,M,0.0,0.0,06
201100011757,11,1,5,1245,1,2,6,1.0,1.0,06044,M,4368700.0,711600.0,06
201100011758,11,1,22,1730,2,2,1,1.0,3.0,06044,M,0.0,0.0,06
201100011759,11,2,4,730,1,2,1,1.0,7.0,06161,M,0.0,0.0,06
201100011760,11,2,24,1615,1,2,1,1.0,2.0,06161,M,4362500.0,713000.0,06
201100011761,11,3,13,2230,3,1,1,1.0,6.0,06161,M,0.0,0.0,06
201100011762,11,3,14,1115,1,2,1,1.0,3.0,06161,M,0.0,0.0,06
201100011763,11,3,23,1430,1,1,1,1.0,3.0,06161,M,0.0,0.0,06
201100011764,11,4,4,1730,1,2,1,1.0,2.0,06161,M,0.0,0.0,06
201100011765,11,4,5,1330,1,2,1,1.0,3.0,06044,M,4368800.0,711200.0,06
201100011766,11,4,20,1600,1,2,1,1.0,3.0,06161,M,0.0,0.0,06
201100011767,11,5,18,1200,1,2,1,1.0,3.0,06161,M,0.0,0.0,06
201100011768,11,5,25,1030,1,2,1,1.0,6.0,06044,M,0.0,0.0,06
201100011769,11,5,27,1645,1,2,1,1.0,6.0,06044,M,0.0,0.0,06
201100011770,11,6,4,400,3,2,1,1.0,1.0,06161,M,0.0,0.0,06
201100011771,11,6,4,1130,1,1,1,1.0,1.0,06161,M,4362800.0,713400.0,06
201100011772,11,6,12,1130,1,1,1,1.0,5.0,06161,M,0.0,0.0,06
201100011773,11,6,13,900,1,2,1,1.0,3.0,06161,M,4364600.0,714300.0,06
201100011774,11,6,16,1500,1,2,1,1.0,5.0,06161,M,4363400.0,713500.0,06
201100011775,11,6,28,1130,1,2,1,1.0,1.0,06161,M,4363900.0,712600.0,06
201100011776,11,7,1,800,1,2,9,1.0,3.0,06161,M,0.0,0.0,06
201100011777,11,7,2,115,5,1,1,1.0,3.0,06161,M,4363000.0,713000.0,06
201100011778,11,7,20,2000,1,2,1,1.0,5.0,06161,M,0.0,0.0,06
201100011779,11,7,21,1715,1,2,1,1.0,2.0,06161,M,0.0,0.0,06
201100011780,11,7,26,1600,1,2,1,1.0,1.0,06044,M,0.0,0.0,06
201100011781,11,7,30,1215,5,2,1,1.0,6.0,06161,M,0.0,0.0,06
201100011782,11,8,3,1700,1,1,9,1.0,1.0,06044,M,0.0,0.0,06
201100011783,11,8,8,2115,5,2,1,1.0,6.0,06161,M,0.0,0.0,06
201100011784,11,8,9,2045,5,2,1,1.0,3.0,06161,M,0.0,0.0,06
201100011785,11,8,14,1400,1,1,1,1.0,1.0,06161,M,4362200.0,713100.0,06
201100011786,11,8,15,2345,5,2,1,1.0,1.0,06161,M,0.0,0.0,06
201100011787,11,8,11,1730,1,2,1,1.0,3.0,06161,M,0.0,0.0,06
201100011788,11,8,10,2230,5,2,1,1.0,3.0,06161,M,0.0,0.0,06
201100011789,11,9,19,2015,1,2,1,1.0,3.0,06027,M,0.0,0.0,06
201100011790,11,10,1,1330,1,1,1,1.0,3.0,06161,M,0.0,0.0,06
201100011791,11,10,5,1945,5,2,1,1.0,1.0,06044,M,0.0,0.0,06
201100011792,11,10,7,1630,1,2,1,1.0,5.0,06161,M,0.0,0.0,06
201100011793,11,10,9,1800,2,1,1,1.0,1.0,06044,M,0.0,0.0,06
201100011794,11,10,10,1715,1,2,1,1.0,6.0,06161,M,0.0,0.0,06
201100011795,11,10,12,915,1,1,1,1.0,2.0,06161,M,0.0,0.0,06
201100011796,11,10,13,630,5,2,1,1.0,3.0,06161,M,0.0,0.0,06
201100011797,11,10,15,1515,1,1,1,1.0,3.0,06161,M,0.0,0.0,06
201100011798,11,10,25,700,2,2,1,3.0,3.0,06161,M,0.0,0.0,06
201100011799,11,11,1,830,1,2,1,1.0,3.0,06044,M,0.0,0.0,06
201100011800,11,11,7,1830,5,1,1,8.0,2.0,06161,M,0.0,0.0,06
201100011801,11,12,9,1445,1,2,1,1.0,6.0,06044,M,0.0,0.0,06
201100011802,11,12,22,1815,2,1,1,1.0,6.0,06044,M,0.0,0.0,06
201100011803,11,12,25,1200,1,2,1,1.0,6.0,06161,M,4363800.0,712500.0,06
201100011804,11,3,19,1630,1,2,1,2.0,1.0,06090,M,4360300.0,692400.0,06
201100011805,11,3,20,1015,1,2,1,1.0,1.0,06079,M,4352900.0,694300.0,06
201100011806,11,5,8,245,5,2,6,1.0,6.0,06079,M,0.0,0.0,06
201100011807,11,5,12,1700,1,2,1,1.0,3.0,06079,M,0.0,0.0,06
201100011808,11,5,18,1830,1,2,1,1.0,3.0,06079,M,0.0,0.0,06
201100011809,11,5,22,1615,1,2,2,1.0,6.0,06079,M,0.0,0.0,06
201100011810,11,6,1,2000,1,2,1,1.0,1.0,06138,M,4349700.0,694400.0,06
201100011811,11,6,4,145,3,1,1,1.0,1.0,06090,M,0.0,0.0,06
201100011812,11,6,8,845,1,2,1,1.0,3.0,06079,M,0.0,0.0,06
201100011813,11,6,10,445,3,1,1,1.0,1.0,06090,M,0.0,0.0,06
201100011814,11,8,3,1030,1,2,1,1.0,3.0,06079,M,4354500.0,694000.0,06
201100011815,11,9,6,1230,1,2,1,1.0,6.0,06079,M,0.0,0.0,06
201100011816,11,9,26,2330,5,2,1,1.0,7.0,06079,M,0.0,0.0,06
201100011817,11,9,28,1900,1,2,1,1.0,3.0,06079,M,4353600.0,695000.0,06
201100011818,11,10,10,1715,1,2,1,1.0,6.0,06079,M,4354200.0,693500.0,06
201100011819,11,11,21,1800,5,2,6,1.0,7.0,06079,M,0.0,0.0,06
201100011820,11,12,15,1645,1,2,1,1.0,6.0,06007,M,0.0,0.0,06
201100011821,11,4,10,1400,1,1,1,1.0,1.0,06134,M,4378400.0,664300.0,06
201100011822,11,6,9,1915,1,1,1,1.0,6.0,06003,M,0.0,0.0,06
201100011823,11,10,18,645,3,1,1,1.0,6.0,06154,M,0.0,0.0,06
201100011824,11,11,26,430,3,1,1,1.0,6.0,06070,M,0.0,0.0,06
201100011825,11,1,21,1700,1,1,1,1.0,1.0,06157,M,0.0,0.0,06
201100011826,11,2,22,1345,1,1,1,1.0,5.0,06128,M,4368200.0,712900.0,06
201100011827,11,3,2,1900,5,2,1,1.0,6.0,06157,M,4372800.0,710100.0,06
201100011828,11,3,17,1130,1,2,1,1.0,6.0,06157,M,4372600.0,711500.0,06
201100011829,11,4,27,1930,1,2,1,1.0,1.0,06157,M,4372800.0,708800.0,06
201100011830,11,4,30,2245,3,1,1,1.0,3.0,06128,M,0.0,0.0,06
201100011831,11,7,7,1430,1,1,1,1.0,2.0,06128,M,0.0,0.0,06
201100011832,11,7,24,1700,1,2,9,1.0,1.0,06157,M,0.0,0.0,06
201100011833,11,7,29,2230,3,1,1,1.0,1.0,06128,M,4370400.0,711000.0,06
201100011834,11,1,10,1015,1,1,1,3.0,3.0,06126,M,0.0,0.0,06
201100011835,11,2,5,1245,1,2,1,1.0,3.0,06033,M,0.0,0.0,06
201100011836,11,2,20,1115,1,1,1,1.0,7.0,06006,M,0.0,0.0,06
201100011837,11,2,25,1915,3,1,1,1.0,6.0,06034,M,0.0,0.0,06
201100011838,11,4,6,2300,3,1,1,1.0,2.0,06034,M,0.0,0.0,06
201100011839,11,5,3,1815,1,2,1,1.0,1.0,06034,M,0.0,0.0,06
201100011840,11,5,28,330,5,2,1,1.0,6.0,06046,M,0.0,0.0,06
201100011841,11,9,22,2145,5,1,1,1.0,5.0,06033,M,0.0,0.0,06
201100011842,11,12,7,1545,1,2,1,1.0,3.0,06033,M,0.0,0.0,06
201100011843,11,12,24,1030,1,1,1,1.0,7.0,06025,M,0.0,0.0,06
201100011844,11,1,14,1800,3,1,1,1.0,6.0,06035,M,0.0,0.0,06
201100011845,11,7,31,1345,1,1,1,1.0,7.0,06136,M,0.0,0.0,06
201100011846,11,11,18,1545,1,2,3,1.0,3.0,06136,M,0.0,0.0,06
201100011847,11,1,15,1515,1,2,1,1.0,1.0,06023,M,0.0,0.0,06
201100011848,11,4,9,2030,2,2,9,1.0,6.0,06023,M,0.0,0.0,06
201100011849,11,6,19,1045,1,1,1,7.0,1.0,06163,M,0.0,0.0,06
201100011850,11,7,3,1115,1,1,1,8.0,6.0,06905,M,4403400.0,757700.0,06
201100011851,11,7,9,1615,1,1,1,1.0,6.0,06163,M,0.0,0.0,06
201100011852,11,8,18,1200,1,2,9,1.0,1.0,06023,M,4396900.0,752600.0,06
201100011853,11,10,1,1745,1,1,1,1.0,7.0,06023,M,0.0,0.0,06
201100011854,11,10,24,1045,1,1,1,2.0,1.0,06023,M,4393900.0,751900.0,06
201100011855,11,2,2,1245,1,2,1,1.0,5.0,06059,M,0.0,0.0,06
201100011856,11,2,14,745,1,1,1,1.0,2.0,06059,M,0.0,0.0,06
201100011857,11,5,2,1430,1,1,1,1.0,1.0,06032,M,0.0,0.0,06
201100011858,11,7,26,115,5,2,1,1.0,6.0,06059,M,0.0,0.0,06
201100011859,11,8,2,1100,1,1,1,1.0,5.0,06059,M,0.0,0.0,06
201100011860,11,8,4,1645,1,1,1,1.0,3.0,06150,M,0.0,0.0,06
201100011861,11,10,10,1045,1,2,1,1.0,6.0,06032,M,0.0,0.0,06
201100011862,11,11,15,2045,3,1,1,1.0,6.0,06150,M,0.0,0.0,06
201100011863,11,12,8,100,5,1,1,1.0,3.0,06059,M,0.0,0.0,06
201100011864,11,12,12,1815,5,2,9,1.0,6.0,06059,M,0.0,0.0,06
201100011865,11,12,20,1600,1,1,1,1.0,6.0,06059,M,0.0,0.0,06
201100011866,11,5,28,1000,1,2,1,1.0,6.0,06099,M,4395900.0,689000.0,06
201100011867,11,6,1,1130,1,2,6,1.0,3.0,06099,M,0.0,0.0,06
201100011868,11,6,6,845,1,2,1,1.0,6.0,06099,M,0.0,0.0,06
201100011869,11,6,8,1630,1,1,1,2.0,7.0,06078,M,0.0,0.0,06
201100011870,11,6,24,1900,1,1,1,1.0,7.0,06098,M,0.0,0.0,06
201100011871,11,7,1,1630,1,1,1,1.0,1.0,06144,M,0.0,0.0,06
201100011872,11,7,14,915,1,1,1,1.0,1.0,06101,M,0.0,0.0,06
201100011873,11,5,1,1400,1,1,1,1.0,1.0,06016,M,0.0,0.0,06
201100011874,11,5,1,1600,1,1,1,1.0,7.0,06056,M,0.0,0.0,06
201100011875,11,5,22,1300,1,2,1,1.0,2.0,06094,M,0.0,0.0,06
201100011876,11,5,28,1845,1,1,1,1.0,1.0,06071,M,0.0,0.0,06
201100011877,11,6,11,1130,1,1,1,1.0,7.0,06053,M,4402100.0,680900.0,06
201100011878,11,6,25,1545,1,1,1,1.0,2.0,06056,M,0.0,0.0,06
201100011879,11,7,13,200,3,1,1,1.0,7.0,06016,M,0.0,0.0,06
201100011880,11,8,4,1300,1,1,1,1.0,7.0,06071,M,0.0,0.0,06
201100011881,11,9,3,145,3,1,1,1.0,7.0,06071,M,4409300.0,690800.0,06
201100011882,11,1,20,1630,1,1,1,1.0,1.0,06066,M,4384400.0,718100.0,06
201100011883,11,10,2,1730,1,2,7,1.0,6.0,06106,M,4387900.0,700900.0,06
201100011884,11,6,20,1230,1,1,1,1.0,7.0,06111,M,0.0,0.0,06
201100011885,11,6,20,1915,1,2,1,1.0,6.0,06073,M,0.0,0.0,06
201100011886,11,7,3,1315,1,1,1,1.0,1.0,06153,M,0.0,0.0,06
201100011887,11,10,14,1630,1,1,1,1.0,7.0,06120,M,0.0,0.0,06
201100011888,11,2,11,900,1,1,1,9.0,7.0,83003,M,0.0,0.0,83
201100011889,11,3,31,1645,1,1,1,1.0,6.0,83148,M,0.0,0.0,83
201100011890,11,2,27,645,2,1,1,1.0,7.0,83004,M,0.0,0.0,83
201100011891,11,3,25,1915,1,1,1,1.0,1.0,83134,M,0.0,0.0,83
201100011892,11,4,16,1400,1,1,1,1.0,1.0,83004,M,0.0,0.0,83
201100011893,11,4,23,1445,1,1,1,2.0,1.0,83134,M,0.0,0.0,83
201100011894,11,6,28,1830,1,1,1,1.0,1.0,83004,M,0.0,0.0,83
201100011895,11,8,2,1400,1,1,1,1.0,3.0,83148,M,0.0,0.0,83
201100011896,11,12,14,1745,3,1,1,1.0,5.0,83004,M,0.0,0.0,83
201100011897,11,1,21,2030,3,1,1,1.0,3.0,83044,M,4368800.0,651200.0,83
201100011898,11,3,17,2245,3,1,1,1.0,7.0,83056,M,4357600.0,652900.0,83
201100011899,11,4,4,730,1,1,1,1.0,5.0,83082,M,4365400.0,647700.0,83
201100011900,11,4,12,1645,1,1,1,1.0,6.0,83082,M,4363100.0,648200.0,83
201100011901,11,5,15,1300,1,1,1,1.0,6.0,83044,M,4367600.0,650500.0,83
201100011902,11,5,28,1500,1,1,1,1.0,7.0,83040,M,4381000.0,659900.0,83
201100011903,11,5,28,1930,1,1,1,1.0,6.0,83040,M,4380000.0,659000.0,83
201100011904,11,7,24,1100,1,1,1,1.0,6.0,83040,M,4380800.0,644000.0,83
201100011905,11,8,7,1915,1,1,1,2.0,1.0,83040,M,4383000.0,656800.0,83
201100011906,11,8,12,2315,3,1,1,1.0,6.0,83044,M,4371900.0,650300.0,83
201100011907,11,8,14,15,3,1,1,1.0,7.0,83028,M,4357200.0,652900.0,83
201100011908,11,9,4,1300,1,1,1,2.0,1.0,83040,M,4380600.0,660800.0,83
201100011909,11,9,11,1145,1,2,1,1.0,3.0,83125,M,4374300.0,662900.0,83
201100011910,11,9,12,1215,1,1,1,1.0,2.0,83056,M,4357700.0,650200.0,83
201100011911,11,10,15,1530,1,1,1,1.0,7.0,83142,M,4375000.0,643700.0,83
201100011912,11,11,1,1730,2,1,1,1.0,6.0,83013,M,4373900.0,662800.0,83
201100011913,11,11,26,1645,2,1,1,1.0,7.0,83040,M,4380700.0,661100.0,83
201100011914,11,12,6,2115,3,1,1,1.0,6.0,83056,M,0.0,0.0,83
201100011915,11,12,16,2100,3,1,1,1.0,3.0,83028,M,4357900.0,661500.0,83
201100011916,11,2,12,715,2,1,1,1.0,3.0,83055,M,0.0,0.0,83
201100011917,11,2,18,1100,1,1,1,1.0,2.0,83138,M,0.0,0.0,83
201100011918,11,3,31,2145,3,1,1,1.0,6.0,83055,M,0.0,0.0,83
201100011919,11,5,7,2100,2,1,1,1.0,3.0,83138,M,0.0,0.0,83
201100011920,11,5,11,1400,1,1,1,1.0,6.0,83080,M,0.0,0.0,83
201100011921,11,5,18,2115,3,1,6,1.0,6.0,83138,M,0.0,0.0,83
201100011922,11,5,24,1730,1,1,1,1.0,1.0,83133,M,0.0,0.0,83
201100011923,11,5,30,1330,1,1,1,1.0,3.0,83081,M,0.0,0.0,83
201100011924,11,6,12,330,5,2,6,1.0,6.0,83081,M,0.0,0.0,83
201100011925,11,6,25,1715,1,1,1,1.0,6.0,83138,M,0.0,0.0,83
201100011926,11,7,30,115,3,1,1,1.0,6.0,83081,M,0.0,0.0,83
201100011927,11,8,24,1415,1,1,1,1.0,1.0,83081,M,0.0,0.0,83
201100011928,11,10,17,900,1,1,1,1.0,3.0,83081,M,0.0,0.0,83
201100011929,11,12,27,1045,1,1,1,1.0,6.0,83117,M,0.0,0.0,83
201100011930,11,1,14,1400,1,1,1,1.0,2.0,83136,M,0.0,0.0,83
201100011931,11,3,2,1515,1,1,1,1.0,1.0,83058,M,0.0,0.0,83
201100011932,11,4,24,1500,1,1,1,1.0,3.0,83058,M,0.0,0.0,83
201100011933,11,11,23,1200,1,1,1,1.0,6.0,83072,M,4348300.0,631500.0,83
201100011934,11,4,7,1115,1,1,1,1.0,6.0,83073,M,0.0,0.0,83
201100011935,11,4,13,2015,1,1,1,1.0,6.0,83018,M,0.0,0.0,83
201100011936,11,4,29,1200,1,1,1,1.0,3.0,83092,M,0.0,0.0,83
201100011937,11,5,8,1515,1,2,7,1.0,6.0,83067,M,0.0,0.0,83
201100011938,11,5,19,1945,1,1,1,1.0,1.0,83057,M,0.0,0.0,83
201100011939,11,5,27,1915,1,2,1,1.0,3.0,83092,M,0.0,0.0,83
201100011940,11,7,14,1415,1,2,1,1.0,6.0,83067,M,0.0,0.0,83
201100011941,11,8,13,2245,3,1,1,1.0,3.0,83092,M,0.0,0.0,83
201100011942,11,8,15,230,3,2,1,1.0,1.0,83073,M,4337200.0,632200.0,83
201100011943,11,8,21,1845,1,1,1,1.0,3.0,83018,M,0.0,0.0,83
201100011944,11,1,16,1900,3,1,1,1.0,6.0,83007,M,0.0,0.0,83
201100011945,11,3,5,215,3,1,1,1.0,7.0,83149,M,0.0,0.0,83
201100011946,11,4,19,1945,5,2,1,1.0,6.0,83128,M,0.0,0.0,83
201100011947,11,9,11,1600,1,1,1,1.0,6.0,83002,M,0.0,0.0,83
201100011948,11,9,12,1945,1,1,1,1.0,6.0,83121,M,0.0,0.0,83
201100011949,11,9,28,1800,1,1,1,1.0,1.0,83121,M,0.0,0.0,83
201100011950,11,12,17,1145,1,1,1,1.0,2.0,83149,M,0.0,0.0,83
201100011951,11,12,29,1600,1,1,1,1.0,3.0,83015,M,0.0,0.0,83
201100011952,11,2,4,1745,2,2,1,1.0,1.0,83023,M,0.0,0.0,83
201100011953,11,2,8,1930,3,1,1,1.0,6.0,83023,M,0.0,0.0,83
201100011954,11,2,9,945,1,1,1,5.0,1.0,83023,M,0.0,0.0,83
201100011955,11,2,27,215,3,1,1,1.0,6.0,83023,M,0.0,0.0,83
201100011956,11,3,8,1600,1,1,1,1.0,7.0,83143,M,0.0,0.0,83
201100011957,11,3,12,1230,1,1,1,1.0,7.0,83143,M,0.0,0.0,83
201100011958,11,4,25,745,1,1,1,1.0,6.0,83023,M,0.0,0.0,83
201100011959,11,5,9,1600,1,1,1,1.0,7.0,83023,M,0.0,0.0,83
201100011960,11,5,10,1645,1,1,6,1.0,3.0,83023,M,0.0,0.0,83
201100011961,11,5,14,1230,1,1,1,1.0,2.0,83023,M,0.0,0.0,83
201100011962,11,5,15,915,1,1,1,1.0,3.0,83143,M,0.0,0.0,83
201100011963,11,6,9,1745,1,1,1,1.0,3.0,83023,M,0.0,0.0,83
201100011964,11,6,20,830,1,2,1,1.0,6.0,83023,M,4341200.0,606300.0,83
201100011965,11,6,20,2015,1,1,1,1.0,7.0,83023,M,4339500.0,609900.0,83
201100011966,11,6,22,1345,1,1,1,1.0,1.0,83023,M,0.0,0.0,83
201100011967,11,6,28,1500,1,1,1,1.0,1.0,83023,M,0.0,0.0,83
201100011968,11,7,1,930,2,1,1,1.0,5.0,83023,M,0.0,0.0,83
201100011969,11,7,5,730,1,1,1,1.0,2.0,83023,M,4341300.0,604400.0,83
201100011970,11,7,8,1700,1,1,1,1.0,1.0,83023,M,0.0,0.0,83
201100011971,11,8,3,1215,1,1,1,1.0,7.0,83023,M,4340200.0,604600.0,83
201100011972,11,8,25,1130,1,1,1,1.0,6.0,83023,M,4342400.0,599900.0,83
201100011973,11,9,23,900,1,2,1,1.0,3.0,83023,M,4341700.0,606900.0,83
201100011974,11,10,2,1145,1,1,1,1.0,7.0,83023,M,0.0,0.0,83
201100011975,11,10,7,745,1,2,1,1.0,3.0,83023,M,4341000.0,606400.0,83
201100011976,11,10,9,1530,1,1,1,1.0,3.0,83030,M,0.0,0.0,83
201100011977,11,11,15,900,1,1,1,1.0,1.0,83030,M,4337400.0,609100.0,83
201100011978,11,11,18,1600,1,1,1,1.0,3.0,83143,M,0.0,0.0,83
201100011979,11,12,5,2315,3,1,1,1.0,7.0,83143,M,4343000.0,607000.0,83
201100011980,11,12,19,1930,3,1,1,1.0,1.0,83023,M,0.0,0.0,83
201100011981,11,1,15,1415,1,2,1,1.0,7.0,83154,M,0.0,0.0,83
201100011982,11,1,30,1530,1,2,1,8.0,6.0,83012,M,0.0,0.0,83
201100011983,11,4,6,1715,1,2,1,1.0,5.0,83032,M,0.0,0.0,83
201100011984,11,5,8,1630,1,2,1,1.0,5.0,83032,M,0.0,0.0,83
201100011985,11,5,25,1915,1,1,1,1.0,1.0,83095,M,0.0,0.0,83
201100011986,11,6,11,1000,1,1,1,1.0,2.0,83032,M,0.0,0.0,83
201100011987,11,7,11,1030,1,1,1,1.0,1.0,83095,M,0.0,0.0,83
201100011988,11,7,25,1715,1,1,1,1.0,7.0,83032,M,0.0,0.0,83
201100011989,11,8,2,1715,1,1,1,1.0,3.0,83012,M,0.0,0.0,83
201100011990,11,10,26,1215,1,1,1,7.0,2.0,83012,M,0.0,0.0,83
201100011991,11,1,2,1630,1,2,1,1.0,6.0,83104,M,0.0,0.0,83
201100011992,11,1,7,1400,1,2,1,8.0,3.0,83150,M,0.0,0.0,83
201100011993,11,1,8,615,3,1,1,1.0,6.0,83146,M,0.0,0.0,83
201100011994,11,2,5,1430,1,1,1,1.0,5.0,83104,M,0.0,0.0,83
201100011995,11,5,21,1500,1,2,1,7.0,1.0,83150,M,0.0,0.0,83
201100011996,11,6,26,415,3,1,1,1.0,2.0,83006,M,0.0,0.0,83
201100011997,11,7,4,1600,1,1,1,2.0,1.0,83104,M,0.0,0.0,83
201100011998,11,8,3,2030,3,1,1,1.0,6.0,83150,M,0.0,0.0,83
201100011999,11,8,19,1415,1,2,1,1.0,1.0,83104,M,0.0,0.0,83
201100012000,11,8,25,2115,5,2,1,1.0,6.0,83113,M,0.0,0.0,83
201100012001,11,11,19,1000,1,2,1,1.0,2.0,83146,M,0.0,0.0,83
201100012002,11,1,7,1000,1,1,1,2.0,1.0,83064,M,0.0,0.0,83
201100012003,11,2,1,1545,1,1,1,1.0,1.0,83106,M,0.0,0.0,83
201100012004,11,3,25,2000,3,2,1,1.0,3.0,83077,M,0.0,0.0,83
201100012005,11,3,27,1800,3,1,1,2.0,7.0,83077,M,0.0,0.0,83
201100012006,11,4,2,1430,1,1,9,1.0,3.0,83108,M,0.0,0.0,83
201100012007,11,4,20,1100,1,2,9,1.0,3.0,83077,M,0.0,0.0,83
201100012008,11,5,11,1800,1,1,1,1.0,2.0,83108,M,0.0,0.0,83
201100012009,11,6,11,715,1,1,1,1.0,7.0,83064,M,0.0,0.0,83
201100012010,11,6,24,1415,1,1,1,1.0,1.0,83106,M,4332400.0,606800.0,83
201100012011,11,7,13,930,1,1,1,2.0,1.0,83106,M,0.0,0.0,83
201100012012,11,7,23,1700,1,2,1,1.0,5.0,83064,M,0.0,0.0,83
201100012013,11,8,15,1630,1,1,1,1.0,7.0,83077,M,4328300.0,591100.0,83
201100012014,11,8,25,1615,1,1,1,1.0,3.0,83111,M,0.0,0.0,83
201100012015,11,9,3,1100,1,1,1,3.0,7.0,83077,M,0.0,0.0,83
201100012016,11,9,5,2030,3,1,1,1.0,5.0,83108,M,0.0,0.0,83
201100012017,11,9,17,1315,1,1,1,1.0,6.0,83059,M,0.0,0.0,83
201100012018,11,9,25,1745,1,1,1,1.0,6.0,83077,M,4328300.0,595400.0,83
201100012019,11,12,4,1800,3,1,1,1.0,6.0,83108,M,4334600.0,596700.0,83
201100012020,11,12,4,845,3,1,1,1.0,3.0,83064,M,0.0,0.0,83
201100012021,11,1,14,615,3,1,1,1.0,6.0,83116,M,0.0,0.0,83
201100012022,11,1,14,1845,3,1,1,5.0,1.0,83087,M,0.0,0.0,83
201100012023,11,1,19,700,3,1,1,5.0,5.0,83110,M,0.0,0.0,83
201100012024,11,1,21,1915,3,1,1,1.0,3.0,83140,M,0.0,0.0,83
201100012025,11,1,22,700,1,1,1,1.0,6.0,83087,M,0.0,0.0,83
201100012026,11,2,7,1715,2,1,1,1.0,6.0,83087,M,0.0,0.0,83
201100012027,11,3,4,1445,1,1,1,1.0,1.0,83087,M,0.0,0.0,83
201100012028,11,3,27,2230,5,2,1,1.0,6.0,83021,M,4347800.0,595600.0,83
201100012029,11,4,1,1915,1,1,1,1.0,7.0,83110,M,4340100.0,588000.0,83
201100012030,11,5,30,1530,1,1,1,1.0,1.0,83087,M,0.0,0.0,83
201100012031,11,6,22,2245,3,1,3,1.0,3.0,83140,M,4341200.0,597500.0,83
201100012032,11,6,24,1330,1,1,1,1.0,2.0,83140,M,0.0,0.0,83