Num_Acc,an,mois,jour,hrmn,lum,agg,int,atm,col,com,gps,lat,long,dep
201100012033,11,7,6,1645,1,1,1,1.0,1.0,83140,M,4367100.0,566500.0,83
201100012034,11,8,10,2245,3,1,1,1.0,6.0,83097,M,0.0,0.0,83
201100012035,11,9,1,1415,1,1,1,1.0,1.0,83140,M,0.0,0.0,83
201100012036,11,9,28,2030,3,1,1,1.0,1.0,83140,M,0.0,0.0,83
201100012037,11,11,3,1115,1,1,1,2.0,1.0,83087,M,0.0,0.0,83
201100012038,11,11,24,1200,1,1,1,1.0,3.0,83097,M,0.0,0.0,83
201100012039,11,12,3,1000,1,1,1,8.0,1.0,83140,M,0.0,0.0,83
201100012040,11,12,25,700,2,1,1,1.0,6.0,83116,M,0.0,0.0,83
201100012041,11,12,30,1830,3,1,1,8.0,1.0,83140,M,0.0,0.0,83
201100012042,11,1,24,1015,1,1,1,1.0,5.0,83107,M,0.0,0.0,83
201100012043,11,6,29,2045,2,2,1,1.0,6.0,83107,M,0.0,0.0,83
201100012044,11,7,29,830,3,1,1,1.0,3.0,83107,M,0.0,0.0,83
201100012045,11,12,22,1800,5,1,1,1.0,1.0,83099,M,0.0,0.0,83
201100012046,11,1,15,2100,5,1,1,1.0,6.0,83068,M,4327000.0,656000.0,83
201100012047,11,2,1,700,2,1,1,1.0,3.0,83068,M,4329400.0,656300.0,83
201100012048,11,2,10,1545,1,1,1,1.0,2.0,83068,M,4325300.0,655200.0,83
201100012049,11,2,25,1945,3,1,1,1.0,1.0,83068,M,4325600.0,650800.0,83
201100012050,11,3,25,745,1,1,1,1.0,5.0,83068,M,4348000.0,683100.0,83
201100012051,11,4,20,1245,1,1,1,1.0,5.0,83068,M,4329100.0,661900.0,83
201100012052,11,4,21,1430,1,1,1,1.0,2.0,83042,M,4322300.0,650600.0,83
201100012053,11,4,22,1800,1,1,1,1.0,5.0,83042,M,4324000.0,652000.0,83
201100012054,11,4,25,2115,3,1,1,1.0,6.0,83079,M,4322000.0,650000.0,83
201100012055,11,4,29,1515,1,1,1,1.0,3.0,83068,M,4324300.0,660200.0,83
201100012056,11,5,4,1745,1,1,1,1.0,3.0,83068,M,4328700.0,660300.0,83
201100012057,11,5,13,2030,5,1,1,1.0,1.0,83068,M,4327200.0,656900.0,83
201100012058,11,6,2,2245,5,1,1,1.0,5.0,83068,M,4328500.0,658000.0,83
201100012059,11,6,13,1930,1,1,1,1.0,7.0,83042,M,4325800.0,658400.0,83
201100012060,11,6,14,2300,3,1,1,1.0,1.0,83042,M,0.0,0.0,83
201100012061,11,6,15,1715,1,1,1,1.0,3.0,83068,M,4327800.0,657500.0,83
201100012062,11,6,15,2015,1,1,1,1.0,1.0,83068,M,0.0,0.0,83
201100012063,11,6,22,15,3,1,1,1.0,5.0,83068,M,0.0,0.0,83
201100012064,11,7,14,1900,1,1,1,1.0,1.0,83068,M,4327600.0,651200.0,83
201100012065,11,7,14,2200,5,2,1,1.0,6.0,83042,M,0.0,0.0,83
201100012066,11,8,10,745,1,2,1,1.0,2.0,83068,M,0.0,0.0,83
201100012067,11,8,11,1630,1,2,1,1.0,1.0,83042,M,4326000.0,652600.0,83
201100012068,11,8,17,2330,4,1,1,1.0,1.0,83068,M,0.0,0.0,83
201100012069,11,8,18,245,3,1,1,1.0,6.0,83068,M,0.0,0.0,83
201100012070,11,8,20,1045,1,1,1,1.0,6.0,83068,M,0.0,0.0,83
201100012071,11,8,23,1615,1,1,1,1.0,3.0,83068,M,0.0,0.0,83
201100012072,11,8,24,2345,4,1,1,1.0,7.0,83068,M,0.0,0.0,83
201100012073,11,8,30,45,5,2,1,1.0,2.0,83063,M,0.0,0.0,83
201100012074,11,9,4,1115,1,1,6,2.0,6.0,83068,M,4327300.0,655100.0,83
201100012075,11,9,7,1200,1,1,1,1.0,3.0,83068,M,0.0,0.0,83
201100012076,11,9,8,1445,1,1,1,1.0,6.0,83079,M,0.0,0.0,83
201100012077,11,9,24,1730,1,1,1,1.0,1.0,83068,M,0.0,0.0,83
201100012078,11,9,24,1030,1,1,1,1.0,5.0,83042,M,0.0,0.0,83
201100012079,11,9,25,530,3,1,1,1.0,6.0,83042,M,4325600.0,655500.0,83
201100012080,11,10,6,100,3,1,1,1.0,7.0,83079,M,0.0,0.0,83
201100012081,11,11,1,115,3,1,1,1.0,1.0,83042,M,0.0,0.0,83
201100012082,11,11,7,1630,1,1,1,1.0,1.0,83079,M,4321300.0,645800.0,83
201100012083,11,11,25,100,5,1,6,1.0,7.0,83068,M,0.0,0.0,83
201100012084,11,11,25,1815,3,1,1,1.0,1.0,83068,M,0.0,0.0,83
201100012085,11,12,8,1745,5,1,1,1.0,3.0,83042,M,0.0,0.0,83
201100012086,11,12,25,600,3,1,1,1.0,7.0,83063,M,0.0,0.0,83
201100012087,11,1,23,1615,1,2,1,1.0,6.0,83085,M,0.0,0.0,83
201100012088,11,2,9,700,3,1,9,1.0,7.0,83086,M,0.0,0.0,83
201100012089,11,5,21,1145,1,1,1,1.0,3.0,83086,M,0.0,0.0,83
201100012090,11,6,23,1030,1,1,1,1.0,1.0,83001,M,0.0,0.0,83
201100012091,11,7,15,1615,1,1,1,1.0,5.0,83086,M,0.0,0.0,83
201100012092,11,8,17,1930,1,1,1,7.0,4.0,83008,M,0.0,0.0,83
201100012093,11,8,18,45,3,1,1,1.0,1.0,83086,M,0.0,0.0,83
201100012094,11,8,24,1130,1,1,1,1.0,1.0,83008,M,0.0,0.0,83
201100012095,11,9,21,715,1,1,1,1.0,3.0,83086,M,0.0,0.0,83
201100012096,11,10,31,1430,1,1,1,1.0,6.0,83086,M,0.0,0.0,83
201100012097,11,12,17,1415,1,1,1,1.0,4.0,83086,M,0.0,0.0,83
201100012098,11,12,21,1030,1,2,1,1.0,6.0,83086,M,0.0,0.0,83
201100012099,11,6,21,2345,5,2,1,1.0,6.0,83115,M,0.0,0.0,83
201100012100,11,7,25,230,5,2,1,1.0,6.0,83115,M,4332700.0,660500.0,83
201100012101,11,8,4,1430,1,1,1,1.0,3.0,83115,M,0.0,0.0,83
201100012102,11,8,7,1615,1,2,1,1.0,3.0,83115,M,0.0,0.0,83
201100012103,11,8,18,1300,1,2,6,1.0,3.0,83115,M,0.0,0.0,83
201100012104,11,9,5,1300,1,1,1,1.0,5.0,83115,M,4338600.0,658500.0,83
201100012105,11,9,14,2330,5,2,1,1.0,3.0,83115,M,0.0,0.0,83
201100012106,11,10,14,1945,5,2,1,1.0,1.0,83115,M,0.0,0.0,83
201100012107,11,10,22,1915,5,2,1,1.0,6.0,83115,M,0.0,0.0,83
201100012108,11,4,2,1030,1,1,1,1.0,1.0,83101,M,4329000.0,663800.0,83
201100012109,11,4,9,2015,3,1,1,1.0,3.0,83065,M,4322400.0,657100.0,83
201100012110,11,5,21,1815,1,1,1,1.0,2.0,83065,M,4326400.0,661900.0,83
201100012111,11,6,10,1015,1,1,1,1.0,1.0,83065,M,0.0,0.0,83
201100012112,11,6,13,1930,1,1,1,1.0,6.0,83119,M,4339600.0,609700.0,83
201100012113,11,6,17,1715,1,2,1,1.0,1.0,83101,M,4321400.0,661600.0,83
201100012114,11,7,8,1215,1,1,1,1.0,3.0,83065,M,0.0,0.0,83
201100012115,11,7,14,1930,1,1,1,1.0,1.0,83101,M,0.0,0.0,83
201100012116,11,7,15,1945,1,1,1,1.0,3.0,83065,M,4342600.0,600800.0,83
201100012117,11,7,18,500,3,1,1,1.0,1.0,83065,M,4325700.0,659100.0,83
201100012118,11,7,29,1430,1,1,1,1.0,6.0,83065,M,0.0,0.0,83
201100012119,11,8,10,1700,1,1,1,1.0,3.0,83065,M,4325800.0,662000.0,83
201100012120,11,8,16,2145,5,2,9,1.0,1.0,83119,M,0.0,0.0,83
201100012121,11,9,14,2215,5,1,1,1.0,3.0,83065,M,4325800.0,661000.0,83
201100012122,11,10,1,630,3,1,1,1.0,6.0,83065,M,4322000.0,658800.0,83
201100012123,11,2,11,1900,3,1,1,1.0,1.0,83053,M,0.0,0.0,83
201100012124,11,2,16,1245,1,1,1,2.0,1.0,83127,M,4328500.0,582200.0,83
201100012125,11,3,11,2145,3,1,1,1.0,6.0,83016,M,0.0,0.0,83
201100012126,11,4,8,1500,1,1,1,1.0,6.0,83016,M,0.0,0.0,83
201100012127,11,4,8,1815,1,1,1,1.0,1.0,83016,M,0.0,0.0,83
201100012128,11,4,14,1545,1,1,1,1.0,2.0,83035,M,0.0,0.0,83
201100012129,11,4,24,1815,1,1,1,1.0,3.0,83035,M,4324000.0,580300.0,83
201100012130,11,5,11,1215,1,2,6,1.0,3.0,83053,M,0.0,0.0,83
201100012131,11,5,14,2115,3,1,1,1.0,1.0,83053,M,0.0,0.0,83
201100012132,11,7,12,2245,3,1,1,1.0,1.0,83035,M,0.0,0.0,83
201100012133,11,7,31,1030,1,2,1,1.0,2.0,83016,M,0.0,0.0,83
201100012134,11,9,10,1545,1,1,1,1.0,5.0,83035,M,0.0,0.0,83
201100012135,11,9,17,1500,1,1,9,1.0,3.0,83035,M,0.0,0.0,83
201100012136,11,11,16,945,1,1,1,1.0,3.0,83016,M,0.0,0.0,83
201100012137,11,12,4,1130,1,1,1,1.0,1.0,83016,M,0.0,0.0,83
201100012138,11,1,21,800,1,1,1,9.0,1.0,83047,M,0.0,0.0,83
201100012139,11,2,11,2130,3,1,1,1.0,7.0,83047,M,4885700.0,234100.0,83
201100012140,11,4,18,2245,5,2,1,1.0,1.0,83047,M,0.0,0.0,83
201100012141,11,5,12,1615,1,2,1,1.0,6.0,83047,M,0.0,0.0,83
201100012142,11,5,21,2330,5,2,1,1.0,7.0,83047,M,0.0,0.0,83
201100012143,11,6,22,1445,1,1,1,1.0,1.0,83047,M,0.0,0.0,83
201100012144,11,7,23,2215,3,1,1,1.0,3.0,83047,M,0.0,0.0,83
201100012145,11,8,5,1815,1,1,1,1.0,5.0,83047,M,0.0,0.0,83
201100012146,11,8,20,1845,1,2,3,1.0,1.0,83047,M,0.0,0.0,83
201100012147,11,9,13,845,1,1,1,1.0,1.0,83047,M,0.0,0.0,83
201100012148,11,9,29,1945,3,1,3,1.0,3.0,83047,M,0.0,0.0,83
201100012149,11,5,31,1100,1,2,1,1.0,1.0,83071,M,0.0,0.0,83
201100012150,11,8,8,1215,1,1,1,1.0,3.0,83071,M,0.0,0.0,83
201100012151,11,12,11,430,3,1,1,1.0,6.0,83071,M,4324800.0,645700.0,83
201100012152,11,1,7,745,3,1,1,2.0,1.0,83112,M,0.0,0.0,83
201100012153,11,1,12,2045,3,1,1,1.0,6.0,83027,M,0.0,0.0,83
201100012154,11,3,6,1545,1,2,1,1.0,5.0,83112,M,0.0,0.0,83
201100012155,11,3,9,2145,3,1,1,1.0,6.0,83027,M,0.0,0.0,83
201100012156,11,6,19,145,3,1,1,1.0,6.0,83112,M,0.0,0.0,83
201100012157,11,7,20,1630,1,2,1,1.0,6.0,83112,M,0.0,0.0,83
201100012158,11,8,7,1200,1,2,1,1.0,6.0,83112,M,0.0,0.0,83
201100012159,11,8,27,1745,1,1,1,1.0,1.0,83027,M,0.0,0.0,83
201100012160,11,9,26,1430,1,2,1,1.0,6.0,83027,M,0.0,0.0,83
201100012161,11,1,27,2215,3,1,1,1.0,1.0,84132,M,0.0,0.0,84
201100012162,11,2,25,1600,1,1,1,1.0,4.0,84034,M,4389300.0,493100.0,84
201100012163,11,4,6,1500,1,1,1,1.0,5.0,84034,M,4388600.0,495700.0,84
201100012164,11,5,27,1615,1,1,1,1.0,3.0,84119,M,0.0,0.0,84
201100012165,11,5,31,2100,3,1,1,1.0,3.0,84132,M,4392600.0,498500.0,84
201100012166,11,6,9,530,1,2,1,1.0,1.0,84132,M,0.0,0.0,84
201100012167,11,6,28,845,1,1,1,1.0,1.0,84119,M,0.0,0.0,84
201100012168,11,7,24,1130,3,1,1,1.0,7.0,84132,M,4388500.0,504100.0,84
201100012169,11,8,5,845,1,2,1,1.0,6.0,84132,M,0.0,0.0,84
201100012170,11,8,17,1830,1,2,1,1.0,1.0,84055,M,0.0,0.0,84
201100012171,11,9,6,1745,1,1,1,1.0,1.0,84034,M,0.0,0.0,84
201100012172,11,9,30,430,3,1,1,1.0,7.0,84034,M,0.0,0.0,84
201100012173,11,10,1,1315,1,1,1,1.0,1.0,84132,M,0.0,0.0,84
201100012174,11,10,28,1645,1,1,1,1.0,1.0,84132,M,4387400.0,502800.0,84
201100012175,11,11,19,45,3,1,1,1.0,6.0,84034,M,0.0,0.0,84
201100012176,11,2,19,1130,1,1,1,1.0,3.0,84054,M,0.0,0.0,84
201100012177,11,3,11,2145,5,2,1,1.0,6.0,84054,M,0.0,0.0,84
201100012178,11,4,1,2115,5,2,1,1.0,3.0,84054,M,0.0,0.0,84
201100012179,11,4,8,1845,1,2,6,1.0,6.0,84054,M,0.0,0.0,84
201100012180,11,4,14,1545,1,2,1,1.0,6.0,84054,M,0.0,0.0,84
201100012181,11,4,29,1115,1,2,6,1.0,3.0,84054,M,4393600.0,506500.0,84
201100012182,11,5,12,1345,1,2,1,1.0,3.0,84054,M,4393500.0,505700.0,84
201100012183,11,7,8,1600,1,2,1,1.0,3.0,84054,M,0.0,0.0,84
201100012184,11,7,19,815,1,1,1,1.0,6.0,84054,M,4391300.0,503300.0,84
201100012185,11,7,28,1300,1,1,1,1.0,6.0,84054,M,4389800.0,504500.0,84
201100012186,11,8,21,1630,3,2,9,1.0,7.0,84054,M,0.0,0.0,84
201100012187,11,9,18,1500,3,1,1,1.0,7.0,84054,M,4391300.0,503000.0,84
201100012188,11,10,2,800,3,1,1,1.0,7.0,84054,M,0.0,0.0,84
201100012189,11,12,6,1845,5,2,1,1.0,1.0,84054,M,4393700.0,506600.0,84
201100012190,11,2,2,2100,4,2,1,1.0,3.0,84141,M,0.0,0.0,84
201100012191,11,4,21,1715,1,2,1,1.0,3.0,84092,M,0.0,0.0,84
201100012192,11,5,14,1530,1,1,1,2.0,2.0,84092,M,0.0,0.0,84
201100012193,11,5,28,1130,1,2,1,1.0,3.0,84092,M,0.0,0.0,84
201100012194,11,6,30,1400,1,2,1,1.0,3.0,84092,M,0.0,0.0,84
201100012195,11,8,1,1515,1,2,9,1.0,3.0,84092,M,0.0,0.0,84
201100012196,11,8,4,1530,1,1,1,1.0,3.0,84092,M,0.0,0.0,84
201100012197,11,8,14,1215,1,1,1,1.0,1.0,84092,M,0.0,0.0,84
201100012198,11,9,1,1715,1,1,1,1.0,3.0,84092,M,0.0,0.0,84
201100012199,11,10,9,2030,5,1,1,6.0,6.0,84092,M,0.0,0.0,84
201100012200,11,10,3,1215,1,2,1,1.0,3.0,84092,M,0.0,0.0,84
201100012201,11,10,14,2000,5,2,1,1.0,2.0,84092,M,0.0,0.0,84
201100012202,11,10,21,1615,1,1,1,1.0,5.0,84092,M,0.0,0.0,84
201100012203,11,12,11,1745,5,1,1,1.0,4.0,84092,M,0.0,0.0,84
201100012204,11,12,16,1630,1,2,1,2.0,3.0,84092,M,0.0,0.0,84
201100012205,11,12,28,2330,5,2,1,1.0,1.0,84141,M,0.0,0.0,84
201100012206,11,3,29,1330,1,2,1,1.0,7.0,84129,M,4403800.0,485900.0,84
201100012207,11,4,7,2245,3,2,1,1.0,2.0,84129,M,4402500.0,488500.0,84
201100012208,11,4,8,1430,1,1,1,1.0,7.0,84129,M,4399700.0,492000.0,84
201100012209,11,5,6,1215,1,2,1,1.0,3.0,84129,M,4400700.0,488000.0,84
201100012210,11,9,9,900,1,2,1,1.0,2.0,84129,M,4402600.0,487200.0,84
201100012211,11,12,17,2130,3,2,1,1.0,2.0,84129,M,4402900.0,487200.0,84
201100012212,11,1,22,1945,3,1,1,1.0,5.0,84003,M,4390200.0,538300.0,84
201100012213,11,2,24,1845,3,1,1,1.0,5.0,84003,M,4387700.0,532700.0,84
201100012214,11,2,25,1830,3,1,1,1.0,6.0,84003,M,4384800.0,541700.0,84
201100012215,11,3,11,2045,3,1,1,1.0,6.0,84105,M,0.0,0.0,84
201100012216,11,3,16,2145,5,2,1,1.0,7.0,84003,M,0.0,0.0,84
201100012217,11,6,9,1815,1,2,1,1.0,6.0,84003,M,4388000.0,540000.0,84
201100012218,11,7,22,1130,1,1,1,1.0,2.0,84003,M,4387000.0,546000.0,84
201100012219,11,8,21,415,3,1,1,1.0,7.0,84144,M,4389000.0,552800.0,84
201100012220,11,9,9,930,1,2,1,1.0,6.0,84112,M,4386700.0,551900.0,84
201100012221,11,11,18,1130,1,1,2,1.0,3.0,84103,M,4392800.0,545100.0,84
201100012222,11,1,15,1900,2,1,1,1.0,1.0,84065,M,4375000.0,530900.0,84
201100012223,11,2,27,1930,3,1,1,1.0,1.0,84140,M,4376000.0,540500.0,84
201100012224,11,4,3,1930,1,1,1,1.0,1.0,84074,M,4375700.0,518100.0,84
201100012225,11,4,10,130,5,2,1,1.0,6.0,84068,M,4377200.0,537400.0,84
201100012226,11,7,11,1730,1,1,1,1.0,1.0,84026,M,4372900.0,538900.0,84
201100012227,11,4,5,745,1,1,1,1.0,6.0,84073,M,4383700.0,519500.0,84
201100012228,11,4,10,2315,3,1,1,1.0,3.0,84050,M,0.0,0.0,84
201100012229,11,4,22,145,3,1,1,1.0,6.0,84020,M,4385600.0,527900.0,84
201100012230,11,6,5,2200,3,1,1,1.0,1.0,84020,M,4386600.0,527800.0,84
201100012231,11,8,30,2230,3,1,1,1.0,7.0,84051,M,0.0,0.0,84
201100012232,11,12,15,1130,1,1,1,1.0,1.0,84051,M,4386200.0,523400.0,84
201100012233,11,7,23,1215,1,2,1,1.0,6.0,84009,M,0.0,0.0,84
201100012234,11,8,6,2215,3,1,1,1.0,6.0,84089,M,0.0,0.0,84
201100012235,11,8,14,1100,1,1,1,1.0,1.0,84151,M,0.0,0.0,84
201100012236,11,8,14,1645,1,1,1,1.0,7.0,84084,M,0.0,0.0,84
201100012237,11,8,31,1145,1,2,6,1.0,6.0,84089,M,0.0,0.0,84
201100012238,11,9,1,1745,1,1,1,1.0,3.0,84089,M,0.0,0.0,84
201100012239,11,9,15,1815,1,2,1,7.0,6.0,84089,M,0.0,0.0,84
201100012240,11,10,22,1030,1,1,1,1.0,1.0,84009,M,0.0,0.0,84
201100012241,11,10,25,1630,1,1,1,1.0,6.0,84089,M,0.0,0.0,84
201100012242,11,12,8,1000,1,1,1,1.0,1.0,84089,M,0.0,0.0,84
201100012243,11,12,13,1915,3,1,1,1.0,3.0,84084,M,0.0,0.0,84
201100012244,11,12,20,730,2,2,1,4.0,7.0,84089,M,0.0,0.0,84
201100012245,11,1,22,1045,1,1,1,1.0,7.0,84016,M,0.0,0.0,84
201100012246,11,2,8,1630,1,1,1,1.0,1.0,84016,M,0.0,0.0,84
201100012247,11,3,12,1430,5,2,1,2.0,6.0,84043,M,0.0,0.0,84
201100012248,11,5,5,1830,1,2,1,1.0,1.0,84016,M,0.0,0.0,84
201100012249,11,5,12,1515,1,1,1,1.0,7.0,84043,M,0.0,0.0,84
201100012250,11,7,2,630,1,1,1,1.0,6.0,84043,M,0.0,0.0,84
201100012251,11,7,5,1000,1,1,1,1.0,3.0,84016,M,0.0,0.0,84
201100012252,11,8,6,900,1,1,1,1.0,6.0,84016,M,0.0,0.0,84
201100012253,11,9,16,2030,2,1,1,1.0,3.0,84016,M,0.0,0.0,84
201100012254,11,12,4,1,5,1,6,1.0,2.0,84043,M,0.0,0.0,84
201100012255,11,12,30,1700,1,1,1,8.0,6.0,84043,M,0.0,0.0,84
201100012256,11,12,30,1815,3,1,1,8.0,6.0,84016,M,0.0,0.0,84
201100012257,11,12,30,2145,3,1,1,1.0,7.0,84043,M,0.0,0.0,84
201100012258,11,3,2,2215,3,1,1,1.0,7.0,84115,M,0.0,0.0,84
201100012259,11,3,13,2300,3,1,1,2.0,6.0,84041,M,0.0,0.0,84
201100012260,11,4,7,1700,1,1,1,7.0,6.0,84017,M,4417900.0,527600.0,84
201100012261,11,4,16,1815,1,1,1,1.0,1.0,84015,M,4417800.0,522100.0,84
201100012262,11,5,28,1200,1,1,1,1.0,6.0,84015,M,4417600.0,520200.0,84
201100012263,11,5,31,745,1,1,1,2.0,6.0,84082,M,4405700.0,520000.0,84
201100012264,11,6,8,1045,1,1,1,9.0,6.0,84082,M,0.0,0.0,84
201100012265,11,5,30,1730,1,1,1,1.0,3.0,84069,M,4417200.0,512600.0,84
201100012266,11,6,11,1615,1,1,1,1.0,7.0,84069,M,4417500.0,513300.0,84
201100012267,11,7,3,1500,1,2,1,1.0,3.0,84017,M,4412900.0,518300.0,84
201100012268,11,7,11,1930,1,1,1,1.0,6.0,84077,M,0.0,0.0,84
201100012269,11,7,12,500,2,1,1,1.0,6.0,84123,M,0.0,0.0,84
201100012270,11,8,11,1815,1,1,1,1.0,3.0,84017,M,0.0,0.0,84
201100012271,11,8,13,1145,1,1,1,1.0,7.0,84017,M,0.0,0.0,84
201100012272,11,8,13,1530,1,1,1,1.0,3.0,84079,M,0.0,0.0,84
201100012273,11,10,1,1330,1,2,1,1.0,6.0,84123,M,0.0,0.0,84
201100012274,11,9,30,1130,1,1,1,1.0,3.0,84107,M,0.0,0.0,84
201100012275,11,11,11,1730,1,1,1,1.0,7.0,84148,M,4406000.0,524200.0,84
201100012276,11,1,7,2345,5,2,1,1.0,6.0,84088,M,0.0,0.0,84
201100012277,11,1,15,1345,1,1,1,1.0,5.0,84142,M,0.0,0.0,84
201100012278,11,1,30,545,3,1,1,1.0,6.0,84088,M,4397000.0,499400.0,84
201100012279,11,4,5,745,1,2,1,1.0,1.0,84108,M,4401000.0,511300.0,84
201100012280,11,6,29,1545,1,1,1,1.0,6.0,84142,M,4397500.0,503700.0,84
201100012281,11,8,4,1645,1,2,1,1.0,7.0,84088,M,4400300.0,505400.0,84
201100012282,11,9,7,500,3,1,1,1.0,6.0,84088,M,4402100.0,508100.0,84
201100012283,11,1,2,915,1,1,1,1.0,7.0,84091,M,0.0,0.0,84
201100012284,11,3,5,1945,3,1,1,1.0,5.0,84134,M,0.0,0.0,84
201100012285,11,3,14,1630,1,1,4,2.0,1.0,84029,M,0.0,0.0,84
201100012286,11,5,7,845,1,1,1,1.0,3.0,84106,M,0.0,0.0,84
201100012287,11,5,30,1400,1,1,1,1.0,6.0,84091,M,4427800.0,427500.0,84
201100012288,11,7,9,400,3,1,1,1.0,2.0,84091,M,0.0,0.0,84
201100012289,11,8,9,700,1,1,1,1.0,7.0,84083,M,0.0,0.0,84
201100012290,11,9,24,230,3,1,1,1.0,1.0,84083,M,0.0,0.0,84
201100012291,11,10,1,1930,1,1,1,1.0,1.0,84083,M,0.0,0.0,84
201100012292,11,11,17,1315,1,1,3,1.0,3.0,84028,M,0.0,0.0,84
201100012293,11,10,16,2300,3,1,1,2.0,6.0,84091,M,0.0,0.0,84
201100012294,11,10,29,1830,1,2,1,1.0,6.0,84091,M,0.0,0.0,84
201100012295,11,12,20,1600,1,1,1,1.0,7.0,84091,M,0.0,0.0,84
201100012296,11,1,3,715,3,1,1,1.0,5.0,84067,M,4407500.0,500400.0,84
201100012297,11,3,3,1730,1,1,1,1.0,7.0,84122,M,0.0,0.0,84
201100012298,11,4,3,1130,1,1,1,1.0,1.0,84130,M,0.0,0.0,84
201100012299,11,5,1,2245,3,1,1,1.0,1.0,84122,M,0.0,0.0,84
201100012300,11,5,30,1900,1,1,1,1.0,2.0,84004,M,0.0,0.0,84
201100012301,11,6,11,1700,1,1,1,1.0,6.0,84072,M,0.0,0.0,84
201100012302,11,6,14,900,1,1,1,1.0,1.0,84067,M,0.0,0.0,84
201100012303,11,7,24,1745,1,1,2,1.0,1.0,84030,M,0.0,0.0,84
201100012304,11,8,15,1145,1,1,1,1.0,3.0,84012,M,0.0,0.0,84
201100012305,11,9,3,2045,3,1,1,1.0,1.0,84072,M,0.0,0.0,84
201100012306,11,10,11,1030,1,1,1,1.0,6.0,84067,M,0.0,0.0,84
201100012307,11,11,2,2130,5,2,1,2.0,1.0,84030,M,0.0,0.0,84
201100012308,11,12,2,2030,3,1,1,2.0,1.0,84072,M,4405600.0,516300.0,84
201100012309,11,3,3,1600,1,1,1,1.0,7.0,84078,M,4422700.0,471700.0,84
201100012310,11,3,9,745,1,2,6,1.0,1.0,84019,M,4429100.0,474500.0,84
201100012311,11,3,24,1915,2,2,4,1.0,6.0,84019,M,0.0,0.0,84
201100012312,11,4,29,2215,3,1,1,1.0,1.0,84064,M,0.0,0.0,84
201100012313,11,7,6,1230,1,2,2,1.0,3.0,84019,M,4429200.0,475800.0,84
201100012314,11,7,8,800,1,1,1,1.0,3.0,84019,M,4429000.0,472800.0,84
201100012315,11,7,29,1830,1,2,1,1.0,5.0,84063,M,0.0,0.0,84
201100012316,11,10,14,1730,1,2,1,1.0,6.0,84019,M,0.0,0.0,84
201100012317,11,12,9,1230,1,2,1,1.0,6.0,84019,M,0.0,0.0,84
201100012318,11,2,21,1630,1,1,1,1.0,3.0,84098,M,0.0,0.0,84
201100012319,11,3,7,1245,1,1,1,1.0,2.0,84104,M,0.0,0.0,84
201100012320,11,6,16,900,1,1,1,1.0,2.0,84137,M,0.0,0.0,84
201100012321,11,6,17,1500,1,1,1,1.0,3.0,84096,M,0.0,0.0,84
201100012322,11,7,4,1800,1,1,3,2.0,3.0,84096,M,0.0,0.0,84
201100012323,11,7,23,1800,1,2,1,1.0,6.0,84137,M,0.0,0.0,84
201100012324,11,7,27,1500,1,2,1,9.0,7.0,84137,M,0.0,0.0,84
201100012325,11,8,12,1900,1,2,1,1.0,6.0,84137,M,0.0,0.0,84
201100012326,11,8,23,1400,1,2,1,1.0,3.0,84137,M,0.0,0.0,84
201100012327,11,9,6,730,1,1,1,1.0,3.0,84094,M,0.0,0.0,84
201100012328,11,9,14,1730,1,2,1,1.0,6.0,84137,M,0.0,0.0,84
201100012329,11,10,22,400,3,1,1,1.0,7.0,84096,M,,,84
201100012330,11,10,22,900,1,1,1,1.0,6.0,84008,M,0.0,0.0,84
201100012331,11,12,2,2000,3,2,1,8.0,1.0,84098,M,0.0,0.0,84
201100012332,11,12,16,1600,1,2,1,1.0,6.0,84137,M,0.0,0.0,84
201100012333,11,12,20,915,1,1,1,2.0,7.0,84022,M,0.0,0.0,84
201100012334,11,12,31,1245,1,2,1,1.0,7.0,84138,M,0.0,0.0,84
201100012335,11,1,14,2130,3,1,1,1.0,7.0,84138,M,0.0,0.0,84
201100012336,11,1,15,345,3,1,1,1.0,7.0,84150,M,0.0,0.0,84
201100012337,11,1,21,1530,1,2,1,1.0,6.0,84138,M,0.0,0.0,84
201100012338,11,3,19,45,5,2,1,1.0,7.0,84138,M,4438900.0,498300.0,84
201100012339,11,5,11,1730,1,1,1,1.0,7.0,84138,M,0.0,0.0,84
201100012340,11,6,10,1730,1,1,1,1.0,1.0,84138,M,0.0,0.0,84
201100012341,11,7,30,15,3,1,1,1.0,6.0,84138,M,0.0,0.0,84
201100012342,11,8,8,1700,1,2,1,1.0,1.0,84053,M,0.0,0.0,84
201100012343,11,8,27,630,5,2,1,1.0,6.0,84138,M,0.0,0.0,84
201100012344,11,10,14,630,3,1,1,1.0,7.0,84138,M,0.0,0.0,84
201100012345,11,11,10,845,1,1,1,1.0,6.0,84138,M,0.0,0.0,84
201100012346,11,12,17,2015,3,1,1,1.0,5.0,84138,M,0.0,0.0,84
201100012347,11,1,31,915,1,1,1,1.0,1.0,34057,M,4364879.0,392135.0,34
201100012348,11,2,3,800,1,2,1,1.0,3.0,34057,M,4363622.0,391724.0,34
201100012349,11,3,26,800,1,2,1,8.0,1.0,34057,M,4363276.0,391140.0,34
201100012350,11,4,5,1720,1,1,1,1.0,1.0,34090,M,4365958.0,392722.0,34
201100012351,11,6,24,1545,1,1,1,1.0,7.0,34057,M,4365000.0,389900.0,34
201100012352,11,7,27,1745,1,2,1,1.0,1.0,34057,M,4363451.0,391219.0,34
201100012353,11,9,2,1215,1,2,1,1.0,1.0,34057,M,4363070.0,390932.0,34
201100012354,11,9,23,1815,1,2,1,1.0,3.0,34057,M,4363600.0,391200.0,34
201100012355,11,12,31,1400,1,1,1,6.0,1.0,34057,M,4364800.0,389400.0,34
201100012356,11,1,24,1230,1,2,1,1.0,6.0,34058,M,4367629.0,398267.0,34
201100012357,11,2,8,900,1,2,1,1.0,3.0,34327,M,4365390.0,396648.0,34
201100012358,11,2,11,1945,5,1,3,1.0,5.0,34327,M,4365898.0,398085.0,34
201100012359,11,8,1,1500,1,1,1,1.0,3.0,34327,M,4365219.0,396123.0,34