Num_Acc,an,mois,jour,hrmn,lum,agg,int,atm,col,com,gps,lat,long,dep
201100012360,11,10,11,1215,1,2,1,1.0,6.0,34022,M,4366200.0,400600.0,34
201100012361,11,10,11,1715,1,2,1,1.0,6.0,34058,M,4368400.0,398700.0,34
201100012362,11,10,15,200,3,1,1,1.0,6.0,34058,M,4369600.0,400800.0,34
201100012363,11,10,23,1700,1,1,1,8.0,1.0,34249,M,4372067.0,395221.0,34
201100012364,11,11,16,1515,1,1,1,1.0,1.0,34058,M,0.0,0.0,34
201100012365,11,11,25,1245,1,1,1,1.0,1.0,34227,M,4372400.0,403400.0,34
201100012366,11,12,17,1115,1,2,1,1.0,4.0,34327,M,4365800.0,397200.0,34
201100012367,11,5,1,1800,1,1,1,1.0,6.0,34152,M,4378800.0,375800.0,34
201100012368,11,7,6,1345,1,1,1,1.0,1.0,34174,M,4394818.0,376844.0,34
201100012369,11,8,26,1445,1,1,1,1.0,3.0,34111,M,4395000.0,368700.0,34
201100012370,11,10,29,2100,3,1,1,9.0,6.0,34174,M,4396300.0,383100.0,34
201100012371,11,11,1,1730,2,1,1,2.0,1.0,34111,M,4394300.0,369200.0,34
201100012372,11,11,8,915,1,1,1,1.0,6.0,34111,M,4395200.0,368400.0,34
201100012373,11,2,8,1030,1,2,1,8.0,6.0,34344,M,4355889.0,408558.0,34
201100012374,11,2,18,1715,1,2,1,1.0,6.0,34344,M,4356034.0,408060.0,34
201100012375,11,2,24,2000,3,1,1,1.0,3.0,34344,M,4355720.0,403763.0,34
201100012376,11,6,3,1800,1,2,1,1.0,2.0,34344,M,0.0,0.0,34
201100012377,11,6,13,1515,1,1,1,1.0,3.0,34344,M,0.0,0.0,34
201100012378,11,7,1,300,5,2,1,1.0,6.0,34344,M,4356292.0,409449.0,34
201100012379,11,7,13,1830,1,1,1,1.0,2.0,34344,M,4356683.0,406029.0,34
201100012380,11,8,2,1515,1,2,9,1.0,3.0,34344,M,4357054.0,410304.0,34
201100012381,11,9,8,945,1,2,1,1.0,6.0,34344,M,4355888.0,408560.0,34
201100012382,11,9,25,1800,1,2,1,1.0,1.0,34344,M,0.0,0.0,34
201100012383,11,10,2,1315,1,2,1,1.0,1.0,34344,M,4393700.0,414200.0,34
201100012384,11,1,4,1215,1,2,3,8.0,3.0,34145,M,4367982.0,413482.0,34
201100012385,11,2,23,1615,1,1,1,1.0,6.0,34146,M,4369146.0,405694.0,34
201100012386,11,2,27,1615,1,1,1,1.0,1.0,34145,M,4370768.0,413225.0,34
201100012387,11,3,9,1545,1,2,1,7.0,2.0,34145,M,4367734.0,412066.0,34
201100012388,11,3,12,1130,1,2,1,1.0,3.0,34145,M,4367747.0,412185.0,34
201100012389,11,3,31,1145,1,2,1,1.0,6.0,34145,M,4367234.0,413046.0,34
201100012390,11,4,6,1645,1,2,1,1.0,2.0,34145,M,4367733.0,413069.0,34
201100012391,11,4,11,215,3,1,1,1.0,6.0,34145,M,4365702.0,413607.0,34
201100012392,11,4,5,845,1,2,1,1.0,6.0,34145,M,4367291.0,413141.0,34
201100012393,11,4,16,2230,5,2,1,1.0,6.0,34288,M,4373127.0,410568.0,34
201100012394,11,4,17,1920,1,2,1,1.0,1.0,34145,M,4367900.0,413000.0,34
201100012395,11,5,28,300,3,1,1,1.0,6.0,34296,M,4376800.0,405300.0,34
201100012396,11,6,9,1030,1,2,1,1.0,6.0,34145,M,0.0,0.0,34
201100012397,11,6,25,1000,1,1,1,1.0,6.0,34321,M,4367800.0,405700.0,34
201100012398,11,6,29,30,5,2,1,1.0,1.0,34033,M,4376100.0,407700.0,34
201100012399,11,6,24,1515,1,2,1,1.0,6.0,34145,M,0.0,0.0,34
201100012400,11,7,6,1600,1,2,1,1.0,3.0,34145,M,4367300.0,412300.0,34
201100012401,11,7,24,230,3,1,1,1.0,6.0,34280,M,4365104.0,411609.0,34
201100012402,11,7,29,1715,1,1,1,1.0,3.0,34151,M,4366617.0,415937.0,34
201100012403,11,8,7,1645,1,1,1,1.0,5.0,34033,M,0.0,0.0,34
201100012404,11,8,11,1715,1,1,1,1.0,6.0,34330,M,4317100.0,416300.0,34
201100012405,11,9,21,1200,1,1,1,1.0,3.0,34151,M,0.0,0.0,34
201100012406,11,10,1,230,3,1,1,1.0,7.0,34145,M,0.0,0.0,34
201100012407,11,10,7,1445,1,1,1,1.0,7.0,34151,M,4303000.0,425200.0,34
201100012408,11,10,7,2245,5,2,1,1.0,6.0,34272,M,0.0,0.0,34
201100012409,11,12,16,1700,2,1,1,6.0,3.0,34321,M,4367100.0,406799.0,34
201100012410,11,5,23,645,2,1,1,7.0,2.0,34176,M,4364000.0,404900.0,34
201100012411,11,8,15,1045,1,1,1,1.0,6.0,34240,M,0.0,0.0,34
201100012412,11,12,28,800,2,1,3,1.0,3.0,34050,M,4364100.0,405999.0,34
201100012413,11,2,9,2030,3,1,1,1.0,6.0,34152,M,4375799.0,375092.0,34
201100012414,11,3,13,2000,3,1,1,3.0,1.0,34297,M,4382940.0,390768.0,34
201100012415,11,6,26,300,3,1,9,1.0,6.0,34242,M,0.0,0.0,34
201100012416,11,7,15,2315,3,1,1,1.0,6.0,34322,M,4378364.0,387275.0,34
201100012417,11,10,15,1015,1,1,1,1.0,1.0,34314,M,4375100.0,386100.0,34
201100012418,11,11,9,630,3,1,1,2.0,1.0,34314,M,4374100.0,386900.0,34
201100012419,11,12,18,2115,3,1,1,1.0,6.0,34322,M,4380700.0,388000.0,34
201100012420,11,3,9,315,3,1,1,1.0,6.0,34144,M,4372451.0,314775.0,34
201100012421,11,3,20,500,3,1,1,1.0,7.0,34252,M,4365554.0,310991.0,34
201100012422,11,3,22,1730,1,1,9,1.0,7.0,34312,M,4364874.0,311525.0,34
201100012423,11,4,4,1530,1,1,1,1.0,3.0,34126,M,4360933.0,386682.0,34
201100012424,11,4,25,1700,1,1,1,3.0,3.0,34308,M,0.0,0.0,34
201100012425,11,5,17,1930,1,2,1,1.0,6.0,34119,M,0.0,0.0,34
201100012426,11,5,18,1530,1,1,1,1.0,3.0,34119,M,4358758.0,312276.0,34
201100012427,11,6,28,1200,1,2,1,1.0,6.0,34257,M,0.0,0.0,34
201100012428,11,7,3,1345,1,1,1,1.0,1.0,34055,M,4366674.0,298611.0,34
201100012429,11,8,19,800,1,1,1,1.0,6.0,34096,M,0.0,0.0,34
201100012430,11,10,9,30,3,1,1,1.0,6.0,34096,M,4395100.0,328400.0,34
201100012431,11,12,7,1730,5,2,1,2.0,6.0,34312,M,4365000.0,314000.0,34
201100012432,11,1,7,1915,3,1,1,1.0,1.0,34183,M,4327605.0,308076.0,34
201100012433,11,2,13,1815,3,2,1,1.0,7.0,34183,M,0.0,0.0,34
201100012434,11,4,1,900,1,1,1,1.0,1.0,34052,M,4332210.0,306303.0,34
201100012435,11,4,23,330,3,1,1,2.0,6.0,34167,M,4329200.0,302400.0,34
201100012436,11,5,11,1115,1,2,1,1.0,6.0,34052,M,4332968.0,304186.0,34
201100012437,11,5,22,1950,1,1,1,1.0,3.0,34183,M,4327652.0,308692.0,34
201100012438,11,7,2,345,3,1,1,1.0,6.0,34302,M,4330542.0,266889.0,34
201100012439,11,7,7,1830,1,1,1,1.0,3.0,34183,M,4327700.0,307800.0,34
201100012440,11,8,14,2015,2,2,1,3.0,6.0,34161,M,4332909.0,312090.0,34
201100012441,11,9,20,745,2,1,1,1.0,7.0,34225,M,0.0,0.0,34
201100012442,11,11,10,530,5,2,1,2.0,6.0,34161,M,4333800.0,313200.0,34
201100012443,11,11,10,1645,1,2,1,1.0,6.0,34225,M,0.0,0.0,34
201100012444,11,1,25,800,2,2,1,1.0,1.0,34148,M,4336700.0,315697.0,34
201100012445,11,2,16,1700,1,2,1,1.0,6.0,34245,M,4342153.0,294680.0,34
201100012446,11,2,17,1330,1,1,1,3.0,6.0,34201,M,4342634.0,296568.0,34
201100012447,11,2,25,2015,3,1,1,1.0,1.0,34065,M,4341993.0,304425.0,34
201100012448,11,3,16,845,1,1,1,2.0,6.0,34223,M,4344273.0,321547.0,34
201100012449,11,3,19,1630,1,1,1,1.0,7.0,34130,M,4349893.0,318822.0,34
201100012450,11,3,30,1530,1,1,1,1.0,7.0,34100,M,4345280.0,290209.0,34
201100012451,11,4,10,715,2,1,1,1.0,7.0,34092,M,4336385.0,294263.0,34
201100012452,11,4,15,1550,1,1,1,1.0,1.0,34084,M,4340282.0,318616.0,34
201100012453,11,4,17,1530,1,1,1,1.0,7.0,34061,M,4346504.0,310329.0,34
201100012454,11,5,6,2330,5,2,6,1.0,6.0,34310,M,4343100.0,315600.0,34
201100012455,11,5,22,2215,3,1,1,1.0,1.0,34069,M,4338100.0,309800.0,34
201100012456,11,7,13,1715,1,2,1,1.0,3.0,34148,M,4335844.0,317193.0,34
201100012457,11,8,9,1930,1,1,1,1.0,1.0,34178,M,4344200.0,310200.0,34
201100012458,11,8,30,1945,1,1,1,1.0,1.0,34084,M,0.0,0.0,34
201100012459,11,10,13,1230,1,1,1,1.0,7.0,34069,M,4342500.0,308200.0,34
201100012460,11,10,16,1500,1,1,1,1.0,6.0,34100,M,4347000.0,288100.0,34
201100012461,11,10,26,1400,1,1,1,1.0,1.0,34092,M,4334000.0,294300.0,34
201100012462,11,10,28,845,1,2,1,2.0,5.0,34140,M,4338900.0,316500.0,34
201100012463,11,12,6,1345,1,1,1,2.0,6.0,34021,M,4344600.0,291800.0,34
201100012464,11,2,13,1615,1,2,1,1.0,3.0,34189,M,4328661.0,272301.0,34
201100012465,11,3,7,1745,1,2,1,1.0,6.0,34161,M,4333379.0,312174.0,34
201100012466,11,8,3,1730,1,1,1,1.0,1.0,34189,M,4335174.0,274289.0,34
201100012467,11,1,2,1800,3,1,1,1.0,3.0,34289,M,4338729.0,341967.0,34
201100012468,11,1,5,1400,1,1,1,1.0,6.0,34162,M,4348474.0,347045.0,34
201100012469,11,2,5,1745,3,1,1,1.0,3.0,34166,M,4335188.0,335490.0,34
201100012470,11,3,23,1615,1,2,1,1.0,3.0,34199,M,4346713.0,342962.0,34
201100012471,11,5,7,545,2,2,1,1.0,6.0,34063,M,4350489.0,337112.0,34
201100012472,11,6,7,1415,1,1,1,1.0,2.0,34199,M,0.0,0.0,34
201100012473,11,6,15,1615,1,1,1,1.0,1.0,34162,M,0.0,0.0,34
201100012474,11,7,10,915,3,1,1,1.0,3.0,34162,M,0.0,0.0,34
201100012475,11,7,15,1115,1,2,1,1.0,6.0,34199,M,4346214.0,342396.0,34
201100012476,11,7,31,1245,1,1,1,1.0,1.0,34182,M,4342121.0,341833.0,34
201100012477,11,8,5,130,3,1,1,1.0,6.0,34315,M,4351503.0,346352.0,34
201100012478,11,8,27,1715,1,1,1,1.0,1.0,34285,M,0.0,0.0,34
201100012479,11,9,6,1045,1,2,3,1.0,1.0,34063,M,4350853.0,336630.0,34
201100012480,11,9,19,1830,1,1,6,1.0,3.0,34199,M,0.0,0.0,34
201100012481,11,9,26,1400,1,1,1,1.0,6.0,34166,M,0.0,0.0,34
201100012482,11,10,5,1330,1,1,1,1.0,1.0,34285,M,0.0,0.0,34
201100012483,11,10,14,1130,1,2,9,1.0,6.0,34199,M,0.0,0.0,34
201100012484,11,11,20,1500,1,1,1,3.0,1.0,34162,M,0.0,0.0,34
201100012485,11,12,31,145,5,1,1,1.0,7.0,34199,M,0.0,0.0,34
201100012486,11,6,6,2100,2,1,1,1.0,7.0,34331,M,0.0,0.0,34
201100012487,11,6,26,1615,1,1,1,1.0,6.0,34284,M,0.0,0.0,34
201100012488,11,7,22,2015,1,1,1,1.0,3.0,34284,M,4344709.0,273434.0,34
201100012489,11,8,21,1845,1,2,9,1.0,3.0,34284,M,4349200.0,276800.0,34
201100012490,11,9,17,1545,1,1,1,1.0,7.0,34284,M,0.0,0.0,34
201100012491,11,1,22,1345,1,1,1,1.0,5.0,34139,M,4340220.0,323413.0,34
201100012492,11,3,24,1300,1,1,9,1.0,1.0,34300,M,4342681.0,329272.0,34
201100012493,11,3,26,1415,1,1,1,1.0,7.0,34094,M,4343357.0,325668.0,34
201100012494,11,4,4,1615,1,1,1,1.0,1.0,34300,M,4342042.0,331790.0,34
201100012495,11,5,7,300,3,1,1,1.0,7.0,34300,M,4347382.0,328117.0,34
201100012496,11,5,21,1645,1,1,2,1.0,3.0,34300,M,4342000.0,328700.0,34
201100012497,11,6,1,730,1,1,1,7.0,5.0,34001,M,0.0,0.0,34
201100012498,11,6,24,930,1,2,1,1.0,1.0,34094,M,4344500.0,326000.0,34
201100012499,11,7,23,1500,1,1,1,1.0,6.0,34139,M,4342337.0,324443.0,34
201100012500,11,9,2,800,1,1,3,1.0,3.0,34139,M,4341009.0,323905.0,34
201100012501,11,9,17,545,3,1,1,1.0,6.0,34139,M,4341000.0,323000.0,34
201100012502,11,9,20,800,1,1,1,7.0,1.0,34300,M,0.0,0.0,34
201100012503,11,10,5,1845,1,1,1,1.0,5.0,34147,M,4349300.0,319300.0,34
201100012504,11,10,28,1500,1,1,1,3.0,5.0,34147,M,0.0,0.0,34
201100012505,11,11,14,1145,1,1,1,1.0,5.0,34139,M,4341700.0,322900.0,34
201100012506,11,11,26,530,3,1,1,1.0,6.0,34214,M,4348900.0,329300.0,34
201100012507,11,3,6,1700,1,2,1,1.0,3.0,34135,M,4327061.0,317214.0,34
201100012508,11,4,4,840,1,1,1,1.0,5.0,34299,M,4328693.0,328938.0,34
201100012509,11,4,24,1930,1,1,1,1.0,7.0,34329,M,4326053.0,324366.0,34
201100012510,11,5,13,845,1,1,1,1.0,2.0,34299,M,4327329.0,328468.0,34
201100012511,11,5,20,2145,5,2,2,1.0,3.0,34299,M,0.0,0.0,34
201100012512,11,6,11,515,2,1,1,1.0,2.0,34299,M,0.0,0.0,34
201100012513,11,7,2,415,3,1,1,1.0,5.0,34209,M,4331339.0,333773.0,34
201100012514,11,7,25,1215,1,1,1,1.0,5.0,34299,M,4326245.0,328432.0,34
201100012515,11,9,20,1400,1,1,3,1.0,3.0,34324,M,,,34
201100012516,11,9,21,900,1,2,1,1.0,1.0,34299,M,0.0,0.0,34
201100012517,11,10,25,1515,1,2,1,1.0,7.0,34329,M,0.0,0.0,34
201100012518,11,11,27,1830,3,1,1,1.0,3.0,34329,M,4328700.0,320200.0,34
201100012519,11,12,3,515,3,1,1,1.0,1.0,34209,M,0.0,0.0,34
201100012520,11,12,25,2145,3,1,1,1.0,3.0,34209,M,0.0,0.0,34
201100012521,11,2,5,2000,4,2,1,1.0,2.0,34036,M,4368313.0,341080.0,34
201100012522,11,4,30,2030,2,2,1,1.0,6.0,34142,M,4373600.0,331500.0,34
201100012523,11,7,9,1815,1,1,1,1.0,1.0,34306,M,4373600.0,334200.0,34
201100012524,11,1,1,415,5,2,1,1.0,6.0,34051,M,4360144.0,348926.0,34
201100012525,11,1,2,1630,1,1,1,1.0,7.0,34175,M,0.0,0.0,34
201100012526,11,1,11,1200,1,2,1,2.0,1.0,34079,M,4362366.0,343982.0,34
201100012527,11,1,18,1815,2,2,1,1.0,3.0,34079,M,4362614.0,342541.0,34
201100012528,11,3,6,2300,3,1,1,1.0,6.0,34194,M,4354988.0,345466.0,34
201100012529,11,3,9,1230,1,2,1,1.0,1.0,34210,M,4359219.0,351982.0,34
201100012530,11,4,1,1430,1,1,1,1.0,5.0,34175,M,4360846.0,332264.0,34
201100012531,11,4,2,1415,1,1,1,1.0,1.0,34079,M,4361716.0,345159.0,34
201100012532,11,4,10,1700,1,1,1,1.0,7.0,34175,M,4361000.0,335500.0,34
201100012533,11,4,16,1210,1,1,1,1.0,1.0,34079,M,4364900.0,345100.0,34
201100012534,11,5,8,1130,1,2,1,1.0,6.0,34079,M,4363700.0,343300.0,34
201100012535,11,5,13,1200,1,2,1,1.0,5.0,34076,M,4364900.0,345900.0,34
201100012536,11,5,22,2345,3,1,1,1.0,6.0,34051,M,4359100.0,347700.0,34
201100012537,11,7,15,1415,1,1,1,1.0,6.0,34013,M,4357910.0,346257.0,34
201100012538,11,7,31,645,2,1,1,1.0,6.0,34180,M,4359516.0,344681.0,34
201100012539,11,10,31,930,5,2,1,2.0,6.0,34079,M,0.0,0.0,34
201100012540,11,11,10,2015,3,1,1,1.0,7.0,34194,M,0.0,0.0,34
201100012541,11,11,12,1145,1,1,1,2.0,3.0,34281,M,0.0,0.0,34
201100012542,11,11,15,930,1,1,1,1.0,3.0,34013,M,0.0,0.0,34
201100012543,11,11,19,1030,1,2,1,2.0,3.0,34281,M,4353200.0,352100.0,34
201100012544,11,11,27,230,5,2,1,1.0,6.0,34045,M,0.0,0.0,34
201100012545,11,1,3,1400,1,1,1,1.0,1.0,34010,M,4370066.0,357001.0,34
201100012546,11,3,19,1400,1,1,1,1.0,7.0,34261,M,4374848.0,358161.0,34
201100012547,11,3,30,845,1,1,1,1.0,6.0,34010,M,4367831.0,357587.0,34
201100012548,11,4,9,2340,5,1,6,1.0,6.0,34114,M,4362950.0,352187.0,34
201100012549,11,4,9,1830,1,1,1,1.0,7.0,34267,M,0.0,0.0,34
201100012550,11,4,15,1945,1,1,1,1.0,1.0,34114,M,4363364.0,352916.0,34
201100012551,11,4,22,1215,1,2,1,1.0,3.0,34114,M,4365600.0,354900.0,34
201100012552,11,5,15,1745,1,1,1,1.0,7.0,34011,M,4371915.0,347717.0,34
201100012553,11,6,12,1615,1,1,1,1.0,7.0,34328,M,4358400.0,355700.0,34
201100012554,11,6,15,1730,1,2,1,7.0,6.0,34239,M,4365500.0,350900.0,34
201100012555,11,6,27,1945,1,2,1,1.0,3.0,34114,M,4364900.0,354300.0,34
201100012556,11,8,15,1730,1,1,1,1.0,7.0,34011,M,4371290.0,347720.0,34
201100012557,11,10,3,915,1,1,1,1.0,7.0,34239,M,4367600.0,348500.0,34
201100012558,11,1,4,2230,3,1,1,2.0,6.0,34150,M,4338612.0,353659.0,34
201100012559,11,2,25,2045,5,2,1,1.0,6.0,34101,M,0.0,0.0,34
201100012560,11,3,18,1400,1,1,1,1.0,3.0,34031,M,4336232.0,338552.0,34
201100012561,11,6,28,1745,1,1,6,1.0,3.0,34101,M,0.0,0.0,34
201100012562,11,7,20,1600,1,1,1,1.0,3.0,34101,M,4337110.0,349695.0,34
201100012563,11,7,21,1400,1,1,1,1.0,3.0,34150,M,4340565.0,354088.0,34
201100012564,11,7,27,1600,1,1,1,2.0,1.0,34332,M,0.0,0.0,34
201100012565,11,8,29,815,1,1,1,1.0,1.0,34031,M,0.0,0.0,34
201100012566,11,10,5,1800,1,1,1,1.0,1.0,34150,M,4334800.0,352600.0,34
201100012567,11,10,6,1430,1,1,1,1.0,5.0,34332,M,4331600.0,340500.0,34
201100012568,11,10,12,1315,1,1,1,1.0,4.0,34150,M,0.0,0.0,34
201100012569,11,10,17,1100,1,2,1,1.0,1.0,34003,M,4332600.0,353900.0,34
201100012570,11,11,13,845,1,1,1,1.0,6.0,34150,M,4337000.0,353100.0,34
201100012571,11,1,2,1700,1,1,1,1.0,1.0,34113,M,4348414.0,369960.0,34
201100012572,11,6,4,430,3,1,1,1.0,6.0,34023,M,0.0,0.0,34
201100012573,11,7,6,1730,1,1,1,1.0,1.0,34023,M,4345797.0,369794.0,34
201100012574,11,7,8,1930,1,2,9,1.0,5.0,34113,M,4350425.0,371696.0,34
201100012575,11,1,13,1715,1,2,1,1.0,3.0,34039,M,0.0,0.0,34
201100012576,11,2,20,2015,3,1,1,1.0,6.0,34341,M,4848531.0,355401.0,34
201100012577,11,2,21,115,3,1,1,1.0,6.0,34157,M,4344440.0,356738.0,34
201100012578,11,2,25,2115,3,2,1,1.0,7.0,34157,M,0.0,0.0,34
201100012579,11,4,11,645,1,1,1,1.0,3.0,34143,M,4344358.0,363194.0,34
201100012580,11,4,11,245,3,1,1,1.0,6.0,34213,M,4347027.0,368419.0,34
201100012581,11,4,17,1910,1,2,2,1.0,1.0,34341,M,4350042.0,360457.0,34
201100012582,11,6,20,730,1,1,1,1.0,3.0,34213,M,0.0,0.0,34
201100012583,11,6,29,1515,1,1,1,1.0,3.0,34143,M,0.0,0.0,34
201100012584,11,7,18,1215,1,1,1,1.0,1.0,34213,M,4350297.0,368346.0,34
201100012585,11,7,23,1245,1,1,1,1.0,5.0,34143,M,4344688.0,364032.0,34
201100012586,11,8,24,1745,1,1,1,7.0,4.0,34143,M,4344200.0,362200.0,34
201100012587,11,9,20,30,3,1,1,1.0,3.0,34213,M,4350000.0,369700.0,34
201100012588,11,10,20,415,3,1,1,1.0,1.0,34213,M,0.0,0.0,34
201100012589,11,11,5,2345,3,1,1,2.0,3.0,34213,M,0.0,0.0,34
201100012590,11,11,25,1630,2,1,1,1.0,6.0,34157,M,0.0,0.0,34
201100012591,11,4,17,1715,1,2,2,1.0,6.0,11429,M,0.0,0.0,11
201100012592,11,4,24,330,3,1,1,1.0,6.0,11052,M,4336100.0,222800.0,11
201100012593,11,5,9,1930,1,2,1,1.0,7.0,11194,M,0.0,0.0,11
201100012594,11,7,3,15,5,2,1,1.0,3.0,11279,M,4324700.0,231200.0,11
201100012595,11,8,10,2000,1,1,1,7.0,1.0,11194,M,0.0,0.0,11
201100012596,11,9,1,1530,1,1,1,1.0,3.0,11410,M,0.0,0.0,11
201100012597,11,9,15,945,1,1,1,1.0,1.0,11428,M,0.0,0.0,11
201100012598,11,12,8,1530,1,1,1,1.0,6.0,11099,M,0.0,0.0,11
201100012599,11,12,18,115,3,1,1,2.0,6.0,11099,M,0.0,0.0,11
201100012600,11,1,8,1715,1,1,1,1.0,6.0,11280,M,0.0,0.0,11
201100012601,11,3,30,1845,1,2,1,1.0,7.0,11280,M,4330200.0,267800.0,11
201100012602,11,5,30,1615,1,1,1,2.0,1.0,11342,M,0.0,0.0,11
201100012603,11,7,4,2300,3,1,1,1.0,7.0,11081,M,4337500.0,250100.0,11
201100012604,11,2,8,1215,1,2,1,1.0,6.0,11382,M,0.0,0.0,11
201100012605,11,2,26,2030,3,1,1,2.0,7.0,11225,M,4333300.0,186400.0,11
201100012606,11,5,1,915,1,1,2,1.0,1.0,11074,M,0.0,0.0,11
201100012607,11,6,5,1815,1,2,1,1.0,6.0,11430,M,4329200.0,192000.0,11
201100012608,11,6,26,1700,1,1,1,1.0,7.0,11275,M,0.0,0.0,11
201100012609,11,8,27,515,3,2,1,1.0,6.0,11356,M,0.0,0.0,11
201100012610,11,10,11,845,1,1,1,1.0,7.0,11225,M,0.0,0.0,11
201100012611,11,2,13,2245,3,1,9,8.0,1.0,11288,M,0.0,0.0,11
201100012612,11,2,18,700,3,1,1,1.0,7.0,11009,M,0.0,0.0,11
201100012613,11,3,10,2100,3,1,1,1.0,6.0,11434,M,4328300.0,208300.0,11
201100012614,11,3,17,930,1,1,1,3.0,1.0,11009,M,0.0,0.0,11
201100012615,11,5,1,100,3,1,1,1.0,6.0,11018,M,4321600.0,219900.0,11
201100012616,11,5,11,1445,1,1,2,7.0,3.0,11009,M,0.0,0.0,11
201100012617,11,5,30,1215,1,1,1,1.0,6.0,11288,M,0.0,0.0,11
201100012618,11,7,1,1115,1,1,1,1.0,5.0,11288,M,0.0,0.0,11
201100012619,11,7,31,1830,2,1,1,1.0,3.0,11418,M,4322100.0,204300.0,11
201100012620,11,10,7,300,3,1,1,8.0,7.0,11018,M,0.0,0.0,11
201100012621,11,10,15,900,1,1,2,1.0,1.0,11018,M,0.0,0.0,11
201100012622,11,10,19,2045,3,1,1,2.0,1.0,11254,M,0.0,0.0,11
201100012623,11,11,4,1445,1,1,2,1.0,1.0,11418,M,0.0,0.0,11
201100012624,11,4,13,2230,3,1,1,1.0,6.0,11290,M,0.0,0.0,11
201100012625,11,3,1,1945,3,1,1,1.0,6.0,11102,M,0.0,0.0,11
201100012626,11,3,15,2030,3,1,1,2.0,6.0,11102,M,0.0,0.0,11
201100012627,11,4,7,2130,3,2,2,1.0,3.0,11206,M,0.0,0.0,11
201100012628,11,5,7,1500,1,2,1,1.0,7.0,11293,M,4311500.0,229300.0,11
201100012629,11,6,5,1500,1,1,1,1.0,1.0,11008,M,0.0,0.0,11
201100012630,11,6,17,1830,1,2,1,1.0,7.0,11206,M,0.0,0.0,11
201100012631,11,6,28,2015,1,1,1,1.0,7.0,11183,M,0.0,0.0,11
201100012632,11,8,1,1300,1,1,1,1.0,1.0,11102,M,0.0,0.0,11
201100012633,11,9,13,1730,1,1,1,1.0,6.0,11105,M,0.0,0.0,11
201100012634,11,10,29,1215,1,1,1,8.0,1.0,11058,M,0.0,0.0,11
201100012635,11,11,2,800,1,1,1,7.0,1.0,11427,M,0.0,0.0,11
201100012636,11,11,6,1800,3,1,1,3.0,5.0,11293,M,0.0,0.0,11
201100012637,11,12,15,845,1,2,7,1.0,1.0,11206,M,0.0,0.0,11
201100012638,11,1,30,15,3,1,1,2.0,6.0,11058,M,0.0,0.0,11
201100012639,11,6,11,1,3,1,1,8.0,6.0,11058,M,0.0,0.0,11
201100012640,11,2,13,1900,3,1,1,1.0,1.0,11209,M,0.0,0.0,11
201100012641,11,2,23,830,1,1,1,8.0,1.0,11209,M,0.0,0.0,11
201100012642,11,3,28,1800,1,1,1,1.0,1.0,11209,M,0.0,0.0,11
201100012643,11,5,15,1615,1,1,1,1.0,6.0,11263,M,4250700.0,217700.0,11
201100012644,11,6,26,1730,1,1,1,1.0,5.0,11063,M,0.0,0.0,11
201100012645,11,7,16,130,5,2,1,1.0,7.0,11103,M,0.0,0.0,11
201100012646,11,8,29,1315,1,2,1,1.0,6.0,11240,M,0.0,0.0,11
201100012647,11,10,12,1500,1,2,1,1.0,6.0,11304,M,0.0,0.0,11
201100012648,11,2,1,1900,5,2,1,1.0,6.0,11106,M,0.0,0.0,11
201100012649,11,2,11,2115,5,2,1,1.0,1.0,11370,M,0.0,0.0,11
201100012650,11,3,19,1145,1,1,1,1.0,6.0,11910,M,0.0,0.0,11
201100012651,11,3,20,2000,3,1,1,1.0,3.0,11264,M,0.0,0.0,11
201100012652,11,3,31,1,3,1,1,1.0,6.0,11014,M,0.0,0.0,11
201100012653,11,4,12,1630,1,1,1,1.0,6.0,11262,M,0.0,0.0,11
201100012654,11,4,25,1145,1,1,1,1.0,3.0,11106,M,0.0,0.0,11
201100012655,11,5,8,500,3,1,1,1.0,6.0,11106,M,0.0,0.0,11
201100012656,11,5,10,2030,2,1,1,1.0,6.0,11014,M,0.0,0.0,11
201100012657,11,5,26,1300,1,1,1,1.0,7.0,11370,M,0.0,0.0,11
201100012658,11,6,17,200,3,1,1,1.0,6.0,11262,M,0.0,0.0,11
201100012659,11,6,23,1815,2,1,1,1.0,7.0,11262,M,0.0,0.0,11
201100012660,11,7,3,1730,1,2,1,1.0,7.0,11116,M,0.0,0.0,11
201100012661,11,7,20,1630,1,1,1,1.0,3.0,11262,M,0.0,0.0,11
201100012662,11,7,26,1530,1,1,1,1.0,3.0,11262,M,0.0,0.0,11
201100012663,11,8,9,1645,1,1,1,1.0,1.0,11014,M,0.0,0.0,11
201100012664,11,8,9,615,2,2,9,1.0,6.0,11170,M,0.0,0.0,11
201100012665,11,8,11,800,1,1,1,1.0,6.0,11262,M,0.0,0.0,11
201100012666,11,8,12,1900,1,1,1,8.0,1.0,11255,M,0.0,0.0,11
201100012667,11,8,19,1930,1,1,1,1.0,6.0,11040,M,0.0,0.0,11
201100012668,11,9,9,100,3,1,1,1.0,7.0,11106,M,0.0,0.0,11
201100012669,11,10,8,1900,2,1,1,1.0,1.0,11170,M,0.0,0.0,11
201100012670,11,10,12,1730,1,1,1,1.0,2.0,11262,M,0.0,0.0,11
201100012671,11,10,16,1700,1,1,1,1.0,1.0,11170,M,0.0,0.0,11
201100012672,11,11,12,1845,3,1,9,1.0,6.0,11262,M,0.0,0.0,11