Num_Acc,an,mois,jour,hrmn,lum,agg,int,atm,col,com,gps,lat,long,dep
201100012673,11,11,29,1945,3,1,1,1.0,5.0,11255,M,0.0,0.0,11
201100012674,11,12,13,1800,5,2,1,1.0,6.0,11170,M,0.0,0.0,11
201100012675,11,1,21,115,3,1,1,1.0,6.0,11332,M,0.0,0.0,11
201100012676,11,5,29,1630,1,2,1,1.0,6.0,11071,M,0.0,0.0,11
201100012677,11,9,9,1845,1,1,1,1.0,6.0,11113,M,0.0,0.0,11
201100012678,11,12,4,1330,1,2,1,1.0,6.0,11276,M,0.0,0.0,11
201100012679,11,1,13,945,1,1,1,1.0,2.0,11203,M,4318500.0,268900.0,11
201100012680,11,3,27,1800,1,2,1,1.0,1.0,11421,M,0.0,0.0,11
201100012681,11,3,30,1445,1,1,1,1.0,3.0,11148,M,0.0,0.0,11
201100012682,11,5,5,2030,2,1,1,1.0,6.0,11296,M,0.0,0.0,11
201100012683,11,6,12,2000,1,1,1,1.0,1.0,11172,M,4326600.0,270600.0,11
201100012684,11,6,18,1945,1,1,1,1.0,1.0,11203,M,4321100.0,280100.0,11
201100012685,11,6,26,200,5,2,1,1.0,6.0,11203,M,0.0,0.0,11
201100012686,11,7,3,700,1,1,1,1.0,1.0,11098,M,4318500.0,268900.0,11
201100012687,11,7,27,1715,1,1,1,1.0,3.0,11172,M,4327100.0,273700.0,11
201100012688,11,10,13,2015,3,1,1,1.0,2.0,11041,M,4329700.0,286600.0,11
201100012689,11,11,3,1315,1,1,1,8.0,6.0,11067,M,4321500.0,283100.0,11
201100012690,11,10,28,1730,2,1,1,3.0,7.0,11203,M,0.0,0.0,11
201100012691,11,11,11,1145,1,1,1,1.0,6.0,11203,M,4323700.0,278600.0,11
201100012692,11,12,1,2230,3,1,1,1.0,6.0,11369,M,0.0,0.0,11
201100012693,11,12,23,745,1,1,1,1.0,2.0,11353,M,4324300.0,292600.0,11
201100012694,11,1,14,1000,1,2,2,1.0,3.0,11266,M,4302000.0,304000.0,11
201100012695,11,2,25,1000,1,2,1,1.0,3.0,11379,M,0.0,0.0,11
201100012696,11,3,7,1515,1,1,1,1.0,1.0,11188,M,0.0,0.0,11
201100012697,11,3,24,1415,1,1,1,1.0,1.0,11295,M,0.0,0.0,11
201100012698,11,4,21,1630,1,1,1,1.0,2.0,11266,M,4298000.0,298200.0,11
201100012699,11,4,26,1845,1,1,1,1.0,6.0,11379,M,4301400.0,297100.0,11
201100012700,11,6,17,2100,2,2,1,1.0,1.0,11266,M,4301700.0,304200.0,11
201100012701,11,7,30,2015,1,1,1,1.0,1.0,11379,M,0.0,0.0,11
201100012702,11,10,17,1500,1,1,1,1.0,1.0,11379,M,0.0,0.0,11
201100012703,11,1,26,900,1,2,1,9.0,6.0,30133,M,4352849.0,414933.0,30
201100012704,11,2,17,2130,5,2,6,1.0,6.0,30003,M,4356773.0,419908.0,30
201100012705,11,3,2,1445,1,1,6,1.0,3.0,30276,M,4363256.0,418980.0,30
201100012706,11,3,6,1515,1,1,1,1.0,4.0,30276,M,4358313.0,424215.0,30
201100012707,11,3,16,1030,1,2,1,1.0,6.0,30133,M,4353595.0,413765.0,30
201100012708,11,3,26,1415,1,1,1,1.0,5.0,30003,M,4358373.0,423428.0,30
201100012709,11,6,13,700,1,2,6,1.0,6.0,30133,M,4352308.0,414121.0,30
201100012710,11,7,16,1800,1,2,1,1.0,1.0,30133,M,4353933.0,414198.0,30
201100012711,11,7,31,930,1,1,1,1.0,4.0,30276,M,4358713.0,422443.0,30
201100012712,11,8,1,1130,1,1,1,1.0,3.0,30133,M,4355179.0,411632.0,30
201100012713,11,7,6,2215,5,2,1,1.0,6.0,30133,M,0.0,0.0,30
201100012714,11,8,9,1630,1,1,6,1.0,3.0,30003,M,4356093.0,414832.0,30
201100012715,11,8,21,930,1,1,1,1.0,7.0,30276,M,4363603.0,421037.0,30
201100012716,11,8,25,1130,1,1,1,1.0,1.0,30133,M,4355057.0,411991.0,30
201100012717,11,8,29,45,3,1,1,1.0,7.0,30133,M,4357703.0,410045.0,30
201100012718,11,3,21,1615,1,1,1,1.0,7.0,30019,M,4374936.0,413816.0,30
201100012719,11,3,29,915,1,1,1,1.0,2.0,30245,M,4385711.0,418832.0,30
201100012720,11,4,1,2230,3,1,1,1.0,7.0,30062,M,4376622.0,420118.0,30
201100012721,11,4,8,1530,1,2,1,1.0,1.0,30082,M,4382794.0,422751.0,30
201100012722,11,4,10,1300,1,1,1,1.0,7.0,30082,M,4384940.0,421965.0,30
201100012723,11,4,15,600,1,1,1,1.0,6.0,30321,M,0.0,0.0,30
201100012724,11,4,17,1630,1,1,1,1.0,7.0,30352,M,4381424.0,409544.0,30
201100012725,11,4,19,1830,1,2,1,1.0,1.0,30023,M,4379331.0,411876.0,30
201100012726,11,5,18,1715,1,2,1,1.0,6.0,30324,M,4382039.0,414410.0,30
201100012727,11,6,14,1130,1,1,1,1.0,2.0,30138,M,4380853.0,422725.0,30
201100012728,11,6,14,1245,1,1,1,1.0,7.0,30075,M,4382114.0,428773.0,30
201100012729,11,7,14,1630,1,2,1,1.0,2.0,30062,M,4378515.0,419998.0,30
201100012730,11,7,24,1845,1,1,1,1.0,7.0,30306,M,4381458.0,406037.0,30
201100012731,11,8,1,845,1,2,1,1.0,6.0,30321,M,4378244.0,408945.0,30
201100012732,11,8,13,115,3,1,1,1.0,1.0,30018,M,4380282.0,403906.0,30
201100012733,11,8,12,1945,1,1,6,1.0,2.0,30138,M,4380996.0,424504.0,30
201100012734,11,8,16,1945,1,1,6,1.0,3.0,30062,M,4377306.0,419885.0,30
201100012735,11,8,30,800,1,1,1,1.0,6.0,30138,M,4381047.0,424806.0,30
201100012736,11,9,8,715,1,1,1,1.0,1.0,30075,M,4382300.0,427430.0,30
201100012737,11,10,5,2000,3,2,1,1.0,7.0,30082,M,4383080.0,421797.0,30
201100012738,11,11,18,1200,1,2,2,1.0,3.0,30062,M,4378279.0,419693.0,30
201100012739,11,12,21,1545,1,2,1,1.0,6.0,30062,M,4378092.0,419005.0,30
201100012740,11,12,26,1115,1,1,9,1.0,7.0,30023,M,4378798.0,411407.0,30
201100012741,11,12,31,1100,1,1,1,1.0,1.0,30023,M,4379999.0,411892.0,30
201100012742,11,1,4,330,3,1,1,2.0,6.0,30145,M,4390939.0,452322.0,30
201100012743,11,1,4,1400,1,1,1,1.0,6.0,30257,M,4385954.0,447075.0,30
201100012744,11,3,26,145,3,1,1,1.0,7.0,30155,M,4381281.0,445612.0,30
201100012745,11,5,4,1915,1,1,1,7.0,1.0,30145,M,4389234.0,451392.0,30
201100012746,11,5,24,1600,1,1,1,1.0,1.0,30257,M,4387023.0,447362.0,30
201100012747,11,7,3,1930,1,1,1,1.0,1.0,30156,M,0.0,0.0,30
201100012748,11,10,10,815,1,1,1,1.0,1.0,30257,M,4387312.0,446255.0,30
201100012749,11,10,29,2245,3,1,6,1.0,6.0,30155,M,4382899.0,446646.0,30
201100012750,11,11,7,1430,1,1,1,1.0,3.0,30155,M,4383909.0,449446.0,30
201100012751,11,12,12,1815,3,1,1,1.0,1.0,30155,M,4382855.0,447485.0,30
201100012752,11,12,23,1530,1,1,1,7.0,7.0,30156,M,4387017.0,445577.0,30
201100012753,11,3,28,1345,1,1,1,1.0,1.0,30258,M,4373783.0,440941.0,30
201100012754,11,7,14,600,2,1,1,1.0,7.0,30258,M,4362456.0,442372.0,30
201100012755,11,8,17,2030,2,2,1,1.0,7.0,30258,M,4367592.0,443486.0,30
201100012756,11,8,24,100,3,1,1,1.0,7.0,30258,M,4366975.0,439163.0,30
201100012757,11,9,13,1445,1,1,1,1.0,6.0,30258,M,4367171.0,440961.0,30
201100012758,11,10,6,2030,3,1,1,1.0,6.0,30258,M,4358650.0,441861.0,30
201100012759,11,1,11,715,1,1,1,1.0,7.0,30341,M,4368082.0,427680.0,30
201100012760,11,1,29,730,2,1,1,1.0,5.0,30006,M,4365667.0,420303.0,30
201100012761,11,2,12,2130,3,1,9,1.0,6.0,30006,M,4370557.0,419158.0,30
201100012762,11,2,18,1830,3,1,1,1.0,1.0,30123,M,4370642.0,419032.0,30
201100012763,11,2,18,1730,1,2,1,1.0,3.0,30059,M,4367721.0,423619.0,30
201100012764,11,3,25,1815,1,1,1,1.0,3.0,30006,M,4365015.0,419925.0,30
201100012765,11,4,3,100,3,1,1,1.0,3.0,30006,M,4369848.0,419753.0,30
201100012766,11,4,9,1200,1,1,1,1.0,1.0,30333,M,4376253.0,427694.0,30
201100012767,11,4,13,745,1,1,1,1.0,1.0,30169,M,4378140.0,431138.0,30
201100012768,11,4,23,1130,1,1,1,3.0,7.0,30006,M,4368209.0,421397.0,30
201100012769,11,5,22,1645,1,2,1,1.0,3.0,30344,M,0.0,0.0,30
201100012770,11,5,21,1130,1,1,1,1.0,3.0,30344,M,4374142.0,424400.0,30
201100012771,11,6,18,2145,1,1,1,1.0,1.0,30333,M,4376467.0,425338.0,30
201100012772,11,6,25,1645,1,1,1,7.0,6.0,30341,M,4370228.0,425693.0,30
201100012773,11,7,8,1800,1,1,1,1.0,6.0,30020,M,4375686.0,431030.0,30
201100012774,11,7,14,2000,1,2,1,1.0,2.0,30123,M,4371952.0,417410.0,30
201100012775,11,7,27,1030,1,2,1,1.0,6.0,30344,M,4374361.0,422000.0,30
201100012776,11,7,27,1430,1,1,1,1.0,5.0,30083,M,4372609.0,421766.0,30
201100012777,11,8,14,215,3,1,1,1.0,7.0,30333,M,4376345.0,425475.0,30
201100012778,11,8,16,1900,1,1,6,1.0,5.0,30347,M,4374694.0,425718.0,30
201100012779,11,8,27,145,4,1,6,1.0,6.0,30006,M,4370572.0,419153.0,30
201100012780,11,11,2,815,1,1,1,1.0,7.0,30033,M,4371541.0,430493.0,30
201100012781,11,11,6,700,5,2,1,2.0,6.0,30341,M,4370487.0,428046.0,30
201100012782,11,11,11,1815,1,2,1,1.0,7.0,30344,M,4373916.0,421795.0,30
201100012783,11,11,14,1200,1,1,1,1.0,3.0,30036,M,4375945.0,428061.0,30
201100012784,11,12,6,1145,1,1,1,1.0,1.0,30333,M,4374107.0,429310.0,30
201100012785,11,12,10,600,3,1,1,1.0,5.0,30347,M,4372363.0,427000.0,30
201100012786,11,12,12,1800,3,1,1,1.0,7.0,30258,M,4366324.0,436530.0,30
201100012787,11,1,26,2130,5,1,1,1.0,6.0,30027,M,4407009.0,404678.0,30
201100012788,11,3,6,1545,1,1,2,1.0,3.0,30269,M,4412853.0,386242.0,30
201100012789,11,5,5,1815,1,2,1,1.0,1.0,30010,M,4405977.0,398382.0,30
201100012790,11,5,8,900,1,1,1,1.0,1.0,30330,M,4402217.0,399163.0,30
201100012791,11,6,1,215,3,1,1,1.0,6.0,30094,M,4407512.0,393816.0,30
201100012792,11,6,25,1100,1,2,6,1.0,4.0,30330,M,4403591.0,400325.0,30
201100012793,11,7,21,1,3,1,1,1.0,6.0,30269,M,4411207.0,386211.0,30
201100012794,11,6,26,2015,1,2,1,1.0,6.0,30010,M,0.0,0.0,30
201100012795,11,8,4,2345,3,2,1,1.0,1.0,30010,M,4403773.0,395551.0,30
201100012796,11,8,11,1630,3,1,1,1.0,3.0,30094,M,4407192.0,395335.0,30
201100012797,11,8,12,2115,2,2,1,1.0,2.0,30214,M,4404063.0,409989.0,30
201100012798,11,8,14,1730,1,1,1,3.0,6.0,30010,M,4405670.0,398829.0,30
201100012799,11,9,25,1200,1,1,1,1.0,6.0,30329,M,4406323.0,392675.0,30
201100012800,11,10,7,2300,3,1,1,1.0,1.0,30214,M,4406101.0,409030.0,30
201100012801,11,10,10,1845,1,1,1,1.0,7.0,30027,M,4406644.0,403155.0,30
201100012802,11,11,8,1700,1,1,1,1.0,1.0,30269,M,4409620.0,391838.0,30
201100012803,11,1,2,1915,4,2,1,1.0,6.0,30132,M,4421095.0,402759.0,30
201100012804,11,4,22,1645,1,2,1,1.0,1.0,30132,M,0.0,0.0,30
201100012805,11,4,28,215,5,2,1,1.0,7.0,30132,M,4421022.0,403099.0,30
201100012806,11,5,16,1400,1,2,1,1.0,6.0,30132,M,4422823.0,401110.0,30
201100012807,11,7,2,115,3,2,1,1.0,3.0,30159,M,4424942.0,408857.0,30
201100012808,11,7,15,1500,1,2,1,1.0,3.0,30132,M,4421656.0,403270.0,30
201100012809,11,7,27,1600,1,2,1,1.0,1.0,30307,M,4421351.0,402062.0,30
201100012810,11,10,29,1015,1,1,1,8.0,3.0,30253,M,4424094.0,410705.0,30
201100012811,11,11,13,1530,1,1,1,1.0,7.0,30142,M,0.0,0.0,30
201100012812,11,11,18,1130,2,1,1,1.0,1.0,30307,M,4420562.0,403378.0,30
201100012813,11,12,14,1345,1,1,1,1.0,6.0,30159,M,4425860.0,407186.0,30
201100012814,11,12,15,1530,1,2,1,1.0,7.0,30307,M,4419910.0,400947.0,30
201100012815,11,1,18,715,3,1,1,5.0,1.0,30197,M,4413756.0,420704.0,30
201100012816,11,2,5,1330,1,2,1,1.0,3.0,30284,M,4418000.0,404800.0,30
201100012817,11,4,8,1745,1,1,1,9.0,3.0,30294,M,4416279.0,412303.0,30
201100012818,11,4,17,1715,1,1,1,1.0,1.0,30294,M,4416279.0,412303.0,30
201100012819,11,5,17,1430,1,1,1,1.0,7.0,30223,M,4419997.0,420965.0,30
201100012820,11,5,17,830,1,2,2,1.0,3.0,30305,M,4416791.0,416275.0,30
201100012821,11,7,1,100,3,1,1,1.0,7.0,30294,M,4412917.0,414337.0,30
201100012822,11,7,12,200,3,1,1,1.0,6.0,30223,M,4421273.0,414867.0,30
201100012823,11,8,31,1330,1,2,1,1.0,6.0,30305,M,0.0,0.0,30
201100012824,11,10,15,1730,1,2,1,1.0,4.0,30274,M,4416309.0,409733.0,30
201100012825,11,1,24,1500,1,2,1,1.0,7.0,30259,M,4408488.0,411158.0,30
201100012826,11,2,12,645,3,1,1,1.0,2.0,30259,M,4409727.0,410418.0,30
201100012827,11,2,23,1900,3,1,1,1.0,6.0,30109,M,4406632.0,423869.0,30
201100012828,11,3,26,1530,1,1,1,1.0,7.0,30068,M,4402097.0,410006.0,30
201100012829,11,3,25,1530,1,2,1,1.0,7.0,30158,M,4404439.0,417755.0,30
201100012830,11,4,30,430,3,1,1,1.0,6.0,30101,M,4407464.0,414604.0,30
201100012831,11,5,2,1400,1,1,1,1.0,1.0,30348,M,4406816.0,411646.0,30
201100012832,11,5,1,2200,3,1,1,1.0,3.0,30147,M,4402184.0,404307.0,30
201100012833,11,5,8,1945,1,1,1,1.0,3.0,30046,M,4400847.0,417391.0,30
201100012834,11,5,14,2300,3,1,1,1.0,6.0,30261,M,4408556.0,419531.0,30
201100012835,11,5,15,1730,1,1,1,1.0,7.0,30002,M,4395731.0,409497.0,30
201100012836,11,5,24,2130,2,1,1,1.0,3.0,30002,M,4396371.0,413049.0,30
201100012837,11,6,19,1230,1,1,1,1.0,7.0,30147,M,4402164.0,404527.0,30
201100012838,11,7,9,1545,1,1,1,1.0,7.0,30348,M,4405406.0,412305.0,30
201100012839,11,7,25,1500,1,1,1,3.0,3.0,30002,M,4396027.0,409860.0,30
201100012840,11,8,1,1730,1,1,1,1.0,4.0,30046,M,0.0,0.0,30
201100012841,11,8,18,1915,1,2,1,1.0,6.0,30348,M,4404374.0,414572.0,30
201100012842,11,8,24,1315,1,1,1,1.0,6.0,30348,M,4403691.0,414045.0,30
201100012843,11,10,26,1145,1,1,2,1.0,3.0,30146,M,4394517.0,410093.0,30
201100012844,11,10,28,15,3,1,1,3.0,6.0,30161,M,4401671.0,410522.0,30
201100012845,11,11,17,2100,3,1,1,1.0,6.0,30259,M,4409167.0,410864.0,30
201100012846,11,12,7,2200,1,1,1,1.0,7.0,30109,M,4406494.0,425123.0,30
201100012847,11,12,24,1245,1,1,1,6.0,6.0,30177,M,4407912.0,420431.0,30
201100012848,11,6,25,1430,1,1,1,1.0,1.0,30345,M,4427876.0,399794.0,30
201100012849,11,1,8,1545,1,1,1,1.0,6.0,30029,M,4430150.0,431258.0,30
201100012850,11,1,8,1330,1,2,1,2.0,6.0,30227,M,4424955.0,419920.0,30
201100012851,11,1,14,1000,1,2,1,1.0,6.0,30266,M,4425783.0,429701.0,30
201100012852,11,3,18,1945,3,1,1,1.0,6.0,30247,M,4423763.0,423668.0,30
201100012853,11,4,11,1830,1,1,2,1.0,1.0,30008,M,4419062.0,421779.0,30
201100012854,11,4,19,1115,1,1,1,1.0,6.0,30029,M,4431357.0,435402.0,30
201100012855,11,5,18,2345,5,2,1,1.0,7.0,30271,M,4421177.0,419672.0,30
201100012856,11,6,21,945,1,1,1,1.0,1.0,30008,M,4410880.0,422676.0,30
201100012857,11,7,5,1600,1,1,1,1.0,4.0,30237,M,4428352.0,419308.0,30
201100012858,11,8,6,1815,1,2,1,3.0,6.0,30120,M,4430794.0,412908.0,30
201100012859,11,8,14,1900,1,1,1,2.0,3.0,30268,M,4423465.0,414056.0,30
201100012860,11,8,20,845,1,2,1,1.0,3.0,30227,M,4425386.0,420188.0,30
201100012861,11,9,3,1100,1,1,1,1.0,6.0,30045,M,4431241.0,408778.0,30
201100012862,11,9,11,1800,1,2,1,1.0,1.0,30216,M,4427928.0,412646.0,30
201100012863,11,10,7,1300,1,1,9,1.0,3.0,30152,M,4423803.0,417195.0,30
201100012864,11,11,2,1300,1,2,1,2.0,5.0,30227,M,4427300.0,419700.0,30
201100012865,11,11,19,945,1,2,1,2.0,6.0,30029,M,4430642.0,434679.0,30
201100012866,11,11,24,845,1,2,1,7.0,6.0,30204,M,4422126.0,423698.0,30
201100012867,11,12,15,130,3,1,1,1.0,6.0,30029,M,4429961.0,434148.0,30
201100012868,11,12,27,1415,1,2,1,1.0,1.0,30215,M,4422475.0,427135.0,30
201100012869,11,2,6,400,3,2,1,1.0,2.0,30030,M,4404981.0,428976.0,30
201100012870,11,2,9,1045,1,1,1,5.0,1.0,30035,M,4408847.0,438967.0,30
201100012871,11,2,25,530,3,1,1,1.0,6.0,30308,M,4397546.0,440095.0,30
201100012872,11,3,6,1930,5,2,1,1.0,6.0,30334,M,4401110.0,441202.0,30
201100012873,11,4,1,2230,3,1,1,1.0,6.0,30334,M,4400196.0,441569.0,30
201100012874,11,4,12,2030,2,1,1,1.0,6.0,30295,M,4403728.0,444355.0,30
201100012875,11,4,16,1845,1,1,1,1.0,7.0,30334,M,4401186.0,439149.0,30
201100012876,11,4,28,1615,1,1,1,1.0,1.0,30338,M,4413252.0,434054.0,30
201100012877,11,4,29,1045,1,2,1,1.0,1.0,30334,M,4400075.0,437405.0,30
201100012878,11,5,3,1800,1,2,1,1.0,1.0,30295,M,4404552.0,443762.0,30
201100012879,11,5,16,800,1,1,1,1.0,7.0,30041,M,4398189.0,436808.0,30
201100012880,11,6,5,1145,1,2,6,2.0,7.0,30334,M,4401162.0,441545.0,30
201100012881,11,6,8,630,1,1,1,1.0,6.0,30334,M,4404602.0,440506.0,30
201100012882,11,8,7,1130,1,1,1,3.0,7.0,30014,M,4400142.0,438030.0,30
201100012883,11,8,14,1730,1,2,1,1.0,7.0,30014,M,0.0,0.0,30
201100012884,11,9,13,1845,1,2,9,7.0,6.0,30334,M,4401120.0,441275.0,30
201100012885,11,10,11,1800,1,1,1,1.0,3.0,30041,M,4397482.0,439980.0,30
201100012886,11,10,15,1800,1,1,1,1.0,7.0,30334,M,4398681.0,441350.0,30
201100012887,11,10,20,900,1,2,1,1.0,1.0,30334,M,4399233.0,442686.0,30
201100012888,11,10,19,1030,1,1,1,1.0,5.0,30319,M,4403861.0,432029.0,30
201100012889,11,11,30,1830,3,1,6,1.0,7.0,30338,M,4413177.0,436500.0,30
201100012890,11,1,30,500,3,1,1,8.0,6.0,30277,M,4421574.0,451814.0,30
201100012891,11,2,25,1645,3,1,9,1.0,1.0,30202,M,4427504.0,462620.0,30
201100012892,11,3,13,1115,1,1,1,3.0,7.0,30288,M,4420487.0,462889.0,30
201100012893,11,3,27,945,1,1,1,1.0,6.0,30175,M,4427930.0,439977.0,30
201100012894,11,4,7,1230,1,2,1,1.0,1.0,30202,M,0.0,0.0,30
201100012895,11,4,22,1745,1,1,1,1.0,3.0,30256,M,4418160.0,456933.0,30
201100012896,11,5,1,130,3,1,1,1.0,6.0,30070,M,4422876.0,456060.0,30
201100012897,11,5,14,145,3,1,1,1.0,6.0,30096,M,4421084.0,450878.0,30
201100012898,11,5,27,1800,1,2,1,1.0,6.0,30202,M,4425898.0,464564.0,30
201100012899,11,5,28,1815,1,1,1,1.0,1.0,30343,M,4418557.0,447749.0,30
201100012900,11,6,15,2245,5,2,1,1.0,5.0,30202,M,4425653.0,464756.0,30
201100012901,11,6,19,1530,1,1,1,1.0,3.0,30202,M,4426230.0,464334.0,30
201100012902,11,6,22,1815,1,1,1,1.0,1.0,30342,M,4421155.0,467530.0,30
201100012903,11,7,16,1215,1,2,1,1.0,4.0,30202,M,4425261.0,464730.0,30
201100012904,11,8,5,1045,1,2,8,1.0,3.0,30202,M,4426337.0,464167.0,30
201100012905,11,8,22,1215,1,1,9,1.0,3.0,30230,M,4423417.0,446275.0,30
201100012906,11,8,27,1245,1,1,1,1.0,2.0,30226,M,4423859.0,463910.0,30
201100012907,11,8,27,1800,1,1,1,1.0,6.0,30175,M,0.0,0.0,30
201100012908,11,8,28,1700,1,1,1,1.0,6.0,30290,M,4427492.0,461730.0,30
201100012909,11,8,30,1800,1,2,1,1.0,6.0,30202,M,4425636.0,464755.0,30
201100012910,11,9,1,800,1,2,1,8.0,6.0,30202,M,4424975.0,464593.0,30
201100012911,11,9,11,1630,1,1,1,1.0,6.0,30230,M,4424485.0,445107.0,30
201100012912,11,10,14,1530,1,1,1,1.0,5.0,30288,M,4418948.0,462320.0,30
201100012913,11,10,31,1530,1,1,1,1.0,1.0,30277,M,4420494.0,452810.0,30
201100012914,11,12,27,1000,1,1,1,1.0,1.0,30256,M,4418043.0,457614.0,30
201100012915,11,1,13,1630,1,2,1,1.0,1.0,30317,M,4391214.0,455338.0,30
201100012916,11,2,12,2015,3,1,1,1.0,3.0,30012,M,4389307.0,468977.0,30
201100012917,11,2,26,1,3,1,6,1.0,7.0,30012,M,4390070.0,469937.0,30
201100012918,11,3,7,30,3,1,1,1.0,6.0,30073,M,4396412.0,457125.0,30
201100012919,11,3,8,1130,1,1,1,1.0,6.0,30340,M,4399426.0,457634.0,30
201100012920,11,5,6,1830,1,2,1,1.0,6.0,30085,M,4395493.0,447838.0,30
201100012921,11,5,18,1000,1,1,1,1.0,1.0,30013,M,4397085.0,449965.0,30
201100012922,11,5,20,1930,1,2,1,1.0,3.0,30012,M,4389197.0,468438.0,30
201100012923,11,5,29,315,3,1,1,1.0,6.0,30336,M,4384281.0,462156.0,30
201100012924,11,5,30,230,3,1,1,1.0,6.0,30346,M,4396644.0,450900.0,30
201100012925,11,6,5,700,2,2,1,2.0,6.0,30085,M,4395869.0,448623.0,30
201100012926,11,6,3,1000,1,2,1,1.0,3.0,30212,M,4394000.0,457381.0,30
201100012927,11,6,27,945,1,1,1,1.0,1.0,30340,M,4400075.0,457879.0,30
201100012928,11,6,27,715,1,1,1,1.0,7.0,30012,M,4388774.0,465320.0,30
201100012929,11,7,13,800,1,1,1,3.0,1.0,30317,M,4392849.0,456053.0,30
201100012930,11,8,11,1445,1,1,1,1.0,1.0,30340,M,4401047.0,457951.0,30
201100012931,11,9,12,1300,1,2,3,1.0,1.0,30012,M,4389733.0,468926.0,30
201100012932,11,10,3,2145,3,1,1,1.0,6.0,30013,M,4397305.0,449581.0,30
201100012933,11,10,7,1930,3,1,1,1.0,6.0,30073,M,4396437.0,457134.0,30
201100012934,11,11,15,630,4,2,1,1.0,6.0,30212,M,4393605.0,455651.0,30
201100012935,11,12,16,1500,1,1,1,1.0,1.0,30107,M,4395900.0,462400.0,30
201100012936,11,2,22,1800,1,1,1,1.0,7.0,30149,M,4402732.0,469753.0,30
201100012937,11,2,24,1700,1,1,1,1.0,1.0,30209,M,4397980.0,474869.0,30
201100012938,11,4,15,1815,1,1,1,1.0,3.0,30209,M,4398483.0,474876.0,30
201100012939,11,5,3,1915,2,1,1,1.0,3.0,30326,M,4400748.0,473500.0,30
201100012940,11,6,9,1845,1,1,1,1.0,3.0,30315,M,4395183.0,471200.0,30
201100012941,11,6,29,30,3,1,1,1.0,6.0,30221,M,4401154.0,473490.0,30
201100012942,11,7,18,730,1,1,1,1.0,6.0,30315,M,4394821.0,469258.0,30
201100012943,11,1,21,1630,1,1,1,1.0,1.0,30354,M,4395042.0,414548.0,30
201100012944,11,3,7,1745,1,1,1,1.0,3.0,30181,M,4390982.0,410829.0,30
201100012945,11,3,27,1315,1,1,1,1.0,7.0,30193,M,4386580.0,421450.0,30
201100012946,11,4,30,1815,1,1,1,1.0,7.0,30228,M,4393869.0,438293.0,30
201100012947,11,5,6,1715,1,1,1,1.0,6.0,30281,M,4384102.0,414156.0,30
201100012948,11,4,29,1115,1,1,1,1.0,2.0,30241,M,0.0,0.0,30
201100012949,11,5,14,1500,1,1,1,2.0,7.0,30088,M,4385491.0,409696.0,30
201100012950,11,5,15,1430,1,1,1,1.0,7.0,30241,M,4396752.0,428179.0,30
201100012951,11,6,1,1730,1,1,1,1.0,6.0,30061,M,4395554.0,423801.0,30
201100012952,11,6,10,1515,1,1,1,1.0,3.0,30049,M,4396917.0,433412.0,30
201100012953,11,7,3,1630,1,1,1,1.0,6.0,30088,M,4386790.0,410208.0,30
201100012954,11,7,6,1715,1,2,1,1.0,6.0,30112,M,4390881.0,420290.0,30
201100012955,11,7,9,130,3,1,1,1.0,7.0,30102,M,4392043.0,428084.0,30
201100012956,11,7,6,1730,1,1,1,1.0,7.0,30228,M,4392684.0,439167.0,30
201100012957,11,8,15,1900,1,1,1,1.0,1.0,30098,M,4389065.0,409884.0,30
201100012958,11,10,14,1730,1,1,1,1.0,4.0,30088,M,4386105.0,414208.0,30
201100012959,11,10,29,915,1,1,1,1.0,6.0,30102,M,4390842.0,428522.0,30
201100012960,11,10,28,1845,3,1,1,1.0,1.0,30014,M,4399579.0,435077.0,30
201100012961,11,11,13,1,3,1,1,1.0,3.0,30088,M,4385916.0,412197.0,30
201100012962,11,11,20,1100,1,1,1,2.0,1.0,30228,M,4393145.0,438706.0,30
201100012963,11,2,6,100,3,1,1,9.0,7.0,30176,M,4392440.0,358781.0,30
201100012964,11,5,1,1515,1,2,1,1.0,3.0,30280,M,4392995.0,365617.0,30
201100012965,11,6,3,1215,1,1,1,1.0,3.0,30026,M,4396875.0,360184.0,30
201100012966,11,6,21,1345,1,1,1,1.0,1.0,30052,M,4398958.0,358104.0,30
201100012967,11,8,5,1045,3,1,1,1.0,6.0,30220,M,4399335.0,368751.0,30
201100012968,11,10,14,745,1,2,1,1.0,6.0,30350,M,4399205.0,360640.0,30
201100012969,11,10,16,1115,1,1,1,1.0,6.0,30009,M,4396531.0,343254.0,30