Num_Acc,an,mois,jour,hrmn,lum,agg,int,atm,col,com,gps,lat,long,dep
201100012970,11,11,26,1700,1,1,1,1.0,1.0,30009,M,4397271.0,345367.0,30
201100012971,11,12,10,330,3,1,1,5.0,6.0,30170,M,4397035.0,355692.0,30
201100012972,11,8,16,200,3,1,1,1.0,7.0,30231,M,4416281.0,366806.0,30
201100012973,11,3,4,1800,1,1,1,1.0,1.0,30349,M,0.0,0.0,30
201100012974,11,5,28,1000,3,2,1,1.0,6.0,30314,M,4396180.0,408380.0,30
201100012975,11,7,30,2230,3,1,1,1.0,6.0,30066,M,4389654.0,408284.0,30
201100012976,11,8,11,1445,1,1,1,1.0,1.0,30265,M,4395634.0,399562.0,30
201100012977,11,10,22,630,3,1,1,1.0,6.0,30069,M,4385492.0,401715.0,30
201100012978,11,10,28,1800,1,1,1,2.0,1.0,30058,M,4395171.0,379717.0,30
201100012979,11,11,23,1330,1,2,1,1.0,6.0,30309,M,4385508.0,404396.0,30
201100012980,11,5,15,300,3,1,1,1.0,6.0,30339,M,4410268.0,352209.0,30
201100012981,11,10,2,1715,1,1,1,1.0,7.0,30105,M,4406893.0,345672.0,30
201100012982,11,3,13,1800,1,1,1,1.0,1.0,48016,M,0.0,0.0,48
201100012983,11,3,28,1430,1,1,1,8.0,7.0,48016,M,0.0,0.0,48
201100012984,11,5,19,1730,1,1,1,1.0,5.0,48137,M,0.0,0.0,48
201100012985,11,6,2,1145,1,1,1,8.0,5.0,48111,M,0.0,0.0,48
201100012986,11,7,4,1815,1,1,1,2.0,7.0,48037,M,0.0,0.0,48
201100012987,11,7,13,1900,1,1,1,1.0,6.0,48137,M,0.0,0.0,48
201100012988,11,7,24,530,2,1,1,1.0,6.0,48137,M,0.0,0.0,48
201100012989,11,7,26,1530,1,2,1,8.0,3.0,48053,M,0.0,0.0,48
201100012990,11,7,29,1830,1,1,1,1.0,6.0,48133,M,0.0,0.0,48
201100012991,11,8,13,1845,1,1,1,1.0,7.0,48111,M,0.0,0.0,48
201100012992,11,9,26,700,2,1,1,1.0,7.0,48137,M,0.0,0.0,48
201100012993,11,10,2,1730,1,1,1,1.0,3.0,48137,M,0.0,0.0,48
201100012994,11,10,23,1745,2,1,1,8.0,1.0,48126,M,4466400.0,338200.0,48
201100012995,11,11,22,1830,3,1,1,1.0,7.0,48027,M,4450800.0,374200.0,48
201100012996,11,5,11,815,1,1,1,1.0,7.0,48150,M,0.0,0.0,48
201100012997,11,6,5,915,1,1,1,2.0,1.0,48080,M,0.0,0.0,48
201100012998,11,6,10,1600,1,1,1,1.0,1.0,48082,M,4458800.0,364500.0,48
201100012999,11,7,21,1100,1,2,1,1.0,2.0,48080,M,0.0,0.0,48
201100013000,11,8,4,1045,1,2,1,1.0,6.0,48080,M,0.0,0.0,48
201100013001,11,8,4,930,1,2,1,1.0,6.0,48139,M,0.0,0.0,48
201100013002,11,9,18,1545,1,1,1,1.0,6.0,48045,M,0.0,0.0,48
201100013003,11,10,9,1200,1,2,1,2.0,6.0,48070,M,4479100.0,363400.0,48
201100013004,11,10,24,1400,1,1,1,2.0,7.0,48151,M,0.0,0.0,48
201100013005,11,11,28,400,3,1,1,5.0,7.0,48129,M,4468400.0,378800.0,48
201100013006,11,12,2,1700,1,1,1,1.0,1.0,48086,M,4465000.0,389500.0,48
201100013007,11,12,28,1630,1,1,1,7.0,6.0,48080,M,0.0,0.0,48
201100013008,11,1,30,1245,1,2,1,1.0,7.0,48117,M,4445000.0,390000.0,48
201100013009,11,6,14,900,1,1,1,1.0,6.0,48119,M,0.0,0.0,48
201100013010,11,6,26,1545,1,1,1,1.0,1.0,48019,M,0.0,0.0,48
201100013011,11,7,9,2300,5,2,9,1.0,6.0,48061,M,0.0,0.0,48
201100013012,11,9,7,1115,1,1,1,1.0,1.0,48162,M,0.0,0.0,48
201100013013,11,4,22,1645,1,1,1,1.0,6.0,48097,M,0.0,0.0,48
201100013014,11,4,30,1830,1,1,1,1.0,7.0,48148,M,0.0,0.0,48
201100013015,11,5,18,1045,1,1,1,1.0,7.0,48148,M,0.0,0.0,48
201100013016,11,7,16,730,1,1,1,1.0,6.0,48036,M,0.0,0.0,48
201100013017,11,7,17,1815,1,1,1,1.0,7.0,48152,M,0.0,0.0,48
201100013018,11,10,13,1915,1,1,1,1.0,6.0,48051,M,0.0,0.0,48
201100013019,11,5,30,1630,1,1,1,1.0,7.0,48146,M,4438000.0,341800.0,48
201100013020,11,7,19,545,2,1,1,3.0,7.0,48146,M,4439700.0,342500.0,48
201100013021,11,7,25,1530,1,1,1,3.0,6.0,48101,M,4429100.0,348400.0,48
201100013022,11,8,1,1800,1,1,1,1.0,6.0,48074,M,4419400.0,341400.0,48
201100013023,11,9,6,1030,1,1,1,1.0,6.0,48096,M,4420700.0,339500.0,48
201100013024,11,12,24,245,3,1,1,2.0,6.0,48176,M,4420600.0,326600.0,48
201100013025,11,1,1,300,3,1,1,1.0,6.0,48055,M,0.0,0.0,48
201100013026,11,1,16,1800,5,2,1,1.0,6.0,48017,M,0.0,0.0,48
201100013027,11,2,5,1500,1,2,1,1.0,3.0,48034,M,0.0,0.0,48
201100013028,11,4,2,2045,2,2,1,1.0,2.0,48092,M,0.0,0.0,48
201100013029,11,4,6,800,1,2,1,1.0,2.0,48017,M,0.0,0.0,48
201100013030,11,4,16,1230,1,2,1,1.0,5.0,48017,M,0.0,0.0,48
201100013031,11,4,19,945,1,1,1,1.0,3.0,48018,M,0.0,0.0,48
201100013032,11,5,24,1015,1,1,1,1.0,6.0,48039,M,0.0,0.0,48
201100013033,11,6,24,500,2,1,1,1.0,6.0,48034,M,0.0,0.0,48
201100013034,11,6,28,2230,3,1,1,1.0,6.0,48017,M,0.0,0.0,48
201100013035,11,10,28,1200,1,1,1,2.0,1.0,48185,M,0.0,0.0,48
201100013036,11,5,10,1345,1,2,1,1.0,6.0,48140,M,0.0,0.0,48
201100013037,11,7,17,1745,1,1,1,2.0,7.0,48047,M,0.0,0.0,48
201100013038,11,10,2,1200,1,1,1,1.0,6.0,48128,M,0.0,0.0,48
201100013039,11,11,2,900,1,1,1,1.0,6.0,48012,M,4482800.0,324000.0,48
201100013040,11,11,21,1445,1,1,1,1.0,3.0,48047,M,0.0,0.0,48
201100013041,11,11,21,2345,3,1,1,1.0,6.0,48063,M,0.0,0.0,48
201100013042,11,12,7,1030,1,1,1,2.0,3.0,48140,M,0.0,0.0,48
201100013043,11,4,17,2015,1,2,1,1.0,6.0,66182,M,0.0,0.0,66
201100013044,11,6,19,515,3,2,1,1.0,6.0,66037,M,4270200.0,301714.0,66
201100013045,11,9,15,1115,1,2,1,1.0,6.0,66037,M,4268171.0,303134.0,66
201100013046,11,7,31,115,3,1,1,1.0,1.0,66037,M,4268650.0,299693.0,66
201100013047,11,8,22,1715,1,1,1,1.0,3.0,66037,M,0.0,0.0,66
201100013048,11,11,7,700,2,1,1,1.0,3.0,66037,M,0.0,0.0,66
201100013049,11,11,29,1830,3,1,1,1.0,1.0,66182,M,0.0,0.0,66
201100013050,11,2,26,1415,1,1,1,1.0,6.0,66227,M,0.0,0.0,66
201100013051,11,6,20,2045,1,1,1,1.0,7.0,66065,M,0.0,0.0,66
201100013052,11,7,2,1200,1,1,1,1.0,3.0,66065,M,0.0,0.0,66
201100013053,11,7,5,1900,1,2,1,1.0,6.0,66065,M,4260139.0,296681.0,66
201100013054,11,9,22,745,2,2,1,1.0,6.0,66065,M,4260354.0,298043.0,66
201100013055,11,11,10,2030,3,1,2,1.0,1.0,66227,M,0.0,0.0,66
201100013056,11,12,7,1800,5,2,6,1.0,3.0,66059,M,4262761.0,294662.0,66
201100013057,11,4,17,1715,1,1,1,1.0,1.0,66187,M,0.0,0.0,66
201100013058,11,6,2,1300,1,1,1,1.0,1.0,66107,M,0.0,0.0,66
201100013059,11,9,22,1930,1,1,1,1.0,1.0,66107,M,0.0,0.0,66
201100013060,11,12,20,1600,1,1,1,1.0,1.0,66187,M,0.0,0.0,66
201100013061,11,12,25,130,5,1,1,1.0,6.0,66071,M,0.0,0.0,66
201100013062,11,9,3,1930,1,1,1,1.0,7.0,66121,M,0.0,0.0,66
201100013063,11,10,21,1645,1,1,1,1.0,2.0,66173,M,0.0,0.0,66
201100013064,11,11,30,1815,3,1,1,1.0,1.0,66108,M,4268589.0,270245.0,66
201100013065,11,12,23,145,5,2,1,1.0,6.0,66174,M,4268176.0,273977.0,66
201100013066,11,1,19,15,3,1,1,1.0,6.0,66164,M,0.0,0.0,66
201100013067,11,1,23,1815,2,1,1,1.0,7.0,66069,M,0.0,0.0,66
201100013068,11,2,8,1715,1,1,1,1.0,6.0,66190,M,0.0,0.0,66
201100013069,11,4,17,345,3,1,1,1.0,6.0,66190,M,4272410.0,301646.0,66
201100013070,11,7,19,1030,1,2,1,1.0,6.0,66014,M,4274951.0,280598.0,66
201100013071,11,9,29,1500,1,1,1,1.0,1.0,66069,M,4280264.0,284213.0,66
201100013072,11,10,16,330,3,1,1,1.0,7.0,66138,M,0.0,0.0,66
201100013073,11,10,25,2100,3,1,1,1.0,6.0,66069,M,0.0,0.0,66
201100013074,11,11,29,930,1,1,1,1.0,3.0,66164,M,0.0,0.0,66
201100013075,11,12,4,1330,1,1,1,1.0,6.0,66164,M,0.0,0.0,66
201100013076,11,7,16,1645,1,2,7,1.0,6.0,66171,M,4262260.0,303668.0,66
201100013077,11,7,23,2345,3,1,1,1.0,1.0,66208,M,0.0,0.0,66
201100013078,11,10,25,1400,1,1,1,1.0,6.0,66208,M,0.0,0.0,66
201100013079,11,5,2,930,1,1,1,1.0,1.0,66017,M,0.0,0.0,66
201100013080,11,5,17,1345,1,1,9,1.0,3.0,66212,M,0.0,0.0,66
201100013081,11,6,27,845,1,1,1,1.0,6.0,66176,M,4278100.0,295700.0,66
201100013082,11,8,9,1700,1,1,1,1.0,1.0,66180,M,0.0,0.0,66
201100013083,11,8,21,415,3,1,1,1.0,1.0,66180,M,0.0,0.0,66
201100013084,11,8,30,1415,1,2,1,1.0,3.0,66017,M,4278329.0,303439.0,66
201100013085,11,9,4,715,1,1,1,1.0,5.0,66180,M,0.0,0.0,66
201100013086,11,12,9,1515,1,2,1,1.0,2.0,66180,M,4277419.0,299350.0,66
201100013087,11,2,28,1145,1,2,6,1.0,6.0,66210,M,4263723.0,276154.0,66
201100013088,11,3,19,1430,1,1,1,1.0,4.0,66226,M,0.0,0.0,66
201100013089,11,4,13,1745,1,1,1,1.0,1.0,66210,M,0.0,0.0,66
201100013090,11,8,4,130,3,1,1,1.0,6.0,66144,M,0.0,0.0,66
201100013091,11,8,15,800,1,2,1,1.0,7.0,66210,M,4263524.0,274431.0,66
201100013092,11,9,2,1430,1,1,1,1.0,3.0,66226,M,0.0,0.0,66
201100013093,11,9,23,1130,1,2,1,1.0,3.0,66217,M,0.0,0.0,66
201100013094,11,11,2,1000,1,1,1,1.0,5.0,66044,M,0.0,0.0,66
201100013095,11,11,2,1800,3,1,1,1.0,7.0,66084,M,0.0,0.0,66
201100013096,11,11,10,1545,1,1,1,1.0,7.0,66217,M,0.0,0.0,66
201100013097,11,12,12,815,1,2,6,1.0,3.0,66210,M,4263020.0,275170.0,66
201100013098,11,1,19,1445,1,2,1,1.0,6.0,66003,M,0.0,0.0,66
201100013099,11,2,6,530,3,1,1,1.0,7.0,66060,M,0.0,0.0,66
201100013100,11,3,6,1930,5,2,1,1.0,1.0,66009,M,0.0,0.0,66
201100013101,11,3,28,845,1,2,1,1.0,6.0,66003,M,4247532.0,266854.0,66
201100013102,11,9,7,1600,1,1,1,1.0,1.0,66160,M,0.0,0.0,66
201100013103,11,10,14,1630,1,1,1,1.0,1.0,66160,M,0.0,0.0,66
201100013104,11,10,28,1500,1,1,1,3.0,1.0,66116,M,0.0,0.0,66
201100013105,11,11,19,1215,1,1,1,1.0,3.0,66160,M,0.0,0.0,66
201100013106,11,4,9,500,3,1,1,1.0,1.0,66008,M,0.0,0.0,66
201100013107,11,6,18,1015,1,2,1,1.0,6.0,66008,M,4254827.0,302066.0,66
201100013108,11,6,29,730,1,1,1,1.0,3.0,66008,M,4255120.0,299132.0,66
201100013109,11,9,5,615,5,2,1,1.0,1.0,66008,M,4255247.0,302570.0,66
201100013110,11,4,1,2330,3,1,1,1.0,1.0,66115,M,0.0,0.0,66
201100013111,11,7,17,1045,1,1,1,1.0,5.0,66115,M,0.0,0.0,66
201100013112,11,12,27,1030,1,1,1,1.0,7.0,66016,M,0.0,0.0,66
201100013113,11,3,18,1430,1,1,1,1.0,2.0,66214,M,0.0,0.0,66
201100013114,11,4,22,1845,2,1,1,3.0,1.0,66106,M,0.0,0.0,66
201100013115,11,4,22,1845,2,1,1,3.0,1.0,66106,M,0.0,0.0,66
201100013116,11,5,11,1445,1,1,1,1.0,1.0,66178,M,0.0,0.0,66
201100013117,11,5,28,1730,1,1,1,1.0,3.0,66178,M,0.0,0.0,66
201100013118,11,5,28,1715,1,1,1,1.0,1.0,66063,M,0.0,0.0,66
201100013119,11,7,10,1245,1,1,1,1.0,1.0,66137,M,0.0,0.0,66
201100013120,11,7,22,1830,1,1,1,1.0,7.0,66063,M,0.0,0.0,66
201100013121,11,9,8,1245,1,1,1,1.0,2.0,66106,M,0.0,0.0,66
201100013122,11,5,5,1555,1,1,1,1.0,1.0,66053,M,0.0,0.0,66
201100013123,11,8,4,15,3,1,1,1.0,1.0,66053,M,0.0,0.0,66
201100013124,11,8,21,700,2,1,1,1.0,7.0,66053,M,0.0,0.0,66
201100013125,11,1,17,745,2,1,1,9.0,7.0,66150,M,0.0,0.0,66
201100013126,11,2,6,1645,1,1,1,1.0,4.0,66074,M,0.0,0.0,66
201100013127,11,3,10,1645,1,1,1,1.0,1.0,66125,M,0.0,0.0,66
201100013128,11,5,28,1015,1,1,1,1.0,3.0,66036,M,0.0,0.0,66
201100013129,11,6,2,700,2,2,1,1.0,6.0,66149,M,0.0,0.0,66
201100013130,11,7,9,1700,1,1,1,1.0,6.0,66149,M,0.0,0.0,66
201100013131,11,7,21,1015,1,2,9,1.0,6.0,66149,M,4261498.0,242382.0,66
201100013132,11,9,24,1030,1,2,6,1.0,3.0,66149,M,4261912.0,242574.0,66
201100013133,11,12,31,1800,3,1,1,2.0,6.0,66095,M,0.0,0.0,66
201100013134,11,1,30,530,3,1,1,4.0,7.0,66147,M,0.0,0.0,66
201100013135,11,4,10,2030,3,1,1,1.0,1.0,66025,M,4245029.0,195595.0,66
201100013136,11,4,27,1545,1,2,1,1.0,6.0,66130,M,0.0,0.0,66
201100013137,11,7,10,1515,1,1,1,1.0,1.0,66146,M,0.0,0.0,66
201100013138,11,8,1,1330,1,1,1,1.0,3.0,66146,M,0.0,0.0,66
201100013139,11,3,12,430,3,1,1,4.0,1.0,66098,M,0.0,0.0,66
201100013140,11,8,13,500,5,2,1,1.0,7.0,66004,M,4257754.0,207415.0,66
201100013141,11,8,13,1100,1,2,1,1.0,2.0,66188,M,4248763.0,211867.0,66
201100013142,11,12,30,1930,3,1,1,2.0,1.0,66020,M,0.0,0.0,66
201100013143,11,2,12,945,1,1,1,1.0,1.0,66151,M,4273370.0,246338.0,66
201100013144,11,3,17,1545,1,1,1,1.0,1.0,66103,M,0.0,0.0,66
201100013145,11,6,11,1530,1,1,1,8.0,1.0,66103,M,0.0,0.0,66
201100013146,11,10,21,1645,1,1,1,1.0,1.0,66088,M,0.0,0.0,66
201100013147,11,6,30,1845,1,1,1,1.0,2.0,20085,M,0.0,0.0,201
201100013148,11,7,2,1100,1,1,1,1.0,1.0,20104,M,0.0,0.0,201
201100013149,11,7,16,330,5,2,1,1.0,3.0,20130,M,0.0,0.0,201
201100013150,11,9,13,1600,1,1,1,1.0,3.0,20098,M,0.0,0.0,201
201100013151,11,9,14,2315,5,2,1,1.0,1.0,20008,M,0.0,0.0,201
201100013152,11,2,28,1745,1,1,3,1.0,3.0,20001,M,0.0,0.0,201
201100013153,11,5,9,1545,1,1,1,1.0,3.0,20271,M,0.0,0.0,201
201100013154,11,5,27,1415,1,1,1,1.0,1.0,20017,M,0.0,0.0,201
201100013155,11,6,17,1715,1,1,1,1.0,3.0,20006,M,0.0,0.0,201
201100013156,11,6,21,2015,1,1,1,1.0,1.0,20209,M,0.0,0.0,201
201100013157,11,7,7,845,1,1,1,1.0,1.0,20271,M,0.0,0.0,201
201100013158,11,8,23,1315,1,1,1,1.0,1.0,20017,M,0.0,0.0,201
201100013159,11,8,25,2030,3,1,1,1.0,3.0,20271,M,0.0,0.0,201
201100013160,11,9,11,1900,1,1,1,7.0,3.0,20209,M,0.0,0.0,201
201100013161,11,9,17,530,4,1,1,1.0,6.0,20271,M,0.0,0.0,201
201100013162,11,10,8,730,2,1,1,1.0,7.0,20323,M,0.0,0.0,201
201100013163,11,4,14,1730,1,1,1,1.0,7.0,20197,M,0.0,0.0,201
201100013164,11,4,25,1345,1,1,1,2.0,6.0,20212,M,0.0,0.0,201
201100013165,11,6,26,1115,1,1,1,1.0,7.0,20212,M,0.0,0.0,201
201100013166,11,8,26,1745,1,1,1,1.0,7.0,20100,M,0.0,0.0,201
201100013167,11,3,25,1200,1,1,1,1.0,6.0,20163,M,0.0,0.0,201
201100013168,11,5,1,300,5,1,1,2.0,6.0,20041,M,0.0,0.0,201
201100013169,11,5,9,945,1,1,1,1.0,1.0,20041,M,0.0,0.0,201
201100013170,11,5,14,1700,1,1,1,1.0,1.0,20215,M,0.0,0.0,201
201100013171,11,5,19,1030,1,1,2,1.0,3.0,20114,M,0.0,0.0,201
201100013172,11,7,18,745,1,1,1,1.0,2.0,20041,M,0.0,0.0,201
201100013173,11,8,1,1730,1,1,1,1.0,7.0,20041,M,0.0,0.0,201
201100013174,11,9,14,1400,1,1,1,1.0,3.0,20041,M,0.0,0.0,201
201100013175,11,12,3,1700,3,1,9,8.0,7.0,20288,M,0.0,0.0,201
201100013176,11,1,13,1745,3,1,1,1.0,1.0,20247,M,0.0,0.0,201
201100013177,11,3,22,1930,5,2,1,1.0,1.0,20247,M,0.0,0.0,201
201100013178,11,5,15,100,3,1,1,1.0,7.0,20247,M,0.0,0.0,201
201100013179,11,7,9,600,2,2,1,1.0,1.0,20247,M,0.0,0.0,201
201100013180,11,7,22,1045,1,1,1,1.0,3.0,20247,M,4159800.0,925900.0,201
201100013181,11,8,5,700,2,1,1,1.0,3.0,20300,M,0.0,0.0,201
201100013182,11,8,12,300,5,2,1,1.0,6.0,20247,M,0.0,0.0,201
201100013183,11,8,12,900,1,1,1,7.0,6.0,20247,M,0.0,0.0,201
201100013184,11,8,16,1200,1,1,1,1.0,1.0,20247,M,0.0,0.0,201
201100013185,11,8,22,1945,3,1,1,1.0,2.0,20247,M,0.0,0.0,201
201100013186,11,9,17,1745,1,1,1,1.0,1.0,20247,M,0.0,0.0,201
201100013187,11,9,24,1515,1,2,1,1.0,3.0,20247,M,0.0,0.0,201
201100013188,11,11,30,830,2,2,1,5.0,1.0,20247,M,0.0,0.0,201
201100013189,11,12,11,1415,1,2,1,1.0,3.0,20247,M,0.0,0.0,201
201100013190,11,4,6,945,1,1,1,1.0,6.0,20272,M,0.0,0.0,201
201100013191,11,4,22,1500,1,1,1,1.0,3.0,20272,M,0.0,0.0,201
201100013192,11,4,29,1715,1,1,1,1.0,1.0,20272,M,0.0,0.0,201
201100013193,11,7,19,1600,1,1,1,3.0,7.0,20272,M,0.0,0.0,201
201100013194,11,8,15,2000,1,1,1,1.0,7.0,20272,M,0.0,0.0,201
201100013195,11,10,26,1500,1,1,1,1.0,7.0,20272,M,0.0,0.0,201
201100013196,11,11,26,1945,3,1,1,1.0,1.0,20272,M,0.0,0.0,201
201100013197,11,5,8,1200,1,2,1,1.0,3.0,20142,M,0.0,0.0,201
201100013198,11,7,23,1715,1,1,1,1.0,3.0,20018,M,0.0,0.0,201
201100013199,11,8,17,2130,3,1,1,1.0,1.0,20362,M,0.0,0.0,201
201100013200,11,8,20,1145,1,1,1,1.0,1.0,20191,M,0.0,0.0,201
201100013201,11,8,28,630,2,1,1,1.0,6.0,20362,M,0.0,0.0,201
201100013202,11,5,4,1300,1,1,1,1.0,7.0,20284,M,0.0,0.0,201
201100013203,11,6,1,2000,1,1,1,1.0,7.0,20211,M,0.0,0.0,201
201100013204,11,8,4,315,3,1,1,1.0,6.0,20071,M,0.0,0.0,201
201100013205,11,10,5,2330,3,1,1,1.0,6.0,20071,M,0.0,0.0,201
201100013206,11,4,11,1915,1,1,1,1.0,1.0,20189,M,0.0,0.0,201
201100013207,11,5,19,1445,1,1,1,1.0,1.0,20249,M,4168600.0,895900.0,201
201100013208,11,6,3,1630,1,1,1,1.0,1.0,20189,M,0.0,0.0,201
201100013209,11,7,21,1645,1,1,1,1.0,7.0,20189,M,0.0,0.0,201
201100013210,11,1,1,2030,3,1,1,1.0,6.0,20148,M,0.0,0.0,202
201100013211,11,2,9,1200,1,1,1,1.0,6.0,20042,M,0.0,0.0,202
201100013212,11,2,9,815,1,1,8,1.0,1.0,20148,M,0.0,0.0,202
201100013213,11,4,1,530,1,1,1,1.0,6.0,20350,M,0.0,0.0,202
201100013214,11,4,2,1430,1,1,1,1.0,3.0,20350,M,0.0,0.0,202
201100013215,11,4,28,1730,1,1,1,2.0,1.0,20350,M,0.0,0.0,202
201100013216,11,4,30,1400,2,1,1,1.0,1.0,20042,M,0.0,0.0,202
201100013217,11,5,16,1745,1,2,1,1.0,1.0,20148,M,0.0,0.0,202
201100013218,11,5,29,1000,1,1,1,1.0,3.0,20355,M,0.0,0.0,202
201100013219,11,7,18,1215,1,2,9,1.0,5.0,20042,M,0.0,0.0,202
201100013220,11,7,27,1630,1,1,1,2.0,5.0,20355,M,0.0,0.0,202
201100013221,11,8,19,1145,1,1,1,1.0,1.0,20148,M,0.0,0.0,202
201100013222,11,11,2,2100,3,1,1,1.0,6.0,20350,M,0.0,0.0,202
201100013223,11,11,3,1900,5,2,1,1.0,1.0,20148,M,0.0,0.0,202
201100013224,11,2,12,1845,1,2,1,1.0,6.0,20043,M,0.0,0.0,202
201100013225,11,4,3,1900,5,2,1,1.0,3.0,20305,M,0.0,0.0,202
201100013226,11,4,13,1845,1,2,1,1.0,6.0,20309,M,0.0,0.0,202
201100013227,11,4,23,1600,1,1,1,2.0,7.0,20224,M,0.0,0.0,202
201100013228,11,6,28,1015,1,2,1,1.0,6.0,20152,M,0.0,0.0,202
201100013229,11,6,5,400,5,2,1,1.0,7.0,20309,M,0.0,0.0,202
201100013230,11,7,12,2100,3,1,1,1.0,3.0,20152,M,0.0,0.0,202
201100013231,11,8,13,1500,1,2,1,1.0,1.0,20305,M,0.0,0.0,202
201100013232,11,8,27,1215,1,1,1,1.0,1.0,20046,M,0.0,0.0,202
201100013233,11,8,30,1700,1,1,1,1.0,1.0,20281,M,0.0,0.0,202
201100013234,11,11,23,1215,1,1,1,1.0,7.0,20224,M,0.0,0.0,202
201100013235,11,11,30,900,1,2,1,1.0,1.0,20305,M,0.0,0.0,202
201100013236,11,12,7,1900,5,2,1,6.0,3.0,20305,M,0.0,0.0,202
201100013237,11,2,8,1215,1,1,1,1.0,7.0,20265,M,0.0,0.0,202
201100013238,11,3,14,1345,1,1,1,1.0,6.0,20029,M,0.0,0.0,202
201100013239,11,4,16,745,1,1,1,8.0,1.0,20185,M,0.0,0.0,202
201100013240,11,5,8,1730,1,1,1,1.0,7.0,20314,M,0.0,0.0,202
201100013241,11,5,29,1200,1,1,1,1.0,1.0,20188,M,0.0,0.0,202
201100013242,11,6,2,1415,1,1,1,1.0,3.0,20314,M,0.0,0.0,202
201100013243,11,6,7,1630,1,1,1,2.0,4.0,20185,M,0.0,0.0,202
201100013244,11,6,26,330,3,1,1,1.0,6.0,20185,M,0.0,0.0,202
201100013245,11,7,12,2130,2,1,1,1.0,7.0,20188,M,0.0,0.0,202
201100013246,11,8,8,1045,1,2,1,1.0,2.0,20298,M,0.0,0.0,202
201100013247,11,8,27,615,2,1,1,1.0,6.0,20185,M,0.0,0.0,202
201100013248,11,8,28,930,1,1,1,1.0,7.0,20172,M,0.0,0.0,202
201100013249,11,11,10,1745,3,1,1,1.0,3.0,20298,M,0.0,0.0,202
201100013250,11,1,14,1900,5,1,1,1.0,1.0,20050,M,0.0,0.0,202
201100013251,11,2,6,1200,1,1,1,1.0,7.0,20150,M,0.0,0.0,202
201100013252,11,4,20,1500,1,1,1,1.0,3.0,20050,M,0.0,0.0,202
201100013253,11,5,16,1530,1,2,1,1.0,6.0,20150,M,0.0,0.0,202
201100013254,11,6,3,2215,3,1,1,1.0,1.0,20150,M,0.0,0.0,202
201100013255,11,7,2,1900,1,1,1,1.0,6.0,20138,M,0.0,0.0,202
201100013256,11,7,31,1315,1,1,1,1.0,1.0,20121,M,0.0,0.0,202
201100013257,11,8,6,715,1,2,1,7.0,2.0,20050,M,0.0,0.0,202
201100013258,11,9,18,1300,1,1,1,1.0,3.0,20150,M,0.0,0.0,202
201100013259,11,10,6,1200,1,1,1,1.0,3.0,20049,M,0.0,0.0,202
201100013260,11,11,18,1630,1,2,9,1.0,6.0,20050,M,0.0,0.0,202
201100013261,11,1,12,215,3,1,1,2.0,7.0,20168,M,0.0,0.0,202
201100013262,11,2,13,1230,1,2,1,1.0,7.0,20134,M,0.0,0.0,202
201100013263,11,4,8,1345,1,2,9,1.0,3.0,20168,M,0.0,0.0,202
201100013264,11,5,7,1145,1,1,1,1.0,3.0,20093,M,0.0,0.0,202
201100013265,11,6,8,300,3,2,1,2.0,6.0,20316,M,0.0,0.0,202
201100013266,11,7,5,2000,1,1,1,1.0,7.0,20093,M,0.0,0.0,202
201100013267,11,7,23,100,3,1,1,1.0,3.0,20093,M,0.0,0.0,202
201100013268,11,7,31,700,1,2,1,1.0,1.0,20168,M,0.0,0.0,202
201100013269,11,9,3,100,3,1,1,1.0,6.0,20093,M,0.0,0.0,202
201100013270,11,11,29,1615,1,1,1,1.0,3.0,20010,M,0.0,0.0,202
201100013271,11,1,25,1545,1,1,1,1.0,1.0,20096,M,0.0,0.0,202
201100013272,11,3,11,1400,1,2,1,1.0,3.0,20354,M,0.0,0.0,202
201100013273,11,3,16,1330,1,1,1,1.0,1.0,20329,M,0.0,0.0,202
201100013274,11,4,4,1100,1,2,1,1.0,1.0,20096,M,0.0,0.0,202
201100013275,11,5,22,1800,1,2,2,1.0,2.0,20096,M,0.0,0.0,202
201100013276,11,6,11,1600,1,1,1,1.0,5.0,20126,M,0.0,0.0,202
201100013277,11,6,25,1330,1,1,1,1.0,2.0,20096,M,0.0,0.0,202
201100013278,11,6,27,1030,1,1,1,1.0,7.0,20096,M,0.0,0.0,202
201100013279,11,8,14,1815,1,1,1,1.0,6.0,20260,M,0.0,0.0,202
201100013280,11,9,10,2315,3,1,1,1.0,6.0,20315,M,0.0,0.0,202
201100013281,11,10,27,2315,3,1,1,1.0,6.0,20096,M,0.0,0.0,202
201100013282,11,11,4,915,1,1,1,2.0,1.0,20218,M,0.0,0.0,202
201100013283,11,11,5,1015,1,1,1,2.0,3.0,20074,M,0.0,0.0,202
201100013284,11,12,5,900,1,1,1,1.0,6.0,20074,M,0.0,0.0,202
201100013285,11,12,5,2000,3,1,1,1.0,6.0,20238,M,0.0,0.0,202
201100013286,11,1,17,1030,1,1,1,1.0,7.0,20337,M,0.0,0.0,202
201100013287,11,1,20,2030,3,1,1,2.0,1.0,20079,M,0.0,0.0,202
201100013288,11,1,24,715,1,1,1,1.0,1.0,20140,M,0.0,0.0,202
201100013289,11,4,6,1415,1,1,1,1.0,7.0,20220,M,0.0,0.0,202
201100013290,11,6,25,1315,1,2,1,1.0,2.0,20193,M,0.0,0.0,202
201100013291,11,6,29,1900,1,1,1,1.0,1.0,20337,M,0.0,0.0,202
201100013292,11,7,8,1100,1,1,1,1.0,1.0,20332,M,0.0,0.0,202
201100013293,11,9,12,945,1,1,1,1.0,1.0,20136,M,0.0,0.0,202
201100013294,11,10,17,645,5,2,1,1.0,6.0,20079,M,0.0,0.0,202
201100013295,11,12,25,1745,3,1,1,1.0,1.0,20059,M,0.0,0.0,202
201100013296,11,1,15,1400,1,1,1,1.0,6.0,20123,M,0.0,0.0,202
201100013297,11,2,12,1745,3,1,1,1.0,2.0,20283,M,0.0,0.0,202
201100013298,11,2,26,215,3,1,1,1.0,6.0,20002,M,0.0,0.0,202
201100013299,11,2,27,1815,2,1,1,8.0,1.0,20123,M,0.0,0.0,202
201100013300,11,3,7,1800,2,1,1,1.0,7.0,20002,M,0.0,0.0,202
201100013301,11,4,27,1830,1,2,1,1.0,4.0,20251,M,0.0,0.0,202
201100013302,11,7,10,1615,1,1,1,1.0,6.0,20277,M,0.0,0.0,202