Num_Acc,an,mois,jour,hrmn,lum,agg,int,atm,col,com,gps,lat,long,dep
201100013303,11,7,22,1730,1,1,1,1.0,7.0,20283,M,0.0,0.0,202
201100013304,11,8,13,1845,1,1,9,1.0,2.0,20123,M,0.0,0.0,202
201100013305,11,9,17,1900,1,1,1,1.0,2.0,20123,M,0.0,0.0,202
201100013306,11,9,24,1200,1,1,1,1.0,5.0,20283,M,0.0,0.0,202
201100013307,11,10,15,1015,1,2,6,1.0,6.0,20342,M,0.0,0.0,202
201100013308,11,1,19,1930,3,1,1,1.0,2.0,20143,M,0.0,0.0,202
201100013309,11,2,22,1500,1,1,1,1.0,1.0,20320,M,0.0,0.0,202
201100013310,11,3,23,2000,3,1,1,1.0,1.0,20009,M,0.0,0.0,202
201100013311,11,6,3,1130,1,1,9,1.0,5.0,20143,M,0.0,0.0,202
201100013312,11,8,25,1445,1,1,1,1.0,6.0,20143,M,0.0,0.0,202
201100013313,11,9,21,1715,1,1,1,1.0,6.0,20009,M,0.0,0.0,202
201100013314,11,12,6,1815,1,1,1,1.0,2.0,20143,M,0.0,0.0,202
201100013315,11,2,1,1115,1,1,1,1.0,6.0,20087,M,0.0,0.0,202
201100013316,11,4,6,1600,1,1,1,1.0,1.0,20307,M,0.0,0.0,202
201100013317,11,5,18,1230,1,1,1,1.0,1.0,20335,M,0.0,0.0,202
201100013318,11,6,16,900,1,1,1,1.0,1.0,20087,M,0.0,0.0,202
201100013319,11,9,27,1745,1,1,1,1.0,3.0,20087,M,0.0,0.0,202
201100013320,11,2,21,1500,1,1,1,1.0,1.0,20319,M,0.0,0.0,202
201100013321,11,5,25,1500,1,1,1,1.0,3.0,20318,M,0.0,0.0,202
201100013322,11,6,20,1630,1,1,1,1.0,1.0,20252,M,0.0,0.0,202
201100013323,11,7,1,1630,1,2,1,1.0,1.0,20346,M,0.0,0.0,202
201100013324,11,10,15,1715,1,1,1,1.0,1.0,20286,M,0.0,0.0,202
201100013325,11,11,9,2145,3,1,1,1.0,3.0,20242,M,0.0,0.0,202
201100013326,11,12,6,645,2,1,1,1.0,6.0,20343,M,0.0,0.0,202
201100013327,11,1,16,1150,1,2,1,7.0,2.0,05023,M,4490402.0,662814.0,05
201100013328,11,5,4,1047,1,2,1,1.0,2.0,05023,M,4490220.0,663160.0,05
201100013329,11,5,8,2200,5,2,1,1.0,6.0,05023,M,4489964.0,664117.0,05
201100013330,11,6,5,1500,1,2,6,8.0,2.0,05023,M,4490558.0,662819.0,05
201100013331,11,6,9,1003,1,2,1,1.0,6.0,05023,M,4489310.0,664123.0,05
201100013332,11,6,17,1900,1,2,1,1.0,4.0,05023,M,4489400.0,663311.0,05
201100013333,11,7,22,1750,1,2,1,1.0,2.0,05023,M,4489477.0,663317.0,05
201100013334,11,8,6,1620,1,2,7,8.0,6.0,05023,M,4490067.0,664411.0,05
201100013335,11,8,7,2150,3,1,1,2.0,6.0,05023,M,4490494.0,665717.0,05
201100013336,11,8,13,1945,1,2,3,1.0,3.0,05023,M,4489547.0,663089.0,05
201100013337,11,8,19,1025,1,2,1,1.0,6.0,05023,M,4489763.0,663422.0,05
201100013338,11,8,26,1300,1,2,3,1.0,1.0,05023,M,4490562.0,662940.0,05
201100013339,11,9,17,1955,5,2,1,3.0,6.0,05023,M,4489486.0,663314.0,05
201100013340,11,10,25,1515,1,2,1,1.0,5.0,05023,M,4489342.0,663179.0,05
201100013341,11,12,5,1650,1,2,1,1.0,6.0,05023,M,4490768.0,662950.0,05
201100013342,11,1,14,820,1,2,1,1.0,6.0,05061,M,4454901.0,607581.0,05
201100013343,11,1,11,905,1,2,1,1.0,6.0,05061,M,4455176.0,606802.0,05
201100013344,11,1,22,500,5,2,1,1.0,6.0,05061,M,4456690.0,608974.0,05
201100013345,11,3,10,1535,1,2,1,1.0,3.0,05061,M,4456730.0,610230.0,05
201100013346,11,3,11,1640,1,2,3,1.0,6.0,05061,M,4456410.0,608279.0,05
201100013347,11,5,7,1038,1,1,3,1.0,3.0,05061,M,4452262.0,605963.0,05
201100013348,11,6,20,935,1,2,1,1.0,1.0,05061,M,4457453.0,608263.0,05
201100013349,11,6,30,1435,1,2,6,1.0,3.0,05061,M,4454554.0,606291.0,05
201100013350,11,7,1,1713,1,2,1,7.0,6.0,05061,M,4455993.0,607543.0,05
201100013351,11,7,2,915,1,2,1,1.0,6.0,05061,M,4456211.0,608447.0,05
201100013352,11,7,11,1915,1,2,6,1.0,3.0,05061,M,4455805.0,606859.0,05
201100013353,11,7,14,935,1,2,1,1.0,3.0,05061,M,4456270.0,608388.0,05
201100013354,11,7,24,2042,1,2,1,1.0,2.0,05061,M,4456980.0,608667.0,05
201100013355,11,8,3,1620,1,2,3,1.0,3.0,05061,M,4455479.0,607878.0,05
201100013356,11,8,8,2110,2,2,3,1.0,3.0,05061,M,4454659.0,606432.0,05
201100013357,11,8,18,1900,1,2,1,1.0,5.0,05061,M,4455827.0,608275.0,05
201100013358,11,9,5,1835,1,2,6,1.0,3.0,05061,M,4456206.0,608397.0,05
201100013359,11,8,24,1200,1,2,1,1.0,6.0,05061,M,4454214.0,606119.0,05
201100013360,11,9,1,1000,1,2,1,1.0,6.0,05061,M,4456361.0,609198.0,05
201100013361,11,9,14,835,1,2,9,1.0,4.0,05061,M,4453647.0,605206.0,05
201100013362,11,9,28,1840,1,2,1,1.0,6.0,05061,M,4456142.0,608191.0,05
201100013363,11,9,28,1241,1,2,3,1.0,3.0,05061,M,4456635.0,610509.0,05
201100013364,11,10,31,900,1,2,3,1.0,6.0,05061,M,4454900.0,607586.0,05
201100013365,11,11,14,1430,1,2,2,1.0,3.0,05061,M,4454974.0,606517.0,05
201100013366,11,11,12,1645,1,2,2,1.0,3.0,05061,M,4455999.0,607563.0,05
201100013367,11,11,20,1702,2,2,1,1.0,6.0,05061,M,4455455.0,607425.0,05
201100013368,11,11,16,919,1,2,6,1.0,6.0,05061,M,4455584.0,607874.0,05
201100013369,11,11,16,1018,1,2,3,1.0,2.0,05061,M,4455696.0,607586.0,05
201100013370,11,12,5,1625,1,2,1,1.0,6.0,05061,M,4455834.0,606949.0,05
201100013371,11,12,27,1745,2,2,9,1.0,3.0,05061,M,4457563.0,611321.0,05
201100013372,11,9,19,315,5,1,1,2.0,6.0,78531,M,4901100.0,161800.0,78
201100013373,11,9,27,1800,1,1,1,7.0,1.0,78346,M,4893200.0,160900.0,78
201100013374,11,11,18,245,5,2,1,1.0,6.0,78231,M,4894700.0,164400.0,78
201100013375,11,1,4,815,1,2,1,1.0,6.0,78337,M,4906460.0,155722.0,78
201100013376,11,1,20,600,2,1,1,5.0,6.0,78276,M,4906700.0,158900.0,78
201100013377,11,2,1,730,2,1,1,1.0,6.0,78255,M,4904180.0,161108.0,78
201100013378,11,4,17,2000,1,2,1,1.0,3.0,78089,M,4903740.0,158044.0,78
201100013379,11,7,15,1545,1,2,1,1.0,2.0,78528,M,0.0,0.0,78
201100013380,11,8,2,1545,1,2,1,1.0,1.0,78089,M,0.0,0.0,78
201100013381,11,10,4,1815,1,1,3,1.0,3.0,78320,M,0.0,0.0,78
201100013382,11,10,20,1315,1,1,1,1.0,7.0,78255,M,0.0,0.0,78
201100013383,11,10,27,1730,1,2,1,8.0,7.0,78255,M,0.0,0.0,78
201100013384,11,12,4,1930,3,1,1,2.0,6.0,78320,M,0.0,0.0,78
201100013385,11,12,17,1845,3,1,2,2.0,1.0,78391,M,0.0,0.0,78
201100013386,11,1,21,1545,1,1,1,9.0,3.0,78246,M,4904400.0,177500.0,78
201100013387,11,2,18,1600,1,1,1,2.0,7.0,78246,M,4904240.0,173825.0,78
201100013388,11,5,5,1130,1,1,2,1.0,1.0,78246,M,4903700.0,174900.0,78
201100013389,11,5,29,230,3,1,1,1.0,7.0,78246,M,0.0,0.0,78
201100013390,11,7,8,1930,1,2,3,1.0,3.0,78246,M,4902800.0,175800.0,78
201100013391,11,7,30,1600,1,2,2,1.0,6.0,78113,M,4903500.0,182100.0,78
201100013392,11,10,26,1230,1,1,1,1.0,7.0,78246,M,0.0,0.0,78
201100013393,11,11,19,1545,1,1,1,1.0,6.0,78567,M,4905200.0,169200.0,78
201100013394,11,1,19,730,3,1,1,5.0,5.0,78381,M,4879420.0,162347.0,78
201100013395,11,4,25,1645,1,1,1,1.0,1.0,78310,M,4879490.0,158675.0,78
201100013396,11,7,3,2030,1,1,1,7.0,3.0,78263,M,4880300.0,169500.0,78
201100013397,11,7,15,1345,1,1,2,1.0,3.0,78263,M,4880200.0,170900.0,78
201100013398,11,9,14,745,2,1,1,7.0,2.0,78048,M,0.0,0.0,78
201100013399,11,10,31,1800,5,2,2,1.0,6.0,78310,M,4879600.0,160200.0,78
201100013400,11,2,13,1900,3,1,1,1.0,3.0,78380,M,4890700.0,184800.0,78
201100013401,11,5,23,2200,5,2,1,1.0,6.0,78380,M,0.0,0.0,78
201100013402,11,7,26,2345,3,2,1,1.0,6.0,78380,M,4891700.0,185900.0,78
201100013403,11,11,24,1130,1,2,3,1.0,3.0,78451,M,4894900.0,183600.0,78
201100013404,11,4,26,1800,1,1,1,1.0,6.0,78192,M,4891280.0,160291.0,78
201100013405,11,6,10,1015,1,1,1,1.0,1.0,78474,M,0.0,0.0,78
201100013406,11,10,15,1200,1,1,1,1.0,3.0,78020,M,0.0,0.0,78
201100013407,11,10,27,1615,1,2,1,1.0,3.0,78618,M,0.0,0.0,78
201100013408,11,10,20,2015,5,2,1,1.0,1.0,78591,M,0.0,0.0,78
201100013409,11,11,1,845,1,2,3,1.0,3.0,78530,M,0.0,0.0,78
201100013410,11,11,21,1515,1,2,1,1.0,7.0,78465,M,0.0,0.0,78
201100013411,11,11,27,800,2,1,1,8.0,1.0,78597,M,0.0,0.0,78
201100013412,11,12,9,700,2,1,1,2.0,7.0,78291,M,0.0,0.0,78
201100013413,11,1,8,1030,1,1,4,6.0,6.0,78108,M,4873120.0,183496.0,78
201100013414,11,3,27,1500,1,1,1,8.0,5.0,78030,M,4869470.0,190765.0,78
201100013415,11,4,10,1700,1,1,1,1.0,5.0,78030,M,0.0,0.0,78
201100013416,11,6,3,1645,1,1,1,1.0,3.0,78030,M,0.0,0.0,78
201100013417,11,6,4,1330,1,1,2,1.0,1.0,78209,M,0.0,0.0,78
201100013418,11,6,24,2030,1,1,1,1.0,1.0,78307,M,0.0,0.0,78
201100013419,11,8,5,2345,3,1,2,2.0,6.0,78655,M,0.0,0.0,78
201100013420,11,9,16,845,1,1,1,1.0,7.0,78464,M,0.0,0.0,78
201100013421,11,10,16,1730,1,1,1,1.0,1.0,78030,M,0.0,0.0,78
201100013422,11,10,23,1,5,2,1,1.0,1.0,78557,M,0.0,0.0,78
201100013423,11,1,23,800,2,1,1,2.0,6.0,78003,M,4852800.0,186019.0,78
201100013424,11,1,25,1815,4,1,1,2.0,1.0,78478,M,4847520.0,185426.0,78
201100013425,11,2,4,1645,1,1,1,2.0,3.0,78003,M,4852600.0,185727.0,78
201100013426,11,6,19,1815,1,1,1,8.0,6.0,78003,M,4852100.0,184200.0,78
201100013427,11,9,22,2015,3,2,1,1.0,6.0,78125,M,4864600.0,196500.0,78
201100013428,11,12,26,1300,1,1,1,1.0,2.0,78506,M,4855200.0,179000.0,78
201100013429,11,1,7,1715,2,2,1,1.0,6.0,78575,M,0.0,0.0,78
201100013430,11,3,26,1200,1,1,1,1.0,6.0,78334,M,0.0,0.0,78
201100013431,11,6,2,1830,1,1,1,1.0,4.0,78128,M,4813600.0,157000.0,78
201100013432,11,6,7,1500,1,2,1,3.0,6.0,78575,M,0.0,0.0,78
201100013433,11,7,10,2000,1,1,1,1.0,1.0,78548,M,0.0,0.0,78
201100013434,11,9,16,1930,1,2,1,1.0,6.0,78160,M,0.0,0.0,78
201100013435,11,12,29,2015,5,2,1,2.0,6.0,78160,M,0.0,0.0,78
201100013436,11,1,3,2115,3,1,1,1.0,6.0,78443,M,4881700.0,188000.0,78
201100013437,11,4,12,1745,1,2,1,1.0,1.0,78576,M,4875780.0,188084.0,78
201100013438,11,4,27,1645,1,1,2,1.0,3.0,78443,M,4880900.0,186800.0,78
201100013439,11,5,5,830,1,1,1,1.0,5.0,78389,M,4880600.0,182000.0,78
201100013440,11,6,24,1645,1,2,1,1.0,6.0,78562,M,0.0,0.0,78
201100013441,11,8,4,1115,1,1,1,1.0,1.0,78443,M,4881500.0,186500.0,78
201100013442,11,8,17,1330,1,1,2,1.0,3.0,78443,M,4880800.0,186600.0,78
201100013443,11,9,19,1745,1,1,1,1.0,5.0,78576,M,4875500.0,188300.0,78
201100013444,11,10,8,1130,1,1,1,1.0,7.0,78443,M,4883100.0,185700.0,78
201100013445,11,10,10,1015,1,1,1,1.0,1.0,78050,M,0.0,0.0,78
201100013446,11,10,16,830,5,1,1,1.0,6.0,78389,M,4880600.0,181600.0,78
201100013447,11,11,21,2215,5,2,1,1.0,6.0,78389,M,4880100.0,181600.0,78
201100013448,11,3,1,40,3,2,1,1.0,6.0,78321,M,0.0,0.0,78
201100013449,11,4,17,345,3,1,3,1.0,6.0,78321,M,4878750.0,191824.0,78
201100013450,11,5,19,1830,1,1,8,1.0,1.0,78550,M,0.0,0.0,78
201100013451,11,7,8,700,1,1,1,1.0,1.0,78615,M,4840400.0,155300.0,78
201100013452,11,7,30,1045,1,2,1,1.0,2.0,78321,M,0.0,0.0,78
201100013453,11,11,16,1900,3,1,1,1.0,3.0,78321,M,4878600.0,191700.0,78
201100013454,11,4,11,2000,2,1,1,1.0,6.0,78404,M,4879820.0,173450.0,78
201100013455,11,12,10,1530,1,2,1,1.0,1.0,78265,M,0.0,0.0,78
201100013456,11,1,14,1915,5,2,2,2.0,6.0,78537,M,4857210.0,193720.0,78
201100013457,11,3,10,545,5,1,6,1.0,6.0,78009,M,4845560.0,191374.0,78
201100013458,11,4,19,1515,1,1,1,1.0,7.0,78601,M,4860160.0,186533.0,78
201100013459,11,5,23,1515,1,1,1,1.0,6.0,78601,M,0.0,0.0,78
201100013460,11,5,29,1900,1,1,1,1.0,2.0,78087,M,4860600.0,200700.0,78
201100013461,11,6,18,1100,1,1,1,9.0,1.0,78349,M,0.0,0.0,78
201100013462,11,10,29,1530,1,1,1,1.0,7.0,78349,M,4858000.0,199100.0,78
201100013463,11,11,8,1615,1,1,1,2.0,7.0,78601,M,4857200.0,189000.0,78
201100013464,11,3,24,1230,1,2,2,1.0,3.0,91340,M,0.0,0.0,91
201100013465,11,4,20,915,2,1,1,1.0,6.0,91235,M,0.0,0.0,91
201100013466,11,4,11,2300,5,2,1,1.0,6.0,91235,M,0.0,0.0,91
201100013467,11,4,13,2200,3,2,6,1.0,3.0,91235,M,0.0,0.0,91
201100013468,11,11,11,1900,5,2,1,1.0,1.0,91235,M,4864200.0,236200.0,91
201100013469,11,12,16,1600,1,1,1,8.0,6.0,91235,M,4863500.0,235700.0,91
201100013470,11,3,28,1530,1,2,1,1.0,1.0,91386,M,0.0,0.0,91
201100013471,11,5,6,1815,1,2,1,1.0,7.0,91659,M,4858500.0,244500.0,91
201100013472,11,5,21,1300,1,1,2,1.0,3.0,91195,M,4845900.0,247100.0,91
201100013473,11,9,30,1515,1,1,1,1.0,1.0,91180,M,0.0,0.0,91
201100013474,11,1,6,1230,1,1,1,1.0,7.0,91175,M,0.0,0.0,91
201100013475,11,2,1,2000,3,1,1,9.0,2.0,91098,M,0.0,0.0,91
201100013476,11,4,22,1730,1,1,1,7.0,1.0,91547,M,0.0,0.0,91
201100013477,11,7,7,130,3,1,1,1.0,1.0,91175,M,4849200.0,195200.0,91
201100013478,11,8,23,1045,1,1,1,1.0,3.0,91200,M,4853200.0,199500.0,91
201100013479,11,9,28,930,1,2,1,7.0,6.0,91200,M,4853600.0,201200.0,91
201100013480,11,11,3,700,2,1,1,2.0,5.0,91200,M,4854600.0,199600.0,91
201100013481,11,11,26,745,2,2,1,1.0,3.0,91200,M,4853000.0,200500.0,91
201100013482,11,12,2,915,1,2,1,1.0,2.0,91200,M,0.0,0.0,91
201100013483,11,12,18,1100,1,1,1,9.0,7.0,91519,M,0.0,0.0,91
201100013484,11,1,26,730,1,1,1,2.0,1.0,91095,M,0.0,0.0,91
201100013485,11,3,12,1630,1,2,1,1.0,3.0,91095,M,0.0,0.0,91
201100013486,11,3,21,715,1,2,1,1.0,1.0,91330,M,0.0,0.0,91
201100013487,11,5,23,2330,5,2,1,1.0,6.0,91132,M,0.0,0.0,91
201100013488,11,3,4,1630,1,2,1,1.0,3.0,91129,M,0.0,0.0,91
201100013489,11,7,13,1615,1,1,1,1.0,1.0,91080,M,4878800.0,249700.0,91
201100013490,11,7,28,1,3,1,6,1.0,1.0,91315,M,4882700.0,258500.0,91
201100013491,11,11,22,1115,1,2,4,1.0,3.0,91047,M,0.0,0.0,91
201100013492,11,12,15,2230,3,1,1,3.0,6.0,91198,M,4846500.0,231000.0,91
201100013493,11,12,28,2330,5,2,9,1.0,6.0,91047,M,0.0,0.0,91
201100013494,11,1,6,1100,1,1,1,2.0,1.0,91001,M,0.0,0.0,91
201100013495,11,4,18,1315,1,1,1,1.0,1.0,91001,M,0.0,0.0,91
201100013496,11,9,16,700,2,1,1,1.0,1.0,91079,M,4837700.0,216000.0,91
201100013497,11,10,12,745,5,2,1,1.0,6.0,91016,M,0.0,0.0,91
201100013498,11,11,11,530,3,1,1,5.0,1.0,91511,M,4835200.0,199900.0,91
201100013499,11,1,13,2130,3,1,1,1.0,6.0,91546,M,0.0,0.0,91
201100013500,11,2,11,700,2,1,1,9.0,7.0,91630,M,0.0,0.0,91
201100013501,11,4,18,1830,1,2,1,1.0,6.0,91106,M,0.0,0.0,91
201100013502,11,5,22,2300,5,2,1,1.0,6.0,91085,M,0.0,0.0,91
201100013503,11,6,25,215,3,1,1,1.0,6.0,91593,M,0.0,0.0,91
201100013504,11,7,1,1045,1,2,1,1.0,6.0,91540,M,0.0,0.0,91
201100013505,11,3,23,1945,5,2,1,1.0,1.0,91661,M,0.0,0.0,91
201100013506,11,4,10,445,5,2,1,1.0,6.0,91587,M,0.0,0.0,91
201100013507,11,1,23,1115,1,2,1,2.0,1.0,91115,M,0.0,0.0,91
201100013508,11,2,18,1145,1,2,1,1.0,6.0,91461,M,0.0,0.0,91
201100013509,11,4,23,1145,1,2,1,7.0,6.0,91207,M,0.0,0.0,91
201100013510,11,5,7,430,3,1,1,1.0,6.0,91461,M,4860600.0,222200.0,91
201100013511,11,6,2,1800,1,1,1,1.0,2.0,91041,M,4856600.0,223500.0,91
201100013512,11,8,6,1200,1,1,1,8.0,7.0,91156,M,0.0,0.0,91
201100013513,11,9,14,1530,1,1,1,1.0,3.0,91041,M,4856600.0,222700.0,91
201100013514,11,11,8,1050,1,1,1,2.0,6.0,91115,M,0.0,0.0,91
201100013515,11,11,16,1715,2,1,1,1.0,4.0,91041,M,4856700.0,222700.0,91
201100013516,11,12,6,1615,2,1,1,2.0,1.0,91461,M,4859500.0,221900.0,91
201100013517,11,12,18,1000,1,1,1,2.0,2.0,91156,M,4856100.0,227000.0,91
201100013518,11,3,31,845,1,1,1,2.0,1.0,91579,M,0.0,0.0,91
201100013519,11,4,2,1835,1,2,1,1.0,6.0,91376,M,0.0,0.0,91
201100013520,11,5,4,1115,1,2,9,1.0,6.0,91579,M,4854600.0,232900.0,91
201100013521,11,7,13,815,1,1,1,2.0,3.0,91579,M,0.0,0.0,91
201100013522,11,12,8,830,1,1,1,1.0,1.0,91579,M,4854000.0,231400.0,91
201100013523,11,2,11,1530,1,2,2,1.0,3.0,91338,M,0.0,0.0,91
201100013524,11,3,8,1045,1,1,1,7.0,3.0,91338,M,0.0,0.0,91
201100013525,11,4,7,1700,1,2,1,1.0,6.0,91411,M,0.0,0.0,91
201100013526,11,5,8,345,2,1,1,1.0,7.0,91411,M,0.0,0.0,91
201100013527,11,6,4,1315,1,2,1,1.0,1.0,91249,M,0.0,0.0,91
201100013528,11,6,4,2200,3,1,1,8.0,1.0,91319,M,0.0,0.0,91
201100013529,11,6,13,1645,1,1,1,1.0,6.0,91249,M,0.0,0.0,91
201100013530,11,7,20,1930,1,1,1,1.0,2.0,91044,M,0.0,0.0,91
201100013531,11,8,9,1800,1,2,1,1.0,1.0,91587,M,0.0,0.0,91
201100013532,11,10,27,1215,1,1,1,1.0,2.0,91136,M,0.0,0.0,91
201100013533,11,11,29,1615,1,1,1,1.0,6.0,91044,M,0.0,0.0,91
201100013534,11,7,23,1900,1,1,1,8.0,7.0,91534,M,4873200.0,218500.0,91
201100013535,11,9,18,330,3,1,1,3.0,6.0,91534,M,4872400.0,215100.0,91
201100013536,11,10,12,1730,1,2,3,1.0,3.0,91635,M,4873700.0,220400.0,91
201100013537,11,1,8,615,3,1,1,2.0,2.0,91679,M,0.0,0.0,91
201100013538,11,1,13,2030,3,1,1,1.0,1.0,91272,M,0.0,0.0,91
201100013539,11,1,11,900,1,2,1,8.0,3.0,91272,M,0.0,0.0,91
201100013540,11,2,12,1800,3,2,1,2.0,3.0,91272,M,0.0,0.0,91
201100013541,11,2,15,1700,1,2,1,1.0,3.0,91275,M,0.0,0.0,91
201100013542,11,2,22,1120,1,1,2,1.0,3.0,91679,M,0.0,0.0,91
201100013543,11,2,27,1030,1,1,6,1.0,7.0,91275,M,0.0,0.0,91
201100013544,11,3,18,2045,5,2,1,2.0,5.0,91538,M,0.0,0.0,91
201100013545,11,4,4,1630,1,2,1,1.0,1.0,91272,M,0.0,0.0,91
201100013546,11,4,27,815,1,2,1,1.0,1.0,91272,M,0.0,0.0,91
201100013547,11,6,15,915,1,2,1,1.0,1.0,91274,M,0.0,0.0,91
201100013548,11,6,20,1145,1,1,1,1.0,3.0,91272,M,0.0,0.0,91
201100013549,11,7,1,2115,1,1,1,1.0,3.0,91274,M,0.0,0.0,91
201100013550,11,7,5,1200,1,1,1,1.0,1.0,91679,M,0.0,0.0,91
201100013551,11,9,14,900,1,1,1,1.0,7.0,91538,M,0.0,0.0,91
201100013552,11,10,27,930,1,2,5,1.0,3.0,91272,M,0.0,0.0,91
201100013553,11,11,2,845,1,2,6,2.0,3.0,91275,M,0.0,0.0,91
201100013554,11,11,2,730,1,1,1,5.0,1.0,91679,M,0.0,0.0,91
201100013555,11,12,18,1015,1,1,1,9.0,6.0,91538,M,0.0,0.0,91
201100013556,11,1,17,1855,3,1,1,2.0,3.0,95008,M,4908350.0,178500.0,95
201100013557,11,1,28,240,3,1,1,1.0,6.0,95554,M,4917540.0,175240.0,95
201100013558,11,1,15,1515,1,1,1,1.0,1.0,95011,M,4914380.0,167470.0,95
201100013559,11,7,11,1005,1,1,1,1.0,1.0,95355,M,4915830.0,182210.0,95
201100013560,11,7,22,245,3,1,1,1.0,1.0,95541,M,4920220.0,169020.0,95
201100013561,11,7,25,720,1,1,1,8.0,6.0,95309,M,4914330.0,174940.0,95
201100013562,11,8,12,720,1,1,1,1.0,4.0,95355,M,4915030.0,178110.0,95
201100013563,11,8,21,2200,3,1,1,1.0,6.0,95012,M,4911300.0,164990.0,95
201100013564,11,9,11,1545,1,1,1,1.0,1.0,95462,M,4914660.0,172010.0,95
201100013565,11,11,10,230,3,1,1,1.0,7.0,95355,M,4915030.0,178170.0,95
201100013566,11,12,19,830,1,2,1,8.0,7.0,95309,M,4914680.0,177140.0,95
201100013567,11,12,27,830,1,1,4,1.0,3.0,95024,M,4910270.0,179150.0,95
201100013568,11,1,3,1630,1,1,1,1.0,6.0,95054,M,4915550.0,188210.0,95
201100013569,11,1,4,900,1,1,1,1.0,3.0,95177,M,4910630.0,203520.0,95
201100013570,11,4,16,1615,1,2,1,1.0,3.0,95287,M,4913240.0,204930.0,95
201100013571,11,5,24,2300,3,1,1,1.0,1.0,95370,M,4914980.0,199170.0,95
201100013572,11,6,14,1145,1,1,1,8.0,1.0,95271,M,4910410.0,205670.0,95
201100013573,11,7,4,2030,1,1,1,1.0,1.0,95142,M,4916080.0,188270.0,95
201100013574,11,7,15,1330,1,1,1,1.0,5.0,95177,M,4911710.0,203010.0,95
201100013575,11,10,3,1800,1,1,1,1.0,1.0,95287,M,4913670.0,204260.0,95
201100013576,11,10,17,1930,3,1,1,1.0,6.0,95254,M,4911980.0,198910.0,95
201100013577,11,12,26,1315,1,1,1,1.0,3.0,95023,M,4917740.0,209260.0,95
201100013578,11,1,13,915,1,2,1,8.0,1.0,95120,M,4908030.0,219580.0,95
201100013579,11,6,2,620,2,1,1,1.0,7.0,95627,M,4913630.0,209189.0,95
201100013580,11,6,4,400,3,1,1,1.0,7.0,95627,M,4913760.0,211330.0,95
201100013581,11,6,8,1610,1,2,3,8.0,1.0,95628,M,4909340.0,219520.0,95
201100013582,11,8,28,1015,1,1,4,1.0,1.0,95308,M,4910660.0,213310.0,95
201100013583,11,9,26,1730,1,2,1,1.0,1.0,95211,M,4907090.0,210350.0,95
201100013584,11,12,8,1200,1,1,1,1.0,5.0,95211,M,4908590.0,210510.0,95
201100013585,11,1,5,1020,1,1,1,1.0,2.0,95658,M,4907180.0,192380.0,95
201100013586,11,2,10,1745,2,1,1,1.0,1.0,95170,M,4903850.0,194210.0,95
201100013587,11,3,14,1830,2,1,1,1.0,3.0,95535,M,4905710.0,197760.0,95
201100013588,11,4,16,1700,1,1,1,1.0,2.0,95348,M,4907320.0,195430.0,95
201100013589,11,4,17,115,5,2,1,1.0,6.0,95002,M,4909210.0,198290.0,95
201100013590,11,5,13,2105,2,1,1,1.0,3.0,95348,M,4905620.0,191910.0,95
201100013591,11,5,29,145,5,2,1,1.0,6.0,95040,M,4908520.0,187200.0,95
201100013592,11,7,4,1915,1,1,1,1.0,2.0,95658,M,4908090.0,193590.0,95
201100013593,11,8,27,1615,1,1,2,1.0,3.0,95535,M,4904850.0,195580.0,95
201100013594,11,10,7,2015,3,1,1,2.0,3.0,95295,M,4911510.0,186690.0,95
201100013595,11,10,14,845,1,1,1,1.0,6.0,95170,M,4903310.0,193760.0,95
201100013596,11,10,16,1530,1,1,1,1.0,2.0,95535,M,4906510.0,197830.0,95
201100013597,11,4,27,1845,1,1,1,1.0,2.0,95199,M,4902560.0,230860.0,95
201100013598,11,5,4,2330,3,1,1,1.0,2.0,95199,M,4902940.0,234690.0,95
201100013599,11,5,11,1800,1,2,1,1.0,3.0,95489,M,4901850.0,234960.0,95
201100013600,11,7,10,1730,1,2,3,1.0,3.0,95199,M,4902350.0,232530.0,95
201100013601,11,9,14,830,1,2,1,1.0,6.0,95091,M,4904020.0,230990.0,95
201100013602,11,10,28,1230,1,2,1,1.0,3.0,95199,M,4903810.0,234060.0,95
201100013603,11,11,26,1415,1,2,3,1.0,6.0,95199,M,4903570.0,233340.0,95
201100013604,11,12,5,1600,1,2,1,1.0,2.0,95199,M,4903990.0,233980.0,95
201100013605,11,3,27,1800,1,2,1,2.0,1.0,95229,M,4903190.0,236060.0,95
201100013606,11,7,13,1845,1,1,1,1.0,1.0,95395,M,4904090.0,239440.0,95
201100013607,11,9,24,1400,1,1,1,1.0,2.0,95205,M,4902280.0,238650.0,95
201100013608,11,9,30,1815,1,2,1,1.0,6.0,95229,M,4903250.0,235780.0,95
201100013609,11,10,7,1430,1,1,9,1.0,6.0,95205,M,4902140.0,237260.0,95
201100013610,11,11,9,845,1,2,1,8.0,3.0,95229,M,4903790.0,234060.0,95
201100013611,11,8,22,1445,1,2,1,1.0,6.0,95351,M,4904810.0,249770.0,95
201100013612,11,1,7,1915,3,1,6,2.0,3.0,77217,M,4868100.0,266500.0,77
201100013613,11,1,14,1815,3,1,1,3.0,5.0,77252,M,4863600.0,268000.0,77
201100013614,11,4,11,1600,1,1,1,1.0,7.0,77127,M,0.0,0.0,77