Num_Acc,an,mois,jour,hrmn,lum,agg,int,atm,col,com,gps,lat,long,dep
201100013615,11,4,12,1330,1,1,1,1.0,6.0,77455,M,0.0,0.0,77
201100013616,11,5,1,245,5,2,1,1.0,6.0,77455,M,4865525.0,268391.0,77
201100013617,11,11,9,2130,3,1,1,1.0,6.0,77457,M,0.0,0.0,77
201100013618,11,3,5,1600,1,1,1,1.0,7.0,77164,M,0.0,0.0,77
201100013619,11,4,15,2345,5,2,2,1.0,3.0,77100,M,,,77
201100013620,11,5,21,1115,1,1,2,1.0,3.0,77034,M,0.0,0.0,77
201100013621,11,11,22,1800,5,2,2,1.0,1.0,77453,M,0.0,0.0,77
201100013622,11,1,13,2215,3,1,4,1.0,3.0,77107,M,0.0,0.0,77
201100013623,11,1,26,830,1,1,2,1.0,6.0,77107,M,4866900.0,281000.0,77
201100013624,11,5,17,730,1,1,1,1.0,2.0,77145,M,0.0,0.0,77
201100013625,11,10,24,930,1,1,1,1.0,5.0,77352,M,0.0,0.0,77
201100013626,11,12,5,930,1,2,1,1.0,6.0,77493,M,0.0,0.0,77
201100013627,11,1,14,1645,1,2,3,1.0,3.0,77428,M,4856300.0,291900.0,77
201100013628,11,2,19,1315,1,1,1,1.0,6.0,77010,M,4862800.0,288900.0,77
201100013629,11,8,28,1615,1,2,1,1.0,3.0,77086,M,0.0,0.0,77
201100013630,11,9,2,1830,1,1,2,1.0,3.0,77428,M,0.0,0.0,77
201100013631,11,11,16,1515,1,1,1,8.0,3.0,77211,M,4858300.0,296500.0,77
201100013632,11,12,23,1745,2,1,1,2.0,1.0,77381,M,0.0,0.0,77
201100013633,11,1,29,2230,1,1,1,1.0,6.0,77470,M,0.0,0.0,77
201100013634,11,2,2,745,2,1,1,9.0,1.0,77104,M,0.0,0.0,77
201100013635,11,8,10,1650,1,2,1,1.0,6.0,77177,M,,,77
201100013636,11,12,1,1300,1,1,1,2.0,1.0,77104,M,4872653.0,282637.0,77
201100013637,11,12,31,2345,3,1,6,2.0,6.0,77529,M,4882800.0,287600.0,77
201100013638,11,2,1,2345,3,1,1,9.0,2.0,77142,M,4885100.0,294500.0,77
201100013639,11,2,11,1000,1,1,1,1.0,1.0,77529,M,0.0,0.0,77
201100013640,11,2,17,745,1,2,2,1.0,3.0,77142,M,4886017.0,292425.0,77
201100013641,11,3,2,2115,3,1,1,1.0,2.0,77141,M,0.0,0.0,77
201100013642,11,3,5,1745,1,1,3,1.0,3.0,77529,M,0.0,0.0,77
201100013643,11,3,27,500,5,2,5,1.0,3.0,77142,M,0.0,0.0,77
201100013644,11,4,5,1730,1,2,1,1.0,6.0,77413,M,4888600.0,284371.0,77
201100013645,11,5,2,750,1,1,1,1.0,7.0,77142,M,,,77
201100013646,11,5,15,1745,1,2,1,1.0,6.0,77047,M,0.0,0.0,77
201100013647,11,5,17,1615,1,2,1,1.0,3.0,77521,M,4885699.0,287837.0,77
201100013648,11,10,5,30,3,1,1,1.0,7.0,77206,M,0.0,0.0,77
201100013649,11,11,30,1030,1,1,1,1.0,6.0,77529,M,0.0,0.0,77
201100013650,11,2,2,930,1,2,3,8.0,6.0,77182,M,4878254.0,330899.0,77
201100013651,11,3,21,1530,1,1,1,1.0,3.0,77240,M,4879300.0,325600.0,77
201100013652,11,4,4,1200,1,1,1,1.0,6.0,77093,M,4831200.0,362800.0,77
201100013653,11,4,5,1800,1,1,2,1.0,3.0,77002,M,4823000.0,323900.0,77
201100013654,11,4,16,130,5,2,1,1.0,6.0,77182,M,4878500.0,329100.0,77
201100013655,11,6,17,1845,1,1,1,1.0,6.0,77492,M,4891000.0,334600.0,77
201100013656,11,7,3,1445,1,1,1,1.0,1.0,77116,M,0.0,0.0,77
201100013657,11,9,13,1530,1,1,1,1.0,7.0,77116,M,0.0,0.0,77
201100013658,11,9,18,700,2,2,1,1.0,1.0,77512,M,4886500.0,332300.0,77
201100013659,11,10,23,815,1,2,1,1.0,6.0,77406,M,0.0,0.0,77
201100013660,11,11,9,1830,2,2,1,1.0,1.0,77250,M,0.0,0.0,77
201100013661,11,11,26,2230,3,2,1,1.0,6.0,77398,M,4886600.0,328700.0,77
201100013662,11,12,3,1930,3,1,2,1.0,5.0,77182,M,0.0,0.0,77
201100013663,11,12,21,1730,3,1,1,3.0,6.0,77421,M,4874900.0,331900.0,77
201100013664,11,1,21,900,1,1,1,8.0,6.0,77238,M,0.0,0.0,77
201100013665,11,1,27,830,2,1,1,8.0,1.0,77265,M,0.0,0.0,77
201100013666,11,3,16,1740,1,2,2,1.0,1.0,77238,M,4892199.0,312614.0,77
201100013667,11,4,18,1500,1,1,1,1.0,5.0,77238,M,0.0,0.0,77
201100013668,11,6,24,1700,1,2,1,1.0,6.0,77183,M,4894829.0,313170.0,77
201100013669,11,6,28,1845,1,1,1,1.0,1.0,77183,M,4897900.0,317900.0,77
201100013670,11,8,30,2230,3,1,1,1.0,6.0,77440,M,0.0,0.0,77
201100013671,11,9,11,1200,1,2,1,3.0,6.0,77238,M,0.0,0.0,77
201100013672,11,2,19,1100,1,1,1,3.0,2.0,77508,M,,,77
201100013673,11,2,27,1745,1,2,9,1.0,7.0,77063,M,4881202.0,296797.0,77
201100013674,11,3,5,2000,3,1,1,1.0,3.0,77091,M,0.0,0.0,77
201100013675,11,3,9,630,2,1,1,1.0,1.0,77318,M,0.0,0.0,77
201100013676,11,4,4,2015,2,2,1,1.0,3.0,77176,M,0.0,0.0,77
201100013677,11,5,1,1645,1,1,1,1.0,1.0,77510,M,4881400.0,278400.0,77
201100013678,11,5,24,900,1,1,1,1.0,2.0,77508,M,0.0,0.0,77
201100013679,11,6,26,1115,1,1,1,1.0,7.0,77154,M,0.0,0.0,77
201100013680,11,7,10,1930,1,2,2,1.0,3.0,77063,M,0.0,0.0,77
201100013681,11,8,14,145,3,1,1,1.0,7.0,77508,M,0.0,0.0,77
201100013682,11,9,25,315,3,1,1,1.0,1.0,77091,M,0.0,0.0,77
201100013683,11,10,3,900,1,1,1,1.0,6.0,77219,M,4880600.0,294600.0,77
201100013684,11,10,28,1800,1,1,1,1.0,6.0,77176,M,0.0,0.0,77
201100013685,11,11,5,1830,3,1,1,1.0,6.0,77466,M,0.0,0.0,77
201100013686,11,11,12,1800,3,1,1,1.0,3.0,77219,M,0.0,0.0,77
201100013687,11,11,12,1100,1,1,1,1.0,7.0,77176,M,0.0,0.0,77
201100013688,11,12,31,1730,2,1,1,2.0,2.0,77063,M,4880000.0,296300.0,77
201100013689,11,2,2,715,2,1,1,9.0,1.0,77360,M,4873000.0,299000.0,77
201100013690,11,3,21,1130,1,2,1,1.0,7.0,77031,M,0.0,0.0,77
201100013691,11,9,20,545,3,1,1,2.0,4.0,77393,M,0.0,0.0,77
201100013692,11,10,5,1400,1,1,1,1.0,1.0,77264,M,0.0,0.0,77
201100013693,11,11,20,1830,3,2,1,1.0,6.0,77469,M,4872778.0,303444.0,77
201100013694,11,6,10,1030,1,1,1,8.0,6.0,77494,M,,,77
201100013695,11,1,28,645,3,1,1,1.0,1.0,77001,M,0.0,0.0,77
201100013696,11,4,7,1945,2,1,1,1.0,1.0,77471,M,4835433.0,245177.0,77
201100013697,11,5,30,1645,1,1,1,1.0,6.0,77056,M,0.0,0.0,77
201100013698,11,7,10,1645,1,1,1,1.0,3.0,77244,M,0.0,0.0,77
201100013699,11,8,14,1430,1,1,2,1.0,3.0,77198,M,0.0,0.0,77
201100013700,11,9,29,1100,1,1,1,1.0,2.0,77339,M,0.0,0.0,77
201100013701,11,11,1,545,3,1,1,1.0,6.0,77520,M,4832600.0,266200.0,77
201100013702,11,11,29,900,1,2,1,9.0,6.0,77088,M,0.0,0.0,77
201100013703,11,1,9,1130,1,1,1,1.0,7.0,77045,M,0.0,0.0,77
201100013704,11,3,16,1500,1,1,1,1.0,7.0,77011,M,0.0,0.0,77
201100013705,11,4,5,915,1,1,4,1.0,1.0,77099,M,0.0,0.0,77
201100013706,11,6,12,145,3,1,1,1.0,2.0,77230,M,0.0,0.0,77
201100013707,11,6,11,1500,1,1,1,1.0,7.0,77271,M,0.0,0.0,77
201100013708,11,7,7,2000,1,1,1,1.0,3.0,77099,M,0.0,0.0,77
201100013709,11,7,14,1730,1,1,1,1.0,7.0,77230,M,0.0,0.0,77
201100013710,11,9,11,1830,1,1,2,1.0,3.0,77297,M,0.0,0.0,77
201100013711,11,9,19,1215,1,2,1,1.0,6.0,77099,M,0.0,0.0,77
201100013712,11,11,16,1615,1,1,2,8.0,1.0,77099,M,4816300.0,269800.0,77
201100013713,11,1,7,1515,1,1,1,1.0,1.0,77115,M,0.0,0.0,77
201100013714,11,2,15,1745,2,1,1,2.0,5.0,77465,M,0.0,0.0,77
201100013715,11,3,23,1645,1,1,1,1.0,7.0,77261,M,0.0,0.0,77
201100013716,11,4,29,2315,3,1,1,1.0,6.0,77370,M,0.0,0.0,77
201100013717,11,7,13,1930,1,1,1,1.0,1.0,77387,M,0.0,0.0,77
201100013718,11,10,13,2015,1,1,1,1.0,6.0,77399,M,0.0,0.0,77
201100013719,11,11,6,130,3,1,1,8.0,6.0,77500,M,4821769.0,293058.0,77
201100013720,11,12,1,800,2,1,1,1.0,6.0,77115,M,0.0,0.0,77
201100013721,11,1,9,1130,1,1,1,1.0,6.0,77259,M,4905065.0,266398.0,77
201100013722,11,1,18,1815,5,2,1,1.0,6.0,77259,M,4905000.0,266400.0,77
201100013723,11,2,9,100,5,2,1,2.0,6.0,77511,M,0.0,0.0,77
201100013724,11,3,7,1500,1,1,1,1.0,3.0,77511,M,4904100.0,264300.0,77
201100013725,11,4,24,1545,1,1,1,1.0,6.0,77349,M,4908955.0,253288.0,77
201100013726,11,5,27,500,3,1,1,2.0,6.0,77322,M,4907100.0,258500.0,77
201100013727,11,9,14,1330,1,2,1,1.0,3.0,77259,M,0.0,0.0,77
201100013728,11,12,7,2315,3,1,1,1.0,6.0,77420,M,0.0,0.0,77
201100013729,11,12,22,515,3,1,1,8.0,6.0,77259,M,4904700.0,265800.0,77
201100013730,11,6,29,15,3,1,1,2.0,6.0,77005,M,0.0,0.0,77
201100013731,11,9,12,1715,1,2,2,1.0,3.0,77315,M,0.0,0.0,77
201100013732,11,12,4,1745,2,1,1,2.0,1.0,77376,M,0.0,0.0,77
201100013733,11,11,26,1530,1,2,1,1.0,6.0,77005,M,4892490.0,271178.0,77
201100013734,11,3,16,1645,1,1,2,1.0,2.0,77235,M,0.0,0.0,77
201100013735,11,6,24,2035,1,2,1,1.0,1.0,77280,M,4901549.0,303181.0,77
201100013736,11,8,4,1200,1,1,1,1.0,6.0,77008,M,0.0,0.0,77
201100013737,11,9,1,745,3,1,1,1.0,7.0,77483,M,0.0,0.0,77
201100013738,11,10,24,600,3,1,1,1.0,2.0,77343,M,0.0,0.0,77
201100013739,11,11,5,1930,3,1,1,1.0,5.0,77235,M,0.0,0.0,77
201100013740,11,11,24,615,3,1,1,2.0,6.0,77490,M,0.0,0.0,77
201100013741,11,2,5,1,3,1,1,9.0,6.0,77525,M,0.0,0.0,77
201100013742,11,2,17,1045,1,1,1,8.0,3.0,77274,M,0.0,0.0,77
201100013743,11,4,7,1345,1,1,1,1.0,6.0,77023,M,4901600.0,286600.0,77
201100013744,11,5,12,1100,1,2,9,1.0,6.0,77309,M,4901400.0,283500.0,77
201100013745,11,5,14,1830,1,1,1,1.0,7.0,77437,M,0.0,0.0,77
201100013746,11,5,22,1045,1,1,1,1.0,1.0,77273,M,0.0,0.0,77
201100013747,11,6,6,2130,1,2,1,1.0,3.0,77437,M,0.0,0.0,77
201100013748,11,11,4,1730,2,1,2,1.0,3.0,77274,M,0.0,0.0,77
201100013749,11,1,1,730,2,1,1,8.0,6.0,77239,M,0.0,0.0,77
201100013750,11,3,23,400,3,1,1,1.0,7.0,77032,M,4868776.0,325572.0,77
201100013751,11,4,7,1730,1,1,1,1.0,5.0,77197,M,4869700.0,321000.0,77
201100013752,11,6,2,2230,3,1,1,1.0,7.0,77012,M,0.0,0.0,77
201100013753,11,6,7,745,1,1,1,8.0,6.0,77239,M,0.0,0.0,77
201100013754,11,6,8,830,1,2,2,1.0,3.0,77032,M,,,77
201100013755,11,7,9,2115,2,1,1,1.0,6.0,77530,M,0.0,0.0,77
201100013756,11,7,10,2030,1,1,1,1.0,3.0,77239,M,0.0,0.0,77
201100013757,11,8,7,1145,1,1,1,1.0,3.0,77239,M,0.0,0.0,77
201100013758,11,8,30,1400,1,1,1,1.0,1.0,77066,M,0.0,0.0,77
201100013759,11,8,31,1930,1,1,1,1.0,7.0,77239,M,0.0,0.0,77
201100013760,11,9,5,1300,1,1,1,1.0,1.0,77239,M,0.0,0.0,77
201100013761,11,9,16,1445,1,1,2,1.0,1.0,77072,M,0.0,0.0,77
201100013762,11,12,3,830,3,1,1,2.0,1.0,77109,M,0.0,0.0,77
201100013763,11,12,17,945,1,1,1,3.0,7.0,77519,M,4866100.0,340900.0,77
201100013764,11,12,23,1030,1,1,1,8.0,1.0,77066,M,4869600.0,337400.0,77
201100013765,11,1,6,1730,3,1,1,1.0,1.0,77509,M,0.0,0.0,77
201100013766,11,2,11,1130,1,1,2,1.0,5.0,77355,M,0.0,0.0,77
201100013767,11,2,13,900,3,1,1,1.0,6.0,77311,M,0.0,0.0,77
201100013768,11,4,27,945,1,1,2,1.0,6.0,77051,M,0.0,0.0,77
201100013769,11,5,7,1315,1,1,1,1.0,1.0,77311,M,0.0,0.0,77
201100013770,11,9,9,1600,1,2,1,1.0,6.0,77461,M,4848763.0,317991.0,77
201100013771,11,12,16,2015,2,1,1,1.0,3.0,77311,M,0.0,0.0,77
201100013772,11,3,10,2215,3,1,1,1.0,1.0,77383,M,0.0,0.0,77
201100013773,11,4,21,1915,1,1,2,1.0,1.0,77089,M,4850200.0,295400.0,77
201100013774,11,5,9,1345,1,1,1,1.0,1.0,77089,M,0.0,0.0,77
201100013775,11,6,15,1615,1,2,1,1.0,2.0,77327,M,0.0,0.0,77
201100013776,11,7,14,1545,1,1,1,1.0,7.0,77327,M,4856900.0,304700.0,77
201100013777,11,7,2,1745,1,1,1,1.0,6.0,45330,M,4809059.0,197052.0,45
201100013778,11,7,26,2300,3,1,1,1.0,2.0,45296,M,4798101.0,173638.0,45
201100013779,11,8,6,2015,1,2,3,3.0,6.0,45062,M,4799117.0,188184.0,45
201100013780,11,10,13,700,2,1,1,2.0,1.0,45326,M,4801375.0,161709.0,45
201100013781,11,10,27,1845,2,2,1,1.0,6.0,45093,M,4802276.0,187503.0,45
201100013782,11,3,2,2045,5,2,6,1.0,6.0,45082,M,4786192.0,220199.0,45
201100013783,11,6,9,2000,1,1,1,1.0,1.0,45142,M,4792352.0,214473.0,45
201100013784,11,7,9,1645,1,1,1,1.0,6.0,45346,M,4791431.0,223668.0,45
201100013785,11,7,17,600,2,1,1,2.0,6.0,45082,M,4789822.0,220637.0,45
201100013786,11,7,27,1745,1,2,9,1.0,6.0,45082,M,4786931.0,222246.0,45
201100013787,11,8,17,1730,1,1,1,1.0,1.0,45346,M,0.0,0.0,45
201100013788,11,9,3,900,1,1,1,1.0,6.0,45346,M,4791862.0,225640.0,45
201100013789,11,9,9,2245,5,2,1,1.0,6.0,45082,M,4786498.0,221165.0,45
201100013790,11,9,24,1600,1,1,3,1.0,1.0,45346,M,4792477.0,225761.0,45
201100013791,11,11,7,930,1,1,1,8.0,1.0,45084,M,0.0,0.0,45
201100013792,11,12,3,1930,3,1,1,2.0,6.0,45346,M,4792849.0,220279.0,45
201100013793,11,12,18,1800,3,1,3,1.0,6.0,45316,M,4793463.0,238937.0,45
201100013794,11,3,13,600,5,2,9,2.0,6.0,45194,M,4789437.0,206373.0,45
201100013795,11,3,18,1745,1,1,1,2.0,6.0,45034,M,4793531.0,200469.0,45
201100013796,11,5,24,30,3,1,1,1.0,6.0,45194,M,4791704.0,205181.0,45
201100013797,11,5,27,745,1,2,1,3.0,6.0,45034,M,4792421.0,200613.0,45
201100013798,11,7,8,945,1,1,1,1.0,1.0,45072,M,4799052.0,193583.0,45
201100013799,11,9,22,1700,1,2,3,1.0,3.0,45089,M,4790166.0,201423.0,45
201100013800,11,11,2,1900,3,2,1,8.0,6.0,45194,M,4788872.0,206181.0,45
201100013801,11,12,31,1315,1,2,1,2.0,6.0,45089,M,4789303.0,204887.0,45
201100013802,11,2,13,2000,3,1,1,1.0,6.0,45146,M,4775683.0,193690.0,45
201100013803,11,3,24,1045,1,2,4,1.0,3.0,45098,M,4781501.0,174914.0,45
201100013804,11,3,24,815,1,2,3,1.0,3.0,45196,M,4784276.0,179321.0,45
201100013805,11,3,28,1500,1,1,1,1.0,3.0,45200,M,0.0,0.0,45
201100013806,11,6,19,1645,1,1,1,1.0,6.0,45098,M,0.0,0.0,45
201100013807,11,10,14,1615,1,1,1,1.0,6.0,45146,M,4772747.0,197745.0,45
201100013808,11,11,6,1900,3,1,1,1.0,1.0,45309,M,4772216.0,208910.0,45
201100013809,11,12,14,845,1,1,1,2.0,6.0,45130,M,0.0,0.0,45
201100013810,11,2,8,1715,1,1,1,1.0,1.0,45193,M,4778397.0,205721.0,45
201100013811,11,3,14,1400,1,1,2,1.0,3.0,45324,M,4781714.0,216779.0,45
201100013812,11,3,17,1745,1,1,3,1.0,3.0,45193,M,4780461.0,207317.0,45
201100013813,11,3,31,815,1,1,1,8.0,6.0,45300,M,4783761.0,200149.0,45
201100013814,11,5,3,715,1,2,3,1.0,3.0,45300,M,4784444.0,202294.0,45
201100013815,11,8,20,2015,1,2,1,1.0,6.0,45273,M,4787571.0,211384.0,45
201100013816,11,9,13,630,2,2,2,8.0,3.0,45173,M,4786505.0,212162.0,45
201100013817,11,9,15,1315,1,1,2,1.0,3.0,45273,M,4786456.0,215095.0,45
201100013818,11,9,15,815,1,2,3,1.0,3.0,45173,M,4786461.0,212598.0,45
201100013819,11,9,16,1345,1,1,1,1.0,5.0,45272,M,4782022.0,192487.0,45
201100013820,11,9,22,1900,1,2,1,7.0,6.0,45335,M,4780081.0,213563.0,45
201100013821,11,9,24,1700,1,1,1,1.0,6.0,45123,M,0.0,0.0,45
201100013822,11,9,28,1530,1,2,1,7.0,6.0,45300,M,4784551.0,203242.0,45
201100013823,11,10,9,1330,1,1,3,2.0,1.0,45300,M,4781033.0,205226.0,45
201100013824,11,11,19,130,5,2,6,1.0,6.0,45335,M,4780160.0,214032.0,45
201100013825,11,12,1,1100,1,1,1,2.0,6.0,45193,M,0.0,0.0,45
201100013826,11,12,11,1730,3,1,1,1.0,6.0,45324,M,0.0,0.0,45
201100013827,11,12,29,1930,5,2,1,2.0,5.0,45123,M,0.0,0.0,45
201100013828,11,1,21,915,1,1,1,9.0,1.0,45344,M,0.0,0.0,45
201100013829,11,3,18,2015,5,2,1,2.0,3.0,45269,M,4786729.0,177659.0,45
201100013830,11,7,8,2245,3,1,1,2.0,6.0,45020,M,4784107.0,166951.0,45
201100013831,11,7,14,2300,5,2,1,1.0,6.0,45203,M,4782519.0,169212.0,45
201100013832,11,7,24,430,5,2,1,1.0,6.0,45028,M,4779290.0,162809.0,45
201100013833,11,10,12,1815,1,1,1,1.0,1.0,45028,M,0.0,0.0,45
201100013834,11,10,13,900,1,2,1,1.0,6.0,45179,M,4776953.0,169151.0,45
201100013835,11,11,8,2015,3,1,1,2.0,6.0,45167,M,0.0,0.0,45
201100013836,11,12,1,1800,3,1,1,1.0,7.0,45020,M,4783026.0,165126.0,45
201100013837,11,12,3,930,1,2,1,2.0,6.0,45028,M,4777906.0,162911.0,45
201100013838,11,12,18,1130,1,1,1,1.0,1.0,45344,M,4778816.0,160934.0,45
201100013839,11,1,22,1600,1,1,1,1.0,3.0,45224,M,4809001.0,203906.0,45
201100013840,11,1,21,700,3,1,1,9.0,3.0,45231,M,,,45
201100013841,11,2,9,630,3,1,1,5.0,5.0,45188,M,4798360.0,206326.0,45
201100013842,11,2,18,1530,1,1,1,8.0,6.0,45168,M,0.0,0.0,45
201100013843,11,3,11,2145,3,1,1,1.0,6.0,45188,M,4800913.0,210416.0,45
201100013844,11,3,25,15,3,1,1,1.0,6.0,45025,M,0.0,0.0,45
201100013845,11,4,19,1800,1,2,3,1.0,3.0,45025,M,4814398.0,207906.0,45
201100013846,11,5,4,1650,1,2,3,1.0,2.0,45289,M,4804197.0,198356.0,45
201100013847,11,5,5,1115,1,2,2,1.0,4.0,45188,M,4799836.0,208761.0,45
201100013848,11,6,19,200,3,1,1,1.0,1.0,45174,M,0.0,0.0,45
201100013849,11,6,22,415,2,1,1,1.0,6.0,45327,M,4795362.0,207880.0,45
201100013850,11,8,21,1530,1,1,1,1.0,5.0,45188,M,4801857.0,211295.0,45
201100013851,11,10,6,1800,1,1,1,1.0,7.0,45025,M,0.0,0.0,45
201100013852,11,10,27,315,3,1,1,1.0,7.0,45045,M,0.0,0.0,45
201100013853,11,10,24,845,2,1,1,1.0,7.0,45047,M,0.0,0.0,45
201100013854,11,12,1,1600,1,1,2,2.0,1.0,45240,M,4820360.0,198838.0,45
201100013855,11,2,19,1730,1,2,1,1.0,6.0,45291,M,4766305.0,263811.0,45
201100013856,11,4,23,1400,1,1,6,1.0,3.0,45227,M,4771381.0,258943.0,45
201100013857,11,8,3,715,1,1,1,2.0,6.0,45096,M,0.0,0.0,45
201100013858,11,8,25,2315,5,2,4,1.0,3.0,45155,M,4768633.0,263358.0,45
201100013859,11,9,16,15,5,2,3,1.0,3.0,45155,M,4768505.0,262744.0,45
201100013860,11,9,30,830,2,1,2,1.0,3.0,45096,M,4777184.0,260715.0,45
201100013861,11,9,30,2245,3,1,1,1.0,6.0,45122,M,4776175.0,254979.0,45
201100013862,11,10,30,130,5,2,1,8.0,3.0,45254,M,4767943.0,259376.0,45
201100013863,11,11,3,1630,1,1,1,6.0,5.0,45271,M,4766166.0,267401.0,45
201100013864,11,1,5,1315,1,1,1,9.0,6.0,45053,M,0.0,0.0,45
201100013865,11,2,6,1915,3,1,2,1.0,3.0,45040,M,4759147.0,280182.0,45
201100013866,11,4,15,1430,1,2,3,1.0,5.0,45053,M,4764157.0,274570.0,45
201100013867,11,4,22,2045,3,1,3,1.0,3.0,45053,M,4760820.0,277617.0,45
201100013868,11,5,3,1800,1,1,1,1.0,1.0,45053,M,4761503.0,276707.0,45
201100013869,11,7,2,1900,1,1,1,1.0,3.0,45040,M,4757131.0,286358.0,45
201100013870,11,8,14,1730,1,1,1,2.0,6.0,45029,M,4753537.0,280875.0,45
201100013871,11,9,20,1345,1,1,3,1.0,1.0,45053,M,4762736.0,275211.0,45
201100013872,11,10,1,1700,1,1,1,1.0,3.0,45245,M,0.0,0.0,45
201100013873,11,10,9,1500,1,2,1,2.0,6.0,45053,M,4764067.0,275102.0,45
201100013874,11,11,19,1800,3,2,3,1.0,3.0,45029,M,4754608.0,280827.0,45
201100013875,11,1,17,300,3,1,1,5.0,6.0,45164,M,0.0,0.0,45
201100013876,11,2,4,1930,3,1,1,1.0,6.0,45171,M,4766764.0,224083.0,45
201100013877,11,3,2,1045,1,1,2,1.0,3.0,45063,M,4763669.0,244842.0,45
201100013878,11,3,2,1745,1,2,1,1.0,3.0,45315,M,4776854.0,234469.0,45
201100013879,11,3,3,1300,1,2,1,1.0,5.0,45297,M,0.0,0.0,45
201100013880,11,4,19,1015,1,2,1,1.0,6.0,45122,M,4776164.0,251375.0,45
201100013881,11,6,5,1730,1,1,1,1.0,6.0,45297,M,0.0,0.0,45
201100013882,11,7,2,2230,3,1,1,1.0,2.0,45051,M,4782702.0,236358.0,45
201100013883,11,7,23,200,3,1,4,5.0,6.0,45277,M,4767282.0,244380.0,45
201100013884,11,8,10,1730,1,1,4,1.0,1.0,45171,M,4766933.0,227724.0,45
201100013885,11,9,14,1500,1,2,2,1.0,6.0,45297,M,4778069.0,237464.0,45
201100013886,11,10,2,1600,1,1,1,1.0,3.0,45315,M,4772135.0,234223.0,45
201100013887,11,10,2,2100,3,1,1,1.0,1.0,45171,M,4767778.0,223904.0,45
201100013888,11,10,24,1415,1,2,9,1.0,3.0,45315,M,4774836.0,236606.0,45
201100013889,11,10,25,1415,1,1,1,2.0,7.0,45171,M,0.0,0.0,45
201100013890,11,11,20,130,5,2,1,1.0,1.0,45122,M,0.0,0.0,45
201100013891,11,12,4,2000,3,1,1,3.0,3.0,45122,M,0.0,0.0,45
201100013892,11,12,23,1600,1,2,1,1.0,3.0,45297,M,0.0,0.0,45
201100013893,11,1,11,1830,3,1,1,2.0,3.0,45102,M,0.0,0.0,45
201100013894,11,3,12,1215,1,1,1,1.0,7.0,45083,M,0.0,0.0,45
201100013895,11,4,5,1730,1,1,2,1.0,3.0,45287,M,4805788.0,292724.0,45
201100013896,11,4,29,1715,1,2,1,1.0,6.0,45115,M,4804066.0,305799.0,45
201100013897,11,5,1,1445,1,1,1,1.0,7.0,45026,M,0.0,0.0,45
201100013898,11,5,4,2030,2,2,1,7.0,6.0,45129,M,0.0,0.0,45
201100013899,11,7,26,545,2,1,1,1.0,6.0,45083,M,4794962.0,294512.0,45
201100013900,11,8,2,2015,1,2,1,1.0,6.0,45281,M,4805299.0,301331.0,45
201100013901,11,8,20,1415,1,1,1,1.0,1.0,45281,M,4803661.0,301716.0,45
201100013902,11,9,23,2200,3,1,1,1.0,6.0,45032,M,4813516.0,290342.0,45
201100013903,11,9,27,2100,3,2,1,1.0,6.0,45083,M,4793334.0,293033.0,45
201100013904,11,10,1,845,1,1,1,1.0,6.0,45129,M,4792528.0,305091.0,45
201100013905,11,10,7,1630,1,1,1,2.0,6.0,45281,M,4803647.0,301655.0,45
201100013906,11,10,17,1330,1,1,1,7.0,7.0,45281,M,0.0,0.0,45
201100013907,11,10,20,1445,1,1,1,1.0,7.0,45097,M,0.0,0.0,45
201100013908,11,1,21,2315,3,1,1,2.0,6.0,45212,M,0.0,0.0,45
201100013909,11,5,5,1815,1,2,1,1.0,1.0,45210,M,4786083.0,282131.0,45
201100013910,11,6,2,2000,1,1,2,1.0,3.0,45077,M,4785646.0,285688.0,45
201100013911,11,6,18,2245,3,1,1,2.0,6.0,45257,M,4786645.0,273849.0,45
201100013912,11,6,22,1330,1,1,1,1.0,1.0,45239,M,0.0,0.0,45
201100013913,11,10,23,300,3,1,1,1.0,6.0,45212,M,4789135.0,281152.0,45
201100013914,11,11,18,30,3,2,1,1.0,6.0,45230,M,0.0,0.0,45
201100013915,11,11,24,1745,3,1,1,1.0,2.0,45257,M,4787081.0,273791.0,45
201100013916,11,1,1,1415,1,1,1,8.0,6.0,45216,M,4795051.0,273511.0,45
201100013917,11,4,11,930,1,1,1,1.0,6.0,45339,M,4800081.0,255761.0,45
201100013918,11,4,17,615,2,2,1,1.0,6.0,45092,M,4797621.0,264879.0,45
201100013919,11,4,18,1830,1,2,2,1.0,3.0,45104,M,4803569.0,271498.0,45
201100013920,11,9,13,800,1,1,1,1.0,1.0,45247,M,4802487.0,265621.0,45
201100013921,11,9,16,15,3,1,1,1.0,6.0,45145,M,4810647.0,283417.0,45
201100013922,11,9,20,1915,2,1,1,1.0,6.0,45249,M,4805188.0,279387.0,45
201100013923,11,10,2,1230,1,1,1,1.0,6.0,45339,M,4800088.0,255733.0,45
201100013924,11,10,11,1730,1,1,1,1.0,3.0,45216,M,4795723.0,273471.0,45
201100013925,11,10,26,1000,1,2,2,1.0,3.0,45259,M,4798514.0,243761.0,45
201100013926,11,11,17,1830,3,1,1,9.0,3.0,45345,M,0.0,0.0,45
201100013927,11,4,16,1500,1,1,1,1.0,5.0,45162,M,4820091.0,219004.0,45
201100013928,11,6,15,2000,1,1,2,1.0,3.0,45119,M,4816392.0,227634.0,45
201100013929,11,7,3,2030,1,2,1,1.0,6.0,45253,M,4817217.0,217753.0,45
201100013930,11,9,14,1845,1,1,1,1.0,1.0,45348,M,4815974.0,232836.0,45
201100013931,11,11,4,1815,3,1,3,1.0,3.0,45253,M,4815807.0,223205.0,45