Num_Acc,an,mois,jour,hrmn,lum,agg,int,atm,col,com,gps,lat,long,dep
201100013932,11,12,17,1915,5,2,1,1.0,6.0,45252,M,4817674.0,225104.0,45
201100013933,11,1,2,2310,3,1,1,9.0,3.0,45030,M,0.0,0.0,45
201100013934,11,3,2,1730,1,1,1,1.0,1.0,45033,M,4813417.0,244432.0,45
201100013935,11,5,22,1615,1,1,1,1.0,1.0,45045,M,4810594.0,230432.0,45
201100013936,11,6,29,945,1,1,2,1.0,3.0,45021,M,4810542.0,240230.0,45
201100013937,11,8,27,930,1,1,1,1.0,6.0,45132,M,0.0,0.0,45
201100013938,11,1,23,900,1,1,3,1.0,3.0,18220,M,4712110.0,300769.0,18
201100013939,11,4,20,1030,1,1,1,1.0,3.0,18174,M,4707130.0,249344.0,18
201100013940,11,4,21,2115,3,1,1,1.0,6.0,18099,M,0.0,0.0,18
201100013941,11,5,29,1645,1,1,1,1.0,7.0,18075,M,4702400.0,304429.0,18
201100013942,11,7,1,800,1,2,1,1.0,6.0,18099,M,4709040.0,288486.0,18
201100013943,11,7,2,1800,1,2,1,1.0,1.0,18025,M,0.0,0.0,18
201100013944,11,9,20,1430,1,1,2,1.0,3.0,18053,M,4711480.0,261610.0,18
201100013945,11,10,16,1030,1,1,1,1.0,6.0,18110,M,4720770.0,294008.0,18
201100013946,11,12,10,845,1,1,1,2.0,5.0,18247,M,4704050.0,257832.0,18
201100013947,11,12,12,745,2,1,1,1.0,1.0,18174,M,4705960.0,252746.0,18
201100013948,11,5,14,645,1,2,1,1.0,6.0,18086,M,4670790.0,250910.0,18
201100013949,11,5,13,1800,1,1,1,1.0,6.0,18172,M,4673250.0,244494.0,18
201100013950,11,7,11,545,2,1,1,1.0,6.0,18231,M,4673100.0,259021.0,18
201100013951,11,7,19,1100,1,2,1,2.0,2.0,18197,M,0.0,0.0,18
201100013952,11,8,16,900,1,2,2,1.0,3.0,18197,M,4672600.0,250800.0,18
201100013953,11,8,23,1900,1,2,1,1.0,3.0,18038,M,4676930.0,243455.0,18
201100013954,11,11,5,45,5,2,1,3.0,6.0,18197,M,4672720.0,250811.0,18
201100013955,11,11,23,1445,1,2,1,1.0,3.0,18197,M,4672800.0,250200.0,18
201100013956,11,12,13,1445,1,1,1,3.0,6.0,18038,M,4674800.0,246192.0,18
201100013957,11,12,15,1745,5,2,1,3.0,2.0,18197,M,4672600.0,250729.0,18
201100013958,11,12,23,1445,1,1,1,1.0,6.0,18076,M,4667900.0,256637.0,18
201100013959,11,1,20,830,1,1,1,1.0,6.0,18009,M,4667270.0,245547.0,18
201100013960,11,6,26,1230,1,1,1,1.0,6.0,18059,M,4664160.0,231155.0,18
201100013961,11,7,6,2130,2,1,1,1.0,6.0,18225,M,4657840.0,230598.0,18
201100013962,11,8,1,915,1,1,1,1.0,6.0,18089,M,4655410.0,256382.0,18
201100013963,11,11,10,1730,4,2,1,1.0,6.0,18278,M,4653880.0,243285.0,18
201100013964,11,11,29,1230,1,1,1,1.0,1.0,18057,M,4656200.0,224000.0,18
201100013965,11,12,15,1030,1,2,1,1.0,6.0,18057,M,4656020.0,220485.0,18
201100013966,11,1,16,1230,1,1,1,7.0,1.0,18087,M,4687700.0,256900.0,18
201100013967,11,2,16,900,1,2,1,7.0,6.0,18126,M,4692770.0,240499.0,18
201100013968,11,3,26,1115,1,1,2,1.0,2.0,18006,M,4698540.0,252314.0,18
201100013969,11,5,27,1545,1,1,2,1.0,3.0,18008,M,4696940.0,233094.0,18
201100013970,11,6,12,930,1,1,1,1.0,7.0,18289,M,4695000.0,256803.0,18
201100013971,11,9,18,500,3,1,6,1.0,6.0,18006,M,4697840.0,253271.0,18
201100013972,11,9,26,845,1,1,1,1.0,6.0,18273,M,4682500.0,228100.0,18
201100013973,11,10,8,400,3,1,1,1.0,7.0,18063,M,4685490.0,242033.0,18
201100013974,11,10,20,2100,3,1,1,1.0,7.0,18006,M,4696410.0,253894.0,18
201100013975,11,3,10,1945,3,1,1,1.0,6.0,18242,M,0.0,0.0,18
201100013976,11,3,24,1900,1,2,3,1.0,3.0,18242,M,4683610.0,291314.0,18
201100013977,11,5,4,1100,1,1,1,1.0,4.0,18113,M,4697550.0,288271.0,18
201100013978,11,7,9,330,3,1,1,1.0,6.0,18155,M,0.0,0.0,18
201100013979,11,7,10,1030,1,1,1,1.0,6.0,18275,M,4684430.0,287478.0,18
201100013980,11,7,13,830,1,1,1,2.0,3.0,18175,M,0.0,0.0,18
201100013981,11,7,12,945,1,1,1,1.0,7.0,18102,M,4681790.0,280232.0,18
201100013982,11,7,19,2015,1,1,1,1.0,1.0,18275,M,4686760.0,287824.0,18
201100013983,11,8,19,1100,1,1,3,1.0,2.0,18082,M,4694590.0,305918.0,18
201100013984,11,8,21,1045,1,2,1,1.0,6.0,18160,M,4699720.0,282128.0,18
201100013985,11,8,27,100,3,1,1,2.0,6.0,18048,M,4690000.0,294824.0,18
201100013986,11,9,13,1800,2,1,1,8.0,2.0,18155,M,0.0,0.0,18
201100013987,11,10,1,100,3,1,1,1.0,7.0,18031,M,4688450.0,276431.0,18
201100013988,11,10,4,1800,1,2,1,1.0,6.0,18082,M,0.0,0.0,18
201100013989,11,2,7,1130,1,1,1,1.0,7.0,18159,M,4737420.0,214751.0,18
201100013990,11,4,30,1630,1,1,1,1.0,6.0,18015,M,4749060.0,243822.0,18
201100013991,11,6,1,800,1,2,1,1.0,6.0,18015,M,4748700.0,243789.0,18
201100013992,11,7,14,1000,1,1,1,1.0,5.0,18165,M,4734560.0,224491.0,18
201100013993,11,7,24,1215,1,1,1,1.0,1.0,18149,M,4730190.0,242901.0,18
201100013994,11,8,3,1215,1,1,1,2.0,6.0,18147,M,4744380.0,230812.0,18
201100013995,11,8,26,1030,1,1,1,2.0,5.0,18115,M,4737670.0,249835.0,18
201100013996,11,8,21,1700,1,1,1,8.0,7.0,18149,M,4731780.0,239671.0,18
201100013997,11,10,1,415,5,2,1,1.0,6.0,18165,M,4730890.0,224350.0,18
201100013998,11,10,1,1600,1,1,3,1.0,3.0,18011,M,4757080.0,246577.0,18
201100013999,11,10,3,1745,1,1,1,7.0,3.0,18165,M,4732220.0,229348.0,18
201100014000,11,10,4,1230,1,2,1,1.0,1.0,18011,M,0.0,0.0,18
201100014001,11,10,9,945,1,2,1,1.0,6.0,18015,M,4749000.0,243743.0,18
201100014002,11,10,15,1845,2,1,2,1.0,1.0,18149,M,4730510.0,242916.0,18
201100014003,11,10,20,1015,1,2,1,1.0,6.0,18015,M,4748730.0,243826.0,18
201100014004,11,1,7,1845,3,1,1,1.0,6.0,18005,M,0.0,0.0,18
201100014005,11,1,12,1845,5,1,1,1.0,4.0,18281,M,0.0,0.0,18
201100014006,11,2,3,1815,2,2,1,1.0,6.0,18281,M,4720200.0,217131.0,18
201100014007,11,3,3,1945,3,2,3,1.0,3.0,18138,M,4709950.0,228024.0,18
201100014008,11,3,15,1630,1,1,1,1.0,7.0,18028,M,4713660.0,227417.0,18
201100014009,11,3,21,1200,1,1,2,1.0,1.0,18005,M,4716510.0,220265.0,18
201100014010,11,4,21,2115,3,1,1,1.0,6.0,18103,M,4715250.0,185637.0,18
201100014011,11,5,3,1900,1,1,2,1.0,3.0,18100,M,4719430.0,185053.0,18
201100014012,11,5,13,2215,5,2,2,1.0,3.0,18148,M,4720630.0,205634.0,18
201100014013,11,5,19,1500,1,2,1,1.0,6.0,18141,M,4714790.0,221774.0,18
201100014014,11,5,22,1730,1,1,9,1.0,1.0,18005,M,0.0,0.0,18
201100014015,11,6,11,15,3,1,1,1.0,7.0,18210,M,4722570.0,195065.0,18
201100014016,11,6,16,2145,1,1,1,1.0,6.0,18044,M,4709610.0,209333.0,18
201100014017,11,6,25,400,3,1,1,1.0,6.0,18281,M,4720340.0,216978.0,18
201100014018,11,6,25,1800,1,1,1,1.0,1.0,18100,M,4719060.0,191856.0,18
201100014019,11,7,3,1745,1,1,1,1.0,6.0,18150,M,4725220.0,195130.0,18
201100014020,11,7,16,1515,1,1,1,1.0,3.0,18138,M,4708090.0,232653.0,18
201100014021,11,8,15,1730,1,1,1,1.0,6.0,18138,M,4711220.0,224117.0,18
201100014022,11,8,19,1800,1,1,1,1.0,1.0,18036,M,4716540.0,214629.0,18
201100014023,11,8,23,2130,3,1,1,1.0,6.0,18138,M,0.0,0.0,18
201100014024,11,12,18,300,3,1,1,1.0,6.0,18005,M,0.0,0.0,18
201100014025,11,10,24,1830,1,1,1,1.0,4.0,18066,M,4699240.0,218040.0,18
201100014026,11,1,10,1230,1,1,1,5.0,3.0,18235,M,4712840.0,252574.0,18
201100014027,11,2,28,1815,1,2,3,1.0,3.0,18206,M,4715580.0,235229.0,18
201100014028,11,4,11,1800,1,1,2,1.0,3.0,18206,M,4714710.0,235677.0,18
201100014029,11,5,4,1045,1,1,1,1.0,6.0,18189,M,4722290.0,245004.0,18
201100014030,11,5,21,1115,1,2,1,1.0,3.0,18194,M,4718550.0,261287.0,18
201100014031,11,6,3,1415,1,1,2,1.0,3.0,18035,M,4711480.0,261610.0,18
201100014032,11,6,17,2045,1,1,1,1.0,6.0,18001,M,0.0,0.0,18
201100014033,11,6,28,1945,1,2,1,1.0,6.0,18253,M,4718690.0,251618.0,18
201100014034,11,7,15,315,3,1,1,1.0,7.0,18109,M,4728990.0,256604.0,18
201100014035,11,9,1,1330,1,1,1,1.0,6.0,18035,M,0.0,0.0,18
201100014036,11,9,3,1130,1,2,9,1.0,6.0,18223,M,4720410.0,241698.0,18
201100014037,11,9,2,1845,1,1,1,1.0,6.0,18115,M,4732900.0,256811.0,18
201100014038,11,9,24,1800,1,1,1,1.0,1.0,18223,M,0.0,0.0,18
201100014039,11,10,14,815,1,1,1,1.0,3.0,18189,M,4722040.0,242507.0,18
201100014040,11,11,27,1730,5,2,1,8.0,6.0,18194,M,4717850.0,261247.0,18
201100014041,11,12,19,1345,1,1,1,1.0,3.0,18004,M,4722090.0,230704.0,18
201100014042,11,1,5,1915,3,1,1,3.0,1.0,28253,M,4835900.0,145000.0,28
201100014043,11,1,30,530,3,1,1,1.0,6.0,28278,M,4845200.0,156800.0,28
201100014044,11,1,31,1200,1,1,1,5.0,1.0,28122,M,4832800.0,148800.0,28
201100014045,11,2,16,1715,1,1,1,1.0,3.0,28269,M,4839500.0,152300.0,28
201100014046,11,4,24,700,1,1,1,1.0,6.0,28358,M,4849500.0,148900.0,28
201100014047,11,4,26,1700,1,1,1,1.0,3.0,28006,M,4844100.0,142700.0,28
201100014048,11,5,11,1545,1,1,1,1.0,1.0,28173,M,4847100.0,155200.0,28
201100014049,11,5,23,800,1,1,1,1.0,7.0,28022,M,4848600.0,140200.0,28
201100014050,11,6,7,1730,1,1,1,1.0,3.0,28022,M,4847900.0,141000.0,28
201100014051,11,6,25,2230,2,1,1,1.0,7.0,28301,M,4850300.0,146800.0,28
201100014052,11,9,3,100,3,2,1,1.0,7.0,28281,M,4838200.0,136800.0,28
201100014053,11,1,7,500,3,2,1,8.0,3.0,28116,M,4845300.0,125300.0,28
201100014054,11,1,30,800,3,1,1,1.0,7.0,28116,M,4845700.0,126900.0,28
201100014055,11,1,30,1100,1,2,1,1.0,7.0,28116,M,4845400.0,124300.0,28
201100014056,11,4,2,845,1,1,1,1.0,1.0,28386,M,4854900.0,130500.0,28
201100014057,11,4,5,1700,1,1,1,1.0,6.0,28341,M,4860800.0,124500.0,28
201100014058,11,5,14,200,3,1,1,1.0,6.0,28350,M,0.0,0.0,28
201100014059,11,5,14,815,1,1,1,1.0,1.0,28360,M,4860400.0,127300.0,28
201100014060,11,5,14,1645,1,1,1,1.0,5.0,28008,M,4855400.0,118000.0,28
201100014061,11,5,16,1730,1,1,1,1.0,1.0,28333,M,4839000.0,116600.0,28
201100014062,11,6,12,1500,1,1,1,1.0,1.0,28393,M,4858500.0,132300.0,28
201100014063,11,6,20,745,1,1,1,2.0,7.0,28351,M,4860800.0,120900.0,28
201100014064,11,7,28,1330,1,1,6,1.0,7.0,28350,M,0.0,0.0,28
201100014065,11,9,18,1800,1,2,1,2.0,6.0,28339,M,0.0,0.0,28
201100014066,11,9,23,1630,1,1,1,1.0,1.0,28325,M,4847500.0,134000.0,28
201100014067,11,11,29,1830,5,2,6,1.0,3.0,28154,M,4847279.0,132068.0,28
201100014068,11,1,8,1745,5,2,1,2.0,3.0,28191,M,4860600.0,164600.0,28
201100014069,11,1,16,1530,1,1,1,1.0,7.0,28188,M,4849700.0,169000.0,28
201100014070,11,1,22,1815,2,2,9,2.0,1.0,28140,M,4861900.0,166600.0,28
201100014071,11,1,28,1830,5,2,9,1.0,6.0,28227,M,4858600.0,157600.0,28
201100014072,11,2,7,730,1,1,1,1.0,6.0,28015,M,4848400.0,179100.0,28
201100014073,11,2,28,630,2,2,1,1.0,3.0,28140,M,0.0,0.0,28
201100014074,11,3,19,915,1,2,1,1.0,3.0,28168,M,4852600.0,168900.0,28
201100014075,11,3,29,1930,1,2,1,1.0,1.0,28052,M,0.0,0.0,28
201100014076,11,4,7,1730,1,2,6,1.0,6.0,28227,M,0.0,0.0,28
201100014077,11,4,17,2000,1,1,2,1.0,3.0,28160,M,4841200.0,164200.0,28
201100014078,11,5,28,1915,1,1,1,1.0,6.0,28357,M,0.0,0.0,28
201100014079,11,6,14,1000,1,1,2,1.0,3.0,28169,M,4842000.0,192900.0,28
201100014080,11,6,28,1400,1,1,2,1.0,3.0,28421,M,4840100.0,170700.0,28
201100014081,11,7,19,1300,1,1,1,1.0,3.0,28172,M,4855900.0,166900.0,28
201100014082,11,10,12,1430,1,1,1,1.0,6.0,28425,M,4850800.0,171300.0,28
201100014083,11,10,14,1800,1,1,1,1.0,3.0,28013,M,4847100.0,183500.0,28
201100014084,11,10,22,900,1,1,1,7.0,3.0,28397,M,4848300.0,167000.0,28
201100014085,11,10,31,800,1,1,1,1.0,6.0,28015,M,4849400.0,176700.0,28
201100014086,11,11,25,730,2,1,1,5.0,1.0,28194,M,4844000.0,163200.0,28
201100014087,11,12,8,1600,1,2,1,1.0,3.0,28298,M,0.0,0.0,28
201100014088,11,12,16,1730,3,1,1,1.0,6.0,28423,M,0.0,0.0,28
201100014089,11,1,12,1645,2,1,1,2.0,1.0,28297,M,4833100.0,157000.0,28
201100014090,11,1,10,945,1,2,1,7.0,6.0,28311,M,4821300.0,186400.0,28
201100014091,11,1,31,2100,3,1,1,1.0,7.0,28406,M,0.0,0.0,28
201100014092,11,2,28,1415,1,1,2,8.0,3.0,28032,M,4830500.0,163700.0,28
201100014093,11,3,22,1715,1,1,1,1.0,3.0,28313,M,4833800.0,172900.0,28
201100014094,11,5,2,1130,1,2,2,4.0,3.0,28026,M,0.0,0.0,28
201100014095,11,5,6,1600,1,1,1,1.0,1.0,28367,M,0.0,0.0,28
201100014096,11,5,26,1445,1,1,2,8.0,3.0,28258,M,0.0,0.0,28
201100014097,11,6,27,1730,1,1,1,1.0,1.0,28319,M,4828000.0,197600.0,28
201100014098,11,7,19,1800,1,2,1,1.0,3.0,28383,M,0.0,0.0,28
201100014099,11,8,8,1615,1,1,1,1.0,1.0,28047,M,0.0,0.0,28
201100014100,11,9,8,1900,1,1,1,1.0,5.0,28304,M,0.0,0.0,28
201100014101,11,10,24,1845,5,2,1,1.0,6.0,28422,M,4827054.0,161926.0,28
201100014102,11,10,26,1830,1,1,1,1.0,1.0,28391,M,0.0,0.0,28
201100014103,11,11,16,1800,2,1,1,5.0,3.0,28391,M,0.0,0.0,28
201100014104,11,11,19,900,1,2,1,1.0,2.0,28422,M,0.0,0.0,28
201100014105,11,11,18,115,4,2,1,1.0,6.0,28026,M,0.0,0.0,28
201100014106,11,7,24,30,3,1,1,1.0,7.0,28012,M,4809400.0,110100.0,28
201100014107,11,8,12,345,3,1,1,1.0,7.0,28075,M,0.0,0.0,28
201100014108,11,8,28,815,1,1,1,1.0,6.0,28205,M,4808400.0,126200.0,28
201100014109,11,9,20,930,1,1,2,1.0,3.0,28132,M,0.0,0.0,28
201100014110,11,10,11,115,3,1,1,1.0,2.0,28198,M,0.0,0.0,28
201100014111,11,1,6,1930,3,1,1,8.0,7.0,28259,M,0.0,0.0,28
201100014112,11,1,20,830,1,1,1,5.0,5.0,28059,M,4817600.0,137000.0,28
201100014113,11,2,13,1015,1,1,1,2.0,6.0,28114,M,4814300.0,163400.0,28
201100014114,11,3,6,2000,3,1,2,1.0,3.0,28029,M,4817600.0,183700.0,28
201100014115,11,6,5,1845,1,1,1,1.0,1.0,28051,M,4819000.0,138000.0,28
201100014116,11,6,19,2015,1,2,2,1.0,3.0,28051,M,4818363.0,141004.0,28
201100014117,11,8,8,445,4,1,1,2.0,1.0,28121,M,4813100.0,185600.0,28
201100014118,11,9,3,1215,1,1,1,1.0,6.0,28029,M,0.0,0.0,28
201100014119,11,9,23,930,3,1,1,1.0,6.0,28114,M,4815900.0,159800.0,28
201100014120,11,9,29,1430,1,1,1,1.0,7.0,28390,M,0.0,0.0,28
201100014121,11,10,2,1630,1,2,9,1.0,7.0,28005,M,0.0,0.0,28
201100014122,11,10,9,1100,1,1,1,1.0,7.0,28153,M,0.0,0.0,28
201100014123,11,12,2,1515,1,1,1,1.0,7.0,28051,M,0.0,0.0,28
201100014124,11,2,5,1500,1,2,1,1.0,3.0,28021,M,0.0,0.0,28
201100014125,11,4,7,1715,1,2,1,1.0,3.0,28424,M,4821400.0,119000.0,28
201100014126,11,4,21,1000,1,1,1,1.0,2.0,28398,M,0.0,0.0,28
201100014127,11,5,9,800,1,1,1,1.0,2.0,28424,M,0.0,0.0,28
201100014128,11,5,28,1845,1,1,1,1.0,1.0,28196,M,4830600.0,123300.0,28
201100014129,11,6,22,330,3,1,1,1.0,7.0,28127,M,4821900.0,128700.0,28
201100014130,11,6,24,100,3,2,6,1.0,7.0,28123,M,4821700.0,111400.0,28
201100014131,11,7,28,2000,1,1,1,1.0,7.0,28021,M,4836800.0,131500.0,28
201100014132,11,7,29,1645,1,1,1,1.0,1.0,28061,M,4822100.0,113900.0,28
201100014133,11,8,9,1045,1,1,1,1.0,3.0,28021,M,4836400.0,132200.0,28
201100014134,11,9,27,1545,1,1,1,1.0,7.0,28021,M,4836400.0,129300.0,28
201100014135,11,1,4,2215,3,1,1,8.0,1.0,28394,M,0.0,0.0,28
201100014136,11,2,16,1700,1,1,1,1.0,2.0,28405,M,0.0,0.0,28
201100014137,11,4,23,430,3,1,1,1.0,6.0,28394,M,4867300.0,131900.0,28
201100014138,11,5,11,1245,1,2,1,1.0,2.0,28359,M,4875800.0,125600.0,28
201100014139,11,6,18,1200,1,1,1,6.0,7.0,28178,M,4874800.0,149300.0,28
201100014140,11,7,6,700,2,1,1,2.0,7.0,28003,M,4871800.0,128400.0,28
201100014141,11,7,19,2315,3,1,1,1.0,1.0,28098,M,4875000.0,143000.0,28
201100014142,11,11,14,1930,3,1,1,1.0,7.0,28098,M,4875800.0,146300.0,28
201100014143,11,12,1,530,3,1,1,1.0,7.0,28098,M,4875600.0,145800.0,28
201100014144,11,12,10,45,3,1,1,1.0,7.0,28098,M,4877100.0,142200.0,28
201100014145,11,12,27,2045,5,2,1,1.0,7.0,28348,M,0.0,0.0,28
201100014146,11,1,11,715,3,1,1,2.0,6.0,28377,M,4881900.0,141100.0,28
201100014147,11,4,3,2315,3,1,1,1.0,7.0,28377,M,4883500.0,141700.0,28
201100014148,11,4,14,745,1,1,1,1.0,3.0,28001,M,4877700.0,140400.0,28
201100014149,11,4,15,1130,1,2,1,1.0,3.0,28371,M,4886400.0,142400.0,28
201100014150,11,4,17,1600,1,1,1,1.0,7.0,28321,M,4884000.0,149500.0,28
201100014151,11,5,7,1500,1,1,1,1.0,7.0,28062,M,4877000.0,152900.0,28
201100014152,11,6,7,1545,1,2,1,1.0,1.0,28069,M,0.0,0.0,28
201100014153,11,7,6,2045,1,2,1,1.0,2.0,28007,M,4886000.0,145000.0,28
201100014154,11,9,3,1445,1,1,1,1.0,3.0,28355,M,0.0,0.0,28
201100014155,11,9,22,1530,1,2,1,1.0,2.0,28247,M,0.0,0.0,28
201100014156,11,10,1,1900,1,2,1,1.0,6.0,28293,M,4887019.0,147268.0,28
201100014157,11,11,17,730,5,2,1,1.0,1.0,28293,M,0.0,0.0,28
201100014158,11,11,18,1130,1,1,1,1.0,6.0,28064,M,0.0,0.0,28
201100014159,11,12,8,615,2,2,2,1.0,3.0,28293,M,0.0,0.0,28
201100014160,11,1,4,930,1,1,1,2.0,7.0,28059,M,0.0,0.0,28
201100014161,11,3,7,1045,1,1,2,1.0,3.0,28231,M,4864700.0,97900.0,28
201100014162,11,6,10,1730,1,1,1,1.0,5.0,28322,M,4872000.0,97100.0,28
201100014163,11,6,17,1300,1,1,1,2.0,7.0,28120,M,4869600.0,111400.0,28
201100014164,11,7,30,630,2,1,1,1.0,3.0,28059,M,4869800.0,105700.0,28
201100014165,11,1,31,815,1,2,1,1.0,6.0,28279,M,4864500.0,152100.0,28
201100014166,11,8,20,1215,1,1,1,1.0,6.0,28374,M,4860000.0,141000.0,28
201100014167,11,9,30,1530,1,2,1,7.0,1.0,28146,M,4868700.0,157700.0,28
201100014168,11,11,30,2030,3,1,1,1.0,3.0,28056,M,0.0,0.0,28
201100014169,11,2,12,800,2,1,1,8.0,1.0,28280,M,4832100.0,79600.0,28
201100014170,11,5,29,800,1,1,1,1.0,6.0,28027,M,4816300.0,99300.0,28
201100014171,11,7,1,1715,1,1,1,1.0,3.0,28280,M,4830600.0,83300.0,28
201100014172,11,8,31,1045,1,1,1,1.0,6.0,28280,M,4833600.0,78800.0,28
201100014173,11,9,12,1730,1,1,1,8.0,6.0,28027,M,4817100.0,93900.0,28
201100014174,11,9,23,1645,1,1,1,1.0,3.0,28280,M,4834000.0,80700.0,28
201100014175,11,10,2,1900,1,1,2,1.0,3.0,28236,M,4834000.0,84200.0,28
201100014176,11,12,1,1730,2,1,1,2.0,3.0,28280,M,4830600.0,83300.0,28
201100014177,11,11,22,1800,5,2,1,1.0,6.0,28280,M,4832212.0,82145.0,28
201100014178,11,2,17,1730,2,1,1,7.0,1.0,28033,M,0.0,0.0,28
201100014179,11,4,6,2030,3,1,1,1.0,7.0,28302,M,4884000.0,114500.0,28
201100014180,11,4,28,1945,1,2,1,1.0,1.0,28112,M,0.0,0.0,28
201100014181,11,5,15,200,3,1,1,1.0,7.0,28354,M,0.0,0.0,28
201100014182,11,7,17,1800,1,1,1,2.0,6.0,28232,M,0.0,0.0,28
201100014183,11,8,14,530,3,1,1,2.0,6.0,28086,M,0.0,0.0,28
201100014184,11,8,19,2345,3,1,1,1.0,6.0,28148,M,0.0,0.0,28
201100014185,11,9,19,1630,1,2,1,1.0,3.0,28214,M,4846898.0,100885.0,28
201100014186,11,10,3,1745,1,2,7,7.0,6.0,28214,M,4847166.0,101404.0,28
201100014187,11,10,10,2015,4,1,1,1.0,5.0,28331,M,4852700.0,64900.0,28
201100014188,11,3,3,1515,1,1,1,1.0,1.0,36192,M,4663060.0,146726.0,36
201100014189,11,5,25,1100,1,1,1,1.0,7.0,36101,M,4670410.0,158881.0,36
201100014190,11,7,15,1600,1,1,1,1.0,3.0,36231,M,4669840.0,159656.0,36
201100014191,11,10,2,1530,1,1,3,1.0,3.0,36239,M,4651010.0,149831.0,36
201100014192,11,10,12,230,3,1,1,1.0,6.0,36014,M,4649180.0,153364.0,36
201100014193,11,10,16,1645,1,1,3,1.0,3.0,36062,M,4646340.0,159922.0,36
201100014194,11,1,29,2245,3,1,1,1.0,2.0,36142,M,4684150.0,156655.0,36
201100014195,11,2,26,1545,1,2,1,1.0,6.0,36149,M,4694590.0,131576.0,36
201100014196,11,3,5,1645,1,2,1,1.0,3.0,36045,M,4697950.0,117838.0,36
201100014197,11,4,30,1930,1,2,3,1.0,5.0,36031,M,4688970.0,142275.0,36
201100014198,11,5,23,1045,1,1,1,1.0,2.0,36149,M,4692320.0,129401.0,36
201100014199,11,5,24,1730,1,1,1,1.0,1.0,36241,M,4686590.0,152679.0,36
201100014200,11,5,28,1500,1,2,2,1.0,3.0,36045,M,4698870.0,116852.0,36
201100014201,11,5,29,600,2,1,1,1.0,6.0,36241,M,4686770.0,148617.0,36
201100014202,11,7,24,330,3,1,6,1.0,6.0,36142,M,4683930.0,157696.0,36
201100014203,11,9,22,1030,1,2,1,1.0,6.0,36031,M,4688900.0,142201.0,36
201100014204,11,10,14,1645,1,1,1,1.0,7.0,36045,M,4698910.0,114764.0,36
201100014205,11,12,3,1930,5,2,1,3.0,6.0,36031,M,4688820.0,141036.0,36
201100014206,11,3,6,1430,1,1,3,1.0,3.0,36103,M,4716060.0,145387.0,36
201100014207,11,3,12,1530,1,1,1,2.0,6.0,36093,M,4700210.0,158582.0,36
201100014208,11,4,16,1730,1,1,1,1.0,3.0,36093,M,4694200.0,162832.0,36
201100014209,11,4,20,1430,1,1,1,1.0,7.0,36237,M,4723050.0,163883.0,36
201100014210,11,5,25,1445,1,1,1,1.0,6.0,36093,M,4694240.0,162810.0,36
201100014211,11,5,29,1900,1,1,1,1.0,1.0,36093,M,4694140.0,162853.0,36
201100014212,11,6,23,1415,1,1,1,1.0,2.0,36244,M,4717090.0,145327.0,36
201100014213,11,7,19,2015,1,2,2,2.0,3.0,36115,M,4721970.0,168299.0,36
201100014214,11,7,20,2130,3,1,1,2.0,1.0,36115,M,4721910.0,165923.0,36
201100014215,11,10,9,415,5,2,1,1.0,1.0,36034,M,4725610.0,166640.0,36
201100014216,11,10,21,1900,1,2,2,1.0,3.0,36093,M,4697440.0,161197.0,36
201100014217,11,10,30,1730,2,1,1,1.0,7.0,36230,M,4707540.0,184679.0,36
201100014218,11,10,30,1645,1,1,1,1.0,6.0,36034,M,4725460.0,161706.0,36
201100014219,11,1,14,1800,3,1,1,1.0,1.0,36165,M,4667620.0,104609.0,36
201100014220,11,5,6,1510,1,2,1,7.0,6.0,36018,M,4663280.0,106301.0,36
201100014221,11,5,24,1815,1,1,1,1.0,3.0,36087,M,4660290.0,94929.0,36
201100014222,11,6,21,1515,1,1,1,1.0,7.0,36104,M,4666960.0,91350.0,36
201100014223,11,7,14,1500,1,1,1,7.0,6.0,36113,M,4677760.0,105780.0,36
201100014224,11,7,22,1830,1,1,1,1.0,6.0,36224,M,4672130.0,98659.0,36
201100014225,11,8,25,1500,1,1,1,1.0,2.0,36220,M,4660190.0,141927.0,36
201100014226,11,9,3,1915,1,2,1,2.0,1.0,36018,M,4662680.0,105822.0,36
201100014227,11,9,13,1515,1,1,1,8.0,6.0,36137,M,4672730.0,92535.0,36
201100014228,11,6,5,1705,1,2,1,1.0,3.0,36018,M,4662750.0,104906.0,36
201100014229,11,11,4,1230,1,1,1,1.0,1.0,36114,M,4657160.0,109927.0,36
201100014230,11,11,21,1845,3,1,2,8.0,3.0,36036,M,4654180.0,122242.0,36
201100014231,11,3,14,1600,1,1,1,1.0,6.0,36127,M,4660040.0,199967.0,36
201100014232,11,3,20,2000,1,1,1,1.0,7.0,36238,M,4646370.0,210364.0,36
201100014233,11,3,22,2015,3,1,1,1.0,7.0,36208,M,4650160.0,206857.0,36