Num_Acc,an,mois,jour,hrmn,lum,agg,int,atm,col,com,gps,lat,long,dep
201100014234,11,4,27,1415,1,1,1,8.0,3.0,36132,M,4655650.0,207200.0,36
201100014235,11,4,30,1010,1,2,3,1.0,1.0,36163,M,4648380.0,200193.0,36
201100014236,11,7,22,1715,1,1,1,1.0,7.0,36221,M,4662840.0,206028.0,36
201100014237,11,8,29,1845,1,1,1,1.0,6.0,36236,M,4663610.0,213662.0,36
201100014238,11,9,22,1505,1,2,1,1.0,3.0,36221,M,4663400.0,206497.0,36
201100014239,11,9,24,730,1,1,1,1.0,1.0,36100,M,4660030.0,201262.0,36
201100014240,11,10,15,1445,1,1,1,7.0,7.0,36184,M,4667400.0,196399.0,36
201100014241,11,1,8,1830,3,1,1,1.0,6.0,36005,M,4673300.0,184470.0,36
201100014242,11,2,16,1045,1,1,1,1.0,2.0,36009,M,4668390.0,175451.0,36
201100014243,11,3,4,2245,3,1,1,1.0,7.0,36141,M,4659780.0,179319.0,36
201100014244,11,3,13,745,2,1,1,1.0,7.0,36226,M,4661970.0,186042.0,36
201100014245,11,5,14,245,5,2,1,1.0,6.0,36005,M,4674380.0,183216.0,36
201100014246,11,6,14,700,2,1,1,1.0,1.0,36005,M,4675490.0,181598.0,36
201100014247,11,6,13,1000,1,1,1,1.0,3.0,36210,M,4661290.0,192964.0,36
201100014248,11,6,27,1400,1,2,1,1.0,3.0,36001,M,4644040.0,182065.0,36
201100014249,11,8,13,1600,1,1,1,1.0,7.0,36099,M,4642120.0,169362.0,36
201100014250,11,8,24,200,3,1,1,2.0,6.0,36078,M,4659660.0,187192.0,36
201100014251,11,9,7,945,1,2,1,1.0,6.0,36056,M,4654800.0,174897.0,36
201100014252,11,9,25,1030,1,2,1,1.0,6.0,36071,M,4677700.0,178252.0,36
201100014253,11,11,1,1630,1,1,1,8.0,3.0,36200,M,4661080.0,150330.0,36
201100014254,11,11,13,1100,1,1,1,1.0,7.0,36112,M,4681470.0,185497.0,36
201100014255,11,11,16,1815,2,2,1,1.0,6.0,36005,M,4674140.0,182929.0,36
201100014256,11,11,25,1315,1,1,1,1.0,5.0,36078,M,4657300.0,186954.0,36
201100014257,11,12,1,1415,1,1,4,1.0,6.0,36120,M,4669130.0,188082.0,36
201100014258,11,12,6,730,2,1,3,1.0,3.0,36120,M,4664530.0,186741.0,36
201100014259,11,12,28,800,3,1,1,9.0,7.0,36133,M,4658900.0,176917.0,36
201100014260,11,1,31,915,1,1,1,1.0,1.0,36215,M,4687880.0,207768.0,36
201100014261,11,2,21,1900,5,2,1,2.0,6.0,36088,M,4693960.0,200308.0,36
201100014262,11,6,6,515,1,1,1,1.0,7.0,36179,M,4692410.0,193339.0,36
201100014263,11,6,16,1845,1,2,1,1.0,6.0,36088,M,4694980.0,199287.0,36
201100014264,11,7,8,1850,1,2,2,1.0,3.0,36088,M,4694180.0,198734.0,36
201100014265,11,8,1,2115,1,2,1,1.0,6.0,36088,M,4694750.0,200266.0,36
201100014266,11,8,26,1730,1,1,2,2.0,3.0,36152,M,4702570.0,187607.0,36
201100014267,11,10,19,1645,1,2,6,1.0,3.0,36088,M,4694570.0,199765.0,36
201100014268,11,11,9,1500,1,1,2,1.0,3.0,36125,M,4700640.0,204915.0,36
201100014269,11,1,28,2030,3,1,1,1.0,7.0,37131,M,0.0,0.0,37
201100014270,11,1,30,1300,1,2,3,1.0,3.0,37161,M,4745560.0,110104.0,37
201100014271,11,3,5,1645,1,2,1,7.0,3.0,37003,M,4740380.0,101479.0,37
201100014272,11,3,24,2145,3,1,1,1.0,1.0,37171,M,0.0,0.0,37
201100014273,11,4,17,1130,1,2,1,1.0,6.0,37163,M,4743450.0,94981.0,37
201100014274,11,4,24,1800,1,1,1,2.0,7.0,37158,M,4749740.0,96864.0,37
201100014275,11,4,29,2030,1,2,1,1.0,6.0,37185,M,4745470.0,101049.0,37
201100014276,11,5,5,700,2,1,3,1.0,5.0,37163,M,4741300.0,96347.0,37
201100014277,11,5,30,1745,1,1,1,1.0,1.0,37003,M,0.0,0.0,37
201100014278,11,6,10,1530,1,2,9,1.0,6.0,37003,M,4740920.0,97225.0,37
201100014279,11,8,7,245,3,1,1,2.0,7.0,37043,M,0.0,0.0,37
201100014280,11,8,15,1815,1,1,2,1.0,3.0,37003,M,4739310.0,100406.0,37
201100014281,11,8,17,345,5,2,3,1.0,6.0,37003,M,4741360.0,98433.0,37
201100014282,11,9,6,1830,1,1,2,1.0,3.0,37171,M,4743520.0,88673.0,37
201100014283,11,10,22,1915,3,2,2,1.0,3.0,37003,M,4740700.0,102081.0,37
201100014284,11,11,14,745,1,1,2,1.0,3.0,37161,M,4745560.0,110108.0,37
201100014285,11,11,14,830,1,1,3,1.0,3.0,37131,M,4744700.0,105178.0,37
201100014286,11,11,19,1815,3,1,1,1.0,3.0,37161,M,4744340.0,105511.0,37
201100014287,11,11,6,545,4,2,1,1.0,6.0,37117,M,0.0,0.0,37
201100014288,11,11,10,2330,3,1,1,1.0,1.0,37139,M,0.0,0.0,37
201100014289,11,12,23,130,3,1,1,1.0,7.0,37117,M,0.0,0.0,37
201100014290,11,11,11,1100,1,1,2,1.0,3.0,37224,M,4758430.0,80082.0,37
201100014291,11,11,16,745,2,1,1,8.0,7.0,37276,M,4755160.0,86382.0,37
201100014292,11,3,14,1400,1,1,1,1.0,3.0,37182,M,0.0,0.0,37
201100014293,11,4,12,800,1,1,1,1.0,7.0,37139,M,4738520.0,55215.0,37
201100014294,11,4,21,1130,1,2,1,1.0,3.0,37109,M,4739100.0,59330.0,37
201100014295,11,4,28,1500,1,1,1,1.0,6.0,37109,M,0.0,0.0,37
201100014296,11,4,29,2300,5,2,1,1.0,6.0,37013,M,4739230.0,28756.0,37
201100014297,11,5,4,1830,1,1,1,1.0,7.0,37139,M,4737040.0,53728.0,37
201100014298,11,5,9,945,1,2,1,1.0,6.0,37062,M,4754920.0,31860.0,37
201100014299,11,5,15,1730,1,1,1,1.0,6.0,37117,M,0.0,0.0,37
201100014300,11,6,17,1930,2,2,2,8.0,1.0,37251,M,4752210.0,39643.0,37
201100014301,11,6,22,2300,3,1,1,1.0,3.0,37081,M,0.0,0.0,37
201100014302,11,7,12,2115,2,2,1,2.0,1.0,37139,M,0.0,0.0,37
201100014303,11,7,30,2315,3,1,1,1.0,7.0,37013,M,0.0,0.0,37
201100014304,11,9,9,715,1,1,1,1.0,1.0,37198,M,4742320.0,23039.0,37
201100014305,11,9,25,1830,1,1,2,1.0,3.0,37084,M,4756590.0,35858.0,37
201100014306,11,9,23,1445,1,1,1,1.0,7.0,37086,M,4748670.0,31481.0,37
201100014307,11,10,25,1715,5,2,2,1.0,3.0,37241,M,4744440.0,32017.0,37
201100014308,11,2,1,2245,3,1,1,9.0,1.0,37245,M,0.0,0.0,37
201100014309,11,3,30,1700,1,2,1,1.0,6.0,37151,M,0.0,0.0,37
201100014310,11,4,7,1745,1,1,3,1.0,3.0,37152,M,4745830.0,67266.0,37
201100014311,11,4,21,1745,1,1,1,1.0,2.0,37167,M,4754560.0,50359.0,37
201100014312,11,4,30,1600,1,2,1,1.0,6.0,37152,M,4745040.0,64651.0,37
201100014313,11,5,4,1700,1,1,2,1.0,3.0,37152,M,4746130.0,65789.0,37
201100014314,11,4,20,1915,1,1,2,1.0,6.0,37213,M,4763150.0,50266.0,37
201100014315,11,5,23,1630,1,2,1,1.0,5.0,37167,M,4754460.0,46375.0,37
201100014316,11,5,29,1045,1,2,1,1.0,1.0,37151,M,4744020.0,63791.0,37
201100014317,11,6,23,1930,1,2,1,1.0,6.0,37170,M,0.0,0.0,37
201100014318,11,6,26,1600,1,1,1,1.0,6.0,37152,M,4744820.0,64675.0,37
201100014319,11,6,30,1900,1,2,1,1.0,6.0,37206,M,0.0,0.0,37
201100014320,11,7,23,1845,1,1,3,1.0,2.0,37231,M,4757780.0,41902.0,37
201100014321,11,8,3,2100,1,2,1,1.0,6.0,37172,M,4745360.0,69570.0,37
201100014322,11,9,24,1030,1,1,1,1.0,1.0,37167,M,4756330.0,54981.0,37
201100014323,11,1,5,745,3,1,1,1.0,1.0,37203,M,0.0,0.0,37
201100014324,11,1,9,1300,1,2,1,1.0,6.0,37203,M,4741020.0,77229.0,37
201100014325,11,1,11,1530,1,1,1,6.0,1.0,37281,M,4745200.0,78689.0,37
201100014326,11,1,14,1800,2,2,1,2.0,6.0,37270,M,4741730.0,84296.0,37
201100014327,11,1,20,915,1,1,1,1.0,1.0,37153,M,4748340.0,80503.0,37
201100014328,11,1,25,945,1,1,1,1.0,3.0,37009,M,4754260.0,98289.0,37
201100014329,11,1,30,700,3,1,1,1.0,6.0,37106,M,0.0,0.0,37
201100014330,11,1,30,1315,1,1,1,1.0,2.0,37153,M,4747900.0,76202.0,37
201100014331,11,3,16,1045,1,1,1,1.0,6.0,37052,M,0.0,0.0,37
201100014332,11,3,16,1530,1,2,1,1.0,6.0,37179,M,4744220.0,75069.0,37
201100014333,11,3,21,1545,1,1,1,1.0,2.0,37224,M,4758700.0,78751.0,37
201100014334,11,5,23,1730,1,1,1,1.0,7.0,37179,M,4744020.0,74875.0,37
201100014335,11,5,24,1630,1,1,1,1.0,1.0,37010,M,0.0,0.0,37
201100014336,11,6,4,1730,3,1,1,3.0,6.0,37063,M,0.0,0.0,37
201100014337,11,6,21,715,1,1,1,1.0,1.0,37169,M,0.0,0.0,37
201100014338,11,6,30,130,5,2,1,1.0,6.0,37063,M,4758750.0,90642.0,37
201100014339,11,6,30,1000,1,1,1,1.0,7.0,37276,M,4754650.0,86379.0,37
201100014340,11,7,1,945,1,1,1,1.0,6.0,37281,M,4739750.0,82357.0,37
201100014341,11,7,7,1800,1,1,2,1.0,3.0,37030,M,4758120.0,82564.0,37
201100014342,11,8,19,1445,1,2,3,1.0,1.0,37281,M,4741000.0,79716.0,37
201100014343,11,8,28,1030,1,1,1,1.0,3.0,37224,M,0.0,0.0,37
201100014344,11,8,28,1700,1,2,9,1.0,1.0,37281,M,4741200.0,80718.0,37
201100014345,11,9,16,1015,1,1,1,1.0,2.0,37153,M,4747970.0,76283.0,37
201100014346,11,9,14,1900,1,1,1,7.0,7.0,37155,M,4766910.0,69010.0,37
201100014347,11,9,22,1945,1,2,2,1.0,3.0,37063,M,4758710.0,90292.0,37
201100014348,11,10,7,830,1,1,6,1.0,6.0,37169,M,4760520.0,92004.0,37
201100014349,11,10,10,1845,1,1,1,1.0,6.0,37276,M,4754460.0,89014.0,37
201100014350,11,10,16,1530,1,2,1,1.0,6.0,37270,M,4742060.0,84200.0,37
201100014351,11,10,29,2115,3,1,1,8.0,4.0,37010,M,0.0,0.0,37
201100014352,11,1,5,1315,1,1,1,1.0,6.0,37201,M,4713890.0,27912.0,37
201100014353,11,1,14,1810,5,2,1,2.0,6.0,37072,M,4716290.0,24872.0,37
201100014354,11,5,15,1915,1,2,1,1.0,6.0,37072,M,4716500.0,24482.0,37
201100014355,11,1,21,1415,1,1,1,1.0,6.0,37102,M,4734640.0,30936.0,37
201100014356,11,2,18,1615,1,2,1,1.0,3.0,37014,M,4726280.0,47227.0,37
201100014357,11,2,21,830,1,1,3,1.0,3.0,37200,M,4726480.0,33990.0,37
201100014358,11,3,8,1845,1,1,1,1.0,7.0,37006,M,4725720.0,60814.0,37
201100014359,11,6,22,745,1,2,1,3.0,6.0,37128,M,4729720.0,41313.0,37
201100014360,11,7,3,2145,2,1,1,1.0,7.0,37257,M,0.0,0.0,37
201100014361,11,7,18,1800,1,1,1,1.0,7.0,37014,M,4725460.0,52201.0,37
201100014362,11,8,1,1645,1,1,1,1.0,7.0,37128,M,0.0,0.0,37
201100014363,11,8,8,2100,2,1,1,8.0,7.0,37186,M,0.0,0.0,37
201100014364,11,8,25,1645,1,1,1,1.0,3.0,37038,M,4729730.0,36538.0,37
201100014365,11,11,26,1400,1,1,1,8.0,3.0,37123,M,4731440.0,37689.0,37
201100014366,11,12,5,730,2,2,1,1.0,1.0,37014,M,4726310.0,45711.0,37
201100014367,11,12,16,1715,1,2,3,1.0,1.0,37123,M,4733110.0,40345.0,37
201100014368,11,1,22,600,3,1,1,9.0,6.0,37226,M,4708860.0,61097.0,37
201100014369,11,2,12,1845,2,1,2,1.0,3.0,37256,M,4709590.0,43770.0,37
201100014370,11,3,13,2045,3,1,1,1.0,7.0,37187,M,4700400.0,56699.0,37
201100014371,11,5,8,1645,1,2,1,1.0,6.0,37226,M,4710820.0,62452.0,37
201100014372,11,6,19,1415,1,1,1,1.0,6.0,37262,M,0.0,0.0,37
201100014373,11,7,3,1245,1,2,1,1.0,6.0,37196,M,0.0,0.0,37
201100014374,11,7,23,1245,1,1,2,1.0,3.0,37093,M,0.0,0.0,37
201100014375,11,8,15,915,1,1,1,1.0,6.0,37065,M,0.0,0.0,37
201100014376,11,9,21,2015,2,1,1,1.0,2.0,37212,M,0.0,0.0,37
201100014377,11,9,24,800,1,1,1,1.0,2.0,37176,M,0.0,0.0,37
201100014378,11,9,24,1500,1,2,2,1.0,5.0,37180,M,0.0,0.0,37
201100014379,11,10,16,830,1,1,1,1.0,7.0,37176,M,4711200.0,55200.0,37
201100014380,11,11,22,1600,1,2,1,1.0,6.0,37196,M,0.0,0.0,37
201100014381,11,3,6,1715,1,1,1,1.0,1.0,37133,M,0.0,0.0,37
201100014382,11,3,17,1815,1,1,1,1.0,1.0,37183,M,4710110.0,101181.0,37
201100014383,11,3,26,1530,1,2,6,1.0,6.0,37132,M,4712950.0,99879.0,37
201100014384,11,4,24,1230,1,1,1,1.0,3.0,37173,M,4713600.0,129796.0,37
201100014385,11,4,26,2330,3,1,1,1.0,6.0,37039,M,0.0,0.0,37
201100014386,11,5,1,630,2,1,1,1.0,6.0,37132,M,4720990.0,94570.0,37
201100014387,11,5,2,1030,1,1,1,1.0,5.0,37222,M,4708390.0,103067.0,37
201100014388,11,5,28,1415,1,1,4,1.0,3.0,37097,M,4720190.0,88658.0,37
201100014389,11,5,31,1345,1,1,2,1.0,3.0,37097,M,4717660.0,86035.0,37
201100014390,11,6,26,1645,1,1,1,1.0,5.0,37069,M,0.0,0.0,37
201100014391,11,7,15,1145,1,1,1,1.0,3.0,37108,M,4715760.0,105879.0,37
201100014392,11,9,16,1800,1,1,2,1.0,3.0,37097,M,4717660.0,86035.0,37
201100014393,11,10,2,945,1,1,1,1.0,6.0,37108,M,0.0,0.0,37
201100014394,11,11,16,1500,1,1,1,1.0,1.0,37049,M,4716440.0,98560.0,37
201100014395,11,11,19,700,2,1,1,8.0,6.0,37221,M,4705320.0,111390.0,37
201100014396,11,12,5,815,1,2,1,1.0,6.0,37132,M,4712060.0,99558.0,37
201100014397,11,11,17,1200,1,2,1,1.0,3.0,37273,M,0.0,0.0,37
201100014398,11,12,2,1100,1,2,3,2.0,3.0,37091,M,4733020.0,99134.0,37
201100014399,11,12,9,1745,2,1,1,2.0,5.0,37096,M,4734180.0,96722.0,37
201100014400,11,12,18,915,1,1,1,8.0,6.0,37091,M,0.0,0.0,37
201100014401,11,12,23,1315,1,2,2,1.0,6.0,37273,M,4738670.0,76842.0,37
201100014402,11,2,26,1645,1,1,1,1.0,6.0,37259,M,0.0,0.0,37
201100014403,11,3,8,1445,1,1,1,1.0,1.0,37028,M,4686070.0,96385.0,37
201100014404,11,5,4,830,1,1,1,1.0,7.0,37026,M,4700500.0,95940.0,37
201100014405,11,6,17,2200,3,1,6,2.0,7.0,37282,M,4680330.0,83498.0,37
201100014406,11,6,18,1630,1,2,1,1.0,3.0,37259,M,0.0,0.0,37
201100014407,11,6,28,615,2,1,1,1.0,7.0,37026,M,4699300.0,95400.0,37
201100014408,11,7,28,1900,1,2,1,1.0,6.0,37113,M,4692020.0,80041.0,37
201100014409,11,8,13,2115,2,1,1,1.0,5.0,37028,M,4677860.0,94611.0,37
201100014410,11,2,11,1545,1,1,1,1.0,3.0,37080,M,4703580.0,71161.0,37
201100014411,11,2,26,1630,1,2,3,1.0,3.0,37130,M,4704250.0,81792.0,37
201100014412,11,5,23,1900,1,1,2,1.0,3.0,37130,M,4703610.0,84973.0,37
201100014413,11,6,5,600,2,1,1,5.0,6.0,37001,M,0.0,0.0,37
201100014414,11,9,25,1045,1,2,2,1.0,1.0,37115,M,4698380.0,69367.0,37
201100014415,11,12,24,2045,5,2,1,1.0,6.0,37115,M,0.0,0.0,37
201100014416,11,3,7,1730,1,2,6,1.0,6.0,37266,M,4729100.0,73414.0,37
201100014417,11,4,7,200,3,1,1,1.0,2.0,37250,M,4720250.0,67175.0,37
201100014418,11,4,13,1700,1,1,1,1.0,6.0,37254,M,0.0,0.0,37
201100014419,11,7,11,900,1,1,1,1.0,3.0,37104,M,0.0,0.0,37
201100014420,11,8,30,1800,1,1,1,1.0,6.0,37083,M,4725950.0,83929.0,37
201100014421,11,9,6,2315,5,1,6,1.0,7.0,37250,M,0.0,0.0,37
201100014422,11,10,26,1515,1,1,4,1.0,2.0,37266,M,4726280.0,66255.0,37
201100014423,11,3,22,1745,1,2,1,1.0,6.0,41144,M,,,41
201100014424,11,4,10,1815,1,2,1,1.0,6.0,41055,M,,,41
201100014425,11,7,19,1145,1,1,1,3.0,6.0,41230,M,4761060.0,125289.0,41
201100014426,11,8,16,1245,1,1,1,1.0,1.0,41033,M,4755680.0,122335.0,41
201100014427,11,2,8,800,2,1,1,2.0,2.0,41056,M,4790420.0,136331.0,41
201100014428,11,5,2,730,1,1,1,1.0,1.0,41173,M,4790930.0,150908.0,41
201100014429,11,5,20,1100,1,1,2,1.0,3.0,41289,M,4787430.0,156857.0,41
201100014430,11,8,19,945,1,1,2,1.0,3.0,41221,M,4783520.0,136961.0,41
201100014431,11,11,4,1930,3,1,2,1.0,3.0,41289,M,4785420.0,152216.0,41
201100014432,11,1,11,700,2,2,1,2.0,2.0,41220,M,4771580.0,160941.0,41
201100014433,11,2,7,1430,1,2,1,1.0,1.0,41085,M,4765310.0,167195.0,41
201100014434,11,4,18,1730,1,1,1,1.0,1.0,41134,M,4764250.0,141298.0,41
201100014435,11,4,18,1830,1,1,1,1.0,1.0,41252,M,,,41
201100014436,11,4,27,2045,1,1,2,1.0,3.0,41136,M,4769360.0,149661.0,41
201100014437,11,5,5,1130,1,2,1,1.0,6.0,41252,M,4766730.0,146203.0,41
201100014438,11,5,11,1730,1,2,7,1.0,3.0,41220,M,4772300.0,161300.0,41
201100014439,11,5,17,1630,1,1,1,1.0,6.0,41071,M,4766600.0,162300.0,41
201100014440,11,5,27,1715,1,1,1,1.0,3.0,41220,M,4773800.0,165085.0,41
201100014441,11,6,2,200,5,2,1,1.0,6.0,41207,M,4765530.0,148689.0,41
201100014442,11,7,6,1345,1,2,2,1.0,3.0,41129,M,4762960.0,147653.0,41
201100014443,11,7,11,2045,1,2,1,7.0,1.0,41156,M,4769300.0,138138.0,41
201100014444,11,7,23,130,3,1,1,1.0,6.0,41220,M,4772600.0,159754.0,41
201100014445,11,8,19,1000,1,2,1,1.0,5.0,41220,M,,,41
201100014446,11,9,4,1545,1,2,1,2.0,6.0,41136,M,,,41
201100014447,11,9,24,1515,1,1,1,1.0,7.0,41292,M,4774850.0,142431.0,41
201100014448,11,10,27,1530,1,1,3,1.0,3.0,41220,M,4774620.0,164170.0,41
201100014449,11,11,9,1500,1,1,1,1.0,6.0,41220,M,4771890.0,165856.0,41
201100014450,11,11,15,2000,5,2,1,1.0,6.0,41136,M,,,41
201100014451,11,11,20,1645,1,1,1,1.0,7.0,41136,M,4773120.0,148890.0,41
201100014452,11,12,8,945,1,1,1,8.0,6.0,41039,M,4773100.0,141600.0,41
201100014453,11,12,18,800,2,1,1,1.0,7.0,41220,M,4769720.0,157667.0,41
201100014454,11,12,20,1715,2,1,1,1.0,1.0,41136,M,4773400.0,150048.0,41
201100014455,11,1,2,715,3,1,1,8.0,1.0,41051,M,4736480.0,112547.0,41
201100014456,11,1,4,1915,5,2,1,1.0,6.0,41164,M,4727640.0,139996.0,41
201100014457,11,1,26,930,1,2,1,2.0,6.0,41180,M,4738420.0,124584.0,41
201100014458,11,2,5,1915,3,1,1,1.0,3.0,41059,M,4741160.0,140076.0,41
201100014459,11,2,6,1830,2,1,1,1.0,5.0,41146,M,4733290.0,128460.0,41
201100014460,11,2,14,1345,1,1,1,1.0,2.0,41237,M,,,41
201100014461,11,3,30,845,1,1,1,2.0,1.0,41211,M,4732990.0,114637.0,41
201100014462,11,4,1,1915,1,1,1,1.0,3.0,41229,M,4729760.0,135931.0,41
201100014463,11,4,8,1215,1,2,9,1.0,3.0,41164,M,,,41
201100014464,11,5,28,300,3,2,2,1.0,3.0,41258,M,4732380.0,130997.0,41
201100014465,11,6,1,730,1,2,3,1.0,1.0,41059,M,4743050.0,144777.0,41
201100014466,11,6,2,1930,1,1,2,1.0,3.0,41237,M,4739890.0,145512.0,41
201100014467,11,7,16,1730,1,1,1,1.0,5.0,41146,M,4734510.0,127323.0,41
201100014468,11,8,15,1615,1,1,1,1.0,6.0,41180,M,4737980.0,125202.0,41
201100014469,11,8,25,1600,1,1,1,1.0,1.0,41151,M,4735650.0,120155.0,41
201100014470,11,8,23,30,5,2,1,1.0,6.0,41049,M,4735500.0,148000.0,41
201100014471,11,8,30,1045,1,2,1,1.0,1.0,41258,M,,,41
201100014472,11,9,18,2030,2,1,1,8.0,1.0,41145,M,4746510.0,129471.0,41
201100014473,11,10,26,1245,1,1,1,1.0,6.0,41164,M,4728000.0,144100.0,41
201100014474,11,11,5,2030,3,1,3,3.0,1.0,41062,M,4738090.0,140706.0,41
201100014475,11,11,19,1200,1,1,2,1.0,3.0,41181,M,4732130.0,129265.0,41
201100014476,11,12,13,500,3,1,1,6.0,7.0,41258,M,4730470.0,134591.0,41
201100014477,11,12,20,1330,1,2,4,1.0,3.0,41146,M,4735090.0,129912.0,41
201100014478,11,12,31,1600,1,1,1,2.0,3.0,41091,M,4763870.0,128092.0,41
201100014479,11,8,28,1630,1,1,1,1.0,6.0,41272,M,4747560.0,113965.0,41
201100014480,11,9,9,1045,1,1,1,1.0,7.0,41091,M,4764090.0,126520.0,41
201100014481,11,10,7,1730,1,2,1,1.0,3.0,41276,M,,,41
201100014482,11,10,23,1630,1,2,3,1.0,3.0,41169,M,4752360.0,124516.0,41
201100014483,11,11,14,1830,5,2,3,1.0,3.0,41276,M,4762620.0,132605.0,41
201100014484,11,11,20,1200,1,2,1,1.0,1.0,41029,M,4749380.0,126015.0,41
201100014485,11,12,17,1000,2,1,1,8.0,7.0,41223,M,4761090.0,124501.0,41
201100014486,11,12,21,1045,1,1,2,1.0,6.0,41040,M,4767340.0,123028.0,41
201100014487,11,1,16,215,3,2,1,9.0,6.0,41285,M,4762160.0,174739.0,41
201100014488,11,1,22,2130,3,1,1,1.0,6.0,41152,M,4755480.0,171510.0,41
201100014489,11,4,12,1700,1,1,1,1.0,3.0,41296,M,4763720.0,199937.0,41
201100014490,11,5,23,2000,1,2,1,1.0,1.0,41161,M,4754390.0,203629.0,41
201100014491,11,6,13,2200,2,1,1,1.0,6.0,41074,M,4758450.0,164701.0,41
201100014492,11,6,18,1745,1,1,1,1.0,7.0,41084,M,4733530.0,195586.0,41
201100014493,11,6,19,1900,1,1,1,1.0,5.0,41232,M,4744460.0,204572.0,41
201100014494,11,7,18,545,2,1,1,2.0,3.0,41046,M,4762100.0,190991.0,41
201100014495,11,8,3,1545,1,2,2,1.0,3.0,41046,M,4761180.0,190264.0,41
201100014496,11,8,5,1830,1,1,1,1.0,6.0,41231,M,4753780.0,195859.0,41
201100014497,11,8,19,1845,1,2,1,1.0,1.0,41046,M,4761050.0,190671.0,41
201100014498,11,10,12,130,3,1,1,1.0,6.0,41046,M,4763350.0,190937.0,41
201100014499,11,1,4,2345,4,1,1,1.0,6.0,41218,M,4727670.0,175700.0,41
201100014500,11,1,8,1530,1,1,1,1.0,6.0,41271,M,4750860.0,165581.0,41
201100014501,11,3,1,100,3,1,1,1.0,6.0,41185,M,4736180.0,166742.0,41
201100014502,11,4,8,2330,3,1,1,1.0,6.0,41282,M,4737780.0,179154.0,41
201100014503,11,5,25,1530,1,1,1,1.0,7.0,41271,M,0.0,0.0,41
201100014504,11,5,27,645,1,1,1,1.0,7.0,41140,M,4748160.0,180025.0,41
201100014505,11,7,24,1430,1,1,2,1.0,1.0,41016,M,4730750.0,150623.0,41
201100014506,11,7,30,2030,1,2,1,1.0,7.0,41242,M,,,41
201100014507,11,8,31,2015,1,2,1,1.0,6.0,41185,M,0.0,0.0,41
201100014508,11,8,31,2015,3,1,2,2.0,3.0,41097,M,4728990.0,167003.0,41
201100014509,11,9,25,1330,1,1,1,1.0,1.0,41185,M,4740570.0,162241.0,41
201100014510,11,10,24,1800,1,1,1,2.0,3.0,41185,M,4734490.0,172605.0,41
201100014511,11,2,11,1200,1,1,1,1.0,1.0,41103,M,4772000.0,101600.0,41
201100014512,11,3,4,915,1,2,1,1.0,1.0,41149,M,4774910.0,86704.0,41
201100014513,11,4,24,1700,1,1,1,3.0,1.0,41010,M,4784020.0,99260.0,41
201100014514,11,5,23,100,3,2,1,1.0,7.0,41120,M,4781700.0,91000.0,41
201100014515,11,7,5,1600,1,2,1,1.0,1.0,41131,M,4780710.0,95435.0,41
201100014516,11,7,20,1900,1,1,1,3.0,6.0,41238,M,0.0,0.0,41
201100014517,11,8,7,1145,1,1,1,1.0,4.0,41149,M,4777390.0,80803.0,41
201100014518,11,8,7,2000,1,1,1,2.0,6.0,41250,M,4776930.0,71007.0,41
201100014519,11,8,26,2330,3,1,1,1.0,5.0,41278,M,4767100.0,96800.0,41
201100014520,11,9,15,2230,3,1,1,1.0,1.0,41120,M,4779160.0,93416.0,41
201100014521,11,9,22,1145,1,1,1,1.0,6.0,41269,M,4781100.0,102647.0,41
201100014522,11,10,17,1845,2,1,1,1.0,1.0,41238,M,4787700.0,91206.0,41
201100014523,11,11,10,1700,1,1,1,1.0,1.0,41278,M,4766700.0,96400.0,41
201100014524,11,11,30,945,1,1,1,5.0,1.0,41294,M,4779750.0,100522.0,41
201100014525,11,12,13,815,2,1,2,3.0,3.0,41287,M,4775420.0,104567.0,41
201100014526,11,12,15,1415,1,1,1,1.0,1.0,41007,M,4762370.0,89563.0,41
201100014527,11,1,20,815,1,1,1,8.0,1.0,41095,M,4789140.0,118079.0,41
201100014528,11,3,17,1815,1,1,1,1.0,3.0,41073,M,4789360.0,102688.0,41
201100014529,11,5,5,1415,1,2,1,1.0,3.0,41053,M,4800040.0,92911.0,41
201100014530,11,5,15,1630,1,1,1,1.0,6.0,41075,M,4801390.0,105193.0,41
201100014531,11,5,22,1530,1,1,1,1.0,7.0,41048,M,4792900.0,108455.0,41
201100014532,11,6,30,1630,1,2,1,1.0,3.0,41248,M,4804200.0,86801.0,41
201100014533,11,7,11,1630,1,1,1,1.0,5.0,41116,M,4785380.0,111907.0,41
201100014534,11,9,26,815,1,1,1,1.0,1.0,41186,M,4785180.0,104565.0,41
201100014535,11,10,15,2100,2,1,1,1.0,6.0,41209,M,0.0,0.0,41
201100014536,11,10,16,1100,1,2,1,1.0,1.0,41154,M,4790480.0,123149.0,41
201100014537,11,10,29,1845,3,1,1,2.0,6.0,41175,M,4789250.0,117880.0,41