Num_Acc,an,mois,jour,hrmn,lum,agg,int,atm,col,com,gps,lat,long,dep
201100014538,11,11,17,700,2,1,1,1.0,1.0,41073,M,4789530.0,99559.0,41
201100014539,11,5,15,1130,2,1,1,7.0,6.0,33097,M,4510800.0,-114600.0,33
201100014540,11,5,16,1500,1,2,1,7.0,6.0,33203,M,4518900.0,-105800.0,33
201100014541,11,5,21,745,1,1,1,1.0,7.0,33097,M,4509700.0,-90900.0,33
201100014542,11,5,28,430,3,1,1,1.0,1.0,33214,M,0.0,0.0,33
201100014543,11,7,18,1500,1,1,1,8.0,1.0,33333,M,4483000.0,-112000.0,33
201100014544,11,9,7,230,5,2,1,1.0,6.0,33901,M,0.0,0.0,33
201100014545,11,10,9,1615,1,2,1,2.0,7.0,33214,M,0.0,0.0,33
201100014546,11,10,18,1930,5,2,1,1.0,1.0,33333,M,0.0,0.0,33
201100014547,11,1,12,1845,5,2,1,2.0,2.0,29233,M,4787086.0,-354556.0,29
201100014548,11,1,21,1815,5,2,1,1.0,6.0,29233,M,4787046.0,-354423.0,29
201100014549,11,2,9,1000,1,2,1,1.0,6.0,29233,M,4787790.0,-354611.0,29
201100014550,11,2,26,1530,1,1,1,7.0,7.0,29147,M,4789329.0,-359400.0,29
201100014551,11,4,2,2145,5,2,1,1.0,1.0,29233,M,4786712.0,-353526.0,29
201100014552,11,4,5,1315,1,2,1,1.0,7.0,29233,M,4787731.0,-355487.0,29
201100014553,11,5,1,400,3,1,1,3.0,6.0,29147,M,4786979.0,-359425.0,29
201100014554,11,5,17,1715,1,2,1,1.0,7.0,29297,M,4790634.0,-352802.0,29
201100014555,11,6,13,1130,1,1,1,2.0,7.0,29233,M,4783450.0,-358258.0,29
201100014556,11,7,1,130,3,1,1,1.0,6.0,29234,M,4784968.0,-350895.0,29
201100014557,11,9,26,1130,1,2,1,1.0,6.0,29233,M,4786927.0,-355088.0,29
201100014558,11,10,2,1000,1,1,1,1.0,3.0,29233,M,4786506.0,-352660.0,29
201100014559,11,11,28,1900,3,1,1,8.0,1.0,29234,M,4787811.0,-351063.0,29
201100014560,11,12,31,1930,3,1,1,2.0,1.0,29274,M,4801474.0,-372065.0,29
201100014561,11,2,22,230,3,1,1,1.0,7.0,29150,M,4778415.0,-358171.0,29
201100014562,11,3,22,1715,1,1,1,1.0,2.0,29217,M,4785645.0,-377190.0,29
201100014563,11,6,8,1845,1,1,1,1.0,2.0,29293,M,4785793.0,-387320.0,29
201100014564,11,8,8,1300,1,1,1,1.0,1.0,29031,M,4777443.0,-359201.0,29
201100014565,11,10,21,800,2,2,1,1.0,6.0,29236,M,4784361.0,-369175.0,29
201100014566,11,12,10,1030,1,1,1,1.0,2.0,29217,M,4788436.0,-374483.0,29
201100014567,11,3,24,15,3,1,1,1.0,6.0,29004,M,4792165.0,-364945.0,29
201100014568,11,4,9,315,3,1,1,1.0,7.0,29274,M,4796723.0,-371051.0,29
201100014569,11,4,9,930,1,1,1,7.0,3.0,29004,M,4794770.0,-370999.0,29
201100014570,11,4,9,1100,1,1,1,1.0,1.0,29146,M,4791865.0,-381576.0,29
201100014571,11,5,24,1530,1,2,1,1.0,3.0,29274,M,4802493.0,-371454.0,29
201100014572,11,6,26,1930,1,2,6,1.0,1.0,29274,M,4802701.0,-370191.0,29
201100014573,11,7,16,1315,1,1,1,2.0,3.0,29281,M,4800609.0,-382162.0,29
201100014574,11,7,28,1945,1,1,1,1.0,3.0,29049,M,4804445.0,-391123.0,29
201100014575,11,10,2,1700,1,1,1,1.0,1.0,29300,M,4788754.0,-363268.0,29
201100014576,11,10,2,1830,1,1,1,1.0,6.0,29274,M,4801855.0,-367347.0,29
201100014577,11,11,4,730,2,2,1,8.0,3.0,29146,M,4790671.0,-383187.0,29
201100014578,11,11,14,15,3,1,1,1.0,1.0,29049,M,4802577.0,-385369.0,29
201100014579,11,12,11,1800,2,1,1,3.0,6.0,29241,M,4794311.0,-376667.0,29
201100014580,11,12,18,915,1,1,1,1.0,1.0,29274,M,4802140.0,-371935.0,29
201100014581,11,2,1,715,2,2,1,1.0,3.0,13021,M,0.0,0.0,13
201100014582,11,3,13,615,3,1,1,2.0,6.0,13104,M,0.0,0.0,13
201100014583,11,4,21,1900,1,2,3,1.0,3.0,13088,M,0.0,0.0,13
201100014584,11,5,1,1600,1,2,9,1.0,3.0,13021,M,0.0,0.0,13
201100014585,11,10,10,2130,3,1,1,1.0,7.0,13104,M,0.0,0.0,13
201100014586,11,11,18,715,2,2,3,1.0,3.0,13104,M,0.0,0.0,13
201100014587,11,1,10,1915,5,1,1,1.0,1.0,95352,M,4910220.0,244300.0,95
201100014588,11,10,15,1845,1,1,6,1.0,7.0,95352,M,4911540.0,239420.0,95
201100014589,11,4,14,1200,1,2,1,1.0,1.0,95058,M,4916090.0,229730.0,95
201100014590,11,6,7,2045,1,1,1,1.0,3.0,95026,M,4914960.0,237990.0,95
201100014591,11,11,14,2345,3,1,1,5.0,6.0,95456,M,4914130.0,233520.0,95
201100014592,11,11,26,1445,1,1,1,1.0,1.0,95026,M,4914450.0,237960.0,95
201100014593,11,6,25,430,3,1,1,1.0,5.0,44020,M,0.0,0.0,44
201100014594,11,8,7,1500,1,2,1,1.0,6.0,44020,M,0.0,0.0,44
201100014595,11,10,12,815,2,2,6,2.0,3.0,44101,M,0.0,0.0,44
201100014596,11,2,23,1115,1,2,3,2.0,3.0,33199,M,0.0,0.0,33
201100014597,11,3,6,130,3,1,1,1.0,7.0,33199,M,4462200.0,-110600.0,33
201100014598,11,3,6,1745,1,1,1,1.0,1.0,33527,M,4463200.0,-101200.0,33
201100014599,11,5,25,1100,1,2,1,1.0,3.0,33199,M,0.0,0.0,33
201100014600,11,6,12,700,2,1,9,1.0,1.0,33199,M,0.0,0.0,33
201100014601,11,7,29,2145,5,2,6,1.0,3.0,33527,M,4462400.0,-103499.0,33
201100014602,11,9,9,1515,1,2,2,1.0,3.0,33199,M,4464400.0,-104499.0,33
201100014603,11,1,15,2230,5,2,6,1.0,6.0,87088,M,,,87
201100014604,11,1,27,645,3,1,1,1.0,6.0,87088,M,4560630.0,142573.0,87
201100014605,11,2,6,1645,1,1,1,1.0,7.0,87146,M,4561570.0,147801.0,87
201100014606,11,5,25,1730,1,1,1,1.0,1.0,87205,M,4574090.0,128454.0,87
201100014607,11,5,29,115,3,1,1,1.0,6.0,87019,M,0.0,0.0,87
201100014608,11,8,13,2200,3,1,1,1.0,7.0,87146,M,0.0,0.0,87
201100014609,11,8,22,1015,1,1,1,1.0,7.0,87203,M,4564100.0,137528.0,87
201100014610,11,11,27,1500,1,1,1,1.0,1.0,87205,M,0.0,0.0,87
201100014611,11,1,6,2030,5,2,1,2.0,6.0,06004,M,,,06
201100014612,11,1,10,1550,1,2,1,8.0,6.0,06004,M,,,06
201100014613,11,1,28,720,2,2,1,1.0,6.0,06004,M,,,06
201100014614,11,1,28,1640,1,2,4,1.0,3.0,06004,M,,,06
201100014615,11,1,30,2315,5,1,1,1.0,7.0,06004,M,,,06
201100014616,11,1,31,1650,1,2,1,1.0,3.0,06004,M,,,06
201100014617,11,2,1,820,1,2,1,1.0,6.0,06004,M,,,06
201100014618,11,2,1,1938,3,2,1,1.0,6.0,06155,M,,,06
201100014619,11,2,7,1915,5,2,6,1.0,6.0,06004,M,,,06
201100014620,11,2,10,1610,1,2,1,1.0,6.0,06004,M,,,06
201100014621,11,2,12,1430,1,2,6,1.0,3.0,06004,M,,,06
201100014622,11,2,13,1230,1,2,1,1.0,3.0,06004,M,,,06
201100014623,11,2,15,1303,1,2,3,2.0,3.0,06155,M,,,06
201100014624,11,2,15,1825,5,2,3,2.0,3.0,06004,M,,,06
201100014625,11,2,17,1135,1,2,1,3.0,6.0,06155,M,,,06
201100014626,11,2,18,1230,1,2,1,1.0,1.0,06155,M,,,06
201100014627,11,2,19,1740,1,2,2,1.0,3.0,06155,M,,,06
201100014628,11,2,21,1020,1,2,1,1.0,6.0,06004,M,,,06
201100014629,11,2,25,2025,5,2,1,1.0,3.0,06004,M,,,06
201100014630,11,2,26,1845,5,2,1,1.0,3.0,06155,M,,,06
201100014631,11,3,3,1610,1,2,1,1.0,6.0,06004,M,,,06
201100014632,11,3,19,1535,1,2,3,1.0,6.0,06155,M,,,06
201100014633,11,3,20,1650,1,2,1,7.0,6.0,06155,M,,,06
201100014634,11,3,22,1454,1,2,1,1.0,2.0,06004,M,,,06
201100014635,11,3,22,1850,2,1,1,1.0,6.0,06004,M,,,06
201100014636,11,3,24,2020,5,2,1,1.0,1.0,06155,M,,,06
201100014637,11,3,30,1620,1,2,1,1.0,2.0,06155,M,,,06
201100014638,11,3,31,1620,1,2,1,1.0,2.0,06004,M,,,06
201100014639,11,4,1,800,1,2,1,1.0,2.0,06004,M,,,06
201100014640,11,4,1,1845,1,2,1,1.0,6.0,06004,M,,,06
201100014641,11,4,1,1130,1,2,1,1.0,6.0,06004,M,,,06
201100014642,11,4,3,431,5,2,1,1.0,6.0,06004,M,,,06
201100014643,11,4,22,830,1,2,1,1.0,1.0,06004,M,,,06
201100014644,11,4,23,1940,1,2,1,1.0,6.0,06155,M,,,06
201100014645,11,4,29,2150,5,2,1,1.0,3.0,06155,M,,,06
201100014646,11,4,28,1120,1,2,2,1.0,6.0,06004,M,,,06
201100014647,11,5,13,2140,5,2,3,1.0,3.0,06004,M,,,06
201100014648,11,5,16,1330,1,2,1,1.0,6.0,06004,M,,,06
201100014649,11,5,23,1535,1,2,1,1.0,3.0,06004,M,,,06
201100014650,11,5,26,1630,1,1,1,1.0,3.0,06004,M,,,06
201100014651,11,5,28,945,1,2,3,1.0,6.0,06004,M,,,06
201100014652,11,5,28,1130,1,2,1,1.0,6.0,06004,M,,,06
201100014653,11,5,29,2030,1,2,1,1.0,2.0,06004,M,,,06
201100014654,11,5,30,1740,1,2,3,1.0,6.0,06155,M,,,06
201100014655,11,6,3,1705,1,2,1,1.0,4.0,06004,M,,,06
201100014656,11,6,8,1100,1,1,1,1.0,6.0,06004,M,,,06
201100014657,11,6,10,1638,1,2,1,1.0,6.0,06004,M,,,06
201100014658,11,6,17,2346,5,2,1,1.0,7.0,06004,M,,,06
201100014659,11,6,21,1605,1,2,1,1.0,2.0,06004,M,,,06
201100014660,11,6,23,1650,1,2,3,1.0,3.0,06004,M,,,06
201100014661,11,6,24,1830,1,2,1,1.0,3.0,06004,M,,,06
201100014662,11,7,5,2000,1,1,1,1.0,3.0,06004,M,,,06
201100014663,11,7,7,1905,1,2,3,1.0,3.0,06004,M,,,06
201100014664,11,7,9,1410,1,2,1,1.0,6.0,06004,M,,,06
201100014665,11,7,18,1420,1,2,2,1.0,5.0,06004,M,,,06
201100014666,11,7,21,1025,1,2,1,1.0,6.0,06004,M,,,06
201100014667,11,7,16,1630,1,2,1,1.0,1.0,06004,M,,,06
201100014668,11,7,24,2100,5,2,1,1.0,6.0,06155,M,,,06
201100014669,11,7,30,50,5,2,1,1.0,3.0,06004,M,,,06
201100014670,11,8,1,1315,1,1,1,1.0,1.0,06155,M,,,06
201100014671,11,8,4,1730,1,1,1,1.0,4.0,06004,M,,,06
201100014672,11,8,9,1820,1,2,1,1.0,7.0,06004,M,,,06
201100014673,11,8,10,1530,1,1,1,1.0,3.0,06004,M,,,06
201100014674,11,8,10,2000,1,2,2,1.0,3.0,06004,M,,,06
201100014675,11,8,11,1220,1,2,1,1.0,6.0,06004,M,,,06
201100014676,11,8,23,750,1,2,1,1.0,3.0,06004,M,,,06
201100014677,11,8,23,2040,5,2,1,1.0,6.0,06004,M,,,06
201100014678,11,8,27,2205,5,2,1,1.0,6.0,06155,M,,,06
201100014679,11,8,28,1315,1,1,1,1.0,2.0,06004,M,,,06
201100014680,11,9,1,2330,5,2,2,1.0,3.0,06004,M,,,06
201100014681,11,9,3,1900,1,2,1,8.0,3.0,06004,M,,,06
201100014682,11,9,8,745,1,2,3,1.0,3.0,06004,M,,,06
201100014683,11,9,11,1010,1,2,1,1.0,6.0,06004,M,,,06
201100014684,11,9,18,1730,1,2,1,1.0,3.0,06004,M,,,06
201100014685,11,9,20,1430,1,2,1,1.0,3.0,06004,M,,,06
201100014686,11,9,23,2025,5,2,3,1.0,3.0,06004,M,,,06
201100014687,11,9,25,600,5,2,1,2.0,7.0,06004,M,,,06
201100014688,11,10,2,250,5,2,1,1.0,6.0,06004,M,,,06
201100014689,11,10,3,1735,1,2,1,1.0,1.0,06155,M,,,06
201100014690,11,10,4,1735,1,2,1,1.0,2.0,06004,M,,,06
201100014691,11,10,8,1930,5,2,3,1.0,3.0,06004,M,,,06
201100014692,11,10,7,1900,3,2,1,1.0,1.0,06155,M,,,06
201100014693,11,10,11,1200,1,2,1,1.0,6.0,06004,M,,,06
201100014694,11,10,21,1220,1,1,1,1.0,2.0,06004,M,,,06
201100014695,11,10,28,1045,1,2,1,1.0,3.0,06155,M,,,06
201100014696,11,10,28,1825,2,2,2,1.0,2.0,06155,M,,,06
201100014697,11,10,28,1645,1,1,1,1.0,3.0,06155,M,,,06
201100014698,11,11,3,2145,3,2,1,2.0,3.0,06004,M,,,06
201100014699,11,11,7,2030,5,2,1,1.0,6.0,06004,M,,,06
201100014700,11,11,10,1835,5,2,3,1.0,3.0,06004,M,,,06
201100014701,11,11,16,2320,5,2,1,1.0,6.0,06004,M,,,06
201100014702,11,11,17,1100,1,2,1,1.0,6.0,06004,M,,,06
201100014703,11,11,20,2015,5,2,2,1.0,3.0,06004,M,,,06
201100014704,11,12,3,1830,5,2,2,1.0,3.0,06004,M,,,06
201100014705,11,12,8,753,1,2,1,1.0,1.0,06155,M,,,06
201100014706,11,12,10,1710,5,1,1,1.0,7.0,06004,M,,,06
201100014707,11,12,17,1825,5,2,2,1.0,6.0,06155,M,,,06
201100014708,11,12,29,945,1,2,1,1.0,6.0,06155,M,,,06
201100014709,11,1,3,1330,1,2,1,1.0,6.0,06123,M,,,06
201100014710,11,1,7,1755,5,2,2,2.0,6.0,06027,M,,,06
201100014711,11,1,9,1630,1,2,3,1.0,3.0,06027,M,,,06
201100014712,11,1,13,1600,1,2,3,1.0,6.0,06123,M,,,06
201100014713,11,1,14,915,1,2,1,1.0,3.0,06027,M,,,06
201100014714,11,1,18,940,1,2,6,1.0,5.0,06027,M,,,06
201100014715,11,1,14,1930,5,2,1,1.0,3.0,06027,M,,,06
201100014716,11,1,18,1540,1,2,1,1.0,6.0,06123,M,,,06
201100014717,11,1,20,1800,5,2,1,1.0,6.0,06027,M,,,06
201100014718,11,1,21,1455,1,2,1,1.0,6.0,06027,M,,,06
201100014719,11,1,31,1940,5,2,1,1.0,6.0,06123,M,,,06
201100014720,11,2,4,1700,1,2,1,1.0,1.0,06027,M,,,06
201100014721,11,2,8,1940,5,2,3,1.0,3.0,06027,M,,,06
201100014722,11,2,10,655,2,2,1,1.0,3.0,06027,M,,,06
201100014723,11,2,11,1800,5,2,2,1.0,3.0,06027,M,,,06
201100014724,11,2,12,740,1,2,3,1.0,5.0,06123,M,,,06
201100014725,11,2,13,1950,5,2,1,1.0,3.0,06027,M,,,06
201100014726,11,2,14,830,1,2,1,1.0,3.0,06027,M,,,06
201100014727,11,2,14,1225,1,2,1,1.0,3.0,06027,M,,,06
201100014728,11,2,15,810,1,2,1,3.0,2.0,06027,M,,,06
201100014729,11,2,15,1855,5,2,1,1.0,2.0,06123,M,,,06
201100014730,11,2,15,1920,5,2,1,1.0,2.0,06027,M,,,06
201100014731,11,2,10,855,1,2,2,1.0,6.0,06027,M,,,06
201100014732,11,2,20,1130,1,2,6,2.0,3.0,06027,M,,,06
201100014733,11,2,21,915,1,2,3,1.0,3.0,06123,M,,,06
201100014734,11,2,23,115,5,2,3,1.0,6.0,06123,M,,,06
201100014735,11,2,26,2110,5,2,2,1.0,3.0,06027,M,,,06
201100014736,11,3,10,2015,5,2,1,1.0,7.0,06123,M,,,06
201100014737,11,3,11,1815,5,2,1,1.0,3.0,06123,M,,,06
201100014738,11,3,14,1000,1,2,1,1.0,6.0,06123,M,,,06
201100014739,11,3,17,1110,1,2,6,1.0,3.0,06027,M,,,06
201100014740,11,3,17,1805,1,2,1,1.0,6.0,06027,M,,,06
201100014741,11,3,23,900,1,2,3,1.0,3.0,06027,M,,,06
201100014742,11,3,25,915,1,2,2,1.0,3.0,06027,M,,,06
201100014743,11,3,30,1610,1,2,2,2.0,3.0,06027,M,,,06
201100014744,11,4,3,1940,1,2,2,1.0,2.0,06027,M,,,06
201100014745,11,4,5,835,1,2,1,1.0,3.0,06027,M,,,06
201100014746,11,4,5,1050,1,2,3,1.0,3.0,06027,M,,,06
201100014747,11,4,6,1155,1,2,1,1.0,2.0,06027,M,,,06
201100014748,11,4,7,800,1,2,1,1.0,6.0,06027,M,,,06
201100014749,11,4,7,1900,1,2,1,1.0,3.0,06123,M,,,06
201100014750,11,4,8,2130,5,2,1,1.0,6.0,06123,M,,,06
201100014751,11,4,11,750,1,2,1,1.0,5.0,06123,M,,,06
201100014752,11,4,11,2100,5,2,1,1.0,2.0,06027,M,,,06
201100014753,11,4,12,745,1,2,1,1.0,6.0,06027,M,,,06
201100014754,11,4,13,1530,1,2,1,1.0,4.0,06123,M,,,06
201100014755,11,4,14,1820,1,2,1,1.0,3.0,06027,M,,,06
201100014756,11,4,15,2120,5,2,3,1.0,3.0,06123,M,,,06
201100014757,11,4,20,1825,1,2,1,1.0,6.0,06123,M,,,06
201100014758,11,4,20,1145,1,2,1,1.0,6.0,06123,M,,,06
201100014759,11,4,21,1300,1,2,6,1.0,3.0,06027,M,,,06
201100014760,11,4,21,1855,1,2,1,1.0,3.0,06027,M,,,06
201100014761,11,4,21,1950,1,2,1,1.0,1.0,06123,M,,,06
201100014762,11,4,22,1450,1,2,1,1.0,3.0,06027,M,,,06
201100014763,11,4,23,1730,1,2,6,1.0,2.0,06123,M,,,06
201100014764,11,4,24,1740,1,2,1,1.0,6.0,06123,M,,,06
201100014765,11,4,27,755,1,2,1,1.0,2.0,06123,M,,,06
201100014766,11,4,29,1400,1,2,3,1.0,3.0,06027,M,,,06
201100014767,11,4,30,1930,1,2,1,1.0,2.0,06027,M,,,06
201100014768,11,5,4,730,1,2,1,1.0,3.0,06123,M,,,06
201100014769,11,5,5,1115,1,2,1,1.0,6.0,06123,M,,,06
201100014770,11,5,5,1320,1,2,3,1.0,3.0,06027,M,,,06
201100014771,11,5,5,1830,1,2,3,1.0,2.0,06123,M,,,06
201100014772,11,5,6,1415,1,2,3,1.0,2.0,06027,M,,,06
201100014773,11,5,8,1430,1,2,6,1.0,3.0,06027,M,,,06
201100014774,11,5,9,815,1,2,1,1.0,6.0,06027,M,,,06
201100014775,11,5,10,1055,1,2,4,1.0,5.0,06027,M,,,06
201100014776,11,5,10,750,1,2,1,1.0,3.0,06027,M,,,06
201100014777,11,5,11,920,1,2,1,1.0,2.0,06027,M,,,06
201100014778,11,5,16,745,1,2,3,1.0,3.0,06027,M,,,06
201100014779,11,5,16,1010,1,2,1,1.0,2.0,06123,M,,,06
201100014780,11,5,16,1800,1,2,1,1.0,2.0,06123,M,,,06
201100014781,11,5,19,1855,1,2,1,1.0,2.0,06027,M,,,06
201100014782,11,5,21,940,1,2,3,1.0,6.0,06027,M,,,06
201100014783,11,5,22,835,1,2,1,1.0,3.0,06027,M,,,06
201100014784,11,5,22,1220,1,2,3,1.0,3.0,06123,M,,,06
201100014785,11,5,23,1205,1,2,1,1.0,2.0,06027,M,,,06
201100014786,11,5,25,1000,1,2,1,1.0,5.0,06123,M,,,06
201100014787,11,5,25,1850,1,2,1,1.0,6.0,06027,M,,,06
201100014788,11,5,26,1515,1,2,3,1.0,3.0,06123,M,,,06
201100014789,11,5,27,1740,1,2,1,1.0,3.0,06027,M,,,06
201100014790,11,5,29,1830,1,2,3,1.0,3.0,06027,M,,,06
201100014791,11,5,30,725,1,2,1,1.0,3.0,06123,M,,,06
201100014792,11,5,30,1635,1,2,1,1.0,6.0,06027,M,,,06
201100014793,11,5,31,1645,1,2,1,1.0,6.0,06027,M,,,06
201100014794,11,6,3,1020,1,2,3,1.0,3.0,06123,M,,,06
201100014795,11,6,4,1920,1,2,2,1.0,3.0,06027,M,,,06
201100014796,11,6,7,1715,1,2,1,1.0,3.0,06123,M,,,06
201100014797,11,6,8,1737,1,2,1,3.0,4.0,06027,M,,,06
201100014798,11,6,9,1415,1,2,3,1.0,3.0,06027,M,,,06
201100014799,11,6,10,1405,1,2,1,1.0,6.0,06027,M,,,06
201100014800,11,6,11,1700,1,2,1,1.0,4.0,06027,M,,,06
201100014801,11,6,13,1345,1,2,1,1.0,2.0,06027,M,,,06
201100014802,11,6,15,2100,5,2,2,1.0,2.0,06123,M,,,06
201100014803,11,6,16,1620,1,2,3,1.0,3.0,06027,M,,,06
201100014804,11,6,20,650,1,2,1,1.0,3.0,06027,M,,,06
201100014805,11,6,22,1515,1,2,1,1.0,3.0,06027,M,,,06
201100014806,11,6,23,1400,1,2,1,1.0,4.0,06027,M,,,06
201100014807,11,6,26,410,5,2,3,1.0,3.0,06027,M,,,06
201100014808,11,6,24,2010,1,2,1,1.0,6.0,06027,M,,,06
201100014809,11,6,27,930,1,2,3,1.0,6.0,06123,M,,,06
201100014810,11,6,28,1025,1,2,3,1.0,3.0,06123,M,,,06
201100014811,11,6,30,1150,1,2,3,1.0,1.0,06123,M,,,06
201100014812,11,7,2,1350,1,2,1,1.0,2.0,06027,M,,,06
201100014813,11,7,3,1045,1,2,2,1.0,3.0,06027,M,,,06
201100014814,11,7,4,1215,1,2,2,1.0,3.0,06123,M,,,06
201100014815,11,7,8,2245,5,2,1,1.0,7.0,06027,M,,,06
201100014816,11,7,8,1200,1,2,4,1.0,3.0,06027,M,,,06
201100014817,11,7,11,1100,1,2,1,1.0,3.0,06027,M,,,06
201100014818,11,7,12,1335,1,2,1,1.0,4.0,06123,M,,,06
201100014819,11,7,20,1315,1,2,1,1.0,3.0,06123,M,,,06
201100014820,11,7,20,1630,1,2,1,1.0,4.0,06027,M,,,06
201100014821,11,7,21,1915,1,2,1,1.0,6.0,06123,M,,,06
201100014822,11,7,22,1700,1,2,3,1.0,3.0,06027,M,,,06
201100014823,11,7,26,1315,1,2,1,1.0,2.0,06027,M,,,06
201100014824,11,7,27,1845,1,2,1,1.0,1.0,06123,M,,,06
201100014825,11,7,28,1830,1,2,1,1.0,3.0,06027,M,,,06
201100014826,11,7,31,1000,1,2,1,1.0,3.0,06123,M,,,06
201100014827,11,8,1,720,1,2,1,1.0,1.0,06123,M,,,06
201100014828,11,8,5,1230,1,2,1,1.0,7.0,06123,M,,,06
201100014829,11,8,5,1700,1,2,1,1.0,3.0,06027,M,,,06
201100014830,11,8,10,2310,5,2,2,1.0,2.0,06027,M,,,06
201100014831,11,8,14,1330,1,1,1,1.0,3.0,06027,M,,,06
201100014832,11,8,15,1150,1,2,1,1.0,3.0,06123,M,,,06
201100014833,11,8,19,915,1,2,3,1.0,7.0,06027,M,,,06
201100014834,11,8,19,2345,5,2,1,1.0,6.0,06123,M,,,06
201100014835,11,8,21,1715,1,2,1,1.0,3.0,06123,M,,,06
201100014836,11,8,24,930,1,2,1,1.0,6.0,06027,M,,,06
201100014837,11,8,25,825,1,2,1,1.0,4.0,06123,M,,,06
201100014838,11,8,27,940,1,2,3,1.0,3.0,06123,M,,,06
201100014839,11,8,27,1900,1,2,3,1.0,3.0,06027,M,,,06
201100014840,11,8,28,1520,1,2,1,1.0,5.0,06027,M,,,06
201100014841,11,8,28,1840,1,2,1,1.0,5.0,06027,M,,,06
201100014842,11,8,29,1710,1,2,6,1.0,2.0,06123,M,,,06
201100014843,11,9,5,800,1,2,3,1.0,3.0,06027,M,,,06
201100014844,11,9,6,800,1,2,2,1.0,3.0,06027,M,,,06
201100014845,11,9,8,2330,5,2,3,1.0,2.0,06027,M,,,06
201100014846,11,9,13,850,1,2,3,1.0,2.0,06027,M,,,06
201100014847,11,9,13,1645,1,2,1,1.0,6.0,06027,M,,,06
201100014848,11,9,13,1700,1,2,3,1.0,3.0,06123,M,,,06
201100014849,11,9,13,2025,5,2,3,1.0,3.0,06123,M,,,06
201100014850,11,9,14,1010,1,2,1,1.0,3.0,06123,M,,,06
201100014851,11,9,21,805,1,2,1,1.0,6.0,06123,M,,,06
201100014852,11,9,22,850,1,2,1,1.0,3.0,06027,M,,,06
201100014853,11,9,26,1200,1,2,6,1.0,3.0,06027,M,,,06
201100014854,11,10,1,2100,5,2,3,1.0,3.0,06027,M,,,06
201100014855,11,10,3,1415,1,2,3,1.0,1.0,06027,M,,,06
201100014856,11,10,4,1700,1,2,1,1.0,6.0,06027,M,,,06
201100014857,11,10,6,805,1,2,1,1.0,5.0,06123,M,,,06
201100014858,11,10,6,1115,1,2,1,1.0,3.0,06027,M,,,06
201100014859,11,10,6,2105,5,2,1,1.0,3.0,06027,M,,,06
201100014860,11,10,7,1535,1,2,1,1.0,3.0,06027,M,,,06
201100014861,11,10,7,2145,5,2,1,1.0,6.0,06123,M,,,06
201100014862,11,10,10,1630,1,2,1,1.0,3.0,06027,M,,,06
201100014863,11,10,11,1620,1,2,1,1.0,6.0,06027,M,,,06
201100014864,11,10,11,1815,1,2,1,1.0,6.0,06123,M,,,06
201100014865,11,10,11,2150,5,2,1,1.0,2.0,06027,M,,,06
201100014866,11,10,13,1205,1,2,1,1.0,6.0,06123,M,,,06
201100014867,11,10,14,1645,1,2,1,1.0,3.0,06123,M,,,06
201100014868,11,10,15,1345,1,2,1,1.0,6.0,06123,M,,,06
201100014869,11,10,17,1740,1,2,2,1.0,6.0,06027,M,,,06
201100014870,11,10,17,2005,5,2,1,1.0,7.0,06027,M,,,06
201100014871,11,10,17,2030,5,2,1,1.0,3.0,06123,M,,,06
201100014872,11,10,18,905,1,2,3,1.0,3.0,06027,M,,,06
201100014873,11,10,19,1840,5,2,1,3.0,6.0,06027,M,,,06
201100014874,11,10,21,1510,1,2,1,1.0,6.0,06027,M,,,06
201100014875,11,10,24,1900,5,2,1,2.0,1.0,06027,M,,,06
201100014876,11,10,26,1750,1,2,3,1.0,3.0,06027,M,,,06
201100014877,11,10,27,650,1,2,3,1.0,3.0,06027,M,,,06
201100014878,11,10,31,1800,5,2,1,1.0,3.0,06123,M,,,06
201100014879,11,11,2,1045,1,2,3,1.0,3.0,06027,M,,,06
201100014880,11,11,7,1700,5,2,1,1.0,4.0,06027,M,,,06
201100014881,11,11,8,1330,1,2,1,1.0,3.0,06027,M,,,06
201100014882,11,11,8,1815,5,2,1,3.0,6.0,06027,M,,,06
201100014883,11,11,10,1130,1,2,1,1.0,3.0,06123,M,,,06
201100014884,11,11,12,1450,1,2,1,1.0,3.0,06027,M,,,06
201100014885,11,11,15,1705,1,2,3,1.0,5.0,06027,M,,,06
201100014886,11,11,17,1750,5,2,1,1.0,6.0,06027,M,,,06
201100014887,11,11,17,1940,5,2,2,1.0,3.0,06027,M,,,06
201100014888,11,11,18,2040,5,2,3,1.0,3.0,06027,M,,,06
201100014889,11,11,20,1645,2,2,2,1.0,3.0,06027,M,,,06
201100014890,11,11,21,720,2,2,2,1.0,3.0,06027,M,,,06
201100014891,11,11,23,1215,1,2,1,1.0,3.0,06027,M,,,06
201100014892,11,11,23,1515,1,2,1,1.0,6.0,06123,M,,,06
201100014893,11,11,26,1120,1,2,2,1.0,3.0,06027,M,,,06
201100014894,11,11,24,1200,1,2,3,1.0,3.0,06123,M,,,06
201100014895,11,11,29,1150,1,2,3,1.0,6.0,06123,M,,,06
201100014896,11,11,29,1045,1,2,1,1.0,3.0,06123,M,,,06
201100014897,11,11,29,1945,5,2,1,1.0,1.0,06123,M,,,06
201100014898,11,11,30,1250,1,2,1,1.0,3.0,06123,M,,,06
201100014899,11,11,30,2230,5,2,1,1.0,7.0,06123,M,,,06
201100014900,11,12,2,610,2,2,2,1.0,1.0,06027,M,,,06
201100014901,11,12,2,1330,1,2,1,2.0,2.0,06027,M,,,06
201100014902,11,12,5,1320,1,2,1,1.0,6.0,06123,M,,,06