Num_Acc,an,mois,jour,hrmn,lum,agg,int,atm,col,com,gps,lat,long,dep
201100014903,11,12,8,1100,1,2,3,1.0,3.0,06123,M,,,06
201100014904,11,12,9,1100,1,1,1,1.0,6.0,06123,M,,,06
201100014905,11,12,9,1300,1,2,1,1.0,2.0,06027,M,,,06
201100014906,11,12,10,1500,1,2,1,1.0,6.0,06123,M,,,06
201100014907,11,12,12,910,1,2,3,2.0,3.0,06123,M,,,06
201100014908,11,12,14,1930,5,2,3,1.0,3.0,06123,M,,,06
201100014909,11,12,15,2110,5,2,1,1.0,2.0,06027,M,,,06
201100014910,11,12,16,1530,1,2,2,1.0,3.0,06027,M,,,06
201100014911,11,12,16,900,1,2,3,1.0,2.0,06123,M,,,06
201100014912,11,12,20,1450,1,2,3,1.0,3.0,06027,M,,,06
201100014913,11,12,27,1430,1,2,1,1.0,6.0,06027,M,,,06
201100014914,11,1,3,1217,1,2,1,1.0,7.0,06030,M,,,06
201100014915,11,1,6,1640,1,2,1,1.0,6.0,06029,M,,,06
201100014916,11,1,7,820,1,2,1,1.0,6.0,06030,M,,,06
201100014917,11,1,11,815,1,2,1,1.0,3.0,06029,M,,,06
201100014918,11,1,14,1640,1,2,1,1.0,3.0,06029,M,,,06
201100014919,11,1,19,1745,2,2,1,1.0,3.0,06029,M,,,06
201100014920,11,1,24,900,1,2,1,1.0,2.0,06029,M,,,06
201100014921,11,1,24,1542,1,2,1,1.0,3.0,06029,M,,,06
201100014922,11,1,25,1630,1,2,1,1.0,6.0,06029,M,,,06
201100014923,11,1,28,1750,2,2,1,1.0,6.0,06030,M,,,06
201100014924,11,1,31,1235,1,2,1,1.0,3.0,06029,M,,,06
201100014925,11,1,31,1640,1,2,1,1.0,6.0,06030,M,,,06
201100014926,11,2,1,1100,2,2,1,1.0,6.0,06029,M,,,06
201100014927,11,2,3,900,1,2,6,1.0,2.0,06029,M,,,06
201100014928,11,2,4,1900,2,2,1,1.0,3.0,06030,M,,,06
201100014929,11,2,5,1415,1,2,3,1.0,6.0,06029,M,,,06
201100014930,11,2,5,1215,1,2,1,9.0,6.0,06029,M,,,06
201100014931,11,2,9,1625,1,2,1,1.0,6.0,06030,M,,,06
201100014932,11,2,10,1325,1,2,1,1.0,3.0,06029,M,,,06
201100014933,11,2,11,915,1,2,1,1.0,6.0,06029,M,,,06
201100014934,11,2,14,1540,1,2,1,1.0,1.0,06030,M,,,06
201100014935,11,2,15,1910,5,2,1,1.0,1.0,06029,M,,,06
201100014936,11,2,16,1140,1,2,1,1.0,2.0,06030,M,,,06
201100014937,11,2,26,1920,2,2,1,1.0,3.0,06029,M,,,06
201100014938,11,2,26,1930,5,2,1,1.0,6.0,06029,M,,,06
201100014939,11,2,26,952,1,2,1,1.0,6.0,06029,M,,,06
201100014940,11,2,25,1000,1,2,1,1.0,4.0,06030,M,,,06
201100014941,11,3,3,1910,5,2,6,1.0,3.0,06029,M,,,06
201100014942,11,3,5,510,5,2,1,1.0,6.0,06029,M,,,06
201100014943,11,3,3,2310,5,2,1,1.0,6.0,06029,M,,,06
201100014944,11,3,6,850,1,1,1,1.0,3.0,06029,M,,,06
201100014945,11,3,7,1445,1,2,1,1.0,3.0,06029,M,,,06
201100014946,11,3,9,1610,1,2,1,1.0,6.0,06030,M,,,06
201100014947,11,3,10,1340,1,2,1,1.0,3.0,06029,M,,,06
201100014948,11,3,10,1250,1,2,1,1.0,3.0,06029,M,,,06
201100014949,11,3,12,2000,4,2,1,3.0,6.0,06030,M,,,06
201100014950,11,3,16,1750,1,2,2,1.0,3.0,06029,M,,,06
201100014951,11,3,17,1740,1,2,1,1.0,6.0,06029,M,,,06
201100014952,11,3,19,215,5,2,1,1.0,6.0,06029,M,,,06
201100014953,11,3,19,1700,1,2,1,3.0,3.0,06029,M,,,06
201100014954,11,3,20,1725,1,2,1,1.0,6.0,06029,M,,,06
201100014955,11,3,22,1250,1,2,1,1.0,3.0,06029,M,,,06
201100014956,11,3,22,1725,1,2,1,1.0,2.0,06029,M,,,06
201100014957,11,3,24,1750,1,2,3,1.0,3.0,06029,M,,,06
201100014958,11,3,25,1802,1,2,1,1.0,3.0,06030,M,,,06
201100014959,11,3,28,1430,1,2,1,1.0,3.0,06029,M,,,06
201100014960,11,3,30,1642,1,2,2,1.0,3.0,06030,M,,,06
201100014961,11,4,2,1940,1,2,1,1.0,3.0,06029,M,,,06
201100014962,11,4,1,1400,1,2,2,1.0,3.0,06030,M,,,06
201100014963,11,4,5,1050,1,2,1,1.0,6.0,06030,M,,,06
201100014964,11,4,5,1728,1,2,2,1.0,3.0,06029,M,,,06
201100014965,11,4,6,2340,4,2,1,1.0,2.0,06029,M,,,06
201100014966,11,4,7,430,5,2,1,2.0,6.0,06029,M,,,06
201100014967,11,4,9,505,5,2,1,1.0,6.0,06030,M,,,06
201100014968,11,4,9,1755,1,2,1,1.0,3.0,06029,M,,,06
201100014969,11,4,11,930,1,2,1,1.0,6.0,06029,M,,,06
201100014970,11,4,12,1020,1,2,1,1.0,6.0,06030,M,,,06
201100014971,11,4,12,2100,5,2,2,1.0,6.0,06029,M,,,06
201100014972,11,4,12,2145,5,2,1,1.0,3.0,06029,M,,,06
201100014973,11,4,13,1211,1,2,1,1.0,3.0,06030,M,,,06
201100014974,11,4,13,1508,1,2,1,1.0,4.0,06030,M,,,06
201100014975,11,4,15,615,2,2,1,1.0,6.0,06029,M,,,06
201100014976,11,4,15,1735,1,2,1,1.0,2.0,06030,M,,,06
201100014977,11,4,16,2030,5,2,1,1.0,3.0,06029,M,,,06
201100014978,11,4,18,1515,1,2,1,1.0,2.0,06029,M,,,06
201100014979,11,4,18,1450,1,2,1,1.0,1.0,06029,M,,,06
201100014980,11,4,20,848,2,2,1,1.0,6.0,06029,M,,,06
201100014981,11,4,23,1300,1,2,1,1.0,6.0,06029,M,,,06
201100014982,11,4,25,1320,1,2,1,1.0,3.0,06029,M,,,06
201100014983,11,4,27,900,1,2,1,1.0,6.0,06030,M,,,06
201100014984,11,4,28,1900,1,2,1,1.0,3.0,06029,M,,,06
201100014985,11,5,1,1205,1,2,1,1.0,5.0,06029,M,,,06
201100014986,11,5,2,1420,1,2,3,1.0,3.0,06029,M,,,06
201100014987,11,5,2,1815,1,2,1,1.0,3.0,06029,M,,,06
201100014988,11,5,4,1630,1,2,1,1.0,3.0,06029,M,,,06
201100014989,11,5,7,2135,5,2,1,1.0,3.0,06030,M,,,06
201100014990,11,5,7,2045,5,2,1,1.0,3.0,06029,M,,,06
201100014991,11,5,8,1555,1,2,1,1.0,3.0,06029,M,,,06
201100014992,11,5,12,810,1,2,1,1.0,3.0,06029,M,,,06
201100014993,11,5,12,1005,1,2,1,1.0,5.0,06029,M,,,06
201100014994,11,5,15,1600,1,2,1,1.0,7.0,06029,M,,,06
201100014995,11,5,15,1840,1,2,1,1.0,7.0,06029,M,,,06
201100014996,11,5,17,1705,1,2,1,1.0,6.0,06030,M,,,06
201100014997,11,5,18,2130,5,2,1,1.0,7.0,06029,M,,,06
201100014998,11,5,24,720,1,2,1,1.0,6.0,06029,M,,,06
201100014999,11,5,25,2330,5,2,1,1.0,5.0,06029,M,,,06
201100015000,11,5,27,1600,1,2,1,1.0,7.0,06029,M,,,06
201100015001,11,5,27,1650,1,2,1,1.0,3.0,06029,M,,,06
201100015002,11,5,31,1225,1,2,1,1.0,6.0,06029,M,,,06
201100015003,11,6,1,1210,1,2,6,1.0,3.0,06029,M,,,06
201100015004,11,6,3,1416,1,2,1,1.0,3.0,06029,M,,,06
201100015005,11,6,3,1420,1,2,1,1.0,2.0,06029,M,,,06
201100015006,11,6,3,1604,1,2,1,1.0,6.0,06030,M,,,06
201100015007,11,6,4,955,1,2,1,1.0,3.0,06029,M,,,06
201100015008,11,6,4,1715,2,2,1,1.0,3.0,06029,M,,,06
201100015009,11,6,5,1845,1,2,1,8.0,7.0,06029,M,,,06
201100015010,11,6,6,1455,1,2,1,1.0,3.0,06029,M,,,06
201100015011,11,6,8,1445,1,2,1,1.0,2.0,06029,M,,,06
201100015012,11,6,9,640,1,2,1,1.0,3.0,06029,M,,,06
201100015013,11,6,8,2025,1,2,1,1.0,3.0,06029,M,,,06
201100015014,11,6,9,1448,1,2,1,1.0,3.0,06029,M,,,06
201100015015,11,6,15,1725,1,1,1,1.0,3.0,06029,M,,,06
201100015016,11,6,11,945,1,2,1,1.0,4.0,06029,M,,,06
201100015017,11,6,14,2100,2,2,1,1.0,6.0,06030,M,,,06
201100015018,11,6,16,2005,1,2,1,1.0,3.0,06030,M,,,06
201100015019,11,6,18,810,1,2,1,1.0,2.0,06030,M,,,06
201100015020,11,6,17,900,1,2,1,1.0,6.0,06029,M,,,06
201100015021,11,6,21,1250,1,2,1,1.0,2.0,06029,M,,,06
201100015022,11,6,22,1710,1,2,1,1.0,3.0,06030,M,,,06
201100015023,11,6,25,550,5,2,1,1.0,6.0,06029,M,,,06
201100015024,11,6,28,1425,1,2,1,1.0,6.0,06029,M,,,06
201100015025,11,6,29,800,1,2,1,1.0,6.0,06029,M,,,06
201100015026,11,6,29,1445,2,2,1,1.0,6.0,06029,M,,,06
201100015027,11,6,30,1715,1,2,1,1.0,3.0,06030,M,,,06
201100015028,11,6,30,130,5,2,1,1.0,3.0,06029,M,,,06
201100015029,11,7,2,1520,1,2,1,1.0,6.0,06030,M,,,06
201100015030,11,7,5,1510,1,2,1,1.0,2.0,06029,M,,,06
201100015031,11,7,7,740,1,2,1,1.0,1.0,06030,M,,,06
201100015032,11,7,7,1640,1,2,1,1.0,3.0,06029,M,,,06
201100015033,11,7,9,1400,1,2,1,1.0,6.0,06029,M,,,06
201100015034,11,7,11,850,1,2,1,1.0,4.0,06029,M,,,06
201100015035,11,7,11,2230,5,2,1,1.0,6.0,06030,M,,,06
201100015036,11,7,15,1010,1,2,1,1.0,6.0,06029,M,,,06
201100015037,11,7,15,1710,1,2,1,1.0,3.0,06030,M,,,06
201100015038,11,7,17,1800,1,2,1,1.0,3.0,06029,M,,,06
201100015039,11,7,18,1045,1,2,1,1.0,3.0,06029,M,,,06
201100015040,11,7,20,1815,1,2,1,1.0,3.0,06029,M,,,06
201100015041,11,7,23,1930,1,2,1,2.0,6.0,06029,M,,,06
201100015042,11,7,29,1156,1,2,1,1.0,6.0,06029,M,,,06
201100015043,11,7,30,1430,1,2,1,1.0,3.0,06029,M,,,06
201100015044,11,8,1,734,1,2,1,1.0,6.0,06030,M,,,06
201100015045,11,8,1,1830,1,2,1,1.0,3.0,06029,M,,,06
201100015046,11,8,2,655,1,2,1,1.0,6.0,06029,M,,,06
201100015047,11,8,5,1430,1,2,1,1.0,3.0,06029,M,,,06
201100015048,11,8,7,650,1,2,1,1.0,6.0,06029,M,,,06
201100015049,11,8,7,1605,1,2,1,1.0,6.0,06029,M,,,06
201100015050,11,8,8,2018,1,2,1,1.0,6.0,06029,M,,,06
201100015051,11,8,9,1740,1,2,1,1.0,6.0,06030,M,,,06
201100015052,11,8,10,1921,1,2,1,1.0,3.0,06030,M,,,06
201100015053,11,8,10,1815,1,2,1,1.0,3.0,06029,M,,,06
201100015054,11,8,13,1630,1,2,1,1.0,6.0,06029,M,,,06
201100015055,11,8,15,730,1,2,1,1.0,7.0,06029,M,,,06
201100015056,11,8,15,2200,5,2,1,1.0,1.0,06029,M,,,06
201100015057,11,8,16,1130,1,2,1,1.0,3.0,06029,M,,,06
201100015058,11,8,17,2120,5,2,1,1.0,6.0,06029,M,,,06
201100015059,11,8,19,1210,1,2,9,1.0,3.0,06029,M,,,06
201100015060,11,8,20,2115,5,2,1,1.0,6.0,06029,M,,,06
201100015061,11,8,21,2200,5,2,1,1.0,2.0,06029,M,,,06
201100015062,11,8,22,1000,1,2,1,1.0,4.0,06029,M,,,06
201100015063,11,8,23,1720,1,2,1,1.0,7.0,06029,M,,,06
201100015064,11,8,25,1800,1,2,1,1.0,3.0,06030,M,,,06
201100015065,11,8,28,1120,1,2,9,1.0,6.0,06029,M,,,06
201100015066,11,8,29,1330,1,2,1,1.0,2.0,06029,M,,,06
201100015067,11,8,31,1209,1,2,1,1.0,6.0,06029,M,,,06
201100015068,11,9,1,1000,1,2,1,1.0,3.0,06029,M,,,06
201100015069,11,9,2,1000,1,2,1,1.0,6.0,06029,M,,,06
201100015070,11,9,2,1430,1,2,1,1.0,1.0,06029,M,,,06
201100015071,11,9,8,1300,1,2,1,1.0,3.0,06029,M,,,06
201100015072,11,9,5,1500,1,2,1,1.0,6.0,06029,M,,,06
201100015073,11,9,6,1110,1,2,1,1.0,6.0,06030,M,,,06
201100015074,11,9,6,1815,1,2,1,1.0,3.0,06029,M,,,06
201100015075,11,9,6,1020,1,2,1,1.0,6.0,06029,M,,,06
201100015076,11,9,8,1302,1,2,1,1.0,3.0,06030,M,,,06
201100015077,11,9,9,2350,5,2,1,1.0,6.0,06030,M,,,06
201100015078,11,9,9,1200,1,2,1,1.0,3.0,06029,M,,,06
201100015079,11,9,7,1800,1,2,1,1.0,3.0,06029,M,,,06
201100015080,11,9,9,1750,1,2,1,1.0,3.0,06029,M,,,06
201100015081,11,9,11,2210,5,2,1,1.0,7.0,06030,M,,,06
201100015082,11,9,8,1730,1,2,1,1.0,6.0,06029,M,,,06
201100015083,11,9,7,1800,1,2,1,1.0,3.0,06029,M,,,06
201100015084,11,9,14,825,1,2,1,1.0,6.0,06029,M,,,06
201100015085,11,9,18,935,1,2,1,1.0,3.0,06030,M,,,06
201100015086,11,9,18,2020,1,2,1,1.0,3.0,06029,M,,,06
201100015087,11,9,16,1637,1,2,1,1.0,6.0,06029,M,,,06
201100015088,11,9,20,1410,1,2,1,1.0,3.0,06030,M,,,06
201100015089,11,9,20,1752,1,2,1,1.0,7.0,06029,M,,,06
201100015090,11,9,21,1030,1,2,1,1.0,3.0,06030,M,,,06
201100015091,11,9,22,937,1,2,1,1.0,3.0,06029,M,,,06
201100015092,11,9,22,1300,1,2,1,1.0,3.0,06029,M,,,06
201100015093,11,9,26,1225,1,2,1,1.0,3.0,06030,M,,,06
201100015094,11,9,28,745,1,2,1,1.0,3.0,06030,M,,,06
201100015095,11,9,29,1740,1,2,1,1.0,3.0,06030,M,,,06
201100015096,11,9,30,750,1,2,1,1.0,3.0,06029,M,,,06
201100015097,11,9,30,1210,1,2,1,1.0,3.0,06029,M,,,06
201100015098,11,9,30,1250,1,2,1,1.0,3.0,06029,M,,,06
201100015099,11,9,30,1740,1,2,1,1.0,2.0,06029,M,,,06
201100015100,11,10,1,1615,1,2,1,1.0,3.0,06030,M,,,06
201100015101,11,10,2,300,5,2,1,1.0,6.0,06029,M,,,06
201100015102,11,10,4,1230,1,2,1,1.0,2.0,06029,M,,,06
201100015103,11,10,7,1717,1,2,1,1.0,3.0,06029,M,,,06
201100015104,11,10,7,1215,1,2,1,1.0,7.0,06030,M,,,06
201100015105,11,10,13,910,1,2,1,1.0,3.0,06029,M,,,06
201100015106,11,10,13,845,1,2,1,1.0,3.0,06029,M,,,06
201100015107,11,10,14,1800,1,2,1,1.0,3.0,06029,M,,,06
201100015108,11,10,1,2115,5,2,1,1.0,2.0,06030,M,,,06
201100015109,11,10,20,805,1,2,1,1.0,3.0,06029,M,,,06
201100015110,11,10,20,840,1,2,1,1.0,7.0,06029,M,,,06
201100015111,11,10,21,1000,1,2,1,1.0,7.0,06029,M,,,06
201100015112,11,10,22,1520,1,2,1,1.0,3.0,06029,M,,,06
201100015113,11,11,1,2025,5,2,1,1.0,2.0,06029,M,,,06
201100015114,11,11,2,1028,1,2,1,1.0,6.0,06029,M,,,06
201100015115,11,10,28,1445,1,2,1,1.0,3.0,06029,M,,,06
201100015116,11,11,7,1200,1,2,1,1.0,3.0,06029,M,,,06
201100015117,11,11,8,1950,5,2,1,3.0,4.0,06029,M,,,06
201100015118,11,11,9,1940,5,2,1,1.0,3.0,06029,M,,,06
201100015119,11,11,10,1245,1,2,1,1.0,3.0,06029,M,,,06
201100015120,11,11,10,1818,5,2,1,1.0,3.0,06030,M,,,06
201100015121,11,11,13,1525,1,2,1,1.0,6.0,06030,M,,,06
201100015122,11,11,16,1125,1,2,1,1.0,7.0,06030,M,,,06
201100015123,11,11,16,1137,1,2,1,1.0,6.0,06029,M,,,06
201100015124,11,11,7,1250,1,2,1,1.0,6.0,06029,M,,,06
201100015125,11,11,25,930,1,2,1,1.0,6.0,06030,M,,,06
201100015126,11,11,26,1545,1,2,1,1.0,3.0,06030,M,,,06
201100015127,11,12,2,900,1,2,1,1.0,3.0,06030,M,,,06
201100015128,11,12,5,1330,1,2,1,1.0,3.0,06029,M,,,06
201100015129,11,12,5,1815,5,2,1,1.0,3.0,06030,M,,,06
201100015130,11,12,8,1110,1,2,1,1.0,7.0,06029,M,,,06
201100015131,11,12,10,1440,1,2,1,1.0,6.0,06029,M,,,06
201100015132,11,12,9,920,1,2,1,1.0,3.0,06030,M,,,06
201100015133,11,12,12,1730,5,2,1,1.0,7.0,06029,M,,,06
201100015134,11,12,14,655,5,2,1,1.0,3.0,06029,M,,,06
201100015135,11,12,14,1230,1,2,1,1.0,3.0,06029,M,,,06
201100015136,11,12,14,1625,1,2,1,1.0,4.0,06029,M,,,06
201100015137,11,12,13,1215,1,2,1,1.0,3.0,06029,M,,,06
201100015138,11,12,20,725,1,2,1,1.0,3.0,06029,M,,,06
201100015139,11,12,21,1620,2,2,1,1.0,7.0,06029,M,,,06
201100015140,11,12,27,1330,1,2,9,1.0,3.0,06029,M,,,06
201100015141,11,12,30,1213,1,2,1,1.0,6.0,06029,M,,,06
201100015142,11,12,31,1750,5,2,1,1.0,6.0,06029,M,,,06
201100015143,11,1,2,2255,5,2,1,1.0,6.0,06069,M,,,06
201100015144,11,1,3,1545,1,2,1,1.0,3.0,06069,M,,,06
201100015145,11,1,3,1825,1,2,3,1.0,3.0,06069,M,,,06
201100015146,11,1,6,1535,1,2,1,2.0,6.0,06069,M,,,06
201100015147,11,1,8,205,5,2,1,1.0,6.0,06069,M,,,06
201100015148,11,1,10,945,1,2,1,1.0,3.0,06069,M,,,06
201100015149,11,1,11,1620,1,2,1,1.0,2.0,06069,M,,,06
201100015150,11,1,12,1130,1,2,1,1.0,6.0,06069,M,,,06
201100015151,11,1,12,1145,1,2,1,1.0,2.0,06069,M,,,06
201100015152,11,1,13,1445,1,2,1,1.0,6.0,06069,M,,,06
201100015153,11,1,15,1525,1,2,1,1.0,7.0,06069,M,,,06
201100015154,11,1,17,1150,1,2,1,1.0,2.0,06069,M,,,06
201100015155,11,1,18,720,2,2,1,1.0,3.0,06069,M,,,06
201100015156,11,1,18,1830,5,2,3,1.0,3.0,06069,M,,,06
201100015157,11,1,19,1320,1,2,1,1.0,6.0,06069,M,,,06
201100015158,11,1,22,1130,1,2,6,1.0,7.0,06069,M,,,06
201100015159,11,1,26,1300,1,2,1,1.0,7.0,06069,M,,,06
201100015160,11,1,27,1730,1,2,3,1.0,3.0,06069,M,,,06
201100015161,11,1,28,1510,1,2,3,1.0,3.0,06069,M,,,06
201100015162,11,1,28,1850,5,2,1,1.0,3.0,06069,M,,,06
201100015163,11,1,28,1850,1,2,3,1.0,3.0,06069,M,,,06
201100015164,11,1,28,2300,5,1,1,1.0,7.0,06069,M,,,06
201100015165,11,2,1,900,1,2,3,1.0,3.0,06069,M,,,06
201100015166,11,2,1,1030,1,2,1,1.0,6.0,06069,M,,,06
201100015167,11,2,9,1800,2,2,6,1.0,3.0,06069,M,,,06
201100015168,11,2,13,1745,1,2,1,1.0,7.0,06069,M,,,06
201100015169,11,2,14,1830,2,2,1,2.0,3.0,06069,M,,,06
201100015170,11,2,15,810,1,2,3,2.0,3.0,06069,M,,,06
201100015171,11,2,17,1215,1,2,1,3.0,2.0,06069,M,,,06
201100015172,11,2,17,1620,1,2,2,1.0,3.0,06069,M,,,06
201100015173,11,2,21,1140,1,2,1,1.0,6.0,06069,M,,,06
201100015174,11,2,22,1935,1,2,1,1.0,7.0,06069,M,,,06
201100015175,11,2,25,745,1,2,1,1.0,7.0,06069,M,,,06
201100015176,11,2,25,1100,1,2,1,1.0,2.0,06069,M,,,06
201100015177,11,2,25,1230,1,2,1,1.0,6.0,06069,M,,,06
201100015178,11,2,25,1900,1,2,1,1.0,6.0,06069,M,,,06
201100015179,11,2,26,1915,1,2,1,1.0,2.0,06069,M,,,06
201100015180,11,2,28,1020,1,2,1,1.0,1.0,06069,M,,,06
201100015181,11,3,2,1730,1,2,1,1.0,4.0,06069,M,,,06
201100015182,11,3,3,955,1,2,1,1.0,6.0,06069,M,,,06
201100015183,11,3,6,1830,2,2,1,1.0,6.0,06069,M,,,06
201100015184,11,3,7,1325,1,2,1,1.0,3.0,06069,M,,,06
201100015185,11,3,7,1325,1,2,1,1.0,3.0,06069,M,,,06
201100015186,11,3,7,1810,1,2,1,1.0,1.0,06069,M,,,06
201100015187,11,3,8,1725,1,2,1,1.0,2.0,06069,M,,,06
201100015188,11,3,8,1810,2,2,1,1.0,1.0,06069,M,,,06
201100015189,11,3,9,1115,1,2,1,1.0,1.0,06069,M,,,06
201100015190,11,3,9,1400,1,2,1,1.0,6.0,06069,M,,,06
201100015191,11,3,9,1720,1,2,1,1.0,6.0,06069,M,,,06
201100015192,11,3,10,1840,5,2,1,1.0,1.0,06069,M,,,06
201100015193,11,3,11,2140,5,2,1,1.0,7.0,06069,M,,,06
201100015194,11,3,15,1255,1,2,1,2.0,6.0,06069,M,,,06
201100015195,11,3,23,1500,1,2,1,1.0,1.0,06069,M,,,06
201100015196,11,3,25,950,1,2,1,1.0,7.0,06069,M,,,06
201100015197,11,3,25,1105,1,2,1,1.0,1.0,06069,M,,,06
201100015198,11,3,25,1340,1,2,1,1.0,1.0,06069,M,,,06
201100015199,11,3,25,1930,2,2,1,1.0,2.0,06069,M,,,06
201100015200,11,3,26,5,5,2,1,1.0,7.0,06069,M,,,06
201100015201,11,3,29,800,1,2,1,1.0,2.0,06069,M,,,06
201100015202,11,4,1,2030,2,2,1,1.0,7.0,06069,M,,,06
201100015203,11,4,3,1800,1,2,1,1.0,3.0,06069,M,,,06
201100015204,11,4,6,1255,1,2,1,1.0,2.0,06069,M,,,06
201100015205,11,4,12,800,1,2,1,1.0,6.0,06069,M,,,06
201100015206,11,4,14,910,1,2,1,1.0,3.0,06069,M,,,06
201100015207,11,4,19,1710,1,2,1,1.0,6.0,06069,M,,,06
201100015208,11,4,26,1415,1,2,1,1.0,6.0,06069,M,,,06
201100015209,11,4,26,1800,1,2,1,1.0,7.0,06069,M,,,06
201100015210,11,4,27,1430,1,2,1,2.0,2.0,06069,M,,,06
201100015211,11,4,27,1730,1,2,1,2.0,5.0,06069,M,,,06
201100015212,11,5,1,105,5,2,1,1.0,6.0,06069,M,,,06
201100015213,11,5,1,830,1,2,3,1.0,3.0,06069,M,,,06
201100015214,11,5,1,2155,5,2,1,1.0,6.0,06069,M,,,06
201100015215,11,5,2,755,1,2,6,1.0,3.0,06069,M,,,06
201100015216,11,5,2,1420,1,2,1,1.0,6.0,06069,M,,,06
201100015217,11,5,8,945,1,1,1,1.0,7.0,06069,M,,,06
201100015218,11,5,9,715,1,2,1,1.0,1.0,06069,M,,,06
201100015219,11,5,14,925,1,2,1,1.0,2.0,06069,M,,,06
201100015220,11,5,16,1200,1,2,1,1.0,3.0,06069,M,,,06
201100015221,11,5,17,755,1,2,1,1.0,2.0,06069,M,,,06
201100015222,11,5,17,1110,1,2,1,1.0,6.0,06069,M,,,06
201100015223,11,5,20,900,3,2,1,1.0,6.0,06069,M,,,06
201100015224,11,5,20,1150,1,2,1,1.0,2.0,06069,M,,,06
201100015225,11,5,21,250,5,2,1,1.0,6.0,06069,M,,,06
201100015226,11,5,21,500,5,2,1,1.0,6.0,06069,M,,,06
201100015227,11,5,21,1835,1,2,1,1.0,3.0,06069,M,,,06
201100015228,11,5,21,2010,1,2,1,1.0,1.0,06069,M,,,06
201100015229,11,5,22,200,5,2,1,1.0,7.0,06069,M,,,06
201100015230,11,5,23,1305,1,1,1,1.0,7.0,06069,M,,,06
201100015231,11,5,24,1210,1,2,1,1.0,2.0,06069,M,,,06
201100015232,11,5,24,1350,1,2,1,1.0,7.0,06069,M,,,06
201100015233,11,5,24,1650,1,2,1,1.0,2.0,06069,M,,,06
201100015234,11,5,26,1410,1,2,6,1.0,2.0,06069,M,,,06
201100015235,11,5,26,1710,1,2,1,1.0,2.0,06069,M,,,06
201100015236,11,5,27,640,2,2,1,1.0,1.0,06069,M,,,06
201100015237,11,5,27,1810,1,2,3,1.0,3.0,06069,M,,,06
201100015238,11,5,28,525,2,2,1,1.0,7.0,06069,M,,,06
201100015239,11,6,3,835,1,2,1,1.0,6.0,06069,M,,,06
201100015240,11,6,3,1920,1,2,6,1.0,3.0,06069,M,,,06
201100015241,11,6,3,2345,5,2,1,1.0,7.0,06069,M,,,06
201100015242,11,6,6,1925,1,2,1,1.0,6.0,06069,M,,,06
201100015243,11,6,9,1340,1,2,1,1.0,2.0,06069,M,,,06
201100015244,11,6,13,1550,1,2,1,1.0,7.0,06069,M,,,06
201100015245,11,6,13,1950,1,2,1,1.0,5.0,06069,M,,,06
201100015246,11,6,14,1830,1,2,4,1.0,3.0,06069,M,,,06
201100015247,11,6,15,1755,1,2,1,1.0,2.0,06069,M,,,06
201100015248,11,6,16,830,1,2,1,1.0,3.0,06069,M,,,06
201100015249,11,6,16,2045,2,2,1,1.0,7.0,06069,M,,,06
201100015250,11,6,17,1000,1,2,6,1.0,1.0,06069,M,,,06
201100015251,11,6,17,1740,1,2,1,1.0,2.0,06069,M,,,06
201100015252,11,6,19,1350,1,2,1,1.0,2.0,06069,M,,,06
201100015253,11,6,20,1520,1,2,1,1.0,7.0,06069,M,,,06
201100015254,11,6,20,1730,1,2,6,1.0,3.0,06069,M,,,06
201100015255,11,6,21,1430,1,2,1,1.0,2.0,06069,M,,,06
201100015256,11,6,21,1500,1,2,3,1.0,2.0,06069,M,,,06
201100015257,11,6,23,730,1,2,1,1.0,2.0,06069,M,,,06
201100015258,11,6,25,500,5,2,1,1.0,7.0,06069,M,,,06
201100015259,11,6,26,1055,1,2,1,1.0,7.0,06069,M,,,06
201100015260,11,6,26,1640,1,2,1,1.0,1.0,06069,M,,,06
201100015261,11,6,27,1720,1,2,1,1.0,1.0,06069,M,,,06
201100015262,11,6,30,1100,1,2,1,1.0,2.0,06069,M,,,06
201100015263,11,6,30,1545,1,2,1,1.0,7.0,06069,M,,,06
201100015264,11,7,1,1820,1,2,1,1.0,1.0,06069,M,,,06
201100015265,11,7,3,1050,1,2,1,1.0,2.0,06069,M,,,06
201100015266,11,7,4,1710,1,2,1,3.0,6.0,06069,M,,,06
201100015267,11,7,6,1355,1,2,1,1.0,3.0,06069,M,,,06
201100015268,11,7,8,1640,1,2,1,1.0,3.0,06069,M,,,06
201100015269,11,7,11,1400,1,2,1,1.0,6.0,06069,M,,,06
201100015270,11,7,11,1810,1,2,1,1.0,2.0,06069,M,,,06
201100015271,11,7,12,1745,1,2,1,1.0,3.0,06069,M,,,06
201100015272,11,7,13,1950,1,2,1,1.0,7.0,06069,M,,,06
201100015273,11,7,14,1730,1,2,1,1.0,3.0,06069,M,,,06
201100015274,11,7,15,2000,1,2,6,1.0,2.0,06069,M,,,06
201100015275,11,7,18,1715,1,2,1,1.0,5.0,06069,M,,,06
201100015276,11,7,18,1740,1,2,1,1.0,4.0,06069,M,,,06
201100015277,11,7,20,655,1,2,1,1.0,1.0,06069,M,,,06
201100015278,11,7,20,1045,1,2,1,1.0,6.0,06069,M,,,06
201100015279,11,7,20,1340,1,2,1,1.0,7.0,06069,M,,,06
201100015280,11,7,20,1710,1,2,1,1.0,3.0,06069,M,,,06
201100015281,11,7,20,2240,5,2,1,1.0,6.0,06069,M,,,06
201100015282,11,7,25,2130,5,2,1,1.0,7.0,06069,M,,,06
201100015283,11,7,26,1255,1,2,1,1.0,1.0,06069,M,,,06
201100015284,11,7,29,1215,1,2,1,1.0,7.0,06069,M,,,06
201100015285,11,7,30,1910,1,2,1,1.0,7.0,06069,M,,,06
201100015286,11,8,3,1425,1,2,1,1.0,2.0,06069,M,,,06
201100015287,11,8,3,1700,1,2,1,1.0,2.0,06069,M,,,06
201100015288,11,8,5,1825,1,2,1,1.0,6.0,06069,M,,,06
201100015289,11,8,5,1950,2,2,1,1.0,1.0,06069,M,,,06