Num_Acc,an,mois,jour,hrmn,lum,agg,int,atm,col,com,gps,lat,long,dep
201100015290,11,8,7,530,2,1,1,1.0,7.0,06069,M,,,06
201100015291,11,8,8,1535,1,2,1,1.0,6.0,06069,M,,,06
201100015292,11,8,9,1700,1,2,1,1.0,7.0,06069,M,,,06
201100015293,11,8,12,1430,1,2,1,1.0,2.0,06069,M,,,06
201100015294,11,8,16,1600,1,2,3,1.0,3.0,06069,M,,,06
201100015295,11,8,18,1000,1,2,1,1.0,3.0,06069,M,,,06
201100015296,11,8,18,1715,1,2,1,1.0,3.0,06069,M,,,06
201100015297,11,8,18,1720,1,2,1,1.0,2.0,06069,M,,,06
201100015298,11,8,18,1840,1,2,1,1.0,2.0,06069,M,,,06
201100015299,11,8,20,1425,1,2,1,1.0,7.0,06069,M,,,06
201100015300,11,8,23,1100,1,2,1,1.0,3.0,06069,M,,,06
201100015301,11,8,25,1700,1,2,1,1.0,2.0,06069,M,,,06
201100015302,11,8,25,1900,1,2,1,1.0,2.0,06069,M,,,06
201100015303,11,8,26,1350,1,2,1,1.0,3.0,06069,M,,,06
201100015304,11,8,28,455,2,2,1,1.0,7.0,06069,M,,,06
201100015305,11,8,31,1700,1,2,1,1.0,3.0,06069,M,,,06
201100015306,11,8,31,1840,1,1,1,1.0,2.0,06069,M,,,06
201100015307,11,9,1,1200,1,2,1,1.0,3.0,06069,M,,,06
201100015308,11,9,1,2045,1,2,1,1.0,6.0,06069,M,,,06
201100015309,11,9,3,1305,1,2,1,3.0,7.0,06069,M,,,06
201100015310,11,9,9,1600,1,2,1,1.0,2.0,06069,M,,,06
201100015311,11,9,12,820,1,2,3,1.0,6.0,06069,M,,,06
201100015312,11,9,12,1545,1,2,1,1.0,7.0,06069,M,,,06
201100015313,11,9,13,2115,5,2,1,1.0,1.0,06069,M,,,06
201100015314,11,9,14,1425,1,2,1,1.0,1.0,06069,M,,,06
201100015315,11,9,15,1220,1,2,1,1.0,2.0,06069,M,,,06
201100015316,11,9,15,1745,1,2,1,1.0,2.0,06069,M,,,06
201100015317,11,9,16,1300,1,2,1,1.0,2.0,06069,M,,,06
201100015318,11,9,17,1555,1,2,1,1.0,2.0,06069,M,,,06
201100015319,11,9,20,550,5,2,1,1.0,7.0,06069,M,,,06
201100015320,11,9,20,825,1,2,3,1.0,1.0,06069,M,,,06
201100015321,11,9,20,1325,1,2,1,1.0,7.0,06069,M,,,06
201100015322,11,9,22,1837,1,2,1,1.0,3.0,06069,M,,,06
201100015323,11,9,23,1930,1,2,1,1.0,7.0,06069,M,,,06
201100015324,11,9,25,1855,1,2,1,1.0,6.0,06069,M,,,06
201100015325,11,9,26,1130,1,2,1,1.0,3.0,06069,M,,,06
201100015326,11,9,27,1300,1,2,1,1.0,3.0,06069,M,,,06
201100015327,11,9,29,1440,1,2,1,1.0,2.0,06069,M,,,06
201100015328,11,10,3,1750,1,2,1,1.0,1.0,06069,M,,,06
201100015329,11,10,4,1200,1,2,1,1.0,7.0,06069,M,,,06
201100015330,11,10,4,1915,1,2,9,1.0,6.0,06069,M,,,06
201100015331,11,10,5,1755,1,2,4,1.0,1.0,06069,M,,,06
201100015332,11,10,8,525,5,2,1,1.0,3.0,06069,M,,,06
201100015333,11,10,10,1520,1,2,1,1.0,1.0,06069,M,,,06
201100015334,11,10,11,1150,1,2,1,1.0,6.0,06069,M,,,06
201100015335,11,10,12,2215,5,2,1,1.0,7.0,06069,M,,,06
201100015336,11,10,13,1800,1,2,1,1.0,6.0,06069,M,,,06
201100015337,11,10,14,1400,1,2,1,2.0,4.0,06069,M,,,06
201100015338,11,10,14,1600,1,2,1,1.0,7.0,06069,M,,,06
201100015339,11,10,14,1725,1,2,9,1.0,6.0,06069,M,,,06
201100015340,11,10,14,1730,1,2,1,1.0,3.0,06069,M,,,06
201100015341,11,10,15,2015,2,2,1,1.0,2.0,06069,M,,,06
201100015342,11,10,15,2110,5,2,1,1.0,6.0,06069,M,,,06
201100015343,11,10,16,1735,1,2,1,1.0,6.0,06069,M,,,06
201100015344,11,10,18,930,1,2,1,1.0,3.0,06069,M,,,06
201100015345,11,10,18,1150,1,2,1,1.0,6.0,06069,M,,,06
201100015346,11,10,19,1455,1,2,1,3.0,7.0,06069,M,,,06
201100015347,11,10,19,1740,1,2,1,3.0,7.0,06069,M,,,06
201100015348,11,10,20,1743,1,1,1,3.0,6.0,06069,M,,,06
201100015349,11,10,22,1445,1,2,1,1.0,6.0,06069,M,,,06
201100015350,11,10,24,1820,2,2,1,1.0,7.0,06069,M,,,06
201100015351,11,10,25,1600,1,2,1,3.0,7.0,06069,M,,,06
201100015352,11,10,26,2330,5,2,1,1.0,7.0,06069,M,,,06
201100015353,11,10,28,1900,2,2,1,1.0,6.0,06069,M,,,06
201100015354,11,10,31,1645,1,2,1,1.0,6.0,06069,M,,,06
201100015355,11,10,31,1945,5,2,1,1.0,6.0,06069,M,,,06
201100015356,11,11,1,1535,1,2,1,1.0,1.0,06069,M,,,06
201100015357,11,11,4,1810,5,2,1,3.0,6.0,06069,M,,,06
201100015358,11,11,6,400,5,2,1,1.0,6.0,06069,M,,,06
201100015359,11,11,8,910,1,2,1,2.0,6.0,06069,M,,,06
201100015360,11,11,8,1015,1,2,1,2.0,6.0,06069,M,,,06
201100015361,11,11,8,1835,5,2,1,2.0,3.0,06069,M,,,06
201100015362,11,11,13,345,5,2,2,1.0,3.0,06069,M,,,06
201100015363,11,11,14,1320,1,2,1,1.0,6.0,06069,M,,,06
201100015364,11,11,17,1620,1,2,1,1.0,5.0,06069,M,,,06
201100015365,11,11,18,1610,1,2,1,7.0,6.0,06069,M,,,06
201100015366,11,11,22,1000,1,2,1,1.0,3.0,06069,M,,,06
201100015367,11,11,22,1630,1,2,1,1.0,7.0,06069,M,,,06
201100015368,11,11,22,1900,5,2,1,1.0,7.0,06069,M,,,06
201100015369,11,11,24,815,1,2,3,1.0,3.0,06069,M,,,06
201100015370,11,12,2,630,5,2,1,2.0,6.0,06069,M,,,06
201100015371,11,12,2,845,1,2,1,1.0,4.0,06069,M,,,06
201100015372,11,12,2,1800,2,2,1,1.0,3.0,06069,M,,,06
201100015373,11,12,3,1100,1,2,1,1.0,6.0,06069,M,,,06
201100015374,11,12,4,1120,1,2,1,1.0,1.0,06069,M,,,06
201100015375,11,12,6,1235,1,2,1,1.0,6.0,06069,M,,,06
201100015376,11,12,5,1055,1,2,1,1.0,2.0,06069,M,,,06
201100015377,11,12,6,815,1,2,1,1.0,3.0,06069,M,,,06
201100015378,11,12,6,945,1,2,1,1.0,6.0,06069,M,,,06
201100015379,11,12,6,1440,1,2,1,1.0,7.0,06069,M,,,06
201100015380,11,12,8,1015,1,2,1,1.0,6.0,06069,M,,,06
201100015381,11,12,8,1840,5,2,1,1.0,3.0,06069,M,,,06
201100015382,11,12,10,555,2,2,1,1.0,7.0,06069,M,,,06
201100015383,11,12,10,2045,5,2,1,1.0,3.0,06069,M,,,06
201100015384,11,12,12,725,2,2,1,2.0,7.0,06069,M,,,06
201100015385,11,12,12,855,1,2,1,1.0,6.0,06069,M,,,06
201100015386,11,12,12,1000,1,2,1,2.0,7.0,06069,M,,,06
201100015387,11,12,12,1630,1,2,1,7.0,6.0,06069,M,,,06
201100015388,11,12,14,1330,1,2,1,1.0,1.0,06069,M,,,06
201100015389,11,12,17,1640,1,2,1,1.0,2.0,06069,M,,,06
201100015390,11,12,18,1900,2,2,1,1.0,7.0,06069,M,,,06
201100015391,11,12,19,1930,2,2,1,1.0,4.0,06069,M,,,06
201100015392,11,12,19,925,1,2,1,1.0,3.0,06069,M,,,06
201100015393,11,12,20,1650,1,2,1,1.0,2.0,06069,M,,,06
201100015394,11,12,20,2310,5,2,1,1.0,2.0,06069,M,,,06
201100015395,11,12,22,1515,1,2,1,1.0,7.0,06069,M,,,06
201100015396,11,12,22,2040,5,2,1,1.0,3.0,06069,M,,,06
201100015397,11,12,23,1600,1,2,9,1.0,6.0,06069,M,,,06
201100015398,11,12,24,1145,1,2,1,1.0,6.0,06069,M,,,06
201100015399,11,12,28,900,1,2,1,1.0,7.0,06069,M,,,06
201100015400,11,12,28,1635,1,2,1,1.0,3.0,06069,M,,,06
201100015401,11,12,29,1930,5,2,1,1.0,1.0,06069,M,,,06
201100015402,11,1,3,1130,1,2,4,1.0,6.0,06104,M,,,06
201100015403,11,1,3,1220,1,2,1,1.0,6.0,06083,M,,,06
201100015404,11,1,9,940,1,2,1,1.0,6.0,06104,M,,,06
201100015405,11,1,11,850,1,2,1,1.0,3.0,06104,M,,,06
201100015406,11,1,14,1150,1,2,3,1.0,3.0,06012,M,,,06
201100015407,11,2,3,1925,5,2,1,1.0,1.0,06104,M,,,06
201100015408,11,2,4,1300,1,2,1,1.0,3.0,06083,M,,,06
201100015409,11,2,9,530,5,2,1,1.0,6.0,06104,M,,,06
201100015410,11,2,8,1655,1,2,3,1.0,3.0,06104,M,,,06
201100015411,11,2,8,1815,5,2,1,1.0,6.0,06083,M,,,06
201100015412,11,2,9,2300,5,2,1,1.0,6.0,06104,M,,,06
201100015413,11,2,12,615,2,2,1,1.0,1.0,06104,M,,,06
201100015414,11,2,13,1840,5,2,1,1.0,7.0,06012,M,,,06
201100015415,11,2,15,1645,1,2,1,2.0,1.0,06083,M,,,06
201100015416,11,2,17,1430,1,1,1,2.0,1.0,06104,M,,,06
201100015417,11,2,22,1130,1,2,1,1.0,6.0,06083,M,,,06
201100015418,11,2,21,920,1,2,1,1.0,3.0,06104,M,,,06
201100015419,11,2,25,1540,1,1,1,1.0,7.0,06083,M,,,06
201100015420,11,3,2,115,5,2,3,1.0,1.0,06012,M,,,06
201100015421,11,3,11,1940,5,2,1,1.0,6.0,06083,M,,,06
201100015422,11,3,17,2140,5,2,1,1.0,6.0,06083,M,,,06
201100015423,11,3,22,500,5,2,3,1.0,3.0,06104,M,,,06
201100015424,11,3,23,1600,1,2,1,1.0,6.0,06083,M,,,06
201100015425,11,3,24,1940,5,2,1,1.0,6.0,06104,M,,,06
201100015426,11,3,31,1220,1,2,1,1.0,4.0,06083,M,,,06
201100015427,11,4,6,600,2,2,1,1.0,6.0,06104,M,,,06
201100015428,11,4,9,1215,1,2,1,1.0,6.0,06012,M,,,06
201100015429,11,3,10,1650,1,1,3,1.0,7.0,06083,M,,,06
201100015430,11,4,18,1420,1,2,1,1.0,5.0,06104,M,,,06
201100015431,11,4,25,1555,1,2,2,1.0,5.0,06104,M,,,06
201100015432,11,4,21,1335,1,2,6,1.0,3.0,06083,M,,,06
201100015433,11,4,21,1615,1,2,1,1.0,3.0,06083,M,,,06
201100015434,11,4,22,1545,1,2,1,6.0,5.0,06012,M,,,06
201100015435,11,4,27,2210,5,2,3,1.0,3.0,06083,M,,,06
201100015436,11,4,28,1725,1,2,1,1.0,6.0,06083,M,,,06
201100015437,11,5,3,415,5,2,3,1.0,6.0,06104,M,,,06
201100015438,11,5,1,2055,5,2,1,1.0,2.0,06104,M,,,06
201100015439,11,5,2,1130,1,2,4,1.0,3.0,06104,M,,,06
201100015440,11,5,5,1000,1,2,1,1.0,6.0,06083,M,,,06
201100015441,11,5,8,1840,1,2,1,1.0,6.0,06083,M,,,06
201100015442,11,5,12,1250,1,2,1,1.0,6.0,06104,M,,,06
201100015443,11,5,15,1845,1,2,1,1.0,6.0,06104,M,,,06
201100015444,11,5,15,749,1,2,1,1.0,6.0,06104,M,,,06
201100015445,11,5,14,1713,1,2,1,8.0,2.0,06083,M,,,06
201100015446,11,5,19,1735,1,2,1,1.0,5.0,06104,M,,,06
201100015447,11,5,23,1730,1,2,3,1.0,5.0,06104,M,,,06
201100015448,11,5,21,1715,1,2,1,1.0,3.0,06104,M,,,06
201100015449,11,5,30,1725,1,2,1,1.0,6.0,06104,M,,,06
201100015450,11,5,27,1025,1,2,3,8.0,3.0,06083,M,,,06
201100015451,11,6,11,2358,5,2,1,1.0,3.0,06104,M,,,06
201100015452,11,6,13,1455,1,2,1,1.0,5.0,06083,M,,,06
201100015453,11,6,12,1430,1,2,3,1.0,1.0,06012,M,,,06
201100015454,11,6,8,915,1,2,6,1.0,3.0,06083,M,,,06
201100015455,11,6,13,2340,5,2,1,2.0,1.0,06012,M,,,06
201100015456,11,6,18,1545,1,2,3,1.0,3.0,06083,M,,,06
201100015457,11,6,20,1850,1,2,1,1.0,7.0,06083,M,,,06
201100015458,11,6,22,315,5,2,3,1.0,6.0,06083,M,,,06
201100015459,11,6,25,1450,1,2,2,1.0,1.0,06104,M,,,06
201100015460,11,6,26,450,5,2,1,1.0,1.0,06104,M,,,06
201100015461,11,6,28,1635,1,2,1,1.0,1.0,06104,M,,,06
201100015462,11,7,2,206,5,2,4,1.0,6.0,06083,M,,,06
201100015463,11,7,2,2150,5,2,2,1.0,3.0,06104,M,,,06
201100015464,11,7,5,1525,1,2,1,1.0,5.0,06104,M,,,06
201100015465,11,7,8,2027,1,2,2,1.0,1.0,06083,M,,,06
201100015466,11,7,9,1845,1,2,1,1.0,6.0,06083,M,,,06
201100015467,11,7,10,315,5,2,1,1.0,6.0,06104,M,,,06
201100015468,11,7,12,110,5,2,3,1.0,1.0,06083,M,,,06
201100015469,11,7,14,33,5,1,1,1.0,3.0,06104,M,,,06
201100015470,11,7,15,1520,1,2,2,1.0,6.0,06083,M,,,06
201100015471,11,7,16,2305,5,2,1,1.0,3.0,06104,M,,,06
201100015472,11,7,21,800,1,2,1,1.0,6.0,06083,M,,,06
201100015473,11,7,26,1755,1,2,1,2.0,6.0,06104,M,,,06
201100015474,11,8,2,1125,1,2,1,1.0,6.0,06083,M,,,06
201100015475,11,8,18,525,5,2,1,1.0,6.0,06104,M,,,06
201100015476,11,8,30,1155,1,2,1,1.0,6.0,06104,M,,,06
201100015477,11,8,29,1825,1,2,1,1.0,6.0,06083,M,,,06
201100015478,11,9,5,1630,1,2,1,1.0,6.0,06083,M,,,06
201100015479,11,9,5,2045,5,2,1,1.0,6.0,06083,M,,,06
201100015480,11,9,7,640,2,2,1,1.0,3.0,06083,M,,,06
201100015481,11,9,22,1625,1,1,1,1.0,1.0,06012,M,,,06
201100015482,11,9,19,1640,1,2,1,2.0,4.0,06083,M,,,06
201100015483,11,9,19,1930,2,2,3,1.0,3.0,06083,M,,,06
201100015484,11,10,5,1435,1,2,3,1.0,3.0,06104,M,,,06
201100015485,11,10,5,1720,1,2,1,1.0,7.0,06104,M,,,06
201100015486,11,10,5,1747,1,2,1,1.0,6.0,06083,M,,,06
201100015487,11,10,16,2110,5,2,1,1.0,2.0,06083,M,,,06
201100015488,11,10,17,2140,5,2,1,1.0,6.0,06083,M,,,06
201100015489,11,10,19,1610,1,2,1,2.0,1.0,06083,M,,,06
201100015490,11,10,28,1725,1,2,1,1.0,6.0,06083,M,,,06
201100015491,11,11,4,1720,2,2,1,2.0,6.0,06083,M,,,06
201100015492,11,11,12,940,1,2,1,1.0,6.0,06104,M,,,06
201100015493,11,11,13,1345,1,2,1,1.0,6.0,06104,M,,,06
201100015494,11,11,20,700,1,2,1,1.0,6.0,06104,M,,,06
201100015495,11,11,25,2145,5,2,1,1.0,6.0,06083,M,,,06
201100015496,11,11,24,1130,1,2,4,1.0,7.0,06012,M,,,06
201100015497,11,11,27,1328,1,2,1,1.0,3.0,06104,M,,,06
201100015498,11,12,17,1310,1,2,1,7.0,6.0,06083,M,,,06
201100015499,11,12,2,1905,5,2,1,2.0,6.0,06083,M,,,06
201100015500,11,12,23,540,5,2,1,1.0,3.0,06104,M,,,06
201100015501,11,1,1,550,5,2,3,1.0,3.0,06088,M,,,06
201100015502,11,1,1,1140,1,2,1,1.0,6.0,06088,M,,,06
201100015503,11,1,1,2010,5,2,1,2.0,1.0,06088,M,,,06
201100015504,11,1,2,1015,1,2,2,1.0,3.0,06088,M,,,06
201100015505,11,1,3,620,3,2,1,1.0,2.0,06088,M,,,06
201100015506,11,1,3,745,1,2,2,1.0,6.0,06088,M,,,06
201100015507,11,1,4,820,1,2,1,1.0,3.0,06088,M,,,06
201100015508,11,1,4,1714,5,2,3,1.0,3.0,06088,M,,,06
201100015509,11,1,5,930,1,2,1,1.0,1.0,06088,M,,,06
201100015510,11,1,5,950,1,2,1,1.0,6.0,06088,M,,,06
201100015511,11,1,5,1515,1,2,4,1.0,3.0,06088,M,,,06
201100015512,11,1,5,1800,5,2,1,2.0,6.0,06088,M,,,06
201100015513,11,1,6,900,1,2,3,2.0,6.0,06088,M,,,06
201100015514,11,1,6,1050,1,1,1,2.0,6.0,06088,M,,,06
201100015515,11,1,6,1555,1,2,1,2.0,3.0,06088,M,,,06
201100015516,11,1,6,1840,5,2,1,2.0,3.0,06088,M,,,06
201100015517,11,1,7,950,1,2,1,1.0,4.0,06088,M,,,06
201100015518,11,1,9,1200,1,2,1,2.0,6.0,06088,M,,,06
201100015519,11,1,10,805,1,2,1,3.0,6.0,06088,M,,,06
201100015520,11,1,11,1415,1,2,1,2.0,3.0,06088,M,,,06
201100015521,11,1,10,2020,5,2,1,3.0,3.0,06088,M,,,06
201100015522,11,1,11,910,1,2,2,1.0,3.0,06088,M,,,06
201100015523,11,1,11,1015,1,2,2,1.0,3.0,06088,M,,,06
201100015524,11,1,11,1348,1,2,3,1.0,3.0,06088,M,,,06
201100015525,11,1,11,1605,1,2,1,1.0,6.0,06088,M,,,06
201100015526,11,1,11,1600,1,2,1,1.0,6.0,06088,M,,,06
201100015527,11,1,11,1745,3,2,1,1.0,2.0,06088,M,,,06
201100015528,11,1,11,1900,5,2,1,1.0,7.0,06088,M,,,06
201100015529,11,1,11,1900,5,2,2,1.0,3.0,06088,M,,,06
201100015530,11,1,12,1445,1,2,1,1.0,2.0,06088,M,,,06
201100015531,11,1,12,1455,1,2,1,1.0,6.0,06088,M,,,06
201100015532,11,1,12,1730,1,2,1,1.0,5.0,06088,M,,,06
201100015533,11,1,13,1530,1,2,1,1.0,3.0,06088,M,,,06
201100015534,11,1,14,800,1,2,1,1.0,5.0,06088,M,,,06
201100015535,11,1,14,1430,1,2,3,1.0,5.0,06088,M,,,06
201100015536,11,1,14,1550,1,2,1,1.0,3.0,06088,M,,,06
201100015537,11,1,14,1830,5,2,1,1.0,3.0,06088,M,,,06
201100015538,11,1,15,1115,1,2,1,1.0,6.0,06088,M,,,06
201100015539,11,1,15,1510,1,2,1,1.0,1.0,06088,M,,,06
201100015540,11,1,16,1105,1,2,1,1.0,3.0,06088,M,,,06
201100015541,11,1,16,1600,1,2,1,1.0,3.0,06088,M,,,06
201100015542,11,1,16,1820,5,2,1,1.0,3.0,06088,M,,,06
201100015543,11,1,16,2140,5,2,1,1.0,6.0,06088,M,,,06
201100015544,11,1,17,1000,1,2,2,1.0,3.0,06088,M,,,06
201100015545,11,1,17,1100,1,2,1,1.0,6.0,06088,M,,,06
201100015546,11,1,17,1450,1,2,2,1.0,3.0,06088,M,,,06
201100015547,11,1,17,1720,2,2,1,1.0,3.0,06088,M,,,06
201100015548,11,1,17,1710,5,2,1,1.0,3.0,06088,M,,,06
201100015549,11,1,19,1020,1,2,1,1.0,6.0,06088,M,,,06
201100015550,11,1,19,1410,1,2,1,1.0,2.0,06088,M,,,06
201100015551,11,1,19,1625,1,2,1,1.0,6.0,06088,M,,,06
201100015552,11,1,19,1850,5,2,1,1.0,3.0,06088,M,,,06
201100015553,11,1,19,1848,5,2,1,1.0,3.0,06159,M,,,06
201100015554,11,1,19,2008,5,2,1,1.0,5.0,06088,M,,,06
201100015555,11,1,20,1540,1,2,1,1.0,3.0,06088,M,,,06
201100015556,11,1,20,2100,5,2,2,1.0,3.0,06088,M,,,06
201100015557,11,1,20,2150,5,2,1,1.0,6.0,06088,M,,,06
201100015558,11,1,21,745,1,2,1,1.0,2.0,06088,M,,,06
201100015559,11,1,21,750,1,2,1,1.0,4.0,06088,M,,,06
201100015560,11,1,21,830,1,2,1,1.0,6.0,06088,M,,,06
201100015561,11,1,21,1140,1,1,1,1.0,3.0,06088,M,,,06
201100015562,11,1,21,1430,1,2,3,1.0,3.0,06088,M,,,06
201100015563,11,1,21,1930,5,2,1,1.0,2.0,06088,M,,,06
201100015564,11,1,22,400,5,2,1,1.0,6.0,06088,M,,,06
201100015565,11,1,22,1715,1,2,1,1.0,3.0,06088,M,,,06
201100015566,11,1,24,800,1,2,1,1.0,3.0,06088,M,,,06
201100015567,11,1,24,1200,1,2,1,1.0,6.0,06088,M,,,06
201100015568,11,1,24,1820,5,2,1,1.0,3.0,06088,M,,,06
201100015569,11,1,25,1310,1,2,2,1.0,3.0,06088,M,,,06
201100015570,11,1,25,1622,1,2,1,1.0,2.0,06088,M,,,06
201100015571,11,1,25,2304,5,2,2,1.0,3.0,06088,M,,,06
201100015572,11,1,26,1030,1,2,1,1.0,6.0,06088,M,,,06
201100015573,11,1,26,1500,1,2,1,1.0,4.0,06088,M,,,06
201100015574,11,1,26,2015,5,2,1,1.0,2.0,06088,M,,,06
201100015575,11,1,27,945,1,2,1,1.0,2.0,06088,M,,,06
201100015576,11,1,28,1015,1,2,1,1.0,6.0,06088,M,,,06
201100015577,11,1,28,1645,1,2,1,1.0,2.0,06088,M,,,06
201100015578,11,1,28,1720,2,2,4,1.0,3.0,06088,M,,,06
201100015579,11,1,29,900,1,2,1,1.0,6.0,06088,M,,,06
201100015580,11,1,29,1120,1,2,1,1.0,6.0,06088,M,,,06
201100015581,11,1,29,1315,1,2,2,1.0,3.0,06088,M,,,06
201100015582,11,1,30,430,5,2,2,1.0,3.0,06088,M,,,06
201100015583,11,1,30,1335,1,2,1,1.0,6.0,06088,M,,,06
201100015584,11,1,31,1430,1,2,1,1.0,6.0,06088,M,,,06
201100015585,11,2,1,745,1,2,2,1.0,3.0,06088,M,,,06
201100015586,11,2,1,1245,1,2,1,1.0,5.0,06088,M,,,06
201100015587,11,2,1,2221,5,2,1,1.0,2.0,06088,M,,,06
201100015588,11,2,2,1540,1,2,2,1.0,6.0,06088,M,,,06
201100015589,11,2,3,930,1,2,1,1.0,6.0,06088,M,,,06
201100015590,11,2,4,720,1,2,6,1.0,6.0,06088,M,,,06
201100015591,11,2,4,918,1,2,1,1.0,2.0,06088,M,,,06
201100015592,11,2,4,1650,1,2,1,1.0,2.0,06088,M,,,06
201100015593,11,2,4,1720,1,2,1,1.0,6.0,06088,M,,,06
201100015594,11,2,5,1545,1,2,1,1.0,3.0,06088,M,,,06
201100015595,11,2,5,1550,1,2,2,1.0,6.0,06088,M,,,06
201100015596,11,2,5,1810,5,2,1,1.0,6.0,06088,M,,,06
201100015597,11,2,6,1420,1,2,1,1.0,2.0,06088,M,,,06
201100015598,11,2,6,1840,2,2,1,1.0,6.0,06088,M,,,06
201100015599,11,2,6,2145,5,2,3,1.0,3.0,06088,M,,,06
201100015600,11,2,6,2335,5,2,1,1.0,2.0,06088,M,,,06
201100015601,11,2,7,15,5,2,2,1.0,3.0,06088,M,,,06
201100015602,11,2,7,1100,1,2,1,1.0,3.0,06088,M,,,06
201100015603,11,2,7,1120,1,2,1,1.0,2.0,06088,M,,,06
201100015604,11,2,7,1430,1,2,1,1.0,6.0,06088,M,,,06
201100015605,11,2,7,2140,3,2,1,1.0,2.0,06088,M,,,06
201100015606,11,2,8,745,1,2,2,1.0,3.0,06088,M,,,06
201100015607,11,2,8,1210,1,2,1,1.0,7.0,06088,M,,,06
201100015608,11,2,8,1750,2,2,1,1.0,6.0,06088,M,,,06
201100015609,11,2,9,1155,1,2,1,1.0,3.0,06088,M,,,06
201100015610,11,2,9,1300,1,2,1,1.0,6.0,06088,M,,,06
201100015611,11,2,9,1430,1,2,1,1.0,3.0,06088,M,,,06
201100015612,11,2,10,1800,1,2,1,1.0,4.0,06088,M,,,06
201100015613,11,2,11,1740,1,2,2,1.0,3.0,06088,M,,,06
201100015614,11,2,11,2015,5,2,1,1.0,2.0,06088,M,,,06
201100015615,11,2,11,1550,1,2,1,1.0,6.0,06088,M,,,06
201100015616,11,2,12,920,1,2,1,1.0,6.0,06088,M,,,06
201100015617,11,2,12,2045,5,2,2,1.0,3.0,06088,M,,,06
201100015618,11,2,13,445,5,2,1,1.0,6.0,06088,M,,,06
201100015619,11,2,13,1800,2,2,1,1.0,6.0,06088,M,,,06
201100015620,11,2,13,2100,5,2,1,1.0,2.0,06088,M,,,06
201100015621,11,2,14,705,1,2,1,1.0,3.0,06088,M,,,06
201100015622,11,2,14,1545,1,2,1,2.0,6.0,06088,M,,,06
201100015623,11,2,14,1928,2,2,1,1.0,6.0,06088,M,,,06
201100015624,11,2,15,810,1,2,1,2.0,6.0,06088,M,,,06
201100015625,11,2,15,1440,1,2,2,1.0,3.0,06088,M,,,06
201100015626,11,2,15,1940,5,2,2,2.0,6.0,06088,M,,,06
201100015627,11,2,16,1330,1,2,2,2.0,3.0,06088,M,,,06
201100015628,11,2,17,820,1,2,1,2.0,3.0,06088,M,,,06
201100015629,11,2,17,1500,1,2,1,2.0,6.0,06088,M,,,06
201100015630,11,2,17,1650,1,2,1,2.0,6.0,06088,M,,,06
201100015631,11,2,17,1900,5,2,1,1.0,6.0,06159,M,,,06
201100015632,11,2,17,2006,5,2,1,1.0,2.0,06088,M,,,06
201100015633,11,2,18,740,1,2,1,1.0,3.0,06088,M,,,06
201100015634,11,2,18,1000,1,2,1,1.0,3.0,06088,M,,,06
201100015635,11,2,18,1115,1,2,1,1.0,3.0,06088,M,,,06
201100015636,11,2,18,1550,1,2,1,1.0,6.0,06088,M,,,06
201100015637,11,2,21,100,5,2,1,1.0,6.0,06088,M,,,06
201100015638,11,2,21,955,1,2,1,1.0,3.0,06088,M,,,06
201100015639,11,2,21,1520,1,2,1,1.0,6.0,06088,M,,,06
201100015640,11,2,21,1540,1,2,1,1.0,6.0,06088,M,,,06
201100015641,11,2,21,1823,5,2,3,1.0,3.0,06088,M,,,06
201100015642,11,2,21,1830,5,2,1,1.0,1.0,06088,M,,,06
201100015643,11,2,22,1100,1,2,1,1.0,3.0,06088,M,,,06
201100015644,11,2,22,1600,1,2,1,1.0,2.0,06088,M,,,06
201100015645,11,2,22,1615,1,2,1,1.0,3.0,06088,M,,,06
201100015646,11,2,22,1620,1,2,1,1.0,6.0,06088,M,,,06
201100015647,11,2,23,650,1,2,1,1.0,6.0,06088,M,,,06
201100015648,11,2,23,1330,1,2,1,1.0,2.0,06088,M,,,06
201100015649,11,2,23,1615,1,2,1,1.0,2.0,06088,M,,,06
201100015650,11,2,23,1814,5,2,1,1.0,6.0,06088,M,,,06
201100015651,11,2,23,1850,5,2,1,1.0,2.0,06088,M,,,06
201100015652,11,2,24,1445,1,2,1,1.0,6.0,06088,M,,,06
201100015653,11,2,25,245,5,2,2,1.0,3.0,06088,M,,,06
201100015654,11,2,25,910,1,2,1,1.0,6.0,06088,M,,,06
201100015655,11,2,25,1200,1,2,1,1.0,3.0,06088,M,,,06
201100015656,11,2,25,1300,1,2,1,1.0,6.0,06088,M,,,06
201100015657,11,2,25,1520,1,2,1,1.0,3.0,06088,M,,,06
201100015658,11,2,25,1815,2,2,3,1.0,3.0,06088,M,,,06
201100015659,11,2,26,2030,5,2,1,1.0,3.0,06159,M,,,06
201100015660,11,2,26,2100,5,2,1,1.0,3.0,06088,M,,,06
201100015661,11,2,27,1930,5,2,2,1.0,3.0,06088,M,,,06
201100015662,11,2,28,1215,1,2,1,1.0,4.0,06088,M,,,06
201100015663,11,2,28,1745,2,2,3,1.0,3.0,06088,M,,,06
201100015664,11,3,1,400,4,2,1,1.0,6.0,06088,M,,,06
201100015665,11,3,1,1130,1,2,1,1.0,6.0,06088,M,,,06
201100015666,11,3,1,2125,5,2,2,1.0,3.0,06088,M,,,06
201100015667,11,3,1,2315,5,2,1,1.0,3.0,06088,M,,,06
201100015668,11,3,2,1420,1,2,1,1.0,3.0,06088,M,,,06
201100015669,11,3,2,2010,5,2,2,1.0,3.0,06088,M,,,06
201100015670,11,3,3,915,1,2,1,1.0,3.0,06088,M,,,06
201100015671,11,3,3,1300,1,2,1,1.0,6.0,06088,M,,,06
201100015672,11,3,3,1823,5,2,1,1.0,4.0,06088,M,,,06
201100015673,11,3,4,1120,1,2,1,1.0,6.0,06088,M,,,06
201100015674,11,3,5,1650,1,2,1,1.0,6.0,06088,M,,,06