Num_Acc,an,mois,jour,hrmn,lum,agg,int,atm,col,com,gps,lat,long,dep
201100015675,11,3,5,2230,5,2,1,1.0,4.0,06088,M,,,06
201100015676,11,3,7,1610,1,2,1,1.0,3.0,06088,M,,,06
201100015677,11,3,7,1615,1,2,1,1.0,3.0,06088,M,,,06
201100015678,11,3,8,830,1,2,1,1.0,2.0,06088,M,,,06
201100015679,11,3,8,1205,1,2,1,1.0,6.0,06088,M,,,06
201100015680,11,3,9,1100,1,2,1,1.0,6.0,06088,M,,,06
201100015681,11,3,10,755,1,2,1,1.0,6.0,06088,M,,,06
201100015682,11,3,10,1600,1,2,1,1.0,6.0,06088,M,,,06
201100015683,11,3,10,1615,1,2,1,1.0,6.0,06088,M,,,06
201100015684,11,3,10,1820,2,2,1,1.0,6.0,06088,M,,,06
201100015685,11,3,11,1915,5,2,2,1.0,3.0,06088,M,,,06
201100015686,11,3,11,2030,5,2,1,1.0,5.0,06088,M,,,06
201100015687,11,3,11,2050,5,2,1,1.0,3.0,06088,M,,,06
201100015688,11,3,11,2317,5,2,1,1.0,2.0,06088,M,,,06
201100015689,11,3,12,1525,1,2,1,1.0,6.0,06088,M,,,06
201100015690,11,3,12,1530,1,2,1,1.0,6.0,06088,M,,,06
201100015691,11,3,13,2320,5,2,2,2.0,6.0,06088,M,,,06
201100015692,11,3,14,130,5,2,1,2.0,6.0,06088,M,,,06
201100015693,11,3,14,825,1,2,1,8.0,2.0,06088,M,,,06
201100015694,11,3,14,955,1,2,1,1.0,3.0,06088,M,,,06
201100015695,11,3,14,1330,1,2,2,1.0,3.0,06088,M,,,06
201100015696,11,3,14,1420,1,2,1,9.0,6.0,06088,M,,,06
201100015697,11,3,15,1120,1,2,1,8.0,2.0,06088,M,,,06
201100015698,11,3,15,1245,1,2,1,1.0,6.0,06088,M,,,06
201100015699,11,3,15,1425,1,2,1,3.0,1.0,06088,M,,,06
201100015700,11,3,16,1115,1,2,1,3.0,6.0,06088,M,,,06
201100015701,11,3,16,950,1,2,1,3.0,3.0,06088,M,,,06
201100015702,11,3,16,1410,1,2,1,2.0,5.0,06088,M,,,06
201100015703,11,3,16,1700,1,2,1,1.0,3.0,06088,M,,,06
201100015704,11,3,16,1910,4,2,1,1.0,2.0,06088,M,,,06
201100015705,11,3,17,800,1,2,1,2.0,3.0,06088,M,,,06
201100015706,11,3,17,1135,1,2,1,1.0,2.0,06088,M,,,06
201100015707,11,3,17,1220,1,2,2,1.0,6.0,06088,M,,,06
201100015708,11,3,17,1230,1,2,1,1.0,2.0,06088,M,,,06
201100015709,11,3,17,1530,1,2,1,1.0,6.0,06088,M,,,06
201100015710,11,3,17,1840,1,2,2,1.0,3.0,06088,M,,,06
201100015711,11,3,17,2300,5,2,2,1.0,6.0,06088,M,,,06
201100015712,11,3,18,1435,1,2,1,1.0,6.0,06088,M,,,06
201100015713,11,3,18,1935,2,2,1,1.0,3.0,06088,M,,,06
201100015714,11,3,19,1120,1,2,1,1.0,6.0,06088,M,,,06
201100015715,11,3,20,130,5,2,1,2.0,1.0,06088,M,,,06
201100015716,11,3,20,130,5,2,1,1.0,2.0,06088,M,,,06
201100015717,11,3,21,1845,2,2,1,1.0,2.0,06088,M,,,06
201100015718,11,3,21,2245,5,2,1,1.0,6.0,06088,M,,,06
201100015719,11,3,22,845,1,2,1,1.0,6.0,06088,M,,,06
201100015720,11,3,22,850,1,2,1,1.0,6.0,06088,M,,,06
201100015721,11,3,22,1130,1,2,2,1.0,3.0,06088,M,,,06
201100015722,11,3,22,1600,1,2,1,1.0,3.0,06088,M,,,06
201100015723,11,3,22,1840,1,2,1,1.0,6.0,06088,M,,,06
201100015724,11,3,23,1415,1,2,1,1.0,2.0,06088,M,,,06
201100015725,11,3,23,1440,1,2,1,1.0,6.0,06088,M,,,06
201100015726,11,3,23,1740,1,2,2,1.0,3.0,06088,M,,,06
201100015727,11,3,24,1340,1,2,1,1.0,5.0,06088,M,,,06
201100015728,11,3,24,2135,5,2,1,1.0,3.0,06088,M,,,06
201100015729,11,3,25,740,1,2,1,1.0,3.0,06159,M,,,06
201100015730,11,3,25,1345,1,2,1,1.0,3.0,06088,M,,,06
201100015731,11,3,25,1515,1,2,1,1.0,1.0,06088,M,,,06
201100015732,11,3,25,2225,5,2,1,1.0,1.0,06088,M,,,06
201100015733,11,3,26,120,4,2,1,1.0,6.0,06088,M,,,06
201100015734,11,3,26,1330,1,2,1,1.0,3.0,06088,M,,,06
201100015735,11,3,27,150,5,2,2,1.0,6.0,06088,M,,,06
201100015736,11,3,27,1315,1,2,3,1.0,3.0,06088,M,,,06
201100015737,11,3,28,925,1,2,1,1.0,6.0,06088,M,,,06
201100015738,11,3,28,1050,1,2,1,1.0,6.0,06088,M,,,06
201100015739,11,3,28,1340,1,2,2,1.0,3.0,06088,M,,,06
201100015740,11,3,30,1040,1,2,3,1.0,3.0,06088,M,,,06
201100015741,11,3,30,1345,1,2,1,1.0,2.0,06088,M,,,06
201100015742,11,3,30,1440,1,2,1,1.0,3.0,06088,M,,,06
201100015743,11,3,30,2050,5,2,1,1.0,6.0,06088,M,,,06
201100015744,11,3,31,1045,1,2,2,1.0,6.0,06088,M,,,06
201100015745,11,3,31,1420,1,2,1,1.0,3.0,06088,M,,,06
201100015746,11,3,31,1600,1,2,1,1.0,3.0,06088,M,,,06
201100015747,11,4,1,1115,1,2,1,1.0,3.0,06088,M,,,06
201100015748,11,4,1,1330,1,2,1,1.0,3.0,06088,M,,,06
201100015749,11,4,1,1530,1,2,1,1.0,3.0,06088,M,,,06
201100015750,11,4,2,945,1,2,1,1.0,3.0,06088,M,,,06
201100015751,11,4,2,1640,1,2,1,1.0,6.0,06088,M,,,06
201100015752,11,4,2,1750,1,2,1,1.0,6.0,06088,M,,,06
201100015753,11,4,3,1800,1,2,1,9.0,2.0,06088,M,,,06
201100015754,11,4,4,805,1,2,2,1.0,3.0,06088,M,,,06
201100015755,11,4,4,2130,5,2,2,1.0,1.0,06088,M,,,06
201100015756,11,4,5,1645,1,2,1,1.0,6.0,06088,M,,,06
201100015757,11,4,6,820,1,2,1,1.0,3.0,06088,M,,,06
201100015758,11,4,6,1430,1,2,3,1.0,3.0,06088,M,,,06
201100015759,11,4,6,1520,1,2,1,1.0,6.0,06088,M,,,06
201100015760,11,4,7,750,1,2,1,1.0,3.0,06088,M,,,06
201100015761,11,4,7,1030,1,2,1,1.0,6.0,06088,M,,,06
201100015762,11,4,7,1740,1,2,1,1.0,3.0,06088,M,,,06
201100015763,11,4,8,1110,1,2,2,1.0,3.0,06088,M,,,06
201100015764,11,4,8,1550,1,2,1,1.0,5.0,06088,M,,,06
201100015765,11,4,8,1650,1,2,1,1.0,6.0,06088,M,,,06
201100015766,11,4,8,1819,1,2,1,1.0,3.0,06088,M,,,06
201100015767,11,4,9,830,1,2,1,1.0,2.0,06088,M,,,06
201100015768,11,4,9,1345,1,2,1,1.0,3.0,06088,M,,,06
201100015769,11,4,9,1700,1,2,1,1.0,2.0,06159,M,,,06
201100015770,11,4,9,1730,1,2,2,1.0,6.0,06088,M,,,06
201100015771,11,4,9,1950,2,2,1,1.0,6.0,06088,M,,,06
201100015772,11,4,10,1730,1,2,1,1.0,6.0,06088,M,,,06
201100015773,11,4,10,2000,2,2,2,1.0,3.0,06088,M,,,06
201100015774,11,4,11,1150,1,2,1,1.0,1.0,06088,M,,,06
201100015775,11,4,11,1500,1,2,1,1.0,3.0,06088,M,,,06
201100015776,11,4,11,1835,1,2,2,1.0,6.0,06088,M,,,06
201100015777,11,4,12,940,1,2,2,1.0,6.0,06088,M,,,06
201100015778,11,4,12,1540,1,2,2,1.0,3.0,06088,M,,,06
201100015779,11,4,12,1630,1,2,1,1.0,6.0,06088,M,,,06
201100015780,11,4,12,1630,1,2,3,1.0,3.0,06088,M,,,06
201100015781,11,4,13,1515,1,2,1,1.0,3.0,06088,M,,,06
201100015782,11,4,13,1610,1,2,3,1.0,7.0,06088,M,,,06
201100015783,11,4,13,1650,1,2,1,1.0,6.0,06088,M,,,06
201100015784,11,4,13,1730,1,2,1,1.0,6.0,06088,M,,,06
201100015785,11,4,13,1805,1,2,1,1.0,6.0,06088,M,,,06
201100015786,11,4,14,1043,1,2,1,1.0,3.0,06088,M,,,06
201100015787,11,4,14,1640,1,2,1,1.0,4.0,06088,M,,,06
201100015788,11,4,15,1050,1,2,1,1.0,6.0,06088,M,,,06
201100015789,11,4,15,1247,1,2,1,1.0,1.0,06088,M,,,06
201100015790,11,4,15,1025,1,2,1,1.0,6.0,06088,M,,,06
201100015791,11,4,16,1020,1,2,2,1.0,3.0,06088,M,,,06
201100015792,11,4,16,1110,1,2,1,1.0,6.0,06088,M,,,06
201100015793,11,4,16,1520,1,2,1,1.0,6.0,06088,M,,,06
201100015794,11,4,16,1900,1,2,1,1.0,6.0,06088,M,,,06
201100015795,11,4,17,110,5,2,1,1.0,6.0,06088,M,,,06
201100015796,11,4,17,1550,1,2,1,1.0,6.0,06088,M,,,06
201100015797,11,4,17,2245,5,2,1,1.0,7.0,06088,M,,,06
201100015798,11,4,18,1415,1,2,1,1.0,6.0,06088,M,,,06
201100015799,11,4,18,1625,1,2,1,1.0,3.0,06088,M,,,06
201100015800,11,4,18,2150,5,2,1,1.0,6.0,06088,M,,,06
201100015801,11,4,18,1700,1,2,1,1.0,6.0,06088,M,,,06
201100015802,11,4,19,45,5,2,1,1.0,3.0,06088,M,,,06
201100015803,11,4,19,1520,1,2,1,1.0,3.0,06088,M,,,06
201100015804,11,4,19,1810,1,2,1,1.0,3.0,06088,M,,,06
201100015805,11,4,19,1845,1,2,1,1.0,3.0,06088,M,,,06
201100015806,11,4,20,1745,1,2,3,1.0,6.0,06088,M,,,06
201100015807,11,4,20,2130,5,2,3,1.0,3.0,06088,M,,,06
201100015808,11,4,20,2220,5,2,1,1.0,6.0,06088,M,,,06
201100015809,11,4,21,745,1,2,3,1.0,3.0,06088,M,,,06
201100015810,11,4,21,900,1,2,1,1.0,6.0,06088,M,,,06
201100015811,11,4,21,1330,1,2,1,1.0,2.0,06088,M,,,06
201100015812,11,4,21,1610,1,2,2,1.0,6.0,06088,M,,,06
201100015813,11,4,21,1815,1,1,1,1.0,2.0,06088,M,,,06
201100015814,11,4,21,1515,1,2,1,1.0,6.0,06159,M,,,06
201100015815,11,4,22,30,5,2,2,1.0,3.0,06088,M,,,06
201100015816,11,4,23,810,1,2,1,1.0,6.0,06088,M,,,06
201100015817,11,4,24,318,5,2,2,1.0,5.0,06088,M,,,06
201100015818,11,4,24,2133,1,2,2,1.0,3.0,06088,M,,,06
201100015819,11,4,25,1415,1,2,1,1.0,2.0,06088,M,,,06
201100015820,11,4,26,810,1,2,1,1.0,6.0,06088,M,,,06
201100015821,11,4,27,1345,1,2,1,1.0,3.0,06088,M,,,06
201100015822,11,4,29,830,1,2,1,1.0,5.0,06088,M,,,06
201100015823,11,4,29,1250,1,2,2,1.0,3.0,06088,M,,,06
201100015824,11,4,29,1410,1,2,1,1.0,3.0,06088,M,,,06
201100015825,11,4,29,1630,1,2,1,1.0,6.0,06088,M,,,06
201100015826,11,4,29,1800,1,2,1,1.0,6.0,06088,M,,,06
201100015827,11,4,29,2035,1,2,1,1.0,3.0,06088,M,,,06
201100015828,11,4,30,830,1,2,1,1.0,3.0,06088,M,,,06
201100015829,11,4,30,1400,1,2,1,1.0,6.0,06088,M,,,06
201100015830,11,5,1,1700,1,2,1,1.0,6.0,06088,M,,,06
201100015831,11,5,1,1715,1,2,1,1.0,3.0,06159,M,,,06
201100015832,11,5,2,815,1,2,1,1.0,3.0,06088,M,,,06
201100015833,11,5,2,900,1,2,1,1.0,3.0,06088,M,,,06
201100015834,11,5,2,1720,1,2,1,1.0,3.0,06088,M,,,06
201100015835,11,5,2,1745,1,2,1,1.0,6.0,06088,M,,,06
201100015836,11,5,2,1825,1,2,1,1.0,6.0,06088,M,,,06
201100015837,11,5,3,855,1,2,1,1.0,2.0,06088,M,,,06
201100015838,11,5,3,920,1,2,1,1.0,6.0,06088,M,,,06
201100015839,11,5,3,1130,1,2,2,1.0,6.0,06088,M,,,06
201100015840,11,5,3,1735,1,2,1,1.0,1.0,06088,M,,,06
201100015841,11,5,4,945,1,2,1,1.0,3.0,06159,M,,,06
201100015842,11,5,4,1220,1,2,1,1.0,4.0,06088,M,,,06
201100015843,11,5,4,1420,1,2,1,1.0,6.0,06088,M,,,06
201100015844,11,5,4,1950,1,2,1,1.0,3.0,06088,M,,,06
201100015845,11,5,4,1250,1,2,1,1.0,2.0,06088,M,,,06
201100015846,11,5,5,1125,1,2,1,1.0,6.0,06159,M,,,06
201100015847,11,5,5,1715,1,2,2,1.0,6.0,06088,M,,,06
201100015848,11,5,5,1845,1,2,1,1.0,2.0,06088,M,,,06
201100015849,11,5,5,1850,1,2,1,1.0,6.0,06088,M,,,06
201100015850,11,5,5,1900,1,2,1,1.0,6.0,06088,M,,,06
201100015851,11,5,6,1205,1,2,1,1.0,2.0,06088,M,,,06
201100015852,11,5,6,1345,1,2,1,1.0,3.0,06088,M,,,06
201100015853,11,5,6,1630,1,2,1,1.0,3.0,06088,M,,,06
201100015854,11,5,7,1450,1,2,1,1.0,3.0,06088,M,,,06
201100015855,11,5,7,1810,1,2,1,1.0,6.0,06088,M,,,06
201100015856,11,5,7,2040,5,2,1,1.0,1.0,06159,M,,,06
201100015857,11,5,7,2230,5,2,2,1.0,3.0,06088,M,,,06
201100015858,11,5,8,745,1,2,2,1.0,3.0,06088,M,,,06
201100015859,11,5,8,1535,1,2,2,1.0,3.0,06088,M,,,06
201100015860,11,5,8,1800,1,2,1,1.0,3.0,06159,M,,,06
201100015861,11,5,8,1930,1,2,1,1.0,3.0,06088,M,,,06
201100015862,11,5,9,915,1,2,1,1.0,6.0,06088,M,,,06
201100015863,11,5,9,1010,1,2,1,1.0,1.0,06088,M,,,06
201100015864,11,5,10,1045,1,2,1,1.0,7.0,06088,M,,,06
201100015865,11,5,9,1325,1,2,1,1.0,6.0,06088,M,,,06
201100015866,11,5,10,50,5,2,2,1.0,3.0,06088,M,,,06
201100015867,11,5,10,800,1,2,1,1.0,3.0,06088,M,,,06
201100015868,11,5,10,915,1,2,1,1.0,6.0,06088,M,,,06
201100015869,11,5,10,1310,1,2,1,1.0,6.0,06088,M,,,06
201100015870,11,5,11,830,1,2,1,1.0,4.0,06088,M,,,06
201100015871,11,5,11,1300,1,2,1,1.0,1.0,06088,M,,,06
201100015872,11,5,11,1550,1,2,1,1.0,3.0,06088,M,,,06
201100015873,11,5,12,1655,1,2,1,1.0,2.0,06088,M,,,06
201100015874,11,5,12,1845,1,2,1,1.0,6.0,06088,M,,,06
201100015875,11,5,13,840,1,2,3,1.0,6.0,06088,M,,,06
201100015876,11,5,13,1130,1,2,1,1.0,3.0,06088,M,,,06
201100015877,11,5,13,1415,1,2,1,1.0,6.0,06088,M,,,06
201100015878,11,5,13,1510,1,2,2,1.0,3.0,06088,M,,,06
201100015879,11,5,13,1723,1,2,1,1.0,6.0,06088,M,,,06
201100015880,11,5,14,1735,1,2,1,1.0,3.0,06088,M,,,06
201100015881,11,5,14,1810,1,2,1,1.0,1.0,06088,M,,,06
201100015882,11,5,16,540,2,2,1,1.0,1.0,06088,M,,,06
201100015883,11,5,16,945,1,2,1,1.0,6.0,06088,M,,,06
201100015884,11,5,16,1235,1,2,3,1.0,6.0,06088,M,,,06
201100015885,11,5,17,35,5,2,1,1.0,2.0,06088,M,,,06
201100015886,11,5,17,1100,1,2,1,1.0,6.0,06088,M,,,06
201100015887,11,5,17,1245,1,2,1,1.0,7.0,06088,M,,,06
201100015888,11,5,17,1530,1,2,1,1.0,2.0,06088,M,,,06
201100015889,11,5,17,2300,5,2,2,1.0,6.0,06088,M,,,06
201100015890,11,5,18,840,1,2,1,1.0,3.0,06088,M,,,06
201100015891,11,5,18,1315,1,2,1,1.0,2.0,06088,M,,,06
201100015892,11,5,18,1545,1,2,1,1.0,3.0,06088,M,,,06
201100015893,11,5,18,1915,1,2,2,1.0,3.0,06088,M,,,06
201100015894,11,5,18,2010,1,2,1,1.0,6.0,06088,M,,,06
201100015895,11,5,19,200,5,2,1,1.0,2.0,06088,M,,,06
201100015896,11,5,19,755,1,2,1,1.0,6.0,06088,M,,,06
201100015897,11,5,19,805,1,2,2,1.0,3.0,06088,M,,,06
201100015898,11,5,19,1500,1,2,2,1.0,6.0,06088,M,,,06
201100015899,11,5,19,1705,1,2,1,1.0,3.0,06088,M,,,06
201100015900,11,5,19,2150,5,2,2,1.0,3.0,06088,M,,,06
201100015901,11,5,20,50,5,2,1,1.0,6.0,06088,M,,,06
201100015902,11,5,20,1320,1,2,1,1.0,2.0,06088,M,,,06
201100015903,11,5,21,2000,1,2,1,1.0,2.0,06088,M,,,06
201100015904,11,5,22,1720,1,2,1,1.0,3.0,06088,M,,,06
201100015905,11,5,23,2310,5,2,1,1.0,6.0,06088,M,,,06
201100015906,11,5,23,1220,1,2,1,1.0,6.0,06088,M,,,06
201100015907,11,5,24,2350,5,2,1,1.0,6.0,06088,M,,,06
201100015908,11,5,25,1050,1,2,2,1.0,3.0,06088,M,,,06
201100015909,11,5,25,1140,1,2,1,1.0,2.0,06088,M,,,06
201100015910,11,5,25,1245,1,2,2,1.0,3.0,06088,M,,,06
201100015911,11,5,25,1750,1,2,1,1.0,2.0,06088,M,,,06
201100015912,11,5,26,945,1,2,1,1.0,2.0,06088,M,,,06
201100015913,11,5,26,1310,1,2,1,1.0,2.0,06088,M,,,06
201100015914,11,5,26,1930,1,2,1,1.0,3.0,06088,M,,,06
201100015915,11,5,27,1810,1,2,1,1.0,6.0,06088,M,,,06
201100015916,11,5,27,2150,2,2,1,1.0,3.0,06088,M,,,06
201100015917,11,5,27,2340,5,2,3,1.0,1.0,06088,M,,,06
201100015918,11,5,28,1500,1,2,1,1.0,6.0,06088,M,,,06
201100015919,11,5,28,1620,1,2,1,1.0,2.0,06088,M,,,06
201100015920,11,5,28,1730,1,2,1,1.0,6.0,06159,M,,,06
201100015921,11,5,30,1050,1,2,1,1.0,3.0,06159,M,,,06
201100015922,11,5,30,1555,1,2,3,1.0,3.0,06088,M,,,06
201100015923,11,5,30,1650,1,2,1,1.0,4.0,06088,M,,,06
201100015924,11,5,30,2305,5,2,2,1.0,3.0,06088,M,,,06
201100015925,11,5,31,750,1,2,1,1.0,3.0,06088,M,,,06
201100015926,11,5,31,920,1,2,1,1.0,3.0,06088,M,,,06
201100015927,11,6,1,400,5,2,1,1.0,1.0,06088,M,,,06
201100015928,11,6,1,1210,1,2,1,2.0,2.0,06088,M,,,06
201100015929,11,6,1,1515,1,2,1,1.0,1.0,06088,M,,,06
201100015930,11,6,1,1725,1,2,2,1.0,7.0,06088,M,,,06
201100015931,11,6,3,145,5,2,2,1.0,3.0,06088,M,,,06
201100015932,11,6,3,750,1,2,2,1.0,3.0,06088,M,,,06
201100015933,11,6,3,2125,5,2,2,1.0,3.0,06088,M,,,06
201100015934,11,6,4,1535,1,2,3,1.0,3.0,06088,M,,,06
201100015935,11,6,4,1630,1,2,1,1.0,3.0,06088,M,,,06
201100015936,11,6,5,1626,1,2,1,2.0,3.0,06088,M,,,06
201100015937,11,6,6,710,1,2,1,1.0,6.0,06088,M,,,06
201100015938,11,6,6,1300,1,2,1,1.0,2.0,06088,M,,,06
201100015939,11,6,6,1400,1,2,1,1.0,6.0,06088,M,,,06
201100015940,11,6,6,1745,1,2,6,1.0,6.0,06088,M,,,06
201100015941,11,6,7,1120,1,2,1,1.0,6.0,06088,M,,,06
201100015942,11,6,7,1435,1,2,1,1.0,2.0,06088,M,,,06
201100015943,11,6,7,1450,1,2,2,1.0,3.0,06088,M,,,06
201100015944,11,6,7,2315,5,2,2,1.0,3.0,06088,M,,,06
201100015945,11,6,8,25,5,2,1,1.0,3.0,06088,M,,,06
201100015946,11,6,8,955,1,2,1,1.0,2.0,06088,M,,,06
201100015947,11,6,8,1355,1,2,1,2.0,3.0,06088,M,,,06
201100015948,11,6,8,1620,1,2,1,2.0,3.0,06159,M,,,06
201100015949,11,6,8,1815,1,1,3,1.0,3.0,06088,M,,,06
201100015950,11,6,8,2210,5,2,1,1.0,1.0,06088,M,,,06
201100015951,11,6,8,2225,4,2,1,1.0,7.0,06088,M,,,06
201100015952,11,6,9,1455,1,2,1,1.0,6.0,06088,M,,,06
201100015953,11,6,10,545,2,2,1,1.0,6.0,06088,M,,,06
201100015954,11,6,10,755,1,2,1,1.0,6.0,06088,M,,,06
201100015955,11,6,10,920,1,2,1,1.0,6.0,06088,M,,,06
201100015956,11,6,10,1010,1,2,1,1.0,1.0,06088,M,,,06
201100015957,11,6,10,1330,1,2,2,1.0,3.0,06088,M,,,06
201100015958,11,6,10,1335,1,2,4,1.0,6.0,06088,M,,,06
201100015959,11,6,10,1815,1,2,1,1.0,6.0,06088,M,,,06
201100015960,11,6,10,2215,5,2,1,1.0,4.0,06088,M,,,06
201100015961,11,6,11,1507,1,2,2,1.0,3.0,06088,M,,,06
201100015962,11,6,11,1520,1,2,1,1.0,2.0,06088,M,,,06
201100015963,11,6,11,1640,1,2,2,1.0,3.0,06088,M,,,06
201100015964,11,6,12,1335,1,2,1,1.0,3.0,06088,M,,,06
201100015965,11,6,12,1435,1,2,1,1.0,2.0,06088,M,,,06
201100015966,11,6,12,1910,1,2,1,1.0,3.0,06088,M,,,06
201100015967,11,6,13,1705,1,2,1,1.0,6.0,06088,M,,,06
201100015968,11,6,14,345,5,2,1,1.0,7.0,06088,M,,,06
201100015969,11,6,14,830,1,2,1,1.0,3.0,06088,M,,,06
201100015970,11,6,14,1245,1,2,2,1.0,3.0,06088,M,,,06
201100015971,11,6,14,1830,1,2,1,1.0,1.0,06088,M,,,06
201100015972,11,6,15,1010,1,2,1,1.0,1.0,06088,M,,,06
201100015973,11,6,15,1400,1,2,1,1.0,6.0,06088,M,,,06
201100015974,11,6,15,1525,1,2,1,1.0,6.0,06088,M,,,06
201100015975,11,6,15,1800,1,2,1,1.0,6.0,06088,M,,,06
201100015976,11,6,15,2130,2,2,1,1.0,6.0,06088,M,,,06
201100015977,11,6,15,2150,3,1,1,1.0,6.0,06159,M,,,06
201100015978,11,6,16,1430,1,2,1,1.0,3.0,06088,M,,,06
201100015979,11,6,17,930,1,2,1,1.0,3.0,06088,M,,,06
201100015980,11,6,17,1610,1,2,1,1.0,6.0,06088,M,,,06
201100015981,11,6,18,115,5,1,1,1.0,1.0,06088,M,,,06
201100015982,11,6,18,1050,1,2,1,1.0,6.0,06088,M,,,06
201100015983,11,6,19,1100,1,2,1,1.0,3.0,06088,M,,,06
201100015984,11,6,18,1640,1,2,2,1.0,3.0,06088,M,,,06
201100015985,11,6,19,105,5,2,1,1.0,2.0,06088,M,,,06
201100015986,11,6,19,1850,1,2,1,1.0,5.0,06088,M,,,06
201100015987,11,6,21,1518,1,2,1,1.0,6.0,06088,M,,,06
201100015988,11,6,22,620,2,2,1,1.0,6.0,06088,M,,,06
201100015989,11,6,22,1200,1,2,1,1.0,6.0,06088,M,,,06
201100015990,11,6,22,1630,1,2,1,1.0,3.0,06088,M,,,06
201100015991,11,6,22,1840,1,2,1,1.0,2.0,06088,M,,,06
201100015992,11,6,23,810,1,2,1,1.0,4.0,06088,M,,,06
201100015993,11,6,23,1210,1,2,1,1.0,2.0,06088,M,,,06
201100015994,11,6,23,1610,1,2,1,1.0,3.0,06088,M,,,06
201100015995,11,6,23,2325,5,2,2,1.0,3.0,06088,M,,,06
201100015996,11,6,24,1000,1,2,1,1.0,3.0,06088,M,,,06
201100015997,11,6,24,1345,1,2,1,1.0,6.0,06088,M,,,06
201100015998,11,6,24,1430,1,2,2,1.0,5.0,06088,M,,,06
201100015999,11,6,24,1630,1,2,1,1.0,6.0,06088,M,,,06
201100016000,11,6,24,2030,1,2,2,1.0,6.0,06088,M,,,06
201100016001,11,6,25,1030,1,2,2,1.0,3.0,06088,M,,,06
201100016002,11,6,25,1800,1,2,1,1.0,3.0,06088,M,,,06
201100016003,11,6,26,550,1,2,2,1.0,3.0,06088,M,,,06
201100016004,11,6,26,745,1,2,2,1.0,3.0,06088,M,,,06
201100016005,11,6,26,1615,1,2,1,1.0,6.0,06088,M,,,06
201100016006,11,6,27,830,1,2,1,1.0,3.0,06088,M,,,06
201100016007,11,6,27,1210,1,2,1,1.0,6.0,06088,M,,,06
201100016008,11,6,27,1845,1,2,1,1.0,6.0,06088,M,,,06
201100016009,11,6,28,720,1,2,1,1.0,3.0,06088,M,,,06
201100016010,11,6,28,815,1,2,1,1.0,2.0,06088,M,,,06
201100016011,11,6,28,1000,1,2,1,1.0,3.0,06088,M,,,06
201100016012,11,6,28,1330,1,2,1,1.0,1.0,06088,M,,,06
201100016013,11,6,28,1500,1,2,1,1.0,6.0,06088,M,,,06
201100016014,11,6,28,2236,1,2,1,1.0,3.0,06088,M,,,06
201100016015,11,6,29,1200,1,2,1,1.0,2.0,06088,M,,,06
201100016016,11,6,29,1235,1,2,1,1.0,3.0,06088,M,,,06
201100016017,11,6,29,1800,1,2,1,1.0,2.0,06088,M,,,06
201100016018,11,6,30,1005,1,2,1,1.0,3.0,06088,M,,,06
201100016019,11,6,30,1325,1,2,1,1.0,3.0,06088,M,,,06
201100016020,11,6,30,1600,1,2,1,1.0,5.0,06159,M,,,06
201100016021,11,7,1,1,5,2,1,1.0,7.0,06088,M,,,06
201100016022,11,7,4,1240,1,2,1,1.0,2.0,06088,M,,,06
201100016023,11,7,1,1355,1,2,1,1.0,6.0,06088,M,,,06
201100016024,11,7,1,2040,1,2,1,1.0,1.0,06088,M,,,06
201100016025,11,7,2,300,5,2,1,1.0,6.0,06088,M,,,06
201100016026,11,7,2,345,5,2,1,1.0,3.0,06088,M,,,06
201100016027,11,7,3,1710,1,2,2,1.0,3.0,06088,M,,,06
201100016028,11,7,4,1035,1,2,1,1.0,2.0,06088,M,,,06
201100016029,11,7,4,1530,1,2,1,1.0,6.0,06088,M,,,06
201100016030,11,7,6,730,1,2,3,1.0,3.0,06088,M,,,06
201100016031,11,7,6,930,1,2,1,1.0,6.0,06088,M,,,06
201100016032,11,7,6,1010,1,2,1,1.0,3.0,06088,M,,,06
201100016033,11,7,6,1250,1,2,2,1.0,6.0,06088,M,,,06
201100016034,11,7,6,1700,1,2,1,1.0,3.0,06088,M,,,06
201100016035,11,7,6,1800,1,2,1,1.0,6.0,06088,M,,,06
201100016036,11,7,6,1830,1,2,1,1.0,6.0,06088,M,,,06
201100016037,11,7,6,1955,1,2,2,1.0,6.0,06088,M,,,06
201100016038,11,7,7,855,1,2,1,1.0,6.0,06088,M,,,06
201100016039,11,7,7,1315,1,2,1,1.0,3.0,06088,M,,,06
201100016040,11,7,8,920,1,2,1,1.0,3.0,06088,M,,,06
201100016041,11,7,8,800,1,2,1,1.0,6.0,06088,M,,,06
201100016042,11,7,8,1000,1,2,1,1.0,3.0,06088,M,,,06
201100016043,11,7,8,2300,5,2,1,1.0,5.0,06088,M,,,06
201100016044,11,7,10,1530,1,2,1,1.0,3.0,06088,M,,,06
201100016045,11,7,11,2117,5,2,1,1.0,1.0,06088,M,,,06
201100016046,11,7,11,2150,1,2,1,1.0,6.0,06088,M,,,06
201100016047,11,7,12,1915,1,2,1,1.0,2.0,06088,M,,,06
201100016048,11,7,13,1100,1,2,1,2.0,6.0,06088,M,,,06
201100016049,11,7,13,1350,1,2,1,1.0,2.0,06088,M,,,06
201100016050,11,7,13,1825,1,2,1,2.0,6.0,06088,M,,,06
201100016051,11,7,14,339,5,2,1,1.0,6.0,06088,M,,,06
201100016052,11,7,15,720,1,2,1,1.0,4.0,06088,M,,,06
201100016053,11,7,15,1800,1,2,1,1.0,2.0,06088,M,,,06
201100016054,11,7,15,1922,1,2,2,1.0,3.0,06088,M,,,06
201100016055,11,7,15,2130,5,2,1,1.0,2.0,06088,M,,,06
201100016056,11,7,16,1515,1,2,1,1.0,6.0,06088,M,,,06
201100016057,11,7,16,1845,1,2,1,1.0,6.0,06088,M,,,06
201100016058,11,7,17,1515,1,2,1,1.0,6.0,06088,M,,,06
201100016059,11,7,18,950,1,2,1,1.0,3.0,06088,M,,,06
201100016060,11,7,18,1045,1,2,1,1.0,6.0,06088,M,,,06
201100016061,11,7,18,1350,1,2,6,1.0,3.0,06088,M,,,06