Num_Acc,an,mois,jour,hrmn,lum,agg,int,atm,col,com,gps,lat,long,dep
201100016062,11,7,18,1620,1,2,2,1.0,3.0,06088,M,,,06
201100016063,11,7,19,1115,1,2,1,3.0,6.0,06088,M,,,06
201100016064,11,7,19,1235,1,2,2,3.0,3.0,06088,M,,,06
201100016065,11,7,19,1330,1,2,1,3.0,1.0,06088,M,,,06
201100016066,11,7,20,1010,1,2,1,1.0,4.0,06088,M,,,06
201100016067,11,7,20,1015,1,2,1,1.0,3.0,06088,M,,,06
201100016068,11,7,21,200,5,2,3,1.0,3.0,06088,M,,,06
201100016069,11,7,21,745,1,2,1,1.0,2.0,06088,M,,,06
201100016070,11,7,21,1205,1,2,1,1.0,6.0,06088,M,,,06
201100016071,11,7,21,1710,1,2,1,1.0,2.0,06088,M,,,06
201100016072,11,7,21,1730,1,2,1,1.0,4.0,06088,M,,,06
201100016073,11,7,22,830,1,2,1,1.0,2.0,06088,M,,,06
201100016074,11,7,22,1740,1,2,1,1.0,2.0,06088,M,,,06
201100016075,11,7,23,2257,5,2,1,1.0,6.0,06088,M,,,06
201100016076,11,7,24,520,2,2,1,1.0,6.0,06088,M,,,06
201100016077,11,7,24,530,1,2,2,1.0,3.0,06088,M,,,06
201100016078,11,7,24,2015,1,2,1,1.0,6.0,06088,M,,,06
201100016079,11,7,25,720,1,2,1,1.0,6.0,06088,M,,,06
201100016080,11,7,25,2210,5,2,1,1.0,2.0,06088,M,,,06
201100016081,11,7,26,1150,1,2,1,1.0,6.0,06088,M,,,06
201100016082,11,7,26,1400,1,2,1,1.0,2.0,06088,M,,,06
201100016083,11,7,26,1630,1,2,1,1.0,2.0,06088,M,,,06
201100016084,11,7,27,745,1,2,1,1.0,3.0,06088,M,,,06
201100016085,11,7,27,1035,1,2,2,2.0,3.0,06088,M,,,06
201100016086,11,7,27,1120,1,2,1,1.0,6.0,06088,M,,,06
201100016087,11,7,27,2140,2,2,1,1.0,4.0,06088,M,,,06
201100016088,11,7,28,1515,1,2,1,1.0,6.0,06088,M,,,06
201100016089,11,7,28,1830,1,2,1,1.0,6.0,06088,M,,,06
201100016090,11,7,28,2310,5,2,1,1.0,2.0,06088,M,,,06
201100016091,11,7,29,935,1,2,2,1.0,3.0,06088,M,,,06
201100016092,11,7,29,1615,1,2,1,1.0,3.0,06088,M,,,06
201100016093,11,7,30,135,5,2,1,1.0,6.0,06088,M,,,06
201100016094,11,7,30,725,1,2,1,1.0,3.0,06088,M,,,06
201100016095,11,7,30,1130,1,2,1,1.0,6.0,06088,M,,,06
201100016096,11,7,30,1400,1,2,1,1.0,6.0,06088,M,,,06
201100016097,11,7,30,1415,1,2,1,1.0,3.0,06088,M,,,06
201100016098,11,7,30,2112,5,2,1,1.0,3.0,06088,M,,,06
201100016099,11,7,30,2130,2,2,1,1.0,2.0,06088,M,,,06
201100016100,11,7,31,735,1,2,1,1.0,6.0,06088,M,,,06
201100016101,11,7,31,950,1,2,2,1.0,6.0,06088,M,,,06
201100016102,11,7,31,1200,1,2,1,1.0,6.0,06088,M,,,06
201100016103,11,8,1,25,5,2,2,1.0,3.0,06088,M,,,06
201100016104,11,8,1,1600,1,2,1,1.0,5.0,06088,M,,,06
201100016105,11,8,1,2015,2,2,2,1.0,3.0,06088,M,,,06
201100016106,11,8,1,2140,5,2,1,1.0,3.0,06159,M,,,06
201100016107,11,8,2,840,1,2,1,1.0,2.0,06088,M,,,06
201100016108,11,8,2,1000,1,2,1,1.0,6.0,06088,M,,,06
201100016109,11,8,2,1315,1,2,3,1.0,6.0,06088,M,,,06
201100016110,11,8,2,2200,5,2,1,1.0,4.0,06088,M,,,06
201100016111,11,8,3,1045,1,2,1,1.0,3.0,06088,M,,,06
201100016112,11,8,3,1630,1,2,1,1.0,7.0,06088,M,,,06
201100016113,11,8,3,1730,1,2,1,1.0,3.0,06088,M,,,06
201100016114,11,8,3,1930,1,2,1,1.0,2.0,06088,M,,,06
201100016115,11,8,4,10,5,2,1,1.0,6.0,06088,M,,,06
201100016116,11,8,4,830,1,2,1,1.0,6.0,06088,M,,,06
201100016117,11,8,4,1400,1,2,2,1.0,6.0,06088,M,,,06
201100016118,11,8,4,2210,5,2,1,1.0,6.0,06088,M,,,06
201100016119,11,8,5,1715,1,2,1,1.0,6.0,06088,M,,,06
201100016120,11,8,5,2130,2,2,1,1.0,3.0,06088,M,,,06
201100016121,11,8,6,900,1,2,1,1.0,1.0,06159,M,,,06
201100016122,11,8,6,900,1,2,2,1.0,6.0,06088,M,,,06
201100016123,11,8,7,1800,1,2,1,1.0,3.0,06088,M,,,06
201100016124,11,8,8,800,1,2,1,1.0,3.0,06088,M,,,06
201100016125,11,8,8,1315,1,2,1,1.0,3.0,06088,M,,,06
201100016126,11,8,9,1400,1,2,1,1.0,3.0,06088,M,,,06
201100016127,11,8,9,1640,1,2,2,1.0,3.0,06088,M,,,06
201100016128,11,8,9,2037,1,2,1,1.0,5.0,06088,M,,,06
201100016129,11,8,10,1045,1,2,7,1.0,3.0,06159,M,,,06
201100016130,11,8,10,1345,1,2,1,1.0,2.0,06088,M,,,06
201100016131,11,8,10,1615,1,2,1,1.0,6.0,06159,M,,,06
201100016132,11,8,10,1645,1,2,1,1.0,5.0,06088,M,,,06
201100016133,11,8,10,1830,1,2,1,1.0,6.0,06088,M,,,06
201100016134,11,8,11,720,1,2,1,1.0,2.0,06088,M,,,06
201100016135,11,8,11,2331,5,2,1,1.0,6.0,06088,M,,,06
201100016136,11,8,12,1145,1,2,4,1.0,6.0,06088,M,,,06
201100016137,11,8,12,1700,1,2,1,1.0,3.0,06088,M,,,06
201100016138,11,8,12,1845,1,2,1,1.0,6.0,06088,M,,,06
201100016139,11,8,15,1545,1,2,2,1.0,6.0,06088,M,,,06
201100016140,11,8,16,950,1,2,1,1.0,2.0,06088,M,,,06
201100016141,11,8,16,1105,1,2,1,1.0,3.0,06088,M,,,06
201100016142,11,8,16,1320,1,2,1,1.0,2.0,06088,M,,,06
201100016143,11,8,16,1705,1,2,1,1.0,3.0,06088,M,,,06
201100016144,11,8,16,2120,2,2,1,1.0,3.0,06088,M,,,06
201100016145,11,8,16,2120,5,2,2,1.0,3.0,06088,M,,,06
201100016146,11,8,16,2220,5,2,1,1.0,6.0,06088,M,,,06
201100016147,11,8,18,1125,1,2,1,1.0,6.0,06088,M,,,06
201100016148,11,8,18,1200,1,2,2,1.0,3.0,06088,M,,,06
201100016149,11,8,19,720,1,2,1,1.0,2.0,06088,M,,,06
201100016150,11,8,19,1350,1,2,1,1.0,6.0,06088,M,,,06
201100016151,11,8,19,1500,1,2,1,1.0,2.0,06088,M,,,06
201100016152,11,8,19,1645,1,2,1,1.0,3.0,06088,M,,,06
201100016153,11,8,20,1830,5,2,1,1.0,6.0,06088,M,,,06
201100016154,11,8,21,300,5,2,1,1.0,7.0,06088,M,,,06
201100016155,11,8,21,1510,1,2,1,1.0,2.0,06088,M,,,06
201100016156,11,8,21,1740,1,2,1,7.0,6.0,06088,M,,,06
201100016157,11,8,23,1830,1,2,1,1.0,2.0,06088,M,,,06
201100016158,11,8,24,1125,1,2,1,1.0,6.0,06088,M,,,06
201100016159,11,8,24,1245,1,2,1,1.0,3.0,06088,M,,,06
201100016160,11,8,24,1530,1,2,1,1.0,2.0,06088,M,,,06
201100016161,11,8,24,2015,2,2,1,1.0,3.0,06088,M,,,06
201100016162,11,8,25,800,1,2,1,1.0,3.0,06088,M,,,06
201100016163,11,8,25,1035,1,1,1,1.0,6.0,06159,M,,,06
201100016164,11,8,26,715,1,2,1,1.0,6.0,06088,M,,,06
201100016165,11,8,26,1000,1,2,1,1.0,6.0,06088,M,,,06
201100016166,11,8,26,1600,1,2,1,1.0,6.0,06088,M,,,06
201100016167,11,8,26,2055,5,2,1,1.0,3.0,06088,M,,,06
201100016168,11,8,27,1010,1,2,1,1.0,6.0,06088,M,,,06
201100016169,11,8,27,1055,1,2,2,1.0,6.0,06088,M,,,06
201100016170,11,8,28,1200,1,2,1,1.0,6.0,06159,M,,,06
201100016171,11,8,28,1205,1,2,1,1.0,3.0,06088,M,,,06
201100016172,11,8,28,2115,5,2,1,1.0,2.0,06088,M,,,06
201100016173,11,8,29,900,1,2,1,1.0,3.0,06088,M,,,06
201100016174,11,8,29,1015,1,2,2,1.0,6.0,06088,M,,,06
201100016175,11,8,29,1550,1,2,1,1.0,3.0,06088,M,,,06
201100016176,11,8,29,2010,2,2,1,1.0,2.0,06088,M,,,06
201100016177,11,8,30,800,1,2,1,1.0,2.0,06088,M,,,06
201100016178,11,8,30,755,1,2,1,1.0,2.0,06088,M,,,06
201100016179,11,8,31,1,5,2,1,1.0,3.0,06088,M,,,06
201100016180,11,8,31,1630,1,2,1,1.0,2.0,06088,M,,,06
201100016181,11,9,1,900,1,2,1,1.0,2.0,06088,M,,,06
201100016182,11,9,2,300,5,2,1,1.0,2.0,06088,M,,,06
201100016183,11,9,2,1130,1,2,1,1.0,3.0,06088,M,,,06
201100016184,11,9,2,2120,5,2,1,1.0,6.0,06088,M,,,06
201100016185,11,9,3,1035,1,2,1,1.0,3.0,06088,M,,,06
201100016186,11,9,4,2045,5,2,1,1.0,6.0,06088,M,,,06
201100016187,11,9,5,1255,1,2,2,1.0,3.0,06088,M,,,06
201100016188,11,9,5,1620,1,2,3,1.0,3.0,06088,M,,,06
201100016189,11,9,5,1810,1,2,1,1.0,6.0,06088,M,,,06
201100016190,11,9,6,845,1,2,2,1.0,3.0,06088,M,,,06
201100016191,11,9,6,900,1,2,1,1.0,6.0,06088,M,,,06
201100016192,11,9,7,830,1,2,1,1.0,2.0,06088,M,,,06
201100016193,11,9,7,945,1,2,1,1.0,2.0,06088,M,,,06
201100016194,11,9,7,1405,1,2,1,1.0,6.0,06088,M,,,06
201100016195,11,9,8,1455,1,2,6,1.0,2.0,06088,M,,,06
201100016196,11,9,8,1650,1,2,1,1.0,3.0,06088,M,,,06
201100016197,11,9,8,1730,1,2,1,1.0,4.0,06088,M,,,06
201100016198,11,9,8,1735,1,2,1,1.0,6.0,06088,M,,,06
201100016199,11,9,9,1850,1,2,1,1.0,6.0,06159,M,,,06
201100016200,11,9,9,2145,5,2,1,1.0,2.0,06088,M,,,06
201100016201,11,9,10,1855,1,2,1,1.0,5.0,06088,M,,,06
201100016202,11,9,11,815,1,2,1,1.0,3.0,06088,M,,,06
201100016203,11,9,11,1845,1,2,3,1.0,3.0,06088,M,,,06
201100016204,11,9,12,730,1,2,1,1.0,6.0,06088,M,,,06
201100016205,11,9,12,2210,5,2,1,1.0,6.0,06088,M,,,06
201100016206,11,9,13,930,1,2,2,1.0,3.0,06088,M,,,06
201100016207,11,9,13,1030,1,2,1,1.0,6.0,06088,M,,,06
201100016208,11,9,13,1315,1,2,2,1.0,3.0,06088,M,,,06
201100016209,11,9,14,1015,1,2,2,1.0,6.0,06088,M,,,06
201100016210,11,9,14,1620,1,2,1,1.0,6.0,06088,M,,,06
201100016211,11,9,14,2345,5,2,1,1.0,6.0,06088,M,,,06
201100016212,11,9,15,30,5,2,2,1.0,3.0,06088,M,,,06
201100016213,11,9,15,1800,1,2,1,1.0,3.0,06088,M,,,06
201100016214,11,9,14,2120,4,2,1,1.0,2.0,06088,M,,,06
201100016215,11,9,15,2355,5,2,2,1.0,3.0,06088,M,,,06
201100016216,11,9,16,1340,1,2,1,1.0,6.0,06088,M,,,06
201100016217,11,9,16,1505,1,2,1,1.0,6.0,06088,M,,,06
201100016218,11,9,16,1500,1,2,1,1.0,3.0,06088,M,,,06
201100016219,11,9,16,1630,1,2,1,1.0,3.0,06088,M,,,06
201100016220,11,9,16,1815,1,2,1,1.0,6.0,06088,M,,,06
201100016221,11,9,16,2310,5,2,1,1.0,3.0,06088,M,,,06
201100016222,11,9,17,1700,1,2,1,1.0,2.0,06088,M,,,06
201100016223,11,9,17,2315,5,2,2,1.0,3.0,06088,M,,,06
201100016224,11,9,19,850,1,2,1,1.0,2.0,06088,M,,,06
201100016225,11,9,19,1500,1,2,1,1.0,6.0,06088,M,,,06
201100016226,11,9,20,1320,1,2,1,1.0,6.0,06088,M,,,06
201100016227,11,9,20,1845,1,2,1,1.0,2.0,06088,M,,,06
201100016228,11,9,21,800,1,2,1,1.0,3.0,06088,M,,,06
201100016229,11,9,21,2000,5,2,1,1.0,6.0,06088,M,,,06
201100016230,11,9,22,1250,1,2,1,1.0,6.0,06088,M,,,06
201100016231,11,9,22,1503,1,2,3,1.0,3.0,06088,M,,,06
201100016232,11,9,22,1810,1,2,1,1.0,6.0,06088,M,,,06
201100016233,11,9,23,1035,1,2,1,1.0,3.0,06088,M,,,06
201100016234,11,9,23,1120,1,2,1,1.0,2.0,06088,M,,,06
201100016235,11,9,23,1350,1,2,2,1.0,3.0,06088,M,,,06
201100016236,11,9,23,1505,1,2,1,1.0,3.0,06088,M,,,06
201100016237,11,9,23,1515,1,2,2,1.0,3.0,06088,M,,,06
201100016238,11,9,23,1655,1,2,1,1.0,6.0,06088,M,,,06
201100016239,11,9,23,1710,1,2,1,1.0,6.0,06088,M,,,06
201100016240,11,9,25,1210,1,2,1,1.0,3.0,06088,M,,,06
201100016241,11,9,26,1315,1,2,1,1.0,6.0,06088,M,,,06
201100016242,11,9,26,1605,1,2,1,1.0,2.0,06088,M,,,06
201100016243,11,9,27,855,1,2,1,1.0,2.0,06088,M,,,06
201100016244,11,9,27,946,1,2,1,1.0,6.0,06088,M,,,06
201100016245,11,9,28,1625,1,2,1,1.0,6.0,06088,M,,,06
201100016246,11,9,28,1745,1,2,1,1.0,6.0,06088,M,,,06
201100016247,11,9,28,1915,1,2,1,1.0,4.0,06088,M,,,06
201100016248,11,9,28,2120,5,2,2,1.0,6.0,06088,M,,,06
201100016249,11,9,29,210,5,2,3,1.0,3.0,06088,M,,,06
201100016250,11,9,29,2335,5,2,1,1.0,3.0,06088,M,,,06
201100016251,11,9,30,1654,1,2,1,1.0,6.0,06088,M,,,06
201100016252,11,9,30,2025,5,2,2,1.0,3.0,06088,M,,,06
201100016253,11,10,2,1245,1,2,1,1.0,6.0,06088,M,,,06
201100016254,11,10,2,1625,1,2,3,1.0,3.0,06088,M,,,06
201100016255,11,10,3,425,5,2,1,1.0,6.0,06088,M,,,06
201100016256,11,10,3,640,2,2,2,1.0,3.0,06088,M,,,06
201100016257,11,10,3,840,1,2,1,1.0,2.0,06088,M,,,06
201100016258,11,10,3,1315,1,2,2,1.0,3.0,06088,M,,,06
201100016259,11,10,3,1430,1,2,1,1.0,3.0,06088,M,,,06
201100016260,11,10,3,1755,1,2,1,1.0,6.0,06088,M,,,06
201100016261,11,10,4,640,2,2,1,1.0,3.0,06088,M,,,06
201100016262,11,10,4,1010,1,2,3,1.0,3.0,06088,M,,,06
201100016263,11,10,4,1235,1,2,1,1.0,2.0,06088,M,,,06
201100016264,11,10,4,1445,1,2,1,1.0,6.0,06088,M,,,06
201100016265,11,10,4,1545,1,2,1,1.0,6.0,06088,M,,,06
201100016266,11,10,4,1710,1,2,1,1.0,1.0,06088,M,,,06
201100016267,11,10,4,1900,2,2,1,1.0,3.0,06088,M,,,06
201100016268,11,10,5,900,1,2,1,1.0,3.0,06088,M,,,06
201100016269,11,10,5,1335,1,2,2,1.0,3.0,06088,M,,,06
201100016270,11,10,5,1715,1,2,1,1.0,3.0,06088,M,,,06
201100016271,11,10,5,1815,1,2,2,1.0,3.0,06088,M,,,06
201100016272,11,10,5,2050,1,2,1,1.0,1.0,06088,M,,,06
201100016273,11,10,5,2045,1,2,1,1.0,6.0,06088,M,,,06
201100016274,11,10,6,220,5,2,1,1.0,6.0,06088,M,,,06
201100016275,11,10,6,820,1,2,2,1.0,6.0,06088,M,,,06
201100016276,11,10,6,1700,1,2,1,1.0,6.0,06088,M,,,06
201100016277,11,10,6,2300,5,2,1,1.0,3.0,06088,M,,,06
201100016278,11,10,7,900,1,2,1,1.0,2.0,06088,M,,,06
201100016279,11,10,7,1313,1,2,1,1.0,6.0,06088,M,,,06
201100016280,11,10,7,1700,1,2,1,1.0,2.0,06088,M,,,06
201100016281,11,10,8,1840,2,2,1,1.0,3.0,06088,M,,,06
201100016282,11,10,9,1445,1,2,2,1.0,3.0,06088,M,,,06
201100016283,11,10,10,1433,1,2,9,1.0,7.0,06088,M,,,06
201100016284,11,10,11,855,1,2,1,1.0,6.0,06088,M,,,06
201100016285,11,10,11,2000,5,2,1,1.0,2.0,06088,M,,,06
201100016286,11,10,12,850,1,2,1,1.0,1.0,06088,M,,,06
201100016287,11,10,12,1000,1,2,1,1.0,3.0,06088,M,,,06
201100016288,11,10,11,1040,1,2,1,1.0,6.0,06088,M,,,06
201100016289,11,10,12,1150,1,2,1,1.0,3.0,06088,M,,,06
201100016290,11,10,12,1200,1,2,2,1.0,6.0,06088,M,,,06
201100016291,11,10,12,1520,1,2,1,1.0,1.0,06088,M,,,06
201100016292,11,10,12,2030,5,2,2,1.0,5.0,06088,M,,,06
201100016293,11,10,13,1025,1,2,1,1.0,3.0,06088,M,,,06
201100016294,11,10,13,1610,1,2,3,1.0,3.0,06088,M,,,06
201100016295,11,10,13,1630,1,2,1,1.0,6.0,06088,M,,,06
201100016296,11,10,13,1725,1,2,1,1.0,6.0,06088,M,,,06
201100016297,11,10,14,715,1,2,1,1.0,3.0,06088,M,,,06
201100016298,11,10,14,1340,1,1,1,8.0,3.0,06088,M,,,06
201100016299,11,10,14,1400,1,2,1,1.0,6.0,06088,M,,,06
201100016300,11,10,14,1620,1,2,1,1.0,5.0,06088,M,,,06
201100016301,11,10,14,1755,1,2,1,1.0,5.0,06088,M,,,06
201100016302,11,10,15,920,1,2,2,1.0,3.0,06088,M,,,06
201100016303,11,10,15,1345,1,2,1,1.0,5.0,06088,M,,,06
201100016304,11,10,15,1505,1,2,1,1.0,3.0,06088,M,,,06
201100016305,11,10,15,1730,1,2,1,1.0,6.0,06088,M,,,06
201100016306,11,10,16,900,1,2,1,1.0,1.0,06088,M,,,06
201100016307,11,10,16,1705,1,2,1,1.0,6.0,06088,M,,,06
201100016308,11,10,16,1905,5,2,1,1.0,3.0,06088,M,,,06
201100016309,11,10,17,55,5,2,1,1.0,2.0,06088,M,,,06
201100016310,11,10,17,930,1,2,1,1.0,3.0,06088,M,,,06
201100016311,11,10,17,1120,1,2,1,1.0,5.0,06088,M,,,06
201100016312,11,10,17,1250,1,2,1,1.0,3.0,06088,M,,,06
201100016313,11,10,17,1425,1,2,1,1.0,6.0,06088,M,,,06
201100016314,11,10,17,1620,1,2,1,1.0,3.0,06088,M,,,06
201100016315,11,10,17,1700,1,2,1,2.0,6.0,06088,M,,,06
201100016316,11,10,18,725,2,2,1,8.0,3.0,06088,M,,,06
201100016317,11,10,18,930,1,2,2,1.0,2.0,06088,M,,,06
201100016318,11,10,18,1200,1,2,1,1.0,6.0,06088,M,,,06
201100016319,11,10,18,1925,1,2,1,1.0,3.0,06159,M,,,06
201100016320,11,10,19,905,1,2,1,1.0,3.0,06088,M,,,06
201100016321,11,10,19,1730,2,2,1,3.0,4.0,06088,M,,,06
201100016322,11,10,19,1850,5,2,1,3.0,6.0,06088,M,,,06
201100016323,11,10,20,820,1,2,1,1.0,3.0,06088,M,,,06
201100016324,11,10,20,1415,1,2,1,1.0,6.0,06159,M,,,06
201100016325,11,10,20,1700,1,2,1,1.0,3.0,06088,M,,,06
201100016326,11,10,20,1700,1,2,2,1.0,3.0,06088,M,,,06
201100016327,11,10,21,1205,1,2,1,1.0,6.0,06088,M,,,06
201100016328,11,10,21,1230,1,2,1,1.0,1.0,06088,M,,,06
201100016329,11,10,21,1515,1,2,1,1.0,3.0,06088,M,,,06
201100016330,11,10,22,1345,1,2,1,1.0,5.0,06088,M,,,06
201100016331,11,10,22,1535,1,2,2,1.0,6.0,06088,M,,,06
201100016332,11,10,23,1340,1,2,3,1.0,3.0,06088,M,,,06
201100016333,11,10,24,600,5,2,2,2.0,3.0,06088,M,,,06
201100016334,11,10,24,900,1,2,1,2.0,4.0,06088,M,,,06
201100016335,11,10,24,2145,3,2,2,2.0,3.0,06088,M,,,06
201100016336,11,10,25,145,5,2,1,2.0,5.0,06088,M,,,06
201100016337,11,10,26,1605,1,2,1,1.0,2.0,06088,M,,,06
201100016338,11,10,26,1820,2,2,2,1.0,3.0,06088,M,,,06
201100016339,11,10,27,1530,1,2,1,1.0,4.0,06088,M,,,06
201100016340,11,10,27,1545,1,2,1,1.0,5.0,06088,M,,,06
201100016341,11,10,28,2230,5,2,1,1.0,6.0,06088,M,,,06
201100016342,11,10,29,340,5,2,1,1.0,2.0,06088,M,,,06
201100016343,11,10,29,830,1,2,1,1.0,3.0,06088,M,,,06
201100016344,11,10,29,1250,1,2,1,1.0,6.0,06088,M,,,06
201100016345,11,10,29,2100,5,2,1,1.0,6.0,06088,M,,,06
201100016346,11,10,30,1640,1,2,3,1.0,3.0,06159,M,,,06
201100016347,11,10,31,930,1,2,1,1.0,6.0,06088,M,,,06
201100016348,11,10,31,1335,1,2,1,1.0,3.0,06088,M,,,06
201100016349,11,11,1,1030,1,2,1,1.0,6.0,06088,M,,,06
201100016350,11,11,2,1140,1,2,1,1.0,2.0,06088,M,,,06
201100016351,11,11,2,2000,5,2,2,1.0,3.0,06088,M,,,06
201100016352,11,11,3,1000,1,2,1,1.0,6.0,06088,M,,,06
201100016353,11,11,3,1550,1,2,1,1.0,3.0,06159,M,,,06
201100016354,11,11,4,105,5,2,1,2.0,2.0,06088,M,,,06
201100016355,11,11,4,1620,2,2,1,2.0,6.0,06088,M,,,06
201100016356,11,11,4,1845,5,2,1,1.0,2.0,06088,M,,,06
201100016357,11,11,6,1215,1,2,3,3.0,3.0,06088,M,,,06
201100016358,11,11,6,1745,1,2,1,1.0,3.0,06159,M,,,06
201100016359,11,11,6,1825,1,2,2,1.0,3.0,06088,M,,,06
201100016360,11,11,7,1250,1,2,2,1.0,6.0,06088,M,,,06
201100016361,11,11,7,1630,1,2,1,1.0,6.0,06088,M,,,06
201100016362,11,11,8,2350,5,2,1,3.0,2.0,06088,M,,,06
201100016363,11,11,9,1440,1,2,1,2.0,6.0,06088,M,,,06
201100016364,11,11,9,1815,5,2,1,1.0,1.0,06088,M,,,06
201100016365,11,11,10,800,1,2,1,1.0,6.0,06088,M,,,06
201100016366,11,11,10,900,1,2,1,1.0,6.0,06088,M,,,06
201100016367,11,11,10,1615,1,2,2,1.0,6.0,06088,M,,,06
201100016368,11,11,10,1720,5,2,1,1.0,3.0,06088,M,,,06
201100016369,11,11,10,2005,5,2,1,1.0,3.0,06088,M,,,06
201100016370,11,11,10,2020,5,2,1,1.0,6.0,06088,M,,,06
201100016371,11,11,12,1700,1,2,1,1.0,5.0,06088,M,,,06
201100016372,11,11,12,1740,5,2,1,1.0,6.0,06088,M,,,06
201100016373,11,11,12,2145,5,2,1,1.0,3.0,06088,M,,,06
201100016374,11,11,13,1744,1,2,1,1.0,3.0,06088,M,,,06
201100016375,11,11,14,730,1,2,1,1.0,6.0,06088,M,,,06
201100016376,11,11,14,1240,1,2,1,1.0,6.0,06088,M,,,06
201100016377,11,11,14,1940,5,2,2,1.0,3.0,06088,M,,,06
201100016378,11,11,15,1350,1,2,1,1.0,3.0,06088,M,,,06
201100016379,11,11,15,1445,1,2,1,1.0,6.0,06088,M,,,06
201100016380,11,11,15,1510,1,2,1,1.0,3.0,06088,M,,,06
201100016381,11,11,15,2100,5,2,1,1.0,5.0,06159,M,,,06
201100016382,11,11,15,2325,5,2,1,1.0,2.0,06088,M,,,06
201100016383,11,11,16,1255,1,2,1,1.0,3.0,06088,M,,,06
201100016384,11,11,16,1920,5,2,1,1.0,6.0,06088,M,,,06
201100016385,11,11,17,725,1,2,1,1.0,4.0,06088,M,,,06
201100016386,11,11,17,1508,1,2,2,1.0,3.0,06088,M,,,06
201100016387,11,11,17,1609,1,2,2,1.0,3.0,06088,M,,,06
201100016388,11,11,17,1730,1,2,2,1.0,6.0,06088,M,,,06
201100016389,11,11,18,1458,1,1,2,1.0,6.0,06088,M,,,06
201100016390,11,11,19,1730,5,2,1,1.0,1.0,06159,M,,,06
201100016391,11,11,19,1920,3,2,1,1.0,4.0,06088,M,,,06
201100016392,11,11,20,600,5,2,1,1.0,6.0,06088,M,,,06
201100016393,11,11,20,1400,1,2,3,1.0,3.0,06088,M,,,06
201100016394,11,11,21,1210,1,2,1,1.0,5.0,06088,M,,,06
201100016395,11,11,21,1850,5,2,1,1.0,3.0,06088,M,,,06
201100016396,11,11,22,845,1,2,1,1.0,3.0,06088,M,,,06
201100016397,11,11,22,910,1,2,1,1.0,2.0,06088,M,,,06
201100016398,11,11,22,1400,1,2,1,1.0,1.0,06088,M,,,06
201100016399,11,11,22,1715,1,2,1,1.0,6.0,06088,M,,,06
201100016400,11,11,22,2010,5,2,2,1.0,3.0,06088,M,,,06
201100016401,11,11,23,845,1,2,2,1.0,3.0,06088,M,,,06
201100016402,11,11,23,1500,1,2,1,1.0,6.0,06088,M,,,06
201100016403,11,11,23,2335,5,2,1,1.0,6.0,06088,M,,,06
201100016404,11,11,24,1000,1,2,1,1.0,6.0,06088,M,,,06
201100016405,11,11,24,1715,5,2,1,1.0,6.0,06088,M,,,06
201100016406,11,11,24,2040,5,2,1,1.0,2.0,06088,M,,,06
201100016407,11,11,25,1250,1,2,1,1.0,4.0,06088,M,,,06
201100016408,11,11,25,1450,1,2,1,1.0,6.0,06088,M,,,06
201100016409,11,11,26,1050,1,1,1,1.0,4.0,06088,M,,,06
201100016410,11,11,26,1440,1,2,2,1.0,6.0,06088,M,,,06
201100016411,11,11,26,2135,5,2,1,1.0,6.0,06088,M,,,06
201100016412,11,11,26,2305,5,2,1,1.0,3.0,06088,M,,,06
201100016413,11,11,28,1815,5,2,1,1.0,4.0,06088,M,,,06
201100016414,11,11,28,2015,5,2,1,1.0,6.0,06088,M,,,06
201100016415,11,11,28,2210,5,2,1,1.0,6.0,06088,M,,,06
201100016416,11,11,29,1315,1,2,3,1.0,3.0,06088,M,,,06
201100016417,11,11,29,1638,5,2,1,1.0,6.0,06088,M,,,06
201100016418,11,11,29,1715,5,2,1,1.0,3.0,06088,M,,,06
201100016419,11,11,29,2045,5,2,2,1.0,3.0,06088,M,,,06
201100016420,11,11,30,825,1,2,1,1.0,3.0,06088,M,,,06
201100016421,11,12,1,800,1,2,1,1.0,3.0,06088,M,,,06
201100016422,11,12,1,1710,1,1,1,1.0,6.0,06088,M,,,06
201100016423,11,12,1,1842,5,2,1,1.0,2.0,06088,M,,,06
201100016424,11,12,2,750,1,2,1,2.0,2.0,06088,M,,,06
201100016425,11,12,2,800,1,2,1,1.0,4.0,06088,M,,,06
201100016426,11,12,2,905,1,2,1,9.0,2.0,06088,M,,,06
201100016427,11,12,2,1210,1,2,1,1.0,3.0,06088,M,,,06
201100016428,11,12,2,1700,4,2,1,1.0,6.0,06088,M,,,06
201100016429,11,12,2,2110,5,2,1,3.0,6.0,06088,M,,,06
201100016430,11,12,2,2150,5,2,2,3.0,3.0,06088,M,,,06
201100016431,11,12,2,2230,5,2,2,2.0,3.0,06088,M,,,06
201100016432,11,12,3,210,5,2,1,3.0,2.0,06088,M,,,06
201100016433,11,12,3,1320,1,1,1,1.0,6.0,06088,M,,,06
201100016434,11,12,3,1400,1,2,1,1.0,6.0,06088,M,,,06
201100016435,11,12,4,1635,1,2,1,1.0,6.0,06088,M,,,06
201100016436,11,12,4,1825,5,2,1,1.0,6.0,06088,M,,,06
201100016437,11,12,5,800,1,2,1,1.0,2.0,06088,M,,,06
201100016438,11,12,6,845,1,2,1,1.0,6.0,06088,M,,,06
201100016439,11,12,6,1700,1,2,2,1.0,6.0,06088,M,,,06
201100016440,11,12,7,750,1,2,1,1.0,6.0,06088,M,,,06
201100016441,11,12,7,1100,1,2,1,1.0,1.0,06088,M,,,06
201100016442,11,12,7,1611,1,2,2,1.0,6.0,06088,M,,,06
201100016443,11,12,7,2130,5,2,1,1.0,1.0,06088,M,,,06
201100016444,11,12,8,1410,1,2,1,1.0,4.0,06088,M,,,06
201100016445,11,12,8,1910,5,2,1,1.0,3.0,06088,M,,,06