Num_Acc,an,mois,jour,hrmn,lum,agg,int,atm,col,com,gps,lat,long,dep
201100016446,11,12,8,2235,5,2,1,1.0,6.0,06088,M,,,06
201100016447,11,12,9,1550,1,2,1,1.0,4.0,06088,M,,,06
201100016448,11,12,10,100,5,2,1,1.0,1.0,06088,M,,,06
201100016449,11,12,10,1135,1,2,1,1.0,3.0,06088,M,,,06
201100016450,11,12,10,1730,5,2,1,1.0,6.0,06088,M,,,06
201100016451,11,12,10,1735,5,2,1,1.0,6.0,06088,M,,,06
201100016452,11,12,11,1735,5,2,1,2.0,3.0,06088,M,,,06
201100016453,11,12,12,1200,1,2,2,1.0,3.0,06088,M,,,06
201100016454,11,12,12,1620,1,2,1,1.0,2.0,06088,M,,,06
201100016455,11,12,12,1840,5,2,1,1.0,2.0,06088,M,,,06
201100016456,11,12,13,1030,1,2,1,1.0,3.0,06088,M,,,06
201100016457,11,12,13,1320,1,2,1,1.0,3.0,06088,M,,,06
201100016458,11,12,14,1410,1,2,1,1.0,2.0,06088,M,,,06
201100016459,11,12,14,1530,1,2,1,1.0,2.0,06159,M,,,06
201100016460,11,12,14,1600,1,2,1,1.0,3.0,06088,M,,,06
201100016461,11,12,14,1800,5,2,1,1.0,4.0,06088,M,,,06
201100016462,11,12,15,745,1,2,1,1.0,3.0,06088,M,,,06
201100016463,11,12,15,900,1,2,1,1.0,3.0,06088,M,,,06
201100016464,11,12,15,1700,2,2,2,1.0,6.0,06088,M,,,06
201100016465,11,12,15,1900,5,2,1,1.0,6.0,06088,M,,,06
201100016466,11,12,16,1030,1,2,1,1.0,3.0,06088,M,,,06
201100016467,11,12,16,1330,1,2,1,2.0,6.0,06088,M,,,06
201100016468,11,12,16,1845,5,2,1,1.0,2.0,06088,M,,,06
201100016469,11,12,16,1930,5,2,1,1.0,3.0,06088,M,,,06
201100016470,11,12,16,2044,5,2,1,1.0,3.0,06088,M,,,06
201100016471,11,12,17,100,5,2,1,1.0,2.0,06088,M,,,06
201100016472,11,12,17,830,1,2,1,1.0,6.0,06088,M,,,06
201100016473,11,12,17,1130,1,2,1,1.0,3.0,06088,M,,,06
201100016474,11,12,17,1340,1,2,1,1.0,6.0,06088,M,,,06
201100016475,11,12,17,1415,1,2,1,1.0,1.0,06159,M,,,06
201100016476,11,12,17,1720,5,2,1,1.0,3.0,06088,M,,,06
201100016477,11,12,19,1320,1,2,1,1.0,6.0,06088,M,,,06
201100016478,11,12,20,900,1,2,1,1.0,3.0,06088,M,,,06
201100016479,11,12,20,1000,1,2,1,1.0,6.0,06088,M,,,06
201100016480,11,12,20,1400,1,2,1,1.0,3.0,06088,M,,,06
201100016481,11,12,20,2045,5,2,2,1.0,3.0,06088,M,,,06
201100016482,11,12,21,1330,1,2,1,1.0,6.0,06088,M,,,06
201100016483,11,12,21,1600,1,2,1,1.0,1.0,06088,M,,,06
201100016484,11,12,21,1820,5,2,1,1.0,6.0,06088,M,,,06
201100016485,11,12,21,1850,5,2,1,1.0,6.0,06088,M,,,06
201100016486,11,12,21,1950,5,2,1,1.0,6.0,06088,M,,,06
201100016487,11,12,21,2325,5,2,1,1.0,3.0,06088,M,,,06
201100016488,11,12,22,740,1,2,1,1.0,6.0,06088,M,,,06
201100016489,11,12,22,1205,1,2,1,1.0,3.0,06088,M,,,06
201100016490,11,12,22,1315,1,2,1,1.0,3.0,06088,M,,,06
201100016491,11,12,22,1500,1,2,1,1.0,2.0,06088,M,,,06
201100016492,11,12,23,2225,5,2,1,1.0,3.0,06088,M,,,06
201100016493,11,12,26,1050,1,2,1,1.0,2.0,06088,M,,,06
201100016494,11,12,26,1500,1,2,1,1.0,6.0,06088,M,,,06
201100016495,11,12,27,1040,1,2,1,1.0,2.0,06088,M,,,06
201100016496,11,12,27,1545,1,2,1,1.0,2.0,06088,M,,,06
201100016497,11,12,27,2130,5,2,2,1.0,3.0,06088,M,,,06
201100016498,11,12,28,1545,1,2,2,1.0,3.0,06088,M,,,06
201100016499,11,12,28,1920,5,2,1,1.0,2.0,06088,M,,,06
201100016500,11,12,29,1800,1,2,2,1.0,3.0,06088,M,,,06
201100016501,11,12,30,130,5,2,3,1.0,3.0,06088,M,,,06
201100016502,11,12,31,1010,1,2,1,1.0,2.0,06088,M,,,06
201100016503,11,1,6,1345,1,1,1,1.0,2.0,33085,M,4477400.0,-49300.0,33
201100016504,11,1,15,945,1,1,1,5.0,3.0,33085,M,4477900.0,-49200.0,33
201100016505,11,4,2,1030,1,2,1,1.0,2.0,33065,M,4481200.0,-51600.0,33
201100016506,11,4,21,1930,1,2,1,7.0,6.0,33065,M,4481400.0,-50900.0,33
201100016507,11,7,24,645,1,1,1,1.0,1.0,33349,M,4476300.0,-47000.0,33
201100016508,11,10,24,745,1,1,3,1.0,1.0,33234,M,4480200.0,-51600.0,33
201100016509,11,11,10,2230,5,2,1,1.0,6.0,33118,M,4478400.0,-46100.0,33
201100016510,11,2,16,1615,1,1,1,1.0,1.0,58254,M,4703000.0,321000.0,58
201100016511,11,3,29,1900,1,2,1,1.0,7.0,58300,M,4706600.0,320500.0,58
201100016512,11,5,26,1715,1,1,1,1.0,7.0,58300,M,4703400.0,318400.0,58
201100016513,11,5,28,2345,3,2,1,1.0,7.0,58088,M,0.0,0.0,58
201100016514,11,7,29,2045,1,2,2,1.0,3.0,58131,M,4709000.0,319400.0,58
201100016515,11,9,2,115,5,2,1,1.0,6.0,58088,M,4701100.0,318900.0,58
201100016516,11,2,12,645,5,1,1,5.0,1.0,21452,M,0.0,0.0,21
201100016517,11,3,23,1310,1,2,1,1.0,2.0,21171,M,4729240.0,513844.0,21
201100016518,11,5,30,1500,1,2,1,1.0,3.0,21605,M,4729160.0,510111.0,21
201100016519,11,7,29,1215,1,2,1,1.0,3.0,21540,M,0.0,0.0,21
201100016520,11,11,6,1730,2,2,1,1.0,3.0,21171,M,0.0,0.0,21
201100016521,11,5,24,1630,1,2,7,1.0,6.0,15216,M,4470100.0,300400.0,15
201100016522,11,7,17,2230,5,2,1,2.0,6.0,15216,M,4470100.0,300400.0,15
201100016523,11,2,14,1900,3,1,1,2.0,1.0,13040,M,0.0,0.0,13
201100016524,11,2,17,900,1,2,1,8.0,3.0,13040,M,0.0,0.0,13
201100016525,11,4,20,800,1,2,1,1.0,1.0,13040,M,0.0,0.0,13
201100016526,11,6,16,930,1,1,1,1.0,3.0,13025,M,0.0,0.0,13
201100016527,11,6,27,2230,3,1,1,1.0,7.0,13041,M,0.0,0.0,13
201100016528,11,7,6,830,1,1,1,1.0,5.0,13025,M,0.0,0.0,13
201100016529,11,7,7,945,1,1,2,1.0,3.0,13087,M,0.0,0.0,13
201100016530,11,8,30,2130,5,2,6,1.0,1.0,13087,M,0.0,0.0,13
201100016531,11,11,17,1930,3,1,1,1.0,3.0,13087,M,0.0,0.0,13
201100016532,11,11,30,1530,1,1,1,1.0,1.0,13040,M,0.0,0.0,13
201100016533,11,12,31,1515,1,1,1,3.0,1.0,47186,M,4420700.0,44716.0,47
201100016534,11,1,10,1030,1,1,1,1.0,1.0,47180,M,4414170.0,45738.0,47
201100016535,11,4,15,1500,1,1,2,1.0,3.0,47174,M,4406390.0,37103.0,47
201100016536,11,5,25,2300,3,1,1,1.0,6.0,47172,M,4413520.0,51710.0,47
201100016537,11,7,29,800,1,2,3,1.0,3.0,47143,M,4417670.0,29494.0,47
201100016538,11,8,2,1800,1,1,1,1.0,7.0,47197,M,4407380.0,47478.0,47
201100016539,11,9,20,945,1,2,1,1.0,7.0,47318,M,4420300.0,31500.0,47
201100016540,11,10,21,2000,3,1,1,1.0,6.0,47302,M,4403430.0,11874.0,47
201100016541,11,10,22,1200,1,1,1,1.0,6.0,47197,M,4406720.0,46988.0,47
201100016542,11,1,17,1645,1,2,3,1.0,6.0,07010,M,,,07
201100016543,11,2,16,710,2,2,1,1.0,6.0,07010,M,,,07
201100016544,11,3,31,920,1,2,3,1.0,6.0,07010,M,,,07
201100016545,11,4,6,1320,1,2,6,1.0,3.0,07010,M,,,07
201100016546,11,5,8,1510,1,1,1,1.0,5.0,07010,M,,,07
201100016547,11,5,6,1854,1,2,1,1.0,6.0,07010,M,,,07
201100016548,11,7,15,1745,1,2,1,1.0,3.0,07010,M,,,07
201100016549,11,1,7,800,5,2,1,2.0,6.0,07019,M,,,07
201100016550,11,2,15,1220,1,2,1,2.0,3.0,07019,M,,,07
201100016551,11,6,7,1640,1,1,6,1.0,3.0,07019,M,,,07
201100016552,11,6,24,1515,1,2,3,1.0,3.0,07116,M,,,07
201100016553,11,9,17,2020,3,1,1,2.0,5.0,07116,M,,,07
201100016554,11,8,26,1620,1,1,1,3.0,3.0,07019,M,,,07
201100016555,11,10,14,1330,1,1,2,1.0,1.0,07116,M,,,07
201100016556,11,10,19,1154,1,2,1,8.0,6.0,07019,M,,,07
201100016557,11,10,6,1510,1,2,1,1.0,1.0,07019,M,,,07
201100016558,11,11,17,1555,1,2,1,1.0,3.0,07019,M,,,07
201100016559,11,12,10,900,1,2,1,7.0,6.0,07229,M,,,07
201100016560,11,12,13,815,1,2,4,1.0,3.0,07019,M,,,07
201100016561,11,1,20,1010,1,2,3,1.0,3.0,07102,M,,,07
201100016562,11,2,1,1235,1,1,1,1.0,6.0,07316,M,,,07
201100016563,11,2,6,1620,1,1,1,1.0,6.0,07070,M,,,07
201100016564,11,2,25,1520,1,1,1,1.0,7.0,07281,M,,,07
201100016565,11,3,27,550,3,1,1,1.0,6.0,07316,M,,,07
201100016566,11,5,28,1650,1,2,6,1.0,3.0,07102,M,,,07
201100016567,11,6,29,1825,1,2,1,1.0,3.0,07281,M,,,07
201100016568,11,8,9,1015,1,2,3,1.0,6.0,07281,M,,,07
201100016569,11,9,3,1250,1,1,1,1.0,3.0,07281,M,,,07
201100016570,11,9,12,1810,1,1,1,1.0,3.0,07281,M,,,07
201100016571,11,10,4,1645,1,2,2,1.0,3.0,07102,M,,,07
201100016572,11,10,6,950,1,1,1,1.0,1.0,07281,M,,,07
201100016573,11,10,24,1825,1,2,1,1.0,3.0,07281,M,,,07
201100016574,11,11,5,1625,2,1,1,3.0,6.0,07316,M,,,07
201100016575,11,8,20,815,1,1,1,1.0,1.0,11202,M,4293400.0,301900.0,11
201100016576,11,8,9,2115,5,2,3,1.0,6.0,57529,M,0.0,0.0,57
201100016577,11,8,22,1515,1,1,1,1.0,1.0,57041,M,0.0,0.0,57
201100016578,11,9,3,845,1,1,3,1.0,1.0,57041,M,0.0,0.0,57
201100016579,11,9,9,1200,1,2,1,8.0,3.0,57731,M,4943905.0,608577.0,57
201100016580,11,9,24,1830,1,1,1,1.0,1.0,57096,M,0.0,0.0,57
201100016581,11,10,18,1715,2,1,1,2.0,1.0,57678,M,0.0,0.0,57
201100016582,11,11,24,415,3,1,1,6.0,7.0,57226,M,0.0,0.0,57
201100016583,11,2,19,120,5,2,4,1.0,6.0,07008,M,,,07
201100016584,11,3,20,1945,5,2,1,1.0,5.0,07186,M,,,07
201100016585,11,3,23,1550,1,2,1,1.0,3.0,07186,M,,,07
201100016586,11,4,9,1520,1,1,1,1.0,1.0,07072,M,,,07
201100016587,11,5,13,1735,1,2,1,1.0,3.0,07186,M,,,07
201100016588,11,5,14,1530,1,2,1,8.0,3.0,07008,M,,,07
201100016589,11,5,27,1040,1,2,3,1.0,3.0,07186,M,,,07
201100016590,11,6,17,2300,5,1,1,1.0,3.0,07072,M,,,07
201100016591,11,7,1,1020,1,2,1,1.0,6.0,07186,M,,,07
201100016592,11,7,27,830,1,1,1,2.0,3.0,07008,M,,,07
201100016593,11,8,6,450,3,1,1,1.0,6.0,07186,M,,,07
201100016594,11,8,24,1420,1,2,1,1.0,3.0,07186,M,,,07
201100016595,11,9,27,1050,1,2,1,1.0,6.0,07186,M,,,07
201100016596,11,10,18,1535,1,2,1,1.0,3.0,07186,M,,,07
201100016597,11,11,27,830,1,2,1,1.0,6.0,07186,M,,,07
201100016598,11,12,8,810,2,2,1,2.0,1.0,07340,M,,,07
201100016599,11,12,15,1915,5,2,1,2.0,7.0,07186,M,,,07
201100016600,11,1,2,1645,2,2,1,1.0,3.0,34123,M,4360726.0,381274.0,34
201100016601,11,1,15,1745,2,1,1,1.0,3.0,34202,M,4358471.0,377848.0,34
201100016602,11,3,23,1500,1,2,6,1.0,3.0,34202,M,4358466.0,375761.0,34
201100016603,11,7,23,1845,1,1,1,1.0,7.0,34163,M,4364670.0,368146.0,34
201100016604,11,8,3,1800,1,1,1,1.0,6.0,34163,M,4362631.0,370496.0,34
201100016605,11,9,2,1345,1,1,1,1.0,6.0,34163,M,4363091.0,370160.0,34
201100016606,11,9,17,1845,1,1,1,2.0,4.0,34202,M,4360200.0,378300.0,34
201100016607,11,9,19,1030,1,1,1,1.0,1.0,34202,M,4358900.0,378200.0,34
201100016608,11,3,21,1830,1,2,9,1.0,1.0,35051,M,4812725.0,-162377.0,35
201100016609,11,4,14,1330,1,2,6,1.0,3.0,35051,M,4810113.0,-160904.0,35
201100016610,11,4,28,1545,1,1,1,1.0,7.0,35051,M,4811941.0,-156986.0,35
201100016611,11,5,6,830,1,2,1,1.0,6.0,35051,M,4812264.0,-161081.0,35
201100016612,11,5,13,1100,1,2,3,1.0,1.0,35051,M,4810537.0,-162901.0,35
201100016613,11,11,22,1400,1,1,6,1.0,2.0,35334,M,4815300.0,-159000.0,35
201100016614,11,12,12,1745,5,2,1,1.0,6.0,35051,M,4812122.0,-160748.0,35
201100016615,11,3,8,1800,1,1,6,1.0,6.0,11397,M,0.0,0.0,11
201100016616,11,6,14,930,1,1,1,1.0,1.0,11397,M,0.0,0.0,11
201100016617,11,7,7,1515,1,1,1,1.0,3.0,11397,M,4320600.0,244600.0,11
201100016618,11,8,12,1730,1,2,3,1.0,2.0,11037,M,0.0,0.0,11
201100016619,11,9,8,1015,1,2,1,1.0,6.0,11397,M,0.0,0.0,11
201100016620,11,10,6,1715,1,1,1,1.0,7.0,11397,M,0.0,0.0,11
201100016621,11,10,31,1945,3,1,1,1.0,6.0,11068,M,0.0,0.0,11
201100016622,11,12,15,1715,2,2,2,1.0,3.0,11122,M,4318900.0,259900.0,11
201100016623,11,6,14,2215,3,1,1,1.0,6.0,23071,M,4582000.0,215700.0,23
201100016624,11,7,12,315,3,1,1,1.0,1.0,23165,M,4587000.0,192200.0,23
201100016625,11,11,2,1045,1,1,4,1.0,1.0,23090,M,0.0,0.0,23
201100016626,11,1,8,1230,1,1,1,1.0,6.0,78506,M,0.0,0.0,78
201100016627,11,1,29,2200,3,1,1,3.0,7.0,28026,M,4834500.0,186900.0,28
201100016628,11,2,19,2045,3,1,1,2.0,2.0,91319,M,0.0,0.0,91
201100016629,11,2,27,330,5,1,1,8.0,2.0,78569,M,0.0,0.0,78
201100016630,11,4,16,1530,1,1,1,1.0,6.0,78506,M,4852170.0,180858.0,78
201100016631,11,4,17,1215,1,1,1,1.0,6.0,78537,M,4855600.0,193646.0,78
201100016632,11,5,22,1515,1,1,1,1.0,2.0,91017,M,4860700.0,206700.0,91
201100016633,11,6,27,100,3,1,1,1.0,6.0,78009,M,4847300.0,190900.0,78
201100016634,11,8,1,1145,1,1,1,1.0,6.0,78506,M,4852600.0,180600.0,78
201100016635,11,8,6,1315,1,1,1,1.0,3.0,28092,M,4836700.0,188100.0,28
201100016636,11,8,28,545,2,1,1,1.0,6.0,78009,M,0.0,0.0,78
201100016637,11,10,2,1000,1,1,1,1.0,6.0,28026,M,4832900.0,186300.0,28
201100016638,11,10,5,1315,1,1,1,1.0,6.0,78506,M,0.0,0.0,78
201100016639,11,11,2,530,3,1,1,5.0,3.0,78564,M,4853300.0,190600.0,78
201100016640,11,11,13,730,2,1,1,5.0,6.0,28026,M,4833000.0,186500.0,28
201100016641,11,11,16,1730,1,1,1,8.0,2.0,78349,M,0.0,0.0,78
201100016642,11,11,26,830,1,1,1,5.0,6.0,78601,M,4851600.0,193500.0,78
201100016643,11,12,7,1500,1,1,1,8.0,2.0,28363,M,4839700.0,189400.0,28
201100016644,11,1,6,630,5,2,1,1.0,2.0,51662,M,0.0,0.0,51
201100016645,11,1,16,1915,3,1,6,1.0,1.0,51054,M,0.0,0.0,51
201100016646,11,2,27,1930,3,1,2,1.0,3.0,51019,M,0.0,0.0,51
201100016647,11,2,28,1830,3,1,1,1.0,1.0,51019,M,0.0,0.0,51
201100016648,11,4,9,1600,1,1,1,1.0,2.0,51232,M,0.0,0.0,51
201100016649,11,7,3,1115,1,1,2,1.0,1.0,51293,M,4933174.0,424614.0,51
201100016650,11,8,30,1815,1,2,1,1.0,6.0,51662,M,0.0,0.0,51
201100016651,11,10,2,1730,1,1,1,1.0,6.0,51299,M,4934828.0,419236.0,51
201100016652,11,10,2,2030,3,1,1,1.0,6.0,51075,M,4933666.0,407217.0,51
201100016653,11,10,15,1745,1,1,1,1.0,6.0,51105,M,4925453.0,410751.0,51
201100016654,11,12,14,1715,5,2,1,2.0,1.0,51299,M,4935323.0,420136.0,51
201100016655,11,4,13,1830,1,1,1,1.0,3.0,69007,M,,,69
201100016656,11,4,19,745,1,1,1,1.0,3.0,69007,M,0.0,0.0,69
201100016657,11,5,14,1615,1,2,1,2.0,6.0,69189,M,0.0,0.0,69
201100016658,11,5,29,1430,1,2,1,1.0,1.0,69007,M,0.0,0.0,69
201100016659,11,5,31,1745,1,2,1,2.0,1.0,69189,M,0.0,0.0,69
201100016660,11,7,28,1630,1,1,1,1.0,1.0,69007,M,0.0,0.0,69
201100016661,11,8,8,1700,1,1,1,1.0,1.0,69064,M,0.0,0.0,69
201100016662,11,8,24,1545,1,1,1,1.0,1.0,69007,M,0.0,0.0,69
201100016663,11,9,22,2100,3,1,1,1.0,6.0,69007,M,0.0,0.0,69
201100016664,11,11,15,1930,3,1,1,1.0,6.0,69097,M,0.0,0.0,69
201100016665,11,12,11,2100,3,1,1,1.0,7.0,69253,M,0.0,0.0,69
201100016666,11,1,30,1700,1,1,3,1.0,1.0,37243,M,0.0,0.0,37
201100016667,11,2,25,1345,1,2,1,1.0,1.0,37050,M,4733390.0,69779.0,37
201100016668,11,2,26,1800,1,1,6,1.0,6.0,37099,M,4730080.0,55332.0,37
201100016669,11,5,28,1600,1,1,1,1.0,1.0,37018,M,4736640.0,63586.0,37
201100016670,11,6,7,2100,2,2,1,1.0,6.0,37195,M,4738960.0,64741.0,37
201100016671,11,7,1,2000,1,1,1,1.0,6.0,37272,M,4732160.0,49158.0,37
201100016672,11,8,7,2045,1,1,1,1.0,3.0,37099,M,4731110.0,53456.0,37
201100016673,11,8,11,1800,1,2,1,1.0,1.0,37018,M,4733980.0,62234.0,37
201100016674,11,9,24,1700,1,1,1,1.0,7.0,37243,M,0.0,0.0,37
201100016675,11,10,7,1530,1,2,1,1.0,1.0,37018,M,4735070.0,62857.0,37
201100016676,11,2,7,1400,1,1,1,1.0,1.0,29043,M,4835470.0,-425639.0,29
201100016677,11,3,30,2030,3,1,1,2.0,3.0,29043,M,4836162.0,-425975.0,29
201100016678,11,5,24,1645,1,1,1,1.0,3.0,29140,M,4838625.0,-431691.0,29
201100016679,11,6,17,1200,1,1,1,3.0,1.0,29043,M,4836747.0,-425885.0,29
201100016680,11,7,18,745,1,1,1,8.0,3.0,29043,M,4835912.0,-426060.0,29
201100016681,11,7,26,1500,1,1,1,1.0,7.0,29045,M,4839387.0,-424254.0,29
201100016682,11,8,4,1615,1,1,1,1.0,1.0,29045,M,4839387.0,-424254.0,29
201100016683,11,8,6,1,3,1,9,1.0,6.0,29078,M,4831515.0,-420145.0,29
201100016684,11,8,26,2230,3,1,1,1.0,6.0,29189,M,4837699.0,-440161.0,29
201100016685,11,9,16,1630,1,1,1,7.0,3.0,29086,M,4837142.0,-421280.0,29
201100016686,11,11,3,1715,2,2,1,1.0,2.0,29078,M,4833412.0,-413773.0,29
201100016687,11,1,13,1845,2,2,1,5.0,3.0,33229,M,4471600.0,-104099.0,33
201100016688,11,1,28,1015,3,1,1,1.0,6.0,33005,M,4478200.0,-103200.0,33
201100016689,11,3,12,930,1,2,2,1.0,5.0,33005,M,4473500.0,-107800.0,33
201100016690,11,3,16,1030,1,2,1,1.0,3.0,33005,M,4475200.0,-108500.0,33
201100016691,11,4,5,945,1,2,1,1.0,6.0,33005,M,4474900.0,-110100.0,33
201100016692,11,4,10,1,3,1,1,1.0,3.0,33005,M,4476000.0,-111400.0,33
201100016693,11,5,29,1845,1,1,1,1.0,6.0,33229,M,4478700.0,-93500.0,33
201100016694,11,6,2,2030,1,2,1,1.0,7.0,33229,M,4471400.0,-103699.0,33
201100016695,11,6,24,1230,1,2,1,1.0,3.0,33005,M,4475300.0,-109600.0,33
201100016696,11,6,27,2045,5,2,1,1.0,7.0,33229,M,0.0,0.0,33
201100016697,11,8,24,1630,1,1,1,1.0,2.0,33229,M,4472500.0,-102200.0,33
201100016698,11,8,29,1500,1,1,1,1.0,2.0,33229,M,4478200.0,-100400.0,33
201100016699,11,9,13,1130,1,2,1,1.0,6.0,33005,M,4474500.0,-109700.0,33
201100016700,11,8,12,1830,1,1,1,1.0,6.0,60494,M,4910800.0,256700.0,60
201100016701,11,10,7,2130,3,1,1,1.0,6.0,60482,M,4916000.0,251000.0,60
201100016702,11,11,5,1545,1,2,1,8.0,6.0,60482,M,0.0,0.0,60
201100016703,11,12,23,630,3,2,1,1.0,6.0,60505,M,0.0,0.0,60
201100016704,11,4,21,200,3,1,1,1.0,7.0,73257,M,4532200.0,653700.0,73
201100016705,11,4,30,2200,5,2,1,1.0,6.0,73257,M,,,73
201100016706,11,5,30,730,1,1,1,1.0,6.0,51545,M,0.0,0.0,51
201100016707,11,7,2,1845,1,1,9,1.0,2.0,51545,M,0.0,0.0,51
201100016708,11,8,27,100,3,1,1,3.0,2.0,51242,M,0.0,0.0,51
201100016709,11,11,21,1045,1,1,1,1.0,2.0,51147,M,4902691.0,451399.0,51
201100016710,11,1,28,1000,1,1,1,1.0,6.0,77370,M,0.0,0.0,77
201100016711,11,2,4,955,1,1,1,1.0,5.0,77333,M,,,77
201100016712,11,2,12,145,3,1,1,1.0,1.0,77022,M,4845807.0,258463.0,77
201100016713,11,3,11,1230,1,1,1,1.0,6.0,77458,M,0.0,0.0,77
201100016714,11,3,20,1810,1,1,1,1.0,6.0,77370,M,0.0,0.0,77
201100016715,11,3,28,1045,1,1,1,1.0,6.0,77006,M,0.0,0.0,77
201100016716,11,4,27,335,3,2,1,1.0,2.0,77412,M,,,77
201100016717,11,7,13,600,2,1,1,2.0,3.0,77168,M,0.0,0.0,77
201100016718,11,7,20,1730,1,1,1,1.0,2.0,77333,M,0.0,0.0,77
201100016719,11,7,30,200,3,1,1,1.0,7.0,77370,M,4823300.0,275700.0,77
201100016720,11,8,27,215,3,1,1,1.0,3.0,77168,M,0.0,0.0,77
201100016721,11,9,9,1100,1,1,1,1.0,5.0,77333,M,0.0,0.0,77
201100016722,11,9,18,1830,1,1,1,2.0,2.0,77006,M,0.0,0.0,77
201100016723,11,9,22,1530,1,1,1,1.0,5.0,77186,M,0.0,0.0,77
201100016724,11,9,28,1200,1,1,1,1.0,2.0,77001,M,0.0,0.0,77
201100016725,11,10,22,330,3,1,1,1.0,7.0,77069,M,0.0,0.0,77
201100016726,11,11,16,1700,1,1,1,1.0,2.0,77071,M,0.0,0.0,77
201100016727,11,12,18,1300,1,1,1,7.0,5.0,77006,M,0.0,0.0,77
201100016728,11,2,27,815,1,1,1,1.0,7.0,62708,M,0.0,0.0,62
201100016729,11,3,22,945,1,1,1,1.0,7.0,62754,M,5019700.0,287200.0,62
201100016730,11,3,23,2100,2,1,1,1.0,7.0,62355,M,0.0,0.0,62
201100016731,11,4,21,1230,1,1,1,1.0,7.0,62259,M,0.0,0.0,62
201100016732,11,7,7,1045,3,1,1,1.0,2.0,62259,M,5020100.0,287000.0,62
201100016733,11,7,14,645,1,1,1,1.0,2.0,62355,M,5033700.0,291900.0,62
201100016734,11,7,23,715,1,1,1,8.0,6.0,62718,M,0.0,0.0,62
201100016735,11,9,4,1445,1,1,1,1.0,4.0,62369,M,0.0,0.0,62
201100016736,11,9,5,530,2,1,1,1.0,6.0,62829,M,0.0,0.0,62
201100016737,11,9,11,1200,1,1,1,2.0,7.0,62476,M,0.0,0.0,62
201100016738,11,9,17,715,1,1,1,1.0,7.0,62121,M,5013300.0,287200.0,62
201100016739,11,10,4,930,1,1,1,1.0,6.0,62285,M,5018700.0,287500.0,62
201100016740,11,12,30,2045,3,1,1,2.0,2.0,62121,M,0.0,0.0,62
201100016741,11,1,4,530,3,1,1,1.0,5.0,80033,M,0.0,0.0,80
201100016742,11,1,8,1915,3,1,1,1.0,1.0,80646,M,0.0,0.0,80
201100016743,11,1,17,245,3,1,1,1.0,2.0,80467,M,0.0,0.0,80
201100016744,11,2,6,530,3,1,1,8.0,6.0,80428,M,0.0,0.0,80
201100016745,11,2,21,945,1,1,1,8.0,3.0,80204,M,0.0,0.0,80
201100016746,11,3,19,2245,3,1,1,1.0,1.0,80307,M,0.0,0.0,80
201100016747,11,3,31,1145,1,1,1,2.0,6.0,80002,M,0.0,0.0,80
201100016748,11,5,24,1430,1,1,1,1.0,6.0,80685,M,0.0,0.0,80
201100016749,11,6,5,815,1,1,1,1.0,2.0,80646,M,0.0,0.0,80
201100016750,11,7,9,1425,1,1,1,1.0,2.0,80288,M,0.0,0.0,80
201100016751,11,7,16,415,3,1,1,1.0,6.0,80002,M,0.0,0.0,80
201100016752,11,7,30,400,3,1,1,1.0,3.0,80322,M,0.0,0.0,80
201100016753,11,8,16,440,3,1,1,8.0,6.0,80521,M,0.0,0.0,80
201100016754,11,8,24,630,1,1,1,1.0,6.0,80204,M,0.0,0.0,80
201100016755,11,9,18,1930,1,1,1,8.0,3.0,80002,M,0.0,0.0,80
201100016756,11,11,1,2030,3,1,1,1.0,6.0,80267,M,0.0,0.0,80
201100016757,11,12,11,700,3,1,1,1.0,1.0,80467,M,0.0,0.0,80
201100016758,11,12,19,645,2,1,1,8.0,2.0,80421,M,0.0,0.0,80
201100016759,11,12,31,415,3,1,1,3.0,2.0,71270,M,0.0,0.0,71
201100016760,11,2,3,115,3,1,1,1.0,6.0,71481,M,,,71
201100016761,11,2,7,1630,1,1,1,1.0,6.0,71513,M,,,71
201100016762,11,4,12,2300,3,1,1,1.0,5.0,71448,M,,,71
201100016763,11,4,18,800,1,1,1,1.0,6.0,71105,M,,,71
201100016764,11,4,18,1800,1,1,1,1.0,6.0,71543,M,,,71
201100016765,11,5,1,2345,3,1,1,1.0,2.0,71556,M,883548.0,0.0,71
201100016766,11,5,6,300,3,1,1,1.0,5.0,71270,M,909374.0,0.0,71
201100016767,11,5,21,1545,1,1,1,1.0,3.0,71543,M,908086.0,0.0,71
201100016768,11,6,16,1915,1,1,1,1.0,3.0,71543,M,908158.0,0.0,71
201100016769,11,6,27,815,1,1,1,1.0,6.0,71359,M,906857.0,0.0,71
201100016770,11,7,15,745,1,1,1,1.0,7.0,71543,M,908133.0,0.0,71
201100016771,11,7,27,900,1,1,1,1.0,6.0,71270,M,885057.0,0.0,71
201100016772,11,9,20,1600,1,1,1,1.0,7.0,71550,M,4648940.0,489492.0,71
201100016773,11,10,29,1030,1,1,1,1.0,6.0,71513,M,0.0,0.0,71
201100016774,11,10,30,900,1,1,1,1.0,6.0,71305,M,0.0,0.0,71
201100016775,11,11,18,2200,3,1,1,5.0,2.0,71543,M,0.0,0.0,71
201100016776,11,12,27,1415,1,1,1,8.0,3.0,71090,M,0.0,0.0,71
201100016777,11,1,30,2315,3,1,1,1.0,1.0,13051,M,0.0,0.0,13
201100016778,11,2,22,1545,3,1,1,1.0,2.0,13114,M,0.0,0.0,13
201100016779,11,3,10,15,3,1,1,1.0,2.0,13114,M,0.0,0.0,13
201100016780,11,5,13,1115,1,1,1,1.0,6.0,13051,M,0.0,0.0,13
201100016781,11,5,23,1345,1,1,1,1.0,6.0,13051,M,0.0,0.0,13