Num_Acc,an,mois,jour,hrmn,lum,agg,int,atm,col,com,gps,lat,long,dep
201100016782,11,6,8,1500,1,1,1,1.0,1.0,13051,M,0.0,0.0,13
201100016783,11,6,14,745,1,1,1,1.0,3.0,13103,M,0.0,0.0,13
201100016784,11,6,25,1145,1,1,1,1.0,4.0,13118,M,0.0,0.0,13
201100016785,11,7,1,800,1,1,1,1.0,3.0,13051,M,0.0,0.0,13
201100016786,11,7,8,745,1,1,1,1.0,7.0,13051,M,0.0,0.0,13
201100016787,11,7,13,1430,1,1,1,1.0,2.0,13051,M,0.0,0.0,13
201100016788,11,7,18,2000,1,1,1,1.0,6.0,13018,M,0.0,0.0,13
201100016789,11,7,23,930,1,1,1,1.0,4.0,13118,M,0.0,0.0,13
201100016790,11,7,24,545,2,1,1,1.0,1.0,13051,M,0.0,0.0,13
201100016791,11,7,27,345,3,1,1,1.0,2.0,13118,M,0.0,0.0,13
201100016792,11,8,1,745,1,1,1,1.0,6.0,13049,M,0.0,0.0,13
201100016793,11,8,17,1215,1,1,1,1.0,2.0,13067,M,0.0,0.0,13
201100016794,11,8,29,1615,1,1,1,1.0,2.0,13018,M,0.0,0.0,13
201100016795,11,8,30,1400,1,1,1,1.0,1.0,13018,M,0.0,0.0,13
201100016796,11,9,17,315,3,1,1,1.0,4.0,13067,M,0.0,0.0,13
201100016797,11,9,24,1045,1,1,1,1.0,4.0,13051,M,0.0,0.0,13
201100016798,11,10,1,830,1,1,1,1.0,6.0,13051,M,0.0,0.0,13
201100016799,11,10,3,1245,1,1,1,1.0,2.0,13067,M,0.0,0.0,13
201100016800,11,10,10,800,1,1,1,7.0,4.0,13114,M,0.0,0.0,13
201100016801,11,10,27,2030,3,1,1,1.0,3.0,13049,M,0.0,0.0,13
201100016802,11,10,28,2245,3,1,1,1.0,7.0,13076,M,0.0,0.0,13
201100016803,11,10,29,700,3,1,1,1.0,2.0,13049,M,0.0,0.0,13
201100016804,11,11,4,1245,1,1,1,2.0,6.0,13103,M,0.0,0.0,13
201100016805,11,11,9,500,3,1,1,1.0,1.0,13037,M,0.0,0.0,13
201100016806,11,11,9,1045,1,1,1,1.0,1.0,13032,M,0.0,0.0,13
201100016807,11,11,26,245,3,1,1,1.0,6.0,13066,M,0.0,0.0,13
201100016808,11,12,22,930,3,1,1,1.0,2.0,13105,M,0.0,0.0,13
201100016809,11,12,30,445,3,1,1,1.0,5.0,13067,M,0.0,0.0,13
201100016810,11,1,11,2100,3,1,1,1.0,6.0,84087,M,4412300.0,480600.0,84
201100016811,11,3,8,1615,1,1,1,1.0,1.0,30221,M,4405469.0,476747.0,30
201100016812,11,4,4,215,3,1,1,1.0,2.0,84081,M,0.0,0.0,84
201100016813,11,4,14,345,3,1,1,1.0,2.0,84039,M,0.0,0.0,84
201100016814,11,5,25,1400,1,1,1,1.0,5.0,84087,M,0.0,0.0,84
201100016815,11,6,17,1700,1,1,1,1.0,7.0,30107,M,4396577.0,464044.0,30
201100016816,11,9,9,900,1,1,1,1.0,2.0,30116,M,4393822.0,460666.0,30
201100016817,11,9,16,1430,1,1,1,1.0,2.0,30116,M,4393880.0,460761.0,30
201100016818,11,11,17,330,3,1,1,1.0,6.0,84019,M,0.0,0.0,84
201100016819,11,11,25,1945,3,1,1,1.0,2.0,84007,M,4390600.0,491300.0,84
201100016820,11,11,29,900,1,1,1,1.0,6.0,84087,M,0.0,0.0,84
201100016821,11,1,22,30,3,1,1,1.0,1.0,83130,M,0.0,0.0,83
201100016822,11,1,25,2145,3,1,1,1.0,6.0,83100,M,0.0,0.0,83
201100016823,11,2,6,545,3,1,1,5.0,5.0,83148,M,0.0,0.0,83
201100016824,11,4,28,600,3,1,1,1.0,5.0,83004,M,0.0,0.0,83
201100016825,11,5,9,1700,1,1,1,1.0,2.0,83140,M,0.0,0.0,83
201100016826,11,6,6,730,1,1,1,1.0,6.0,83067,M,0.0,0.0,83
201100016827,11,6,13,545,2,1,1,1.0,6.0,83073,M,0.0,0.0,83
201100016828,11,6,13,1500,1,1,1,1.0,6.0,83148,M,0.0,0.0,83
201100016829,11,6,15,845,1,1,1,1.0,7.0,83054,M,0.0,0.0,83
201100016830,11,6,23,1245,1,1,1,1.0,2.0,83148,M,0.0,0.0,83
201100016831,11,7,8,1015,3,1,1,1.0,6.0,83026,M,0.0,0.0,83
201100016832,11,7,30,1615,1,1,1,1.0,5.0,83086,M,0.0,0.0,83
201100016833,11,8,8,1330,1,1,1,1.0,6.0,83023,M,0.0,0.0,83
201100016834,11,8,26,1300,1,1,1,1.0,2.0,83107,M,0.0,0.0,83
201100016835,11,9,4,2315,3,1,1,1.0,6.0,83031,M,0.0,0.0,83
201100016836,11,11,22,1700,2,1,1,1.0,2.0,83031,M,0.0,0.0,83
201100016837,11,12,8,1000,1,1,1,1.0,2.0,83086,M,0.0,0.0,83
201100016838,11,2,5,1530,1,2,1,1.0,6.0,60044,M,0.0,0.0,60
201100016839,11,3,8,1415,1,1,1,1.0,5.0,60086,M,0.0,0.0,60
201100016840,11,3,10,2230,3,1,1,1.0,6.0,60044,M,0.0,0.0,60
201100016841,11,3,15,1845,2,2,1,1.0,1.0,60513,M,0.0,0.0,60
201100016842,11,5,7,1930,1,1,1,1.0,3.0,60584,M,0.0,0.0,60
201100016843,11,6,10,800,1,2,1,1.0,3.0,60155,M,0.0,0.0,60
201100016844,11,6,17,1715,1,1,1,2.0,3.0,60086,M,4917100.0,235600.0,60
201100016845,11,7,19,1300,1,1,1,2.0,1.0,60651,M,4926000.0,229000.0,60
201100016846,11,10,5,2315,5,2,1,1.0,1.0,60513,M,0.0,0.0,60
201100016847,11,10,12,2030,3,1,1,2.0,1.0,60155,M,0.0,0.0,60
201100016848,11,10,19,2015,5,2,1,1.0,1.0,60393,M,0.0,0.0,60
201100016849,11,11,17,1830,5,2,2,1.0,3.0,60686,M,0.0,0.0,60
201100016850,11,12,5,1745,5,2,1,2.0,6.0,60393,M,0.0,0.0,60
201100016851,11,2,13,1930,3,1,1,1.0,6.0,25056,M,4729400.0,601200.0,25
201100016852,11,4,27,1300,1,1,1,1.0,5.0,25368,M,4733100.0,611900.0,25
201100016853,11,9,14,1445,1,1,1,1.0,4.0,25086,M,0.0,0.0,25
201100016854,11,1,2,145,3,1,1,8.0,7.0,27102,M,4936990.0,74250.0,27
201100016855,11,3,28,1045,1,1,1,1.0,6.0,27227,M,4937500.0,64645.0,27
201100016856,11,4,6,745,1,1,1,1.0,6.0,27580,M,4934560.0,91402.0,27
201100016857,11,4,9,1400,1,1,1,1.0,6.0,76682,M,4931910.0,110388.0,76
201100016858,11,5,12,2330,3,1,1,1.0,3.0,27065,M,4932060.0,31867.0,27
201100016859,11,5,9,130,5,1,1,1.0,2.0,76484,M,4934050.0,106698.0,76
201100016860,11,6,7,1200,1,1,1,1.0,7.0,27065,M,4933000.0,34459.0,27
201100016861,11,6,20,715,1,1,1,2.0,6.0,76484,M,4934190.0,106372.0,76
201100016862,11,8,13,1115,1,1,1,1.0,1.0,27580,M,4934310.0,92476.0,27
201100016863,11,11,10,645,1,1,1,1.0,5.0,76484,M,4934216.0,106342.0,76
201100016864,11,11,10,1545,1,1,1,1.0,3.0,76484,M,4934350.0,105739.0,76
201100016865,11,12,18,730,3,1,1,9.0,6.0,76457,M,4933830.0,97641.0,76
201100016866,11,1,21,545,3,1,1,1.0,2.0,27351,M,4925850.0,115053.0,27
201100016867,11,1,21,1845,3,1,1,1.0,6.0,78531,M,4900200.0,160736.0,78
201100016868,11,3,21,1900,1,1,1,1.0,4.0,78531,M,4899720.0,161516.0,78
201100016869,11,4,17,915,1,1,1,1.0,6.0,78668,M,4901980.0,151717.0,78
201100016870,11,4,15,1800,1,1,1,1.0,6.0,78089,M,4883930.0,211976.0,78
201100016871,11,5,5,500,3,1,1,1.0,2.0,27150,M,4909380.0,136440.0,27
201100016872,11,5,31,1600,1,1,1,1.0,6.0,78068,M,4903930.0,145573.0,78
201100016873,11,7,1,230,3,1,1,1.0,1.0,78089,M,0.0,0.0,78
201100016874,11,7,6,615,2,1,9,1.0,6.0,78668,M,4902500.0,154800.0,78
201100016875,11,8,23,15,3,1,1,2.0,7.0,27150,M,4908560.0,137694.0,27
201100016876,11,8,20,500,3,1,1,1.0,2.0,27701,M,4923870.0,119752.0,27
201100016877,11,9,6,1,3,1,1,1.0,6.0,78531,M,4900200.0,161600.0,78
201100016878,11,11,22,2015,3,1,1,1.0,2.0,27701,M,4923290.0,120387.0,27
201100016879,11,12,9,915,1,1,1,8.0,6.0,27351,M,4925250.0,116576.0,27
201100016880,11,1,17,115,3,1,1,1.0,4.0,60254,M,0.0,0.0,60
201100016881,11,1,25,800,1,1,1,5.0,6.0,60138,M,0.0,0.0,60
201100016882,11,2,6,2345,3,1,1,1.0,7.0,60281,M,0.0,0.0,60
201100016883,11,3,16,600,2,1,1,1.0,6.0,60369,M,0.0,0.0,60
201100016884,11,4,7,800,1,1,1,1.0,5.0,60424,M,0.0,0.0,60
201100016885,11,4,13,530,2,1,1,1.0,6.0,60100,M,0.0,0.0,60
201100016886,11,5,5,1700,1,1,1,1.0,2.0,60369,M,0.0,0.0,60
201100016887,11,6,3,1045,1,1,1,1.0,5.0,60019,M,0.0,0.0,60
201100016888,11,7,6,1345,1,1,1,1.0,5.0,60531,M,0.0,0.0,60
201100016889,11,7,22,1830,1,1,1,1.0,7.0,60369,M,0.0,0.0,60
201100016890,11,8,28,345,3,1,1,1.0,6.0,60475,M,0.0,0.0,60
201100016891,11,9,4,730,2,1,1,2.0,6.0,60229,M,0.0,0.0,60
201100016892,11,9,22,645,3,1,1,1.0,4.0,60254,M,0.0,0.0,60
201100016893,11,9,30,915,1,1,1,1.0,4.0,60138,M,0.0,0.0,60
201100016894,11,10,4,115,3,1,1,1.0,6.0,60531,M,0.0,0.0,60
201100016895,11,10,29,1900,3,1,1,8.0,2.0,60160,M,0.0,0.0,60
201100016896,11,11,20,2345,3,1,1,5.0,6.0,60538,M,0.0,0.0,60
201100016897,11,2,27,1415,1,1,1,1.0,1.0,21003,M,4737190.0,503737.0,21
201100016898,11,3,8,1130,1,1,1,1.0,7.0,21027,M,4739610.0,503765.0,21
201100016899,11,3,22,1545,1,1,1,1.0,1.0,21408,M,4711740.0,477596.0,21
201100016900,11,7,29,1900,1,2,3,1.0,3.0,21479,M,4751100.0,478100.0,21
201100016901,11,7,30,1915,1,1,1,1.0,6.0,21085,M,4746100.0,475200.0,21
201100016902,11,9,13,1145,1,1,1,8.0,1.0,21651,M,4741710.0,487881.0,21
201100016903,11,10,2,1645,1,1,1,1.0,3.0,21485,M,4736550.0,497039.0,21
201100016904,11,1,17,1500,1,1,1,1.0,6.0,69019,M,0.0,0.0,69
201100016905,11,2,17,1215,1,1,9,1.0,6.0,69206,M,0.0,0.0,69
201100016906,11,5,2,1645,1,1,1,1.0,3.0,69013,M,0.0,0.0,69
201100016907,11,5,23,1645,1,1,1,1.0,2.0,69242,M,0.0,0.0,69
201100016908,11,6,4,1215,1,1,1,1.0,4.0,69013,M,0.0,0.0,69
201100016909,11,6,4,1215,1,1,1,1.0,7.0,69013,M,0.0,0.0,69
201100016910,11,6,10,1415,1,1,1,1.0,6.0,69206,M,0.0,0.0,69
201100016911,11,9,4,300,3,1,1,1.0,6.0,69242,M,0.0,0.0,69
201100016912,11,10,19,745,2,1,1,3.0,1.0,69206,M,0.0,0.0,69
201100016913,11,10,19,800,1,1,1,2.0,4.0,69115,M,0.0,0.0,69
201100016914,11,10,24,800,1,1,1,1.0,2.0,69019,M,0.0,0.0,69
201100016915,11,2,9,2300,3,1,1,1.0,6.0,62440,M,0.0,0.0,62
201100016916,11,3,29,700,2,1,1,1.0,2.0,62440,M,0.0,0.0,62
201100016917,11,5,2,700,2,1,1,1.0,7.0,62829,M,0.0,0.0,62
201100016918,11,7,1,1000,1,1,1,1.0,5.0,62384,M,0.0,0.0,62
201100016919,11,7,9,315,5,1,9,2.0,6.0,59593,M,5022955.0,327227.0,59
201100016920,11,12,31,1415,1,1,1,1.0,7.0,59010,M,5015084.0,314094.0,59
201100016921,11,5,1,1245,1,1,1,1.0,1.0,38064,M,4556400.0,536212.0,38
201100016922,11,5,17,1345,1,1,1,1.0,6.0,38343,M,4558200.0,563300.0,38
201100016923,11,6,4,515,5,1,1,1.0,2.0,38343,M,0.0,0.0,38
201100016924,11,6,27,1845,1,1,1,1.0,6.0,38348,M,0.0,0.0,38
201100016925,11,9,29,2015,1,1,1,1.0,2.0,38193,M,4560000.0,528300.0,38
201100016926,11,10,4,915,1,1,1,1.0,5.0,38343,M,0.0,0.0,38
201100016927,11,3,25,1830,1,2,1,1.0,4.0,68278,M,4774800.0,740916.0,68
201100016928,11,3,26,700,1,2,2,1.0,3.0,68278,M,4775454.0,740378.0,68
201100016929,11,8,14,1545,1,2,1,1.0,2.0,68118,M,4772783.0,741697.0,68
201100016930,11,2,24,900,1,1,1,2.0,1.0,53243,M,4814552.0,-87002.0,53
201100016931,11,2,26,100,3,1,1,1.0,6.0,53103,M,4809639.0,-91499.0,53
201100016932,11,3,12,1815,1,1,1,2.0,6.0,53137,M,4807600.0,-88400.0,53
201100016933,11,4,23,345,4,1,1,1.0,7.0,53229,M,4814073.0,-74841.0,53
201100016934,11,5,11,1845,1,2,6,1.0,3.0,53247,M,4811200.0,-101699.0,53
201100016935,11,5,15,2015,1,1,1,1.0,7.0,53040,M,4813100.0,-104299.0,53
201100016936,11,5,25,2030,1,1,1,1.0,1.0,53229,M,4815741.0,-76178.0,53
201100016937,11,5,27,2130,1,1,1,1.0,6.0,53039,M,4816900.0,-95120.0,53
201100016938,11,6,4,1815,1,1,2,1.0,3.0,53123,M,4823200.0,-95800.0,53
201100016939,11,6,14,1230,1,1,1,1.0,1.0,53103,M,4810500.0,-88100.0,53
201100016940,11,6,26,615,1,1,1,1.0,6.0,53108,M,4807100.0,-102400.0,53
201100016941,11,7,1,2345,3,1,1,1.0,7.0,53229,M,4813711.0,-75683.0,53
201100016942,11,8,16,1715,1,1,1,1.0,7.0,53137,M,4807700.0,-93600.0,53
201100016943,11,9,8,1615,1,1,1,1.0,5.0,53243,M,4815900.0,-87700.0,53
201100016944,11,9,20,1315,1,1,1,1.0,3.0,53103,M,4809560.0,-90679.0,53
201100016945,11,9,28,930,1,1,1,1.0,3.0,53123,M,4826200.0,-106100.0,53
201100016946,11,10,4,1615,1,1,1,1.0,5.0,53005,M,4819258.0,-79333.0,53
201100016947,11,10,15,1830,1,1,1,1.0,6.0,53225,M,4819737.0,-83861.0,53
201100016948,11,12,27,1415,1,1,1,1.0,1.0,53226,M,4821700.0,-93200.0,53
201100016949,11,12,16,745,2,1,1,2.0,1.0,69285,M,0.0,0.0,69
201100016950,11,12,17,2045,5,2,1,9.0,7.0,69285,M,0.0,0.0,69
201100016951,11,1,21,2345,3,1,1,1.0,6.0,95371,M,4906530.0,252180.0,95
201100016952,11,1,23,2010,3,1,1,1.0,6.0,95580,M,4909020.0,253810.0,95
201100016953,11,2,3,830,1,2,1,8.0,6.0,95371,M,4908620.0,250640.0,95
201100016954,11,3,24,1615,1,2,1,1.0,2.0,95250,M,4909490.0,250810.0,95
201100016955,11,3,28,815,1,1,6,1.0,3.0,95580,M,4908670.0,255240.0,95
201100016956,11,5,6,1800,1,2,1,1.0,6.0,95250,M,4910300.0,250870.0,95
201100016957,11,5,13,2200,3,1,1,1.0,7.0,95580,M,4908530.0,254470.0,95
201100016958,11,7,3,1700,1,2,3,1.0,3.0,95371,M,4908460.0,250350.0,95
201100016959,11,4,26,1300,1,1,1,1.0,7.0,76517,M,4951390.0,119122.0,76
201100016960,11,5,21,1130,1,1,1,1.0,7.0,76517,M,4953360.0,121964.0,76
201100016961,11,10,4,1045,1,1,1,2.0,7.0,76377,M,4949365.0,116358.0,76
201100016962,11,12,22,1645,2,1,1,8.0,7.0,76517,M,4951526.0,119298.0,76
201100016963,11,1,12,1930,3,1,1,1.0,1.0,17205,M,0.0,0.0,17
201100016964,11,2,3,700,3,1,1,2.0,3.0,17436,M,0.0,0.0,17
201100016965,11,2,11,1845,3,1,1,1.0,4.0,17299,M,0.0,0.0,17
201100016966,11,2,21,1145,1,1,1,8.0,6.0,17415,M,0.0,0.0,17
201100016967,11,6,19,615,1,1,1,1.0,7.0,17213,M,0.0,0.0,17
201100016968,11,8,18,2230,3,1,1,1.0,7.0,17299,M,0.0,0.0,17
201100016969,11,9,2,1630,1,1,1,1.0,6.0,17438,M,0.0,0.0,17
201100016970,11,2,10,15,5,1,1,1.0,1.0,31182,M,0.0,0.0,31
201100016971,11,3,2,1400,1,1,1,8.0,3.0,31116,M,0.0,0.0,31
201100016972,11,3,14,2200,5,2,1,1.0,1.0,31022,M,4366700.0,143231.0,31
201100016973,11,5,25,1615,1,2,1,1.0,1.0,31410,M,0.0,0.0,31
201100016974,11,6,28,830,1,2,1,1.0,3.0,31116,M,0.0,0.0,31
201100016975,11,9,26,2245,5,2,1,1.0,7.0,31186,M,4367742.0,142944.0,31
201100016976,11,10,7,915,1,2,1,1.0,7.0,31410,M,4371084.0,146301.0,31
201100016977,11,11,10,1845,5,2,1,1.0,3.0,31116,M,4368771.0,144115.0,31
201100016978,11,12,11,115,5,2,1,1.0,1.0,31410,M,0.0,0.0,31
201100016979,11,12,27,1700,1,1,1,1.0,1.0,31410,M,0.0,0.0,31
201100016980,11,2,17,1230,1,1,1,3.0,3.0,13087,M,0.0,0.0,13
201100016981,11,7,10,1945,1,1,1,1.0,3.0,83140,M,0.0,0.0,83
201100016982,11,11,24,1200,1,1,1,1.0,2.0,83096,M,0.0,0.0,83
201100016983,11,9,29,400,3,1,1,1.0,2.0,83116,M,0.0,0.0,83
201100016984,11,10,18,600,3,1,1,1.0,2.0,13087,M,0.0,0.0,13
201100016985,11,12,12,1315,1,1,1,1.0,5.0,13087,M,0.0,0.0,13
201100016986,11,12,12,1715,2,1,1,1.0,6.0,83023,M,0.0,0.0,83
201100016987,11,12,18,130,3,1,1,1.0,6.0,83140,M,0.0,0.0,83
201100016988,11,12,29,1445,1,1,1,1.0,2.0,83140,M,0.0,0.0,83
201100016989,11,1,6,745,1,1,1,1.0,2.0,74042,M,0.0,0.0,74
201100016990,11,1,16,530,5,1,9,1.0,7.0,74208,M,4591600.0,669200.0,74
201100016991,11,4,16,1000,1,1,1,1.0,2.0,74018,M,0.0,0.0,74
201100016992,11,6,20,200,5,1,1,1.0,6.0,74133,M,0.0,0.0,74
201100016993,11,11,3,1130,1,1,9,1.0,6.0,74081,M,0.0,0.0,74
201100016994,11,1,16,1630,1,1,1,1.0,2.0,30344,M,4375071.0,422538.0,30
201100016995,11,1,25,1400,1,1,1,1.0,3.0,30189,M,4379908.0,438381.0,30
201100016996,11,3,1,1600,1,1,1,6.0,6.0,30156,M,4386459.0,443346.0,30
201100016997,11,3,5,230,3,1,1,1.0,2.0,30189,M,4380662.0,433419.0,30
201100016998,11,3,21,245,3,1,1,1.0,5.0,30145,M,4390169.0,453087.0,30
201100016999,11,3,27,145,3,1,1,1.0,6.0,34294,M,4370198.0,411441.0,34
201100017000,11,3,28,145,3,1,1,9.0,2.0,30034,M,4373784.0,446089.0,30
201100017001,11,4,23,1645,1,1,1,2.0,5.0,30116,M,4391916.0,457859.0,30
201100017002,11,4,28,245,3,1,1,1.0,6.0,30185,M,4374083.0,419657.0,30
201100017003,11,4,28,900,1,1,1,1.0,2.0,30317,M,4390706.0,455979.0,30
201100017004,11,5,15,940,1,1,1,1.0,4.0,34340,M,4371876.0,414069.0,34
201100017005,11,5,22,1400,1,1,1,1.0,7.0,30156,M,4386698.0,443582.0,30
201100017006,11,5,29,315,3,1,1,1.0,4.0,34146,M,0.0,0.0,34
201100017007,11,7,6,1600,1,1,1,1.0,6.0,30036,M,4376925.0,427293.0,30
201100017008,11,7,9,1900,1,1,1,1.0,4.0,34321,M,4368058.0,404034.0,34
201100017009,11,7,11,1145,1,1,1,1.0,6.0,30123,M,4372699.0,418255.0,30
201100017010,11,7,19,1615,1,1,1,1.0,3.0,30169,M,4379582.0,430634.0,30
201100017011,11,7,30,530,3,1,1,1.0,3.0,30169,M,4378765.0,429851.0,30
201100017012,11,8,1,1000,1,1,1,1.0,4.0,30344,M,4374986.0,423112.0,30
201100017013,11,8,2,930,1,1,1,1.0,2.0,30036,M,4377390.0,428249.0,30
201100017014,11,8,7,1645,1,1,1,2.0,6.0,34294,M,4370144.0,411447.0,34
201100017015,11,8,14,245,3,1,1,1.0,3.0,34154,M,4361097.0,393974.0,34
201100017016,11,8,30,2200,3,1,1,1.0,2.0,30034,M,4373587.0,446402.0,30
201100017017,11,10,10,15,3,1,1,1.0,5.0,34240,M,0.0,0.0,34
201100017018,11,10,12,145,3,1,1,1.0,7.0,30344,M,4374902.0,423731.0,30
201100017019,11,10,25,1400,1,1,1,1.0,3.0,30189,M,4383854.0,441196.0,30
201100017020,11,10,31,1530,1,1,1,1.0,6.0,30258,M,4376290.0,442399.0,30
201100017021,11,10,20,1400,1,1,1,1.0,3.0,30333,M,4375477.0,425870.0,30
201100017022,11,11,21,2130,3,1,1,1.0,3.0,30034,M,4373528.0,446510.0,30
201100017023,11,12,4,115,3,1,1,1.0,2.0,34154,M,0.0,0.0,34
201100017024,11,1,9,1730,2,1,1,2.0,6.0,11262,M,4315400.0,298300.0,11
201100017025,11,2,14,600,3,1,1,1.0,2.0,11370,M,0.0,0.0,11
201100017026,11,3,1,1215,1,1,1,6.0,3.0,11014,M,4319700.0,307100.0,11
201100017027,11,3,30,1615,3,1,1,1.0,5.0,11262,M,4315500.0,298300.0,11
201100017028,11,5,21,615,2,1,1,1.0,2.0,11188,M,0.0,0.0,11
201100017029,11,7,5,1145,1,1,1,1.0,1.0,11441,M,4320500.0,308000.0,11
201100017030,11,7,13,2015,1,1,1,1.0,6.0,11370,M,4321600.0,309000.0,11
201100017031,11,8,8,1,3,1,1,1.0,5.0,11262,M,4315800.0,298700.0,11
201100017032,11,12,7,500,3,1,1,8.0,2.0,11040,M,0.0,0.0,11
201100017033,11,1,12,1445,1,1,1,8.0,3.0,37156,M,4739670.0,88201.0,37
201100017034,11,1,17,2200,3,1,1,1.0,1.0,37156,M,4739700.0,88802.0,37
201100017035,11,1,18,1530,1,2,1,1.0,2.0,37008,M,4732100.0,91539.0,37
201100017036,11,2,3,1530,1,2,1,1.0,6.0,37008,M,4730680.0,87712.0,37
201100017037,11,3,23,1345,1,2,1,1.0,6.0,37015,M,4733720.0,83462.0,37
201100017038,11,3,25,1730,1,1,2,1.0,1.0,37008,M,4733340.0,90431.0,37
201100017039,11,4,11,530,3,1,6,1.0,7.0,37079,M,4732300.0,103575.0,37
201100017040,11,6,5,15,4,2,1,3.0,6.0,37096,M,0.0,0.0,37
201100017041,11,6,23,715,1,1,1,1.0,1.0,37091,M,0.0,0.0,37
201100017042,11,7,23,1845,1,1,1,1.0,3.0,37156,M,0.0,0.0,37
201100017043,11,7,29,1730,1,1,1,1.0,3.0,37079,M,4733260.0,105575.0,37
201100017044,11,7,31,545,5,1,6,1.0,7.0,37267,M,0.0,0.0,37
201100017045,11,8,4,1330,1,1,1,1.0,5.0,37079,M,0.0,0.0,37
201100017046,11,8,25,1515,1,1,1,1.0,1.0,37156,M,0.0,0.0,37
201100017047,11,10,15,1130,1,1,2,1.0,3.0,37267,M,4734070.0,80187.0,37
201100017048,11,10,20,2000,3,1,3,1.0,3.0,37091,M,4735530.0,98818.0,37
201100017049,11,11,11,1400,1,1,1,1.0,7.0,37079,M,4735300.0,104306.0,37
201100017050,11,11,27,1700,1,2,9,1.0,6.0,37267,M,0.0,0.0,37
201100017051,11,11,27,1715,5,2,1,2.0,7.0,37156,M,0.0,0.0,37
201100017052,11,12,22,1615,1,1,1,1.0,1.0,37027,M,0.0,0.0,37
201100017053,11,2,2,630,3,1,1,8.0,4.0,45313,M,0.0,0.0,45
201100017054,11,4,10,1945,1,1,1,1.0,2.0,28121,M,0.0,0.0,28
201100017055,11,6,14,500,3,1,1,1.0,3.0,45313,M,0.0,0.0,45
201100017056,11,7,2,1330,1,1,1,9.0,6.0,45067,M,0.0,0.0,45
201100017057,11,8,1,1615,1,1,1,1.0,7.0,28311,M,0.0,0.0,28
201100017058,11,8,2,1345,1,1,1,1.0,7.0,28276,M,0.0,0.0,28
201100017059,11,8,2,1745,1,1,1,1.0,3.0,45302,M,4794984.0,184880.0,45
201100017060,11,8,20,645,3,1,1,1.0,6.0,45317,M,0.0,0.0,45
201100017061,11,8,21,625,3,1,1,1.0,6.0,45317,M,0.0,0.0,45
201100017062,11,8,25,100,3,1,1,1.0,2.0,45020,M,0.0,0.0,45
201100017063,11,9,8,1830,1,1,1,1.0,6.0,28392,M,4824300.0,185000.0,28
201100017064,11,9,28,330,3,1,1,1.0,6.0,28392,M,0.0,0.0,28
201100017065,11,11,1,130,3,1,1,1.0,2.0,45154,M,0.0,0.0,45
201100017066,11,12,3,600,3,1,1,2.0,6.0,45202,M,0.0,0.0,45
201100017067,11,12,10,1300,1,1,9,1.0,6.0,45154,M,4797778.0,185834.0,45
201100017068,11,12,17,1400,1,1,1,1.0,2.0,28367,M,4813000.0,185000.0,28
201100017069,11,12,19,1430,1,1,1,8.0,6.0,45146,M,0.0,0.0,45
201100017070,11,12,20,2145,3,1,1,8.0,6.0,28121,M,0.0,0.0,28
201100017071,11,7,1,815,1,2,3,1.0,3.0,73304,M,4544734.0,698451.0,73
201100017072,11,3,10,400,5,2,1,1.0,7.0,73296,M,0.0,0.0,73
201100017073,11,2,2,1000,1,1,1,1.0,5.0,13032,M,4354900.0,534200.0,13
201100017074,11,3,21,730,1,1,1,1.0,3.0,13037,M,0.0,0.0,13
201100017075,11,8,16,30,5,2,6,1.0,7.0,13112,M,0.0,0.0,13
201100017076,11,9,5,1630,1,1,1,1.0,3.0,13032,M,0.0,0.0,13
201100017077,11,10,17,1530,1,1,1,1.0,6.0,13114,M,0.0,0.0,13
201100017078,11,1,14,2330,5,1,1,1.0,5.0,31433,M,0.0,0.0,31
201100017079,11,3,9,1645,1,1,1,1.0,5.0,31107,M,4332800.0,122500.0,31
201100017080,11,3,20,700,1,1,9,1.0,6.0,31433,M,4352000.0,140000.0,31
201100017081,11,8,9,1345,1,1,1,1.0,6.0,31433,M,0.0,0.0,31
201100017082,11,8,28,1930,1,1,1,1.0,2.0,31286,M,0.0,0.0,31
201100017083,11,9,28,1215,1,1,9,1.0,7.0,31334,M,4339100.0,128400.0,31
201100017084,11,11,27,1615,1,1,1,1.0,6.0,31395,M,4345270.0,130545.0,31
201100017085,11,12,5,1130,1,1,1,1.0,4.0,31181,M,0.0,0.0,31
201100017086,11,1,4,1715,5,2,1,1.0,6.0,67405,M,4882775.0,803604.0,67
201100017087,11,1,13,415,3,1,1,1.0,7.0,67472,M,4881100.0,795700.0,67
201100017088,11,2,18,30,5,2,1,2.0,6.0,67140,M,0.0,0.0,67
201100017089,11,4,15,515,5,2,9,1.0,6.0,67472,M,0.0,0.0,67
201100017090,11,4,21,2345,5,2,1,1.0,7.0,67106,M,0.0,0.0,67
201100017091,11,4,22,1345,1,1,1,1.0,3.0,67465,M,0.0,0.0,67
201100017092,11,4,23,1415,1,2,1,1.0,1.0,67264,M,0.0,0.0,67
201100017093,11,5,24,2145,3,2,1,1.0,3.0,67407,M,0.0,0.0,67
201100017094,11,8,12,1845,1,1,6,1.0,1.0,67465,M,0.0,0.0,67
201100017095,11,9,20,900,1,2,8,1.0,3.0,67194,M,0.0,0.0,67
201100017096,11,10,13,730,2,1,1,2.0,1.0,67465,M,0.0,0.0,67
201100017097,11,10,15,745,1,1,1,1.0,1.0,67356,M,0.0,0.0,67
201100017098,11,12,12,1330,1,1,1,3.0,6.0,67472,M,0.0,0.0,67
201100017099,11,1,20,815,2,1,1,1.0,2.0,21405,M,0.0,0.0,21
201100017100,11,2,11,1615,1,1,1,1.0,7.0,21295,M,0.0,0.0,21
201100017101,11,3,5,1535,1,1,1,1.0,2.0,21405,M,4693950.0,482525.0,21
201100017102,11,4,16,515,5,1,1,1.0,3.0,21606,M,4704800.0,489504.0,21