Num_Acc,an,mois,jour,hrmn,lum,agg,int,atm,col,com,gps,lat,long,dep
201100017103,11,8,7,1700,1,1,1,1.0,7.0,21517,M,4710680.0,495550.0,21
201100017104,11,9,2,100,3,1,1,1.0,2.0,21405,M,0.0,0.0,21
201100017105,11,9,14,830,1,1,1,1.0,7.0,21405,M,4658700.0,438700.0,21
201100017106,11,9,26,1545,1,1,1,1.0,3.0,21347,M,4699770.0,485816.0,21
201100017107,11,4,21,600,2,1,1,1.0,1.0,73184,M,4557800.0,579400.0,73
201100017108,11,5,19,1900,1,1,1,1.0,6.0,73179,M,4560600.0,587900.0,73
201100017109,11,5,30,545,2,1,1,1.0,2.0,73008,M,4571200.0,592700.0,73
201100017110,11,11,13,1300,1,1,1,1.0,3.0,73104,M,4556000.0,575400.0,73
201100017111,11,3,29,1000,1,1,1,1.0,6.0,74217,M,4595400.0,611800.0,74
201100017112,11,10,14,1715,1,1,1,1.0,6.0,74224,M,4606700.0,629200.0,74
201100017113,11,2,1,345,3,1,1,9.0,5.0,38257,M,4546160.0,540197.0,38
201100017114,11,2,11,2030,3,1,1,1.0,2.0,38508,M,4550630.0,540117.0,38
201100017115,11,6,5,115,3,1,1,9.0,7.0,38464,M,0.0,0.0,38
201100017116,11,7,4,730,1,1,9,1.0,5.0,38565,M,0.0,0.0,38
201100017117,11,8,23,745,1,1,1,1.0,1.0,38565,M,4527400.0,562700.0,38
201100017118,11,10,27,1915,3,1,1,1.0,1.0,38565,M,4528300.0,562400.0,38
201100017119,11,2,28,630,2,1,1,9.0,6.0,55237,M,4912001.0,549689.0,55
201100017120,11,6,7,530,2,1,1,1.0,6.0,55492,M,4911900.0,545000.0,55
201100017121,11,6,24,1600,1,1,1,1.0,7.0,55236,M,4911100.0,542800.0,55
201100017122,11,8,19,1615,1,1,1,1.0,5.0,55117,M,4909160.0,510227.0,55
201100017123,11,10,2,1730,1,1,1,1.0,7.0,55166,M,4911828.0,539653.0,55
201100017124,11,1,31,725,2,1,1,8.0,2.0,08180,M,4972440.0,470924.0,08
201100017125,11,1,31,1215,1,2,1,8.0,6.0,08105,M,4977630.0,471525.0,08
201100017126,11,2,8,1625,1,2,1,1.0,6.0,08105,M,4974910.0,472038.0,08
201100017127,11,2,11,1919,5,2,1,1.0,6.0,08480,M,4973260.0,475622.0,08
201100017128,11,2,26,1410,1,2,2,1.0,3.0,08480,M,4973910.0,474798.0,08
201100017129,11,3,11,1835,1,2,2,9.0,3.0,08105,M,4976160.0,470669.0,08
201100017130,11,3,12,525,2,1,1,1.0,2.0,08180,M,4972360.0,470771.0,08
201100017131,11,3,16,1212,1,2,1,1.0,7.0,08105,M,4975300.0,471347.0,08
201100017132,11,3,22,1920,1,2,2,1.0,2.0,08105,M,4976050.0,471871.0,08
201100017133,11,3,25,1230,1,2,1,1.0,3.0,08497,M,4978000.0,469178.0,08
201100017134,11,3,28,955,1,2,4,1.0,3.0,08346,M,4975510.0,470025.0,08
201100017135,11,4,7,1630,1,1,1,1.0,6.0,08105,M,4974100.0,470216.0,08
201100017136,11,4,18,1659,1,2,1,7.0,6.0,08105,M,4974600.0,472355.0,08
201100017137,11,4,22,1649,1,2,1,7.0,6.0,08105,M,4975240.0,472870.0,08
201100017138,11,5,4,1855,1,2,1,1.0,2.0,08105,M,4978490.0,471282.0,08
201100017139,11,5,11,1710,1,2,3,1.0,3.0,08105,M,4975250.0,472755.0,08
201100017140,11,5,10,1720,1,2,1,1.0,6.0,08105,M,4976040.0,471871.0,08
201100017141,11,5,28,1615,1,1,1,1.0,2.0,08298,M,4979510.0,474883.0,08
201100017142,11,6,2,1815,1,2,1,1.0,1.0,08105,M,,,08
201100017143,11,6,27,2130,1,2,1,1.0,6.0,08105,M,4975080.0,471877.0,08
201100017144,11,6,28,740,1,2,1,1.0,6.0,08105,M,,,08
201100017145,11,8,12,1905,5,2,2,8.0,3.0,08480,M,,,08
201100017146,11,8,16,1027,1,2,1,1.0,6.0,08105,M,4976140.0,471988.0,08
201100017147,11,9,5,2105,5,2,1,1.0,7.0,08105,M,,,08
201100017148,11,9,7,1425,1,2,1,1.0,7.0,08105,M,,,08
201100017149,11,9,24,830,1,2,1,1.0,6.0,08298,M,,,08
201100017150,11,10,3,1710,1,1,1,1.0,6.0,08105,M,,,08
201100017151,11,10,13,1630,1,2,2,1.0,1.0,08480,M,4974260.0,474059.0,08
201100017152,11,10,15,1345,1,2,3,1.0,3.0,08105,M,4976420.0,469750.0,08
201100017153,11,10,20,1618,1,2,4,1.0,3.0,08105,M,4976150.0,470796.0,08
201100017154,11,10,24,2250,5,2,1,1.0,7.0,08105,M,4977860.0,472928.0,08
201100017155,11,10,24,1425,1,2,1,1.0,6.0,08105,M,,,08
201100017156,11,10,30,1845,2,2,2,1.0,1.0,08105,M,4976150.0,471020.0,08
201100017157,11,11,5,135,5,2,1,2.0,6.0,08105,M,4976330.0,471880.0,08
201100017158,11,12,10,1530,1,1,1,1.0,6.0,08105,M,4976920.0,474128.0,08
201100017159,11,1,12,1800,3,1,1,1.0,5.0,14229,M,0.0,0.0,14
201100017160,11,3,24,1440,1,1,1,1.0,6.0,14185,M,4930770.0,16854.0,14
201100017161,11,4,15,1800,1,1,1,1.0,4.0,14712,M,4918550.0,-19476.0,14
201100017162,11,6,3,1100,1,1,1,1.0,4.0,14185,M,4930730.0,17050.0,14
201100017163,11,6,23,500,2,1,1,1.0,7.0,14620,M,4931310.0,14624.0,14
201100017164,11,9,17,1815,1,1,1,3.0,7.0,14682,M,0.0,0.0,14
201100017165,11,12,15,915,1,1,1,3.0,6.0,14032,M,0.0,0.0,14
201100017166,11,1,15,615,3,1,1,1.0,6.0,13058,M,0.0,0.0,13
201100017167,11,3,5,1715,1,1,1,1.0,1.0,13065,M,0.0,0.0,13
201100017168,11,3,28,545,3,1,1,5.0,6.0,13038,M,0.0,0.0,13
201100017169,11,4,17,1830,1,1,1,1.0,5.0,13065,M,0.0,0.0,13
201100017170,11,5,14,1200,1,1,2,1.0,3.0,13038,M,0.0,0.0,13
201100017171,11,7,16,1330,1,2,1,1.0,6.0,13011,M,0.0,0.0,13
201100017172,11,7,16,600,2,1,1,1.0,6.0,13038,M,0.0,0.0,13
201100017173,11,7,28,745,1,1,1,1.0,1.0,13058,M,0.0,0.0,13
201100017174,11,9,21,845,1,2,6,1.0,6.0,13038,M,4372726.0,470868.0,13
201100017175,11,9,23,1615,1,1,1,1.0,1.0,13065,M,0.0,0.0,13
201100017176,11,11,22,1800,3,1,1,1.0,3.0,13058,M,0.0,0.0,13
201100017177,11,12,28,2345,3,1,1,1.0,7.0,13058,M,0.0,0.0,13
201100017178,11,1,1,900,1,1,1,9.0,4.0,28139,M,0.0,0.0,28
201100017179,11,4,10,2245,3,1,1,1.0,7.0,28042,M,0.0,0.0,28
201100017180,11,5,22,1015,1,1,1,1.0,7.0,28269,M,0.0,0.0,28
201100017181,11,6,2,945,1,1,1,1.0,2.0,28123,M,0.0,0.0,28
201100017182,11,6,5,845,1,1,1,1.0,6.0,28161,M,0.0,0.0,28
201100017183,11,7,11,615,2,1,1,1.0,6.0,28278,M,0.0,0.0,28
201100017184,11,7,22,1215,1,1,1,1.0,2.0,28139,M,0.0,0.0,28
201100017185,11,8,30,1445,1,1,1,1.0,6.0,28110,M,0.0,0.0,28
201100017186,11,9,13,815,1,1,1,1.0,7.0,28161,M,0.0,0.0,28
201100017187,11,9,19,1530,1,1,1,1.0,7.0,28139,M,0.0,0.0,28
201100017188,11,9,23,700,2,1,1,1.0,2.0,28139,M,0.0,0.0,28
201100017189,11,10,29,2045,4,1,1,1.0,7.0,28139,M,0.0,0.0,28
201100017190,11,11,12,215,3,1,1,1.0,7.0,28398,M,0.0,0.0,28
201100017191,11,1,12,715,2,1,1,1.0,2.0,41150,M,4757080.0,146189.0,41
201100017192,11,1,22,1130,1,2,1,1.0,1.0,41295,M,4757730.0,136625.0,41
201100017193,11,2,20,215,3,1,1,8.0,1.0,41067,M,4751780.0,144352.0,41
201100017194,11,4,3,1400,1,2,1,1.0,3.0,41067,M,4751270.0,145539.0,41
201100017195,11,4,16,1115,2,1,1,1.0,7.0,41031,M,4753600.0,137500.0,41
201100017196,11,5,8,1630,1,1,1,1.0,7.0,41067,M,4749440.0,147987.0,41
201100017197,11,6,11,1800,1,2,1,1.0,6.0,41034,M,0.0,0.0,41
201100017198,11,6,17,1645,1,2,1,2.0,2.0,41061,M,4749650.0,140546.0,41
201100017199,11,9,18,730,2,1,1,1.0,6.0,41086,M,0.0,0.0,41
201100017200,11,10,6,1445,1,1,1,1.0,3.0,41295,M,4759420.0,136950.0,41
201100017201,11,10,13,800,2,1,1,2.0,3.0,41295,M,4759180.0,135892.0,41
201100017202,11,10,14,1700,1,1,1,1.0,7.0,41032,M,4750940.0,129362.0,41
201100017203,11,10,19,730,2,2,1,9.0,1.0,41050,M,4751090.0,145818.0,41
201100017204,11,11,9,930,1,1,1,1.0,7.0,41032,M,4754080.0,128891.0,41
201100017205,11,12,11,30,3,2,1,1.0,7.0,41295,M,,,41
201100017206,11,12,27,2015,3,2,1,1.0,5.0,41147,M,,,41
201100017207,11,3,25,930,1,2,1,1.0,3.0,69027,M,0.0,0.0,69
201100017208,11,5,7,1400,1,1,1,1.0,2.0,69268,M,0.0,0.0,69
201100017209,11,5,23,700,2,1,1,1.0,1.0,69043,M,0.0,0.0,69
201100017210,11,7,23,900,1,2,1,1.0,6.0,69027,M,0.0,0.0,69
201100017211,11,7,28,100,5,2,6,1.0,6.0,69027,M,0.0,0.0,69
201100017212,11,8,16,1700,1,2,1,1.0,7.0,69027,M,0.0,0.0,69
201100017213,11,8,31,1930,2,1,4,2.0,3.0,69043,M,0.0,0.0,69
201100017214,11,9,15,645,2,2,1,7.0,6.0,69027,M,0.0,0.0,69
201100017215,11,10,15,1630,1,1,1,1.0,6.0,69027,M,0.0,0.0,69
201100017216,11,5,21,2030,2,2,1,1.0,5.0,29011,M,4844438.0,-451075.0,29
201100017217,11,6,25,545,2,1,1,1.0,7.0,29069,M,4843819.0,-454973.0,29
201100017218,11,7,31,330,3,1,1,5.0,6.0,29069,M,4841556.0,-454174.0,29
201100017219,11,8,26,2200,3,1,1,1.0,1.0,29069,M,4840996.0,-455122.0,29
201100017220,11,10,28,715,3,1,1,1.0,7.0,29201,M,4840175.0,-468182.0,29
201100017221,11,1,8,1830,3,1,1,1.0,6.0,34172,M,4359582.0,390920.0,34
201100017222,11,1,8,2015,3,1,1,1.0,2.0,34172,M,4360764.0,393514.0,34
201100017223,11,1,12,615,3,1,1,1.0,6.0,34172,M,4357119.0,386188.0,34
201100017224,11,3,22,830,1,1,1,1.0,5.0,34172,M,4360181.0,392244.0,34
201100017225,11,4,8,230,3,1,1,1.0,6.0,34172,M,4360069.0,391968.0,34
201100017226,11,5,4,715,1,1,1,1.0,7.0,34129,M,4357486.0,387455.0,34
201100017227,11,5,11,1940,1,1,1,1.0,3.0,34101,M,4339157.0,346146.0,34
201100017228,11,5,17,1245,1,1,1,1.0,2.0,34270,M,4355800.0,382000.0,34
201100017229,11,6,11,1530,1,1,1,1.0,2.0,34095,M,4355100.0,379700.0,34
201100017230,11,7,10,900,1,1,1,1.0,6.0,34157,M,4345059.0,358831.0,34
201100017231,11,7,13,415,3,1,1,2.0,6.0,34172,M,4360014.0,391866.0,34
201100017232,11,7,21,1445,1,1,1,1.0,6.0,34143,M,4346486.0,363254.0,34
201100017233,11,7,22,730,2,1,1,1.0,2.0,34095,M,4354942.0,380071.0,34
201100017234,11,7,30,2245,3,1,1,1.0,5.0,34031,M,4337198.0,339826.0,34
201100017235,11,8,5,100,3,1,1,1.0,6.0,34213,M,4348259.0,368739.0,34
201100017236,11,8,8,430,3,1,1,1.0,6.0,34172,M,4358788.0,389437.0,34
201100017237,11,9,11,615,3,1,1,1.0,6.0,34336,M,4331888.0,326352.0,34
201100017238,11,9,14,1245,1,1,1,1.0,6.0,34143,M,4345343.0,360361.0,34
201100017239,11,10,26,1745,1,1,1,1.0,3.0,34166,M,4337100.0,338500.0,34
201100017240,11,11,18,500,3,1,1,1.0,6.0,34113,M,0.0,0.0,34
201100017241,11,11,19,530,3,1,1,3.0,7.0,34129,M,4358600.0,388700.0,34
201100017242,11,12,3,1015,1,1,1,1.0,6.0,34157,M,4342500.0,353600.0,34
201100017243,11,12,9,800,1,1,1,1.0,2.0,34203,M,0.0,0.0,34
201100017244,11,12,30,800,2,1,1,1.0,2.0,34213,M,4348800.0,369600.0,34
201100017245,11,1,14,1000,1,1,1,5.0,4.0,33465,M,0.0,0.0,33
201100017246,11,5,2,2015,1,1,1,1.0,2.0,33343,M,0.0,0.0,33
201100017247,11,5,3,1145,1,1,1,1.0,6.0,33205,M,4460800.0,-36600.0,33
201100017248,11,6,17,1015,1,1,1,1.0,3.0,33337,M,0.0,0.0,33
201100017249,11,7,23,800,1,1,1,1.0,6.0,33474,M,4466300.0,-45100.0,33
201100017250,11,8,26,1515,1,1,1,1.0,7.0,33050,M,4453600.0,-16700.0,33
201100017251,11,11,28,630,3,1,1,5.0,7.0,33144,M,4437500.0,-22900.0,33
201100017252,11,11,28,1345,1,1,1,1.0,6.0,33155,M,4433300.0,-22700.0,33
201100017253,11,3,10,2130,5,2,1,1.0,1.0,31446,M,,,31
201100017254,11,3,22,1215,1,2,1,1.0,6.0,31446,M,4355137.0,146991.0,31
201100017255,11,5,1,1615,1,1,1,1.0,1.0,31036,M,0.0,0.0,31
201100017256,11,5,3,430,5,2,1,1.0,6.0,31506,M,0.0,0.0,31
201100017257,11,6,13,1830,1,2,1,2.0,3.0,31506,M,4355900.0,150900.0,31
201100017258,11,7,11,900,1,1,1,1.0,3.0,31506,M,0.0,0.0,31
201100017259,11,7,28,1715,1,1,1,1.0,1.0,31506,M,0.0,0.0,31
201100017260,11,10,11,1945,5,2,1,1.0,3.0,31254,M,0.0,0.0,31
201100017261,11,10,11,1815,1,2,1,1.0,6.0,31506,M,4356210.0,151995.0,31
201100017262,11,11,27,1730,5,2,3,1.0,6.0,31254,M,4353187.0,153407.0,31
201100017263,11,2,10,500,3,1,1,1.0,2.0,63455,M,0.0,0.0,63
201100017264,11,2,12,1500,1,1,1,1.0,2.0,63272,M,0.0,0.0,63
201100017265,11,6,20,2015,1,1,1,1.0,2.0,63014,M,0.0,0.0,63
201100017266,11,6,22,1745,1,1,1,1.0,2.0,63193,M,0.0,0.0,63
201100017267,11,7,2,930,1,1,1,1.0,2.0,63113,M,0.0,0.0,63
201100017268,11,7,28,2200,3,1,1,1.0,3.0,63272,M,0.0,0.0,63
201100017269,11,10,6,845,1,1,1,1.0,7.0,63113,M,0.0,0.0,63
201100017270,11,10,14,1530,1,1,1,1.0,7.0,63455,M,0.0,0.0,63
201100017271,11,1,12,330,3,1,1,2.0,3.0,64558,M,4347000.0,-146960.0,64
201100017272,11,1,16,945,1,1,1,1.0,6.0,64038,M,0.0,0.0,64
201100017273,11,2,12,2115,3,1,1,5.0,3.0,64147,M,4344670.0,-137023.0,64
201100017274,11,1,21,1715,1,1,1,1.0,4.0,64102,M,4347820.0,-144524.0,64
201100017275,11,4,13,845,1,1,1,1.0,7.0,64496,M,0.0,0.0,64
201100017276,11,7,14,630,1,1,1,1.0,1.0,64545,M,4336550.0,-168770.0,64
201100017277,11,1,12,1715,5,2,1,2.0,6.0,08409,M,4970040.0,493210.0,08
201100017278,11,10,12,1135,1,2,3,2.0,6.0,08043,M,4969050.0,496300.0,08
201100017279,11,11,5,105,5,2,1,2.0,6.0,08043,M,4969240.0,495995.0,08
201100017280,11,2,1,845,1,1,1,1.0,6.0,51454,M,0.0,0.0,51
201100017281,11,2,6,2245,3,1,1,1.0,2.0,51278,M,0.0,0.0,51
201100017282,11,3,3,1700,1,1,1,1.0,6.0,51573,M,0.0,0.0,51
201100017283,11,7,11,545,2,1,1,1.0,2.0,51044,M,0.0,0.0,51
201100017284,11,7,30,1530,1,1,1,1.0,6.0,51573,M,0.0,0.0,51
201100017285,11,7,30,1600,1,1,1,1.0,6.0,51562,M,0.0,0.0,51
201100017286,11,8,2,1015,1,1,1,1.0,6.0,51571,M,0.0,0.0,51
201100017287,11,8,9,1930,1,1,1,1.0,2.0,51454,M,0.0,0.0,51
201100017288,11,8,27,1300,1,1,9,1.0,6.0,51183,M,0.0,0.0,51
201100017289,11,10,25,1330,1,1,1,1.0,6.0,51450,M,4920107.0,410394.0,51
201100017290,11,11,14,1415,1,1,1,1.0,5.0,51584,M,4920585.0,403101.0,51
201100017291,11,12,3,30,3,1,1,9.0,6.0,51657,M,4924465.0,392722.0,51
201100017292,11,2,17,745,1,1,1,1.0,2.0,91105,M,0.0,0.0,91
201100017293,11,4,29,1515,1,1,1,1.0,1.0,91105,M,0.0,0.0,91
201100017294,11,4,27,1945,2,1,1,1.0,1.0,91105,M,0.0,0.0,91
201100017295,11,5,5,1700,1,1,1,1.0,2.0,91085,M,4855700.0,222000.0,91
201100017296,11,12,13,100,3,1,1,1.0,6.0,91085,M,4854800.0,221200.0,91
201100017297,11,2,9,800,2,2,2,5.0,3.0,69081,M,4577000.0,477400.0,69
201100017298,11,3,26,1230,1,1,1,1.0,7.0,38433,M,4516500.0,562677.0,38
201100017299,11,4,2,1245,1,2,1,1.0,3.0,38485,M,4517970.0,569695.0,38
201100017300,11,4,19,830,1,2,2,1.0,6.0,38485,M,4517800.0,568663.0,38
201100017301,11,5,10,1045,1,2,3,1.0,6.0,38485,M,4516930.0,569224.0,38
201100017302,11,5,16,1845,1,2,3,1.0,3.0,38485,M,4518490.0,569712.0,38
201100017303,11,6,7,1815,1,2,1,1.0,6.0,38485,M,0.0,0.0,38
201100017304,11,6,8,1345,1,2,2,8.0,3.0,38485,M,4518420.0,568989.0,38
201100017305,11,8,23,1630,1,2,1,1.0,1.0,38485,M,4517350.0,568754.0,38
201100017306,11,9,9,1900,1,2,1,1.0,1.0,38485,M,4517800.0,568900.0,38
201100017307,11,12,30,815,1,1,1,4.0,1.0,38485,M,0.0,0.0,38
201100017308,11,12,30,2315,5,2,1,2.0,3.0,38485,M,0.0,0.0,38
201100017309,11,1,26,300,3,1,1,1.0,7.0,38289,M,4513600.0,604936.0,38
201100017310,11,7,8,1500,1,1,9,1.0,6.0,38527,M,0.0,0.0,38
201100017311,11,7,31,1915,1,1,1,1.0,6.0,38052,M,0.0,0.0,38
201100017312,11,8,9,1245,1,1,1,1.0,7.0,38527,M,0.0,0.0,38
201100017313,11,6,5,1200,1,1,1,1.0,4.0,51588,M,0.0,0.0,51
201100017314,11,8,27,1430,1,1,1,8.0,6.0,51507,M,0.0,0.0,51
201100017315,11,2,18,2045,4,1,1,1.0,2.0,57227,M,4917186.0,688328.0,57
201100017316,11,4,8,445,3,1,1,1.0,2.0,57413,M,0.0,0.0,57
201100017317,11,4,14,2000,2,1,1,1.0,7.0,57249,M,0.0,0.0,57
201100017318,11,5,14,545,2,1,1,1.0,6.0,57606,M,0.0,0.0,57
201100017319,11,8,3,1130,1,1,1,1.0,7.0,57606,M,0.0,0.0,57
201100017320,11,9,5,1600,1,1,9,1.0,5.0,57332,M,4914200.0,680400.0,57
201100017321,11,12,7,1030,1,1,1,3.0,2.0,57413,M,0.0,0.0,57
201100017322,11,12,11,115,5,1,1,1.0,7.0,57467,M,0.0,0.0,57
201100017323,11,12,27,1945,5,1,9,1.0,6.0,57129,M,4918347.0,624270.0,57
201100017324,11,1,17,145,3,1,1,5.0,6.0,86066,M,0.0,0.0,86
201100017325,11,8,26,130,3,1,2,3.0,2.0,86019,M,4674400.0,41600.0,86
201100017326,11,9,12,1815,1,1,1,2.0,4.0,86066,M,4679100.0,50600.0,86
201100017327,11,10,11,330,3,1,1,1.0,6.0,86066,M,0.0,0.0,86
201100017328,11,11,19,1530,1,1,1,1.0,6.0,86007,M,0.0,0.0,86
201100017329,11,6,27,1430,1,1,1,1.0,2.0,18141,M,4710400.0,221713.0,18
201100017330,11,7,3,1215,1,1,1,1.0,6.0,18279,M,4722570.0,210610.0,18
201100017331,11,8,13,1500,1,1,1,1.0,6.0,18279,M,4723150.0,209924.0,18
201100017332,11,8,23,1215,1,1,1,1.0,6.0,18279,M,4726910.0,204314.0,18
201100017333,11,8,29,2215,5,1,1,1.0,6.0,18279,M,0.0,0.0,18
201100017334,11,12,8,815,2,1,1,8.0,6.0,18138,M,4706530.0,229263.0,18
201100017335,11,12,10,1815,3,1,1,1.0,4.0,18140,M,4718690.0,201658.0,18
201100017336,11,7,2,2015,1,1,1,1.0,6.0,36122,M,4708710.0,183954.0,36
201100017337,11,8,7,330,3,1,1,1.0,6.0,18167,M,4711970.0,191774.0,18
201100017338,11,1,21,1545,1,1,1,1.0,6.0,49298,M,4744373.0,-73687.0,49
201100017339,11,4,13,2215,3,1,1,1.0,6.0,49015,M,4749419.0,-60172.0,49
201100017340,11,5,22,915,1,1,1,1.0,2.0,02105,M,0.0,0.0,02
201100017341,11,7,15,1645,1,1,1,1.0,2.0,02297,M,0.0,0.0,02
201100017342,11,11,29,1935,2,1,1,8.0,6.0,02809,M,0.0,0.0,02
201100017343,11,12,29,950,1,1,1,1.0,6.0,02085,M,0.0,0.0,02
201100017344,11,1,12,1215,1,1,1,8.0,6.0,06088,M,0.0,0.0,06
201100017345,11,1,22,1045,1,1,1,1.0,2.0,06088,M,0.0,0.0,06
201100017346,11,2,5,1615,1,1,1,1.0,2.0,06088,M,0.0,0.0,06
201100017347,11,2,21,900,1,1,1,1.0,3.0,06088,M,0.0,0.0,06
201100017348,11,2,23,1915,3,1,1,1.0,3.0,06083,M,0.0,0.0,06
201100017349,11,3,24,1715,1,1,6,1.0,7.0,06150,M,0.0,0.0,06
201100017350,11,5,8,2145,5,1,1,1.0,6.0,06088,M,4367500.0,720200.0,06
201100017351,11,5,11,715,1,1,1,1.0,6.0,06149,M,4373700.0,728600.0,06
201100017352,11,7,2,1530,1,1,1,1.0,6.0,06088,M,4372500.0,722200.0,06
201100017353,11,9,6,745,1,1,1,1.0,4.0,06088,M,4373700.0,725400.0,06
201100017354,11,9,8,600,2,1,1,1.0,6.0,06088,M,4367200.0,720100.0,06
201100017355,11,12,4,1430,1,1,1,2.0,7.0,67191,M,0.0,0.0,67
201100017356,11,7,13,1600,1,1,1,1.0,2.0,68129,M,4773380.0,720183.0,68
201100017357,11,12,24,1230,1,1,1,2.0,6.0,68129,M,4773827.0,722010.0,68
201100017358,11,8,1,1630,1,1,1,1.0,7.0,66106,M,0.0,0.0,66
201100017359,11,8,4,515,3,1,1,1.0,2.0,66136,M,0.0,0.0,66
201100017360,11,8,29,530,2,1,1,1.0,6.0,66024,M,0.0,0.0,66
201100017361,11,9,6,1800,1,1,1,1.0,3.0,66164,M,0.0,0.0,66
201100017362,11,12,28,945,1,1,1,1.0,5.0,66063,M,0.0,0.0,66
201100017363,11,1,6,450,3,1,1,9.0,3.0,67162,M,0.0,0.0,67
201100017364,11,2,5,35,3,1,1,1.0,1.0,67067,M,4870800.0,771400.0,67
201100017365,11,2,13,330,3,1,1,1.0,2.0,67506,M,0.0,0.0,67
201100017366,11,5,10,815,1,1,1,1.0,5.0,67460,M,0.0,0.0,67
201100017367,11,5,18,500,2,1,1,1.0,6.0,67067,M,0.0,0.0,67
201100017368,11,6,5,1600,1,1,1,1.0,2.0,67417,M,0.0,0.0,67
201100017369,11,9,18,545,4,1,1,2.0,6.0,67506,M,4868100.0,773500.0,67
201100017370,11,10,22,115,3,1,1,1.0,7.0,67067,M,0.0,0.0,67
201100017371,11,12,17,900,1,1,1,1.0,2.0,67506,M,0.0,0.0,67
201100017372,11,2,5,1745,1,1,1,1.0,6.0,62810,M,5034300.0,280400.0,62
201100017373,11,3,9,615,3,1,1,1.0,6.0,62073,M,5032800.0,284900.0,62
201100017374,11,3,12,1300,1,1,1,1.0,6.0,62186,M,5044200.0,270800.0,62
201100017375,11,4,7,1815,1,1,1,1.0,1.0,62350,M,5051600.0,260600.0,62
201100017376,11,4,10,1100,1,1,1,1.0,6.0,62517,M,5059200.0,236600.0,62
201100017377,11,7,7,1315,1,1,1,1.0,6.0,62543,M,5063800.0,228600.0,62
201100017378,11,10,16,1300,1,1,1,1.0,1.0,62906,M,5084800.0,204199.0,62
201100017379,11,6,16,1200,1,1,1,1.0,6.0,18245,M,4661870.0,250571.0,18
201100017380,11,2,1,645,5,2,1,1.0,2.0,95323,M,4901080.0,204559.0,95
201100017381,11,2,12,100,5,2,1,1.0,1.0,95323,M,4900770.0,205609.0,95
201100017382,11,3,14,2050,3,2,1,1.0,6.0,95323,M,4900850.0,203490.0,95
201100017383,11,8,8,2230,5,2,2,1.0,3.0,95323,M,4902100.0,202210.0,95
201100017384,11,8,27,1505,1,2,1,3.0,6.0,95323,M,4901690.0,202349.0,95
201100017385,11,2,12,445,3,1,1,1.0,2.0,38039,M,4525470.0,588112.0,38
201100017386,11,4,1,1215,1,1,1,1.0,6.0,38314,M,4543680.0,600323.0,38
201100017387,11,10,5,1700,1,1,1,1.0,6.0,38397,M,0.0,0.0,38
201100017388,11,12,3,545,3,1,1,1.0,4.0,38431,M,0.0,0.0,38
201100017389,11,1,16,1900,3,1,1,1.0,2.0,13007,M,4335400.0,561900.0,13
201100017390,11,3,8,345,3,1,1,1.0,6.0,13025,M,0.0,0.0,13
201100017391,11,5,11,1515,1,1,1,1.0,3.0,13001,M,0.0,0.0,13
201100017392,11,7,11,1945,1,1,9,1.0,2.0,13025,M,0.0,0.0,13
201100017393,11,7,16,700,1,1,1,1.0,6.0,13001,M,0.0,0.0,13
201100017394,11,8,20,2015,1,1,1,1.0,6.0,13001,M,0.0,0.0,13
201100017395,11,8,26,1115,1,1,1,1.0,2.0,13109,M,0.0,0.0,13
201100017396,11,9,25,715,2,1,1,1.0,4.0,13001,M,0.0,0.0,13
201100017397,11,10,5,800,1,1,1,1.0,2.0,13007,M,0.0,0.0,13
201100017398,11,10,6,815,1,1,1,1.0,3.0,13001,M,0.0,0.0,13
201100017399,11,2,11,1600,1,1,1,1.0,6.0,06085,M,0.0,0.0,06
201100017400,11,2,11,830,3,1,1,1.0,6.0,06161,M,0.0,0.0,06
201100017401,11,3,28,1815,1,1,1,1.0,3.0,06123,M,0.0,0.0,06
201100017402,11,4,12,1045,1,1,1,1.0,3.0,83133,M,0.0,0.0,83
201100017403,11,4,11,830,1,1,1,1.0,4.0,06161,M,0.0,0.0,06
201100017404,11,5,29,1915,1,1,1,1.0,5.0,06029,M,0.0,0.0,06
201100017405,11,5,27,1630,1,1,1,1.0,7.0,06079,M,0.0,0.0,06
201100017406,11,6,12,515,3,1,1,1.0,5.0,06027,M,0.0,0.0,06
201100017407,11,7,22,1915,2,1,1,1.0,2.0,06004,M,0.0,0.0,06
201100017408,11,7,26,2045,2,1,1,1.0,2.0,06079,M,0.0,0.0,06
201100017409,11,7,27,930,1,1,1,3.0,6.0,06085,M,0.0,0.0,06
201100017410,11,7,30,130,5,1,1,1.0,2.0,06004,M,0.0,0.0,06
201100017411,11,10,13,300,3,1,1,1.0,2.0,06004,M,0.0,0.0,06
201100017412,11,10,21,1945,3,1,9,1.0,2.0,06079,M,0.0,0.0,06
201100017413,11,10,22,830,1,1,1,1.0,6.0,06004,M,0.0,0.0,06
201100017414,11,12,21,1515,1,1,1,1.0,2.0,06085,M,0.0,0.0,06
201100017415,11,3,2,1430,1,1,1,1.0,6.0,77235,M,0.0,0.0,77
201100017416,11,8,28,515,5,1,1,1.0,6.0,77141,M,0.0,0.0,77
201100017417,11,12,22,1330,1,1,1,8.0,7.0,77141,M,4885500.0,285800.0,77
201100017418,11,5,30,1600,1,1,9,1.0,6.0,64112,M,4350820.0,-84660.0,64
201100017419,11,5,30,1630,1,1,1,1.0,3.0,64445,M,4332830.0,-33729.0,64