Num_Acc,an,mois,jour,hrmn,lum,agg,int,atm,col,com,gps,lat,long,dep
201100017420,11,1,3,1430,1,2,1,1.0,3.0,66172,M,4270760.0,284068.0,66
201100017421,11,11,8,1000,1,1,1,1.0,1.0,66172,M,0.0,0.0,66
201100017422,11,1,29,630,3,1,1,5.0,1.0,63200,M,4583100.0,320300.0,63
201100017423,11,12,6,2015,3,1,1,2.0,4.0,63276,M,4585900.0,347800.0,63
201100017424,11,12,22,1100,1,1,1,3.0,4.0,63430,M,4586400.0,349800.0,63
201100017425,11,1,4,1815,2,2,1,1.0,2.0,74264,M,0.0,0.0,74
201100017426,11,1,17,2230,3,1,1,1.0,6.0,74064,M,0.0,0.0,74
201100017427,11,1,27,1600,1,1,1,1.0,1.0,74064,M,0.0,0.0,74
201100017428,11,2,14,1200,1,2,9,1.0,6.0,74014,M,0.0,0.0,74
201100017429,11,3,8,1815,1,2,1,1.0,1.0,74264,M,0.0,0.0,74
201100017430,11,3,17,815,1,2,3,2.0,3.0,74081,M,0.0,0.0,74
201100017431,11,3,7,1045,1,2,1,1.0,3.0,74064,M,0.0,0.0,74
201100017432,11,4,5,930,1,1,1,2.0,1.0,74264,M,0.0,0.0,74
201100017433,11,4,14,1030,1,1,1,1.0,1.0,74064,M,0.0,0.0,74
201100017434,11,5,5,2030,2,1,1,1.0,3.0,74159,M,0.0,0.0,74
201100017435,11,5,19,830,1,2,6,1.0,1.0,74264,M,0.0,0.0,74
201100017436,11,5,19,915,1,2,1,1.0,1.0,74264,M,0.0,0.0,74
201100017437,11,5,22,1230,1,2,3,1.0,4.0,74081,M,0.0,0.0,74
201100017438,11,5,23,845,1,2,9,1.0,6.0,74081,M,0.0,0.0,74
201100017439,11,6,7,1215,1,2,3,1.0,1.0,74081,M,0.0,0.0,74
201100017440,11,6,10,2300,5,2,2,1.0,3.0,74081,M,0.0,0.0,74
201100017441,11,7,10,430,3,2,1,1.0,7.0,74159,M,4603300.0,661300.0,74
201100017442,11,7,16,1730,1,2,3,1.0,1.0,74169,M,4606400.0,652800.0,74
201100017443,11,7,31,1630,1,1,1,1.0,2.0,74081,M,0.0,0.0,74
201100017444,11,8,12,2015,1,1,1,1.0,1.0,74014,M,0.0,0.0,74
201100017445,11,8,24,845,1,1,1,1.0,1.0,74014,M,0.0,0.0,74
201100017446,11,10,5,1500,1,2,2,7.0,6.0,74264,M,0.0,0.0,74
201100017447,11,10,16,1145,1,1,3,1.0,6.0,74264,M,0.0,0.0,74
201100017448,11,10,16,2000,5,2,1,1.0,3.0,74169,M,0.0,0.0,74
201100017449,11,11,1,2230,3,1,1,1.0,7.0,74159,M,0.0,0.0,74
201100017450,11,10,14,1400,1,1,9,1.0,4.0,74159,M,0.0,0.0,74
201100017451,11,11,7,1700,2,1,1,2.0,7.0,74064,M,0.0,0.0,74
201100017452,11,11,26,1530,1,2,9,5.0,6.0,74264,M,0.0,0.0,74
201100017453,11,5,18,1115,1,1,1,1.0,4.0,11195,M,0.0,0.0,11
201100017454,11,8,8,230,3,1,1,1.0,4.0,11049,M,0.0,0.0,11
201100017455,11,8,23,1345,1,1,1,1.0,1.0,11397,M,4319900.0,244100.0,11
201100017456,11,10,4,715,3,1,1,1.0,2.0,11018,M,0.0,0.0,11
201100017457,11,5,12,2215,5,2,1,1.0,3.0,59502,M,5020914.0,334546.0,59
201100017458,11,11,14,630,5,2,1,1.0,6.0,59037,M,5019874.0,337159.0,59
201100017459,11,3,3,215,3,1,1,1.0,7.0,47061,M,4442900.0,15900.0,47
201100017460,11,10,19,1100,1,1,1,1.0,6.0,47046,M,4437830.0,21900.0,47
201100017461,11,5,23,1715,1,1,1,1.0,2.0,72067,M,4808100.0,48200.0,72
201100017462,11,7,26,845,1,1,1,1.0,6.0,72353,M,4818400.0,78400.0,72
201100017463,11,12,30,1100,1,1,1,1.0,6.0,72080,M,0.0,0.0,72
201100017464,11,7,30,2000,1,1,1,1.0,6.0,89130,M,0.0,0.0,89
201100017465,11,8,28,30,3,1,1,1.0,2.0,89378,M,4752700.0,398800.0,89
201100017466,11,12,16,800,2,1,1,6.0,6.0,89197,M,0.0,0.0,89
201100017467,11,3,18,920,1,1,3,1.0,3.0,09122,M,4297760.0,161100.0,09
201100017468,11,5,13,1040,1,2,1,1.0,7.0,09122,M,4298624.0,161587.0,09
201100017469,11,8,22,955,1,2,3,1.0,6.0,09207,M,4293812.0,163202.0,09
201100017470,11,8,29,1208,1,2,1,1.0,3.0,09122,M,4297485.0,160797.0,09
201100017471,11,9,9,911,1,1,1,1.0,7.0,09122,M,4298313.0,161329.0,09
201100017472,11,9,13,1830,1,2,1,1.0,5.0,09122,M,4295991.0,161596.0,09
201100017473,11,10,19,1940,2,2,1,2.0,7.0,09122,M,4296441.0,160287.0,09
201100017474,11,5,13,1900,1,2,6,1.0,3.0,91573,M,4862000.0,250800.0,91
201100017475,11,6,24,1645,1,2,1,1.0,5.0,91617,M,4864200.0,251300.0,91
201100017476,11,9,8,1900,1,1,1,1.0,2.0,91577,M,0.0,0.0,91
201100017477,11,9,26,1100,1,1,1,1.0,2.0,91617,M,4865000.0,253600.0,91
201100017478,11,11,10,1600,1,2,1,1.0,1.0,91573,M,0.0,0.0,91
201100017479,11,11,12,1345,1,1,1,1.0,6.0,91577,M,0.0,0.0,91
201100017480,11,12,8,2015,3,1,1,8.0,1.0,91617,M,4863000.0,253000.0,91
201100017481,11,12,23,1900,5,2,1,1.0,1.0,91577,M,4861100.0,249800.0,91
201100017482,11,7,23,2215,3,1,1,2.0,7.0,38253,M,4504500.0,613300.0,38
201100017483,11,9,10,1800,1,1,1,1.0,7.0,38534,M,4499400.0,609800.0,38
201100017484,11,1,30,1500,1,2,2,1.0,1.0,09225,M,4297760.0,161100.0,09
201100017485,11,4,6,2120,5,2,1,1.0,7.0,09225,M,4311690.0,161495.0,09
201100017486,11,4,12,1950,1,2,1,1.0,3.0,09225,M,4311223.0,161039.0,09
201100017487,11,5,6,845,1,2,1,1.0,6.0,09225,M,4311627.0,161214.0,09
201100017488,11,5,20,1630,1,2,1,1.0,3.0,09225,M,4310772.0,161791.0,09
201100017489,11,5,22,1830,1,2,1,1.0,7.0,09225,M,4311603.0,163149.0,09
201100017490,11,8,23,555,5,2,6,1.0,1.0,09225,M,4310486.0,162048.0,09
201100017491,11,9,13,1925,1,2,1,1.0,7.0,09225,M,4313459.0,160739.0,09
201100017492,11,10,4,1355,1,2,1,1.0,3.0,09225,M,4311019.0,161496.0,09
201100017493,11,10,20,900,1,2,3,1.0,6.0,09225,M,4311537.0,162153.0,09
201100017494,11,12,22,2000,5,2,3,1.0,3.0,09225,M,4310442.0,162251.0,09
201100017495,11,2,19,915,1,1,1,1.0,7.0,31002,M,0.0,0.0,31
201100017496,11,7,29,415,5,1,1,1.0,6.0,31254,M,4354710.0,149900.0,31
201100017497,11,12,3,1315,1,1,1,1.0,6.0,11225,M,0.0,0.0,11
201100017498,11,12,13,1345,1,1,1,1.0,2.0,31450,M,4337520.0,174731.0,31
201100017499,11,1,15,1800,2,1,1,1.0,6.0,33284,M,0.0,0.0,33
201100017500,11,2,10,800,1,1,1,1.0,6.0,33042,M,4450000.0,-83700.0,33
201100017501,11,2,20,830,1,1,1,1.0,2.0,33284,M,4468200.0,-79900.0,33
201100017502,11,4,18,1230,1,1,1,1.0,2.0,33199,M,0.0,0.0,33
201100017503,11,5,11,1300,1,1,1,1.0,2.0,33284,M,4459700.0,-83600.0,33
201100017504,11,6,15,1445,1,1,1,1.0,2.0,33199,M,0.0,0.0,33
201100017505,11,7,8,2230,3,1,1,1.0,2.0,33284,M,0.0,0.0,33
201100017506,11,8,10,1130,1,1,1,1.0,7.0,33284,M,0.0,0.0,33
201100017507,11,8,16,915,1,1,1,1.0,5.0,33284,M,4468500.0,-79100.0,33
201100017508,11,11,17,1615,1,1,1,1.0,2.0,33527,M,4462300.0,-97800.0,33
201100017509,11,12,3,830,2,1,1,2.0,6.0,33284,M,0.0,0.0,33
201100017510,11,12,27,1430,1,1,1,1.0,7.0,33527,M,4468200.0,-79900.0,33
201100017511,11,1,3,2345,3,1,1,1.0,6.0,74208,M,4592400.0,673200.0,74
201100017512,11,1,14,1345,1,1,1,1.0,5.0,74208,M,4591400.0,670500.0,74
201100017513,11,4,10,1100,1,1,1,1.0,2.0,74208,M,4592000.0,672900.0,74
201100017514,11,2,21,1600,1,1,1,3.0,6.0,46331,M,4449300.0,155300.0,46
201100017515,11,5,23,745,1,1,3,1.0,3.0,46275,M,0.0,0.0,46
201100017516,11,2,3,2000,3,1,1,1.0,6.0,72070,M,0.0,0.0,72
201100017517,11,6,20,830,1,1,1,6.0,7.0,72278,M,0.0,0.0,72
201100017518,11,7,6,1415,1,1,1,1.0,6.0,72360,M,0.0,0.0,72
201100017519,11,7,29,315,3,1,1,1.0,2.0,72045,M,0.0,0.0,72
201100017520,11,8,12,1845,1,1,1,1.0,6.0,72217,M,4806300.0,21400.0,72
201100017521,11,10,20,1130,1,1,1,1.0,6.0,72045,M,0.0,0.0,72
201100017522,11,2,24,730,1,1,1,8.0,6.0,68297,M,4757728.0,756154.0,68
201100017523,11,4,19,330,3,1,1,1.0,2.0,68297,M,4757969.0,755600.0,68
201100017524,11,6,15,930,1,1,1,1.0,2.0,68297,M,4760232.0,753410.0,68
201100017525,11,8,10,2245,3,1,1,1.0,2.0,68301,M,4769619.0,744379.0,68
201100017526,11,8,11,400,3,1,1,1.0,2.0,68278,M,4774570.0,742084.0,68
201100017527,11,9,29,1815,1,1,1,1.0,4.0,68300,M,4777526.0,738813.0,68
201100017528,11,12,28,1000,1,1,1,1.0,2.0,68278,M,4775668.0,741965.0,68
201100017529,11,5,14,1045,1,1,1,1.0,7.0,53267,M,4805031.0,-44748.0,53
201100017530,11,6,7,1045,1,1,1,1.0,6.0,53054,M,4811351.0,-77014.0,53
201100017531,11,7,8,1230,1,1,1,1.0,7.0,53007,M,4807454.0,-60167.0,53
201100017532,11,2,9,1430,1,1,1,1.0,6.0,44094,M,0.0,0.0,44
201100017533,11,2,11,1530,1,1,1,1.0,6.0,44109,M,0.0,0.0,44
201100017534,11,2,12,1530,1,1,1,1.0,6.0,44213,M,0.0,0.0,44
201100017535,11,3,24,2245,3,1,1,1.0,2.0,44163,M,0.0,0.0,44
201100017536,11,8,3,1015,1,1,1,1.0,7.0,44163,M,0.0,0.0,44
201100017537,11,9,2,1230,1,1,1,1.0,3.0,44026,M,4729500.0,-147000.0,44
201100017538,11,2,12,515,5,1,1,1.0,2.0,47238,M,4419700.0,51900.0,47
201100017539,11,2,20,930,1,1,1,1.0,6.0,47043,M,4424560.0,30935.0,47
201100017540,11,12,20,2015,3,1,1,1.0,6.0,47060,M,0.0,0.0,47
201100017541,11,2,8,1445,1,1,1,1.0,1.0,82169,M,0.0,0.0,82
201100017542,11,6,9,1815,1,1,1,1.0,6.0,82027,M,0.0,0.0,82
201100017543,11,7,2,1530,1,1,1,1.0,2.0,82171,M,0.0,0.0,82
201100017544,11,7,14,615,2,1,1,1.0,2.0,82033,M,0.0,0.0,82
201100017545,11,5,8,115,3,1,1,1.0,6.0,20348,M,0.0,0.0,201
201100017546,11,5,21,2200,3,2,1,1.0,1.0,20090,M,0.0,0.0,201
201100017547,11,6,13,1045,1,1,1,1.0,4.0,20048,M,0.0,0.0,201
201100017548,11,6,13,1815,1,1,1,1.0,1.0,20090,M,0.0,0.0,201
201100017549,11,7,19,1730,1,1,1,2.0,5.0,20348,M,0.0,0.0,201
201100017550,11,8,4,1845,1,1,1,1.0,4.0,20065,M,0.0,0.0,201
201100017551,11,8,15,630,2,2,1,1.0,1.0,20022,M,0.0,0.0,201
201100017552,11,8,21,300,5,1,1,1.0,5.0,20048,M,0.0,0.0,201
201100017553,11,9,11,2030,5,2,1,1.0,6.0,20048,M,0.0,0.0,201
201100017554,11,9,24,1345,1,1,1,1.0,3.0,20048,M,0.0,0.0,201
201100017555,11,7,30,1445,1,1,1,7.0,1.0,20359,M,0.0,0.0,201
201100017556,11,12,27,2300,3,1,1,1.0,6.0,20130,M,0.0,0.0,201
201100017557,11,1,12,315,3,1,1,1.0,6.0,39182,M,0.0,0.0,39
201100017558,11,1,27,1045,1,1,9,1.0,6.0,39150,M,0.0,0.0,39
201100017559,11,4,23,830,1,1,1,1.0,1.0,39284,M,0.0,0.0,39
201100017560,11,6,15,1745,1,1,1,1.0,6.0,39182,M,0.0,0.0,39
201100017561,11,8,11,1845,1,1,1,1.0,2.0,21138,M,4718880.0,532475.0,21
201100017562,11,11,21,1630,1,1,1,1.0,6.0,39121,M,0.0,0.0,39
201100017563,11,1,26,1530,1,2,1,1.0,3.0,38126,M,4521310.0,576168.0,38
201100017564,11,2,8,1430,1,2,3,1.0,3.0,38229,M,4520540.0,576509.0,38
201100017565,11,2,8,1845,5,2,3,1.0,1.0,38249,M,4522450.0,581708.0,38
201100017566,11,3,30,1100,1,1,2,1.0,5.0,38397,M,4523570.0,582857.0,38
201100017567,11,4,7,1615,1,1,1,1.0,1.0,38435,M,4528800.0,585200.0,38
201100017568,11,4,20,1030,1,2,3,1.0,6.0,38229,M,4520810.0,576056.0,38
201100017569,11,4,15,1315,1,1,1,1.0,6.0,38249,M,0.0,0.0,38
201100017570,11,5,17,2245,1,2,2,1.0,3.0,38229,M,4520760.0,575578.0,38
201100017571,11,6,16,1700,1,2,1,1.0,6.0,38229,M,4522410.0,578931.0,38
201100017572,11,6,29,1045,1,2,1,1.0,6.0,38229,M,0.0,0.0,38
201100017573,11,9,21,1830,1,2,2,1.0,3.0,38229,M,0.0,0.0,38
201100017574,11,10,30,1800,2,2,6,1.0,7.0,38140,M,4527370.0,588418.0,38
201100017575,11,11,6,1330,1,1,1,1.0,1.0,38229,M,0.0,0.0,38
201100017576,11,11,7,1315,1,1,1,1.0,2.0,38397,M,0.0,0.0,38
201100017577,11,11,9,1345,1,2,1,1.0,6.0,38140,M,0.0,0.0,38
201100017578,11,12,5,1200,1,2,1,8.0,3.0,38126,M,0.0,0.0,38
201100017579,11,12,20,1930,5,2,1,4.0,6.0,38229,M,4520100.0,575887.0,38
201100017580,11,1,10,1645,1,2,1,1.0,5.0,06085,M,0.0,0.0,06
201100017581,11,3,19,915,1,2,1,1.0,1.0,06085,M,0.0,0.0,06
201100017582,11,5,11,830,1,2,1,1.0,3.0,06085,M,0.0,0.0,06
201100017583,11,6,13,1215,1,1,1,1.0,6.0,06085,M,0.0,0.0,06
201100017584,11,6,8,815,1,2,1,1.0,3.0,06085,M,0.0,0.0,06
201100017585,11,8,18,1545,1,2,1,1.0,3.0,06085,M,0.0,0.0,06
201100017586,11,8,22,1600,1,1,6,1.0,3.0,06085,M,0.0,0.0,06
201100017587,11,10,18,2315,5,2,1,1.0,3.0,06085,M,0.0,0.0,06
201100017588,11,11,18,1145,1,2,1,1.0,1.0,06085,M,0.0,0.0,06
201100017589,11,11,23,1545,1,2,1,1.0,6.0,06085,M,0.0,0.0,06
201100017590,11,1,16,1230,1,2,1,1.0,2.0,78466,M,4892440.0,199445.0,78
201100017591,11,2,23,1545,1,2,2,2.0,3.0,78010,M,4891350.0,192426.0,78
201100017592,11,5,13,1615,1,2,1,1.0,1.0,78431,M,0.0,0.0,78
201100017593,11,8,19,2100,1,1,1,1.0,3.0,78466,M,4893200.0,200000.0,78
201100017594,11,8,29,1045,1,1,2,1.0,6.0,78466,M,0.0,0.0,78
201100017595,11,10,15,1645,1,2,1,1.0,7.0,78431,M,4894800.0,196300.0,78
201100017596,11,12,4,30,5,1,1,1.0,6.0,78466,M,0.0,0.0,78
201100017597,11,4,15,1400,1,1,3,1.0,1.0,33122,M,0.0,0.0,33
201100017598,11,8,11,215,5,2,6,1.0,7.0,33122,M,4474600.0,-76300.0,33
201100017599,11,10,29,1415,1,1,1,1.0,6.0,33122,M,0.0,0.0,33
201100017600,11,11,30,1800,5,2,1,2.0,6.0,33090,M,0.0,0.0,33
201100017601,11,4,8,1030,1,2,1,1.0,3.0,66038,M,4265411.0,283306.0,66
201100017602,11,4,10,1700,1,2,1,1.0,7.0,66195,M,4267999.0,279205.0,66
201100017603,11,4,13,1930,1,2,6,1.0,2.0,66213,M,4266727.0,283838.0,66
201100017604,11,5,3,1845,1,2,1,1.0,1.0,66140,M,4269178.0,276904.0,66
201100017605,11,5,19,1230,1,1,1,1.0,2.0,66195,M,0.0,0.0,66
201100017606,11,12,5,1945,3,1,1,1.0,1.0,66213,M,0.0,0.0,66
201100017607,11,2,21,1900,3,1,1,1.0,3.0,67112,M,0.0,0.0,67
201100017608,11,4,12,730,1,1,1,2.0,6.0,67073,M,0.0,0.0,67
201100017609,11,4,27,1045,1,1,1,1.0,1.0,67411,M,0.0,0.0,67
201100017610,11,6,12,600,1,1,1,1.0,6.0,67060,M,0.0,0.0,67
201100017611,11,7,9,530,2,1,1,1.0,2.0,67329,M,0.0,0.0,67
201100017612,11,8,2,1645,1,1,1,1.0,2.0,67329,M,0.0,0.0,67
201100017613,11,8,23,2245,3,1,1,1.0,2.0,67445,M,0.0,0.0,67
201100017614,11,9,13,2115,3,1,1,1.0,6.0,67462,M,0.0,0.0,67
201100017615,11,9,17,815,1,1,1,1.0,2.0,67248,M,0.0,0.0,67
201100017616,11,11,12,1800,3,1,9,1.0,7.0,67411,M,0.0,0.0,67
201100017617,11,11,19,1845,3,1,1,8.0,5.0,67223,M,0.0,0.0,67
201100017618,11,11,29,1715,2,1,9,1.0,2.0,67101,M,0.0,0.0,67
201100017619,11,11,30,1,3,1,1,1.0,7.0,67445,M,0.0,0.0,67
201100017620,11,12,23,845,1,1,1,1.0,7.0,67248,M,0.0,0.0,67
201100017621,11,6,27,415,3,1,9,9.0,3.0,79048,M,0.0,0.0,79
201100017622,11,7,14,2015,1,1,1,1.0,3.0,79128,M,0.0,0.0,79
201100017623,11,1,23,1930,3,1,1,1.0,4.0,17236,M,0.0,0.0,17
201100017624,11,3,27,1730,1,1,1,1.0,5.0,33553,M,0.0,0.0,33
201100017625,11,4,16,300,3,1,1,1.0,5.0,33351,M,0.0,0.0,33
201100017626,11,4,28,15,3,1,1,1.0,1.0,33267,M,0.0,0.0,33
201100017627,11,5,1,1345,1,1,1,1.0,7.0,17116,M,0.0,0.0,17
201100017628,11,6,12,130,3,1,1,1.0,6.0,17236,M,0.0,0.0,17
201100017629,11,6,28,1745,1,1,1,1.0,1.0,17317,M,0.0,0.0,17
201100017630,11,10,1,1430,1,1,1,1.0,6.0,33382,M,0.0,0.0,33
201100017631,11,11,2,2345,3,1,1,1.0,1.0,17052,M,0.0,0.0,17
201100017632,11,3,8,1530,1,1,1,1.0,2.0,74118,M,0.0,0.0,74
201100017633,11,6,8,1300,1,1,1,2.0,3.0,74243,M,4614000.0,613500.0,74
201100017634,11,7,1,745,1,1,1,1.0,2.0,74016,M,0.0,0.0,74
201100017635,11,7,8,1345,1,1,1,1.0,6.0,01033,M,0.0,0.0,01
201100017636,11,7,31,215,5,1,9,1.0,1.0,74309,M,0.0,0.0,74
201100017637,11,8,21,1200,1,1,1,1.0,6.0,74109,M,0.0,0.0,74
201100017638,11,4,2,1830,1,2,1,1.0,6.0,22187,M,4853684.0,-271991.0,22
201100017639,11,4,22,1000,1,2,6,1.0,3.0,22251,M,4857600.0,-281500.0,22
201100017640,11,10,19,1845,2,2,1,1.0,6.0,22251,M,4857194.0,-281423.0,22
201100017641,11,10,30,2045,3,1,2,1.0,3.0,22182,M,4854011.0,-295927.0,22
201100017642,11,11,18,1845,3,1,3,1.0,1.0,22187,M,4854467.0,-278566.0,22
201100017643,11,3,9,2130,3,1,1,1.0,6.0,20092,M,4173100.0,940400.0,201
201100017644,11,5,18,1415,1,1,1,1.0,6.0,20362,M,0.0,0.0,201
201100017645,11,7,5,730,1,1,1,8.0,6.0,20139,M,0.0,0.0,201
201100017646,11,7,5,1745,1,1,1,1.0,1.0,20362,M,0.0,0.0,201
201100017647,11,7,19,1645,1,1,1,2.0,7.0,20362,M,4165900.0,935100.0,201
201100017648,11,8,17,1530,1,2,1,1.0,6.0,20362,M,4170300.0,934800.0,201
201100017649,11,10,12,1530,1,1,1,1.0,7.0,20139,M,0.0,0.0,201
201100017650,11,11,27,1115,1,2,1,1.0,5.0,20269,M,0.0,0.0,201
201100017651,11,1,24,730,2,2,1,1.0,3.0,74268,M,4589000.0,609700.0,74
201100017652,11,2,11,800,1,2,1,1.0,6.0,74268,M,4588900.0,609700.0,74
201100017653,11,5,16,1030,1,2,6,1.0,1.0,74268,M,4589000.0,610000.0,74
201100017654,11,7,6,930,1,2,1,1.0,6.0,74268,M,0.0,0.0,74
201100017655,11,9,15,1145,1,1,1,1.0,1.0,74268,M,0.0,0.0,74
201100017656,11,11,9,1815,2,2,3,1.0,1.0,74268,M,0.0,0.0,74
201100017657,11,11,18,1800,5,2,1,1.0,6.0,74268,M,0.0,0.0,74
201100017658,11,2,2,615,5,1,1,1.0,5.0,01142,M,4585500.0,508700.0,01
201100017659,11,3,6,1445,1,1,1,1.0,6.0,01290,M,4586900.0,518400.0,01
201100017660,11,4,11,1015,1,1,1,1.0,6.0,01244,M,4590000.0,521500.0,01
201100017661,11,7,2,1230,1,1,1,1.0,6.0,01049,M,4583700.0,502900.0,01
201100017662,11,8,10,145,3,1,1,1.0,6.0,01290,M,4590500.0,522800.0,01
201100017663,11,11,11,1945,3,1,1,1.0,4.0,01142,M,4585500.0,509000.0,01
201100017664,11,12,30,2000,3,1,1,1.0,5.0,38557,M,4579000.0,507000.0,38
201100017665,11,4,15,730,1,1,1,1.0,1.0,42042,M,4543593.0,423570.0,42
201100017666,11,6,25,1700,1,1,1,1.0,1.0,42169,M,4546540.0,413002.0,42
201100017667,11,7,1,1545,1,1,1,1.0,1.0,42256,M,4547227.0,413988.0,42
201100017668,11,7,31,1615,1,1,1,1.0,3.0,42256,M,4549196.0,415258.0,42
201100017669,11,8,9,1815,1,1,1,1.0,1.0,42279,M,4549305.0,429280.0,42
201100017670,11,9,1,1900,1,2,1,1.0,1.0,42279,M,4551800.0,426268.0,42
201100017671,11,10,13,1745,1,2,6,1.0,6.0,42279,M,4550080.0,424934.0,42
201100017672,11,11,21,1700,1,2,1,1.0,1.0,42279,M,4549873.0,424248.0,42
201100017673,11,11,28,815,1,2,1,1.0,6.0,42279,M,4549994.0,423997.0,42
201100017674,11,12,8,700,4,1,1,8.0,6.0,42256,M,4547485.0,414614.0,42
201100017675,11,4,21,1845,1,2,1,1.0,6.0,91045,M,0.0,0.0,91
201100017676,11,4,21,1415,1,2,1,1.0,6.0,91045,M,0.0,0.0,91
201100017677,11,6,19,1115,1,2,1,1.0,6.0,91045,M,0.0,0.0,91
201100017678,11,7,7,1345,1,1,1,1.0,5.0,91159,M,4853200.0,246100.0,91
201100017679,11,11,26,730,1,1,6,5.0,1.0,91649,M,4856400.0,235200.0,91
201100017680,11,1,3,1515,1,1,1,1.0,1.0,51629,M,0.0,0.0,51
201100017681,11,2,24,1920,3,1,1,5.0,6.0,51629,M,4915725.0,401070.0,51
201100017682,11,4,10,1930,1,1,1,1.0,6.0,51571,M,0.0,0.0,51
201100017683,11,4,10,1815,1,1,1,1.0,7.0,51562,M,0.0,0.0,51
201100017684,11,4,11,1815,1,1,1,1.0,2.0,51450,M,0.0,0.0,51
201100017685,11,4,17,900,1,1,1,1.0,6.0,51571,M,0.0,0.0,51
201100017686,11,5,22,1945,1,1,1,1.0,1.0,51562,M,0.0,0.0,51
201100017687,11,6,20,945,1,1,1,2.0,7.0,51338,M,0.0,0.0,51
201100017688,11,7,8,915,1,1,1,1.0,1.0,51428,M,0.0,0.0,51
201100017689,11,8,9,915,1,2,1,1.0,6.0,51562,M,0.0,0.0,51
201100017690,11,8,28,1615,1,1,2,1.0,3.0,51447,M,0.0,0.0,51
201100017691,11,10,18,1115,1,1,1,1.0,1.0,51629,M,4918166.0,401251.0,51
201100017692,11,10,30,130,3,1,1,1.0,7.0,51450,M,4920446.0,411779.0,51
201100017693,11,11,10,1830,3,1,1,1.0,1.0,51172,M,4921002.0,405093.0,51
201100017694,11,11,30,1645,2,2,1,1.0,7.0,51629,M,4916589.0,401148.0,51
201100017695,11,4,14,745,1,2,1,1.0,1.0,31203,M,4351637.0,131291.0,31
201100017696,11,7,6,945,1,2,3,1.0,3.0,31203,M,4352212.0,132172.0,31
201100017697,11,7,6,2230,5,2,1,1.0,7.0,31588,M,4352544.0,134473.0,31
201100017698,11,9,23,1715,1,2,1,1.0,6.0,31588,M,4352139.0,133920.0,31
201100017699,11,3,3,1730,1,1,1,1.0,3.0,06152,M,0.0,0.0,06
201100017700,11,3,4,1800,1,1,1,1.0,3.0,06152,M,0.0,0.0,06
201100017701,11,3,11,1445,1,1,1,1.0,6.0,06018,M,0.0,0.0,06
201100017702,11,4,1,1600,1,2,1,1.0,1.0,06152,M,0.0,0.0,06
201100017703,11,4,8,1545,1,1,1,1.0,5.0,06152,M,0.0,0.0,06
201100017704,11,6,19,1845,1,2,9,7.0,6.0,06152,M,0.0,0.0,06
201100017705,11,6,20,1215,1,2,1,1.0,3.0,06018,M,0.0,0.0,06
201100017706,11,7,18,815,1,1,1,1.0,5.0,06018,M,0.0,0.0,06
201100017707,11,7,12,1545,1,1,1,1.0,1.0,06152,M,0.0,0.0,06
201100017708,11,8,8,1330,1,1,1,1.0,1.0,06018,M,0.0,0.0,06
201100017709,11,8,16,2345,5,2,1,1.0,1.0,06152,M,4364800.0,701500.0,06
201100017710,11,8,30,1815,1,1,1,1.0,3.0,06152,M,0.0,0.0,06
201100017711,11,8,30,1500,1,1,1,1.0,1.0,06018,M,0.0,0.0,06
201100017712,11,9,3,1445,1,1,1,1.0,1.0,06152,M,4360900.0,704900.0,06
201100017713,11,9,4,1145,1,1,1,1.0,6.0,06018,M,0.0,0.0,06
201100017714,11,9,20,2030,3,1,1,1.0,1.0,06152,M,4360000.0,705000.0,06
201100017715,11,10,7,1330,1,2,1,1.0,1.0,06018,M,4363000.0,710000.0,06
201100017716,11,12,9,1445,1,1,1,1.0,1.0,06152,M,4364700.0,704600.0,06
201100017717,11,12,17,945,1,1,1,1.0,1.0,06018,M,0.0,0.0,06
201100017718,11,5,15,800,1,1,1,1.0,2.0,69063,M,0.0,0.0,69
201100017719,11,9,30,900,1,2,1,1.0,1.0,69063,M,0.0,0.0,69
201100017720,11,1,10,1000,1,2,1,1.0,3.0,69244,M,4577700.0,474900.0,69
201100017721,11,3,31,1245,1,2,1,2.0,1.0,69244,M,4575000.0,477000.0,69
201100017722,11,4,8,2000,1,2,1,1.0,1.0,69244,M,0.0,0.0,69
201100017723,11,4,14,1700,1,2,1,1.0,3.0,69244,M,0.0,0.0,69
201100017724,11,4,28,800,1,2,1,1.0,1.0,69244,M,0.0,0.0,69
201100017725,11,5,19,1800,1,2,1,1.0,2.0,69244,M,,,69
201100017726,11,6,17,1545,1,2,9,2.0,3.0,69244,M,0.0,0.0,69
201100017727,11,10,7,745,1,2,1,1.0,1.0,69244,M,0.0,0.0,69
201100017728,11,12,8,1700,1,2,1,1.0,1.0,69244,M,0.0,0.0,69
201100017729,11,5,13,1215,1,2,3,1.0,6.0,38425,M,4539580.0,477337.0,38
201100017730,11,5,26,1600,1,2,1,1.0,3.0,38101,M,4543300.0,484599.0,38
201100017731,11,5,30,730,1,2,1,2.0,6.0,38378,M,4544600.0,476700.0,38
201100017732,11,7,28,2245,3,1,1,1.0,5.0,38019,M,4543900.0,481000.0,38
201100017733,11,9,22,1830,1,1,1,1.0,1.0,38019,M,4543600.0,482000.0,38
201100017734,11,10,13,730,2,1,1,1.0,5.0,38378,M,0.0,0.0,38
201100017735,11,10,19,1430,1,2,1,2.0,6.0,38425,M,0.0,0.0,38
201100017736,11,11,5,1830,3,1,1,2.0,3.0,38536,M,0.0,0.0,38
201100017737,11,12,25,1830,3,1,1,1.0,3.0,38019,M,0.0,0.0,38
201100017738,11,1,15,1745,3,2,1,1.0,1.0,74137,M,4601900.0,618500.0,74
201100017739,11,1,28,2000,5,2,1,1.0,1.0,74062,M,0.0,0.0,74