Num_Acc,an,mois,jour,hrmn,lum,agg,int,atm,col,com,gps,lat,long,dep
201100017740,11,2,27,1630,1,2,1,2.0,6.0,74011,M,4590900.0,614900.0,74
201100017741,11,3,24,1700,1,2,1,1.0,6.0,74011,M,0.0,0.0,74
201100017742,11,4,20,1130,1,2,1,1.0,1.0,74011,M,0.0,0.0,74
201100017743,11,4,20,1400,1,2,3,1.0,1.0,74011,M,0.0,0.0,74
201100017744,11,6,14,2100,2,2,1,1.0,6.0,74011,M,0.0,0.0,74
201100017745,11,7,1,1145,1,2,3,1.0,3.0,74011,M,0.0,0.0,74
201100017746,11,7,9,2300,3,1,4,1.0,1.0,74137,M,4602200.0,617100.0,74
201100017747,11,7,23,1145,1,1,1,1.0,1.0,74282,M,4596900.0,629800.0,74
201100017748,11,8,5,830,1,2,1,1.0,2.0,74011,M,4590900.0,615000.0,74
201100017749,11,9,12,1745,1,1,3,1.0,2.0,74282,M,4600400.0,620900.0,74
201100017750,11,10,9,530,5,2,1,2.0,6.0,74176,M,4586500.0,619300.0,74
201100017751,11,10,22,945,1,2,1,1.0,6.0,74282,M,0.0,0.0,74
201100017752,11,11,11,2145,3,1,1,1.0,3.0,74019,M,0.0,0.0,74
201100017753,11,4,7,1700,1,1,1,1.0,1.0,34255,M,4365640.0,383731.0,34
201100017754,11,5,1,1945,1,1,1,1.0,1.0,34247,M,4370477.0,384316.0,34
201100017755,11,5,8,215,3,1,1,1.0,7.0,34255,M,4370628.0,382452.0,34
201100017756,11,6,1,1515,1,1,1,1.0,5.0,34255,M,4369698.0,382630.0,34
201100017757,11,6,4,2015,1,1,1,2.0,1.0,34255,M,4368700.0,382200.0,34
201100017758,11,6,24,1430,1,1,9,1.0,3.0,34153,M,4372900.0,379600.0,34
201100017759,11,8,18,2030,2,1,1,1.0,3.0,34247,M,4367300.0,384300.0,34
201100017760,11,9,8,145,3,1,1,1.0,1.0,34153,M,4374012.0,377586.0,34
201100017761,11,10,3,1400,1,2,9,1.0,6.0,34255,M,4370100.0,380700.0,34
201100017762,11,11,9,1000,1,1,1,1.0,1.0,34255,M,0.0,0.0,34
201100017763,11,11,17,1445,3,1,1,1.0,3.0,34255,M,4367500.0,382500.0,34
201100017764,11,12,8,845,1,1,2,1.0,3.0,34116,M,4364300.0,375000.0,34
201100017765,11,8,24,1515,1,1,1,2.0,6.0,01355,M,0.0,0.0,01
201100017766,11,9,5,645,2,1,1,1.0,6.0,01422,M,0.0,0.0,01
201100017767,11,10,9,2215,3,1,1,2.0,2.0,01451,M,0.0,0.0,01
201100017768,11,5,6,1830,1,1,1,1.0,2.0,02330,M,0.0,0.0,02
201100017769,11,8,9,750,1,1,1,1.0,7.0,02063,M,0.0,0.0,02
201100017770,11,2,2,1900,3,1,1,1.0,1.0,78571,M,4886210.0,199361.0,78
201100017771,11,2,16,1715,1,1,2,1.0,5.0,78571,M,4885430.0,202523.0,78
201100017772,11,4,24,1300,1,2,1,1.0,1.0,78518,M,4883470.0,204550.0,78
201100017773,11,5,12,1315,1,1,2,1.0,3.0,78455,M,4883670.0,206639.0,78
201100017774,11,7,16,130,5,2,6,1.0,6.0,78455,M,4884700.0,206199.0,78
201100017775,11,8,25,700,2,1,6,1.0,6.0,78455,M,4884700.0,205500.0,78
201100017776,11,10,18,1300,1,1,4,2.0,3.0,78571,M,4887000.0,203300.0,78
201100017777,11,11,1,545,3,1,1,1.0,6.0,78233,M,4887300.0,196600.0,78
201100017778,11,11,12,2030,3,1,4,1.0,2.0,78455,M,4885100.0,205399.0,78
201100017779,11,12,3,830,5,2,1,2.0,6.0,78043,M,4884500.0,207600.0,78
201100017780,11,12,5,900,1,1,1,8.0,3.0,78455,M,4885100.0,205300.0,78
201100017781,11,12,5,845,2,1,1,7.0,5.0,78043,M,4884000.0,207900.0,78
201100017782,11,12,22,1645,1,1,2,1.0,3.0,78571,M,0.0,0.0,78
201100017783,11,12,25,1800,3,1,1,1.0,1.0,78571,M,4885900.0,202400.0,78
201100017784,11,2,12,2030,3,2,1,1.0,6.0,13112,M,0.0,0.0,13
201100017785,11,3,1,2215,5,1,9,1.0,6.0,13114,M,0.0,0.0,13
201100017786,11,6,15,830,1,1,1,1.0,5.0,13112,M,0.0,0.0,13
201100017787,11,9,21,730,1,1,1,1.0,2.0,13118,M,0.0,0.0,13
201100017788,11,11,1,730,2,1,1,2.0,6.0,13114,M,0.0,0.0,13
201100017789,11,11,16,1830,3,2,3,1.0,3.0,13112,M,0.0,0.0,13
201100017790,11,5,14,500,5,1,1,1.0,2.0,95430,M,4907010.0,232550.0,95
201100017791,11,6,17,1815,1,2,1,1.0,6.0,09239,M,4270101.0,209788.0,09
201100017792,11,8,27,315,3,1,1,1.0,6.0,09193,M,4272863.0,205794.0,09
201100017793,11,8,22,1830,1,1,1,1.0,6.0,09296,M,4280040.0,165316.0,09
201100017794,11,10,1,1745,1,1,1,1.0,6.0,09032,M,4268633.0,182300.0,09
201100017795,11,10,30,1745,1,1,1,1.0,5.0,09189,M,4261453.0,181867.0,09
201100017796,11,12,24,1545,1,1,1,1.0,6.0,09131,M,4276572.0,174826.0,09
201100017797,11,2,8,1215,1,2,1,2.0,6.0,35275,M,0.0,0.0,35
201100017798,11,8,5,1600,1,1,1,1.0,1.0,35210,M,4815013.0,-173783.0,35
201100017799,11,12,12,1000,1,2,1,7.0,6.0,35059,M,0.0,0.0,35
201100017800,11,1,9,1415,1,2,1,1.0,7.0,56240,M,4753212.0,-275721.0,56
201100017801,11,1,21,615,5,1,6,1.0,3.0,56251,M,0.0,0.0,56
201100017802,11,2,13,15,5,1,1,1.0,7.0,56240,M,4754393.0,-277898.0,56
201100017803,11,3,13,1745,1,2,6,7.0,6.0,56243,M,4765072.0,-272341.0,56
201100017804,11,4,2,415,5,1,1,1.0,6.0,56243,M,0.0,0.0,56
201100017805,11,4,30,1400,1,1,1,1.0,1.0,56205,M,0.0,0.0,56
201100017806,11,5,22,715,1,1,1,1.0,6.0,56214,M,4751923.0,-285172.0,56
201100017807,11,8,3,2115,2,2,1,1.0,6.0,56243,M,4761349.0,-274971.0,56
201100017808,11,8,5,900,1,1,6,1.0,1.0,56214,M,0.0,0.0,56
201100017809,11,8,10,1715,1,2,1,1.0,3.0,56252,M,4751918.0,-264945.0,56
201100017810,11,8,30,1330,1,2,6,1.0,3.0,56240,M,4752134.0,-277745.0,56
201100017811,11,11,19,1215,1,2,9,1.0,3.0,56243,M,4765250.0,-273135.0,56
201100017812,11,4,27,2230,3,1,1,1.0,2.0,42130,M,4567137.0,415754.0,42
201100017813,11,7,4,1215,1,1,1,1.0,6.0,42295,M,4585716.0,382455.0,42
201100017814,11,11,11,1115,1,1,1,1.0,2.0,42324,M,4556536.0,423132.0,42
201100017815,11,4,12,730,1,1,1,1.0,6.0,54041,M,4856100.0,589200.0,54
201100017816,11,7,30,715,1,1,1,1.0,7.0,88274,M,4829034.0,585640.0,88
201100017817,11,8,28,1615,1,1,1,1.0,6.0,88387,M,4835632.0,586462.0,88
201100017818,11,9,27,2215,3,1,1,1.0,6.0,88010,M,4837814.0,588167.0,88
201100017819,11,2,28,2300,3,1,1,1.0,2.0,13059,M,0.0,0.0,13
201100017820,11,4,30,1645,1,1,1,1.0,7.0,13099,M,0.0,0.0,13
201100017821,11,5,2,1730,1,1,1,1.0,7.0,13048,M,0.0,0.0,13
201100017822,11,5,12,1815,1,1,1,1.0,7.0,13099,M,0.0,0.0,13
201100017823,11,11,13,115,3,1,1,1.0,7.0,13113,M,0.0,0.0,13
201100017824,11,1,2,815,2,1,1,1.0,6.0,18279,M,4724050.0,207934.0,18
201100017825,11,1,7,1930,3,1,1,1.0,6.0,41232,M,4740790.0,202692.0,41
201100017826,11,3,17,1000,2,1,1,8.0,4.0,41046,M,4760320.0,197338.0,41
201100017827,11,4,15,2130,3,1,9,1.0,2.0,18279,M,4724560.0,206716.0,18
201100017828,11,5,12,45,3,1,1,2.0,6.0,41232,M,4742130.0,201967.0,41
201100017829,11,8,24,1915,2,1,1,1.0,7.0,41046,M,4766140.0,193069.0,41
201100017830,11,1,11,745,3,1,1,1.0,1.0,34333,M,4349484.0,379545.0,34
201100017831,11,2,19,1915,3,1,1,1.0,1.0,34337,M,4353959.0,389646.0,34
201100017832,11,4,2,1745,1,1,1,1.0,2.0,34337,M,4353949.0,382281.0,34
201100017833,11,4,12,1000,1,2,9,1.0,6.0,34159,M,4350807.0,380258.0,34
201100017834,11,7,29,1845,1,1,1,1.0,3.0,34333,M,4348453.0,377262.0,34
201100017835,11,8,21,1300,1,1,1,1.0,1.0,34333,M,4348900.0,377300.0,34
201100017836,11,12,22,1615,1,2,1,1.0,6.0,34337,M,0.0,0.0,34
201100017837,11,1,17,1300,1,1,1,1.0,7.0,01373,M,0.0,0.0,01
201100017838,11,1,17,430,3,1,1,1.0,7.0,01077,M,4611700.0,546900.0,01
201100017839,11,3,22,1715,5,1,1,1.0,6.0,01091,M,4614500.0,579600.0,01
201100017840,11,10,7,2245,3,1,1,2.0,1.0,01204,M,0.0,0.0,01
201100017841,11,11,28,545,3,1,1,1.0,2.0,01077,M,4611500.0,546500.0,01
201100017842,11,1,21,1145,1,2,1,8.0,1.0,14355,M,4927580.0,-50510.0,14
201100017843,11,1,31,1415,1,1,2,8.0,1.0,14200,M,0.0,0.0,14
201100017844,11,7,10,200,5,2,1,1.0,6.0,14377,M,4933600.0,-69700.0,14
201100017845,11,8,4,1600,1,2,1,1.0,6.0,14709,M,0.0,0.0,14
201100017846,11,10,14,1700,1,1,1,1.0,3.0,14200,M,0.0,0.0,14
201100017847,11,11,20,1200,1,1,1,7.0,2.0,14191,M,0.0,0.0,14
201100017848,11,1,12,2115,3,1,1,1.0,6.0,13051,M,0.0,0.0,13
201100017849,11,4,2,1445,1,1,1,1.0,2.0,13009,M,0.0,0.0,13
201100017850,11,4,8,1915,1,1,1,1.0,1.0,13029,M,0.0,0.0,13
201100017851,11,5,31,2245,3,1,1,6.0,7.0,13051,M,0.0,0.0,13
201100017852,11,6,4,15,3,1,1,2.0,7.0,13044,M,0.0,0.0,13
201100017853,11,5,31,1415,1,1,1,1.0,7.0,13044,M,0.0,0.0,13
201100017854,11,6,11,930,1,1,1,1.0,5.0,13051,M,0.0,0.0,13
201100017855,11,6,14,1145,1,1,1,1.0,7.0,13051,M,0.0,0.0,13
201100017856,11,7,12,745,1,1,1,1.0,5.0,13044,M,0.0,0.0,13
201100017857,11,7,15,1915,1,2,1,1.0,6.0,13069,M,4363023.0,514970.0,13
201100017858,11,7,31,1630,3,1,1,1.0,6.0,13051,M,0.0,0.0,13
201100017859,11,9,21,930,1,2,1,1.0,2.0,13051,M,4359000.0,513700.0,13
201100017860,11,10,5,1100,1,1,2,1.0,5.0,13069,M,0.0,0.0,13
201100017861,11,10,9,2215,3,1,1,1.0,1.0,13051,M,0.0,0.0,13
201100017862,11,10,17,915,1,2,3,1.0,3.0,13051,M,0.0,0.0,13
201100017863,11,11,18,2230,5,1,2,1.0,3.0,13069,M,0.0,0.0,13
201100017864,11,11,24,1045,1,1,1,1.0,1.0,13051,M,0.0,0.0,13
201100017865,11,12,26,300,3,1,1,1.0,7.0,13009,M,0.0,0.0,13
201100017866,11,8,10,1045,1,1,3,1.0,2.0,05174,M,4491276.0,667196.0,05
201100017867,11,3,3,2115,3,1,1,1.0,2.0,03021,M,4612000.0,312800.0,03
201100017868,11,7,11,845,1,1,1,1.0,6.0,03243,M,4631400.0,300300.0,03
201100017869,11,9,9,1845,1,1,1,1.0,1.0,03021,M,0.0,0.0,03
201100017870,11,1,15,115,3,1,1,1.0,2.0,63322,M,4585400.0,316000.0,63
201100017871,11,1,21,715,3,1,1,1.0,2.0,63311,M,4604600.0,311400.0,63
201100017872,11,4,1,215,3,1,1,1.0,2.0,63311,M,4604505.0,311230.0,63
201100017873,11,7,12,1930,1,1,1,2.0,2.0,63116,M,0.0,0.0,63
201100017874,11,9,28,815,1,1,1,7.0,5.0,63113,M,4581000.0,313900.0,63
201100017875,11,10,24,830,1,1,1,1.0,2.0,63311,M,0.0,0.0,63
201100017876,11,12,16,1330,1,1,1,6.0,7.0,63379,M,4599600.0,311100.0,63
201100017877,11,2,20,1645,1,1,1,1.0,7.0,49323,M,4750057.0,-47685.0,49
201100017878,11,6,2,1600,1,1,1,1.0,2.0,49110,M,4753975.0,-34136.0,49
201100017879,11,7,26,1515,1,1,1,1.0,7.0,72061,M,0.0,0.0,72
201100017880,11,10,7,1405,1,1,1,1.0,2.0,49127,M,4768448.0,-25205.0,49
201100017881,11,9,22,2230,3,1,1,1.0,2.0,40168,M,0.0,0.0,40
201100017882,11,2,7,1930,3,1,1,5.0,3.0,40152,M,0.0,0.0,40
201100017883,11,3,25,1600,1,1,1,1.0,7.0,40210,M,0.0,0.0,40
201100017884,11,3,25,2245,3,1,1,1.0,7.0,40210,M,0.0,0.0,40
201100017885,11,7,18,730,1,1,1,8.0,7.0,40156,M,0.0,0.0,40
201100017886,11,7,30,1720,1,1,1,1.0,2.0,40094,M,0.0,0.0,40
201100017887,11,9,13,2115,3,1,1,1.0,6.0,40295,M,0.0,0.0,40
201100017888,11,5,21,1700,1,1,1,1.0,7.0,63100,M,4602300.0,289800.0,63
201100017889,11,7,8,1900,1,1,1,1.0,1.0,63004,M,4592386.0,286688.0,63
201100017890,11,8,12,1615,1,1,1,1.0,2.0,63206,M,0.0,0.0,63
201100017891,11,9,9,1930,2,1,1,1.0,1.0,63206,M,0.0,0.0,63
201100017892,11,9,25,2115,3,1,1,2.0,7.0,63329,M,0.0,0.0,63
201100017893,11,11,17,2145,3,2,1,1.0,6.0,63093,M,4597600.0,302400.0,63
201100017894,11,12,18,1556,1,2,1,1.0,3.0,10343,M,,,10
201100017895,11,1,5,1400,1,2,1,1.0,7.0,10387,M,,,10
201100017896,11,12,31,1550,1,2,1,2.0,4.0,10387,M,,,10
201100017897,11,12,21,905,1,2,1,2.0,6.0,10387,M,4818242.0,453243.0,10
201100017898,11,1,12,1905,3,1,1,2.0,5.0,10362,M,,,10
201100017899,11,1,15,1200,1,2,2,1.0,3.0,10387,M,,,10
201100017900,11,1,18,1535,1,2,1,1.0,7.0,10387,M,,,10
201100017901,11,1,20,1025,1,2,1,1.0,7.0,10333,M,,,10
201100017902,11,1,23,715,3,2,1,1.0,7.0,10343,M,,,10
201100017903,11,1,21,1205,1,2,1,1.0,7.0,10333,M,,,10
201100017904,11,1,26,800,2,2,6,1.0,7.0,10387,M,,,10
201100017905,11,1,25,855,2,2,1,1.0,7.0,10387,M,,,10
201100017906,11,1,21,1805,2,2,6,1.0,2.0,10343,M,,,10
201100017907,11,2,13,1213,1,2,1,1.0,7.0,10362,M,,,10
201100017908,11,2,7,1253,1,2,1,1.0,7.0,10333,M,,,10
201100017909,11,2,11,1623,1,2,1,1.0,3.0,10357,M,,,10
201100017910,11,2,4,1650,1,2,3,1.0,3.0,10387,M,,,10
201100017911,11,2,16,1640,1,2,6,1.0,3.0,10387,M,,,10
201100017912,11,2,18,835,1,2,1,1.0,7.0,10387,M,,,10
201100017913,11,2,25,1,5,2,2,1.0,5.0,10387,M,,,10
201100017914,11,2,27,1800,1,2,1,1.0,7.0,10387,M,,,10
201100017915,11,3,2,1525,1,2,2,1.0,3.0,10387,M,,,10
201100017916,11,3,10,1826,1,2,2,1.0,3.0,10387,M,,,10
201100017917,11,3,15,1649,1,2,3,1.0,3.0,10387,M,,,10
201100017918,11,3,11,1445,1,2,3,8.0,3.0,10387,M,,,10
201100017919,11,3,14,1205,1,2,2,1.0,7.0,10333,M,,,10
201100017920,11,3,4,1600,1,2,2,1.0,3.0,10387,M,,,10
201100017921,11,3,12,1015,1,2,2,1.0,3.0,10387,M,,,10
201100017922,11,3,16,935,1,2,1,1.0,6.0,10387,M,,,10
201100017923,11,3,17,1955,5,2,1,1.0,7.0,10387,M,,,10
201100017924,11,3,19,1250,1,2,1,1.0,7.0,10387,M,,,10
201100017925,11,3,22,456,5,2,1,1.0,6.0,10387,M,,,10
201100017926,11,3,18,2025,2,2,1,1.0,4.0,10081,M,,,10
201100017927,11,3,29,1350,1,1,6,1.0,4.0,10060,M,,,10
201100017928,11,3,24,1725,1,2,2,1.0,7.0,10081,M,,,10
201100017929,11,4,2,650,2,2,3,1.0,3.0,10387,M,,,10
201100017930,11,4,6,1150,1,2,2,1.0,3.0,10081,M,,,10
201100017931,11,4,15,1705,1,2,3,1.0,3.0,10362,M,,,10
201100017932,11,4,7,757,1,2,4,1.0,6.0,10362,M,,,10
201100017933,11,4,17,1755,1,2,3,1.0,6.0,10333,M,,,10
201100017934,11,4,18,1032,1,2,1,1.0,2.0,10387,M,,,10
201100017935,11,4,20,1810,1,2,1,1.0,2.0,10387,M,,,10
201100017936,11,4,23,1415,1,2,1,1.0,3.0,10387,M,,,10
201100017937,11,4,18,1300,1,1,9,1.0,2.0,10362,M,,,10
201100017938,11,4,26,745,1,2,6,1.0,6.0,10387,M,,,10
201100017939,11,4,7,915,1,2,1,1.0,6.0,10387,M,,,10
201100017940,11,4,16,1919,1,1,1,1.0,7.0,10357,M,,,10
201100017941,11,5,6,1135,1,2,6,1.0,6.0,10387,M,,,10
201100017942,11,5,14,1830,1,2,1,1.0,3.0,10387,M,,,10
201100017943,11,5,8,1910,1,2,1,1.0,6.0,10081,M,,,10
201100017944,11,5,13,1010,1,2,2,1.0,6.0,10387,M,,,10
201100017945,11,5,14,1935,1,2,6,1.0,6.0,10333,M,,,10
201100017946,11,5,25,1355,1,2,1,1.0,3.0,10333,M,,,10
201100017947,11,5,23,910,1,2,4,1.0,6.0,10333,M,,,10
201100017948,11,5,28,1625,1,2,2,1.0,2.0,10387,M,,,10
201100017949,11,6,8,1952,1,2,3,1.0,3.0,10387,M,,,10
201100017950,11,6,1,1840,1,2,2,1.0,6.0,10325,M,,,10
201100017951,11,6,4,1910,1,1,1,1.0,4.0,10357,M,,,10
201100017952,11,5,31,439,3,2,1,1.0,3.0,10387,M,,,10
201100017953,11,6,15,1848,1,2,3,1.0,3.0,10387,M,,,10
201100017954,11,5,24,2011,1,2,1,1.0,6.0,10387,M,,,10
201100017955,11,6,19,1955,1,2,1,1.0,3.0,10387,M,,,10
201100017956,11,6,27,2050,1,1,1,1.0,1.0,10357,M,,,10
201100017957,11,6,11,1904,1,2,3,1.0,3.0,10387,M,,,10
201100017958,11,6,17,1110,1,2,9,1.0,6.0,10387,M,,,10
201100017959,11,7,15,935,1,2,2,1.0,6.0,10387,M,,,10
201100017960,11,7,22,1910,1,2,1,1.0,6.0,10387,M,,,10
201100017961,11,7,21,1200,1,2,3,2.0,3.0,10387,M,,,10
201100017962,11,7,29,1853,1,2,1,1.0,3.0,10362,M,,,10
201100017963,11,8,1,1445,1,2,2,1.0,6.0,10387,M,,,10
201100017964,11,7,29,1155,1,2,2,1.0,6.0,10387,M,,,10
201100017965,11,8,12,2300,5,2,2,1.0,3.0,10387,M,,,10
201100017966,11,8,21,1249,1,1,1,1.0,3.0,10387,M,,,10
201100017967,11,8,22,1830,1,2,3,1.0,1.0,10387,M,,,10
201100017968,11,8,23,615,2,2,2,1.0,3.0,10387,M,,,10
201100017969,11,8,24,845,1,2,2,1.0,3.0,10387,M,,,10
201100017970,11,9,2,2318,5,2,1,1.0,6.0,10387,M,,,10
201100017971,11,9,3,2145,5,2,6,1.0,6.0,10387,M,,,10
201100017972,11,9,1,1156,1,1,1,1.0,1.0,10060,M,,,10
201100017973,11,8,15,1454,1,2,1,1.0,3.0,10387,M,,,10
201100017974,11,9,7,1155,1,2,9,1.0,5.0,10081,M,,,10
201100017975,11,8,15,1910,1,2,1,1.0,6.0,10387,M,,,10
201100017976,11,9,7,600,2,2,2,2.0,3.0,10387,M,,,10
201100017977,11,9,3,1130,1,2,2,1.0,3.0,10387,M,,,10
201100017978,11,9,8,1100,1,2,1,1.0,2.0,10387,M,,,10
201100017979,11,9,12,1215,1,2,9,1.0,6.0,10387,M,,,10
201100017980,11,9,15,1220,1,2,1,1.0,4.0,10387,M,,,10
201100017981,11,9,1,1515,1,2,1,1.0,6.0,10333,M,,,10
201100017982,11,9,2,1145,1,2,2,1.0,1.0,10362,M,,,10
201100017983,11,9,20,1045,1,2,1,1.0,5.0,10387,M,,,10
201100017984,11,9,13,855,1,2,3,1.0,3.0,10387,M,,,10
201100017985,11,9,21,1746,1,2,3,1.0,3.0,10357,M,,,10
201100017986,11,9,2,1110,1,2,1,1.0,4.0,10333,M,,,10
201100017987,11,9,4,806,1,2,3,2.0,3.0,10387,M,,,10
201100017988,11,9,12,1820,1,2,1,1.0,6.0,10387,M,,,10
201100017989,11,9,27,825,1,2,3,1.0,3.0,10387,M,,,10
201100017990,11,9,29,1649,1,2,2,1.0,7.0,10387,M,,,10
201100017991,11,10,3,1409,1,2,1,1.0,6.0,10387,M,4818194.0,452685.0,10
201100017992,11,9,21,1800,1,2,1,1.0,7.0,10387,M,,,10
201100017993,11,10,6,1705,1,1,3,2.0,3.0,10357,M,4829389.0,414365.0,10
201100017994,11,10,7,1610,1,2,1,3.0,2.0,10387,M,4817311.0,442679.0,10
201100017995,11,10,12,2048,5,2,1,1.0,1.0,10333,M,4816513.0,424775.0,10
201100017996,11,10,8,1630,1,2,1,1.0,7.0,10387,M,4829437.0,407828.0,10
201100017997,11,10,7,1939,5,2,1,1.0,4.0,10387,M,4817376.0,443533.0,10
201100017998,11,10,8,1820,1,2,1,1.0,6.0,10325,M,,,10
201100017999,11,10,18,2016,3,1,1,1.0,1.0,10387,M,4818298.0,461543.0,10
201100018000,11,10,10,1403,1,2,3,1.0,3.0,10387,M,4817432.0,443448.0,10
201100018001,11,10,21,1657,1,2,1,1.0,2.0,10333,M,4816299.0,424524.0,10
201100018002,11,10,14,1720,1,2,6,1.0,3.0,10343,M,4816187.0,452646.0,10
201100018003,11,11,12,2230,5,2,2,1.0,5.0,10333,M,4816271.0,432989.0,10
201100018004,11,11,10,1903,5,2,1,1.0,3.0,10387,M,4816284.0,444720.0,10
201100018005,11,11,14,2015,5,2,2,1.0,3.0,10387,M,4815545.0,441354.0,10
201100018006,11,11,26,1120,1,2,1,1.0,6.0,10333,M,4828937.0,406746.0,10
201100018007,11,11,22,1543,1,2,6,1.0,3.0,10325,M,4826708.0,407607.0,10
201100018008,11,11,30,921,1,1,6,1.0,4.0,10357,M,4829653.0,413711.0,10
201100018009,11,11,17,1820,3,1,1,1.0,4.0,10081,M,4816150.0,412472.0,10
201100018010,11,12,8,1730,3,1,1,1.0,4.0,10357,M,,,10
201100018011,11,12,10,1943,5,2,1,1.0,2.0,10333,M,,,10
201100018012,11,12,13,1737,5,2,1,1.0,6.0,10325,M,,,10
201100018013,11,12,16,838,1,2,2,6.0,3.0,10387,M,4817288.0,441548.0,10
201100018014,11,12,19,1740,3,2,1,1.0,3.0,10387,M,4818224.0,443806.0,10
201100018015,11,12,22,1103,1,2,1,1.0,6.0,10387,M,4828862.0,407688.0,10
201100018016,11,12,28,950,1,1,1,1.0,2.0,10081,M,,,10
201100018017,11,1,17,730,2,1,9,5.0,7.0,67124,M,4855200.0,765200.0,67
201100018018,11,2,11,1915,3,1,1,1.0,1.0,67124,M,4852900.0,763900.0,67
201100018019,11,2,19,1345,1,1,1,1.0,1.0,67152,M,4852400.0,766700.0,67
201100018020,11,3,17,900,1,1,1,2.0,1.0,67152,M,4851100.0,765900.0,67
201100018021,11,5,29,600,2,2,1,1.0,6.0,67212,M,4856300.0,764700.0,67
201100018022,11,5,30,815,1,2,1,1.0,1.0,67152,M,4852200.0,765000.0,67
201100018023,11,12,16,2015,3,1,1,6.0,1.0,67152,M,4852600.0,764200.0,67
201100018024,11,1,8,1730,3,2,1,2.0,6.0,67506,M,4866300.0,772100.0,67
201100018025,11,2,9,1930,3,1,1,2.0,1.0,67343,M,0.0,0.0,67
201100018026,11,2,14,1430,1,2,1,1.0,6.0,67471,M,4863800.0,772900.0,67
201100018027,11,3,29,1200,1,2,1,1.0,6.0,67506,M,4867200.0,771700.0,67
201100018028,11,4,11,2345,5,2,1,1.0,6.0,67343,M,4861000.0,768000.0,67
201100018029,11,9,6,900,1,2,1,7.0,1.0,67309,M,0.0,0.0,67
201100018030,11,9,30,1100,1,1,1,1.0,2.0,67309,M,0.0,0.0,67
201100018031,11,12,9,1815,5,2,1,2.0,6.0,67309,M,0.0,0.0,67
201100018032,11,1,7,1600,1,2,1,3.0,6.0,06105,M,0.0,0.0,06
201100018033,11,3,18,1615,1,1,1,1.0,1.0,06010,M,4368700.0,697200.0,06
201100018034,11,3,29,1600,1,2,1,1.0,1.0,06010,M,0.0,0.0,06
201100018035,11,4,9,1845,1,2,1,1.0,3.0,06105,M,0.0,0.0,06
201100018036,11,4,18,1445,1,1,1,1.0,1.0,06148,M,0.0,0.0,06
201100018037,11,6,4,545,2,1,1,2.0,1.0,06105,M,0.0,0.0,06
201100018038,11,7,24,900,1,2,1,1.0,1.0,06112,M,4367800.0,700400.0,06
201100018039,11,5,21,1900,1,1,1,1.0,7.0,65356,M,4315700.0,29400.0,65
201100018040,11,7,31,1045,1,1,1,1.0,4.0,65062,M,4322000.0,12000.0,65
201100018041,11,8,8,2200,4,1,1,1.0,6.0,65417,M,4322100.0,11400.0,65
201100018042,11,9,4,1730,1,1,1,3.0,6.0,65127,M,4310800.0,33900.0,65
201100018043,11,9,15,1230,1,1,1,1.0,6.0,65127,M,4311300.0,32300.0,65
201100018044,11,9,17,1630,1,1,1,2.0,7.0,65127,M,4310900.0,33700.0,65
201100018045,11,12,23,2315,3,1,1,1.0,5.0,65417,M,4322000.0,12100.0,65
201100018046,11,2,18,2210,3,1,1,1.0,1.0,02180,M,0.0,0.0,02
201100018047,11,4,19,1845,1,1,1,7.0,2.0,02028,M,4958545.0,368823.0,02
201100018048,11,7,11,2230,3,1,1,1.0,7.0,02472,M,0.0,0.0,02
201100018049,11,7,18,1730,1,1,1,1.0,2.0,02399,M,0.0,0.0,02
201100018050,11,1,28,2045,5,2,2,1.0,2.0,38352,M,4559620.0,522521.0,38
201100018051,11,2,4,1900,5,2,1,1.0,6.0,38053,M,4559440.0,523578.0,38
201100018052,11,4,8,1600,1,2,3,1.0,3.0,38193,M,4561710.0,522416.0,38
201100018053,11,5,31,1345,1,2,2,2.0,6.0,38193,M,4562120.0,521950.0,38
201100018054,11,7,8,1215,1,2,6,1.0,3.0,38193,M,4561530.0,522570.0,38
201100018055,11,8,23,1730,1,2,1,1.0,1.0,38193,M,0.0,0.0,38
201100018056,11,10,29,1615,1,2,1,1.0,3.0,38530,M,0.0,0.0,38
201100018057,11,12,5,715,3,1,1,2.0,6.0,38193,M,0.0,0.0,38
201100018058,11,6,5,1545,1,1,1,2.0,2.0,03193,M,4651300.0,260500.0,03
201100018059,11,8,17,715,1,1,1,7.0,2.0,03031,M,4639400.0,271900.0,03
201100018060,11,10,3,1415,1,1,1,1.0,2.0,03158,M,4650900.0,264300.0,03
201100018061,11,10,28,1400,1,1,1,1.0,2.0,03104,M,4636100.0,280600.0,03
201100018062,11,12,2,1600,1,1,1,1.0,2.0,03158,M,4651300.0,263700.0,03
201100018063,11,12,9,345,3,1,1,1.0,6.0,03256,M,4633500.0,290400.0,03
201100018064,11,2,3,1330,1,1,1,1.0,3.0,21016,M,4739450.0,518018.0,21
201100018065,11,6,24,1200,1,1,1,1.0,6.0,21599,M,0.0,0.0,21
201100018066,11,7,10,1830,1,1,1,1.0,6.0,21016,M,0.0,0.0,21
201100018067,11,8,30,500,3,1,1,1.0,2.0,21638,M,4753100.0,519917.0,21
201100018068,11,5,19,2045,2,1,1,1.0,7.0,04209,M,0.0,0.0,04
201100018069,11,5,31,2230,3,1,1,1.0,6.0,05184,M,4440681.0,595746.0,05