Num_Acc,an,mois,jour,hrmn,lum,agg,int,atm,col,com,gps,lat,long,dep
201100018070,11,11,1,645,2,1,1,1.0,7.0,04112,M,0.0,0.0,04
201100018071,11,9,21,700,5,2,1,1.0,3.0,29019,M,4838385.0,-446923.0,29
201100018072,11,10,11,745,5,2,6,1.0,1.0,29019,M,4837780.0,-450680.0,29
201100018073,11,12,15,730,2,2,9,1.0,6.0,29019,M,4838525.0,-447294.0,29
201100018074,11,2,2,1100,1,2,1,1.0,6.0,13113,M,4359701.0,548583.0,13
201100018075,11,2,12,1000,1,1,1,1.0,6.0,13080,M,0.0,0.0,13
201100018076,11,2,18,1430,1,1,1,1.0,4.0,13080,M,0.0,0.0,13
201100018077,11,3,12,830,1,1,1,1.0,1.0,13080,M,0.0,0.0,13
201100018078,11,3,29,1600,1,1,1,7.0,3.0,13080,M,0.0,0.0,13
201100018079,11,4,17,1430,1,1,1,1.0,7.0,13080,M,0.0,0.0,13
201100018080,11,6,18,2030,1,1,1,1.0,6.0,13080,M,0.0,0.0,13
201100018081,11,7,12,1445,3,1,1,1.0,6.0,13113,M,0.0,0.0,13
201100018082,11,10,11,1615,1,1,1,1.0,6.0,13080,M,0.0,0.0,13
201100018083,11,10,14,1515,1,2,1,1.0,6.0,13113,M,0.0,0.0,13
201100018084,11,11,24,1800,3,1,1,1.0,2.0,13113,M,0.0,0.0,13
201100018085,11,12,31,515,3,1,1,1.0,1.0,13080,M,0.0,0.0,13
201100018086,11,3,4,2000,3,1,1,1.0,6.0,73168,M,4555900.0,629000.0,73
201100018087,11,6,26,1515,1,1,1,1.0,6.0,73007,M,,,73
201100018088,11,10,20,1400,1,1,1,1.0,2.0,73151,M,4551296.0,600249.0,73
201100018089,11,2,6,1030,1,1,1,1.0,6.0,38517,M,4528900.0,552500.0,38
201100018090,11,4,1,1245,1,1,1,1.0,6.0,26088,M,0.0,0.0,26
201100018091,11,7,12,430,3,1,1,1.0,6.0,38394,M,0.0,0.0,38
201100018092,11,9,7,1300,1,1,1,1.0,6.0,26088,M,0.0,0.0,26
201100018093,11,12,12,1200,1,1,1,2.0,6.0,38239,M,4529970.0,558319.0,38
201100018094,11,4,21,345,3,1,1,1.0,7.0,35208,M,4798948.0,-166086.0,35
201100018095,11,8,21,2115,2,1,1,1.0,2.0,35206,M,4808600.0,-169300.0,35
201100018096,11,10,25,1745,1,1,1,1.0,4.0,35032,M,4800000.0,-163200.0,35
201100018097,11,1,1,2200,3,1,1,1.0,7.0,67465,M,0.0,0.0,67
201100018098,11,1,31,715,3,1,1,1.0,4.0,67506,M,0.0,0.0,67
201100018099,11,2,10,1900,3,1,1,1.0,4.0,67140,M,0.0,0.0,67
201100018100,11,4,6,1600,1,1,1,1.0,2.0,67506,M,4867900.0,774000.0,67
201100018101,11,6,22,600,2,1,1,2.0,7.0,67405,M,0.0,0.0,67
201100018102,11,6,28,730,1,1,1,1.0,2.0,67151,M,0.0,0.0,67
201100018103,11,7,15,1515,1,1,1,1.0,7.0,67506,M,4867900.0,774000.0,67
201100018104,11,7,28,430,3,1,1,1.0,6.0,67465,M,4880300.0,797200.0,67
201100018105,11,8,22,1645,1,1,1,1.0,6.0,67463,M,4889800.0,808200.0,67
201100018106,11,9,1,1330,1,1,1,1.0,7.0,67465,M,4880200.0,797200.0,67
201100018107,11,10,8,1945,3,1,1,1.0,2.0,67235,M,4888000.0,806499.0,67
201100018108,11,1,30,1330,1,1,1,1.0,6.0,51205,M,0.0,0.0,51
201100018109,11,1,18,715,3,1,1,2.0,6.0,62408,M,0.0,0.0,62
201100018110,11,3,10,1945,3,1,1,1.0,6.0,62408,M,5086700.0,183900.0,62
201100018111,11,4,7,1315,1,1,1,1.0,7.0,62203,M,0.0,0.0,62
201100018112,11,4,7,1715,1,1,1,1.0,3.0,62397,M,0.0,0.0,62
201100018113,11,5,25,1700,1,2,1,1.0,3.0,62439,M,0.0,0.0,62
201100018114,11,7,5,1015,1,2,1,7.0,6.0,62455,M,0.0,0.0,62
201100018115,11,8,3,2130,2,2,7,1.0,6.0,62397,M,0.0,0.0,62
201100018116,11,11,18,1430,1,2,1,7.0,6.0,62412,M,5080500.0,182900.0,62
201100018117,11,11,19,1000,1,2,1,7.0,6.0,62397,M,5087400.0,187500.0,62
201100018118,11,1,1,1818,2,1,1,1.0,3.0,11069,M,,,11
201100018119,11,1,21,1835,5,1,4,1.0,1.0,11069,M,,,11
201100018120,11,3,10,310,3,1,1,1.0,3.0,11069,M,,,11
201100018121,11,3,4,2220,5,2,1,1.0,3.0,11069,M,,,11
201100018122,11,4,1,30,3,1,1,1.0,7.0,11069,M,,,11
201100018123,11,4,16,1903,1,1,1,1.0,3.0,11069,M,,,11
201100018124,11,4,24,5,3,1,1,2.0,7.0,11069,M,,,11
201100018125,11,5,3,1215,1,1,1,1.0,3.0,11069,M,,,11
201100018126,11,6,1,1410,1,1,1,1.0,1.0,11069,M,,,11
201100018127,11,6,5,801,1,1,1,1.0,7.0,11069,M,,,11
201100018128,11,4,29,2342,5,2,1,1.0,1.0,11069,M,,,11
201100018129,11,1,7,1714,1,2,1,1.0,4.0,11069,M,,,11
201100018130,11,6,23,1345,1,2,1,1.0,2.0,11069,M,,,11
201100018131,11,7,7,1142,1,1,3,1.0,3.0,11069,M,,,11
201100018132,11,7,27,1233,1,1,1,1.0,6.0,11069,M,,,11
201100018133,11,7,28,2350,4,2,1,1.0,6.0,11069,M,,,11
201100018134,11,8,1,1541,1,1,1,1.0,1.0,11069,M,,,11
201100018135,11,8,2,1500,1,1,1,1.0,7.0,11069,M,,,11
201100018136,11,8,12,1534,1,1,1,1.0,3.0,11069,M,,,11
201100018137,11,10,2,1,5,2,3,1.0,3.0,11069,M,,,11
201100018138,11,10,4,1345,1,1,1,1.0,6.0,11069,M,,,11
201100018139,11,10,15,245,5,2,1,1.0,2.0,11069,M,,,11
201100018140,11,10,22,1944,3,1,3,1.0,1.0,11069,M,,,11
201100018141,11,10,25,1948,3,1,1,1.0,5.0,11069,M,,,11
201100018142,11,11,3,1953,3,1,1,1.0,5.0,11069,M,,,11
201100018143,11,11,6,120,5,2,1,1.0,7.0,11069,M,,,11
201100018144,11,12,3,448,5,1,1,1.0,7.0,11069,M,,,11
201100018145,11,12,10,545,3,1,1,1.0,6.0,11069,M,,,11
201100018146,11,12,11,2050,4,2,1,1.0,6.0,11069,M,,,11
201100018147,11,12,14,1813,2,1,6,1.0,2.0,11069,M,,,11
201100018148,11,12,30,455,5,2,1,2.0,3.0,11069,M,,,11
201100018149,11,1,14,955,1,2,1,1.0,6.0,11069,M,,,11
201100018150,11,1,18,714,2,2,3,1.0,3.0,11069,M,,,11
201100018151,11,1,23,2101,3,1,1,1.0,7.0,11069,M,,,11
201100018152,11,1,27,1214,1,1,1,1.0,2.0,11069,M,,,11
201100018153,11,2,5,1425,1,2,1,1.0,6.0,11069,M,,,11
201100018154,11,2,10,635,2,2,1,1.0,3.0,11069,M,,,11
201100018155,11,2,11,1626,1,2,1,1.0,7.0,11069,M,,,11
201100018156,11,2,14,1840,5,2,1,1.0,3.0,11069,M,,,11
201100018157,11,2,15,1650,1,1,1,1.0,2.0,11069,M,,,11
201100018158,11,2,17,1519,1,2,1,1.0,3.0,11069,M,,,11
201100018159,11,2,24,2212,3,1,1,1.0,3.0,11069,M,,,11
201100018160,11,3,2,1820,2,2,1,1.0,2.0,11069,M,,,11
201100018161,11,3,5,210,3,1,1,1.0,1.0,11069,M,,,11
201100018162,11,3,19,1910,2,1,1,1.0,1.0,11069,M,,,11
201100018163,11,3,21,2001,4,2,1,1.0,3.0,11069,M,,,11
201100018164,11,3,22,1443,1,1,1,1.0,2.0,11069,M,,,11
201100018165,11,4,6,1215,1,2,1,1.0,6.0,11069,M,,,11
201100018166,11,4,6,1700,1,1,1,1.0,2.0,11069,M,,,11
201100018167,11,4,12,1711,1,1,1,1.0,2.0,11069,M,,,11
201100018168,11,4,14,1910,2,2,1,1.0,7.0,11069,M,,,11
201100018169,11,4,20,1758,1,2,1,1.0,6.0,11069,M,,,11
201100018170,11,4,20,1817,1,1,1,1.0,3.0,11069,M,,,11
201100018171,11,4,30,2019,3,1,1,1.0,3.0,11069,M,,,11
201100018172,11,5,1,1230,1,2,2,1.0,3.0,11069,M,,,11
201100018173,11,5,11,1454,1,2,1,1.0,7.0,11069,M,,,11
201100018174,11,5,11,1520,1,2,1,1.0,6.0,11069,M,,,11
201100018175,11,5,12,1811,1,2,1,1.0,2.0,11069,M,,,11
201100018176,11,5,20,1751,1,2,1,1.0,3.0,11069,M,,,11
201100018177,11,6,2,1105,1,2,1,2.0,3.0,11069,M,,,11
201100018178,11,6,13,2055,2,1,1,1.0,6.0,11069,M,,,11
201100018179,11,6,14,814,1,2,1,1.0,3.0,11069,M,,,11
201100018180,11,6,14,938,1,1,1,1.0,1.0,11069,M,,,11
201100018181,11,6,14,1405,1,2,1,1.0,7.0,11069,M,,,11
201100018182,11,6,16,1106,1,2,1,1.0,3.0,11069,M,,,11
201100018183,11,6,24,858,1,2,1,1.0,3.0,11069,M,,,11
201100018184,11,6,24,1230,1,2,1,1.0,6.0,11069,M,,,11
201100018185,11,6,30,1627,1,2,2,1.0,3.0,11069,M,,,11
201100018186,11,7,2,1025,5,1,2,1.0,3.0,11069,M,,,11
201100018187,11,7,3,2112,3,1,1,1.0,7.0,11069,M,,,11
201100018188,11,7,8,1610,1,2,1,1.0,6.0,11069,M,,,11
201100018189,11,7,11,1815,1,1,1,1.0,3.0,11069,M,,,11
201100018190,11,7,12,1031,1,1,1,1.0,2.0,11069,M,,,11
201100018191,11,7,15,822,1,1,1,1.0,5.0,11069,M,,,11
201100018192,11,8,2,1513,1,1,1,1.0,2.0,11069,M,,,11
201100018193,11,8,3,354,4,1,1,1.0,2.0,11069,M,,,11
201100018194,11,8,7,100,4,1,1,2.0,2.0,11069,M,,,11
201100018195,11,8,12,1830,1,1,1,1.0,3.0,11069,M,,,11
201100018196,11,8,16,21,3,1,1,1.0,6.0,11069,M,,,11
201100018197,11,8,19,1632,1,2,1,1.0,7.0,11069,M,,,11
201100018198,11,8,22,1546,1,1,1,1.0,7.0,11069,M,,,11
201100018199,11,8,22,1650,1,2,1,1.0,3.0,11069,M,,,11
201100018200,11,8,22,1830,1,2,1,1.0,3.0,11069,M,,,11
201100018201,11,8,27,839,1,2,1,1.0,7.0,11069,M,,,11
201100018202,11,9,2,1207,1,2,2,1.0,3.0,11069,M,,,11
201100018203,11,9,5,1000,1,2,1,1.0,2.0,11069,M,,,11
201100018204,11,9,5,1209,1,2,2,1.0,3.0,11069,M,,,11
201100018205,11,9,5,1355,1,1,1,1.0,6.0,11069,M,,,11
201100018206,11,9,6,1353,1,2,3,1.0,4.0,11069,M,,,11
201100018207,11,9,19,904,1,2,1,1.0,3.0,11069,M,,,11
201100018208,11,9,22,1559,1,2,1,1.0,6.0,11069,M,,,11
201100018209,11,9,23,1401,1,2,1,1.0,6.0,11069,M,,,11
201100018210,11,9,25,245,5,2,1,1.0,6.0,11069,M,,,11
201100018211,11,9,29,813,1,2,6,1.0,6.0,11069,M,,,11
201100018212,11,10,1,1515,1,1,1,1.0,3.0,11069,M,,,11
201100018213,11,10,4,1849,1,2,1,1.0,2.0,11069,M,,,11
201100018214,11,10,7,1717,1,2,1,1.0,3.0,11069,M,,,11
201100018215,11,10,8,1409,1,2,2,1.0,3.0,11069,M,,,11
201100018216,11,10,11,846,1,2,1,1.0,6.0,11069,M,,,11
201100018217,11,10,12,1417,1,2,2,1.0,7.0,11069,M,,,11
201100018218,11,10,13,1122,1,2,1,1.0,7.0,11069,M,,,11
201100018219,11,10,13,1454,1,2,2,1.0,3.0,11069,M,,,11
201100018220,11,10,14,1600,1,2,2,1.0,3.0,11069,M,,,11
201100018221,11,10,19,954,1,2,1,1.0,3.0,11069,M,,,11
201100018222,11,10,22,1405,1,1,1,1.0,7.0,11069,M,,,11
201100018223,11,10,25,1753,1,2,3,1.0,7.0,11069,M,,,11
201100018224,11,10,26,1816,1,1,9,1.0,3.0,11069,M,,,11
201100018225,11,10,27,1759,1,2,1,1.0,7.0,11069,M,,,11
201100018226,11,10,28,1425,1,2,1,1.0,1.0,11069,M,,,11
201100018227,11,10,30,1502,1,2,1,1.0,7.0,11069,M,,,11
201100018228,11,11,1,1227,1,2,2,1.0,1.0,11069,M,,,11
201100018229,11,11,2,1704,1,1,1,1.0,6.0,11069,M,,,11
201100018230,11,11,7,1350,1,1,1,1.0,7.0,11069,M,,,11
201100018231,11,11,16,1115,1,2,1,1.0,2.0,11069,M,,,11
201100018232,11,11,16,1826,1,2,1,1.0,6.0,11069,M,,,11
201100018233,11,11,16,1854,3,1,1,1.0,1.0,11069,M,,,11
201100018234,11,11,21,1124,1,2,1,1.0,2.0,11069,M,,,11
201100018235,11,11,28,2019,3,1,1,1.0,7.0,11069,M,,,11
201100018236,11,11,29,741,2,1,3,1.0,3.0,11069,M,,,11
201100018237,11,12,3,1106,1,2,1,1.0,2.0,11069,M,,,11
201100018238,11,12,4,905,1,2,3,1.0,3.0,11069,M,,,11
201100018239,11,12,7,1613,1,1,1,1.0,3.0,11069,M,,,11
201100018240,11,12,8,1050,1,1,6,1.0,2.0,11069,M,,,11
201100018241,11,12,11,1310,1,2,1,1.0,7.0,11069,M,,,11
201100018242,11,12,14,1255,1,2,3,1.0,2.0,11069,M,,,11
201100018243,11,12,27,1245,1,1,1,1.0,2.0,11069,M,,,11
201100018244,11,12,27,1245,1,1,1,1.0,2.0,11069,M,,,11
201100018245,11,2,8,1610,1,2,1,1.0,6.0,11076,M,,,11
201100018246,11,3,1,1020,1,1,1,1.0,1.0,11076,M,,,11
201100018247,11,3,2,2200,3,1,1,1.0,7.0,11076,M,,,11
201100018248,11,3,20,1535,1,2,1,1.0,3.0,11076,M,,,11
201100018249,11,4,16,1432,1,1,3,1.0,3.0,11076,M,,,11
201100018250,11,9,5,1050,1,2,9,1.0,6.0,11076,M,,,11
201100018251,11,10,11,1040,1,2,1,1.0,6.0,11076,M,,,11
201100018252,11,10,28,1915,3,1,1,2.0,3.0,11076,M,,,11
201100018253,11,12,1,755,1,2,1,1.0,3.0,11076,M,,,11
201100018254,11,4,20,515,3,1,1,1.0,5.0,31118,M,0.0,0.0,31
201100018255,11,7,13,915,1,1,1,1.0,3.0,31022,M,0.0,0.0,31
201100018256,11,8,14,2230,3,1,1,1.0,5.0,31462,M,0.0,0.0,31
201100018257,11,8,29,2115,3,1,1,1.0,6.0,31212,M,0.0,0.0,31
201100018258,11,1,16,815,2,1,1,1.0,7.0,77165,M,0.0,0.0,77
201100018259,11,4,4,545,3,1,1,1.0,2.0,77279,M,0.0,0.0,77
201100018260,11,5,18,930,1,1,1,1.0,1.0,77165,M,0.0,0.0,77
201100018261,11,6,4,1800,1,1,1,1.0,6.0,77103,M,0.0,0.0,77
201100018262,11,7,16,2215,3,1,1,3.0,2.0,77195,M,0.0,0.0,77
201100018263,11,9,23,1245,1,1,1,1.0,6.0,77279,M,0.0,0.0,77
201100018264,11,1,1,1700,1,2,1,1.0,7.0,11262,M,,,11
201100018265,11,1,3,1400,1,2,1,1.0,3.0,11262,M,,,11
201100018266,11,1,5,1650,1,2,3,1.0,3.0,11262,M,,,11
201100018267,11,1,5,905,1,2,1,1.0,6.0,11262,M,,,11
201100018268,11,1,9,1705,1,2,1,1.0,6.0,11262,M,,,11
201100018269,11,1,18,1430,1,2,6,1.0,2.0,11262,M,,,11
201100018270,11,1,21,1700,1,2,1,1.0,6.0,11262,M,,,11
201100018271,11,1,25,2150,5,2,2,1.0,3.0,11262,M,,,11
201100018272,11,1,27,1220,1,2,1,1.0,7.0,11262,M,,,11
201100018273,11,1,8,530,3,2,1,1.0,7.0,11262,M,,,11
201100018274,11,2,3,1845,3,2,6,1.0,3.0,11262,M,,,11
201100018275,11,2,4,415,3,2,1,1.0,7.0,11262,M,,,11
201100018276,11,2,5,1930,5,1,2,1.0,3.0,11262,M,,,11
201100018277,11,2,9,1750,2,2,1,1.0,3.0,11262,M,,,11
201100018278,11,1,10,1600,1,2,1,1.0,4.0,11262,M,,,11
201100018279,11,1,13,1905,5,2,1,1.0,2.0,11262,M,,,11
201100018280,11,1,16,1720,2,2,1,1.0,7.0,11262,M,,,11
201100018281,11,2,25,920,1,2,1,1.0,2.0,11262,M,,,11
201100018282,11,3,2,2045,5,1,1,1.0,6.0,11262,M,,,11
201100018283,11,3,5,2015,5,2,1,1.0,6.0,11262,M,,,11
201100018284,11,3,13,745,2,2,1,1.0,2.0,11262,M,,,11
201100018285,11,11,27,1830,2,2,1,1.0,6.0,11262,M,,,11
201100018286,11,3,16,1605,1,2,2,1.0,3.0,11262,M,,,11
201100018287,11,3,21,320,5,1,6,1.0,6.0,11262,M,,,11
201100018288,11,3,25,1355,1,2,1,1.0,6.0,11262,M,,,11
201100018289,11,3,26,230,5,2,6,1.0,7.0,11262,M,,,11
201100018290,11,4,9,1045,1,2,2,1.0,3.0,11262,M,,,11
201100018291,11,4,20,1700,1,2,1,1.0,3.0,11262,M,,,11
201100018292,11,4,17,1630,1,2,1,1.0,6.0,11262,M,,,11
201100018293,11,4,21,1845,1,2,1,1.0,4.0,11262,M,,,11
201100018294,11,4,30,1020,1,2,1,1.0,6.0,11262,M,,,11
201100018295,11,5,3,1515,1,2,1,1.0,6.0,11262,M,,,11
201100018296,11,4,29,2330,5,2,1,1.0,6.0,11262,M,,,11
201100018297,11,5,6,515,3,1,1,1.0,7.0,11262,M,,,11
201100018298,11,1,29,1710,1,2,1,1.0,7.0,11262,M,,,11
201100018299,11,5,12,10,5,2,3,1.0,6.0,11262,M,,,11
201100018300,11,5,17,1355,1,2,1,1.0,7.0,11262,M,,,11
201100018301,11,6,6,635,1,1,1,1.0,6.0,11262,M,,,11
201100018302,11,6,18,1845,1,2,1,1.0,2.0,11262,M,,,11
201100018303,11,6,21,1810,1,2,3,1.0,3.0,11262,M,,,11
201100018304,11,6,22,1215,1,2,1,1.0,3.0,11262,M,,,11
201100018305,11,7,2,1655,1,2,1,1.0,3.0,11262,M,,,11
201100018306,11,7,3,1210,1,2,6,1.0,3.0,11262,M,,,11
201100018307,11,7,4,2015,1,2,1,1.0,2.0,11262,M,,,11
201100018308,11,7,17,1150,1,2,1,1.0,1.0,11262,M,,,11
201100018309,11,7,13,2105,1,2,1,1.0,6.0,11262,M,,,11
201100018310,11,7,23,220,5,2,1,1.0,6.0,11262,M,,,11
201100018311,11,2,21,1240,1,2,1,1.0,3.0,11262,M,,,11
201100018312,11,8,18,1020,1,1,1,1.0,4.0,11262,M,,,11
201100018313,11,8,5,1730,1,2,1,1.0,1.0,11262,M,,,11
201100018314,11,2,25,900,1,2,1,1.0,6.0,11262,M,,,11
201100018315,11,9,6,1615,1,2,1,1.0,6.0,11262,M,,,11
201100018316,11,9,7,1410,1,2,1,1.0,6.0,11262,M,,,11
201100018317,11,9,9,1150,1,2,3,1.0,6.0,11262,M,,,11
201100018318,11,9,9,745,1,2,3,1.0,3.0,11262,M,,,11
201100018319,11,2,25,1900,2,2,3,1.0,3.0,11262,M,,,11
201100018320,11,2,25,1940,2,2,1,1.0,2.0,11262,M,,,11
201100018321,11,9,5,1520,1,2,1,1.0,7.0,11262,M,,,11
201100018322,11,2,28,305,3,1,1,1.0,6.0,11262,M,,,11
201100018323,11,9,21,320,5,2,1,1.0,6.0,11262,M,,,11
201100018324,11,9,21,835,1,2,6,1.0,2.0,11262,M,,,11
201100018325,11,9,27,1915,2,2,2,1.0,2.0,11262,M,,,11
201100018326,11,10,1,900,1,2,1,1.0,6.0,11262,M,,,11
201100018327,11,10,3,1858,1,2,1,1.0,3.0,11262,M,,,11
201100018328,11,10,7,920,1,1,6,1.0,3.0,11262,M,,,11
201100018329,11,10,10,1750,1,2,1,1.0,6.0,11262,M,,,11
201100018330,11,11,9,750,2,2,3,1.0,3.0,11262,M,,,11
201100018331,11,3,16,1200,1,2,3,2.0,3.0,11262,M,,,11
201100018332,11,11,22,1945,5,2,3,1.0,2.0,11262,M,,,11
201100018333,11,6,23,2050,2,2,1,1.0,6.0,11262,M,,,11
201100018334,11,11,23,1900,2,2,1,1.0,3.0,11262,M,,,11
201100018335,11,11,30,1210,1,2,4,1.0,7.0,11262,M,,,11
201100018336,11,12,5,1630,1,2,1,1.0,2.0,11262,M,,,11
201100018337,11,3,21,620,1,2,2,1.0,3.0,11262,M,,,11
201100018338,11,12,11,1610,1,2,1,1.0,6.0,11262,M,,,11
201100018339,11,3,21,1745,1,2,1,1.0,6.0,11262,M,,,11
201100018340,11,12,10,1200,1,2,1,1.0,3.0,11262,M,,,11
201100018341,11,12,13,1839,3,1,1,1.0,4.0,11262,M,,,11
201100018342,11,3,24,1605,1,2,1,1.0,6.0,11262,M,,,11
201100018343,11,3,24,2000,2,2,1,1.0,7.0,11262,M,,,11
201100018344,11,3,26,1650,1,2,1,1.0,3.0,11262,M,,,11
201100018345,11,3,28,2240,2,2,2,1.0,3.0,11262,M,,,11
201100018346,11,3,31,1710,1,2,6,1.0,3.0,11262,M,,,11
201100018347,11,4,1,1000,1,2,1,1.0,7.0,11262,M,,,11
201100018348,11,4,6,1155,1,2,1,1.0,7.0,11262,M,,,11
201100018349,11,4,7,1925,1,2,1,1.0,3.0,11262,M,,,11
201100018350,11,4,10,1300,1,2,1,1.0,7.0,11262,M,,,11
201100018351,11,4,11,1930,1,2,1,1.0,7.0,11262,M,,,11
201100018352,11,4,12,910,1,2,9,1.0,7.0,11262,M,,,11
201100018353,11,4,14,1515,1,2,1,1.0,1.0,11262,M,,,11
201100018354,11,4,14,1920,1,2,1,1.0,2.0,11262,M,,,11
201100018355,11,4,18,1410,1,2,1,1.0,3.0,11262,M,,,11
201100018356,11,4,29,1220,1,2,1,1.0,3.0,11262,M,,,11
201100018357,11,4,29,1400,1,2,1,1.0,2.0,11262,M,,,11
201100018358,11,5,2,1345,1,2,1,1.0,6.0,11262,M,,,11
201100018359,11,5,5,1725,1,2,1,1.0,3.0,11262,M,,,11
201100018360,11,5,7,905,1,2,1,1.0,2.0,11262,M,,,11
201100018361,11,5,11,1228,1,2,2,1.0,3.0,11262,M,,,11
201100018362,11,5,12,800,1,2,1,1.0,3.0,11262,M,,,11
201100018363,11,5,15,150,5,2,1,1.0,7.0,11262,M,,,11
201100018364,11,5,20,1210,1,2,1,1.0,7.0,11262,M,,,11
201100018365,11,5,20,1150,1,2,1,1.0,2.0,11262,M,,,11
201100018366,11,5,21,1117,1,2,9,1.0,6.0,11262,M,,,11
201100018367,11,5,26,935,1,2,5,1.0,3.0,11262,M,,,11
201100018368,11,5,26,1820,1,2,1,1.0,7.0,11262,M,,,11
201100018369,11,5,31,1510,1,2,1,1.0,2.0,11262,M,,,11
201100018370,11,5,31,1837,1,2,1,1.0,3.0,11262,M,,,11
201100018371,11,6,1,1215,1,2,3,1.0,3.0,11262,M,,,11
201100018372,11,6,1,1430,1,2,1,1.0,2.0,11262,M,,,11
201100018373,11,6,6,1250,1,2,2,1.0,3.0,11262,M,,,11
201100018374,11,6,10,1200,1,2,1,1.0,3.0,11262,M,,,11
201100018375,11,6,10,1835,1,2,1,1.0,3.0,11262,M,,,11
201100018376,11,6,12,1755,1,2,1,1.0,2.0,11262,M,,,11
201100018377,11,6,14,530,1,2,1,1.0,7.0,11262,M,,,11
201100018378,11,6,17,2020,1,2,1,1.0,2.0,11262,M,,,11
201100018379,11,6,18,505,1,2,1,1.0,7.0,11262,M,,,11
201100018380,11,6,28,2135,5,2,1,1.0,7.0,11262,M,,,11
201100018381,11,7,1,930,1,2,1,1.0,2.0,11262,M,,,11
201100018382,11,7,5,1910,1,2,1,1.0,3.0,11262,M,,,11
201100018383,11,7,7,1650,1,2,9,1.0,3.0,11262,M,,,11
201100018384,11,7,9,50,5,2,1,1.0,3.0,11262,M,,,11
201100018385,11,7,25,1000,1,2,9,1.0,7.0,11262,M,,,11
201100018386,11,7,29,830,1,2,1,1.0,6.0,11262,M,,,11
201100018387,11,7,30,705,1,2,1,1.0,2.0,11262,M,,,11
201100018388,11,8,17,1500,1,2,2,1.0,3.0,11262,M,,,11
201100018389,11,8,19,1205,1,2,2,1.0,3.0,11262,M,,,11
201100018390,11,8,21,1755,1,2,1,1.0,7.0,11262,M,,,11
201100018391,11,8,21,1925,1,2,1,1.0,3.0,11262,M,,,11
201100018392,11,8,22,2330,5,2,1,1.0,7.0,11262,M,,,11
201100018393,11,8,26,1350,1,2,1,1.0,7.0,11262,M,,,11
201100018394,11,8,26,1920,1,2,9,1.0,2.0,11262,M,,,11
201100018395,11,8,27,1720,1,2,2,1.0,2.0,11262,M,,,11
201100018396,11,8,30,1915,1,2,1,1.0,7.0,11262,M,,,11
201100018397,11,8,31,1625,1,2,1,1.0,3.0,11262,M,,,11
201100018398,11,9,2,1225,1,2,1,1.0,7.0,11262,M,,,11
201100018399,11,9,5,2050,5,2,3,1.0,3.0,11262,M,,,11
201100018400,11,9,6,1715,1,2,1,1.0,7.0,11262,M,,,11
201100018401,11,9,8,1915,2,2,1,1.0,6.0,11262,M,,,11
201100018402,11,9,11,1025,1,2,1,1.0,6.0,11262,M,,,11
201100018403,11,9,11,1250,1,2,1,1.0,7.0,11262,M,,,11
201100018404,11,9,16,950,1,2,1,1.0,6.0,11262,M,,,11
201100018405,11,9,19,645,2,2,1,1.0,7.0,11262,M,,,11
201100018406,11,9,19,1103,1,2,1,1.0,6.0,11262,M,,,11
201100018407,11,9,19,1649,1,2,1,1.0,7.0,11262,M,,,11
201100018408,11,9,20,1000,1,2,1,1.0,4.0,11262,M,,,11
201100018409,11,9,23,1653,1,2,2,1.0,3.0,11262,M,,,11
201100018410,11,9,24,2025,2,2,1,2.0,7.0,11262,M,,,11
201100018411,11,9,28,1230,1,2,3,1.0,3.0,11262,M,,,11
201100018412,11,10,7,1839,1,2,1,1.0,7.0,11262,M,,,11
201100018413,11,10,12,1456,1,2,1,1.0,6.0,11262,M,,,11
201100018414,11,10,12,1805,1,2,1,1.0,6.0,11262,M,,,11
201100018415,11,10,19,1800,1,2,6,1.0,3.0,11262,M,,,11
201100018416,11,10,24,1155,1,2,2,8.0,3.0,11262,M,,,11
201100018417,11,10,25,1907,2,1,1,1.0,3.0,11262,M,,,11
201100018418,11,10,27,1551,1,2,1,2.0,6.0,11262,M,,,11
201100018419,11,11,2,1630,1,2,1,1.0,6.0,11262,M,,,11
201100018420,11,11,25,805,2,2,3,1.0,3.0,11262,M,,,11
201100018421,11,12,2,1210,1,2,6,1.0,7.0,11262,M,,,11
201100018422,11,12,7,2000,5,2,1,1.0,6.0,11262,M,,,11
201100018423,11,12,20,1305,1,2,4,1.0,6.0,11262,M,,,11
201100018424,11,12,20,1425,1,2,3,1.0,3.0,11262,M,,,11
201100018425,11,12,23,1550,1,2,1,1.0,2.0,11262,M,,,11
201100018426,11,12,26,1515,1,2,6,1.0,3.0,11262,M,,,11
201100018427,11,12,29,1345,1,2,2,1.0,3.0,11262,M,,,11
201100018428,11,12,30,1630,1,2,1,1.0,6.0,11262,M,,,11
201100018429,11,1,12,1230,1,1,1,3.0,2.0,60030,M,0.0,0.0,60
201100018430,11,2,21,815,2,1,1,5.0,2.0,60377,M,0.0,0.0,60
201100018431,11,4,12,245,3,1,1,1.0,2.0,60395,M,0.0,0.0,60
201100018432,11,8,2,600,2,1,1,1.0,2.0,60457,M,0.0,0.0,60
201100018433,11,8,18,1715,1,1,1,1.0,6.0,60480,M,0.0,0.0,60
201100018434,11,10,7,1630,1,1,1,8.0,6.0,60370,M,0.0,0.0,60
201100018435,11,10,9,1830,2,1,1,8.0,6.0,95313,M,4912380.0,225330.0,95
201100018436,11,11,26,715,2,1,1,5.0,2.0,95504,M,4910870.0,225690.0,95
201100018437,11,12,5,1430,1,1,1,4.0,6.0,60265,M,0.0,0.0,60
201100018438,11,1,29,1600,1,1,1,2.0,6.0,13091,M,0.0,0.0,13
201100018439,11,4,2,1530,1,1,1,1.0,2.0,13091,M,0.0,0.0,13
201100018440,11,4,5,1730,1,1,3,1.0,3.0,13050,M,4364200.0,527800.0,13
201100018441,11,6,17,1845,1,2,1,1.0,3.0,13091,M,0.0,0.0,13
201100018442,11,7,1,2330,3,1,1,1.0,7.0,13091,M,0.0,0.0,13