Num_Acc,an,mois,jour,hrmn,lum,agg,int,atm,col,com,gps,lat,long,dep
201100018443,11,9,9,1145,1,2,9,1.0,6.0,13091,M,0.0,0.0,13
201100018444,11,9,10,2315,3,1,1,1.0,6.0,13050,M,0.0,0.0,13
201100018445,11,9,17,2000,2,1,1,1.0,6.0,13091,M,0.0,0.0,13
201100018446,11,9,24,1145,1,1,1,1.0,6.0,13091,M,0.0,0.0,13
201100018447,11,9,6,130,3,1,1,1.0,7.0,85244,M,0.0,0.0,85
201100018448,11,2,15,730,2,1,1,1.0,4.0,76533,M,4949010.0,26441.0,76
201100018449,11,4,18,1730,1,1,1,1.0,2.0,76660,M,4943860.0,27304.0,76
201100018450,11,4,27,1715,1,1,1,1.0,6.0,76489,M,4946630.0,27418.0,76
201100018451,11,4,28,1800,2,1,1,1.0,6.0,76489,M,4949140.0,28679.0,76
201100018452,11,7,23,1430,1,1,1,1.0,4.0,76586,M,4957010.0,36490.0,76
201100018453,11,9,9,430,4,1,1,1.0,6.0,76660,M,4948566.0,32049.0,76
201100018454,11,9,29,1530,1,1,1,1.0,2.0,76239,M,4955059.0,33823.0,76
201100018455,11,10,4,745,2,1,1,2.0,4.0,76533,M,4949500.0,24643.0,76
201100018456,11,10,14,2215,3,1,1,1.0,7.0,76239,M,4953625.0,31884.0,76
201100018457,11,1,2,1745,3,1,1,1.0,1.0,31483,M,0.0,0.0,31
201100018458,11,2,13,1730,1,1,1,1.0,7.0,31124,M,0.0,0.0,31
201100018459,11,6,20,745,1,1,1,1.0,2.0,31430,M,4310560.0,60221.0,31
201100018460,11,9,1,1900,1,1,1,1.0,2.0,31483,M,0.0,0.0,31
201100018461,11,10,9,2000,3,1,1,1.0,5.0,31084,M,0.0,0.0,31
201100018462,11,10,9,2315,3,1,1,1.0,2.0,31084,M,0.0,0.0,31
201100018463,11,7,14,1630,1,1,1,1.0,6.0,49049,M,4743511.0,-16854.0,49
201100018464,11,7,27,815,1,1,1,1.0,6.0,49138,M,4748104.0,-21153.0,49
201100018465,11,8,23,800,1,1,1,1.0,6.0,49030,M,4736404.0,-8311.0,49
201100018466,11,10,3,810,1,1,1,1.0,6.0,49041,M,4727450.0,7069.0,49
201100018467,11,12,24,1330,1,1,1,1.0,6.0,49041,M,4727449.0,7058.0,49
201100018468,11,1,7,815,1,2,1,1.0,1.0,74164,M,0.0,0.0,74
201100018469,11,1,12,1730,5,2,1,1.0,6.0,74164,M,0.0,0.0,74
201100018470,11,1,15,1400,1,1,1,1.0,1.0,74164,M,0.0,0.0,74
201100018471,11,1,28,1230,1,2,1,1.0,1.0,74304,M,0.0,0.0,74
201100018472,11,5,3,1700,1,1,1,1.0,3.0,74278,M,0.0,0.0,74
201100018473,11,5,26,1730,1,2,3,1.0,3.0,74278,M,4608200.0,653900.0,74
201100018474,11,6,4,1015,1,2,1,1.0,3.0,74164,M,0.0,0.0,74
201100018475,11,6,10,1415,1,2,1,1.0,5.0,74241,M,4614400.0,645800.0,74
201100018476,11,6,19,1115,1,2,1,1.0,1.0,74164,M,4609300.0,650300.0,74
201100018477,11,6,29,1930,1,1,1,8.0,6.0,74205,M,0.0,0.0,74
201100018478,11,8,5,2000,1,2,1,1.0,3.0,74284,M,0.0,0.0,74
201100018479,11,8,11,1915,1,1,1,1.0,6.0,74164,M,4608200.0,647700.0,74
201100018480,11,9,10,2130,5,2,1,1.0,3.0,74311,M,4614600.0,640500.0,74
201100018481,11,4,15,2230,5,1,1,1.0,6.0,80724,M,0.0,0.0,80
201100018482,11,4,19,915,1,1,1,1.0,6.0,80717,M,0.0,0.0,80
201100018483,11,6,13,1300,1,1,1,1.0,3.0,80754,M,0.0,0.0,80
201100018484,11,8,3,1515,1,1,1,1.0,2.0,80722,M,0.0,0.0,80
201100018485,11,8,23,2145,3,1,9,9.0,6.0,80632,M,0.0,0.0,80
201100018486,11,9,7,2245,3,1,1,1.0,5.0,80198,M,0.0,0.0,80
201100018487,11,9,26,1930,3,1,1,1.0,7.0,80131,M,0.0,0.0,80
201100018488,11,10,3,715,1,1,1,1.0,7.0,80793,M,0.0,0.0,80
201100018489,11,12,27,1745,2,1,9,8.0,6.0,80485,M,0.0,0.0,80
201100018490,11,1,7,2015,3,1,1,1.0,2.0,80692,M,0.0,0.0,80
201100018491,11,1,24,1650,1,1,1,1.0,6.0,80779,M,0.0,0.0,80
201100018492,11,1,29,1330,1,1,1,1.0,7.0,80385,M,0.0,0.0,80
201100018493,11,4,1,1345,1,1,1,1.0,6.0,80332,M,0.0,0.0,80
201100018494,11,5,15,1600,1,1,1,1.0,6.0,80344,M,0.0,0.0,80
201100018495,11,6,28,1230,1,1,1,1.0,6.0,80120,M,0.0,0.0,80
201100018496,11,9,3,1215,1,1,1,1.0,7.0,80635,M,0.0,0.0,80
201100018497,11,10,14,1800,1,1,1,1.0,7.0,80806,M,0.0,0.0,80
201100018498,11,12,15,1445,1,1,1,4.0,5.0,80171,M,0.0,0.0,80
201100018499,11,8,21,2045,3,1,1,1.0,7.0,73252,M,0.0,0.0,73
201100018500,11,5,4,1200,1,1,1,1.0,2.0,39017,M,0.0,0.0,39
201100018501,11,12,21,2245,3,1,1,2.0,3.0,39471,M,0.0,0.0,39
201100018502,11,1,1,1330,1,1,2,1.0,3.0,12089,M,4455787.0,345699.0,12
201100018503,11,3,8,1646,1,2,3,1.0,3.0,12089,M,,,12
201100018504,11,3,25,905,1,2,7,1.0,6.0,12089,M,,,12
201100018505,11,5,18,1230,1,2,3,1.0,3.0,12089,M,4455983.0,345699.0,12
201100018506,11,6,1,1355,1,1,1,1.0,6.0,12089,M,4456508.0,345699.0,12
201100018507,11,10,1,2345,3,1,1,1.0,1.0,12089,M,,,12
201100018508,11,8,10,1525,1,1,1,7.0,6.0,12013,M,4453675.0,0.0,12
201100018509,11,12,5,745,5,1,9,9.0,5.0,12013,M,4455315.0,0.0,12
201100018510,11,1,28,845,1,2,1,1.0,6.0,12145,M,,,12
201100018511,11,2,12,315,5,2,1,1.0,6.0,12145,M,,,12
201100018512,11,2,17,1150,1,2,3,1.0,3.0,12145,M,,,12
201100018513,11,2,21,825,1,2,1,1.0,6.0,12145,M,,,12
201100018514,11,2,23,1744,1,1,1,1.0,6.0,12145,M,,,12
201100018515,11,3,14,1945,5,2,3,2.0,3.0,12145,M,,,12
201100018516,11,4,1,750,1,2,1,1.0,7.0,12145,M,,,12
201100018517,11,4,13,1050,1,2,1,1.0,6.0,12145,M,,,12
201100018518,11,7,5,1355,1,2,1,1.0,7.0,12145,M,,,12
201100018519,11,8,10,56,5,2,1,1.0,3.0,12145,M,,,12
201100018520,11,8,12,1010,1,1,1,1.0,3.0,12145,M,,,12
201100018521,11,8,30,1600,1,2,3,1.0,5.0,12145,M,,,12
201100018522,11,9,20,1810,1,2,3,1.0,3.0,12145,M,,,12
201100018523,11,11,16,1210,1,2,1,8.0,6.0,12145,M,,,12
201100018524,11,11,26,425,5,2,6,1.0,6.0,12145,M,,,12
201100018525,11,11,10,1850,5,2,1,1.0,3.0,12145,M,,,12
201100018526,11,1,17,1840,3,1,1,1.0,7.0,12202,M,,,12
201100018527,11,2,1,1200,1,2,3,4.0,6.0,12202,M,,,12
201100018528,11,2,1,1535,1,2,1,1.0,6.0,12202,M,,,12
201100018529,11,2,24,740,1,1,1,8.0,5.0,12176,M,,,12
201100018530,11,2,26,1500,1,2,1,2.0,4.0,12176,M,,,12
201100018531,11,3,1,845,1,1,1,1.0,7.0,12202,M,,,12
201100018532,11,3,5,1900,1,2,1,1.0,7.0,12202,M,,,12
201100018533,11,3,31,1350,1,2,6,1.0,6.0,12202,M,,,12
201100018534,11,4,5,1650,1,1,1,1.0,6.0,12146,M,,,12
201100018535,11,4,5,1855,1,2,3,1.0,6.0,12202,M,,,12
201100018536,11,4,9,1800,1,2,1,1.0,6.0,12202,M,,,12
201100018537,11,4,26,1805,1,2,6,1.0,7.0,12202,M,,,12
201100018538,11,4,30,1800,1,2,3,1.0,3.0,12176,M,,,12
201100018539,11,5,7,925,1,2,2,1.0,2.0,12202,M,,,12
201100018540,11,5,28,1820,1,2,1,1.0,6.0,12202,M,,,12
201100018541,11,5,29,1615,1,1,1,1.0,7.0,12176,M,,,12
201100018542,11,6,18,200,5,2,3,3.0,7.0,12202,M,,,12
201100018543,11,6,19,155,5,2,1,1.0,7.0,12174,M,,,12
201100018544,11,6,21,745,1,2,2,1.0,1.0,12174,M,,,12
201100018545,11,7,5,1025,1,2,2,1.0,3.0,12202,M,,,12
201100018546,11,7,7,1755,1,2,1,8.0,3.0,12176,M,,,12
201100018547,11,7,19,45,5,2,1,2.0,7.0,12202,M,,,12
201100018548,11,7,28,2140,5,2,3,1.0,3.0,12202,M,,,12
201100018549,11,9,2,1430,1,1,1,1.0,2.0,12176,M,,,12
201100018550,11,9,10,835,1,1,1,1.0,7.0,12202,M,,,12
201100018551,11,9,16,1450,1,2,3,1.0,3.0,12202,M,,,12
201100018552,11,9,20,1005,1,2,1,1.0,7.0,12176,M,,,12
201100018553,11,10,6,910,1,2,1,8.0,2.0,12202,M,,,12
201100018554,11,10,6,1600,1,2,1,8.0,6.0,12202,M,,,12
201100018555,11,10,8,1535,1,2,1,1.0,3.0,12174,M,,,12
201100018556,11,10,18,1005,1,2,3,1.0,6.0,12202,M,,,12
201100018557,11,10,28,1610,1,2,1,1.0,3.0,12176,M,,,12
201100018558,11,11,23,1240,1,2,2,1.0,6.0,12202,M,,,12
201100018559,11,11,26,1855,5,2,3,1.0,6.0,12176,M,,,12
201100018560,11,11,30,1330,1,2,1,1.0,6.0,12202,M,,,12
201100018561,11,12,1,1230,1,2,1,1.0,6.0,12176,M,,,12
201100018562,11,12,9,200,5,2,2,1.0,6.0,12202,M,,,12
201100018563,11,12,12,1110,1,1,1,2.0,7.0,12202,M,,,12
201100018564,11,6,27,1345,1,1,1,1.0,6.0,46086,M,4498700.0,152400.0,46
201100018565,11,1,10,1930,3,1,1,1.0,2.0,38545,M,4502780.0,566256.0,38
201100018566,11,3,12,1015,1,1,1,2.0,7.0,38524,M,4509650.0,567147.0,38
201100018567,11,5,27,500,3,1,1,2.0,6.0,38545,M,4504380.0,567097.0,38
201100018568,11,6,4,300,3,1,1,1.0,6.0,38524,M,0.0,0.0,38
201100018569,11,5,31,830,1,1,1,1.0,1.0,45249,M,4804339.0,278049.0,45
201100018570,11,8,25,815,1,1,1,3.0,6.0,45036,M,0.0,0.0,45
201100018571,11,1,8,900,1,1,1,1.0,6.0,19134,M,4562146.0,246264.0,19
201100018572,11,4,26,2130,3,1,1,1.0,7.0,19180,M,4551630.0,224467.0,19
201100018573,11,6,19,630,2,1,1,1.0,7.0,19180,M,4551550.0,224088.0,19
201100018574,11,1,15,815,1,1,1,1.0,6.0,10076,M,0.0,0.0,10
201100018575,11,2,5,730,1,1,1,1.0,7.0,10216,M,0.0,0.0,10
201100018576,11,2,27,1815,2,1,1,4.0,5.0,10426,M,0.0,0.0,10
201100018577,11,6,16,1530,1,1,1,2.0,5.0,10092,M,0.0,0.0,10
201100018578,11,6,18,1500,1,1,1,1.0,6.0,10426,M,0.0,0.0,10
201100018579,11,7,2,915,1,1,1,1.0,7.0,10130,M,0.0,0.0,10
201100018580,11,7,15,1945,1,1,1,1.0,3.0,10142,M,0.0,0.0,10
201100018581,11,7,19,1730,1,1,1,3.0,1.0,10130,M,0.0,0.0,10
201100018582,11,9,1,1600,1,1,1,1.0,6.0,10076,M,0.0,0.0,10
201100018583,11,9,29,645,2,1,1,1.0,7.0,10100,M,4823300.0,417999.0,10
201100018584,11,10,7,830,1,1,1,1.0,6.0,10066,M,0.0,0.0,10
201100018585,11,10,20,1415,1,1,1,1.0,3.0,10444,M,4814366.0,336525.0,10
201100018586,11,11,3,1645,2,1,1,8.0,6.0,10092,M,4810642.0,419579.0,10
201100018587,11,11,29,1530,1,1,1,1.0,6.0,10379,M,4848846.0,416508.0,10
201100018588,11,12,12,1430,1,1,1,1.0,2.0,10406,M,0.0,0.0,10
201100018589,11,12,24,815,1,1,1,1.0,6.0,10084,M,0.0,0.0,10
201100018590,11,12,20,1820,5,2,1,1.0,6.0,13001,M,4352776.0,545256.0,13
201100018591,11,1,5,1430,1,2,2,8.0,3.0,13001,M,,,13
201100018592,11,1,11,730,3,1,1,1.0,6.0,13001,M,,,13
201100018593,11,1,12,2010,5,2,1,1.0,6.0,13001,M,4352633.0,544637.0,13
201100018594,11,1,15,1540,1,2,1,1.0,6.0,13001,M,,,13
201100018595,11,1,15,2220,5,2,1,1.0,3.0,13001,M,,,13
201100018596,11,1,16,1430,1,2,1,1.0,3.0,13001,M,,,13
201100018597,11,1,20,815,1,2,9,1.0,6.0,13001,M,4352842.0,541203.0,13
201100018598,11,1,26,1545,1,2,1,7.0,6.0,13001,M,,,13
201100018599,11,1,27,1440,1,2,2,1.0,3.0,13001,M,,,13
201100018600,11,2,2,1435,1,2,6,1.0,3.0,13001,M,,,13
201100018601,11,2,5,1950,5,2,1,1.0,6.0,13001,M,,,13
201100018602,11,1,30,2220,3,2,3,1.0,3.0,13001,M,,,13
201100018603,11,1,24,1715,1,1,3,1.0,3.0,13001,M,,,13
201100018604,11,2,16,1325,1,2,1,8.0,7.0,13001,M,,,13
201100018605,11,7,23,1940,2,2,1,1.0,6.0,13001,M,,,13
201100018606,11,2,20,2040,3,1,1,1.0,6.0,13001,M,,,13
201100018607,11,2,23,1130,1,2,6,1.0,3.0,13001,M,,,13
201100018608,11,2,22,2100,3,1,3,1.0,1.0,13001,M,4349663.0,537756.0,13
201100018609,11,2,17,1745,2,2,1,8.0,4.0,13001,M,,,13
201100018610,11,2,25,730,1,1,1,1.0,1.0,13001,M,4348331.0,541484.0,13
201100018611,11,3,3,2015,5,2,1,2.0,1.0,13001,M,,,13
201100018612,11,10,31,1310,1,2,1,1.0,6.0,13001,M,,,13
201100018613,11,3,8,1230,1,2,9,1.0,3.0,13001,M,,,13
201100018614,11,3,11,745,1,2,3,1.0,6.0,13001,M,,,13
201100018615,11,3,16,804,1,2,3,1.0,6.0,13001,M,,,13
201100018616,11,3,19,1520,1,1,2,1.0,2.0,13001,M,4347925.0,539383.0,13
201100018617,11,3,24,1635,1,1,1,1.0,3.0,13001,M,,,13
201100018618,11,3,24,2030,5,2,3,1.0,4.0,13001,M,,,13
201100018619,11,3,8,1715,1,2,1,1.0,3.0,13001,M,,,13
201100018620,11,4,2,520,3,1,1,1.0,6.0,13001,M,4356855.0,539895.0,13
201100018621,11,4,2,1330,1,1,1,1.0,7.0,13001,M,,,13
201100018622,11,3,17,1315,1,2,1,1.0,3.0,13001,M,4347928.0,537169.0,13
201100018623,11,4,6,1840,1,1,6,1.0,1.0,13001,M,,,13
201100018624,11,4,9,50,5,2,3,1.0,6.0,13001,M,4352573.0,541739.0,13
201100018625,11,4,9,2110,5,2,5,1.0,3.0,13001,M,4348844.0,543540.0,13
201100018626,11,4,18,900,1,2,2,1.0,6.0,13001,M,4352577.0,541731.0,13
201100018627,11,4,24,2040,5,2,1,1.0,3.0,13001,M,4352484.0,544385.0,13
201100018628,11,4,27,1700,1,1,1,1.0,1.0,13001,M,,,13
201100018629,11,5,3,1745,1,2,1,1.0,3.0,13001,M,,,13
201100018630,11,5,7,930,1,2,1,1.0,4.0,13001,M,4353705.0,543463.0,13
201100018631,11,4,11,945,1,1,1,1.0,6.0,13001,M,,,13
201100018632,11,4,10,1250,1,2,1,1.0,2.0,13001,M,,,13
201100018633,11,5,6,1320,1,1,1,1.0,6.0,13001,M,,,13
201100018634,11,5,6,1130,1,2,1,1.0,2.0,13001,M,,,13
201100018635,11,5,21,1040,1,2,4,1.0,2.0,13001,M,,,13
201100018636,11,5,26,2140,5,2,1,1.0,6.0,13001,M,,,13
201100018637,11,5,21,1730,1,2,3,1.0,6.0,13001,M,,,13
201100018638,11,5,28,2300,3,1,1,1.0,6.0,13001,M,,,13
201100018639,11,6,2,1635,1,1,1,2.0,3.0,13001,M,,,13
201100018640,11,6,15,1737,1,1,1,1.0,5.0,13001,M,,,13
201100018641,11,6,18,1600,1,2,1,1.0,6.0,13001,M,,,13
201100018642,11,6,17,1000,1,1,1,1.0,3.0,13001,M,,,13
201100018643,11,6,25,2315,5,2,1,1.0,7.0,13001,M,,,13
201100018644,11,6,25,2235,4,2,3,1.0,3.0,13001,M,,,13
201100018645,11,6,28,1930,1,2,1,7.0,6.0,13001,M,,,13
201100018646,11,6,20,1645,1,2,1,1.0,6.0,13001,M,,,13
201100018647,11,7,2,1440,1,1,3,1.0,3.0,13001,M,4353959.0,537828.0,13
201100018648,11,7,1,1745,1,2,1,1.0,6.0,13001,M,,,13
201100018649,11,7,6,1245,1,2,1,1.0,3.0,13001,M,,,13
201100018650,11,7,6,1650,1,1,1,1.0,2.0,13001,M,,,13
201100018651,11,7,6,2030,1,1,1,1.0,3.0,13001,M,4357338.0,543246.0,13
201100018652,11,7,1,1505,1,2,1,1.0,3.0,13001,M,4352093.0,544526.0,13
201100018653,11,7,10,1655,1,1,1,1.0,3.0,13001,M,4355319.0,543501.0,13
201100018654,11,7,14,400,3,1,1,1.0,7.0,13001,M,,,13
201100018655,11,7,19,1220,1,2,1,1.0,3.0,13001,M,,,13
201100018656,11,7,21,2315,3,2,1,1.0,1.0,13001,M,,,13
201100018657,11,7,25,820,1,1,3,1.0,3.0,13001,M,4357688.0,541037.0,13
201100018658,11,7,29,1020,1,2,4,1.0,7.0,13001,M,,,13
201100018659,11,7,30,15,4,2,3,1.0,3.0,13001,M,,,13
201100018660,11,8,4,2200,5,2,1,1.0,3.0,13001,M,,,13
201100018661,11,8,5,2000,1,1,2,1.0,3.0,13001,M,4348855.0,538733.0,13
201100018662,11,8,10,1700,1,2,6,1.0,6.0,13001,M,,,13
201100018663,11,8,15,10,4,2,1,1.0,6.0,13001,M,,,13
201100018664,11,8,21,1115,1,1,1,1.0,2.0,13001,M,,,13
201100018665,11,8,27,2205,4,2,3,1.0,3.0,13001,M,,,13
201100018666,11,8,3,1805,1,2,1,1.0,3.0,13001,M,,,13
201100018667,11,7,18,1202,1,2,1,1.0,6.0,13001,M,,,13
201100018668,11,8,30,1710,1,2,1,1.0,6.0,13001,M,,,13
201100018669,11,9,8,900,1,2,1,1.0,6.0,13001,M,,,13
201100018670,11,9,1,1920,1,2,1,1.0,1.0,13001,M,,,13
201100018671,11,9,13,750,1,2,6,1.0,3.0,13001,M,,,13
201100018672,11,9,12,1515,1,2,4,1.0,3.0,13001,M,,,13
201100018673,11,9,19,1630,1,2,1,1.0,6.0,13001,M,4352234.0,541367.0,13
201100018674,11,9,16,2325,5,2,6,1.0,6.0,13001,M,,,13
201100018675,11,9,23,1345,1,2,1,1.0,6.0,13001,M,,,13
201100018676,11,9,23,1830,1,2,1,1.0,3.0,13001,M,,,13
201100018677,11,9,27,1100,1,2,2,1.0,6.0,13001,M,4353084.0,544030.0,13
201100018678,11,10,2,415,5,2,1,1.0,2.0,13001,M,,,13
201100018679,11,10,12,1750,1,1,1,1.0,4.0,13001,M,,,13
201100018680,11,9,26,1245,1,2,2,1.0,1.0,13001,M,4351402.0,546138.0,13
201100018681,11,9,26,1745,1,2,1,1.0,3.0,13001,M,,,13
201100018682,11,10,21,1830,5,2,1,1.0,3.0,13001,M,,,13
201100018683,11,10,9,450,5,2,1,1.0,6.0,13001,M,,,13
201100018684,11,10,9,1100,1,1,8,1.0,3.0,13001,M,,,13
201100018685,11,10,6,1222,1,2,1,2.0,6.0,13001,M,,,13
201100018686,11,10,9,555,3,1,1,1.0,7.0,13001,M,,,13
201100018687,11,10,4,815,1,1,1,1.0,5.0,13001,M,,,13
201100018688,11,10,14,2000,2,2,1,1.0,3.0,13001,M,,,13
201100018689,11,9,1,1610,1,2,1,1.0,5.0,13001,M,,,13
201100018690,11,10,21,1155,1,2,1,1.0,7.0,13001,M,,,13
201100018691,11,10,27,1700,1,2,1,1.0,3.0,13001,M,,,13
201100018692,11,10,31,2030,5,2,1,8.0,1.0,13001,M,,,13
201100018693,11,10,8,1045,1,2,1,1.0,6.0,13001,M,,,13
201100018694,11,11,1,1445,1,2,2,1.0,3.0,13001,M,,,13
201100018695,11,11,14,1630,1,2,1,1.0,7.0,13001,M,,,13
201100018696,11,11,14,1830,5,2,1,1.0,7.0,13001,M,4357501.0,542011.0,13
201100018697,11,11,15,2055,5,2,2,1.0,3.0,13001,M,,,13
201100018698,11,11,17,1330,1,1,1,1.0,1.0,13001,M,,,13
201100018699,11,11,25,1120,1,2,2,1.0,6.0,13001,M,,,13
201100018700,11,11,25,1615,1,2,1,2.0,1.0,13001,M,,,13
201100018701,11,12,10,540,3,1,1,1.0,3.0,13001,M,,,13
201100018702,11,12,11,620,5,2,1,1.0,2.0,13001,M,,,13
201100018703,11,12,28,1110,1,1,1,1.0,6.0,13001,M,4352126.0,542330.0,13
201100018704,11,12,14,730,3,1,1,1.0,1.0,13001,M,,,13
201100018705,11,12,2,700,2,2,1,1.0,3.0,13001,M,4356875.0,539899.0,13
201100018706,11,12,12,800,1,2,1,1.0,3.0,13001,M,,,13
201100018707,11,11,17,1715,5,1,1,1.0,3.0,13001,M,,,13
201100018708,11,12,15,1530,1,2,1,1.0,1.0,13001,M,,,13
201100018709,11,12,4,1830,3,2,1,1.0,7.0,13001,M,4351022.0,544201.0,13
201100018710,11,1,8,1,3,1,1,1.0,6.0,13004,M,,,13
201100018711,11,1,13,1700,1,2,1,1.0,6.0,13004,M,,,13
201100018712,11,1,13,2130,3,2,1,1.0,6.0,13004,M,,,13
201100018713,11,1,15,2000,5,2,3,1.0,6.0,13004,M,,,13
201100018714,11,1,31,849,1,2,1,1.0,7.0,13004,M,,,13
201100018715,11,2,3,1235,1,1,1,1.0,6.0,13004,M,,,13
201100018716,11,2,6,2130,5,2,1,1.0,7.0,13004,M,4367891.0,462310.0,13
201100018717,11,2,28,1555,1,1,1,1.0,1.0,13004,M,,,13
201100018718,11,3,16,1950,5,2,9,3.0,5.0,13004,M,,,13
201100018719,11,3,24,1450,1,2,1,1.0,3.0,13004,M,4368544.0,463419.0,13
201100018720,11,4,22,920,1,2,1,1.0,6.0,13004,M,,,13
201100018721,11,4,22,2100,3,1,1,1.0,4.0,13004,M,,,13
201100018722,11,4,22,330,3,1,1,1.0,2.0,13004,M,,,13
201100018723,11,4,25,720,1,2,1,1.0,2.0,13004,M,,,13
201100018724,11,4,28,800,1,2,3,1.0,3.0,13004,M,,,13
201100018725,11,5,3,2140,3,1,1,1.0,7.0,13004,M,,,13
201100018726,11,5,11,700,1,1,2,1.0,3.0,13004,M,4365710.0,469144.0,13
201100018727,11,5,24,1415,1,1,1,1.0,6.0,13004,M,4369374.0,463466.0,13
201100018728,11,6,9,955,1,2,1,1.0,6.0,13004,M,4367939.0,463415.0,13
201100018729,11,6,20,820,1,2,1,1.0,1.0,13004,M,,,13
201100018730,11,6,24,2005,1,2,1,1.0,3.0,13004,M,,,13
201100018731,11,6,30,1900,1,2,1,1.0,6.0,13004,M,,,13
201100018732,11,7,2,1030,1,2,1,1.0,3.0,13004,M,,,13
201100018733,11,7,15,2240,5,2,1,1.0,6.0,13004,M,,,13
201100018734,11,7,31,1610,1,1,1,1.0,3.0,13004,M,,,13
201100018735,11,8,2,1840,1,2,1,1.0,1.0,13004,M,,,13
201100018736,11,8,7,2130,2,1,9,1.0,3.0,13004,M,4366097.0,461775.0,13
201100018737,11,8,17,1955,1,2,4,1.0,3.0,13004,M,4368066.0,462075.0,13
201100018738,11,8,23,745,1,1,3,1.0,3.0,13004,M,,,13
201100018739,11,8,28,130,3,1,3,1.0,3.0,13004,M,4366375.0,471116.0,13
201100018740,11,9,5,1640,1,2,4,1.0,3.0,13004,M,4368030.0,462132.0,13
201100018741,11,9,14,1015,1,2,1,1.0,4.0,13004,M,,,13
201100018742,11,9,26,800,1,2,3,1.0,3.0,13004,M,4367729.0,464091.0,13
201100018743,11,10,2,1700,1,2,2,1.0,3.0,13004,M,,,13
201100018744,11,10,3,1030,1,1,1,1.0,4.0,13004,M,,,13
201100018745,11,10,7,1810,1,2,1,1.0,7.0,13004,M,,,13
201100018746,11,10,20,1230,1,2,3,1.0,6.0,13004,M,,,13
201100018747,11,11,10,2110,5,1,6,1.0,1.0,13004,M,,,13
201100018748,11,12,4,710,3,1,1,1.0,6.0,13004,M,,,13
201100018749,11,12,11,210,5,2,1,1.0,7.0,13004,M,,,13
201100018750,11,12,14,330,3,1,1,1.0,2.0,13004,M,,,13
201100018751,11,12,18,645,3,1,1,1.0,6.0,13004,M,,,13
201100018752,11,12,28,1100,1,2,1,1.0,6.0,13004,M,,,13
201100018753,11,1,4,1030,1,2,2,2.0,3.0,13005,M,,,13
201100018754,11,2,4,2150,5,2,2,1.0,1.0,13005,M,4329594.0,557140.0,13
201100018755,11,1,16,1425,1,2,1,2.0,2.0,13005,M,,,13
201100018756,11,9,3,100,5,2,1,1.0,3.0,13005,M,,,13
201100018757,11,9,7,1946,5,2,1,1.0,3.0,13005,M,,,13
201100018758,11,2,26,945,1,2,1,8.0,6.0,13005,M,,,13
201100018759,11,6,29,1735,1,1,3,1.0,2.0,13005,M,,,13
201100018760,11,4,8,1145,1,1,9,1.0,3.0,13005,M,,,13
201100018761,11,3,8,915,1,2,1,1.0,6.0,13005,M,,,13
201100018762,11,5,2,1250,1,2,1,1.0,3.0,13005,M,,,13
201100018763,11,6,14,835,1,2,3,1.0,3.0,13005,M,,,13
201100018764,11,6,27,830,1,2,3,1.0,1.0,13005,M,,,13
201100018765,11,7,18,1820,1,1,1,1.0,3.0,13005,M,,,13
201100018766,11,8,7,455,5,2,1,2.0,2.0,13005,M,,,13
201100018767,11,8,11,1330,1,2,1,1.0,2.0,13070,M,,,13
201100018768,11,8,11,1830,1,2,6,1.0,3.0,13005,M,,,13
201100018769,11,8,17,1230,1,1,1,1.0,5.0,13005,M,,,13
201100018770,11,8,18,2100,5,2,1,1.0,2.0,13005,M,,,13
201100018771,11,8,30,1525,1,2,2,1.0,3.0,13005,M,,,13
201100018772,11,9,4,1650,1,2,1,1.0,3.0,13005,M,,,13
201100018773,11,9,7,730,1,2,3,1.0,6.0,13005,M,,,13
201100018774,11,9,6,935,1,2,6,1.0,3.0,13005,M,,,13
201100018775,11,9,11,1500,1,2,1,1.0,6.0,13005,M,4329337.0,557033.0,13
201100018776,11,9,12,830,1,2,1,1.0,2.0,13005,M,,,13
201100018777,11,9,13,835,1,2,6,1.0,3.0,13005,M,,,13
201100018778,11,9,14,1455,1,2,1,1.0,6.0,13005,M,,,13
201100018779,11,9,22,1020,1,2,1,1.0,6.0,13005,M,,,13
201100018780,11,9,23,1405,1,2,1,1.0,6.0,13005,M,,,13
201100018781,11,9,30,540,5,2,1,1.0,7.0,13005,M,,,13
201100018782,11,10,5,1510,1,2,9,1.0,6.0,13005,M,,,13
201100018783,11,10,29,1250,1,1,1,1.0,3.0,13005,M,,,13
201100018784,11,11,3,1745,5,1,1,3.0,3.0,13005,M,,,13
201100018785,11,11,2,1755,5,2,9,1.0,6.0,13005,M,,,13
201100018786,11,11,10,810,1,2,1,1.0,2.0,13005,M,,,13
201100018787,11,11,4,1030,1,2,1,2.0,3.0,13005,M,,,13
201100018788,11,11,9,1145,1,2,2,2.0,2.0,13005,M,,,13
201100018789,11,11,12,950,1,2,1,1.0,6.0,13005,M,,,13
201100018790,11,11,14,800,1,2,6,1.0,6.0,13005,M,4327951.0,561182.0,13
201100018791,11,11,17,1210,1,2,1,1.0,5.0,13005,M,,,13
201100018792,11,11,21,1125,1,2,3,1.0,3.0,13005,M,,,13
201100018793,11,11,29,1140,1,2,1,1.0,6.0,13005,M,,,13
201100018794,11,11,29,1340,1,2,1,1.0,2.0,13005,M,,,13
201100018795,11,11,29,1920,3,1,3,1.0,1.0,13005,M,,,13
201100018796,11,12,4,1210,1,1,1,1.0,7.0,13005,M,,,13
201100018797,11,12,7,1430,1,2,2,1.0,5.0,13005,M,,,13
201100018798,11,12,8,1430,1,2,1,1.0,1.0,13005,M,,,13