Num_Acc,an,mois,jour,hrmn,lum,agg,int,atm,col,com,gps,lat,long,dep
201100018799,11,12,16,1210,1,2,1,1.0,6.0,13005,M,4328735.0,556203.0,13
201100018800,11,5,6,1335,1,2,1,1.0,7.0,13005,M,,,13
201100018801,11,5,13,1000,1,2,1,1.0,6.0,13005,M,,,13
201100018802,11,5,22,1820,1,2,3,1.0,3.0,13005,M,,,13
201100018803,11,6,16,1715,1,2,1,1.0,3.0,13070,M,,,13
201100018804,11,7,2,1830,1,1,3,1.0,3.0,13005,M,,,13
201100018805,11,7,16,550,2,2,6,1.0,7.0,13005,M,,,13
201100018806,11,3,18,1750,1,2,1,1.0,2.0,13005,M,,,13
201100018807,11,10,12,1850,2,2,3,1.0,3.0,13070,M,,,13
201100018808,11,7,23,2100,2,2,6,1.0,6.0,13005,M,,,13
201100018809,11,7,28,1220,1,2,3,1.0,3.0,13005,M,,,13
201100018810,11,5,26,1820,1,2,1,1.0,3.0,13005,M,,,13
201100018811,11,8,10,710,2,2,1,1.0,2.0,13005,M,,,13
201100018812,11,9,15,1820,1,2,1,1.0,2.0,13005,M,,,13
201100018813,11,9,21,1045,1,2,1,1.0,6.0,13005,M,,,13
201100018814,11,10,19,1700,1,1,9,1.0,2.0,13005,M,,,13
201100018815,11,10,27,745,2,1,1,1.0,3.0,13005,M,,,13
201100018816,11,8,5,2130,5,2,1,1.0,5.0,13070,M,4328159.0,551547.0,13
201100018817,11,9,14,1430,1,2,1,1.0,3.0,13005,M,,,13
201100018818,11,1,6,1020,1,2,1,8.0,6.0,13028,M,4318163.0,561250.0,13
201100018819,11,1,12,1420,1,2,1,1.0,2.0,13028,M,,,13
201100018820,11,1,13,2220,5,2,6,1.0,3.0,13028,M,,,13
201100018821,11,1,15,1435,1,1,9,1.0,2.0,13028,M,,,13
201100018822,11,1,22,110,3,2,1,1.0,6.0,13028,M,,,13
201100018823,11,1,24,925,1,2,1,1.0,3.0,13028,M,,,13
201100018824,11,2,4,1645,1,2,4,1.0,3.0,13028,M,4317798.0,559590.0,13
201100018825,11,2,13,1720,2,1,1,1.0,1.0,13028,M,,,13
201100018826,11,3,9,820,1,2,1,1.0,2.0,13028,M,,,13
201100018827,11,3,15,1000,1,2,9,2.0,6.0,13028,M,4318239.0,560532.0,13
201100018828,11,3,24,840,1,1,1,1.0,3.0,13028,M,4319197.0,561782.0,13
201100018829,11,4,3,1935,1,2,1,1.0,1.0,13028,M,,,13
201100018830,11,4,10,1752,1,2,1,1.0,1.0,13028,M,,,13
201100018831,11,4,13,755,1,2,1,1.0,6.0,13028,M,4318736.0,559802.0,13
201100018832,11,4,18,1355,1,1,1,1.0,3.0,13028,M,,,13
201100018833,11,4,20,1800,1,2,1,1.0,1.0,13028,M,4318234.0,560531.0,13
201100018834,11,5,3,1520,1,2,1,1.0,6.0,13028,M,4319009.0,563668.0,13
201100018835,11,5,16,2135,5,2,1,1.0,3.0,13028,M,,,13
201100018836,11,6,3,1830,1,1,1,8.0,3.0,13028,M,,,13
201100018837,11,6,10,2000,1,1,4,1.0,2.0,13028,M,,,13
201100018838,11,6,19,1240,1,2,1,1.0,2.0,13028,M,,,13
201100018839,11,6,29,950,1,2,2,1.0,3.0,13028,M,,,13
201100018840,11,7,5,845,1,1,2,1.0,3.0,13028,M,4318360.0,566758.0,13
201100018841,11,7,10,1530,1,2,1,1.0,6.0,13028,M,4318603.0,562091.0,13
201100018842,11,7,21,1930,2,2,1,1.0,6.0,13028,M,4317456.0,560944.0,13
201100018843,11,8,15,2000,1,1,1,1.0,5.0,13028,M,,,13
201100018844,11,8,19,350,5,2,9,1.0,6.0,13028,M,4320180.0,561581.0,13
201100018845,11,8,19,1845,1,1,3,1.0,3.0,13028,M,,,13
201100018846,11,8,26,1420,1,1,1,8.0,1.0,13028,M,,,13
201100018847,11,9,1,1720,1,2,1,1.0,2.0,13028,M,,,13
201100018848,11,9,4,1710,1,1,1,1.0,1.0,13028,M,,,13
201100018849,11,9,21,1410,1,1,1,1.0,6.0,13028,M,,,13
201100018850,11,9,23,2045,5,2,1,1.0,3.0,13028,M,4318604.0,560775.0,13
201100018851,11,9,28,1800,1,1,1,1.0,2.0,13028,M,,,13
201100018852,11,9,29,1100,1,2,1,1.0,6.0,13028,M,4318234.0,560531.0,13
201100018853,11,10,7,845,1,2,1,1.0,6.0,13028,M,,,13
201100018854,11,10,23,900,1,2,1,1.0,1.0,13028,M,,,13
201100018855,11,11,1,1015,1,2,1,1.0,7.0,13028,M,,,13
201100018856,11,11,14,605,2,1,1,9.0,6.0,13028,M,4320453.0,560400.0,13
201100018857,11,11,29,1445,1,1,1,1.0,1.0,13028,M,4319494.0,561144.0,13
201100018858,11,11,29,1830,5,1,2,1.0,2.0,13028,M,4318418.0,561341.0,13
201100018859,11,12,16,2250,5,2,1,1.0,1.0,13028,M,,,13
201100018860,11,12,23,1640,1,1,1,1.0,1.0,13028,M,,,13
201100018861,11,1,2,2245,5,2,1,1.0,6.0,13047,M,4350801.0,499319.0,13
201100018862,11,1,5,415,5,2,1,1.0,6.0,13047,M,,,13
201100018863,11,1,10,1850,5,1,2,1.0,3.0,13047,M,,,13
201100018864,11,1,10,1515,1,2,9,1.0,6.0,13047,M,,,13
201100018865,11,1,16,1023,1,1,1,1.0,5.0,13063,M,,,13
201100018866,11,1,18,745,2,2,1,1.0,6.0,13047,M,,,13
201100018867,11,2,15,1320,1,2,1,1.0,6.0,13047,M,,,13
201100018868,11,2,19,1455,1,2,1,1.0,6.0,13047,M,,,13
201100018869,11,2,19,2110,3,1,1,1.0,1.0,13047,M,,,13
201100018870,11,2,26,1515,1,1,1,1.0,2.0,13047,M,,,13
201100018871,11,3,21,1030,1,2,2,1.0,1.0,13047,M,,,13
201100018872,11,4,5,2045,2,2,1,1.0,2.0,13047,M,,,13
201100018873,11,4,12,2245,3,1,1,6.0,6.0,13047,M,,,13
201100018874,11,4,17,135,5,2,1,1.0,2.0,13063,M,,,13
201100018875,11,4,17,1740,1,1,1,1.0,5.0,13063,M,,,13
201100018876,11,4,7,1340,1,1,1,1.0,2.0,13047,M,,,13
201100018877,11,4,7,1945,1,1,3,1.0,3.0,13047,M,,,13
201100018878,11,6,10,1350,1,1,1,1.0,7.0,13063,M,,,13
201100018879,11,6,25,1500,1,2,1,1.0,2.0,13047,M,4352403.0,497844.0,13
201100018880,11,6,27,2050,1,1,1,1.0,1.0,13047,M,,,13
201100018881,11,11,12,1750,5,2,1,1.0,6.0,13098,M,,,13
201100018882,11,11,21,1850,4,2,1,1.0,6.0,13047,M,,,13
201100018883,11,11,4,1730,3,1,6,3.0,3.0,13047,M,,,13
201100018884,11,12,12,2140,3,1,1,1.0,2.0,13098,M,,,13
201100018885,11,11,15,1800,5,2,1,1.0,3.0,13098,M,,,13
201100018886,11,1,7,1145,1,1,1,1.0,3.0,13043,M,,,13
201100018887,11,1,14,2050,5,2,6,1.0,3.0,13054,M,,,13
201100018888,11,1,18,1845,3,1,1,1.0,4.0,13054,M,,,13
201100018889,11,1,20,1405,1,2,1,1.0,3.0,13043,M,,,13
201100018890,11,1,24,1230,1,2,1,1.0,3.0,13102,M,,,13
201100018891,11,2,2,758,1,2,1,1.0,6.0,13054,M,,,13
201100018892,11,2,2,1515,1,1,3,1.0,3.0,13043,M,,,13
201100018893,11,2,9,945,1,2,2,1.0,3.0,13054,M,4340898.0,522882.0,13
201100018894,11,2,12,1100,1,2,1,1.0,6.0,13054,M,,,13
201100018895,11,2,12,1750,1,2,1,1.0,3.0,13102,M,,,13
201100018896,11,2,15,2045,5,1,1,1.0,1.0,13054,M,,,13
201100018897,11,2,19,1415,1,1,1,1.0,7.0,13054,M,,,13
201100018898,11,2,21,1035,1,2,1,1.0,2.0,13054,M,,,13
201100018899,11,2,22,625,3,1,1,2.0,3.0,13043,M,,,13
201100018900,11,2,22,1400,1,2,3,1.0,3.0,13102,M,4341569.0,524399.0,13
201100018901,11,2,28,1610,1,2,1,1.0,5.0,13054,M,,,13
201100018902,11,3,2,900,1,1,2,1.0,3.0,13043,M,,,13
201100018903,11,3,5,1040,1,2,3,1.0,3.0,13054,M,4339726.0,521940.0,13
201100018904,11,3,15,1520,1,2,1,2.0,4.0,13043,M,,,13
201100018905,11,3,16,1635,1,1,1,1.0,6.0,13102,M,,,13
201100018906,11,3,17,1900,5,1,3,1.0,3.0,13054,M,,,13
201100018907,11,3,19,1520,1,1,3,1.0,1.0,13043,M,,,13
201100018908,11,4,1,1925,1,2,3,1.0,3.0,13043,M,,,13
201100018909,11,4,4,715,1,2,9,1.0,4.0,13102,M,4341707.0,526131.0,13
201100018910,11,4,21,1130,1,2,1,1.0,3.0,13102,M,,,13
201100018911,11,5,6,850,1,1,1,1.0,3.0,13043,M,,,13
201100018912,11,5,7,1510,1,2,1,1.0,6.0,13054,M,4342130.0,520473.0,13
201100018913,11,5,8,1755,1,2,1,1.0,3.0,13054,M,,,13
201100018914,11,3,21,2130,3,2,1,1.0,6.0,13043,M,,,13
201100018915,11,5,19,2000,1,1,1,1.0,7.0,13043,M,,,13
201100018916,11,5,27,1650,1,2,1,1.0,5.0,13102,M,,,13
201100018917,11,5,29,1615,1,1,1,1.0,6.0,13054,M,,,13
201100018918,11,6,1,1050,1,2,1,6.0,7.0,13054,M,,,13
201100018919,11,6,21,2225,3,1,1,1.0,7.0,13054,M,,,13
201100018920,11,6,24,1505,1,2,1,1.0,3.0,13102,M,,,13
201100018921,11,6,25,1610,1,1,1,1.0,2.0,13043,M,,,13
201100018922,11,7,2,640,1,1,1,1.0,3.0,13043,M,,,13
201100018923,11,7,2,2140,2,2,1,1.0,3.0,13054,M,4342356.0,519938.0,13
201100018924,11,7,3,1030,1,2,1,1.0,6.0,13054,M,,,13
201100018925,11,7,4,1800,1,1,1,1.0,5.0,13043,M,,,13
201100018926,11,7,7,1700,1,2,1,1.0,7.0,13102,M,,,13
201100018927,11,7,11,1143,1,1,1,1.0,2.0,13043,M,,,13
201100018928,11,7,21,1500,1,1,1,1.0,4.0,13054,M,,,13
201100018929,11,7,22,1810,1,2,1,1.0,1.0,13054,M,,,13
201100018930,11,8,9,2215,5,2,3,6.0,3.0,13054,M,,,13
201100018931,11,8,11,300,5,2,1,1.0,6.0,13054,M,,,13
201100018932,11,8,12,1100,1,2,2,1.0,5.0,13054,M,,,13
201100018933,11,8,12,1215,1,2,1,1.0,2.0,13043,M,,,13
201100018934,11,8,18,1840,1,2,1,1.0,4.0,13102,M,,,13
201100018935,11,8,23,1250,1,2,3,1.0,2.0,13054,M,,,13
201100018936,11,8,30,1515,1,1,1,1.0,6.0,13043,M,,,13
201100018937,11,9,15,1530,1,1,1,1.0,6.0,13054,M,,,13
201100018938,11,9,15,1820,1,1,1,1.0,1.0,13102,M,,,13
201100018939,11,9,17,1330,1,2,1,1.0,6.0,13102,M,,,13
201100018940,11,9,22,1745,1,2,1,1.0,6.0,13054,M,,,13
201100018941,11,9,26,910,1,1,9,1.0,3.0,13054,M,,,13
201100018942,11,10,12,1550,1,1,1,1.0,2.0,13054,M,,,13
201100018943,11,10,12,1745,1,2,1,1.0,6.0,13054,M,,,13
201100018944,11,10,21,835,1,1,1,1.0,3.0,13054,M,,,13
201100018945,11,10,31,1940,5,2,9,1.0,6.0,13102,M,,,13
201100018946,11,11,18,2000,5,2,1,1.0,1.0,13102,M,,,13
201100018947,11,11,18,2115,5,2,1,1.0,6.0,13054,M,4342458.0,521669.0,13
201100018948,11,11,18,1845,3,1,3,1.0,6.0,13043,M,,,13
201100018949,11,11,25,1500,1,1,2,1.0,2.0,13043,M,,,13
201100018950,11,11,29,1020,1,2,1,1.0,1.0,13054,M,,,13
201100018951,11,12,1,1535,1,1,1,2.0,3.0,13054,M,,,13
201100018952,11,12,2,1130,1,2,1,1.0,6.0,13054,M,4341402.0,521411.0,13
201100018953,11,12,8,1650,1,2,6,1.0,6.0,13054,M,,,13
201100018954,11,12,9,1005,1,2,2,1.0,3.0,13054,M,4340876.0,522564.0,13
201100018955,11,12,20,1800,3,1,1,1.0,2.0,13054,M,,,13
201100018956,11,12,23,1410,1,2,2,1.0,1.0,13054,M,4341666.0,520979.0,13
201100018957,11,12,31,15,5,2,2,1.0,3.0,13055,M,4328991.0,542635.0,13
201100018958,11,12,31,1930,5,2,1,1.0,6.0,13002,M,4333186.0,546789.0,13
201100018959,11,8,8,930,1,2,1,1.0,6.0,13055,M,,,13
201100018960,11,12,13,400,5,2,1,1.0,1.0,13055,M,,,13
201100018961,11,12,19,1630,1,2,1,1.0,2.0,13055,M,,,13
201100018962,11,12,27,1430,1,1,3,1.0,6.0,13055,M,,,13
201100018963,11,12,28,1600,2,2,1,1.0,2.0,13055,M,,,13
201100018964,11,12,9,835,1,2,1,1.0,6.0,13055,M,,,13
201100018965,11,12,13,1545,1,2,1,1.0,2.0,13055,M,,,13
201100018966,11,12,8,1410,1,2,1,1.0,2.0,13055,M,4329209.0,539471.0,13
201100018967,11,12,23,1315,1,2,1,1.0,2.0,13055,M,4329246.0,538264.0,13
201100018968,11,12,23,900,1,2,1,1.0,3.0,13055,M,,,13
201100018969,11,12,5,825,1,2,1,1.0,3.0,13055,M,4329580.0,544659.0,13
201100018970,11,12,5,1910,5,2,1,1.0,3.0,13055,M,,,13
201100018971,11,12,24,1900,5,2,1,1.0,7.0,13055,M,4329585.0,545789.0,13
201100018972,11,10,2,540,5,2,3,1.0,2.0,13055,M,,,13
201100018973,11,11,2,700,1,2,3,3.0,6.0,13055,M,,,13
201100018974,11,12,10,1205,1,2,1,1.0,6.0,13055,M,,,13
201100018975,11,12,1,1425,1,2,1,1.0,3.0,13055,M,4327196.0,540137.0,13
201100018976,11,12,19,855,1,1,9,1.0,2.0,13055,M,4333109.0,535488.0,13
201100018977,11,11,25,830,1,2,1,1.0,2.0,13055,M,,,13
201100018978,11,12,29,1540,1,2,1,1.0,6.0,13055,M,4329775.0,537179.0,13
201100018979,11,12,23,1500,1,1,1,1.0,1.0,13002,M,,,13
201100018980,11,12,27,2000,5,2,1,1.0,3.0,13055,M,,,13
201100018981,11,12,28,2000,1,2,1,1.0,3.0,13055,M,,,13
201100018982,11,12,29,1215,1,2,3,1.0,3.0,13055,M,4332501.0,536703.0,13
201100018983,11,1,5,315,5,2,3,1.0,6.0,13055,M,,,13
201100018984,11,12,1,815,2,2,1,1.0,1.0,13055,M,4329053.0,540538.0,13
201100018985,11,12,31,840,1,2,2,1.0,6.0,13055,M,4328913.0,536207.0,13
201100018986,11,11,30,1325,1,2,1,1.0,6.0,13055,M,,,13
201100018987,11,12,24,1130,1,2,1,1.0,6.0,13055,M,,,13
201100018988,11,12,5,1600,1,2,2,1.0,3.0,13055,M,,,13
201100018989,11,12,14,1215,1,2,1,1.0,6.0,13055,M,,,13
201100018990,11,12,30,1050,1,2,1,1.0,2.0,13055,M,4330385.0,543682.0,13
201100018991,11,1,6,2200,5,2,1,1.0,2.0,13055,M,4331510.0,538709.0,13
201100018992,11,1,6,1030,1,2,1,1.0,6.0,13055,M,,,13
201100018993,11,12,6,1830,5,2,1,1.0,3.0,13055,M,4331724.0,543584.0,13
201100018994,11,1,1,605,5,2,2,1.0,3.0,13055,M,,,13
201100018995,11,11,25,1540,1,2,1,1.0,6.0,13055,M,,,13
201100018996,11,1,3,830,1,2,1,1.0,7.0,13055,M,,,13
201100018997,11,12,7,1935,5,2,1,1.0,3.0,13055,M,4324859.0,539809.0,13
201100018998,11,12,26,345,5,2,1,1.0,6.0,13055,M,4330649.0,540081.0,13
201100018999,11,1,1,700,5,2,2,1.0,3.0,13055,M,4330427.0,541306.0,13
201100019000,11,12,8,1500,1,2,4,1.0,6.0,13055,M,4328212.0,540343.0,13
201100019001,11,1,8,1900,3,1,1,1.0,1.0,13055,M,,,13
201100019002,11,1,6,1945,5,2,1,1.0,6.0,13055,M,,,13
201100019003,11,12,18,845,1,2,1,1.0,2.0,13055,M,,,13
201100019004,11,12,15,1900,3,2,1,1.0,5.0,13055,M,,,13
201100019005,11,8,12,1050,1,2,1,1.0,1.0,13055,M,,,13
201100019006,11,12,16,755,2,2,1,1.0,6.0,13055,M,4334780.0,535875.0,13
201100019007,11,12,31,1330,1,2,1,1.0,3.0,13055,M,4332383.0,538442.0,13
201100019008,11,12,22,1015,1,2,1,1.0,6.0,13055,M,,,13
201100019009,11,1,9,2010,5,2,1,1.0,6.0,13055,M,,,13
201100019010,11,12,13,1605,1,2,1,1.0,7.0,13055,M,4333366.0,542015.0,13
201100019011,11,1,10,1100,1,2,1,1.0,1.0,13055,M,4328387.0,541890.0,13
201100019012,11,12,14,1135,1,2,1,1.0,2.0,13055,M,,,13
201100019013,11,1,10,1345,1,2,1,1.0,7.0,13055,M,,,13
201100019014,11,11,23,1950,5,2,2,1.0,3.0,13055,M,,,13
201100019015,11,12,29,2030,5,2,1,1.0,6.0,13055,M,4326709.0,538953.0,13
201100019016,11,8,4,1400,1,2,1,1.0,6.0,13055,M,,,13
201100019017,11,12,28,1715,2,2,1,1.0,6.0,13055,M,4328859.0,545479.0,13
201100019018,11,12,21,2030,3,2,1,1.0,5.0,13055,M,4328821.0,541057.0,13
201100019019,11,1,3,1615,1,2,1,2.0,6.0,13055,M,4337052.0,531312.0,13
201100019020,11,1,8,25,5,2,1,1.0,7.0,13055,M,,,13
201100019021,11,1,3,1000,1,2,1,1.0,6.0,13055,M,,,13
201100019022,11,1,5,1130,1,2,1,1.0,2.0,13055,M,,,13
201100019023,11,9,22,1225,1,2,1,1.0,6.0,13055,M,,,13
201100019024,11,1,12,1950,5,2,2,1.0,6.0,13055,M,,,13
201100019025,11,12,22,1445,1,2,1,1.0,6.0,13055,M,4329987.0,538074.0,13
201100019026,11,12,27,1730,2,2,3,1.0,1.0,13055,M,4330772.0,540074.0,13
201100019027,11,1,15,1215,1,2,1,1.0,2.0,13055,M,,,13
201100019028,11,1,11,2130,5,2,1,1.0,3.0,13055,M,,,13
201100019029,11,12,27,1220,1,2,1,1.0,2.0,13055,M,4328737.0,538499.0,13
201100019030,11,12,20,1200,1,2,1,1.0,3.0,13055,M,,,13
201100019031,11,1,10,1840,5,2,1,1.0,6.0,13055,M,,,13
201100019032,11,1,13,845,1,2,1,1.0,6.0,13055,M,,,13
201100019033,11,1,17,900,1,2,1,1.0,6.0,13055,M,,,13
201100019034,11,1,18,1215,1,2,1,1.0,6.0,13055,M,,,13
201100019035,11,1,12,2030,5,2,1,1.0,6.0,13055,M,,,13
201100019036,11,12,24,1640,1,2,1,1.0,6.0,13055,M,4329727.0,538012.0,13
201100019037,11,12,17,608,5,2,1,1.0,3.0,13055,M,4328571.0,538364.0,13
201100019038,11,12,22,1400,1,2,2,1.0,3.0,13055,M,4331323.0,536630.0,13
201100019039,11,12,5,1000,1,2,1,8.0,3.0,13055,M,,,13
201100019040,11,12,13,945,1,2,1,1.0,6.0,13055,M,,,13
201100019041,11,10,23,2015,5,2,1,1.0,6.0,13055,M,,,13
201100019042,11,1,8,200,5,2,1,1.0,6.0,13055,M,,,13
201100019043,11,12,22,1515,1,2,9,1.0,3.0,13055,M,4327284.0,539188.0,13
201100019044,11,1,20,600,5,2,1,1.0,6.0,13055,M,,,13
201100019045,11,1,15,230,5,2,1,1.0,6.0,13055,M,,,13
201100019046,11,10,6,1730,2,2,6,1.0,6.0,13055,M,,,13
201100019047,11,1,8,5,5,2,1,1.0,2.0,13055,M,,,13
201100019048,11,12,3,2120,5,2,1,1.0,1.0,13055,M,4333058.0,537140.0,13
201100019049,11,1,13,1800,5,2,1,1.0,5.0,13055,M,,,13
201100019050,11,10,10,1300,1,2,1,1.0,6.0,13055,M,,,13
201100019051,11,12,16,1820,2,2,3,1.0,2.0,13055,M,,,13
201100019052,11,2,27,1500,1,2,1,1.0,2.0,13055,M,,,13
201100019053,11,1,12,2200,5,2,1,1.0,6.0,13055,M,,,13
201100019054,11,1,15,1618,1,2,1,1.0,6.0,13055,M,,,13
201100019055,11,1,15,1145,1,2,1,1.0,6.0,13055,M,,,13
201100019056,11,1,10,1200,1,2,1,1.0,2.0,13055,M,,,13
201100019057,11,1,14,1330,1,2,1,1.0,6.0,13055,M,4337069.0,536366.0,13
201100019058,11,12,31,1700,2,2,1,1.0,1.0,13055,M,4331223.0,540532.0,13
201100019059,11,12,15,1145,1,2,4,1.0,3.0,13055,M,4330507.0,539336.0,13
201100019060,11,1,14,1920,5,2,1,1.0,6.0,13055,M,,,13
201100019061,11,1,19,1400,1,2,1,1.0,2.0,13055,M,,,13
201100019062,11,12,9,1030,1,2,1,1.0,6.0,13055,M,4329727.0,538012.0,13
201100019063,11,11,15,1130,1,2,3,1.0,6.0,13055,M,,,13
201100019064,11,9,22,900,1,2,1,1.0,3.0,13055,M,4329448.0,544279.0,13
201100019065,11,1,11,20,5,2,2,1.0,6.0,13055,M,,,13
201100019066,11,12,30,1330,2,2,1,1.0,3.0,13055,M,4328723.0,538871.0,13
201100019067,11,12,23,1150,1,2,1,1.0,3.0,13055,M,4329648.0,537399.0,13
201100019068,11,12,14,855,1,2,1,1.0,3.0,13055,M,4327987.0,538683.0,13
201100019069,11,1,11,900,1,2,1,1.0,3.0,13055,M,,,13
201100019070,11,12,31,840,1,2,1,1.0,2.0,13055,M,,,13
201100019071,11,1,25,1830,5,2,1,1.0,6.0,13055,M,4326207.0,539327.0,13
201100019072,11,1,17,1430,1,2,1,1.0,7.0,13055,M,4330132.0,537506.0,13
201100019073,11,1,19,1200,1,2,1,1.0,2.0,13055,M,,,13
201100019074,11,1,15,1430,1,2,1,1.0,1.0,13055,M,,,13
201100019075,11,1,26,1730,1,2,1,1.0,1.0,13055,M,,,13
201100019076,11,11,23,730,2,2,1,1.0,6.0,13055,M,,,13
201100019077,11,10,14,2215,5,2,1,1.0,6.0,13055,M,4330398.0,543532.0,13
201100019078,11,10,3,1215,1,2,1,1.0,3.0,13055,M,,,13
201100019079,11,6,1,830,1,2,1,1.0,6.0,13055,M,,,13
201100019080,11,1,12,1730,5,2,9,1.0,6.0,13055,M,,,13
201100019081,11,12,9,1925,5,2,2,1.0,2.0,13055,M,,,13
201100019082,11,1,6,850,1,2,1,1.0,6.0,13055,M,,,13
201100019083,11,1,27,2130,5,2,1,1.0,7.0,13055,M,4326265.0,537450.0,13
201100019084,11,1,13,1330,1,2,1,1.0,3.0,13055,M,4331299.0,546383.0,13
201100019085,11,1,13,1600,1,2,1,1.0,2.0,13055,M,,,13
201100019086,11,1,13,900,1,2,1,1.0,3.0,13002,M,,,13
201100019087,11,1,13,750,1,2,1,1.0,6.0,13055,M,4331119.0,545788.0,13
201100019088,11,1,4,1230,1,2,1,1.0,6.0,13055,M,,,13
201100019089,11,1,8,1445,1,2,3,1.0,3.0,13055,M,,,13
201100019090,11,1,6,1705,1,2,1,1.0,6.0,13055,M,4323945.0,543813.0,13
201100019091,11,11,18,945,1,2,4,1.0,6.0,13055,M,,,13
201100019092,11,1,2,1900,5,2,3,1.0,6.0,13055,M,,,13
201100019093,11,12,19,1145,1,2,1,1.0,6.0,13055,M,4331984.0,541293.0,13
201100019094,11,12,13,730,2,2,1,1.0,6.0,13055,M,4335366.0,533654.0,13
201100019095,11,9,11,1910,1,2,1,1.0,6.0,13055,M,,,13
201100019096,11,11,22,1530,1,2,1,1.0,6.0,13055,M,,,13
201100019097,11,1,22,2100,5,2,1,1.0,3.0,13055,M,,,13
201100019098,11,1,23,2210,5,2,1,1.0,2.0,13055,M,,,13
201100019099,11,1,5,745,1,2,9,2.0,6.0,13055,M,,,13
201100019100,11,1,8,1915,5,2,1,1.0,7.0,13055,M,,,13
201100019101,11,1,25,1620,1,2,2,1.0,3.0,13055,M,,,13
201100019102,11,1,26,1545,1,2,3,1.0,3.0,13055,M,,,13
201100019103,11,1,22,1045,1,2,1,1.0,7.0,13055,M,,,13
201100019104,11,1,25,830,1,1,1,1.0,1.0,13002,M,,,13
201100019105,11,1,11,1500,1,1,1,2.0,7.0,13002,M,,,13
201100019106,11,12,25,1900,5,2,1,1.0,7.0,13055,M,,,13
201100019107,11,1,18,835,2,2,1,5.0,6.0,13002,M,,,13
201100019108,11,12,27,1645,2,2,3,1.0,3.0,13055,M,,,13
201100019109,11,1,21,630,1,2,1,4.0,2.0,13055,M,,,13
201100019110,11,12,31,1300,1,2,2,1.0,3.0,13055,M,,,13
201100019111,11,1,26,1555,1,1,1,1.0,7.0,13002,M,,,13
201100019112,11,12,7,1030,1,2,1,1.0,3.0,13055,M,,,13
201100019113,11,1,10,855,1,2,1,1.0,7.0,13055,M,,,13
201100019114,11,11,5,1330,1,2,3,3.0,3.0,13055,M,4328396.0,543532.0,13
201100019115,11,1,21,900,1,2,1,9.0,6.0,13055,M,,,13
201100019116,11,12,15,1720,5,2,1,1.0,2.0,13055,M,,,13
201100019117,11,1,20,2140,5,2,3,1.0,3.0,13055,M,4328768.0,538266.0,13
201100019118,11,1,19,1340,1,2,1,1.0,6.0,13055,M,4329651.0,537811.0,13
201100019119,11,1,11,1900,5,2,1,1.0,3.0,13055,M,,,13
201100019120,11,1,24,1310,1,2,2,1.0,3.0,13055,M,,,13
201100019121,11,1,14,1515,1,2,1,1.0,3.0,13055,M,,,13
201100019122,11,1,20,1450,1,2,1,1.0,3.0,13055,M,4332737.0,537503.0,13
201100019123,11,1,21,2020,5,2,1,1.0,6.0,13055,M,,,13
201100019124,11,12,16,1740,2,1,1,2.0,1.0,13055,M,4324502.0,542803.0,13
201100019125,11,1,25,2145,5,2,1,1.0,2.0,13055,M,,,13
201100019126,11,1,3,1240,1,2,3,1.0,3.0,13055,M,,,13
201100019127,11,9,8,1420,1,2,2,1.0,3.0,13055,M,,,13
201100019128,11,1,15,1110,1,2,1,1.0,1.0,13075,M,,,13
201100019129,11,1,27,1500,1,2,1,1.0,3.0,13002,M,,,13
201100019130,11,11,25,1550,1,2,1,1.0,5.0,13055,M,,,13
201100019131,11,12,15,1650,5,2,3,1.0,3.0,13055,M,4333971.0,541477.0,13
201100019132,11,2,1,800,1,2,1,1.0,6.0,13055,M,,,13
201100019133,11,11,8,1630,1,2,1,1.0,6.0,13055,M,,,13
201100019134,11,1,3,700,2,2,2,1.0,3.0,13055,M,,,13
201100019135,11,10,21,1610,1,2,1,1.0,2.0,13055,M,,,13
201100019136,11,1,19,1245,1,2,1,1.0,6.0,13055,M,,,13
201100019137,11,2,3,325,5,2,1,1.0,7.0,13055,M,,,13
201100019138,11,1,26,1230,1,2,1,1.0,3.0,13055,M,4333145.0,543327.0,13
201100019139,11,12,16,1530,1,2,1,1.0,2.0,13055,M,,,13
201100019140,11,12,16,1915,5,2,1,1.0,6.0,13055,M,,,13
201100019141,11,1,28,1600,1,2,1,1.0,6.0,13055,M,,,13
201100019142,11,1,18,1015,1,2,1,1.0,6.0,13055,M,,,13
201100019143,11,1,28,1300,1,2,6,1.0,2.0,13055,M,,,13
201100019144,11,1,17,1350,1,2,1,1.0,3.0,13055,M,4338039.0,537395.0,13
201100019145,11,2,6,1800,5,2,1,1.0,6.0,13055,M,,,13
201100019146,11,1,30,1320,1,2,3,1.0,3.0,13055,M,,,13
201100019147,11,1,17,510,5,2,1,1.0,6.0,13055,M,,,13
201100019148,11,1,27,830,1,2,1,1.0,2.0,13055,M,,,13
201100019149,11,1,22,1020,1,2,3,1.0,6.0,13055,M,4328029.0,535350.0,13
201100019150,11,1,10,930,1,2,1,1.0,2.0,13055,M,,,13
201100019151,11,1,23,1500,1,2,1,1.0,2.0,13055,M,,,13
201100019152,11,2,7,1730,1,2,1,1.0,6.0,13055,M,,,13
201100019153,11,2,7,1215,1,2,3,1.0,6.0,13055,M,,,13