Num_Acc,an,mois,jour,hrmn,lum,agg,int,atm,col,com,gps,lat,long,dep
201100019154,11,12,13,2100,5,2,1,1.0,6.0,13055,M,,,13
201100019155,11,1,26,1148,1,2,2,1.0,4.0,13055,M,,,13
201100019156,11,2,5,830,1,2,1,1.0,6.0,13055,M,4332386.0,538436.0,13
201100019157,11,1,10,2250,5,2,2,1.0,3.0,13055,M,4330219.0,538338.0,13
201100019158,11,1,28,1235,1,2,1,1.0,2.0,13055,M,,,13
201100019159,11,1,27,1235,1,2,1,1.0,6.0,13055,M,4329628.0,543854.0,13
201100019160,11,1,13,930,1,2,6,1.0,3.0,13055,M,4324803.0,537483.0,13
201100019161,11,1,13,1140,1,2,1,1.0,6.0,13055,M,,,13
201100019162,11,1,8,1615,1,2,1,1.0,3.0,13055,M,,,13
201100019163,11,1,17,1425,1,2,6,1.0,2.0,13055,M,,,13
201100019164,11,1,2,1425,1,2,1,1.0,2.0,13055,M,,,13
201100019165,11,1,7,1115,1,2,1,1.0,3.0,13055,M,,,13
201100019166,11,10,15,2145,5,2,1,1.0,1.0,13055,M,,,13
201100019167,11,1,7,1800,5,2,1,1.0,6.0,13055,M,,,13
201100019168,11,12,4,2245,5,2,3,1.0,3.0,13055,M,4334478.0,535662.0,13
201100019169,11,7,2,2200,5,2,1,1.0,3.0,13055,M,,,13
201100019170,11,1,20,2215,5,2,1,2.0,2.0,13055,M,,,13
201100019171,11,8,14,430,5,2,3,1.0,2.0,13055,M,,,13
201100019172,11,2,2,1945,5,2,1,1.0,3.0,13055,M,,,13
201100019173,11,1,23,1840,2,2,1,1.0,2.0,13055,M,,,13
201100019174,11,5,26,1630,1,2,1,1.0,6.0,13055,M,,,13
201100019175,11,1,5,2330,5,2,1,1.0,6.0,13055,M,,,13
201100019176,11,1,20,850,1,2,1,1.0,6.0,13055,M,,,13
201100019177,11,12,1,2345,5,2,1,1.0,3.0,13055,M,4330329.0,537897.0,13
201100019178,11,2,3,1900,5,2,1,1.0,3.0,13055,M,,,13
201100019179,11,2,10,100,5,2,9,1.0,3.0,13055,M,,,13
201100019180,11,1,4,1900,5,2,6,1.0,2.0,13055,M,,,13
201100019181,11,2,10,1715,1,2,1,1.0,6.0,13055,M,4329180.0,537925.0,13
201100019182,11,1,22,1225,1,2,1,1.0,6.0,13055,M,,,13
201100019183,11,1,15,1930,5,2,1,1.0,1.0,13055,M,,,13
201100019184,11,1,7,2035,5,2,1,1.0,6.0,13055,M,4331423.0,546255.0,13
201100019185,11,11,29,610,5,2,1,1.0,6.0,13055,M,,,13
201100019186,11,1,20,1730,2,2,3,1.0,3.0,13055,M,,,13
201100019187,11,1,23,1630,1,2,9,1.0,6.0,13055,M,,,13
201100019188,11,1,28,1525,1,2,1,1.0,3.0,13055,M,,,13
201100019189,11,1,22,2050,5,2,1,1.0,3.0,13055,M,,,13
201100019190,11,1,29,1926,5,2,1,1.0,2.0,13055,M,,,13
201100019191,11,1,16,145,5,2,1,1.0,6.0,13055,M,,,13
201100019192,11,11,14,1100,1,2,1,1.0,4.0,13055,M,,,13
201100019193,11,2,6,150,5,2,1,1.0,6.0,13055,M,,,13
201100019194,11,11,22,1600,1,2,1,1.0,3.0,13055,M,,,13
201100019195,11,1,22,930,1,2,3,1.0,6.0,13055,M,,,13
201100019196,11,1,29,1950,5,2,9,2.0,2.0,13055,M,,,13
201100019197,11,1,28,1500,1,2,1,1.0,3.0,13055,M,,,13
201100019198,11,1,21,2245,5,2,1,9.0,6.0,13055,M,,,13
201100019199,11,1,20,2115,5,2,2,1.0,3.0,13055,M,,,13
201100019200,11,2,4,1140,1,2,1,1.0,6.0,13055,M,,,13
201100019201,11,1,29,100,5,2,1,1.0,5.0,13055,M,,,13
201100019202,11,12,27,40,5,2,1,1.0,6.0,13055,M,4326262.0,537437.0,13
201100019203,11,2,4,1320,1,2,1,1.0,6.0,13055,M,,,13
201100019204,11,1,26,750,2,2,1,1.0,6.0,13055,M,,,13
201100019205,11,1,17,755,2,2,3,1.0,6.0,13055,M,,,13
201100019206,11,11,7,1136,1,2,1,1.0,3.0,13055,M,,,13
201100019207,11,2,2,815,1,2,1,1.0,6.0,13055,M,,,13
201100019208,11,2,2,810,1,2,1,1.0,6.0,13055,M,4328812.0,546332.0,13
201100019209,11,1,13,1700,2,2,1,1.0,2.0,13055,M,,,13
201100019210,11,1,28,1725,2,2,1,1.0,3.0,13055,M,,,13
201100019211,11,2,9,1640,1,2,3,1.0,3.0,13055,M,4324507.0,538415.0,13
201100019212,11,9,28,1205,1,2,1,1.0,3.0,13055,M,,,13
201100019213,11,8,30,1620,1,2,1,1.0,7.0,13055,M,,,13
201100019214,11,2,9,1130,1,2,1,1.0,3.0,13055,M,,,13
201100019215,11,11,13,1630,1,2,1,1.0,3.0,13055,M,,,13
201100019216,11,2,1,1800,2,2,6,1.0,3.0,13055,M,,,13
201100019217,11,8,6,1830,1,2,4,1.0,3.0,13055,M,,,13
201100019218,11,1,23,1345,1,2,1,1.0,7.0,13055,M,,,13
201100019219,11,1,20,1215,1,2,1,1.0,3.0,13055,M,,,13
201100019220,11,2,9,825,1,2,3,1.0,2.0,13075,M,4334500.0,546073.0,13
201100019221,11,2,8,1110,1,2,1,1.0,6.0,13075,M,4333962.0,545511.0,13
201100019222,11,1,27,715,1,2,3,1.0,2.0,13055,M,,,13
201100019223,11,2,12,1615,1,2,1,1.0,6.0,13055,M,,,13
201100019224,11,2,12,2000,2,2,1,1.0,3.0,13055,M,,,13
201100019225,11,9,6,1800,1,2,1,1.0,5.0,13055,M,,,13
201100019226,11,2,16,2305,5,2,1,1.0,6.0,13055,M,4336246.0,535725.0,13
201100019227,11,2,12,1745,1,2,1,1.0,3.0,13055,M,4334385.0,535374.0,13
201100019228,11,12,22,30,5,2,1,1.0,6.0,13055,M,4328853.0,537655.0,13
201100019229,11,1,8,920,1,2,1,1.0,6.0,13055,M,,,13
201100019230,11,2,12,1700,1,2,1,1.0,2.0,13055,M,,,13
201100019231,11,1,25,1830,5,2,1,1.0,6.0,13055,M,,,13
201100019232,11,2,1,1620,1,2,1,1.0,2.0,13055,M,,,13
201100019233,11,1,14,955,1,2,3,1.0,3.0,13055,M,4329907.0,538221.0,13
201100019234,11,2,5,1320,1,2,1,1.0,3.0,13055,M,,,13
201100019235,11,2,1,915,1,2,3,1.0,3.0,13002,M,,,13
201100019236,11,2,4,630,5,2,1,1.0,3.0,13055,M,,,13
201100019237,11,12,26,1110,1,2,1,1.0,7.0,13055,M,,,13
201100019238,11,1,11,730,5,2,1,1.0,1.0,13055,M,,,13
201100019239,11,2,8,1200,1,2,1,1.0,2.0,13055,M,,,13
201100019240,11,2,13,1800,5,2,1,1.0,6.0,13055,M,,,13
201100019241,11,1,29,2200,5,2,1,1.0,3.0,13055,M,,,13
201100019242,11,12,27,1100,1,2,1,1.0,3.0,13055,M,,,13
201100019243,11,2,2,700,1,2,1,1.0,7.0,13055,M,,,13
201100019244,11,2,7,730,2,2,1,1.0,6.0,13055,M,4330493.0,541621.0,13
201100019245,11,2,6,1615,1,2,1,1.0,3.0,13055,M,,,13
201100019246,11,1,20,1345,1,2,1,1.0,6.0,13055,M,,,13
201100019247,11,2,7,1020,1,2,1,1.0,2.0,13055,M,,,13
201100019248,11,2,3,755,2,2,1,1.0,6.0,13055,M,,,13
201100019249,11,2,10,1545,1,2,1,1.0,3.0,13055,M,,,13
201100019250,11,2,9,2115,5,2,1,1.0,3.0,13055,M,,,13
201100019251,11,2,5,30,5,2,1,1.0,6.0,13055,M,,,13
201100019252,11,2,18,430,5,2,1,1.0,6.0,13055,M,4331140.0,540329.0,13
201100019253,11,2,17,1145,1,2,1,2.0,6.0,13055,M,,,13
201100019254,11,2,12,845,1,2,1,1.0,6.0,13055,M,4329602.0,538686.0,13
201100019255,11,2,12,1945,5,2,1,1.0,6.0,13055,M,4332414.0,544365.0,13
201100019256,11,2,15,1620,1,2,1,1.0,7.0,13055,M,,,13
201100019257,11,2,14,1230,1,2,3,2.0,1.0,13055,M,,,13
201100019258,11,2,14,1020,1,2,5,8.0,3.0,13055,M,,,13
201100019259,11,2,15,915,1,2,1,1.0,7.0,13055,M,,,13
201100019260,11,1,11,1030,1,2,1,1.0,6.0,13055,M,,,13
201100019261,11,2,20,545,5,2,2,1.0,6.0,13055,M,,,13
201100019262,11,2,18,1945,5,2,1,1.0,2.0,13055,M,,,13
201100019263,11,2,16,1200,1,2,1,1.0,6.0,13055,M,,,13
201100019264,11,2,15,1500,1,2,1,8.0,3.0,13055,M,4330189.0,537438.0,13
201100019265,11,2,4,1030,1,2,3,1.0,6.0,13055,M,,,13
201100019266,11,2,22,215,5,2,1,2.0,3.0,13055,M,,,13
201100019267,11,2,18,1910,5,2,1,1.0,2.0,13055,M,,,13
201100019268,11,1,7,1630,1,2,1,1.0,3.0,13055,M,,,13
201100019269,11,2,11,2240,5,2,3,1.0,3.0,13055,M,4328768.0,537929.0,13
201100019270,11,2,18,1340,1,2,1,1.0,6.0,13055,M,,,13
201100019271,11,1,4,1415,1,2,1,1.0,2.0,13055,M,,,13
201100019272,11,2,18,1640,1,2,3,1.0,7.0,13055,M,,,13
201100019273,11,2,16,45,5,2,3,1.0,3.0,13055,M,,,13
201100019274,11,2,20,1050,1,2,1,1.0,3.0,13055,M,,,13
201100019275,11,2,19,2200,4,2,1,1.0,3.0,13055,M,4337375.0,535528.0,13
201100019276,11,2,2,1010,1,2,1,1.0,3.0,13055,M,,,13
201100019277,11,1,25,1640,1,2,1,1.0,3.0,13055,M,,,13
201100019278,11,2,15,920,1,2,3,1.0,3.0,13055,M,,,13
201100019279,11,2,16,1430,1,2,3,8.0,3.0,13055,M,4324656.0,540821.0,13
201100019280,11,2,12,2126,5,2,2,1.0,1.0,13055,M,4327542.0,539589.0,13
201100019281,11,2,16,1215,1,2,3,8.0,3.0,13055,M,,,13
201100019282,11,1,10,1430,1,2,1,1.0,3.0,13055,M,,,13
201100019283,11,2,14,725,2,2,6,2.0,6.0,13055,M,,,13
201100019284,11,2,18,2015,5,2,1,1.0,2.0,13055,M,,,13
201100019285,11,2,12,1330,1,2,1,1.0,6.0,13055,M,,,13
201100019286,11,1,24,1200,1,2,1,1.0,6.0,13055,M,,,13
201100019287,11,1,31,800,1,2,3,2.0,3.0,13055,M,,,13
201100019288,11,1,26,1050,1,2,1,1.0,6.0,13055,M,,,13
201100019289,11,2,5,1230,1,2,1,1.0,2.0,13055,M,,,13
201100019290,11,6,12,1630,1,2,1,1.0,2.0,13055,M,,,13
201100019291,11,2,16,1300,1,2,1,1.0,6.0,13055,M,,,13
201100019292,11,2,17,2250,5,2,1,1.0,2.0,13055,M,,,13
201100019293,11,2,19,2300,5,2,1,1.0,3.0,13055,M,4328865.0,540033.0,13
201100019294,11,2,17,645,1,2,3,1.0,3.0,13055,M,,,13
201100019295,11,2,27,2200,5,2,1,1.0,5.0,13055,M,4333156.0,537608.0,13
201100019296,11,2,26,600,5,2,3,1.0,1.0,13055,M,,,13
201100019297,11,2,18,1045,1,2,1,2.0,6.0,13055,M,,,13
201100019298,11,2,20,1300,1,2,1,1.0,3.0,13055,M,,,13
201100019299,11,2,15,1800,3,2,1,8.0,3.0,13055,M,,,13
201100019300,11,2,3,815,1,2,1,1.0,2.0,13055,M,,,13
201100019301,11,2,10,1730,1,2,1,1.0,6.0,13055,M,,,13
201100019302,11,11,25,1615,1,2,1,1.0,6.0,13055,M,,,13
201100019303,11,2,16,735,2,2,1,1.0,2.0,13055,M,,,13
201100019304,11,2,19,1330,1,2,1,1.0,6.0,13055,M,,,13
201100019305,11,11,17,2315,5,2,2,1.0,3.0,13055,M,,,13
201100019306,11,2,17,1940,5,2,1,2.0,2.0,13055,M,4329818.0,537238.0,13
201100019307,11,2,5,1100,1,2,1,1.0,3.0,13055,M,,,13
201100019308,11,2,15,1515,1,2,1,8.0,3.0,13055,M,,,13
201100019309,11,2,10,1115,1,2,1,1.0,1.0,13055,M,,,13
201100019310,11,2,15,1730,2,2,1,2.0,6.0,13055,M,,,13
201100019311,11,2,16,1435,1,1,1,2.0,2.0,13002,M,,,13
201100019312,11,2,1,1000,1,2,1,1.0,7.0,13055,M,4329786.0,536442.0,13
201100019313,11,2,20,1850,5,2,3,1.0,6.0,13055,M,,,13
201100019314,11,2,19,1525,1,2,1,1.0,6.0,13055,M,4335996.0,543188.0,13
201100019315,11,10,24,1740,1,2,1,1.0,6.0,13055,M,,,13
201100019316,11,1,11,830,1,2,1,1.0,7.0,13055,M,,,13
201100019317,11,2,25,1450,1,2,1,1.0,6.0,13055,M,,,13
201100019318,11,3,1,945,1,2,1,1.0,7.0,13055,M,,,13
201100019319,11,2,2,1140,1,2,1,1.0,7.0,13055,M,,,13
201100019320,11,12,31,1755,1,2,1,1.0,3.0,13055,M,4335182.0,543427.0,13
201100019321,11,2,15,939,1,2,1,1.0,3.0,13055,M,,,13
201100019322,11,2,14,820,1,2,2,1.0,3.0,13055,M,,,13
201100019323,11,12,29,2215,5,2,2,1.0,6.0,13055,M,,,13
201100019324,11,2,1,1945,5,2,1,1.0,1.0,13055,M,,,13
201100019325,11,2,27,730,1,2,1,1.0,7.0,13055,M,,,13
201100019326,11,7,15,1430,1,2,1,1.0,6.0,13055,M,,,13
201100019327,11,2,14,1350,1,2,6,2.0,3.0,13055,M,,,13
201100019328,11,2,19,1610,1,2,3,1.0,3.0,13055,M,,,13
201100019329,11,2,24,1350,1,2,1,8.0,3.0,13055,M,,,13
201100019330,11,2,25,1920,5,2,1,1.0,6.0,13055,M,,,13
201100019331,11,12,16,1730,5,2,1,8.0,6.0,13055,M,,,13
201100019332,11,12,13,1500,1,2,1,1.0,3.0,13055,M,4329550.0,538165.0,13
201100019333,11,2,13,2000,5,2,1,1.0,7.0,13055,M,,,13
201100019334,11,2,24,750,1,2,1,1.0,3.0,13055,M,,,13
201100019335,11,1,28,1245,1,2,1,1.0,7.0,13055,M,,,13
201100019336,11,2,23,1950,5,2,1,1.0,3.0,13055,M,,,13
201100019337,11,2,19,535,5,2,1,1.0,1.0,13055,M,,,13
201100019338,11,2,24,1230,1,2,2,1.0,2.0,13055,M,,,13
201100019339,11,2,27,240,5,2,1,1.0,2.0,13055,M,4328831.0,537661.0,13
201100019340,11,2,2,1010,1,2,2,1.0,3.0,13055,M,,,13
201100019341,11,1,10,1830,5,2,1,1.0,6.0,13055,M,,,13
201100019342,11,1,29,230,5,2,1,1.0,7.0,13055,M,4324996.0,537540.0,13
201100019343,11,10,25,1530,1,2,1,1.0,6.0,13055,M,,,13
201100019344,11,3,4,10,5,2,1,8.0,3.0,13055,M,4328832.0,536226.0,13
201100019345,11,11,28,800,1,2,1,1.0,3.0,13055,M,,,13
201100019346,11,3,6,2030,5,2,3,1.0,3.0,13055,M,,,13
201100019347,11,1,10,800,1,1,1,2.0,2.0,13055,M,,,13
201100019348,11,1,24,1210,1,2,3,1.0,3.0,13055,M,4325790.0,539289.0,13
201100019349,11,2,25,1635,1,2,1,1.0,6.0,13055,M,,,13
201100019350,11,1,26,1050,1,1,1,1.0,1.0,13075,M,,,13
201100019351,11,2,4,1900,5,2,1,1.0,2.0,13055,M,,,13
201100019352,11,2,9,1740,2,2,1,1.0,6.0,13055,M,,,13
201100019353,11,2,6,1130,1,2,1,1.0,2.0,13055,M,,,13
201100019354,11,2,28,805,1,2,1,1.0,3.0,13055,M,,,13
201100019355,11,3,3,1650,1,2,1,1.0,6.0,13055,M,,,13
201100019356,11,2,10,1815,5,2,1,1.0,1.0,13055,M,,,13
201100019357,11,2,23,1900,5,2,1,1.0,6.0,13055,M,,,13
201100019358,11,3,6,430,5,2,1,1.0,6.0,13055,M,,,13
201100019359,11,3,7,900,1,2,1,1.0,6.0,13055,M,,,13
201100019360,11,3,2,1350,1,2,1,1.0,2.0,13055,M,,,13
201100019361,11,3,2,950,1,2,1,1.0,6.0,13055,M,,,13
201100019362,11,2,18,640,2,2,6,1.0,7.0,13055,M,4337745.0,536270.0,13
201100019363,11,2,13,1940,5,2,1,1.0,3.0,13055,M,,,13
201100019364,11,12,31,1830,5,2,3,1.0,6.0,13055,M,,,13
201100019365,11,2,9,1015,1,2,1,1.0,3.0,13055,M,,,13
201100019366,11,2,22,1640,1,2,1,1.0,3.0,13055,M,4334329.0,537798.0,13
201100019367,11,2,27,700,2,2,1,1.0,6.0,13055,M,,,13
201100019368,11,2,23,2030,3,2,1,1.0,1.0,13055,M,4337519.0,535583.0,13
201100019369,11,3,8,1355,1,2,1,1.0,6.0,13055,M,,,13
201100019370,11,3,8,715,2,2,1,1.0,7.0,13055,M,4332379.0,536089.0,13
201100019371,11,2,28,1010,1,2,1,1.0,2.0,13055,M,,,13
201100019372,11,1,24,1200,1,2,3,1.0,3.0,13055,M,,,13
201100019373,11,1,11,845,1,2,1,1.0,6.0,13055,M,,,13
201100019374,11,2,22,1040,1,2,4,1.0,3.0,13055,M,,,13
201100019375,11,2,8,1245,1,2,1,1.0,2.0,13055,M,,,13
201100019376,11,2,7,600,5,2,1,1.0,2.0,13055,M,,,13
201100019377,11,3,1,2030,5,2,1,1.0,2.0,13055,M,,,13
201100019378,11,10,25,1710,1,2,1,1.0,3.0,13055,M,,,13
201100019379,11,3,4,2000,5,2,1,1.0,6.0,13055,M,,,13
201100019380,11,3,9,1115,1,2,1,1.0,3.0,13055,M,4330652.0,540102.0,13
201100019381,11,2,3,845,1,2,1,1.0,7.0,13055,M,,,13
201100019382,11,3,9,1400,1,2,3,1.0,3.0,13055,M,4331541.0,538644.0,13
201100019383,11,3,9,1035,1,2,1,1.0,6.0,13055,M,4330582.0,539347.0,13
201100019384,11,2,13,1940,5,2,1,1.0,3.0,13055,M,4327529.0,536010.0,13
201100019385,11,3,5,2100,5,2,6,1.0,3.0,13055,M,,,13
201100019386,11,2,23,2220,5,2,1,1.0,6.0,13055,M,4329727.0,538012.0,13
201100019387,11,2,19,1145,1,2,1,1.0,3.0,13055,M,,,13
201100019388,11,12,31,1930,5,2,1,1.0,6.0,13055,M,,,13
201100019389,11,3,4,920,1,2,1,1.0,6.0,13055,M,,,13
201100019390,11,3,3,1450,1,2,1,1.0,2.0,13055,M,,,13
201100019391,11,3,5,50,5,2,1,1.0,6.0,13055,M,,,13
201100019392,11,2,28,1500,1,2,1,1.0,2.0,13055,M,,,13
201100019393,11,2,28,1750,1,2,1,1.0,3.0,13055,M,,,13
201100019394,11,2,18,1630,1,2,1,1.0,2.0,13055,M,,,13
201100019395,11,10,2,700,5,2,2,1.0,3.0,13055,M,,,13
201100019396,11,1,8,1200,1,2,1,1.0,5.0,13055,M,,,13
201100019397,11,2,16,1815,1,2,1,1.0,6.0,13055,M,,,13
201100019398,11,2,10,1320,1,2,3,1.0,6.0,13055,M,,,13
201100019399,11,2,18,1330,1,2,1,1.0,3.0,13055,M,,,13
201100019400,11,2,22,1615,1,2,3,1.0,6.0,13055,M,,,13
201100019401,11,9,23,140,5,2,9,1.0,3.0,13055,M,,,13
201100019402,11,2,17,1100,1,2,1,1.0,6.0,13055,M,,,13
201100019403,11,3,11,500,5,2,1,1.0,6.0,13055,M,4330845.0,537737.0,13
201100019404,11,3,2,1745,1,2,1,1.0,2.0,13055,M,,,13
201100019405,11,3,11,1300,1,2,3,1.0,1.0,13055,M,4326873.0,538858.0,13
201100019406,11,3,13,1900,5,2,1,2.0,6.0,13055,M,,,13
201100019407,11,3,14,1930,3,2,9,1.0,3.0,13055,M,,,13
201100019408,11,3,5,1145,1,2,1,1.0,4.0,13055,M,4336833.0,534458.0,13
201100019409,11,3,8,1750,1,2,1,1.0,2.0,13055,M,,,13
201100019410,11,2,24,940,1,2,1,1.0,7.0,13055,M,,,13
201100019411,11,2,19,1000,1,2,1,1.0,6.0,13055,M,,,13
201100019412,11,3,1,1730,1,2,1,1.0,3.0,13055,M,4331395.0,546292.0,13
201100019413,11,3,7,735,2,2,1,1.0,2.0,13055,M,,,13
201100019414,11,2,25,1600,1,2,1,1.0,6.0,13055,M,,,13
201100019415,11,3,5,1630,1,2,1,1.0,6.0,13055,M,,,13
201100019416,11,3,2,1525,1,2,1,1.0,3.0,13055,M,4333144.0,537471.0,13
201100019417,11,2,22,1145,1,2,1,1.0,6.0,13055,M,,,13
201100019418,11,3,5,2130,5,2,1,1.0,3.0,13055,M,,,13
201100019419,11,3,16,805,1,2,1,3.0,7.0,13055,M,4326055.0,538708.0,13
201100019420,11,2,26,1800,2,2,6,1.0,6.0,13055,M,,,13
201100019421,11,3,10,1145,1,2,1,1.0,2.0,13055,M,,,13
201100019422,11,3,10,655,1,2,1,1.0,5.0,13055,M,,,13
201100019423,11,3,10,1535,1,2,1,1.0,3.0,13055,M,,,13
201100019424,11,3,2,1100,1,2,1,1.0,6.0,13055,M,,,13
201100019425,11,2,20,1445,1,2,1,1.0,6.0,13055,M,,,13
201100019426,11,2,18,2025,5,2,2,1.0,3.0,13055,M,,,13
201100019427,11,3,8,1850,5,2,1,1.0,6.0,13055,M,,,13
201100019428,11,3,4,1200,1,2,1,1.0,2.0,13055,M,,,13
201100019429,11,2,11,20,5,2,6,1.0,7.0,13055,M,,,13
201100019430,11,12,16,1800,5,2,1,1.0,2.0,13106,M,4338370.0,535080.0,13
201100019431,11,3,3,830,1,2,1,2.0,6.0,13055,M,,,13
201100019432,11,3,4,840,1,2,1,1.0,3.0,13055,M,,,13
201100019433,11,2,23,1055,1,2,1,1.0,6.0,13055,M,,,13
201100019434,11,3,12,2330,5,2,1,2.0,7.0,13055,M,,,13
201100019435,11,2,16,1120,1,2,2,1.0,3.0,13055,M,4328795.0,539144.0,13
201100019436,11,2,15,1800,5,2,1,1.0,6.0,13055,M,,,13
201100019437,11,2,2,1950,5,2,1,1.0,3.0,13055,M,4328917.0,535456.0,13
201100019438,11,1,17,1145,1,2,1,1.0,2.0,13055,M,,,13
201100019439,11,3,17,820,1,2,9,1.0,3.0,13055,M,,,13
201100019440,11,3,1,2030,5,2,1,1.0,6.0,13055,M,4328586.0,541929.0,13
201100019441,11,2,22,2000,5,2,1,1.0,2.0,13055,M,4332061.0,543982.0,13
201100019442,11,3,12,2240,5,2,1,2.0,2.0,13055,M,,,13
201100019443,11,3,20,428,5,2,1,1.0,7.0,13055,M,4331132.0,545687.0,13
201100019444,11,3,7,810,1,1,1,1.0,3.0,13055,M,,,13
201100019445,11,3,6,2010,3,2,1,1.0,3.0,13055,M,4336591.0,535678.0,13
201100019446,11,3,15,1630,1,2,1,2.0,3.0,13055,M,,,13
201100019447,11,2,9,1345,1,2,1,1.0,6.0,13055,M,,,13
201100019448,11,3,8,900,1,2,1,1.0,6.0,13055,M,,,13
201100019449,11,3,3,810,1,2,2,1.0,2.0,13055,M,,,13
201100019450,11,3,2,855,1,2,1,1.0,7.0,13055,M,,,13
201100019451,11,2,11,1410,1,2,9,8.0,3.0,13055,M,,,13
201100019452,11,2,28,2000,5,2,1,1.0,3.0,13055,M,,,13
201100019453,11,2,10,1330,1,2,1,1.0,6.0,13055,M,,,13
201100019454,11,3,1,1420,1,2,1,1.0,6.0,13055,M,,,13
201100019455,11,2,1,1635,1,2,9,1.0,3.0,13055,M,,,13
201100019456,11,3,16,1145,1,2,3,1.0,3.0,13055,M,4333095.0,538897.0,13
201100019457,11,3,15,1610,1,2,1,2.0,6.0,13055,M,,,13
201100019458,11,3,8,955,1,2,1,1.0,3.0,13055,M,4332676.0,536070.0,13
201100019459,11,3,8,1000,1,2,1,1.0,3.0,13055,M,,,13
201100019460,11,3,14,1800,1,2,1,8.0,3.0,13055,M,,,13
201100019461,11,3,14,1815,1,2,1,1.0,3.0,13055,M,,,13
201100019462,11,2,5,1430,1,2,1,1.0,7.0,13055,M,4329707.0,537748.0,13
201100019463,11,3,8,1535,1,2,1,1.0,6.0,13055,M,,,13
201100019464,11,2,28,1930,5,2,1,1.0,2.0,13055,M,,,13
201100019465,11,3,9,1700,1,2,1,1.0,6.0,13055,M,,,13
201100019466,11,3,14,1730,1,1,1,2.0,6.0,13002,M,4336321.0,549563.0,13
201100019467,11,3,9,1430,1,2,1,1.0,6.0,13055,M,,,13
201100019468,11,3,8,930,1,2,1,1.0,6.0,13055,M,,,13
201100019469,11,3,16,700,2,2,1,1.0,6.0,13055,M,,,13
201100019470,11,3,15,1305,1,2,3,1.0,6.0,13055,M,,,13
201100019471,11,1,6,1400,1,2,9,1.0,6.0,13055,M,,,13
201100019472,11,8,6,700,1,2,1,1.0,6.0,13055,M,,,13
201100019473,11,3,22,1630,1,2,1,1.0,6.0,13055,M,,,13
201100019474,11,12,4,1435,1,2,1,1.0,3.0,13055,M,,,13
201100019475,11,2,5,1615,1,2,1,1.0,6.0,13055,M,,,13
201100019476,11,1,20,920,1,2,1,1.0,6.0,13055,M,,,13
201100019477,11,12,14,1100,1,2,3,1.0,3.0,13055,M,,,13
201100019478,11,10,6,1620,1,2,3,1.0,3.0,13055,M,,,13
201100019479,11,7,7,1145,1,2,1,1.0,7.0,13055,M,,,13
201100019480,11,2,23,1730,2,2,3,1.0,3.0,13055,M,,,13
201100019481,11,12,16,2230,5,2,3,1.0,3.0,13055,M,,,13
201100019482,11,3,7,1810,1,2,9,1.0,6.0,13055,M,4333246.0,535888.0,13
201100019483,11,3,17,800,1,2,1,1.0,6.0,13055,M,,,13
201100019484,11,3,9,1500,1,2,1,1.0,3.0,13055,M,,,13
201100019485,11,3,20,245,5,2,2,1.0,3.0,13055,M,,,13
201100019486,11,3,7,900,1,2,1,1.0,6.0,13075,M,,,13
201100019487,11,2,5,1300,1,2,1,1.0,6.0,13055,M,4328687.0,539054.0,13
201100019488,11,3,10,1400,1,2,1,1.0,6.0,13055,M,,,13
201100019489,11,2,9,1710,1,2,1,1.0,4.0,13055,M,,,13
201100019490,11,3,17,2030,5,2,1,1.0,6.0,13055,M,4328654.0,538339.0,13
201100019491,11,3,14,1355,1,2,1,1.0,2.0,13055,M,,,13
201100019492,11,12,6,2000,5,2,2,1.0,3.0,13055,M,,,13
201100019493,11,2,28,1930,4,2,3,1.0,3.0,13055,M,,,13
201100019494,11,3,1,1830,2,2,1,1.0,6.0,13055,M,4328875.0,538216.0,13
201100019495,11,2,21,2330,5,2,1,1.0,3.0,13055,M,,,13
201100019496,11,3,21,2300,5,2,1,1.0,3.0,13075,M,,,13
201100019497,11,3,21,1745,1,2,1,1.0,3.0,13055,M,,,13
201100019498,11,3,21,2220,5,2,3,1.0,6.0,13055,M,,,13
201100019499,11,3,23,2137,5,2,1,1.0,5.0,13055,M,4333662.0,536297.0,13
201100019500,11,3,24,2000,5,2,1,1.0,6.0,13055,M,,,13
201100019501,11,12,18,1645,2,2,1,1.0,2.0,13055,M,,,13
201100019502,11,2,25,2030,3,1,1,1.0,7.0,13055,M,,,13
201100019503,11,11,29,1100,1,2,1,1.0,6.0,13055,M,,,13
201100019504,11,3,11,1300,1,2,1,1.0,1.0,13055,M,,,13
201100019505,11,12,8,1730,3,2,1,1.0,6.0,13055,M,,,13
201100019506,11,3,1,1430,1,2,3,1.0,3.0,13055,M,4328013.0,542541.0,13
201100019507,11,9,18,1600,1,2,1,2.0,7.0,13055,M,,,13
201100019508,11,8,25,1030,1,2,1,1.0,6.0,13055,M,,,13
201100019509,11,7,18,1500,1,2,1,1.0,2.0,13055,M,,,13
201100019510,11,1,28,1700,1,2,1,1.0,3.0,13055,M,,,13
201100019511,11,7,2,2350,5,2,9,1.0,3.0,13055,M,,,13
201100019512,11,3,21,1710,1,2,1,7.0,3.0,13055,M,,,13
201100019513,11,3,17,1800,1,2,1,1.0,6.0,13055,M,,,13
201100019514,11,3,28,1755,1,2,1,1.0,2.0,13055,M,,,13
201100019515,11,3,28,745,1,2,1,1.0,1.0,13055,M,,,13
201100019516,11,3,23,2020,5,2,1,1.0,6.0,13055,M,,,13
201100019517,11,3,17,740,1,2,3,1.0,3.0,13055,M,,,13
201100019518,11,3,10,820,1,2,2,1.0,3.0,13055,M,,,13