Num_Acc,an,mois,jour,hrmn,lum,agg,int,atm,col,com,gps,lat,long,dep
201100019519,11,3,22,815,1,2,1,1.0,4.0,13055,M,,,13
201100019520,11,2,5,420,5,2,1,1.0,6.0,13055,M,4333875.0,536970.0,13
201100019521,11,2,4,1915,4,2,3,1.0,3.0,13055,M,,,13
201100019522,11,3,23,2030,5,2,1,1.0,3.0,13055,M,,,13
201100019523,11,11,5,1830,5,2,1,1.0,6.0,13055,M,,,13
201100019524,11,3,23,1645,1,2,1,1.0,6.0,13055,M,4330371.0,539793.0,13
201100019525,11,3,26,1640,1,2,1,1.0,6.0,13055,M,,,13
201100019526,11,3,28,110,5,2,3,1.0,3.0,13055,M,,,13
201100019527,11,3,24,1930,2,2,6,1.0,3.0,13055,M,4337906.0,535779.0,13
201100019528,11,4,3,2310,5,2,2,1.0,3.0,13055,M,,,13
201100019529,11,3,6,1430,1,2,1,1.0,2.0,13055,M,,,13
201100019530,11,8,28,1745,1,2,1,1.0,2.0,13055,M,,,13
201100019531,11,3,23,2300,5,2,1,1.0,6.0,13055,M,,,13
201100019532,11,3,9,940,1,2,1,1.0,4.0,13055,M,,,13
201100019533,11,2,19,1400,1,2,2,1.0,3.0,13055,M,,,13
201100019534,11,12,29,1120,1,2,1,6.0,2.0,13055,M,,,13
201100019535,11,1,11,1530,1,2,1,1.0,6.0,13055,M,,,13
201100019536,11,3,3,850,1,2,1,1.0,6.0,13055,M,4332202.0,543128.0,13
201100019537,11,3,11,1150,1,2,4,1.0,6.0,13055,M,4329012.0,537817.0,13
201100019538,11,3,16,1155,1,2,1,1.0,4.0,13055,M,,,13
201100019539,11,2,21,1920,5,2,4,1.0,6.0,13055,M,,,13
201100019540,11,2,21,1245,1,2,1,1.0,6.0,13055,M,,,13
201100019541,11,2,10,845,1,2,1,1.0,6.0,13055,M,,,13
201100019542,11,3,27,1315,1,2,1,2.0,2.0,13055,M,,,13
201100019543,11,3,10,1420,1,2,1,1.0,3.0,13055,M,,,13
201100019544,11,3,11,1815,5,2,1,1.0,2.0,13055,M,,,13
201100019545,11,3,20,500,2,2,2,1.0,3.0,13055,M,,,13
201100019546,11,3,8,830,1,2,1,1.0,5.0,13055,M,,,13
201100019547,11,3,9,1450,1,2,1,1.0,7.0,13055,M,4328262.0,537296.0,13
201100019548,11,2,25,945,1,2,2,1.0,3.0,13055,M,4329009.0,537252.0,13
201100019549,11,3,14,1845,5,2,2,1.0,3.0,13055,M,,,13
201100019550,11,1,27,2105,5,2,1,1.0,6.0,13055,M,,,13
201100019551,11,3,24,950,1,2,1,1.0,6.0,13055,M,,,13
201100019552,11,1,7,2155,5,2,1,1.0,7.0,13055,M,,,13
201100019553,11,3,16,1900,5,2,1,8.0,3.0,13055,M,,,13
201100019554,11,3,12,1830,5,2,3,3.0,2.0,13055,M,4331849.0,537959.0,13
201100019555,11,3,8,730,2,2,1,1.0,6.0,13055,M,,,13
201100019556,11,3,23,1345,1,2,1,1.0,2.0,13055,M,,,13
201100019557,11,4,2,410,5,2,1,1.0,6.0,13055,M,4334705.0,536803.0,13
201100019558,11,4,3,100,5,2,1,1.0,6.0,13055,M,,,13
201100019559,11,1,5,1800,2,2,1,1.0,6.0,13055,M,,,13
201100019560,11,2,17,1515,1,2,1,1.0,6.0,13055,M,4331611.0,540067.0,13
201100019561,11,3,25,850,1,2,1,1.0,2.0,13055,M,,,13
201100019562,11,10,21,1600,1,2,3,1.0,6.0,13055,M,,,13
201100019563,11,3,20,1530,1,2,1,1.0,6.0,13055,M,,,13
201100019564,11,2,14,830,1,2,1,2.0,3.0,13055,M,,,13
201100019565,11,3,30,900,1,2,1,1.0,6.0,13055,M,,,13
201100019566,11,3,29,1930,2,2,3,1.0,3.0,13055,M,,,13
201100019567,11,4,5,1435,1,2,1,1.0,6.0,13055,M,,,13
201100019568,11,2,16,1350,1,2,1,1.0,6.0,13055,M,,,13
201100019569,11,4,3,730,1,2,1,1.0,6.0,13055,M,,,13
201100019570,11,12,1,1520,1,2,9,1.0,3.0,13055,M,,,13
201100019571,11,2,4,1635,1,2,1,1.0,6.0,13055,M,,,13
201100019572,11,4,1,1500,1,2,1,1.0,5.0,13055,M,,,13
201100019573,11,3,15,1720,1,2,2,2.0,7.0,13055,M,,,13
201100019574,11,2,18,1730,1,2,1,1.0,2.0,13055,M,,,13
201100019575,11,1,8,1815,5,2,1,1.0,6.0,13055,M,,,13
201100019576,11,4,2,545,2,2,6,1.0,3.0,13055,M,4335170.0,533974.0,13
201100019577,11,3,12,1530,1,2,1,1.0,7.0,13055,M,,,13
201100019578,11,3,24,820,1,2,1,1.0,6.0,13055,M,,,13
201100019579,11,3,2,135,5,2,1,1.0,6.0,13055,M,4329276.0,536831.0,13
201100019580,11,3,12,1810,2,2,1,2.0,7.0,13055,M,,,13
201100019581,11,3,7,1400,1,2,1,1.0,6.0,13055,M,4328687.0,539973.0,13
201100019582,11,3,26,1500,1,2,1,1.0,6.0,13055,M,,,13
201100019583,11,4,4,1330,1,2,1,1.0,5.0,13055,M,,,13
201100019584,11,4,1,1715,1,2,1,1.0,4.0,13055,M,4331848.0,545969.0,13
201100019585,11,3,13,730,1,2,1,2.0,1.0,13055,M,,,13
201100019586,11,3,28,1510,1,2,1,1.0,3.0,13055,M,4328621.0,538328.0,13
201100019587,11,3,21,820,1,2,2,1.0,3.0,13055,M,,,13
201100019588,11,4,2,1700,1,2,1,1.0,4.0,13055,M,,,13
201100019589,11,3,23,1830,2,2,3,1.0,6.0,13055,M,,,13
201100019590,11,3,23,850,1,2,2,1.0,3.0,13055,M,,,13
201100019591,11,3,23,749,1,2,1,1.0,6.0,13055,M,,,13
201100019592,11,3,6,2310,5,2,1,1.0,2.0,13055,M,,,13
201100019593,11,3,24,2100,5,2,3,1.0,6.0,13055,M,,,13
201100019594,11,3,3,1200,1,2,1,1.0,6.0,13055,M,4328784.0,537823.0,13
201100019595,11,9,23,1550,1,2,1,1.0,6.0,13055,M,,,13
201100019596,11,3,5,1815,5,2,3,1.0,5.0,13055,M,,,13
201100019597,11,4,8,353,5,2,1,1.0,7.0,13055,M,4332045.0,536255.0,13
201100019598,11,1,10,735,2,2,6,1.0,6.0,13055,M,,,13
201100019599,11,2,28,855,1,2,1,1.0,2.0,13055,M,,,13
201100019600,11,9,26,1045,1,2,1,1.0,3.0,13055,M,4332862.0,536578.0,13
201100019601,11,4,2,2310,5,2,1,1.0,7.0,13055,M,,,13
201100019602,11,3,4,1545,1,2,1,1.0,6.0,13055,M,,,13
201100019603,11,4,5,2120,5,2,1,1.0,2.0,13055,M,,,13
201100019604,11,3,8,1050,1,2,1,1.0,2.0,13055,M,,,13
201100019605,11,3,11,1145,1,2,1,1.0,2.0,13055,M,,,13
201100019606,11,3,5,1350,1,2,1,1.0,6.0,13055,M,,,13
201100019607,11,3,6,1330,1,2,1,1.0,2.0,13055,M,,,13
201100019608,11,4,4,1420,1,2,1,1.0,6.0,13055,M,4332945.0,541483.0,13
201100019609,11,2,12,1050,1,2,1,1.0,2.0,13055,M,,,13
201100019610,11,3,31,1820,1,2,1,1.0,6.0,13055,M,4328862.0,537890.0,13
201100019611,11,2,28,2005,2,2,1,1.0,6.0,13055,M,4328487.0,539088.0,13
201100019612,11,3,12,1400,1,2,1,1.0,6.0,13055,M,4330963.0,540702.0,13
201100019613,11,2,19,1200,1,2,3,1.0,3.0,13055,M,,,13
201100019614,11,4,10,1020,1,2,2,1.0,6.0,13055,M,4330906.0,537842.0,13
201100019615,11,4,2,2220,5,2,1,1.0,7.0,13055,M,,,13
201100019616,11,4,1,1130,1,2,1,1.0,6.0,13055,M,4332676.0,536070.0,13
201100019617,11,1,26,2010,5,2,1,1.0,6.0,13055,M,,,13
201100019618,11,2,24,1630,1,2,1,1.0,2.0,13055,M,,,13
201100019619,11,3,15,1300,1,2,6,1.0,4.0,13002,M,,,13
201100019620,11,3,28,2110,5,2,3,1.0,1.0,13002,M,,,13
201100019621,11,3,26,1600,1,2,1,1.0,3.0,13055,M,,,13
201100019622,11,3,24,1900,1,2,1,1.0,6.0,13055,M,,,13
201100019623,11,4,9,2145,5,2,2,1.0,3.0,13055,M,,,13
201100019624,11,3,29,1140,1,2,3,1.0,3.0,13055,M,,,13
201100019625,11,4,1,1200,1,2,1,1.0,6.0,13055,M,4333588.0,535432.0,13
201100019626,11,3,24,1645,1,2,1,1.0,6.0,13055,M,,,13
201100019627,11,3,29,1530,1,2,1,1.0,6.0,13055,M,,,13
201100019628,11,4,7,1445,1,2,1,1.0,2.0,13055,M,,,13
201100019629,11,4,7,1915,1,2,2,1.0,3.0,13055,M,,,13
201100019630,11,1,18,1540,1,2,1,1.0,4.0,13055,M,,,13
201100019631,11,3,24,2015,5,2,3,1.0,1.0,13055,M,,,13
201100019632,11,3,30,1340,1,2,1,1.0,1.0,13055,M,4329237.0,543564.0,13
201100019633,11,3,27,1555,1,2,1,3.0,2.0,13055,M,,,13
201100019634,11,3,29,1215,1,2,1,1.0,1.0,13055,M,,,13
201100019635,11,3,29,830,1,2,1,1.0,3.0,13055,M,,,13
201100019636,11,2,23,745,1,2,1,1.0,6.0,13055,M,,,13
201100019637,11,4,2,1535,1,2,1,7.0,7.0,13055,M,,,13
201100019638,11,3,25,1335,1,2,2,1.0,3.0,13055,M,,,13
201100019639,11,1,31,755,1,2,1,1.0,6.0,13055,M,,,13
201100019640,11,3,28,945,1,2,1,1.0,2.0,13055,M,,,13
201100019641,11,3,30,1200,1,2,1,1.0,3.0,13055,M,,,13
201100019642,11,3,25,1330,1,2,1,1.0,6.0,13055,M,,,13
201100019643,11,3,10,1850,1,2,1,1.0,2.0,13055,M,4329558.0,548880.0,13
201100019644,11,3,18,1400,1,2,2,1.0,6.0,13055,M,,,13
201100019645,11,4,9,2344,5,2,1,1.0,6.0,13055,M,4329728.0,543410.0,13
201100019646,11,4,9,1220,1,2,1,1.0,6.0,13002,M,,,13
201100019647,11,4,11,2025,2,2,3,1.0,7.0,13002,M,4335663.0,548493.0,13
201100019648,11,3,26,950,1,2,3,1.0,6.0,13055,M,,,13
201100019649,11,3,29,1830,1,2,1,1.0,6.0,13055,M,,,13
201100019650,11,4,3,1030,1,2,1,1.0,1.0,13055,M,,,13
201100019651,11,2,6,1530,1,2,4,1.0,6.0,13055,M,,,13
201100019652,11,3,7,850,1,2,1,1.0,6.0,13055,M,,,13
201100019653,11,4,14,1715,1,2,1,1.0,6.0,13055,M,4330501.0,539184.0,13
201100019654,11,4,7,2300,5,2,2,1.0,6.0,13055,M,,,13
201100019655,11,3,15,1910,5,2,1,3.0,6.0,13055,M,,,13
201100019656,11,3,31,1650,1,2,2,1.0,2.0,13055,M,,,13
201100019657,11,3,14,1630,1,2,1,1.0,7.0,13055,M,4326793.0,540735.0,13
201100019658,11,3,10,830,1,2,3,1.0,3.0,13055,M,,,13
201100019659,11,4,10,1930,2,2,1,1.0,4.0,13055,M,,,13
201100019660,11,2,8,1740,2,2,2,1.0,3.0,13055,M,4327131.0,540912.0,13
201100019661,11,4,4,1335,1,2,1,1.0,6.0,13055,M,,,13
201100019662,11,4,4,1630,1,1,1,1.0,1.0,13055,M,,,13
201100019663,11,3,10,1500,1,2,1,1.0,6.0,13055,M,4336648.0,535674.0,13
201100019664,11,3,6,1700,1,2,2,1.0,3.0,13055,M,,,13
201100019665,11,3,18,1340,1,2,1,1.0,6.0,13055,M,,,13
201100019666,11,3,12,140,5,2,2,1.0,3.0,13055,M,4327905.0,538291.0,13
201100019667,11,4,17,1800,1,2,1,1.0,5.0,13055,M,,,13
201100019668,11,4,15,2135,5,2,1,1.0,2.0,13055,M,,,13
201100019669,11,1,18,1915,5,2,4,1.0,5.0,13055,M,,,13
201100019670,11,4,18,1030,1,2,1,1.0,2.0,13055,M,4330083.0,536594.0,13
201100019671,11,4,7,1100,1,2,1,1.0,3.0,13055,M,,,13
201100019672,11,4,6,1350,1,2,1,1.0,7.0,13055,M,4334663.0,537825.0,13
201100019673,11,4,5,2210,5,2,1,1.0,3.0,13055,M,4327403.0,539804.0,13
201100019674,11,3,31,1140,1,2,3,1.0,3.0,13055,M,,,13
201100019675,11,4,11,1115,1,2,1,1.0,5.0,13055,M,4333526.0,540019.0,13
201100019676,11,4,10,1520,1,2,1,1.0,5.0,13055,M,,,13
201100019677,11,4,10,440,5,2,1,1.0,7.0,13055,M,4329808.0,539765.0,13
201100019678,11,4,20,1012,1,2,3,1.0,6.0,13055,M,,,13
201100019679,11,4,14,1830,1,2,3,1.0,2.0,13055,M,,,13
201100019680,11,4,9,1200,1,2,1,1.0,6.0,13055,M,,,13
201100019681,11,3,30,1120,1,2,1,1.0,2.0,13055,M,4333479.0,545378.0,13
201100019682,11,4,10,1830,1,2,2,1.0,6.0,13055,M,,,13
201100019683,11,1,18,2000,5,2,3,1.0,6.0,13055,M,,,13
201100019684,11,3,11,1700,1,2,1,1.0,5.0,13055,M,,,13
201100019685,11,4,5,1040,1,2,2,1.0,6.0,13055,M,,,13
201100019686,11,4,17,140,3,2,1,1.0,7.0,13055,M,,,13
201100019687,11,4,10,1710,1,2,1,1.0,5.0,13055,M,4328467.0,543745.0,13
201100019688,11,4,1,1620,1,2,1,1.0,3.0,13055,M,4328874.0,545834.0,13
201100019689,11,8,3,1915,1,2,1,1.0,3.0,13055,M,,,13
201100019690,11,4,18,10,5,2,4,1.0,3.0,13055,M,,,13
201100019691,11,4,21,1940,2,2,1,1.0,7.0,13055,M,4327638.0,543147.0,13
201100019692,11,4,25,130,5,2,1,2.0,7.0,13055,M,4331610.0,540065.0,13
201100019693,11,4,25,215,5,2,2,1.0,3.0,13055,M,,,13
201100019694,11,4,17,1930,5,2,1,1.0,3.0,13055,M,,,13
201100019695,11,3,22,1530,1,2,1,1.0,4.0,13055,M,,,13
201100019696,11,3,20,1245,1,2,1,1.0,6.0,13055,M,,,13
201100019697,11,3,29,1545,1,2,1,1.0,6.0,13055,M,,,13
201100019698,11,4,8,1320,1,2,1,1.0,6.0,13055,M,4329910.0,537617.0,13
201100019699,11,4,12,1500,1,2,1,1.0,4.0,13055,M,,,13
201100019700,11,4,18,1710,1,2,1,1.0,3.0,13055,M,,,13
201100019701,11,3,31,1500,1,2,1,1.0,7.0,13055,M,,,13
201100019702,11,4,15,1900,1,2,1,2.0,2.0,13055,M,,,13
201100019703,11,4,8,1600,1,2,1,1.0,2.0,13055,M,,,13
201100019704,11,4,8,835,1,2,1,1.0,3.0,13055,M,,,13
201100019705,11,3,18,2050,5,2,1,1.0,2.0,13055,M,,,13
201100019706,11,4,8,1050,1,2,1,1.0,2.0,13055,M,,,13
201100019707,11,4,8,2130,5,2,1,1.0,2.0,13055,M,,,13
201100019708,11,4,5,1930,1,2,1,1.0,2.0,13055,M,,,13
201100019709,11,4,5,840,1,2,2,1.0,5.0,13055,M,,,13
201100019710,11,3,30,1850,1,2,1,1.0,6.0,13055,M,4329783.0,540383.0,13
201100019711,11,3,18,730,1,2,1,1.0,6.0,13055,M,,,13
201100019712,11,3,12,1740,1,2,1,3.0,3.0,13055,M,,,13
201100019713,11,4,26,1500,1,2,8,1.0,6.0,13055,M,4332862.0,540442.0,13
201100019714,11,4,1,2100,5,2,3,1.0,3.0,13055,M,,,13
201100019715,11,4,9,1110,1,2,1,1.0,2.0,13055,M,,,13
201100019716,11,4,1,800,1,2,1,1.0,6.0,13055,M,,,13
201100019717,11,3,16,2015,5,2,2,1.0,6.0,13055,M,,,13
201100019718,11,3,10,1200,1,2,1,1.0,6.0,13055,M,,,13
201100019719,11,4,17,245,5,2,1,1.0,2.0,13055,M,,,13
201100019720,11,4,17,1830,1,2,1,1.0,2.0,13055,M,,,13
201100019721,11,3,5,1730,1,2,1,1.0,2.0,13055,M,,,13
201100019722,11,4,10,1500,1,1,1,1.0,2.0,13055,M,,,13
201100019723,11,1,6,1420,1,2,1,1.0,3.0,13055,M,4331656.0,538241.0,13
201100019724,11,3,25,915,1,2,3,1.0,6.0,13055,M,4327716.0,538365.0,13
201100019725,11,3,30,800,1,2,6,1.0,3.0,13055,M,,,13
201100019726,11,4,5,1145,1,2,1,1.0,6.0,13055,M,,,13
201100019727,11,4,26,100,5,2,1,1.0,6.0,13055,M,,,13
201100019728,11,4,27,1600,1,2,1,1.0,3.0,13055,M,,,13
201100019729,11,4,28,1230,1,2,1,1.0,4.0,13055,M,,,13
201100019730,11,4,21,1400,1,2,1,1.0,6.0,13055,M,,,13
201100019731,11,4,16,1900,1,2,1,1.0,3.0,13055,M,,,13
201100019732,11,4,25,1700,1,2,1,3.0,4.0,13055,M,,,13
201100019733,11,4,19,1500,1,2,2,1.0,3.0,13055,M,,,13
201100019734,11,3,12,1900,5,2,1,3.0,2.0,13055,M,,,13
201100019735,11,4,10,545,5,2,1,1.0,3.0,13055,M,4330205.0,539452.0,13
201100019736,11,3,3,2320,5,2,2,1.0,3.0,13055,M,4334773.0,535906.0,13
201100019737,11,4,28,2035,2,2,1,2.0,2.0,13055,M,4330592.0,547017.0,13
201100019738,11,3,8,1345,1,2,1,1.0,3.0,13055,M,,,13
201100019739,11,4,8,1550,1,2,3,1.0,3.0,13055,M,,,13
201100019740,11,3,24,2330,5,2,1,2.0,6.0,13055,M,,,13
201100019741,11,4,8,1830,1,2,1,1.0,3.0,13055,M,,,13
201100019742,11,2,25,710,1,2,1,1.0,3.0,13055,M,,,13
201100019743,11,3,24,1645,1,2,1,1.0,6.0,13055,M,,,13
201100019744,11,3,20,1215,1,2,1,1.0,3.0,13055,M,,,13
201100019745,11,3,21,1355,1,2,1,1.0,3.0,13055,M,,,13
201100019746,11,4,15,905,1,2,3,1.0,1.0,13055,M,,,13
201100019747,11,4,25,1000,1,2,2,1.0,3.0,13055,M,,,13
201100019748,11,4,5,1500,1,2,1,1.0,3.0,13055,M,,,13
201100019749,11,4,14,1900,1,2,1,1.0,6.0,13055,M,,,13
201100019750,11,12,13,1600,1,2,2,1.0,3.0,13055,M,4330063.0,538838.0,13
201100019751,11,4,8,1430,1,2,1,1.0,2.0,13055,M,4326998.0,536590.0,13
201100019752,11,4,2,2040,5,2,1,1.0,4.0,13055,M,,,13
201100019753,11,4,19,745,1,2,2,1.0,3.0,13055,M,,,13
201100019754,11,4,14,930,1,2,1,1.0,6.0,13055,M,,,13
201100019755,11,5,1,740,1,2,6,1.0,7.0,13055,M,4331593.0,536656.0,13
201100019756,11,3,23,1015,1,2,1,1.0,2.0,13055,M,,,13
201100019757,11,4,25,1930,1,2,3,1.0,3.0,13055,M,,,13
201100019758,11,4,21,745,1,2,1,1.0,3.0,13055,M,,,13
201100019759,11,10,1,2249,5,2,1,1.0,3.0,13055,M,,,13
201100019760,11,4,14,1900,1,2,1,1.0,1.0,13055,M,,,13
201100019761,11,3,12,1900,4,2,1,2.0,7.0,13055,M,,,13
201100019762,11,4,28,1745,1,2,1,1.0,4.0,13055,M,,,13
201100019763,11,3,23,715,1,2,3,1.0,3.0,13055,M,,,13
201100019764,11,4,7,1840,1,2,1,1.0,3.0,13055,M,,,13
201100019765,11,4,12,930,1,2,1,1.0,2.0,13055,M,,,13
201100019766,11,4,5,1150,1,2,1,1.0,2.0,13055,M,,,13
201100019767,11,4,1,1600,1,2,1,1.0,1.0,13055,M,,,13
201100019768,11,3,27,1830,1,2,1,2.0,6.0,13055,M,,,13
201100019769,11,4,14,840,1,2,1,1.0,6.0,13055,M,,,13
201100019770,11,3,22,1800,2,2,1,1.0,1.0,13055,M,,,13
201100019771,11,4,26,1720,1,2,1,1.0,3.0,13055,M,4326435.0,537863.0,13
201100019772,11,4,22,1150,1,2,1,1.0,3.0,13055,M,,,13
201100019773,11,5,3,2335,5,2,3,1.0,6.0,13055,M,4329115.0,538305.0,13
201100019774,11,5,3,1140,1,2,1,1.0,7.0,13055,M,4326178.0,537461.0,13
201100019775,11,4,24,2000,2,2,1,1.0,7.0,13055,M,4334046.0,538516.0,13
201100019776,11,3,28,1815,1,2,3,1.0,6.0,13075,M,4334128.0,545694.0,13
201100019777,11,4,7,715,1,2,1,1.0,6.0,13055,M,,,13
201100019778,11,4,21,1900,1,2,1,1.0,6.0,13055,M,,,13
201100019779,11,12,30,710,2,2,2,1.0,3.0,13055,M,,,13
201100019780,11,4,9,2000,1,2,1,1.0,6.0,13055,M,,,13
201100019781,11,4,30,1900,1,2,1,1.0,2.0,13055,M,,,13
201100019782,11,4,22,1530,1,2,1,1.0,2.0,13055,M,,,13
201100019783,11,4,26,2000,1,2,1,1.0,6.0,13055,M,4336389.0,534249.0,13
201100019784,11,4,11,1700,1,2,1,1.0,6.0,13055,M,4330911.0,537164.0,13
201100019785,11,5,1,1600,1,2,1,1.0,6.0,13055,M,,,13
201100019786,11,4,26,1410,1,2,1,1.0,2.0,13055,M,,,13
201100019787,11,4,19,1310,1,2,1,1.0,3.0,13055,M,,,13
201100019788,11,4,15,2315,3,2,2,2.0,3.0,13055,M,,,13
201100019789,11,4,28,750,1,2,6,1.0,3.0,13055,M,4330047.0,547715.0,13
201100019790,11,4,15,1515,1,2,1,1.0,2.0,13055,M,,,13
201100019791,11,5,5,1230,1,2,1,1.0,3.0,13055,M,,,13
201100019792,11,4,17,1015,1,2,1,1.0,3.0,13055,M,,,13
201100019793,11,3,20,1200,1,2,1,1.0,2.0,13055,M,,,13
201100019794,11,4,25,710,1,2,1,1.0,6.0,13055,M,,,13
201100019795,11,4,30,1040,1,2,1,1.0,3.0,13055,M,,,13
201100019796,11,4,11,1800,1,2,1,1.0,6.0,13055,M,,,13
201100019797,11,5,5,1700,1,2,2,1.0,6.0,13055,M,4334840.0,535750.0,13
201100019798,11,5,1,1020,1,2,1,1.0,1.0,13055,M,4333077.0,538488.0,13
201100019799,11,4,7,1300,1,2,1,1.0,6.0,13055,M,,,13
201100019800,11,4,27,800,1,2,3,1.0,3.0,13055,M,,,13
201100019801,11,5,3,745,1,2,3,1.0,1.0,13055,M,,,13
201100019802,11,3,23,1500,1,2,2,1.0,1.0,13055,M,,,13
201100019803,11,4,29,1050,1,2,1,1.0,7.0,13055,M,,,13
201100019804,11,5,1,1750,1,2,1,1.0,7.0,13055,M,,,13
201100019805,11,5,8,2142,5,2,1,1.0,6.0,13055,M,,,13
201100019806,11,5,8,1620,1,1,1,1.0,6.0,13002,M,,,13
201100019807,11,5,7,2145,5,2,1,1.0,6.0,13055,M,4334770.0,536998.0,13
201100019808,11,5,3,745,1,2,1,1.0,2.0,13055,M,,,13
201100019809,11,4,30,1430,1,2,6,1.0,3.0,13055,M,4333043.0,541014.0,13
201100019810,11,9,19,1000,1,2,1,1.0,3.0,13055,M,,,13
201100019811,11,4,23,1130,1,2,2,2.0,2.0,13055,M,,,13
201100019812,11,4,21,1835,1,2,3,1.0,3.0,13055,M,,,13
201100019813,11,5,9,1110,1,2,1,1.0,2.0,13055,M,4330051.0,542279.0,13
201100019814,11,4,14,1920,1,2,1,1.0,2.0,13055,M,,,13
201100019815,11,3,30,1215,1,2,2,1.0,3.0,13055,M,,,13
201100019816,11,3,29,750,1,2,1,1.0,7.0,13055,M,,,13
201100019817,11,4,22,840,1,2,6,1.0,3.0,13055,M,,,13
201100019818,11,4,28,1530,1,2,1,1.0,6.0,13055,M,,,13
201100019819,11,3,28,845,1,2,1,1.0,2.0,13055,M,,,13
201100019820,11,4,26,1945,1,2,1,1.0,1.0,13055,M,,,13
201100019821,11,4,1,1940,1,2,1,1.0,2.0,13055,M,,,13
201100019822,11,11,14,1746,2,2,1,1.0,3.0,13055,M,,,13
201100019823,11,4,27,1630,1,2,1,1.0,7.0,13055,M,,,13
201100019824,11,4,26,1915,1,2,1,1.0,1.0,13055,M,,,13
201100019825,11,4,10,1710,1,2,2,1.0,3.0,13055,M,,,13
201100019826,11,4,23,1341,1,2,1,1.0,6.0,13055,M,4326605.0,540046.0,13
201100019827,11,4,3,1615,1,2,3,1.0,3.0,13055,M,,,13
201100019828,11,4,26,1120,1,2,1,1.0,7.0,13055,M,,,13
201100019829,11,4,23,1935,5,2,3,1.0,3.0,13055,M,4329574.0,542273.0,13
201100019830,11,4,30,1720,1,2,1,1.0,6.0,13055,M,,,13
201100019831,11,5,1,1715,1,2,2,1.0,3.0,13055,M,,,13
201100019832,11,4,28,1820,1,2,1,1.0,2.0,13055,M,,,13
201100019833,11,5,3,900,1,2,2,1.0,6.0,13055,M,,,13
201100019834,11,5,3,20,5,2,1,1.0,6.0,13055,M,,,13
201100019835,11,5,5,930,1,2,1,1.0,6.0,13055,M,,,13
201100019836,11,5,10,100,5,2,1,1.0,7.0,13055,M,,,13
201100019837,11,11,29,1225,1,2,1,1.0,6.0,13055,M,,,13
201100019838,11,4,28,1610,1,2,2,1.0,6.0,13055,M,4330877.0,537081.0,13
201100019839,11,12,2,1800,3,1,1,2.0,1.0,13055,M,,,13
201100019840,11,5,3,1930,1,2,1,1.0,6.0,13055,M,,,13
201100019841,11,3,2,1130,1,2,1,1.0,7.0,13055,M,,,13
201100019842,11,11,9,1610,1,2,3,1.0,3.0,13055,M,,,13
201100019843,11,1,26,950,1,2,1,1.0,4.0,13055,M,,,13
201100019844,11,4,27,1320,1,2,1,1.0,3.0,13055,M,,,13
201100019845,11,3,18,1410,1,2,1,1.0,4.0,13055,M,,,13
201100019846,11,4,30,2000,5,2,6,1.0,3.0,13075,M,,,13
201100019847,11,5,11,1830,1,2,1,1.0,6.0,13055,M,4332680.0,542284.0,13
201100019848,11,5,13,1855,1,2,1,1.0,3.0,13055,M,,,13
201100019849,11,5,3,1835,1,2,1,1.0,6.0,13055,M,,,13
201100019850,11,5,7,1830,1,2,1,1.0,2.0,13055,M,,,13
201100019851,11,5,7,1625,1,2,1,1.0,3.0,13055,M,,,13
201100019852,11,4,6,810,1,2,1,1.0,6.0,13055,M,,,13
201100019853,11,5,6,1315,1,2,2,1.0,3.0,13055,M,,,13
201100019854,11,4,15,1650,1,2,1,1.0,2.0,13055,M,,,13
201100019855,11,4,27,840,1,2,1,1.0,2.0,13055,M,,,13
201100019856,11,4,21,1200,1,2,1,1.0,2.0,13055,M,,,13
201100019857,11,4,15,1200,1,2,3,2.0,3.0,13055,M,,,13
201100019858,11,4,28,1440,1,2,2,1.0,3.0,13055,M,,,13
201100019859,11,5,2,800,1,2,1,1.0,3.0,13055,M,,,13
201100019860,11,4,26,115,5,2,1,1.0,3.0,13055,M,,,13
201100019861,11,4,28,1900,1,2,1,1.0,6.0,13055,M,,,13
201100019862,11,3,22,1330,1,2,1,1.0,7.0,13055,M,,,13
201100019863,11,4,18,1330,1,2,2,1.0,3.0,13055,M,,,13
201100019864,11,5,13,1405,1,2,2,1.0,3.0,13055,M,,,13
201100019865,11,5,13,900,1,2,1,1.0,3.0,13055,M,,,13
201100019866,11,4,29,1620,1,1,1,1.0,3.0,13055,M,,,13
201100019867,11,5,1,1320,1,2,1,1.0,3.0,13055,M,,,13
201100019868,11,4,21,730,1,2,2,1.0,3.0,13055,M,,,13
201100019869,11,5,11,1410,1,2,1,1.0,1.0,13055,M,,,13
201100019870,11,5,14,440,5,2,1,1.0,7.0,13055,M,4329624.0,537337.0,13
201100019871,11,5,15,500,5,2,1,1.0,7.0,13055,M,,,13
201100019872,11,1,12,1400,1,2,1,1.0,3.0,13055,M,4326357.0,541069.0,13
201100019873,11,5,9,1955,2,2,1,1.0,6.0,13055,M,,,13
201100019874,11,1,19,1215,1,2,3,1.0,3.0,13055,M,4327881.0,541010.0,13
201100019875,11,4,16,1540,1,2,1,1.0,5.0,13055,M,4333296.0,536428.0,13
201100019876,11,3,18,2330,5,2,1,1.0,6.0,13055,M,,,13
201100019877,11,3,30,2010,5,2,1,1.0,3.0,13055,M,,,13
201100019878,11,5,18,40,5,2,1,1.0,6.0,13055,M,,,13
201100019879,11,5,7,450,2,2,1,1.0,6.0,13055,M,,,13
201100019880,11,5,18,1305,1,2,2,1.0,3.0,13055,M,4328795.0,539143.0,13