Num_Acc,an,mois,jour,hrmn,lum,agg,int,atm,col,com,gps,lat,long,dep
201100020614,11,8,30,1600,1,2,1,2.0,6.0,13055,M,,,13
201100020615,11,8,29,20,5,2,1,1.0,6.0,13055,M,,,13
201100020616,11,8,15,2230,5,2,1,1.0,6.0,13075,M,,,13
201100020617,11,1,19,1500,1,2,1,1.0,3.0,13055,M,,,13
201100020618,11,8,23,1645,1,2,1,1.0,5.0,13055,M,,,13
201100020619,11,8,4,1730,1,2,3,1.0,3.0,13055,M,4331373.0,551223.0,13
201100020620,11,8,9,1220,1,2,1,1.0,3.0,13055,M,,,13
201100020621,11,3,26,1630,1,2,3,1.0,3.0,13055,M,,,13
201100020622,11,8,19,915,1,2,1,1.0,2.0,13055,M,,,13
201100020623,11,8,4,1730,1,2,1,1.0,2.0,13055,M,,,13
201100020624,11,8,17,1730,1,2,1,1.0,2.0,13055,M,,,13
201100020625,11,8,27,820,1,2,1,1.0,3.0,13055,M,,,13
201100020626,11,8,28,1620,1,2,1,1.0,6.0,13055,M,,,13
201100020627,11,7,25,1350,1,2,2,1.0,3.0,13055,M,,,13
201100020628,11,2,8,1800,2,2,6,1.0,2.0,13055,M,,,13
201100020629,11,4,13,1200,1,2,1,1.0,6.0,13055,M,,,13
201100020630,11,8,20,1300,1,2,1,1.0,1.0,13055,M,,,13
201100020631,11,8,13,130,5,2,1,1.0,1.0,13055,M,,,13
201100020632,11,5,18,1700,1,2,1,1.0,6.0,13055,M,,,13
201100020633,11,8,16,2330,5,2,1,1.0,2.0,13055,M,,,13
201100020634,11,7,19,1100,1,2,6,2.0,3.0,13055,M,,,13
201100020635,11,8,11,1720,1,2,1,1.0,2.0,13055,M,,,13
201100020636,11,9,8,2020,5,2,1,1.0,1.0,13055,M,,,13
201100020637,11,8,28,800,1,2,1,1.0,4.0,13055,M,4333013.0,548940.0,13
201100020638,11,7,30,1600,1,2,1,1.0,3.0,13055,M,,,13
201100020639,11,7,25,1200,1,2,1,1.0,2.0,13055,M,,,13
201100020640,11,9,5,1910,1,2,1,1.0,1.0,13055,M,4323871.0,536515.0,13
201100020641,11,8,9,1945,1,2,2,1.0,3.0,13055,M,4332805.0,539743.0,13
201100020642,11,8,22,1845,1,2,1,1.0,6.0,13055,M,,,13
201100020643,11,8,16,1720,1,2,1,1.0,6.0,13055,M,,,13
201100020644,11,8,27,1245,1,2,7,1.0,6.0,13055,M,,,13
201100020645,11,8,26,1400,1,2,1,1.0,7.0,13055,M,,,13
201100020646,11,8,31,1335,1,2,1,1.0,3.0,13055,M,,,13
201100020647,11,8,30,840,1,2,1,1.0,6.0,13055,M,,,13
201100020648,11,9,3,2120,5,2,1,1.0,3.0,13055,M,,,13
201100020649,11,8,29,1850,1,2,3,1.0,3.0,13055,M,,,13
201100020650,11,6,14,930,1,2,7,1.0,6.0,13055,M,,,13
201100020651,11,8,25,1900,1,2,9,1.0,4.0,13055,M,,,13
201100020652,11,8,25,1530,1,2,3,1.0,3.0,13055,M,4334636.0,542615.0,13
201100020653,11,8,30,740,1,1,3,1.0,3.0,13055,M,,,13
201100020654,11,8,24,1122,1,2,1,1.0,2.0,13055,M,,,13
201100020655,11,8,28,2020,1,2,2,1.0,3.0,13055,M,4328867.0,538223.0,13
201100020656,11,8,27,100,5,2,4,1.0,1.0,13055,M,4332908.0,543084.0,13
201100020657,11,8,17,2220,5,2,1,1.0,3.0,13055,M,,,13
201100020658,11,9,3,1700,1,2,9,1.0,3.0,13055,M,,,13
201100020659,11,9,2,1240,1,2,1,1.0,6.0,13055,M,4328228.0,540449.0,13
201100020660,11,9,12,1230,1,2,9,1.0,3.0,13055,M,,,13
201100020661,11,8,19,1830,1,2,3,1.0,3.0,13055,M,4334106.0,537738.0,13
201100020662,11,9,12,1555,1,2,1,1.0,3.0,13055,M,,,13
201100020663,11,9,12,2050,5,2,1,1.0,6.0,13055,M,,,13
201100020664,11,9,13,1330,1,2,3,1.0,3.0,13055,M,,,13
201100020665,11,7,15,1300,1,2,1,1.0,7.0,13055,M,,,13
201100020666,11,8,5,1945,1,2,2,1.0,3.0,13055,M,,,13
201100020667,11,8,31,1200,1,2,1,1.0,3.0,13055,M,,,13
201100020668,11,9,6,755,2,2,1,1.0,6.0,13055,M,,,13
201100020669,11,9,9,1750,1,2,1,1.0,4.0,13055,M,,,13
201100020670,11,9,10,1200,1,2,1,1.0,3.0,13055,M,,,13
201100020671,11,6,30,1640,1,2,1,1.0,1.0,13055,M,,,13
201100020672,11,8,13,1100,1,2,1,1.0,1.0,13055,M,,,13
201100020673,11,7,30,1530,1,2,1,1.0,1.0,13055,M,,,13
201100020674,11,9,8,2000,2,2,1,1.0,3.0,13055,M,,,13
201100020675,11,8,18,1035,1,2,1,1.0,2.0,13055,M,4337892.0,535775.0,13
201100020676,11,5,19,1430,1,2,1,1.0,3.0,13055,M,,,13
201100020677,11,9,14,1215,1,2,1,1.0,6.0,13055,M,4327300.0,539111.0,13
201100020678,11,9,7,2210,3,2,1,1.0,7.0,13055,M,4323809.0,543562.0,13
201100020679,11,9,6,1500,1,2,2,1.0,3.0,13055,M,,,13
201100020680,11,8,31,1350,1,2,1,1.0,1.0,13055,M,4332113.0,541640.0,13
201100020681,11,4,2,2100,5,2,1,1.0,1.0,13055,M,,,13
201100020682,11,9,8,2145,5,2,1,1.0,6.0,13055,M,,,13
201100020683,11,9,8,1225,1,2,2,1.0,3.0,13055,M,,,13
201100020684,11,9,14,1330,1,2,1,1.0,3.0,13055,M,,,13
201100020685,11,9,15,1615,1,2,1,1.0,5.0,13055,M,4331858.0,539030.0,13
201100020686,11,9,15,1505,1,2,1,1.0,6.0,13055,M,4328163.0,542551.0,13
201100020687,11,2,18,720,5,2,3,2.0,3.0,13055,M,,,13
201100020688,11,9,5,800,1,2,1,1.0,6.0,13055,M,,,13
201100020689,11,9,6,1700,1,2,1,1.0,6.0,13055,M,,,13
201100020690,11,8,3,2200,5,2,1,1.0,6.0,13055,M,,,13
201100020691,11,9,6,1130,1,2,1,1.0,2.0,13055,M,,,13
201100020692,11,8,6,920,1,2,1,1.0,2.0,13055,M,,,13
201100020693,11,6,24,800,1,2,1,1.0,6.0,13055,M,,,13
201100020694,11,9,10,730,1,2,1,1.0,6.0,13055,M,,,13
201100020695,11,9,16,1155,1,2,1,1.0,6.0,13055,M,,,13
201100020696,11,9,17,1925,1,2,1,1.0,6.0,13055,M,,,13
201100020697,11,9,2,2120,5,2,2,1.0,3.0,13055,M,,,13
201100020698,11,9,8,1550,1,2,1,1.0,3.0,13055,M,4331646.0,538306.0,13
201100020699,11,7,18,1500,1,2,1,1.0,6.0,13055,M,,,13
201100020700,11,9,10,1845,1,2,3,1.0,3.0,13055,M,,,13
201100020701,11,9,9,232,5,2,1,1.0,7.0,13055,M,,,13
201100020702,11,9,15,1815,1,2,1,1.0,7.0,13055,M,4330412.0,536516.0,13
201100020703,11,9,9,845,1,2,1,1.0,3.0,13055,M,,,13
201100020704,11,8,27,1140,1,2,1,1.0,5.0,13055,M,,,13
201100020705,11,4,30,2030,5,2,1,1.0,2.0,13055,M,,,13
201100020706,11,8,31,1120,1,2,1,1.0,3.0,13055,M,4326577.0,539965.0,13
201100020707,11,9,13,1600,1,2,1,1.0,6.0,13055,M,4328528.0,548218.0,13
201100020708,11,9,14,1640,1,2,1,1.0,4.0,13055,M,,,13
201100020709,11,9,8,1700,1,2,1,1.0,2.0,13055,M,,,13
201100020710,11,8,11,1910,2,2,2,1.0,3.0,13055,M,,,13
201100020711,11,9,16,1820,1,2,1,1.0,7.0,13055,M,,,13
201100020712,11,9,11,1050,1,2,2,1.0,3.0,13055,M,,,13
201100020713,11,9,10,1200,1,2,1,7.0,6.0,13055,M,4329611.0,536685.0,13
201100020714,11,9,9,1630,1,2,1,1.0,3.0,13055,M,,,13
201100020715,11,9,16,2000,5,2,1,1.0,6.0,13055,M,,,13
201100020716,11,8,12,1800,1,1,1,1.0,3.0,13055,M,,,13
201100020717,11,8,11,2015,1,2,1,1.0,6.0,13055,M,,,13
201100020718,11,9,16,1220,1,2,1,1.0,6.0,13055,M,,,13
201100020719,11,9,16,1500,1,2,2,1.0,3.0,13055,M,,,13
201100020720,11,9,1,720,1,2,1,1.0,7.0,13055,M,,,13
201100020721,11,9,8,1100,1,2,1,1.0,3.0,13055,M,,,13
201100020722,11,3,24,1800,1,1,3,1.0,6.0,13055,M,,,13
201100020723,11,9,8,300,5,2,2,1.0,3.0,13055,M,4329120.0,538075.0,13
201100020724,11,8,26,2000,1,2,1,1.0,2.0,13055,M,,,13
201100020725,11,4,25,1155,1,2,2,1.0,3.0,13055,M,,,13
201100020726,11,8,18,2200,5,2,6,1.0,2.0,13055,M,,,13
201100020727,11,9,16,1200,1,2,1,1.0,3.0,13055,M,,,13
201100020728,11,9,12,740,1,2,1,1.0,6.0,13055,M,,,13
201100020729,11,9,13,2120,2,2,3,1.0,3.0,13075,M,,,13
201100020730,11,8,10,1630,1,1,1,1.0,5.0,13055,M,,,13
201100020731,11,8,24,715,1,2,1,1.0,2.0,13055,M,,,13
201100020732,11,8,26,2100,1,2,1,1.0,6.0,13055,M,,,13
201100020733,11,9,22,1325,1,2,1,1.0,6.0,13055,M,,,13
201100020734,11,9,22,2330,4,2,1,1.0,7.0,13055,M,4331502.0,546193.0,13
201100020735,11,4,2,1150,1,2,1,1.0,6.0,13055,M,,,13
201100020736,11,9,20,2220,5,2,2,1.0,3.0,13055,M,,,13
201100020737,11,9,14,1550,1,2,1,1.0,2.0,13055,M,4330831.0,543602.0,13
201100020738,11,9,9,1130,1,2,1,1.0,6.0,13055,M,,,13
201100020739,11,8,8,1500,1,2,2,1.0,3.0,13055,M,,,13
201100020740,11,9,23,1200,1,2,1,1.0,6.0,13055,M,,,13
201100020741,11,9,25,1645,1,2,1,2.0,3.0,13055,M,4331394.0,539461.0,13
201100020742,11,9,10,1445,1,2,1,1.0,1.0,13055,M,,,13
201100020743,11,9,5,845,1,2,1,1.0,6.0,13055,M,,,13
201100020744,11,8,27,1145,1,2,1,1.0,3.0,13055,M,,,13
201100020745,11,9,15,1730,1,2,1,1.0,2.0,13055,M,4333881.0,542014.0,13
201100020746,11,9,6,2000,2,2,1,1.0,3.0,13055,M,4330843.0,543702.0,13
201100020747,11,4,16,1405,1,2,3,1.0,6.0,13055,M,,,13
201100020748,11,9,16,850,1,2,1,1.0,6.0,13075,M,,,13
201100020749,11,9,12,1442,1,1,1,1.0,5.0,13055,M,,,13
201100020750,11,9,11,915,1,2,1,1.0,2.0,13055,M,,,13
201100020751,11,9,13,2310,5,2,1,1.0,2.0,13055,M,,,13
201100020752,11,9,11,1730,1,2,3,1.0,3.0,13055,M,,,13
201100020753,11,9,27,2053,5,2,1,1.0,3.0,13055,M,,,13
201100020754,11,9,16,850,1,2,1,1.0,6.0,13055,M,4328763.0,544874.0,13
201100020755,11,9,20,1855,1,2,1,1.0,6.0,13055,M,,,13
201100020756,11,9,8,1520,1,2,1,1.0,4.0,13055,M,4328797.0,538047.0,13
201100020757,11,8,31,1340,1,2,1,1.0,2.0,13055,M,,,13
201100020758,11,9,2,820,1,2,1,1.0,6.0,13055,M,,,13
201100020759,11,9,11,555,1,2,9,1.0,7.0,13055,M,4329276.0,536831.0,13
201100020760,11,9,1,1725,1,2,1,1.0,7.0,13055,M,,,13
201100020761,11,8,31,1930,1,2,2,1.0,3.0,13055,M,,,13
201100020762,11,8,30,900,1,2,2,1.0,3.0,13055,M,,,13
201100020763,11,9,9,1240,1,2,1,1.0,2.0,13055,M,,,13
201100020764,11,8,21,1630,1,2,2,1.0,3.0,13055,M,,,13
201100020765,11,9,11,925,1,2,2,1.0,4.0,13055,M,4329009.0,537252.0,13
201100020766,11,8,13,100,5,2,1,1.0,6.0,13002,M,4331969.0,547139.0,13
201100020767,11,9,8,1730,1,2,3,1.0,3.0,13075,M,4334849.0,546594.0,13
201100020768,11,9,12,1320,1,2,3,1.0,1.0,13055,M,,,13
201100020769,11,9,19,1815,1,2,6,1.0,3.0,13055,M,,,13
201100020770,11,9,23,1640,1,2,1,1.0,3.0,13055,M,,,13
201100020771,11,9,22,1545,1,2,1,1.0,4.0,13055,M,,,13
201100020772,11,9,23,1615,1,2,1,1.0,3.0,13055,M,4328123.0,539228.0,13
201100020773,11,9,14,645,2,2,1,1.0,3.0,13055,M,,,13
201100020774,11,9,23,1430,1,2,1,1.0,6.0,13055,M,,,13
201100020775,11,9,21,1015,1,2,1,1.0,6.0,13055,M,4332935.0,542798.0,13
201100020776,11,9,25,1455,1,2,1,2.0,3.0,13055,M,,,13
201100020777,11,9,7,30,5,2,2,1.0,3.0,13055,M,,,13
201100020778,11,9,22,1630,1,2,1,1.0,1.0,13055,M,,,13
201100020779,11,9,8,1715,1,2,1,1.0,3.0,13055,M,4330713.0,542317.0,13
201100020780,11,9,22,805,1,2,1,1.0,6.0,13055,M,,,13
201100020781,11,9,6,1015,1,2,1,1.0,6.0,13055,M,,,13
201100020782,11,9,8,1445,1,2,1,1.0,3.0,13055,M,,,13
201100020783,11,9,19,1830,1,2,3,1.0,1.0,13055,M,,,13
201100020784,11,9,2,1600,1,1,3,1.0,3.0,13055,M,4330713.0,537522.0,13
201100020785,11,9,6,1940,2,2,1,1.0,3.0,13055,M,,,13
201100020786,11,9,13,1400,1,2,1,1.0,6.0,13055,M,,,13
201100020787,11,9,23,1905,1,2,1,1.0,6.0,13055,M,,,13
201100020788,11,9,13,1140,1,1,1,1.0,3.0,13055,M,4335385.0,533187.0,13
201100020789,11,9,23,1615,1,2,1,1.0,3.0,13055,M,,,13
201100020790,11,9,25,2000,5,2,6,1.0,2.0,13055,M,4331528.0,538916.0,13
201100020791,11,9,7,745,1,2,1,1.0,3.0,13055,M,,,13
201100020792,11,9,29,2030,5,2,1,1.0,4.0,13055,M,,,13
201100020793,11,9,30,2247,5,2,1,1.0,1.0,13055,M,,,13
201100020794,11,8,29,1800,1,2,1,1.0,4.0,13055,M,,,13
201100020795,11,9,26,1500,1,2,1,1.0,3.0,13055,M,4329598.0,536888.0,13
201100020796,11,9,25,1135,1,2,1,1.0,6.0,13055,M,,,13
201100020797,11,9,30,815,1,2,1,1.0,6.0,13055,M,,,13
201100020798,11,9,17,1,5,2,2,1.0,6.0,13055,M,,,13
201100020799,11,9,24,540,5,2,2,1.0,6.0,13055,M,,,13
201100020800,11,9,25,715,1,2,1,1.0,6.0,13075,M,,,13
201100020801,11,9,17,2030,5,1,1,1.0,5.0,13055,M,,,13
201100020802,11,1,23,1555,1,2,1,1.0,3.0,13055,M,,,13
201100020803,11,9,25,1200,1,1,1,2.0,6.0,13002,M,,,13
201100020804,11,9,20,1700,1,2,1,1.0,5.0,13002,M,4333125.0,548820.0,13
201100020805,11,10,1,735,1,2,2,1.0,3.0,13055,M,,,13
201100020806,11,9,28,1315,1,2,2,1.0,6.0,13055,M,,,13
201100020807,11,9,24,230,5,2,4,1.0,2.0,13055,M,,,13
201100020808,11,9,26,1645,1,2,1,1.0,6.0,13055,M,,,13
201100020809,11,9,20,1910,1,2,1,1.0,6.0,13055,M,4328946.0,540012.0,13
201100020810,11,4,13,600,3,2,1,1.0,6.0,13055,M,,,13
201100020811,11,9,22,815,1,2,1,1.0,6.0,13055,M,,,13
201100020812,11,8,26,745,1,2,1,1.0,6.0,13055,M,,,13
201100020813,11,9,1,2240,5,2,1,1.0,2.0,13055,M,,,13
201100020814,11,9,23,10,5,2,1,1.0,6.0,13055,M,,,13
201100020815,11,7,9,1,5,2,4,1.0,3.0,13055,M,,,13
201100020816,11,9,14,1730,1,2,1,1.0,4.0,13055,M,,,13
201100020817,11,9,26,1800,1,2,1,1.0,6.0,13055,M,,,13
201100020818,11,9,21,700,2,2,3,1.0,1.0,13055,M,,,13
201100020819,11,8,23,1025,1,2,1,1.0,3.0,13055,M,,,13
201100020820,11,9,19,1150,1,2,1,1.0,3.0,13055,M,,,13
201100020821,11,9,28,1410,1,2,2,1.0,3.0,13055,M,,,13
201100020822,11,8,21,1350,1,2,1,1.0,6.0,13055,M,,,13
201100020823,11,10,7,855,1,2,2,1.0,3.0,13055,M,,,13
201100020824,11,9,8,1715,1,2,1,1.0,6.0,13055,M,,,13
201100020825,11,9,19,1615,1,2,1,1.0,6.0,13055,M,,,13
201100020826,11,9,19,645,1,2,1,1.0,6.0,13055,M,4333183.0,543402.0,13
201100020827,11,9,30,1120,1,2,1,1.0,1.0,13055,M,,,13
201100020828,11,10,7,2040,5,2,6,1.0,6.0,13055,M,4335510.0,535032.0,13
201100020829,11,9,22,1250,1,2,1,1.0,7.0,13055,M,,,13
201100020830,11,9,21,1850,1,2,1,1.0,7.0,13055,M,4335252.0,534068.0,13
201100020831,11,8,31,1330,1,2,1,1.0,6.0,13055,M,,,13
201100020832,11,8,31,1650,1,2,2,1.0,3.0,13055,M,,,13
201100020833,11,9,21,1745,1,2,1,1.0,6.0,13055,M,4329158.0,544827.0,13
201100020834,11,10,4,130,5,2,1,1.0,6.0,13055,M,,,13
201100020835,11,10,2,1530,1,2,1,1.0,6.0,13055,M,,,13
201100020836,11,10,3,2000,5,2,1,1.0,3.0,13055,M,,,13
201100020837,11,9,24,338,5,2,1,1.0,6.0,13055,M,,,13
201100020838,11,10,5,1250,1,2,1,1.0,3.0,13055,M,,,13
201100020839,11,9,24,910,1,2,1,1.0,1.0,13055,M,,,13
201100020840,11,10,1,2115,5,2,3,1.0,3.0,13055,M,,,13
201100020841,11,9,16,30,5,2,1,1.0,6.0,13055,M,,,13
201100020842,11,9,29,2000,5,2,1,1.0,6.0,13055,M,,,13
201100020843,11,10,4,1200,1,2,1,1.0,3.0,13055,M,,,13
201100020844,11,9,17,2000,5,2,1,1.0,6.0,13055,M,,,13
201100020845,11,9,22,1215,1,2,1,1.0,6.0,13055,M,,,13
201100020846,11,4,22,2100,5,2,1,2.0,3.0,13055,M,,,13
201100020847,11,9,29,1350,1,2,1,1.0,3.0,13055,M,,,13
201100020848,11,3,17,1755,2,2,1,1.0,4.0,13055,M,,,13
201100020849,11,10,8,2350,5,2,1,1.0,1.0,13055,M,,,13
201100020850,11,10,5,1440,1,2,1,1.0,3.0,13055,M,,,13
201100020851,11,10,10,1625,1,2,1,1.0,6.0,13055,M,,,13
201100020852,11,10,6,1530,1,2,3,1.0,3.0,13055,M,,,13
201100020853,11,10,4,1750,1,2,1,1.0,6.0,13055,M,,,13
201100020854,11,9,28,1415,1,2,1,1.0,3.0,13055,M,,,13
201100020855,11,9,23,135,5,2,6,1.0,3.0,13055,M,4326275.0,540460.0,13
201100020856,11,10,3,800,1,2,1,1.0,3.0,13055,M,,,13
201100020857,11,9,25,1435,1,2,1,1.0,7.0,13055,M,,,13
201100020858,11,10,3,830,1,2,1,1.0,6.0,13055,M,,,13
201100020859,11,9,28,1630,1,2,1,1.0,6.0,13002,M,4336081.0,549401.0,13
201100020860,11,8,22,2005,1,2,1,1.0,3.0,13055,M,,,13
201100020861,11,9,29,2035,5,2,3,1.0,6.0,13055,M,,,13
201100020862,11,8,20,930,1,2,1,1.0,4.0,13055,M,,,13
201100020863,11,9,23,1140,1,1,1,1.0,3.0,13055,M,,,13
201100020864,11,9,27,2040,3,2,2,1.0,3.0,13055,M,4331292.0,537055.0,13
201100020865,11,9,23,900,1,2,1,1.0,3.0,13055,M,,,13
201100020866,11,10,11,1730,1,2,1,1.0,3.0,13055,M,,,13
201100020867,11,9,14,1015,1,2,1,1.0,3.0,13055,M,4330325.0,537898.0,13
201100020868,11,9,14,805,1,2,1,1.0,3.0,13055,M,,,13
201100020869,11,10,4,720,1,2,1,1.0,6.0,13055,M,,,13
201100020870,11,10,4,1115,1,2,1,1.0,5.0,13055,M,,,13
201100020871,11,9,16,1030,1,2,1,1.0,4.0,13055,M,,,13
201100020872,11,3,31,1715,1,2,1,1.0,3.0,13055,M,4327606.0,539689.0,13
201100020873,11,10,3,1935,2,2,1,1.0,6.0,13055,M,,,13
201100020874,11,10,3,1330,1,2,9,1.0,3.0,13055,M,,,13
201100020875,11,9,6,1945,2,2,1,1.0,3.0,13055,M,,,13
201100020876,11,10,7,1320,1,2,1,1.0,6.0,13055,M,,,13
201100020877,11,9,26,810,1,2,1,1.0,6.0,13055,M,,,13
201100020878,11,10,9,1445,1,2,3,1.0,3.0,13055,M,,,13
201100020879,11,10,5,810,1,2,1,1.0,3.0,13055,M,,,13
201100020880,11,9,26,1225,1,2,1,1.0,6.0,13055,M,,,13
201100020881,11,9,23,2134,5,2,1,1.0,3.0,13055,M,,,13
201100020882,11,5,2,920,1,2,1,1.0,6.0,13055,M,4328247.0,538997.0,13
201100020883,11,8,25,2200,5,2,2,1.0,3.0,13055,M,,,13
201100020884,11,7,4,1500,1,2,1,1.0,1.0,13055,M,,,13
201100020885,11,8,31,2200,5,2,1,1.0,3.0,13055,M,,,13
201100020886,11,4,17,2330,5,2,1,1.0,6.0,13055,M,,,13
201100020887,11,10,5,1200,1,2,1,1.0,3.0,13055,M,,,13
201100020888,11,9,15,1755,1,2,3,1.0,6.0,13055,M,,,13
201100020889,11,10,1,1120,1,2,1,1.0,3.0,13055,M,,,13
201100020890,11,9,9,1530,1,2,1,1.0,6.0,13055,M,4330950.0,537636.0,13
201100020891,11,9,12,1845,1,2,2,1.0,3.0,13055,M,,,13
201100020892,11,9,19,820,1,2,6,1.0,3.0,13002,M,,,13
201100020893,11,10,7,1655,1,2,1,1.0,6.0,13055,M,,,13
201100020894,11,10,5,1745,1,2,3,1.0,3.0,13055,M,,,13
201100020895,11,9,15,1230,1,2,1,1.0,6.0,13055,M,,,13
201100020896,11,11,12,1130,1,2,1,1.0,2.0,13055,M,,,13
201100020897,11,10,5,1250,1,2,1,1.0,3.0,13055,M,,,13
201100020898,11,10,4,1630,1,2,1,1.0,2.0,13055,M,,,13
201100020899,11,9,26,2000,5,2,2,1.0,3.0,13055,M,,,13
201100020900,11,10,14,2005,5,2,1,1.0,1.0,13055,M,,,13
201100020901,11,10,17,2330,3,2,3,1.0,3.0,13055,M,,,13
201100020902,11,10,4,2230,5,2,1,1.0,6.0,13055,M,,,13
201100020903,11,9,19,1800,1,2,1,1.0,3.0,13055,M,,,13
201100020904,11,10,7,1115,1,2,1,1.0,6.0,13055,M,,,13
201100020905,11,9,4,2330,5,2,1,1.0,6.0,13055,M,,,13
201100020906,11,10,5,2130,5,2,1,1.0,1.0,13055,M,,,13
201100020907,11,10,1,1800,1,2,1,1.0,6.0,13055,M,,,13
201100020908,11,9,26,900,1,2,1,1.0,2.0,13075,M,,,13
201100020909,11,10,6,2030,5,2,1,1.0,3.0,13055,M,,,13
201100020910,11,10,7,2030,3,2,1,1.0,1.0,13055,M,,,13
201100020911,11,10,16,1910,2,2,1,1.0,2.0,13055,M,,,13
201100020912,11,9,11,1230,1,2,1,1.0,3.0,13055,M,4333916.0,538983.0,13
201100020913,11,10,3,1800,1,2,1,1.0,6.0,13055,M,,,13
201100020914,11,10,15,2000,5,2,3,1.0,4.0,13055,M,,,13
201100020915,11,9,11,1300,1,2,1,1.0,2.0,13055,M,,,13
201100020916,11,10,20,1105,1,2,2,1.0,1.0,13055,M,,,13
201100020917,11,10,28,1210,1,2,1,1.0,1.0,13055,M,,,13
201100020918,11,9,12,2010,5,2,1,1.0,3.0,13055,M,,,13
201100020919,11,9,30,1430,1,2,1,1.0,6.0,13055,M,,,13
201100020920,11,10,11,905,1,2,1,1.0,3.0,13055,M,,,13
201100020921,11,7,3,1118,1,2,1,1.0,3.0,13055,M,,,13
201100020922,11,4,5,1630,1,2,1,1.0,4.0,13055,M,,,13
201100020923,11,8,28,2030,1,2,3,1.0,3.0,13055,M,,,13
201100020924,11,9,25,405,5,2,1,1.0,3.0,13055,M,,,13
201100020925,11,7,28,1840,1,2,1,1.0,7.0,13055,M,,,13
201100020926,11,10,12,1345,1,2,1,1.0,2.0,13075,M,,,13
201100020927,11,10,9,15,5,2,1,6.0,2.0,13055,M,,,13
201100020928,11,10,6,1920,5,2,3,1.0,6.0,13055,M,,,13
201100020929,11,9,22,1630,1,2,1,1.0,2.0,13055,M,,,13
201100020930,11,9,22,1730,1,2,3,1.0,3.0,13055,M,,,13
201100020931,11,9,30,845,1,2,1,1.0,5.0,13055,M,,,13
201100020932,11,10,8,1900,5,2,1,1.0,6.0,13055,M,,,13
201100020933,11,10,10,840,1,2,1,1.0,3.0,13055,M,,,13
201100020934,11,10,16,1040,1,2,1,1.0,6.0,13055,M,,,13
201100020935,11,9,29,850,1,2,3,1.0,3.0,13002,M,4332366.0,549219.0,13
201100020936,11,2,27,750,1,2,1,1.0,6.0,13055,M,,,13
201100020937,11,10,11,900,1,2,1,1.0,6.0,13055,M,,,13
201100020938,11,10,5,1700,1,2,1,1.0,7.0,13055,M,,,13
201100020939,11,9,22,1550,1,2,1,1.0,6.0,13055,M,,,13
201100020940,11,10,3,745,1,2,1,1.0,6.0,13055,M,,,13
201100020941,11,7,25,1550,1,2,1,1.0,6.0,13055,M,,,13
201100020942,11,9,23,1200,1,2,1,1.0,6.0,13055,M,,,13
201100020943,11,10,10,1320,1,2,1,1.0,6.0,13055,M,,,13
201100020944,11,10,10,1145,1,2,1,1.0,2.0,13055,M,,,13
201100020945,11,10,22,335,5,2,6,1.0,6.0,13055,M,,,13
201100020946,11,10,12,1035,1,2,6,1.0,2.0,13002,M,,,13
201100020947,11,10,8,1325,1,2,1,1.0,3.0,13002,M,,,13
201100020948,11,10,18,10,5,2,3,1.0,3.0,13055,M,,,13
201100020949,11,10,13,1700,1,2,2,1.0,3.0,13055,M,,,13
201100020950,11,6,12,950,1,2,2,1.0,3.0,13055,M,,,13
201100020951,11,10,15,1340,1,2,2,1.0,6.0,13055,M,,,13
201100020952,11,8,9,2045,2,2,2,1.0,3.0,13055,M,,,13
201100020953,11,10,13,920,1,2,3,1.0,3.0,13055,M,,,13
201100020954,11,10,20,1730,1,2,1,1.0,6.0,13055,M,,,13
201100020955,11,10,22,2315,5,2,1,1.0,6.0,13055,M,,,13
201100020956,11,10,9,2050,5,2,1,1.0,6.0,13055,M,,,13
201100020957,11,10,19,830,1,2,1,1.0,6.0,13055,M,,,13
201100020958,11,10,18,1110,1,2,1,1.0,2.0,13055,M,,,13
201100020959,11,9,18,840,1,2,1,2.0,4.0,13055,M,,,13
201100020960,11,10,16,1950,5,2,2,1.0,1.0,13055,M,,,13
201100020961,11,10,5,1815,1,2,1,1.0,3.0,13055,M,,,13
201100020962,11,9,25,1200,1,2,1,1.0,3.0,13055,M,,,13
201100020963,11,10,24,2300,5,2,1,2.0,6.0,13055,M,4329219.0,538271.0,13
201100020964,11,9,5,1900,1,2,1,1.0,3.0,13055,M,4329247.0,540093.0,13
201100020965,11,9,7,1430,1,2,1,1.0,7.0,13055,M,4330050.0,538465.0,13
201100020966,11,9,26,1030,1,2,1,1.0,6.0,13055,M,4329150.0,538281.0,13
201100020967,11,8,12,1100,1,2,1,1.0,7.0,13055,M,,,13
201100020968,11,10,22,1830,5,2,3,1.0,3.0,13055,M,,,13
201100020969,11,10,20,1200,1,2,3,1.0,3.0,13055,M,,,13
201100020970,11,10,20,1420,1,2,1,1.0,6.0,13055,M,,,13
201100020971,11,10,13,1600,1,2,1,1.0,2.0,13055,M,,,13
201100020972,11,9,18,900,1,2,1,2.0,6.0,13055,M,,,13
201100020973,11,8,30,1315,1,2,7,1.0,7.0,13055,M,,,13
201100020974,11,9,3,1030,1,2,1,1.0,6.0,13055,M,,,13
201100020975,11,9,3,950,1,2,1,1.0,2.0,13055,M,4330720.0,540154.0,13
201100020976,11,9,25,540,5,2,1,1.0,1.0,13055,M,4329180.0,538285.0,13
201100020977,11,10,6,800,1,2,1,1.0,3.0,13055,M,,,13
201100020978,11,10,13,1415,1,2,1,1.0,6.0,13055,M,,,13
201100020979,11,9,30,1115,1,2,1,1.0,6.0,13055,M,,,13
201100020980,11,8,29,1730,1,2,1,1.0,3.0,13055,M,,,13