Num_Acc,an,mois,jour,hrmn,lum,agg,int,atm,col,com,gps,lat,long,dep
201100020981,11,9,17,1055,1,2,2,1.0,6.0,13055,M,,,13
201100020982,11,9,16,1830,1,2,2,1.0,3.0,13055,M,4330065.0,538838.0,13
201100020983,11,9,20,1245,1,2,1,1.0,6.0,13055,M,,,13
201100020984,11,9,29,1320,1,2,1,1.0,6.0,13055,M,4329727.0,538012.0,13
201100020985,11,10,22,1440,1,2,1,1.0,2.0,13055,M,,,13
201100020986,11,10,21,1830,1,2,1,1.0,6.0,13055,M,,,13
201100020987,11,10,18,1455,1,2,1,1.0,2.0,13055,M,,,13
201100020988,11,10,3,1100,1,2,1,1.0,3.0,13055,M,,,13
201100020989,11,10,14,730,2,2,1,1.0,6.0,13055,M,,,13
201100020990,11,9,26,1345,1,2,3,1.0,1.0,13055,M,,,13
201100020991,11,10,11,1915,5,2,1,1.0,3.0,13055,M,,,13
201100020992,11,10,5,1550,1,2,2,1.0,3.0,13055,M,,,13
201100020993,11,10,14,1730,1,2,3,1.0,6.0,13055,M,,,13
201100020994,11,10,11,900,1,2,1,1.0,3.0,13055,M,,,13
201100020995,11,10,19,1350,1,2,1,1.0,1.0,13055,M,,,13
201100020996,11,10,20,840,1,2,3,1.0,6.0,13055,M,,,13
201100020997,11,10,25,600,5,2,1,3.0,2.0,13055,M,,,13
201100020998,11,10,22,1830,1,2,1,1.0,2.0,13055,M,,,13
201100020999,11,10,5,850,1,2,9,1.0,6.0,13055,M,,,13
201100021000,11,10,6,1300,1,2,3,1.0,3.0,13055,M,,,13
201100021001,11,10,20,1420,1,2,1,1.0,2.0,13055,M,,,13
201100021002,11,6,16,2020,2,1,1,1.0,1.0,13055,M,,,13
201100021003,11,9,28,1115,1,2,1,1.0,6.0,13055,M,,,13
201100021004,11,10,13,1540,1,2,1,1.0,6.0,13055,M,,,13
201100021005,11,10,13,2010,5,2,3,1.0,3.0,13055,M,,,13
201100021006,11,10,19,1545,1,2,1,1.0,6.0,13055,M,,,13
201100021007,11,9,11,1145,1,2,2,1.0,3.0,13106,M,,,13
201100021008,11,5,6,10,5,2,1,1.0,7.0,13055,M,,,13
201100021009,11,10,10,1735,1,2,1,1.0,2.0,13055,M,,,13
201100021010,11,10,9,1500,1,2,1,6.0,6.0,13055,M,,,13
201100021011,11,10,9,1730,1,2,1,1.0,1.0,13055,M,,,13
201100021012,11,10,2,1115,1,2,4,1.0,6.0,13055,M,4334771.0,535907.0,13
201100021013,11,10,20,1820,1,2,1,1.0,1.0,13055,M,,,13
201100021014,11,10,22,1615,1,2,1,1.0,6.0,13055,M,,,13
201100021015,11,10,27,2330,5,2,3,2.0,6.0,13055,M,,,13
201100021016,11,10,29,510,5,2,1,1.0,6.0,13055,M,4333147.0,537559.0,13
201100021017,11,10,28,2230,5,2,1,1.0,6.0,13055,M,,,13
201100021018,11,10,27,1955,5,2,2,1.0,3.0,13055,M,,,13
201100021019,11,10,31,1500,1,2,1,1.0,3.0,13055,M,,,13
201100021020,11,4,14,900,1,2,1,1.0,2.0,13055,M,,,13
201100021021,11,10,21,1255,1,2,1,2.0,6.0,13055,M,,,13
201100021022,11,10,24,1700,1,2,1,1.0,6.0,13055,M,,,13
201100021023,11,11,18,1330,1,2,1,1.0,3.0,13055,M,,,13
201100021024,11,10,29,1230,1,2,1,1.0,6.0,13055,M,,,13
201100021025,11,9,20,1510,1,2,3,1.0,3.0,13055,M,,,13
201100021026,11,10,20,810,1,2,1,1.0,6.0,13055,M,,,13
201100021027,11,9,13,2315,5,2,1,1.0,2.0,13055,M,,,13
201100021028,11,7,23,2000,1,2,1,1.0,6.0,13055,M,,,13
201100021029,11,9,19,1715,1,2,1,1.0,6.0,13055,M,,,13
201100021030,11,9,13,1650,1,2,3,1.0,6.0,13055,M,,,13
201100021031,11,10,24,1700,1,2,2,1.0,3.0,13055,M,,,13
201100021032,11,9,9,1100,1,2,1,1.0,6.0,13055,M,,,13
201100021033,11,10,16,315,4,2,2,1.0,3.0,13055,M,,,13
201100021034,11,11,4,1030,1,2,1,2.0,6.0,13055,M,4338003.0,535732.0,13
201100021035,11,9,25,1330,1,2,3,8.0,1.0,13055,M,,,13
201100021036,11,9,17,1840,1,1,9,1.0,3.0,13055,M,,,13
201100021037,11,9,19,830,1,2,1,1.0,6.0,13055,M,,,13
201100021038,11,9,16,330,5,2,1,1.0,6.0,13055,M,,,13
201100021039,11,8,4,1700,1,2,3,1.0,3.0,13055,M,,,13
201100021040,11,8,3,1330,1,2,1,1.0,2.0,13055,M,,,13
201100021041,11,9,2,1850,1,2,1,1.0,6.0,13055,M,4326884.0,540188.0,13
201100021042,11,10,24,1345,1,2,3,1.0,6.0,13055,M,,,13
201100021043,11,9,7,1400,1,2,1,1.0,2.0,13055,M,,,13
201100021044,11,8,8,1030,1,2,1,1.0,3.0,13055,M,,,13
201100021045,11,10,17,615,4,2,1,1.0,2.0,13055,M,,,13
201100021046,11,10,25,930,1,2,1,1.0,6.0,13055,M,4327492.0,541817.0,13
201100021047,11,10,16,1845,2,2,1,1.0,1.0,13055,M,,,13
201100021048,11,8,14,1700,1,2,1,1.0,3.0,13055,M,,,13
201100021049,11,8,22,140,5,2,1,1.0,4.0,13055,M,,,13
201100021050,11,9,6,1615,1,2,1,1.0,1.0,13055,M,4325468.0,538205.0,13
201100021051,11,10,18,1700,1,2,1,1.0,6.0,13055,M,,,13
201100021052,11,8,20,2220,5,2,3,1.0,3.0,13055,M,,,13
201100021053,11,10,25,1115,1,2,1,2.0,3.0,13055,M,,,13
201100021054,11,10,10,1340,1,2,1,1.0,2.0,13055,M,,,13
201100021055,11,9,28,930,1,2,1,1.0,3.0,13055,M,,,13
201100021056,11,10,16,1150,1,2,1,1.0,6.0,13055,M,,,13
201100021057,11,10,28,1045,1,2,1,2.0,7.0,13055,M,,,13
201100021058,11,10,27,1815,1,2,1,1.0,6.0,13055,M,,,13
201100021059,11,9,28,900,1,2,1,1.0,6.0,13055,M,,,13
201100021060,11,10,5,1415,1,2,1,1.0,6.0,13055,M,,,13
201100021061,11,10,29,1720,1,2,1,1.0,6.0,13055,M,,,13
201100021062,11,8,1,1245,1,2,2,1.0,1.0,13055,M,,,13
201100021063,11,11,1,1315,1,2,1,1.0,7.0,13055,M,4328495.0,542211.0,13
201100021064,11,10,22,1230,1,2,2,1.0,6.0,13055,M,,,13
201100021065,11,9,19,1030,1,2,1,1.0,6.0,13055,M,,,13
201100021066,11,10,3,1630,1,2,1,1.0,7.0,13055,M,,,13
201100021067,11,10,30,2315,5,2,1,1.0,3.0,13055,M,,,13
201100021068,11,10,26,1025,1,2,1,1.0,7.0,13055,M,,,13
201100021069,11,10,4,730,1,2,1,1.0,3.0,13055,M,4329762.0,539055.0,13
201100021070,11,10,28,1245,1,2,1,8.0,3.0,13055,M,,,13
201100021071,11,10,5,1950,2,2,3,1.0,2.0,13055,M,,,13
201100021072,11,10,12,745,2,2,3,1.0,5.0,13055,M,,,13
201100021073,11,9,19,600,2,2,1,1.0,1.0,13055,M,,,13
201100021074,11,10,15,35,5,2,1,1.0,3.0,13055,M,,,13
201100021075,11,10,7,1515,1,2,1,1.0,3.0,13055,M,,,13
201100021076,11,9,11,1500,1,2,2,1.0,3.0,13055,M,4328933.0,535761.0,13
201100021077,11,10,12,830,1,2,1,1.0,6.0,13055,M,,,13
201100021078,11,11,1,1700,1,2,1,1.0,2.0,13055,M,,,13
201100021079,11,10,17,930,1,2,1,1.0,6.0,13055,M,,,13
201100021080,11,9,23,1120,1,2,1,1.0,2.0,13055,M,,,13
201100021081,11,10,17,930,1,2,1,1.0,7.0,13055,M,,,13
201100021082,11,10,22,800,1,2,1,1.0,6.0,13055,M,,,13
201100021083,11,11,6,705,2,2,2,2.0,3.0,13055,M,,,13
201100021084,11,10,31,1615,1,2,1,1.0,4.0,13055,M,,,13
201100021085,11,11,3,1630,1,2,1,2.0,6.0,13055,M,,,13
201100021086,11,10,27,1930,5,2,1,1.0,3.0,13055,M,4326499.0,539553.0,13
201100021087,11,11,3,1320,1,2,1,1.0,1.0,13055,M,,,13
201100021088,11,10,13,1530,1,2,1,1.0,7.0,13055,M,,,13
201100021089,11,8,11,100,5,2,1,1.0,3.0,13055,M,,,13
201100021090,11,10,12,1215,1,2,1,1.0,4.0,13055,M,,,13
201100021091,11,11,4,1430,1,1,1,2.0,7.0,13002,M,,,13
201100021092,11,10,11,920,1,2,1,1.0,6.0,13055,M,,,13
201100021093,11,10,20,2300,5,2,1,1.0,3.0,13055,M,,,13
201100021094,11,10,19,1200,1,2,1,1.0,2.0,13055,M,,,13
201100021095,11,10,13,900,1,2,1,1.0,7.0,13055,M,,,13
201100021096,11,11,4,1805,2,2,1,8.0,6.0,13055,M,,,13
201100021097,11,11,9,920,1,2,1,2.0,6.0,13055,M,4327631.0,536559.0,13
201100021098,11,10,29,1730,1,2,1,1.0,1.0,13055,M,,,13
201100021099,11,11,1,1200,1,2,1,1.0,6.0,13055,M,,,13
201100021100,11,11,3,1845,5,2,2,3.0,3.0,13055,M,,,13
201100021101,11,11,4,2000,5,2,1,3.0,3.0,13055,M,,,13
201100021102,11,9,6,1500,1,2,1,1.0,6.0,13055,M,,,13
201100021103,11,10,20,800,1,2,1,1.0,2.0,13055,M,,,13
201100021104,11,10,26,925,1,2,1,1.0,6.0,13055,M,,,13
201100021105,11,10,22,1305,1,2,2,1.0,3.0,13055,M,,,13
201100021106,11,9,23,2130,5,2,1,1.0,3.0,13055,M,,,13
201100021107,11,10,27,925,1,2,3,1.0,3.0,13055,M,,,13
201100021108,11,9,2,1400,1,2,1,1.0,6.0,13055,M,,,13
201100021109,11,9,22,920,1,2,1,1.0,6.0,13055,M,,,13
201100021110,11,10,16,1835,5,1,1,1.0,7.0,13055,M,,,13
201100021111,11,10,14,1300,1,2,1,1.0,1.0,13055,M,,,13
201100021112,11,10,1,1900,2,2,2,1.0,3.0,13055,M,,,13
201100021113,11,11,10,1615,1,2,1,1.0,2.0,13055,M,,,13
201100021114,11,11,9,2300,5,2,1,1.0,6.0,13055,M,4329057.0,538614.0,13
201100021115,11,11,4,1040,1,2,1,1.0,6.0,13055,M,,,13
201100021116,11,10,24,1830,4,2,1,3.0,5.0,13055,M,,,13
201100021117,11,11,11,530,2,2,1,1.0,6.0,13055,M,,,13
201100021118,11,10,6,1010,1,2,2,1.0,5.0,13055,M,,,13
201100021119,11,11,5,1550,1,2,1,3.0,6.0,13055,M,,,13
201100021120,11,11,2,1025,1,2,1,3.0,6.0,13055,M,,,13
201100021121,11,11,16,1140,1,2,2,1.0,6.0,13055,M,,,13
201100021122,11,11,8,1440,1,2,1,1.0,6.0,13055,M,,,13
201100021123,11,10,26,1930,2,2,1,1.0,2.0,13055,M,,,13
201100021124,11,11,11,120,5,2,2,1.0,3.0,13055,M,,,13
201100021125,11,9,19,730,1,2,1,1.0,4.0,13055,M,,,13
201100021126,11,11,1,1315,1,2,1,1.0,6.0,13055,M,,,13
201100021127,11,10,6,730,1,2,1,1.0,5.0,13055,M,4328284.0,535052.0,13
201100021128,11,11,6,1045,1,2,8,2.0,6.0,13055,M,,,13
201100021129,11,11,6,1400,1,2,2,1.0,3.0,13055,M,4332094.0,537473.0,13
201100021130,11,9,28,2045,5,2,3,1.0,3.0,13055,M,,,13
201100021131,11,11,9,1220,1,2,1,2.0,4.0,13055,M,,,13
201100021132,11,9,25,2145,5,2,1,1.0,1.0,13055,M,4335716.0,534497.0,13
201100021133,11,10,29,1630,1,2,3,1.0,3.0,13055,M,,,13
201100021134,11,10,4,20,5,2,3,1.0,1.0,13055,M,,,13
201100021135,11,9,29,10,5,2,6,1.0,6.0,13055,M,,,13
201100021136,11,11,9,630,5,2,1,2.0,7.0,13055,M,4337378.0,535658.0,13
201100021137,11,1,12,800,1,2,1,1.0,6.0,13055,M,,,13
201100021138,11,10,30,1920,5,2,1,1.0,3.0,13055,M,,,13
201100021139,11,9,13,1700,1,2,1,1.0,6.0,13055,M,,,13
201100021140,11,11,7,1600,1,1,1,1.0,6.0,13002,M,,,13
201100021141,11,8,29,1515,1,2,3,1.0,3.0,13055,M,,,13
201100021142,11,8,29,1830,1,2,3,1.0,2.0,13055,M,,,13
201100021143,11,11,10,1545,1,2,1,1.0,7.0,13055,M,,,13
201100021144,11,11,17,650,1,2,1,1.0,7.0,13055,M,,,13
201100021145,11,11,4,2100,5,2,1,2.0,3.0,13055,M,,,13
201100021146,11,11,20,1930,5,2,1,1.0,1.0,13055,M,,,13
201100021147,11,11,20,245,5,2,1,1.0,6.0,13055,M,,,13
201100021148,11,11,20,1550,1,2,1,1.0,6.0,13055,M,4324222.0,540727.0,13
201100021149,11,11,19,2015,5,2,3,1.0,3.0,13055,M,,,13
201100021150,11,11,21,1730,4,2,1,1.0,6.0,13055,M,,,13
201100021151,11,10,28,1630,1,2,1,1.0,2.0,13055,M,,,13
201100021152,11,11,4,1550,1,2,1,2.0,3.0,13055,M,,,13
201100021153,11,11,16,1245,1,2,1,1.0,6.0,13055,M,,,13
201100021154,11,11,10,1445,1,2,2,1.0,3.0,13055,M,,,13
201100021155,11,11,21,1430,1,2,1,1.0,6.0,13055,M,,,13
201100021156,11,10,27,745,1,2,2,1.0,3.0,13055,M,,,13
201100021157,11,10,7,1835,1,2,1,1.0,2.0,13055,M,,,13
201100021158,11,10,26,1110,1,2,1,1.0,6.0,13055,M,,,13
201100021159,11,10,26,730,1,2,1,2.0,6.0,13055,M,,,13
201100021160,11,11,13,1800,5,2,2,1.0,6.0,13055,M,,,13
201100021161,11,11,14,745,1,2,1,1.0,3.0,13055,M,,,13
201100021162,11,11,24,655,5,2,6,1.0,3.0,13055,M,,,13
201100021163,11,11,23,1200,1,2,1,1.0,6.0,13055,M,,,13
201100021164,11,11,24,1820,5,2,1,1.0,6.0,13055,M,4335364.0,532983.0,13
201100021165,11,11,24,1800,5,2,1,1.0,6.0,13055,M,4328628.0,547089.0,13
201100021166,11,11,23,1900,5,2,1,1.0,3.0,13055,M,4328521.0,538867.0,13
201100021167,11,11,10,955,1,2,1,1.0,7.0,13055,M,,,13
201100021168,11,11,14,1730,1,2,1,1.0,6.0,13055,M,,,13
201100021169,11,11,15,730,1,2,1,1.0,2.0,13055,M,,,13
201100021170,11,11,17,1130,1,2,1,1.0,3.0,13055,M,,,13
201100021171,11,10,4,900,1,2,1,1.0,2.0,13055,M,,,13
201100021172,11,11,18,2045,5,2,1,8.0,2.0,13055,M,,,13
201100021173,11,11,15,2015,5,2,1,1.0,3.0,13055,M,4328320.0,550462.0,13
201100021174,11,11,16,1915,5,2,1,1.0,2.0,13055,M,,,13
201100021175,11,10,21,2015,2,2,1,1.0,3.0,13075,M,,,13
201100021176,11,10,24,1615,1,2,1,3.0,2.0,13055,M,,,13
201100021177,11,11,17,840,1,2,6,1.0,3.0,13055,M,,,13
201100021178,11,11,2,1505,1,2,1,1.0,6.0,13055,M,4328198.0,539947.0,13
201100021179,11,11,17,1900,5,2,1,1.0,1.0,13055,M,,,13
201100021180,11,11,10,1045,1,2,9,1.0,7.0,13055,M,,,13
201100021181,11,11,20,40,5,2,3,1.0,3.0,13055,M,,,13
201100021182,11,11,25,1230,1,2,1,1.0,6.0,13055,M,,,13
201100021183,11,10,17,1030,1,2,1,1.0,2.0,13055,M,,,13
201100021184,11,10,29,1315,1,2,1,1.0,2.0,13055,M,,,13
201100021185,11,11,28,1055,1,2,1,1.0,6.0,13055,M,,,13
201100021186,11,10,21,1050,1,2,1,1.0,3.0,13055,M,,,13
201100021187,11,11,3,1830,5,2,1,3.0,6.0,13055,M,,,13
201100021188,11,11,25,30,5,2,2,1.0,3.0,13075,M,4334746.0,546375.0,13
201100021189,11,11,23,1150,1,2,1,1.0,6.0,13055,M,,,13
201100021190,11,11,25,1645,1,2,1,1.0,3.0,13055,M,,,13
201100021191,11,11,7,850,1,2,1,1.0,1.0,13055,M,,,13
201100021192,11,9,30,1500,1,1,1,1.0,3.0,13055,M,,,13
201100021193,11,11,24,1630,1,2,1,1.0,6.0,13055,M,,,13
201100021194,11,10,10,910,1,2,1,1.0,5.0,13055,M,,,13
201100021195,11,11,23,1750,3,2,3,1.0,1.0,13055,M,4333754.0,542087.0,13
201100021196,11,11,24,1945,5,2,1,1.0,2.0,13055,M,4333204.0,539863.0,13
201100021197,11,10,21,1525,1,2,1,1.0,3.0,13055,M,,,13
201100021198,11,11,26,1445,1,2,1,1.0,6.0,13055,M,4327978.0,542437.0,13
201100021199,11,9,6,815,1,2,3,1.0,3.0,13055,M,,,13
201100021200,11,11,4,745,1,2,1,2.0,2.0,13002,M,4333343.0,546607.0,13
201100021201,11,11,24,1030,1,2,1,1.0,3.0,13002,M,,,13
201100021202,11,11,17,800,2,2,1,1.0,3.0,13002,M,,,13
201100021203,11,11,12,1230,1,2,1,1.0,3.0,13002,M,,,13
201100021204,11,11,30,1900,5,2,1,1.0,6.0,13055,M,,,13
201100021205,11,11,23,940,1,2,1,1.0,7.0,13055,M,,,13
201100021206,11,11,21,1800,5,2,1,1.0,3.0,13055,M,,,13
201100021207,11,11,23,1250,1,2,1,1.0,3.0,13055,M,,,13
201100021208,11,10,31,1800,5,2,1,1.0,2.0,13055,M,,,13
201100021209,11,11,23,650,2,2,3,1.0,3.0,13055,M,,,13
201100021210,11,10,17,1345,1,2,1,1.0,2.0,13055,M,,,13
201100021211,11,11,5,225,5,2,1,1.0,3.0,13055,M,4327129.0,538616.0,13
201100021212,11,11,13,1700,1,2,1,1.0,6.0,13055,M,,,13
201100021213,11,11,11,40,5,2,2,1.0,3.0,13055,M,4329225.0,538828.0,13
201100021214,11,11,25,1630,1,2,1,1.0,6.0,13055,M,,,13
201100021215,11,11,21,1600,1,2,6,1.0,6.0,13055,M,,,13
201100021216,11,10,6,1100,1,2,1,1.0,2.0,13055,M,,,13
201100021217,11,9,5,1845,1,2,2,1.0,3.0,13055,M,,,13
201100021218,11,10,5,2330,5,2,2,1.0,3.0,13055,M,,,13
201100021219,11,11,12,1545,1,2,1,1.0,2.0,13055,M,,,13
201100021220,11,11,26,1230,1,2,1,1.0,7.0,13055,M,,,13
201100021221,11,10,4,1830,2,2,2,1.0,3.0,13055,M,,,13
201100021222,11,11,3,1530,1,2,1,8.0,6.0,13055,M,,,13
201100021223,11,11,1,40,5,2,1,8.0,6.0,13055,M,4324672.0,537727.0,13
201100021224,11,11,17,2300,5,2,1,1.0,6.0,13055,M,4328628.0,547475.0,13
201100021225,11,11,21,1025,1,2,1,1.0,6.0,13055,M,,,13
201100021226,11,11,14,1320,1,2,1,1.0,6.0,13055,M,4327151.0,540950.0,13
201100021227,11,12,4,2215,5,2,1,1.0,5.0,13055,M,,,13
201100021228,11,12,5,905,1,2,1,1.0,6.0,13055,M,,,13
201100021229,11,12,5,545,5,2,1,1.0,2.0,13055,M,,,13
201100021230,11,10,11,1530,1,2,1,1.0,6.0,13055,M,,,13
201100021231,11,11,3,1500,1,2,3,1.0,3.0,13055,M,4328391.0,538087.0,13
201100021232,11,9,13,1800,1,2,1,1.0,2.0,13055,M,,,13
201100021233,11,9,26,1300,1,2,1,1.0,6.0,13055,M,,,13
201100021234,11,11,20,2340,5,2,3,1.0,3.0,13055,M,4329173.0,537525.0,13
201100021235,11,11,4,1045,1,2,1,2.0,7.0,13055,M,,,13
201100021236,11,11,7,1300,1,2,1,2.0,3.0,13055,M,,,13
201100021237,11,10,22,2010,2,2,1,1.0,6.0,13055,M,,,13
201100021238,11,10,31,945,1,2,1,1.0,6.0,13055,M,,,13
201100021239,11,11,4,1150,1,2,2,2.0,6.0,13055,M,,,13
201100021240,11,11,24,820,1,2,1,1.0,3.0,13055,M,,,13
201100021241,11,11,5,1305,1,2,2,3.0,2.0,13002,M,4333801.0,547057.0,13
201100021242,11,11,16,1040,1,2,2,1.0,1.0,13055,M,4329997.0,538699.0,13
201100021243,11,11,15,1020,1,2,2,1.0,3.0,13055,M,,,13
201100021244,11,11,25,1430,1,2,1,1.0,3.0,13055,M,,,13
201100021245,11,11,22,1145,1,2,1,1.0,6.0,13055,M,,,13
201100021246,11,11,15,1930,5,2,1,1.0,6.0,13055,M,4329919.0,538077.0,13
201100021247,11,11,11,2000,5,2,3,1.0,3.0,13055,M,4328814.0,538914.0,13
201100021248,11,11,17,1345,1,2,1,1.0,2.0,13055,M,,,13
201100021249,11,12,5,1340,1,2,1,1.0,3.0,13055,M,4328154.0,540474.0,13
201100021250,11,11,29,1725,5,2,1,1.0,1.0,13055,M,,,13
201100021251,11,12,2,1300,1,2,1,8.0,6.0,13055,M,4331136.0,537824.0,13
201100021252,11,11,6,1730,5,2,1,2.0,6.0,13055,M,4332636.0,536099.0,13
201100021253,11,10,21,1230,1,2,2,1.0,3.0,13055,M,,,13
201100021254,11,10,26,1500,1,2,1,1.0,4.0,13055,M,,,13
201100021255,11,11,2,1340,1,1,1,1.0,3.0,13055,M,,,13
201100021256,11,11,28,1240,1,2,1,1.0,6.0,13055,M,,,13
201100021257,11,11,26,20,5,2,1,1.0,6.0,13055,M,,,13
201100021258,11,11,25,2015,5,2,1,1.0,6.0,13055,M,4328376.0,544283.0,13
201100021259,11,10,4,2140,5,2,1,1.0,6.0,13055,M,,,13
201100021260,11,11,30,1505,1,1,1,1.0,3.0,13055,M,,,13
201100021261,11,12,1,815,1,2,9,1.0,3.0,13055,M,4333204.0,539863.0,13
201100021262,11,12,6,2040,5,2,2,1.0,3.0,13055,M,,,13
201100021263,11,12,8,1450,1,2,1,1.0,6.0,13055,M,4333252.0,535469.0,13
201100021264,11,11,28,710,2,2,1,1.0,3.0,13106,M,,,13
201100021265,11,10,27,1700,2,2,1,1.0,6.0,13055,M,,,13
201100021266,11,12,6,1935,5,2,1,1.0,1.0,13055,M,4333193.0,541290.0,13
201100021267,11,9,16,1845,2,2,1,1.0,2.0,13055,M,,,13
201100021268,11,11,30,930,1,2,1,1.0,6.0,13055,M,4333096.0,540603.0,13
201100021269,11,12,7,2330,5,2,2,1.0,3.0,13055,M,4326524.0,539570.0,13
201100021270,11,11,27,2000,5,2,3,1.0,3.0,13055,M,,,13
201100021271,11,11,30,2330,5,2,1,1.0,6.0,13055,M,,,13
201100021272,11,12,1,2350,5,2,2,1.0,3.0,13055,M,4329126.0,537329.0,13
201100021273,11,11,26,1255,1,2,1,1.0,6.0,13055,M,,,13
201100021274,11,11,25,1730,1,2,1,1.0,6.0,13055,M,,,13
201100021275,11,12,2,1450,1,2,1,2.0,6.0,13055,M,,,13
201100021276,11,11,29,1500,1,2,6,1.0,2.0,13055,M,,,13
201100021277,11,12,7,1,5,2,3,1.0,3.0,13055,M,,,13
201100021278,11,11,25,1655,2,2,1,1.0,6.0,13055,M,,,13
201100021279,11,11,29,630,5,2,1,1.0,2.0,13055,M,,,13
201100021280,11,12,2,1415,1,2,1,1.0,7.0,13055,M,,,13
201100021281,11,11,25,1345,1,2,1,1.0,3.0,13055,M,,,13
201100021282,11,11,4,810,1,2,1,2.0,7.0,13055,M,4326094.0,539035.0,13
201100021283,11,11,30,2230,5,2,1,1.0,3.0,13055,M,,,13
201100021284,11,11,27,1200,1,2,1,1.0,7.0,13055,M,,,13
201100021285,11,11,26,1630,1,2,1,1.0,6.0,13055,M,,,13
201100021286,11,11,22,750,1,2,3,1.0,3.0,13055,M,,,13
201100021287,11,12,1,2000,5,2,1,1.0,6.0,13055,M,4329660.0,540029.0,13
201100021288,11,11,26,1745,2,2,1,1.0,3.0,13055,M,,,13
201100021289,11,12,3,900,1,2,1,1.0,6.0,13055,M,4327562.0,543302.0,13
201100021290,11,10,21,1508,1,2,1,1.0,6.0,13055,M,,,13
201100021291,11,11,26,1445,1,2,3,1.0,3.0,13055,M,4328872.0,545837.0,13
201100021292,11,11,24,1840,5,2,1,1.0,6.0,13055,M,,,13
201100021293,11,12,12,1608,1,2,3,1.0,6.0,13055,M,4329342.0,543982.0,13
201100021294,11,12,11,710,5,2,1,1.0,3.0,13055,M,,,13
201100021295,11,12,8,1130,1,2,1,1.0,7.0,13055,M,,,13
201100021296,11,11,27,1600,1,2,1,1.0,4.0,13055,M,4330830.0,540224.0,13
201100021297,11,11,10,1045,1,2,1,1.0,3.0,13055,M,,,13
201100021298,11,10,20,1600,1,2,1,1.0,4.0,13055,M,,,13
201100021299,11,9,13,1430,1,2,1,1.0,3.0,13055,M,,,13
201100021300,11,11,28,700,2,2,9,1.0,6.0,13106,M,,,13
201100021301,11,11,30,1745,5,2,1,1.0,2.0,13055,M,,,13
201100021302,11,7,22,1150,1,2,1,1.0,3.0,13055,M,,,13
201100021303,11,11,30,1520,1,2,1,1.0,6.0,13055,M,,,13
201100021304,11,11,26,2000,5,2,2,1.0,3.0,13055,M,,,13
201100021305,11,12,1,1855,5,2,2,1.0,3.0,13055,M,4334246.0,535974.0,13
201100021306,11,11,25,933,1,2,1,1.0,3.0,13055,M,,,13
201100021307,11,12,3,1730,5,2,1,1.0,4.0,13055,M,,,13
201100021308,11,12,2,1430,1,2,1,2.0,6.0,13055,M,4326515.0,539079.0,13
201100021309,11,12,14,810,1,2,3,1.0,1.0,13055,M,4332554.0,543051.0,13
201100021310,11,11,28,1930,5,2,2,1.0,3.0,13055,M,,,13
201100021311,11,12,6,1000,1,2,2,1.0,1.0,13055,M,4335306.0,543804.0,13
201100021312,11,11,17,2030,5,2,3,1.0,3.0,13055,M,,,13
201100021313,11,12,8,2250,5,2,2,1.0,6.0,13055,M,,,13
201100021314,11,11,18,1600,1,2,1,1.0,2.0,13055,M,4329919.0,538573.0,13
201100021315,11,12,14,1130,1,2,1,1.0,6.0,13055,M,,,13
201100021316,11,12,15,230,5,2,1,1.0,7.0,13055,M,4331711.0,538179.0,13
201100021317,11,12,6,1810,5,2,1,1.0,6.0,13055,M,4334089.0,540741.0,13
201100021318,11,11,14,830,1,2,1,1.0,6.0,13055,M,,,13
201100021319,11,11,20,1000,1,2,1,1.0,3.0,13055,M,,,13
201100021320,11,12,15,2145,5,2,1,1.0,6.0,13055,M,,,13
201100021321,11,11,19,1700,1,2,1,1.0,6.0,13055,M,,,13
201100021322,11,11,22,1330,1,2,1,1.0,3.0,13055,M,,,13
201100021323,11,12,7,1355,1,2,1,1.0,3.0,13055,M,4331689.0,536952.0,13
201100021324,11,11,24,1115,1,2,1,1.0,2.0,13055,M,,,13
201100021325,11,11,27,305,5,2,1,1.0,7.0,13055,M,,,13
201100021326,11,11,22,1730,5,2,1,1.0,6.0,13055,M,,,13
201100021327,11,10,13,1020,1,2,6,1.0,3.0,13055,M,,,13
201100021328,11,10,19,745,1,2,1,1.0,6.0,13055,M,,,13
201100021329,11,9,28,900,1,2,1,1.0,3.0,13055,M,,,13
201100021330,11,11,28,1330,1,2,1,1.0,6.0,13055,M,,,13
201100021331,11,12,18,1800,5,2,1,1.0,6.0,13055,M,4331473.0,539759.0,13
201100021332,11,12,19,1530,1,2,1,1.0,5.0,13055,M,4328853.0,546240.0,13
201100021333,11,12,18,1535,1,2,1,1.0,1.0,13055,M,4324835.0,545397.0,13
201100021334,11,12,19,1230,1,2,2,1.0,6.0,13055,M,4329400.0,539982.0,13
201100021335,11,12,20,620,5,2,3,2.0,3.0,13055,M,4326781.0,540754.0,13
201100021336,11,12,7,1417,1,2,1,1.0,2.0,13055,M,4330410.0,541103.0,13
201100021337,11,11,14,1730,1,2,1,1.0,6.0,13055,M,,,13
201100021338,11,12,14,1030,1,2,1,1.0,6.0,13055,M,4329727.0,538012.0,13