Num_Acc,an,mois,jour,hrmn,lum,agg,int,atm,col,com,gps,lat,long,dep
201100021339,11,11,30,1545,1,2,1,1.0,3.0,13055,M,4333326.0,536319.0,13
201100021340,11,11,10,1830,3,2,1,1.0,3.0,13055,M,,,13
201100021341,11,8,11,1830,1,2,1,1.0,6.0,13055,M,,,13
201100021342,11,8,31,1430,1,2,1,1.0,3.0,13055,M,,,13
201100021343,11,11,26,1200,1,2,3,1.0,4.0,13055,M,,,13
201100021344,11,4,23,2030,5,2,1,1.0,6.0,13055,M,,,13
201100021345,11,12,2,1535,1,2,2,1.0,6.0,13055,M,,,13
201100021346,11,12,7,620,5,2,1,1.0,6.0,13055,M,,,13
201100021347,11,10,7,1107,1,2,1,1.0,3.0,13055,M,,,13
201100021348,11,11,27,200,5,2,1,1.0,1.0,13055,M,,,13
201100021349,11,11,24,1600,1,2,1,1.0,6.0,13055,M,,,13
201100021350,11,12,7,1220,1,2,1,1.0,1.0,13055,M,4333499.0,541000.0,13
201100021351,11,12,16,1320,1,2,1,2.0,6.0,13055,M,4336059.0,535749.0,13
201100021352,11,8,17,1900,1,2,1,1.0,6.0,13055,M,,,13
201100021353,11,10,17,1800,1,2,1,1.0,3.0,13055,M,,,13
201100021354,11,12,16,1150,1,2,1,1.0,6.0,13055,M,4331580.0,538515.0,13
201100021355,11,4,16,2030,5,2,1,1.0,7.0,13055,M,,,13
201100021356,11,11,22,1715,2,2,3,1.0,3.0,13055,M,,,13
201100021357,11,12,15,1500,1,2,2,1.0,3.0,13055,M,4330328.0,544976.0,13
201100021358,11,12,12,1630,1,2,1,1.0,6.0,13055,M,4328977.0,542650.0,13
201100021359,11,12,13,2250,5,2,1,1.0,3.0,13055,M,4328321.0,541183.0,13
201100021360,11,12,1,1610,1,2,1,1.0,6.0,13055,M,4328419.0,541284.0,13
201100021361,11,12,17,945,1,2,1,1.0,6.0,13055,M,4329380.0,540300.0,13
201100021362,11,12,5,10,5,2,1,1.0,6.0,13055,M,4330903.0,537407.0,13
201100021363,11,12,15,1550,1,2,1,1.0,6.0,13055,M,,,13
201100021364,11,12,9,1635,1,2,1,1.0,6.0,13055,M,,,13
201100021365,11,12,2,1920,5,2,1,1.0,6.0,13055,M,,,13
201100021366,11,11,22,2000,1,2,1,1.0,5.0,13055,M,,,13
201100021367,11,12,7,726,5,2,1,1.0,6.0,13055,M,,,13
201100021368,11,12,23,1345,1,2,1,1.0,7.0,13002,M,,,13
201100021369,11,12,26,1320,1,2,2,1.0,3.0,13055,M,,,13
201100021370,11,11,4,1230,1,2,1,2.0,7.0,13055,M,,,13
201100021371,11,12,14,1550,1,2,1,1.0,6.0,13055,M,,,13
201100021372,11,4,6,1025,1,2,1,1.0,7.0,13055,M,,,13
201100021373,11,12,23,1815,5,2,1,1.0,2.0,13055,M,4331537.0,540206.0,13
201100021374,11,12,21,1830,5,2,1,1.0,2.0,13055,M,4331590.0,543888.0,13
201100021375,11,12,21,1730,2,2,1,1.0,6.0,13055,M,,,13
201100021376,11,11,10,920,1,2,2,1.0,3.0,13055,M,,,13
201100021377,11,12,26,2045,5,2,2,1.0,3.0,13055,M,4332687.0,542305.0,13
201100021378,11,12,19,1225,1,2,1,1.0,6.0,13055,M,4333506.0,542066.0,13
201100021379,11,12,20,1740,5,2,1,1.0,3.0,13055,M,4331698.0,536361.0,13
201100021380,11,12,22,1735,5,2,1,9.0,6.0,13055,M,4329305.0,543831.0,13
201100021381,11,12,11,945,1,2,1,1.0,6.0,13055,M,4331796.0,536831.0,13
201100021382,11,12,23,300,5,2,2,1.0,6.0,13055,M,4332909.0,536562.0,13
201100021383,11,12,18,200,5,2,2,1.0,1.0,13055,M,,,13
201100021384,11,11,28,1430,1,2,1,1.0,1.0,13055,M,,,13
201100021385,11,12,18,2150,5,2,1,1.0,2.0,13002,M,4333787.0,547155.0,13
201100021386,11,12,20,1510,1,2,1,1.0,3.0,13055,M,4330391.0,543316.0,13
201100021387,11,12,9,940,1,2,1,1.0,3.0,13055,M,4326774.0,538925.0,13
201100021388,11,11,11,515,3,2,1,1.0,7.0,13055,M,4327861.0,539925.0,13
201100021389,11,10,26,1645,1,2,1,1.0,3.0,13055,M,,,13
201100021390,11,12,3,1220,1,2,1,1.0,6.0,13055,M,4325252.0,537585.0,13
201100021391,11,11,28,1810,5,2,3,1.0,2.0,13002,M,,,13
201100021392,11,11,18,1230,1,2,1,1.0,2.0,13055,M,,,13
201100021393,11,12,9,1600,1,2,7,1.0,6.0,13055,M,4327908.0,538289.0,13
201100021394,11,12,20,1340,1,2,3,1.0,3.0,13055,M,,,13
201100021395,11,12,9,1830,5,2,1,1.0,2.0,13055,M,,,13
201100021396,11,12,14,1915,3,1,1,1.0,1.0,13002,M,,,13
201100021397,11,12,11,20,5,2,1,1.0,6.0,13055,M,4328876.0,546076.0,13
201100021398,11,12,16,1400,1,2,3,1.0,3.0,13055,M,4324383.0,540601.0,13
201100021399,11,11,24,1115,1,2,1,1.0,3.0,13055,M,,,13
201100021400,11,11,17,1010,1,2,3,1.0,1.0,13055,M,4328300.0,540190.0,13
201100021401,11,12,14,1955,5,2,1,1.0,6.0,13055,M,4325971.0,540204.0,13
201100021402,11,12,13,1700,1,2,1,1.0,1.0,13055,M,4328351.0,550026.0,13
201100021403,11,12,22,1745,5,2,1,1.0,6.0,13055,M,4324996.0,538190.0,13
201100021404,11,12,17,1500,1,2,1,1.0,6.0,13075,M,,,13
201100021405,11,11,21,1905,5,2,1,1.0,3.0,13055,M,,,13
201100021406,11,12,19,720,2,2,1,1.0,3.0,13055,M,4330453.0,541516.0,13
201100021407,11,12,14,2325,5,2,2,1.0,6.0,13055,M,4331332.0,537637.0,13
201100021408,11,12,13,1930,5,2,1,1.0,5.0,13055,M,,,13
201100021409,11,12,18,740,1,2,1,1.0,3.0,13055,M,4329361.0,539887.0,13
201100021410,11,10,21,1715,1,2,3,1.0,6.0,13055,M,,,13
201100021411,11,11,28,1230,1,2,1,1.0,6.0,13055,M,,,13
201100021412,11,12,19,1415,1,2,1,1.0,7.0,13055,M,4328549.0,538968.0,13
201100021413,11,12,15,1300,1,2,1,1.0,6.0,13055,M,4328964.0,538705.0,13
201100021414,11,12,4,1900,5,2,3,1.0,3.0,13055,M,4329177.0,540895.0,13
201100021415,11,12,6,1145,1,2,6,1.0,7.0,13055,M,4330601.0,539338.0,13
201100021416,11,12,20,2000,5,2,1,1.0,3.0,13055,M,4328691.0,538319.0,13
201100021417,11,12,15,1040,1,2,1,1.0,7.0,13055,M,4328201.0,538593.0,13
201100021418,11,11,10,1145,1,2,1,1.0,3.0,13055,M,,,13
201100021419,11,11,16,1150,1,2,1,1.0,3.0,13055,M,,,13
201100021420,11,10,17,30,5,2,1,1.0,2.0,13055,M,,,13
201100021421,11,12,9,1615,1,2,1,1.0,3.0,13055,M,4327441.0,536167.0,13
201100021422,11,12,16,1450,1,2,1,2.0,2.0,13055,M,4329255.0,536714.0,13
201100021423,11,12,16,1200,1,2,1,1.0,3.0,13055,M,4329519.0,538176.0,13
201100021424,11,12,9,1140,1,2,2,1.0,3.0,13055,M,4329682.0,540398.0,13
201100021425,11,12,14,1250,1,2,1,1.0,6.0,13055,M,4329683.0,537632.0,13
201100021426,11,12,8,1640,1,2,1,1.0,3.0,13055,M,,,13
201100021427,11,12,22,2100,5,2,9,1.0,3.0,13055,M,4329122.0,547303.0,13
201100021428,11,12,23,545,5,2,2,1.0,2.0,13055,M,4329033.0,537588.0,13
201100021429,11,12,22,1535,1,2,3,1.0,1.0,13055,M,4330958.0,540843.0,13
201100021430,11,9,23,1925,1,2,1,1.0,2.0,13055,M,,,13
201100021431,11,12,9,1800,1,2,1,1.0,2.0,13055,M,,,13
201100021432,11,12,16,1650,1,2,1,1.0,6.0,13055,M,4335182.0,543427.0,13
201100021433,11,11,26,1700,2,2,1,2.0,3.0,13055,M,4331465.0,537097.0,13
201100021434,11,12,17,2130,5,2,1,1.0,3.0,13055,M,4333082.0,540452.0,13
201100021435,11,12,14,1000,1,2,2,1.0,3.0,13055,M,4330979.0,537959.0,13
201100021436,11,7,9,1630,1,2,1,1.0,6.0,13055,M,,,13
201100021437,11,7,13,2045,2,2,3,1.0,3.0,13055,M,,,13
201100021438,11,1,14,1300,1,2,1,1.0,6.0,13055,M,,,13
201100021439,11,10,17,1720,1,2,1,1.0,6.0,13055,M,,,13
201100021440,11,12,16,1600,1,2,1,2.0,3.0,13055,M,4329208.0,540235.0,13
201100021441,11,3,31,1915,2,2,1,1.0,5.0,13055,M,,,13
201100021442,11,6,23,1800,1,2,1,1.0,6.0,13055,M,,,13
201100021443,11,7,17,20,5,2,1,1.0,6.0,13055,M,4329194.0,537286.0,13
201100021444,11,10,3,1835,1,2,1,1.0,3.0,13055,M,,,13
201100021445,11,5,26,1000,1,2,1,1.0,2.0,13055,M,,,13
201100021446,11,10,8,1715,1,2,1,1.0,2.0,13055,M,,,13
201100021447,11,10,14,1440,1,2,1,1.0,2.0,13055,M,,,13
201100021448,11,10,25,1030,1,1,1,2.0,3.0,13055,M,,,13
201100021449,11,6,22,1600,1,2,1,1.0,6.0,13055,M,,,13
201100021450,11,9,28,1205,1,2,3,1.0,7.0,13055,M,4330623.0,536753.0,13
201100021451,11,1,21,750,1,2,1,1.0,6.0,13039,M,,,13
201100021452,11,1,18,1845,2,2,3,1.0,3.0,13039,M,,,13
201100021453,11,1,19,950,1,2,1,1.0,7.0,13056,M,,,13
201100021454,11,1,17,1430,1,2,1,1.0,3.0,13056,M,,,13
201100021455,11,1,8,700,3,1,1,1.0,6.0,13039,M,,,13
201100021456,11,1,4,1120,1,2,1,1.0,2.0,13056,M,,,13
201100021457,11,1,22,1115,1,2,2,1.0,7.0,13056,M,,,13
201100021458,11,1,24,1300,1,2,3,1.0,3.0,13056,M,,,13
201100021459,11,1,27,1530,1,2,3,1.0,3.0,13056,M,,,13
201100021460,11,1,30,1540,1,2,3,1.0,3.0,13056,M,,,13
201100021461,11,1,28,1140,1,2,1,1.0,2.0,13056,M,,,13
201100021462,11,1,28,1630,1,1,1,1.0,4.0,13039,M,,,13
201100021463,11,1,12,1450,1,1,1,1.0,2.0,13077,M,,,13
201100021464,11,1,9,1830,5,1,1,3.0,2.0,13056,M,,,13
201100021465,11,1,28,1320,1,1,1,1.0,1.0,13056,M,,,13
201100021466,11,2,5,1325,1,2,1,1.0,1.0,13056,M,,,13
201100021467,11,2,23,1755,1,2,1,1.0,6.0,13056,M,,,13
201100021468,11,2,17,1915,4,1,1,2.0,7.0,13039,M,,,13
201100021469,11,2,16,1640,1,2,2,1.0,3.0,13056,M,,,13
201100021470,11,2,15,1840,5,2,1,1.0,2.0,13056,M,,,13
201100021471,11,2,10,1635,1,2,2,1.0,3.0,13056,M,4341224.0,504710.0,13
201100021472,11,3,3,1330,1,1,9,1.0,3.0,13039,M,,,13
201100021473,11,2,12,935,1,1,2,1.0,7.0,13026,M,,,13
201100021474,11,2,25,1550,1,2,1,1.0,3.0,13056,M,,,13
201100021475,11,2,25,1715,1,1,1,1.0,6.0,13077,M,,,13
201100021476,11,2,25,1700,2,2,1,1.0,1.0,13056,M,,,13
201100021477,11,2,28,1100,1,2,1,1.0,6.0,13056,M,,,13
201100021478,11,3,4,1210,1,2,1,1.0,5.0,13056,M,,,13
201100021479,11,3,4,1315,1,2,1,1.0,3.0,13056,M,,,13
201100021480,11,3,7,1940,5,2,9,1.0,3.0,13056,M,,,13
201100021481,11,3,7,950,1,2,9,1.0,6.0,13056,M,,,13
201100021482,11,3,10,840,1,1,1,8.0,4.0,13077,M,,,13
201100021483,11,3,14,1140,1,2,1,1.0,6.0,13056,M,,,13
201100021484,11,3,16,920,1,1,1,2.0,2.0,13039,M,,,13
201100021485,11,3,20,1745,1,1,1,1.0,6.0,13056,M,,,13
201100021486,11,4,24,1645,1,1,1,1.0,7.0,13039,M,,,13
201100021487,11,4,30,1645,1,2,1,1.0,6.0,13077,M,,,13
201100021488,11,3,20,1050,1,2,1,1.0,3.0,13056,M,,,13
201100021489,11,3,22,1040,1,2,1,1.0,3.0,13056,M,,,13
201100021490,11,3,22,1010,1,2,1,1.0,2.0,13056,M,,,13
201100021491,11,4,16,1845,1,1,1,1.0,5.0,13039,M,,,13
201100021492,11,4,5,1800,1,2,1,1.0,6.0,13056,M,,,13
201100021493,11,4,22,920,1,2,1,1.0,2.0,13039,M,,,13
201100021494,11,4,10,940,1,1,1,1.0,2.0,13039,M,,,13
201100021495,11,4,11,1830,2,2,1,1.0,5.0,13056,M,,,13
201100021496,11,4,11,1200,1,1,1,1.0,1.0,13026,M,,,13
201100021497,11,4,13,1650,1,2,1,1.0,3.0,13026,M,,,13
201100021498,11,4,18,1730,1,1,1,1.0,2.0,13056,M,,,13
201100021499,11,4,19,1840,1,2,1,1.0,2.0,13056,M,,,13
201100021500,11,4,20,1610,1,2,1,1.0,2.0,13056,M,,,13
201100021501,11,4,22,920,1,1,1,1.0,5.0,13039,M,,,13
201100021502,11,4,30,945,1,2,1,1.0,2.0,13026,M,,,13
201100021503,11,5,4,700,1,1,1,1.0,2.0,13039,M,,,13
201100021504,11,5,6,1640,1,2,1,1.0,6.0,13056,M,,,13
201100021505,11,5,9,1030,1,2,2,1.0,3.0,13056,M,,,13
201100021506,11,5,11,1706,1,2,8,1.0,6.0,13056,M,,,13
201100021507,11,5,12,1430,1,2,1,1.0,2.0,13056,M,,,13
201100021508,11,4,17,605,2,2,1,1.0,6.0,13039,M,,,13
201100021509,11,5,15,1555,1,2,3,1.0,3.0,13056,M,,,13
201100021510,11,5,20,1840,1,2,1,1.0,6.0,13056,M,,,13
201100021511,11,5,27,540,2,1,1,1.0,6.0,13039,M,,,13
201100021512,11,5,27,1355,1,2,3,1.0,3.0,13056,M,,,13
201100021513,11,5,29,140,5,2,1,1.0,2.0,13077,M,,,13
201100021514,11,5,28,2330,5,2,1,1.0,6.0,13056,M,,,13
201100021515,11,6,1,1335,1,2,1,1.0,2.0,13056,M,,,13
201100021516,11,6,1,850,1,2,1,1.0,6.0,13077,M,,,13
201100021517,11,6,10,1720,1,2,1,1.0,1.0,13077,M,,,13
201100021518,11,6,11,748,1,2,1,1.0,6.0,13077,M,,,13
201100021519,11,6,14,1550,1,2,1,1.0,5.0,13077,M,,,13
201100021520,11,6,17,1935,1,2,1,1.0,3.0,13056,M,,,13
201100021521,11,6,18,1625,1,1,1,1.0,4.0,13056,M,,,13
201100021522,11,6,22,14,3,2,2,1.0,6.0,13077,M,4340626.0,498533.0,13
201100021523,11,6,30,1900,1,1,1,1.0,5.0,13039,M,,,13
201100021524,11,7,3,515,3,2,1,1.0,6.0,13077,M,,,13
201100021525,11,7,10,1400,1,2,1,1.0,6.0,13056,M,,,13
201100021526,11,6,7,1710,1,2,1,1.0,5.0,13056,M,,,13
201100021527,11,6,24,1630,1,1,1,1.0,4.0,13056,M,,,13
201100021528,11,6,27,1745,1,2,2,1.0,3.0,13026,M,,,13
201100021529,11,6,28,745,1,1,2,1.0,5.0,13056,M,,,13
201100021530,11,7,1,730,1,2,1,1.0,7.0,13056,M,,,13
201100021531,11,7,6,1730,1,1,1,1.0,5.0,13039,M,,,13
201100021532,11,7,14,2210,4,1,1,1.0,6.0,13077,M,,,13
201100021533,11,7,16,835,1,1,1,1.0,6.0,13039,M,,,13
201100021534,11,7,15,2250,5,2,1,1.0,2.0,13077,M,,,13
201100021535,11,7,22,2015,1,2,1,1.0,2.0,13026,M,,,13
201100021536,11,7,21,1735,1,2,2,1.0,3.0,13026,M,,,13
201100021537,11,7,23,2350,5,2,1,1.0,6.0,13077,M,,,13
201100021538,11,7,25,1610,1,2,1,1.0,2.0,13039,M,,,13
201100021539,11,7,28,1730,1,2,1,1.0,3.0,13056,M,,,13
201100021540,11,7,29,1415,1,2,1,1.0,3.0,13039,M,,,13
201100021541,11,7,29,1625,1,1,1,1.0,5.0,13026,M,,,13
201100021542,11,7,31,2000,2,2,1,1.0,6.0,13056,M,,,13
201100021543,11,7,30,1410,1,1,1,1.0,7.0,13039,M,,,13
201100021544,11,7,28,1200,1,2,1,1.0,6.0,13056,M,,,13
201100021545,11,8,4,1345,1,1,1,1.0,5.0,13039,M,,,13
201100021546,11,8,5,1830,1,2,1,1.0,3.0,13039,M,,,13
201100021547,11,8,5,808,3,1,1,1.0,7.0,13077,M,,,13
201100021548,11,8,7,505,3,1,1,8.0,6.0,13039,M,,,13
201100021549,11,8,23,2113,3,2,3,1.0,2.0,13056,M,,,13
201100021550,11,8,12,750,1,1,1,1.0,5.0,13039,M,,,13
201100021551,11,8,21,1510,1,2,1,1.0,6.0,13039,M,,,13
201100021552,11,8,23,1745,1,1,1,1.0,2.0,13056,M,,,13
201100021553,11,8,25,1100,1,1,1,1.0,6.0,13039,M,,,13
201100021554,11,8,30,815,1,1,1,1.0,3.0,13026,M,,,13
201100021555,11,9,13,1815,1,2,2,1.0,1.0,13026,M,4338294.0,516610.0,13
201100021556,11,9,3,1920,1,1,2,7.0,3.0,13026,M,,,13
201100021557,11,9,5,1455,1,2,1,1.0,4.0,13056,M,,,13
201100021558,11,9,6,830,1,2,1,1.0,5.0,13039,M,,,13
201100021559,11,9,7,1050,1,1,1,1.0,1.0,13039,M,,,13
201100021560,11,9,8,1700,1,2,3,1.0,3.0,13056,M,,,13
201100021561,11,7,30,1810,1,1,1,1.0,6.0,13077,M,,,13
201100021562,11,9,10,1910,1,2,1,1.0,3.0,13056,M,,,13
201100021563,11,9,10,1400,1,1,1,1.0,2.0,13039,M,,,13
201100021564,11,9,11,1255,1,1,1,1.0,3.0,13056,M,,,13
201100021565,11,9,12,1445,1,2,1,1.0,2.0,13056,M,,,13
201100021566,11,9,12,740,1,2,1,1.0,4.0,13056,M,,,13
201100021567,11,9,12,1145,1,2,1,1.0,3.0,13056,M,,,13
201100021568,11,9,18,1040,1,1,1,2.0,6.0,13039,M,,,13
201100021569,11,9,20,1800,1,2,2,1.0,5.0,13077,M,4340508.0,498434.0,13
201100021570,11,9,22,1615,1,2,2,1.0,3.0,13056,M,4341363.0,505704.0,13
201100021571,11,9,25,1950,5,1,1,1.0,2.0,13026,M,,,13
201100021572,11,10,4,900,1,2,2,1.0,3.0,13056,M,,,13
201100021573,11,10,5,5,5,2,1,1.0,6.0,13056,M,,,13
201100021574,11,10,4,1655,1,1,1,1.0,2.0,13026,M,,,13
201100021575,11,10,1,1030,1,2,6,1.0,3.0,13056,M,,,13
201100021576,11,10,3,1700,1,1,1,1.0,3.0,13026,M,,,13
201100021577,11,10,5,1445,1,1,1,1.0,3.0,13026,M,,,13
201100021578,11,10,4,700,1,2,2,1.0,1.0,13026,M,4338660.0,516417.0,13
201100021579,11,10,3,1045,1,1,1,1.0,6.0,13039,M,,,13
201100021580,11,10,13,800,1,2,1,1.0,3.0,13026,M,,,13
201100021581,11,10,12,1050,1,2,1,1.0,6.0,13039,M,,,13
201100021582,11,10,12,1230,1,2,1,1.0,2.0,13026,M,,,13
201100021583,11,10,14,1330,1,2,1,1.0,6.0,13056,M,,,13
201100021584,11,10,11,1135,1,1,2,1.0,3.0,13026,M,,,13
201100021585,11,10,20,1445,1,2,1,1.0,3.0,13056,M,,,13
201100021586,11,10,13,940,1,2,1,1.0,6.0,13056,M,,,13
201100021587,11,10,12,1815,1,2,1,1.0,4.0,13077,M,,,13
201100021588,11,10,17,1730,1,2,1,1.0,3.0,13056,M,,,13
201100021589,11,10,17,1250,1,2,1,1.0,4.0,13056,M,,,13
201100021590,11,10,17,1240,1,2,1,1.0,4.0,13056,M,,,13
201100021591,11,10,27,1440,1,1,1,1.0,1.0,13056,M,,,13
201100021592,11,11,5,1945,3,1,1,3.0,1.0,13039,M,,,13
201100021593,11,11,29,1950,3,1,1,1.0,6.0,13056,M,,,13
201100021594,11,11,2,1815,5,2,1,2.0,3.0,13056,M,,,13
201100021595,11,11,3,1550,1,2,1,1.0,6.0,13056,M,,,13
201100021596,11,11,5,625,3,1,6,8.0,3.0,13039,M,,,13
201100021597,11,11,9,700,2,2,1,3.0,5.0,13056,M,,,13
201100021598,11,11,10,1020,1,2,1,1.0,6.0,13026,M,,,13
201100021599,11,11,12,20,4,1,1,1.0,6.0,13039,M,,,13
201100021600,11,11,14,1325,1,2,1,1.0,2.0,13056,M,,,13
201100021601,11,11,14,1630,1,2,1,1.0,2.0,13056,M,,,13
201100021602,11,11,15,1825,5,2,1,1.0,2.0,13056,M,,,13
201100021603,11,11,15,1650,1,2,1,1.0,7.0,13056,M,,,13
201100021604,11,11,24,1100,1,1,1,1.0,2.0,13077,M,,,13
201100021605,11,12,17,1800,3,1,1,1.0,3.0,13026,M,,,13
201100021606,11,12,10,1820,5,2,1,1.0,3.0,13056,M,,,13
201100021607,11,12,2,1730,3,2,1,1.0,1.0,13056,M,,,13
201100021608,11,10,31,1000,1,1,1,1.0,3.0,13056,M,,,13
201100021609,11,2,3,1515,1,1,1,1.0,3.0,13078,M,,,13
201100021610,11,3,6,815,1,1,9,1.0,3.0,13078,M,,,13
201100021611,11,3,9,830,1,1,1,1.0,2.0,13078,M,,,13
201100021612,11,1,8,151,3,1,1,1.0,7.0,13103,M,,,13
201100021613,11,1,13,1310,1,2,9,1.0,3.0,13103,M,,,13
201100021614,11,1,15,940,1,1,1,1.0,2.0,13103,M,,,13
201100021615,11,1,19,1415,1,1,3,1.0,3.0,13103,M,,,13
201100021616,11,2,1,1420,1,2,8,1.0,6.0,13103,M,4363808.0,509948.0,13
201100021617,11,2,12,1445,1,2,6,1.0,3.0,13103,M,4363136.0,510086.0,13
201100021618,11,2,18,1735,1,2,1,1.0,1.0,13103,M,,,13
201100021619,11,3,18,1420,1,2,1,1.0,2.0,13103,M,,,13
201100021620,11,3,31,1325,1,2,1,1.0,2.0,13103,M,,,13
201100021621,11,4,30,1910,1,1,1,1.0,4.0,13103,M,,,13
201100021622,11,5,13,730,1,2,3,1.0,6.0,13103,M,4363325.0,509752.0,13
201100021623,11,6,3,2140,3,1,1,2.0,1.0,13103,M,,,13
201100021624,11,6,16,2000,1,1,1,1.0,2.0,13103,M,,,13
201100021625,11,6,17,1200,1,2,1,1.0,6.0,13103,M,,,13
201100021626,11,6,18,1200,1,2,6,2.0,1.0,13103,M,4364051.0,510647.0,13
201100021627,11,6,25,1920,1,2,1,1.0,6.0,13103,M,4363444.0,508815.0,13
201100021628,11,7,24,1735,1,2,6,1.0,3.0,13103,M,,,13
201100021629,11,8,3,2000,1,2,3,1.0,6.0,13103,M,,,13
201100021630,11,8,10,1015,1,1,1,1.0,1.0,13103,M,,,13
201100021631,11,8,17,1430,1,2,6,1.0,3.0,13103,M,,,13
201100021632,11,8,24,1815,1,2,1,1.0,6.0,13103,M,,,13
201100021633,11,9,2,1745,1,1,9,1.0,4.0,13103,M,,,13
201100021634,11,9,16,720,2,2,1,1.0,3.0,13103,M,,,13
201100021635,11,9,19,845,1,2,1,1.0,2.0,13103,M,,,13
201100021636,11,10,2,1530,1,2,3,1.0,3.0,13103,M,,,13
201100021637,11,11,1,2150,3,1,1,3.0,1.0,13103,M,,,13
201100021638,11,11,4,825,1,2,1,3.0,6.0,13103,M,,,13
201100021639,11,11,15,1740,5,2,1,1.0,3.0,13103,M,,,13
201100021640,11,11,15,2000,3,1,9,1.0,3.0,13103,M,,,13
201100021641,11,11,19,1730,2,2,2,2.0,6.0,13103,M,,,13
201100021642,11,12,8,950,1,2,9,1.0,6.0,13103,M,,,13
201100021643,11,12,19,1750,5,2,3,1.0,5.0,13103,M,4363851.0,509535.0,13
201100021644,11,12,29,1005,1,2,1,1.0,7.0,13103,M,,,13
201100021645,11,1,1,40,3,1,1,1.0,7.0,13108,M,,,13
201100021646,11,2,6,1810,2,1,1,1.0,3.0,13108,M,,,13
201100021647,11,2,22,1735,1,1,3,1.0,1.0,13108,M,,,13
201100021648,11,3,2,1415,1,1,1,1.0,7.0,13108,M,,,13
201100021649,11,3,23,1430,1,1,1,1.0,7.0,13108,M,,,13
201100021650,11,4,17,1720,1,1,9,1.0,2.0,13108,M,,,13
201100021651,11,5,5,735,1,1,1,1.0,6.0,13108,M,,,13
201100021652,11,5,27,1330,1,2,3,1.0,3.0,13108,M,,,13
201100021653,11,6,1,1850,1,1,1,6.0,4.0,13108,M,,,13
201100021654,11,6,28,15,3,1,1,1.0,7.0,13108,M,,,13
201100021655,11,6,28,630,1,1,1,1.0,1.0,13108,M,,,13
201100021656,11,8,3,1930,1,2,1,1.0,2.0,13108,M,,,13
201100021657,11,8,6,10,3,1,1,1.0,6.0,13108,M,,,13
201100021658,11,8,9,1320,1,1,2,1.0,7.0,13108,M,,,13
201100021659,11,9,30,1130,1,2,1,1.0,3.0,13108,M,,,13
201100021660,11,11,1,925,1,2,6,1.0,2.0,13108,M,,,13
201100021661,11,11,2,815,1,2,6,1.0,3.0,13108,M,,,13
201100021662,11,11,26,1515,1,2,1,6.0,6.0,13108,M,,,13
201100021663,11,12,18,1445,1,1,1,1.0,5.0,13108,M,,,13
201100021664,11,11,13,1630,1,1,3,1.0,3.0,13108,M,,,13
201100021665,11,10,28,1910,3,1,1,1.0,3.0,13108,M,,,13
201100021666,11,7,13,1210,1,1,1,8.0,1.0,30032,M,4378537.0,457028.0,30
201100021667,11,1,6,800,1,2,3,1.0,1.0,13117,M,4343673.0,525574.0,13
201100021668,11,1,6,1330,1,2,1,1.0,7.0,13071,M,,,13
201100021669,11,1,6,1845,5,1,1,1.0,2.0,13117,M,,,13
201100021670,11,1,7,1320,1,1,1,1.0,2.0,13117,M,,,13
201100021671,11,1,8,1715,1,1,1,1.0,7.0,13117,M,,,13
201100021672,11,1,14,900,1,2,1,1.0,7.0,13117,M,,,13
201100021673,11,1,15,1445,1,2,1,1.0,6.0,13117,M,,,13
201100021674,11,1,17,800,1,1,1,1.0,4.0,13071,M,,,13
201100021675,11,1,18,740,1,2,1,1.0,1.0,13071,M,,,13
201100021676,11,1,18,915,2,1,1,5.0,6.0,13071,M,,,13
201100021677,11,1,18,1210,1,2,1,1.0,6.0,13071,M,,,13
201100021678,11,1,18,1845,3,1,9,1.0,3.0,13071,M,,,13
201100021679,11,1,18,1930,3,1,1,1.0,4.0,13117,M,,,13
201100021680,11,1,19,930,1,2,6,1.0,6.0,13117,M,,,13
201100021681,11,1,21,1,3,1,1,4.0,7.0,13071,M,,,13
201100021682,11,1,21,700,2,2,1,1.0,7.0,13071,M,,,13
201100021683,11,1,22,45,3,2,1,1.0,6.0,13071,M,,,13
201100021684,11,1,22,1930,5,1,1,1.0,2.0,13071,M,,,13
201100021685,11,1,25,1145,1,2,1,1.0,2.0,13117,M,,,13
201100021686,11,1,26,1015,1,2,6,1.0,7.0,13071,M,4338532.0,534551.0,13
201100021687,11,1,26,1905,5,2,1,1.0,2.0,13117,M,4342590.0,529258.0,13
201100021688,11,1,28,745,2,1,1,9.0,3.0,13071,M,,,13
201100021689,11,1,31,1510,1,2,1,1.0,7.0,13117,M,,,13
201100021690,11,2,4,2345,3,2,1,1.0,6.0,13071,M,,,13
201100021691,11,2,4,2210,3,1,1,1.0,5.0,13071,M,,,13
201100021692,11,2,5,2110,3,1,2,1.0,3.0,13071,M,,,13
201100021693,11,2,11,955,1,1,1,1.0,6.0,13117,M,,,13
201100021694,11,2,22,1220,1,2,1,1.0,6.0,13071,M,,,13
201100021695,11,3,3,2250,5,2,3,1.0,6.0,13117,M,,,13
201100021696,11,3,4,2120,5,2,4,1.0,3.0,13117,M,,,13
201100021697,11,3,5,2000,5,2,1,1.0,3.0,13071,M,,,13
201100021698,11,3,10,1320,1,1,1,1.0,2.0,13117,M,,,13
201100021699,11,3,10,1820,1,1,1,1.0,3.0,13071,M,,,13
201100021700,11,3,11,1250,1,1,1,1.0,4.0,13117,M,,,13