Num_Acc,an,mois,jour,hrmn,lum,agg,int,atm,col,com,gps,lat,long,dep
201100021701,11,3,12,2130,5,2,6,1.0,6.0,13071,M,,,13
201100021702,11,3,13,1340,1,2,3,2.0,3.0,13071,M,4340800.0,530883.0,13
201100021703,11,3,14,20,3,1,1,8.0,3.0,13071,M,,,13
201100021704,11,3,23,1500,1,1,1,1.0,2.0,13071,M,,,13
201100021705,11,3,22,900,1,2,6,1.0,2.0,13117,M,,,13
201100021706,11,3,26,2330,5,2,1,1.0,7.0,13117,M,,,13
201100021707,11,3,27,100,5,2,1,1.0,6.0,13117,M,,,13
201100021708,11,3,28,1215,1,1,1,1.0,3.0,13117,M,,,13
201100021709,11,3,31,1515,1,2,4,1.0,3.0,13071,M,,,13
201100021710,11,4,1,1215,1,1,3,1.0,3.0,13071,M,,,13
201100021711,11,4,1,1415,1,2,1,1.0,1.0,13117,M,,,13
201100021712,11,4,2,1200,1,2,1,1.0,7.0,13117,M,,,13
201100021713,11,4,3,1000,1,2,6,1.0,6.0,13117,M,4342048.0,528896.0,13
201100021714,11,4,4,1630,1,1,1,1.0,6.0,13117,M,,,13
201100021715,11,4,5,830,1,2,1,1.0,4.0,13117,M,,,13
201100021716,11,4,5,1500,1,2,1,1.0,3.0,13071,M,4337843.0,535064.0,13
201100021717,11,4,7,1050,1,2,1,1.0,4.0,13117,M,,,13
201100021718,11,4,8,1900,1,2,1,1.0,1.0,13117,M,,,13
201100021719,11,4,11,1700,1,2,1,1.0,2.0,13117,M,,,13
201100021720,11,4,11,1745,1,2,1,1.0,2.0,13117,M,,,13
201100021721,11,4,11,1845,1,2,1,1.0,6.0,13071,M,4340946.0,532068.0,13
201100021722,11,4,12,830,1,1,1,1.0,2.0,13071,M,,,13
201100021723,11,4,14,1440,1,2,1,1.0,6.0,13117,M,,,13
201100021724,11,4,15,1650,1,1,1,1.0,3.0,13071,M,,,13
201100021725,11,4,16,1800,1,1,1,1.0,6.0,13071,M,,,13
201100021726,11,4,16,2020,5,2,1,1.0,6.0,13117,M,,,13
201100021727,11,4,18,1230,1,2,1,1.0,1.0,13117,M,,,13
201100021728,11,4,18,1920,1,1,1,1.0,3.0,13117,M,,,13
201100021729,11,4,19,2145,5,2,1,1.0,1.0,13071,M,,,13
201100021730,11,4,20,1045,1,1,1,1.0,2.0,13117,M,,,13
201100021731,11,4,20,1830,1,2,1,1.0,3.0,13071,M,,,13
201100021732,11,4,21,1045,1,2,1,1.0,6.0,13071,M,,,13
201100021733,11,4,22,1700,1,2,3,1.0,3.0,13117,M,,,13
201100021734,11,4,23,1800,1,2,1,1.0,3.0,13071,M,4339831.0,525660.0,13
201100021735,11,4,29,1515,1,2,1,1.0,1.0,13117,M,,,13
201100021736,11,4,30,1210,1,1,1,1.0,5.0,13071,M,,,13
201100021737,11,5,2,745,1,1,1,1.0,7.0,13117,M,,,13
201100021738,11,5,5,1820,1,2,1,1.0,2.0,13071,M,4342127.0,536326.0,13
201100021739,11,5,6,1715,1,2,1,1.0,3.0,13117,M,,,13
201100021740,11,5,11,715,1,1,1,1.0,1.0,13117,M,,,13
201100021741,11,5,11,1120,1,2,1,1.0,2.0,13117,M,,,13
201100021742,11,5,12,855,1,2,1,1.0,2.0,13117,M,,,13
201100021743,11,5,13,1945,1,2,2,1.0,3.0,13117,M,4342522.0,528076.0,13
201100021744,11,5,14,1340,1,2,1,1.0,3.0,13071,M,,,13
201100021745,11,5,15,1250,1,2,1,1.0,6.0,13071,M,,,13
201100021746,11,5,17,1645,1,2,4,1.0,6.0,13071,M,4341534.0,529686.0,13
201100021747,11,5,19,1110,1,2,1,1.0,2.0,13117,M,,,13
201100021748,11,5,20,2245,5,2,1,1.0,7.0,13071,M,,,13
201100021749,11,5,21,1640,1,2,1,1.0,7.0,13117,M,,,13
201100021750,11,5,22,1635,1,2,1,1.0,7.0,13071,M,,,13
201100021751,11,5,23,805,1,1,1,1.0,2.0,13117,M,,,13
201100021752,11,5,23,1140,1,2,3,1.0,3.0,13071,M,,,13
201100021753,11,5,23,1810,1,1,1,1.0,3.0,13071,M,,,13
201100021754,11,5,26,2230,5,2,9,1.0,3.0,13117,M,,,13
201100021755,11,5,30,1435,1,2,1,1.0,6.0,13117,M,,,13
201100021756,11,5,31,1640,1,2,1,1.0,6.0,13071,M,,,13
201100021757,11,6,2,1550,1,1,1,3.0,6.0,13117,M,,,13
201100021758,11,6,6,1245,1,1,4,1.0,3.0,13117,M,,,13
201100021759,11,6,9,1245,1,2,1,1.0,3.0,13071,M,,,13
201100021760,11,6,9,1600,1,2,1,1.0,3.0,13071,M,,,13
201100021761,11,6,10,650,1,1,1,1.0,2.0,13117,M,,,13
201100021762,11,6,11,1800,1,1,1,1.0,7.0,13117,M,,,13
201100021763,11,6,14,1645,1,2,1,1.0,3.0,13071,M,,,13
201100021764,11,6,15,845,1,1,1,1.0,4.0,13117,M,,,13
201100021765,11,6,15,1100,1,2,1,1.0,1.0,13071,M,,,13
201100021766,11,6,15,2015,1,1,1,1.0,7.0,13117,M,,,13
201100021767,11,6,15,2255,4,2,1,1.0,2.0,13117,M,,,13
201100021768,11,6,16,915,1,1,3,1.0,3.0,13117,M,,,13
201100021769,11,6,16,1610,1,2,1,1.0,3.0,13071,M,,,13
201100021770,11,6,17,5,5,2,1,1.0,7.0,13117,M,,,13
201100021771,11,6,17,845,1,1,1,1.0,7.0,13071,M,,,13
201100021772,11,6,17,1615,1,1,1,1.0,1.0,13071,M,,,13
201100021773,11,6,19,340,5,1,6,1.0,6.0,13071,M,,,13
201100021774,11,6,19,1730,1,1,1,1.0,6.0,13117,M,,,13
201100021775,11,6,22,1140,1,2,1,1.0,3.0,13117,M,,,13
201100021776,11,6,22,1545,1,2,1,1.0,6.0,13071,M,4338533.0,533707.0,13
201100021777,11,6,23,845,1,1,1,2.0,7.0,13117,M,,,13
201100021778,11,6,23,1135,1,2,1,1.0,6.0,13071,M,,,13
201100021779,11,6,23,1620,1,1,1,1.0,6.0,13117,M,,,13
201100021780,11,6,23,1845,1,2,1,1.0,7.0,13117,M,4343532.0,525920.0,13
201100021781,11,6,24,1930,1,2,3,1.0,3.0,13071,M,,,13
201100021782,11,6,27,1320,1,2,3,1.0,3.0,13117,M,,,13
201100021783,11,6,27,1915,1,2,1,1.0,7.0,13117,M,,,13
201100021784,11,6,27,2055,1,2,1,1.0,6.0,13117,M,,,13
201100021785,11,6,28,1050,1,1,1,1.0,5.0,13117,M,,,13
201100021786,11,6,28,1330,1,2,1,1.0,6.0,13071,M,,,13
201100021787,11,7,6,1800,1,2,1,1.0,7.0,13117,M,,,13
201100021788,11,7,9,1610,1,1,1,1.0,2.0,13117,M,,,13
201100021789,11,7,10,1700,1,1,1,1.0,6.0,13117,M,,,13
201100021790,11,7,12,1020,1,2,2,1.0,3.0,13117,M,,,13
201100021791,11,7,14,1625,1,2,1,1.0,3.0,13071,M,,,13
201100021792,11,7,17,1545,1,2,3,2.0,4.0,13071,M,,,13
201100021793,11,7,19,535,5,2,1,1.0,6.0,13117,M,,,13
201100021794,11,7,27,1800,1,2,1,1.0,6.0,13071,M,4338899.0,534319.0,13
201100021795,11,7,28,1000,1,1,1,1.0,3.0,13117,M,,,13
201100021796,11,7,31,1700,1,2,3,1.0,3.0,13071,M,,,13
201100021797,11,8,2,1100,1,1,6,1.0,3.0,13071,M,,,13
201100021798,11,8,4,1,5,2,3,1.0,3.0,13117,M,4342460.0,529033.0,13
201100021799,11,8,7,1420,1,2,1,1.0,7.0,13117,M,,,13
201100021800,11,8,8,835,1,2,1,1.0,2.0,13019,M,,,13
201100021801,11,8,15,1538,1,2,1,1.0,6.0,13117,M,,,13
201100021802,11,8,17,2225,3,2,1,1.0,1.0,13019,M,,,13
201100021803,11,8,18,1730,1,2,1,1.0,4.0,13117,M,,,13
201100021804,11,8,18,2345,5,2,3,1.0,5.0,13117,M,,,13
201100021805,11,8,21,130,3,1,3,1.0,3.0,13071,M,,,13
201100021806,11,8,26,1030,1,2,1,1.0,2.0,13117,M,,,13
201100021807,11,8,26,1640,1,2,1,1.0,1.0,13117,M,,,13
201100021808,11,8,27,1730,1,2,1,1.0,6.0,13117,M,,,13
201100021809,11,8,30,900,1,2,1,1.0,7.0,13117,M,,,13
201100021810,11,8,30,1700,1,2,4,1.0,3.0,13071,M,,,13
201100021811,11,9,3,1150,1,1,1,1.0,1.0,13117,M,,,13
201100021812,11,9,5,805,1,1,1,1.0,7.0,13019,M,,,13
201100021813,11,9,6,1315,1,1,1,1.0,2.0,13117,M,,,13
201100021814,11,9,12,1725,1,2,1,1.0,1.0,13117,M,,,13
201100021815,11,9,13,1300,1,1,3,1.0,3.0,13117,M,,,13
201100021816,11,9,15,2230,5,2,1,1.0,2.0,13071,M,,,13
201100021817,11,9,16,830,1,1,1,1.0,3.0,13019,M,,,13
201100021818,11,9,17,1233,1,2,1,1.0,1.0,13117,M,,,13
201100021819,11,9,17,1500,1,2,1,1.0,2.0,13117,M,,,13
201100021820,11,9,19,1340,1,2,3,1.0,3.0,13117,M,,,13
201100021821,11,9,20,800,1,2,1,1.0,2.0,13071,M,,,13
201100021822,11,9,21,1830,1,2,1,1.0,5.0,13071,M,,,13
201100021823,11,9,23,930,1,2,1,1.0,3.0,13117,M,,,13
201100021824,11,9,24,1825,1,2,1,1.0,3.0,13117,M,,,13
201100021825,11,9,26,1320,1,2,3,1.0,3.0,13071,M,,,13
201100021826,11,9,28,1200,1,2,1,1.0,4.0,13117,M,,,13
201100021827,11,9,28,2245,3,1,1,1.0,6.0,13117,M,,,13
201100021828,11,9,29,720,1,2,1,1.0,7.0,13071,M,,,13
201100021829,11,10,2,1130,1,2,1,1.0,3.0,13071,M,,,13
201100021830,11,10,5,1300,1,2,1,1.0,4.0,13071,M,,,13
201100021831,11,10,8,1545,1,1,1,6.0,5.0,13071,M,,,13
201100021832,11,10,10,2045,5,2,1,1.0,7.0,13019,M,,,13
201100021833,11,10,11,1710,1,2,1,1.0,6.0,13117,M,,,13
201100021834,11,10,11,1810,1,1,6,1.0,4.0,13071,M,,,13
201100021835,11,10,11,1810,1,2,3,1.0,2.0,13117,M,,,13
201100021836,11,10,12,1130,1,1,6,1.0,3.0,13071,M,,,13
201100021837,11,10,12,1730,1,2,1,1.0,1.0,13117,M,,,13
201100021838,11,10,12,1720,1,2,1,1.0,7.0,13071,M,,,13
201100021839,11,10,14,755,1,1,1,1.0,4.0,13117,M,,,13
201100021840,11,10,16,1920,5,2,1,1.0,3.0,13071,M,,,13
201100021841,11,10,17,610,3,1,3,1.0,3.0,13071,M,,,13
201100021842,11,10,18,1755,1,1,6,1.0,3.0,13117,M,,,13
201100021843,11,10,19,1354,1,1,3,1.0,3.0,13019,M,,,13
201100021844,11,10,20,2300,5,2,3,1.0,5.0,13071,M,,,13
201100021845,11,10,21,1250,1,1,1,1.0,2.0,13117,M,,,13
201100021846,11,10,27,1230,1,2,1,1.0,3.0,13117,M,,,13
201100021847,11,10,27,1340,1,2,1,1.0,2.0,13117,M,,,13
201100021848,11,10,27,1850,2,2,6,1.0,2.0,13071,M,,,13
201100021849,11,10,27,1830,2,2,1,1.0,3.0,13019,M,,,13
201100021850,11,10,27,2020,3,1,4,2.0,3.0,13019,M,,,13
201100021851,11,10,28,1612,1,1,1,9.0,7.0,13117,M,,,13
201100021852,11,10,29,1600,1,2,3,1.0,3.0,13071,M,,,13
201100021853,11,11,1,400,3,2,1,1.0,7.0,13117,M,,,13
201100021854,11,11,1,1050,1,1,1,1.0,6.0,13117,M,,,13
201100021855,11,11,2,700,2,2,1,3.0,7.0,13117,M,,,13
201100021856,11,11,2,1500,1,2,1,2.0,1.0,13019,M,,,13
201100021857,11,11,2,2010,3,1,1,2.0,1.0,13117,M,,,13
201100021858,11,11,3,1550,1,2,1,2.0,3.0,13117,M,,,13
201100021859,11,11,3,2100,3,1,1,2.0,6.0,13117,M,,,13
201100021860,11,11,4,550,5,2,1,2.0,7.0,13117,M,,,13
201100021861,11,11,4,900,2,2,1,3.0,7.0,13117,M,,,13
201100021862,11,11,4,2115,3,1,1,2.0,5.0,13117,M,,,13
201100021863,11,11,5,1830,3,1,1,3.0,1.0,13019,M,,,13
201100021864,11,11,6,700,3,1,1,2.0,7.0,13117,M,,,13
201100021865,11,11,6,1810,5,2,1,2.0,7.0,13071,M,,,13
201100021866,11,11,7,1150,1,1,1,1.0,7.0,13019,M,,,13
201100021867,11,11,8,730,2,1,6,2.0,3.0,13117,M,,,13
201100021868,11,11,8,1530,1,2,1,1.0,3.0,13117,M,,,13
201100021869,11,11,8,1830,5,2,6,1.0,2.0,13071,M,,,13
201100021870,11,11,10,1740,5,1,1,1.0,3.0,13071,M,,,13
201100021871,11,11,11,1840,3,1,1,1.0,3.0,13117,M,,,13
201100021872,11,11,11,115,3,1,1,1.0,7.0,13071,M,,,13
201100021873,11,11,15,1100,1,2,1,1.0,4.0,13117,M,,,13
201100021874,11,11,16,1550,1,2,1,1.0,3.0,13117,M,,,13
201100021875,11,11,18,1530,1,1,1,1.0,2.0,13117,M,,,13
201100021876,11,11,19,615,3,2,3,2.0,3.0,13117,M,,,13
201100021877,11,11,19,1830,3,2,1,1.0,2.0,13117,M,,,13
201100021878,11,11,19,1840,5,2,6,1.0,2.0,13117,M,,,13
201100021879,11,11,20,1505,1,1,1,1.0,6.0,13071,M,,,13
201100021880,11,11,20,1550,1,1,1,1.0,2.0,13071,M,,,13
201100021881,11,11,20,1830,3,1,1,1.0,1.0,13019,M,,,13
201100021882,11,11,21,1740,5,2,1,1.0,6.0,13117,M,,,13
201100021883,11,11,23,1000,1,1,4,1.0,6.0,13117,M,,,13
201100021884,11,11,24,630,5,2,2,1.0,3.0,13117,M,,,13
201100021885,11,11,25,2000,5,2,1,1.0,4.0,13117,M,,,13
201100021886,11,11,27,1055,1,2,2,1.0,3.0,13071,M,,,13
201100021887,11,11,27,1220,1,2,3,1.0,6.0,13019,M,,,13
201100021888,11,11,27,1805,5,2,1,1.0,6.0,13117,M,,,13
201100021889,11,11,28,1650,1,1,1,1.0,2.0,13117,M,,,13
201100021890,11,12,1,900,1,1,1,2.0,2.0,13117,M,,,13
201100021891,11,12,2,1200,1,2,1,1.0,2.0,13117,M,,,13
201100021892,11,12,2,1735,5,2,1,8.0,3.0,13071,M,,,13
201100021893,11,12,3,1220,1,1,1,1.0,3.0,13019,M,,,13
201100021894,11,12,4,600,3,1,1,2.0,5.0,13117,M,,,13
201100021895,11,12,4,1050,1,2,1,1.0,6.0,13117,M,,,13
201100021896,11,12,5,1820,5,1,1,1.0,2.0,13117,M,,,13
201100021897,11,12,6,640,1,2,7,1.0,3.0,13071,M,,,13
201100021898,11,12,7,1500,1,2,9,1.0,2.0,13071,M,,,13
201100021899,11,12,8,1020,1,1,1,1.0,6.0,13071,M,,,13
201100021900,11,12,8,1030,1,2,1,1.0,2.0,13117,M,,,13
201100021901,11,12,9,1045,1,2,1,1.0,6.0,13071,M,,,13
201100021902,11,12,9,1630,1,2,4,1.0,3.0,13071,M,,,13
201100021903,11,12,9,1740,2,2,1,1.0,7.0,13117,M,,,13
201100021904,11,12,15,1830,5,2,1,1.0,2.0,13117,M,,,13
201100021905,11,12,16,1230,1,1,1,1.0,3.0,13071,M,,,13
201100021906,11,12,16,1630,2,1,1,1.0,7.0,13071,M,,,13
201100021907,11,12,16,1800,3,2,1,1.0,7.0,13117,M,,,13
201100021908,11,12,20,800,1,1,3,8.0,6.0,13071,M,,,13
201100021909,11,12,20,1215,1,2,1,1.0,2.0,13071,M,,,13
201100021910,11,12,22,1320,1,2,1,1.0,7.0,13071,M,,,13
201100021911,11,12,26,1845,5,2,1,1.0,7.0,13071,M,,,13
201100021912,11,12,28,930,1,2,1,1.0,6.0,13117,M,,,13
201100021913,11,12,31,1050,1,2,2,1.0,6.0,13071,M,,,13
201100021914,11,1,3,1600,1,1,1,1.0,2.0,68146,M,4812621.0,736522.0,68
201100021915,11,1,8,515,3,1,1,2.0,2.0,68037,M,4795750.0,736750.0,68
201100021916,11,2,1,600,3,1,1,1.0,2.0,68015,M,4780339.0,739280.0,68
201100021917,11,2,5,500,3,1,1,1.0,2.0,68082,M,4784352.0,736438.0,68
201100021918,11,2,4,700,2,1,1,4.0,7.0,68242,M,4797042.0,737151.0,68
201100021919,11,4,6,645,2,1,1,1.0,6.0,68296,M,4821907.0,740283.0,68
201100021920,11,6,2,230,3,1,1,1.0,3.0,68066,M,4804837.0,737120.0,68
201100021921,11,6,10,530,2,1,1,1.0,7.0,68022,M,4781991.0,739321.0,68
201100021922,11,6,17,1615,1,1,1,8.0,2.0,68295,M,4803109.0,737173.0,68
201100021923,11,7,3,1900,1,1,1,1.0,2.0,68295,M,4801109.0,737610.0,68
201100021924,11,7,5,1045,1,1,1,1.0,6.0,68082,M,4785469.0,739430.0,68
201100021925,11,7,8,100,3,1,1,3.0,2.0,68066,M,4804235.0,737060.0,68
201100021926,11,8,4,1745,1,1,1,1.0,6.0,68295,M,4803038.0,737159.0,68
201100021927,11,9,29,800,2,1,1,1.0,2.0,68066,M,4805210.0,737297.0,68
201100021928,11,10,3,1015,2,1,1,5.0,6.0,68266,M,4789319.0,737497.0,68
201100021929,11,10,13,800,2,1,1,2.0,6.0,68252,M,4815004.0,736996.0,68
201100021930,11,3,7,730,2,1,1,1.0,6.0,91679,M,4874300.0,210900.0,91
201100021931,11,3,12,1830,2,1,2,2.0,1.0,78356,M,4874770.0,202531.0,78
201100021932,11,5,5,1345,1,1,1,1.0,5.0,78356,M,4873400.0,207600.0,78
201100021933,11,6,9,845,1,1,6,1.0,3.0,78356,M,4875200.0,205399.0,78
201100021934,11,6,26,2315,5,2,1,1.0,6.0,78356,M,4872700.0,209600.0,78
201100021935,11,8,25,1300,1,1,1,1.0,1.0,78356,M,4874700.0,205500.0,78
201100021936,11,11,9,1800,5,2,1,1.0,6.0,78356,M,4872700.0,208900.0,78
201100021937,11,11,22,1815,3,1,1,1.0,6.0,78356,M,4875000.0,202300.0,78
201100021938,11,1,31,530,3,1,1,1.0,6.0,33191,M,0.0,0.0,33
201100021939,11,1,22,2200,3,1,1,1.0,7.0,72191,M,0.0,0.0,72
201100021940,11,5,15,1630,1,1,1,1.0,6.0,72299,M,0.0,0.0,72
201100021941,11,12,5,700,3,1,1,1.0,4.0,72386,M,0.0,0.0,72
201100021942,11,12,19,1145,1,1,1,1.0,7.0,72299,M,0.0,0.0,72
201100021943,11,12,27,1300,1,1,1,1.0,6.0,72124,M,0.0,0.0,72
201100021944,11,1,9,930,1,1,1,1.0,6.0,72219,M,4806300.0,-800.0,72
201100021945,11,3,10,1815,1,1,1,1.0,1.0,72216,M,0.0,0.0,72
201100021946,11,4,17,1745,1,1,1,1.0,3.0,72119,M,0.0,0.0,72
201100021947,11,5,17,2030,1,1,1,1.0,7.0,72320,M,0.0,0.0,72
201100021948,11,5,23,1215,1,1,1,1.0,1.0,72351,M,0.0,0.0,72
201100021949,11,6,9,1415,1,1,1,1.0,3.0,72334,M,4818200.0,-13200.0,72
201100021950,11,7,14,1600,1,1,1,1.0,3.0,72119,M,4810900.0,3100.0,72
201100021951,11,7,17,30,3,1,1,1.0,6.0,72024,M,4812700.0,12500.0,72
201100021952,11,9,2,1100,1,2,1,1.0,1.0,72089,M,4812600.0,-1600.0,72
201100021953,11,9,30,845,2,1,1,1.0,6.0,72109,M,4816300.0,-6000.0,72
201100021954,11,11,4,530,3,1,2,2.0,3.0,72320,M,4807200.0,15500.0,72
201100021955,11,12,1,715,3,1,1,3.0,1.0,72089,M,0.0,0.0,72
201100021956,11,1,1,115,5,2,1,1.0,6.0,95394,M,4906160.0,219220.0,95
201100021957,11,5,7,1915,1,1,1,1.0,2.0,95392,M,4907240.0,219760.0,95
201100021958,11,5,18,1745,1,1,1,1.0,3.0,95151,M,4904560.0,226330.0,95
201100021959,11,7,14,815,1,1,1,1.0,7.0,72254,M,0.0,0.0,72
201100021960,11,8,18,1715,1,1,1,1.0,6.0,72380,M,0.0,0.0,72
201100021961,11,8,25,1245,1,1,1,1.0,6.0,72139,M,0.0,0.0,72
201100021962,11,9,12,615,2,1,1,1.0,6.0,72079,M,0.0,0.0,72
201100021963,11,11,24,530,2,1,1,1.0,6.0,72186,M,0.0,0.0,72
201100021964,11,2,8,1945,2,1,1,1.0,6.0,49092,M,4724634.0,-70884.0,49
201100021965,11,4,24,1945,1,1,1,1.0,5.0,49092,M,4721936.0,-76135.0,49
201100021966,11,5,28,1100,1,1,1,1.0,3.0,49308,M,4739961.0,-51542.0,49
201100021967,11,8,7,1600,1,1,1,1.0,2.0,49099,M,4701479.0,-88082.0,49
201100021968,11,8,31,1045,1,1,1,1.0,7.0,49223,M,4739316.0,-54034.0,49
201100021969,11,9,16,730,1,1,1,1.0,7.0,49092,M,4724576.0,-68585.0,49
201100021970,11,11,19,1745,3,1,9,1.0,7.0,49099,M,4707275.0,-82631.0,49
201100021971,11,12,17,1630,1,1,1,4.0,2.0,49071,M,4727134.0,-61442.0,49
201100021972,11,1,25,700,2,2,1,2.0,3.0,68375,M,4779241.0,722853.0,68
201100021973,11,4,15,1815,1,1,1,1.0,1.0,68375,M,4781492.0,723828.0,68
201100021974,11,8,7,1645,1,2,6,1.0,3.0,68375,M,4781346.0,725480.0,68
201100021975,11,10,7,1945,5,2,1,1.0,3.0,68375,M,4779029.0,722723.0,68
201100021976,11,1,5,730,3,1,1,9.0,3.0,19287,M,0.0,0.0,19
201100021977,11,4,16,1645,1,1,1,1.0,6.0,19146,M,4534600.0,187000.0,19
201100021978,11,7,16,1915,1,1,1,1.0,6.0,19287,M,4536840.0,195528.0,19
201100021979,11,3,2,1730,1,1,3,1.0,2.0,67324,M,0.0,0.0,67
201100021980,11,3,20,715,1,1,1,7.0,6.0,67291,M,0.0,0.0,67
201100021981,11,4,25,1700,1,2,1,1.0,6.0,67291,M,0.0,0.0,67
201100021982,11,6,14,1615,1,1,1,1.0,5.0,67388,M,0.0,0.0,67
201100021983,11,7,1,1315,1,2,1,1.0,1.0,67388,M,0.0,0.0,67
201100021984,11,11,4,1045,1,1,1,8.0,1.0,67388,M,0.0,0.0,67
201100021985,11,12,5,1845,3,1,1,1.0,7.0,67498,M,0.0,0.0,67
201100021986,11,12,5,1900,5,1,1,1.0,1.0,67324,M,0.0,0.0,67
201100021987,11,12,18,2245,5,2,1,8.0,2.0,67340,M,4892100.0,760200.0,67
201100021988,11,1,4,1815,5,2,1,1.0,6.0,14118,M,4921070.0,-36560.0,14
201100021989,11,1,8,1130,1,2,2,1.0,3.0,14118,M,4918580.0,-39047.0,14
201100021990,11,1,13,1440,1,1,2,1.0,6.0,14118,M,4918210.0,-35771.0,14
201100021991,11,1,13,1225,1,2,1,2.0,6.0,14118,M,4918130.0,-36274.0,14
201100021992,11,1,18,650,5,2,3,2.0,3.0,14118,M,4919900.0,-39072.0,14
201100021993,11,1,20,1345,1,2,3,1.0,3.0,14118,M,4920950.0,-37238.0,14
201100021994,11,1,24,750,2,2,4,2.0,3.0,14118,M,4918390.0,-37573.0,14
201100021995,11,1,28,925,1,2,1,1.0,6.0,14118,M,4919300.0,-38346.0,14
201100021996,11,1,30,2200,5,2,2,1.0,3.0,14118,M,4919400.0,-40250.0,14
201100021997,11,2,1,825,2,2,1,1.0,6.0,14118,M,4918730.0,-35893.0,14
201100021998,11,2,8,940,1,1,1,5.0,6.0,14383,M,,,14
201100021999,11,2,12,1600,1,2,3,1.0,2.0,14118,M,4918900.0,-35943.0,14
201100022000,11,2,17,1700,1,2,1,1.0,5.0,14118,M,4919650.0,-37797.0,14
201100022001,11,2,17,1425,1,2,1,1.0,6.0,14271,M,4914610.0,-37533.0,14
201100022002,11,3,2,2220,5,2,1,1.0,6.0,14101,M,,,14
201100022003,11,3,5,1125,1,2,1,1.0,6.0,14118,M,4918960.0,-33661.0,14
201100022004,11,3,20,620,5,2,1,1.0,2.0,14271,M,4915570.0,-36932.0,14
201100022005,11,3,22,620,1,2,1,1.0,3.0,14437,M,,,14
201100022006,11,3,24,1900,1,2,1,1.0,6.0,14118,M,4917500.0,-37145.0,14
201100022007,11,4,3,1415,1,2,1,1.0,6.0,14118,M,4918230.0,-35418.0,14
201100022008,11,4,3,1830,1,2,1,1.0,3.0,14101,M,4916420.0,-42119.0,14
201100022009,11,4,8,2300,5,2,1,1.0,1.0,14167,M,4920250.0,-30800.0,14
201100022010,11,4,11,736,2,2,1,1.0,6.0,14118,M,4917590.0,-34850.0,14
201100022011,11,4,14,2215,5,2,1,1.0,1.0,14118,M,4917020.0,-37224.0,14
201100022012,11,4,17,800,1,2,3,1.0,3.0,14327,M,,,14
201100022013,11,4,19,1905,1,2,1,1.0,2.0,14118,M,4918410.0,-36961.0,14
201100022014,11,4,24,620,2,2,1,1.0,6.0,14118,M,4918720.0,-37991.0,14
201100022015,11,4,25,2125,5,2,1,1.0,6.0,14101,M,4916640.0,-42878.0,14
201100022016,11,5,25,1555,1,2,1,1.0,6.0,14118,M,4920100.0,-37988.0,14
201100022017,11,5,7,2120,2,1,3,1.0,5.0,14068,M,4922560.0,-38735.0,14
201100022018,11,5,28,1940,1,2,1,1.0,7.0,14437,M,4918220.0,-30448.0,14
201100022019,11,5,31,1100,1,2,1,1.0,6.0,14118,M,4919300.0,-38814.0,14
201100022020,11,5,31,1225,1,2,1,1.0,3.0,14118,M,4917220.0,-34732.0,14
201100022021,11,6,8,1400,1,2,1,1.0,6.0,14118,M,4917030.0,-36695.0,14
201100022022,11,6,15,1625,1,2,1,1.0,3.0,14118,M,4918730.0,-41119.0,14
201100022023,11,6,26,345,5,2,1,1.0,6.0,14118,M,4917940.0,-34201.0,14
201100022024,11,7,4,1325,1,2,1,1.0,1.0,14437,M,,,14
201100022025,11,7,15,2310,5,2,2,1.0,3.0,14566,M,,,14
201100022026,11,7,26,1745,1,2,1,1.0,6.0,14118,M,,,14
201100022027,11,8,7,1525,1,1,1,1.0,3.0,14327,M,,,14
201100022028,11,8,15,1515,1,2,1,1.0,6.0,14118,M,,,14
201100022029,11,8,19,1200,1,2,2,1.0,3.0,14118,M,,,14
201100022030,11,8,28,715,1,1,1,8.0,6.0,14327,M,,,14
201100022031,11,8,30,1910,1,2,1,1.0,6.0,14221,M,,,14
201100022032,11,9,3,2345,5,2,1,1.0,2.0,14118,M,,,14
201100022033,11,9,4,1730,1,2,1,1.0,6.0,14118,M,,,14
201100022034,11,9,6,1800,1,2,2,2.0,1.0,14118,M,,,14
201100022035,11,9,7,115,5,2,1,1.0,6.0,14118,M,,,14
201100022036,11,9,13,1810,1,2,1,1.0,5.0,14118,M,,,14
201100022037,11,9,16,1620,1,1,1,1.0,1.0,14587,M,,,14
201100022038,11,9,20,1030,1,2,2,1.0,6.0,14118,M,,,14
201100022039,11,9,24,35,5,2,1,1.0,2.0,14437,M,,,14
201100022040,11,10,6,1700,1,2,3,1.0,6.0,14118,M,,,14
201100022041,11,10,13,1025,1,1,2,1.0,5.0,14566,M,,,14
201100022042,11,10,18,1535,1,2,1,1.0,6.0,14118,M,,,14
201100022043,11,10,18,1816,1,2,1,1.0,3.0,14383,M,,,14
201100022044,11,10,17,1755,1,2,1,1.0,3.0,14118,M,,,14
201100022045,11,10,11,820,1,2,1,1.0,6.0,14118,M,,,14
201100022046,11,10,21,2025,5,2,1,1.0,6.0,14137,M,,,14
201100022047,11,10,21,1535,1,2,3,1.0,3.0,14437,M,,,14
201100022048,11,10,21,1625,1,1,1,1.0,5.0,14437,M,,,14
201100022049,11,11,1,1605,1,2,1,1.0,3.0,14118,M,,,14
201100022050,11,11,5,2115,5,2,1,1.0,2.0,14118,M,,,14
201100022051,11,11,7,800,2,2,1,2.0,6.0,14437,M,,,14
201100022052,11,11,7,830,2,2,1,8.0,6.0,14118,M,,,14
201100022053,11,11,15,1920,5,2,1,1.0,6.0,14118,M,,,14