Num_Acc,an,mois,jour,hrmn,lum,agg,int,atm,col,com,gps,lat,long,dep
201100022054,11,11,20,1855,5,1,2,1.0,3.0,14437,M,,,14
201100022055,11,11,25,1325,1,2,1,1.0,3.0,14118,M,,,14
201100022056,11,11,23,1500,1,2,3,1.0,3.0,14118,M,,,14
201100022057,11,12,2,1730,5,2,1,1.0,1.0,14118,M,,,14
201100022058,11,12,6,2010,5,2,1,8.0,6.0,14118,M,,,14
201100022059,11,12,10,1620,1,1,1,1.0,1.0,14181,M,,,14
201100022060,11,12,14,1455,1,1,1,2.0,7.0,14437,M,,,14
201100022061,11,12,18,930,1,2,3,8.0,3.0,14327,M,,,14
201100022062,11,12,17,1735,2,2,3,1.0,1.0,14167,M,,,14
201100022063,11,12,24,1150,1,2,1,1.0,1.0,14125,M,,,14
201100022064,11,12,30,1730,5,2,3,3.0,6.0,14118,M,,,14
201100022065,11,2,11,1045,1,2,1,1.0,6.0,31547,M,0.0,0.0,31
201100022066,11,4,9,1430,1,1,1,1.0,7.0,31454,M,4340025.0,111528.0,31
201100022067,11,4,22,1445,1,1,2,1.0,3.0,31454,M,0.0,0.0,31
201100022068,11,5,8,345,3,1,1,1.0,7.0,31520,M,4337956.0,100816.0,31
201100022069,11,6,14,1100,1,2,1,1.0,6.0,31454,M,4340710.0,110122.0,31
201100022070,11,7,20,1145,1,1,1,1.0,1.0,31547,M,0.0,0.0,31
201100022071,11,8,27,1200,1,1,1,1.0,1.0,31253,M,0.0,0.0,31
201100022072,11,12,11,1830,3,1,1,1.0,3.0,31454,M,0.0,0.0,31
201100022073,11,6,17,1650,1,2,1,1.0,6.0,14117,M,4928190.0,-13168.0,14
201100022074,11,8,29,1820,1,2,2,1.0,6.0,14338,M,,,14
201100022075,11,9,2,1852,1,2,9,1.0,1.0,14225,M,,,14
201100022076,11,4,23,920,1,2,9,1.0,3.0,14225,M,4928510.0,-10603.0,14
201100022077,11,4,23,1130,1,2,1,1.0,3.0,14338,M,4930010.0,-8031.0,14
201100022078,11,1,13,1900,3,1,1,1.0,1.0,30117,M,4371834.0,454830.0,30
201100022079,11,1,17,1500,1,1,1,1.0,6.0,30211,M,4382717.0,451642.0,30
201100022080,11,3,18,1845,2,1,1,1.0,1.0,30034,M,4375865.0,450483.0,30
201100022081,11,4,23,1730,1,1,6,1.0,2.0,30034,M,4375890.0,450732.0,30
201100022082,11,5,6,1345,1,1,1,1.0,1.0,30047,M,4377973.0,445445.0,30
201100022083,11,5,17,1400,1,2,1,1.0,3.0,30125,M,4377177.0,443152.0,30
201100022084,11,5,18,1145,1,1,1,1.0,1.0,30125,M,4377624.0,442758.0,30
201100022085,11,6,22,1930,1,1,1,1.0,1.0,30060,M,4380311.0,439694.0,30
201100022086,11,7,21,2200,2,1,1,1.0,6.0,30125,M,4378414.0,442998.0,30
201100022087,11,7,27,1145,1,2,1,1.0,3.0,30047,M,4380113.0,442403.0,30
201100022088,11,8,12,1830,1,2,1,1.0,4.0,30060,M,4379787.0,438141.0,30
201100022089,11,8,20,1030,1,2,1,1.0,2.0,30060,M,4379191.0,438027.0,30
201100022090,11,10,8,1215,1,2,1,1.0,2.0,30034,M,4373759.0,451974.0,30
201100022091,11,10,14,1245,1,1,1,1.0,6.0,30034,M,4375964.0,449130.0,30
201100022092,11,10,24,2000,3,1,1,3.0,3.0,30060,M,4377502.0,440137.0,30
201100022093,11,11,19,1600,1,1,1,2.0,3.0,30034,M,4376349.0,452660.0,30
201100022094,11,11,23,1530,1,2,2,1.0,3.0,30034,M,4375494.0,451518.0,30
201100022095,11,12,2,1130,1,1,1,1.0,1.0,30034,M,4373347.0,446556.0,30
201100022096,11,1,9,1930,5,2,9,1.0,3.0,14333,M,4940870.0,24692.0,14
201100022097,11,2,20,1640,1,1,1,1.0,7.0,14243,M,4938480.0,20481.0,14
201100022098,11,3,11,1650,1,1,1,1.0,7.0,14333,M,4942800.0,25724.0,14
201100022099,11,4,10,1015,1,2,6,1.0,2.0,14536,M,4941170.0,25241.0,14
201100022100,11,5,16,1310,1,1,6,1.0,1.0,14333,M,4939050.0,25112.0,14
201100022101,11,6,4,2125,1,2,9,3.0,3.0,14333,M,4942090.0,23777.0,14
201100022102,11,7,29,730,1,2,3,7.0,3.0,14333,M,,,14
201100022103,11,7,31,250,3,1,1,1.0,7.0,14001,M,,,14
201100022104,11,8,7,2330,3,1,1,2.0,2.0,14001,M,,,14
201100022105,11,8,11,1900,1,2,1,3.0,7.0,14536,M,,,14
201100022106,11,10,4,630,5,1,6,2.0,3.0,14536,M,,,14
201100022107,11,11,4,940,1,2,2,7.0,3.0,14333,M,,,14
201100022108,11,11,16,1753,5,2,1,1.0,3.0,14333,M,,,14
201100022109,11,11,28,1200,1,2,1,1.0,6.0,14333,M,,,14
201100022110,11,12,23,1440,1,1,2,1.0,3.0,14304,M,,,14
201100022111,11,12,27,2029,5,2,6,8.0,6.0,14333,M,,,14
201100022112,11,12,31,2345,5,2,4,2.0,3.0,14366,M,,,14
201100022113,11,1,6,5,3,1,1,3.0,6.0,14487,M,,,14
201100022114,11,1,12,1345,1,2,6,2.0,3.0,14366,M,4914300.0,22699.0,14
201100022115,11,1,17,1250,1,2,1,1.0,1.0,14366,M,4914550.0,24133.0,14
201100022116,11,1,18,1800,2,1,1,1.0,6.0,14366,M,,,14
201100022117,11,1,19,900,1,2,1,1.0,2.0,14366,M,,,14
201100022118,11,1,27,1820,5,2,3,1.0,3.0,14366,M,4915720.0,22224.0,14
201100022119,11,1,27,1715,1,2,1,1.0,7.0,14366,M,,,14
201100022120,11,2,1,850,1,2,1,1.0,6.0,14366,M,4915300.0,22939.0,14
201100022121,11,2,15,1143,1,2,3,1.0,3.0,14366,M,4914020.0,22342.0,14
201100022122,11,2,28,1430,1,2,1,1.0,3.0,14366,M,4915020.0,25457.0,14
201100022123,11,3,1,1940,3,1,6,1.0,3.0,14366,M,4916300.0,22748.0,14
201100022124,11,3,16,825,1,2,3,1.0,3.0,14366,M,,,14
201100022125,11,3,24,1420,1,2,1,1.0,6.0,14366,M,4914250.0,24148.0,14
201100022126,11,3,24,1750,1,2,1,1.0,3.0,14366,M,4914800.0,25565.0,14
201100022127,11,3,26,1630,1,1,2,1.0,2.0,14487,M,4917840.0,20935.0,14
201100022128,11,4,13,1640,1,1,9,1.0,3.0,14366,M,4914420.0,26613.0,14
201100022129,11,4,20,1440,1,2,3,1.0,3.0,14366,M,,,14
201100022130,11,4,23,1145,1,2,1,1.0,3.0,14366,M,4916050.0,22695.0,14
201100022131,11,5,4,830,1,2,1,1.0,7.0,14366,M,,,14
201100022132,11,5,8,850,1,2,1,1.0,3.0,14366,M,4916130.0,22015.0,14
201100022133,11,5,13,730,1,2,1,1.0,6.0,14366,M,4913890.0,23087.0,14
201100022134,11,5,13,1140,1,2,1,1.0,3.0,14366,M,4916330.0,21980.0,14
201100022135,11,5,22,2115,1,2,1,1.0,7.0,14366,M,,,14
201100022136,11,5,24,1720,1,2,1,1.0,2.0,14366,M,,,14
201100022137,11,5,31,1430,1,2,2,1.0,6.0,14366,M,4914540.0,22445.0,14
201100022138,11,6,20,1545,1,2,1,8.0,6.0,14366,M,4914550.0,22477.0,14
201100022139,11,7,8,745,1,2,1,1.0,6.0,14366,M,,,14
201100022140,11,7,8,1830,1,2,1,1.0,2.0,14366,M,,,14
201100022141,11,7,12,1630,1,1,6,2.0,2.0,14366,M,,,14
201100022142,11,7,18,1305,1,2,1,2.0,2.0,14366,M,,,14
201100022143,11,7,26,1605,1,2,1,1.0,3.0,14366,M,,,14
201100022144,11,8,30,1330,1,2,2,1.0,6.0,14366,M,,,14
201100022145,11,9,8,1205,1,2,1,1.0,3.0,14366,M,,,14
201100022146,11,9,26,835,1,1,1,1.0,6.0,14574,M,,,14
201100022147,11,9,28,1330,1,2,1,1.0,6.0,14366,M,,,14
201100022148,11,9,28,1600,1,2,3,1.0,2.0,14366,M,,,14
201100022149,11,10,1,1412,1,1,1,1.0,1.0,14366,M,,,14
201100022150,11,10,9,1650,1,1,1,1.0,6.0,14574,M,,,14
201100022151,11,10,13,1210,1,2,1,1.0,2.0,14366,M,,,14
201100022152,11,10,19,1220,1,2,3,2.0,2.0,14366,M,,,14
201100022153,11,10,20,945,1,1,1,1.0,6.0,14366,M,,,14
201100022154,11,10,23,1350,1,1,1,1.0,7.0,14574,M,,,14
201100022155,11,11,3,1720,1,2,1,1.0,7.0,14366,M,,,14
201100022156,11,11,14,845,1,1,1,1.0,2.0,14366,M,,,14
201100022157,11,11,21,1950,5,1,1,1.0,7.0,14366,M,,,14
201100022158,11,12,2,1810,5,2,1,1.0,7.0,14366,M,,,14
201100022159,11,12,8,1345,1,2,1,1.0,3.0,14366,M,,,14
201100022160,11,1,3,1440,1,2,3,1.0,3.0,14715,M,,,14
201100022161,11,10,29,1540,1,1,1,1.0,6.0,14557,M,,,14
201100022162,11,1,10,900,1,1,1,9.0,7.0,14557,M,,,14
201100022163,11,2,7,1900,5,2,1,1.0,5.0,14715,M,4936150.0,9100.0,14
201100022164,11,10,19,1140,1,2,1,2.0,6.0,14220,M,,,14
201100022165,11,12,17,1850,5,2,3,2.0,6.0,14220,M,,,14
201100022166,11,1,19,1910,3,1,1,1.0,1.0,14079,M,,,14
201100022167,11,8,13,935,1,2,1,1.0,7.0,14699,M,,,14
201100022168,11,1,21,735,3,1,1,1.0,3.0,14079,M,,,14
201100022169,11,3,15,1805,1,1,1,1.0,3.0,14715,M,4936550.0,10140.0,14
201100022170,11,4,18,2225,5,1,2,1.0,5.0,14079,M,,,14
201100022171,11,4,23,810,1,1,1,1.0,1.0,14079,M,,,14
201100022172,11,2,8,835,1,2,2,2.0,1.0,14699,M,,,14
201100022173,11,5,27,1850,1,2,2,1.0,3.0,14699,M,4935100.0,9245.0,14
201100022174,11,6,26,630,2,2,1,1.0,7.0,14220,M,,,14
201100022175,11,7,11,540,2,1,2,1.0,3.0,14220,M,,,14
201100022176,11,8,3,310,5,2,1,3.0,7.0,14079,M,,,14
201100022177,11,8,8,1630,1,2,2,1.0,3.0,14220,M,,,14
201100022178,11,11,9,1940,5,2,3,1.0,3.0,14220,M,,,14
201100022179,11,12,11,405,3,1,1,1.0,6.0,14557,M,,,14
201100022180,11,4,17,1750,1,1,1,1.0,7.0,14715,M,,,14
201100022181,11,5,20,1720,1,2,1,1.0,1.0,14715,M,,,14
201100022182,11,5,23,1040,1,2,1,1.0,6.0,14715,M,,,14
201100022183,11,6,9,1215,1,2,1,2.0,6.0,14699,M,,,14
201100022184,11,6,24,1805,1,2,1,1.0,7.0,14220,M,,,14
201100022185,11,7,15,945,1,2,1,1.0,6.0,14699,M,,,14
201100022186,11,7,19,1730,1,2,1,1.0,6.0,14220,M,,,14
201100022187,11,7,19,1810,1,2,1,1.0,6.0,14220,M,,,14
201100022188,11,7,31,1840,1,2,2,1.0,3.0,14220,M,,,14
201100022189,11,11,13,30,5,2,1,1.0,3.0,14715,M,,,14
201100022190,11,11,29,1830,5,2,1,2.0,6.0,14715,M,,,14
201100022191,11,12,16,2005,3,1,1,2.0,6.0,14699,M,,,14
201100022192,11,1,24,730,2,1,1,1.0,1.0,85008,M,0.0,0.0,85
201100022193,11,4,16,1130,1,1,9,1.0,1.0,85191,M,0.0,0.0,85
201100022194,11,7,10,1400,1,1,1,1.0,6.0,44102,M,0.0,0.0,44
201100022195,11,7,30,330,3,1,1,1.0,2.0,44216,M,4698300.0,-137300.0,44
201100022196,11,11,5,1430,1,1,1,1.0,2.0,85097,M,0.0,0.0,85
201100022197,11,2,11,900,1,1,1,1.0,1.0,13045,M,0.0,0.0,13
201100022198,11,4,20,1045,1,1,9,1.0,6.0,13010,M,0.0,0.0,13
201100022199,11,4,26,1645,1,1,1,1.0,5.0,13083,M,0.0,0.0,13
201100022200,11,4,28,1645,1,1,3,1.0,1.0,13010,M,0.0,0.0,13
201100022201,11,9,7,2015,2,1,1,1.0,1.0,13010,M,0.0,0.0,13
201100022202,11,9,8,1415,1,1,1,1.0,1.0,13010,M,0.0,0.0,13
201100022203,11,9,23,1815,1,2,1,1.0,6.0,13010,M,0.0,0.0,13
201100022204,11,11,5,1700,1,2,1,1.0,7.0,13083,M,0.0,0.0,13
201100022205,11,12,1,1500,1,2,1,1.0,6.0,13083,M,4390684.0,479884.0,13
201100022206,11,12,2,1630,3,1,1,1.0,6.0,13036,M,0.0,0.0,13
201100022207,11,3,25,1200,1,2,6,1.0,3.0,34192,M,4352956.0,392331.0,34
201100022208,11,7,10,1845,1,2,1,1.0,2.0,34192,M,,,34
201100022209,11,8,21,100,5,2,1,1.0,3.0,34192,M,4353500.0,394300.0,34
201100022210,11,8,25,1845,1,1,1,1.0,1.0,34192,M,0.0,0.0,34
201100022211,11,1,11,1915,5,2,1,1.0,7.0,15014,M,,,15
201100022212,11,2,11,1515,1,2,6,1.0,3.0,15014,M,,,15
201100022213,11,3,9,1830,1,1,3,7.0,3.0,15012,M,,,15
201100022214,11,3,16,1305,1,1,1,2.0,1.0,15012,M,,,15
201100022215,11,4,16,2130,5,2,2,1.0,1.0,15014,M,,,15
201100022216,11,5,16,1710,1,2,1,1.0,6.0,15014,M,,,15
201100022217,11,5,21,1400,1,1,1,1.0,6.0,15012,M,,,15
201100022218,11,5,28,1020,1,2,1,1.0,6.0,15014,M,,,15
201100022219,11,6,24,2208,5,2,1,1.0,6.0,15012,M,,,15
201100022220,11,8,22,1045,1,2,1,1.0,6.0,15014,M,,,15
201100022221,11,8,22,855,1,2,1,1.0,6.0,15014,M,,,15
201100022222,11,10,4,950,1,2,1,7.0,6.0,15012,M,,,15
201100022223,11,10,31,1850,5,2,6,1.0,3.0,15014,M,,,15
201100022224,11,11,17,1634,1,2,1,1.0,6.0,15014,M,,,15
201100022225,11,11,19,905,1,1,1,1.0,3.0,15012,M,,,15
201100022226,11,11,30,1425,1,2,1,1.0,3.0,15014,M,,,15
201100022227,11,1,31,800,2,1,2,5.0,3.0,76704,M,4994560.0,128212.0,76
201100022228,11,3,8,915,1,2,1,1.0,6.0,76507,M,5004020.0,144270.0,76
201100022229,11,4,14,1500,1,2,6,1.0,7.0,76255,M,5005820.0,141865.0,76
201100022230,11,4,26,530,2,1,1,1.0,7.0,76310,M,4992580.0,129908.0,76
201100022231,11,5,26,1215,1,1,1,1.0,3.0,76376,M,4994560.0,128213.0,76
201100022232,11,6,18,245,5,2,1,1.0,6.0,76255,M,5005090.0,139775.0,76
201100022233,11,7,25,2200,5,2,1,1.0,3.0,80533,M,0.0,0.0,80
201100022234,11,8,15,2015,1,2,1,1.0,3.0,76711,M,5005737.0,138639.0,76
201100022235,11,8,19,1700,1,2,1,1.0,2.0,76507,M,5004443.0,145580.0,76
201100022236,11,8,27,1745,1,2,1,1.0,6.0,76266,M,5003492.0,137126.0,76
201100022237,11,9,18,845,3,1,1,1.0,7.0,76374,M,5000081.0,148653.0,76
201100022238,11,10,31,930,1,1,1,1.0,1.0,76704,M,4994562.0,125698.0,76
201100022239,11,12,11,1800,5,2,2,2.0,3.0,76192,M,5003521.0,132018.0,76
201100022240,11,11,24,1500,1,2,1,1.0,6.0,76255,M,5004932.0,142011.0,76
201100022241,11,1,12,1800,5,2,1,2.0,6.0,76591,M,4943960.0,120767.0,76
201100022242,11,3,24,2145,3,1,1,1.0,3.0,76100,M,4949400.0,128709.0,76
201100022243,11,3,29,1315,1,1,1,1.0,7.0,76243,M,4954490.0,136299.0,76
201100022244,11,3,31,1300,1,1,1,1.0,6.0,76560,M,4942240.0,117306.0,76
201100022245,11,4,20,1900,1,2,1,1.0,2.0,76591,M,4944080.0,120108.0,76
201100022246,11,6,4,1945,1,1,1,1.0,3.0,76573,M,4945050.0,134148.0,76
201100022247,11,8,16,1500,1,1,1,1.0,3.0,76046,M,4944783.0,132132.0,76
201100022248,11,9,13,645,2,1,2,1.0,3.0,76581,M,4952844.0,133714.0,76
201100022249,11,9,16,1945,3,1,1,1.0,1.0,76509,M,4949764.0,119224.0,76
201100022250,11,9,18,1330,1,1,1,8.0,3.0,76248,M,4957334.0,127658.0,76
201100022251,11,12,6,945,3,1,1,3.0,7.0,76248,M,4957918.0,129377.0,76
201100022252,11,12,11,1445,1,2,1,1.0,3.0,76146,M,4958495.0,135955.0,76
201100022253,11,2,26,2245,3,1,1,2.0,7.0,64450,M,4347950.0,-55289.0,64
201100022254,11,6,1,1745,1,1,1,1.0,1.0,64431,M,0.0,0.0,64
201100022255,11,6,26,1300,1,1,1,1.0,3.0,64288,M,4337530.0,-53111.0,64
201100022256,11,7,19,2015,1,1,1,8.0,7.0,64367,M,4341340.0,-67791.0,64
201100022257,11,10,20,430,3,1,1,5.0,7.0,64057,M,4345940.0,-62203.0,64
201100022258,11,10,22,1515,1,2,7,1.0,6.0,64410,M,4336800.0,-62780.0,64
201100022259,11,10,31,1600,1,2,3,1.0,3.0,64418,M,4337140.0,-59500.0,64
201100022260,11,4,11,1830,1,1,1,1.0,3.0,71269,M,,,71
201100022261,11,5,18,1245,1,2,1,1.0,3.0,71269,M,4675030.0,484921.0,71
201100022262,11,7,13,230,3,1,1,2.0,7.0,71204,M,931169.0,0.0,71
201100022263,11,8,23,2015,1,2,1,1.0,7.0,71154,M,930353.0,0.0,71
201100022264,11,9,6,630,2,1,1,1.0,7.0,71204,M,4684110.0,483043.0,71
201100022265,11,10,19,645,5,2,2,3.0,5.0,71154,M,0.0,0.0,71
201100022266,11,1,28,1130,1,1,1,1.0,1.0,41099,M,4733930.0,161109.0,41
201100022267,11,2,10,1800,2,1,1,1.0,6.0,41229,M,4730990.0,140638.0,41
201100022268,11,3,3,615,3,1,1,1.0,7.0,41044,M,4729400.0,193938.0,41
201100022269,11,6,27,1530,1,1,1,1.0,2.0,41016,M,4733730.0,154374.0,41
201100022270,11,5,11,1115,1,2,1,1.0,3.0,60006,M,0.0,0.0,60
201100022271,11,6,9,1430,1,1,1,1.0,6.0,60539,M,0.0,0.0,60
201100022272,11,10,18,1745,1,2,1,1.0,3.0,60587,M,0.0,0.0,60
201100022273,11,10,22,1315,1,2,1,1.0,6.0,60102,M,0.0,0.0,60
201100022274,11,10,27,1200,2,1,2,1.0,3.0,60102,M,0.0,0.0,60
201100022275,11,12,18,1615,1,1,1,1.0,5.0,60006,M,0.0,0.0,60
201100022276,11,5,20,415,3,1,1,1.0,2.0,24241,M,0.0,0.0,24
201100022277,11,7,3,1215,1,1,1,1.0,6.0,24020,M,0.0,0.0,24
201100022278,11,11,20,1615,1,1,1,1.0,6.0,24166,M,0.0,0.0,24
201100022279,11,3,16,1000,1,1,1,2.0,7.0,31541,M,4369303.0,135918.0,31
201100022280,11,3,19,1830,1,1,6,1.0,6.0,31351,M,4367201.0,128334.0,31
201100022281,11,4,10,1615,1,1,1,1.0,2.0,31541,M,4370400.0,134900.0,31
201100022282,11,4,20,1845,1,1,1,1.0,1.0,31541,M,4370100.0,136200.0,31
201100022283,11,5,5,745,1,1,6,7.0,2.0,31541,M,0.0,0.0,31
201100022284,11,5,23,1500,1,2,1,1.0,2.0,31541,M,0.0,0.0,31
201100022285,11,5,24,1930,1,2,1,1.0,6.0,31032,M,4368371.0,132039.0,31
201100022286,11,6,9,1045,1,1,1,1.0,3.0,31056,M,4366740.0,136239.0,31
201100022287,11,6,24,430,3,1,1,1.0,6.0,31351,M,4367700.0,129800.0,31
201100022288,11,7,4,2000,1,2,6,1.0,3.0,31541,M,4368562.0,136063.0,31
201100022289,11,7,9,200,3,1,1,1.0,1.0,31150,M,4365960.0,134439.0,31
201100022290,11,7,10,800,1,2,1,1.0,6.0,31150,M,4366000.0,132300.0,31
201100022291,11,8,30,2115,3,2,1,1.0,3.0,31150,M,4365007.0,132090.0,31
201100022292,11,9,22,845,1,1,1,1.0,3.0,31150,M,4365800.0,134003.0,31
201100022293,11,10,8,1030,1,1,1,1.0,1.0,31541,M,4371200.0,134400.0,31
201100022294,11,10,10,1600,1,1,1,1.0,2.0,31541,M,0.0,0.0,31
201100022295,11,10,22,2300,3,2,1,1.0,6.0,31351,M,4367322.0,128032.0,31
201100022296,11,11,12,2000,5,2,1,1.0,7.0,31056,M,4366689.0,136144.0,31
201100022297,11,11,26,145,4,1,1,1.0,6.0,31032,M,4369240.0,134541.0,31
201100022298,11,11,29,1845,3,2,1,1.0,1.0,31150,M,4366000.0,132500.0,31
201100022299,11,12,1,900,1,2,9,1.0,2.0,31150,M,4365000.0,132000.0,31
201100022300,11,2,5,1915,3,1,3,1.0,5.0,25133,M,4730800.0,599100.0,25
201100022301,11,2,24,1615,1,1,3,2.0,3.0,25381,M,4729100.0,598300.0,25
201100022302,11,3,14,1830,1,2,2,1.0,3.0,25265,M,4732900.0,597200.0,25
201100022303,11,3,16,1845,2,1,1,1.0,1.0,25381,M,4729200.0,598600.0,25
201100022304,11,5,6,915,1,1,1,7.0,1.0,25258,M,0.0,0.0,25
201100022305,11,5,26,900,1,1,1,1.0,3.0,25133,M,0.0,0.0,25
201100022306,11,6,11,1000,1,1,1,1.0,5.0,25467,M,4726500.0,592800.0,25
201100022307,11,11,3,1745,2,1,1,2.0,5.0,25510,M,4728600.0,580500.0,25
201100022308,11,11,26,2030,5,1,1,5.0,3.0,25212,M,4728400.0,599400.0,25
201100022309,11,12,1,2145,3,1,1,1.0,6.0,25186,M,4733700.0,594600.0,25
201100022310,11,2,10,1000,1,1,1,1.0,4.0,95510,M,4906020.0,201549.0,95
201100022311,11,3,13,1230,1,2,2,1.0,4.0,95510,M,4905510.0,201549.0,95
201100022312,11,3,18,1010,1,2,1,1.0,6.0,95388,M,4902620.0,198350.0,95
201100022313,11,6,4,830,1,1,6,1.0,3.0,95183,M,4903790.0,199560.0,95
201100022314,11,6,13,1620,1,1,6,1.0,7.0,95510,M,4905650.0,201060.0,95
201100022315,11,7,26,1830,1,2,1,1.0,2.0,95637,M,4903650.0,201609.0,95
201100022316,11,9,27,1445,1,1,6,1.0,6.0,95183,M,4902910.0,199940.0,95
201100022317,11,10,7,1915,5,2,1,2.0,6.0,95637,M,4903610.0,201719.0,95
201100022318,11,12,10,515,5,2,3,1.0,1.0,95002,M,4909190.0,198210.0,95
201100022319,11,3,11,2335,3,1,1,1.0,1.0,95134,M,4913130.0,222830.0,95
201100022320,11,4,25,2040,1,2,1,1.0,7.0,95480,M,4910880.0,220270.0,95
201100022321,11,8,9,1330,1,2,1,1.0,6.0,95134,M,4913590.0,224110.0,95
201100022322,11,5,20,2145,1,2,1,1.0,7.0,95612,M,4900070.0,247310.0,95
201100022323,11,5,21,30,5,1,6,1.0,7.0,95527,M,4899830.0,250890.0,95
201100022324,11,7,3,1800,1,2,1,1.0,3.0,95612,M,4901130.0,248090.0,95
201100022325,11,7,19,900,1,2,1,3.0,6.0,95612,M,4899960.0,247410.0,95
201100022326,11,8,5,1700,1,2,1,1.0,1.0,95612,M,4901120.0,248130.0,95
201100022327,11,8,10,945,1,1,2,1.0,3.0,95527,M,4900740.0,252550.0,95
201100022328,11,9,29,1300,1,2,1,1.0,6.0,95527,M,4900440.0,251810.0,95
201100022329,11,11,18,2015,3,1,1,1.0,1.0,95633,M,4900020.0,248460.0,95
201100022330,11,1,10,1200,1,1,1,1.0,2.0,56094,M,0.0,0.0,56
201100022331,11,1,26,1815,5,2,1,2.0,6.0,56021,M,4779611.0,-319876.0,56
201100022332,11,2,14,900,1,1,2,1.0,3.0,56094,M,0.0,0.0,56
201100022333,11,3,11,915,1,2,1,1.0,6.0,56177,M,4777677.0,-300933.0,56
201100022334,11,4,14,1245,1,1,1,1.0,1.0,56101,M,4786022.0,-315047.0,56
201100022335,11,4,27,1430,1,1,1,1.0,4.0,56094,M,0.0,0.0,56
201100022336,11,5,18,1245,1,1,1,1.0,3.0,56094,M,0.0,0.0,56
201100022337,11,5,29,430,1,1,1,1.0,6.0,56130,M,0.0,0.0,56
201100022338,11,5,31,345,3,1,1,1.0,1.0,56094,M,0.0,0.0,56
201100022339,11,6,10,930,1,1,6,1.0,3.0,56094,M,4775971.0,-328384.0,56
201100022340,11,6,15,745,1,2,1,8.0,3.0,56090,M,4782987.0,-325660.0,56
201100022341,11,6,22,130,3,1,1,2.0,6.0,56031,M,4785156.0,-298925.0,56
201100022342,11,6,25,645,2,1,1,1.0,6.0,56096,M,0.0,0.0,56
201100022343,11,6,24,2345,5,2,1,1.0,3.0,56177,M,4777764.0,-300556.0,56
201100022344,11,7,1,1845,1,1,1,1.0,7.0,56101,M,0.0,0.0,56
201100022345,11,7,24,845,1,1,9,8.0,1.0,56094,M,0.0,0.0,56
201100022346,11,7,30,1900,1,1,1,1.0,3.0,56101,M,0.0,0.0,56
201100022347,11,8,21,2000,1,1,1,1.0,6.0,56101,M,4784922.0,-315005.0,56
201100022348,11,9,17,630,3,1,1,2.0,6.0,56101,M,0.0,0.0,56
201100022349,11,10,19,2100,3,1,1,1.0,6.0,56175,M,0.0,0.0,56
201100022350,11,10,23,1200,1,1,1,1.0,7.0,56094,M,0.0,0.0,56
201100022351,11,10,29,1945,3,1,1,1.0,6.0,56101,M,0.0,0.0,56
201100022352,11,11,23,2130,3,1,1,1.0,1.0,56175,M,0.0,0.0,56
201100022353,11,12,5,755,3,1,1,1.0,6.0,56177,M,0.0,0.0,56
201100022354,11,1,3,1800,3,1,1,1.0,1.0,35173,M,0.0,0.0,35
201100022355,11,1,13,1400,1,1,1,1.0,3.0,35154,M,0.0,0.0,35
201100022356,11,1,25,945,1,1,1,1.0,1.0,35031,M,4819200.0,-144500.0,35
201100022357,11,3,14,730,1,1,2,1.0,3.0,35001,M,4813867.0,-151621.0,35
201100022358,11,3,30,1845,1,1,1,8.0,6.0,35067,M,4823118.0,-156553.0,35
201100022359,11,4,12,1215,1,2,1,1.0,7.0,35315,M,4821703.0,-158172.0,35
201100022360,11,4,27,1000,1,1,1,1.0,7.0,35024,M,4816037.0,-164774.0,35
201100022361,11,5,22,1100,1,1,1,1.0,1.0,35152,M,4819404.0,-151234.0,35
201100022362,11,5,20,1615,1,1,2,1.0,3.0,35024,M,4818472.0,-169389.0,35
201100022363,11,5,30,2215,3,1,1,2.0,6.0,35031,M,4819628.0,-146786.0,35
201100022364,11,9,30,1245,1,1,1,1.0,3.0,35024,M,0.0,0.0,35
201100022365,11,10,12,1015,1,1,1,1.0,1.0,35031,M,0.0,0.0,35
201100022366,11,10,23,1745,1,1,1,1.0,3.0,35001,M,0.0,0.0,35
201100022367,11,12,2,1615,1,2,1,1.0,6.0,35152,M,0.0,0.0,35
201100022368,11,1,9,1030,1,1,1,1.0,6.0,44071,M,0.0,0.0,44
201100022369,11,1,28,1830,5,1,9,1.0,6.0,44071,M,0.0,0.0,44
201100022370,11,2,6,1745,1,2,1,1.0,1.0,44009,M,0.0,0.0,44
201100022371,11,1,21,645,3,1,9,1.0,6.0,62548,M,0.0,0.0,62
201100022372,11,6,24,830,1,1,1,1.0,3.0,62548,M,5097600.0,196400.0,62
201100022373,11,2,11,1400,1,1,1,1.0,3.0,62452,M,0.0,0.0,62
201100022374,11,4,8,630,3,1,1,1.0,6.0,62807,M,0.0,0.0,62
201100022375,11,5,30,1115,1,2,1,1.0,6.0,62807,M,5074800.0,220800.0,62
201100022376,11,6,5,1145,1,1,1,2.0,6.0,62297,M,0.0,0.0,62
201100022377,11,8,13,1800,1,2,1,1.0,3.0,62595,M,0.0,0.0,62
201100022378,11,12,11,515,3,1,1,1.0,6.0,62205,M,0.0,0.0,62
201100022379,11,5,4,800,1,2,1,1.0,3.0,50383,M,0.0,0.0,50
201100022380,11,1,2,1015,1,1,1,1.0,2.0,24543,M,0.0,0.0,24