Num_Acc,an,mois,jour,hrmn,lum,agg,int,atm,col,com,gps,lat,long,dep
201100022381,11,1,9,2015,3,1,1,1.0,2.0,24449,M,0.0,0.0,24
201100022382,11,1,11,815,2,1,1,3.0,4.0,24372,M,0.0,0.0,24
201100022383,11,5,21,1845,1,1,1,1.0,6.0,24139,M,0.0,0.0,24
201100022384,11,6,25,2100,1,1,1,1.0,7.0,24139,M,0.0,0.0,24
201100022385,11,6,29,1830,1,1,1,1.0,2.0,24059,M,4511400.0,33300.0,24
201100022386,11,8,30,1515,1,1,1,1.0,6.0,24059,M,0.0,0.0,24
201100022387,11,9,7,1030,1,1,1,2.0,7.0,24439,M,4514800.0,79900.0,24
201100022388,11,12,20,2230,3,1,1,8.0,6.0,24449,M,4499500.0,21500.0,24
201100022389,11,1,25,1930,5,2,1,1.0,6.0,34169,M,4365378.0,386128.0,34
201100022390,11,3,8,1245,1,2,1,1.0,7.0,34169,M,4364868.0,386848.0,34
201100022391,11,3,17,1930,5,1,6,1.0,6.0,34120,M,4365950.0,390115.0,34
201100022392,11,4,6,2130,5,2,1,1.0,6.0,34120,M,4366300.0,391400.0,34
201100022393,11,9,5,1200,1,1,9,1.0,6.0,34309,M,4370482.0,393925.0,34
201100022394,11,10,12,1315,1,1,1,1.0,2.0,34077,M,4365900.0,387500.0,34
201100022395,11,11,9,915,1,1,1,2.0,2.0,34120,M,4366800.0,390500.0,34
201100022396,11,11,27,330,3,1,1,1.0,6.0,34118,M,0.0,0.0,34
201100022397,11,12,16,400,3,1,1,1.0,6.0,34077,M,4365200.0,388800.0,34
201100022398,11,1,6,1023,1,1,1,1.0,6.0,16113,M,4560900.0,8220.0,16
201100022399,11,1,6,1059,1,2,1,1.0,2.0,16113,M,4560710.0,7680.0,16
201100022400,11,1,9,1655,2,1,1,1.0,6.0,16291,M,4567780.0,20600.0,16
201100022401,11,1,4,1500,1,2,1,1.0,1.0,16078,M,4569430.0,24090.0,16
201100022402,11,1,18,1246,1,2,2,1.0,3.0,16015,M,4564750.0,14150.0,16
201100022403,11,1,12,846,1,2,1,1.0,3.0,16113,M,4560980.0,9450.0,16
201100022404,11,1,14,1405,1,2,1,1.0,2.0,16015,M,4566000.0,16480.0,16
201100022405,11,1,15,750,2,2,1,1.0,6.0,16015,M,4565230.0,10850.0,16
201100022406,11,1,12,2105,5,2,1,1.0,3.0,16015,M,4565940.0,14300.0,16
201100022407,11,12,16,1930,5,2,1,3.0,6.0,16015,M,4538334.0,8071.0,16
201100022408,11,12,15,1650,1,2,1,2.0,6.0,16015,M,4539015.0,9560.0,16
201100022409,11,1,31,1335,1,2,7,1.0,6.0,16015,M,4565330.0,17890.0,16
201100022410,11,9,6,1645,1,2,1,1.0,6.0,16291,M,4567840.0,22549.0,16
201100022411,11,9,8,730,1,1,1,1.0,3.0,16154,M,4569374.0,17215.0,16
201100022412,11,9,8,1530,1,1,1,1.0,7.0,16291,M,4568889.0,25477.0,16
201100022413,11,12,29,1940,5,2,6,2.0,3.0,16154,M,4540433.0,9254.0,16
201100022414,11,12,4,1820,5,2,2,9.0,3.0,16015,M,4539109.0,9532.0,16
201100022415,11,12,3,1145,1,1,1,2.0,6.0,16291,M,4541192.0,13259.0,16
201100022416,11,11,25,930,1,2,1,1.0,6.0,16015,M,4563173.0,15209.0,16
201100022417,11,11,26,1905,3,1,1,1.0,6.0,16271,M,4562587.0,17311.0,16
201100022418,11,10,21,230,5,2,1,1.0,3.0,16015,M,4565495.0,15860.0,16
201100022419,11,2,4,753,2,2,1,1.0,2.0,16015,M,4564190.0,15720.0,16
201100022420,11,2,2,740,5,2,1,1.0,6.0,16015,M,4563520.0,15410.0,16
201100022421,11,2,19,1752,1,2,1,1.0,6.0,16113,M,4560330.0,8170.0,16
201100022422,11,2,8,942,1,2,3,5.0,3.0,16015,M,4566150.0,17440.0,16
201100022423,11,2,18,1045,1,2,1,1.0,2.0,16166,M,4565940.0,17300.0,16
201100022424,11,2,11,1625,1,2,1,1.0,2.0,16113,M,4561760.0,10430.0,16
201100022425,11,3,12,802,1,1,1,1.0,3.0,16374,M,4563210.0,21680.0,16
201100022426,11,2,19,30,5,2,7,1.0,7.0,16015,M,4565770.0,18270.0,16
201100022427,11,3,4,1000,1,2,1,1.0,2.0,16374,M,4564020.0,19820.0,16
201100022428,11,3,5,1736,1,2,1,1.0,4.0,16015,M,4565330.0,14980.0,16
201100022429,11,2,26,1000,1,2,3,1.0,7.0,16015,M,4564680.0,15170.0,16
201100022430,11,2,22,2055,5,2,1,1.0,3.0,16015,M,4564830.0,16300.0,16
201100022431,11,2,9,2345,5,2,1,1.0,7.0,16015,M,4564840.0,15930.0,16
201100022432,11,2,17,1235,1,2,3,1.0,3.0,16015,M,4565130.0,16110.0,16
201100022433,11,3,9,730,2,2,6,1.0,2.0,16113,M,4561560.0,10180.0,16
201100022434,11,3,15,1135,1,1,1,1.0,3.0,16015,M,4564590.0,11860.0,16
201100022435,11,3,16,830,1,2,3,1.0,1.0,16015,M,4564990.0,16590.0,16
201100022436,11,3,10,1700,1,1,1,1.0,2.0,16291,M,4569090.0,23110.0,16
201100022437,11,3,23,1812,1,2,1,1.0,3.0,16166,M,4566220.0,19010.0,16
201100022438,11,3,29,2215,5,2,1,2.0,1.0,16015,M,4563450.0,15140.0,16
201100022439,11,3,31,2015,1,2,9,1.0,3.0,16015,M,4565290.0,16460.0,16
201100022440,11,3,28,1906,1,2,2,1.0,3.0,16015,M,4566280.0,14750.0,16
201100022441,11,3,26,1150,1,2,7,1.0,3.0,16015,M,4563120.0,15280.0,16
201100022442,11,4,10,1258,1,2,1,1.0,7.0,16015,M,,,16
201100022443,11,4,14,1250,1,2,6,1.0,3.0,16015,M,,,16
201100022444,11,4,16,1430,1,2,1,1.0,6.0,16113,M,,,16
201100022445,11,4,19,925,1,2,1,1.0,3.0,16291,M,,,16
201100022446,11,4,21,1715,1,2,1,1.0,2.0,16154,M,,,16
201100022447,11,4,22,520,3,2,1,1.0,2.0,16015,M,,,16
201100022448,11,4,23,1650,1,2,1,1.0,1.0,16271,M,,,16
201100022449,11,4,29,1223,1,2,3,1.0,1.0,16154,M,,,16
201100022450,11,4,30,1227,1,2,1,1.0,6.0,16015,M,,,16
201100022451,11,4,22,1212,1,2,6,1.0,3.0,16166,M,,,16
201100022452,11,4,23,1720,1,2,1,1.0,3.0,16138,M,,,16
201100022453,11,4,29,1223,1,2,3,1.0,3.0,16015,M,,,16
201100022454,11,5,1,735,1,2,6,1.0,3.0,16015,M,,,16
201100022455,11,5,2,745,1,2,2,1.0,2.0,16291,M,,,16
201100022456,11,5,6,1815,1,2,6,1.0,2.0,16015,M,,,16
201100022457,11,5,16,2235,5,2,6,1.0,7.0,16015,M,,,16
201100022458,11,5,21,1300,1,1,1,1.0,5.0,16113,M,,,16
201100022459,11,5,18,1835,1,2,3,1.0,3.0,16015,M,,,16
201100022460,11,5,21,1530,1,1,3,1.0,3.0,16113,M,,,16
201100022461,11,5,17,1335,1,2,6,1.0,2.0,16015,M,,,16
201100022462,11,6,5,610,2,2,1,1.0,6.0,16015,M,,,16
201100022463,11,6,2,1537,1,2,3,1.0,3.0,16154,M,,,16
201100022464,11,5,27,1817,1,2,1,1.0,6.0,16154,M,,,16
201100022465,11,5,24,1825,1,2,1,1.0,3.0,16113,M,,,16
201100022466,11,5,29,1430,1,2,2,1.0,2.0,16374,M,,,16
201100022467,11,5,31,2015,1,2,3,2.0,3.0,16015,M,,,16
201100022468,11,6,4,1715,1,2,2,1.0,3.0,16015,M,,,16
201100022469,11,6,5,1300,1,2,3,1.0,3.0,16015,M,,,16
201100022470,11,6,13,1550,1,2,1,1.0,3.0,16015,M,,,16
201100022471,11,6,15,930,1,2,6,1.0,5.0,16154,M,,,16
201100022472,11,6,21,1835,1,2,3,1.0,3.0,16015,M,,,16
201100022473,11,6,26,1540,1,1,6,1.0,3.0,16113,M,,,16
201100022474,11,6,18,2025,1,1,1,1.0,6.0,16015,M,,,16
201100022475,11,6,19,1710,1,2,6,1.0,2.0,16015,M,,,16
201100022476,11,6,27,1210,1,2,3,1.0,3.0,16154,M,,,16
201100022477,11,6,28,1655,1,2,1,1.0,6.0,16015,M,,,16
201100022478,11,7,8,655,2,2,1,2.0,7.0,16015,M,4563900.0,13089.0,16
201100022479,11,7,2,1125,1,2,1,1.0,3.0,16015,M,4564250.0,13530.0,16
201100022480,11,7,25,1110,1,2,1,2.0,6.0,16015,M,4565270.0,15580.0,16
201100022481,11,7,8,1620,1,2,1,1.0,6.0,16015,M,4565280.0,14680.0,16
201100022482,11,7,9,245,5,2,1,1.0,6.0,16358,M,4568220.0,14530.0,16
201100022483,11,7,9,1055,1,2,1,1.0,2.0,16015,M,4563180.0,15113.0,16
201100022484,11,7,9,845,1,2,6,2.0,7.0,16015,M,4562630.0,15425.0,16
201100022485,11,7,19,1240,1,2,1,1.0,1.0,16113,M,4562110.0,11261.0,16
201100022486,11,7,19,1625,1,2,6,1.0,7.0,16154,M,4567860.0,15705.0,16
201100022487,11,7,28,1905,2,2,1,1.0,6.0,16374,M,4564220.0,20671.0,16
201100022488,11,7,30,1930,1,2,1,1.0,3.0,16015,M,4566040.0,14017.0,16
201100022489,11,7,8,2100,1,2,1,1.0,7.0,16358,M,4567780.0,14370.0,16
201100022490,11,8,6,1735,1,2,6,1.0,6.0,16154,M,4565940.0,17082.0,16
201100022491,11,8,6,1800,1,1,1,2.0,7.0,16015,M,4562248.0,14729.0,16
201100022492,11,8,5,1450,1,2,1,1.0,2.0,16154,M,4566694.0,17171.0,16
201100022493,11,8,7,2230,3,2,1,1.0,2.0,16015,M,4563902.0,13091.0,16
201100022494,11,8,1,2046,2,2,1,1.0,6.0,16015,M,4565509.0,16200.0,16
201100022495,11,8,2,1755,1,2,1,1.0,2.0,16358,M,4567211.0,12705.0,16
201100022496,11,8,19,1600,1,1,1,1.0,2.0,16113,M,4561994.0,10392.0,16
201100022497,11,8,17,1550,1,2,9,1.0,2.0,16358,M,4566346.0,12977.0,16
201100022498,11,8,15,1120,1,2,1,1.0,6.0,16015,M,4563487.0,12874.0,16
201100022499,11,8,13,2330,5,2,1,1.0,6.0,16015,M,4564475.0,13406.0,16
201100022500,11,8,19,1245,1,2,9,1.0,6.0,16358,M,4566385.0,12920.0,16
201100022501,11,8,30,1430,1,2,1,1.0,2.0,16015,M,4565359.0,14794.0,16
201100022502,11,8,25,1455,1,2,1,1.0,6.0,16015,M,4564540.0,13759.0,16
201100022503,11,8,23,1825,1,2,1,1.0,2.0,16015,M,4565802.0,14550.0,16
201100022504,11,9,18,1850,1,2,2,1.0,3.0,16015,M,4565298.0,16476.0,16
201100022505,11,8,22,1845,1,1,1,1.0,5.0,16113,M,4562432.0,10930.0,16
201100022506,11,9,7,745,2,2,1,2.0,6.0,16015,M,4564920.0,15900.0,16
201100022507,11,9,14,1240,1,2,1,1.0,2.0,16166,M,4566340.0,19745.0,16
201100022508,11,9,13,1045,1,2,1,1.0,6.0,16113,M,4560596.0,8194.0,16
201100022509,11,9,30,1520,1,2,1,1.0,3.0,16015,M,4565363.0,16194.0,16
201100022510,11,10,2,830,1,1,1,1.0,6.0,16113,M,4559247.0,10475.0,16
201100022511,11,10,1,1210,1,2,6,1.0,3.0,16341,M,4563669.0,11744.0,16
201100022512,11,10,4,750,2,2,6,2.0,1.0,16166,M,4567149.0,21022.0,16
201100022513,11,9,25,1840,2,2,1,1.0,6.0,16015,M,4565685.0,17066.0,16
201100022514,11,9,24,1730,1,2,9,1.0,6.0,16015,M,4564784.0,11252.0,16
201100022515,11,10,11,2300,5,2,1,1.0,3.0,16374,M,4564650.0,18617.0,16
201100022516,11,10,14,1140,1,2,2,1.0,6.0,16015,M,4564728.0,13351.0,16
201100022517,11,10,19,2120,5,2,1,1.0,6.0,16113,M,4561787.0,10431.0,16
201100022518,11,10,21,1930,3,1,1,1.0,6.0,16291,M,4568635.0,24230.0,16
201100022519,11,10,21,1840,1,2,1,1.0,3.0,16291,M,4567972.0,22945.0,16
201100022520,11,10,28,1725,1,1,1,1.0,6.0,16113,M,4560998.0,7541.0,16
201100022521,11,10,30,1630,1,2,1,1.0,6.0,16154,M,4568005.0,16803.0,16
201100022522,11,10,11,1700,1,1,1,1.0,2.0,16113,M,4563077.0,12051.0,16
201100022523,11,10,17,1650,1,1,1,1.0,1.0,16015,M,4564210.0,15327.0,16
201100022524,11,10,19,800,2,2,6,2.0,6.0,16015,M,4565265.0,13825.0,16
201100022525,11,10,26,810,1,2,1,2.0,6.0,16015,M,4565270.0,15553.0,16
201100022526,11,10,28,1600,1,2,6,1.0,3.0,16015,M,4565366.0,16663.0,16
201100022527,11,10,29,220,5,2,1,1.0,6.0,16358,M,4566750.0,12081.0,16
201100022528,11,11,5,125,5,2,1,2.0,6.0,16358,M,,,16
201100022529,11,11,21,2010,5,2,1,1.0,1.0,16015,M,4564897.0,16284.0,16
201100022530,11,11,23,1340,1,2,2,1.0,1.0,16341,M,,,16
201100022531,11,11,14,1720,2,2,1,1.0,3.0,16154,M,4566840.0,17224.0,16
201100022532,11,11,4,1730,1,2,2,1.0,3.0,16374,M,,,16
201100022533,11,11,5,1300,1,2,1,2.0,6.0,16154,M,4568073.0,16921.0,16
201100022534,11,6,25,435,5,2,1,1.0,7.0,16015,M,,,16
201100022535,11,12,13,2100,5,1,1,1.0,1.0,16015,M,4537398.0,8514.0,16
201100022536,11,1,13,1735,5,2,2,1.0,2.0,16102,M,4569861.0,-32893.0,16
201100022537,11,2,8,1850,3,2,1,1.0,1.0,16102,M,4568950.0,-34490.0,16
201100022538,11,4,4,1330,1,2,1,1.0,2.0,16102,M,4569850.0,-31850.0,16
201100022539,11,2,12,550,5,2,9,1.0,6.0,16102,M,4569880.0,-32900.0,16
201100022540,11,3,29,955,1,2,3,1.0,7.0,16102,M,4569650.0,-34400.0,16
201100022541,11,4,3,1010,1,2,3,2.0,3.0,16102,M,4569850.0,-34130.0,16
201100022542,11,6,20,1748,2,2,1,1.0,3.0,16102,M,4568990.0,-33270.0,16
201100022543,11,8,20,1425,1,2,2,1.0,2.0,16102,M,4569120.0,-32520.0,16
201100022544,11,9,7,1920,2,2,6,1.0,7.0,16102,M,4568506.0,-32920.0,16
201100022545,11,10,15,1500,1,2,2,1.0,3.0,16102,M,4568872.0,-33657.0,16
201100022546,11,10,23,1345,1,2,1,1.0,7.0,16102,M,4569714.0,-33002.0,16
201100022547,11,12,9,1630,1,2,6,1.0,2.0,16089,M,4568141.0,-32856.0,16
201100022548,11,4,14,1400,1,1,1,1.0,1.0,77065,M,0.0,0.0,77
201100022549,11,5,3,815,1,1,1,1.0,1.0,77359,M,0.0,0.0,77
201100022550,11,6,4,45,4,1,6,1.0,7.0,77065,M,0.0,0.0,77
201100022551,11,7,8,845,1,2,1,1.0,3.0,77022,M,4845500.0,260500.0,77
201100022552,11,8,6,1030,1,1,1,1.0,6.0,77359,M,4847504.0,253043.0,77
201100022553,11,9,21,1800,1,1,1,1.0,2.0,77425,M,0.0,0.0,77
201100022554,11,9,25,900,1,1,1,1.0,7.0,77152,M,0.0,0.0,77
201100022555,11,1,18,1715,1,2,1,1.0,1.0,69046,M,0.0,0.0,69
201100022556,11,1,20,1915,5,2,1,1.0,6.0,69260,M,0.0,0.0,69
201100022557,11,1,28,1030,1,1,1,1.0,1.0,69133,M,0.0,0.0,69
201100022558,11,3,10,1700,1,2,6,1.0,6.0,69260,M,0.0,0.0,69
201100022559,11,5,30,1900,1,2,1,1.0,7.0,69260,M,0.0,0.0,69
201100022560,11,6,10,815,1,2,1,1.0,1.0,69133,M,0.0,0.0,69
201100022561,11,6,20,1215,1,2,1,1.0,3.0,69100,M,0.0,0.0,69
201100022562,11,6,20,830,1,2,1,1.0,7.0,69100,M,0.0,0.0,69
201100022563,11,7,3,2045,1,2,1,1.0,7.0,69260,M,0.0,0.0,69
201100022564,11,7,19,1245,1,2,8,1.0,6.0,69100,M,0.0,0.0,69
201100022565,11,6,8,1600,1,2,1,1.0,1.0,69296,M,,,69
201100022566,11,9,10,2115,5,2,1,1.0,1.0,69260,M,0.0,0.0,69
201100022567,11,10,12,1845,1,2,1,1.0,5.0,69046,M,0.0,0.0,69
201100022568,11,11,2,800,2,1,1,2.0,1.0,69100,M,0.0,0.0,69
201100022569,11,11,3,1730,2,1,1,1.0,1.0,69133,M,0.0,0.0,69
201100022570,11,11,7,1600,1,1,1,1.0,6.0,69133,M,0.0,0.0,69
201100022571,11,1,24,2115,3,1,1,1.0,6.0,66189,M,0.0,0.0,66
201100022572,11,4,9,1000,1,1,1,1.0,1.0,66028,M,4268599.0,295878.0,66
201100022573,11,7,22,1545,1,1,1,1.0,1.0,66186,M,4265518.0,298387.0,66
201100022574,11,7,24,515,3,1,1,1.0,7.0,66189,M,4265928.0,292628.0,66
201100022575,11,8,26,1630,1,1,1,1.0,3.0,66028,M,4268184.0,294068.0,66
201100022576,11,8,29,815,1,2,6,7.0,3.0,66028,M,4268650.0,293478.0,66
201100022577,11,12,26,1630,1,2,1,1.0,3.0,66028,M,4268213.0,294247.0,66
201100022578,11,1,1,1510,1,2,2,1.0,3.0,17299,M,,,17
201100022579,11,1,5,1825,5,1,1,2.0,7.0,17299,M,,,17
201100022580,11,1,7,1730,1,1,1,1.0,7.0,17299,M,,,17
201100022581,11,1,10,1140,1,2,1,1.0,7.0,17299,M,,,17
201100022582,11,1,19,1720,1,2,1,1.0,7.0,17299,M,,,17
201100022583,11,1,26,1845,3,1,1,1.0,7.0,17449,M,,,17
201100022584,11,1,27,1725,1,1,1,1.0,6.0,17449,M,,,17
201100022585,11,2,8,1740,1,2,1,1.0,7.0,17299,M,,,17
201100022586,11,2,11,1720,1,1,1,1.0,5.0,17299,M,,,17
201100022587,11,2,12,1755,1,2,1,1.0,7.0,17299,M,,,17
201100022588,11,2,21,1615,1,2,2,2.0,3.0,17299,M,,,17
201100022589,11,2,22,2030,2,2,2,1.0,3.0,17299,M,,,17
201100022590,11,2,27,1255,1,2,6,1.0,6.0,17299,M,,,17
201100022591,11,3,5,1845,1,2,2,1.0,3.0,17299,M,,,17
201100022592,11,3,8,1750,1,1,1,1.0,7.0,17449,M,,,17
201100022593,11,3,9,855,1,2,9,1.0,3.0,17449,M,,,17
201100022594,11,3,20,1615,1,2,1,1.0,2.0,17299,M,,,17
201100022595,11,3,22,1515,1,2,1,1.0,3.0,17449,M,,,17
201100022596,11,3,23,1810,1,1,1,1.0,7.0,17449,M,,,17
201100022597,11,4,2,1445,1,1,3,1.0,3.0,17449,M,,,17
201100022598,11,4,5,1755,1,1,1,1.0,2.0,17299,M,,,17
201100022599,11,4,8,1735,1,1,1,1.0,3.0,17449,M,,,17
201100022600,11,4,12,900,1,2,4,1.0,2.0,17449,M,,,17
201100022601,11,4,14,750,1,2,1,1.0,7.0,17299,M,,,17
201100022602,11,4,14,815,1,2,1,1.0,2.0,17299,M,,,17
201100022603,11,4,24,1600,1,2,1,1.0,2.0,17449,M,,,17
201100022604,11,4,26,1400,1,2,1,1.0,2.0,17449,M,,,17
201100022605,11,4,28,1710,1,2,6,1.0,3.0,17299,M,,,17
201100022606,11,4,28,1830,1,1,1,1.0,5.0,17299,M,,,17
201100022607,11,5,5,1525,1,1,1,1.0,2.0,17299,M,,,17
201100022608,11,5,9,1425,1,2,1,1.0,1.0,17449,M,,,17
201100022609,11,5,12,830,1,2,1,1.0,7.0,17299,M,,,17
201100022610,11,5,12,1435,1,2,2,1.0,3.0,17299,M,,,17
201100022611,11,5,26,855,1,1,1,1.0,2.0,17299,M,,,17
201100022612,11,5,29,1720,1,2,1,1.0,7.0,17299,M,,,17
201100022613,11,5,31,750,1,2,1,1.0,3.0,17449,M,,,17
201100022614,11,6,1,1550,1,1,1,1.0,7.0,17449,M,,,17
201100022615,11,6,3,1220,1,2,1,1.0,7.0,17449,M,,,17
201100022616,11,6,6,905,1,2,1,1.0,2.0,17299,M,,,17
201100022617,11,6,13,1110,1,2,1,1.0,3.0,17299,M,,,17
201100022618,11,6,17,730,1,2,6,1.0,3.0,17299,M,,,17
201100022619,11,6,21,1430,1,1,6,1.0,2.0,17299,M,,,17
201100022620,11,6,23,1130,1,1,1,1.0,7.0,17449,M,,,17
201100022621,11,6,28,1735,1,2,1,1.0,2.0,17449,M,,,17
201100022622,11,7,1,2145,1,1,1,1.0,2.0,17449,M,,,17
201100022623,11,7,4,1425,1,2,1,1.0,7.0,17299,M,,,17
201100022624,11,7,9,645,2,2,6,1.0,3.0,17449,M,,,17
201100022625,11,7,19,1955,1,2,2,1.0,7.0,17299,M,,,17
201100022626,11,7,26,1515,1,1,1,1.0,2.0,17299,M,,,17
201100022627,11,7,27,1940,1,2,1,1.0,7.0,17299,M,,,17
201100022628,11,7,28,950,1,2,3,1.0,3.0,17299,M,,,17
201100022629,11,7,29,1205,1,2,2,1.0,3.0,17299,M,,,17
201100022630,11,8,7,1640,1,1,2,1.0,3.0,17449,M,,,17
201100022631,11,8,21,850,1,1,1,1.0,6.0,17299,M,,,17
201100022632,11,8,24,1525,1,1,1,1.0,2.0,17449,M,,,17
201100022633,11,8,25,855,1,2,2,1.0,7.0,17299,M,,,17
201100022634,11,9,8,1900,1,2,1,1.0,7.0,17299,M,,,17
201100022635,11,9,9,2240,5,2,1,1.0,7.0,17299,M,,,17
201100022636,11,9,16,1940,1,2,6,1.0,3.0,17299,M,,,17
201100022637,11,9,19,1315,1,1,3,1.0,3.0,17449,M,,,17
201100022638,11,9,21,1845,1,2,2,1.0,3.0,17299,M,,,17
201100022639,11,9,28,1435,1,2,1,1.0,7.0,17299,M,,,17
201100022640,11,10,2,1145,1,2,2,1.0,3.0,17299,M,,,17
201100022641,11,10,5,745,1,2,1,1.0,3.0,17449,M,,,17
201100022642,11,10,13,2240,5,2,1,2.0,7.0,17299,M,,,17
201100022643,11,10,14,1530,1,2,3,1.0,3.0,17299,M,,,17
201100022644,11,10,24,1500,1,2,1,1.0,6.0,17299,M,,,17
201100022645,11,11,1,520,4,1,6,2.0,6.0,17449,M,,,17
201100022646,11,11,10,1340,1,2,9,1.0,2.0,17449,M,,,17
201100022647,11,11,12,1840,3,1,1,1.0,7.0,17299,M,,,17
201100022648,11,11,12,1945,5,1,1,1.0,1.0,17299,M,,,17
201100022649,11,11,11,1655,1,2,1,1.0,3.0,17449,M,,,17
201100022650,11,11,19,955,1,2,1,1.0,7.0,17449,M,,,17
201100022651,11,11,23,1340,1,2,1,1.0,7.0,17299,M,,,17
201100022652,11,11,25,845,2,1,1,5.0,4.0,17299,M,,,17
201100022653,11,11,30,2235,4,2,6,1.0,4.0,17299,M,,,17
201100022654,11,12,1,1550,1,2,6,1.0,3.0,17449,M,,,17
201100022655,11,12,4,1615,1,2,1,2.0,7.0,17299,M,,,17
201100022656,11,12,7,1655,1,1,1,9.0,7.0,17299,M,,,17
201100022657,11,12,10,1455,1,2,1,2.0,7.0,17299,M,,,17
201100022658,11,12,12,1250,1,2,1,1.0,7.0,17299,M,,,17
201100022659,11,12,15,1800,4,2,6,3.0,3.0,17449,M,,,17
201100022660,11,12,21,1500,1,2,3,1.0,2.0,17299,M,,,17
201100022661,11,12,22,1600,1,2,1,1.0,3.0,17299,M,,,17
201100022662,11,12,31,1320,1,2,9,2.0,3.0,17299,M,,,17
201100022663,11,12,31,2000,3,2,1,9.0,6.0,17449,M,,,17
201100022664,11,1,4,1522,1,2,1,1.0,6.0,17300,M,,,17
201100022665,11,1,5,1827,5,2,1,1.0,1.0,17200,M,,,17
201100022666,11,1,6,1054,1,1,1,1.0,6.0,17300,M,,,17
201100022667,11,1,8,1048,1,2,1,1.0,2.0,17300,M,,,17
201100022668,11,1,9,645,5,2,1,1.0,6.0,17300,M,,,17
201100022669,11,1,10,740,5,2,1,1.0,2.0,17300,M,,,17
201100022670,11,1,12,749,5,2,6,2.0,6.0,17300,M,,,17
201100022671,11,1,13,1841,5,2,1,1.0,6.0,17274,M,,,17
201100022672,11,1,14,1815,2,2,1,1.0,6.0,17300,M,,,17
201100022673,11,1,14,2001,5,2,2,1.0,3.0,17300,M,,,17
201100022674,11,1,15,420,3,2,9,1.0,3.0,17028,M,,,17
201100022675,11,1,16,120,5,2,1,1.0,6.0,17028,M,,,17
201100022676,11,1,17,1635,1,1,1,1.0,2.0,17291,M,,,17
201100022677,11,1,18,1643,1,2,3,1.0,3.0,17300,M,,,17
201100022678,11,1,20,1140,1,2,1,1.0,2.0,17274,M,,,17
201100022679,11,1,20,926,1,2,1,1.0,1.0,17300,M,,,17
201100022680,11,1,20,1630,1,2,1,1.0,7.0,17300,M,,,17
201100022681,11,1,24,802,2,2,1,1.0,3.0,17200,M,,,17
201100022682,11,1,24,2320,5,2,1,1.0,6.0,17300,M,,,17
201100022683,11,1,26,804,1,2,1,1.0,6.0,17028,M,,,17
201100022684,11,1,27,1009,1,2,1,1.0,2.0,17300,M,,,17
201100022685,11,1,30,1404,1,2,1,1.0,7.0,17300,M,,,17
201100022686,11,1,31,832,1,1,1,1.0,6.0,17200,M,,,17
201100022687,11,1,31,1011,1,2,1,1.0,2.0,17300,M,,,17
201100022688,11,2,1,1125,1,2,6,1.0,3.0,17200,M,,,17
201100022689,11,2,2,1216,1,2,3,2.0,3.0,17300,M,,,17
201100022690,11,2,6,1809,2,2,1,1.0,2.0,17200,M,,,17
201100022691,11,2,6,1933,2,2,1,1.0,2.0,17300,M,,,17
201100022692,11,2,8,515,1,1,1,1.0,6.0,17300,M,,,17
201100022693,11,2,8,930,1,2,1,1.0,7.0,17274,M,,,17
201100022694,11,2,9,1908,5,1,1,1.0,4.0,17200,M,,,17
201100022695,11,2,11,2340,5,2,3,1.0,3.0,17028,M,,,17
201100022696,11,2,11,2310,5,2,1,1.0,2.0,17300,M,,,17
201100022697,11,2,12,1641,1,1,1,1.0,5.0,17300,M,,,17
201100022698,11,2,12,2115,3,1,1,1.0,7.0,17300,M,,,17
201100022699,11,2,15,105,5,2,9,1.0,1.0,17300,M,,,17
201100022700,11,2,16,940,1,2,1,1.0,6.0,17300,M,,,17
201100022701,11,2,16,1402,1,2,1,1.0,1.0,17274,M,,,17
201100022702,11,2,21,1827,2,2,1,1.0,6.0,17300,M,,,17
201100022703,11,2,22,2150,4,2,1,1.0,7.0,17274,M,,,17
201100022704,11,2,23,914,1,2,2,1.0,3.0,17300,M,,,17
201100022705,11,2,24,1221,1,2,1,2.0,1.0,17300,M,,,17
201100022706,11,2,25,1405,1,2,1,1.0,6.0,17300,M,,,17
201100022707,11,2,26,1250,1,2,1,1.0,6.0,17300,M,,,17
201100022708,11,2,26,1931,1,1,1,1.0,3.0,17300,M,,,17
201100022709,11,2,27,155,5,1,1,1.0,4.0,17300,M,,,17
201100022710,11,2,28,1215,1,2,9,1.0,6.0,17300,M,,,17
201100022711,11,3,1,1642,1,2,1,1.0,2.0,17300,M,,,17
201100022712,11,3,4,1520,1,2,2,1.0,3.0,17300,M,,,17
201100022713,11,3,6,540,3,1,1,1.0,6.0,17300,M,,,17
201100022714,11,3,8,845,1,2,1,1.0,6.0,17300,M,,,17
201100022715,11,3,8,954,1,2,1,1.0,2.0,17300,M,,,17
201100022716,11,3,9,1320,1,2,1,1.0,6.0,17300,M,,,17
201100022717,11,3,10,1400,1,2,2,1.0,3.0,17300,M,,,17
201100022718,11,3,11,1115,1,2,1,1.0,6.0,17300,M,,,17
201100022719,11,3,11,1300,1,2,1,1.0,7.0,17300,M,,,17
201100022720,11,3,11,1735,1,1,1,1.0,2.0,17200,M,,,17
201100022721,11,3,12,1330,1,2,1,2.0,7.0,17200,M,,,17
201100022722,11,3,15,1945,2,2,1,1.0,6.0,17291,M,,,17
201100022723,11,3,16,1110,1,2,1,1.0,6.0,17300,M,,,17