Num_Acc,an,mois,jour,hrmn,lum,agg,int,atm,col,com,gps,lat,long,dep
201100022724,11,3,17,1810,1,2,1,1.0,7.0,17300,M,,,17
201100022725,11,3,18,645,2,2,1,1.0,7.0,17300,M,,,17
201100022726,11,3,18,730,1,2,1,1.0,7.0,17300,M,,,17
201100022727,11,3,18,749,1,2,9,1.0,6.0,17200,M,,,17
201100022728,11,3,19,1924,1,2,1,1.0,6.0,17300,M,,,17
201100022729,11,3,20,705,2,1,1,1.0,6.0,17300,M,,,17
201100022730,11,3,22,1310,1,2,1,1.0,6.0,17300,M,,,17
201100022731,11,3,23,1748,1,2,1,1.0,6.0,17300,M,,,17
201100022732,11,3,25,1659,1,2,1,1.0,6.0,17200,M,,,17
201100022733,11,3,26,1528,1,2,1,1.0,6.0,17300,M,,,17
201100022734,11,3,26,2350,5,2,1,1.0,6.0,17300,M,,,17
201100022735,11,3,28,848,1,2,1,1.0,6.0,17300,M,,,17
201100022736,11,3,29,2225,5,2,1,2.0,2.0,17300,M,,,17
201100022737,11,3,30,645,5,2,1,2.0,6.0,17274,M,,,17
201100022738,11,3,30,1512,1,2,1,1.0,6.0,17028,M,,,17
201100022739,11,4,1,1130,1,2,1,1.0,1.0,17300,M,,,17
201100022740,11,4,2,1415,1,1,9,1.0,3.0,17300,M,,,17
201100022741,11,4,3,354,5,2,1,1.0,6.0,17300,M,,,17
201100022742,11,4,4,759,1,2,9,1.0,6.0,17200,M,,,17
201100022743,11,4,7,1555,1,1,1,1.0,7.0,17300,M,,,17
201100022744,11,4,7,2030,1,2,1,1.0,2.0,17300,M,,,17
201100022745,11,4,8,1610,1,2,2,1.0,3.0,17300,M,,,17
201100022746,11,4,10,1805,1,2,1,1.0,6.0,17291,M,,,17
201100022747,11,4,11,1420,1,2,1,1.0,7.0,17300,M,,,17
201100022748,11,4,11,1634,1,2,1,1.0,1.0,17300,M,,,17
201100022749,11,4,12,1215,1,1,1,1.0,7.0,17300,M,,,17
201100022750,11,4,12,1435,1,2,1,1.0,1.0,17300,M,,,17
201100022751,11,4,13,1215,1,2,1,1.0,3.0,17300,M,,,17
201100022752,11,4,14,2130,5,2,1,1.0,7.0,17300,M,,,17
201100022753,11,4,18,2000,1,2,1,1.0,6.0,17300,M,,,17
201100022754,11,4,21,850,1,2,3,1.0,3.0,17200,M,,,17
201100022755,11,4,22,1655,1,1,1,1.0,2.0,17300,M,,,17
201100022756,11,4,22,1810,1,2,1,1.0,6.0,17300,M,,,17
201100022757,11,4,29,1825,1,2,1,1.0,6.0,17300,M,,,17
201100022758,11,4,30,2033,1,2,1,1.0,1.0,17300,M,,,17
201100022759,11,5,2,1620,1,2,1,1.0,6.0,17300,M,,,17
201100022760,11,5,2,2055,5,2,2,1.0,3.0,17300,M,,,17
201100022761,11,5,2,2340,5,2,3,1.0,3.0,17300,M,,,17
201100022762,11,5,3,5,5,2,1,1.0,7.0,17200,M,,,17
201100022763,11,5,3,1255,1,2,1,1.0,3.0,17291,M,,,17
201100022764,11,5,5,1746,1,1,1,1.0,5.0,17300,M,,,17
201100022765,11,5,5,1830,1,2,9,1.0,3.0,17274,M,,,17
201100022766,11,5,7,1733,1,2,1,1.0,4.0,17300,M,,,17
201100022767,11,5,9,747,1,2,1,1.0,2.0,17200,M,,,17
201100022768,11,5,11,1415,1,2,1,1.0,6.0,17200,M,,,17
201100022769,11,5,12,800,1,2,1,1.0,6.0,17300,M,,,17
201100022770,11,5,13,34,3,1,1,1.0,7.0,17300,M,,,17
201100022771,11,5,13,1141,1,2,1,1.0,6.0,17300,M,,,17
201100022772,11,5,14,1205,1,1,1,1.0,7.0,17300,M,,,17
201100022773,11,5,15,1645,1,2,1,1.0,6.0,17300,M,,,17
201100022774,11,5,17,1110,1,2,1,1.0,6.0,17300,M,,,17
201100022775,11,5,18,815,1,1,1,1.0,5.0,17300,M,,,17
201100022776,11,5,19,1052,1,2,1,1.0,3.0,17300,M,,,17
201100022777,11,5,19,1833,1,1,1,1.0,2.0,17300,M,,,17
201100022778,11,5,20,1140,1,2,1,1.0,2.0,17300,M,,,17
201100022779,11,5,20,1340,1,2,2,1.0,3.0,17300,M,,,17
201100022780,11,5,20,1442,1,2,1,1.0,2.0,17028,M,,,17
201100022781,11,5,21,2051,1,1,1,1.0,6.0,17291,M,,,17
201100022782,11,5,21,2050,1,2,1,1.0,6.0,17300,M,,,17
201100022783,11,5,21,2250,5,2,1,1.0,7.0,17300,M,,,17
201100022784,11,5,22,140,4,2,1,1.0,7.0,17300,M,,,17
201100022785,11,5,23,900,1,2,1,1.0,6.0,17291,M,,,17
201100022786,11,5,23,1607,1,2,1,1.0,3.0,17300,M,,,17
201100022787,11,5,24,1742,1,2,1,1.0,2.0,17300,M,,,17
201100022788,11,5,25,950,1,2,1,1.0,6.0,17300,M,,,17
201100022789,11,5,27,908,1,2,1,1.0,7.0,17300,M,,,17
201100022790,11,5,27,1730,1,2,2,1.0,3.0,17300,M,,,17
201100022791,11,5,30,1647,1,2,1,1.0,6.0,17300,M,,,17
201100022792,11,5,31,1653,1,2,1,1.0,7.0,17300,M,,,17
201100022793,11,6,2,1557,1,2,1,1.0,2.0,17200,M,,,17
201100022794,11,6,3,1810,1,2,9,1.0,3.0,17300,M,,,17
201100022795,11,6,3,2200,5,2,1,1.0,6.0,17300,M,,,17
201100022796,11,6,4,1312,1,1,1,1.0,2.0,17300,M,,,17
201100022797,11,6,6,943,1,2,1,1.0,1.0,17300,M,,,17
201100022798,11,6,6,1250,1,2,1,1.0,6.0,17300,M,,,17
201100022799,11,6,7,15,5,2,1,2.0,7.0,17300,M,,,17
201100022800,11,6,7,1300,1,2,1,1.0,7.0,17300,M,,,17
201100022801,11,6,7,1343,1,2,1,1.0,1.0,17300,M,,,17
201100022802,11,6,7,1753,1,2,1,1.0,4.0,17300,M,,,17
201100022803,11,6,8,1705,1,2,1,1.0,7.0,17200,M,,,17
201100022804,11,6,9,1810,1,2,2,1.0,3.0,17300,M,,,17
201100022805,11,6,10,1510,1,1,1,1.0,1.0,17300,M,,,17
201100022806,11,6,10,1757,1,2,1,1.0,3.0,17300,M,,,17
201100022807,11,6,14,2015,1,2,9,1.0,6.0,17291,M,,,17
201100022808,11,6,15,1020,1,2,1,1.0,6.0,17300,M,,,17
201100022809,11,6,15,1144,1,2,1,1.0,6.0,17291,M,,,17
201100022810,11,6,15,1200,1,2,1,1.0,7.0,17300,M,,,17
201100022811,11,6,16,1356,1,2,1,1.0,6.0,17300,M,,,17
201100022812,11,6,17,1114,1,2,1,1.0,6.0,17300,M,,,17
201100022813,11,6,18,1707,1,2,1,1.0,1.0,17291,M,,,17
201100022814,11,6,21,1652,1,2,1,1.0,1.0,17300,M,,,17
201100022815,11,6,23,1350,1,2,1,1.0,3.0,17300,M,,,17
201100022816,11,6,24,1355,1,2,1,1.0,2.0,17291,M,,,17
201100022817,11,6,25,547,2,2,1,1.0,7.0,17300,M,,,17
201100022818,11,6,25,2025,1,2,1,1.0,6.0,17300,M,,,17
201100022819,11,6,25,2320,5,2,1,1.0,6.0,17028,M,,,17
201100022820,11,6,27,15,5,2,1,1.0,6.0,17300,M,,,17
201100022821,11,6,27,1721,1,2,3,1.0,3.0,17300,M,,,17
201100022822,11,6,29,1120,1,2,1,1.0,4.0,17200,M,,,17
201100022823,11,6,30,1730,1,2,1,1.0,2.0,17300,M,,,17
201100022824,11,7,1,942,1,2,1,1.0,1.0,17300,M,,,17
201100022825,11,7,2,950,1,2,1,1.0,6.0,17300,M,,,17
201100022826,11,7,3,45,3,2,1,1.0,7.0,17300,M,,,17
201100022827,11,7,3,955,1,2,1,1.0,2.0,17300,M,,,17
201100022828,11,7,3,1920,1,2,2,1.0,3.0,17200,M,,,17
201100022829,11,7,4,1750,1,1,1,1.0,2.0,17300,M,,,17
201100022830,11,7,4,1942,1,2,1,1.0,2.0,17300,M,,,17
201100022831,11,7,6,814,1,2,1,8.0,7.0,17300,M,,,17
201100022832,11,7,6,1345,1,2,9,1.0,3.0,17300,M,,,17
201100022833,11,7,6,1940,1,2,1,1.0,7.0,17300,M,,,17
201100022834,11,7,7,1400,1,2,1,1.0,7.0,17274,M,,,17
201100022835,11,7,7,1540,1,2,1,1.0,2.0,17028,M,,,17
201100022836,11,7,7,2005,1,2,1,1.0,1.0,17300,M,,,17
201100022837,11,7,8,510,5,2,9,1.0,3.0,17300,M,,,17
201100022838,11,7,12,1606,1,2,1,1.0,1.0,17300,M,,,17
201100022839,11,7,14,2345,5,2,2,1.0,3.0,17300,M,,,17
201100022840,11,7,15,105,5,2,1,1.0,6.0,17300,M,,,17
201100022841,11,7,16,845,1,1,1,1.0,6.0,17300,M,,,17
201100022842,11,7,17,245,5,2,1,1.0,1.0,17300,M,,,17
201100022843,11,7,19,1012,1,2,1,2.0,7.0,17291,M,,,17
201100022844,11,7,20,1400,1,2,1,1.0,7.0,17300,M,,,17
201100022845,11,7,22,2155,1,1,9,1.0,2.0,17300,M,,,17
201100022846,11,7,24,1657,1,2,1,2.0,7.0,17300,M,,,17
201100022847,11,7,26,1525,1,2,1,1.0,2.0,17028,M,,,17
201100022848,11,7,27,2032,1,1,1,1.0,6.0,17300,M,,,17
201100022849,11,7,28,55,4,2,3,1.0,3.0,17300,M,,,17
201100022850,11,7,31,1105,1,2,1,1.0,6.0,17300,M,,,17
201100022851,11,8,1,949,1,2,9,1.0,3.0,17300,M,,,17
201100022852,11,8,2,1035,1,2,1,1.0,2.0,17300,M,,,17
201100022853,11,8,2,1634,1,2,1,8.0,2.0,17300,M,,,17
201100022854,11,8,2,1725,1,1,1,1.0,2.0,17300,M,,,17
201100022855,11,8,3,1400,1,2,1,1.0,2.0,17300,M,,,17
201100022856,11,8,3,1942,1,2,1,1.0,6.0,17300,M,,,17
201100022857,11,8,4,1836,1,2,1,1.0,2.0,17300,M,,,17
201100022858,11,8,5,1731,1,2,1,1.0,2.0,17300,M,,,17
201100022859,11,8,6,1250,1,2,1,1.0,6.0,17200,M,,,17
201100022860,11,8,6,1750,1,2,1,1.0,1.0,17300,M,,,17
201100022861,11,8,7,50,5,2,3,1.0,3.0,17300,M,,,17
201100022862,11,8,8,1736,1,2,1,1.0,2.0,17300,M,,,17
201100022863,11,8,8,2255,5,2,1,1.0,7.0,17300,M,,,17
201100022864,11,8,10,10,5,2,1,1.0,6.0,17300,M,,,17
201100022865,11,8,10,1021,1,2,9,1.0,3.0,17291,M,,,17
201100022866,11,8,17,609,5,2,1,1.0,6.0,17300,M,,,17
201100022867,11,8,17,1242,1,2,1,1.0,7.0,17300,M,,,17
201100022868,11,8,19,609,2,2,1,1.0,3.0,17300,M,,,17
201100022869,11,8,20,1240,1,2,1,1.0,1.0,17300,M,,,17
201100022870,11,8,26,1603,1,2,1,1.0,6.0,17300,M,,,17
201100022871,11,8,29,1604,1,2,1,1.0,6.0,17300,M,,,17
201100022872,11,8,29,2205,5,2,1,1.0,7.0,17300,M,,,17
201100022873,11,8,29,2255,2,2,1,1.0,6.0,17300,M,,,17
201100022874,11,8,31,300,5,2,1,1.0,6.0,17300,M,,,17
201100022875,11,8,31,1329,1,2,6,1.0,6.0,17274,M,,,17
201100022876,11,9,1,2105,2,2,1,1.0,7.0,17274,M,,,17
201100022877,11,9,2,1732,1,2,1,1.0,6.0,17300,M,,,17
201100022878,11,9,3,1906,1,2,1,1.0,6.0,17300,M,,,17
201100022879,11,9,4,1510,1,2,1,1.0,6.0,17200,M,,,17
201100022880,11,9,4,2150,5,2,1,1.0,2.0,17300,M,,,17
201100022881,11,9,5,2050,1,2,1,1.0,6.0,17300,M,,,17
201100022882,11,9,6,1354,1,2,1,1.0,3.0,17300,M,,,17
201100022883,11,9,6,1800,1,1,1,1.0,1.0,17300,M,,,17
201100022884,11,9,7,10,5,2,1,1.0,2.0,17291,M,,,17
201100022885,11,9,2,840,1,2,2,1.0,6.0,17300,M,,,17
201100022886,11,9,8,1228,1,1,1,2.0,7.0,17300,M,,,17
201100022887,11,9,10,1859,1,2,1,1.0,2.0,17300,M,,,17
201100022888,11,9,14,2205,5,2,3,1.0,3.0,17300,M,,,17
201100022889,11,9,16,2210,2,1,1,1.0,3.0,17300,M,,,17
201100022890,11,9,17,2200,5,2,1,1.0,1.0,17300,M,,,17
201100022891,11,9,20,1717,1,2,1,1.0,6.0,17300,M,,,17
201100022892,11,9,21,1000,1,1,1,1.0,7.0,17300,M,,,17
201100022893,11,9,21,1820,1,2,1,1.0,1.0,17300,M,,,17
201100022894,11,9,22,729,5,2,1,1.0,6.0,17300,M,,,17
201100022895,11,9,22,1048,1,2,1,1.0,2.0,17300,M,,,17
201100022896,11,9,23,1900,1,2,1,1.0,1.0,17300,M,,,17
201100022897,11,9,24,430,3,2,1,1.0,6.0,17300,M,,,17
201100022898,11,9,25,2100,5,2,1,1.0,1.0,17300,M,,,17
201100022899,11,9,27,1347,1,2,1,1.0,7.0,17300,M,,,17
201100022900,11,9,27,1423,1,1,1,1.0,6.0,17300,M,,,17
201100022901,11,9,27,1731,1,2,1,1.0,6.0,17300,M,,,17
201100022902,11,9,28,800,1,2,1,1.0,1.0,17300,M,,,17
201100022903,11,9,28,1046,1,2,9,1.0,3.0,17300,M,,,17
201100022904,11,9,28,1354,1,2,1,1.0,2.0,17300,M,,,17
201100022905,11,9,28,1835,2,2,1,1.0,6.0,17300,M,,,17
201100022906,11,9,29,805,1,2,1,1.0,7.0,17300,M,,,17
201100022907,11,9,29,1830,2,2,1,1.0,2.0,17300,M,,,17
201100022908,11,10,1,1946,1,2,1,1.0,3.0,17300,M,,,17
201100022909,11,10,2,1940,1,2,1,1.0,2.0,17300,M,,,17
201100022910,11,10,3,941,1,2,1,1.0,7.0,17300,M,,,17
201100022911,11,10,3,1739,1,1,1,1.0,2.0,17200,M,,,17
201100022912,11,10,3,1911,5,2,1,1.0,6.0,17300,M,,,17
201100022913,11,10,3,2110,5,2,1,1.0,7.0,17300,M,,,17
201100022914,11,10,3,2220,4,2,1,1.0,7.0,17200,M,,,17
201100022915,11,10,5,1355,1,2,1,1.0,1.0,17300,M,,,17
201100022916,11,10,6,1525,1,2,1,1.0,2.0,17028,M,,,17
201100022917,11,10,6,2200,5,2,3,1.0,3.0,17300,M,,,17
201100022918,11,10,7,916,1,2,9,1.0,6.0,17028,M,,,17
201100022919,11,10,7,2225,3,2,1,1.0,6.0,17300,M,,,17
201100022920,11,10,11,806,1,2,1,1.0,2.0,17291,M,,,17
201100022921,11,10,11,1536,1,2,1,1.0,6.0,17300,M,,,17
201100022922,11,10,11,1633,1,2,1,1.0,2.0,17300,M,,,17
201100022923,11,10,12,724,2,2,1,1.0,3.0,17300,M,,,17
201100022924,11,10,12,1138,1,2,1,1.0,6.0,17300,M,,,17
201100022925,11,10,12,1241,1,2,9,1.0,2.0,17274,M,,,17
201100022926,11,10,13,2305,5,2,1,1.0,6.0,17300,M,,,17
201100022927,11,10,14,1531,1,2,1,1.0,6.0,17300,M,,,17
201100022928,11,10,17,2010,5,2,1,1.0,6.0,17300,M,,,17
201100022929,11,10,17,2210,5,2,2,1.0,3.0,17300,M,,,17
201100022930,11,10,18,1315,1,2,9,1.0,2.0,17300,M,,,17
201100022931,11,10,21,1748,1,1,1,1.0,7.0,17300,M,,,17
201100022932,11,10,22,1020,1,2,1,1.0,2.0,17300,M,,,17
201100022933,11,10,22,1540,1,2,6,1.0,4.0,17291,M,,,17
201100022934,11,10,24,1730,1,1,1,1.0,1.0,17300,M,,,17
201100022935,11,10,27,1247,1,2,1,1.0,2.0,17300,M,,,17
201100022936,11,10,29,541,5,2,9,1.0,6.0,17300,M,,,17
201100022937,11,10,29,1800,5,2,2,1.0,3.0,17300,M,,,17
201100022938,11,11,2,902,1,2,1,1.0,1.0,17300,M,,,17
201100022939,11,11,3,812,2,2,1,1.0,7.0,17300,M,,,17
201100022940,11,11,3,1824,2,1,1,1.0,3.0,17291,M,,,17
201100022941,11,11,5,1039,1,2,9,1.0,7.0,17300,M,,,17
201100022942,11,11,6,1545,1,1,1,2.0,7.0,17300,M,,,17
201100022943,11,11,7,1758,1,2,1,1.0,3.0,17028,M,,,17
201100022944,11,11,7,1814,5,2,9,1.0,6.0,17028,M,,,17
201100022945,11,11,9,1456,1,2,3,1.0,3.0,17300,M,,,17
201100022946,11,11,10,1848,3,1,1,1.0,4.0,17300,M,,,17
201100022947,11,11,11,1030,1,2,1,1.0,3.0,17028,M,,,17
201100022948,11,11,13,1417,1,2,9,1.0,2.0,17300,M,,,17
201100022949,11,11,10,1703,1,2,1,1.0,4.0,17300,M,,,17
201100022950,11,11,14,1920,3,2,1,1.0,1.0,17028,M,,,17
201100022951,11,11,14,1929,5,2,1,1.0,6.0,17300,M,,,17
201100022952,11,11,15,1245,1,2,1,1.0,6.0,17300,M,,,17
201100022953,11,11,15,1730,1,2,1,1.0,7.0,17300,M,,,17
201100022954,11,11,16,1144,1,2,1,1.0,6.0,17300,M,,,17
201100022955,11,11,16,1255,1,2,1,1.0,6.0,17028,M,,,17
201100022956,11,11,17,355,3,2,1,1.0,7.0,17028,M,,,17
201100022957,11,11,19,1530,1,2,1,1.0,6.0,17300,M,,,17
201100022958,11,11,21,609,5,2,1,1.0,6.0,17300,M,,,17
201100022959,11,11,22,1140,1,2,1,1.0,1.0,17291,M,,,17
201100022960,11,11,23,1420,1,2,1,1.0,1.0,17300,M,,,17
201100022961,11,11,23,1850,1,2,1,1.0,7.0,17300,M,,,17
201100022962,11,11,24,1455,1,2,1,1.0,6.0,17300,M,,,17
201100022963,11,11,28,846,1,1,1,1.0,6.0,17300,M,,,17
201100022964,11,11,28,850,1,2,1,1.0,1.0,17300,M,,,17
201100022965,11,11,28,2110,5,2,1,1.0,1.0,17300,M,,,17
201100022966,11,11,30,1227,1,2,1,1.0,2.0,17300,M,,,17
201100022967,11,12,2,1205,1,2,1,1.0,1.0,17300,M,,,17
201100022968,11,12,2,1938,5,2,2,8.0,3.0,17300,M,,,17
201100022969,11,12,3,1745,2,2,1,2.0,6.0,17300,M,,,17
201100022970,11,12,3,1804,5,2,1,1.0,7.0,17300,M,,,17
201100022971,11,12,4,125,5,2,1,2.0,7.0,17300,M,,,17
201100022972,11,12,4,1908,5,2,9,1.0,6.0,17300,M,,,17
201100022973,11,12,5,1715,1,2,9,1.0,7.0,17300,M,,,17
201100022974,11,12,5,2010,5,2,1,1.0,6.0,17300,M,,,17
201100022975,11,12,6,1925,5,2,1,1.0,6.0,17300,M,,,17
201100022976,11,12,7,755,5,2,1,1.0,7.0,17300,M,,,17
201100022977,11,12,7,1600,1,2,1,8.0,7.0,17291,M,,,17
201100022978,11,12,7,2050,5,2,9,1.0,3.0,17300,M,,,17
201100022979,11,12,8,1235,1,2,1,1.0,1.0,17300,M,,,17
201100022980,11,12,8,1820,4,2,1,1.0,3.0,17200,M,,,17
201100022981,11,12,9,1820,5,1,1,2.0,2.0,17300,M,,,17
201100022982,11,12,13,1902,5,2,1,1.0,7.0,17300,M,,,17
201100022983,11,12,12,820,1,1,1,1.0,3.0,17300,M,,,17
201100022984,11,12,14,1345,1,2,1,2.0,2.0,17300,M,,,17
201100022985,11,12,16,833,1,2,1,1.0,7.0,17300,M,,,17
201100022986,11,12,20,1612,1,2,1,1.0,2.0,17291,M,,,17
201100022987,11,12,20,1827,2,2,1,1.0,4.0,17300,M,,,17
201100022988,11,12,20,2050,5,2,3,1.0,3.0,17300,M,,,17
201100022989,11,12,21,1401,1,1,1,1.0,3.0,17300,M,,,17
201100022990,11,12,22,1558,1,2,1,1.0,7.0,17028,M,,,17
201100022991,11,12,25,705,5,2,1,1.0,6.0,17300,M,,,17
201100022992,11,12,26,1750,1,2,1,1.0,7.0,17300,M,,,17
201100022993,11,12,27,2310,5,2,1,1.0,7.0,17300,M,,,17
201100022994,11,1,10,1105,1,2,1,1.0,6.0,17306,M,,,17
201100022995,11,1,10,1715,1,2,1,1.0,6.0,17306,M,,,17
201100022996,11,1,19,910,1,2,3,1.0,3.0,17306,M,,,17
201100022997,11,1,19,1030,1,2,1,1.0,6.0,17306,M,,,17
201100022998,11,2,2,340,3,1,1,9.0,7.0,17306,M,,,17
201100022999,11,2,2,1035,1,2,1,1.0,1.0,17306,M,,,17
201100023000,11,2,7,1415,1,2,6,1.0,6.0,17380,M,,,17
201100023001,11,2,9,1745,1,2,1,1.0,6.0,17306,M,,,17
201100023002,11,2,24,1630,1,2,1,1.0,3.0,17306,M,,,17
201100023003,11,3,1,1430,1,2,1,1.0,3.0,17306,M,,,17
201100023004,11,3,2,1105,1,2,2,1.0,3.0,17306,M,,,17
201100023005,11,3,9,1215,1,2,1,1.0,1.0,17306,M,,,17
201100023006,11,3,14,2150,5,1,1,1.0,7.0,17306,M,,,17
201100023007,11,3,23,1300,1,2,1,1.0,6.0,17380,M,,,17
201100023008,11,3,26,1347,1,2,1,1.0,3.0,17306,M,,,17
201100023009,11,4,26,1240,1,2,1,1.0,3.0,17306,M,,,17
201100023010,11,4,29,1514,1,2,3,1.0,3.0,17333,M,,,17
201100023011,11,5,3,1533,1,2,1,1.0,3.0,17333,M,,,17
201100023012,11,5,7,951,1,2,1,1.0,6.0,17380,M,,,17
201100023013,11,5,9,1805,1,2,1,1.0,6.0,17306,M,,,17
201100023014,11,5,28,125,3,1,1,1.0,7.0,17461,M,,,17
201100023015,11,5,28,145,5,1,9,1.0,7.0,17306,M,,,17
201100023016,11,6,1,1235,1,2,1,1.0,2.0,17306,M,,,17
201100023017,11,6,1,1235,1,1,1,1.0,6.0,17306,M,,,17
201100023018,11,6,1,1245,1,2,1,1.0,3.0,17306,M,,,17
201100023019,11,6,2,1300,1,2,1,1.0,3.0,17306,M,,,17
201100023020,11,6,4,210,3,1,9,1.0,7.0,17333,M,,,17
201100023021,11,6,5,1800,1,2,1,1.0,2.0,17380,M,,,17
201100023022,11,6,13,140,3,2,1,1.0,7.0,17306,M,,,17
201100023023,11,6,17,1720,1,2,1,1.0,4.0,17306,M,,,17
201100023024,11,6,21,1613,1,2,1,1.0,2.0,17306,M,,,17
201100023025,11,6,22,230,5,2,1,1.0,6.0,17306,M,,,17
201100023026,11,6,25,1405,1,2,1,1.0,6.0,17306,M,,,17
201100023027,11,6,26,1530,1,2,1,1.0,6.0,17333,M,,,17
201100023028,11,6,27,1830,2,2,3,1.0,3.0,17306,M,,,17
201100023029,11,6,28,1630,1,2,6,1.0,3.0,17333,M,,,17
201100023030,11,6,29,835,1,2,1,1.0,6.0,17306,M,,,17
201100023031,11,7,6,1608,1,2,1,1.0,2.0,17461,M,,,17
201100023032,11,7,8,350,5,2,1,1.0,7.0,17333,M,,,17
201100023033,11,7,8,1215,1,2,1,1.0,6.0,17306,M,,,17
201100023034,11,7,9,540,5,2,1,1.0,7.0,17461,M,,,17
201100023035,11,7,11,850,1,2,1,1.0,2.0,17306,M,,,17
201100023036,11,7,11,2000,2,2,1,1.0,2.0,17306,M,,,17
201100023037,11,7,13,1055,1,2,1,1.0,6.0,17306,M,,,17
201100023038,11,7,14,1210,1,2,1,1.0,5.0,17306,M,,,17
201100023039,11,7,16,525,3,1,1,1.0,6.0,17306,M,,,17
201100023040,11,7,17,1250,1,2,1,1.0,6.0,17306,M,,,17
201100023041,11,7,18,1755,1,2,1,1.0,6.0,17306,M,,,17
201100023042,11,7,21,35,5,2,1,1.0,6.0,17333,M,,,17
201100023043,11,7,21,825,1,2,1,1.0,6.0,17461,M,,,17
201100023044,11,7,21,920,1,2,1,2.0,6.0,17306,M,,,17
201100023045,11,7,21,2016,2,2,1,1.0,6.0,17306,M,,,17
201100023046,11,7,23,1350,1,2,3,1.0,3.0,17306,M,,,17
201100023047,11,7,25,1845,1,1,1,1.0,6.0,17380,M,,,17
201100023048,11,7,27,1110,1,2,1,1.0,6.0,17306,M,,,17
201100023049,11,7,27,1140,1,2,1,1.0,6.0,17306,M,,,17
201100023050,11,7,27,2000,1,2,2,1.0,6.0,17306,M,,,17
201100023051,11,8,1,400,5,2,1,1.0,6.0,17333,M,,,17
201100023052,11,8,3,35,3,2,1,1.0,7.0,17306,M,,,17
201100023053,11,8,3,1800,1,2,1,1.0,3.0,17306,M,,,17
201100023054,11,8,7,1715,1,2,1,1.0,7.0,17306,M,,,17
201100023055,11,8,8,844,1,1,1,1.0,7.0,17306,M,,,17
201100023056,11,8,8,1255,1,2,1,1.0,4.0,17306,M,,,17
201100023057,11,8,10,1637,1,1,1,1.0,2.0,17380,M,,,17
201100023058,11,8,10,2118,2,2,1,1.0,6.0,17306,M,,,17
201100023059,11,8,10,1635,1,2,1,1.0,2.0,17306,M,,,17
201100023060,11,8,11,915,1,2,1,1.0,6.0,17333,M,,,17
201100023061,11,8,11,1145,1,2,1,1.0,4.0,17333,M,,,17
201100023062,11,8,12,1215,1,2,1,1.0,6.0,17306,M,,,17
201100023063,11,8,14,1300,1,2,1,1.0,6.0,17306,M,,,17
201100023064,11,8,17,1145,1,2,1,1.0,6.0,17380,M,,,17
201100023065,11,8,21,1923,1,2,1,1.0,6.0,17333,M,,,17
201100023066,11,8,26,2350,5,2,1,1.0,6.0,17306,M,,,17
201100023067,11,8,27,1830,2,1,1,1.0,1.0,17380,M,,,17
201100023068,11,8,28,1050,1,2,1,1.0,6.0,17461,M,,,17
201100023069,11,8,29,1000,1,1,1,1.0,2.0,17461,M,,,17
201100023070,11,8,29,1003,1,2,3,1.0,3.0,17306,M,,,17
201100023071,11,8,29,1528,1,2,1,1.0,6.0,17306,M,,,17
201100023072,11,9,2,1641,1,1,1,1.0,4.0,17380,M,,,17
201100023073,11,9,7,1045,1,1,1,1.0,1.0,17380,M,,,17
201100023074,11,9,7,1300,1,2,1,1.0,2.0,17306,M,,,17
201100023075,11,9,21,1314,1,2,3,1.0,6.0,17306,M,,,17
201100023076,11,9,23,1710,1,2,1,1.0,6.0,17333,M,,,17
201100023077,11,9,25,1145,1,2,3,1.0,3.0,17306,M,,,17
201100023078,11,10,1,945,1,2,3,1.0,3.0,17306,M,,,17
201100023079,11,10,1,1800,2,2,1,1.0,6.0,17461,M,,,17
201100023080,11,10,5,1152,1,2,1,1.0,6.0,17306,M,,,17
201100023081,11,10,5,1651,1,2,1,1.0,6.0,17306,M,,,17
201100023082,11,10,6,1726,1,2,1,1.0,6.0,17306,M,,,17
201100023083,11,10,7,1213,1,2,1,1.0,6.0,17306,M,,,17
201100023084,11,10,13,255,3,2,1,1.0,6.0,17461,M,,,17
201100023085,11,10,20,940,1,2,1,7.0,1.0,17306,M,,,17
201100023086,11,10,26,1755,1,2,1,1.0,6.0,17306,M,,,17
201100023087,11,11,3,1350,1,2,2,1.0,5.0,17306,M,,,17
201100023088,11,11,10,2055,5,2,1,1.0,2.0,17306,M,,,17
201100023089,11,11,11,1735,2,2,1,1.0,6.0,17306,M,,,17
201100023090,11,11,15,1215,1,2,1,1.0,4.0,17228,M,,,17
201100023091,11,11,19,1315,1,2,6,1.0,3.0,17380,M,,,17
201100023092,11,11,30,1050,1,2,2,1.0,3.0,17306,M,,,17
201100023093,11,12,6,755,2,2,1,1.0,7.0,17306,M,,,17
201100023094,11,12,7,900,1,2,1,1.0,2.0,17306,M,,,17
201100023095,11,12,17,530,3,1,1,1.0,7.0,17306,M,,,17
201100023096,11,12,17,1005,1,2,1,1.0,6.0,17306,M,,,17
201100023097,11,12,19,1120,1,2,1,1.0,1.0,17333,M,,,17
201100023098,11,12,21,220,5,2,1,1.0,7.0,17461,M,,,17
201100023099,11,12,21,1155,1,2,1,1.0,6.0,17306,M,,,17
201100023100,11,12,24,939,1,2,2,1.0,5.0,17306,M,,,17
201100023101,11,12,26,1800,5,1,1,1.0,3.0,17306,M,,,17
201100023102,11,12,30,1745,2,2,1,1.0,6.0,17306,M,,,17
201100023103,11,8,8,1400,1,1,1,1.0,7.0,27062,M,4930100.0,79702.0,27
201100023104,11,1,9,1710,1,2,1,1.0,6.0,17415,M,,,17
201100023105,11,1,11,740,5,2,1,2.0,6.0,17415,M,,,17
201100023106,11,1,15,940,1,2,1,5.0,6.0,17415,M,,,17
201100023107,11,1,19,800,2,1,1,1.0,6.0,17415,M,,,17
201100023108,11,1,20,1400,1,2,1,1.0,6.0,17415,M,,,17