Num_Acc,an,mois,jour,hrmn,lum,agg,int,atm,col,com,gps,lat,long,dep
201100023109,11,1,21,830,1,2,1,9.0,6.0,17415,M,,,17
201100023110,11,1,21,1650,1,2,1,1.0,6.0,17415,M,,,17
201100023111,11,1,24,755,2,1,1,1.0,6.0,17415,M,,,17
201100023112,11,1,27,900,1,1,1,9.0,7.0,17415,M,,,17
201100023113,11,1,27,1000,1,2,1,9.0,7.0,17415,M,,,17
201100023114,11,1,27,1030,1,2,1,9.0,6.0,17415,M,,,17
201100023115,11,1,28,1515,1,2,1,1.0,6.0,17415,M,,,17
201100023116,11,2,3,1630,1,2,1,2.0,6.0,17415,M,,,17
201100023117,11,2,10,1710,1,2,1,1.0,6.0,17415,M,,,17
201100023118,11,2,13,1530,1,2,1,1.0,6.0,17415,M,,,17
201100023119,11,2,16,955,1,2,1,1.0,7.0,17415,M,,,17
201100023120,11,2,16,2320,5,2,1,1.0,7.0,17415,M,,,17
201100023121,11,2,17,1513,1,2,1,1.0,6.0,17415,M,,,17
201100023122,11,2,23,2000,5,2,1,1.0,6.0,17415,M,,,17
201100023123,11,2,24,2230,5,2,1,1.0,6.0,17415,M,,,17
201100023124,11,3,17,920,1,1,1,1.0,6.0,17415,M,,,17
201100023125,11,3,17,1845,1,2,1,1.0,6.0,17415,M,,,17
201100023126,11,3,18,1105,1,2,1,2.0,6.0,17415,M,,,17
201100023127,11,3,18,1250,1,2,1,2.0,7.0,17415,M,,,17
201100023128,11,3,22,1720,1,2,1,1.0,6.0,17415,M,,,17
201100023129,11,3,28,845,1,2,1,1.0,6.0,17415,M,,,17
201100023130,11,3,30,1300,1,1,1,1.0,7.0,17415,M,,,17
201100023131,11,4,8,845,1,2,1,1.0,6.0,17415,M,,,17
201100023132,11,4,12,1215,1,2,1,1.0,6.0,17415,M,,,17
201100023133,11,4,20,1705,1,2,1,1.0,6.0,17415,M,,,17
201100023134,11,4,27,1715,1,2,1,1.0,6.0,17415,M,,,17
201100023135,11,4,30,245,3,2,1,1.0,6.0,17415,M,,,17
201100023136,11,5,8,1245,1,2,1,1.0,6.0,17415,M,,,17
201100023137,11,5,11,1140,1,2,1,1.0,6.0,17415,M,,,17
201100023138,11,5,11,1850,1,2,1,1.0,6.0,17415,M,,,17
201100023139,11,5,12,2305,5,2,1,1.0,6.0,17415,M,,,17
201100023140,11,5,14,1530,1,1,1,1.0,6.0,17415,M,,,17
201100023141,11,5,20,1240,1,1,1,1.0,7.0,17415,M,,,17
201100023142,11,5,20,1905,1,2,1,1.0,1.0,17415,M,,,17
201100023143,11,5,25,1635,1,1,1,1.0,6.0,17415,M,,,17
201100023144,11,5,26,1000,1,1,1,1.0,6.0,17415,M,,,17
201100023145,11,5,26,1820,1,2,1,1.0,6.0,17415,M,,,17
201100023146,11,5,30,1615,1,2,1,1.0,6.0,17415,M,,,17
201100023147,11,6,3,1350,1,1,1,1.0,6.0,17415,M,,,17
201100023148,11,6,4,445,5,2,1,1.0,6.0,17415,M,,,17
201100023149,11,6,7,1250,1,2,1,1.0,6.0,17415,M,,,17
201100023150,11,6,11,1150,1,2,1,1.0,6.0,17415,M,,,17
201100023151,11,6,13,2055,1,2,1,1.0,6.0,17415,M,,,17
201100023152,11,6,14,1430,1,2,1,1.0,6.0,17415,M,,,17
201100023153,11,6,17,920,1,1,1,2.0,6.0,17415,M,,,17
201100023154,11,6,17,1525,1,1,1,3.0,6.0,17415,M,,,17
201100023155,11,6,21,1515,1,2,1,1.0,6.0,17415,M,,,17
201100023156,11,6,29,1750,1,2,1,1.0,6.0,17415,M,,,17
201100023157,11,6,30,1425,1,1,1,1.0,6.0,17415,M,,,17
201100023158,11,7,2,1500,1,2,1,1.0,6.0,17415,M,,,17
201100023159,11,7,16,1500,1,2,1,2.0,6.0,17415,M,,,17
201100023160,11,7,22,1750,1,2,1,1.0,6.0,17415,M,,,17
201100023161,11,7,23,500,5,1,1,1.0,6.0,17415,M,,,17
201100023162,11,8,1,1025,1,2,1,1.0,6.0,17415,M,,,17
201100023163,11,8,6,1030,1,2,1,2.0,6.0,17415,M,,,17
201100023164,11,8,6,1145,1,1,1,1.0,6.0,17415,M,,,17
201100023165,11,8,12,1430,1,1,1,1.0,6.0,17415,M,,,17
201100023166,11,8,12,2000,1,2,1,1.0,6.0,17415,M,,,17
201100023167,11,8,17,1030,1,1,1,1.0,6.0,17415,M,,,17
201100023168,11,8,22,1715,1,2,1,1.0,6.0,17415,M,,,17
201100023169,11,8,25,1550,1,2,1,1.0,6.0,17415,M,,,17
201100023170,11,8,29,1550,1,1,1,1.0,6.0,17415,M,,,17
201100023171,11,8,31,1545,1,2,1,1.0,6.0,17415,M,,,17
201100023172,11,9,1,1815,1,2,1,1.0,6.0,17415,M,,,17
201100023173,11,9,3,335,5,2,1,1.0,6.0,17415,M,,,17
201100023174,11,9,4,1745,1,1,1,1.0,6.0,17415,M,,,17
201100023175,11,9,6,750,1,1,1,1.0,6.0,17415,M,,,17
201100023176,11,9,9,2000,1,2,1,1.0,6.0,17415,M,,,17
201100023177,11,9,10,1750,1,1,1,1.0,6.0,17415,M,,,17
201100023178,11,9,15,115,5,2,1,1.0,6.0,17415,M,,,17
201100023179,11,9,21,1930,2,2,1,1.0,7.0,17415,M,,,17
201100023180,11,9,26,1000,1,1,1,1.0,7.0,17415,M,,,17
201100023181,11,9,28,1215,1,1,1,1.0,7.0,17415,M,,,17
201100023182,11,9,28,720,2,1,1,1.0,6.0,17415,M,,,17
201100023183,11,10,5,1345,1,2,1,1.0,6.0,17415,M,,,17
201100023184,11,10,2,1620,1,2,1,1.0,6.0,17415,M,,,17
201100023185,11,10,2,1850,5,2,1,1.0,6.0,17415,M,,,17
201100023186,11,10,16,1700,1,2,1,1.0,6.0,17415,M,,,17
201100023187,11,10,20,800,1,2,1,1.0,6.0,17415,M,,,17
201100023188,11,10,22,910,1,2,1,1.0,6.0,17415,M,,,17
201100023189,11,11,2,1600,1,2,1,1.0,6.0,17415,M,,,17
201100023190,11,11,15,1720,1,2,1,1.0,6.0,17415,M,,,17
201100023191,11,11,19,310,5,2,1,1.0,6.0,17415,M,,,17
201100023192,11,11,21,1805,2,1,1,1.0,6.0,17415,M,,,17
201100023193,11,11,22,1630,1,2,1,1.0,6.0,17415,M,,,17
201100023194,11,11,23,2115,5,1,1,1.0,6.0,17415,M,,,17
201100023195,11,11,28,1010,1,2,1,1.0,6.0,17415,M,,,17
201100023196,11,11,29,2150,5,2,1,2.0,6.0,17415,M,,,17
201100023197,11,12,2,1115,1,2,1,1.0,6.0,17415,M,,,17
201100023198,11,12,3,1059,1,2,1,2.0,6.0,17415,M,,,17
201100023199,11,12,5,1530,1,2,1,1.0,6.0,17415,M,,,17
201100023200,11,12,6,1620,1,2,1,1.0,6.0,17415,M,,,17
201100023201,11,12,8,1120,1,2,1,1.0,6.0,17415,M,,,17
201100023202,11,12,19,1400,1,2,1,2.0,6.0,17415,M,,,17
201100023203,11,12,19,1730,5,2,1,2.0,6.0,17415,M,,,17
201100023204,11,12,19,1750,5,2,1,2.0,7.0,17415,M,,,17
201100023205,11,12,21,845,1,2,1,2.0,6.0,17415,M,,,17
201100023206,11,12,22,845,1,2,1,1.0,6.0,17415,M,,,17
201100023207,11,12,23,640,5,2,1,1.0,6.0,17415,M,,,17
201100023208,11,12,23,1624,1,1,1,1.0,6.0,17415,M,,,17
201100023209,11,12,28,1010,1,2,1,1.0,6.0,17415,M,,,17
201100023210,11,12,31,1700,1,2,1,1.0,6.0,17415,M,,,17
201100023211,11,1,16,45,3,1,1,1.0,6.0,37170,M,0.0,0.0,37
201100023212,11,1,28,1745,2,1,1,1.0,6.0,37160,M,0.0,0.0,37
201100023213,11,4,19,115,3,1,1,1.0,2.0,37166,M,0.0,0.0,37
201100023214,11,4,19,1615,1,1,1,1.0,4.0,37194,M,0.0,0.0,37
201100023215,11,4,19,1515,1,1,1,1.0,2.0,37166,M,0.0,0.0,37
201100023216,11,7,4,1045,1,1,1,1.0,6.0,37010,M,4753440.0,95940.0,37
201100023217,11,8,7,1800,1,1,1,1.0,5.0,37160,M,0.0,0.0,37
201100023218,11,12,14,1245,1,1,1,2.0,7.0,37179,M,4746540.0,76381.0,37
201100023219,11,2,4,1230,1,1,3,1.0,5.0,34095,M,4352350.0,373581.0,34
201100023220,11,2,28,1345,1,1,1,1.0,3.0,34270,M,4356075.0,384937.0,34
201100023221,11,3,30,1700,1,2,1,1.0,3.0,34270,M,4357646.0,382816.0,34
201100023222,11,5,1,2040,2,1,1,1.0,1.0,34095,M,4354110.0,376536.0,34
201100023223,11,5,12,1615,1,1,1,3.0,6.0,34270,M,4355537.0,384710.0,34
201100023224,11,6,20,1545,1,1,1,1.0,3.0,34270,M,4355100.0,377900.0,34
201100023225,11,7,5,2030,2,1,1,1.0,6.0,34095,M,4356100.0,376600.0,34
201100023226,11,7,21,1700,1,1,1,1.0,2.0,34270,M,4356503.0,385018.0,34
201100023227,11,8,5,1430,1,1,1,1.0,3.0,34095,M,4356700.0,379200.0,34
201100023228,11,8,15,1945,1,1,1,1.0,7.0,34095,M,4353400.0,376000.0,34
201100023229,11,10,17,1730,1,1,9,1.0,3.0,34095,M,4356700.0,380200.0,34
201100023230,11,10,19,1015,1,1,1,1.0,3.0,34270,M,0.0,0.0,34
201100023231,11,10,23,2015,4,2,1,1.0,1.0,34270,M,0.0,0.0,34
201100023232,11,2,9,100,3,1,1,1.0,6.0,66021,M,4271525.0,293246.0,66
201100023233,11,4,1,115,3,1,1,1.0,2.0,66141,M,0.0,0.0,66
201100023234,11,9,4,2230,3,1,1,1.0,7.0,66050,M,0.0,0.0,66
201100023235,11,9,26,1730,1,1,1,1.0,1.0,66050,M,4277695.0,295214.0,66
201100023236,11,10,16,130,3,1,1,1.0,6.0,66050,M,0.0,0.0,66
201100023237,11,10,22,1100,1,1,1,1.0,6.0,66050,M,0.0,0.0,66
201100023238,11,11,24,1515,1,1,1,1.0,2.0,66141,M,0.0,0.0,66
201100023239,11,2,11,2115,3,1,1,1.0,7.0,30081,M,4414559.0,471633.0,30
201100023240,11,2,21,915,1,1,1,1.0,3.0,30141,M,4411611.0,468817.0,30
201100023241,11,3,12,630,3,1,9,1.0,6.0,30225,M,4415420.0,452028.0,30
201100023242,11,3,20,45,3,1,1,1.0,6.0,30076,M,4410522.0,454088.0,30
201100023243,11,5,4,1845,1,1,1,1.0,1.0,30076,M,4411481.0,452942.0,30
201100023244,11,5,17,715,1,1,1,1.0,6.0,30127,M,4407785.0,458747.0,30
201100023245,11,5,27,1815,1,1,1,1.0,7.0,30076,M,4410566.0,453963.0,30
201100023246,11,6,22,1030,1,1,1,1.0,2.0,30092,M,4409247.0,459683.0,30
201100023247,11,6,22,1430,1,1,1,1.0,5.0,30207,M,4405575.0,457096.0,30
201100023248,11,7,3,245,3,1,1,1.0,7.0,30207,M,4404555.0,457801.0,30
201100023249,11,7,5,1000,1,2,1,1.0,3.0,30028,M,4416531.0,461927.0,30
201100023250,11,7,6,1515,1,1,6,1.0,7.0,30191,M,4412202.0,468415.0,30
201100023251,11,7,8,2215,3,1,1,1.0,7.0,30292,M,4410135.0,456772.0,30
201100023252,11,7,22,1130,1,1,1,1.0,7.0,30331,M,4410840.0,457287.0,30
201100023253,11,8,23,745,1,1,1,1.0,1.0,30141,M,4410306.0,461210.0,30
201100023254,11,9,2,1345,1,1,1,1.0,1.0,30355,M,4408040.0,460910.0,30
201100023255,11,9,5,1730,1,1,9,1.0,2.0,30331,M,4413700.0,461500.0,30
201100023256,11,9,21,1230,1,1,1,1.0,1.0,30331,M,4413109.0,461404.0,30
201100023257,11,9,25,1845,1,2,1,1.0,3.0,30141,M,4409838.0,467764.0,30
201100023258,11,10,3,530,3,1,1,1.0,7.0,30225,M,4414897.0,453960.0,30
201100023259,11,10,24,700,3,1,1,2.0,7.0,30127,M,4407081.0,458115.0,30
201100023260,11,11,12,2030,3,2,1,1.0,6.0,30302,M,4406855.0,465164.0,30
201100023261,11,12,1,1330,1,2,1,1.0,6.0,30092,M,4408495.0,459376.0,30
201100023262,11,12,16,1600,1,1,1,2.0,5.0,30127,M,4406234.0,457351.0,30
201100023263,11,3,16,1730,1,1,1,4.0,1.0,63163,M,0.0,0.0,63
201100023264,11,6,5,1645,1,1,1,3.0,7.0,63206,M,0.0,0.0,63
201100023265,11,9,19,1500,1,1,1,1.0,2.0,63163,M,0.0,0.0,63
201100023266,11,9,25,1730,1,1,1,1.0,6.0,63163,M,0.0,0.0,63
201100023267,11,4,25,730,2,1,1,2.0,6.0,37187,M,0.0,0.0,37
201100023268,11,5,30,215,3,1,1,1.0,7.0,37176,M,4708660.0,58596.0,37
201100023269,11,6,26,1545,1,1,1,1.0,7.0,37142,M,4707380.0,58676.0,37
201100023270,11,7,7,730,2,1,1,1.0,6.0,37008,M,0.0,0.0,37
201100023271,11,8,14,1215,1,1,1,3.0,6.0,37104,M,0.0,0.0,37
201100023272,11,8,20,715,2,1,1,1.0,7.0,37250,M,0.0,0.0,37
201100023273,11,9,15,1715,1,1,1,1.0,6.0,37278,M,4719660.0,64967.0,37
201100023274,11,12,2,1630,1,1,1,8.0,5.0,37261,M,0.0,0.0,37
201100023275,11,1,19,815,1,2,1,1.0,1.0,83017,M,0.0,0.0,83
201100023276,11,1,25,1000,1,1,1,1.0,1.0,83054,M,0.0,0.0,83
201100023277,11,2,14,1900,5,2,1,2.0,1.0,83054,M,0.0,0.0,83
201100023278,11,7,14,2015,1,2,1,1.0,7.0,83130,M,0.0,0.0,83
201100023279,11,8,31,1700,1,2,6,1.0,3.0,83054,M,0.0,0.0,83
201100023280,11,9,4,100,3,1,1,8.0,7.0,83130,M,0.0,0.0,83
201100023281,11,10,5,945,1,2,3,1.0,3.0,83130,M,0.0,0.0,83
201100023282,11,11,25,2330,3,1,1,1.0,6.0,83130,M,4316900.0,607000.0,83
201100023283,11,1,1,340,3,1,1,1.0,7.0,18033,M,4706090.0,243114.0,18
201100023284,11,1,1,1715,5,2,2,8.0,2.0,18033,M,4711070.0,241434.0,18
201100023285,11,1,5,1600,1,2,2,1.0,7.0,18033,M,4712160.0,240842.0,18
201100023286,11,1,7,950,1,2,1,2.0,4.0,18033,M,4708430.0,241386.0,18
201100023287,11,1,8,1617,1,2,2,1.0,6.0,18033,M,4707580.0,240592.0,18
201100023288,11,1,11,1400,1,2,1,1.0,6.0,18033,M,4709380.0,239555.0,18
201100023289,11,1,12,1400,1,1,2,2.0,3.0,18205,M,4712190.0,236631.0,18
201100023290,11,1,13,1800,3,1,1,8.0,6.0,18033,M,4711740.0,244186.0,18
201100023291,11,1,13,1807,5,2,6,1.0,6.0,18033,M,4710080.0,241650.0,18
201100023292,11,1,13,1845,4,2,1,1.0,2.0,18033,M,4709250.0,240260.0,18
201100023293,11,1,14,1100,1,2,2,1.0,3.0,18033,M,4707590.0,240592.0,18
201100023294,11,1,15,600,3,1,6,8.0,7.0,18255,M,4701520.0,228251.0,18
201100023295,11,1,15,1100,1,2,1,1.0,2.0,18033,M,4708370.0,242771.0,18
201100023296,11,1,15,2105,5,2,3,1.0,3.0,18205,M,4709890.0,237124.0,18
201100023297,11,1,17,2307,5,2,1,9.0,6.0,18033,M,4707770.0,239172.0,18
201100023298,11,1,18,1800,5,2,3,1.0,3.0,18033,M,4708190.0,236438.0,18
201100023299,11,1,21,2124,5,2,2,1.0,3.0,18033,M,4707930.0,241992.0,18
201100023300,11,1,24,1610,1,2,1,2.0,1.0,18205,M,4709770.0,238190.0,18
201100023301,11,1,26,1350,1,2,3,2.0,3.0,18213,M,4709770.0,246293.0,18
201100023302,11,1,30,1805,5,2,3,1.0,3.0,18033,M,4706030.0,242440.0,18
201100023303,11,2,2,835,1,2,3,2.0,2.0,18033,M,4708950.0,238470.0,18
201100023304,11,2,3,810,1,2,2,2.0,3.0,18033,M,4708090.0,242246.0,18
201100023305,11,2,7,950,1,2,3,1.0,6.0,18033,M,4707180.0,237872.0,18
201100023306,11,2,13,1920,2,2,2,1.0,3.0,18033,M,4710320.0,240925.0,18
201100023307,11,2,16,1915,3,1,2,1.0,3.0,18205,M,4712190.0,236631.0,18
201100023308,11,2,19,1330,1,2,2,1.0,3.0,18033,M,4708230.0,238914.0,18
201100023309,11,3,2,1515,1,2,1,1.0,6.0,18033,M,4708580.0,239320.0,18
201100023310,11,3,3,710,1,1,1,1.0,6.0,18255,M,4703230.0,231128.0,18
201100023311,11,3,3,1650,1,2,3,1.0,3.0,18033,M,4706210.0,236716.0,18
201100023312,11,3,4,750,2,1,1,1.0,1.0,18033,M,4711300.0,243980.0,18
201100023313,11,3,5,1645,1,2,1,1.0,5.0,18205,M,4712680.0,236868.0,18
201100023314,11,3,6,732,1,1,1,1.0,6.0,18033,M,4705680.0,238640.0,18
201100023315,11,3,8,805,1,2,1,1.0,6.0,18033,M,4707860.0,239406.0,18
201100023316,11,3,10,1257,1,2,1,1.0,3.0,18033,M,4710980.0,239639.0,18
201100023317,11,3,10,1320,1,2,2,1.0,2.0,18033,M,4708530.0,240138.0,18
201100023318,11,3,10,1727,1,2,3,1.0,5.0,18205,M,4710450.0,236400.0,18
201100023319,11,3,15,1335,1,2,2,1.0,3.0,18033,M,4710170.0,239696.0,18
201100023320,11,3,15,1710,1,2,1,1.0,6.0,18033,M,4709250.0,239391.0,18
201100023321,11,3,15,2030,5,2,1,1.0,6.0,18033,M,4706350.0,239658.0,18
201100023322,11,3,21,1705,1,2,1,1.0,6.0,18033,M,4706410.0,240180.0,18
201100023323,11,3,26,1245,1,2,1,1.0,6.0,18033,M,4708240.0,238935.0,18
201100023324,11,3,26,1855,1,2,1,1.0,3.0,18033,M,4708370.0,242514.0,18
201100023325,11,3,27,1815,1,2,1,3.0,2.0,18033,M,4709560.0,240430.0,18
201100023326,11,3,28,1422,1,2,1,1.0,2.0,18205,M,4709700.0,238945.0,18
201100023327,11,4,1,5,5,2,6,1.0,7.0,18033,M,4711690.0,241850.0,18
201100023328,11,4,1,845,1,2,1,1.0,3.0,18213,M,4709290.0,248916.0,18
201100023329,11,4,1,1725,1,2,1,1.0,2.0,18033,M,4706990.0,237990.0,18
201100023330,11,4,1,1945,1,2,2,1.0,1.0,18033,M,4707210.0,239419.0,18
201100023331,11,4,4,800,1,2,1,8.0,6.0,18033,M,4708570.0,238828.0,18
201100023332,11,4,4,1315,1,2,3,1.0,3.0,18033,M,4706770.0,238748.0,18
201100023333,11,4,5,1550,1,2,1,1.0,6.0,18033,M,4704000.0,233661.0,18
201100023334,11,4,6,800,2,1,6,7.0,4.0,18033,M,4708180.0,235426.0,18
201100023335,11,4,6,1334,1,1,1,1.0,6.0,18033,M,4708410.0,244693.0,18
201100023336,11,4,7,1000,1,1,2,1.0,1.0,18213,M,4709750.0,245949.0,18
201100023337,11,4,8,628,2,1,1,1.0,3.0,18033,M,4703810.0,236244.0,18
201100023338,11,4,13,1250,1,2,3,1.0,1.0,18033,M,4709310.0,239995.0,18
201100023339,11,4,15,1725,1,2,3,1.0,1.0,18033,M,4709540.0,239284.0,18
201100023340,11,4,16,1325,1,2,2,1.0,3.0,18033,M,4709540.0,239284.0,18
201100023341,11,4,18,724,1,2,3,1.0,1.0,18033,M,4711850.0,241488.0,18
201100023342,11,4,19,1210,1,2,1,1.0,6.0,18213,M,4709670.0,244684.0,18
201100023343,11,4,20,1605,1,1,1,1.0,6.0,18205,M,4713520.0,234628.0,18
201100023344,11,4,20,1830,1,2,3,1.0,5.0,18033,M,4712560.0,239597.0,18
201100023345,11,4,22,930,1,2,1,1.0,4.0,18033,M,4709510.0,239513.0,18
201100023346,11,4,23,900,1,2,3,1.0,3.0,18033,M,4709630.0,239959.0,18
201100023347,11,4,24,1550,1,1,1,1.0,6.0,18205,M,4710900.0,236412.0,18
201100023348,11,4,27,1945,1,1,1,1.0,6.0,18205,M,4709870.0,233476.0,18
201100023349,11,4,28,2020,1,2,2,1.0,3.0,18033,M,4707270.0,239848.0,18
201100023350,11,4,29,1140,1,2,2,1.0,3.0,18205,M,4709280.0,238355.0,18
201100023351,11,4,30,2200,5,2,2,1.0,1.0,18033,M,4708340.0,238895.0,18
201100023352,11,5,2,1725,1,2,2,1.0,3.0,18033,M,4706040.0,239031.0,18
201100023353,11,5,3,900,1,2,1,1.0,3.0,18033,M,4707850.0,238961.0,18
201100023354,11,5,6,1210,1,2,1,1.0,6.0,18033,M,4707370.0,240923.0,18
201100023355,11,5,11,1755,1,1,2,1.0,5.0,18033,M,4701010.0,239236.0,18
201100023356,11,5,13,1820,1,1,2,1.0,2.0,18205,M,4712500.0,234674.0,18
201100023357,11,5,14,850,1,2,1,2.0,3.0,18213,M,4710030.0,250046.0,18
201100023358,11,5,16,1028,1,2,1,1.0,6.0,18033,M,4709740.0,241297.0,18
201100023359,11,5,17,1720,1,2,1,1.0,3.0,18033,M,4712090.0,240049.0,18
201100023360,11,5,19,810,1,2,2,1.0,2.0,18033,M,4708230.0,238914.0,18
201100023361,11,5,19,810,1,2,1,1.0,2.0,18033,M,4708210.0,236090.0,18
201100023362,11,5,19,1044,1,1,1,1.0,7.0,18205,M,4711370.0,232978.0,18
201100023363,11,5,19,1700,1,2,1,1.0,1.0,18033,M,4709380.0,239653.0,18
201100023364,11,5,21,1910,1,1,1,1.0,5.0,18050,M,4705910.0,234040.0,18
201100023365,11,5,22,2205,2,2,2,1.0,1.0,18033,M,4708340.0,238896.0,18
201100023366,11,5,28,2125,1,2,1,1.0,2.0,18033,M,4708940.0,239534.0,18
201100023367,11,5,31,612,1,1,1,2.0,6.0,18205,M,4713570.0,234627.0,18
201100023368,11,6,8,1330,1,2,1,1.0,1.0,18205,M,4710560.0,237679.0,18
201100023369,11,6,8,1755,1,2,1,1.0,1.0,18033,M,4709740.0,241297.0,18
201100023370,11,6,9,1735,1,2,1,1.0,6.0,18033,M,4710150.0,239865.0,18
201100023371,11,6,11,1130,1,2,6,1.0,3.0,18213,M,4709630.0,244350.0,18
201100023372,11,6,11,1805,1,2,1,1.0,3.0,18033,M,4710360.0,241209.0,18
201100023373,11,6,16,1235,1,2,2,1.0,3.0,18050,M,4706190.0,232318.0,18
201100023374,11,6,18,14,5,2,1,8.0,6.0,18050,M,4706620.0,232055.0,18
201100023375,11,6,19,2015,1,2,1,1.0,6.0,18033,M,4707680.0,239023.0,18
201100023376,11,6,22,835,1,2,1,3.0,3.0,18033,M,4709810.0,240573.0,18
201100023377,11,6,25,2000,1,2,1,1.0,6.0,18033,M,4708600.0,239956.0,18
201100023378,11,6,29,1230,1,2,1,1.0,6.0,18033,M,4708570.0,239905.0,18
201100023379,11,7,1,440,2,2,1,1.0,7.0,18033,M,4708030.0,237893.0,18
201100023380,11,7,2,1620,1,2,1,1.0,1.0,18033,M,4707640.0,240074.0,18
201100023381,11,7,5,1010,1,1,1,1.0,3.0,18033,M,4707400.0,235413.0,18
201100023382,11,7,6,1523,1,2,2,1.0,3.0,18213,M,4709750.0,245949.0,18
201100023383,11,7,7,1255,1,2,1,1.0,7.0,18033,M,4708750.0,242096.0,18
201100023384,11,7,7,1430,1,1,1,1.0,3.0,18033,M,4711540.0,241021.0,18
201100023385,11,7,7,1815,1,2,3,1.0,1.0,18033,M,4707950.0,242391.0,18
201100023386,11,7,9,1717,1,1,1,1.0,6.0,18205,M,4712290.0,236042.0,18
201100023387,11,7,13,1154,1,1,1,2.0,4.0,18180,M,4702650.0,239027.0,18
201100023388,11,7,14,542,2,2,1,1.0,1.0,18033,M,4710740.0,239582.0,18
201100023389,11,7,15,1030,1,2,1,1.0,3.0,18033,M,4709630.0,239291.0,18
201100023390,11,7,15,1550,1,2,2,1.0,3.0,18033,M,4708340.0,238896.0,18
201100023391,11,7,26,800,1,2,1,8.0,5.0,18033,M,4708200.0,237979.0,18
201100023392,11,7,29,1425,1,2,1,1.0,6.0,18033,M,4708690.0,239287.0,18
201100023393,11,7,29,1800,1,2,1,1.0,6.0,18033,M,4709180.0,240219.0,18
201100023394,11,7,30,1710,1,2,1,1.0,6.0,18033,M,4708340.0,239591.0,18
201100023395,11,8,1,1000,1,1,6,1.0,7.0,18033,M,4708180.0,235426.0,18
201100023396,11,8,2,1810,1,2,3,1.0,3.0,18033,M,4706860.0,241546.0,18
201100023397,11,8,12,1420,1,1,1,2.0,6.0,18205,M,4713700.0,234415.0,18
201100023398,11,8,17,1224,1,2,3,1.0,2.0,18033,M,4707200.0,239392.0,18
201100023399,11,8,19,10,3,2,1,1.0,6.0,18033,M,4709100.0,241838.0,18
201100023400,11,6,26,1140,1,1,1,1.0,7.0,18033,M,4704300.0,233141.0,18
201100023401,11,8,22,1715,1,2,1,1.0,6.0,18033,M,4708370.0,241904.0,18
201100023402,11,8,22,1820,1,2,6,1.0,2.0,18213,M,4709710.0,245502.0,18
201100023403,11,8,24,615,3,2,6,1.0,3.0,18033,M,4709370.0,239409.0,18
201100023404,11,8,25,1455,1,1,6,1.0,6.0,18033,M,4705320.0,243287.0,18
201100023405,11,8,26,2100,3,2,1,2.0,2.0,18033,M,4705930.0,236158.0,18
201100023406,11,8,30,1805,1,1,1,1.0,5.0,18033,M,4708050.0,246641.0,18
201100023407,11,8,31,915,1,2,1,1.0,2.0,18033,M,4708570.0,238854.0,18
201100023408,11,9,4,7,5,2,6,1.0,7.0,18033,M,4705380.0,240575.0,18
201100023409,11,9,4,1635,1,2,2,1.0,3.0,18033,M,4709410.0,240114.0,18
201100023410,11,9,6,1408,1,2,1,1.0,3.0,18033,M,4709770.0,241753.0,18
201100023411,11,9,7,1815,1,2,2,1.0,3.0,18033,M,4707270.0,239848.0,18
201100023412,11,8,27,1058,1,1,1,1.0,6.0,18033,M,4711370.0,232978.0,18
201100023413,11,9,10,645,5,2,1,1.0,7.0,18033,M,4707950.0,239576.0,18
201100023414,11,9,9,800,1,2,3,1.0,3.0,18033,M,4708030.0,237899.0,18
201100023415,11,9,10,1640,1,2,2,1.0,3.0,18033,M,4707380.0,240943.0,18
201100023416,11,9,12,450,5,2,6,1.0,7.0,18213,M,4709630.0,244350.0,18
201100023417,11,9,12,1730,1,1,6,1.0,3.0,18255,M,4704340.0,232688.0,18
201100023418,11,9,15,805,1,2,3,1.0,5.0,18033,M,4707950.0,242251.0,18
201100023419,11,9,17,400,5,2,1,1.0,6.0,18033,M,4708330.0,238307.0,18
201100023420,11,9,18,908,1,1,1,1.0,2.0,18267,M,4703870.0,238869.0,18
201100023421,11,9,18,1255,1,2,2,1.0,6.0,18033,M,4707150.0,239025.0,18
201100023422,11,9,19,800,1,2,3,8.0,3.0,18033,M,4709610.0,241916.0,18
201100023423,11,9,19,1800,1,2,2,1.0,2.0,18033,M,4707960.0,239023.0,18
201100023424,11,9,23,1230,1,2,1,1.0,6.0,18033,M,4709300.0,239393.0,18
201100023425,11,9,27,1620,1,2,1,7.0,6.0,18033,M,4709780.0,241120.0,18
201100023426,11,9,29,1825,1,2,1,1.0,2.0,18033,M,4708140.0,240387.0,18
201100023427,11,9,30,1715,1,2,1,1.0,5.0,18033,M,4707090.0,238572.0,18
201100023428,11,10,2,1820,1,1,1,1.0,7.0,18033,M,4708150.0,244277.0,18
201100023429,11,10,6,1700,1,2,1,3.0,6.0,18033,M,4709370.0,239345.0,18
201100023430,11,10,7,1230,1,2,1,1.0,6.0,18033,M,4706490.0,241318.0,18