Num_Acc,an,mois,jour,hrmn,lum,agg,int,atm,col,com,gps,lat,long,dep
201100023431,11,10,10,830,1,2,3,8.0,5.0,18267,M,4705960.0,238609.0,18
201100023432,11,10,10,1750,1,2,1,1.0,1.0,18033,M,4709680.0,241146.0,18
201100023433,11,10,12,1750,1,2,2,1.0,5.0,18033,M,4707030.0,238205.0,18
201100023434,11,10,16,1144,1,2,6,1.0,2.0,18033,M,4712580.0,239399.0,18
201100023435,11,10,18,700,1,2,2,1.0,1.0,18033,M,4708760.0,239751.0,18
201100023436,11,10,18,945,1,2,2,1.0,1.0,18033,M,4707630.0,237656.0,18
201100023437,11,10,19,1710,1,2,2,7.0,6.0,18033,M,4707890.0,238924.0,18
201100023438,11,10,21,830,1,2,1,1.0,4.0,18033,M,4706960.0,241426.0,18
201100023439,11,10,20,1340,1,2,1,1.0,2.0,18033,M,4710320.0,240929.0,18
201100023440,11,10,22,1320,1,2,3,1.0,1.0,18033,M,4708810.0,239309.0,18
201100023441,11,10,26,1800,1,2,1,1.0,3.0,18033,M,4709370.0,238851.0,18
201100023442,11,10,28,1740,1,2,6,1.0,6.0,18033,M,4712580.0,239399.0,18
201100023443,11,11,4,1345,1,2,1,1.0,3.0,18033,M,4706330.0,240062.0,18
201100023444,11,11,5,28,5,2,2,3.0,6.0,18033,M,4707970.0,239018.0,18
201100023445,11,11,8,1750,5,2,1,1.0,3.0,18033,M,4710310.0,242950.0,18
201100023446,11,11,9,1855,5,2,2,1.0,6.0,18033,M,4708340.0,238896.0,18
201100023447,11,11,9,2001,5,2,2,1.0,1.0,18033,M,4707030.0,238205.0,18
201100023448,11,11,14,1335,1,2,1,1.0,1.0,18033,M,4708690.0,242076.0,18
201100023449,11,11,15,835,1,2,1,7.0,6.0,18033,M,4707490.0,240787.0,18
201100023450,11,11,16,1505,1,2,3,1.0,2.0,18033,M,4709490.0,242007.0,18
201100023451,11,9,28,2340,5,1,1,1.0,7.0,18213,M,4709690.0,245231.0,18
201100023452,11,11,18,1800,5,2,6,1.0,3.0,18205,M,4710570.0,237948.0,18
201100023453,11,11,20,1227,1,2,3,1.0,3.0,18033,M,4705630.0,240745.0,18
201100023454,11,11,27,200,3,2,1,1.0,6.0,18033,M,4705930.0,236165.0,18
201100023455,11,11,27,2035,5,2,2,1.0,1.0,18033,M,4708340.0,238896.0,18
201100023456,11,11,29,1610,1,2,1,1.0,6.0,18033,M,4708560.0,239224.0,18
201100023457,11,11,30,1839,4,2,2,1.0,3.0,18033,M,4710630.0,241131.0,18
201100023458,11,9,9,2015,3,1,1,1.0,5.0,18180,M,4703000.0,240599.0,18
201100023459,11,12,5,1420,1,1,1,1.0,6.0,18213,M,4711610.0,244502.0,18
201100023460,11,12,5,1755,5,2,1,1.0,6.0,18033,M,4707770.0,240239.0,18
201100023461,11,12,5,1839,5,2,2,1.0,3.0,18033,M,4707980.0,238196.0,18
201100023462,11,12,5,1930,5,2,1,1.0,6.0,18033,M,4710070.0,240070.0,18
201100023463,11,12,6,1715,4,2,1,8.0,6.0,18033,M,4708830.0,239666.0,18
201100023464,11,12,6,1742,5,2,1,2.0,4.0,18033,M,4707360.0,240960.0,18
201100023465,11,12,16,924,1,2,2,6.0,1.0,18033,M,4711030.0,240070.0,18
201100023466,11,12,17,1125,1,2,3,1.0,3.0,18033,M,4706030.0,242440.0,18
201100023467,11,12,19,1850,5,2,1,2.0,4.0,18205,M,4710000.0,238111.0,18
201100023468,11,12,21,1815,5,2,1,2.0,6.0,18033,M,4709770.0,241106.0,18
201100023469,11,12,22,500,3,1,1,2.0,6.0,18050,M,4707120.0,233465.0,18
201100023470,11,12,22,750,1,2,2,1.0,1.0,18033,M,4706330.0,240018.0,18
201100023471,11,12,27,1655,5,2,1,8.0,6.0,18033,M,4710050.0,240384.0,18
201100023472,11,12,29,1435,1,2,9,1.0,3.0,18033,M,4708370.0,243570.0,18
201100023473,11,1,12,1300,1,1,1,1.0,5.0,83049,M,0.0,0.0,83
201100023474,11,2,12,2000,3,1,1,1.0,6.0,83091,M,0.0,0.0,83
201100023475,11,2,15,1715,1,1,1,2.0,6.0,83043,M,0.0,0.0,83
201100023476,11,7,22,945,1,1,1,1.0,1.0,83043,M,0.0,0.0,83
201100023477,11,8,10,1115,1,1,1,1.0,1.0,83091,M,0.0,0.0,83
201100023478,11,8,15,1200,1,1,1,1.0,3.0,83100,M,0.0,0.0,83
201100023479,11,8,17,1515,1,1,1,1.0,7.0,83033,M,4315000.0,614000.0,83
201100023480,11,9,14,2245,5,1,9,1.0,7.0,83049,M,0.0,0.0,83
201100023481,11,10,16,1545,1,1,1,1.0,1.0,83091,M,0.0,0.0,83
201100023482,11,10,19,1445,1,1,1,1.0,6.0,83091,M,0.0,0.0,83
201100023483,11,12,21,915,1,1,1,1.0,3.0,83043,M,0.0,0.0,83
201100023484,11,7,3,1630,1,1,1,1.0,2.0,12022,M,4405600.0,312900.0,12
201100023485,11,8,6,745,1,1,1,1.0,6.0,12270,M,0.0,0.0,12
201100023486,11,10,12,1600,1,1,1,1.0,2.0,12291,M,4420700.0,304800.0,12
201100023487,11,12,21,615,3,1,1,2.0,6.0,12022,M,0.0,0.0,12
201100023488,11,1,1,1800,3,1,9,2.0,6.0,58067,M,4710600.0,307600.0,58
201100023489,11,8,13,2245,3,1,1,1.0,7.0,58215,M,4727100.0,298300.0,58
201100023490,11,8,16,2015,1,1,9,1.0,3.0,58238,M,4698400.0,320100.0,58
201100023491,11,8,19,1400,1,1,1,1.0,6.0,58193,M,0.0,0.0,58
201100023492,11,2,2,550,3,1,1,9.0,7.0,36230,M,4703660.0,179298.0,36
201100023493,11,2,2,645,3,1,1,9.0,6.0,36057,M,4688910.0,172802.0,36
201100023494,11,2,2,700,3,1,1,9.0,6.0,36057,M,4688860.0,172783.0,36
201100023495,11,2,23,515,3,1,1,1.0,2.0,36026,M,4691060.0,173750.0,36
201100023496,11,4,8,1645,1,1,1,1.0,6.0,36230,M,4705750.0,181744.0,36
201100023497,11,5,26,1345,1,1,1,1.0,6.0,18140,M,4715960.0,198457.0,18
201100023498,11,2,22,1730,3,1,1,5.0,6.0,36134,M,4638810.0,144930.0,36
201100023499,11,3,4,1330,1,1,1,1.0,2.0,36101,M,4671400.0,159500.0,36
201100023500,11,5,20,1945,1,1,1,1.0,6.0,36006,M,4658250.0,149395.0,36
201100023501,11,5,23,830,1,1,1,1.0,6.0,36101,M,4669660.0,158369.0,36
201100023502,11,6,12,2015,1,1,1,1.0,6.0,36006,M,4656020.0,150585.0,36
201100023503,11,10,17,1430,1,1,1,1.0,2.0,36150,M,4644770.0,148775.0,36
201100023504,11,12,20,1915,3,1,1,1.0,1.0,36006,M,4659560.0,149961.0,36
201100023505,11,2,6,1615,1,1,1,1.0,6.0,15207,M,0.0,0.0,15
201100023506,11,3,11,2100,3,1,1,1.0,2.0,15055,M,0.0,0.0,15
201100023507,11,1,31,145,3,1,1,8.0,2.0,63178,M,4557000.0,325100.0,63
201100023508,11,5,20,2245,3,1,1,8.0,2.0,63031,M,4544800.0,327200.0,63
201100023509,11,8,8,1845,1,1,1,1.0,3.0,63411,M,0.0,0.0,63
201100023510,11,8,27,330,3,1,1,2.0,6.0,63404,M,4559000.0,324000.0,63
201100023511,11,9,4,1845,1,1,1,8.0,3.0,63178,M,4555300.0,327000.0,63
201100023512,11,9,30,815,1,1,1,1.0,2.0,63178,M,4550700.0,326200.0,63
201100023513,11,10,1,915,3,1,1,1.0,7.0,63121,M,0.0,0.0,63
201100023514,11,11,7,930,1,1,1,2.0,6.0,63404,M,0.0,0.0,63
201100023515,11,11,18,1730,2,1,1,1.0,4.0,63178,M,4554700.0,326800.0,63
201100023516,11,2,22,730,2,1,1,5.0,7.0,87003,M,4624040.0,139192.0,87
201100023517,11,3,5,2030,3,1,1,1.0,2.0,87014,M,,,87
201100023518,11,6,16,1,3,1,1,1.0,2.0,87014,M,4606670.0,136077.0,87
201100023519,11,7,19,1615,1,1,1,8.0,1.0,87014,M,4614190.0,137693.0,87
201100023520,11,8,6,1345,1,1,1,1.0,6.0,23015,M,0.0,0.0,23
201100023521,11,9,11,2015,3,1,1,2.0,6.0,87183,M,4599230.0,132930.0,87
201100023522,11,10,24,1245,1,1,1,1.0,1.0,23219,M,0.0,0.0,23
201100023523,11,12,3,1645,1,1,1,3.0,2.0,87120,M,0.0,0.0,87
201100023524,11,12,26,1415,1,1,1,1.0,6.0,87122,M,0.0,0.0,87
201100023525,11,1,4,1415,1,1,1,1.0,3.0,19178,M,0.0,0.0,19
201100023526,11,1,5,845,1,1,1,4.0,1.0,34064,M,4386336.0,331041.0,34
201100023527,11,1,10,945,1,1,1,1.0,6.0,34259,M,4362781.0,378258.0,34
201100023528,11,2,13,1345,1,1,1,1.0,6.0,34142,M,4373562.0,332792.0,34
201100023529,11,3,12,1300,1,1,1,3.0,7.0,34035,M,4362349.0,362441.0,34
201100023530,11,3,13,1600,1,1,1,3.0,7.0,34142,M,4371100.0,332484.0,34
201100023531,11,6,25,445,3,1,1,1.0,6.0,34163,M,0.0,0.0,34
201100023532,11,7,10,830,1,1,1,1.0,6.0,34036,M,4368019.0,339125.0,34
201100023533,11,9,2,2100,3,1,1,1.0,7.0,34079,M,4360909.0,346124.0,34
201100023534,11,9,10,2130,3,1,1,1.0,2.0,34304,M,4376522.0,333460.0,34
201100023535,11,11,4,1345,1,1,1,3.0,6.0,34064,M,0.0,0.0,34
201100023536,11,11,12,1430,1,1,1,3.0,6.0,34196,M,4381400.0,332400.0,34
201100023537,11,12,17,1645,1,1,1,1.0,7.0,34304,M,4377400.0,333700.0,34
201100023538,11,12,27,500,3,1,1,1.0,6.0,34123,M,4362600.0,379100.0,34
201100023539,11,4,11,1745,1,1,1,1.0,6.0,48191,M,0.0,0.0,48
201100023540,11,4,26,1445,1,1,1,1.0,6.0,48047,M,0.0,0.0,48
201100023541,11,5,11,1600,1,1,1,1.0,6.0,48032,M,0.0,0.0,48
201100023542,11,8,29,445,3,1,1,1.0,7.0,48005,M,0.0,0.0,48
201100023543,11,9,5,1400,1,1,1,1.0,7.0,48140,M,0.0,0.0,48
201100023544,11,12,14,1100,1,1,1,3.0,6.0,48005,M,0.0,0.0,48
201100023545,11,3,8,1845,1,1,1,1.0,2.0,08144,M,4952980.0,442033.0,08
201100023546,11,4,25,545,2,1,1,1.0,6.0,08435,M,4945240.0,429876.0,08
201100023547,11,4,29,1430,1,1,1,1.0,6.0,08305,M,4964040.0,460315.0,08
201100023548,11,8,1,815,1,1,1,1.0,4.0,08341,M,4964420.0,462865.0,08
201100023549,11,4,22,1745,1,1,1,1.0,3.0,44209,M,0.0,0.0,44
201100023550,11,5,2,1030,1,1,1,1.0,7.0,44113,M,0.0,0.0,44
201100023551,11,6,6,2030,1,1,1,1.0,7.0,44113,M,0.0,0.0,44
201100023552,11,6,14,2030,1,1,1,1.0,7.0,44138,M,0.0,0.0,44
201100023553,11,7,24,500,3,1,1,1.0,6.0,44113,M,0.0,0.0,44
201100023554,11,11,7,730,1,1,1,1.0,4.0,44209,M,0.0,0.0,44
201100023555,11,12,4,500,3,1,1,2.0,6.0,44138,M,0.0,0.0,44
201100023556,11,2,19,1945,3,1,1,1.0,3.0,44033,M,0.0,0.0,44
201100023557,11,3,1,1100,1,1,1,1.0,5.0,44217,M,0.0,0.0,44
201100023558,11,3,12,1300,1,1,1,1.0,7.0,44195,M,0.0,0.0,44
201100023559,11,4,3,800,2,1,1,1.0,2.0,44203,M,0.0,0.0,44
201100023560,11,4,24,1630,1,1,1,1.0,6.0,44152,M,0.0,0.0,44
201100023561,11,6,26,45,3,1,1,1.0,6.0,44158,M,0.0,0.0,44
201100023562,11,7,20,1045,1,1,1,2.0,4.0,44129,M,0.0,0.0,44
201100023563,11,7,29,1645,1,1,1,1.0,2.0,44217,M,0.0,0.0,44
201100023564,11,9,12,1645,1,1,1,1.0,5.0,44195,M,0.0,0.0,44
201100023565,11,9,15,515,3,1,1,1.0,2.0,44210,M,0.0,0.0,44
201100023566,11,10,12,1530,1,1,1,1.0,2.0,44137,M,0.0,0.0,44
201100023567,11,10,10,830,1,1,1,1.0,4.0,44089,M,0.0,0.0,44
201100023568,11,11,28,745,2,1,1,5.0,4.0,44103,M,0.0,0.0,44
201100023569,11,12,18,1330,1,1,1,1.0,6.0,44129,M,0.0,0.0,44
201100023570,11,1,27,645,3,1,1,1.0,2.0,14374,M,4904530.0,-78754.0,14
201100023571,11,2,17,840,1,1,1,1.0,2.0,14101,M,4916430.0,-43597.0,14
201100023572,11,3,7,745,2,1,1,1.0,4.0,14454,M,4915210.0,-50146.0,14
201100023573,11,4,16,1600,1,1,1,1.0,7.0,14752,M,4908940.0,-63468.0,14
201100023574,11,4,22,1730,1,1,1,1.0,6.0,14120,M,4905070.0,-74422.0,14
201100023575,11,6,1,1145,1,1,1,1.0,6.0,14389,M,4906810.0,-65765.0,14
201100023576,11,6,20,1735,1,1,1,1.0,6.0,14475,M,4910200.0,-61157.0,14
201100023577,11,6,29,1910,1,1,1,1.0,7.0,14738,M,4915790.0,-47174.0,14
201100023578,11,8,16,1000,1,1,1,1.0,6.0,14101,M,0.0,0.0,14
201100023579,11,12,2,1445,1,1,1,4.0,6.0,14438,M,0.0,0.0,14
201100023580,11,12,4,2200,3,1,1,1.0,2.0,14120,M,0.0,0.0,14
201100023581,11,12,15,830,1,1,1,4.0,3.0,14389,M,0.0,0.0,14
201100023582,11,12,15,1030,1,1,1,4.0,6.0,14120,M,0.0,0.0,14
201100023583,11,3,23,1030,1,1,1,1.0,7.0,50071,M,4873900.0,-130700.0,50
201100023584,11,8,29,1945,1,1,1,1.0,2.0,50100,M,4851600.0,-131600.0,50
201100023585,11,11,6,600,3,1,9,1.0,5.0,14513,M,0.0,0.0,14
201100023586,11,11,25,1815,3,1,1,1.0,2.0,50224,M,4898000.0,-95400.0,50
201100023587,11,12,15,1430,1,1,1,4.0,7.0,50224,M,0.0,0.0,50
201100023588,11,1,5,930,1,1,1,7.0,6.0,50599,M,0.0,0.0,50
201100023589,11,1,22,1745,2,1,1,2.0,6.0,50498,M,4953800.0,-153100.0,50
201100023590,11,2,7,1645,1,1,1,1.0,6.0,50523,M,0.0,0.0,50
201100023591,11,3,2,1830,1,1,1,1.0,7.0,50461,M,0.0,0.0,50
201100023592,11,6,23,830,1,1,1,1.0,6.0,50059,M,0.0,0.0,50
201100023593,11,9,22,1430,1,1,1,1.0,6.0,50059,M,4937900.0,-129300.0,50
201100023594,11,12,13,2315,3,1,1,4.0,6.0,50087,M,4956500.0,-156600.0,50
201100023595,11,1,12,2232,5,2,6,1.0,6.0,18279,M,4722360.0,207961.0,18
201100023596,11,1,15,2030,5,2,3,1.0,1.0,18279,M,4719880.0,208628.0,18
201100023597,11,1,21,1340,1,2,1,1.0,6.0,18279,M,4721690.0,210204.0,18
201100023598,11,1,30,2020,5,2,1,1.0,6.0,18279,M,4722570.0,208195.0,18
201100023599,11,1,31,750,2,2,2,1.0,3.0,18279,M,4721770.0,209886.0,18
201100023600,11,2,10,1150,1,2,1,1.0,3.0,18279,M,4721900.0,206513.0,18
201100023601,11,2,19,1720,1,2,9,2.0,3.0,18279,M,4723940.0,209208.0,18
201100023602,11,2,26,1955,5,2,3,8.0,3.0,18279,M,4720750.0,206158.0,18
201100023603,11,3,8,1610,1,2,3,1.0,6.0,18279,M,4722400.0,206991.0,18
201100023604,11,3,10,1400,1,2,1,1.0,2.0,18279,M,4723700.0,207318.0,18
201100023605,11,3,30,755,1,2,3,8.0,3.0,18279,M,4721500.0,210269.0,18
201100023606,11,4,1,855,1,1,1,2.0,6.0,18279,M,4724790.0,209684.0,18
201100023607,11,4,14,1800,1,2,1,1.0,3.0,18279,M,4722180.0,206542.0,18
201100023608,11,4,20,1405,1,2,3,1.0,6.0,18279,M,4722420.0,206849.0,18
201100023609,11,4,23,1730,1,2,1,1.0,6.0,18279,M,4723030.0,208693.0,18
201100023610,11,4,26,145,5,2,1,1.0,6.0,18279,M,4721100.0,210096.0,18
201100023611,11,4,26,1125,1,2,4,1.0,3.0,18279,M,4721220.0,210049.0,18
201100023612,11,5,6,1825,1,2,2,1.0,3.0,18279,M,4723490.0,206091.0,18
201100023613,11,5,8,1550,1,1,4,1.0,3.0,18219,M,4725290.0,211384.0,18
201100023614,11,5,15,110,5,2,1,1.0,6.0,18279,M,4721890.0,209039.0,18
201100023615,11,5,17,2005,1,2,1,1.0,3.0,18279,M,4722810.0,205175.0,18
201100023616,11,5,23,829,1,2,7,1.0,6.0,18279,M,4722480.0,206253.0,18
201100023617,11,6,4,1445,1,2,1,1.0,6.0,18279,M,4723510.0,204664.0,18
201100023618,11,6,5,1310,1,2,1,1.0,2.0,18279,M,4722370.0,206818.0,18
201100023619,11,6,6,1120,1,2,1,1.0,2.0,18279,M,4723700.0,208820.0,18
201100023620,11,6,25,1220,1,2,1,1.0,6.0,18279,M,4721240.0,205826.0,18
201100023621,11,6,27,740,1,2,2,1.0,3.0,18279,M,4722210.0,206568.0,18
201100023622,11,7,14,430,5,2,1,1.0,6.0,18279,M,4721900.0,209234.0,18
201100023623,11,7,14,915,1,1,1,1.0,3.0,18279,M,4724600.0,207235.0,18
201100023624,11,7,22,1750,1,2,1,2.0,6.0,18279,M,4721370.0,210171.0,18
201100023625,11,7,23,1745,1,1,3,1.0,2.0,18279,M,4721300.0,213064.0,18
201100023626,11,7,29,2040,1,2,1,1.0,6.0,18279,M,4722180.0,206994.0,18
201100023627,11,8,14,2355,5,2,3,2.0,1.0,18279,M,4719880.0,208628.0,18
201100023628,11,9,3,535,2,2,1,1.0,6.0,18279,M,4723150.0,207874.0,18
201100023629,11,9,18,205,5,2,1,2.0,6.0,18279,M,4723770.0,206952.0,18
201100023630,11,9,30,830,1,2,2,1.0,2.0,18279,M,4721530.0,205894.0,18
201100023631,11,10,5,1135,1,2,6,1.0,3.0,18279,M,4724090.0,209309.0,18
201100023632,11,10,6,1525,1,1,1,2.0,6.0,18279,M,4724740.0,209635.0,18
201100023633,11,10,8,1525,1,2,1,8.0,3.0,18279,M,4721990.0,207083.0,18
201100023634,11,10,9,1320,1,1,1,8.0,6.0,18279,M,4724440.0,209528.0,18
201100023635,11,10,12,1359,1,1,3,1.0,2.0,18279,M,4721300.0,213064.0,18
201100023636,11,10,15,710,3,2,1,1.0,6.0,18279,M,4721470.0,211676.0,18
201100023637,11,10,21,755,2,2,3,5.0,6.0,18279,M,4721060.0,206284.0,18
201100023638,11,10,29,1510,1,2,3,2.0,1.0,18279,M,4722580.0,206944.0,18
201100023639,11,11,4,720,2,2,2,1.0,3.0,18279,M,4722950.0,206117.0,18
201100023640,11,11,9,1530,1,2,1,1.0,2.0,18279,M,4723470.0,203636.0,18
201100023641,11,11,20,110,5,2,2,1.0,3.0,18279,M,4723120.0,208080.0,18
201100023642,11,11,21,1945,5,2,1,1.0,1.0,18279,M,4722480.0,206231.0,18
201100023643,11,11,24,1845,5,2,1,1.0,2.0,18279,M,4722180.0,207003.0,18
201100023644,11,12,1,845,1,2,2,1.0,3.0,18279,M,4721540.0,206270.0,18
201100023645,11,12,2,1740,5,2,3,1.0,3.0,18279,M,4722150.0,206780.0,18
201100023646,11,12,5,1020,1,2,3,1.0,3.0,18279,M,4722300.0,206635.0,18
201100023647,11,12,10,245,5,2,1,2.0,1.0,18279,M,4721380.0,206697.0,18
201100023648,11,12,13,1346,1,2,2,2.0,3.0,18279,M,4723120.0,208081.0,18
201100023649,11,12,16,1835,5,2,1,1.0,6.0,18279,M,4722720.0,206138.0,18
201100023650,11,12,18,1935,5,2,1,8.0,3.0,18279,M,4722260.0,206707.0,18
201100023651,11,12,21,1640,2,2,3,2.0,3.0,18279,M,4724020.0,206073.0,18
201100023652,11,12,30,2256,3,2,8,3.0,3.0,18279,M,4720620.0,210795.0,18
201100023653,11,1,28,1600,1,1,1,1.0,5.0,72287,M,0.0,0.0,72
201100023654,11,1,28,1645,1,2,1,1.0,6.0,72008,M,4793000.0,18000.0,72
201100023655,11,2,4,1645,1,2,1,1.0,3.0,72350,M,0.0,0.0,72
201100023656,11,2,6,1915,5,2,2,1.0,1.0,72155,M,4788200.0,22600.0,72
201100023657,11,2,8,1715,1,1,1,8.0,6.0,72058,M,4797100.0,27500.0,72
201100023658,11,2,9,1930,5,2,1,1.0,7.0,72124,M,4783500.0,27000.0,72
201100023659,11,2,26,745,2,1,1,2.0,6.0,72260,M,0.0,0.0,72
201100023660,11,2,28,2015,3,1,1,1.0,6.0,72200,M,4790800.0,19500.0,72
201100023661,11,3,4,1315,1,2,2,1.0,3.0,72299,M,4787700.0,33400.0,72
201100023662,11,4,2,1200,1,2,1,1.0,1.0,72053,M,0.0,0.0,72
201100023663,11,4,21,1830,1,1,2,1.0,3.0,72306,M,0.0,0.0,72
201100023664,11,5,14,1315,1,1,1,1.0,4.0,72155,M,4788300.0,25200.0,72
201100023665,11,5,15,1645,1,1,1,1.0,1.0,72058,M,4797800.0,24900.0,72
201100023666,11,6,8,715,1,1,2,1.0,3.0,72200,M,4791400.0,17300.0,72
201100023667,11,7,5,1730,1,2,1,1.0,1.0,72350,M,0.0,0.0,72
201100023668,11,7,13,2030,1,1,1,1.0,3.0,72231,M,4792000.0,38600.0,72
201100023669,11,7,17,2200,2,1,1,8.0,1.0,72058,M,0.0,0.0,72
201100023670,11,7,23,1615,1,1,1,1.0,3.0,72350,M,0.0,0.0,72
201100023671,11,8,8,1430,1,1,1,8.0,6.0,72213,M,4792000.0,26800.0,72
201100023672,11,8,26,1730,1,1,1,8.0,7.0,72231,M,4797700.0,40500.0,72
201100023673,11,9,8,945,3,1,1,1.0,7.0,72287,M,4788400.0,19300.0,72
201100023674,11,9,18,430,3,1,1,1.0,6.0,72008,M,4794800.0,19200.0,72
201100023675,11,10,14,2000,3,1,1,1.0,1.0,72124,M,4782400.0,29800.0,72
201100023676,11,10,16,1130,1,1,1,1.0,1.0,72260,M,4792200.0,41000.0,72
201100023677,11,10,28,1900,5,2,1,1.0,1.0,72213,M,4791700.0,24700.0,72
201100023678,11,11,4,115,5,2,1,1.0,6.0,72047,M,4791700.0,33700.0,72
201100023679,11,11,15,1915,5,2,1,1.0,6.0,72008,M,0.0,0.0,72
201100023680,11,12,5,715,3,2,1,1.0,6.0,72047,M,4791900.0,33300.0,72
201100023681,11,12,15,800,3,1,1,1.0,3.0,72155,M,4787200.0,23200.0,72
201100023682,11,12,18,130,3,1,1,9.0,6.0,72058,M,4800800.0,33500.0,72
201100023683,11,12,21,800,2,1,1,2.0,1.0,72260,M,4796400.0,24900.0,72
201100023684,11,3,31,1000,1,1,1,1.0,6.0,83019,M,0.0,0.0,83
201100023685,11,7,3,530,1,1,1,1.0,6.0,83019,M,0.0,0.0,83
201100023686,11,8,20,2000,1,1,1,1.0,3.0,83070,M,0.0,0.0,83
201100023687,11,8,30,330,5,2,1,1.0,1.0,83070,M,0.0,0.0,83
201100023688,11,9,7,2130,3,1,1,1.0,6.0,83019,M,0.0,0.0,83
201100023689,11,4,9,930,1,1,1,1.0,6.0,91648,M,0.0,0.0,91
201100023690,11,7,1,815,1,2,1,1.0,3.0,91086,M,4862200.0,237800.0,91
201100023691,11,11,23,1845,2,2,1,1.0,6.0,91340,M,0.0,0.0,91
201100023692,11,12,1,845,1,2,1,1.0,2.0,91340,M,0.0,0.0,91
201100023693,11,12,2,1930,3,2,1,1.0,1.0,91086,M,0.0,0.0,91
201100023694,11,1,5,1800,5,2,1,2.0,2.0,19031,M,4515080.0,153135.0,19
201100023695,11,1,7,2045,5,2,1,1.0,3.0,19031,M,4515540.0,151643.0,19
201100023696,11,1,7,2115,5,2,2,1.0,3.0,19031,M,4515744.0,152378.0,19
201100023697,11,1,12,1955,5,2,2,2.0,3.0,19031,M,4516537.0,152052.0,19
201100023698,11,1,13,2230,5,2,1,1.0,6.0,19031,M,4515967.0,153130.0,19
201100023699,11,1,19,1050,1,2,1,1.0,6.0,19031,M,4516541.0,153647.0,19
201100023700,11,1,19,1630,1,2,1,1.0,6.0,19031,M,4515940.0,153100.0,19
201100023701,11,1,21,1620,1,2,1,1.0,6.0,19031,M,4515794.0,152365.0,19
201100023702,11,1,26,1830,1,2,1,1.0,3.0,19031,M,4515737.0,150703.0,19
201100023703,11,1,27,1300,1,2,6,1.0,2.0,19031,M,4514957.0,149408.0,19
201100023704,11,1,28,1535,1,2,1,1.0,2.0,19031,M,4514630.0,153040.0,19
201100023705,11,2,3,1720,1,2,1,2.0,6.0,19031,M,4515680.0,153101.0,19
201100023706,11,2,10,1215,1,2,1,1.0,4.0,19031,M,4516250.0,152473.0,19
201100023707,11,2,11,1605,1,2,1,1.0,6.0,19031,M,4516520.0,153276.0,19
201100023708,11,2,11,1715,1,2,2,1.0,3.0,19031,M,4515730.0,151267.0,19
201100023709,11,2,17,1805,1,2,3,1.0,3.0,19031,M,4515570.0,150177.0,19
201100023710,11,2,21,1700,1,2,1,3.0,2.0,19031,M,4515540.0,152508.0,19
201100023711,11,2,21,2005,5,2,2,3.0,3.0,19031,M,4515410.0,152986.0,19
201100023712,11,3,2,1810,1,2,1,1.0,6.0,19031,M,4515540.0,154038.0,19
201100023713,11,3,5,1855,5,2,3,1.0,3.0,19031,M,4517240.0,152701.0,19
201100023714,11,3,5,2345,5,2,1,1.0,6.0,19031,M,4516550.0,149585.0,19
201100023715,11,3,8,1650,1,2,1,1.0,4.0,19031,M,4515610.0,152488.0,19
201100023716,11,3,9,1355,1,2,1,1.0,6.0,19031,M,4515780.0,152367.0,19
201100023717,11,3,9,1555,1,1,2,1.0,2.0,19031,M,4515340.0,153268.0,19
201100023718,11,3,11,2015,5,2,2,1.0,6.0,19031,M,4515910.0,153029.0,19
201100023719,11,3,14,640,2,2,2,1.0,3.0,19031,M,4515050.0,153165.0,19
201100023720,11,3,18,1830,1,2,1,2.0,6.0,19031,M,4515510.0,153471.0,19
201100023721,11,3,22,1300,1,2,1,1.0,3.0,19031,M,4515920.0,153043.0,19
201100023722,11,3,22,1510,1,2,1,1.0,2.0,19031,M,4516360.0,154052.0,19
201100023723,11,3,25,1745,1,2,1,1.0,2.0,19031,M,4515290.0,150678.0,19
201100023724,11,3,28,1215,1,2,3,1.0,3.0,19031,M,4517920.0,152895.0,19
201100023725,11,3,29,1730,1,2,2,2.0,3.0,19031,M,4516310.0,150279.0,19
201100023726,11,4,1,2235,5,2,2,1.0,3.0,19031,M,4516570.0,153754.0,19
201100023727,11,4,2,1100,1,2,1,1.0,2.0,19031,M,4516480.0,151532.0,19
201100023728,11,4,2,1740,1,2,1,1.0,3.0,19031,M,4516680.0,154554.0,19
201100023729,11,4,4,1720,1,2,1,1.0,2.0,19031,M,4515680.0,150408.0,19
201100023730,11,4,6,915,1,2,1,1.0,2.0,19031,M,4515480.0,153782.0,19
201100023731,11,4,8,1830,1,2,1,1.0,4.0,19031,M,4515660.0,150412.0,19
201100023732,11,4,12,1215,1,2,1,1.0,3.0,19031,M,4516670.0,154493.0,19
201100023733,11,4,19,1055,1,2,1,1.0,4.0,19031,M,4516520.0,153215.0,19
201100023734,11,4,20,1150,1,2,1,1.0,6.0,19031,M,4515310.0,153514.0,19
201100023735,11,4,20,1630,1,2,1,1.0,3.0,19031,M,4516050.0,154910.0,19