Num_Acc,an,mois,jour,hrmn,lum,agg,int,atm,col,com,gps,lat,long,dep
201100023736,11,4,21,1910,1,2,3,1.0,3.0,19031,M,4515420.0,154575.0,19
201100023737,11,4,29,2110,5,2,3,1.0,3.0,19031,M,4515750.0,152990.0,19
201100023738,11,5,1,1640,1,2,1,1.0,3.0,19031,M,,,19
201100023739,11,5,4,730,1,2,2,1.0,3.0,19031,M,,,19
201100023740,11,5,7,945,1,2,1,1.0,4.0,19031,M,,,19
201100023741,11,5,11,1730,1,2,3,1.0,3.0,19031,M,,,19
201100023742,11,5,12,1120,1,2,1,1.0,2.0,19031,M,,,19
201100023743,11,5,17,2000,1,2,3,1.0,6.0,19031,M,,,19
201100023744,11,5,20,1710,1,2,1,1.0,6.0,19031,M,,,19
201100023745,11,5,23,805,1,2,3,1.0,3.0,19031,M,,,19
201100023746,11,5,29,755,1,2,1,1.0,7.0,19031,M,,,19
201100023747,11,5,31,1815,1,2,1,1.0,2.0,19031,M,,,19
201100023748,11,6,2,1055,1,2,2,1.0,3.0,19031,M,4515650.0,150426.0,19
201100023749,11,6,6,1500,1,2,1,1.0,4.0,19031,M,,,19
201100023750,11,6,10,915,1,2,1,1.0,2.0,19031,M,4515850.0,154046.0,19
201100023751,11,6,10,1715,1,2,1,1.0,6.0,19031,M,4516220.0,152672.0,19
201100023752,11,6,11,1540,1,2,2,1.0,3.0,19031,M,4515940.0,153364.0,19
201100023753,11,6,13,320,5,2,3,1.0,6.0,19031,M,4516050.0,153481.0,19
201100023754,11,6,14,1350,1,2,1,1.0,6.0,19031,M,4515360.0,152940.0,19
201100023755,11,6,20,705,1,2,3,1.0,3.0,19031,M,4515350.0,150910.0,19
201100023756,11,6,28,1000,1,2,1,1.0,6.0,19031,M,4514660.0,148240.0,19
201100023757,11,7,3,2315,5,2,1,1.0,2.0,19031,M,,,19
201100023758,11,7,5,1655,1,2,3,1.0,3.0,19031,M,,,19
201100023759,11,7,5,2215,5,2,1,1.0,1.0,19031,M,,,19
201100023760,11,7,8,2225,5,2,1,1.0,6.0,19031,M,,,19
201100023761,11,7,18,845,1,2,2,1.0,3.0,19031,M,,,19
201100023762,11,7,18,1410,1,2,2,2.0,3.0,19031,M,,,19
201100023763,11,7,24,2300,5,2,2,1.0,3.0,19031,M,,,19
201100023764,11,7,25,1925,1,2,2,2.0,3.0,19031,M,,,19
201100023765,11,7,27,1235,1,2,2,1.0,3.0,19031,M,,,19
201100023766,11,7,30,2000,1,2,1,1.0,6.0,19031,M,,,19
201100023767,11,7,30,2330,5,2,3,1.0,3.0,19031,M,,,19
201100023768,11,8,2,1305,1,1,6,1.0,3.0,19031,M,,,19
201100023769,11,8,4,1715,1,2,2,1.0,3.0,19031,M,,,19
201100023770,11,8,4,1715,1,2,1,1.0,4.0,19031,M,,,19
201100023771,11,8,5,1250,1,2,1,1.0,2.0,19031,M,,,19
201100023772,11,8,8,1815,1,2,1,1.0,6.0,19031,M,,,19
201100023773,11,8,11,1230,1,2,9,1.0,5.0,19031,M,,,19
201100023774,11,8,12,1200,1,2,1,1.0,3.0,19031,M,,,19
201100023775,11,8,14,1315,1,2,1,1.0,6.0,19031,M,,,19
201100023776,11,8,20,1022,1,2,1,1.0,2.0,19031,M,,,19
201100023777,11,8,21,845,1,2,1,1.0,2.0,19031,M,,,19
201100023778,11,8,23,1025,1,2,1,1.0,2.0,19031,M,,,19
201100023779,11,8,26,1230,1,2,3,1.0,2.0,19031,M,,,19
201100023780,11,9,7,1200,1,2,1,2.0,2.0,19031,M,,,19
201100023781,11,9,8,2210,5,2,1,1.0,6.0,19031,M,,,19
201100023782,11,9,9,1115,1,2,1,1.0,6.0,19031,M,,,19
201100023783,11,9,15,855,1,2,1,1.0,2.0,19031,M,,,19
201100023784,11,9,19,1315,1,2,1,1.0,3.0,19031,M,,,19
201100023785,11,9,19,1400,1,2,3,1.0,3.0,19031,M,,,19
201100023786,11,9,19,1650,1,2,3,1.0,3.0,19031,M,,,19
201100023787,11,9,20,1930,1,2,3,1.0,3.0,19031,M,,,19
201100023788,11,9,23,455,5,2,1,1.0,7.0,19031,M,,,19
201100023789,11,9,23,1700,1,2,2,1.0,3.0,19031,M,,,19
201100023790,11,9,23,1825,1,2,1,1.0,4.0,19031,M,,,19
201100023791,11,9,23,1930,1,2,1,1.0,2.0,19031,M,,,19
201100023792,11,9,29,1745,1,2,2,1.0,3.0,19031,M,,,19
201100023793,11,9,30,2130,5,2,3,1.0,3.0,19031,M,,,19
201100023794,11,10,3,1740,1,2,1,1.0,2.0,19031,M,,,19
201100023795,11,10,9,500,5,2,1,1.0,6.0,19031,M,,,19
201100023796,11,10,20,755,2,2,1,1.0,6.0,19031,M,,,19
201100023797,11,10,25,850,1,2,2,1.0,3.0,19031,M,,,19
201100023798,11,11,3,1725,5,2,1,3.0,4.0,19031,M,,,19
201100023799,11,11,4,1205,1,2,1,1.0,4.0,19031,M,,,19
201100023800,11,11,5,1405,1,2,1,2.0,3.0,19031,M,,,19
201100023801,11,11,5,1905,5,2,1,2.0,2.0,19031,M,,,19
201100023802,11,11,8,1820,5,2,1,1.0,2.0,19031,M,,,19
201100023803,11,11,16,1455,1,2,1,1.0,2.0,19031,M,,,19
201100023804,11,11,18,805,1,2,3,1.0,3.0,19031,M,,,19
201100023805,11,11,22,1620,1,2,3,1.0,3.0,19031,M,,,19
201100023806,11,11,24,1705,2,2,1,1.0,2.0,19031,M,,,19
201100023807,11,11,26,1305,1,2,3,1.0,3.0,19031,M,,,19
201100023808,11,11,29,1826,5,2,1,1.0,3.0,19031,M,,,19
201100023809,11,11,29,1845,2,2,3,1.0,6.0,19031,M,,,19
201100023810,11,11,29,1930,5,2,3,1.0,3.0,19031,M,,,19
201100023811,11,11,30,1520,1,2,1,1.0,4.0,19031,M,,,19
201100023812,11,12,2,1100,1,2,1,1.0,6.0,19031,M,4515490.0,151432.0,19
201100023813,11,12,3,2025,5,2,6,9.0,2.0,19031,M,4516630.0,154180.0,19
201100023814,11,12,6,1350,1,2,1,2.0,2.0,19031,M,4515560.0,150126.0,19
201100023815,11,12,19,755,5,2,1,2.0,3.0,19031,M,4514870.0,119123.0,19
201100023816,11,12,19,1345,1,2,1,1.0,6.0,19031,M,4516110.0,154083.0,19
201100023817,11,12,30,1920,5,2,3,2.0,3.0,19031,M,4515570.0,150170.0,19
201100023818,11,2,16,2200,5,2,1,1.0,6.0,68156,M,4790637.0,725423.0,68
201100023819,11,4,8,2030,3,1,1,1.0,7.0,68315,M,4786541.0,712635.0,68
201100023820,11,4,15,215,3,1,1,1.0,7.0,68159,M,4789250.0,718784.0,68
201100023821,11,5,13,1945,1,1,2,1.0,3.0,68177,M,4794255.0,715041.0,68
201100023822,11,9,28,1115,1,2,1,1.0,6.0,68315,M,4788178.0,723143.0,68
201100023823,11,1,28,715,2,1,1,9.0,7.0,59046,M,5091557.0,257836.0,59
201100023824,11,5,8,200,5,2,1,1.0,7.0,59605,M,5102275.0,249090.0,59
201100023825,11,7,3,1730,1,2,2,1.0,4.0,59260,M,5106175.0,252210.0,59
201100023826,11,7,8,1815,1,2,1,8.0,1.0,59046,M,5090298.0,257729.0,59
201100023827,11,10,1,1045,1,2,1,1.0,6.0,59260,M,5097843.0,257922.0,59
201100023828,11,10,15,1030,1,2,1,1.0,1.0,59260,M,5105320.0,252471.0,59
201100023829,11,1,27,1950,5,2,1,1.0,6.0,19272,M,4526500.0,176962.0,19
201100023830,11,2,23,1315,1,2,1,1.0,2.0,19272,M,4525720.0,176002.0,19
201100023831,11,4,27,810,1,2,1,1.0,6.0,19272,M,4526160.0,176006.0,19
201100023832,11,5,4,1900,1,2,1,1.0,2.0,19272,M,4526410.0,176762.0,19
201100023833,11,5,8,1520,1,2,1,1.0,6.0,19272,M,4526090.0,175739.0,19
201100023834,11,5,13,1825,1,2,1,1.0,6.0,19272,M,4526310.0,176464.0,19
201100023835,11,6,1,915,1,2,1,1.0,7.0,19272,M,4525030.0,175024.0,19
201100023836,11,6,28,1645,1,2,1,1.0,6.0,19272,M,4527710.0,177453.0,19
201100023837,11,7,2,1850,1,2,1,1.0,6.0,19272,M,4527120.0,177689.0,19
201100023838,11,10,24,1105,1,1,1,1.0,1.0,19272,M,4528870.0,177203.0,19
201100023839,11,11,18,25,5,2,1,1.0,6.0,19272,M,4526090.0,175898.0,19
201100023840,11,11,18,1445,1,2,1,1.0,6.0,19272,M,4526850.0,177197.0,19
201100023841,11,12,4,20,5,2,1,2.0,7.0,19272,M,4526410.0,176620.0,19
201100023842,11,1,10,1740,2,2,1,1.0,6.0,19275,M,4554574.0,230787.0,19
201100023843,11,1,21,1500,1,2,1,7.0,6.0,19275,M,4554829.0,230852.0,19
201100023844,11,2,11,1455,1,2,3,1.0,3.0,19275,M,4554250.0,229767.0,19
201100023845,11,2,21,1620,1,1,1,2.0,7.0,19275,M,4552490.0,230472.0,19
201100023846,11,3,8,1100,1,2,1,1.0,7.0,19275,M,4553960.0,232409.0,19
201100023847,11,4,5,800,1,2,3,1.0,3.0,19275,M,4553870.0,232605.0,19
201100023848,11,4,12,1820,1,2,1,1.0,6.0,19275,M,4554860.0,230915.0,19
201100023849,11,5,29,1115,1,2,1,1.0,6.0,19275,M,4555276.0,231592.0,19
201100023850,11,5,30,1155,1,2,1,1.0,2.0,19275,M,4554944.0,230761.0,19
201100023851,11,6,18,2310,5,2,1,1.0,7.0,19275,M,4555570.0,230232.0,19
201100023852,11,7,26,2134,2,2,1,1.0,6.0,19275,M,4554800.0,231056.0,19
201100023853,11,8,25,930,1,2,1,8.0,6.0,19275,M,4555530.0,231619.0,19
201100023854,11,10,4,745,1,2,1,1.0,6.0,19275,M,4554580.0,230473.0,19
201100023855,11,11,14,1938,5,2,1,1.0,6.0,19275,M,4555690.0,231830.0,19
201100023856,11,12,6,1700,2,2,1,2.0,1.0,19275,M,4557238.0,345699.0,19
201100023857,11,1,29,1015,1,2,1,1.0,6.0,68300,M,4778871.0,738764.0,68
201100023858,11,2,20,115,3,1,1,1.0,6.0,68253,M,4778163.0,749651.0,68
201100023859,11,5,4,1545,1,2,1,1.0,6.0,68300,M,4778917.0,737014.0,68
201100023860,11,6,5,1130,1,2,1,1.0,2.0,68300,M,4777532.0,738997.0,68
201100023861,11,7,9,1130,1,1,1,1.0,3.0,68020,M,4781768.0,753050.0,68
201100023862,11,8,9,1515,1,1,1,1.0,3.0,68015,M,4779538.0,737879.0,68
201100023863,11,8,29,1900,2,2,1,1.0,3.0,68015,M,4780191.0,738780.0,68
201100023864,11,10,14,630,5,2,6,1.0,3.0,68300,M,4777951.0,736502.0,68
201100023865,11,11,26,1945,3,2,1,1.0,2.0,68020,M,4781347.0,750490.0,68
201100023866,11,12,6,2145,3,1,1,2.0,6.0,68015,M,4779062.0,744542.0,68
201100023867,11,12,28,930,1,2,1,1.0,6.0,21054,M,4701720.0,483580.0,21
201100023868,11,1,27,650,5,2,1,1.0,3.0,21054,M,,,21
201100023869,11,1,26,1630,1,2,1,2.0,3.0,21054,M,,,21
201100023870,11,2,8,745,1,2,1,1.0,3.0,21054,M,,,21
201100023871,11,2,23,1505,1,2,1,1.0,6.0,21054,M,,,21
201100023872,11,3,4,2104,5,2,1,1.0,3.0,21054,M,,,21
201100023873,11,3,28,1550,1,2,1,1.0,6.0,21054,M,,,21
201100023874,11,4,1,1450,1,2,3,1.0,3.0,21054,M,,,21
201100023875,11,4,26,1850,1,2,3,1.0,3.0,21054,M,,,21
201100023876,11,6,8,650,1,2,6,2.0,3.0,21054,M,,,21
201100023877,11,6,22,1740,1,2,1,1.0,6.0,21054,M,,,21
201100023878,11,6,24,1710,1,2,3,1.0,3.0,21054,M,,,21
201100023879,11,7,11,2200,2,2,1,1.0,6.0,21054,M,,,21
201100023880,11,8,6,1855,1,2,5,2.0,3.0,21054,M,4702050.0,483535.0,21
201100023881,11,8,20,1145,1,2,1,1.0,6.0,21054,M,4701620.0,483718.0,21
201100023882,11,9,6,1710,1,2,2,1.0,3.0,21054,M,4702380.0,484429.0,21
201100023883,11,9,23,1650,1,2,1,1.0,4.0,21054,M,4702160.0,484066.0,21
201100023884,11,10,2,1810,1,2,1,1.0,6.0,21054,M,4702160.0,484066.0,21
201100023885,11,10,3,1632,1,2,2,1.0,6.0,21054,M,4702160.0,484065.0,21
201100023886,11,10,28,1903,5,2,1,1.0,3.0,21054,M,4702170.0,484094.0,21
201100023887,11,1,7,1435,1,2,1,1.0,6.0,21231,M,4733180.0,506579.0,21
201100023888,11,1,8,1904,3,1,1,8.0,6.0,21231,M,0.0,0.0,21
201100023889,11,1,10,1110,1,2,1,1.0,2.0,21355,M,4728800.0,503879.0,21
201100023890,11,1,11,1510,1,2,1,2.0,1.0,21231,M,4731570.0,508306.0,21
201100023891,11,1,17,1537,1,2,2,1.0,3.0,21231,M,4731260.0,502103.0,21
201100023892,11,1,25,1240,1,2,7,1.0,2.0,21231,M,4732130.0,505213.0,21
201100023893,11,1,27,1431,1,2,2,1.0,3.0,21231,M,4734380.0,504192.0,21
201100023894,11,2,3,1605,1,2,3,2.0,6.0,21231,M,4731930.0,503317.0,21
201100023895,11,2,14,1211,1,2,2,2.0,2.0,21231,M,4731880.0,504922.0,21
201100023896,11,2,18,2000,5,2,2,1.0,6.0,21231,M,4730590.0,504737.0,21
201100023897,11,2,22,1400,1,2,1,1.0,1.0,21231,M,4732930.0,505956.0,21
201100023898,11,3,3,847,1,2,1,1.0,4.0,21231,M,,,21
201100023899,11,3,7,1720,1,2,2,1.0,4.0,21231,M,,,21
201100023900,11,3,6,1800,1,2,1,1.0,2.0,21231,M,,,21
201100023901,11,3,8,1559,1,2,2,1.0,3.0,21231,M,,,21
201100023902,11,3,10,255,3,2,2,1.0,2.0,21355,M,,,21
201100023903,11,3,12,2210,5,2,2,2.0,3.0,21231,M,,,21
201100023904,11,3,18,1333,1,2,2,1.0,3.0,21231,M,,,21
201100023905,11,3,18,2048,5,2,3,1.0,3.0,21278,M,,,21
201100023906,11,3,23,1909,5,2,2,1.0,6.0,21231,M,,,21
201100023907,11,3,23,1141,1,2,4,1.0,1.0,21278,M,,,21
201100023908,11,3,26,1617,1,2,1,3.0,6.0,21231,M,,,21
201100023909,11,3,29,1223,1,1,1,1.0,1.0,21231,M,,,21
201100023910,11,3,27,1155,1,2,3,1.0,6.0,21231,M,,,21
201100023911,11,4,8,633,2,2,3,1.0,3.0,21231,M,4735250.0,505273.0,21
201100023912,11,4,15,1846,1,2,2,1.0,3.0,21231,M,4733080.0,503852.0,21
201100023913,11,4,16,1817,1,2,2,1.0,3.0,21231,M,4731720.0,506539.0,21
201100023914,11,4,23,1616,1,2,3,1.0,3.0,21231,M,4733760.0,504047.0,21
201100023915,11,5,2,1450,1,2,1,1.0,3.0,21231,M,,,21
201100023916,11,5,4,1525,1,2,1,1.0,2.0,21278,M,,,21
201100023917,11,5,9,830,1,2,3,1.0,4.0,21231,M,,,21
201100023918,11,5,11,103,5,2,1,1.0,7.0,21617,M,,,21
201100023919,11,5,17,855,1,2,2,1.0,3.0,21231,M,,,21
201100023920,11,5,26,2125,2,2,2,1.0,6.0,21231,M,,,21
201100023921,11,6,12,1239,1,2,1,1.0,1.0,21617,M,,,21
201100023922,11,6,15,816,1,2,3,1.0,3.0,21231,M,,,21
201100023923,11,6,15,2141,5,2,9,1.0,6.0,21231,M,,,21
201100023924,11,6,16,1952,1,2,1,1.0,6.0,21231,M,,,21
201100023925,11,6,19,1704,1,2,3,1.0,3.0,21166,M,,,21
201100023926,11,6,20,2030,1,2,4,1.0,3.0,21231,M,,,21
201100023927,11,6,29,1550,1,2,1,1.0,6.0,21231,M,,,21
201100023928,11,6,30,1815,1,2,2,1.0,3.0,21231,M,,,21
201100023929,11,7,5,839,1,2,2,1.0,3.0,21231,M,,,21
201100023930,11,7,6,748,1,2,9,1.0,2.0,21355,M,4727550.0,503622.0,21
201100023931,11,8,5,1410,1,2,9,1.0,5.0,21231,M,,,21
201100023932,11,8,7,1921,1,2,2,1.0,1.0,21231,M,,,21
201100023933,11,8,26,830,1,2,1,1.0,6.0,21231,M,,,21
201100023934,11,9,9,1530,1,2,1,1.0,2.0,21231,M,,,21
201100023935,11,9,9,1730,1,2,4,1.0,6.0,21355,M,,,21
201100023936,11,9,13,1145,1,2,1,1.0,6.0,21231,M,,,21
201100023937,11,9,13,1433,1,2,3,1.0,1.0,21231,M,,,21
201100023938,11,9,14,943,1,2,3,1.0,1.0,21231,M,,,21
201100023939,11,9,15,230,5,2,2,1.0,6.0,21231,M,,,21
201100023940,11,9,15,1635,1,2,1,1.0,5.0,21166,M,,,21
201100023941,11,9,19,1215,1,2,1,1.0,2.0,21231,M,,,21
201100023942,11,9,22,1642,1,2,2,1.0,6.0,21231,M,,,21
201100023943,11,9,22,1740,1,2,4,1.0,2.0,21355,M,,,21
201100023944,11,9,22,1638,1,2,1,1.0,6.0,21231,M,,,21
201100023945,11,9,25,1731,1,2,2,1.0,3.0,21231,M,,,21
201100023946,11,9,30,1829,1,2,2,7.0,6.0,21231,M,,,21
201100023947,11,10,2,1811,1,2,2,1.0,3.0,21166,M,,,21
201100023948,11,10,3,1229,1,2,4,1.0,6.0,21166,M,,,21
201100023949,11,10,4,2052,5,2,7,1.0,2.0,21231,M,,,21
201100023950,11,10,14,1027,1,2,2,1.0,6.0,21231,M,,,21
201100023951,11,10,26,1900,5,2,1,1.0,6.0,21617,M,,,21
201100023952,11,10,28,1209,1,2,2,1.0,5.0,21231,M,,,21
201100023953,11,11,2,1540,1,2,6,1.0,6.0,21231,M,,,21
201100023954,11,11,9,1615,1,2,3,1.0,3.0,21231,M,,,21
201100023955,11,11,15,807,5,2,2,5.0,6.0,21166,M,,,21
201100023956,11,11,15,1348,1,2,2,1.0,6.0,21617,M,,,21
201100023957,11,11,17,1522,1,2,1,1.0,6.0,21231,M,,,21
201100023958,11,11,19,2309,5,2,1,2.0,3.0,21231,M,,,21
201100023959,11,11,22,1816,5,2,3,1.0,6.0,21355,M,,,21
201100023960,11,11,25,45,3,2,9,1.0,7.0,21231,M,,,21
201100023961,11,11,28,1535,1,1,3,1.0,2.0,21231,M,,,21
201100023962,11,11,29,1740,5,2,3,1.0,2.0,21231,M,,,21
201100023963,11,12,5,911,1,2,2,2.0,5.0,21231,M,,,21
201100023964,11,12,6,804,2,2,1,2.0,6.0,21231,M,,,21
201100023965,11,12,6,840,2,2,1,2.0,2.0,21231,M,,,21
201100023966,11,12,6,1710,5,2,3,2.0,6.0,21231,M,,,21
201100023967,11,12,8,1808,3,2,2,1.0,3.0,21355,M,,,21
201100023968,11,12,13,305,5,2,3,1.0,3.0,21231,M,,,21
201100023969,11,12,15,1740,5,2,9,2.0,3.0,21231,M,,,21
201100023970,11,12,15,1827,5,2,2,2.0,3.0,21231,M,,,21
201100023971,11,12,23,310,5,2,7,2.0,6.0,21231,M,,,21
201100023972,11,12,24,1818,5,2,1,8.0,6.0,21231,M,,,21
201100023973,11,12,26,1517,1,2,1,1.0,6.0,21166,M,,,21
201100023974,11,6,7,1545,1,2,1,1.0,3.0,42271,M,4547964.0,457925.0,42
201100023975,11,8,11,1415,1,1,1,1.0,3.0,42283,M,4554188.0,455529.0,42
201100023976,11,9,10,900,1,2,1,1.0,3.0,42308,M,4545033.0,458303.0,42
201100023977,11,11,13,1500,1,1,1,1.0,7.0,42320,M,4552740.0,449074.0,42
201100023978,11,12,13,400,2,1,1,8.0,7.0,42308,M,4545905.0,458264.0,42
201100023979,11,1,15,1940,5,2,1,1.0,2.0,22050,M,4845080.0,-206690.0,22
201100023980,11,12,10,1110,1,2,1,1.0,6.0,22050,M,4845646.0,-205342.0,22
201100023981,11,1,23,2140,3,2,1,1.0,7.0,22050,M,,,22
201100023982,11,2,6,930,1,2,6,1.0,3.0,22050,M,4845618.0,-204925.0,22
201100023983,11,2,12,1112,1,2,2,1.0,6.0,22050,M,4845238.0,-204810.0,22
201100023984,11,3,11,1835,1,2,3,1.0,3.0,22050,M,4846067.0,-204631.0,22
201100023985,11,3,17,1730,1,2,1,1.0,2.0,22050,M,4845759.0,-205347.0,22
201100023986,11,3,24,2145,5,2,1,1.0,6.0,22050,M,,,22
201100023987,11,4,5,745,1,2,1,1.0,5.0,22050,M,4845217.0,-206179.0,22
201100023988,11,4,8,1045,1,2,6,7.0,3.0,22050,M,,,22
201100023989,11,4,15,1525,1,2,3,1.0,3.0,22050,M,4846193.0,-204195.0,22
201100023990,11,5,20,1400,1,2,1,1.0,6.0,22050,M,4845379.0,-205218.0,22
201100023991,11,5,31,1820,1,2,4,1.0,3.0,22050,M,4845073.0,-204155.0,22
201100023992,11,6,5,52,5,2,2,1.0,1.0,22050,M,4845294.0,-205663.0,22
201100023993,11,6,15,900,1,2,7,1.0,2.0,22050,M,4845222.0,-204465.0,22
201100023994,11,6,29,1940,1,2,4,1.0,3.0,22050,M,4844631.0,-204596.0,22
201100023995,11,7,11,2240,5,2,1,1.0,7.0,22050,M,,,22
201100023996,11,7,13,747,1,2,2,1.0,3.0,22050,M,4845432.0,-206233.0,22
201100023997,11,8,1,1600,1,2,1,1.0,7.0,22050,M,4846150.0,-204099.0,22
201100023998,11,8,12,735,1,2,1,1.0,3.0,22050,M,4846485.0,-204152.0,22
201100023999,11,8,29,1145,1,2,3,1.0,3.0,22050,M,4845536.0,-204917.0,22
201100024000,11,9,20,740,1,2,6,1.0,3.0,22050,M,4845654.0,-204888.0,22
201100024001,11,9,24,1330,1,2,3,1.0,3.0,22050,M,4845441.0,-204945.0,22
201100024002,11,9,25,1940,2,2,1,1.0,6.0,22050,M,4845399.0,-205559.0,22
201100024003,11,9,14,1140,1,2,1,1.0,7.0,22050,M,4845215.0,206080.0,22
201100024004,11,4,28,1040,1,2,1,1.0,6.0,22050,M,4845138.0,-204032.0,22
201100024005,11,9,28,927,1,2,3,1.0,3.0,22050,M,4845226.0,-204463.0,22
201100024006,11,10,19,1510,1,2,1,1.0,1.0,22050,M,,,22
201100024007,11,10,11,1040,1,2,1,1.0,6.0,22050,M,4845427.0,-204786.0,22
201100024008,11,10,21,1825,1,2,6,1.0,3.0,22050,M,4845433.0,-206232.0,22
201100024009,11,10,30,230,5,2,1,1.0,7.0,22050,M,4845451.0,-203905.0,22
201100024010,11,9,17,2200,5,2,2,1.0,6.0,22050,M,4845004.0,-204316.0,22
201100024011,11,11,22,740,2,2,2,1.0,1.0,22050,M,4844805.0,-204667.0,22
201100024012,11,11,29,1310,1,2,6,1.0,3.0,22050,M,4845432.0,-206237.0,22
201100024013,11,12,13,1430,1,2,6,1.0,3.0,22050,M,4845549.0,-205737.0,22
201100024014,11,12,15,1830,3,2,1,3.0,6.0,22050,M,4845250.0,-204819.0,22
201100024015,11,1,19,1810,5,2,1,1.0,6.0,22113,M,,,22
201100024016,11,2,3,1520,1,2,1,1.0,1.0,22113,M,4873366.0,-346604.0,22
201100024017,11,2,12,1045,1,1,1,1.0,3.0,22113,M,,,22
201100024018,11,2,19,2015,3,2,1,1.0,7.0,22113,M,,,22
201100024019,11,3,12,2335,5,2,3,1.0,1.0,22113,M,,,22
201100024020,11,3,7,1115,1,2,1,1.0,7.0,22113,M,4873245.0,-346637.0,22
201100024021,11,3,28,1340,1,2,1,1.0,6.0,22113,M,,,22
201100024022,11,3,28,1350,1,2,1,1.0,2.0,22113,M,,,22
201100024023,11,4,21,905,1,2,3,1.0,3.0,22113,M,4873511.0,-344565.0,22
201100024024,11,4,28,1940,1,1,3,1.0,3.0,22113,M,,,22
201100024025,11,5,6,1855,1,1,4,1.0,3.0,22113,M,4874903.0,-348584.0,22
201100024026,11,6,8,1225,1,1,2,1.0,3.0,22113,M,4875089.0,-341870.0,22
201100024027,11,7,7,1030,1,2,1,2.0,6.0,22113,M,,,22
201100024028,11,7,7,1830,1,2,2,1.0,3.0,22113,M,4873935.0,-346325.0,22
201100024029,11,8,1,950,1,2,1,1.0,7.0,22113,M,4873206.0,-345843.0,22
201100024030,11,8,17,1910,1,1,1,1.0,7.0,22113,M,,,22
201100024031,11,8,10,730,1,2,6,1.0,3.0,22113,M,,,22
201100024032,11,8,26,2220,3,1,1,1.0,6.0,22113,M,,,22
201100024033,11,9,15,1640,1,2,1,1.0,6.0,22113,M,,,22
201100024034,11,10,2,2015,2,2,1,1.0,2.0,22113,M,,,22
201100024035,11,10,14,1425,1,2,1,1.0,6.0,22113,M,,,22
201100024036,11,10,18,1310,1,2,3,1.0,3.0,22113,M,4875807.0,-346376.0,22
201100024037,11,10,21,1640,1,2,1,1.0,2.0,22113,M,,,22
201100024038,11,10,29,2045,3,2,4,1.0,7.0,22113,M,4873033.0,-346891.0,22
201100024039,11,10,12,1600,1,2,1,1.0,6.0,22113,M,,,22
201100024040,11,11,11,1300,1,2,1,1.0,3.0,22113,M,4873304.0,-345292.0,22
201100024041,11,11,16,15,5,2,1,1.0,6.0,22113,M,,,22
201100024042,11,11,26,1925,4,2,1,1.0,2.0,22113,M,,,22
201100024043,11,12,1,1620,1,2,1,3.0,3.0,22113,M,,,22
201100024044,11,12,9,1735,2,2,1,2.0,3.0,22113,M,,,22
201100024045,11,12,11,1230,1,2,3,2.0,3.0,22113,M,4874536.0,-346604.0,22
201100024046,11,12,18,1750,5,2,1,2.0,6.0,22113,M,4872970.0,-345906.0,22
201100024047,11,12,27,1555,1,2,1,7.0,6.0,22113,M,4873435.0,-344506.0,22
201100024048,11,1,4,1010,1,2,1,1.0,6.0,22360,M,4849206.0,-276376.0,22
201100024049,11,1,4,1930,3,2,4,1.0,6.0,22278,M,4851687.0,-277600.0,22
201100024050,11,1,5,1255,1,2,1,1.0,6.0,22278,M,4851573.0,-276392.0,22
201100024051,11,1,5,1610,1,2,6,1.0,7.0,22278,M,4849854.0,-277174.0,22
201100024052,11,1,5,1645,2,1,1,2.0,4.0,22215,M,4848147.0,-280032.0,22
201100024053,11,1,8,1520,1,2,2,1.0,2.0,22360,M,4848394.0,-273493.0,22
201100024054,11,1,7,1719,1,2,1,1.0,6.0,22278,M,4851552.0,-275980.0,22
201100024055,11,1,14,2320,5,2,2,1.0,2.0,22278,M,4850567.0,-274511.0,22
201100024056,11,1,16,915,1,1,1,1.0,7.0,22106,M,4849338.0,-271045.0,22
201100024057,11,1,17,645,3,1,1,1.0,3.0,22215,M,4849682.0,-276922.0,22
201100024058,11,1,19,1220,1,2,4,1.0,3.0,22278,M,4850184.0,-275534.0,22
201100024059,11,1,23,1820,5,2,6,2.0,3.0,22278,M,4851117.0,-276251.0,22
201100024060,11,1,23,1850,5,2,2,2.0,5.0,22278,M,4851206.0,-274500.0,22
201100024061,11,1,24,1725,2,2,1,1.0,6.0,22278,M,4851043.0,-275757.0,22
201100024062,11,1,24,2150,5,2,1,1.0,7.0,22278,M,4850717.0,-275059.0,22
201100024063,11,1,27,815,5,2,3,1.0,5.0,22360,M,4847656.0,-273231.0,22
201100024064,11,1,27,1750,2,2,1,1.0,6.0,22360,M,4849025.0,-273731.0,22
201100024065,11,1,29,1410,1,2,1,1.0,2.0,22278,M,4851944.0,-279049.0,22
201100024066,11,2,2,810,2,2,2,1.0,7.0,22278,M,,,22
201100024067,11,2,3,755,2,2,1,1.0,7.0,22278,M,4851473.0,-277425.0,22
201100024068,11,2,4,855,1,2,1,1.0,6.0,22278,M,4851114.0,-276021.0,22