Num_Acc,an,mois,jour,hrmn,lum,agg,int,atm,col,com,gps,lat,long,dep
201100024069,11,2,6,15,5,2,3,6.0,3.0,22278,M,4850829.0,-276844.0,22
201100024070,11,2,4,2045,5,2,3,1.0,3.0,22278,M,4850050.0,-274735.0,22
201100024071,11,2,9,1415,1,2,3,1.0,3.0,22278,M,4850200.0,-274307.0,22
201100024072,11,2,10,735,2,2,1,8.0,7.0,22278,M,4851446.0,-275572.0,22
201100024073,11,2,10,805,2,2,6,1.0,3.0,22278,M,4850794.0,-276431.0,22
201100024074,11,2,13,1210,1,2,1,8.0,7.0,22278,M,4851664.0,-277360.0,22
201100024075,11,2,14,855,1,1,3,7.0,3.0,22360,M,4847668.0,-274057.0,22
201100024076,11,2,20,1445,1,2,1,1.0,6.0,22278,M,4852513.0,-273415.0,22
201100024077,11,3,7,1209,1,2,1,1.0,6.0,22278,M,4850591.0,-276130.0,22
201100024078,11,3,8,1644,1,2,6,1.0,6.0,22278,M,4851520.0,-276312.0,22
201100024079,11,3,11,1430,1,2,1,1.0,6.0,22278,M,4851293.0,-275947.0,22
201100024080,11,3,12,635,3,2,3,1.0,5.0,22215,M,4850354.0,-280316.0,22
201100024081,11,3,13,815,1,1,6,1.0,7.0,22360,M,4848881.0,-276274.0,22
201100024082,11,3,16,1705,1,2,1,1.0,6.0,22278,M,4851259.0,-276159.0,22
201100024083,11,3,17,1640,1,1,1,1.0,7.0,22360,M,4848282.0,-269444.0,22
201100024084,11,3,20,530,3,1,1,1.0,6.0,22278,M,4852110.0,-274846.0,22
201100024085,11,3,18,1835,1,1,1,2.0,7.0,22360,M,4848318.0,-271339.0,22
201100024086,11,3,19,1810,2,2,1,1.0,7.0,22215,M,4849532.0,-277575.0,22
201100024087,11,3,21,1345,1,2,1,1.0,5.0,22278,M,4850982.0,-275718.0,22
201100024088,11,3,22,1430,1,2,1,1.0,7.0,22278,M,4850501.0,-277587.0,22
201100024089,11,3,22,2045,5,2,2,1.0,3.0,22278,M,4850257.0,-273797.0,22
201100024090,11,3,23,1800,1,2,1,1.0,7.0,22278,M,4852760.0,-273098.0,22
201100024091,11,3,28,1730,1,2,1,1.0,6.0,22278,M,4851567.0,-275364.0,22
201100024092,11,3,29,1630,1,2,1,1.0,6.0,22278,M,4851417.0,-274074.0,22
201100024093,11,4,4,733,2,2,1,1.0,6.0,22278,M,4850861.0,-277094.0,22
201100024094,11,4,5,2240,5,2,2,1.0,3.0,22278,M,4850256.0,-273793.0,22
201100024095,11,4,7,1745,1,2,3,1.0,3.0,22278,M,4850821.0,-276038.0,22
201100024096,11,4,7,1905,1,1,1,1.0,2.0,22215,M,4852303.0,-281917.0,22
201100024097,11,4,9,1640,1,1,3,1.0,3.0,22215,M,4848782.0,-282498.0,22
201100024098,11,4,9,1905,2,2,1,1.0,7.0,22215,M,4850046.0,-278159.0,22
201100024099,11,4,12,1725,1,1,1,1.0,7.0,22278,M,4851795.0,-280858.0,22
201100024100,11,4,12,1700,1,2,6,1.0,3.0,22360,M,4849333.0,-276147.0,22
201100024101,11,4,13,1225,1,2,6,1.0,7.0,22278,M,4851219.0,-275528.0,22
201100024102,11,4,13,1220,1,2,1,1.0,3.0,22278,M,4850520.0,-278160.0,22
201100024103,11,4,19,830,1,2,1,1.0,6.0,22278,M,4850750.0,-276041.0,22
201100024104,11,4,19,2010,2,2,1,1.0,6.0,22215,M,4849056.0,-279754.0,22
201100024105,11,4,20,1700,1,2,3,1.0,3.0,22278,M,4852389.0,-273391.0,22
201100024106,11,4,22,840,1,1,1,8.0,3.0,22215,M,4848934.0,-283702.0,22
201100024107,11,4,23,1415,1,2,1,1.0,2.0,22278,M,4851199.0,-276692.0,22
201100024108,11,4,25,250,5,2,6,1.0,6.0,22215,M,4847188.0,-280156.0,22
201100024109,11,4,25,1825,1,2,6,1.0,3.0,22278,M,4851306.0,-273844.0,22
201100024110,11,4,25,2040,2,2,6,1.0,6.0,22278,M,4851245.0,-275541.0,22
201100024111,11,4,26,1730,1,2,4,1.0,3.0,22278,M,4850706.0,-277215.0,22
201100024112,11,4,28,1915,1,1,1,1.0,7.0,22278,M,4851896.0,-274757.0,22
201100024113,11,4,29,305,5,2,1,1.0,7.0,22278,M,4851210.0,-277526.0,22
201100024114,11,4,30,1910,1,2,2,1.0,2.0,22278,M,4851737.0,-277928.0,22
201100024115,11,4,29,1755,1,2,7,1.0,6.0,22278,M,4851439.0,-276380.0,22
201100024116,11,5,4,1355,1,2,3,1.0,2.0,22278,M,4851544.0,-276010.0,22
201100024117,11,5,4,1935,1,2,1,1.0,2.0,22106,M,4849846.0,-272298.0,22
201100024118,11,5,5,2315,5,2,1,1.0,3.0,22278,M,,,22
201100024119,11,5,9,2200,5,2,3,1.0,7.0,22215,M,4849706.0,-279140.0,22
201100024120,11,5,10,1525,1,2,1,1.0,6.0,22278,M,4852238.0,-272864.0,22
201100024121,11,5,12,2115,2,2,1,7.0,7.0,22106,M,4849482.0,-271552.0,22
201100024122,11,5,13,2025,2,2,6,1.0,6.0,22278,M,4850807.0,-276039.0,22
201100024123,11,5,18,1300,1,1,1,1.0,7.0,22215,M,4848686.0,-282859.0,22
201100024124,11,5,21,1120,1,1,2,1.0,3.0,22360,M,4849369.0,-273621.0,22
201100024125,11,5,23,1800,1,2,1,1.0,4.0,22278,M,4851124.0,-275849.0,22
201100024126,11,5,24,1440,1,2,2,1.0,3.0,22278,M,4848777.0,-274507.0,22
201100024127,11,5,25,1735,1,2,1,1.0,4.0,22360,M,4849373.0,-274151.0,22
201100024128,11,5,30,1610,1,2,6,2.0,6.0,22278,M,4849753.0,-275286.0,22
201100024129,11,6,1,1800,1,1,1,1.0,4.0,22278,M,4852342.0,-275010.0,22
201100024130,11,6,2,1015,1,2,6,1.0,6.0,22278,M,4851188.0,-276622.0,22
201100024131,11,6,3,1620,1,2,4,1.0,3.0,22360,M,4848178.0,-269358.0,22
201100024132,11,6,3,1645,1,2,3,1.0,3.0,22278,M,4850306.0,-273723.0,22
201100024133,11,6,4,1225,1,2,1,1.0,6.0,22215,M,4850104.0,-278016.0,22
201100024134,11,6,4,2230,3,1,1,1.0,7.0,22106,M,4848704.0,-271804.0,22
201100024135,11,6,6,1435,1,2,2,2.0,3.0,22278,M,4851735.0,-277851.0,22
201100024136,11,6,7,835,1,2,6,1.0,3.0,22360,M,4849246.0,-273926.0,22
201100024137,11,6,8,1726,1,2,4,1.0,3.0,22278,M,4850700.0,-277225.0,22
201100024138,11,6,10,855,1,1,1,1.0,5.0,22278,M,4850921.0,-273844.0,22
201100024139,11,6,10,1015,1,2,1,1.0,7.0,22278,M,4851250.0,-275532.0,22
201100024140,11,6,17,1800,1,2,6,1.0,7.0,22278,M,4851221.0,-276735.0,22
201100024141,11,6,19,718,1,2,6,1.0,3.0,22278,M,4851033.0,-275684.0,22
201100024142,11,6,17,1725,1,2,1,1.0,2.0,22215,M,4849618.0,-277473.0,22
201100024143,11,6,19,815,1,1,1,1.0,7.0,22360,M,4848507.0,-277585.0,22
201100024144,11,6,21,1640,1,2,1,1.0,6.0,22215,M,4849033.0,-279522.0,22
201100024145,11,6,23,2025,2,1,1,1.0,7.0,22106,M,4849684.0,-272467.0,22
201100024146,11,6,24,820,1,2,2,1.0,3.0,22106,M,4848576.0,-268377.0,22
201100024147,11,6,25,1145,1,1,1,1.0,2.0,22106,M,4849698.0,-272423.0,22
201100024148,11,6,25,1845,1,2,1,1.0,7.0,22360,M,4848655.0,-275093.0,22
201100024149,11,6,28,1800,1,2,3,1.0,1.0,22278,M,4851512.0,-276190.0,22
201100024150,11,7,1,1525,1,2,1,1.0,7.0,22278,M,4852661.0,-271741.0,22
201100024151,11,7,2,1915,1,2,3,1.0,6.0,22278,M,4852087.0,-278581.0,22
201100024152,11,7,7,450,3,2,4,1.0,3.0,22278,M,4851396.0,-278391.0,22
201100024153,11,7,8,1855,1,2,3,1.0,2.0,22278,M,4852213.0,-276316.0,22
201100024154,11,7,11,1655,1,2,1,1.0,7.0,22278,M,4850620.0,-275144.0,22
201100024155,11,7,12,1845,1,2,2,1.0,7.0,22215,M,4849472.0,-279637.0,22
201100024156,11,7,13,1125,1,2,1,1.0,6.0,22278,M,4851896.0,-278573.0,22
201100024157,11,7,16,1435,1,2,2,1.0,3.0,22106,M,4850128.0,-271866.0,22
201100024158,11,7,19,1110,1,2,6,8.0,3.0,22278,M,4851189.0,-276613.0,22
201100024159,11,7,27,1822,1,1,1,1.0,7.0,22278,M,4851323.0,-274250.0,22
201100024160,11,8,3,2030,1,2,6,1.0,7.0,22278,M,4850074.0,-274101.0,22
201100024161,11,8,9,1120,1,2,6,1.0,2.0,22278,M,4849368.0,-276155.0,22
201100024162,11,8,16,100,5,2,1,1.0,6.0,22278,M,4850705.0,-275043.0,22
201100024163,11,8,17,1210,1,1,1,1.0,7.0,22278,M,4851648.0,-274402.0,22
201100024164,11,8,20,1255,1,1,1,1.0,7.0,22106,M,4849319.0,-272337.0,22
201100024165,11,8,23,1735,1,1,1,1.0,2.0,22106,M,4849758.0,-272437.0,22
201100024166,11,8,30,1900,1,2,1,1.0,2.0,22278,M,4850534.0,-276167.0,22
201100024167,11,9,2,840,1,1,1,1.0,4.0,22360,M,4848256.0,-268881.0,22
201100024168,11,9,3,1535,1,2,3,1.0,2.0,22278,M,4851909.0,-278623.0,22
201100024169,11,9,1,2000,1,2,6,1.0,3.0,22278,M,4850802.0,-276445.0,22
201100024170,11,9,5,1500,1,2,1,1.0,3.0,22278,M,4852636.0,-281320.0,22
201100024171,11,9,7,1715,1,2,1,1.0,4.0,22278,M,4851106.0,-276061.0,22
201100024172,11,9,9,1310,1,1,1,1.0,7.0,22360,M,4848524.0,-271027.0,22
201100024173,11,9,9,2120,5,2,1,1.0,7.0,22278,M,4850532.0,-275488.0,22
201100024174,11,9,15,1200,1,2,1,1.0,3.0,22278,M,4852261.0,-276447.0,22
201100024175,11,9,17,1850,1,2,3,1.0,7.0,22106,M,4849107.0,-269911.0,22
201100024176,11,9,17,1350,1,2,3,1.0,2.0,22278,M,4849037.0,-275316.0,22
201100024177,11,9,17,1950,1,2,1,1.0,2.0,22278,M,4851094.0,-276915.0,22
201100024178,11,9,17,2005,1,2,1,9.0,7.0,22278,M,4851473.0,-275227.0,22
201100024179,11,9,19,1240,1,2,3,1.0,3.0,22278,M,4851396.0,-273615.0,22
201100024180,11,9,23,1215,1,2,3,1.0,3.0,22278,M,4850789.0,-275900.0,22
201100024181,11,9,25,1600,1,2,1,1.0,2.0,22278,M,4851645.0,-276143.0,22
201100024182,11,9,22,1350,1,2,6,1.0,2.0,22278,M,4851221.0,-275540.0,22
201100024183,11,9,27,2015,1,2,6,1.0,7.0,22278,M,,,22
201100024184,11,9,28,1550,1,2,1,1.0,6.0,22278,M,4851513.0,-276285.0,22
201100024185,11,9,29,745,2,2,1,1.0,6.0,22278,M,4851909.0,-278615.0,22
201100024186,11,10,4,1830,1,1,1,1.0,7.0,22360,M,,,22
201100024187,11,10,6,820,2,2,1,2.0,6.0,22278,M,4851151.0,-277477.0,22
201100024188,11,10,18,1840,5,2,1,1.0,6.0,22215,M,4849064.0,-279720.0,22
201100024189,11,10,19,1050,1,2,1,1.0,3.0,22278,M,4849386.0,-275071.0,22
201100024190,11,10,21,750,5,2,1,1.0,3.0,22278,M,4851333.0,-278162.0,22
201100024191,11,10,24,1825,1,2,3,1.0,3.0,22360,M,4848295.0,-268937.0,22
201100024192,11,10,24,1650,1,2,2,1.0,3.0,22278,M,4848782.0,-274512.0,22
201100024193,11,10,25,1445,1,2,1,1.0,2.0,22278,M,4851107.0,-276083.0,22
201100024194,11,10,27,1055,1,2,6,1.0,3.0,22360,M,4848404.0,-272006.0,22
201100024195,11,11,8,730,5,2,2,2.0,6.0,22278,M,4851409.0,-274226.0,22
201100024196,11,11,9,1625,1,2,1,1.0,2.0,22278,M,4851792.0,-278065.0,22
201100024197,11,11,13,1950,5,2,6,1.0,7.0,22106,M,4849656.0,-272714.0,22
201100024198,11,11,16,40,5,2,2,1.0,7.0,22215,M,4849249.0,-279177.0,22
201100024199,11,11,18,1400,1,2,1,1.0,6.0,22278,M,4850689.0,-276089.0,22
201100024200,11,11,21,900,1,2,1,1.0,1.0,22278,M,4850352.0,-277040.0,22
201100024201,11,11,21,1705,5,2,2,2.0,7.0,22360,M,4849013.0,-273761.0,22
201100024202,11,11,22,1315,1,2,3,2.0,2.0,22360,M,4846873.0,-276462.0,22
201100024203,11,11,23,1435,1,1,3,1.0,3.0,22215,M,4848969.0,-284080.0,22
201100024204,11,11,25,1630,1,1,1,1.0,6.0,22106,M,4849777.0,-272917.0,22
201100024205,11,11,29,835,2,2,1,1.0,2.0,22278,M,4850393.0,-273591.0,22
201100024206,11,12,2,740,5,2,6,1.0,6.0,22278,M,4850795.0,-276435.0,22
201100024207,11,12,2,1445,1,1,1,1.0,3.0,22106,M,4849787.0,-273093.0,22
201100024208,11,12,2,2005,5,2,1,1.0,7.0,22278,M,4850614.0,-274678.0,22
201100024209,11,12,6,1440,1,2,3,2.0,2.0,22278,M,4850834.0,-276866.0,22
201100024210,11,12,11,1625,1,2,4,2.0,7.0,22106,M,4849652.0,-273550.0,22
201100024211,11,12,12,940,1,2,1,1.0,7.0,22278,M,4850882.0,-277228.0,22
201100024212,11,12,15,1650,1,2,1,1.0,7.0,22360,M,4848983.0,-273816.0,22
201100024213,11,12,13,1200,1,2,6,3.0,6.0,22278,M,4850569.0,-273304.0,22
201100024214,11,12,16,1225,1,1,1,1.0,4.0,22215,M,4848985.0,-284357.0,22
201100024215,11,12,17,2340,5,2,6,2.0,1.0,22278,M,4851910.0,-279190.0,22
201100024216,11,12,17,1000,1,2,1,2.0,3.0,22278,M,4852189.0,-273239.0,22
201100024217,11,12,17,1140,1,2,4,1.0,2.0,22278,M,4851278.0,-275555.0,22
201100024218,11,12,19,1830,4,1,1,2.0,7.0,22360,M,4848487.0,-271613.0,22
201100024219,11,12,21,1220,1,2,1,2.0,6.0,22278,M,4851151.0,-276446.0,22
201100024220,11,12,23,1650,1,2,6,1.0,6.0,22278,M,4851118.0,-276242.0,22
201100024221,11,12,27,1805,5,2,1,1.0,6.0,22106,M,4849639.0,-272497.0,22
201100024222,11,12,28,940,1,2,2,1.0,6.0,22278,M,4851725.0,-277830.0,22
201100024223,11,1,10,1245,1,2,1,1.0,3.0,23096,M,,,23
201100024224,11,2,16,1215,1,2,6,1.0,6.0,23096,M,,,23
201100024225,11,3,20,1915,2,2,1,1.0,1.0,23096,M,,,23
201100024226,11,4,5,1543,1,2,1,1.0,7.0,23096,M,,,23
201100024227,11,4,22,1055,1,2,2,1.0,3.0,23096,M,,,23
201100024228,11,6,11,2045,2,2,1,1.0,3.0,23096,M,,,23
201100024229,11,6,21,1005,1,2,1,1.0,7.0,23096,M,,,23
201100024230,11,6,23,1710,1,1,1,2.0,6.0,23096,M,,,23
201100024231,11,8,2,1830,1,1,3,1.0,3.0,23096,M,,,23
201100024232,11,9,10,1845,1,1,1,1.0,3.0,23096,M,,,23
201100024233,11,9,21,1420,1,1,1,1.0,3.0,23096,M,,,23
201100024234,11,11,3,1745,5,2,1,2.0,3.0,23096,M,,,23
201100024235,11,11,15,900,1,2,1,1.0,6.0,23096,M,,,23
201100024236,11,12,20,1835,3,2,3,1.0,3.0,23096,M,,,23
201100024237,11,3,24,1730,1,1,1,1.0,3.0,24181,M,4425700.0,72400.0,24
201100024238,11,3,25,1700,1,2,1,1.0,2.0,24167,M,4467800.0,40500.0,24
201100024239,11,3,15,745,1,1,2,1.0,5.0,24274,M,4481200.0,47400.0,24
201100024240,11,4,18,1400,1,1,1,1.0,3.0,24167,M,,,24
201100024241,11,5,22,945,1,1,1,1.0,1.0,24276,M,0.0,0.0,24
201100024242,11,6,2,2000,1,1,1,1.0,6.0,24276,M,4477200.0,32500.0,24
201100024243,11,6,7,1530,1,1,2,3.0,6.0,24126,M,4478000.0,53000.0,24
201100024244,11,6,13,2245,3,1,1,1.0,6.0,24549,M,4423400.0,60500.0,24
201100024245,11,8,3,1845,1,1,1,1.0,6.0,24274,M,,,24
201100024246,11,10,25,1130,1,1,2,1.0,1.0,24181,M,4425700.0,72400.0,24
201100024247,11,8,29,1630,1,2,1,1.0,3.0,24212,M,4473100.0,59900.0,24
201100024248,11,9,22,1,3,1,1,1.0,6.0,24167,M,4471400.0,17300.0,24
201100024249,11,10,22,1545,1,1,1,1.0,1.0,24167,M,4415500.0,62200.0,24
201100024250,11,11,27,1145,1,1,1,8.0,1.0,24177,M,4480000.0,65000.0,24
201100024251,11,1,5,945,1,1,1,1.0,5.0,50435,M,4949100.0,-157700.0,50
201100024252,11,2,12,1400,1,2,2,1.0,3.0,50031,M,4937100.0,-176600.0,50
201100024253,11,4,16,2045,3,1,1,1.0,6.0,50435,M,0.0,0.0,50
201100024254,11,4,20,730,1,1,1,1.0,6.0,50572,M,0.0,0.0,50
201100024255,11,5,3,30,3,1,1,1.0,6.0,50418,M,4949700.0,-166900.0,50
201100024256,11,5,22,645,1,1,1,1.0,7.0,50435,M,4984400.0,-199200.0,50
201100024257,11,5,24,2345,3,1,1,1.0,1.0,50435,M,4949000.0,-158200.0,50
201100024258,11,5,30,1800,5,2,1,1.0,1.0,50082,M,0.0,0.0,50
201100024259,11,5,30,1730,3,1,1,1.0,6.0,50082,M,4977400.0,-106500.0,50
201100024260,11,6,3,1000,1,1,1,1.0,7.0,50222,M,0.0,0.0,50
201100024261,11,6,9,2100,1,1,1,1.0,3.0,50176,M,0.0,0.0,50
201100024262,11,6,10,1630,1,1,1,1.0,6.0,50402,M,4951500.0,-180100.0,50
201100024263,11,6,24,815,1,1,1,1.0,5.0,50235,M,0.0,0.0,50
201100024264,11,7,9,1730,1,2,1,1.0,6.0,50082,M,0.0,0.0,50
201100024265,11,7,10,1930,1,2,1,1.0,3.0,50082,M,0.0,0.0,50
201100024266,11,8,20,1430,1,1,1,1.0,3.0,50402,M,4952200.0,-180400.0,50
201100024267,11,8,31,1815,1,1,1,1.0,7.0,50412,M,0.0,0.0,50
201100024268,11,9,12,945,1,1,1,1.0,6.0,50235,M,0.0,0.0,50
201100024269,11,9,23,2215,3,1,1,1.0,6.0,50238,M,4996100.0,-128900.0,50
201100024270,11,9,30,815,1,1,1,1.0,3.0,50402,M,0.0,0.0,50
201100024271,11,10,14,1300,1,2,1,1.0,3.0,50031,M,0.0,0.0,50
201100024272,11,12,9,745,2,2,2,2.0,5.0,50369,M,4949600.0,-154800.0,50
201100024273,11,12,9,1615,1,1,1,1.0,6.0,50402,M,4950300.0,-160000.0,50
201100024274,11,1,12,1615,2,1,1,1.0,1.0,18259,M,4746180.0,268540.0,18
201100024275,11,1,13,830,1,1,1,2.0,3.0,18020,M,4739510.0,285396.0,18
201100024276,11,1,25,1800,3,1,3,1.0,6.0,18272,M,4729220.0,277731.0,18
201100024277,11,2,2,1730,2,1,2,2.0,3.0,18272,M,4727090.0,273566.0,18
201100024278,11,2,26,650,2,1,1,1.0,6.0,18020,M,4736190.0,287161.0,18
201100024279,11,3,21,1830,2,1,2,1.0,3.0,18116,M,,,18
201100024280,11,4,18,1845,1,2,9,1.0,3.0,18125,M,4747000.0,286910.0,18
201100024281,11,5,28,600,2,1,1,1.0,6.0,18258,M,4737000.0,282440.0,18
201100024282,11,6,1,1530,1,2,1,1.0,6.0,18079,M,4730540.0,274513.0,18
201100024283,11,6,11,2000,1,2,9,1.0,1.0,18233,M,4733540.0,285632.0,18
201100024284,11,6,13,1930,1,1,1,1.0,1.0,18264,M,0.0,0.0,18
201100024285,11,8,11,1130,1,1,1,1.0,7.0,18084,M,0.0,0.0,18
201100024286,11,8,21,115,3,1,1,1.0,6.0,18272,M,4725540.0,274721.0,18
201100024287,11,10,31,1700,1,2,1,1.0,6.0,18074,M,0.0,0.0,18
201100024288,11,11,28,1230,1,1,1,8.0,6.0,18241,M,0.0,0.0,18
201100024289,11,12,10,1130,1,1,1,8.0,3.0,18032,M,4744260.0,288300.0,18
201100024290,11,1,17,15,3,1,1,1.0,6.0,37074,M,4722750.0,8136.0,37
201100024291,11,2,16,1530,1,1,1,1.0,1.0,37228,M,4728500.0,13554.0,37
201100024292,11,2,20,1445,1,2,1,1.0,2.0,37031,M,4726050.0,16982.0,37
201100024293,11,3,16,1700,1,1,1,1.0,5.0,37011,M,4720000.0,18411.0,37
201100024294,11,6,15,1215,1,1,1,1.0,1.0,37228,M,4729450.0,11218.0,37
201100024295,11,6,19,2045,1,1,1,1.0,6.0,37118,M,4723320.0,23297.0,37
201100024296,11,10,17,745,2,1,1,5.0,1.0,37202,M,0.0,0.0,37
201100024297,11,10,25,1445,1,1,1,1.0,1.0,37074,M,4722750.0,8136.0,37
201100024298,11,11,11,1830,5,2,1,1.0,1.0,37024,M,4730270.0,20494.0,37
201100024299,11,11,21,1800,3,1,1,1.0,6.0,37072,M,4716710.0,23797.0,37
201100024300,11,11,25,1415,1,1,3,1.0,3.0,37042,M,4720230.0,8574.0,37
201100024301,11,12,7,1530,1,1,1,1.0,1.0,37022,M,4754680.0,31682.0,37
201100024302,11,1,5,2230,5,2,1,1.0,6.0,01396,M,0.0,0.0,01
201100024303,11,1,7,1900,3,1,1,2.0,1.0,01202,M,0.0,0.0,01
201100024304,11,2,26,1745,2,1,1,2.0,6.0,01008,M,0.0,0.0,01
201100024305,11,3,14,1630,1,2,1,1.0,1.0,01202,M,0.0,0.0,01
201100024306,11,4,15,1800,1,1,2,1.0,3.0,01366,M,0.0,0.0,01
201100024307,11,4,22,1100,1,1,1,1.0,7.0,01224,M,0.0,0.0,01
201100024308,11,4,30,1100,1,1,9,7.0,3.0,01202,M,0.0,0.0,01
201100024309,11,5,16,1815,1,1,1,1.0,4.0,01007,M,0.0,0.0,01
201100024310,11,5,20,1500,1,2,1,1.0,1.0,01004,M,0.0,0.0,01
201100024311,11,6,24,1430,1,2,1,1.0,1.0,01007,M,0.0,0.0,01
201100024312,11,7,2,2100,1,2,1,1.0,6.0,01004,M,0.0,0.0,01
201100024313,11,7,11,1415,1,1,1,1.0,7.0,01007,M,0.0,0.0,01
201100024314,11,7,21,2045,2,1,1,1.0,6.0,01008,M,0.0,0.0,01
201100024315,11,8,18,1800,1,1,1,1.0,1.0,01379,M,4596300.0,527000.0,01
201100024316,11,8,24,1645,1,2,1,1.0,3.0,01444,M,0.0,0.0,01
201100024317,11,9,4,1730,1,1,1,1.0,3.0,01366,M,0.0,0.0,01
201100024318,11,9,23,1615,1,2,1,1.0,6.0,01004,M,0.0,0.0,01
201100024319,11,9,28,1145,1,1,6,1.0,7.0,01008,M,0.0,0.0,01
201100024320,11,9,29,1515,1,1,1,1.0,3.0,01007,M,0.0,0.0,01
201100024321,11,9,27,1115,1,2,1,1.0,6.0,01224,M,0.0,0.0,01
201100024322,11,10,6,1930,2,1,1,8.0,7.0,01366,M,0.0,0.0,01
201100024323,11,10,9,1200,1,1,1,2.0,1.0,01390,M,0.0,0.0,01
201100024324,11,10,28,630,3,1,1,1.0,1.0,01202,M,0.0,0.0,01
201100024325,11,10,29,1715,1,2,1,1.0,3.0,01224,M,0.0,0.0,01
201100024326,11,10,30,1830,3,1,1,1.0,1.0,01089,M,4596300.0,530200.0,01
201100024327,11,11,3,2330,3,1,1,2.0,7.0,01099,M,0.0,0.0,01
201100024328,11,11,19,530,3,1,1,1.0,7.0,01224,M,0.0,0.0,01
201100024329,11,11,23,1215,1,1,1,1.0,1.0,01390,M,0.0,0.0,01
201100024330,11,11,23,330,4,2,2,5.0,3.0,01213,M,0.0,0.0,01
201100024331,11,12,8,1100,1,1,1,1.0,1.0,01421,M,0.0,0.0,01
201100024332,11,12,16,1800,5,2,1,1.0,6.0,01004,M,0.0,0.0,01
201100024333,11,12,16,1945,5,1,1,3.0,3.0,01004,M,0.0,0.0,01
201100024334,11,3,12,315,3,1,1,1.0,6.0,26345,M,0.0,0.0,26
201100024335,11,3,23,1045,1,1,1,1.0,1.0,26326,M,4434500.0,479800.0,26
201100024336,11,3,30,1800,1,1,1,1.0,1.0,26054,M,4429000.0,487400.0,26
201100024337,11,6,4,1500,1,1,1,1.0,7.0,26324,M,4434000.0,477300.0,26
201100024338,11,6,20,1530,1,2,1,1.0,6.0,26324,M,4435600.0,477300.0,26
201100024339,11,6,23,1730,1,1,1,1.0,1.0,26326,M,4434800.0,478100.0,26
201100024340,11,8,19,2330,3,1,1,1.0,3.0,26054,M,4428700.0,489000.0,26
201100024341,11,9,10,1015,1,1,1,1.0,7.0,26054,M,4429400.0,487700.0,26
201100024342,11,10,14,1645,1,2,1,7.0,3.0,26326,M,4433700.0,479000.0,26
201100024343,11,11,23,815,1,1,1,1.0,7.0,26324,M,4433300.0,473000.0,26
201100024344,11,3,24,715,1,1,1,1.0,2.0,57356,M,0.0,0.0,57
201100024345,11,6,5,930,1,1,1,1.0,5.0,57214,M,0.0,0.0,57
201100024346,11,6,8,915,1,2,1,1.0,6.0,57323,M,0.0,0.0,57
201100024347,11,9,26,700,2,1,1,1.0,6.0,57124,M,0.0,0.0,57
201100024348,11,10,2,345,3,1,1,1.0,6.0,57076,M,0.0,0.0,57
201100024349,11,11,2,1715,2,1,1,1.0,4.0,57356,M,0.0,0.0,57
201100024350,11,11,15,1715,5,2,1,1.0,6.0,57323,M,0.0,0.0,57
201100024351,11,12,12,1645,2,2,1,2.0,3.0,57323,M,0.0,0.0,57
201100024352,11,2,25,2130,5,2,9,1.0,6.0,24037,M,,,24
201100024353,11,3,8,1130,1,2,3,1.0,6.0,24037,M,,,24
201100024354,11,4,6,1930,1,2,4,1.0,2.0,24037,M,,,24
201100024355,11,5,5,1240,1,2,1,1.0,3.0,24037,M,,,24
201100024356,11,5,11,1530,1,2,1,1.0,6.0,24037,M,,,24
201100024357,11,5,13,1010,1,2,2,1.0,1.0,24037,M,,,24
201100024358,11,5,24,1315,1,2,9,1.0,6.0,24037,M,,,24
201100024359,11,7,31,1430,1,2,1,1.0,6.0,24037,M,,,24
201100024360,11,10,26,1930,1,2,2,1.0,3.0,24037,M,,,24
201100024361,11,10,29,1853,1,2,1,1.0,3.0,24037,M,,,24
201100024362,11,11,23,925,1,2,1,7.0,6.0,24037,M,,,24
201100024363,11,5,14,1315,1,2,1,1.0,1.0,08190,M,5013910.0,482135.0,08
201100024364,11,7,15,1230,1,2,3,1.0,3.0,08028,M,5010390.0,476424.0,08
201100024365,11,7,19,1600,1,2,1,2.0,1.0,08190,M,5014900.0,480900.0,08
201100024366,11,7,21,1745,1,2,3,1.0,3.0,08190,M,5013190.0,484312.0,08
201100024367,11,10,14,2330,3,1,1,1.0,6.0,08214,M,4994730.0,477981.0,08
201100024368,11,2,10,1300,1,1,1,1.0,6.0,10208,M,4837600.0,344700.0,10
201100024369,11,7,14,2215,3,1,2,1.0,3.0,10268,M,4849000.0,351500.0,10
201100024370,11,7,17,2100,2,1,1,2.0,6.0,10106,M,4846400.0,341200.0,10
201100024371,11,7,21,515,2,1,1,2.0,3.0,10020,M,0.0,0.0,10
201100024372,11,7,29,1300,1,1,1,1.0,1.0,10231,M,4851100.0,343600.0,10
201100024373,11,8,4,1900,1,2,1,1.0,6.0,10334,M,4848000.0,355400.0,10
201100024374,11,9,2,1230,1,2,2,1.0,1.0,10277,M,4829400.0,370700.0,10