Num_Acc,an,mois,jour,hrmn,lum,agg,int,atm,col,com,gps,lat,long,dep
201100024375,11,10,5,715,2,2,1,1.0,1.0,10268,M,4829338.0,330417.0,10
201100024376,11,10,16,2300,3,1,1,1.0,1.0,10231,M,0.0,0.0,10
201100024377,11,11,17,1900,3,1,1,1.0,5.0,10339,M,4839952.0,377987.0,10
201100024378,11,11,29,1730,3,1,2,1.0,3.0,10254,M,4858382.0,351664.0,10
201100024379,11,1,16,1610,1,2,1,1.0,1.0,24053,M,,,24
201100024380,11,1,16,840,3,1,1,1.0,6.0,24102,M,,,24
201100024381,11,2,4,755,1,2,1,1.0,6.0,24322,M,,,24
201100024382,11,3,1,1010,1,2,2,1.0,3.0,24322,M,,,24
201100024383,11,3,18,630,2,2,1,1.0,3.0,24557,M,,,24
201100024384,11,3,23,1450,1,2,3,1.0,3.0,24322,M,,,24
201100024385,11,3,24,550,2,2,1,1.0,3.0,24557,M,,,24
201100024386,11,4,8,1320,1,2,1,1.0,6.0,24053,M,,,24
201100024387,11,4,9,1136,1,2,2,1.0,3.0,24322,M,,,24
201100024388,11,4,16,1530,1,2,1,1.0,2.0,24053,M,,,24
201100024389,11,4,15,1525,1,2,2,1.0,6.0,24322,M,,,24
201100024390,11,4,30,1140,1,2,3,1.0,7.0,24138,M,,,24
201100024391,11,5,1,1025,1,1,1,1.0,3.0,24102,M,,,24
201100024392,11,5,9,1315,1,1,1,1.0,6.0,24312,M,,,24
201100024393,11,5,11,735,1,2,1,1.0,6.0,24322,M,,,24
201100024394,11,5,16,1650,1,1,1,1.0,7.0,24102,M,,,24
201100024395,11,5,26,1045,1,2,1,1.0,6.0,24322,M,,,24
201100024396,11,5,27,1155,1,2,1,1.0,4.0,24138,M,,,24
201100024397,11,5,29,1915,1,2,1,7.0,6.0,24322,M,,,24
201100024398,11,6,4,1535,1,2,1,2.0,6.0,24053,M,,,24
201100024399,11,6,24,1010,1,2,1,1.0,6.0,24138,M,,,24
201100024400,11,6,27,1755,1,2,2,1.0,3.0,24138,M,,,24
201100024401,11,6,29,1845,1,1,1,1.0,3.0,24053,M,,,24
201100024402,11,6,29,915,1,2,1,1.0,1.0,24322,M,,,24
201100024403,11,7,23,2320,5,2,3,1.0,6.0,24322,M,,,24
201100024404,11,7,31,1200,1,1,1,1.0,3.0,24138,M,,,24
201100024405,11,7,30,2230,3,1,1,1.0,1.0,24053,M,,,24
201100024406,11,8,19,2140,5,2,1,1.0,7.0,24138,M,,,24
201100024407,11,8,28,1627,1,2,7,1.0,3.0,24557,M,,,24
201100024408,11,9,9,2258,5,2,6,1.0,3.0,24322,M,,,24
201100024409,11,9,22,1950,1,2,1,1.0,6.0,24322,M,,,24
201100024410,11,10,1,1847,1,2,6,1.0,6.0,24322,M,,,24
201100024411,11,10,17,1748,1,2,6,1.0,3.0,24102,M,,,24
201100024412,11,11,8,1615,1,2,1,1.0,6.0,24322,M,,,24
201100024413,11,11,18,1930,4,1,1,1.0,6.0,24138,M,,,24
201100024414,11,12,23,1910,5,2,1,2.0,3.0,24557,M,,,24
201100024415,11,1,3,1002,1,2,1,1.0,6.0,25056,M,,,25
201100024416,11,1,4,1545,1,2,1,1.0,2.0,25056,M,,,25
201100024417,11,1,20,1315,1,2,1,8.0,6.0,25056,M,,,25
201100024418,11,1,24,2149,5,2,1,1.0,2.0,25056,M,,,25
201100024419,11,1,26,704,5,2,6,4.0,3.0,25056,M,,,25
201100024420,11,1,27,49,5,2,1,1.0,7.0,25056,M,,,25
201100024421,11,1,28,1845,5,2,1,1.0,7.0,25056,M,,,25
201100024422,11,2,3,837,1,2,1,1.0,6.0,25056,M,,,25
201100024423,11,2,6,2005,5,2,1,8.0,1.0,25056,M,,,25
201100024424,11,2,9,1721,1,2,1,1.0,2.0,25056,M,,,25
201100024425,11,2,11,1825,5,2,1,1.0,4.0,25056,M,,,25
201100024426,11,2,11,1730,1,2,1,1.0,2.0,25056,M,,,25
201100024427,11,2,17,1643,1,2,1,1.0,3.0,25056,M,,,25
201100024428,11,2,25,1815,2,2,1,1.0,3.0,25056,M,,,25
201100024429,11,2,28,1405,1,2,1,1.0,2.0,25056,M,,,25
201100024430,11,2,28,1745,1,2,9,1.0,3.0,25056,M,,,25
201100024431,11,2,28,1847,1,2,1,1.0,3.0,25056,M,,,25
201100024432,11,3,5,1708,1,2,1,1.0,2.0,25056,M,,,25
201100024433,11,3,7,740,1,2,4,1.0,1.0,25056,M,,,25
201100024434,11,3,7,1145,1,2,6,1.0,2.0,25056,M,,,25
201100024435,11,3,11,1504,1,2,3,1.0,3.0,25056,M,,,25
201100024436,11,3,11,1820,1,2,1,1.0,6.0,25056,M,,,25
201100024437,11,3,12,1257,1,2,1,1.0,6.0,25056,M,,,25
201100024438,11,3,13,1728,1,2,1,2.0,2.0,25056,M,,,25
201100024439,11,3,15,1951,2,2,1,9.0,6.0,25056,M,,,25
201100024440,11,3,19,234,5,2,1,2.0,7.0,25056,M,,,25
201100024441,11,3,30,1120,1,2,3,1.0,3.0,25056,M,,,25
201100024442,11,3,31,1330,1,2,1,1.0,7.0,25056,M,,,25
201100024443,11,4,2,1512,1,2,3,1.0,1.0,25056,M,,,25
201100024444,11,4,3,1612,1,2,1,1.0,6.0,25056,M,,,25
201100024445,11,4,3,1945,5,2,2,1.0,5.0,25056,M,,,25
201100024446,11,4,7,1335,1,2,1,1.0,3.0,25056,M,,,25
201100024447,11,4,7,1135,1,2,1,1.0,2.0,25056,M,,,25
201100024448,11,4,8,1733,1,2,1,1.0,3.0,25056,M,,,25
201100024449,11,4,9,1445,1,2,2,1.0,3.0,25056,M,,,25
201100024450,11,4,11,1526,1,2,1,1.0,2.0,25056,M,,,25
201100024451,11,4,14,922,1,2,1,1.0,6.0,25056,M,,,25
201100024452,11,4,16,502,3,1,1,1.0,6.0,25056,M,,,25
201100024453,11,4,16,2235,5,2,1,1.0,1.0,25056,M,,,25
201100024454,11,4,18,1631,1,2,1,1.0,1.0,25056,M,,,25
201100024455,11,4,19,755,1,2,2,1.0,3.0,25056,M,,,25
201100024456,11,4,22,1252,1,2,1,1.0,7.0,25056,M,,,25
201100024457,11,4,22,1907,1,2,1,1.0,3.0,25056,M,,,25
201100024458,11,4,23,55,5,2,1,1.0,3.0,25056,M,,,25
201100024459,11,4,27,1645,1,2,1,1.0,6.0,25056,M,,,25
201100024460,11,4,28,1024,1,2,1,8.0,2.0,25056,M,,,25
201100024461,11,5,1,746,1,2,3,1.0,3.0,25056,M,,,25
201100024462,11,5,6,1724,1,2,1,1.0,1.0,25056,M,,,25
201100024463,11,5,13,1745,1,2,1,1.0,6.0,25056,M,,,25
201100024464,11,5,13,2042,4,2,1,1.0,6.0,25056,M,,,25
201100024465,11,5,15,1047,1,2,1,1.0,6.0,25056,M,,,25
201100024466,11,5,16,1629,1,2,1,1.0,6.0,25056,M,,,25
201100024467,11,5,20,1556,1,2,1,1.0,6.0,25056,M,,,25
201100024468,11,5,23,1926,1,2,1,1.0,7.0,25056,M,,,25
201100024469,11,5,24,952,1,2,1,1.0,1.0,25056,M,,,25
201100024470,11,5,25,1534,1,2,1,1.0,6.0,25056,M,,,25
201100024471,11,5,27,1406,1,2,1,1.0,1.0,25056,M,,,25
201100024472,11,5,28,946,1,2,1,1.0,3.0,25056,M,,,25
201100024473,11,5,29,1659,1,2,3,1.0,3.0,25056,M,,,25
201100024474,11,5,30,945,1,2,1,1.0,6.0,25056,M,,,25
201100024475,11,5,31,1147,1,2,1,1.0,3.0,25056,M,,,25
201100024476,11,6,1,858,1,2,2,3.0,3.0,25056,M,,,25
201100024477,11,6,2,1745,1,1,1,1.0,6.0,25056,M,,,25
201100024478,11,6,4,29,5,2,1,1.0,7.0,25056,M,,,25
201100024479,11,6,3,1631,1,2,1,1.0,6.0,25056,M,,,25
201100024480,11,6,5,1749,1,2,1,2.0,3.0,25056,M,,,25
201100024481,11,6,6,818,1,2,1,1.0,6.0,25056,M,,,25
201100024482,11,6,7,1020,1,2,1,1.0,3.0,25056,M,,,25
201100024483,11,6,9,750,1,2,1,1.0,3.0,25056,M,,,25
201100024484,11,6,10,1800,1,2,2,1.0,3.0,25056,M,,,25
201100024485,11,6,15,752,1,2,1,1.0,6.0,25056,M,,,25
201100024486,11,6,16,1715,1,2,1,2.0,5.0,25056,M,,,25
201100024487,11,6,17,926,1,2,1,1.0,6.0,25056,M,,,25
201100024488,11,6,17,1653,1,2,2,1.0,3.0,25056,M,,,25
201100024489,11,6,17,1902,1,2,1,1.0,3.0,25056,M,,,25
201100024490,11,6,17,2216,5,2,1,3.0,6.0,25056,M,,,25
201100024491,11,6,20,1328,1,2,1,1.0,2.0,25056,M,,,25
201100024492,11,6,21,752,1,2,1,1.0,2.0,25056,M,,,25
201100024493,11,6,21,847,1,2,7,1.0,3.0,25056,M,,,25
201100024494,11,6,24,726,1,2,3,1.0,3.0,25056,M,,,25
201100024495,11,6,25,1809,1,2,3,1.0,3.0,25056,M,,,25
201100024496,11,6,26,24,5,2,3,9.0,6.0,25056,M,,,25
201100024497,11,6,26,1635,1,2,6,1.0,3.0,25056,M,,,25
201100024498,11,7,3,1922,1,2,1,1.0,1.0,25056,M,,,25
201100024499,11,7,4,1441,1,2,1,1.0,3.0,25056,M,,,25
201100024500,11,7,4,910,1,2,1,1.0,4.0,25056,M,,,25
201100024501,11,7,4,1826,1,2,1,1.0,6.0,25056,M,,,25
201100024502,11,7,5,1325,1,1,1,1.0,1.0,25056,M,,,25
201100024503,11,7,7,922,1,2,2,1.0,2.0,25056,M,,,25
201100024504,11,7,7,1916,1,2,1,2.0,7.0,25056,M,,,25
201100024505,11,7,8,1847,1,2,2,1.0,3.0,25056,M,,,25
201100024506,11,7,10,2100,1,2,9,1.0,1.0,25056,M,,,25
201100024507,11,7,11,1200,1,2,2,1.0,3.0,25056,M,,,25
201100024508,11,7,14,1122,1,2,1,1.0,6.0,25056,M,,,25
201100024509,11,7,16,1726,1,2,1,1.0,1.0,25056,M,,,25
201100024510,11,7,21,859,1,2,1,3.0,4.0,25056,M,,,25
201100024511,11,7,22,1650,1,2,1,2.0,6.0,25056,M,,,25
201100024512,11,7,25,1147,1,2,1,1.0,6.0,25056,M,,,25
201100024513,11,7,28,2144,5,2,2,1.0,3.0,25056,M,,,25
201100024514,11,7,31,638,2,2,1,1.0,7.0,25056,M,,,25
201100024515,11,8,10,1838,1,2,1,1.0,3.0,25056,M,,,25
201100024516,11,8,12,905,1,2,1,1.0,3.0,25056,M,,,25
201100024517,11,8,20,1904,1,2,1,1.0,3.0,25056,M,,,25
201100024518,11,8,22,1730,1,2,4,1.0,3.0,25056,M,,,25
201100024519,11,8,26,900,1,2,1,1.0,5.0,25056,M,,,25
201100024520,11,8,28,1114,1,1,1,1.0,7.0,25056,M,,,25
201100024521,11,8,31,1521,1,2,1,1.0,6.0,25056,M,,,25
201100024522,11,8,31,1805,1,2,3,1.0,3.0,25056,M,,,25
201100024523,11,9,2,1425,1,2,1,1.0,3.0,25056,M,,,25
201100024524,11,9,5,1306,1,2,1,1.0,2.0,25056,M,,,25
201100024525,11,9,7,1,5,2,1,1.0,6.0,25056,M,,,25
201100024526,11,9,7,658,2,2,1,2.0,6.0,25056,M,,,25
201100024527,11,9,9,739,1,2,1,2.0,7.0,25056,M,,,25
201100024528,11,9,9,1155,1,2,1,2.0,3.0,25056,M,,,25
201100024529,11,9,10,2317,5,2,1,1.0,3.0,25056,M,,,25
201100024530,11,9,12,1406,1,2,1,1.0,6.0,25056,M,,,25
201100024531,11,9,13,755,1,2,1,1.0,3.0,25056,M,,,25
201100024532,11,9,15,755,1,2,6,1.0,2.0,25056,M,,,25
201100024533,11,9,23,1756,1,2,1,1.0,2.0,25056,M,,,25
201100024534,11,9,23,820,1,2,1,1.0,6.0,25056,M,,,25
201100024535,11,9,28,2001,1,2,6,1.0,3.0,25056,M,,,25
201100024536,11,9,29,751,1,2,1,1.0,1.0,25056,M,,,25
201100024537,11,9,30,10,5,2,1,1.0,6.0,25056,M,,,25
201100024538,11,9,30,2114,5,2,1,1.0,7.0,25056,M,,,25
201100024539,11,10,1,1707,1,2,1,1.0,6.0,25056,M,,,25
201100024540,11,10,2,1211,1,2,1,1.0,6.0,25056,M,,,25
201100024541,11,10,3,1051,1,2,1,1.0,4.0,25056,M,,,25
201100024542,11,10,3,1205,1,2,1,1.0,2.0,25056,M,,,25
201100024543,11,10,4,1520,1,2,1,1.0,6.0,25056,M,,,25
201100024544,11,10,4,1727,1,2,1,1.0,6.0,25056,M,,,25
201100024545,11,10,5,2109,5,2,1,1.0,5.0,25056,M,,,25
201100024546,11,10,7,1417,1,2,1,1.0,3.0,25056,M,,,25
201100024547,11,10,9,2035,5,2,1,2.0,3.0,25056,M,,,25
201100024548,11,10,11,723,2,2,1,2.0,6.0,25056,M,,,25
201100024549,11,10,12,2015,5,2,1,1.0,6.0,25056,M,,,25
201100024550,11,10,13,1005,1,2,1,1.0,6.0,25056,M,,,25
201100024551,11,10,16,1625,1,1,1,1.0,6.0,25056,M,,,25
201100024552,11,10,19,755,2,2,1,2.0,1.0,25056,M,,,25
201100024553,11,10,19,1309,1,2,1,2.0,6.0,25056,M,,,25
201100024554,11,10,21,1615,1,2,1,1.0,6.0,25056,M,,,25
201100024555,11,10,23,531,5,2,1,1.0,6.0,25056,M,,,25
201100024556,11,10,25,937,1,2,1,1.0,6.0,25056,M,,,25
201100024557,11,10,26,803,1,2,2,1.0,3.0,25056,M,,,25
201100024558,11,10,27,811,1,2,1,1.0,3.0,25056,M,,,25
201100024559,11,10,28,614,5,2,1,1.0,5.0,25056,M,,,25
201100024560,11,11,3,805,1,2,1,1.0,7.0,25056,M,,,25
201100024561,11,11,4,1323,1,2,1,2.0,6.0,25056,M,,,25
201100024562,11,11,9,1634,1,2,1,1.0,2.0,25056,M,,,25
201100024563,11,11,11,959,1,2,1,1.0,6.0,25056,M,,,25
201100024564,11,11,12,1455,1,2,1,1.0,1.0,25056,M,,,25
201100024565,11,11,16,1810,5,2,6,1.0,7.0,25056,M,,,25
201100024566,11,11,18,1923,5,2,1,1.0,5.0,25056,M,,,25
201100024567,11,11,21,1234,1,2,1,1.0,2.0,25056,M,,,25
201100024568,11,11,21,1309,1,2,1,1.0,3.0,25056,M,,,25
201100024569,11,11,23,1700,2,2,1,1.0,7.0,25056,M,,,25
201100024570,11,11,24,835,1,2,1,1.0,7.0,25056,M,,,25
201100024571,11,11,24,908,1,2,1,1.0,2.0,25056,M,,,25
201100024572,11,11,26,1432,1,2,1,2.0,6.0,25056,M,,,25
201100024573,11,11,30,1827,5,2,1,1.0,6.0,25056,M,,,25
201100024574,11,11,30,1905,5,2,6,1.0,2.0,25056,M,,,25
201100024575,11,12,2,228,5,2,1,1.0,6.0,25056,M,,,25
201100024576,11,12,2,1430,1,2,1,1.0,6.0,25056,M,,,25
201100024577,11,12,2,1949,5,2,1,2.0,2.0,25056,M,,,25
201100024578,11,12,3,1738,1,2,1,2.0,6.0,25056,M,,,25
201100024579,11,12,4,2125,3,2,1,9.0,6.0,25056,M,,,25
201100024580,11,12,4,2240,5,2,1,1.0,6.0,25056,M,,,25
201100024581,11,12,5,1337,1,2,1,1.0,6.0,25056,M,,,25
201100024582,11,12,10,223,5,2,1,2.0,6.0,25056,M,,,25
201100024583,11,12,10,2018,5,2,2,3.0,3.0,25056,M,,,25
201100024584,11,12,12,903,1,2,1,2.0,3.0,25056,M,,,25
201100024585,11,12,17,1413,1,2,1,2.0,6.0,25056,M,,,25
201100024586,11,12,20,1358,1,2,1,3.0,6.0,25056,M,,,25
201100024587,11,12,23,1054,1,2,1,1.0,6.0,25056,M,,,25
201100024588,11,12,24,1725,5,2,1,1.0,6.0,25056,M,,,25
201100024589,11,12,25,1919,5,2,1,1.0,2.0,25056,M,,,25
201100024590,11,12,30,1120,1,2,1,8.0,6.0,25056,M,,,25
201100024591,11,1,13,1930,5,2,1,2.0,7.0,25388,M,,,25
201100024592,11,1,17,800,1,2,6,1.0,3.0,25031,M,,,25
201100024593,11,1,18,1035,1,2,1,1.0,6.0,25388,M,,,25
201100024594,11,1,25,1206,1,2,1,8.0,6.0,25031,M,,,25
201100024595,11,1,24,1919,5,2,1,1.0,7.0,25580,M,,,25
201100024596,11,3,29,1620,1,2,1,1.0,3.0,25020,M,,,25
201100024597,11,4,6,1800,1,2,1,1.0,6.0,25031,M,,,25
201100024598,11,4,10,1745,1,2,6,1.0,3.0,25388,M,,,25
201100024599,11,4,30,1855,1,2,1,1.0,3.0,25031,M,,,25
201100024600,11,5,3,1659,1,2,1,1.0,7.0,25388,M,,,25
201100024601,11,5,6,2015,1,2,1,1.0,1.0,25388,M,,,25
201100024602,11,5,16,2135,5,2,1,1.0,7.0,25388,M,,,25
201100024603,11,5,20,720,1,2,1,1.0,6.0,25031,M,,,25
201100024604,11,5,21,1610,1,2,1,1.0,6.0,25539,M,,,25
201100024605,11,5,23,1145,1,2,6,1.0,3.0,25031,M,,,25
201100024606,11,6,11,455,2,2,1,1.0,6.0,25230,M,,,25
201100024607,11,6,29,1725,1,2,1,3.0,7.0,25031,M,,,25
201100024608,11,7,1,1807,1,2,1,1.0,6.0,25388,M,,,25
201100024609,11,7,5,1925,1,2,1,1.0,6.0,25031,M,,,25
201100024610,11,7,9,1544,1,2,1,1.0,3.0,25388,M,,,25
201100024611,11,7,11,1935,1,2,1,1.0,6.0,25388,M,,,25
201100024612,11,7,25,1830,1,2,1,1.0,7.0,25031,M,,,25
201100024613,11,8,14,1240,1,2,1,1.0,3.0,25031,M,,,25
201100024614,11,8,16,1725,1,2,1,1.0,1.0,25580,M,,,25
201100024615,11,8,19,1730,1,2,3,1.0,3.0,25230,M,,,25
201100024616,11,8,26,2005,2,2,1,8.0,6.0,25388,M,,,25
201100024617,11,9,1,1710,1,1,1,1.0,5.0,25539,M,,,25
201100024618,11,9,5,1150,1,2,1,1.0,7.0,25388,M,,,25
201100024619,11,9,6,1350,1,2,1,1.0,6.0,25031,M,,,25
201100024620,11,9,30,1315,1,2,1,1.0,1.0,25031,M,,,25
201100024621,11,10,5,1730,1,2,3,1.0,3.0,25388,M,,,25
201100024622,11,10,25,2150,5,2,1,2.0,7.0,25230,M,,,25
201100024623,11,10,30,1605,1,2,1,1.0,7.0,25580,M,,,25
201100024624,11,11,14,1740,5,2,1,8.0,3.0,25580,M,,,25
201100024625,11,11,29,1810,5,2,1,1.0,1.0,25614,M,,,25
201100024626,11,12,4,2040,5,2,1,1.0,7.0,25580,M,,,25
201100024627,11,12,21,1805,5,2,1,2.0,7.0,25388,M,,,25
201100024628,11,12,30,930,1,2,1,2.0,7.0,25031,M,,,25
201100024629,11,1,4,1840,5,2,1,1.0,6.0,25462,M,,,25
201100024630,11,1,31,1335,1,2,1,1.0,6.0,25204,M,,,25
201100024631,11,3,5,1030,1,1,1,1.0,1.0,25462,M,,,25
201100024632,11,3,10,1705,1,2,1,1.0,3.0,25462,M,,,25
201100024633,11,3,11,1630,1,2,1,1.0,2.0,25462,M,,,25
201100024634,11,3,28,1305,1,1,1,8.0,6.0,25462,M,,,25
201100024635,11,3,28,1500,1,2,1,2.0,6.0,25462,M,,,25
201100024636,11,4,5,1755,1,2,3,1.0,6.0,25462,M,,,25
201100024637,11,4,13,1225,1,2,1,1.0,3.0,25462,M,,,25
201100024638,11,4,17,1210,1,1,1,1.0,7.0,25204,M,,,25
201100024639,11,4,25,1710,1,2,1,1.0,6.0,25462,M,,,25
201100024640,11,5,27,2106,2,1,1,1.0,1.0,25204,M,,,25
201100024641,11,6,5,1155,1,1,1,1.0,7.0,25204,M,,,25
201100024642,11,6,7,1735,1,2,7,3.0,3.0,25462,M,,,25
201100024643,11,8,4,1625,1,2,1,1.0,6.0,25204,M,,,25
201100024644,11,8,5,1810,1,2,1,1.0,3.0,25462,M,,,25
201100024645,11,8,8,1000,1,2,1,2.0,6.0,25462,M,,,25
201100024646,11,8,19,45,5,2,1,1.0,6.0,25462,M,,,25
201100024647,11,8,20,1636,1,2,1,1.0,1.0,25462,M,,,25
201100024648,11,9,26,1859,1,2,6,1.0,7.0,25462,M,,,25
201100024649,11,10,5,900,1,2,6,1.0,3.0,25462,M,,,25
201100024650,11,10,11,1330,1,2,1,1.0,7.0,25462,M,,,25
201100024651,11,10,12,1525,1,2,1,8.0,6.0,25462,M,,,25
201100024652,11,11,5,2045,3,2,1,1.0,7.0,25462,M,,,25
201100024653,11,11,18,2215,5,2,1,1.0,1.0,25462,M,,,25
201100024654,11,11,22,935,1,2,1,1.0,6.0,25462,M,,,25
201100024655,11,11,25,1335,1,2,1,1.0,3.0,25462,M,,,25
201100024656,11,1,14,730,1,2,1,1.0,6.0,84038,M,0.0,0.0,84
201100024657,11,1,22,915,1,1,1,1.0,6.0,84062,M,0.0,0.0,84
201100024658,11,3,25,900,1,1,2,1.0,3.0,84099,M,0.0,0.0,84
201100024659,11,3,28,815,1,2,2,1.0,1.0,84038,M,0.0,0.0,84
201100024660,11,6,26,15,3,1,1,1.0,2.0,84038,M,0.0,0.0,84
201100024661,11,7,3,1445,1,1,1,1.0,2.0,84099,M,0.0,0.0,84
201100024662,11,8,10,2000,1,1,1,1.0,3.0,84062,M,0.0,0.0,84
201100024663,11,8,17,1145,1,2,1,1.0,6.0,84099,M,0.0,0.0,84
201100024664,11,10,8,1700,1,2,1,1.0,3.0,84099,M,0.0,0.0,84
201100024665,11,10,24,1530,1,2,1,1.0,3.0,84099,M,0.0,0.0,84
201100024666,11,11,13,1415,1,2,1,1.0,3.0,84099,M,0.0,0.0,84
201100024667,11,12,18,2330,3,1,1,1.0,2.0,84099,M,0.0,0.0,84
201100024668,11,12,24,945,3,1,1,1.0,7.0,84086,M,0.0,0.0,84
201100024669,11,5,11,2015,3,1,1,1.0,1.0,59016,M,5099371.0,233664.0,59
201100024670,11,6,26,2145,2,1,1,1.0,7.0,59478,M,5091625.0,244924.0,59
201100024671,11,7,8,930,1,1,1,8.0,1.0,59082,M,5098719.0,240298.0,59
201100024672,11,12,8,615,3,1,1,1.0,6.0,59478,M,5092251.0,244576.0,59
201100024673,11,12,21,1315,1,1,1,2.0,7.0,59319,M,5097390.0,247080.0,59
201100024674,11,1,20,815,1,2,1,8.0,3.0,62261,M,5048000.0,161200.0,62
201100024675,11,2,8,1645,1,2,1,1.0,7.0,62261,M,5051000.0,163200.0,62
201100024676,11,3,3,1830,1,2,2,1.0,3.0,62571,M,0.0,0.0,62
201100024677,11,4,24,1300,1,2,2,1.0,3.0,62261,M,0.0,0.0,62
201100024678,11,4,27,1230,1,2,1,1.0,5.0,62571,M,0.0,0.0,62
201100024679,11,8,21,830,1,1,1,1.0,3.0,62016,M,5042700.0,168400.0,62
201100024680,11,9,10,1830,1,2,1,1.0,3.0,62261,M,5048100.0,162100.0,62
201100024681,11,11,19,2200,5,2,1,8.0,7.0,62261,M,5048600.0,159700.0,62
201100024682,11,2,24,1815,2,2,1,2.0,1.0,59653,M,5056380.0,292764.0,59
201100024683,11,2,27,215,5,1,1,9.0,6.0,59653,M,5058190.0,293154.0,59
201100024684,11,3,17,745,1,2,1,1.0,2.0,59278,M,5060771.0,295550.0,59
201100024685,11,5,10,1130,1,2,1,1.0,3.0,59278,M,5060967.0,296402.0,59
201100024686,11,6,9,645,1,2,1,1.0,6.0,59278,M,5060557.0,295223.0,59
201100024687,11,6,16,830,1,2,1,2.0,6.0,59653,M,5057706.0,293946.0,59
201100024688,11,8,9,1015,1,2,1,1.0,1.0,59653,M,5057340.0,293867.0,59
201100024689,11,8,21,915,1,2,6,1.0,3.0,59653,M,5056584.0,294421.0,59
201100024690,11,9,1,2230,4,2,6,1.0,1.0,59653,M,5056579.0,292870.0,59
201100024691,11,9,20,800,2,1,1,1.0,1.0,59278,M,5062263.0,295175.0,59
201100024692,11,12,8,1745,5,1,1,1.0,6.0,59202,M,5067211.0,282431.0,59
201100024693,11,1,8,715,3,1,1,1.0,1.0,74213,M,0.0,0.0,74
201100024694,11,2,23,1415,1,1,2,1.0,1.0,74019,M,0.0,0.0,74
201100024695,11,5,28,1415,1,1,3,1.0,3.0,74272,M,0.0,0.0,74
201100024696,11,6,1,1700,1,1,1,1.0,5.0,74217,M,0.0,0.0,74
201100024697,11,6,5,1845,4,1,1,1.0,7.0,74292,M,0.0,0.0,74
201100024698,11,7,9,1700,1,1,1,1.0,1.0,74112,M,0.0,0.0,74
201100024699,11,7,10,315,3,1,1,1.0,1.0,74026,M,4595800.0,600600.0,74
201100024700,11,9,16,2215,5,1,1,2.0,1.0,74257,M,0.0,0.0,74
201100024701,11,10,4,830,1,1,1,1.0,3.0,74213,M,0.0,0.0,74
201100024702,11,10,8,320,3,1,1,2.0,7.0,74272,M,0.0,0.0,74
201100024703,11,10,31,1945,5,2,1,1.0,6.0,74202,M,0.0,0.0,74
201100024704,11,2,2,1930,5,2,1,1.0,1.0,01033,M,0.0,0.0,01
201100024705,11,4,8,2200,5,2,1,1.0,3.0,01033,M,0.0,0.0,01
201100024706,11,6,16,2200,3,1,1,1.0,1.0,01044,M,0.0,0.0,01
201100024707,11,8,27,1700,1,2,1,1.0,3.0,01033,M,0.0,0.0,01
201100024708,11,12,1,1815,5,2,1,1.0,6.0,01033,M,0.0,0.0,01
201100024709,11,12,21,1530,1,2,1,1.0,3.0,26198,M,,,26
201100024710,11,1,5,810,1,2,1,1.0,6.0,26198,M,,,26
201100024711,11,12,18,1030,1,2,1,1.0,3.0,26198,M,,,26
201100024712,11,1,13,1345,1,1,1,1.0,3.0,26198,M,,,26
201100024713,11,1,21,1415,1,2,1,1.0,3.0,26198,M,,,26
201100024714,11,1,19,2120,5,2,2,1.0,2.0,26198,M,,,26
201100024715,11,2,1,755,2,2,1,1.0,6.0,26198,M,,,26
201100024716,11,2,4,445,3,2,1,1.0,6.0,26198,M,4457280.0,476250.0,26
201100024717,11,2,26,520,3,1,1,1.0,6.0,26198,M,,,26
201100024718,11,4,13,1600,1,2,1,1.0,2.0,26198,M,,,26
201100024719,11,4,9,1545,1,2,1,1.0,6.0,26198,M,,,26
201100024720,11,4,22,1230,1,2,1,1.0,2.0,26198,M,,,26
201100024721,11,4,25,1625,1,2,1,1.0,6.0,26198,M,4454787.0,474370.0,26
201100024722,11,5,7,1715,1,2,2,1.0,6.0,26198,M,,,26
201100024723,11,5,5,1215,1,2,1,1.0,3.0,26198,M,,,26
201100024724,11,5,14,1615,1,2,1,1.0,6.0,26198,M,,,26
201100024725,11,5,20,2150,5,2,1,1.0,6.0,26198,M,,,26
201100024726,11,5,5,1155,1,2,6,1.0,3.0,26198,M,,,26
201100024727,11,5,21,1800,1,2,6,1.0,2.0,26198,M,,,26
201100024728,11,6,8,1645,1,2,6,1.0,3.0,26198,M,,,26
201100024729,11,6,26,600,2,2,2,1.0,3.0,26198,M,4456090.0,474060.0,26
201100024730,11,6,26,800,1,2,1,1.0,6.0,26198,M,,,26
201100024731,11,7,9,730,1,1,1,1.0,7.0,26198,M,,,26
201100024732,11,7,16,1545,1,2,1,1.0,3.0,26198,M,,,26
201100024733,11,9,2,1500,1,2,1,1.0,3.0,26198,M,,,26
201100024734,11,8,30,1530,1,2,6,1.0,3.0,26198,M,,,26
201100024735,11,10,7,720,2,2,6,1.0,3.0,26198,M,4457200.0,474160.0,26
201100024736,11,10,20,1450,1,2,1,1.0,2.0,26198,M,,,26
201100024737,11,10,28,1035,1,2,1,2.0,6.0,26198,M,,,26
201100024738,11,11,12,1530,2,2,1,1.0,3.0,26198,M,,,26
201100024739,11,11,16,1600,1,2,1,1.0,6.0,26198,M,,,26
201100024740,11,11,14,1050,1,2,1,1.0,6.0,26198,M,4455650.0,473280.0,26
201100024741,11,11,25,1713,5,2,1,1.0,6.0,26198,M,,,26
201100024742,11,12,11,330,3,1,1,1.0,1.0,26198,M,,,26
201100024743,11,12,13,1830,5,2,1,1.0,6.0,26198,M,,,26
201100024744,11,1,6,1745,5,2,6,1.0,3.0,26281,M,4504240.0,504540.0,26
201100024745,11,1,9,1800,5,1,1,2.0,6.0,26057,M,,,26
201100024746,11,1,13,650,5,2,1,1.0,6.0,26281,M,4504430.0,505330.0,26