Num_Acc,an,mois,jour,hrmn,lum,agg,int,atm,col,com,gps,lat,long,dep
201100024747,11,1,12,735,2,2,3,2.0,3.0,26281,M,4504080.0,504250.0,26
201100024748,11,1,18,820,1,2,6,1.0,3.0,26281,M,,,26
201100024749,11,1,18,830,1,2,1,1.0,2.0,26057,M,,,26
201100024750,11,1,18,1825,5,2,1,1.0,6.0,26057,M,,,26
201100024751,11,2,4,800,1,2,3,1.0,3.0,26281,M,4504700.0,506000.0,26
201100024752,11,2,11,1700,2,2,1,1.0,2.0,26281,M,,,26
201100024753,11,2,14,1320,1,2,2,2.0,6.0,26281,M,,,26
201100024754,11,2,14,1715,1,2,1,2.0,4.0,26281,M,,,26
201100024755,11,2,22,1335,1,2,1,2.0,2.0,26281,M,,,26
201100024756,11,2,23,1615,1,2,1,1.0,6.0,26057,M,,,26
201100024757,11,3,1,1415,1,2,3,1.0,3.0,26281,M,4504770.0,505250.0,26
201100024758,11,3,5,1050,1,2,2,1.0,3.0,26281,M,4503560.0,503490.0,26
201100024759,11,3,5,2105,5,2,1,1.0,6.0,26281,M,4504520.0,505560.0,26
201100024760,11,3,7,1430,1,1,1,1.0,1.0,26057,M,,,26
201100024761,11,3,12,1130,1,2,2,1.0,3.0,26281,M,4504740.0,505350.0,26
201100024762,11,3,13,1605,1,2,2,1.0,3.0,26281,M,,,26
201100024763,11,3,15,2055,5,2,1,1.0,6.0,26281,M,,,26
201100024764,11,3,22,840,1,2,6,1.0,6.0,26281,M,4503280.0,506740.0,26
201100024765,11,3,22,1840,1,2,1,1.0,2.0,26281,M,,,26
201100024766,11,3,25,753,1,1,3,1.0,6.0,26057,M,4502180.0,503970.0,26
201100024767,11,4,5,1800,1,2,1,1.0,2.0,26057,M,4503250.0,506700.0,26
201100024768,11,4,6,948,1,2,6,1.0,6.0,26281,M,,,26
201100024769,11,4,9,1210,1,2,1,1.0,7.0,26281,M,,,26
201100024770,11,4,13,750,1,2,1,1.0,4.0,26057,M,,,26
201100024771,11,4,13,1825,1,2,1,1.0,7.0,26281,M,4504710.0,505910.0,26
201100024772,11,4,14,705,1,2,2,1.0,6.0,26057,M,,,26
201100024773,11,4,14,2300,5,2,1,1.0,7.0,26281,M,4504440.0,504290.0,26
201100024774,11,4,15,735,1,2,3,1.0,3.0,26057,M,,,26
201100024775,11,4,17,1635,1,2,2,1.0,3.0,26281,M,,,26
201100024776,11,4,22,1600,1,2,1,1.0,6.0,26281,M,4504750.0,506230.0,26
201100024777,11,4,30,1440,1,2,3,1.0,3.0,26057,M,4503350.0,504640.0,26
201100024778,11,5,2,745,1,2,3,1.0,3.0,26281,M,,,26
201100024779,11,5,4,720,1,2,1,1.0,5.0,26057,M,,,26
201100024780,11,5,6,1030,1,2,3,1.0,7.0,26281,M,4504360.0,506670.0,26
201100024781,11,5,8,2100,2,2,9,1.0,3.0,26281,M,4504300.0,503500.0,26
201100024782,11,5,12,1630,1,2,6,1.0,3.0,26057,M,,,26
201100024783,11,5,14,255,5,2,1,2.0,7.0,26281,M,,,26
201100024784,11,5,16,1940,1,2,1,1.0,6.0,26281,M,,,26
201100024785,11,5,18,1643,1,2,1,1.0,6.0,26281,M,4504830.0,508690.0,26
201100024786,11,5,20,1415,1,1,1,1.0,1.0,26057,M,4504100.0,505010.0,26
201100024787,11,5,21,1741,1,1,8,1.0,6.0,26281,M,4505520.0,508850.0,26
201100024788,11,5,24,1925,1,2,2,1.0,5.0,26281,M,4505190.0,509220.0,26
201100024789,11,5,25,1445,1,2,1,1.0,6.0,26281,M,4504920.0,505280.0,26
201100024790,11,5,26,1120,1,2,1,1.0,3.0,26281,M,4504960.0,505270.0,26
201100024791,11,5,28,2110,5,2,1,1.0,6.0,26281,M,,,26
201100024792,11,5,29,400,5,2,2,1.0,3.0,26057,M,,,26
201100024793,11,5,30,1005,1,2,1,1.0,6.0,26281,M,4504750.0,504900.0,26
201100024794,11,6,1,750,1,1,6,2.0,6.0,26057,M,,,26
201100024795,11,6,6,1335,1,2,1,1.0,6.0,26281,M,,,26
201100024796,11,6,6,1639,1,2,2,1.0,6.0,26281,M,4504230.0,504850.0,26
201100024797,11,6,8,2050,1,2,1,1.0,2.0,26281,M,,,26
201100024798,11,6,9,1830,1,2,6,1.0,3.0,26281,M,4504850.0,505040.0,26
201100024799,11,6,11,1415,1,2,3,1.0,3.0,26281,M,4504660.0,507980.0,26
201100024800,11,6,15,1025,1,2,3,1.0,6.0,26057,M,4504050.0,504940.0,26
201100024801,11,6,27,1445,1,1,1,1.0,3.0,26281,M,,,26
201100024802,11,7,2,1828,1,2,1,1.0,6.0,26281,M,4504530.0,505120.0,26
201100024803,11,7,11,1550,1,1,6,1.0,2.0,26057,M,,,26
201100024804,11,7,13,1610,1,2,6,2.0,3.0,26281,M,4505330.0,504260.0,26
201100024805,11,7,15,1643,1,2,1,1.0,1.0,26281,M,,,26
201100024806,11,7,20,748,1,2,6,1.0,3.0,26281,M,,,26
201100024807,11,7,20,1130,1,2,1,1.0,3.0,26281,M,,,26
201100024808,11,7,20,1439,1,1,1,1.0,2.0,26281,M,,,26
201100024809,11,7,26,1710,1,2,3,1.0,2.0,26281,M,,,26
201100024810,11,7,27,1630,1,2,1,1.0,6.0,26281,M,,,26
201100024811,11,7,27,1830,1,2,6,1.0,6.0,26281,M,,,26
201100024812,11,7,28,1150,1,2,1,1.0,6.0,26281,M,,,26
201100024813,11,8,3,1345,1,2,3,1.0,3.0,26057,M,,,26
201100024814,11,8,13,1618,1,2,3,1.0,4.0,26281,M,,,26
201100024815,11,8,13,1713,1,2,3,1.0,2.0,26281,M,4505650.0,505550.0,26
201100024816,11,8,18,1700,1,2,2,2.0,3.0,26281,M,4504550.0,504930.0,26
201100024817,11,8,22,810,1,2,1,1.0,3.0,26057,M,,,26
201100024818,11,8,22,1145,1,2,6,1.0,3.0,26281,M,,,26
201100024819,11,9,6,1030,1,2,2,1.0,6.0,26281,M,,,26
201100024820,11,9,8,1200,1,1,1,1.0,6.0,26057,M,4501320.0,503360.0,26
201100024821,11,9,13,1740,1,1,9,1.0,3.0,26281,M,,,26
201100024822,11,9,18,700,2,1,1,2.0,7.0,26281,M,,,26
201100024823,11,9,19,1250,1,2,3,2.0,4.0,26281,M,,,26
201100024824,11,9,25,100,5,2,6,1.0,3.0,26281,M,,,26
201100024825,11,9,28,2000,5,2,3,1.0,3.0,26281,M,4505190.0,506490.0,26
201100024826,11,9,29,645,5,2,2,1.0,2.0,26281,M,4504760.0,505040.0,26
201100024827,11,9,29,810,1,2,3,1.0,2.0,26281,M,,,26
201100024828,11,9,29,1710,1,1,1,1.0,6.0,26281,M,,,26
201100024829,11,10,2,1410,1,2,1,1.0,6.0,26281,M,4504720.0,507480.0,26
201100024830,11,10,6,1945,5,2,3,1.0,2.0,26281,M,4504220.0,505200.0,26
201100024831,11,10,7,1645,1,2,3,1.0,3.0,26281,M,,,26
201100024832,11,10,8,1305,1,2,1,1.0,4.0,26057,M,,,26
201100024833,11,10,11,1755,1,2,1,1.0,1.0,26057,M,,,26
201100024834,11,10,12,1210,1,2,3,1.0,3.0,26281,M,,,26
201100024835,11,10,12,1420,1,2,1,1.0,6.0,26057,M,,,26
201100024836,11,10,13,2145,5,2,3,1.0,3.0,26281,M,,,26
201100024837,11,10,25,1500,1,2,1,2.0,3.0,26281,M,,,26
201100024838,11,10,29,1910,5,2,1,1.0,3.0,26281,M,,,26
201100024839,11,11,6,235,5,2,1,1.0,6.0,26281,M,4504220.0,505340.0,26
201100024840,11,11,8,1805,5,2,6,1.0,3.0,26281,M,,,26
201100024841,11,11,9,610,5,2,6,1.0,3.0,26281,M,,,26
201100024842,11,11,10,1405,1,2,1,1.0,3.0,26281,M,4504720.0,504700.0,26
201100024843,11,11,14,710,2,2,1,1.0,6.0,26057,M,,,26
201100024844,11,11,20,1350,1,2,6,1.0,3.0,26281,M,,,26
201100024845,11,11,18,1905,5,2,1,1.0,6.0,26281,M,,,26
201100024846,11,11,20,1745,5,2,2,1.0,3.0,26281,M,,,26
201100024847,11,11,25,1345,1,2,3,1.0,3.0,26281,M,4504410.0,504420.0,26
201100024848,11,12,8,817,1,2,2,1.0,6.0,26281,M,,,26
201100024849,11,12,8,930,1,2,6,1.0,6.0,26281,M,4505330.0,504260.0,26
201100024850,11,12,8,1135,1,2,4,1.0,6.0,26057,M,,,26
201100024851,11,12,10,1645,1,2,1,1.0,5.0,26281,M,,,26
201100024852,11,12,12,825,1,2,1,1.0,6.0,26281,M,4504690.0,504690.0,26
201100024853,11,12,16,825,1,2,1,2.0,1.0,26057,M,,,26
201100024854,11,12,26,1100,1,2,6,1.0,3.0,26281,M,4504020.0,503490.0,26
201100024855,11,1,1,1530,1,2,2,1.0,3.0,26362,M,,,26
201100024856,11,1,7,210,3,1,1,1.0,7.0,26362,M,,,26
201100024857,11,1,8,1519,1,2,3,1.0,3.0,26362,M,4493030.0,489230.0,26
201100024858,11,1,13,205,3,1,1,1.0,4.0,26362,M,,,26
201100024859,11,1,15,1655,1,2,1,1.0,6.0,26362,M,4493040.0,489010.0,26
201100024860,11,1,15,1935,5,2,1,1.0,2.0,26362,M,4493170.0,489500.0,26
201100024861,11,1,12,1215,1,2,1,1.0,3.0,26362,M,4491100.0,488800.0,26
201100024862,11,1,17,1430,1,2,1,1.0,7.0,26058,M,4494110.0,488710.0,26
201100024863,11,1,30,2140,5,2,1,1.0,6.0,26058,M,4494140.0,489510.0,26
201100024864,11,2,6,145,5,2,1,1.0,2.0,26362,M,4493300.0,490040.0,26
201100024865,11,2,7,1341,1,1,3,1.0,2.0,26252,M,,,26
201100024866,11,2,7,2340,5,2,2,1.0,3.0,26362,M,4492560.0,490500.0,26
201100024867,11,2,10,950,1,2,1,1.0,6.0,26362,M,4493670.0,489870.0,26
201100024868,11,2,10,2100,5,2,3,1.0,3.0,26362,M,,,26
201100024869,11,2,11,1310,1,2,1,1.0,3.0,26058,M,4495930.0,488400.0,26
201100024870,11,2,11,2247,5,2,2,1.0,6.0,26362,M,,,26
201100024871,11,2,14,835,1,1,1,1.0,5.0,26252,M,,,26
201100024872,11,2,14,950,1,2,2,1.0,3.0,26362,M,4492010.0,493190.0,26
201100024873,11,2,21,100,5,2,1,1.0,7.0,26362,M,4493870.0,491380.0,26
201100024874,11,2,23,1800,1,2,1,1.0,3.0,26058,M,4492780.0,490610.0,26
201100024875,11,3,7,2145,5,2,1,1.0,7.0,26058,M,4496260.0,490980.0,26
201100024876,11,3,8,2205,5,2,1,1.0,7.0,26362,M,4493740.0,489940.0,26
201100024877,11,3,10,1205,1,2,1,1.0,7.0,26362,M,,,26
201100024878,11,3,11,1725,1,2,1,1.0,3.0,26058,M,4493720.0,488980.0,26
201100024879,11,3,16,1455,1,2,1,1.0,2.0,26252,M,,,26
201100024880,11,3,22,1945,5,2,1,1.0,6.0,26362,M,4493030.0,489430.0,26
201100024881,11,3,25,1205,1,1,6,1.0,3.0,26058,M,4497730.0,490280.0,26
201100024882,11,3,25,1220,1,2,1,1.0,3.0,26362,M,4490640.0,488560.0,26
201100024883,11,4,4,2300,5,2,1,1.0,3.0,26362,M,4493420.0,489800.0,26
201100024884,11,4,7,45,5,2,3,1.0,7.0,26362,M,4493380.0,489410.0,26
201100024885,11,4,8,1910,1,2,6,1.0,3.0,26362,M,4494000.0,491600.0,26
201100024886,11,4,7,1145,1,2,1,1.0,3.0,26362,M,4492350.0,490500.0,26
201100024887,11,4,17,550,5,2,1,1.0,6.0,26058,M,4495120.0,489170.0,26
201100024888,11,4,17,1344,1,2,1,1.0,2.0,26362,M,4493030.0,489240.0,26
201100024889,11,4,19,1615,1,2,3,1.0,2.0,26058,M,4495500.0,491220.0,26
201100024890,11,4,19,1400,1,2,1,1.0,1.0,26362,M,,,26
201100024891,11,4,26,2142,5,2,1,1.0,6.0,26362,M,4493030.0,489170.0,26
201100024892,11,4,29,1745,1,2,2,1.0,3.0,26362,M,4493500.0,489470.0,26
201100024893,11,5,2,1520,1,2,3,1.0,3.0,26058,M,4494630.0,489340.0,26
201100024894,11,5,3,720,1,2,4,1.0,3.0,26252,M,4487610.0,487380.0,26
201100024895,11,5,4,617,2,2,6,1.0,3.0,26362,M,,,26
201100024896,11,5,4,2040,2,2,2,1.0,3.0,26362,M,4493030.0,490220.0,26
201100024897,11,5,6,1600,1,2,1,1.0,3.0,26252,M,,,26
201100024898,11,5,8,1815,1,2,1,1.0,2.0,26362,M,4492040.0,490810.0,26
201100024899,11,5,8,1945,1,1,1,1.0,1.0,26362,M,,,26
201100024900,11,5,12,1815,1,2,2,1.0,7.0,26362,M,4491410.0,490790.0,26
201100024901,11,5,13,1630,1,2,1,1.0,7.0,26362,M,4493360.0,491860.0,26
201100024902,11,5,14,800,1,1,1,1.0,7.0,26058,M,,,26
201100024903,11,5,15,530,3,1,1,1.0,2.0,26362,M,,,26
201100024904,11,5,15,1600,1,2,1,1.0,6.0,26362,M,4493950.0,492170.0,26
201100024905,11,5,23,1950,1,2,1,1.0,2.0,26362,M,4492790.0,492460.0,26
201100024906,11,5,24,1200,1,2,2,1.0,3.0,26058,M,4495470.0,489990.0,26
201100024907,11,5,24,1830,1,2,1,1.0,6.0,26058,M,4494110.0,489280.0,26
201100024908,11,5,26,915,1,1,1,1.0,3.0,26058,M,4494430.0,489520.0,26
201100024909,11,5,30,1200,1,2,2,1.0,3.0,26362,M,4493200.0,489880.0,26
201100024910,11,6,4,2100,2,2,1,1.0,6.0,26362,M,4492410.0,490400.0,26
201100024911,11,6,5,2208,5,2,1,1.0,7.0,26362,M,4491460.0,490080.0,26
201100024912,11,6,7,740,1,2,2,1.0,3.0,26362,M,4493270.0,491860.0,26
201100024913,11,6,14,1440,1,2,1,1.0,2.0,26362,M,4493000.0,491810.0,26
201100024914,11,6,17,1720,1,2,1,3.0,6.0,26362,M,4493860.0,491810.0,26
201100024915,11,6,18,1925,1,2,1,1.0,7.0,26058,M,4494120.0,489180.0,26
201100024916,11,6,24,1830,1,2,1,1.0,6.0,26362,M,4490960.0,487490.0,26
201100024917,11,6,25,1200,1,2,2,1.0,6.0,26362,M,4492360.0,488740.0,26
201100024918,11,6,26,300,5,2,4,1.0,6.0,26362,M,4493540.0,490950.0,26
201100024919,11,6,27,1805,1,1,1,2.0,7.0,26058,M,,,26
201100024920,11,6,28,1915,1,2,1,1.0,1.0,26058,M,4496200.0,488800.0,26
201100024921,11,6,29,1845,1,2,3,1.0,3.0,26362,M,4492860.0,489500.0,26
201100024922,11,7,1,905,1,2,4,1.0,1.0,26362,M,4492360.0,488460.0,26
201100024923,11,7,7,912,1,2,1,1.0,6.0,26362,M,4493030.0,491800.0,26
201100024924,11,7,11,1715,1,2,1,1.0,6.0,26362,M,4494220.0,491810.0,26
201100024925,11,7,14,1105,1,2,1,1.0,7.0,26362,M,4492070.0,488590.0,26
201100024926,11,8,4,1700,1,1,1,1.0,4.0,26064,M,,,26
201100024927,11,8,5,1840,1,1,1,1.0,7.0,26004,M,,,26
201100024928,11,8,19,810,1,2,2,1.0,3.0,26362,M,4493200.0,489870.0,26
201100024929,11,8,19,1100,1,1,1,1.0,4.0,26362,M,4493710.0,491180.0,26
201100024930,11,8,28,1953,1,2,1,1.0,7.0,26362,M,4492280.0,489800.0,26
201100024931,11,8,26,1935,1,2,1,1.0,1.0,26362,M,4490560.0,487490.0,26
201100024932,11,8,27,1720,1,2,6,1.0,2.0,26362,M,4493950.0,491540.0,26
201100024933,11,9,2,1827,1,2,1,1.0,6.0,26362,M,4492950.0,492100.0,26
201100024934,11,9,2,1915,1,2,1,1.0,3.0,26362,M,,,26
201100024935,11,9,5,750,1,2,1,1.0,7.0,26362,M,4491600.0,491090.0,26
201100024936,11,9,12,840,1,2,3,1.0,3.0,26362,M,4492790.0,492390.0,26
201100024937,11,9,13,1824,1,2,3,1.0,6.0,26362,M,4491840.0,489910.0,26
201100024938,11,9,15,1700,1,2,1,1.0,4.0,26362,M,,,26
201100024939,11,9,17,1130,1,2,1,1.0,1.0,26252,M,,,26
201100024940,11,9,20,1830,1,2,1,1.0,3.0,26362,M,4492150.0,490310.0,26
201100024941,11,9,22,1510,1,2,2,1.0,2.0,26362,M,4492590.0,492080.0,26
201100024942,11,9,22,1710,1,2,6,1.0,3.0,26362,M,4491290.0,487540.0,26
201100024943,11,9,21,1730,1,2,1,1.0,3.0,26058,M,,,26
201100024944,11,9,27,1330,1,2,6,1.0,7.0,26362,M,4492200.0,489200.0,26
201100024945,11,9,29,2340,3,1,1,1.0,7.0,26362,M,,,26
201100024946,11,10,1,1558,1,2,1,1.0,4.0,26362,M,,,26
201100024947,11,10,4,620,2,2,3,1.0,3.0,26362,M,4492890.0,489680.0,26
201100024948,11,10,6,1930,2,2,2,8.0,1.0,26362,M,4492660.0,491730.0,26
201100024949,11,10,8,1945,4,2,2,1.0,6.0,26362,M,4493570.0,488980.0,26
201100024950,11,10,7,2045,5,2,1,2.0,3.0,26252,M,,,26
201100024951,11,10,16,410,5,2,1,1.0,1.0,26362,M,,,26
201100024952,11,10,15,1600,1,2,1,1.0,3.0,26362,M,4493610.0,491040.0,26
201100024953,11,10,17,1540,1,2,1,1.0,2.0,26362,M,4491300.0,487780.0,26
201100024954,11,10,18,1515,1,1,1,1.0,6.0,26362,M,4491280.0,487550.0,26
201100024955,11,10,25,2045,5,2,1,2.0,3.0,26362,M,4493340.0,490220.0,26
201100024956,11,10,27,655,3,1,1,1.0,7.0,26252,M,,,26
201100024957,11,11,1,1410,1,2,2,1.0,3.0,26362,M,4492300.0,488700.0,26
201100024958,11,11,4,1030,1,2,1,2.0,6.0,26362,M,,,26
201100024959,11,11,5,1300,1,2,1,2.0,1.0,26058,M,4493380.0,491660.0,26
201100024960,11,11,9,1740,2,2,3,1.0,3.0,26362,M,4493350.0,490240.0,26
201100024961,11,11,14,1110,1,2,1,1.0,3.0,26362,M,4493310.0,490100.0,26
201100024962,11,11,19,555,5,2,1,1.0,7.0,26362,M,4492630.0,488220.0,26
201100024963,11,11,22,815,1,2,1,1.0,6.0,26362,M,4492530.0,489160.0,26
201100024964,11,11,22,1415,1,2,1,1.0,1.0,26362,M,,,26
201100024965,11,11,24,735,1,2,2,1.0,3.0,26252,M,,,26
201100024966,11,11,24,1315,1,2,1,1.0,3.0,26058,M,4495860.0,488910.0,26
201100024967,11,11,29,1045,1,2,1,1.0,3.0,26362,M,4493240.0,492200.0,26
201100024968,11,12,3,2322,5,2,1,2.0,1.0,26362,M,,,26
201100024969,11,12,9,1830,5,2,2,1.0,1.0,26252,M,4487810.0,488080.0,26
201100024970,11,12,11,445,3,1,1,5.0,2.0,26362,M,,,26
201100024971,11,12,12,1725,5,2,1,1.0,6.0,26362,M,4491690.0,491010.0,26
201100024972,11,12,7,1715,2,1,1,1.0,5.0,26252,M,,,26
201100024973,11,12,24,1900,5,2,1,1.0,1.0,26252,M,4487660.0,488090.0,26
201100024974,11,11,18,1145,1,1,1,1.0,6.0,84027,M,4412600.0,477600.0,84
201100024975,11,4,15,2345,3,1,1,1.0,6.0,84039,M,4408200.0,488300.0,84
201100024976,11,6,26,100,3,1,1,1.0,1.0,84027,M,0.0,0.0,84
201100024977,11,7,10,100,3,1,1,1.0,7.0,84039,M,4408600.0,490500.0,84
201100024978,11,7,12,1515,1,1,1,1.0,1.0,84056,M,4413600.0,493500.0,84
201100024979,11,7,23,1700,1,1,1,1.0,3.0,84039,M,4410500.0,488000.0,84
201100024980,11,8,12,1500,1,1,1,1.0,3.0,84039,M,0.0,0.0,84
201100024981,11,9,16,1515,1,1,1,1.0,1.0,84027,M,4411100.0,476200.0,84
201100024982,11,9,22,1330,1,1,1,1.0,3.0,84037,M,4404200.0,485500.0,84
201100024983,11,10,31,2315,5,2,1,1.0,6.0,84027,M,0.0,0.0,84
201100024984,11,11,20,630,3,1,1,8.0,6.0,84056,M,4413100.0,488500.0,84
201100024985,11,12,23,1330,1,1,1,1.0,1.0,84056,M,0.0,0.0,84
201100024986,11,7,30,1730,1,2,1,1.0,3.0,38383,M,4537900.0,564111.0,38
201100024987,11,8,1,730,1,1,6,1.0,6.0,38194,M,4536400.0,543400.0,38
201100024988,11,8,27,1900,1,2,1,1.0,1.0,38105,M,4541600.0,555800.0,38
201100024989,11,8,31,130,5,2,1,1.0,6.0,38239,M,4533200.0,557200.0,38
201100024990,11,9,12,1545,1,2,1,1.0,3.0,38332,M,4533300.0,548900.0,38
201100024991,11,9,15,1645,1,1,9,1.0,3.0,38105,M,4541000.0,556500.0,38
201100024992,11,9,20,2200,3,1,1,1.0,6.0,38239,M,4534500.0,558100.0,38
201100024993,11,9,27,1915,2,2,9,1.0,1.0,38270,M,4538400.0,554200.0,38
201100024994,11,12,12,1500,1,1,1,3.0,6.0,38373,M,4536670.0,554882.0,38
201100024995,11,12,7,1600,1,1,1,3.0,6.0,38332,M,4532560.0,548912.0,38
201100024996,11,6,26,1130,1,2,1,7.0,1.0,69283,M,0.0,0.0,69
201100024997,11,8,31,1930,1,2,1,8.0,7.0,69283,M,0.0,0.0,69
201100024998,11,3,20,745,2,1,1,1.0,6.0,41136,M,4772810.0,150136.0,41
201100024999,11,6,24,845,1,1,1,1.0,2.0,41252,M,4770380.0,145057.0,41
201100025000,11,7,16,315,3,1,1,1.0,2.0,41252,M,4768570.0,142008.0,41
201100025001,11,8,16,2015,1,1,1,1.0,1.0,41101,M,4761640.0,119333.0,41
201100025002,11,8,20,1015,1,1,1,1.0,7.0,41206,M,4764540.0,136656.0,41
201100025003,11,8,31,945,1,1,1,1.0,6.0,41234,M,4758960.0,108546.0,41
201100025004,11,9,3,645,2,1,1,1.0,2.0,41091,M,4761590.0,129602.0,41
201100025005,11,9,4,1945,1,1,1,1.0,5.0,41091,M,4761600.0,129468.0,41
201100025006,11,9,7,800,1,1,1,1.0,7.0,41245,M,4774500.0,153515.0,41
201100025007,11,12,17,345,3,1,1,1.0,7.0,41206,M,4765190.0,137480.0,41
201100025008,11,12,23,300,3,1,1,1.0,5.0,41234,M,4759100.0,108814.0,41
201100025009,11,1,12,1025,1,2,6,2.0,3.0,27229,M,4902020.0,118222.0,27
201100025010,11,1,15,1100,1,2,7,1.0,6.0,27229,M,4902830.0,114651.0,27
201100025011,11,1,17,820,2,2,3,2.0,6.0,27229,M,4902210.0,114111.0,27
201100025012,11,2,4,1930,5,2,2,1.0,6.0,27229,M,4902160.0,113763.0,27
201100025013,11,2,15,805,5,2,1,8.0,6.0,27299,M,4904170.0,115849.0,27
201100025014,11,2,15,925,1,2,1,2.0,4.0,27229,M,4903000.0,114994.0,27
201100025015,11,2,26,715,2,2,2,1.0,3.0,27229,M,4901880.0,115473.0,27
201100025016,11,2,26,1440,1,2,1,1.0,6.0,27229,M,4901240.0,116981.0,27
201100025017,11,3,2,1840,1,1,6,1.0,2.0,27229,M,4899930.0,115410.0,27
201100025018,11,3,11,1730,1,2,1,1.0,3.0,27229,M,4902540.0,115077.0,27
201100025019,11,4,5,1025,1,2,3,1.0,3.0,27229,M,4902070.0,115192.0,27
201100025020,11,4,11,1705,1,2,1,1.0,2.0,27229,M,4900190.0,113866.0,27
201100025021,11,4,12,1420,1,2,1,1.0,6.0,27229,M,4902800.0,117803.0,27
201100025022,11,4,13,2020,1,2,2,1.0,1.0,27229,M,4902660.0,115697.0,27
201100025023,11,4,19,800,1,2,1,1.0,2.0,27229,M,4901470.0,110758.0,27
201100025024,11,4,28,1200,1,2,4,1.0,7.0,27229,M,4902830.0,116680.0,27
201100025025,11,5,3,1030,1,2,1,1.0,6.0,27229,M,4902610.0,114690.0,27
201100025026,11,5,14,1330,1,2,1,1.0,1.0,27229,M,4903610.0,113263.0,27
201100025027,11,5,28,1150,1,2,1,1.0,6.0,27229,M,4901350.0,116403.0,27
201100025028,11,6,2,1835,1,2,3,1.0,6.0,27229,M,4900710.0,115788.0,27
201100025029,11,6,3,1155,1,2,3,1.0,3.0,27229,M,4900020.0,114763.0,27
201100025030,11,6,5,525,2,2,3,8.0,7.0,27229,M,4901980.0,113138.0,27
201100025031,11,7,1,1335,1,2,3,1.0,3.0,27229,M,4903050.0,116090.0,27
201100025032,11,7,1,2000,1,2,1,1.0,6.0,27229,M,4901080.0,116535.0,27
201100025033,11,7,4,1638,1,2,2,1.0,3.0,27229,M,4902330.0,116946.0,27
201100025034,11,7,17,1310,1,2,2,1.0,3.0,27229,M,4901870.0,114263.0,27
201100025035,11,7,18,1642,1,2,6,1.0,3.0,27229,M,4903290.0,115582.0,27
201100025036,11,7,24,600,2,2,1,1.0,7.0,27229,M,4902070.0,112065.0,27
201100025037,11,9,2,745,1,2,3,1.0,3.0,27229,M,4900020.0,114769.0,27
201100025038,11,9,2,1525,1,2,1,1.0,3.0,27299,M,4904330.0,116010.0,27
201100025039,11,9,29,1400,1,2,2,1.0,3.0,27229,M,4901800.0,116717.0,27
201100025040,11,9,29,1650,1,2,1,1.0,7.0,27229,M,4902200.0,112249.0,27
201100025041,11,10,9,215,5,2,1,1.0,7.0,27229,M,4903710.0,115109.0,27
201100025042,11,10,24,940,1,2,1,1.0,2.0,27229,M,4901480.0,117054.0,27
201100025043,11,11,7,1350,1,2,1,1.0,1.0,27229,M,4899860.0,114943.0,27
201100025044,11,11,9,1300,1,2,1,1.0,6.0,27229,M,4902030.0,114189.0,27
201100025045,11,12,6,2025,5,2,1,8.0,3.0,27229,M,4903510.0,115629.0,27
201100025046,11,12,7,1835,5,2,1,1.0,6.0,27229,M,4901670.0,116070.0,27
201100025047,11,12,9,1820,5,2,1,1.0,6.0,27229,M,4902030.0,115951.0,27
201100025048,11,7,15,1345,1,2,1,1.0,3.0,35353,M,4810900.0,-174000.0,35
201100025049,11,11,17,1015,1,2,1,1.0,3.0,35353,M,0.0,0.0,35
201100025050,11,1,3,1845,5,2,1,1.0,7.0,27351,M,4923540.0,118219.0,27
201100025051,11,2,24,2050,5,2,1,1.0,7.0,27375,M,4921300.0,115550.0,27
201100025052,11,3,9,930,1,1,3,1.0,1.0,27701,M,4925030.0,123562.0,27
201100025053,11,5,14,1900,1,2,9,1.0,6.0,27351,M,4923140.0,117804.0,27
201100025054,11,7,21,2100,1,2,1,1.0,7.0,27375,M,4920350.0,119780.0,27
201100025055,11,7,25,1810,1,2,3,1.0,3.0,27701,M,4928030.0,122578.0,27
201100025056,11,10,2,125,3,2,1,1.0,7.0,27375,M,4920710.0,118690.0,27
201100025057,11,10,21,1905,2,2,2,1.0,5.0,27701,M,4927520.0,120267.0,27
201100025058,11,10,21,1730,1,2,1,1.0,6.0,27375,M,4921480.0,116642.0,27
201100025059,11,11,19,1730,5,2,1,1.0,3.0,27375,M,4920350.0,119780.0,27
201100025060,11,11,24,1910,5,2,2,1.0,1.0,27375,M,4922330.0,116740.0,27
201100025061,11,3,12,315,3,1,1,1.0,7.0,14681,M,4931830.0,-85144.0,14
201100025062,11,4,16,1030,1,1,1,1.0,7.0,14397,M,4931740.0,-84905.0,14
201100025063,11,4,23,2030,1,1,1,1.0,6.0,14681,M,4932670.0,-88016.0,14