Num_Acc,an,mois,jour,hrmn,lum,agg,int,atm,col,com,gps,lat,long,dep
201100025064,11,5,29,530,3,1,1,1.0,7.0,14543,M,4920430.0,-49929.0,14
201100025065,11,7,10,630,2,1,1,3.0,6.0,14543,M,4920500.0,-48800.0,14
201100025066,11,7,21,1845,1,1,1,1.0,3.0,14132,M,4934700.0,-102600.0,14
201100025067,11,8,23,1400,1,1,1,1.0,5.0,14186,M,4923900.0,-58300.0,14
201100025068,11,10,11,1200,1,1,1,1.0,7.0,14380,M,4923000.0,-55700.0,14
201100025069,11,12,23,2200,3,1,1,6.0,7.0,14004,M,0.0,0.0,14
201100025070,11,5,7,1615,1,2,1,1.0,3.0,06140,M,0.0,0.0,06
201100025071,11,6,3,2345,5,2,1,3.0,6.0,06130,M,0.0,0.0,06
201100025072,11,6,19,1500,1,1,1,1.0,1.0,06130,M,0.0,0.0,06
201100025073,11,6,22,1245,1,1,1,1.0,6.0,06037,M,0.0,0.0,06
201100025074,11,8,11,1900,1,1,1,1.0,1.0,06140,M,0.0,0.0,06
201100025075,11,10,2,1115,1,2,1,1.0,3.0,06130,M,0.0,0.0,06
201100025076,11,10,31,1730,2,1,1,1.0,3.0,06118,M,0.0,0.0,06
201100025077,11,12,15,1800,5,2,1,1.0,2.0,06140,M,0.0,0.0,06
201100025078,11,12,27,1715,2,2,1,1.0,2.0,06095,M,0.0,0.0,06
201100025079,11,10,4,1150,1,2,1,2.0,7.0,27681,M,4908900.0,148947.0,27
201100025080,11,10,30,2010,5,2,3,1.0,3.0,27681,M,4908400.0,147806.0,27
201100025081,11,10,19,1,3,1,3,1.0,7.0,27681,M,4907670.0,146397.0,27
201100025082,11,12,24,845,1,2,3,1.0,6.0,27681,M,4908920.0,148175.0,27
201100025083,11,1,30,1505,1,2,3,1.0,7.0,27681,M,4908760.0,147310.0,27
201100025084,11,4,23,1015,1,2,3,1.0,7.0,27562,M,4910290.0,145262.0,27
201100025085,11,4,15,1900,1,2,1,1.0,3.0,27681,M,4909590.0,146550.0,27
201100025086,11,6,16,1255,1,2,3,1.0,3.0,27681,M,4909880.0,147490.0,27
201100025087,11,5,20,1645,1,1,1,1.0,7.0,27681,M,4912040.0,149496.0,27
201100025088,11,6,3,1900,1,2,3,1.0,7.0,27681,M,4907670.0,146397.0,27
201100025089,11,12,29,135,5,2,3,2.0,3.0,27681,M,4908820.0,147238.0,27
201100025090,11,3,29,800,1,1,1,8.0,1.0,17222,M,4622700.0,-114500.0,17
201100025091,11,5,15,1745,1,2,1,1.0,6.0,17472,M,4624000.0,-107900.0,17
201100025092,11,5,26,1700,1,2,3,1.0,3.0,17472,M,4624800.0,-107100.0,17
201100025093,11,9,11,1000,1,1,1,3.0,3.0,17153,M,4624300.0,-110800.0,17
201100025094,11,10,26,1045,1,1,1,1.0,1.0,17472,M,4624200.0,-108100.0,17
201100025095,11,10,28,530,3,1,1,5.0,4.0,17142,M,4618800.0,-108100.0,17
201100025096,11,7,3,700,1,1,1,1.0,2.0,25188,M,4755000.0,686500.0,25
201100025097,11,8,25,830,1,1,1,1.0,4.0,91363,M,0.0,0.0,91
201100025098,11,11,8,1030,1,1,1,2.0,1.0,91666,M,0.0,0.0,91
201100025099,11,1,9,1815,3,1,1,1.0,2.0,76119,M,4962800.0,126315.0,76
201100025100,11,1,13,1230,1,1,1,3.0,6.0,76257,M,4987330.0,156443.0,76
201100025101,11,1,22,200,3,1,1,1.0,7.0,76645,M,4988310.0,159561.0,76
201100025102,11,4,26,630,1,1,1,1.0,7.0,76462,M,4973180.0,146320.0,76
201100025103,11,5,21,915,1,1,1,1.0,2.0,76424,M,4974700.0,147665.0,76
201100025104,11,8,4,915,1,1,1,1.0,6.0,76244,M,4970944.0,137991.0,76
201100025105,11,9,23,1345,1,1,1,1.0,6.0,76584,M,4974837.0,147841.0,76
201100025106,11,12,4,1600,1,1,1,3.0,7.0,76621,M,4966015.0,129941.0,76
201100025107,11,1,10,415,3,1,1,1.0,6.0,76066,M,4963700.0,104114.0,76
201100025108,11,8,10,1230,1,1,1,1.0,6.0,76325,M,4965247.0,83909.0,76
201100025109,11,11,6,230,3,1,1,2.0,6.0,76223,M,4962762.0,81037.0,76
201100025110,11,12,18,745,1,1,1,4.0,6.0,76628,M,4961728.0,104087.0,76
201100025111,11,4,18,445,3,1,1,1.0,1.0,19178,M,4527100.0,155000.0,19
201100025112,11,8,19,800,1,1,1,1.0,1.0,19147,M,4506350.0,150672.0,19
201100025113,11,8,27,1115,1,1,1,1.0,2.0,19248,M,4542270.0,151637.0,19
201100025114,11,9,2,315,3,1,1,1.0,1.0,19072,M,4521890.0,151260.0,19
201100025115,11,12,17,1815,3,1,1,3.0,6.0,19151,M,4510750.0,151339.0,19
201100025116,11,6,3,1630,1,2,1,1.0,7.0,59266,M,5054274.0,297803.0,59
201100025117,11,6,10,900,1,1,1,1.0,3.0,59462,M,5052732.0,300797.0,59
201100025118,11,10,14,1515,2,2,1,1.0,3.0,59266,M,5054297.0,297665.0,59
201100025119,11,1,3,730,5,2,3,1.0,6.0,28218,M,,,28
201100025120,11,1,6,1640,1,2,1,1.0,6.0,28085,M,4845678.0,148598.0,28
201100025121,11,1,11,1025,1,1,1,1.0,7.0,28229,M,,,28
201100025122,11,1,12,735,5,2,3,2.0,3.0,28110,M,4842634.0,149437.0,28
201100025123,11,1,13,1555,1,2,6,1.0,3.0,28220,M,,,28
201100025124,11,2,1,2035,5,2,1,4.0,7.0,28085,M,4844488.0,149608.0,28
201100025125,11,2,3,1855,5,2,9,8.0,1.0,28085,M,4844979.0,152080.0,28
201100025126,11,2,14,1345,1,2,1,1.0,6.0,28220,M,4842669.0,146031.0,28
201100025127,11,2,21,1725,1,1,1,8.0,5.0,28229,M,,,28
201100025128,11,1,17,1900,3,1,1,1.0,2.0,28085,M,,,28
201100025129,11,1,18,1940,5,2,1,1.0,1.0,28218,M,4844008.0,146808.0,28
201100025130,11,1,22,1030,1,1,9,1.0,6.0,28218,M,,,28
201100025131,11,2,6,1705,2,2,1,1.0,3.0,28209,M,,,28
201100025132,11,2,26,752,2,2,1,1.0,6.0,28229,M,4845060.0,146381.0,28
201100025133,11,3,2,2007,5,2,1,1.0,5.0,28085,M,4843885.0,148877.0,28
201100025134,11,3,9,1735,1,1,1,1.0,7.0,28209,M,4848417.0,147542.0,28
201100025135,11,3,10,1200,1,2,1,1.0,6.0,28218,M,4843928.0,146028.0,28
201100025136,11,3,15,1340,1,2,7,1.0,6.0,28085,M,4844798.0,148192.0,28
201100025137,11,3,16,1750,1,2,2,1.0,2.0,28218,M,4842839.0,144702.0,28
201100025138,11,3,21,1725,1,2,3,1.0,2.0,28209,M,,,28
201100025139,11,2,17,940,1,2,3,1.0,2.0,28085,M,,,28
201100025140,11,3,22,1700,1,2,2,1.0,3.0,28218,M,,,28
201100025141,11,3,4,1455,1,2,1,1.0,6.0,28085,M,4843905.0,148994.0,28
201100025142,11,3,23,1145,1,2,3,7.0,7.0,28218,M,4843421.0,145866.0,28
201100025143,11,3,24,1520,1,2,1,1.0,2.0,28085,M,4845144.0,148611.0,28
201100025144,11,3,25,1400,1,2,1,1.0,7.0,28085,M,4843307.0,150343.0,28
201100025145,11,3,26,1030,1,2,1,1.0,3.0,28085,M,,,28
201100025146,11,4,4,730,1,1,1,5.0,2.0,28085,M,,,28
201100025147,11,4,4,1210,1,1,1,1.0,7.0,28209,M,,,28
201100025148,11,4,6,1715,1,2,1,1.0,3.0,28085,M,,,28
201100025149,11,4,6,1715,1,2,1,1.0,6.0,28085,M,4844666.0,148268.0,28
201100025150,11,4,7,900,1,2,1,1.0,4.0,28218,M,4843610.0,146039.0,28
201100025151,11,4,8,2313,5,2,2,1.0,3.0,28085,M,,,28
201100025152,11,4,9,1645,1,2,1,1.0,6.0,28085,M,,,28
201100025153,11,4,9,1940,1,1,1,1.0,7.0,28218,M,,,28
201100025154,11,4,13,850,1,2,1,1.0,7.0,28110,M,,,28
201100025155,11,4,17,945,1,2,7,1.0,1.0,28085,M,,,28
201100025156,11,4,18,2230,5,2,1,1.0,6.0,28085,M,4843622.0,149022.0,28
201100025157,11,4,20,1000,1,2,1,1.0,3.0,28085,M,4844278.0,149509.0,28
201100025158,11,4,21,1750,1,2,1,1.0,3.0,28070,M,4846981.0,150645.0,28
201100025159,11,4,23,2310,5,2,1,3.0,1.0,28085,M,4844333.0,148515.0,28
201100025160,11,4,30,740,1,1,9,5.0,3.0,28229,M,,,28
201100025161,11,5,2,1005,1,1,1,2.0,2.0,28229,M,,,28
201100025162,11,5,6,1130,1,2,1,1.0,3.0,28085,M,,,28
201100025163,11,5,8,750,1,1,1,1.0,7.0,28229,M,4844680.0,144601.0,28
201100025164,11,5,11,1735,1,2,1,1.0,3.0,28229,M,,,28
201100025165,11,5,14,2317,5,2,1,1.0,7.0,28218,M,4843401.0,0.0,28
201100025166,11,5,16,1100,1,2,3,1.0,3.0,28085,M,4843354.0,151196.0,28
201100025167,11,5,17,1750,1,2,1,1.0,2.0,28085,M,4845069.0,0.0,28
201100025168,11,5,21,12,4,1,1,1.0,7.0,28229,M,,,28
201100025169,11,5,27,815,1,1,1,1.0,2.0,28229,M,4845032.0,145135.0,28
201100025170,11,5,20,2240,5,2,1,1.0,6.0,28085,M,,,28
201100025171,11,5,27,1355,1,2,5,1.0,3.0,28085,M,4844743.0,0.0,28
201100025172,11,5,27,2330,3,1,1,1.0,7.0,28085,M,,,28
201100025173,11,6,4,2225,5,2,1,3.0,7.0,28218,M,,,28
201100025174,11,6,5,550,2,2,1,1.0,6.0,28085,M,,,28
201100025175,11,6,8,1250,1,2,3,1.0,3.0,28085,M,4844262.0,149967.0,28
201100025176,11,6,10,1815,1,2,2,1.0,3.0,28085,M,,,28
201100025177,11,6,12,2059,1,1,6,2.0,3.0,28085,M,4845205.0,152050.0,28
201100025178,11,6,17,1930,1,2,1,1.0,6.0,28209,M,4847833.0,148323.0,28
201100025179,11,6,25,530,5,2,1,1.0,6.0,28085,M,4844461.0,149428.0,28
201100025180,11,6,28,855,1,2,1,1.0,6.0,28085,M,4844263.0,148739.0,28
201100025181,11,6,28,1712,1,2,1,1.0,3.0,28085,M,,,28
201100025182,11,6,30,1700,1,2,1,1.0,6.0,28085,M,0.0,151609.0,28
201100025183,11,7,1,1700,1,1,1,1.0,5.0,28220,M,,,28
201100025184,11,7,8,1135,1,2,1,1.0,1.0,28085,M,,,28
201100025185,11,7,8,1500,1,1,1,1.0,3.0,28229,M,4845558.0,145256.0,28
201100025186,11,7,21,425,5,2,1,2.0,3.0,28220,M,,,28
201100025187,11,8,6,52,5,2,1,2.0,3.0,28085,M,4844428.0,149430.0,28
201100025188,11,9,6,1440,1,2,1,1.0,6.0,28085,M,4845437.0,149702.0,28
201100025189,11,9,12,1230,1,2,3,1.0,3.0,28085,M,4844117.0,149401.0,28
201100025190,11,9,13,1320,1,2,1,1.0,6.0,28218,M,,,28
201100025191,11,9,14,1415,1,2,1,1.0,6.0,28085,M,4844317.0,148553.0,28
201100025192,11,9,15,905,1,1,1,1.0,4.0,28220,M,,,28
201100025193,11,9,16,1140,1,2,9,2.0,3.0,28085,M,,,28
201100025194,11,9,22,840,1,2,1,1.0,6.0,28085,M,4844705.0,148329.0,28
201100025195,11,9,19,1420,1,2,1,1.0,3.0,28220,M,,,28
201100025196,11,9,24,1415,1,2,1,1.0,3.0,28085,M,4844667.0,148285.0,28
201100025197,11,9,28,1405,1,2,1,1.0,6.0,28085,M,4844657.0,151549.0,28
201100025198,11,10,3,1445,1,2,1,1.0,6.0,28085,M,4844315.0,148569.0,28
201100025199,11,10,12,2115,5,2,9,1.0,1.0,28085,M,0.0,149601.0,28
201100025200,11,10,3,1710,1,2,1,1.0,3.0,28085,M,4845043.0,150969.0,28
201100025201,11,10,13,750,2,2,3,2.0,7.0,28085,M,4844106.0,148939.0,28
201100025202,11,10,9,1655,1,2,2,1.0,7.0,28085,M,4845390.0,148807.0,28
201100025203,11,10,18,1350,1,2,3,1.0,3.0,28085,M,4844756.0,151544.0,28
201100025204,11,10,12,1320,1,2,3,1.0,3.0,28085,M,4843368.0,154036.0,28
201100025205,11,10,22,1110,1,2,1,1.0,7.0,28218,M,4843831.0,145484.0,28
201100025206,11,10,28,843,1,2,1,1.0,2.0,28220,M,,,28
201100025207,11,11,8,2240,5,2,1,5.0,3.0,28085,M,4844798.0,148192.0,28
201100025208,11,10,12,1320,1,2,1,1.0,3.0,28229,M,,,28
201100025209,11,11,4,730,2,2,1,1.0,6.0,28085,M,4844933.0,151538.0,28
201100025210,11,11,17,1230,1,2,1,1.0,5.0,28209,M,,,28
201100025211,11,11,19,1940,4,2,1,1.0,3.0,28085,M,,,28
201100025212,11,11,22,835,1,1,1,1.0,5.0,28220,M,,,28
201100025213,11,11,9,1410,1,2,1,1.0,6.0,28085,M,,,28
201100025214,11,11,5,1143,1,2,1,1.0,3.0,28220,M,,,28
201100025215,11,11,7,1150,1,2,1,1.0,3.0,28085,M,4844402.0,148365.0,28
201100025216,11,11,27,2118,5,2,1,5.0,3.0,28229,M,0.0,146408.0,28
201100025217,11,11,30,1646,1,2,1,1.0,3.0,28085,M,4844684.0,148298.0,28
201100025218,11,12,1,830,1,2,1,8.0,3.0,28218,M,4843562.0,144623.0,28
201100025219,11,12,2,1400,1,2,1,7.0,2.0,28218,M,,,28
201100025220,11,12,5,1000,1,2,1,1.0,2.0,28218,M,4843931.0,146066.0,28
201100025221,11,12,12,810,2,2,2,1.0,3.0,28218,M,4843361.0,146079.0,28
201100025222,11,12,15,1935,5,2,1,3.0,3.0,28110,M,,,28
201100025223,11,12,18,700,5,2,1,1.0,5.0,28209,M,,,28
201100025224,11,12,28,1714,5,2,1,1.0,3.0,28220,M,,,28
201100025225,11,12,17,1230,1,1,6,1.0,2.0,28085,M,4845115.0,151336.0,28
201100025226,11,12,29,1750,5,2,1,1.0,6.0,28229,M,,,28
201100025227,11,1,10,1145,1,1,1,1.0,6.0,42003,M,4610920.0,391534.0,42
201100025228,11,1,12,1745,5,1,1,1.0,3.0,42176,M,4604537.0,398360.0,42
201100025229,11,2,24,1930,5,2,2,2.0,3.0,42049,M,4614181.0,389167.0,42
201100025230,11,4,14,745,1,1,1,1.0,3.0,42003,M,4609947.0,391087.0,42
201100025231,11,4,17,1345,1,1,1,1.0,6.0,42231,M,4610058.0,397881.0,42
201100025232,11,4,29,1445,1,1,1,1.0,4.0,42163,M,4619373.0,384819.0,42
201100025233,11,4,29,1545,1,1,1,1.0,3.0,42257,M,4619932.0,383191.0,42
201100025234,11,4,30,2015,1,1,1,1.0,3.0,42337,M,4620446.0,394603.0,42
201100025235,11,5,6,1745,1,1,1,1.0,3.0,42198,M,4601564.0,394567.0,42
201100025236,11,7,1,1030,1,1,1,1.0,6.0,42003,M,4610039.0,385600.0,42
201100025237,11,7,31,1145,1,1,1,1.0,6.0,42317,M,4625512.0,389330.0,42
201100025238,11,8,4,1830,1,1,1,1.0,3.0,42182,M,4605147.0,395078.0,42
201100025239,11,9,9,900,1,1,1,1.0,5.0,42284,M,4609599.0,399192.0,42
201100025240,11,10,6,1845,1,1,1,1.0,5.0,42231,M,4610581.0,396838.0,42
201100025241,11,10,18,1645,1,1,1,1.0,2.0,42284,M,4606787.0,397834.0,42
201100025242,11,11,4,1330,1,2,1,8.0,6.0,42163,M,4617595.0,387129.0,42
201100025243,11,11,22,1400,1,2,2,1.0,3.0,42182,M,4605490.0,393192.0,42
201100025244,11,11,25,1645,1,2,6,1.0,3.0,42182,M,4605192.0,393106.0,42
201100025245,11,12,20,930,1,1,1,8.0,6.0,42317,M,4622311.0,388474.0,42
201100025246,11,1,5,1730,3,1,1,2.0,4.0,28404,M,,,28
201100025247,11,1,15,1930,3,1,1,1.0,1.0,28134,M,,,28
201100025248,11,2,3,1705,2,2,1,1.0,6.0,28134,M,,,28
201100025249,11,2,12,830,1,1,1,1.0,3.0,28134,M,,,28
201100025250,11,2,15,2025,5,2,1,1.0,7.0,28404,M,4873135.0,133984.0,28
201100025251,11,2,16,1850,5,2,3,1.0,3.0,28223,M,4872161.0,140140.0,28
201100025252,11,2,20,1905,5,1,1,1.0,1.0,28134,M,,,28
201100025253,11,2,21,1815,2,1,2,2.0,3.0,28223,M,,,28
201100025254,11,2,24,2035,5,2,1,1.0,6.0,28134,M,,,28
201100025255,11,2,26,1650,1,1,1,1.0,3.0,28404,M,,,28
201100025256,11,3,3,1435,1,1,1,1.0,2.0,28267,M,,,28
201100025257,11,3,15,915,1,2,3,1.0,3.0,28332,M,,,28
201100025258,11,3,21,1635,1,1,1,1.0,6.0,28134,M,,,28
201100025259,11,3,23,1205,1,2,3,1.0,6.0,28134,M,4873473.0,136765.0,28
201100025260,11,3,27,520,1,2,1,1.0,6.0,28404,M,4872040.0,136841.0,28
201100025261,11,4,20,750,1,1,1,1.0,3.0,28223,M,,,28
201100025262,11,4,28,2245,3,1,1,1.0,2.0,28134,M,,,28
201100025263,11,5,7,1550,1,1,1,1.0,5.0,28134,M,,,28
201100025264,11,6,8,2010,1,1,1,1.0,4.0,28404,M,,,28
201100025265,11,7,1,2125,1,2,1,1.0,6.0,28332,M,,,28
201100025266,11,8,2,1000,1,1,1,1.0,1.0,28404,M,,,28
201100025267,11,8,11,1900,1,1,1,1.0,4.0,28404,M,,,28
201100025268,11,8,30,2130,5,2,1,1.0,3.0,28134,M,4874412.0,135594.0,28
201100025269,11,9,7,1830,1,1,2,1.0,6.0,28134,M,4875362.0,136737.0,28
201100025270,11,9,27,1840,1,2,1,1.0,6.0,28404,M,,,28
201100025271,11,9,29,1515,1,2,1,1.0,3.0,28134,M,4872179.0,137781.0,28
201100025272,11,9,30,1120,1,2,1,1.0,6.0,28134,M,,,28
201100025273,11,10,20,730,3,1,1,1.0,4.0,28404,M,,,28
201100025274,11,10,21,1610,1,2,2,1.0,3.0,28134,M,4873693.0,137298.0,28
201100025275,11,10,30,1120,1,2,1,1.0,6.0,28134,M,4873583.0,136806.0,28
201100025276,11,11,1,2345,5,2,1,1.0,6.0,28134,M,,,28
201100025277,11,11,4,2330,3,1,1,1.0,5.0,28134,M,,,28
201100025278,11,11,19,1150,1,1,1,1.0,2.0,28404,M,,,28
201100025279,11,11,21,1625,1,2,6,1.0,6.0,28404,M,4873233.0,133346.0,28
201100025280,11,11,27,1155,1,2,9,1.0,1.0,28134,M,,,28
201100025281,11,11,29,1800,3,1,4,1.0,3.0,28223,M,,,28
201100025282,11,12,1,1900,5,2,1,1.0,6.0,28134,M,4873662.0,134750.0,28
201100025283,11,12,5,1525,1,1,1,1.0,1.0,28134,M,,,28
201100025284,11,12,9,1715,3,1,1,1.0,4.0,28404,M,,,28
201100025285,11,12,17,1810,5,2,2,2.0,6.0,28134,M,4873485.0,136854.0,28
201100025286,11,12,22,1750,5,2,3,1.0,3.0,28134,M,,,28
201100025287,11,12,29,1100,1,2,1,1.0,2.0,28134,M,,,28
201100025288,11,2,26,1045,1,1,9,1.0,2.0,71384,M,4669520.0,484325.0,71
201100025289,11,4,1,1830,2,1,1,1.0,2.0,71520,M,,,71
201100025290,11,4,15,1330,1,1,1,1.0,6.0,71202,M,,,71
201100025291,11,4,20,1945,2,1,1,1.0,6.0,71170,M,,,71
201100025292,11,4,25,1515,1,1,1,1.0,2.0,71119,M,,,71
201100025293,11,5,20,345,3,1,1,1.0,7.0,71520,M,922843.0,0.0,71
201100025294,11,6,6,1400,1,1,1,3.0,1.0,71512,M,915242.0,0.0,71
201100025295,11,6,6,1600,1,1,1,1.0,4.0,71555,M,920648.0,0.0,71
201100025296,11,7,11,1330,1,1,1,1.0,4.0,71555,M,920537.0,0.0,71
201100025297,11,9,21,2200,3,1,1,1.0,6.0,71052,M,4659580.0,489412.0,71
201100025298,11,9,24,115,3,1,1,1.0,2.0,71512,M,4660510.0,488258.0,71
201100025299,11,10,28,345,3,1,1,1.0,3.0,71512,M,0.0,0.0,71
201100025300,11,1,12,900,1,1,1,8.0,7.0,22228,M,4854940.0,-344067.0,22
201100025301,11,3,30,2200,3,1,1,2.0,1.0,22223,M,4857522.0,-322281.0,22
201100025302,11,4,23,1715,1,1,1,1.0,7.0,22187,M,4853998.0,-276332.0,22
201100025303,11,6,29,945,1,1,1,1.0,6.0,22135,M,4855800.0,-335500.0,22
201100025304,11,9,27,1900,1,1,1,1.0,6.0,22206,M,4853400.0,-297200.0,22
201100025305,11,10,28,2230,3,1,1,1.0,7.0,22004,M,4863100.0,-330200.0,22
201100025306,11,12,17,730,3,1,1,8.0,7.0,22251,M,4854502.0,-281086.0,22
201100025307,11,12,19,830,2,1,1,1.0,7.0,22372,M,4853500.0,-285700.0,22
201100025308,11,3,12,1930,2,1,1,2.0,6.0,22389,M,4848300.0,-262700.0,22
201100025309,11,3,20,1845,1,1,9,1.0,3.0,22142,M,4845683.0,-251262.0,22
201100025310,11,6,16,1145,1,1,1,1.0,7.0,22193,M,4843680.0,-247192.0,22
201100025311,11,8,18,1515,1,1,1,1.0,3.0,22044,M,4847696.0,-260427.0,22
201100025312,11,8,24,1500,1,1,1,1.0,2.0,22389,M,4848077.0,-264809.0,22
201100025313,11,9,14,1900,1,1,1,1.0,7.0,22339,M,4846729.0,-206208.0,22
201100025314,11,9,19,1645,1,1,1,1.0,7.0,22142,M,4847555.0,-257843.0,22
201100025315,11,10,15,1130,1,1,1,1.0,7.0,22337,M,4835429.0,-230807.0,22
201100025316,11,10,21,1730,1,1,1,1.0,3.0,22341,M,4840500.0,-241191.0,22
201100025317,11,10,23,1700,1,1,1,1.0,7.0,22369,M,4834564.0,-228884.0,22
201100025318,11,11,17,1515,1,1,1,1.0,2.0,22093,M,4845425.0,-249132.0,22
201100025319,11,12,28,2030,3,1,1,2.0,3.0,22259,M,0.0,0.0,22
201100025320,11,1,31,1100,1,1,1,1.0,6.0,29266,M,0.0,0.0,29
201100025321,11,2,18,2145,3,1,1,2.0,6.0,29010,M,4850956.0,-410151.0,29
201100025322,11,2,18,2230,3,1,1,3.0,2.0,29010,M,0.0,0.0,29
201100025323,11,6,18,445,3,1,1,3.0,6.0,29245,M,4845406.0,-433515.0,29
201100025324,11,10,12,545,3,1,1,2.0,2.0,29181,M,4848829.0,-426170.0,29
201100025325,11,11,4,2230,3,1,1,1.0,7.0,29075,M,4844570.0,-439664.0,29
201100025326,11,1,5,830,2,1,1,3.0,4.0,29078,M,4831600.0,-420300.0,29
201100025327,11,4,4,1800,1,1,1,1.0,7.0,29043,M,4836821.0,-425957.0,29
201100025328,11,11,28,1745,2,1,1,9.0,5.0,29020,M,4808564.0,-404169.0,29
201100025329,11,6,18,215,3,1,1,9.0,6.0,35363,M,4802300.0,-169200.0,35
201100025330,11,7,13,1500,1,1,1,1.0,3.0,35012,M,0.0,0.0,35
201100025331,11,11,14,1415,1,1,1,1.0,2.0,35363,M,4802300.0,-169000.0,35
201100025332,11,1,1,500,3,1,1,4.0,5.0,35063,M,0.0,0.0,35
201100025333,11,5,30,1430,1,1,1,1.0,6.0,35191,M,0.0,0.0,35
201100025334,11,9,2,1930,1,1,1,1.0,2.0,35310,M,0.0,0.0,35
201100025335,11,2,2,1900,3,1,1,1.0,1.0,01360,M,0.0,0.0,01
201100025336,11,2,18,1700,1,1,1,1.0,6.0,01109,M,0.0,0.0,01
201100025337,11,5,22,1430,1,1,1,1.0,3.0,01360,M,0.0,0.0,01
201100025338,11,6,6,1000,1,1,1,1.0,3.0,01419,M,0.0,0.0,01
201100025339,11,8,25,1800,1,1,1,1.0,1.0,01109,M,0.0,0.0,01
201100025340,11,10,6,1615,1,1,1,2.0,7.0,01308,M,0.0,0.0,01
201100025341,11,11,2,730,1,1,1,2.0,3.0,01209,M,0.0,0.0,01
201100025342,11,1,5,1315,1,1,1,8.0,7.0,54138,M,4950770.0,570547.0,54
201100025343,11,3,6,1600,1,1,1,1.0,2.0,54428,M,4942918.0,568750.0,54
201100025344,11,3,12,1945,3,1,1,1.0,1.0,54322,M,4946874.0,559593.0,54
201100025345,11,3,29,1400,1,1,1,1.0,6.0,54067,M,4944500.0,569800.0,54
201100025346,11,4,5,1345,1,2,1,1.0,6.0,54322,M,4944465.0,560044.0,54
201100025347,11,4,30,2030,3,1,1,2.0,1.0,54067,M,4943793.0,564238.0,54
201100025348,11,5,28,1145,1,2,1,1.0,6.0,54322,M,4945100.0,560000.0,54
201100025349,11,6,24,1500,1,2,1,1.0,2.0,54151,M,4948700.0,574400.0,54
201100025350,11,6,30,1300,1,1,3,1.0,3.0,54314,M,4949559.0,571311.0,54
201100025351,11,9,4,1745,1,1,1,1.0,7.0,54067,M,4944200.0,569700.0,54
201100025352,11,9,10,1015,1,1,1,1.0,2.0,54428,M,4942800.0,570200.0,54
201100025353,11,9,25,415,3,1,1,1.0,6.0,54236,M,0.0,0.0,54
201100025354,11,9,27,1830,1,1,1,1.0,3.0,54590,M,4948502.0,560778.0,54
201100025355,11,9,28,1030,1,2,1,1.0,6.0,54138,M,4953100.0,572900.0,54
201100025356,11,10,1,2145,3,1,1,1.0,1.0,54234,M,0.0,0.0,54
201100025357,11,10,4,945,1,2,1,1.0,6.0,54151,M,4948700.0,574400.0,54
201100025358,11,10,22,1930,3,1,1,1.0,3.0,54590,M,4949400.0,561300.0,54
201100025359,11,10,31,1500,1,1,1,1.0,3.0,54322,M,4944200.0,562300.0,54
201100025360,11,11,2,1830,1,1,1,1.0,5.0,54322,M,0.0,0.0,54
201100025361,11,11,12,1515,1,2,1,1.0,6.0,54385,M,4945000.0,580900.0,54
201100025362,11,11,19,1415,1,1,1,1.0,3.0,54514,M,4951300.0,563000.0,54
201100025363,11,12,4,2115,3,1,1,3.0,6.0,54322,M,0.0,0.0,54
201100025364,11,2,21,1500,1,1,1,1.0,3.0,83048,M,4320700.0,655800.0,83
201100025365,11,3,14,1130,1,1,1,1.0,3.0,83048,M,4334200.0,693900.0,83
201100025366,11,4,26,1630,1,1,1,1.0,1.0,83152,M,4326300.0,678600.0,83
201100025367,11,5,11,700,1,2,1,1.0,7.0,83048,M,4334200.0,697300.0,83
201100025368,11,6,9,1730,1,1,1,1.0,5.0,83036,M,4327500.0,685700.0,83
201100025369,11,7,5,845,1,2,1,1.0,6.0,83036,M,4316900.0,653400.0,83
201100025370,11,7,8,830,1,1,1,1.0,1.0,83048,M,4333900.0,693900.0,83
201100025371,11,7,9,1930,1,2,1,1.0,2.0,83048,M,4335400.0,694700.0,83
201100025372,11,7,14,1930,1,1,1,7.0,3.0,83048,M,4332800.0,691800.0,83
201100025373,11,8,10,1015,1,2,1,1.0,1.0,83048,M,4334300.0,693700.0,83
201100025374,11,8,13,930,1,1,1,1.0,1.0,83048,M,4332300.0,693400.0,83
201100025375,11,8,16,1730,1,2,1,1.0,6.0,83036,M,4330100.0,689200.0,83
201100025376,11,9,4,1200,1,2,1,1.0,3.0,83036,M,4328200.0,687200.0,83
201100025377,11,10,13,1730,1,1,1,1.0,2.0,83036,M,0.0,0.0,83
201100025378,11,8,20,600,3,1,1,1.0,2.0,86083,M,0.0,0.0,86
201100025379,11,11,15,1500,1,1,1,1.0,6.0,86123,M,0.0,0.0,86
201100025380,11,11,26,930,1,1,1,5.0,4.0,86213,M,0.0,0.0,86