Num_Acc,an,mois,jour,hrmn,lum,agg,int,atm,col,com,gps,lat,long,dep
201100025381,11,5,12,1710,1,1,1,1.0,7.0,21087,M,4710520.0,471467.0,21
201100025382,11,6,4,1900,1,1,1,2.0,6.0,21529,M,4741830.0,433076.0,21
201100025383,11,6,15,145,3,1,1,1.0,2.0,21642,M,4748920.0,414072.0,21
201100025384,11,6,15,235,3,1,1,1.0,6.0,21463,M,4736080.0,442382.0,21
201100025385,11,7,27,1430,1,1,1,1.0,6.0,21087,M,4713100.0,470000.0,21
201100025386,11,8,9,1815,1,1,9,1.0,6.0,21272,M,4742980.0,431499.0,21
201100025387,11,8,21,400,5,1,1,1.0,3.0,21676,M,4745500.0,428800.0,21
201100025388,11,9,3,1820,1,1,1,1.0,6.0,21087,M,4710230.0,471747.0,21
201100025389,11,9,5,2315,3,1,1,1.0,6.0,21030,M,4710230.0,473581.0,21
201100025390,11,9,25,715,2,1,1,1.0,2.0,21298,M,4732550.0,448636.0,21
201100025391,11,10,2,1500,1,1,1,1.0,6.0,21030,M,4710210.0,473191.0,21
201100025392,11,10,6,1200,1,1,1,1.0,7.0,21634,M,4715980.0,469759.0,21
201100025393,11,10,9,1345,1,1,1,2.0,6.0,21128,M,4727540.0,451132.0,21
201100025394,11,10,22,1815,1,1,1,1.0,6.0,21214,M,4717360.0,469010.0,21
201100025395,11,11,23,1400,1,1,1,1.0,6.0,21449,M,4740040.0,435285.0,21
201100025396,11,1,3,1845,5,2,1,2.0,6.0,29019,M,4839624.0,-448870.0,29
201100025397,11,1,4,1120,1,2,1,1.0,6.0,29019,M,4839740.0,-448286.0,29
201100025398,11,1,7,1735,2,2,3,1.0,3.0,29019,M,4838380.0,-453993.0,29
201100025399,11,1,9,1832,1,2,1,1.0,6.0,29019,M,4840054.0,-449989.0,29
201100025400,11,1,14,1205,1,2,2,1.0,3.0,29019,M,4842528.0,-447735.0,29
201100025401,11,1,18,1608,2,2,2,1.0,3.0,29019,M,4841606.0,-447073.0,29
201100025402,11,1,21,700,3,2,2,1.0,6.0,29019,M,4838282.0,-450704.0,29
201100025403,11,1,21,1645,1,2,1,1.0,6.0,29019,M,4840638.0,-448483.0,29
201100025404,11,1,24,1630,1,2,6,7.0,3.0,29019,M,4842097.0,-448674.0,29
201100025405,11,1,26,750,5,2,1,2.0,2.0,29019,M,4841609.0,-447041.0,29
201100025406,11,2,4,1845,5,2,3,1.0,1.0,29019,M,4840680.0,-449547.0,29
201100025407,11,2,5,1920,5,2,3,1.0,3.0,29019,M,4838268.0,-452752.0,29
201100025408,11,2,9,1920,5,2,1,2.0,6.0,29019,M,4840144.0,-446898.0,29
201100025409,11,2,11,740,5,2,1,2.0,6.0,29019,M,4839245.0,-450172.0,29
201100025410,11,2,14,1415,1,2,6,3.0,3.0,29019,M,4840479.0,-447866.0,29
201100025411,11,2,14,2210,5,2,4,1.0,3.0,29019,M,4843047.0,-450151.0,29
201100025412,11,2,18,1725,2,2,1,1.0,6.0,29019,M,4838408.0,-450322.0,29
201100025413,11,2,18,1855,4,2,1,1.0,2.0,29019,M,4839740.0,-448286.0,29
201100025414,11,2,19,2340,5,2,1,1.0,6.0,29019,M,4839479.0,-443398.0,29
201100025415,11,2,21,735,2,2,1,1.0,3.0,29019,M,4838042.0,-453273.0,29
201100025416,11,2,21,1620,1,2,2,2.0,3.0,29019,M,4839924.0,-447905.0,29
201100025417,11,2,23,1800,2,2,2,1.0,3.0,29019,M,4840112.0,-451012.0,29
201100025418,11,2,24,1240,1,2,1,1.0,6.0,29019,M,4839979.0,-446995.0,29
201100025419,11,3,3,900,1,2,9,7.0,6.0,29019,M,4840561.0,-451075.0,29
201100025420,11,3,3,900,1,2,2,1.0,2.0,29019,M,4840479.0,-447866.0,29
201100025421,11,3,3,1640,1,2,4,1.0,6.0,29019,M,4838061.0,-453227.0,29
201100025422,11,3,8,1415,1,2,1,1.0,6.0,29019,M,4838732.0,-449131.0,29
201100025423,11,3,12,2330,4,2,1,9.0,2.0,29019,M,4840390.0,-448007.0,29
201100025424,11,3,14,2050,5,2,1,1.0,6.0,29019,M,4839908.0,-447111.0,29
201100025425,11,3,15,920,1,2,1,2.0,4.0,29019,M,4840443.0,-447929.0,29
201100025426,11,3,17,1050,1,2,1,1.0,3.0,29019,M,4841581.0,-447314.0,29
201100025427,11,3,18,1600,1,2,2,1.0,3.0,29019,M,4841456.0,-449201.0,29
201100025428,11,3,22,735,2,2,3,9.0,3.0,29019,M,4840726.0,-451876.0,29
201100025429,11,3,22,1635,1,2,2,1.0,6.0,29019,M,4838221.0,-452031.0,29
201100025430,11,3,25,1550,1,2,6,1.0,6.0,29019,M,4838241.0,-452746.0,29
201100025431,11,3,30,745,1,2,6,1.0,3.0,29019,M,4840651.0,-452034.0,29
201100025432,11,3,30,1005,1,1,3,9.0,2.0,29019,M,4842597.0,-446960.0,29
201100025433,11,4,1,1205,1,2,1,1.0,6.0,29019,M,4840244.0,-450181.0,29
201100025434,11,4,2,1340,1,2,1,1.0,6.0,29019,M,4839716.0,-448893.0,29
201100025435,11,4,2,1420,1,2,1,1.0,6.0,29019,M,4839237.0,-453843.0,29
201100025436,11,4,4,1605,1,2,3,1.0,3.0,29019,M,4840218.0,-446004.0,29
201100025437,11,4,4,1930,1,2,6,1.0,6.0,29019,M,4839068.0,-450656.0,29
201100025438,11,4,8,745,1,2,1,1.0,6.0,29019,M,4840147.0,-446698.0,29
201100025439,11,4,9,1330,1,2,2,1.0,3.0,29019,M,4839839.0,-445938.0,29
201100025440,11,4,10,320,5,2,3,1.0,6.0,29019,M,4842043.0,-448695.0,29
201100025441,11,4,11,1620,1,2,1,1.0,3.0,29019,M,4837688.0,-453517.0,29
201100025442,11,4,12,1730,1,2,2,1.0,3.0,29019,M,4842185.0,-446351.0,29
201100025443,11,4,13,1710,1,2,6,1.0,3.0,29019,M,4840322.0,-450419.0,29
201100025444,11,4,17,1750,1,1,3,1.0,2.0,29019,M,4840462.0,-450947.0,29
201100025445,11,4,18,930,1,2,3,1.0,6.0,29019,M,4838123.0,-453021.0,29
201100025446,11,4,18,1915,1,2,1,1.0,2.0,29019,M,4841505.0,-447949.0,29
201100025447,11,4,20,1205,1,2,2,1.0,6.0,29019,M,4838636.0,-449150.0,29
201100025448,11,4,21,1910,1,2,3,1.0,6.0,29019,M,4841371.0,-449138.0,29
201100025449,11,4,22,1935,1,2,1,1.0,2.0,29019,M,4838320.0,-453596.0,29
201100025450,11,4,23,945,1,2,1,1.0,2.0,29019,M,4841554.0,-447534.0,29
201100025451,11,4,23,1325,1,2,3,1.0,3.0,29019,M,4839371.0,-449536.0,29
201100025452,11,4,27,1210,1,2,1,1.0,3.0,29019,M,4840247.0,-446671.0,29
201100025453,11,4,30,1920,1,2,2,2.0,3.0,29019,M,4837948.0,-454130.0,29
201100025454,11,5,3,2300,5,2,1,1.0,2.0,29019,M,4798942.0,-406340.0,29
201100025455,11,5,7,2345,5,2,2,1.0,3.0,29019,M,4838959.0,-450854.0,29
201100025456,11,5,17,845,1,2,6,1.0,3.0,29019,M,4838434.0,-452784.0,29
201100025457,11,5,19,1140,1,2,1,1.0,2.0,29019,M,4841579.0,-449215.0,29
201100025458,11,5,24,835,1,2,3,1.0,3.0,29019,M,4838628.0,-453326.0,29
201100025459,11,5,25,1155,2,2,1,1.0,6.0,29019,M,4837880.0,-453141.0,29
201100025460,11,5,25,1140,1,2,6,1.0,2.0,29019,M,4840001.0,-449765.0,29
201100025461,11,5,30,1155,1,2,1,1.0,2.0,29019,M,4839535.0,-448846.0,29
201100025462,11,5,30,1305,1,2,2,2.0,3.0,29019,M,4842022.0,-448704.0,29
201100025463,11,5,30,1730,1,2,1,1.0,6.0,29019,M,4838336.0,-453800.0,29
201100025464,11,6,4,1900,1,2,3,1.0,3.0,29019,M,4839927.0,-444264.0,29
201100025465,11,6,8,1345,1,2,2,1.0,3.0,29019,M,4841042.0,-445662.0,29
201100025466,11,6,11,1110,1,2,2,1.0,3.0,29019,M,4838160.0,-451720.0,29
201100025467,11,6,11,1855,1,2,2,1.0,5.0,29019,M,4839807.0,-447234.0,29
201100025468,11,6,16,1310,1,2,2,1.0,6.0,29019,M,4837237.0,-453880.0,29
201100025469,11,6,17,1640,1,2,1,1.0,5.0,29019,M,4840567.0,-448471.0,29
201100025470,11,6,20,1020,1,2,3,2.0,6.0,29019,M,4839268.0,-448450.0,29
201100025471,11,6,21,1345,1,2,1,1.0,6.0,29019,M,4839064.0,-448916.0,29
201100025472,11,6,29,1100,1,2,2,1.0,6.0,29019,M,4841534.0,-449208.0,29
201100025473,11,6,29,1530,1,2,1,1.0,6.0,29019,M,4841313.0,-448922.0,29
201100025474,11,6,29,1800,1,2,2,1.0,3.0,29019,M,4841501.0,-446300.0,29
201100025475,11,6,29,2115,1,2,1,1.0,4.0,29019,M,4839249.0,-449047.0,29
201100025476,11,7,2,1440,1,2,1,1.0,3.0,29019,M,4841560.0,-447455.0,29
201100025477,11,7,3,630,2,2,1,9.0,6.0,29019,M,4841614.0,-446079.0,29
201100025478,11,7,7,1605,1,2,9,1.0,6.0,29019,M,4838657.0,-447096.0,29
201100025479,11,7,7,1630,1,2,2,2.0,6.0,29019,M,4840827.0,-449610.0,29
201100025480,11,7,12,1705,1,2,1,1.0,3.0,29019,M,4842240.0,-446359.0,29
201100025481,11,7,13,1815,1,2,1,1.0,1.0,29019,M,4840860.0,-451594.0,29
201100025482,11,7,16,1730,1,2,2,1.0,1.0,29019,M,4840504.0,-446335.0,29
201100025483,11,7,22,1,5,2,1,1.0,6.0,29019,M,4838617.0,-448241.0,29
201100025484,11,7,20,2335,5,2,1,2.0,6.0,29019,M,4839287.0,-449120.0,29
201100025485,11,7,22,2015,1,2,1,1.0,3.0,29019,M,4840286.0,-446811.0,29
201100025486,11,7,25,1020,1,2,1,1.0,2.0,29019,M,4839144.0,-448032.0,29
201100025487,11,7,26,1145,1,2,3,1.0,3.0,29019,M,4838383.0,-452975.0,29
201100025488,11,7,28,2305,5,2,1,1.0,3.0,29019,M,4840644.0,-450676.0,29
201100025489,11,7,29,735,1,2,1,1.0,3.0,29019,M,4838699.0,-450315.0,29
201100025490,11,7,30,2130,1,1,1,1.0,6.0,29019,M,4838052.0,-451340.0,29
201100025491,11,7,31,1040,1,2,6,1.0,3.0,29019,M,4837468.0,-455751.0,29
201100025492,11,8,3,1430,1,2,3,1.0,3.0,29019,M,4839924.0,-447905.0,29
201100025493,11,8,4,1830,1,2,2,1.0,2.0,29019,M,4838518.0,-447759.0,29
201100025494,11,8,10,850,1,2,1,1.0,2.0,29019,M,4839277.0,-449099.0,29
201100025495,11,8,10,1400,1,2,1,2.0,2.0,29019,M,4840567.0,-448471.0,29
201100025496,11,8,12,1210,1,2,3,1.0,3.0,29019,M,4842092.0,-445780.0,29
201100025497,11,8,15,1845,1,2,2,1.0,3.0,29019,M,4838239.0,-451394.0,29
201100025498,11,8,16,1215,1,2,2,1.0,2.0,29019,M,4840479.0,-447866.0,29
201100025499,11,8,16,2020,1,2,1,1.0,2.0,29019,M,4839371.0,-449536.0,29
201100025500,11,8,17,1845,1,2,2,1.0,6.0,29019,M,4839090.0,-448652.0,29
201100025501,11,8,11,1715,1,2,1,1.0,7.0,29019,M,4838934.0,-450965.0,29
201100025502,11,8,19,900,1,2,6,1.0,3.0,29019,M,4842763.0,-447337.0,29
201100025503,11,8,21,1850,1,2,2,1.0,6.0,29019,M,4841315.0,-448854.0,29
201100025504,11,8,22,2030,1,2,2,1.0,3.0,29019,M,4840594.0,-447063.0,29
201100025505,11,8,25,1215,1,2,1,1.0,6.0,29019,M,4838141.0,-452726.0,29
201100025506,11,8,29,1625,1,2,6,1.0,6.0,29019,M,4838617.0,-448241.0,29
201100025507,11,8,31,1415,1,2,1,1.0,2.0,29019,M,4839285.0,-449962.0,29
201100025508,11,8,31,1810,1,2,1,1.0,1.0,29019,M,4844912.0,-451175.0,29
201100025509,11,9,1,1510,1,2,2,1.0,6.0,29019,M,4838253.0,-450861.0,29
201100025510,11,9,2,2225,5,2,1,1.0,6.0,29019,M,4841443.0,-449191.0,29
201100025511,11,9,5,850,1,2,1,1.0,2.0,29019,M,4840122.0,-450104.0,29
201100025512,11,9,2,1000,1,2,1,1.0,6.0,29019,M,4838911.0,-448412.0,29
201100025513,11,9,7,1630,1,2,3,1.0,3.0,29019,M,4838911.0,-448412.0,29
201100025514,11,9,8,1715,1,2,2,2.0,6.0,29019,M,4838980.0,-448537.0,29
201100025515,11,9,12,1725,1,2,2,1.0,3.0,29019,M,4840315.0,-448107.0,29
201100025516,11,9,13,1215,1,2,3,1.0,3.0,29019,M,4840683.0,-448490.0,29
201100025517,11,9,13,1650,1,2,2,1.0,6.0,29019,M,4838934.0,-450965.0,29
201100025518,11,9,16,1145,1,2,2,1.0,6.0,29019,M,4841315.0,-448854.0,29
201100025519,11,9,16,1355,1,2,1,1.0,2.0,29019,M,4838911.0,-448412.0,29
201100025520,11,9,16,1830,1,2,3,1.0,3.0,29019,M,4839030.0,-451489.0,29
201100025521,11,9,18,250,5,2,1,1.0,6.0,29019,M,4840726.0,-451876.0,29
201100025522,11,9,21,745,2,2,2,2.0,3.0,29019,M,4841321.0,-448716.0,29
201100025523,11,9,23,1345,1,2,2,1.0,2.0,29019,M,4841321.0,-448716.0,29
201100025524,11,9,26,804,5,2,1,3.0,6.0,29019,M,4839807.0,-447231.0,29
201100025525,11,9,26,2020,2,2,1,2.0,3.0,29019,M,4839716.0,-448893.0,29
201100025526,11,9,30,1440,1,2,1,1.0,6.0,29019,M,4842879.0,-447683.0,29
201100025527,11,9,30,1540,1,2,1,1.0,6.0,29019,M,4840758.0,-448888.0,29
201100025528,11,10,3,1310,1,2,1,1.0,6.0,29019,M,4839668.0,-448581.0,29
201100025529,11,10,4,2115,5,2,2,2.0,2.0,29019,M,4840426.0,-447591.0,29
201100025530,11,10,6,1915,1,1,3,1.0,3.0,29019,M,4839594.0,-447599.0,29
201100025531,11,10,13,745,2,2,3,1.0,6.0,29019,M,4839432.0,-449575.0,29
201100025532,11,10,18,900,1,2,3,2.0,6.0,29019,M,4840138.0,-446014.0,29
201100025533,11,10,20,740,3,2,1,2.0,6.0,29019,M,4838815.0,-448313.0,29
201100025534,11,10,23,245,5,2,1,1.0,6.0,29019,M,4839068.0,-450656.0,29
201100025535,11,10,24,815,3,2,1,3.0,6.0,29019,M,4841232.0,-445830.0,29
201100025536,11,10,25,1615,1,2,3,1.0,6.0,29019,M,4840057.0,-447017.0,29
201100025537,11,10,26,2130,5,2,3,2.0,3.0,29019,M,4842137.0,-448659.0,29
201100025538,11,10,27,1715,1,2,1,1.0,5.0,29019,M,4839594.0,-447599.0,29
201100025539,11,10,29,2105,5,2,1,2.0,6.0,29019,M,4839209.0,-448475.0,29
201100025540,11,10,30,250,4,2,1,2.0,2.0,29019,M,4839264.0,-450059.0,29
201100025541,11,11,5,1935,5,2,1,1.0,6.0,29019,M,4838320.0,-453596.0,29
201100025542,11,11,9,1815,5,2,1,1.0,3.0,29019,M,4842741.0,-446477.0,29
201100025543,11,11,10,900,1,2,3,1.0,6.0,29019,M,4837966.0,-451947.0,29
201100025544,11,11,10,2235,5,2,1,1.0,6.0,29019,M,4839134.0,-450643.0,29
201100025545,11,11,13,1905,5,2,1,1.0,6.0,29019,M,4839985.0,-449716.0,29
201100025546,11,11,18,640,5,2,1,1.0,6.0,29019,M,4840983.0,-445606.0,29
201100025547,11,11,18,950,1,2,1,1.0,6.0,29019,M,4838917.0,-452799.0,29
201100025548,11,11,19,1930,2,2,1,1.0,6.0,29019,M,4837865.0,-450776.0,29
201100025549,11,11,19,1950,3,2,1,1.0,6.0,29019,M,4839018.0,-448427.0,29
201100025550,11,11,21,1010,1,2,2,8.0,6.0,29019,M,4841323.0,-448630.0,29
201100025551,11,11,23,805,2,2,1,1.0,6.0,29019,M,4839979.0,-449699.0,29
201100025552,11,11,26,1535,1,2,3,1.0,6.0,29019,M,4838328.0,-449777.0,29
201100025553,11,11,30,1935,4,2,1,2.0,3.0,29019,M,4839914.0,-446654.0,29
201100025554,11,12,1,555,5,2,1,6.0,6.0,29019,M,4839515.0,-446220.0,29
201100025555,11,12,2,845,1,2,1,1.0,6.0,29019,M,4837978.0,-453452.0,29
201100025556,11,12,3,1905,5,2,1,2.0,6.0,29019,M,4839593.0,-449121.0,29
201100025557,11,12,5,1705,1,2,2,2.0,6.0,29019,M,4838924.0,-448890.0,29
201100025558,11,12,7,1210,1,2,1,2.0,6.0,29019,M,4840730.0,-449091.0,29
201100025559,11,12,9,1700,2,2,1,1.0,6.0,29019,M,4838991.0,-448563.0,29
201100025560,11,12,12,1850,5,2,1,3.0,2.0,29019,M,4840453.0,-449645.0,29
201100025561,11,12,14,955,1,2,1,1.0,2.0,29019,M,4842430.0,-447726.0,29
201100025562,11,12,19,920,1,1,1,2.0,7.0,29019,M,4843399.0,-443966.0,29
201100025563,11,12,19,1450,1,2,1,2.0,3.0,29019,M,4841047.0,-446107.0,29
201100025564,11,12,21,1725,1,2,1,1.0,6.0,29019,M,4839172.0,-448442.0,29
201100025565,11,12,27,1345,1,2,1,1.0,4.0,29019,M,4838977.0,-447383.0,29
201100025566,11,12,28,1920,5,2,1,1.0,2.0,29019,M,4840754.0,-445956.0,29
201100025567,11,12,29,935,1,2,1,1.0,6.0,29019,M,4840630.0,-449649.0,29
201100025568,11,12,29,1130,1,2,1,8.0,6.0,29019,M,4843363.0,-449026.0,29
201100025569,11,12,30,1000,1,2,3,2.0,3.0,29019,M,4843489.0,-450155.0,29
201100025570,11,3,5,1745,1,1,1,1.0,2.0,40103,M,0.0,0.0,40
201100025571,11,5,26,1745,1,1,1,1.0,7.0,40185,M,0.0,0.0,40
201100025572,11,7,2,1910,1,1,1,1.0,7.0,40245,M,0.0,0.0,40
201100025573,11,1,12,150,3,1,1,3.0,6.0,29039,M,4791543.0,-394520.0,29
201100025574,11,1,30,1900,3,1,1,1.0,7.0,29039,M,4787830.0,-387761.0,29
201100025575,11,1,31,910,1,1,1,1.0,7.0,29039,M,4789696.0,-394323.0,29
201100025576,11,2,9,2300,5,1,9,2.0,6.0,29039,M,4791788.0,-393338.0,29
201100025577,11,2,13,550,3,1,1,3.0,7.0,29039,M,4792618.0,-389476.0,29
201100025578,11,3,8,920,1,2,1,1.0,6.0,29039,M,4787559.0,-388905.0,29
201100025579,11,6,5,155,3,2,1,1.0,6.0,29039,M,4787794.0,-393020.0,29
201100025580,11,3,18,1755,1,1,1,1.0,3.0,29039,M,,,29
201100025581,11,4,2,1950,1,2,1,1.0,3.0,29039,M,4786933.0,-388452.0,29
201100025582,11,4,10,515,3,1,1,1.0,7.0,29039,M,4791017.0,-391593.0,29
201100025583,11,4,10,1715,1,2,1,1.0,2.0,29039,M,4788207.0,-393306.0,29
201100025584,11,4,27,1845,1,1,6,1.0,2.0,29039,M,4789879.0,-391184.0,29
201100025585,11,5,1,1640,1,2,1,1.0,1.0,29039,M,4789033.0,-391537.0,29
201100025586,11,5,13,2027,1,1,1,1.0,7.0,29039,M,4791750.0,-393152.0,29
201100025587,11,5,14,1040,1,2,6,1.0,6.0,29039,M,4788304.0,-391939.0,29
201100025588,11,5,30,1230,1,2,1,1.0,3.0,29039,M,4787535.0,-392338.0,29
201100025589,11,5,31,1010,1,2,1,1.0,6.0,29039,M,4787597.0,-391387.0,29
201100025590,11,6,15,1425,1,1,1,1.0,7.0,29039,M,4790049.0,-394359.0,29
201100025591,11,6,20,1855,1,1,1,2.0,2.0,29039,M,4787569.0,-389872.0,29
201100025592,11,7,2,2210,2,2,1,1.0,6.0,29039,M,4787100.0,-392834.0,29
201100025593,11,7,1,1823,1,1,1,1.0,7.0,29039,M,4792123.0,-389690.0,29
201100025594,11,7,5,900,1,1,1,3.0,7.0,29039,M,4793274.0,-390618.0,29
201100025595,11,7,7,1855,1,1,1,1.0,3.0,29039,M,4792202.0,-390007.0,29
201100025596,11,7,10,425,5,2,1,1.0,6.0,29039,M,4787404.0,-392143.0,29
201100025597,11,7,11,1405,1,2,1,1.0,3.0,29039,M,4788808.0,-390833.0,29
201100025598,11,7,14,50,5,2,3,1.0,6.0,29039,M,4787179.0,-391839.0,29
201100025599,11,7,16,1045,1,2,6,2.0,3.0,29039,M,4787707.0,-391170.0,29
201100025600,11,7,18,1510,1,1,6,8.0,6.0,29039,M,4791927.0,-391532.0,29
201100025601,11,7,18,2035,1,2,1,2.0,7.0,29039,M,4787392.0,-391836.0,29
201100025602,11,7,25,1700,1,1,1,1.0,2.0,29039,M,4789415.0,-392217.0,29
201100025603,11,7,28,2035,1,2,3,1.0,3.0,29039,M,4789345.0,-390441.0,29
201100025604,11,8,1,1140,1,2,1,8.0,6.0,29039,M,4788170.0,-391945.0,29
201100025605,11,8,5,1420,1,1,3,1.0,3.0,29039,M,4791280.0,-394632.0,29
201100025606,11,8,18,550,3,2,1,1.0,6.0,29039,M,4788304.0,-391939.0,29
201100025607,11,8,20,1400,1,1,9,1.0,2.0,29039,M,4786913.0,-389520.0,29
201100025608,11,8,21,1135,1,1,6,1.0,3.0,29039,M,4788795.0,-391476.0,29
201100025609,11,8,29,1530,1,2,1,1.0,6.0,29039,M,4787597.0,-391387.0,29
201100025610,11,9,5,730,2,1,1,8.0,7.0,29039,M,4791129.0,-386691.0,29
201100025611,11,9,9,1100,1,1,1,2.0,7.0,29039,M,4790081.0,-394364.0,29
201100025612,11,9,9,1333,1,2,6,1.0,7.0,29039,M,4789430.0,-391429.0,29
201100025613,11,9,13,1435,1,2,3,1.0,2.0,29039,M,4786977.0,-392049.0,29
201100025614,11,9,14,1010,1,1,1,1.0,6.0,29039,M,4790158.0,-394384.0,29
201100025615,11,10,2,1823,1,2,1,1.0,2.0,29039,M,4787100.0,-392834.0,29
201100025616,11,10,5,1725,1,2,3,1.0,6.0,29039,M,4787832.0,-391633.0,29
201100025617,11,10,7,1945,5,2,6,1.0,3.0,29039,M,4788781.0,-392690.0,29
201100025618,11,10,12,800,3,1,1,2.0,7.0,29039,M,4789995.0,-394355.0,29
201100025619,11,10,17,1620,1,2,2,1.0,7.0,29039,M,4787308.0,-392025.0,29
201100025620,11,10,29,750,3,1,1,1.0,7.0,29039,M,4791416.0,-387159.0,29
201100025621,11,11,9,1210,1,2,1,1.0,1.0,29039,M,4786134.0,-388545.0,29
201100025622,11,11,27,1025,1,2,1,2.0,1.0,29039,M,4789065.0,-389640.0,29
201100025623,11,11,30,2320,3,1,9,3.0,7.0,29039,M,4787834.0,-390215.0,29
201100025624,11,12,2,1010,1,2,1,7.0,7.0,29039,M,4787931.0,-391114.0,29
201100025625,11,12,19,1400,1,1,1,2.0,7.0,29039,M,4792948.0,-389691.0,29
201100025626,11,12,24,1545,1,2,1,8.0,6.0,29039,M,4787164.0,-391719.0,29
201100025627,11,12,27,1244,1,2,1,1.0,7.0,29039,M,4787308.0,-392025.0,29
201100025628,11,12,29,1130,1,1,2,8.0,1.0,29039,M,4787392.0,-389967.0,29
201100025629,11,1,6,825,3,2,1,2.0,6.0,29151,M,4857578.0,-381805.0,29
201100025630,11,1,9,2240,5,2,1,1.0,6.0,29151,M,4858457.0,-383625.0,29
201100025631,11,2,28,1900,5,2,1,2.0,1.0,29151,M,4857694.0,-381970.0,29
201100025632,11,3,6,415,5,2,6,1.0,6.0,29254,M,4857386.0,-385046.0,29
201100025633,11,3,15,1800,1,1,1,1.0,1.0,29254,M,4857076.0,-385640.0,29
201100025634,11,3,18,1515,1,2,1,2.0,1.0,29151,M,4857659.0,-382822.0,29
201100025635,11,3,22,1900,1,2,1,1.0,7.0,29151,M,4858400.0,-383470.0,29
201100025636,11,4,1,1835,1,2,1,1.0,6.0,29151,M,4858799.0,-381921.0,29
201100025637,11,4,14,1715,1,2,1,1.0,6.0,29151,M,4858928.0,-382879.0,29
201100025638,11,4,17,2300,5,2,1,1.0,6.0,29151,M,4858181.0,-382759.0,29
201100025639,11,4,26,1420,1,2,1,1.0,3.0,29254,M,4857555.0,-384819.0,29
201100025640,11,5,2,1800,1,2,1,1.0,3.0,29254,M,4857606.0,-384013.0,29
201100025641,11,5,7,1530,1,2,1,1.0,3.0,29254,M,4856934.0,-385316.0,29
201100025642,11,5,16,1540,1,1,1,1.0,6.0,29151,M,,,29
201100025643,11,6,16,1435,1,1,1,1.0,3.0,29151,M,4859205.0,-381733.0,29
201100025644,11,7,6,1445,1,2,1,1.0,3.0,29151,M,4858151.0,-382411.0,29
201100025645,11,7,15,1430,1,2,1,8.0,6.0,29254,M,4857673.0,-383274.0,29
201100025646,11,7,23,1000,1,2,1,1.0,6.0,29151,M,4857575.0,-382270.0,29
201100025647,11,8,11,1925,1,1,1,1.0,2.0,29254,M,,,29
201100025648,11,8,20,1400,1,1,1,1.0,6.0,29254,M,4858252.0,-387131.0,29
201100025649,11,9,4,1205,1,1,1,7.0,6.0,29151,M,4861258.0,-384590.0,29
201100025650,11,9,23,1425,1,2,1,1.0,2.0,29151,M,4857440.0,-383208.0,29
201100025651,11,9,29,1805,1,1,1,1.0,2.0,29151,M,4859346.0,-383577.0,29
201100025652,11,10,18,820,2,2,7,2.0,6.0,29151,M,4857696.0,-382818.0,29
201100025653,11,10,24,1135,1,2,1,3.0,1.0,29151,M,4859008.0,-383157.0,29
201100025654,11,10,27,1355,1,1,1,2.0,6.0,29151,M,4859060.0,-381454.0,29
201100025655,11,10,31,955,1,1,1,1.0,6.0,29254,M,4855500.0,-385341.0,29
201100025656,11,11,2,1815,3,1,1,1.0,2.0,29254,M,,,29
201100025657,11,11,13,400,5,2,1,1.0,3.0,29254,M,4858744.0,-383802.0,29
201100025658,11,11,16,1515,1,2,1,1.0,6.0,29151,M,4857308.0,-382002.0,29
201100025659,11,11,17,855,2,1,1,1.0,4.0,29151,M,4859429.0,-382282.0,29
201100025660,11,11,24,1910,5,2,1,1.0,2.0,29151,M,4858199.0,-383302.0,29
201100025661,11,12,8,1750,5,2,6,2.0,6.0,29151,M,4858795.0,-381407.0,29
201100025662,11,12,14,1425,1,1,1,1.0,6.0,29254,M,4858264.0,-387182.0,29
201100025663,11,12,21,1800,2,1,1,2.0,4.0,29254,M,4857922.0,-385307.0,29
201100025664,11,1,10,200,3,1,1,5.0,1.0,52312,M,0.0,0.0,52
201100025665,11,2,13,730,2,1,1,8.0,7.0,52432,M,0.0,0.0,52
201100025666,11,4,18,415,3,1,1,1.0,7.0,52114,M,4806800.0,493500.0,52
201100025667,11,4,25,730,1,1,1,1.0,7.0,52312,M,0.0,0.0,52
201100025668,11,6,6,1615,1,1,1,1.0,3.0,52422,M,4803339.0,507950.0,52
201100025669,11,6,17,800,2,1,1,1.0,3.0,52469,M,4803920.0,506330.0,52
201100025670,11,6,27,1600,1,1,1,1.0,6.0,52114,M,4805803.0,495509.0,52