Num_Acc,an,mois,jour,hrmn,lum,agg,int,atm,col,com,gps,lat,long,dep
201100025671,11,7,2,500,2,1,1,1.0,1.0,52384,M,4781771.0,522385.0,52
201100025672,11,8,17,1445,1,1,1,1.0,1.0,52027,M,4773462.0,519422.0,52
201100025673,11,8,19,2345,3,1,1,1.0,7.0,52469,M,4804065.0,505288.0,52
201100025674,11,9,1,1200,1,1,1,1.0,7.0,52114,M,4805401.0,496280.0,52
201100025675,11,9,14,400,3,1,1,1.0,7.0,52366,M,4790053.0,522349.0,52
201100025676,11,9,23,2230,3,1,1,1.0,1.0,52014,M,4775998.0,518777.0,52
201100025677,11,10,22,830,2,1,1,5.0,1.0,52027,M,4773353.0,519411.0,52
201100025678,11,11,12,1615,1,1,1,1.0,7.0,52282,M,4797573.0,513726.0,52
201100025679,11,11,17,815,1,1,1,1.0,2.0,52469,M,4804083.0,504837.0,52
201100025680,11,12,17,1645,3,1,1,2.0,6.0,52432,M,4794825.0,531741.0,52
201100025681,11,1,9,1630,1,1,1,1.0,5.0,57311,M,0.0,0.0,57
201100025682,11,6,29,1545,1,2,1,1.0,6.0,57690,M,0.0,0.0,57
201100025683,11,8,31,700,1,1,1,1.0,1.0,57311,M,0.0,0.0,57
201100025684,11,12,22,1945,3,1,1,2.0,7.0,57178,M,0.0,0.0,57
201100025685,11,12,24,1945,5,2,1,2.0,1.0,57690,M,4909316.0,671413.0,57
201100025686,11,1,7,1630,1,2,1,7.0,6.0,76238,M,4956500.0,22672.0,76
201100025687,11,1,18,1100,1,2,2,1.0,3.0,76238,M,4956470.0,22624.0,76
201100025688,11,8,20,2330,5,2,1,1.0,3.0,76238,M,4955809.0,21330.0,76
201100025689,11,10,15,1830,1,2,1,1.0,6.0,76616,M,4953204.0,23871.0,76
201100025690,11,12,4,300,5,1,6,2.0,6.0,76404,M,4957799.0,23997.0,76
201100025691,11,9,20,930,1,1,1,1.0,7.0,41296,M,4764590.0,194220.0,41
201100025692,11,10,31,930,1,1,1,1.0,4.0,41046,M,4761230.0,196589.0,41
201100025693,11,1,3,845,2,2,3,2.0,6.0,29232,M,4798114.0,-409663.0,29
201100025694,11,1,3,1428,1,2,1,2.0,6.0,29232,M,4798955.0,-411112.0,29
201100025695,11,1,3,1830,5,2,1,2.0,6.0,29232,M,4798387.0,-411669.0,29
201100025696,11,1,6,1730,1,1,1,1.0,4.0,29232,M,4799970.0,-414518.0,29
201100025697,11,1,10,1317,1,2,9,1.0,6.0,29232,M,4798794.0,-412077.0,29
201100025698,11,1,12,1345,1,2,1,1.0,2.0,29232,M,4797637.0,-406864.0,29
201100025699,11,1,13,1835,5,1,1,1.0,6.0,29232,M,4797963.0,-409698.0,29
201100025700,11,1,14,1715,3,1,1,8.0,6.0,29051,M,4802687.0,-397168.0,29
201100025701,11,1,15,239,4,2,1,1.0,6.0,29232,M,4798211.0,-412833.0,29
201100025702,11,1,15,525,3,1,1,1.0,7.0,29232,M,4802978.0,-408779.0,29
201100025703,11,1,17,1535,1,1,1,1.0,3.0,29232,M,4797900.0,-412146.0,29
201100025704,11,1,19,1040,1,1,6,1.0,6.0,29232,M,4798028.0,-401702.0,29
201100025705,11,1,24,920,1,1,1,9.0,6.0,29232,M,4797888.0,-406386.0,29
201100025706,11,1,21,1115,1,2,9,1.0,3.0,29232,M,4800297.0,-410268.0,29
201100025707,11,1,22,525,4,1,6,9.0,6.0,29232,M,4797960.0,-407919.0,29
201100025708,11,1,23,1030,1,2,1,1.0,6.0,29232,M,4798971.0,-408942.0,29
201100025709,11,1,25,1650,1,2,1,1.0,6.0,29232,M,4798538.0,-408337.0,29
201100025710,11,1,26,1652,1,2,1,1.0,3.0,29232,M,4798389.0,-411629.0,29
201100025711,11,1,28,516,5,2,1,1.0,6.0,29232,M,4797695.0,-409987.0,29
201100025712,11,1,28,1422,1,2,1,1.0,6.0,29232,M,4799355.0,-408953.0,29
201100025713,11,2,1,1700,1,2,1,1.0,7.0,29232,M,4799313.0,-411854.0,29
201100025714,11,2,3,1600,1,2,1,1.0,1.0,29232,M,4800268.0,-407578.0,29
201100025715,11,2,6,550,5,2,6,1.0,6.0,29232,M,4797329.0,-408759.0,29
201100025716,11,2,8,1240,1,2,2,1.0,6.0,29232,M,4799476.0,-410358.0,29
201100025717,11,2,8,1940,2,1,9,8.0,3.0,29232,M,4797645.0,-409280.0,29
201100025718,11,2,11,1515,1,1,1,1.0,7.0,29232,M,4797361.0,-406542.0,29
201100025719,11,2,11,2100,5,2,6,2.0,2.0,29232,M,4798774.0,-410934.0,29
201100025720,11,2,12,1655,1,2,6,1.0,2.0,29232,M,4799069.0,-412993.0,29
201100025721,11,2,11,1240,1,1,1,1.0,2.0,29232,M,4799069.0,-412993.0,29
201100025722,11,2,14,1255,1,2,1,1.0,6.0,29232,M,4798731.0,-407431.0,29
201100025723,11,2,15,1634,1,2,1,1.0,2.0,29232,M,4799438.0,-409400.0,29
201100025724,11,2,15,1755,1,2,6,1.0,2.0,29232,M,4797216.0,-409117.0,29
201100025725,11,2,18,900,1,1,1,5.0,6.0,29232,M,,,29
201100025726,11,2,22,2135,3,2,1,2.0,7.0,29232,M,4799161.0,-411031.0,29
201100025727,11,2,25,253,5,2,1,2.0,6.0,29232,M,4799837.0,-410840.0,29
201100025728,11,2,27,1710,1,2,1,2.0,2.0,29232,M,4801090.0,-409885.0,29
201100025729,11,3,10,755,1,2,6,1.0,2.0,29232,M,4797994.0,-412168.0,29
201100025730,11,3,11,1710,1,2,1,1.0,3.0,29232,M,4798089.0,-409658.0,29
201100025731,11,3,11,1700,1,2,1,1.0,6.0,29232,M,4797895.0,-401562.0,29
201100025732,11,3,22,1110,1,2,1,1.0,6.0,29232,M,4799402.0,-409223.0,29
201100025733,11,3,22,1649,1,2,1,1.0,7.0,29232,M,4799594.0,-412057.0,29
201100025734,11,3,26,142,5,2,1,1.0,6.0,29232,M,4798211.0,-412833.0,29
201100025735,11,3,26,1910,2,1,1,1.0,7.0,29051,M,4798211.0,-407182.0,29
201100025736,11,3,30,1815,1,1,1,1.0,5.0,29232,M,4797840.0,-401384.0,29
201100025737,11,4,1,745,1,2,6,1.0,6.0,29232,M,4799186.0,-411920.0,29
201100025738,11,4,3,1730,1,2,1,1.0,7.0,29232,M,4800878.0,-409574.0,29
201100025739,11,4,4,258,5,2,1,1.0,7.0,29232,M,4798311.0,-412956.0,29
201100025740,11,4,5,1113,1,2,6,1.0,3.0,29232,M,4798004.0,-412241.0,29
201100025741,11,4,5,1640,1,1,1,1.0,3.0,29232,M,4796844.0,-406880.0,29
201100025742,11,4,5,1335,1,2,1,1.0,6.0,29232,M,4799442.0,-410695.0,29
201100025743,11,4,6,1225,1,2,6,1.0,2.0,29232,M,4798073.0,-407656.0,29
201100025744,11,4,8,2359,5,2,6,1.0,6.0,29232,M,4799132.0,-407345.0,29
201100025745,11,4,9,1645,1,2,1,1.0,2.0,29232,M,4800335.0,-408383.0,29
201100025746,11,4,12,900,1,2,1,1.0,3.0,29232,M,4799764.0,-409760.0,29
201100025747,11,4,12,1420,1,2,2,1.0,3.0,29232,M,4799268.0,-410863.0,29
201100025748,11,4,15,1045,1,2,1,1.0,7.0,29232,M,4799510.0,-410812.0,29
201100025749,11,4,15,2224,2,2,1,1.0,2.0,29232,M,4799550.0,-409802.0,29
201100025750,11,4,19,1120,1,2,1,1.0,2.0,29232,M,4797603.0,-412674.0,29
201100025751,11,4,22,1443,1,2,4,1.0,3.0,29232,M,4798942.0,-406340.0,29
201100025752,11,4,23,1440,1,1,1,1.0,7.0,29232,M,4800985.0,-406797.0,29
201100025753,11,4,23,2020,1,2,1,1.0,6.0,29232,M,4800662.0,-409717.0,29
201100025754,11,4,27,1350,1,2,1,1.0,6.0,29232,M,4799246.0,-408692.0,29
201100025755,11,4,28,820,1,1,1,7.0,7.0,29232,M,4800265.0,-408114.0,29
201100025756,11,4,30,308,3,2,1,1.0,6.0,29232,M,4799236.0,-408310.0,29
201100025757,11,5,4,1435,1,1,1,1.0,1.0,29232,M,4802411.0,-410833.0,29
201100025758,11,5,4,1744,1,2,2,1.0,6.0,29232,M,4799561.0,-409991.0,29
201100025759,11,5,8,815,1,1,1,1.0,6.0,29232,M,4801746.0,-411107.0,29
201100025760,11,5,10,745,1,2,3,1.0,2.0,29232,M,4799124.0,-410184.0,29
201100025761,11,5,14,535,5,2,1,1.0,3.0,29232,M,4798364.0,-407497.0,29
201100025762,11,5,15,100,5,2,1,1.0,2.0,29232,M,4798603.0,-412031.0,29
201100025763,11,5,23,1800,1,2,1,1.0,3.0,29232,M,4801002.0,-408150.0,29
201100025764,11,5,21,1505,1,2,1,1.0,3.0,29232,M,4798164.0,-412097.0,29
201100025765,11,5,23,1730,1,1,1,1.0,2.0,29051,M,4799466.0,-406521.0,29
201100025766,11,5,23,1900,1,2,1,1.0,2.0,29232,M,4799214.0,-410948.0,29
201100025767,11,5,25,1805,1,1,6,1.0,3.0,29051,M,4801963.0,-402189.0,29
201100025768,11,5,27,1037,1,2,2,1.0,3.0,29232,M,4798483.0,-409912.0,29
201100025769,11,5,27,1138,1,2,3,1.0,1.0,29232,M,4799716.0,-411947.0,29
201100025770,11,5,28,1346,1,2,1,1.0,6.0,29232,M,4799803.0,-412212.0,29
201100025771,11,6,4,1730,1,2,1,1.0,7.0,29232,M,4798821.0,-411003.0,29
201100025772,11,6,5,1520,1,2,1,1.0,3.0,29232,M,4799350.0,-410591.0,29
201100025773,11,6,7,1420,1,2,1,1.0,2.0,29232,M,4797572.0,-406777.0,29
201100025774,11,6,14,1456,1,2,1,1.0,1.0,29232,M,4798014.0,-407677.0,29
201100025775,11,6,15,1315,1,1,1,2.0,1.0,29232,M,4798942.0,-406340.0,29
201100025776,11,6,20,1135,1,2,6,3.0,2.0,29232,M,4798024.0,-407935.0,29
201100025777,11,6,18,1730,1,2,1,2.0,2.0,29232,M,4799455.0,-407166.0,29
201100025778,11,6,19,1600,1,1,1,2.0,7.0,29232,M,4797114.0,-411461.0,29
201100025779,11,6,19,2313,4,1,1,2.0,6.0,29051,M,4802752.0,-401443.0,29
201100025780,11,6,20,945,1,2,1,2.0,6.0,29232,M,4798393.0,-411667.0,29
201100025781,11,6,21,1722,1,2,6,1.0,3.0,29232,M,4799132.0,-407345.0,29
201100025782,11,6,23,1900,1,2,1,1.0,4.0,29232,M,4799122.0,-407468.0,29
201100025783,11,6,29,120,5,1,1,1.0,7.0,29232,M,4797727.0,-410102.0,29
201100025784,11,6,29,1815,1,1,1,1.0,7.0,29232,M,4798055.0,-401811.0,29
201100025785,11,6,30,1250,1,2,2,1.0,3.0,29232,M,4799327.0,-410731.0,29
201100025786,11,7,4,807,1,2,1,1.0,3.0,29232,M,4799679.0,-409837.0,29
201100025787,11,7,4,1815,1,1,1,1.0,7.0,29232,M,4797831.0,-403370.0,29
201100025788,11,7,4,1820,1,1,1,1.0,7.0,29232,M,4797935.0,-410203.0,29
201100025789,11,7,8,1320,1,2,1,1.0,3.0,29232,M,4799233.0,-410835.0,29
201100025790,11,7,9,108,5,1,1,1.0,1.0,29232,M,4797895.0,-401562.0,29
201100025791,11,7,9,2359,3,1,1,1.0,3.0,29232,M,4799809.0,-413209.0,29
201100025792,11,7,12,1520,1,1,1,1.0,6.0,29232,M,4800810.0,-406491.0,29
201100025793,11,7,22,2015,1,2,1,1.0,1.0,29232,M,4797963.0,-409698.0,29
201100025794,11,7,17,803,2,2,1,8.0,6.0,29232,M,4799115.0,-409195.0,29
201100025795,11,7,19,1035,1,1,1,1.0,7.0,29232,M,4801449.0,-416102.0,29
201100025796,11,7,23,1245,1,2,1,1.0,7.0,29232,M,4799438.0,-409400.0,29
201100025797,11,7,24,1715,1,2,6,8.0,7.0,29232,M,4797915.0,-409426.0,29
201100025798,11,7,26,1205,1,1,3,1.0,3.0,29232,M,4804695.0,-406922.0,29
201100025799,11,7,31,1055,1,1,6,1.0,7.0,29232,M,4799406.0,-413954.0,29
201100025800,11,8,8,110,5,2,2,2.0,1.0,29232,M,4799512.0,-409727.0,29
201100025801,11,8,9,1000,1,2,1,1.0,2.0,29232,M,4798358.0,-412055.0,29
201100025802,11,8,13,920,1,2,1,2.0,7.0,29232,M,4798372.0,-411723.0,29
201100025803,11,8,13,1050,1,2,1,2.0,6.0,29232,M,4799424.0,-410605.0,29
201100025804,11,8,14,1103,1,2,2,1.0,3.0,29232,M,4800343.0,-409687.0,29
201100025805,11,8,17,2040,1,2,3,1.0,1.0,29232,M,4798328.0,-406907.0,29
201100025806,11,8,26,1140,1,2,1,1.0,6.0,29232,M,4799476.0,-410358.0,29
201100025807,11,8,26,2250,5,1,1,1.0,2.0,29232,M,4797893.0,-401584.0,29
201100025808,11,8,29,1030,1,2,1,1.0,3.0,29232,M,4798372.0,-411723.0,29
201100025809,11,8,29,1510,1,1,1,2.0,7.0,29232,M,4800704.0,-406367.0,29
201100025810,11,9,5,1549,1,2,1,1.0,6.0,29232,M,4798932.0,-411105.0,29
201100025811,11,9,8,1250,1,2,1,2.0,7.0,29232,M,4799527.0,-409956.0,29
201100025812,11,9,9,2020,2,1,1,1.0,7.0,29232,M,4795904.0,-405064.0,29
201100025813,11,9,15,1845,1,2,6,1.0,3.0,29232,M,4801051.0,-409588.0,29
201100025814,11,9,17,1805,1,2,1,1.0,6.0,29232,M,4799265.0,-409227.0,29
201100025815,11,9,19,1900,1,2,1,1.0,6.0,29232,M,4798810.0,-410501.0,29
201100025816,11,9,23,1510,1,1,6,1.0,2.0,29232,M,4797979.0,-408821.0,29
201100025817,11,9,23,1700,1,2,2,1.0,2.0,29232,M,4799535.0,-409886.0,29
201100025818,11,9,28,1145,1,1,1,1.0,6.0,29232,M,4802978.0,-408779.0,29
201100025819,11,9,28,2005,1,2,1,1.0,7.0,29232,M,4799242.0,-407866.0,29
201100025820,11,9,30,830,1,2,2,1.0,1.0,29232,M,4800775.0,-411134.0,29
201100025821,11,9,30,1247,1,2,1,1.0,7.0,29232,M,4799728.0,-410912.0,29
201100025822,11,9,30,1834,1,2,1,1.0,6.0,29232,M,4799517.0,-409675.0,29
201100025823,11,10,1,2040,1,2,1,1.0,3.0,29232,M,4798838.0,-409894.0,29
201100025824,11,10,2,657,5,2,3,1.0,2.0,29232,M,4799108.0,-410974.0,29
201100025825,11,10,3,1755,1,2,1,1.0,6.0,29232,M,4798467.0,-413124.0,29
201100025826,11,10,4,1150,1,2,3,1.0,3.0,29232,M,4797119.0,-406413.0,29
201100025827,11,10,4,1800,1,1,1,1.0,7.0,29232,M,4798526.0,-402184.0,29
201100025828,11,10,8,1940,5,2,9,2.0,6.0,29232,M,4799786.0,-412666.0,29
201100025829,11,10,9,930,1,1,1,1.0,7.0,29232,M,4802507.0,-408376.0,29
201100025830,11,10,12,1749,1,2,1,1.0,1.0,29232,M,4797958.0,-409457.0,29
201100025831,11,10,16,1115,1,2,1,1.0,1.0,29232,M,4799911.0,-413413.0,29
201100025832,11,10,17,1130,1,1,1,1.0,1.0,29051,M,4799429.0,-405262.0,29
201100025833,11,10,19,1715,1,2,9,1.0,3.0,29232,M,4799512.0,-407503.0,29
201100025834,11,10,20,1116,1,2,3,1.0,6.0,29232,M,4800913.0,-409619.0,29
201100025835,11,10,21,1350,1,2,1,1.0,3.0,29232,M,4797619.0,-412106.0,29
201100025836,11,10,21,1743,1,2,6,1.0,7.0,29232,M,4800334.0,-411552.0,29
201100025837,11,10,22,1115,1,2,1,1.0,6.0,29232,M,4799412.0,-409945.0,29
201100025838,11,10,22,1520,1,2,1,1.0,6.0,29232,M,4800396.0,-411692.0,29
201100025839,11,10,27,1630,1,2,1,8.0,1.0,29232,M,4799093.0,-410401.0,29
201100025840,11,10,25,1045,1,1,1,2.0,2.0,29232,M,4798911.0,-403481.0,29
201100025841,11,10,31,1505,1,1,1,2.0,7.0,29232,M,4801720.0,-408091.0,29
201100025842,11,10,29,225,3,2,1,1.0,7.0,29232,M,4797996.0,-409830.0,29
201100025843,11,11,3,845,1,2,1,2.0,1.0,29232,M,4798942.0,-406333.0,29
201100025844,11,11,3,810,1,1,1,1.0,7.0,29232,M,4799873.0,-404932.0,29
201100025845,11,11,5,1715,1,2,1,1.0,7.0,29232,M,4804578.0,-407080.0,29
201100025846,11,11,7,1220,1,1,6,1.0,2.0,29232,M,4797807.0,-401572.0,29
201100025847,11,11,10,1625,1,1,1,1.0,2.0,29232,M,4797868.0,-406092.0,29
201100025848,11,11,11,1630,1,2,3,2.0,3.0,29232,M,4799407.0,-411011.0,29
201100025849,11,11,12,1635,1,1,1,1.0,7.0,29051,M,4799455.0,-407166.0,29
201100025850,11,11,16,845,1,2,1,2.0,2.0,29232,M,4799247.0,-407929.0,29
201100025851,11,11,16,1855,5,2,1,2.0,4.0,29232,M,4798639.0,-408313.0,29
201100025852,11,11,20,1030,1,1,2,1.0,6.0,29051,M,4801689.0,-401123.0,29
201100025853,11,11,22,1700,1,1,9,1.0,3.0,29232,M,4793383.0,-406916.0,29
201100025854,11,11,23,1820,1,2,1,1.0,2.0,29232,M,4803385.0,-408314.0,29
201100025855,11,11,25,2030,5,2,1,1.0,3.0,29232,M,4799108.0,-410974.0,29
201100025856,11,11,25,815,4,2,1,2.0,7.0,29232,M,4798223.0,-409707.0,29
201100025857,11,12,2,1735,5,2,1,1.0,6.0,29232,M,4799053.0,-413041.0,29
201100025858,11,12,8,1830,2,1,1,2.0,6.0,29232,M,4801607.0,-408712.0,29
201100025859,11,12,8,1720,2,2,1,2.0,6.0,29232,M,4799524.0,-410820.0,29
201100025860,11,12,13,1800,2,2,1,2.0,2.0,29232,M,4798572.0,-412768.0,29
201100025861,11,12,9,1850,3,2,1,1.0,3.0,29232,M,4798372.0,-411723.0,29
201100025862,11,12,10,5,5,2,1,1.0,7.0,29232,M,4798029.0,-410018.0,29
201100025863,11,12,10,1915,5,2,1,1.0,7.0,29232,M,,,29
201100025864,11,12,14,730,5,2,1,8.0,3.0,29232,M,4799132.0,-407345.0,29
201100025865,11,12,16,600,3,1,1,1.0,7.0,29232,M,4798935.0,-406203.0,29
201100025866,11,12,16,850,1,2,1,2.0,2.0,29232,M,4800320.0,-411515.0,29
201100025867,11,12,16,1605,1,1,1,1.0,2.0,29232,M,4798625.0,-407379.0,29
201100025868,11,12,17,1820,5,2,1,1.0,2.0,29232,M,4797508.0,-406703.0,29
201100025869,11,12,22,1410,1,2,1,1.0,6.0,29232,M,4799943.0,-410234.0,29
201100025870,11,12,21,725,3,2,1,1.0,7.0,29232,M,4800286.0,-409890.0,29
201100025871,11,12,21,1521,1,2,1,2.0,2.0,29232,M,4799008.0,-411065.0,29
201100025872,11,12,21,1605,1,2,1,1.0,3.0,29232,M,4798639.0,-412433.0,29
201100025873,11,12,22,2140,5,2,1,1.0,7.0,29232,M,4799433.0,-410538.0,29
201100025874,11,12,23,1323,1,1,1,8.0,3.0,29232,M,4803524.0,-407896.0,29
201100025875,11,12,28,1300,1,1,6,2.0,2.0,29232,M,4799970.0,-414518.0,29
201100025876,11,12,30,1830,5,2,6,2.0,6.0,29232,M,4798906.0,-411116.0,29
201100025877,11,3,2,945,1,1,1,1.0,6.0,57622,M,0.0,0.0,57
201100025878,11,6,10,1145,1,1,1,1.0,7.0,57111,M,0.0,0.0,57
201100025879,11,7,18,2315,3,1,1,1.0,6.0,57211,M,0.0,0.0,57
201100025880,11,9,4,2245,3,1,1,1.0,2.0,55242,M,4912807.0,565235.0,55
201100025881,11,1,3,400,5,2,2,1.0,3.0,30007,M,4412588.0,409241.0,30
201100025882,11,1,6,1039,1,2,2,1.0,1.0,30007,M,4411695.0,409277.0,30
201100025883,11,1,12,1935,5,2,1,1.0,6.0,30007,M,4412826.0,407890.0,30
201100025884,11,1,17,1301,1,2,1,1.0,1.0,30007,M,4409984.0,407803.0,30
201100025885,11,1,18,2005,3,2,1,1.0,6.0,30243,M,4406145.0,409008.0,30
201100025886,11,1,14,1750,2,2,2,1.0,5.0,30007,M,4412009.0,407687.0,30
201100025887,11,1,24,1330,1,2,1,1.0,6.0,30007,M,,,30
201100025888,11,1,25,1130,1,2,1,1.0,2.0,30007,M,4410574.0,408811.0,30
201100025889,11,1,26,754,1,2,1,1.0,6.0,30007,M,4410574.0,408811.0,30
201100025890,11,1,27,1820,3,1,1,1.0,6.0,30243,M,,,30
201100025891,11,1,27,1645,1,2,1,1.0,3.0,30007,M,,,30
201100025892,11,1,27,1700,1,2,1,1.0,2.0,30007,M,,,30
201100025893,11,1,28,1810,5,2,2,1.0,3.0,30007,M,4412497.0,408905.0,30
201100025894,11,1,29,1830,5,2,1,2.0,2.0,30007,M,4414944.0,408596.0,30
201100025895,11,1,31,1310,1,2,1,1.0,3.0,30007,M,,,30
201100025896,11,1,31,1530,1,2,1,1.0,6.0,30007,M,4412367.0,407723.0,30
201100025897,11,1,31,1655,1,2,1,1.0,6.0,30007,M,,,30
201100025898,11,1,30,10,4,2,1,2.0,7.0,30007,M,,,30
201100025899,11,2,2,805,1,2,1,1.0,7.0,30007,M,,,30
201100025900,11,2,9,1745,2,2,1,1.0,3.0,30007,M,,,30
201100025901,11,2,9,2040,5,2,2,1.0,3.0,30007,M,4412663.0,462657.0,30
201100025902,11,2,10,1750,2,2,2,5.0,3.0,30007,M,4410755.0,409007.0,30
201100025903,11,2,14,1145,1,2,2,1.0,3.0,30243,M,4408126.0,407092.0,30
201100025904,11,2,17,1600,1,2,3,2.0,3.0,30007,M,4410727.0,408140.0,30
201100025905,11,2,21,1915,5,2,2,1.0,3.0,30007,M,4412922.0,407944.0,30
201100025906,11,2,21,1920,5,2,1,1.0,5.0,30007,M,4412922.0,407944.0,30
201100025907,11,2,19,2010,5,2,9,2.0,3.0,30007,M,,,30
201100025908,11,2,24,835,1,2,1,1.0,2.0,30007,M,4412677.0,407399.0,30
201100025909,11,2,18,1059,1,2,2,1.0,3.0,30007,M,4411318.0,411082.0,30
201100025910,11,3,1,1250,1,2,3,1.0,2.0,30007,M,4412215.0,409182.0,30
201100025911,11,3,2,1040,1,2,1,1.0,2.0,30007,M,4412958.0,407982.0,30
201100025912,11,3,2,1730,1,2,1,1.0,4.0,30007,M,,,30
201100025913,11,3,11,1102,1,2,6,1.0,7.0,30007,M,4412672.0,407321.0,30
201100025914,11,3,19,1230,1,2,1,1.0,5.0,30007,M,4412438.0,408490.0,30
201100025915,11,3,20,1059,1,2,1,1.0,2.0,30007,M,,,30
201100025916,11,3,22,1815,1,2,1,1.0,6.0,30007,M,,,30
201100025917,11,3,26,1900,2,2,1,1.0,6.0,30007,M,,,30
201100025918,11,3,29,1105,1,2,2,1.0,3.0,30007,M,,,30
201100025919,11,3,31,1725,1,2,1,1.0,6.0,30007,M,4413067.0,410946.0,30
201100025920,11,3,26,1730,1,2,1,1.0,2.0,30007,M,,,30
201100025921,11,4,1,925,1,2,1,1.0,7.0,30007,M,,,30
201100025922,11,4,1,1044,1,2,1,1.0,7.0,30007,M,4412239.0,407937.0,30
201100025923,11,4,1,1710,1,2,1,1.0,1.0,30007,M,,,30
201100025924,11,4,5,825,1,2,1,1.0,7.0,30007,M,4412622.0,407828.0,30
201100025925,11,4,5,1513,1,2,6,1.0,3.0,30243,M,4408323.0,407751.0,30
201100025926,11,4,5,2012,1,2,1,1.0,3.0,30007,M,4412612.0,407996.0,30
201100025927,11,4,6,1445,1,2,1,1.0,3.0,30007,M,4412334.0,408443.0,30
201100025928,11,4,11,1715,1,2,6,1.0,2.0,30007,M,4411666.0,410822.0,30
201100025929,11,4,17,325,5,2,1,1.0,6.0,30007,M,,,30
201100025930,11,4,17,450,5,1,1,1.0,6.0,30007,M,4410773.0,407645.0,30
201100025931,11,4,17,1500,1,2,4,1.0,2.0,30007,M,4413102.0,407083.0,30
201100025932,11,4,19,915,1,2,1,1.0,6.0,30007,M,,,30
201100025933,11,4,26,1735,1,2,1,1.0,1.0,30007,M,,,30
201100025934,11,4,27,1530,1,2,1,1.0,2.0,30007,M,,,30
201100025935,11,4,27,1730,1,2,6,1.0,6.0,30007,M,4413325.0,407928.0,30
201100025936,11,4,29,1735,1,2,1,1.0,3.0,30007,M,4407464.0,414604.0,30
201100025937,11,5,5,845,1,2,1,1.0,4.0,30007,M,4413981.0,408868.0,30
201100025938,11,5,10,1415,1,2,1,1.0,2.0,30007,M,,,30
201100025939,11,5,23,1620,1,2,2,1.0,3.0,30007,M,4413416.0,408894.0,30
201100025940,11,5,24,1600,1,2,1,9.0,2.0,30007,M,,,30
201100025941,11,5,26,1820,1,2,1,1.0,2.0,30243,M,4408352.0,407707.0,30
201100025942,11,5,27,1510,1,2,2,1.0,3.0,30007,M,4412487.0,408356.0,30
201100025943,11,6,3,130,3,2,1,1.0,1.0,30007,M,,,30
201100025944,11,6,3,815,1,2,1,2.0,7.0,30007,M,,,30
201100025945,11,6,5,1915,1,2,1,2.0,5.0,30007,M,4410101.0,408120.0,30
201100025946,11,6,6,849,1,2,1,1.0,2.0,30007,M,,,30
201100025947,11,6,6,1110,1,2,1,1.0,3.0,30243,M,4408402.0,407687.0,30
201100025948,11,6,7,1225,1,2,1,1.0,2.0,30007,M,,,30
201100025949,11,6,10,843,1,2,1,9.0,6.0,30007,M,,,30
201100025950,11,6,13,801,1,2,1,1.0,6.0,30007,M,4412078.0,406740.0,30
201100025951,11,5,31,1510,1,2,1,2.0,2.0,30007,M,4413826.0,408718.0,30
201100025952,11,6,16,1747,1,2,1,1.0,6.0,30007,M,4413581.0,408215.0,30
201100025953,11,6,19,705,1,2,1,1.0,7.0,30243,M,,,30
201100025954,11,6,21,1127,1,2,1,1.0,4.0,30007,M,,,30
201100025955,11,6,22,1200,1,2,1,1.0,6.0,30007,M,4412705.0,407608.0,30
201100025956,11,6,22,2120,1,2,1,1.0,7.0,30007,M,,,30
201100025957,11,6,24,1545,1,2,1,1.0,2.0,30007,M,4412133.0,408192.0,30
201100025958,11,5,31,1620,1,2,2,2.0,3.0,30007,M,4412279.0,409072.0,30
201100025959,11,6,30,800,1,2,9,1.0,1.0,30007,M,,,30
201100025960,11,7,4,840,1,2,1,1.0,6.0,30007,M,4412395.0,407683.0,30
201100025961,11,7,4,1700,1,2,1,1.0,6.0,30007,M,,,30
201100025962,11,7,5,1000,1,2,1,1.0,2.0,30007,M,,,30
201100025963,11,7,5,1200,1,2,1,1.0,1.0,30007,M,,,30
201100025964,11,7,7,1820,1,2,2,1.0,3.0,30007,M,4412480.0,408265.0,30
201100025965,11,7,18,815,1,2,1,1.0,6.0,30007,M,,,30
201100025966,11,7,11,1220,1,2,2,1.0,3.0,30007,M,,,30
201100025967,11,7,20,1400,1,2,1,1.0,2.0,30007,M,,,30
201100025968,11,7,21,1730,1,2,1,1.0,6.0,30007,M,,,30
201100025969,11,7,24,1615,1,2,1,1.0,7.0,30007,M,,,30
201100025970,11,7,25,1937,1,2,1,1.0,4.0,30007,M,,,30
201100025971,11,7,28,1140,1,2,2,1.0,3.0,30007,M,,,30