Num_Acc,an,mois,jour,hrmn,lum,agg,int,atm,col,com,gps,lat,long,dep
201100025972,11,7,28,2110,5,2,1,1.0,1.0,30243,M,4408292.0,408706.0,30
201100025973,11,7,30,1014,1,2,1,1.0,6.0,30243,M,,,30
201100025974,11,8,3,1110,1,2,1,1.0,4.0,30007,M,,,30
201100025975,11,8,4,1325,1,2,2,1.0,3.0,30007,M,,,30
201100025976,11,8,6,1405,1,2,1,8.0,1.0,30007,M,4412367.0,407439.0,30
201100025977,11,8,13,1000,1,2,1,1.0,6.0,30007,M,4412552.0,408335.0,30
201100025978,11,8,19,1127,1,2,2,1.0,3.0,30007,M,,,30
201100025979,11,8,19,1540,1,2,1,1.0,2.0,30243,M,4409654.0,408028.0,30
201100025980,11,8,19,2305,5,2,1,1.0,6.0,30007,M,,,30
201100025981,11,8,20,15,5,2,1,1.0,1.0,30007,M,4412148.0,409004.0,30
201100025982,11,8,18,2001,1,2,1,1.0,6.0,30243,M,4408274.0,407737.0,30
201100025983,11,8,27,1250,1,2,3,1.0,3.0,30007,M,,,30
201100025984,11,7,19,2350,5,2,1,1.0,7.0,30007,M,,,30
201100025985,11,9,1,1223,1,2,1,1.0,2.0,30007,M,,,30
201100025986,11,9,2,1128,1,2,1,1.0,4.0,30007,M,,,30
201100025987,11,8,2,1905,1,2,1,1.0,3.0,30007,M,4411803.0,408026.0,30
201100025988,11,9,7,1550,1,2,1,1.0,3.0,30007,M,4411764.0,408066.0,30
201100025989,11,9,8,1800,1,2,1,3.0,2.0,30007,M,4410207.0,408054.0,30
201100025990,11,9,10,944,1,2,1,1.0,2.0,30243,M,,,30
201100025991,11,9,14,1115,1,2,1,1.0,3.0,30007,M,,,30
201100025992,11,9,10,115,5,2,1,1.0,7.0,30243,M,4411008.0,410062.0,30
201100025993,11,9,23,850,1,2,1,1.0,2.0,30007,M,4414267.0,409616.0,30
201100025994,11,9,24,1601,1,2,1,1.0,3.0,30243,M,4408140.0,407111.0,30
201100025995,11,8,2,1905,1,2,1,1.0,6.0,30007,M,4413438.0,408974.0,30
201100025996,11,9,29,1610,1,2,1,1.0,7.0,30007,M,,,30
201100025997,11,9,30,1825,1,2,1,1.0,3.0,30007,M,4410781.0,409318.0,30
201100025998,11,10,1,1138,1,2,1,1.0,3.0,30007,M,4413730.0,410487.0,30
201100025999,11,10,1,1540,1,2,1,1.0,1.0,30007,M,,,30
201100026000,11,10,2,1735,1,2,1,1.0,2.0,30007,M,,,30
201100026001,11,10,3,1515,1,2,1,1.0,1.0,30007,M,4412765.0,407325.0,30
201100026002,11,10,4,1015,1,2,1,1.0,2.0,30007,M,,,30
201100026003,11,10,6,1555,1,2,2,1.0,3.0,30007,M,4411756.0,408187.0,30
201100026004,11,10,7,1550,1,2,1,1.0,2.0,30007,M,,,30
201100026005,11,10,10,1035,1,2,1,1.0,6.0,30007,M,,,30
201100026006,11,10,18,623,5,2,1,1.0,3.0,30007,M,4412661.0,407167.0,30
201100026007,11,10,29,1535,1,2,1,1.0,6.0,30007,M,4412514.0,407648.0,30
201100026008,11,10,27,1915,3,2,1,2.0,2.0,30007,M,,,30
201100026009,11,11,8,1130,1,2,1,1.0,2.0,30007,M,,,30
201100026010,11,3,30,1505,1,2,1,1.0,3.0,30007,M,4412935.0,410651.0,30
201100026011,11,11,9,1730,3,2,2,2.0,3.0,30007,M,4412497.0,408907.0,30
201100026012,11,11,15,900,1,2,1,1.0,3.0,30243,M,,,30
201100026013,11,11,30,1132,1,2,1,1.0,4.0,30243,M,,,30
201100026014,11,12,10,2105,5,2,1,1.0,3.0,30007,M,,,30
201100026015,11,12,2,1300,1,2,1,2.0,7.0,30007,M,,,30
201100026016,11,1,14,715,5,2,1,1.0,2.0,30028,M,4416884.0,461944.0,30
201100026017,11,1,16,2010,3,2,1,1.0,6.0,30028,M,4417811.0,461442.0,30
201100026018,11,1,20,1700,1,2,1,1.0,6.0,30028,M,4416484.0,462090.0,30
201100026019,11,1,31,1215,1,2,1,1.0,2.0,30028,M,4416239.0,462603.0,30
201100026020,11,2,9,1950,5,2,6,1.0,6.0,30028,M,4415502.0,461657.0,30
201100026021,11,2,16,750,1,2,1,1.0,2.0,30028,M,4416403.0,461772.0,30
201100026022,11,2,16,945,1,2,1,1.0,6.0,30028,M,4415502.0,461657.0,30
201100026023,11,2,16,1015,1,2,1,1.0,6.0,30028,M,4416008.0,462104.0,30
201100026024,11,2,22,1230,1,2,3,1.0,6.0,30028,M,4416522.0,461896.0,30
201100026025,11,3,2,950,1,2,1,1.0,6.0,30028,M,4416896.0,461945.0,30
201100026026,11,3,5,645,2,2,1,1.0,2.0,30028,M,,,30
201100026027,11,3,30,1830,1,2,1,1.0,6.0,30028,M,,,30
201100026028,11,4,5,915,1,2,1,1.0,6.0,30028,M,4416382.0,462063.0,30
201100026029,11,5,19,520,2,1,1,1.0,6.0,30028,M,4416088.0,462628.0,30
201100026030,11,5,22,2027,1,2,9,1.0,6.0,30028,M,,,30
201100026031,11,5,20,2145,5,2,3,1.0,3.0,30028,M,4416130.0,462441.0,30
201100026032,11,5,25,1750,1,2,1,1.0,2.0,30028,M,,,30
201100026033,11,5,31,2203,5,2,9,1.0,6.0,30028,M,4415504.0,461680.0,30
201100026034,11,6,10,1615,1,2,3,1.0,3.0,30028,M,4415866.0,435845.0,30
201100026035,11,7,11,700,1,2,1,1.0,6.0,30028,M,4416905.0,462332.0,30
201100026036,11,7,22,1530,1,2,3,1.0,6.0,30028,M,4417664.0,461982.0,30
201100026037,11,7,24,1830,1,2,3,1.0,3.0,30028,M,4417689.0,461897.0,30
201100026038,11,7,27,1340,1,1,1,1.0,3.0,30028,M,,,30
201100026039,11,7,27,2355,3,1,1,1.0,6.0,30028,M,4415810.0,463304.0,30
201100026040,11,7,29,2130,5,2,1,1.0,6.0,30028,M,4416066.0,461736.0,30
201100026041,11,8,22,1040,1,2,1,1.0,6.0,30028,M,4416712.0,461229.0,30
201100026042,11,9,7,1345,1,2,2,1.0,3.0,30028,M,,,30
201100026043,11,9,10,1805,1,1,3,1.0,5.0,30028,M,4417448.0,462001.0,30
201100026044,11,9,15,1800,1,2,1,1.0,6.0,30028,M,4416169.0,461416.0,30
201100026045,11,9,30,1000,1,2,2,1.0,6.0,30028,M,4416043.0,460914.0,30
201100026046,11,9,28,1705,1,2,1,1.0,6.0,30028,M,4415474.0,461656.0,30
201100026047,11,10,19,1805,1,2,3,1.0,6.0,30028,M,4416636.0,461398.0,30
201100026048,11,10,31,1545,1,2,1,1.0,6.0,30028,M,4416352.0,462291.0,30
201100026049,11,11,2,1200,1,2,1,1.0,6.0,30028,M,,,30
201100026050,11,11,11,830,1,2,1,1.0,6.0,30028,M,,,30
201100026051,11,11,24,1105,1,2,1,1.0,6.0,30028,M,4416273.0,461178.0,30
201100026052,11,11,24,1300,1,2,1,1.0,6.0,30028,M,4416516.0,461879.0,30
201100026053,11,12,8,2035,5,2,1,1.0,6.0,30028,M,4416887.0,461687.0,30
201100026054,11,12,13,1400,1,2,2,1.0,6.0,30028,M,4415527.0,462136.0,30
201100026055,11,12,19,1300,1,1,1,1.0,2.0,30028,M,,,30
201100026056,11,12,19,1445,1,2,3,1.0,3.0,30028,M,4416055.0,462275.0,30
201100026057,11,1,1,1545,1,1,1,1.0,1.0,30032,M,,,30
201100026058,11,1,10,1650,1,2,1,1.0,6.0,30032,M,4380964.0,463859.0,30
201100026059,11,1,15,1620,1,2,1,1.0,6.0,30032,M,4381707.0,461398.0,30
201100026060,11,1,27,650,4,2,1,1.0,3.0,30032,M,4380987.0,462581.0,30
201100026061,11,2,2,1430,1,1,1,1.0,7.0,30032,M,4380646.0,462122.0,30
201100026062,11,2,11,1700,1,2,1,1.0,1.0,30032,M,4381310.0,461386.0,30
201100026063,11,2,17,2050,5,1,1,2.0,7.0,30032,M,4378120.0,455188.0,30
201100026064,11,2,19,5,3,1,1,1.0,7.0,30032,M,4382520.0,462657.0,30
201100026065,11,3,6,1710,1,1,1,1.0,7.0,30032,M,4382794.0,461434.0,30
201100026066,11,3,9,1800,1,2,1,1.0,6.0,30032,M,4380708.0,463786.0,30
201100026067,11,3,12,1850,5,2,1,3.0,2.0,30032,M,4380978.0,463835.0,30
201100026068,11,3,12,2000,3,1,1,2.0,7.0,30032,M,4372543.0,460714.0,30
201100026069,11,3,13,1330,1,2,6,2.0,7.0,30032,M,4380600.0,463811.0,30
201100026070,11,3,20,2335,5,1,1,1.0,7.0,30032,M,,,30
201100026071,11,3,26,1230,1,1,1,1.0,7.0,30032,M,4379334.0,458809.0,30
201100026072,11,4,17,1800,1,2,1,1.0,2.0,30032,M,4380607.0,463742.0,30
201100026073,11,4,21,1840,1,2,1,1.0,6.0,30032,M,4380734.0,464347.0,30
201100026074,11,5,7,1530,1,2,1,1.0,7.0,30032,M,4380512.0,463666.0,30
201100026075,11,5,25,1900,1,2,1,1.0,3.0,30032,M,,,30
201100026076,11,1,1,26,5,2,2,1.0,3.0,30189,M,4383214.0,435154.0,30
201100026077,11,1,2,1238,1,2,1,1.0,3.0,30189,M,4381080.0,432975.0,30
201100026078,11,1,2,1317,1,2,2,1.0,3.0,30189,M,4383694.0,437098.0,30
201100026079,11,1,3,600,5,2,2,1.0,3.0,30189,M,4382307.0,436430.0,30
201100026080,11,1,3,742,2,2,2,1.0,3.0,30189,M,4384727.0,438963.0,30
201100026081,11,1,10,1500,1,2,3,1.0,3.0,30189,M,4387191.0,431991.0,30
201100026082,11,1,10,1726,2,2,1,1.0,7.0,30189,M,4383749.0,436290.0,30
201100026083,11,1,10,1948,3,2,2,1.0,3.0,30189,M,4384806.0,434967.0,30
201100026084,11,1,13,1725,2,2,1,1.0,6.0,30189,M,4383385.0,435999.0,30
201100026085,11,1,15,2134,5,2,1,1.0,1.0,30189,M,4383651.0,434632.0,30
201100026086,11,1,16,146,5,2,1,1.0,6.0,30189,M,4383945.0,432163.0,30
201100026087,11,1,19,740,1,2,1,1.0,3.0,30189,M,4384245.0,434016.0,30
201100026088,11,1,22,241,5,2,1,1.0,2.0,30189,M,4384176.0,437719.0,30
201100026089,11,1,23,1635,1,2,3,1.0,3.0,30189,M,4382009.0,433594.0,30
201100026090,11,1,12,2342,5,2,9,1.0,3.0,30189,M,4383130.0,439015.0,30
201100026091,11,1,24,2015,3,2,1,1.0,6.0,30189,M,4380780.0,432555.0,30
201100026092,11,1,20,1240,1,2,1,1.0,7.0,30189,M,4383218.0,434992.0,30
201100026093,11,1,27,1357,1,2,1,1.0,3.0,30189,M,,,30
201100026094,11,1,27,1756,2,2,1,1.0,6.0,30189,M,,,30
201100026095,11,2,2,2041,5,2,2,1.0,3.0,30189,M,4382848.0,435990.0,30
201100026096,11,2,3,1333,1,2,1,1.0,6.0,30189,M,4381966.0,432884.0,30
201100026097,11,2,10,1711,2,2,1,1.0,6.0,30189,M,,,30
201100026098,11,2,14,647,5,2,3,2.0,6.0,30189,M,4384017.0,436516.0,30
201100026099,11,2,14,910,1,2,2,2.0,5.0,30189,M,4384375.0,436895.0,30
201100026100,11,2,14,1656,1,2,1,1.0,7.0,30189,M,4382428.0,436962.0,30
201100026101,11,2,15,820,1,2,1,1.0,2.0,30189,M,4349410.0,423050.0,30
201100026102,11,2,15,935,1,2,2,1.0,3.0,30189,M,4383030.0,435678.0,30
201100026103,11,2,15,1225,1,2,1,1.0,6.0,30189,M,4383749.0,434240.0,30
201100026104,11,2,16,850,1,1,3,1.0,3.0,30189,M,4381982.0,434669.0,30
201100026105,11,2,16,1645,1,2,1,1.0,6.0,30189,M,4381532.0,434948.0,30
201100026106,11,2,18,919,1,2,1,1.0,3.0,30189,M,4383027.0,438227.0,30
201100026107,11,2,19,2033,3,2,1,2.0,1.0,30189,M,4381983.0,434669.0,30
201100026108,11,2,20,2100,5,2,3,1.0,3.0,30189,M,4382106.0,434729.0,30
201100026109,11,2,26,1,5,2,1,1.0,3.0,30189,M,4383447.0,441317.0,30
201100026110,11,2,25,2241,5,2,1,1.0,6.0,30189,M,4385934.0,433539.0,30
201100026111,11,3,1,1720,1,2,1,1.0,2.0,30189,M,4385502.0,439939.0,30
201100026112,11,3,3,1840,2,2,1,1.0,2.0,30189,M,4381564.0,434085.0,30
201100026113,11,3,5,1126,1,2,2,1.0,3.0,30189,M,4382264.0,434766.0,30
201100026114,11,3,6,2032,5,2,1,1.0,6.0,30189,M,4384042.0,435819.0,30
201100026115,11,3,7,1155,1,2,1,1.0,3.0,30189,M,4382306.0,436430.0,30
201100026116,11,3,12,1419,1,2,3,2.0,3.0,30189,M,4381427.0,431511.0,30
201100026117,11,3,15,910,1,2,3,3.0,6.0,30189,M,4383089.0,432576.0,30
201100026118,11,3,18,1941,3,1,3,1.0,6.0,30189,M,4377937.0,434650.0,30
201100026119,11,3,21,1338,1,2,3,1.0,6.0,30189,M,4382552.0,436183.0,30
201100026120,11,3,24,1929,5,2,1,1.0,6.0,30189,M,4385614.0,439749.0,30
201100026121,11,3,25,1950,5,2,2,1.0,3.0,30189,M,4385857.0,432417.0,30
201100026122,11,3,26,1430,1,2,1,1.0,6.0,30189,M,4383128.0,439073.0,30
201100026123,11,3,27,1435,1,2,1,2.0,1.0,30189,M,4384223.0,431718.0,30
201100026124,11,4,1,115,5,2,2,1.0,3.0,30189,M,4383782.0,434520.0,30
201100026125,11,4,1,1648,1,2,1,1.0,6.0,30189,M,4383691.0,436892.0,30
201100026126,11,4,3,1523,1,2,3,1.0,6.0,30189,M,4381220.0,438245.0,30
201100026127,11,4,4,1900,1,2,2,1.0,3.0,30189,M,4385856.0,432429.0,30
201100026128,11,4,5,1620,1,2,1,1.0,3.0,30189,M,4382326.0,434985.0,30
201100026129,11,4,8,737,1,2,6,1.0,6.0,30189,M,4383221.0,438044.0,30
201100026130,11,4,10,952,1,2,1,1.0,6.0,30189,M,4383372.0,435369.0,30
201100026131,11,4,12,1148,1,2,1,1.0,6.0,30189,M,4384367.0,438584.0,30
201100026132,11,4,13,1853,1,2,2,1.0,3.0,30189,M,4380574.0,435440.0,30
201100026133,11,4,15,35,5,2,2,1.0,6.0,30189,M,4383907.0,436373.0,30
201100026134,11,4,17,131,5,2,2,1.0,7.0,30189,M,4383019.0,436724.0,30
201100026135,11,4,19,1344,1,2,1,1.0,6.0,30189,M,4384960.0,437396.0,30
201100026136,11,4,20,1815,1,2,1,1.0,5.0,30189,M,4384446.0,439329.0,30
201100026137,11,4,26,1934,1,2,2,1.0,3.0,30189,M,4385018.0,437781.0,30
201100026138,11,4,27,1540,1,2,3,1.0,3.0,30189,M,4381499.0,436871.0,30
201100026139,11,5,1,554,3,2,1,1.0,2.0,30189,M,4378884.0,435163.0,30
201100026140,11,5,3,740,1,2,2,1.0,6.0,30189,M,4383916.0,436576.0,30
201100026141,11,5,3,845,1,2,3,1.0,6.0,30189,M,4383032.0,435045.0,30
201100026142,11,5,5,1250,1,2,1,1.0,6.0,30189,M,4383414.0,436032.0,30
201100026143,11,5,11,758,1,2,1,1.0,1.0,30189,M,0.0,0.0,30
201100026144,11,5,14,1411,1,2,1,2.0,5.0,30189,M,4385296.0,440067.0,30
201100026145,11,5,14,2316,5,2,4,1.0,1.0,30189,M,4382285.0,436385.0,30
201100026146,11,5,15,2252,5,2,2,1.0,3.0,30189,M,4383451.0,435270.0,30
201100026147,11,5,17,635,1,1,1,1.0,6.0,30189,M,4387559.0,426661.0,30
201100026148,11,5,17,1235,1,2,1,1.0,6.0,30189,M,4384055.0,436034.0,30
201100026149,11,5,17,1852,1,2,1,1.0,6.0,30189,M,4385719.0,439865.0,30
201100026150,11,5,18,1431,1,1,1,1.0,5.0,30189,M,4385010.0,427900.0,30
201100026151,11,5,18,2001,1,2,2,1.0,1.0,30189,M,4382304.0,436433.0,30
201100026152,11,5,19,1341,1,2,1,1.0,6.0,30189,M,4383445.0,441278.0,30
201100026153,11,5,20,1504,1,2,1,1.0,2.0,30189,M,4381519.0,433568.0,30
201100026154,11,5,20,2041,1,2,3,1.0,3.0,30189,M,4382832.0,437325.0,30
201100026155,11,5,20,2312,5,2,2,1.0,3.0,30189,M,4381042.0,433669.0,30
201100026156,11,5,23,1055,1,2,3,1.0,3.0,30189,M,4382037.0,434029.0,30
201100026157,11,5,26,1308,1,2,2,1.0,3.0,30189,M,4382077.0,434641.0,30
201100026158,11,5,28,1644,1,2,1,1.0,6.0,30189,M,,,30
201100026159,11,5,29,1446,1,2,1,1.0,6.0,30189,M,4376389.0,439917.0,30
201100026160,11,5,30,1900,1,2,1,1.0,6.0,30189,M,4381112.0,436250.0,30
201100026161,11,5,30,2213,5,2,1,1.0,6.0,30189,M,4382591.0,435552.0,30
201100026162,11,5,31,1930,1,2,1,2.0,6.0,30189,M,4383862.0,436327.0,30
201100026163,11,6,1,1336,1,2,3,9.0,3.0,30189,M,4384722.0,439694.0,30
201100026164,11,6,4,2107,2,2,6,1.0,6.0,30189,M,4384244.0,436832.0,30
201100026165,11,6,6,45,5,2,1,1.0,6.0,30189,M,4383727.0,434124.0,30
201100026166,11,6,9,2145,2,2,2,1.0,3.0,30189,M,4382640.0,435650.0,30
201100026167,11,6,10,2045,2,2,2,1.0,3.0,30189,M,4383145.0,435845.0,30
201100026168,11,6,11,710,1,2,1,1.0,6.0,30189,M,,,30
201100026169,11,6,11,1340,1,2,1,1.0,7.0,30189,M,,,30
201100026170,11,6,12,320,5,2,1,1.0,2.0,30189,M,,,30
201100026171,11,6,13,103,5,2,1,1.0,6.0,30189,M,4383798.0,436305.0,30
201100026172,11,6,13,2017,1,2,6,1.0,2.0,30189,M,4381757.0,434762.0,30
201100026173,11,6,14,1622,1,2,1,1.0,4.0,30189,M,4383174.0,434368.0,30
201100026174,11,6,16,1758,1,2,2,1.0,3.0,30189,M,4384169.0,435993.0,30
201100026175,11,6,18,1900,1,2,2,1.0,3.0,30189,M,4383645.0,437621.0,30
201100026176,11,6,21,800,1,2,2,1.0,6.0,30189,M,4382847.0,435389.0,30
201100026177,11,6,21,1745,1,2,1,1.0,6.0,30189,M,4383447.0,434810.0,30
201100026178,11,6,24,2020,1,2,6,1.0,3.0,30189,M,4380996.0,436693.0,30
201100026179,11,6,26,149,5,2,6,1.0,6.0,30189,M,4386048.0,440289.0,30
201100026180,11,6,29,1618,1,2,7,1.0,2.0,30189,M,4383045.0,435200.0,30
201100026181,11,7,1,2031,1,1,1,1.0,1.0,30189,M,4377760.0,433981.0,30
201100026182,11,7,2,111,5,2,1,1.0,5.0,30189,M,4383401.0,441738.0,30
201100026183,11,7,2,746,1,2,1,1.0,1.0,30189,M,4383663.0,437087.0,30
201100026184,11,7,3,1110,1,2,2,1.0,3.0,30189,M,4382846.0,435391.0,30
201100026185,11,7,4,1509,1,2,6,2.0,6.0,30189,M,4381783.0,434750.0,30
201100026186,11,7,5,1725,1,2,1,1.0,6.0,30189,M,4383027.0,436991.0,30
201100026187,11,7,7,1025,1,1,1,1.0,6.0,30189,M,4383182.0,444066.0,30
201100026188,11,7,9,31,3,1,3,1.0,2.0,30189,M,4390220.0,428409.0,30
201100026189,11,7,10,46,3,1,3,1.0,6.0,30189,M,4389199.0,441889.0,30
201100026190,11,7,23,600,1,2,1,1.0,6.0,30189,M,4383164.0,432261.0,30
201100026191,11,7,23,445,1,2,2,1.0,3.0,30189,M,4383114.0,435207.0,30
201100026192,11,7,24,1847,1,2,2,1.0,3.0,30189,M,4383391.0,434721.0,30
201100026193,11,7,28,1805,1,2,1,1.0,1.0,30189,M,4381957.0,438791.0,30
201100026194,11,7,31,1629,1,2,1,1.0,2.0,30189,M,4378373.0,435487.0,30
201100026195,11,8,2,739,1,2,2,1.0,4.0,30189,M,4383090.0,432303.0,30
201100026196,11,8,3,1833,1,2,1,1.0,6.0,30189,M,4382466.0,433477.0,30
201100026197,11,8,5,1622,1,2,1,1.0,2.0,30189,M,4381262.0,432893.0,30
201100026198,11,8,5,1650,1,1,2,1.0,3.0,30189,M,4382026.0,434538.0,30
201100026199,11,8,6,2027,2,2,3,1.0,3.0,30189,M,4383518.0,436896.0,30
201100026200,11,8,8,1823,1,2,3,1.0,6.0,30189,M,4383691.0,437119.0,30
201100026201,11,8,9,1240,1,2,1,1.0,2.0,30189,M,4381529.0,432060.0,30
201100026202,11,8,10,1340,1,2,2,1.0,6.0,30189,M,4383918.0,435523.0,30
201100026203,11,8,10,2210,5,2,2,1.0,2.0,30189,M,4382860.0,435457.0,30
201100026204,11,8,10,1616,1,2,6,1.0,2.0,30189,M,4382007.0,435809.0,30
201100026205,11,8,11,1937,2,2,3,1.0,6.0,30189,M,4383916.0,436595.0,30
201100026206,11,8,14,1258,1,2,1,1.0,6.0,30189,M,4383415.0,432577.0,30
201100026207,11,8,17,2140,5,1,3,1.0,2.0,30189,M,4386263.0,437696.0,30
201100026208,11,8,19,1832,1,1,1,1.0,1.0,30189,M,4347490.0,420490.0,30
201100026209,11,8,22,750,1,1,6,1.0,3.0,30189,M,4385715.0,440485.0,30
201100026210,11,8,23,1330,1,2,6,1.0,3.0,30189,M,4381581.0,434139.0,30
201100026211,11,8,23,1450,1,2,1,1.0,3.0,30189,M,4382433.0,435381.0,30
201100026212,11,8,24,1050,1,2,1,1.0,6.0,30189,M,,,30
201100026213,11,8,26,1226,1,2,1,2.0,6.0,30189,M,4384144.0,437594.0,30
201100026214,11,8,28,7,5,2,3,1.0,3.0,30189,M,4383796.0,435192.0,30
201100026215,11,8,28,223,3,2,1,1.0,7.0,30189,M,4383379.0,441980.0,30
201100026216,11,8,30,1110,1,2,1,1.0,2.0,30189,M,4382114.0,434739.0,30
201100026217,11,9,2,1226,1,2,1,1.0,6.0,30189,M,4383280.0,435182.0,30
201100026218,11,9,5,850,1,1,3,1.0,3.0,30189,M,4380525.0,433644.0,30
201100026219,11,9,5,1100,1,2,3,1.0,3.0,30189,M,4383362.0,435317.0,30
201100026220,11,9,5,1649,1,2,2,1.0,6.0,30189,M,4382841.0,435486.0,30
201100026221,11,9,8,354,5,2,1,1.0,6.0,30189,M,4384280.0,438255.0,30
201100026222,11,9,8,2120,5,2,3,1.0,4.0,30189,M,4384027.0,435722.0,30
201100026223,11,9,9,1239,1,2,1,1.0,3.0,30189,M,0.0,0.0,30
201100026224,11,9,9,1536,1,2,6,1.0,3.0,30189,M,4382352.0,432796.0,30
201100026225,11,9,13,1351,1,2,7,1.0,6.0,30189,M,4383637.0,435096.0,30
201100026226,11,9,15,1825,1,2,2,1.0,3.0,30189,M,4383902.0,437415.0,30
201100026227,11,9,16,930,1,2,6,1.0,3.0,30189,M,4384357.0,430917.0,30
201100026228,11,9,16,1338,1,2,1,1.0,1.0,30189,M,4384736.0,436649.0,30
201100026229,11,9,19,1840,1,2,2,1.0,3.0,30189,M,4382847.0,435390.0,30
201100026230,11,9,20,1702,1,2,3,1.0,7.0,30189,M,4383698.0,438714.0,30
201100026231,11,9,20,2342,5,2,1,1.0,3.0,30189,M,4383830.0,436371.0,30
201100026232,11,9,21,940,1,2,2,1.0,6.0,30189,M,4383692.0,437110.0,30
201100026233,11,9,21,1722,1,2,1,1.0,3.0,30189,M,4381951.0,433680.0,30
201100026234,11,9,22,907,1,2,1,1.0,6.0,30189,M,4384238.0,438537.0,30
201100026235,11,9,23,844,1,1,6,1.0,4.0,30189,M,4381782.0,434749.0,30
201100026236,11,9,24,1521,1,2,1,1.0,6.0,30189,M,4384567.0,438458.0,30
201100026237,11,9,26,1825,1,2,1,1.0,6.0,30189,M,4384208.0,438717.0,30
201100026238,11,9,27,1410,1,2,6,1.0,3.0,30189,M,4382212.0,436500.0,30
201100026239,11,9,27,1517,1,1,2,1.0,3.0,30189,M,4380516.0,433660.0,30
201100026240,11,9,29,2236,5,2,2,1.0,7.0,30189,M,4384011.0,436781.0,30
201100026241,11,9,30,1539,1,1,3,1.0,2.0,30189,M,4380497.0,433680.0,30
201100026242,11,9,30,1827,1,2,1,1.0,3.0,30189,M,4382179.0,434398.0,30
201100026243,11,10,3,1800,1,2,1,1.0,3.0,30189,M,4381254.0,432899.0,30
201100026244,11,9,28,1139,1,2,3,1.0,2.0,30189,M,4383868.0,434328.0,30
201100026245,11,10,5,1659,1,2,3,1.0,3.0,30189,M,4383448.0,436517.0,30
201100026246,11,10,6,838,1,2,3,1.0,6.0,30189,M,4381525.0,434417.0,30
201100026247,11,10,6,1836,1,2,2,1.0,3.0,30189,M,4380526.0,433644.0,30
201100026248,11,10,6,2019,2,2,3,2.0,3.0,30189,M,4384011.0,431938.0,30
201100026249,11,10,7,2203,5,2,3,1.0,3.0,30189,M,4383740.0,434695.0,30
201100026250,11,10,8,700,3,2,1,1.0,3.0,30189,M,4385921.0,440867.0,30
201100026251,11,10,5,1302,1,1,3,1.0,3.0,30189,M,4384836.0,441220.0,30
201100026252,11,10,8,1803,1,2,3,1.0,3.0,30189,M,4383976.0,435298.0,30
201100026253,11,10,4,1100,1,2,1,1.0,6.0,30189,M,4381254.0,432899.0,30
201100026254,11,10,8,1937,5,2,3,1.0,3.0,30189,M,4382276.0,433952.0,30
201100026255,11,10,10,1338,1,2,1,1.0,3.0,30189,M,4382354.0,435642.0,30
201100026256,11,10,10,1614,1,2,3,1.0,3.0,30189,M,4381740.0,435848.0,30
201100026257,11,10,11,1412,1,2,3,1.0,2.0,30189,M,4382037.0,434026.0,30
201100026258,11,10,12,1317,1,2,3,1.0,3.0,30189,M,4386752.0,430116.0,30
201100026259,11,10,12,1829,1,2,3,1.0,3.0,30189,M,4385609.0,433712.0,30
201100026260,11,10,13,1723,1,2,6,1.0,3.0,30189,M,4382428.0,436959.0,30
201100026261,11,10,15,1351,1,2,1,1.0,2.0,30189,M,4383094.0,432303.0,30
201100026262,11,10,15,1733,1,2,3,1.0,3.0,30189,M,4383348.0,438223.0,30
201100026263,11,10,18,1127,1,2,1,1.0,3.0,30189,M,4382313.0,435158.0,30
201100026264,11,10,2,1530,1,2,1,1.0,3.0,30189,M,4384167.0,436725.0,30
201100026265,11,10,20,839,1,2,3,1.0,3.0,30189,M,4382505.0,437874.0,30
201100026266,11,10,21,1228,1,2,2,1.0,3.0,30189,M,4380526.0,433644.0,30
201100026267,11,10,21,1440,1,2,1,1.0,4.0,30189,M,4383252.0,438454.0,30
201100026268,11,10,21,1757,1,2,1,1.0,2.0,30189,M,4383660.0,433552.0,30
201100026269,11,10,21,1951,5,2,1,1.0,4.0,30189,M,4383916.0,432004.0,30
201100026270,11,10,21,2101,5,2,3,1.0,2.0,30189,M,4381581.0,434896.0,30
201100026271,11,10,24,1340,1,2,1,2.0,7.0,30189,M,4383291.0,436501.0,30
201100026272,11,10,27,245,5,2,2,1.0,6.0,30189,M,4384356.0,436774.0,30
201100026273,11,10,28,2115,5,2,3,2.0,3.0,30189,M,4383335.0,435623.0,30