Num_Acc,an,mois,jour,hrmn,lum,agg,int,atm,col,com,gps,lat,long,dep
201100026274,11,10,29,944,1,1,1,2.0,7.0,30189,M,4387038.0,432219.0,30
201100026275,11,11,1,1727,2,2,1,2.0,4.0,30189,M,4381940.0,435340.0,30
201100026276,11,11,2,1916,5,2,3,1.0,3.0,30189,M,4382809.0,434772.0,30
201100026277,11,11,5,1423,1,2,1,3.0,4.0,30189,M,4380611.0,437223.0,30
201100026278,11,11,7,2156,3,1,1,1.0,7.0,30189,M,4388940.0,429336.0,30
201100026279,11,11,11,2149,3,1,3,1.0,3.0,30189,M,4390216.0,428414.0,30
201100026280,11,11,12,2207,5,2,1,1.0,1.0,30189,M,4383929.0,436949.0,30
201100026281,11,11,14,1324,1,2,1,1.0,2.0,30189,M,4381924.0,435244.0,30
201100026282,11,11,14,1737,3,2,1,1.0,4.0,30189,M,4383333.0,442388.0,30
201100026283,11,11,15,838,1,2,2,1.0,3.0,30189,M,4385784.0,438621.0,30
201100026284,11,11,15,1607,1,2,3,1.0,3.0,30189,M,4383739.0,434695.0,30
201100026285,11,11,17,106,5,2,1,1.0,6.0,30189,M,4384359.0,436500.0,30
201100026286,11,11,18,1823,3,2,3,1.0,3.0,30189,M,4383688.0,433907.0,30
201100026287,11,11,18,2146,5,2,1,1.0,4.0,30189,M,4382617.0,433234.0,30
201100026288,11,11,19,1328,1,1,3,2.0,7.0,30189,M,4380527.0,433642.0,30
201100026289,11,11,19,1752,5,2,1,2.0,6.0,30189,M,4382056.0,434594.0,30
201100026290,11,11,21,755,1,2,1,1.0,3.0,30189,M,4384413.0,435103.0,30
201100026291,11,11,24,2032,3,1,6,1.0,6.0,30189,M,4378371.0,435485.0,30
201100026292,11,11,26,1513,1,2,6,1.0,2.0,30189,M,4381564.0,434086.0,30
201100026293,11,11,26,2048,5,2,1,1.0,2.0,30189,M,4382004.0,433589.0,30
201100026294,11,11,28,1432,1,2,1,1.0,6.0,30189,M,4384395.0,438246.0,30
201100026295,11,12,2,1650,1,2,3,1.0,6.0,30189,M,4382669.0,435687.0,30
201100026296,11,12,2,2108,5,2,6,1.0,3.0,30189,M,4381578.0,434838.0,30
201100026297,11,12,5,1950,3,2,9,1.0,1.0,30189,M,4382264.0,434769.0,30
201100026298,11,12,7,1420,1,2,1,1.0,3.0,30189,M,4381560.0,433634.0,30
201100026299,11,12,7,1455,1,2,1,1.0,2.0,30189,M,4382469.0,436086.0,30
201100026300,11,12,8,832,1,2,1,1.0,6.0,30189,M,4383705.0,437012.0,30
201100026301,11,12,9,833,2,1,1,1.0,2.0,30189,M,0.0,0.0,30
201100026302,11,12,10,318,3,1,1,1.0,6.0,30189,M,4388793.0,429605.0,30
201100026303,11,12,11,1145,1,1,1,1.0,4.0,30189,M,,,30
201100026304,11,12,12,906,1,2,2,1.0,3.0,30189,M,4380528.0,433643.0,30
201100026305,11,12,12,1106,1,2,2,1.0,3.0,30189,M,4382306.0,436431.0,30
201100026306,11,12,13,800,2,2,1,1.0,3.0,30189,M,4384532.0,434557.0,30
201100026307,11,12,13,903,1,2,2,1.0,3.0,30189,M,4380528.0,433643.0,30
201100026308,11,12,14,1554,1,1,1,1.0,7.0,30189,M,4388162.0,437912.0,30
201100026309,11,12,16,249,3,1,1,1.0,7.0,30189,M,4391747.0,438792.0,30
201100026310,11,12,16,812,1,1,2,1.0,3.0,30189,M,4381487.0,434155.0,30
201100026311,11,12,17,8,3,1,1,2.0,2.0,30189,M,4385458.0,432204.0,30
201100026312,11,12,17,1725,2,2,1,1.0,5.0,30189,M,4382581.0,437744.0,30
201100026313,11,12,20,1632,1,2,1,1.0,1.0,30189,M,4381157.0,433077.0,30
201100026314,11,12,22,1547,1,2,2,1.0,6.0,30189,M,4383380.0,436001.0,30
201100026315,11,12,24,36,3,2,1,1.0,2.0,30189,M,4383997.0,436352.0,30
201100026316,11,12,25,2003,5,2,1,1.0,6.0,30189,M,4383637.0,436367.0,30
201100026317,11,12,27,420,5,2,1,1.0,7.0,30189,M,4382403.0,432875.0,30
201100026318,11,12,27,1558,1,2,1,1.0,6.0,30189,M,4381616.0,432166.0,30
201100026319,11,12,28,1123,1,2,2,1.0,3.0,30189,M,4383786.0,434991.0,30
201100026320,11,1,29,550,3,1,1,1.0,6.0,30011,M,4394984.0,476690.0,30
201100026321,11,3,30,1220,1,1,1,1.0,6.0,30011,M,,,30
201100026322,11,4,2,1045,1,1,3,1.0,3.0,30011,M,4394062.0,477406.0,30
201100026323,11,4,8,530,3,1,1,1.0,6.0,30011,M,4392773.0,473914.0,30
201100026324,11,5,25,2250,5,2,1,1.0,6.0,30011,M,4396056.0,475009.0,30
201100026325,11,7,8,1813,1,2,3,1.0,3.0,30351,M,4397643.0,478148.0,30
201100026326,11,10,17,1710,1,1,3,1.0,2.0,30011,M,4393575.0,475003.0,30
201100026327,11,1,23,2015,3,1,1,1.0,6.0,23247,M,4622000.0,171700.0,23
201100026328,11,3,25,900,1,1,1,1.0,1.0,23068,M,0.0,0.0,23
201100026329,11,4,1,1200,1,1,1,1.0,7.0,23193,M,0.0,0.0,23
201100026330,11,4,18,1500,1,1,1,1.0,1.0,23262,M,0.0,0.0,23
201100026331,11,7,1,1745,1,1,1,1.0,3.0,23101,M,0.0,0.0,23
201100026332,11,10,21,1300,1,2,1,1.0,3.0,23001,M,4608900.0,204599.0,23
201100026333,11,11,5,1345,1,1,1,2.0,7.0,23247,M,4622200.0,170800.0,23
201100026334,11,11,11,1800,3,1,1,1.0,6.0,23154,M,4620300.0,200800.0,23
201100026335,11,12,4,645,3,1,1,3.0,6.0,23247,M,0.0,0.0,23
201100026336,11,4,9,1340,1,2,1,1.0,3.0,31069,M,,,31
201100026337,11,5,28,808,1,2,6,9.0,3.0,31069,M,4363492.0,138172.0,31
201100026338,11,2,8,1000,1,2,2,1.0,3.0,31149,M,4362283.0,132865.0,31
201100026339,11,3,15,1055,1,2,1,1.0,6.0,31149,M,4361030.0,133358.0,31
201100026340,11,3,26,1800,1,2,6,1.0,3.0,31149,M,4361284.0,133189.0,31
201100026341,11,4,21,750,1,1,1,1.0,6.0,31149,M,,,31
201100026342,11,2,3,245,5,2,1,1.0,6.0,31149,M,4362229.0,133386.0,31
201100026343,11,3,15,900,1,2,1,1.0,5.0,31555,M,4361221.0,137876.0,31
201100026344,11,3,25,1610,1,2,1,1.0,6.0,31149,M,4361979.0,134345.0,31
201100026345,11,6,8,559,2,2,1,1.0,2.0,31149,M,4361266.0,133260.0,31
201100026346,11,1,5,1410,1,2,1,1.0,6.0,31565,M,,,31
201100026347,11,1,26,1625,1,2,1,1.0,3.0,31483,M,,,31
201100026348,11,1,7,2020,3,2,1,1.0,6.0,31483,M,,,31
201100026349,11,2,3,1450,1,2,1,1.0,3.0,31483,M,,,31
201100026350,11,2,20,1210,1,2,1,1.0,3.0,31483,M,,,31
201100026351,11,2,23,1700,1,2,9,2.0,7.0,31565,M,,,31
201100026352,11,3,2,515,3,1,1,1.0,6.0,31565,M,4309350.0,68271.0,31
201100026353,11,3,3,1900,2,2,1,1.0,6.0,31483,M,4310915.0,74570.0,31
201100026354,11,3,9,1920,1,2,2,1.0,3.0,31483,M,4310794.0,72660.0,31
201100026355,11,3,9,1845,1,2,1,1.0,2.0,31483,M,4310794.0,72654.0,31
201100026356,11,3,28,1110,1,1,1,2.0,7.0,31483,M,,,31
201100026357,11,3,26,1030,1,1,1,1.0,4.0,31483,M,4314746.0,74391.0,31
201100026358,11,4,1,1115,1,2,1,1.0,4.0,31483,M,,,31
201100026359,11,4,2,1705,1,2,4,1.0,6.0,31483,M,,,31
201100026360,11,4,2,1635,1,1,1,1.0,7.0,31483,M,4312899.0,72416.0,31
201100026361,11,4,8,1015,1,1,1,1.0,2.0,31483,M,,,31
201100026362,11,4,17,1145,1,1,1,1.0,7.0,31483,M,4310055.0,72816.0,31
201100026363,11,4,30,2000,1,1,3,1.0,1.0,31565,M,,,31
201100026364,11,5,8,2000,1,2,8,1.0,6.0,31565,M,4309006.0,70685.0,31
201100026365,11,5,7,2255,3,1,1,1.0,6.0,31344,M,,,31
201100026366,11,5,9,1730,1,2,1,1.0,6.0,31483,M,4311075.0,72951.0,31
201100026367,11,5,10,1825,1,1,1,1.0,6.0,31483,M,,,31
201100026368,11,5,14,1400,1,2,1,2.0,7.0,31483,M,,,31
201100026369,11,6,27,1530,1,2,1,1.0,2.0,31483,M,4311133.0,74069.0,31
201100026370,11,7,19,1320,1,2,1,2.0,7.0,31483,M,4311161.0,72240.0,31
201100026371,11,7,19,1600,1,2,1,1.0,7.0,31483,M,4310718.0,72387.0,31
201100026372,11,8,6,1350,1,2,1,1.0,7.0,31483,M,4311487.0,72950.0,31
201100026373,11,8,10,2220,3,2,1,1.0,6.0,31565,M,4309440.0,68885.0,31
201100026374,11,8,13,2345,5,2,1,1.0,2.0,31344,M,4309227.0,74068.0,31
201100026375,11,8,29,1730,1,1,1,1.0,7.0,31344,M,,,31
201100026376,11,9,2,848,1,2,1,1.0,7.0,31483,M,4311014.0,72107.0,31
201100026377,11,9,14,1715,1,1,1,1.0,4.0,31483,M,4310140.0,70649.0,31
201100026378,11,9,19,1455,1,2,2,1.0,3.0,31483,M,4310877.0,72174.0,31
201100026379,11,9,27,1830,1,2,1,1.0,6.0,31483,M,4311299.0,72599.0,31
201100026380,11,9,30,1815,1,2,1,1.0,4.0,31483,M,4310967.0,73075.0,31
201100026381,11,10,15,1825,1,1,1,1.0,7.0,31483,M,4314034.0,73545.0,31
201100026382,11,10,26,840,2,2,6,7.0,3.0,31483,M,4311258.0,71405.0,31
201100026383,11,11,4,1255,1,2,3,1.0,3.0,31483,M,4311120.0,73968.0,31
201100026384,11,11,4,1745,5,2,1,1.0,6.0,31483,M,,,31
201100026385,11,11,8,1120,1,2,6,1.0,3.0,31344,M,4309306.0,74282.0,31
201100026386,11,11,10,1705,1,2,3,1.0,3.0,31483,M,4311187.0,71881.0,31
201100026387,11,12,7,1915,3,1,1,1.0,3.0,31483,M,4309206.0,73621.0,31
201100026388,11,12,2,1345,1,2,2,1.0,6.0,31483,M,4310923.0,72347.0,31
201100026389,11,12,14,1220,1,2,1,3.0,2.0,31483,M,4311504.0,73249.0,31
201100026390,11,12,26,45,5,2,1,1.0,6.0,31483,M,4309790.0,70652.0,31
201100026391,11,1,21,2335,3,2,1,1.0,6.0,31247,M,,,31
201100026392,11,9,23,1215,1,2,2,1.0,3.0,69277,M,0.0,0.0,69
201100026393,11,10,14,1300,1,2,1,1.0,2.0,69277,M,0.0,0.0,69
201100026394,11,1,1,310,5,2,1,1.0,2.0,31555,M,,,31
201100026395,11,1,1,445,5,2,1,1.0,6.0,31555,M,,,31
201100026396,11,1,1,1645,1,2,1,1.0,2.0,31555,M,,,31
201100026397,11,1,1,1820,5,2,1,1.0,6.0,31555,M,,,31
201100026398,11,1,1,2250,5,2,3,1.0,3.0,31555,M,,,31
201100026399,11,1,3,1600,1,2,3,1.0,3.0,31555,M,,,31
201100026400,11,1,3,1605,1,2,1,1.0,6.0,31555,M,,,31
201100026401,11,1,4,1508,1,2,1,1.0,5.0,31555,M,,,31
201100026402,11,1,6,130,5,2,1,1.0,7.0,31555,M,,,31
201100026403,11,1,6,750,5,2,1,1.0,6.0,31555,M,,,31
201100026404,11,1,7,2320,5,2,1,1.0,6.0,31555,M,,,31
201100026405,11,1,8,210,5,1,1,1.0,6.0,31555,M,,,31
201100026406,11,1,8,2120,5,1,1,1.0,3.0,31555,M,,,31
201100026407,11,1,9,1650,1,2,1,2.0,7.0,31149,M,,,31
201100026408,11,1,9,2230,5,2,1,1.0,4.0,31555,M,,,31
201100026409,11,1,10,650,5,2,1,1.0,6.0,31555,M,,,31
201100026410,11,1,10,720,5,2,3,1.0,1.0,31555,M,,,31
201100026411,11,1,10,2200,5,2,1,1.0,6.0,31555,M,,,31
201100026412,11,1,14,515,5,2,1,1.0,1.0,31555,M,,,31
201100026413,11,1,14,545,5,2,1,1.0,7.0,31555,M,,,31
201100026414,11,1,14,1830,5,2,1,1.0,6.0,31555,M,,,31
201100026415,11,1,15,645,5,1,1,1.0,2.0,31433,M,,,31
201100026416,11,1,15,1120,1,2,1,1.0,6.0,31555,M,,,31
201100026417,11,1,15,1415,1,2,3,1.0,3.0,31555,M,,,31
201100026418,11,1,15,2105,5,2,1,1.0,7.0,31555,M,,,31
201100026419,11,1,16,125,5,2,1,1.0,7.0,31555,M,,,31
201100026420,11,1,16,1105,1,2,1,1.0,3.0,31555,M,,,31
201100026421,11,1,13,1440,1,2,1,1.0,3.0,31555,M,,,31
201100026422,11,1,17,2320,5,2,1,1.0,3.0,31555,M,,,31
201100026423,11,1,18,800,1,2,1,1.0,3.0,31555,M,,,31
201100026424,11,1,18,1215,1,2,1,1.0,4.0,31555,M,,,31
201100026425,11,1,18,2230,5,1,1,1.0,3.0,31555,M,,,31
201100026426,11,1,19,1000,1,2,1,1.0,2.0,31555,M,,,31
201100026427,11,1,20,845,1,1,1,1.0,2.0,31555,M,,,31
201100026428,11,1,20,1030,1,2,1,1.0,1.0,31555,M,,,31
201100026429,11,1,21,757,5,2,3,1.0,6.0,31555,M,,,31
201100026430,11,1,21,810,1,2,1,1.0,3.0,31555,M,,,31
201100026431,11,1,21,1338,1,2,1,1.0,6.0,31555,M,,,31
201100026432,11,1,21,1615,1,2,1,1.0,4.0,31555,M,,,31
201100026433,11,1,23,445,5,2,1,1.0,6.0,31555,M,,,31
201100026434,11,1,24,1720,1,2,1,1.0,5.0,31555,M,,,31
201100026435,11,1,25,1610,1,2,1,1.0,6.0,31555,M,,,31
201100026436,11,1,26,1300,1,2,3,1.0,3.0,31555,M,,,31
201100026437,11,1,26,1340,1,2,6,1.0,7.0,31555,M,,,31
201100026438,11,1,29,115,5,2,1,1.0,6.0,31555,M,,,31
201100026439,11,1,29,1450,1,2,1,1.0,3.0,31555,M,,,31
201100026440,11,1,28,1550,1,2,3,1.0,3.0,31555,M,,,31
201100026441,11,1,29,2145,5,1,1,1.0,2.0,31555,M,,,31
201100026442,11,1,30,100,5,2,1,2.0,5.0,31555,M,,,31
201100026443,11,1,31,1400,1,2,1,1.0,3.0,31555,M,,,31
201100026444,11,1,31,1715,1,2,1,1.0,2.0,31555,M,,,31
201100026445,11,1,31,1800,5,2,1,1.0,6.0,31555,M,,,31
201100026446,11,1,30,120,5,2,1,1.0,7.0,31555,M,,,31
201100026447,11,2,3,1740,2,2,1,1.0,6.0,31555,M,,,31
201100026448,11,2,3,1740,1,2,1,1.0,4.0,31555,M,,,31
201100026449,11,2,3,2015,5,2,1,1.0,3.0,31555,M,,,31
201100026450,11,2,4,215,5,2,1,1.0,6.0,31555,M,,,31
201100026451,11,2,4,1050,1,2,1,1.0,2.0,31555,M,,,31
201100026452,11,2,5,600,5,1,1,1.0,2.0,31555,M,,,31
201100026453,11,2,4,920,1,2,1,1.0,2.0,31555,M,,,31
201100026454,11,2,4,1819,2,2,1,1.0,6.0,31555,M,,,31
201100026455,11,2,4,1900,5,2,3,1.0,3.0,31555,M,,,31
201100026456,11,2,5,2115,5,2,1,1.0,6.0,31555,M,,,31
201100026457,11,2,6,115,5,2,3,1.0,6.0,31555,M,,,31
201100026458,11,2,8,940,1,2,1,1.0,3.0,31555,M,,,31
201100026459,11,2,8,1550,1,2,1,1.0,3.0,31555,M,,,31
201100026460,11,2,9,10,5,2,1,1.0,6.0,31555,M,,,31
201100026461,11,2,9,1300,1,1,1,1.0,3.0,31555,M,,,31
201100026462,11,2,9,2000,5,2,1,1.0,3.0,31555,M,,,31
201100026463,11,2,10,2140,5,1,1,1.0,5.0,31555,M,,,31
201100026464,11,2,11,2100,5,2,1,1.0,5.0,31555,M,,,31
201100026465,11,2,12,105,5,2,6,1.0,3.0,31555,M,,,31
201100026466,11,2,12,1200,1,2,3,1.0,3.0,31555,M,,,31
201100026467,11,2,12,1715,1,2,1,1.0,6.0,31555,M,,,31
201100026468,11,2,13,5,5,1,1,1.0,6.0,31555,M,,,31
201100026469,11,2,14,645,5,2,1,2.0,1.0,31555,M,,,31
201100026470,11,2,14,655,3,2,1,2.0,2.0,31555,M,,,31
201100026471,11,2,14,700,5,2,1,1.0,4.0,31555,M,,,31
201100026472,11,2,14,745,2,2,6,2.0,2.0,31555,M,,,31
201100026473,11,2,14,1930,5,2,1,1.0,3.0,31555,M,,,31
201100026474,11,2,14,1530,1,2,1,1.0,3.0,31555,M,,,31
201100026475,11,2,15,1040,1,2,1,1.0,6.0,31555,M,,,31
201100026476,11,2,12,1920,5,2,1,2.0,1.0,31555,M,,,31
201100026477,11,2,16,1430,1,2,1,1.0,3.0,31555,M,,,31
201100026478,11,2,17,2015,5,2,1,1.0,6.0,31555,M,,,31
201100026479,11,2,18,2040,5,2,2,1.0,3.0,31555,M,,,31
201100026480,11,2,19,930,1,2,3,1.0,3.0,31555,M,,,31
201100026481,11,2,20,430,5,1,1,1.0,7.0,31555,M,,,31
201100026482,11,2,20,1845,2,2,1,1.0,1.0,31555,M,,,31
201100026483,11,2,21,845,1,2,1,1.0,2.0,31555,M,,,31
201100026484,11,2,22,1705,1,2,1,3.0,3.0,31555,M,,,31
201100026485,11,2,22,1900,5,2,1,2.0,6.0,31555,M,,,31
201100026486,11,2,22,2200,5,2,3,2.0,1.0,31555,M,,,31
201100026487,11,2,22,2255,5,2,3,2.0,1.0,31555,M,4362900.0,147650.0,31
201100026488,11,2,23,1900,5,2,1,1.0,2.0,31555,M,,,31
201100026489,11,2,23,1720,1,2,1,1.0,6.0,31555,M,,,31
201100026490,11,2,23,950,1,2,1,1.0,6.0,31555,M,,,31
201100026491,11,2,24,745,1,2,2,2.0,3.0,31555,M,,,31
201100026492,11,2,24,1800,2,2,1,1.0,6.0,31555,M,,,31
201100026493,11,2,24,2250,1,2,1,1.0,3.0,31555,M,,,31
201100026494,11,2,26,149,5,2,1,1.0,6.0,31555,M,,,31
201100026495,11,2,27,1330,1,2,1,1.0,6.0,31555,M,,,31
201100026496,11,2,27,1454,1,2,3,1.0,3.0,31555,M,,,31
201100026497,11,2,28,1540,1,2,1,1.0,6.0,31555,M,,,31
201100026498,11,2,28,1645,1,2,3,1.0,3.0,31555,M,,,31
201100026499,11,3,2,500,5,1,1,2.0,3.0,31555,M,,,31
201100026500,11,3,4,702,5,2,1,1.0,5.0,31555,M,,,31
201100026501,11,3,4,1215,1,2,1,1.0,6.0,31555,M,4356273.0,142515.0,31
201100026502,11,3,4,1800,1,2,1,1.0,6.0,31555,M,,,31
201100026503,11,3,5,250,5,2,1,1.0,6.0,31555,M,,,31
201100026504,11,3,6,30,5,1,1,1.0,7.0,31555,M,,,31
201100026505,11,3,6,320,5,2,2,1.0,7.0,31555,M,,,31
201100026506,11,3,6,2030,5,2,1,1.0,3.0,31555,M,,,31
201100026507,11,3,6,2325,5,2,1,1.0,7.0,31555,M,,,31
201100026508,11,3,6,1145,1,2,1,1.0,3.0,31555,M,,,31
201100026509,11,3,7,920,1,2,1,1.0,6.0,31555,M,,,31
201100026510,11,3,7,920,1,2,2,1.0,1.0,31555,M,,,31
201100026511,11,3,7,1855,2,2,2,1.0,3.0,31555,M,,,31
201100026512,11,3,8,1100,1,1,1,1.0,1.0,31555,M,,,31
201100026513,11,3,9,745,1,1,1,1.0,5.0,31555,M,,,31
201100026514,11,3,10,1245,1,2,6,1.0,3.0,31555,M,,,31
201100026515,11,3,10,2010,5,2,3,1.0,3.0,31555,M,,,31
201100026516,11,3,10,1640,1,2,1,1.0,3.0,31555,M,,,31
201100026517,11,3,11,1615,1,2,1,1.0,6.0,31555,M,4360238.0,147082.0,31
201100026518,11,3,12,550,5,2,1,1.0,7.0,31555,M,4361189.0,142551.0,31
201100026519,11,3,11,1545,1,2,3,1.0,3.0,31555,M,,,31
201100026520,11,3,12,5,5,2,1,1.0,3.0,31555,M,,,31
201100026521,11,3,12,1040,1,2,3,1.0,3.0,31555,M,,,31
201100026522,11,3,14,1335,1,2,1,1.0,6.0,31555,M,,,31
201100026523,11,3,14,1530,1,2,1,1.0,3.0,31555,M,,,31
201100026524,11,3,16,315,5,1,1,2.0,7.0,31555,M,,,31
201100026525,11,3,15,1620,1,2,2,2.0,3.0,31555,M,4362130.0,145788.0,31
201100026526,11,3,18,930,1,2,1,1.0,3.0,31555,M,,,31
201100026527,11,3,18,1340,1,2,1,1.0,3.0,31555,M,,,31
201100026528,11,3,20,15,5,2,1,1.0,3.0,31555,M,,,31
201100026529,11,3,20,1315,1,2,1,1.0,2.0,31555,M,,,31
201100026530,11,3,20,1715,1,2,1,1.0,6.0,31555,M,,,31
201100026531,11,3,18,1515,1,2,4,1.0,3.0,31555,M,,,31
201100026532,11,3,19,10,5,1,1,1.0,3.0,31555,M,,,31
201100026533,11,3,18,2150,5,2,2,1.0,3.0,31555,M,,,31
201100026534,11,3,19,2250,5,2,1,1.0,3.0,31555,M,,,31
201100026535,11,3,16,1110,1,2,1,2.0,6.0,31555,M,,,31
201100026536,11,3,21,1954,5,2,3,1.0,2.0,31555,M,,,31
201100026537,11,3,22,830,1,2,1,1.0,6.0,31555,M,,,31
201100026538,11,3,22,1650,1,2,1,1.0,6.0,31555,M,,,31
201100026539,11,3,23,2100,5,2,3,1.0,3.0,31555,M,,,31
201100026540,11,3,24,200,5,1,1,1.0,3.0,31555,M,,,31
201100026541,11,3,24,1715,1,2,2,1.0,3.0,31555,M,,,31
201100026542,11,3,24,2325,3,1,1,1.0,3.0,31555,M,,,31
201100026543,11,3,24,2325,5,2,1,1.0,6.0,31555,M,,,31
201100026544,11,3,25,40,5,2,1,1.0,6.0,31555,M,,,31
201100026545,11,3,27,2100,5,2,1,1.0,2.0,31555,M,,,31
201100026546,11,2,12,1900,5,2,4,3.0,6.0,31555,M,4362470.0,147480.0,31
201100026547,11,3,30,2010,5,2,3,2.0,3.0,31555,M,,,31
201100026548,11,3,31,1940,1,2,1,1.0,3.0,31555,M,,,31
201100026549,11,4,1,305,5,2,1,1.0,7.0,31555,M,,,31
201100026550,11,4,1,1045,1,2,1,1.0,6.0,31555,M,,,31
201100026551,11,4,1,2000,5,2,1,1.0,6.0,31555,M,,,31
201100026552,11,4,1,2050,5,2,1,1.0,2.0,31555,M,,,31
201100026553,11,4,4,1740,1,2,1,1.0,4.0,31555,M,,,31
201100026554,11,4,5,830,1,2,1,1.0,3.0,31555,M,,,31
201100026555,11,4,6,945,1,1,1,1.0,4.0,31555,M,,,31
201100026556,11,4,6,1100,1,2,1,1.0,6.0,31555,M,,,31
201100026557,11,4,6,1217,1,2,1,1.0,4.0,31555,M,,,31
201100026558,11,4,6,1640,1,1,1,1.0,3.0,31555,M,,,31
201100026559,11,4,7,820,1,1,1,1.0,4.0,31555,M,,,31
201100026560,11,4,8,515,5,2,3,1.0,3.0,31555,M,,,31
201100026561,11,4,8,2255,5,1,1,1.0,2.0,31555,M,,,31
201100026562,11,4,9,655,5,2,1,1.0,6.0,31555,M,,,31
201100026563,11,4,9,1551,1,2,6,1.0,3.0,31555,M,,,31
201100026564,11,4,9,1930,1,2,1,1.0,6.0,31555,M,,,31
201100026565,11,4,10,2005,2,2,1,1.0,2.0,31555,M,,,31
201100026566,11,4,11,1800,1,2,3,1.0,3.0,31555,M,,,31
201100026567,11,4,14,820,1,2,1,1.0,2.0,31555,M,,,31
201100026568,11,4,14,1500,1,1,1,1.0,4.0,31555,M,,,31
201100026569,11,4,14,1600,1,2,1,1.0,2.0,31555,M,,,31
201100026570,11,4,14,1830,1,2,3,1.0,3.0,31555,M,,,31
201100026571,11,4,14,1920,1,2,1,1.0,3.0,31555,M,,,31
201100026572,11,4,14,2125,5,1,1,1.0,2.0,31555,M,,,31
201100026573,11,4,14,1725,1,1,1,1.0,4.0,31555,M,,,31
201100026574,11,4,15,855,1,2,1,1.0,2.0,31555,M,,,31
201100026575,11,4,16,15,5,2,1,1.0,3.0,31555,M,,,31
201100026576,11,4,16,200,5,2,1,1.0,3.0,31555,M,,,31
201100026577,11,4,16,1830,1,1,1,1.0,6.0,31555,M,,,31
201100026578,11,4,16,2150,5,1,1,1.0,4.0,31555,M,,,31
201100026579,11,4,16,2321,5,1,1,1.0,1.0,31555,M,,,31
201100026580,11,4,17,730,2,2,1,1.0,7.0,31555,M,,,31
201100026581,11,4,17,2325,5,2,1,1.0,7.0,31555,M,,,31
201100026582,11,4,19,1610,1,2,1,1.0,6.0,31555,M,,,31
201100026583,11,4,19,1805,1,2,1,1.0,2.0,31555,M,,,31
201100026584,11,4,19,1946,1,2,1,1.0,3.0,31555,M,,,31
201100026585,11,4,21,120,5,1,2,1.0,3.0,31555,M,,,31
201100026586,11,4,21,1200,1,2,1,1.0,6.0,31555,M,,,31
201100026587,11,4,21,2100,5,2,1,1.0,2.0,31555,M,,,31
201100026588,11,4,21,2116,5,2,1,1.0,1.0,31555,M,,,31
201100026589,11,4,22,1830,1,2,1,1.0,6.0,31555,M,,,31
201100026590,11,4,23,1130,1,1,1,1.0,3.0,31555,M,,,31
201100026591,11,4,26,2110,5,1,3,1.0,3.0,31555,M,,,31
201100026592,11,4,14,1620,1,2,1,1.0,6.0,31555,M,,,31
201100026593,11,4,16,1900,1,2,1,1.0,3.0,31555,M,,,31
201100026594,11,4,18,2031,1,2,1,1.0,6.0,31555,M,,,31
201100026595,11,4,27,1520,1,1,1,1.0,6.0,31555,M,,,31
201100026596,11,4,28,1910,1,2,3,1.0,3.0,31555,M,,,31
201100026597,11,5,3,1510,1,2,1,1.0,1.0,31555,M,,,31
201100026598,11,5,3,1700,1,2,1,1.0,3.0,31555,M,,,31
201100026599,11,5,4,910,1,2,1,1.0,3.0,31555,M,,,31
201100026600,11,5,7,1515,1,2,1,1.0,6.0,31555,M,4362977.0,141064.0,31
201100026601,11,5,6,1925,1,2,1,1.0,3.0,31555,M,,,31
201100026602,11,5,7,300,5,1,1,1.0,6.0,31555,M,,,31
201100026603,11,5,8,340,5,2,1,1.0,6.0,31555,M,,,31
201100026604,11,5,7,850,1,2,6,1.0,3.0,31555,M,,,31
201100026605,11,5,3,1815,1,2,1,1.0,2.0,31555,M,,,31
201100026606,11,5,9,915,1,2,1,1.0,6.0,31555,M,,,31
201100026607,11,5,10,5,5,2,3,1.0,3.0,31555,M,,,31
201100026608,11,5,10,745,1,2,1,1.0,5.0,31149,M,,,31
201100026609,11,5,10,1830,1,2,3,1.0,3.0,31555,M,,,31
201100026610,11,5,10,2225,5,2,3,1.0,1.0,31555,M,,,31
201100026611,11,5,8,1545,1,2,1,1.0,6.0,31555,M,,,31
201100026612,11,5,13,45,5,2,3,1.0,3.0,31555,M,,,31
201100026613,11,5,13,1640,1,2,2,1.0,3.0,31555,M,,,31
201100026614,11,5,13,1720,1,2,1,1.0,3.0,31555,M,,,31
201100026615,11,5,13,2145,5,2,1,1.0,6.0,31555,M,,,31
201100026616,11,5,15,845,1,2,1,1.0,6.0,31555,M,,,31
201100026617,11,5,15,1705,1,2,1,1.0,6.0,31555,M,,,31
201100026618,11,5,16,859,1,2,3,1.0,1.0,31555,M,,,31
201100026619,11,5,16,1520,1,2,3,1.0,6.0,31555,M,,,31
201100026620,11,5,17,200,5,2,1,1.0,7.0,31555,M,,,31
201100026621,11,5,18,1222,1,2,1,1.0,6.0,31555,M,,,31
201100026622,11,5,18,1945,1,2,1,1.0,3.0,31555,M,,,31
201100026623,11,5,19,1720,1,1,1,1.0,2.0,31555,M,,,31
201100026624,11,5,19,1730,1,2,1,1.0,6.0,31555,M,,,31
201100026625,11,5,20,825,1,2,3,1.0,3.0,31555,M,,,31
201100026626,11,5,20,2305,5,2,1,1.0,6.0,31555,M,,,31
201100026627,11,5,22,2005,5,1,1,1.0,2.0,31555,M,,,31
201100026628,11,5,23,805,1,2,1,1.0,6.0,31555,M,,,31
201100026629,11,5,23,815,1,2,1,1.0,3.0,31555,M,,,31