Num_Acc,an,mois,jour,hrmn,lum,agg,int,atm,col,com,gps,lat,long,dep
201100026630,11,5,24,435,5,2,1,1.0,6.0,31555,M,,,31
201100026631,11,5,24,1225,1,2,1,1.0,3.0,31555,M,,,31
201100026632,11,5,24,1530,1,2,6,1.0,2.0,31555,M,,,31
201100026633,11,5,24,1730,1,2,3,1.0,3.0,31555,M,,,31
201100026634,11,5,25,1200,1,2,1,1.0,6.0,31555,M,,,31
201100026635,11,5,25,1940,1,2,1,1.0,6.0,31555,M,,,31
201100026636,11,5,26,830,1,1,1,1.0,5.0,31149,M,,,31
201100026637,11,5,26,1630,1,2,1,1.0,5.0,31555,M,,,31
201100026638,11,5,29,250,5,2,1,1.0,2.0,31555,M,,,31
201100026639,11,5,31,1300,1,1,1,2.0,3.0,31555,M,,,31
201100026640,11,6,1,800,1,2,1,1.0,3.0,31555,M,,,31
201100026641,11,6,1,2120,2,1,1,1.0,6.0,31555,M,,,31
201100026642,11,6,2,1705,1,2,1,2.0,2.0,31555,M,,,31
201100026643,11,6,2,1910,1,1,1,2.0,6.0,31555,M,,,31
201100026644,11,6,3,100,5,2,1,1.0,2.0,31555,M,,,31
201100026645,11,6,3,2200,5,2,3,1.0,3.0,31555,M,,,31
201100026646,11,6,4,210,5,2,1,1.0,6.0,31555,M,,,31
201100026647,11,6,4,1745,1,2,1,1.0,6.0,31555,M,,,31
201100026648,11,6,7,955,1,2,1,1.0,3.0,31555,M,,,31
201100026649,11,6,8,1737,1,2,1,1.0,7.0,31555,M,,,31
201100026650,11,6,9,1839,1,2,1,1.0,3.0,31555,M,,,31
201100026651,11,6,15,140,5,2,1,1.0,3.0,31555,M,,,31
201100026652,11,6,15,2020,1,2,1,3.0,7.0,31555,M,,,31
201100026653,11,6,16,1410,1,2,1,1.0,6.0,31555,M,,,31
201100026654,11,6,16,1640,1,2,1,1.0,5.0,31555,M,,,31
201100026655,11,6,16,1815,1,1,1,1.0,3.0,31555,M,,,31
201100026656,11,6,17,1250,1,2,1,1.0,2.0,31555,M,,,31
201100026657,11,6,17,2235,5,2,3,1.0,3.0,31555,M,,,31
201100026658,11,6,18,145,5,2,1,1.0,6.0,31555,M,,,31
201100026659,11,6,18,255,5,2,1,1.0,3.0,31555,M,,,31
201100026660,11,6,18,1730,1,2,1,1.0,6.0,31555,M,,,31
201100026661,11,6,18,1800,1,2,1,1.0,2.0,31555,M,,,31
201100026662,11,6,18,2145,5,2,1,1.0,3.0,31555,M,,,31
201100026663,11,6,20,1900,1,2,3,1.0,3.0,31555,M,,,31
201100026664,11,6,20,1930,1,2,2,1.0,3.0,31555,M,,,31
201100026665,11,6,20,1402,1,2,1,1.0,6.0,31555,M,,,31
201100026666,11,6,21,2330,5,1,1,1.0,6.0,31555,M,,,31
201100026667,11,6,22,200,5,2,1,1.0,2.0,31555,M,,,31
201100026668,11,6,22,915,1,1,1,2.0,2.0,31555,M,,,31
201100026669,11,6,22,1100,1,1,1,8.0,2.0,31555,M,,,31
201100026670,11,6,22,1200,1,2,1,1.0,3.0,31555,M,,,31
201100026671,11,6,23,810,1,2,3,1.0,3.0,31555,M,,,31
201100026672,11,6,23,1115,1,2,1,1.0,3.0,31555,M,,,31
201100026673,11,6,23,1425,1,2,1,1.0,1.0,31555,M,,,31
201100026674,11,6,23,1620,1,2,1,1.0,6.0,31555,M,,,31
201100026675,11,6,23,2000,1,2,1,1.0,2.0,31555,M,,,31
201100026676,11,6,24,1510,1,2,1,1.0,3.0,31555,M,,,31
201100026677,11,6,25,1624,1,1,9,1.0,3.0,31555,M,,,31
201100026678,11,6,26,1935,1,2,1,1.0,3.0,31555,M,,,31
201100026679,11,6,26,2004,1,1,1,1.0,2.0,31555,M,,,31
201100026680,11,6,27,1545,1,1,1,1.0,6.0,31555,M,,,31
201100026681,11,6,27,1750,1,2,1,1.0,2.0,31555,M,,,31
201100026682,11,6,28,1230,1,2,1,1.0,1.0,31555,M,,,31
201100026683,11,6,20,1220,1,2,1,1.0,3.0,31555,M,,,31
201100026684,11,6,30,1400,1,2,6,1.0,3.0,31555,M,,,31
201100026685,11,6,30,1845,1,2,1,1.0,6.0,31555,M,,,31
201100026686,11,7,1,1100,1,2,1,1.0,2.0,31555,M,,,31
201100026687,11,7,1,1220,1,2,1,1.0,3.0,31555,M,,,31
201100026688,11,7,1,1735,1,2,1,1.0,3.0,31555,M,,,31
201100026689,11,6,28,1600,1,2,1,1.0,5.0,31555,M,,,31
201100026690,11,6,30,1655,1,2,1,1.0,7.0,31149,M,,,31
201100026691,11,7,4,1125,1,2,1,2.0,3.0,31555,M,,,31
201100026692,11,7,4,1915,1,2,1,1.0,3.0,31555,M,,,31
201100026693,11,7,4,2000,1,2,1,1.0,3.0,31555,M,,,31
201100026694,11,7,5,1350,1,2,1,1.0,3.0,31555,M,,,31
201100026695,11,7,5,1405,1,2,3,1.0,3.0,31555,M,,,31
201100026696,11,7,1,1450,1,2,1,1.0,2.0,31149,M,4361193.0,135222.0,31
201100026697,11,7,6,1030,1,2,1,8.0,3.0,31555,M,,,31
201100026698,11,7,6,1050,1,2,1,1.0,3.0,31555,M,,,31
201100026699,11,7,6,1820,1,2,3,1.0,3.0,31555,M,,,31
201100026700,11,7,6,1700,1,1,1,1.0,2.0,31555,M,,,31
201100026701,11,7,1,1230,1,1,1,1.0,4.0,31555,M,,,31
201100026702,11,7,7,715,1,2,1,1.0,2.0,31555,M,,,31
201100026703,11,7,7,2150,5,2,6,1.0,3.0,31555,M,,,31
201100026704,11,7,7,2300,5,1,1,1.0,7.0,31555,M,,,31
201100026705,11,7,5,1910,1,2,1,1.0,7.0,31149,M,4361770.0,133819.0,31
201100026706,11,7,5,2000,5,1,1,1.0,6.0,31555,M,,,31
201100026707,11,7,6,1405,1,2,1,1.0,6.0,31149,M,4360940.0,130978.0,31
201100026708,11,7,8,930,1,2,1,1.0,2.0,31555,M,,,31
201100026709,11,7,8,1245,1,1,1,1.0,4.0,31555,M,4361040.0,138500.0,31
201100026710,11,7,8,1340,1,2,1,1.0,2.0,31555,M,,,31
201100026711,11,7,8,1400,1,2,3,1.0,3.0,31555,M,,,31
201100026712,11,7,9,600,5,2,3,1.0,6.0,31555,M,,,31
201100026713,11,7,9,1700,1,2,3,1.0,3.0,31555,M,,,31
201100026714,11,7,9,1905,1,2,6,1.0,3.0,31555,M,,,31
201100026715,11,7,9,2000,1,2,3,1.0,1.0,31555,M,,,31
201100026716,11,7,10,1320,1,2,1,1.0,2.0,31555,M,,,31
201100026717,11,7,10,1400,1,2,1,1.0,3.0,31555,M,,,31
201100026718,11,7,11,1320,1,2,1,1.0,3.0,31555,M,,,31
201100026719,11,7,8,1120,1,2,3,1.0,3.0,31069,M,4363622.0,138588.0,31
201100026720,11,7,12,1350,1,2,3,1.0,3.0,31555,M,,,31
201100026721,11,7,13,1850,1,2,3,1.0,3.0,31555,M,,,31
201100026722,11,7,14,5,5,2,2,1.0,3.0,31555,M,,,31
201100026723,11,7,15,330,5,2,1,1.0,7.0,31555,M,,,31
201100026724,11,7,13,1910,1,2,1,1.0,6.0,31555,M,,,31
201100026725,11,7,17,1845,1,2,3,1.0,3.0,31555,M,,,31
201100026726,11,7,16,1235,1,2,1,1.0,1.0,31555,M,,,31
201100026727,11,7,19,920,1,2,1,1.0,1.0,31555,M,,,31
201100026728,11,7,19,1045,1,2,1,2.0,6.0,31555,M,,,31
201100026729,11,7,18,1440,1,2,1,1.0,3.0,31149,M,4361841.0,132741.0,31
201100026730,11,7,20,530,5,2,3,1.0,3.0,31555,M,,,31
201100026731,11,7,20,1550,1,2,3,1.0,3.0,31555,M,,,31
201100026732,11,7,21,1630,1,2,1,1.0,6.0,31555,M,,,31
201100026733,11,7,22,2135,5,2,3,1.0,3.0,31555,M,,,31
201100026734,11,7,24,2210,5,2,3,1.0,2.0,31555,M,,,31
201100026735,11,7,16,2040,5,2,1,1.0,6.0,31557,M,4357360.0,133049.0,31
201100026736,11,7,20,825,1,1,1,1.0,2.0,31555,M,4360490.0,140355.0,31
201100026737,11,7,26,1810,1,2,1,1.0,3.0,31555,M,,,31
201100026738,11,7,27,700,2,1,1,1.0,4.0,31149,M,,,31
201100026739,11,7,28,1520,1,1,1,1.0,2.0,31555,M,4360760.0,140964.0,31
201100026740,11,7,28,1730,1,2,2,1.0,3.0,31555,M,,,31
201100026741,11,7,28,2000,1,1,1,1.0,3.0,31555,M,4360660.0,140731.0,31
201100026742,11,7,31,1612,1,2,2,1.0,3.0,31555,M,,,31
201100026743,11,7,27,830,1,1,1,1.0,2.0,31555,M,,,31
201100026744,11,7,27,900,1,1,1,1.0,7.0,31555,M,4365120.0,142286.0,31
201100026745,11,8,1,1520,1,2,1,1.0,2.0,31555,M,,,31
201100026746,11,8,1,1840,1,2,3,1.0,3.0,31555,M,,,31
201100026747,11,8,1,2135,2,2,2,1.0,5.0,31555,M,,,31
201100026748,11,8,4,1205,1,2,1,1.0,2.0,31555,M,,,31
201100026749,11,8,4,1345,1,1,1,1.0,3.0,31555,M,,,31
201100026750,11,8,5,230,5,1,1,1.0,7.0,31555,M,4356840.0,148037.0,31
201100026751,11,8,5,250,5,2,1,1.0,3.0,31555,M,,,31
201100026752,11,8,5,650,1,2,1,1.0,7.0,31555,M,,,31
201100026753,11,8,6,355,5,2,1,1.0,6.0,31555,M,,,31
201100026754,11,8,6,110,5,1,1,3.0,5.0,31555,M,4359390.0,139775.0,31
201100026755,11,8,5,1425,1,2,1,1.0,3.0,31149,M,4361292.0,133826.0,31
201100026756,11,8,5,1755,1,2,1,1.0,6.0,31555,M,,,31
201100026757,11,8,6,400,5,2,1,1.0,1.0,31555,M,,,31
201100026758,11,8,6,950,1,2,1,1.0,2.0,31555,M,,,31
201100026759,11,8,7,318,5,2,1,1.0,6.0,31555,M,,,31
201100026760,11,8,7,2249,5,1,1,2.0,6.0,31555,M,4357380.0,146609.0,31
201100026761,11,8,8,1000,1,1,1,1.0,2.0,31555,M,4357060.0,143083.0,31
201100026762,11,8,9,1045,1,2,3,1.0,3.0,31555,M,,,31
201100026763,11,8,3,1435,1,2,1,1.0,7.0,31149,M,,,31
201100026764,11,8,10,1420,1,2,1,1.0,2.0,31149,M,4359999.0,131025.0,31
201100026765,11,8,11,1600,1,2,1,1.0,3.0,31555,M,,,31
201100026766,11,8,12,1020,1,1,1,1.0,3.0,31555,M,,,31
201100026767,11,8,15,1530,1,2,2,1.0,3.0,31555,M,,,31
201100026768,11,8,19,2035,1,2,1,1.0,6.0,31557,M,4357365.0,134264.0,31
201100026769,11,8,20,1655,1,2,1,1.0,3.0,31555,M,,,31
201100026770,11,8,21,625,2,1,1,1.0,6.0,31555,M,,,31
201100026771,11,8,12,1845,1,2,1,1.0,3.0,31149,M,,,31
201100026772,11,8,22,1840,1,1,1,1.0,3.0,31555,M,4357100.0,141166.0,31
201100026773,11,8,22,1240,1,2,1,1.0,2.0,31555,M,,,31
201100026774,11,8,11,1705,1,2,1,1.0,6.0,31555,M,,,31
201100026775,11,8,22,1540,1,2,1,1.0,3.0,31555,M,,,31
201100026776,11,8,24,900,1,1,1,1.0,4.0,31069,M,,,31
201100026777,11,8,18,2000,2,2,1,3.0,3.0,31555,M,,,31
201100026778,11,8,25,1245,1,2,1,1.0,4.0,31555,M,,,31
201100026779,11,8,26,335,5,1,1,1.0,2.0,31555,M,4357290.0,145284.0,31
201100026780,11,7,30,2210,5,2,3,1.0,3.0,31069,M,,,31
201100026781,11,8,29,1605,1,2,1,1.0,6.0,31555,M,,,31
201100026782,11,8,29,2001,1,2,1,1.0,4.0,31555,M,,,31
201100026783,11,8,30,140,5,2,1,1.0,7.0,31555,M,,,31
201100026784,11,8,31,105,5,2,1,1.0,6.0,31555,M,,,31
201100026785,11,8,31,1305,1,2,1,1.0,6.0,31555,M,,,31
201100026786,11,9,1,918,1,1,2,1.0,3.0,31555,M,,,31
201100026787,11,9,1,1330,1,2,1,1.0,6.0,31555,M,,,31
201100026788,11,9,1,1820,1,2,1,1.0,6.0,31555,M,,,31
201100026789,11,9,1,2300,5,2,3,1.0,3.0,31555,M,,,31
201100026790,11,9,1,1620,1,2,1,1.0,2.0,31555,M,,,31
201100026791,11,9,2,900,1,2,3,1.0,3.0,31555,M,,,31
201100026792,11,9,2,1925,1,1,1,1.0,3.0,31555,M,4357140.0,141123.0,31
201100026793,11,9,2,1940,2,2,1,1.0,6.0,31555,M,,,31
201100026794,11,9,2,1950,2,2,1,1.0,3.0,31557,M,4356045.0,135752.0,31
201100026795,11,9,3,2120,5,2,1,3.0,6.0,31555,M,,,31
201100026796,11,8,29,1645,1,2,1,1.0,6.0,31555,M,,,31
201100026797,11,9,5,1230,1,2,1,1.0,3.0,31555,M,,,31
201100026798,11,9,5,1750,1,2,1,1.0,2.0,31555,M,,,31
201100026799,11,9,5,1750,1,2,1,1.0,4.0,31555,M,,,31
201100026800,11,9,6,2150,1,1,1,1.0,3.0,31555,M,,,31
201100026801,11,9,7,1115,1,2,1,1.0,6.0,31555,M,,,31
201100026802,11,9,7,1310,1,2,1,1.0,1.0,31555,M,,,31
201100026803,11,9,8,730,1,1,1,1.0,2.0,31555,M,,,31
201100026804,11,9,8,1330,1,2,1,1.0,2.0,31555,M,,,31
201100026805,11,9,8,1825,1,2,1,1.0,6.0,31555,M,,,31
201100026806,11,9,8,1850,1,2,2,1.0,3.0,31555,M,,,31
201100026807,11,9,9,750,1,2,1,1.0,2.0,31555,M,,,31
201100026808,11,9,9,2000,1,2,3,1.0,3.0,31555,M,,,31
201100026809,11,9,10,955,1,2,1,1.0,3.0,31557,M,4356822.0,133489.0,31
201100026810,11,9,12,830,1,2,1,1.0,1.0,31555,M,,,31
201100026811,11,9,12,1520,1,2,1,1.0,1.0,31555,M,,,31
201100026812,11,9,12,1750,1,1,1,1.0,4.0,31555,M,,,31
201100026813,11,9,13,1700,1,2,3,1.0,3.0,31555,M,4363920.0,146906.0,31
201100026814,11,9,9,1220,1,2,1,1.0,6.0,31555,M,,,31
201100026815,11,9,13,1230,1,1,1,1.0,7.0,31149,M,4360600.0,133742.0,31
201100026816,11,9,13,1710,1,2,1,1.0,3.0,31555,M,,,31
201100026817,11,9,14,1200,1,2,1,1.0,2.0,31555,M,,,31
201100026818,11,9,15,2235,5,2,1,1.0,2.0,31555,M,,,31
201100026819,11,9,16,425,5,1,2,1.0,3.0,31555,M,,,31
201100026820,11,9,16,950,1,2,1,1.0,3.0,31555,M,,,31
201100026821,11,9,16,1210,1,2,1,1.0,3.0,31555,M,,,31
201100026822,11,9,16,2115,5,2,3,1.0,3.0,31555,M,,,31
201100026823,11,9,17,105,5,2,1,1.0,3.0,31555,M,,,31
201100026824,11,9,18,1345,1,2,3,1.0,3.0,31555,M,,,31
201100026825,11,9,18,1502,1,1,1,1.0,2.0,31555,M,4356840.0,141674.0,31
201100026826,11,9,18,1655,1,2,2,3.0,6.0,31555,M,4361382.0,142474.0,31
201100026827,11,9,19,615,5,1,1,2.0,5.0,31555,M,,,31
201100026828,11,9,19,1245,1,1,1,2.0,3.0,31555,M,,,31
201100026829,11,9,20,1210,1,2,2,1.0,3.0,31555,M,,,31
201100026830,11,9,20,2235,5,1,1,1.0,3.0,31555,M,,,31
201100026831,11,9,15,1100,1,2,1,1.0,1.0,31557,M,4358997.0,136968.0,31
201100026832,11,9,17,1830,1,2,1,1.0,6.0,31555,M,,,31
201100026833,11,9,15,2010,5,2,3,1.0,3.0,31555,M,,,31
201100026834,11,9,18,1925,2,2,1,1.0,6.0,31555,M,,,31
201100026835,11,9,19,1440,1,2,1,1.0,3.0,31555,M,,,31
201100026836,11,9,22,805,5,2,1,1.0,3.0,31555,M,,,31
201100026837,11,9,22,920,1,2,1,1.0,3.0,31149,M,,,31
201100026838,11,9,22,1025,1,1,1,1.0,2.0,31555,M,,,31
201100026839,11,9,22,1025,1,2,1,1.0,1.0,31555,M,,,31
201100026840,11,9,22,1522,1,1,1,1.0,5.0,31555,M,,,31
201100026841,11,9,23,630,1,2,1,1.0,6.0,31555,M,,,31
201100026842,11,9,25,720,5,1,1,1.0,3.0,31555,M,4357220.0,146080.0,31
201100026843,11,9,23,1710,1,2,1,1.0,3.0,31555,M,,,31
201100026844,11,9,24,140,4,2,1,1.0,7.0,31557,M,,,31
201100026845,11,9,24,1915,1,2,1,1.0,6.0,31555,M,,,31
201100026846,11,9,25,325,5,2,1,1.0,2.0,31555,M,,,31
201100026847,11,9,22,1115,1,2,1,1.0,6.0,31555,M,,,31
201100026848,11,9,26,1835,1,2,1,1.0,3.0,31555,M,,,31
201100026849,11,9,27,800,1,2,1,1.0,2.0,31555,M,,,31
201100026850,11,9,27,950,1,2,3,1.0,3.0,31555,M,,,31
201100026851,11,9,27,910,1,2,1,1.0,1.0,31557,M,4359346.0,131923.0,31
201100026852,11,9,28,1300,1,2,3,1.0,3.0,31555,M,,,31
201100026853,11,9,28,1740,1,1,1,1.0,3.0,31555,M,,,31
201100026854,11,9,28,1830,1,2,1,1.0,1.0,31555,M,,,31
201100026855,11,9,20,820,1,2,1,1.0,2.0,31555,M,,,31
201100026856,11,9,29,920,1,1,1,1.0,3.0,31555,M,4357180.0,141099.0,31
201100026857,11,9,29,930,1,1,1,1.0,3.0,31555,M,,,31
201100026858,11,9,29,2305,5,2,1,1.0,3.0,31555,M,,,31
201100026859,11,9,30,1445,1,2,1,1.0,6.0,31555,M,,,31
201100026860,11,9,30,1500,1,2,1,1.0,3.0,31555,M,,,31
201100026861,11,9,29,2000,5,2,1,1.0,6.0,31555,M,,,31
201100026862,11,9,30,2250,5,2,1,1.0,6.0,31555,M,,,31
201100026863,11,10,1,1210,1,2,1,1.0,6.0,31555,M,,,31
201100026864,11,10,1,1800,1,2,1,1.0,2.0,31555,M,,,31
201100026865,11,10,1,1937,5,2,1,1.0,3.0,31557,M,,,31
201100026866,11,10,1,2355,5,2,1,1.0,6.0,31555,M,,,31
201100026867,11,10,1,2025,5,2,1,1.0,4.0,31555,M,,,31
201100026868,11,9,29,745,1,1,1,1.0,3.0,31555,M,,,31
201100026869,11,10,2,215,5,2,1,1.0,2.0,31555,M,,,31
201100026870,11,10,3,825,1,1,1,1.0,2.0,31555,M,,,31
201100026871,11,10,4,916,1,2,3,1.0,2.0,31555,M,,,31
201100026872,11,10,4,1300,1,2,1,1.0,3.0,31555,M,,,31
201100026873,11,10,3,1735,1,2,1,1.0,3.0,31555,M,,,31
201100026874,11,10,5,2255,5,2,3,1.0,6.0,31555,M,,,31
201100026875,11,10,6,1805,1,1,1,1.0,5.0,31555,M,,,31
201100026876,11,10,5,1840,1,2,1,1.0,3.0,31557,M,,,31
201100026877,11,10,8,1525,1,2,1,1.0,3.0,31555,M,,,31
201100026878,11,10,9,100,5,1,1,1.0,7.0,31555,M,4356770.0,141689.0,31
201100026879,11,10,9,415,1,2,1,1.0,7.0,31555,M,,,31
201100026880,11,10,9,2140,5,2,1,1.0,1.0,31555,M,,,31
201100026881,11,10,10,1,5,2,1,1.0,3.0,31555,M,,,31
201100026882,11,10,10,1250,1,2,4,1.0,3.0,31555,M,,,31
201100026883,11,10,10,1600,1,2,2,1.0,3.0,31555,M,,,31
201100026884,11,10,6,740,5,2,3,1.0,3.0,31149,M,4361654.0,132910.0,31
201100026885,11,10,6,840,1,1,1,1.0,3.0,31555,M,,,31
201100026886,11,10,11,740,1,2,3,1.0,3.0,31555,M,,,31
201100026887,11,10,11,1210,1,2,1,1.0,7.0,31555,M,,,31
201100026888,11,10,11,1615,1,1,1,1.0,3.0,31555,M,,,31
201100026889,11,10,10,1350,1,2,3,1.0,3.0,31149,M,4361702.0,133008.0,31
201100026890,11,10,12,1800,1,1,1,1.0,6.0,31555,M,,,31
201100026891,11,10,14,820,1,2,1,1.0,2.0,31555,M,,,31
201100026892,11,10,14,1045,1,2,2,1.0,6.0,31555,M,4360480.0,144271.0,31
201100026893,11,10,14,2034,5,2,3,1.0,3.0,31555,M,4358600.0,139461.0,31
201100026894,11,10,17,1430,1,2,1,1.0,1.0,31557,M,,,31
201100026895,11,10,15,1735,1,2,1,1.0,3.0,31555,M,,,31
201100026896,11,10,16,30,5,2,1,1.0,3.0,31555,M,,,31
201100026897,11,10,11,1130,1,2,1,1.0,3.0,31555,M,,,31
201100026898,11,10,11,1800,1,2,3,1.0,3.0,31555,M,4358400.0,144090.0,31
201100026899,11,10,13,1700,1,2,1,1.0,3.0,31555,M,,,31
201100026900,11,10,18,1030,1,1,1,1.0,7.0,31069,M,4362160.0,139302.0,31
201100026901,11,10,18,1350,1,2,1,1.0,3.0,31555,M,,,31
201100026902,11,10,20,2205,5,2,3,1.0,3.0,31555,M,,,31
201100026903,11,9,30,1915,1,2,3,1.0,6.0,31555,M,,,31
201100026904,11,10,21,725,5,2,3,1.0,3.0,31555,M,,,31
201100026905,11,10,21,1715,1,2,1,1.0,3.0,31555,M,,,31
201100026906,11,10,21,1450,1,2,6,1.0,6.0,31555,M,,,31
201100026907,11,10,23,10,5,2,3,1.0,5.0,31555,M,,,31
201100026908,11,10,23,2010,5,2,1,1.0,2.0,31555,M,,,31
201100026909,11,10,26,750,5,2,1,1.0,3.0,31555,M,,,31
201100026910,11,10,26,910,1,2,1,1.0,2.0,31555,M,,,31
201100026911,11,10,26,1045,1,2,1,1.0,6.0,31555,M,,,31
201100026912,11,10,26,1720,1,2,1,1.0,6.0,31555,M,,,31
201100026913,11,10,18,930,1,2,1,1.0,6.0,31555,M,,,31
201100026914,11,10,28,825,1,2,3,1.0,3.0,31149,M,4361525.0,134565.0,31
201100026915,11,10,28,1550,1,2,3,2.0,3.0,31555,M,,,31
201100026916,11,10,28,1545,1,1,1,3.0,2.0,31555,M,,,31
201100026917,11,10,28,1905,5,2,1,2.0,6.0,31555,M,,,31
201100026918,11,10,28,2225,5,2,1,2.0,6.0,31555,M,,,31
201100026919,11,10,29,1725,1,1,1,2.0,7.0,31555,M,4362420.0,141791.0,31
201100026920,11,10,30,720,5,1,1,1.0,7.0,31555,M,,,31
201100026921,11,10,21,745,1,1,1,1.0,4.0,31555,M,4360490.0,140332.0,31
201100026922,11,11,1,200,5,1,1,1.0,6.0,31555,M,,,31
201100026923,11,11,2,1400,1,1,1,1.0,2.0,31555,M,4359840.0,139716.0,31
201100026924,11,11,2,1925,5,1,1,1.0,2.0,31555,M,4357200.0,141087.0,31
201100026925,11,11,3,1110,1,2,3,1.0,3.0,31555,M,,,31
201100026926,11,11,3,1855,5,1,1,8.0,4.0,31555,M,4358150.0,140475.0,31
201100026927,11,11,5,1750,5,1,1,2.0,3.0,31555,M,,,31
201100026928,11,11,6,2250,5,1,1,2.0,6.0,31555,M,,,31
201100026929,11,11,7,1400,1,1,1,2.0,4.0,31555,M,4360990.0,141418.0,31
201100026930,11,11,7,1505,1,1,1,1.0,7.0,31555,M,,,31
201100026931,11,11,1,2002,5,2,1,1.0,3.0,31557,M,4358378.0,133004.0,31
201100026932,11,11,8,1745,2,2,1,1.0,5.0,31555,M,,,31
201100026933,11,11,10,845,1,2,1,1.0,2.0,31555,M,,,31
201100026934,11,11,9,1215,1,2,1,1.0,6.0,31555,M,,,31
201100026935,11,11,10,2100,5,2,1,1.0,5.0,31555,M,,,31
201100026936,11,11,10,1450,1,2,1,1.0,3.0,31555,M,,,31
201100026937,11,11,12,1100,1,1,1,1.0,3.0,31555,M,,,31
201100026938,11,11,12,2019,5,2,1,9.0,6.0,31555,M,,,31
201100026939,11,11,13,405,5,2,3,1.0,3.0,31555,M,,,31
201100026940,11,11,13,1335,1,2,1,1.0,1.0,31557,M,4357961.0,133176.0,31
201100026941,11,11,10,1425,1,2,1,1.0,1.0,31555,M,,,31
201100026942,11,11,14,1550,1,2,1,1.0,3.0,31555,M,,,31
201100026943,11,11,11,1620,1,2,1,1.0,6.0,31555,M,,,31
201100026944,11,11,16,30,5,2,1,1.0,7.0,31555,M,,,31
201100026945,11,11,12,1225,1,2,3,1.0,3.0,31555,M,4361360.0,143802.0,31
201100026946,11,11,16,1445,1,2,1,1.0,2.0,31555,M,,,31
201100026947,11,11,16,1640,1,2,1,1.0,6.0,31555,M,,,31
201100026948,11,11,17,35,5,2,1,1.0,6.0,31555,M,,,31
201100026949,11,11,17,815,1,1,1,1.0,4.0,31555,M,,,31
201100026950,11,11,17,1010,1,2,3,1.0,3.0,31555,M,,,31
201100026951,11,11,17,1815,5,2,1,1.0,7.0,31555,M,,,31
201100026952,11,11,17,2240,1,2,1,1.0,1.0,31555,M,,,31
201100026953,11,11,20,1145,1,2,1,1.0,7.0,31555,M,,,31
201100026954,11,11,19,430,5,2,1,1.0,3.0,31555,M,,,31
201100026955,11,11,19,600,5,2,1,1.0,6.0,31555,M,,,31
201100026956,11,11,19,2145,5,2,1,1.0,6.0,31557,M,4358076.0,133452.0,31
201100026957,11,11,16,850,1,2,3,1.0,5.0,31149,M,4359788.0,135171.0,31
201100026958,11,11,22,130,5,2,1,1.0,6.0,31555,M,,,31
201100026959,11,11,22,905,1,2,2,1.0,3.0,31555,M,,,31
201100026960,11,11,17,1800,5,2,1,1.0,6.0,31149,M,,,31
201100026961,11,11,22,1900,5,2,1,1.0,6.0,31555,M,,,31
201100026962,11,11,23,830,1,2,1,1.0,6.0,31555,M,,,31
201100026963,11,11,23,2350,5,2,1,1.0,6.0,31557,M,4356757.0,132803.0,31
201100026964,11,11,22,900,1,2,3,1.0,3.0,31555,M,,,31
201100026965,11,11,21,1740,1,2,1,2.0,6.0,31555,M,,,31
201100026966,11,11,26,1045,1,2,1,1.0,6.0,31555,M,,,31
201100026967,11,11,25,1950,1,2,1,1.0,1.0,31555,M,,,31
201100026968,11,11,29,1350,1,2,1,1.0,1.0,31555,M,,,31
201100026969,11,11,29,2030,5,2,1,1.0,6.0,31555,M,,,31
201100026970,11,11,30,1250,1,2,1,1.0,6.0,31555,M,,,31
201100026971,11,12,1,515,5,2,1,1.0,6.0,31555,M,,,31
201100026972,11,12,1,1100,1,1,1,1.0,5.0,31555,M,,,31
201100026973,11,12,1,1400,1,2,3,1.0,3.0,31555,M,,,31
201100026974,11,12,1,2010,5,2,6,1.0,2.0,31149,M,4360840.0,135300.0,31
201100026975,11,12,2,1215,1,2,1,1.0,3.0,31069,M,4364013.0,138869.0,31
201100026976,11,12,3,1118,1,2,1,1.0,3.0,31149,M,4361762.0,131594.0,31
201100026977,11,12,4,2350,5,2,1,1.0,1.0,31555,M,,,31
201100026978,11,12,5,1205,1,2,1,1.0,6.0,31555,M,,,31
201100026979,11,12,5,1045,1,2,1,1.0,3.0,31555,M,,,31
201100026980,11,12,1,925,1,1,1,1.0,7.0,31555,M,,,31
201100026981,11,12,1,1700,1,2,1,1.0,3.0,31555,M,,,31
201100026982,11,12,2,1400,1,2,1,1.0,3.0,31555,M,,,31
201100026983,11,12,2,1445,1,2,1,1.0,3.0,31555,M,,,31
201100026984,11,12,1,1530,1,2,1,1.0,3.0,31557,M,4358386.0,134234.0,31
201100026985,11,12,5,930,1,1,1,1.0,5.0,31555,M,,,31
201100026986,11,12,7,1610,1,2,1,1.0,3.0,31555,M,,,31
201100026987,11,12,7,1815,5,2,1,1.0,3.0,31555,M,,,31
201100026988,11,12,5,1830,5,1,1,1.0,4.0,31069,M,,,31
201100026989,11,12,8,825,1,1,1,1.0,3.0,31555,M,,,31
201100026990,11,12,8,1825,5,2,1,1.0,6.0,31555,M,,,31
201100026991,11,12,9,5,5,2,3,1.0,6.0,31555,M,,,31
201100026992,11,12,10,220,5,2,1,1.0,7.0,31555,M,,,31
201100026993,11,12,10,220,3,2,1,1.0,6.0,31555,M,,,31
201100026994,11,12,10,235,5,2,1,1.0,6.0,31555,M,,,31
201100026995,11,12,7,1245,1,2,1,1.0,3.0,31069,M,,,31
201100026996,11,12,12,1425,1,2,1,1.0,3.0,31555,M,,,31