Num_Acc,an,mois,jour,hrmn,lum,agg,int,atm,col,com,gps,lat,long,dep
201100026997,11,12,12,1810,2,1,1,1.0,4.0,31555,M,4360860.0,141169.0,31
201100026998,11,12,11,1120,1,2,1,1.0,6.0,31069,M,,,31
201100026999,11,12,13,830,1,2,1,1.0,3.0,31555,M,,,31
201100027000,11,12,13,1015,1,2,1,1.0,3.0,31555,M,,,31
201100027001,11,12,13,1345,1,2,1,1.0,6.0,31555,M,,,31
201100027002,11,12,13,1900,5,2,3,1.0,3.0,31555,M,,,31
201100027003,11,12,13,1150,1,2,1,1.0,6.0,31555,M,,,31
201100027004,11,12,14,1745,1,2,1,1.0,1.0,31555,M,,,31
201100027005,11,12,14,1932,5,2,1,1.0,3.0,31555,M,,,31
201100027006,11,12,14,2050,5,2,1,1.0,3.0,31555,M,,,31
201100027007,11,12,12,850,1,1,1,2.0,3.0,31555,M,,,31
201100027008,11,12,12,1015,1,2,3,1.0,3.0,31555,M,,,31
201100027009,11,12,15,830,1,2,1,1.0,3.0,31555,M,,,31
201100027010,11,12,15,2126,1,2,1,1.0,2.0,31555,M,,,31
201100027011,11,12,12,800,1,2,1,1.0,6.0,31555,M,,,31
201100027012,11,12,16,815,1,2,1,1.0,3.0,31555,M,,,31
201100027013,11,12,16,1225,1,2,1,1.0,6.0,31555,M,,,31
201100027014,11,12,16,1805,5,2,1,2.0,6.0,31149,M,4360808.0,133845.0,31
201100027015,11,12,16,2345,5,2,2,3.0,3.0,31555,M,,,31
201100027016,11,12,13,1655,1,2,1,1.0,3.0,31555,M,,,31
201100027017,11,12,13,1820,3,1,1,2.0,2.0,31149,M,4360650.0,133443.0,31
201100027018,11,12,15,1320,1,2,3,1.0,3.0,31555,M,,,31
201100027019,11,12,16,830,1,1,1,1.0,3.0,31555,M,,,31
201100027020,11,12,16,900,1,2,1,1.0,5.0,31555,M,,,31
201100027021,11,12,19,2010,5,2,1,2.0,4.0,31555,M,,,31
201100027022,11,12,16,1740,5,2,1,2.0,3.0,31555,M,,,31
201100027023,11,12,21,1825,5,2,1,2.0,6.0,31555,M,,,31
201100027024,11,12,16,850,1,2,3,1.0,6.0,31555,M,,,31
201100027025,11,12,21,2040,5,1,1,2.0,4.0,31555,M,4360880.0,141216.0,31
201100027026,11,11,22,2020,5,2,1,1.0,1.0,31555,M,,,31
201100027027,11,12,24,538,4,2,1,1.0,1.0,31557,M,4356806.0,132946.0,31
201100027028,11,12,27,150,5,2,1,1.0,7.0,31555,M,,,31
201100027029,11,12,27,1125,1,2,4,1.0,3.0,31555,M,,,31
201100027030,11,12,28,1405,1,2,3,1.0,3.0,31555,M,,,31
201100027031,11,12,29,555,5,2,1,1.0,7.0,31555,M,,,31
201100027032,11,12,17,950,1,2,1,1.0,2.0,31557,M,4358436.0,134343.0,31
201100027033,11,12,17,2015,5,2,1,1.0,1.0,31557,M,4356048.0,135709.0,31
201100027034,11,12,21,1755,5,2,1,1.0,3.0,31555,M,,,31
201100027035,11,12,22,1812,5,1,1,1.0,2.0,31149,M,4360730.0,139032.0,31
201100027036,11,12,22,1225,1,2,3,2.0,3.0,31555,M,,,31
201100027037,11,12,25,1500,1,2,1,1.0,6.0,31557,M,4358913.0,131265.0,31
201100027038,11,12,25,1615,1,1,1,1.0,6.0,31555,M,,,31
201100027039,11,12,26,1310,1,2,1,1.0,7.0,31555,M,,,31
201100027040,11,12,30,1515,1,2,1,2.0,3.0,31555,M,,,31
201100027041,11,1,11,1715,1,2,1,2.0,4.0,31557,M,,,31
201100027042,11,1,12,820,1,2,1,1.0,3.0,31557,M,,,31
201100027043,11,1,22,700,2,2,3,1.0,6.0,31557,M,,,31
201100027044,11,2,5,635,2,1,1,1.0,6.0,31557,M,,,31
201100027045,11,2,6,330,5,2,1,1.0,6.0,31557,M,,,31
201100027046,11,2,7,1900,5,2,1,1.0,6.0,31557,M,4358681.0,134844.0,31
201100027047,11,3,4,700,2,1,1,1.0,4.0,31557,M,,,31
201100027048,11,3,23,1900,1,1,1,1.0,5.0,31557,M,4357300.0,131522.0,31
201100027049,11,4,29,1755,1,2,1,1.0,6.0,31557,M,,,31
201100027050,11,5,1,1800,1,2,6,1.0,3.0,31557,M,4358907.0,136040.0,31
201100027051,11,5,6,1245,1,2,1,1.0,6.0,31557,M,,,31
201100027052,11,5,12,900,1,2,3,1.0,1.0,31557,M,,,31
201100027053,11,6,3,2015,1,2,6,1.0,3.0,31557,M,,,31
201100027054,11,6,5,255,5,2,1,1.0,6.0,31557,M,4355980.0,135788.0,31
201100027055,11,9,11,1630,1,1,1,1.0,2.0,13078,M,0.0,0.0,13
201100027056,11,2,21,2040,3,1,1,6.0,1.0,32013,M,,,32
201100027057,11,3,19,220,5,2,1,1.0,7.0,32013,M,,,32
201100027058,11,3,24,1643,1,1,1,1.0,7.0,32013,M,,,32
201100027059,11,4,22,1220,1,2,3,1.0,7.0,32013,M,,,32
201100027060,11,4,27,1140,1,2,1,1.0,3.0,32013,M,,,32
201100027061,11,6,14,1750,1,2,1,1.0,7.0,32013,M,,,32
201100027062,11,7,11,2156,5,2,2,1.0,3.0,32013,M,,,32
201100027063,11,8,10,1452,1,2,1,1.0,7.0,32013,M,,,32
201100027064,11,8,19,1157,1,1,1,1.0,7.0,32013,M,,,32
201100027065,11,8,29,1725,1,1,1,1.0,4.0,32013,M,,,32
201100027066,11,9,6,1549,1,2,1,1.0,2.0,32013,M,,,32
201100027067,11,9,7,2155,5,2,1,1.0,7.0,32013,M,,,32
201100027068,11,9,18,1849,2,1,1,2.0,7.0,32013,M,,,32
201100027069,11,10,1,2017,2,2,1,1.0,7.0,32013,M,,,32
201100027070,11,10,10,925,1,2,1,1.0,7.0,32013,M,,,32
201100027071,11,10,16,1645,1,2,1,1.0,7.0,32013,M,,,32
201100027072,11,10,24,745,5,2,1,1.0,6.0,32013,M,,,32
201100027073,11,11,3,1900,5,2,5,1.0,3.0,32013,M,,,32
201100027074,11,12,6,2035,3,1,1,3.0,1.0,32013,M,,,32
201100027075,11,12,9,1830,3,1,1,1.0,1.0,32013,M,,,32
201100027076,11,12,30,1737,1,2,1,1.0,6.0,32013,M,,,32
201100027077,11,12,3,2155,5,2,1,1.0,7.0,32013,M,,,32
201100027078,11,1,16,1810,2,1,1,1.0,5.0,33529,M,,,33
201100027079,11,1,20,1340,1,2,1,1.0,3.0,33529,M,,,33
201100027080,11,12,9,1615,1,2,1,1.0,2.0,33529,M,,,33
201100027081,11,2,1,950,1,2,2,1.0,3.0,33529,M,,,33
201100027082,11,2,6,1815,1,2,1,1.0,3.0,33529,M,,,33
201100027083,11,2,5,1105,1,2,2,1.0,3.0,33529,M,,,33
201100027084,11,3,4,1940,1,2,1,1.0,3.0,33529,M,,,33
201100027085,11,3,6,1910,1,1,2,1.0,3.0,33529,M,,,33
201100027086,11,3,7,1700,1,2,1,1.0,6.0,33529,M,,,33
201100027087,11,3,8,1045,1,2,1,1.0,6.0,33009,M,,,33
201100027088,11,3,15,700,2,2,1,1.0,2.0,33529,M,,,33
201100027089,11,3,29,1635,1,2,1,1.0,1.0,33529,M,,,33
201100027090,11,4,10,1540,1,1,1,2.0,4.0,33529,M,,,33
201100027091,11,4,17,1040,1,2,1,1.0,6.0,33529,M,,,33
201100027092,11,4,18,900,1,2,2,1.0,3.0,33009,M,,,33
201100027093,11,4,26,805,1,2,1,1.0,6.0,33009,M,,,33
201100027094,11,5,12,1530,1,1,1,1.0,6.0,33529,M,,,33
201100027095,11,5,15,1000,1,2,1,1.0,3.0,33009,M,,,33
201100027096,11,5,14,445,5,2,1,3.0,6.0,33529,M,,,33
201100027097,11,5,21,1910,1,2,1,1.0,6.0,33529,M,,,33
201100027098,11,5,27,1840,1,2,2,1.0,3.0,33009,M,,,33
201100027099,11,6,2,1215,1,2,1,1.0,2.0,33529,M,,,33
201100027100,11,6,6,1225,1,2,1,2.0,3.0,33529,M,,,33
201100027101,11,6,7,1530,1,1,1,1.0,6.0,33529,M,,,33
201100027102,11,6,11,1116,1,1,1,1.0,6.0,33529,M,,,33
201100027103,11,6,17,800,1,2,1,1.0,6.0,33009,M,,,33
201100027104,11,6,19,130,5,2,1,1.0,7.0,33529,M,,,33
201100027105,11,6,20,1500,1,1,1,1.0,2.0,33529,M,,,33
201100027106,11,6,20,1955,1,1,9,1.0,3.0,33529,M,,,33
201100027107,11,6,22,1400,1,2,2,1.0,3.0,33529,M,,,33
201100027108,11,6,23,1810,1,2,1,1.0,2.0,33009,M,,,33
201100027109,11,6,30,810,1,2,1,1.0,6.0,33009,M,,,33
201100027110,11,6,28,840,1,2,1,1.0,2.0,33529,M,,,33
201100027111,11,6,30,1520,1,1,2,1.0,3.0,33529,M,,,33
201100027112,11,7,2,210,5,2,2,1.0,3.0,33009,M,,,33
201100027113,11,7,24,410,5,2,9,1.0,6.0,33095,M,,,33
201100027114,11,7,24,2105,2,2,1,2.0,7.0,33529,M,,,33
201100027115,11,7,27,357,5,1,1,1.0,2.0,33529,M,,,33
201100027116,11,7,11,1920,1,2,2,1.0,3.0,33009,M,,,33
201100027117,11,8,3,1620,1,1,1,1.0,1.0,33529,M,,,33
201100027118,11,8,6,305,5,2,1,1.0,6.0,33529,M,,,33
201100027119,11,8,13,1630,1,1,1,1.0,6.0,33529,M,,,33
201100027120,11,8,18,130,3,1,1,1.0,1.0,33529,M,,,33
201100027121,11,8,12,800,1,2,1,1.0,6.0,33529,M,,,33
201100027122,11,8,12,510,5,2,1,1.0,6.0,33009,M,,,33
201100027123,11,8,20,105,5,1,1,1.0,5.0,33529,M,,,33
201100027124,11,8,22,1655,1,1,1,1.0,1.0,33529,M,,,33
201100027125,11,8,23,1430,1,1,1,1.0,2.0,33529,M,,,33
201100027126,11,8,24,1305,1,2,1,1.0,6.0,33009,M,,,33
201100027127,11,8,20,1544,1,1,2,1.0,3.0,33529,M,,,33
201100027128,11,8,25,1145,1,2,1,1.0,2.0,33009,M,,,33
201100027129,11,8,28,200,5,2,1,1.0,6.0,33009,M,,,33
201100027130,11,8,31,1815,1,2,1,1.0,6.0,33009,M,,,33
201100027131,11,8,27,1720,1,2,1,1.0,6.0,33009,M,,,33
201100027132,11,9,12,1335,1,1,1,1.0,4.0,33529,M,,,33
201100027133,11,9,13,1515,1,1,1,1.0,2.0,33529,M,,,33
201100027134,11,7,12,1320,1,1,1,1.0,6.0,33529,M,,,33
201100027135,11,9,21,1930,2,1,1,1.0,2.0,33529,M,,,33
201100027136,11,9,22,1730,1,2,1,1.0,6.0,33529,M,,,33
201100027137,11,9,27,1605,1,2,1,1.0,2.0,33009,M,,,33
201100027138,11,9,28,830,1,2,1,1.0,6.0,33529,M,,,33
201100027139,11,10,11,1225,1,2,1,1.0,6.0,33009,M,,,33
201100027140,11,10,12,1515,1,2,1,1.0,6.0,33529,M,,,33
201100027141,11,9,30,1935,2,2,3,1.0,1.0,33009,M,,,33
201100027142,11,11,9,1525,1,1,3,1.0,3.0,33529,M,,,33
201100027143,11,11,14,1045,1,2,3,1.0,3.0,33009,M,,,33
201100027144,11,11,19,1647,1,1,2,1.0,6.0,33529,M,,,33
201100027145,11,7,29,1800,1,2,1,1.0,6.0,33009,M,,,33
201100027146,11,7,13,1745,1,2,1,1.0,6.0,33009,M,,,33
201100027147,11,7,15,1745,1,1,1,1.0,6.0,33529,M,,,33
201100027148,11,7,17,1,5,1,1,1.0,6.0,33529,M,,,33
201100027149,11,12,4,1640,1,2,1,2.0,1.0,33529,M,,,33
201100027150,11,12,12,1435,1,2,2,1.0,3.0,33009,M,,,33
201100027151,11,12,14,745,2,2,2,1.0,3.0,33009,M,,,33
201100027152,11,12,31,1120,1,2,2,2.0,2.0,33063,M,,,33
201100027153,11,12,27,1830,2,2,3,1.0,3.0,33281,M,,,33
201100027154,11,12,29,945,1,2,1,2.0,6.0,33281,M,,,33
201100027155,11,12,29,1200,1,2,1,1.0,6.0,33281,M,,,33
201100027156,11,1,4,1320,1,2,1,1.0,6.0,33281,M,,,33
201100027157,11,1,4,1835,5,2,2,1.0,2.0,33063,M,,,33
201100027158,11,1,5,755,5,2,2,1.0,3.0,33063,M,,,33
201100027159,11,1,1,1500,1,2,2,1.0,3.0,33119,M,,,33
201100027160,11,1,4,1715,2,2,1,1.0,3.0,33063,M,,,33
201100027161,11,1,6,100,5,2,3,2.0,6.0,33063,M,,,33
201100027162,11,1,5,1230,1,2,2,2.0,2.0,33063,M,,,33
201100027163,11,1,5,2200,5,2,5,2.0,3.0,33063,M,,,33
201100027164,11,1,4,1205,1,2,1,1.0,3.0,33249,M,,,33
201100027165,11,1,3,810,2,2,3,1.0,3.0,33281,M,,,33
201100027166,11,1,5,825,1,2,2,1.0,6.0,33063,M,,,33
201100027167,11,1,5,1405,1,2,2,1.0,6.0,33063,M,,,33
201100027168,11,1,6,1600,1,2,3,2.0,6.0,33063,M,,,33
201100027169,11,12,30,1125,1,2,3,2.0,6.0,33069,M,,,33
201100027170,11,12,29,930,1,2,1,1.0,7.0,33200,M,,,33
201100027171,11,1,9,1227,1,2,2,1.0,6.0,33063,M,,,33
201100027172,11,1,4,1050,1,2,1,1.0,6.0,33281,M,,,33
201100027173,11,1,10,745,2,2,2,1.0,3.0,33063,M,,,33
201100027174,11,12,30,2050,5,2,3,2.0,2.0,33522,M,,,33
201100027175,11,1,4,1500,1,2,1,1.0,4.0,33039,M,,,33
201100027176,11,1,3,1800,5,2,2,1.0,3.0,33069,M,,,33
201100027177,11,1,3,1120,1,2,3,1.0,2.0,33039,M,,,33
201100027178,11,1,10,750,2,2,1,1.0,6.0,33063,M,,,33
201100027179,11,12,30,1220,1,2,1,8.0,4.0,33162,M,,,33
201100027180,11,1,4,1525,1,2,3,1.0,3.0,33318,M,,,33
201100027181,11,1,10,1705,1,2,3,1.0,6.0,33063,M,,,33
201100027182,11,1,9,1120,1,2,2,1.0,6.0,33063,M,,,33
201100027183,11,1,12,236,5,2,2,1.0,6.0,33063,M,,,33
201100027184,11,1,4,830,1,2,1,1.0,6.0,33522,M,,,33
201100027185,11,1,6,1350,1,2,3,2.0,3.0,33550,M,,,33
201100027186,11,12,31,530,5,2,1,2.0,6.0,33063,M,,,33
201100027187,11,1,10,753,1,2,2,1.0,3.0,33075,M,,,33
201100027188,11,1,10,1735,1,2,2,1.0,3.0,33550,M,,,33
201100027189,11,1,12,855,1,2,3,2.0,3.0,33192,M,,,33
201100027190,11,1,12,1201,1,2,1,2.0,6.0,33318,M,,,33
201100027191,11,1,14,1750,5,2,2,1.0,6.0,33063,M,,,33
201100027192,11,1,10,1550,1,2,1,1.0,6.0,33069,M,,,33
201100027193,11,1,14,1215,1,2,2,1.0,6.0,33063,M,,,33
201100027194,11,1,16,1605,1,2,3,1.0,6.0,33063,M,,,33
201100027195,11,1,16,40,5,2,2,1.0,3.0,33063,M,,,33
201100027196,11,1,15,120,5,2,1,1.0,6.0,33063,M,,,33
201100027197,11,1,15,2240,5,2,6,5.0,3.0,33249,M,,,33
201100027198,11,1,15,1115,1,2,1,1.0,3.0,33281,M,,,33
201100027199,11,1,13,1930,5,2,3,1.0,2.0,33281,M,,,33
201100027200,11,1,14,2020,5,2,5,1.0,3.0,33281,M,,,33
201100027201,11,1,17,1625,1,2,6,1.0,6.0,33032,M,,,33
201100027202,11,1,19,1120,1,2,1,1.0,3.0,33063,M,,,33
201100027203,11,1,19,740,5,2,3,1.0,6.0,33063,M,,,33
201100027204,11,1,17,1535,1,2,3,1.0,6.0,33281,M,,,33
201100027205,11,1,14,1935,2,2,2,1.0,3.0,33063,M,,,33
201100027206,11,1,13,1830,5,2,3,1.0,2.0,33039,M,,,33
201100027207,11,1,19,1608,1,2,2,1.0,6.0,33063,M,,,33
201100027208,11,1,17,1140,1,2,1,1.0,6.0,33249,M,,,33
201100027209,11,1,18,1125,1,2,1,2.0,2.0,33119,M,,,33
201100027210,11,1,18,2000,3,2,1,1.0,1.0,33281,M,,,33
201100027211,11,1,20,1630,1,2,3,1.0,2.0,33063,M,,,33
201100027212,11,1,23,2240,5,2,7,1.0,6.0,33063,M,,,33
201100027213,11,1,21,1648,1,2,2,1.0,6.0,33063,M,,,33
201100027214,11,1,18,940,1,2,3,1.0,3.0,33063,M,,,33
201100027215,11,1,21,1215,1,2,2,1.0,3.0,33063,M,,,33
201100027216,11,1,22,2202,5,2,1,1.0,7.0,33522,M,,,33
201100027217,11,1,21,1917,5,2,3,1.0,3.0,33063,M,,,33
201100027218,11,1,19,1700,1,2,1,1.0,2.0,33318,M,,,33
201100027219,11,1,24,755,1,2,6,1.0,3.0,33063,M,,,33
201100027220,11,1,25,1550,1,2,1,1.0,6.0,33063,M,,,33
201100027221,11,1,25,1030,1,2,2,1.0,6.0,33063,M,,,33
201100027222,11,1,26,1500,1,2,1,1.0,6.0,33063,M,,,33
201100027223,11,1,26,1340,1,2,2,1.0,6.0,33063,M,,,33
201100027224,11,1,23,400,5,2,1,2.0,6.0,33318,M,,,33
201100027225,11,1,19,1745,5,2,1,1.0,6.0,33039,M,,,33
201100027226,11,1,27,1845,5,2,2,1.0,6.0,33063,M,,,33
201100027227,11,1,21,1700,1,2,2,1.0,3.0,33039,M,,,33
201100027228,11,1,22,1218,1,2,2,1.0,3.0,33522,M,,,33
201100027229,11,1,29,615,2,2,1,1.0,3.0,33063,M,,,33
201100027230,11,1,21,855,1,2,5,1.0,6.0,33550,M,,,33
201100027231,11,1,28,720,5,2,7,1.0,6.0,33063,M,,,33
201100027232,11,1,21,1728,1,2,2,1.0,6.0,33522,M,,,33
201100027233,11,1,26,1515,1,2,1,1.0,2.0,33318,M,,,33
201100027234,11,1,20,1730,1,2,3,1.0,2.0,33522,M,,,33
201100027235,11,1,25,1440,1,2,2,1.0,6.0,33550,M,,,33
201100027236,11,1,27,1953,2,2,1,1.0,7.0,33069,M,,,33
201100027237,11,1,31,1354,1,2,2,1.0,3.0,33063,M,,,33
201100027238,11,1,31,1300,1,2,2,1.0,3.0,33063,M,,,33
201100027239,11,1,22,1740,1,2,1,1.0,3.0,33192,M,,,33
201100027240,11,1,28,2137,5,2,2,1.0,7.0,33192,M,,,33
201100027241,11,1,29,540,5,2,2,1.0,6.0,33281,M,,,33
201100027242,11,2,3,2245,5,2,1,2.0,7.0,33281,M,,,33
201100027243,11,1,31,1500,1,2,6,4.0,2.0,33281,M,,,33
201100027244,11,1,28,1210,1,1,3,1.0,2.0,33281,M,,,33
201100027245,11,2,1,1005,1,2,1,1.0,2.0,33039,M,,,33
201100027246,11,2,6,430,5,2,1,5.0,6.0,33063,M,,,33
201100027247,11,2,5,600,5,2,3,1.0,2.0,33063,M,,,33
201100027248,11,2,5,1630,1,2,9,1.0,3.0,33063,M,,,33
201100027249,11,2,5,420,5,2,5,1.0,2.0,33063,M,,,33
201100027250,11,2,7,930,1,2,3,1.0,3.0,33063,M,,,33
201100027251,11,2,3,923,1,2,6,1.0,7.0,33069,M,,,33
201100027252,11,2,8,1115,1,2,2,1.0,6.0,33063,M,,,33
201100027253,11,2,7,810,1,2,1,1.0,2.0,33013,M,,,33
201100027254,11,2,8,1710,1,2,3,1.0,3.0,33063,M,,,33
201100027255,11,2,8,735,2,2,3,1.0,6.0,33063,M,,,33
201100027256,11,2,8,830,1,2,2,1.0,2.0,33063,M,,,33
201100027257,11,2,8,1400,1,2,1,1.0,6.0,33063,M,,,33
201100027258,11,2,4,815,1,2,6,1.0,3.0,33318,M,,,33
201100027259,11,2,6,635,5,2,1,5.0,6.0,33318,M,,,33
201100027260,11,2,9,815,1,2,3,1.0,3.0,33063,M,,,33
201100027261,11,2,9,2110,5,2,6,1.0,5.0,33522,M,,,33
201100027262,11,2,9,1310,1,2,1,1.0,6.0,33063,M,,,33
201100027263,11,2,9,2132,5,2,2,1.0,3.0,33063,M,,,33
201100027264,11,2,4,1558,1,2,1,1.0,3.0,33192,M,,,33
201100027265,11,2,7,1640,1,2,2,1.0,6.0,33063,M,,,33
201100027266,11,2,10,1900,5,2,2,1.0,3.0,33063,M,,,33
201100027267,11,2,10,1905,5,2,2,1.0,6.0,33063,M,,,33
201100027268,11,2,7,2015,5,2,2,1.0,3.0,33318,M,,,33
201100027269,11,2,9,1235,1,2,2,1.0,6.0,33281,M,,,33
201100027270,11,2,9,1655,1,2,3,1.0,6.0,33063,M,,,33
201100027271,11,2,10,1500,1,2,1,1.0,1.0,33249,M,,,33
201100027272,11,2,9,1710,1,2,6,1.0,6.0,33281,M,,,33
201100027273,11,2,12,520,4,2,6,1.0,1.0,33281,M,,,33
201100027274,11,2,11,2245,5,2,6,1.0,6.0,33119,M,,,33
201100027275,11,2,11,1740,1,2,6,1.0,6.0,33119,M,,,33
201100027276,11,2,9,1545,1,2,6,1.0,3.0,33119,M,,,33
201100027277,11,2,7,1220,1,2,2,1.0,3.0,33281,M,,,33
201100027278,11,2,14,555,5,2,2,2.0,6.0,33063,M,,,33
201100027279,11,2,9,1710,1,2,1,1.0,6.0,33281,M,,,33
201100027280,11,2,14,1924,5,1,2,1.0,6.0,33063,M,,,33
201100027281,11,2,16,745,1,2,1,1.0,7.0,33318,M,,,33
201100027282,11,2,16,1545,1,2,2,1.0,3.0,33063,M,,,33
201100027283,11,2,16,720,5,2,3,1.0,3.0,33063,M,,,33
201100027284,11,2,16,1315,1,2,1,1.0,6.0,33063,M,,,33
201100027285,11,2,12,1220,1,2,3,2.0,3.0,33192,M,,,33
201100027286,11,2,15,1645,1,2,1,2.0,6.0,33318,M,,,33
201100027287,11,2,3,815,2,2,2,2.0,3.0,33192,M,,,33
201100027288,11,2,16,930,1,2,1,1.0,2.0,33318,M,,,33
201100027289,11,2,18,2350,5,2,3,1.0,7.0,33063,M,,,33
201100027290,11,2,18,815,1,2,2,1.0,6.0,33249,M,,,33
201100027291,11,2,19,2110,5,2,3,2.0,1.0,33249,M,,,33
201100027292,11,2,21,1540,1,2,1,2.0,4.0,33063,M,,,33
201100027293,11,2,22,810,1,2,2,1.0,6.0,33063,M,,,33
201100027294,11,2,17,1725,1,2,1,1.0,6.0,33192,M,,,33
201100027295,11,2,18,2100,5,2,3,1.0,3.0,33069,M,,,33
201100027296,11,2,22,900,1,2,3,1.0,6.0,33281,M,,,33
201100027297,11,2,24,855,1,2,3,2.0,4.0,33063,M,,,33
201100027298,11,2,25,210,5,2,2,1.0,3.0,33063,M,,,33
201100027299,11,2,24,1340,1,2,1,1.0,6.0,33063,M,,,33
201100027300,11,2,27,1625,1,2,3,1.0,2.0,33063,M,,,33
201100027301,11,2,25,1515,1,2,1,1.0,4.0,33063,M,,,33
201100027302,11,2,25,2013,2,2,1,1.0,6.0,33063,M,,,33
201100027303,11,2,25,2015,5,2,5,1.0,3.0,33063,M,,,33
201100027304,11,2,25,340,5,2,5,1.0,2.0,33063,M,,,33
201100027305,11,2,25,800,1,2,2,1.0,6.0,33063,M,,,33
201100027306,11,2,21,2115,5,2,5,2.0,2.0,33318,M,,,33
201100027307,11,2,21,855,1,2,5,1.0,3.0,33192,M,,,33
201100027308,11,2,26,413,5,2,3,1.0,3.0,33063,M,,,33
201100027309,11,2,21,1846,5,2,6,2.0,4.0,33281,M,,,33
201100027310,11,2,26,250,5,2,2,1.0,3.0,33063,M,,,33
201100027311,11,2,28,815,1,2,1,1.0,3.0,33063,M,,,33
201100027312,11,2,28,900,1,2,1,1.0,6.0,33063,M,,,33
201100027313,11,2,24,900,1,2,6,1.0,2.0,33281,M,,,33
201100027314,11,2,25,640,2,2,1,1.0,2.0,33281,M,,,33
201100027315,11,2,18,1150,1,2,6,1.0,3.0,33550,M,,,33
201100027316,11,2,28,1150,1,2,1,1.0,6.0,33063,M,,,33
201100027317,11,2,26,1410,1,2,4,1.0,5.0,33063,M,,,33
201100027318,11,3,1,1330,1,2,1,1.0,3.0,33063,M,,,33
201100027319,11,3,1,1730,1,2,1,1.0,1.0,33063,M,,,33
201100027320,11,3,1,1805,1,2,2,1.0,6.0,33063,M,,,33
201100027321,11,3,1,1600,1,2,2,1.0,3.0,33063,M,,,33
201100027322,11,3,2,1503,1,2,2,1.0,3.0,33063,M,,,33
201100027323,11,3,1,1600,1,2,5,1.0,6.0,33281,M,,,33
201100027324,11,3,3,1710,1,2,1,1.0,6.0,33063,M,,,33
201100027325,11,3,4,810,1,2,2,1.0,6.0,33063,M,,,33
201100027326,11,3,5,1650,1,2,3,1.0,6.0,33063,M,,,33
201100027327,11,3,7,1745,1,2,6,1.0,3.0,33069,M,,,33
201100027328,11,2,25,2050,5,2,1,1.0,7.0,33522,M,,,33
201100027329,11,3,4,1030,1,2,2,1.0,3.0,33281,M,,,33
201100027330,11,3,3,1545,1,2,2,1.0,6.0,33281,M,,,33
201100027331,11,3,9,1745,1,2,2,1.0,6.0,33063,M,,,33
201100027332,11,3,9,2155,5,2,2,1.0,6.0,33063,M,,,33
201100027333,11,3,1,1715,1,2,3,1.0,6.0,33522,M,,,33
201100027334,11,3,7,1125,1,2,1,1.0,3.0,33318,M,,,33
201100027335,11,3,4,2110,5,2,3,1.0,3.0,33192,M,,,33
201100027336,11,3,10,1743,1,2,1,1.0,6.0,33063,M,,,33
201100027337,11,3,7,1730,1,2,1,1.0,6.0,33281,M,,,33
201100027338,11,3,4,1430,1,2,1,1.0,6.0,33069,M,,,33
201100027339,11,3,10,1730,1,2,4,1.0,3.0,33063,M,,,33
201100027340,11,3,5,1350,1,2,3,1.0,6.0,33192,M,,,33
201100027341,11,3,4,1755,1,2,6,1.0,6.0,33550,M,,,33
201100027342,11,3,12,1410,1,2,2,1.0,3.0,33281,M,,,33
201100027343,11,3,13,1750,1,2,2,1.0,7.0,33281,M,,,33
201100027344,11,3,12,230,5,2,3,1.0,6.0,33063,M,,,33
201100027345,11,3,12,745,1,2,7,2.0,6.0,33063,M,,,33
201100027346,11,3,13,700,1,2,6,1.0,6.0,33063,M,,,33
201100027347,11,3,11,1640,1,2,3,1.0,3.0,33063,M,,,33
201100027348,11,3,13,310,5,2,3,1.0,3.0,33063,M,,,33
201100027349,11,3,14,240,5,2,3,1.0,6.0,33063,M,,,33
201100027350,11,3,11,1635,1,2,1,1.0,6.0,33063,M,,,33
201100027351,11,3,8,2015,5,2,5,1.0,6.0,33318,M,,,33
201100027352,11,3,11,2340,5,2,2,1.0,3.0,33063,M,,,33
201100027353,11,3,11,1305,1,2,3,1.0,3.0,33063,M,,,33
201100027354,11,3,11,1725,1,2,2,1.0,6.0,33063,M,,,33
201100027355,11,3,14,1830,1,2,1,1.0,4.0,33063,M,,,33
201100027356,11,3,14,2040,5,2,6,1.0,6.0,33063,M,,,33
201100027357,11,3,11,705,2,2,2,1.0,6.0,33192,M,,,33
201100027358,11,3,11,1245,1,2,1,1.0,6.0,33281,M,,,33
201100027359,11,3,10,1200,1,2,2,1.0,3.0,33075,M,,,33
201100027360,11,3,12,540,5,2,2,2.0,3.0,33119,M,,,33
201100027361,11,3,12,2020,5,2,3,1.0,3.0,33069,M,,,33
201100027362,11,3,15,1720,1,2,1,1.0,3.0,33063,M,,,33
201100027363,11,3,15,905,1,2,3,1.0,6.0,33063,M,,,33
201100027364,11,3,9,1130,1,2,2,1.0,6.0,33281,M,,,33
201100027365,11,3,12,2325,5,2,5,1.0,6.0,33032,M,,,33
201100027366,11,3,9,1345,1,2,4,1.0,3.0,33522,M,,,33
201100027367,11,3,16,1715,1,2,1,1.0,6.0,33063,M,,,33
201100027368,11,3,11,1615,1,2,2,1.0,3.0,33039,M,,,33
201100027369,11,3,19,1430,1,2,1,1.0,6.0,33063,M,,,33
201100027370,11,3,18,815,1,2,4,1.0,3.0,33063,M,,,33
201100027371,11,3,18,2130,5,2,1,1.0,2.0,33063,M,,,33
201100027372,11,3,19,1150,1,2,3,1.0,3.0,33063,M,,,33
201100027373,11,3,18,1855,1,2,1,1.0,6.0,33063,M,,,33
201100027374,11,3,18,855,1,2,4,7.0,3.0,33063,M,,,33
201100027375,11,3,20,2225,5,2,2,1.0,3.0,33318,M,,,33
201100027376,11,3,22,1105,1,2,1,1.0,6.0,33063,M,,,33
201100027377,11,3,21,730,1,2,1,1.0,6.0,33281,M,,,33
201100027378,11,3,22,1840,1,2,2,1.0,6.0,33063,M,,,33