Num_Acc,an,mois,jour,hrmn,lum,agg,int,atm,col,com,gps,lat,long,dep
201100027379,11,3,15,1810,1,2,1,2.0,6.0,33281,M,,,33
201100027380,11,3,16,2150,5,2,3,1.0,1.0,33318,M,,,33
201100027381,11,3,18,1705,1,2,1,4.0,6.0,33119,M,,,33
201100027382,11,3,22,745,1,2,2,1.0,6.0,33032,M,,,33
201100027383,11,3,22,1720,1,2,1,1.0,6.0,33249,M,,,33
201100027384,11,3,22,2300,5,2,1,1.0,6.0,33119,M,,,33
201100027385,11,3,23,1125,1,2,4,1.0,2.0,33119,M,,,33
201100027386,11,3,22,1730,1,2,6,1.0,3.0,33318,M,,,33
201100027387,11,3,24,650,1,2,2,1.0,2.0,33063,M,,,33
201100027388,11,3,24,645,1,2,4,1.0,3.0,33063,M,,,33
201100027389,11,3,25,950,1,2,2,1.0,3.0,33063,M,,,33
201100027390,11,3,24,1020,1,2,1,1.0,7.0,33032,M,,,33
201100027391,11,3,27,1740,1,2,3,1.0,5.0,33550,M,,,33
201100027392,11,3,24,220,5,2,6,1.0,6.0,33318,M,,,33
201100027393,11,3,26,115,5,2,3,1.0,6.0,33063,M,,,33
201100027394,11,3,22,2210,5,2,2,1.0,3.0,33039,M,,,33
201100027395,11,3,23,1945,5,2,6,1.0,3.0,33318,M,,,33
201100027396,11,3,27,410,5,2,2,2.0,1.0,33063,M,,,33
201100027397,11,3,23,1840,3,2,2,1.0,6.0,33281,M,,,33
201100027398,11,3,26,2110,5,2,3,2.0,1.0,33119,M,,,33
201100027399,11,3,28,1815,1,2,2,2.0,6.0,33063,M,,,33
201100027400,11,3,25,1930,5,2,1,1.0,6.0,33063,M,,,33
201100027401,11,3,25,1715,1,2,4,1.0,3.0,33167,M,,,33
201100027402,11,3,24,1700,1,2,1,1.0,6.0,33318,M,,,33
201100027403,11,3,23,925,1,2,2,1.0,6.0,33522,M,,,33
201100027404,11,3,29,1700,1,2,1,2.0,6.0,33063,M,,,33
201100027405,11,3,29,755,1,2,1,2.0,1.0,33075,M,,,33
201100027406,11,3,23,856,1,2,1,1.0,6.0,33522,M,,,33
201100027407,11,3,29,1315,1,2,5,1.0,6.0,33063,M,,,33
201100027408,11,3,29,1545,1,2,2,2.0,1.0,33119,M,,,33
201100027409,11,3,30,1030,1,2,2,1.0,3.0,33063,M,,,33
201100027410,11,3,28,1820,1,2,1,1.0,3.0,33063,M,,,33
201100027411,11,3,31,445,5,2,1,1.0,6.0,33063,M,,,33
201100027412,11,3,29,725,1,2,2,2.0,3.0,33318,M,,,33
201100027413,11,3,25,1745,1,2,3,1.0,6.0,33039,M,,,33
201100027414,11,4,3,1710,1,2,1,2.0,6.0,33063,M,,,33
201100027415,11,4,3,220,5,2,1,8.0,6.0,33063,M,,,33
201100027416,11,4,3,425,5,2,1,1.0,6.0,33063,M,,,33
201100027417,11,3,31,740,2,2,2,2.0,3.0,33281,M,,,33
201100027418,11,4,3,1810,1,2,4,1.0,6.0,33063,M,,,33
201100027419,11,4,1,1615,1,2,3,1.0,3.0,33063,M,,,33
201100027420,11,4,1,1945,1,2,3,1.0,6.0,33063,M,,,33
201100027421,11,4,1,1100,1,2,2,1.0,3.0,33063,M,,,33
201100027422,11,4,4,2320,5,2,2,1.0,6.0,33063,M,,,33
201100027423,11,4,4,2210,5,2,5,1.0,6.0,33063,M,,,33
201100027424,11,4,4,1230,1,2,1,7.0,6.0,33063,M,,,33
201100027425,11,4,4,800,1,2,3,1.0,6.0,33063,M,,,33
201100027426,11,3,30,1935,1,2,1,2.0,6.0,33281,M,,,33
201100027427,11,3,28,1800,1,2,5,1.0,5.0,33192,M,,,33
201100027428,11,4,4,1910,1,1,1,1.0,2.0,33249,M,,,33
201100027429,11,4,1,1600,1,2,1,1.0,6.0,33069,M,,,33
201100027430,11,4,4,825,1,2,8,1.0,3.0,33249,M,,,33
201100027431,11,3,31,750,2,2,1,2.0,6.0,33281,M,,,33
201100027432,11,4,2,703,2,2,2,1.0,1.0,33318,M,,,33
201100027433,11,4,4,835,1,2,1,1.0,6.0,33281,M,,,33
201100027434,11,4,1,1906,1,2,3,1.0,5.0,33075,M,,,33
201100027435,11,4,7,1000,1,2,3,1.0,6.0,33063,M,,,33
201100027436,11,4,6,725,1,2,3,1.0,6.0,33063,M,,,33
201100027437,11,4,7,1545,1,2,3,1.0,2.0,33063,M,,,33
201100027438,11,4,8,730,1,2,2,1.0,3.0,33063,M,,,33
201100027439,11,4,5,1635,1,2,3,1.0,5.0,33550,M,,,33
201100027440,11,4,10,2210,5,2,2,1.0,1.0,33063,M,,,33
201100027441,11,4,9,1525,1,2,2,1.0,6.0,33063,M,,,33
201100027442,11,4,9,110,5,2,1,1.0,6.0,33063,M,,,33
201100027443,11,4,10,735,1,2,2,1.0,6.0,33063,M,,,33
201100027444,11,4,8,1420,1,2,9,1.0,2.0,33063,M,,,33
201100027445,11,4,10,1710,1,2,2,1.0,6.0,33063,M,,,33
201100027446,11,4,4,1050,1,2,4,1.0,2.0,33192,M,,,33
201100027447,11,4,6,1907,1,2,2,1.0,6.0,33318,M,,,33
201100027448,11,4,11,1200,1,2,2,1.0,3.0,33063,M,,,33
201100027449,11,4,12,1530,1,2,1,1.0,3.0,33063,M,,,33
201100027450,11,4,7,1650,1,2,3,1.0,3.0,33318,M,,,33
201100027451,11,4,7,902,1,2,6,1.0,3.0,33192,M,,,33
201100027452,11,4,7,1645,1,2,1,1.0,3.0,33318,M,,,33
201100027453,11,4,12,1030,1,2,2,1.0,3.0,33063,M,,,33
201100027454,11,4,6,914,1,2,1,1.0,6.0,33522,M,,,33
201100027455,11,4,9,2130,5,2,2,1.0,3.0,33318,M,,,33
201100027456,11,4,8,1415,1,2,1,1.0,6.0,33281,M,,,33
201100027457,11,4,8,810,1,2,4,1.0,2.0,33281,M,,,33
201100027458,11,4,7,1635,1,2,1,1.0,3.0,33281,M,,,33
201100027459,11,4,10,1615,1,2,2,1.0,3.0,33318,M,,,33
201100027460,11,4,15,135,5,2,1,1.0,6.0,33069,M,,,33
201100027461,11,4,8,1730,1,2,3,1.0,3.0,33522,M,,,33
201100027462,11,4,12,1340,1,2,1,1.0,7.0,33281,M,,,33
201100027463,11,4,15,2115,5,2,2,1.0,3.0,33063,M,,,33
201100027464,11,4,15,2315,5,2,3,1.0,3.0,33063,M,,,33
201100027465,11,4,18,2035,5,2,4,1.0,6.0,33069,M,,,33
201100027466,11,4,18,1630,1,2,1,1.0,3.0,33063,M,,,33
201100027467,11,4,13,1355,1,2,3,1.0,3.0,33318,M,,,33
201100027468,11,4,19,1550,1,2,1,1.0,6.0,33063,M,,,33
201100027469,11,4,19,1900,1,2,4,1.0,3.0,33063,M,,,33
201100027470,11,4,13,1505,1,2,6,1.0,6.0,33550,M,,,33
201100027471,11,4,15,1733,1,2,1,1.0,6.0,33550,M,,,33
201100027472,11,4,21,2233,5,2,2,1.0,1.0,33063,M,,,33
201100027473,11,4,21,940,1,2,7,1.0,6.0,33063,M,,,33
201100027474,11,4,21,710,1,2,5,1.0,6.0,33522,M,,,33
201100027475,11,4,23,100,5,2,1,1.0,7.0,33063,M,,,33
201100027476,11,4,24,2050,2,2,1,2.0,7.0,33063,M,,,33
201100027477,11,4,24,1335,1,2,1,1.0,6.0,33063,M,,,33
201100027478,11,4,21,2015,1,2,1,1.0,6.0,33063,M,,,33
201100027479,11,4,23,535,5,2,2,1.0,3.0,33063,M,,,33
201100027480,11,4,17,1000,1,2,5,1.0,4.0,33522,M,,,33
201100027481,11,4,19,1305,1,2,1,1.0,6.0,33318,M,,,33
201100027482,11,4,23,126,5,2,1,1.0,6.0,33063,M,,,33
201100027483,11,4,16,2135,2,2,2,1.0,4.0,33318,M,,,33
201100027484,11,4,26,750,1,2,1,1.0,6.0,33063,M,,,33
201100027485,11,4,22,955,1,2,5,1.0,6.0,33281,M,,,33
201100027486,11,4,26,800,1,2,1,1.0,6.0,33063,M,,,33
201100027487,11,4,25,1215,1,2,2,1.0,3.0,33032,M,,,33
201100027488,11,4,19,1015,1,2,1,1.0,6.0,33281,M,,,33
201100027489,11,4,21,1025,1,2,5,1.0,3.0,33522,M,,,33
201100027490,11,4,20,1107,1,2,1,1.0,2.0,33318,M,,,33
201100027491,11,4,21,725,1,2,1,1.0,6.0,33281,M,,,33
201100027492,11,4,27,1855,1,2,6,1.0,6.0,33063,M,,,33
201100027493,11,4,27,1320,1,2,1,1.0,6.0,33063,M,,,33
201100027494,11,4,24,235,5,2,1,1.0,3.0,33318,M,,,33
201100027495,11,4,26,1900,1,2,6,1.0,6.0,33167,M,,,33
201100027496,11,4,27,2150,5,2,2,1.0,6.0,33063,M,,,33
201100027497,11,4,26,1905,1,2,6,1.0,6.0,33281,M,,,33
201100027498,11,4,25,2100,5,2,6,1.0,7.0,33192,M,,,33
201100027499,11,4,23,1600,1,2,4,1.0,3.0,33550,M,,,33
201100027500,11,4,29,1800,1,2,1,1.0,3.0,33063,M,,,33
201100027501,11,5,1,1645,1,2,1,1.0,2.0,33063,M,,,33
201100027502,11,4,28,1810,1,2,3,1.0,6.0,33063,M,,,33
201100027503,11,5,1,1805,1,2,4,8.0,2.0,33063,M,,,33
201100027504,11,4,22,1215,1,2,1,1.0,3.0,33192,M,,,33
201100027505,11,4,29,845,1,2,3,1.0,6.0,33063,M,,,33
201100027506,11,4,26,1930,1,2,3,1.0,4.0,33318,M,,,33
201100027507,11,5,2,1500,1,2,1,1.0,4.0,33063,M,,,33
201100027508,11,5,2,2025,1,2,2,1.0,6.0,33063,M,,,33
201100027509,11,4,28,1800,1,2,1,1.0,6.0,33522,M,,,33
201100027510,11,5,1,1530,1,2,2,1.0,3.0,33281,M,,,33
201100027511,11,5,4,1610,1,2,2,1.0,6.0,33063,M,,,33
201100027512,11,5,2,925,1,2,4,1.0,2.0,33281,M,,,33
201100027513,11,4,29,1330,1,2,1,1.0,3.0,33281,M,,,33
201100027514,11,5,5,1617,1,2,1,1.0,7.0,33063,M,,,33
201100027515,11,5,6,1420,1,2,2,1.0,6.0,33063,M,,,33
201100027516,11,5,7,501,5,2,2,1.0,3.0,33063,M,,,33
201100027517,11,5,7,1530,1,2,1,1.0,6.0,33069,M,,,33
201100027518,11,5,6,1230,1,2,1,1.0,3.0,33065,M,,,33
201100027519,11,5,6,1720,1,2,2,1.0,3.0,33063,M,,,33
201100027520,11,5,7,2050,1,2,2,1.0,1.0,33063,M,,,33
201100027521,11,5,8,2215,2,2,1,1.0,6.0,33063,M,,,33
201100027522,11,5,5,1125,1,2,2,1.0,2.0,33249,M,,,33
201100027523,11,5,9,1645,1,2,1,1.0,6.0,33063,M,,,33
201100027524,11,4,29,720,1,2,3,1.0,6.0,33192,M,,,33
201100027525,11,5,7,1415,1,2,2,2.0,2.0,33119,M,,,33
201100027526,11,5,6,1340,1,2,1,1.0,4.0,33281,M,,,33
201100027527,11,5,10,745,1,2,5,1.0,3.0,33063,M,,,33
201100027528,11,5,10,2250,5,2,3,1.0,6.0,33063,M,,,33
201100027529,11,5,10,1140,1,2,2,1.0,3.0,33063,M,,,33
201100027530,11,5,12,240,5,2,1,1.0,6.0,33063,M,,,33
201100027531,11,5,11,750,1,2,2,1.0,4.0,33063,M,,,33
201100027532,11,5,12,220,5,2,3,2.0,6.0,33063,M,,,33
201100027533,11,5,9,1737,1,2,4,1.0,3.0,33318,M,,,33
201100027534,11,5,11,1230,1,2,2,1.0,3.0,33063,M,,,33
201100027535,11,5,10,1715,1,2,2,1.0,1.0,33063,M,,,33
201100027536,11,5,11,1320,1,2,6,1.0,3.0,33063,M,,,33
201100027537,11,5,9,1815,1,2,1,1.0,3.0,33281,M,,,33
201100027538,11,5,12,1715,1,2,8,1.0,6.0,33063,M,,,33
201100027539,11,5,4,1220,1,2,1,1.0,6.0,33281,M,,,33
201100027540,11,5,13,2130,5,2,1,1.0,6.0,33063,M,,,33
201100027541,11,5,13,1830,1,2,2,1.0,3.0,33063,M,,,33
201100027542,11,5,15,130,5,2,5,1.0,6.0,33063,M,,,33
201100027543,11,5,13,1130,1,2,5,1.0,3.0,33063,M,,,33
201100027544,11,5,14,410,5,2,1,1.0,6.0,33063,M,,,33
201100027545,11,5,9,2020,1,2,1,1.0,6.0,33192,M,,,33
201100027546,11,5,16,855,1,2,1,1.0,6.0,33063,M,,,33
201100027547,11,5,16,1515,1,2,1,1.0,6.0,33063,M,,,33
201100027548,11,5,11,855,1,2,1,1.0,3.0,33318,M,,,33
201100027549,11,5,16,745,1,2,2,1.0,3.0,33063,M,,,33
201100027550,11,5,16,850,1,2,4,1.0,1.0,33281,M,,,33
201100027551,11,5,17,1730,1,2,1,1.0,4.0,33063,M,,,33
201100027552,11,5,10,1330,1,2,3,1.0,6.0,33281,M,,,33
201100027553,11,5,17,1625,1,2,1,1.0,6.0,33063,M,,,33
201100027554,11,5,17,745,1,2,1,1.0,3.0,33063,M,,,33
201100027555,11,5,18,830,1,2,1,1.0,3.0,33063,M,,,33
201100027556,11,5,18,1130,1,2,3,1.0,2.0,33063,M,,,33
201100027557,11,5,18,2100,1,2,2,1.0,6.0,33063,M,,,33
201100027558,11,5,18,1730,1,2,1,1.0,6.0,33063,M,,,33
201100027559,11,5,16,1200,1,2,1,1.0,6.0,33318,M,,,33
201100027560,11,5,16,900,1,2,4,1.0,5.0,33318,M,,,33
201100027561,11,5,16,740,1,2,2,1.0,3.0,33550,M,,,33
201100027562,11,5,14,1250,1,2,1,1.0,2.0,33550,M,,,33
201100027563,11,5,19,1335,1,2,4,1.0,2.0,33063,M,,,33
201100027564,11,5,19,1145,1,2,2,2.0,6.0,33063,M,,,33
201100027565,11,5,19,2250,5,2,1,1.0,7.0,33063,M,,,33
201100027566,11,5,19,1805,1,2,1,1.0,3.0,33063,M,,,33
201100027567,11,5,19,1440,1,2,2,1.0,5.0,33063,M,,,33
201100027568,11,5,19,1830,1,2,2,1.0,6.0,33063,M,,,33
201100027569,11,5,19,2100,1,2,1,1.0,3.0,33119,M,,,33
201100027570,11,5,20,1815,1,2,1,1.0,3.0,33063,M,,,33
201100027571,11,5,20,900,1,2,1,1.0,1.0,33063,M,,,33
201100027572,11,5,20,1715,1,2,3,2.0,3.0,33063,M,,,33
201100027573,11,5,18,1340,1,2,2,1.0,6.0,33063,M,,,33
201100027574,11,5,19,1203,1,2,2,1.0,3.0,33249,M,,,33
201100027575,11,5,18,1440,1,2,1,1.0,6.0,33032,M,,,33
201100027576,11,5,16,1710,1,2,1,7.0,6.0,33522,M,,,33
201100027577,11,5,23,1640,1,2,3,1.0,3.0,33063,M,,,33
201100027578,11,5,23,645,1,2,2,1.0,3.0,33063,M,,,33
201100027579,11,5,23,1830,1,2,1,1.0,6.0,33063,M,,,33
201100027580,11,5,24,1705,1,2,1,1.0,3.0,33063,M,,,33
201100027581,11,5,24,2350,5,2,7,1.0,6.0,33063,M,,,33
201100027582,11,5,24,1700,1,2,4,1.0,6.0,33063,M,,,33
201100027583,11,5,24,1206,1,2,2,1.0,6.0,33063,M,,,33
201100027584,11,5,23,855,1,2,1,1.0,5.0,33281,M,,,33
201100027585,11,5,24,925,1,2,2,9.0,2.0,33318,M,,,33
201100027586,11,5,26,2100,1,2,3,1.0,6.0,33119,M,,,33
201100027587,11,5,24,1755,1,2,1,1.0,6.0,33318,M,,,33
201100027588,11,5,29,2222,5,2,2,1.0,6.0,33063,M,,,33
201100027589,11,5,24,840,1,2,3,1.0,3.0,33522,M,,,33
201100027590,11,5,19,1235,1,2,3,2.0,7.0,33550,M,,,33
201100027591,11,5,28,1245,1,2,2,1.0,6.0,33063,M,,,33
201100027592,11,5,24,1330,1,2,1,1.0,6.0,33039,M,,,33
201100027593,11,5,28,1810,1,2,3,1.0,6.0,33063,M,,,33
201100027594,11,5,28,1630,1,2,1,1.0,2.0,33063,M,,,33
201100027595,11,5,30,1730,1,2,1,1.0,6.0,33063,M,,,33
201100027596,11,5,31,2100,1,2,6,1.0,3.0,33063,M,,,33
201100027597,11,5,27,620,1,2,2,1.0,3.0,33119,M,,,33
201100027598,11,5,31,1940,1,2,3,1.0,2.0,33063,M,,,33
201100027599,11,5,27,720,1,2,6,1.0,2.0,33249,M,,,33
201100027600,11,6,1,920,1,2,2,1.0,3.0,33119,M,,,33
201100027601,11,6,3,1545,1,2,1,1.0,3.0,33063,M,,,33
201100027602,11,5,31,1130,1,2,1,1.0,6.0,33318,M,,,33
201100027603,11,6,4,1320,1,2,2,1.0,3.0,33063,M,,,33
201100027604,11,6,4,1950,1,2,1,1.0,3.0,33063,M,,,33
201100027605,11,6,5,410,1,2,1,1.0,3.0,33249,M,,,33
201100027606,11,6,3,1145,1,2,3,1.0,1.0,33063,M,,,33
201100027607,11,6,5,415,5,2,2,8.0,6.0,33063,M,,,33
201100027608,11,5,30,850,1,2,3,1.0,3.0,33318,M,,,33
201100027609,11,5,31,1920,1,2,1,1.0,1.0,33281,M,,,33
201100027610,11,6,8,140,5,2,2,8.0,6.0,33063,M,,,33
201100027611,11,6,8,1215,1,2,1,2.0,2.0,33063,M,,,33
201100027612,11,6,3,2010,1,2,2,1.0,3.0,33063,M,,,33
201100027613,11,6,8,1300,1,2,1,1.0,6.0,33063,M,,,33
201100027614,11,6,6,1825,1,2,1,1.0,6.0,33249,M,,,33
201100027615,11,6,1,1730,1,2,3,1.0,3.0,33192,M,,,33
201100027616,11,6,9,1615,1,2,1,1.0,6.0,33063,M,,,33
201100027617,11,6,6,1355,1,2,2,1.0,2.0,33281,M,,,33
201100027618,11,6,1,1530,1,2,1,1.0,3.0,33192,M,,,33
201100027619,11,6,9,1500,1,2,2,1.0,2.0,33063,M,,,33
201100027620,11,6,9,1440,1,2,4,1.0,3.0,33063,M,,,33
201100027621,11,6,10,1715,1,2,3,1.0,6.0,33063,M,,,33
201100027622,11,6,12,1754,1,2,2,1.0,6.0,33063,M,,,33
201100027623,11,6,11,1520,1,2,1,1.0,3.0,33063,M,,,33
201100027624,11,6,10,735,1,1,3,1.0,6.0,33063,M,,,33
201100027625,11,6,10,830,1,2,1,1.0,3.0,33063,M,,,33
201100027626,11,6,14,1115,1,2,6,1.0,3.0,33281,M,,,33
201100027627,11,6,14,1650,1,2,2,1.0,3.0,33281,M,,,33
201100027628,11,6,10,2200,2,2,1,1.0,7.0,33063,M,,,33
201100027629,11,6,8,1400,1,2,1,1.0,4.0,33069,M,,,33
201100027630,11,6,7,855,1,2,1,2.0,3.0,33281,M,,,33
201100027631,11,6,9,1730,1,2,2,1.0,6.0,33119,M,,,33
201100027632,11,6,7,1200,1,2,1,2.0,5.0,33522,M,,,33
201100027633,11,6,10,830,1,2,1,1.0,2.0,33281,M,,,33
201100027634,11,6,15,1730,1,2,1,1.0,6.0,33063,M,,,33
201100027635,11,6,10,2240,5,2,1,1.0,6.0,33119,M,,,33
201100027636,11,6,16,905,1,2,3,1.0,3.0,33063,M,,,33
201100027637,11,6,9,1540,1,2,6,8.0,3.0,33039,M,,,33
201100027638,11,6,15,1210,1,2,1,1.0,6.0,33281,M,,,33
201100027639,11,6,13,1445,1,2,4,3.0,3.0,33522,M,,,33
201100027640,11,6,16,850,1,2,2,1.0,6.0,33119,M,,,33
201100027641,11,6,19,1545,1,2,1,1.0,6.0,33063,M,,,33
201100027642,11,6,18,2230,5,2,3,1.0,3.0,33063,M,,,33
201100027643,11,6,17,1830,1,2,3,1.0,1.0,33063,M,,,33
201100027644,11,6,18,2045,1,2,3,1.0,3.0,33063,M,,,33
201100027645,11,6,18,1900,1,2,1,1.0,4.0,33063,M,,,33
201100027646,11,6,17,720,1,2,1,1.0,3.0,33063,M,,,33
201100027647,11,6,17,1640,1,2,1,3.0,3.0,33063,M,,,33
201100027648,11,6,17,1630,1,2,1,2.0,3.0,33069,M,,,33
201100027649,11,6,17,1715,1,2,4,1.0,3.0,33063,M,,,33
201100027650,11,6,14,1030,1,2,1,1.0,6.0,33522,M,,,33
201100027651,11,6,20,1730,1,2,2,1.0,3.0,33063,M,,,33
201100027652,11,6,20,1715,1,2,3,1.0,1.0,33063,M,,,33
201100027653,11,6,20,1215,1,2,5,1.0,3.0,33063,M,,,33
201100027654,11,6,20,1205,1,2,1,1.0,3.0,33281,M,,,33
201100027655,11,6,22,38,5,2,1,1.0,7.0,33063,M,,,33
201100027656,11,6,22,230,5,2,3,1.0,2.0,33063,M,,,33
201100027657,11,6,17,1630,1,2,1,2.0,6.0,33281,M,,,33
201100027658,11,6,20,2035,1,2,1,1.0,3.0,33119,M,,,33
201100027659,11,6,21,710,1,2,3,2.0,3.0,33063,M,,,33
201100027660,11,6,21,2000,1,2,2,1.0,3.0,33063,M,,,33
201100027661,11,6,18,1155,1,2,2,1.0,3.0,33032,M,,,33
201100027662,11,6,21,1610,1,2,2,1.0,3.0,33063,M,,,33
201100027663,11,6,22,1250,2,2,1,1.0,6.0,33063,M,,,33
201100027664,11,6,23,145,5,2,3,1.0,6.0,33063,M,,,33
201100027665,11,6,17,1009,1,2,3,1.0,3.0,33318,M,,,33
201100027666,11,6,14,1755,1,2,3,1.0,4.0,33522,M,,,33
201100027667,11,6,21,2035,1,2,2,1.0,3.0,33119,M,,,33
201100027668,11,6,23,1857,1,2,3,1.0,3.0,33063,M,,,33
201100027669,11,6,25,2110,2,2,1,1.0,7.0,33063,M,,,33
201100027670,11,6,26,225,5,2,1,1.0,2.0,33063,M,,,33
201100027671,11,6,23,1015,1,2,1,1.0,6.0,33119,M,,,33
201100027672,11,6,26,1250,1,2,2,1.0,3.0,33063,M,,,33
201100027673,11,6,27,300,5,2,4,1.0,6.0,33063,M,,,33
201100027674,11,6,24,1130,1,2,2,1.0,3.0,33063,M,,,33
201100027675,11,6,27,1550,1,2,6,1.0,3.0,33063,M,,,33
201100027676,11,6,28,635,1,2,4,1.0,6.0,33063,M,,,33
201100027677,11,6,22,2155,2,2,1,1.0,7.0,33522,M,,,33
201100027678,11,6,26,1050,1,2,1,1.0,6.0,33032,M,,,33
201100027679,11,6,18,2030,1,2,2,1.0,3.0,33039,M,,,33
201100027680,11,6,25,945,1,2,1,1.0,6.0,33318,M,,,33
201100027681,11,6,26,940,1,2,2,1.0,3.0,33550,M,,,33
201100027682,11,6,25,1535,1,2,1,1.0,6.0,33281,M,,,33
201100027683,11,6,28,2355,5,2,6,1.0,7.0,33281,M,,,33
201100027684,11,6,21,1150,1,2,3,1.0,3.0,33522,M,,,33
201100027685,11,6,25,1620,1,2,1,1.0,2.0,33281,M,,,33
201100027686,11,7,2,1735,1,2,1,1.0,6.0,33063,M,,,33
201100027687,11,7,1,1120,1,2,4,1.0,3.0,33063,M,,,33
201100027688,11,6,29,1655,1,2,1,1.0,6.0,33069,M,,,33
201100027689,11,6,28,1620,1,2,2,1.0,3.0,33281,M,,,33
201100027690,11,7,3,255,5,2,2,1.0,3.0,33063,M,,,33
201100027691,11,7,4,1730,1,2,6,1.0,3.0,33318,M,,,33
201100027692,11,7,6,210,4,2,3,1.0,6.0,33063,M,,,33
201100027693,11,7,5,1900,1,2,1,1.0,2.0,33063,M,,,33
201100027694,11,7,5,1720,1,2,1,1.0,6.0,33063,M,,,33
201100027695,11,7,1,1555,1,2,1,1.0,4.0,33249,M,,,33
201100027696,11,7,6,1220,1,2,3,1.0,3.0,33063,M,,,33
201100027697,11,6,16,2057,1,2,3,1.0,2.0,33550,M,,,33
201100027698,11,6,30,1755,1,2,2,1.0,5.0,33281,M,,,33
201100027699,11,7,6,750,1,2,2,1.0,3.0,33063,M,,,33
201100027700,11,6,30,805,1,2,3,1.0,3.0,33039,M,,,33
201100027701,11,7,6,1445,1,2,2,1.0,3.0,33063,M,,,33
201100027702,11,7,6,1625,1,2,2,1.0,3.0,33063,M,,,33
201100027703,11,7,1,810,1,2,6,1.0,3.0,33075,M,,,33
201100027704,11,7,5,1830,1,2,1,1.0,6.0,33550,M,,,33
201100027705,11,7,7,2305,5,2,2,1.0,2.0,33063,M,,,33
201100027706,11,7,7,1645,1,2,2,1.0,3.0,33063,M,,,33
201100027707,11,7,10,705,1,2,4,2.0,2.0,33063,M,,,33
201100027708,11,7,9,1240,1,2,3,1.0,3.0,33063,M,,,33
201100027709,11,7,8,600,2,2,2,1.0,3.0,33063,M,,,33
201100027710,11,7,10,145,5,2,3,1.0,3.0,33063,M,,,33
201100027711,11,7,3,1830,1,2,1,1.0,6.0,33281,M,,,33
201100027712,11,7,9,225,5,2,1,1.0,7.0,33063,M,,,33
201100027713,11,6,30,1530,1,2,3,1.0,6.0,33069,M,,,33
201100027714,11,6,29,1249,1,2,1,1.0,3.0,33192,M,,,33
201100027715,11,7,8,720,1,2,3,1.0,1.0,33063,M,,,33
201100027716,11,7,12,1800,1,2,1,1.0,2.0,33063,M,,,33
201100027717,11,7,12,1255,1,2,2,2.0,5.0,33063,M,,,33
201100027718,11,7,12,1205,1,2,3,1.0,3.0,33063,M,,,33
201100027719,11,7,14,1000,1,2,7,1.0,3.0,33063,M,,,33
201100027720,11,7,7,1325,1,2,1,2.0,3.0,33522,M,,,33
201100027721,11,7,15,235,5,2,1,1.0,7.0,33063,M,,,33
201100027722,11,7,8,2330,5,2,3,1.0,7.0,33075,M,,,33
201100027723,11,7,8,740,1,2,3,1.0,5.0,33063,M,,,33
201100027724,11,7,7,1845,1,2,1,1.0,3.0,33318,M,,,33
201100027725,11,7,18,845,1,2,1,1.0,3.0,33063,M,,,33
201100027726,11,7,18,1225,1,2,1,1.0,6.0,33063,M,,,33
201100027727,11,7,10,2010,1,2,3,1.0,3.0,33281,M,,,33
201100027728,11,7,13,1855,1,2,1,1.0,6.0,33281,M,,,33
201100027729,11,7,13,1920,1,2,1,1.0,3.0,33063,M,,,33
201100027730,11,7,19,1400,1,2,1,1.0,6.0,33063,M,,,33
201100027731,11,7,19,1835,1,2,2,1.0,3.0,33069,M,,,33
201100027732,11,7,21,1910,1,2,2,1.0,3.0,33063,M,,,33
201100027733,11,7,21,1330,1,2,3,1.0,3.0,33063,M,,,33
201100027734,11,7,24,1445,1,2,3,1.0,3.0,33063,M,,,33
201100027735,11,7,24,250,5,2,1,1.0,6.0,33249,M,,,33
201100027736,11,7,20,1545,1,2,2,2.0,3.0,33039,M,,,33
201100027737,11,7,22,1210,1,2,1,1.0,6.0,33063,M,,,33
201100027738,11,7,25,1645,1,2,2,1.0,6.0,33063,M,,,33
201100027739,11,7,25,1030,1,2,1,2.0,3.0,33063,M,,,33
201100027740,11,7,26,1240,1,2,1,1.0,6.0,33063,M,,,33
201100027741,11,7,22,1218,1,2,1,1.0,6.0,33249,M,,,33
201100027742,11,7,16,1840,1,2,1,1.0,2.0,33550,M,,,33
201100027743,11,7,26,235,5,2,1,2.0,5.0,33249,M,,,33
201100027744,11,7,25,1255,1,2,3,2.0,2.0,33281,M,,,33
201100027745,11,7,25,1745,1,2,1,2.0,3.0,33039,M,,,33
201100027746,11,7,23,1751,1,2,6,1.0,3.0,33522,M,,,33
201100027747,11,7,25,1545,1,2,2,2.0,3.0,33167,M,,,33
201100027748,11,7,28,1145,1,2,3,1.0,3.0,33063,M,,,33
201100027749,11,7,25,1150,1,2,3,2.0,3.0,33063,M,,,33
201100027750,11,7,25,1350,1,2,2,2.0,6.0,33522,M,,,33
201100027751,11,7,18,305,5,2,3,2.0,6.0,33550,M,,,33
201100027752,11,7,27,2020,1,2,1,1.0,1.0,33119,M,,,33
201100027753,11,7,25,1700,1,2,1,3.0,4.0,33039,M,,,33
201100027754,11,7,29,2015,1,2,1,1.0,3.0,33063,M,,,33
201100027755,11,7,28,1210,1,2,1,1.0,3.0,33318,M,,,33
201100027756,11,8,1,1850,1,2,3,1.0,3.0,33063,M,,,33
201100027757,11,8,3,1525,1,2,2,1.0,3.0,33063,M,,,33
201100027758,11,8,3,1250,1,2,1,1.0,4.0,33063,M,,,33
201100027759,11,7,29,1850,1,2,1,1.0,2.0,33249,M,,,33
201100027760,11,8,7,300,5,2,3,1.0,6.0,33063,M,,,33
201100027761,11,8,7,200,4,2,2,1.0,3.0,33063,M,,,33
201100027762,11,8,5,730,2,2,7,2.0,3.0,33063,M,,,33
201100027763,11,8,6,2240,5,2,6,1.0,7.0,33192,M,,,33
201100027764,11,8,6,1830,1,2,6,2.0,7.0,33063,M,,,33
201100027765,11,8,8,2340,5,2,3,1.0,3.0,33063,M,,,33
201100027766,11,8,8,435,4,1,3,2.0,2.0,33281,M,,,33