Num_Acc,an,mois,jour,hrmn,lum,agg,int,atm,col,com,gps,lat,long,dep
201100027767,11,8,6,600,4,2,4,2.0,7.0,33075,M,,,33
201100027768,11,8,8,841,1,2,1,1.0,6.0,33063,M,,,33
201100027769,11,8,8,2330,5,2,7,1.0,3.0,33063,M,,,33
201100027770,11,8,3,1920,1,2,3,1.0,3.0,33318,M,,,33
201100027771,11,8,9,910,1,2,2,1.0,3.0,33063,M,,,33
201100027772,11,8,6,2020,1,2,3,1.0,2.0,33167,M,,,33
201100027773,11,8,5,1945,1,2,3,1.0,3.0,33039,M,,,33
201100027774,11,8,8,900,1,2,4,1.0,3.0,33550,M,,,33
201100027775,11,8,7,1535,1,2,3,1.0,2.0,33075,M,,,33
201100027776,11,8,15,617,2,2,1,1.0,6.0,33063,M,,,33
201100027777,11,8,14,1800,1,2,2,1.0,2.0,33063,M,,,33
201100027778,11,8,15,2345,5,2,2,1.0,3.0,33063,M,,,33
201100027779,11,8,12,10,5,2,2,1.0,2.0,33249,M,,,33
201100027780,11,8,17,240,3,2,6,1.0,6.0,33063,M,,,33
201100027781,11,8,9,1640,1,2,1,1.0,3.0,33281,M,,,33
201100027782,11,8,17,1220,1,2,1,1.0,5.0,33063,M,,,33
201100027783,11,8,19,1110,1,2,3,1.0,3.0,33063,M,,,33
201100027784,11,8,20,30,5,2,2,1.0,3.0,33063,M,,,33
201100027785,11,8,21,1,5,2,6,1.0,6.0,33063,M,,,33
201100027786,11,8,12,1320,1,2,2,1.0,2.0,33550,M,,,33
201100027787,11,8,22,1910,1,2,2,1.0,3.0,33063,M,,,33
201100027788,11,8,22,1700,1,2,1,1.0,4.0,33063,M,,,33
201100027789,11,8,22,30,5,2,5,1.0,3.0,33318,M,,,33
201100027790,11,8,23,1550,1,2,2,1.0,3.0,33063,M,,,33
201100027791,11,8,23,1720,1,2,2,1.0,3.0,33063,M,,,33
201100027792,11,8,23,1515,1,2,2,1.0,6.0,33063,M,,,33
201100027793,11,8,24,920,1,2,1,8.0,2.0,33063,M,,,33
201100027794,11,8,19,1530,1,2,1,1.0,6.0,33281,M,,,33
201100027795,11,8,25,1120,1,2,2,1.0,3.0,33063,M,,,33
201100027796,11,8,22,1635,1,2,6,1.0,5.0,33281,M,,,33
201100027797,11,8,22,1950,1,2,3,1.0,4.0,33281,M,,,33
201100027798,11,8,22,1420,1,2,3,1.0,3.0,33039,M,,,33
201100027799,11,8,26,2025,1,2,3,1.0,2.0,33063,M,,,33
201100027800,11,8,28,550,5,2,2,1.0,6.0,33063,M,,,33
201100027801,11,8,27,1600,1,2,1,1.0,6.0,33063,M,,,33
201100027802,11,8,24,1130,1,2,5,1.0,3.0,33039,M,,,33
201100027803,11,8,26,1415,1,2,1,1.0,4.0,33550,M,,,33
201100027804,11,8,30,1930,1,2,1,1.0,2.0,33063,M,,,33
201100027805,11,8,24,1730,1,2,3,1.0,3.0,33192,M,,,33
201100027806,11,8,26,1818,1,2,1,2.0,4.0,33281,M,,,33
201100027807,11,8,28,2005,1,2,3,1.0,3.0,33281,M,,,33
201100027808,11,8,13,1640,1,2,2,1.0,3.0,33318,M,,,33
201100027809,11,8,28,1340,1,2,2,1.0,6.0,33063,M,,,33
201100027810,11,8,28,2210,5,2,6,1.0,3.0,33281,M,,,33
201100027811,11,8,31,1730,1,2,2,1.0,6.0,33063,M,,,33
201100027812,11,8,21,1255,1,2,2,1.0,3.0,33318,M,,,33
201100027813,11,8,9,830,1,2,3,1.0,3.0,33318,M,,,33
201100027814,11,8,28,1240,1,2,2,1.0,3.0,33075,M,,,33
201100027815,11,8,29,915,1,2,2,1.0,6.0,33063,M,,,33
201100027816,11,8,29,1820,1,2,1,1.0,3.0,33318,M,,,33
201100027817,11,9,3,1840,1,2,1,8.0,4.0,33063,M,,,33
201100027818,11,8,30,1745,1,2,6,1.0,2.0,33318,M,,,33
201100027819,11,9,2,1515,1,2,2,1.0,2.0,33063,M,,,33
201100027820,11,9,3,625,5,2,3,2.0,6.0,33063,M,,,33
201100027821,11,8,29,1550,1,2,2,1.0,3.0,33069,M,,,33
201100027822,11,8,31,945,1,2,1,1.0,1.0,33075,M,,,33
201100027823,11,9,5,810,1,2,5,1.0,3.0,33119,M,,,33
201100027824,11,8,26,1015,1,2,2,1.0,3.0,33069,M,,,33
201100027825,11,8,30,2120,5,1,3,1.0,7.0,33075,M,,,33
201100027826,11,9,2,1910,1,2,5,1.0,3.0,33063,M,,,33
201100027827,11,8,30,2330,5,2,1,1.0,2.0,33550,M,,,33
201100027828,11,8,30,1415,1,2,1,1.0,4.0,33522,M,,,33
201100027829,11,9,7,1600,1,2,9,2.0,3.0,33063,M,,,33
201100027830,11,9,7,1315,1,2,2,2.0,5.0,33063,M,,,33
201100027831,11,9,3,2355,5,2,1,1.0,3.0,33318,M,,,33
201100027832,11,9,1,840,1,2,3,2.0,4.0,33075,M,,,33
201100027833,11,9,1,1615,1,2,2,1.0,3.0,33318,M,,,33
201100027834,11,9,7,1543,1,2,1,2.0,2.0,33281,M,,,33
201100027835,11,9,1,615,5,2,6,2.0,6.0,33281,M,,,33
201100027836,11,9,7,1350,1,2,1,1.0,4.0,33063,M,,,33
201100027837,11,9,5,1457,1,2,6,1.0,3.0,33119,M,,,33
201100027838,11,9,3,1520,1,2,4,1.0,6.0,33032,M,,,33
201100027839,11,9,9,620,5,2,2,1.0,2.0,33063,M,,,33
201100027840,11,9,8,810,1,2,3,2.0,2.0,33063,M,,,33
201100027841,11,9,9,956,1,2,1,1.0,1.0,33063,M,,,33
201100027842,11,9,7,1930,1,2,1,1.0,3.0,33318,M,,,33
201100027843,11,9,12,1520,1,2,1,1.0,2.0,33063,M,,,33
201100027844,11,9,11,110,5,2,1,1.0,7.0,33063,M,,,33
201100027845,11,9,7,1810,1,2,3,2.0,3.0,33318,M,,,33
201100027846,11,9,7,1200,1,2,2,2.0,3.0,33281,M,,,33
201100027847,11,9,12,1740,1,2,7,1.0,6.0,33063,M,,,33
201100027848,11,9,13,1645,1,2,1,1.0,2.0,33063,M,,,33
201100027849,11,9,13,1850,1,2,3,1.0,3.0,33063,M,,,33
201100027850,11,9,7,1430,1,2,6,2.0,3.0,33039,M,,,33
201100027851,11,9,14,1118,1,2,5,1.0,6.0,33063,M,,,33
201100027852,11,9,7,1230,1,2,6,1.0,3.0,33318,M,,,33
201100027853,11,9,15,2200,5,2,2,1.0,3.0,33063,M,,,33
201100027854,11,9,14,1745,1,2,4,1.0,3.0,33063,M,,,33
201100027855,11,9,15,735,1,2,5,1.0,3.0,33522,M,,,33
201100027856,11,9,16,240,5,2,1,1.0,6.0,33063,M,,,33
201100027857,11,9,17,2240,5,2,1,2.0,3.0,33063,M,,,33
201100027858,11,9,16,1245,1,2,2,1.0,3.0,33063,M,,,33
201100027859,11,9,12,1750,1,2,6,1.0,2.0,33318,M,,,33
201100027860,11,9,17,1120,1,2,1,1.0,3.0,33063,M,,,33
201100027861,11,9,12,1635,1,2,1,1.0,3.0,33039,M,,,33
201100027862,11,9,13,1445,1,2,4,1.0,3.0,33318,M,,,33
201100027863,11,9,16,1356,1,2,1,1.0,4.0,33063,M,,,33
201100027864,11,9,13,805,1,2,4,1.0,2.0,33063,M,,,33
201100027865,11,9,9,2149,5,2,6,1.0,7.0,33522,M,,,33
201100027866,11,9,19,1742,1,2,1,1.0,6.0,33522,M,,,33
201100027867,11,9,19,1050,1,2,2,2.0,3.0,33063,M,,,33
201100027868,11,9,13,1610,1,2,1,1.0,4.0,33522,M,,,33
201100027869,11,9,13,1006,1,2,1,1.0,6.0,33522,M,,,33
201100027870,11,9,19,1240,1,2,1,2.0,6.0,33522,M,,,33
201100027871,11,9,19,1610,4,2,1,1.0,7.0,33063,M,,,33
201100027872,11,9,20,1120,1,2,3,2.0,3.0,33063,M,,,33
201100027873,11,9,20,1450,1,2,1,1.0,3.0,33063,M,,,33
201100027874,11,9,13,1950,2,2,3,1.0,7.0,33522,M,,,33
201100027875,11,9,20,1210,1,2,2,1.0,3.0,33063,M,,,33
201100027876,11,9,14,1550,1,2,1,1.0,6.0,33249,M,,,33
201100027877,11,9,20,1925,2,2,2,1.0,6.0,33063,M,,,33
201100027878,11,9,20,940,1,2,1,1.0,7.0,33063,M,,,33
201100027879,11,9,15,835,1,2,6,1.0,3.0,33522,M,,,33
201100027880,11,9,17,615,5,2,6,1.0,6.0,33119,M,,,33
201100027881,11,9,15,1450,1,2,2,1.0,3.0,33281,M,,,33
201100027882,11,9,15,920,1,2,3,1.0,3.0,33281,M,,,33
201100027883,11,9,18,2130,5,2,2,2.0,3.0,33281,M,,,33
201100027884,11,9,22,1605,1,2,2,1.0,3.0,33063,M,,,33
201100027885,11,9,22,730,1,2,1,1.0,6.0,33063,M,,,33
201100027886,11,9,22,1845,1,2,3,1.0,3.0,33063,M,,,33
201100027887,11,9,22,1425,1,2,1,1.0,6.0,33063,M,,,33
201100027888,11,9,21,1655,1,2,3,7.0,6.0,33063,M,,,33
201100027889,11,9,25,300,5,2,1,1.0,2.0,33063,M,,,33
201100027890,11,9,16,1750,1,2,6,1.0,3.0,33318,M,,,33
201100027891,11,9,25,710,5,2,1,1.0,6.0,33063,M,,,33
201100027892,11,9,23,1400,1,2,2,1.0,3.0,33063,M,,,33
201100027893,11,9,23,2000,5,2,2,1.0,3.0,33063,M,,,33
201100027894,11,9,23,1015,1,2,5,1.0,3.0,33063,M,,,33
201100027895,11,9,23,2120,5,2,3,1.0,2.0,33063,M,,,33
201100027896,11,9,24,540,5,2,1,1.0,6.0,33063,M,,,33
201100027897,11,9,25,625,5,2,2,1.0,3.0,33281,M,,,33
201100027898,11,9,26,1210,1,2,2,1.0,3.0,33063,M,,,33
201100027899,11,9,26,910,1,2,5,1.0,3.0,33063,M,,,33
201100027900,11,9,26,1410,1,2,1,1.0,6.0,33063,M,,,33
201100027901,11,9,23,850,1,2,3,1.0,3.0,33281,M,,,33
201100027902,11,9,23,2110,5,2,2,1.0,3.0,33249,M,,,33
201100027903,11,9,16,1740,1,2,3,1.0,3.0,33522,M,,,33
201100027904,11,9,16,330,5,2,3,2.0,3.0,33192,M,,,33
201100027905,11,9,20,1755,1,2,1,1.0,4.0,33281,M,,,33
201100027906,11,9,27,1610,1,2,1,1.0,3.0,33063,M,,,33
201100027907,11,9,25,1930,1,2,1,1.0,1.0,33039,M,,,33
201100027908,11,9,26,1415,1,2,4,1.0,3.0,33039,M,,,33
201100027909,11,9,27,1200,1,2,1,1.0,3.0,33063,M,,,33
201100027910,11,9,29,1813,1,2,2,1.0,3.0,33063,M,,,33
201100027911,11,9,29,1150,1,2,1,1.0,6.0,33063,M,,,33
201100027912,11,9,22,1050,1,2,1,1.0,6.0,33069,M,,,33
201100027913,11,9,22,1230,1,2,2,1.0,3.0,33075,M,,,33
201100027914,11,9,22,1129,1,2,1,1.0,3.0,33318,M,,,33
201100027915,11,9,23,1235,1,2,1,1.0,6.0,33318,M,,,33
201100027916,11,9,30,2048,5,2,1,1.0,6.0,33063,M,,,33
201100027917,11,9,30,755,1,2,3,2.0,3.0,33063,M,,,33
201100027918,11,9,30,2315,4,1,1,1.0,7.0,33063,M,,,33
201100027919,11,9,28,1545,1,2,1,1.0,2.0,33281,M,,,33
201100027920,11,9,30,825,1,2,2,1.0,6.0,33063,M,,,33
201100027921,11,10,3,825,1,2,2,1.0,3.0,33063,M,,,33
201100027922,11,10,3,2300,5,2,2,1.0,3.0,33063,M,,,33
201100027923,11,10,3,1000,1,2,1,1.0,6.0,33063,M,,,33
201100027924,11,9,27,1840,1,2,1,1.0,6.0,33318,M,,,33
201100027925,11,9,19,1135,1,2,5,2.0,6.0,33281,M,,,33
201100027926,11,9,27,1407,1,2,3,1.0,3.0,33192,M,,,33
201100027927,11,9,23,1630,1,2,2,1.0,3.0,33281,M,,,33
201100027928,11,9,22,1510,1,2,3,1.0,3.0,33281,M,,,33
201100027929,11,10,4,815,2,2,3,1.0,3.0,33063,M,,,33
201100027930,11,10,3,1325,1,2,6,1.0,6.0,33249,M,,,33
201100027931,11,9,30,420,5,2,6,1.0,6.0,33069,M,,,33
201100027932,11,10,4,1940,2,2,2,1.0,1.0,33063,M,,,33
201100027933,11,10,2,1620,1,2,1,1.0,1.0,33318,M,,,33
201100027934,11,10,4,1306,1,2,6,1.0,3.0,33249,M,,,33
201100027935,11,9,27,1630,1,2,2,1.0,3.0,33192,M,,,33
201100027936,11,9,28,1730,1,2,9,1.0,2.0,33522,M,,,33
201100027937,11,10,5,1935,5,2,5,1.0,6.0,33063,M,,,33
201100027938,11,10,6,1905,5,2,1,2.0,2.0,33063,M,,,33
201100027939,11,10,9,1010,1,2,5,1.0,6.0,33063,M,,,33
201100027940,11,10,4,1619,1,2,2,1.0,3.0,33281,M,,,33
201100027941,11,10,9,145,5,2,3,1.0,3.0,33522,M,,,33
201100027942,11,10,8,1430,1,2,2,1.0,6.0,33063,M,,,33
201100027943,11,10,3,1745,1,2,1,1.0,2.0,33281,M,,,33
201100027944,11,10,9,230,5,2,2,1.0,6.0,33063,M,,,33
201100027945,11,10,10,1715,1,2,3,1.0,3.0,33063,M,,,33
201100027946,11,10,5,710,5,2,3,1.0,2.0,33119,M,,,33
201100027947,11,10,3,1740,1,2,1,1.0,6.0,33039,M,,,33
201100027948,11,10,4,950,1,2,1,1.0,6.0,33039,M,,,33
201100027949,11,10,11,1135,1,2,1,1.0,6.0,33063,M,,,33
201100027950,11,10,11,1950,5,2,2,1.0,3.0,33063,M,,,33
201100027951,11,10,5,740,1,2,3,1.0,3.0,33318,M,,,33
201100027952,11,10,7,1350,1,2,1,1.0,3.0,33318,M,,,33
201100027953,11,10,12,1500,1,2,2,1.0,3.0,33063,M,,,33
201100027954,11,10,6,750,1,2,5,1.0,3.0,33200,M,,,33
201100027955,11,10,9,1550,1,2,2,1.0,3.0,33075,M,,,33
201100027956,11,10,5,1245,1,2,1,1.0,6.0,33318,M,,,33
201100027957,11,10,5,1645,1,2,1,1.0,3.0,33281,M,,,33
201100027958,11,10,13,1045,1,2,1,1.0,6.0,33522,M,,,33
201100027959,11,10,5,1145,1,2,2,1.0,3.0,33069,M,,,33
201100027960,11,10,10,1840,1,2,4,1.0,4.0,33013,M,,,33
201100027961,11,10,8,540,5,2,1,5.0,6.0,33281,M,,,33
201100027962,11,10,10,850,1,2,5,1.0,3.0,33281,M,,,33
201100027963,11,10,14,210,5,2,1,1.0,6.0,33063,M,,,33
201100027964,11,10,13,2000,5,2,2,1.0,3.0,33063,M,,,33
201100027965,11,10,12,1340,1,2,1,1.0,6.0,33063,M,,,33
201100027966,11,10,13,1315,1,2,6,1.0,3.0,33063,M,,,33
201100027967,11,10,14,340,5,2,4,1.0,1.0,33063,M,,,33
201100027968,11,10,14,140,5,2,1,1.0,6.0,33063,M,,,33
201100027969,11,9,20,1845,1,2,5,1.0,6.0,33063,M,,,33
201100027970,11,10,15,1800,1,2,5,1.0,3.0,33063,M,,,33
201100027971,11,10,14,1950,5,2,3,1.0,1.0,33063,M,,,33
201100027972,11,10,14,1545,1,2,2,1.0,3.0,33063,M,,,33
201100027973,11,10,14,2050,2,2,3,1.0,3.0,33069,M,,,33
201100027974,11,10,17,2130,5,2,5,8.0,7.0,33063,M,,,33
201100027975,11,10,11,825,1,2,3,1.0,3.0,33039,M,,,33
201100027976,11,10,17,1540,1,2,2,1.0,3.0,33063,M,,,33
201100027977,11,10,17,1610,1,2,1,1.0,2.0,33063,M,,,33
201100027978,11,10,17,1450,1,2,1,1.0,3.0,33063,M,,,33
201100027979,11,10,6,1300,1,2,1,1.0,6.0,33522,M,,,33
201100027980,11,10,8,1340,1,2,2,1.0,3.0,33281,M,,,33
201100027981,11,10,14,1930,4,1,1,1.0,2.0,33013,M,,,33
201100027982,11,10,7,2235,5,2,3,1.0,3.0,33522,M,,,33
201100027983,11,10,12,2215,5,2,9,1.0,7.0,33162,M,,,33
201100027984,11,10,10,900,1,2,6,1.0,3.0,33162,M,,,33
201100027985,11,10,18,1530,2,2,1,1.0,4.0,33063,M,,,33
201100027986,11,10,15,140,5,2,3,1.0,3.0,33063,M,,,33
201100027987,11,10,13,810,1,2,6,1.0,2.0,33281,M,,,33
201100027988,11,10,12,725,2,2,2,1.0,1.0,33318,M,,,33
201100027989,11,10,16,210,5,2,1,1.0,7.0,33281,M,,,33
201100027990,11,10,10,1800,1,2,1,1.0,3.0,33522,M,,,33
201100027991,11,10,18,820,1,2,3,1.0,3.0,33249,M,,,33
201100027992,11,10,13,2037,1,2,3,1.0,3.0,33192,M,,,33
201100027993,11,10,20,2040,5,2,3,1.0,2.0,33063,M,,,33
201100027994,11,10,15,1220,1,2,6,1.0,6.0,33162,M,,,33
201100027995,11,10,13,1843,1,2,3,1.0,3.0,33281,M,,,33
201100027996,11,10,21,650,5,2,2,1.0,3.0,33063,M,,,33
201100027997,11,10,21,830,1,2,3,1.0,1.0,33063,M,,,33
201100027998,11,10,21,1020,1,2,3,1.0,3.0,33063,M,,,33
201100027999,11,10,21,1300,1,2,3,1.0,6.0,33063,M,,,33
201100028000,11,10,24,750,2,2,6,1.0,1.0,33063,M,,,33
201100028001,11,10,24,940,1,2,5,1.0,3.0,33063,M,,,33
201100028002,11,10,12,1920,1,2,1,1.0,2.0,33281,M,,,33
201100028003,11,10,17,745,2,2,1,1.0,2.0,33075,M,,,33
201100028004,11,10,24,1440,1,2,1,2.0,6.0,33063,M,,,33
201100028005,11,10,24,1335,1,2,2,2.0,3.0,33063,M,,,33
201100028006,11,10,10,1740,1,2,1,1.0,7.0,33281,M,,,33
201100028007,11,10,13,1640,1,2,2,1.0,6.0,33039,M,,,33
201100028008,11,10,24,1305,1,2,1,2.0,2.0,33063,M,,,33
201100028009,11,10,17,1545,1,2,1,1.0,3.0,33039,M,,,33
201100028010,11,10,14,1130,1,2,9,1.0,2.0,33039,M,,,33
201100028011,11,10,20,1400,1,2,1,1.0,4.0,33281,M,,,33
201100028012,11,10,18,900,1,2,1,1.0,6.0,33039,M,,,33
201100028013,11,10,20,805,1,2,3,1.0,3.0,33318,M,,,33
201100028014,11,10,25,1550,1,2,1,1.0,3.0,33063,M,,,33
201100028015,11,10,25,1147,1,2,2,3.0,3.0,33063,M,,,33
201100028016,11,10,26,1740,1,2,1,1.0,6.0,33063,M,,,33
201100028017,11,10,20,920,1,2,6,1.0,3.0,33281,M,,,33
201100028018,11,10,21,1900,2,2,1,1.0,4.0,33318,M,,,33
201100028019,11,10,26,1115,1,2,1,1.0,6.0,33063,M,,,33
201100028020,11,10,25,1850,2,2,1,1.0,6.0,33119,M,,,33
201100028021,11,10,19,800,5,2,1,1.0,7.0,33318,M,,,33
201100028022,11,10,21,745,2,2,1,1.0,6.0,33522,M,,,33
201100028023,11,10,25,2025,5,2,1,1.0,6.0,33281,M,,,33
201100028024,11,10,18,1620,1,2,1,1.0,3.0,33192,M,,,33
201100028025,11,10,27,1400,1,2,5,2.0,6.0,33063,M,,,33
201100028026,11,10,27,1930,5,2,3,2.0,2.0,33318,M,,,33
201100028027,11,10,26,1600,1,2,1,1.0,2.0,33063,M,,,33
201100028028,11,10,28,1545,1,2,3,1.0,3.0,33063,M,,,33
201100028029,11,10,29,2015,5,2,3,1.0,6.0,33063,M,,,33
201100028030,11,10,26,1520,1,2,2,1.0,3.0,33119,M,,,33
201100028031,11,10,30,600,5,2,3,1.0,6.0,33063,M,,,33
201100028032,11,10,29,200,5,2,2,1.0,3.0,33063,M,,,33
201100028033,11,10,20,820,1,2,3,1.0,6.0,33039,M,,,33
201100028034,11,10,28,2300,5,2,5,1.0,1.0,33063,M,,,33
201100028035,11,10,26,730,5,2,3,1.0,6.0,33318,M,,,33
201100028036,11,10,31,1920,5,2,2,1.0,3.0,33063,M,,,33
201100028037,11,10,31,1700,1,2,3,1.0,2.0,33063,M,,,33
201100028038,11,10,31,1650,2,2,5,1.0,3.0,33063,M,,,33
201100028039,11,10,24,1710,1,2,1,2.0,1.0,33550,M,,,33
201100028040,11,11,2,2010,5,2,1,2.0,2.0,33063,M,,,33
201100028041,11,11,2,1240,1,2,2,1.0,3.0,33063,M,,,33
201100028042,11,11,2,900,1,2,5,1.0,2.0,33063,M,,,33
201100028043,11,11,5,550,3,2,1,2.0,6.0,33063,M,,,33
201100028044,11,11,6,1345,1,2,1,2.0,1.0,33119,M,,,33
201100028045,11,11,6,1055,1,2,5,2.0,3.0,33063,M,,,33
201100028046,11,11,2,1100,1,2,4,1.0,3.0,33063,M,,,33
201100028047,11,10,30,1715,1,2,3,1.0,3.0,33281,M,,,33
201100028048,11,10,28,1000,1,2,9,1.0,2.0,33318,M,,,33
201100028049,11,10,31,2030,5,2,9,1.0,3.0,33075,M,,,33
201100028050,11,11,1,1750,5,2,3,1.0,3.0,33063,M,,,33
201100028051,11,11,2,1315,1,2,2,1.0,4.0,33281,M,,,33
201100028052,11,10,30,1500,1,1,6,1.0,3.0,33281,M,,,33
201100028053,11,11,9,1245,1,2,2,1.0,3.0,33063,M,,,33
201100028054,11,11,2,2008,5,2,2,1.0,3.0,33550,M,,,33
201100028055,11,11,9,1332,1,2,2,1.0,3.0,33063,M,,,33
201100028056,11,11,10,810,1,2,2,2.0,3.0,33063,M,,,33
201100028057,11,11,10,2010,5,2,1,1.0,3.0,33063,M,,,33
201100028058,11,11,13,535,5,2,4,1.0,6.0,33063,M,,,33
201100028059,11,11,4,1215,1,2,1,1.0,3.0,33281,M,,,33
201100028060,11,11,10,1850,5,2,1,1.0,2.0,33063,M,,,33
201100028061,11,11,7,1800,5,2,3,1.0,3.0,33281,M,,,33
201100028062,11,11,7,1800,5,2,5,1.0,5.0,33550,M,,,33
201100028063,11,11,5,1820,5,2,2,1.0,3.0,33281,M,,,33
201100028064,11,11,11,1655,1,2,2,1.0,3.0,33013,M,,,33
201100028065,11,11,7,1750,5,2,3,1.0,3.0,33318,M,,,33
201100028066,11,11,11,1730,1,2,3,1.0,3.0,33063,M,,,33
201100028067,11,11,10,1130,1,2,1,1.0,2.0,33063,M,,,33
201100028068,11,11,9,1715,1,2,1,1.0,6.0,33249,M,,,33
201100028069,11,11,7,1210,1,2,2,1.0,5.0,33318,M,,,33
201100028070,11,11,13,950,1,2,2,1.0,6.0,33063,M,,,33
201100028071,11,11,12,1840,5,2,3,1.0,2.0,33063,M,,,33
201100028072,11,11,6,200,5,2,1,2.0,7.0,33522,M,,,33
201100028073,11,11,14,1155,1,2,1,1.0,6.0,33063,M,,,33
201100028074,11,11,8,745,1,2,2,1.0,3.0,33069,M,,,33
201100028075,11,11,15,720,2,2,3,2.0,5.0,33063,M,,,33
201100028076,11,11,15,1445,1,2,2,8.0,3.0,33063,M,,,33
201100028077,11,11,15,1645,1,2,3,1.0,3.0,33063,M,,,33
201100028078,11,11,15,830,1,2,3,1.0,3.0,33063,M,,,33
201100028079,11,11,14,1640,1,2,2,1.0,3.0,33318,M,,,33
201100028080,11,11,16,2140,5,2,3,1.0,3.0,33063,M,,,33
201100028081,11,11,12,953,1,2,2,1.0,3.0,33318,M,,,33
201100028082,11,11,16,825,1,2,2,1.0,3.0,33063,M,,,33
201100028083,11,11,11,950,1,2,2,1.0,3.0,33119,M,,,33
201100028084,11,10,28,1451,1,2,1,1.0,2.0,33162,M,,,33
201100028085,11,11,11,1100,1,2,2,1.0,3.0,33162,M,,,33
201100028086,11,11,9,1430,1,2,3,1.0,3.0,33192,M,,,33
201100028087,11,11,9,1020,1,2,3,1.0,3.0,33281,M,,,33
201100028088,11,11,17,1255,1,2,1,1.0,6.0,33063,M,,,33
201100028089,11,11,17,1734,2,2,3,1.0,3.0,33063,M,,,33
201100028090,11,11,17,1930,5,2,1,1.0,3.0,33550,M,,,33
201100028091,11,11,10,1650,1,2,1,1.0,3.0,33192,M,,,33
201100028092,11,11,15,316,4,2,1,2.0,7.0,33075,M,,,33
201100028093,11,11,19,48,5,2,2,1.0,6.0,33063,M,,,33
201100028094,11,11,19,410,5,2,3,1.0,6.0,33063,M,,,33
201100028095,11,11,17,750,2,2,2,5.0,3.0,33281,M,,,33
201100028096,11,11,16,2035,5,2,1,1.0,2.0,33167,M,,,33
201100028097,11,11,18,1355,1,2,1,1.0,6.0,33063,M,,,33
201100028098,11,11,21,830,1,2,2,1.0,3.0,33063,M,,,33
201100028099,11,11,21,1000,1,2,5,1.0,6.0,33063,M,,,33
201100028100,11,11,21,1130,1,2,6,1.0,3.0,33063,M,,,33
201100028101,11,11,21,1745,5,2,3,1.0,6.0,33063,M,,,33
201100028102,11,11,21,1420,1,2,1,1.0,2.0,33063,M,,,33
201100028103,11,11,21,1545,1,2,2,1.0,3.0,33063,M,,,33
201100028104,11,11,22,1638,1,2,9,1.0,3.0,33063,M,,,33
201100028105,11,11,21,1800,5,2,5,1.0,3.0,33162,M,,,33
201100028106,11,11,18,1605,2,2,2,1.0,3.0,33069,M,,,33
201100028107,11,11,21,1321,1,2,2,1.0,5.0,33318,M,,,33
201100028108,11,11,17,1515,1,2,1,1.0,3.0,33281,M,,,33
201100028109,11,11,24,1715,2,2,1,1.0,5.0,33075,M,,,33
201100028110,11,11,23,1925,5,2,1,1.0,4.0,33063,M,,,33
201100028111,11,11,26,350,4,2,2,1.0,2.0,33063,M,,,33
201100028112,11,11,25,859,1,2,3,1.0,3.0,33063,M,,,33
201100028113,11,11,22,1635,1,2,3,1.0,3.0,33039,M,,,33
201100028114,11,11,18,755,1,2,6,1.0,3.0,33039,M,,,33
201100028115,11,11,21,1530,1,2,2,1.0,3.0,33039,M,,,33
201100028116,11,11,21,1301,1,2,3,1.0,2.0,33039,M,,,33
201100028117,11,11,26,2310,5,2,7,1.0,6.0,33063,M,,,33
201100028118,11,11,28,905,1,2,3,1.0,6.0,33162,M,,,33
201100028119,11,11,24,1740,5,2,6,1.0,6.0,33318,M,,,33
201100028120,11,11,28,1938,5,2,2,1.0,3.0,33063,M,,,33
201100028121,11,11,24,1745,5,2,3,1.0,3.0,33281,M,,,33
201100028122,11,11,28,2040,5,2,3,8.0,6.0,33063,M,,,33
201100028123,11,11,28,1000,1,2,2,1.0,3.0,33063,M,,,33
201100028124,11,11,29,650,5,2,5,1.0,3.0,33063,M,,,33
201100028125,11,11,26,645,5,2,1,5.0,6.0,33281,M,,,33
201100028126,11,11,29,1740,5,2,3,1.0,6.0,33063,M,,,33
201100028127,11,11,29,1530,1,2,2,1.0,3.0,33063,M,,,33
201100028128,11,11,29,2115,5,2,2,2.0,1.0,33063,M,,,33
201100028129,11,11,3,1830,5,2,5,1.0,6.0,33281,M,,,33
201100028130,11,11,30,1200,1,2,1,1.0,6.0,33063,M,,,33
201100028131,11,11,25,1125,1,2,5,1.0,6.0,33119,M,,,33
201100028132,11,11,28,1705,2,2,3,1.0,3.0,33065,M,,,33
201100028133,11,11,28,1745,5,2,3,1.0,3.0,33281,M,,,33
201100028134,11,11,30,1820,5,2,3,1.0,3.0,33063,M,,,33
201100028135,11,11,28,1320,1,2,1,1.0,3.0,33069,M,,,33
201100028136,11,11,26,2105,4,2,1,1.0,6.0,33075,M,,,33
201100028137,11,11,30,1715,2,2,2,1.0,3.0,33063,M,,,33
201100028138,11,11,30,1805,5,2,1,1.0,3.0,33063,M,,,33
201100028139,11,12,2,330,5,2,1,1.0,6.0,33063,M,,,33
201100028140,11,12,2,150,5,2,1,1.0,3.0,33063,M,,,33
201100028141,11,12,3,2310,4,2,3,2.0,7.0,33063,M,,,33
201100028142,11,12,3,410,5,2,5,1.0,3.0,33063,M,,,33
201100028143,11,11,27,320,5,2,6,1.0,6.0,33522,M,,,33
201100028144,11,11,23,1415,1,2,1,1.0,3.0,33550,M,,,33
201100028145,11,11,23,2120,5,2,1,1.0,3.0,33522,M,,,33
201100028146,11,11,25,1,5,2,6,5.0,1.0,33192,M,,,33
201100028147,11,12,2,755,2,2,3,3.0,6.0,33063,M,,,33
201100028148,11,12,3,1020,1,2,2,2.0,3.0,33063,M,,,33
201100028149,11,12,2,1825,5,2,3,1.0,6.0,33063,M,,,33