Num_Acc,an,mois,jour,hrmn,lum,agg,int,atm,col,com,gps,lat,long,dep
201100028150,11,12,2,745,2,2,1,2.0,3.0,33063,M,,,33
201100028151,11,12,4,745,2,2,2,1.0,3.0,33063,M,,,33
201100028152,11,12,2,2315,5,2,1,8.0,3.0,33063,M,,,33
201100028153,11,12,2,1225,1,2,5,1.0,4.0,33063,M,,,33
201100028154,11,12,5,1018,1,2,1,1.0,6.0,33063,M,,,33
201100028155,11,11,30,740,5,2,1,1.0,3.0,33069,M,,,33
201100028156,11,12,6,820,1,2,3,2.0,6.0,33063,M,,,33
201100028157,11,12,6,2306,5,2,4,2.0,2.0,33063,M,,,33
201100028158,11,12,6,1414,1,2,3,1.0,6.0,33063,M,,,33
201100028159,11,12,4,1140,1,2,1,2.0,3.0,33013,M,,,33
201100028160,11,12,5,925,1,2,1,3.0,2.0,33249,M,,,33
201100028161,11,12,3,1745,5,2,9,2.0,3.0,33249,M,,,33
201100028162,11,12,3,1810,5,2,1,6.0,5.0,33167,M,,,33
201100028163,11,12,3,1725,1,2,3,1.0,6.0,33119,M,,,33
201100028164,11,12,1,750,2,2,6,1.0,3.0,33318,M,,,33
201100028165,11,12,7,900,1,2,2,1.0,3.0,33063,M,,,33
201100028166,11,12,1,655,5,2,2,1.0,3.0,33039,M,,,33
201100028167,11,12,2,2006,5,2,2,1.0,1.0,33522,M,,,33
201100028168,11,12,2,815,2,2,6,3.0,6.0,33249,M,,,33
201100028169,11,11,28,1240,1,2,1,1.0,2.0,33281,M,,,33
201100028170,11,12,7,640,5,2,6,1.0,2.0,33063,M,,,33
201100028171,11,12,7,955,1,2,3,1.0,6.0,33063,M,,,33
201100028172,11,11,30,800,2,2,1,1.0,1.0,33281,M,,,33
201100028173,11,12,2,940,1,2,3,2.0,3.0,33281,M,,,33
201100028174,11,12,9,100,5,2,1,2.0,6.0,33063,M,,,33
201100028175,11,12,8,900,1,2,1,1.0,2.0,33063,M,,,33
201100028176,11,12,8,2150,5,2,4,8.0,3.0,33063,M,,,33
201100028177,11,12,3,1410,1,2,1,2.0,6.0,33318,M,,,33
201100028178,11,12,6,1630,2,2,1,2.0,6.0,33119,M,,,33
201100028179,11,12,1,740,1,2,2,1.0,3.0,33162,M,,,33
201100028180,11,12,11,530,5,2,1,1.0,7.0,33063,M,,,33
201100028181,11,12,9,840,1,2,2,2.0,3.0,33063,M,,,33
201100028182,11,12,5,640,5,2,1,2.0,2.0,33075,M,,,33
201100028183,11,12,10,742,2,2,2,1.0,6.0,33063,M,,,33
201100028184,11,12,2,1835,5,2,2,1.0,6.0,33063,M,,,33
201100028185,11,12,10,1805,5,2,2,1.0,3.0,33063,M,,,33
201100028186,11,12,2,1210,1,2,3,1.0,3.0,33281,M,,,33
201100028187,11,12,2,830,1,2,3,2.0,6.0,33075,M,,,33
201100028188,11,12,9,515,5,2,1,2.0,6.0,33063,M,,,33
201100028189,11,12,7,1405,1,2,1,2.0,7.0,33013,M,,,33
201100028190,11,12,12,1420,1,2,1,2.0,2.0,33063,M,,,33
201100028191,11,12,12,1750,1,2,3,1.0,7.0,33318,M,,,33
201100028192,11,12,5,1530,1,2,2,1.0,3.0,33550,M,,,33
201100028193,11,12,3,850,1,2,3,2.0,2.0,33162,M,,,33
201100028194,11,12,7,1320,1,2,3,2.0,6.0,33162,M,,,33
201100028195,11,12,12,1345,1,2,2,2.0,4.0,33063,M,,,33
201100028196,11,12,13,1600,1,2,2,2.0,6.0,33063,M,,,33
201100028197,11,12,14,210,5,2,2,2.0,6.0,33039,M,,,33
201100028198,11,12,15,120,5,2,9,3.0,7.0,33063,M,,,33
201100028199,11,12,8,1225,1,2,1,1.0,3.0,33281,M,,,33
201100028200,11,12,8,715,5,2,2,2.0,6.0,33522,M,,,33
201100028201,11,12,10,1114,1,2,3,1.0,6.0,33550,M,,,33
201100028202,11,12,13,1710,2,2,8,2.0,6.0,33119,M,,,33
201100028203,11,12,15,1735,5,2,2,2.0,3.0,33063,M,,,33
201100028204,11,12,15,1840,5,2,1,3.0,2.0,33063,M,,,33
201100028205,11,12,15,1050,1,2,2,2.0,2.0,33249,M,,,33
201100028206,11,12,16,1825,4,2,2,2.0,3.0,33063,M,,,33
201100028207,11,12,16,2110,5,2,3,2.0,3.0,33063,M,,,33
201100028208,11,12,16,2130,5,2,5,3.0,3.0,33063,M,,,33
201100028209,11,12,17,1420,1,2,3,3.0,2.0,33063,M,,,33
201100028210,11,12,17,1730,1,2,2,1.0,6.0,33063,M,,,33
201100028211,11,12,16,1205,1,2,3,3.0,6.0,33063,M,,,33
201100028212,11,12,19,2115,5,2,2,1.0,3.0,33063,M,,,33
201100028213,11,12,19,1915,5,2,3,2.0,6.0,33063,M,,,33
201100028214,11,12,13,1830,3,2,3,2.0,6.0,33522,M,,,33
201100028215,11,12,16,845,1,2,4,3.0,3.0,33281,M,,,33
201100028216,11,12,13,1130,1,2,1,1.0,6.0,33069,M,,,33
201100028217,11,12,20,610,5,2,6,2.0,2.0,33063,M,,,33
201100028218,11,12,20,1040,1,2,1,1.0,4.0,33063,M,,,33
201100028219,11,12,17,1100,1,2,5,2.0,6.0,33281,M,,,33
201100028220,11,12,16,750,5,2,2,3.0,3.0,33075,M,,,33
201100028221,11,12,17,1645,5,2,1,2.0,3.0,33281,M,,,33
201100028222,11,12,15,1815,5,2,1,3.0,6.0,33200,M,,,33
201100028223,11,12,22,10,5,2,6,2.0,7.0,33281,M,,,33
201100028224,11,12,21,2030,5,2,2,2.0,2.0,33281,M,,,33
201100028225,11,12,18,1948,5,2,2,1.0,6.0,33522,M,,,33
201100028226,11,12,15,1520,1,2,2,3.0,3.0,33522,M,,,33
201100028227,11,12,20,1435,1,2,6,2.0,3.0,33318,M,,,33
201100028228,11,12,16,754,1,2,1,3.0,6.0,33192,M,,,33
201100028229,11,12,17,1055,1,2,3,2.0,3.0,33318,M,,,33
201100028230,11,12,22,1245,1,2,6,1.0,3.0,33522,M,,,33
201100028231,11,12,22,1200,1,2,1,1.0,6.0,33069,M,,,33
201100028232,11,12,28,1620,1,2,1,1.0,2.0,33063,M,,,33
201100028233,11,12,26,1500,1,2,1,1.0,3.0,33119,M,,,33
201100028234,11,1,16,1400,1,2,2,1.0,3.0,33243,M,,,33
201100028235,11,2,13,1555,1,2,1,1.0,6.0,33243,M,,,33
201100028236,11,3,3,1635,1,2,3,1.0,2.0,33243,M,,,33
201100028237,11,4,23,1515,1,2,1,1.0,6.0,33243,M,,,33
201100028238,11,4,29,1200,1,2,2,1.0,3.0,33243,M,,,33
201100028239,11,6,24,2300,5,2,2,1.0,1.0,33243,M,,,33
201100028240,11,7,8,415,5,2,1,1.0,6.0,33243,M,,,33
201100028241,11,7,23,1900,1,2,1,1.0,3.0,33243,M,,,33
201100028242,11,8,6,1600,1,2,7,2.0,3.0,33243,M,,,33
201100028243,11,1,13,2115,5,2,1,1.0,3.0,34003,M,4330176.0,348343.0,34
201100028244,11,1,16,1455,1,2,1,1.0,6.0,34003,M,4331432.0,347204.0,34
201100028245,11,2,22,1410,1,2,1,1.0,3.0,34003,M,4330901.0,348882.0,34
201100028246,11,3,13,1500,1,2,9,1.0,3.0,34003,M,4332683.0,348203.0,34
201100028247,11,4,12,900,1,2,1,1.0,6.0,34003,M,4328501.0,344622.0,34
201100028248,11,4,23,2115,3,2,1,2.0,6.0,34003,M,4331994.0,346726.0,34
201100028249,11,5,8,500,5,2,1,1.0,6.0,34003,M,4328023.0,361603.0,34
201100028250,11,4,29,2250,5,2,1,1.0,3.0,34003,M,,,34
201100028251,11,6,9,1205,1,2,1,1.0,6.0,34003,M,4329212.0,345928.0,34
201100028252,11,6,12,1845,1,2,1,1.0,3.0,34003,M,4329311.0,349833.0,34
201100028253,11,6,18,2150,2,1,1,1.0,1.0,34003,M,,,34
201100028254,11,6,22,430,5,2,1,1.0,6.0,34003,M,,,34
201100028255,11,6,22,1750,1,2,1,1.0,1.0,34003,M,4331436.0,347206.0,34
201100028256,11,6,24,815,1,2,1,1.0,3.0,34003,M,4331081.0,348081.0,34
201100028257,11,7,18,830,1,2,3,1.0,3.0,34003,M,4330414.0,348411.0,34
201100028258,11,7,26,1710,1,2,8,1.0,6.0,34003,M,4328566.0,351282.0,34
201100028259,11,8,11,2010,1,1,1,1.0,7.0,34003,M,,,34
201100028260,11,8,12,1830,1,2,1,1.0,6.0,34003,M,,,34
201100028261,11,8,16,1010,1,2,1,1.0,6.0,34003,M,,,34
201100028262,11,8,16,1115,1,1,1,1.0,3.0,34003,M,,,34
201100028263,11,8,16,1620,1,2,2,1.0,3.0,34003,M,,,34
201100028264,11,9,3,2030,2,1,1,1.0,5.0,34003,M,4330633.0,344397.0,34
201100028265,11,10,4,835,1,2,1,1.0,2.0,34003,M,,,34
201100028266,11,10,19,1540,1,2,1,1.0,3.0,34003,M,,,34
201100028267,11,10,21,1050,1,2,6,1.0,3.0,34003,M,,,34
201100028268,11,10,22,40,5,2,1,1.0,7.0,34003,M,,,34
201100028269,11,11,18,1910,3,2,1,1.0,1.0,34003,M,,,34
201100028270,11,11,18,50,3,2,1,1.0,6.0,34003,M,,,34
201100028271,11,11,20,1640,3,1,1,1.0,6.0,34003,M,,,34
201100028272,11,12,2,2130,3,2,1,1.0,1.0,34003,M,,,34
201100028273,11,12,2,700,2,1,1,1.0,1.0,34003,M,,,34
201100028274,11,12,15,1040,1,2,6,1.0,3.0,34003,M,,,34
201100028275,11,1,3,1725,2,1,1,1.0,7.0,34032,M,4333056.0,323984.0,34
201100028276,11,1,6,940,1,2,1,2.0,5.0,34032,M,4333968.0,320930.0,34
201100028277,11,1,10,1145,1,2,1,1.0,7.0,34032,M,4334537.0,323817.0,34
201100028278,11,12,15,1940,2,2,6,1.0,3.0,34032,M,,,34
201100028279,11,1,11,920,1,2,1,2.0,7.0,34032,M,4333506.0,322776.0,34
201100028280,11,1,13,1840,2,2,1,1.0,7.0,34032,M,4335243.0,322456.0,34
201100028281,11,1,15,1015,1,2,1,1.0,7.0,34032,M,4334224.0,323998.0,34
201100028282,11,1,18,1145,1,1,1,1.0,7.0,34032,M,4334805.0,324806.0,34
201100028283,11,1,19,1645,1,1,3,1.0,3.0,34032,M,4336495.0,322365.0,34
201100028284,11,1,20,1210,1,1,1,1.0,7.0,34032,M,4336325.0,325757.0,34
201100028285,11,1,22,940,1,2,1,1.0,6.0,34336,M,4333645.0,328439.0,34
201100028286,11,1,22,1910,2,2,1,1.0,7.0,34032,M,,,34
201100028287,11,1,22,1922,1,1,1,1.0,6.0,34032,M,,,34
201100028288,11,1,28,1650,1,2,1,1.0,6.0,34032,M,4333101.0,322753.0,34
201100028289,11,1,24,1440,1,2,1,1.0,1.0,34032,M,4334211.0,323773.0,34
201100028290,11,2,1,1740,1,1,2,7.0,3.0,34336,M,,,34
201100028291,11,2,1,2000,1,2,1,1.0,6.0,34336,M,4332125.0,327360.0,34
201100028292,11,2,3,1000,2,2,1,1.0,6.0,34032,M,4333897.0,321719.0,34
201100028293,11,2,8,820,1,2,1,1.0,2.0,34032,M,4335483.0,323969.0,34
201100028294,11,2,19,1750,1,2,1,1.0,6.0,34032,M,4335311.0,322457.0,34
201100028295,11,2,21,630,2,1,2,1.0,3.0,34032,M,4335243.0,326746.0,34
201100028296,11,2,21,825,1,2,1,1.0,6.0,34032,M,,,34
201100028297,11,2,25,810,1,2,1,1.0,7.0,34032,M,,,34
201100028298,11,3,9,1430,1,2,6,1.0,7.0,34032,M,4333360.0,323205.0,34
201100028299,11,3,9,1835,1,2,2,1.0,7.0,34336,M,4332131.0,329189.0,34
201100028300,11,3,14,1530,1,2,1,2.0,2.0,34032,M,4333867.0,323697.0,34
201100028301,11,3,16,1345,1,1,1,2.0,7.0,34032,M,4335280.0,317261.0,34
201100028302,11,3,16,2240,5,2,1,1.0,7.0,34032,M,,,34
201100028303,11,3,17,1550,1,2,2,8.0,7.0,34032,M,4334870.0,323512.0,34
201100028304,11,3,18,1025,1,1,6,1.0,6.0,34298,M,4329884.0,325090.0,34
201100028305,11,3,20,1235,1,2,9,9.0,7.0,34032,M,4333829.0,321112.0,34
201100028306,11,3,21,1720,1,2,2,1.0,4.0,34032,M,4334818.0,323400.0,34
201100028307,11,3,21,1730,1,2,2,1.0,1.0,34032,M,4334866.0,323502.0,34
201100028308,11,3,24,1610,1,1,1,1.0,7.0,34032,M,,,34
201100028309,11,3,26,1400,1,1,1,1.0,7.0,34032,M,4333571.0,319997.0,34
201100028310,11,3,25,1800,1,2,2,1.0,3.0,34032,M,4335528.0,322199.0,34
201100028311,11,3,28,1715,1,2,1,1.0,2.0,34032,M,,,34
201100028312,11,3,29,1730,1,1,3,1.0,2.0,34032,M,4332221.0,318732.0,34
201100028313,11,3,30,1220,1,2,7,1.0,6.0,34032,M,4333129.0,323937.0,34
201100028314,11,4,1,930,2,2,1,1.0,7.0,34032,M,4334340.0,322326.0,34
201100028315,11,4,1,1220,1,2,1,1.0,7.0,34032,M,,,34
201100028316,11,4,1,1645,1,2,1,1.0,7.0,34032,M,,,34
201100028317,11,4,5,1515,1,2,1,1.0,6.0,34032,M,,,34
201100028318,11,4,5,1900,1,1,4,7.0,1.0,34032,M,4335555.0,327934.0,34
201100028319,11,4,7,1830,1,2,3,1.0,6.0,34032,M,4333624.0,322592.0,34
201100028320,11,4,9,515,3,2,9,1.0,6.0,34032,M,,,34
201100028321,11,4,15,2130,5,2,1,1.0,6.0,34073,M,,,34
201100028322,11,4,21,1600,1,1,2,1.0,2.0,34032,M,,,34
201100028323,11,4,23,1220,1,2,1,3.0,7.0,34032,M,,,34
201100028324,11,4,23,820,1,2,1,3.0,7.0,34032,M,,,34
201100028325,11,4,28,2015,2,2,1,3.0,7.0,34032,M,,,34
201100028326,11,4,29,1655,1,2,1,1.0,7.0,34032,M,4334862.0,323498.0,34
201100028327,11,5,6,15,3,1,6,1.0,7.0,34336,M,,,34
201100028328,11,5,9,755,1,2,1,1.0,6.0,34032,M,,,34
201100028329,11,5,11,1745,1,2,1,9.0,6.0,34032,M,4333600.0,325911.0,34
201100028330,11,5,12,1140,1,2,2,9.0,7.0,34336,M,,,34
201100028331,11,5,15,2110,2,2,1,9.0,6.0,34032,M,,,34
201100028332,11,5,20,1110,1,1,2,1.0,3.0,34336,M,,,34
201100028333,11,5,24,2035,1,2,4,1.0,6.0,34032,M,,,34
201100028334,11,5,28,1230,1,2,1,1.0,6.0,34032,M,,,34
201100028335,11,5,28,1910,1,2,1,1.0,1.0,34032,M,,,34
201100028336,11,5,30,1345,1,2,3,2.0,3.0,34032,M,,,34
201100028337,11,6,2,1555,1,2,3,2.0,3.0,34032,M,,,34
201100028338,11,6,4,200,3,1,1,3.0,7.0,34032,M,,,34
201100028339,11,6,4,215,3,1,1,3.0,7.0,34336,M,,,34
201100028340,11,6,4,350,5,2,1,2.0,6.0,34032,M,,,34
201100028341,11,6,5,1650,1,2,1,1.0,6.0,34032,M,,,34
201100028342,11,6,8,1555,1,2,4,2.0,2.0,34032,M,,,34
201100028343,11,6,11,1645,1,2,2,1.0,3.0,34032,M,,,34
201100028344,11,6,12,1220,1,2,1,1.0,1.0,34032,M,,,34
201100028345,11,6,17,45,5,2,1,1.0,7.0,34032,M,,,34
201100028346,11,6,17,1330,1,2,1,1.0,7.0,34032,M,,,34
201100028347,11,6,18,2015,1,1,1,1.0,6.0,34032,M,,,34
201100028348,11,6,30,950,1,2,3,9.0,1.0,34032,M,,,34
201100028349,11,7,1,5,5,2,5,1.0,3.0,34032,M,4335305.0,322463.0,34
201100028350,11,7,5,945,1,2,1,1.0,6.0,34073,M,4332168.0,330434.0,34
201100028351,11,7,5,2010,1,2,1,1.0,6.0,34336,M,4331814.0,327839.0,34
201100028352,11,7,11,1245,1,2,1,1.0,7.0,34032,M,4334467.0,317328.0,34
201100028353,11,7,12,910,1,2,1,1.0,6.0,34032,M,4331164.0,328044.0,34
201100028354,11,7,13,1630,1,2,1,1.0,7.0,34032,M,4333639.0,322511.0,34
201100028355,11,7,14,130,5,2,1,1.0,7.0,34032,M,4329521.0,313478.0,34
201100028356,11,7,15,2130,2,2,1,1.0,2.0,34336,M,4332068.0,329272.0,34
201100028357,11,7,18,1845,1,2,1,1.0,6.0,34032,M,,,34
201100028358,11,7,19,1745,1,2,2,1.0,3.0,34032,M,4335530.0,322199.0,34
201100028359,11,7,23,105,5,2,1,1.0,6.0,34032,M,4335761.0,322205.0,34
201100028360,11,7,25,1200,1,2,1,1.0,6.0,34032,M,4332973.0,324390.0,34
201100028361,11,7,25,1945,1,2,1,1.0,3.0,34032,M,4333307.0,327223.0,34
201100028362,11,7,27,50,5,2,1,2.0,7.0,34032,M,4334785.0,324532.0,34
201100028363,11,7,28,10,5,2,1,1.0,1.0,34032,M,4333643.0,322514.0,34
201100028364,11,8,9,1055,1,2,1,1.0,2.0,34032,M,,,34
201100028365,11,8,11,2240,5,2,1,1.0,1.0,34032,M,,,34
201100028366,11,8,18,2250,5,1,1,1.0,3.0,34032,M,,,34
201100028367,11,8,20,1550,1,2,1,1.0,6.0,34032,M,,,34
201100028368,11,8,26,1655,1,2,1,1.0,7.0,34032,M,,,34
201100028369,11,8,27,1930,1,1,3,1.0,3.0,34032,M,,,34
201100028370,11,8,26,1920,1,2,2,1.0,3.0,34032,M,,,34
201100028371,11,9,1,1525,1,2,1,1.0,6.0,34032,M,4334341.0,321673.0,34
201100028372,11,9,2,1810,1,2,9,1.0,3.0,34032,M,4334819.0,321990.0,34
201100028373,11,9,4,735,1,1,1,3.0,6.0,34032,M,4337018.0,318700.0,34
201100028374,11,9,15,1015,1,2,2,1.0,7.0,34032,M,4334492.0,321998.0,34
201100028375,11,9,23,100,5,2,2,1.0,5.0,34032,M,,,34
201100028376,11,9,23,2225,5,2,9,1.0,1.0,34032,M,,,34
201100028377,11,10,5,1525,1,2,1,1.0,3.0,34032,M,,,34
201100028378,11,10,11,1345,1,2,2,7.0,7.0,34032,M,,,34
201100028379,11,10,14,1425,1,1,9,1.0,4.0,34032,M,,,34
201100028380,11,10,14,1740,1,2,9,1.0,7.0,34032,M,,,34
201100028381,11,2,4,825,1,2,1,1.0,6.0,34032,M,4334160.0,323240.0,34
201100028382,11,2,9,1815,1,2,1,1.0,7.0,34032,M,4335180.0,323299.0,34
201100028383,11,2,11,535,5,2,1,1.0,7.0,34032,M,4335085.0,322338.0,34
201100028384,11,4,23,2035,2,2,1,1.0,6.0,34032,M,,,34
201100028385,11,4,24,1130,1,2,1,3.0,7.0,34336,M,,,34
201100028386,11,5,7,350,5,2,1,1.0,7.0,34336,M,4332234.0,327956.0,34
201100028387,11,5,20,515,2,1,1,1.0,6.0,34032,M,,,34
201100028388,11,6,18,1155,1,2,1,1.0,1.0,34032,M,,,34
201100028389,11,7,4,1700,1,1,1,1.0,3.0,34032,M,4335661.0,330798.0,34
201100028390,11,8,13,500,3,1,1,1.0,6.0,34336,M,,,34
201100028391,11,9,20,1705,1,2,1,1.0,1.0,34032,M,,,34
201100028392,11,10,9,1035,1,1,6,1.0,3.0,34336,M,,,34
201100028393,11,10,25,1825,2,2,9,9.0,1.0,34032,M,,,34
201100028394,11,10,27,1130,1,2,1,2.0,7.0,34032,M,,,34
201100028395,11,10,28,2320,3,1,1,3.0,7.0,34032,M,,,34
201100028396,11,10,30,2210,5,1,1,1.0,3.0,34336,M,,,34
201100028397,11,10,30,145,3,1,1,1.0,7.0,34073,M,,,34
201100028398,11,11,6,1825,4,2,3,2.0,3.0,34032,M,,,34
201100028399,11,11,11,2155,3,2,1,1.0,1.0,34032,M,,,34
201100028400,11,11,12,155,3,2,1,2.0,1.0,34032,M,,,34
201100028401,11,11,19,520,5,2,1,2.0,1.0,34032,M,,,34
201100028402,11,11,17,1910,5,2,4,1.0,3.0,34032,M,,,34
201100028403,11,11,13,1515,1,2,1,9.0,3.0,34032,M,,,34
201100028404,11,11,6,940,1,1,1,3.0,6.0,34032,M,,,34
201100028405,11,11,21,1525,1,2,1,9.0,7.0,34032,M,,,34
201100028406,11,11,27,1740,2,1,1,1.0,3.0,34032,M,,,34
201100028407,11,11,30,755,1,1,9,5.0,1.0,34032,M,,,34
201100028408,11,12,10,1920,3,1,1,9.0,7.0,34032,M,,,34
201100028409,11,12,14,1540,1,2,1,1.0,4.0,34032,M,,,34
201100028410,11,12,21,1910,5,2,1,1.0,6.0,34032,M,,,34
201100028411,11,12,28,1625,1,2,2,1.0,5.0,34032,M,4334539.0,323860.0,34
201100028412,11,1,2,1925,5,2,1,1.0,7.0,34172,M,4360847.0,386190.0,34
201100028413,11,1,4,730,5,2,2,1.0,3.0,34172,M,,,34
201100028414,11,1,4,1415,1,2,1,1.0,1.0,34172,M,4338612.0,388253.0,34
201100028415,11,1,6,1645,5,2,1,2.0,6.0,34172,M,4361412.0,386548.0,34
201100028416,11,1,6,2000,5,2,3,2.0,1.0,34172,M,4360594.0,389404.0,34
201100028417,11,1,7,1040,1,2,1,2.0,3.0,34172,M,4360322.0,388383.0,34
201100028418,11,1,7,1245,1,2,3,2.0,3.0,34172,M,4362147.0,385623.0,34
201100028419,11,1,7,2100,5,2,1,2.0,7.0,34172,M,4362647.0,387605.0,34
201100028420,11,1,8,1320,1,2,1,1.0,7.0,34172,M,4360191.0,388458.0,34
201100028421,11,1,8,1635,1,2,1,1.0,7.0,34129,M,4358161.0,392174.0,34
201100028422,11,1,9,1435,1,2,1,8.0,3.0,34198,M,4357322.0,394510.0,34
201100028423,11,1,10,845,1,2,1,1.0,7.0,34172,M,4364132.0,383205.0,34
201100028424,11,1,10,1215,1,2,1,1.0,7.0,34172,M,4362477.0,383595.0,34
201100028425,11,1,10,725,2,2,1,1.0,3.0,34172,M,4361200.0,382450.0,34
201100028426,11,1,11,1745,5,2,1,1.0,7.0,34172,M,4360780.0,392573.0,34
201100028427,11,1,12,850,1,2,1,1.0,3.0,34172,M,4361874.0,384648.0,34
201100028428,11,1,12,1500,1,2,2,1.0,3.0,34198,M,4357269.0,393919.0,34
201100028429,11,1,13,1000,1,2,1,1.0,3.0,34172,M,4361477.0,383233.0,34
201100028430,11,1,13,1240,1,2,1,1.0,2.0,34172,M,4362549.0,383765.0,34
201100028431,11,1,11,1040,1,2,1,2.0,1.0,34172,M,4361518.0,384000.0,34
201100028432,11,1,14,1330,1,2,1,1.0,7.0,34172,M,4360999.0,388300.0,34
201100028433,11,1,14,1540,1,2,6,1.0,3.0,34172,M,4361824.0,391307.0,34
201100028434,11,1,15,1455,1,2,3,1.0,7.0,34172,M,4360988.0,389879.0,34
201100028435,11,1,14,1940,5,2,3,1.0,1.0,34172,M,4360054.0,386754.0,34
201100028436,11,1,17,1830,5,2,1,1.0,3.0,34172,M,4361908.0,384803.0,34
201100028437,11,1,17,2000,3,2,1,1.0,3.0,34129,M,4357755.0,393614.0,34
201100028438,11,1,18,1345,1,2,3,1.0,6.0,34172,M,4359938.0,387339.0,34
201100028439,11,1,19,100,5,2,4,1.0,3.0,34172,M,4362262.0,386355.0,34
201100028440,11,1,20,235,5,2,1,1.0,7.0,34172,M,4361283.0,388305.0,34
201100028441,11,1,13,1552,1,2,3,1.0,3.0,34172,M,4360875.0,385309.0,34
201100028442,11,1,22,1830,5,2,1,1.0,2.0,34172,M,4361908.0,384797.0,34
201100028443,11,1,22,2121,5,2,2,1.0,3.0,34172,M,4359913.0,389382.0,34
201100028444,11,1,23,1415,1,2,1,1.0,6.0,34172,M,4361458.0,383563.0,34
201100028445,11,1,24,1255,1,2,2,1.0,3.0,34172,M,4360121.0,386838.0,34
201100028446,11,1,25,1255,1,2,1,1.0,3.0,34172,M,4363355.0,381996.0,34
201100028447,11,1,25,1800,5,2,2,1.0,3.0,34172,M,4360164.0,386816.0,34
201100028448,11,1,28,1115,1,2,3,1.0,1.0,34172,M,4361504.0,391156.0,34
201100028449,11,1,28,1620,1,2,1,1.0,7.0,34172,M,4362035.0,386890.0,34
201100028450,11,1,28,2127,5,2,2,1.0,3.0,34172,M,4360151.0,386874.0,34
201100028451,11,1,29,220,5,2,3,1.0,6.0,34172,M,4359920.0,384242.0,34
201100028452,11,1,29,1745,5,2,1,2.0,7.0,34172,M,4363073.0,384240.0,34
201100028453,11,1,30,1845,5,2,2,1.0,3.0,34172,M,4361685.0,386071.0,34
201100028454,11,1,30,2055,5,2,1,2.0,7.0,34198,M,4355891.0,396014.0,34
201100028455,11,1,31,815,1,2,1,1.0,7.0,34172,M,4362598.0,388227.0,34
201100028456,11,2,1,730,2,2,1,1.0,6.0,34172,M,4362697.0,387105.0,34
201100028457,11,2,1,845,1,2,1,1.0,3.0,34172,M,4361854.0,384537.0,34
201100028458,11,2,1,1415,1,2,1,1.0,3.0,34172,M,4362503.0,385104.0,34
201100028459,11,2,2,650,5,2,2,1.0,1.0,34172,M,4362692.0,388951.0,34
201100028460,11,2,2,1200,1,2,3,1.0,6.0,34172,M,4360341.0,389357.0,34
201100028461,11,2,1,1810,3,1,1,1.0,7.0,34172,M,4365039.0,386089.0,34
201100028462,11,2,3,1225,1,1,3,1.0,1.0,34172,M,4361286.0,393672.0,34
201100028463,11,2,4,855,1,2,1,1.0,6.0,34172,M,4360696.0,383787.0,34
201100028464,11,2,4,2125,5,2,3,1.0,3.0,34172,M,4361441.0,388156.0,34
201100028465,11,2,5,1700,2,2,1,1.0,6.0,34172,M,4364085.0,385726.0,34
201100028466,11,2,5,1700,1,2,1,1.0,6.0,34172,M,4361007.0,388380.0,34
201100028467,11,2,5,2235,5,2,1,1.0,3.0,34172,M,4359002.0,385582.0,34
201100028468,11,2,5,1210,1,2,3,1.0,6.0,34172,M,4360788.0,386100.0,34
201100028469,11,2,7,415,3,1,1,1.0,7.0,34172,M,4361226.0,393368.0,34
201100028470,11,2,7,1030,1,2,3,1.0,3.0,34172,M,4360439.0,387367.0,34
201100028471,11,2,4,1040,1,2,1,1.0,7.0,34172,M,4361654.0,382020.0,34
201100028472,11,2,7,1430,1,2,1,1.0,7.0,34172,M,4360340.0,391051.0,34
201100028473,11,2,7,1610,1,2,1,1.0,2.0,34172,M,4360929.0,383802.0,34
201100028474,11,2,8,715,2,2,1,1.0,1.0,34172,M,4361858.0,387108.0,34
201100028475,11,2,7,1800,2,2,1,1.0,5.0,34172,M,4360896.0,385290.0,34
201100028476,11,2,8,1645,1,2,1,1.0,2.0,34172,M,4359345.0,385139.0,34
201100028477,11,2,9,945,1,2,1,8.0,3.0,34172,M,4361184.0,382564.0,34
201100028478,11,2,9,2015,5,2,1,1.0,3.0,34172,M,4364072.0,384642.0,34
201100028479,11,2,10,1835,5,2,1,1.0,5.0,34172,M,4359707.0,387238.0,34
201100028480,11,2,11,445,3,2,1,1.0,6.0,34129,M,4356173.0,386714.0,34
201100028481,11,2,11,920,1,2,1,8.0,5.0,34172,M,4360843.0,382143.0,34
201100028482,11,2,8,1215,1,2,1,1.0,2.0,34172,M,4364659.0,385407.0,34
201100028483,11,2,14,1810,5,2,6,1.0,2.0,34172,M,4360410.0,389611.0,34
201100028484,11,2,15,800,1,2,1,1.0,4.0,34172,M,4360881.0,389428.0,34
201100028485,11,2,15,845,1,2,1,1.0,3.0,34172,M,4361781.0,384348.0,34
201100028486,11,2,15,730,1,2,1,1.0,7.0,34172,M,4361070.0,384909.0,34
201100028487,11,2,15,1520,1,2,1,1.0,6.0,34172,M,4361004.0,388293.0,34