Num_Acc,an,mois,jour,hrmn,lum,agg,int,atm,col,com,gps,lat,long,dep
201100028488,11,2,16,835,1,2,1,1.0,7.0,34172,M,4362156.0,386860.0,34
201100028489,11,2,17,1810,2,2,1,2.0,6.0,34172,M,4360294.0,387441.0,34
201100028490,11,2,18,1400,1,2,2,1.0,6.0,34172,M,4359938.0,387345.0,34
201100028491,11,2,21,900,1,2,1,1.0,1.0,34172,M,4363564.0,381656.0,34
201100028492,11,2,21,1205,1,2,1,1.0,7.0,34172,M,4360306.0,388259.0,34
201100028493,11,2,21,1715,1,2,1,8.0,3.0,34172,M,4363154.0,382225.0,34
201100028494,11,2,22,1050,1,2,1,1.0,7.0,34172,M,4363419.0,383360.0,34
201100028495,11,2,22,1420,1,2,1,8.0,1.0,34198,M,4355656.0,396472.0,34
201100028496,11,2,22,1820,5,2,1,1.0,7.0,34172,M,4359112.0,388334.0,34
201100028497,11,2,23,915,1,2,2,1.0,3.0,34172,M,4360839.0,390653.0,34
201100028498,11,2,23,2121,5,2,2,1.0,3.0,34172,M,4359795.0,387112.0,34
201100028499,11,2,23,2230,5,2,1,1.0,7.0,34172,M,4363777.0,381739.0,34
201100028500,11,2,24,855,1,2,1,1.0,3.0,34172,M,4360113.0,386781.0,34
201100028501,11,2,24,910,1,2,1,1.0,6.0,34172,M,4361640.0,382011.0,34
201100028502,11,2,25,810,1,2,2,1.0,6.0,34172,M,4362691.0,388976.0,34
201100028503,11,2,25,1850,5,2,2,1.0,7.0,34172,M,4361858.0,389375.0,34
201100028504,11,2,26,1055,1,2,1,1.0,3.0,34129,M,4358174.0,392102.0,34
201100028505,11,2,25,1948,5,2,3,1.0,3.0,34172,M,4360186.0,389168.0,34
201100028506,11,2,26,2100,5,2,1,1.0,3.0,34172,M,4361700.0,387355.0,34
201100028507,11,2,27,615,5,2,1,1.0,7.0,34172,M,4360854.0,386187.0,34
201100028508,11,2,27,1000,1,2,1,1.0,7.0,34172,M,,,34
201100028509,11,3,1,1550,1,2,3,1.0,3.0,34172,M,4359762.0,388628.0,34
201100028510,11,3,2,20,5,2,3,1.0,3.0,34172,M,4362056.0,387594.0,34
201100028511,11,3,2,1515,1,2,1,1.0,5.0,34172,M,4362099.0,385712.0,34
201100028512,11,3,3,1400,1,2,1,1.0,2.0,34172,M,4360807.0,389866.0,34
201100028513,11,3,4,645,5,2,1,1.0,6.0,34172,M,4362313.0,386317.0,34
201100028514,11,3,4,1240,1,2,1,1.0,6.0,34172,M,4361869.0,388628.0,34
201100028515,11,3,5,1805,2,2,1,1.0,3.0,34172,M,4360106.0,385036.0,34
201100028516,11,3,5,1830,5,1,9,1.0,3.0,34129,M,4358282.0,392512.0,34
201100028517,11,3,6,1600,1,2,1,1.0,3.0,34172,M,4360381.0,389313.0,34
201100028518,11,3,6,2130,5,2,1,1.0,6.0,34172,M,4359985.0,386204.0,34
201100028519,11,3,6,2125,5,2,1,1.0,6.0,34172,M,4359985.0,386204.0,34
201100028520,11,3,7,1140,1,2,1,1.0,3.0,34172,M,4359143.0,387930.0,34
201100028521,11,3,7,1650,1,2,3,1.0,3.0,34172,M,4362258.0,386658.0,34
201100028522,11,3,8,740,1,2,1,1.0,6.0,34172,M,4362615.0,388286.0,34
201100028523,11,3,8,1745,1,2,9,1.0,3.0,34172,M,4362999.0,388582.0,34
201100028524,11,3,8,2050,5,2,2,1.0,7.0,34172,M,4362694.0,386967.0,34
201100028525,11,3,9,2130,5,2,6,1.0,3.0,34198,M,4357785.0,393584.0,34
201100028526,11,3,10,1320,1,2,1,1.0,7.0,34172,M,4361000.0,389207.0,34
201100028527,11,3,11,1420,1,2,1,1.0,2.0,34172,M,4361786.0,384363.0,34
201100028528,11,3,12,550,3,1,1,2.0,6.0,34129,M,4355107.0,389309.0,34
201100028529,11,3,12,1705,1,2,1,3.0,6.0,34172,M,4360665.0,387583.0,34
201100028530,11,3,14,810,1,2,1,2.0,6.0,34172,M,4361046.0,389452.0,34
201100028531,11,3,14,1055,1,2,6,2.0,3.0,34172,M,4359040.0,385720.0,34
201100028532,11,3,15,1107,1,2,1,2.0,6.0,34172,M,4360599.0,387978.0,34
201100028533,11,3,15,1330,1,2,1,3.0,7.0,34172,M,4361464.0,386936.0,34
201100028534,11,3,16,1210,1,2,6,2.0,3.0,34172,M,4362518.0,383583.0,34
201100028535,11,3,16,1839,5,2,2,3.0,3.0,34172,M,4362694.0,382197.0,34
201100028536,11,3,17,755,1,2,3,1.0,3.0,34129,M,4357737.0,391480.0,34
201100028537,11,3,17,1200,1,2,2,8.0,3.0,34172,M,4360689.0,388219.0,34
201100028538,11,3,16,1545,1,2,2,1.0,1.0,34172,M,4362402.0,386212.0,34
201100028539,11,3,18,1730,1,2,1,1.0,2.0,34172,M,4360703.0,388436.0,34
201100028540,11,3,18,1445,1,2,1,1.0,3.0,34172,M,4361242.0,393512.0,34
201100028541,11,3,21,910,1,2,1,1.0,3.0,34172,M,4361141.0,387383.0,34
201100028542,11,3,21,850,1,2,1,1.0,4.0,34172,M,4361141.0,382872.0,34
201100028543,11,3,22,800,1,2,1,1.0,6.0,34172,M,4360848.0,386160.0,34
201100028544,11,3,21,2015,2,2,2,1.0,4.0,34172,M,4363371.0,384315.0,34
201100028545,11,3,23,1530,1,2,1,1.0,3.0,34172,M,4362645.0,387588.0,34
201100028546,11,3,25,1210,1,2,1,1.0,6.0,34172,M,4359942.0,384725.0,34
201100028547,11,3,25,1450,1,2,3,1.0,3.0,34172,M,4360073.0,384528.0,34
201100028548,11,3,25,1620,1,2,2,1.0,3.0,34172,M,4361426.0,391465.0,34
201100028549,11,3,25,2115,5,2,1,1.0,7.0,34172,M,4360317.0,388385.0,34
201100028550,11,3,27,1350,1,2,1,2.0,7.0,34172,M,4361281.0,382430.0,34
201100028551,11,3,27,2050,3,1,1,8.0,7.0,34129,M,4356183.0,389396.0,34
201100028552,11,3,26,1810,1,2,2,1.0,3.0,34172,M,4361560.0,385622.0,34
201100028553,11,3,29,1823,1,2,3,1.0,3.0,34172,M,4361454.0,383567.0,34
201100028554,11,3,29,1705,1,2,1,1.0,2.0,34172,M,4359018.0,385568.0,34
201100028555,11,3,29,1700,1,2,1,1.0,6.0,34172,M,4363072.0,387183.0,34
201100028556,11,3,31,1500,1,2,1,1.0,1.0,34172,M,4360913.0,383991.0,34
201100028557,11,3,31,1750,1,2,6,1.0,7.0,34172,M,4358880.0,389022.0,34
201100028558,11,3,31,2305,5,2,2,1.0,3.0,34172,M,4357968.0,386919.0,34
201100028559,11,4,1,945,1,2,1,1.0,2.0,34172,M,4360850.0,386189.0,34
201100028560,11,4,1,1325,1,2,2,1.0,6.0,34172,M,4361541.0,390939.0,34
201100028561,11,4,1,1745,1,2,1,1.0,3.0,34172,M,4360345.0,389243.0,34
201100028562,11,4,1,2305,5,2,1,1.0,7.0,34172,M,4360720.0,388765.0,34
201100028563,11,4,1,1830,1,2,1,1.0,4.0,34172,M,4360845.0,391252.0,34
201100028564,11,4,1,1915,1,2,6,1.0,3.0,34172,M,4357632.0,387412.0,34
201100028565,11,4,3,1035,1,2,3,1.0,3.0,34172,M,4361588.0,389755.0,34
201100028566,11,4,4,1530,1,2,1,1.0,6.0,34172,M,4360933.0,386682.0,34
201100028567,11,4,4,1720,1,2,1,1.0,2.0,34172,M,4359957.0,391985.0,34
201100028568,11,4,5,850,1,2,1,1.0,4.0,34172,M,4362041.0,385620.0,34
201100028569,11,4,6,915,1,2,1,1.0,3.0,34172,M,4360900.0,388947.0,34
201100028570,11,4,6,1840,1,2,9,1.0,3.0,34172,M,4362647.0,386640.0,34
201100028571,11,4,8,800,1,2,1,1.0,6.0,34172,M,4360431.0,387356.0,34
201100028572,11,4,9,415,5,2,3,1.0,7.0,34172,M,4360263.0,384744.0,34
201100028573,11,4,10,320,3,1,1,1.0,7.0,34198,M,4357525.0,395045.0,34
201100028574,11,4,11,1745,1,2,1,1.0,6.0,34172,M,4362175.0,384715.0,34
201100028575,11,4,12,1705,1,2,1,1.0,3.0,34172,M,4359656.0,388721.0,34
201100028576,11,4,13,920,1,2,1,1.0,3.0,34172,M,4361145.0,386420.0,34
201100028577,11,4,13,1850,1,2,1,1.0,3.0,34172,M,4361678.0,384195.0,34
201100028578,11,4,14,1215,1,2,2,1.0,3.0,34172,M,4357787.0,387553.0,34
201100028579,11,4,11,1220,1,2,1,1.0,3.0,34172,M,4362806.0,388817.0,34
201100028580,11,4,14,1610,1,2,4,1.0,3.0,34172,M,4361205.0,386186.0,34
201100028581,11,4,14,1720,1,2,1,1.0,3.0,34172,M,4359995.0,387673.0,34
201100028582,11,4,15,915,1,2,1,1.0,6.0,34172,M,4363340.0,386019.0,34
201100028583,11,4,15,950,1,2,9,1.0,3.0,34172,M,4358447.0,385943.0,34
201100028584,11,4,15,1930,1,2,1,1.0,2.0,34172,M,4361283.0,383895.0,34
201100028585,11,4,16,1530,1,2,1,1.0,3.0,34172,M,4359459.0,389043.0,34
201100028586,11,4,16,1850,1,2,1,1.0,2.0,34129,M,4358043.0,392161.0,34
201100028587,11,4,16,2010,2,2,1,1.0,3.0,34172,M,4360257.0,389897.0,34
201100028588,11,4,17,1730,1,2,1,1.0,6.0,34172,M,4361550.0,385215.0,34
201100028589,11,4,17,1710,1,2,1,1.0,3.0,34172,M,4363060.0,381977.0,34
201100028590,11,4,17,1930,1,2,1,1.0,3.0,34129,M,4355974.0,393787.0,34
201100028591,11,4,18,1055,1,2,6,1.0,3.0,34129,M,4357824.0,393559.0,34
201100028592,11,4,18,1410,1,2,1,1.0,6.0,34172,M,4360267.0,389547.0,34
201100028593,11,4,18,1410,1,2,1,1.0,4.0,34172,M,,,34
201100028594,11,4,19,1350,1,2,1,1.0,6.0,34172,M,4361177.0,382631.0,34
201100028595,11,4,19,2000,2,2,1,1.0,7.0,34172,M,4357697.0,387363.0,34
201100028596,11,4,20,940,1,2,1,1.0,6.0,34172,M,4360620.0,389589.0,34
201100028597,11,4,21,805,1,2,1,1.0,6.0,34172,M,4360328.0,389373.0,34
201100028598,11,4,21,1420,1,1,1,1.0,1.0,34129,M,4356536.0,386905.0,34
201100028599,11,4,21,1730,1,1,1,1.0,7.0,34129,M,4358162.0,392846.0,34
201100028600,11,4,21,1705,1,2,3,1.0,3.0,34172,M,4358138.0,386467.0,34
201100028601,11,4,22,1730,1,2,1,8.0,3.0,34172,M,4361205.0,388955.0,34
201100028602,11,4,23,1855,1,2,1,2.0,6.0,34172,M,4364281.0,383661.0,34
201100028603,11,4,23,2028,5,2,3,1.0,3.0,34172,M,4362550.0,385000.0,34
201100028604,11,4,24,610,5,2,1,2.0,1.0,34129,M,4358700.0,389370.0,34
201100028605,11,4,24,2315,3,1,1,1.0,7.0,34198,M,,,34
201100028606,11,4,26,1455,1,2,3,1.0,7.0,34172,M,4361469.0,383275.0,34
201100028607,11,4,27,710,1,2,2,1.0,3.0,34172,M,4360902.0,389070.0,34
201100028608,11,4,27,900,1,2,2,1.0,6.0,34172,M,4359787.0,387106.0,34
201100028609,11,4,27,926,1,2,4,1.0,1.0,34172,M,,,34
201100028610,11,4,27,1115,1,2,1,1.0,6.0,34172,M,4359139.0,388981.0,34
201100028611,11,4,27,2325,5,2,3,1.0,3.0,34172,M,4360383.0,387492.0,34
201100028612,11,4,27,2010,2,2,1,1.0,1.0,34172,M,4360381.0,391172.0,34
201100028613,11,4,30,1805,1,2,9,1.0,6.0,34172,M,,,34
201100028614,11,5,1,1600,1,2,1,1.0,6.0,34172,M,4360519.0,387512.0,34
201100028615,11,5,2,1700,1,2,1,1.0,2.0,34172,M,4362315.0,383134.0,34
201100028616,11,5,3,1335,1,2,2,1.0,6.0,34172,M,4361166.0,386667.0,34
201100028617,11,5,4,735,1,2,1,1.0,2.0,34172,M,4363424.0,382063.0,34
201100028618,11,5,4,1530,1,2,1,1.0,3.0,34129,M,4358519.0,392046.0,34
201100028619,11,5,4,1945,1,2,1,1.0,6.0,34172,M,4363854.0,381235.0,34
201100028620,11,5,3,1725,1,2,3,3.0,7.0,34172,M,4362516.0,387094.0,34
201100028621,11,5,6,1010,1,2,9,1.0,6.0,34172,M,4361085.0,388085.0,34
201100028622,11,5,7,935,1,2,1,1.0,3.0,34172,M,4362705.0,381686.0,34
201100028623,11,5,7,1900,1,2,1,1.0,6.0,34172,M,4362708.0,388090.0,34
201100028624,11,5,9,2014,1,1,1,1.0,7.0,34129,M,4357150.0,388606.0,34
201100028625,11,5,10,2130,3,2,1,1.0,3.0,34172,M,4358494.0,385046.0,34
201100028626,11,5,10,1000,1,2,2,1.0,3.0,34172,M,4359075.0,386621.0,34
201100028627,11,5,11,1720,1,2,1,1.0,3.0,34172,M,4360433.0,393662.0,34
201100028628,11,5,11,1900,1,2,1,1.0,5.0,34172,M,4364347.0,384472.0,34
201100028629,11,5,12,756,1,1,1,1.0,6.0,34129,M,,,34
201100028630,11,5,14,1315,1,2,2,2.0,3.0,34172,M,4363444.0,383402.0,34
201100028631,11,5,15,845,1,2,1,1.0,6.0,34172,M,4359660.0,387639.0,34
201100028632,11,5,11,1210,1,2,2,1.0,1.0,34172,M,4362003.0,385127.0,34
201100028633,11,5,16,1820,1,2,1,1.0,6.0,34172,M,4360504.0,385966.0,34
201100028634,11,5,16,1930,1,2,1,1.0,6.0,34172,M,4361494.0,388282.0,34
201100028635,11,5,16,2230,5,2,1,1.0,7.0,34172,M,4364095.0,381591.0,34
201100028636,11,5,17,220,5,2,1,1.0,2.0,34172,M,4359881.0,388955.0,34
201100028637,11,5,17,835,1,2,1,1.0,3.0,34172,M,4360850.0,389050.0,34
201100028638,11,5,17,1355,1,2,1,1.0,6.0,34172,M,4362851.0,384577.0,34
201100028639,11,5,17,1530,1,2,1,1.0,2.0,34172,M,4359706.0,387708.0,34
201100028640,11,5,18,910,1,2,1,1.0,3.0,34172,M,4359867.0,389355.0,34
201100028641,11,5,18,1225,1,2,1,1.0,6.0,34172,M,,,34
201100028642,11,5,19,800,1,2,1,1.0,2.0,34172,M,4361138.0,390079.0,34
201100028643,11,5,19,1845,1,2,2,1.0,3.0,34172,M,4361649.0,383581.0,34
201100028644,11,5,20,1115,1,2,9,1.0,6.0,34172,M,4360847.0,391370.0,34
201100028645,11,5,20,1825,1,2,1,1.0,4.0,34172,M,4359737.0,384331.0,34
201100028646,11,5,20,1800,1,2,1,1.0,7.0,34172,M,4361371.0,382219.0,34
201100028647,11,5,21,1700,1,2,3,1.0,1.0,34172,M,4361477.0,383066.0,34
201100028648,11,5,20,1430,1,2,3,1.0,3.0,34172,M,4361344.0,385896.0,34
201100028649,11,5,22,1820,1,2,2,1.0,3.0,34172,M,4360583.0,389363.0,34
201100028650,11,5,22,2115,5,2,1,1.0,3.0,34172,M,4359982.0,387176.0,34
201100028651,11,5,23,1700,1,2,1,1.0,6.0,34172,M,4360731.0,383839.0,34
201100028652,11,5,23,1810,1,2,3,1.0,3.0,34172,M,4363768.0,385968.0,34
201100028653,11,5,23,1845,1,2,1,1.0,7.0,34172,M,4362154.0,386441.0,34
201100028654,11,5,24,1845,1,2,2,1.0,1.0,34172,M,4361884.0,386358.0,34
201100028655,11,5,25,1105,1,2,1,1.0,6.0,34172,M,4360419.0,387827.0,34
201100028656,11,5,26,1420,1,2,1,1.0,7.0,34172,M,4361851.0,386500.0,34
201100028657,11,5,27,1150,1,2,1,8.0,6.0,34172,M,4360727.0,384192.0,34
201100028658,11,5,26,2030,1,2,1,1.0,7.0,34172,M,4363172.0,385807.0,34
201100028659,11,5,29,140,5,2,7,1.0,3.0,34172,M,4361197.0,387178.0,34
201100028660,11,5,29,800,1,1,1,1.0,6.0,34198,M,4357359.0,395530.0,34
201100028661,11,5,29,1845,1,2,3,1.0,3.0,34172,M,,,34
201100028662,11,5,30,1915,1,2,1,1.0,6.0,34172,M,4360803.0,387360.0,34
201100028663,11,5,31,918,1,2,1,1.0,6.0,34172,M,,,34
201100028664,11,5,31,1700,1,2,1,1.0,3.0,34172,M,4359917.0,384262.0,34
201100028665,11,6,1,2320,5,2,1,2.0,7.0,34172,M,4358923.0,385590.0,34
201100028666,11,6,3,2130,5,2,1,8.0,1.0,34172,M,4361553.0,381884.0,34
201100028667,11,6,4,1830,1,2,1,3.0,7.0,34172,M,4359711.0,390392.0,34
201100028668,11,6,5,750,1,2,1,1.0,7.0,34129,M,4355064.0,389371.0,34
201100028669,11,6,10,1535,1,2,1,1.0,3.0,34172,M,4360656.0,389835.0,34
201100028670,11,6,10,1335,1,2,1,1.0,3.0,34172,M,4362117.0,385843.0,34
201100028671,11,6,10,1940,1,2,1,1.0,6.0,34172,M,4364047.0,383742.0,34
201100028672,11,6,12,35,5,2,4,1.0,7.0,34172,M,4360167.0,389156.0,34
201100028673,11,6,12,2000,1,2,1,1.0,6.0,34172,M,4359962.0,387494.0,34
201100028674,11,6,12,2125,1,2,1,1.0,5.0,34172,M,4360877.0,384493.0,34
201100028675,11,6,13,2100,1,2,1,1.0,3.0,34172,M,4360256.0,389887.0,34
201100028676,11,6,13,2305,3,1,1,1.0,4.0,34129,M,4355391.0,389320.0,34
201100028677,11,6,10,1125,1,2,1,1.0,7.0,34172,M,4360147.0,387520.0,34
201100028678,11,6,14,1830,1,2,5,1.0,3.0,34172,M,4360300.0,388267.0,34
201100028679,11,6,15,1640,1,2,1,1.0,6.0,34172,M,4360343.0,390631.0,34
201100028680,11,6,16,1115,1,2,6,1.0,4.0,34172,M,4363154.0,384279.0,34
201100028681,11,6,16,1205,1,2,1,1.0,3.0,34172,M,4360583.0,383009.0,34
201100028682,11,6,16,1345,1,2,1,1.0,2.0,34172,M,4363073.0,382255.0,34
201100028683,11,6,16,1610,1,2,1,1.0,3.0,34172,M,4363146.0,383925.0,34
201100028684,11,6,17,1230,1,2,1,1.0,5.0,34172,M,,,34
201100028685,11,6,17,1600,1,2,2,1.0,3.0,34172,M,4364031.0,381814.0,34
201100028686,11,6,18,1215,1,2,1,1.0,3.0,34172,M,4362983.0,386116.0,34
201100028687,11,6,18,1900,1,2,1,1.0,3.0,34172,M,4359543.0,387466.0,34
201100028688,11,6,18,2235,5,2,2,1.0,1.0,34172,M,4359701.0,387795.0,34
201100028689,11,6,19,340,5,2,1,1.0,7.0,34172,M,4359585.0,387740.0,34
201100028690,11,6,19,640,2,2,2,1.0,3.0,34172,M,4362416.0,386196.0,34
201100028691,11,6,19,705,1,1,1,1.0,7.0,34198,M,4360277.0,393804.0,34
201100028692,11,6,19,1600,1,2,1,1.0,7.0,34172,M,4360512.0,389952.0,34
201100028693,11,6,19,1720,1,1,1,1.0,6.0,34172,M,4359332.0,382067.0,34
201100028694,11,6,19,1920,1,2,3,1.0,5.0,34172,M,4361083.0,383054.0,34
201100028695,11,6,20,1720,1,2,1,1.0,7.0,34172,M,4363297.0,382259.0,34
201100028696,11,6,21,1030,1,2,1,1.0,3.0,34172,M,4361183.0,382624.0,34
201100028697,11,6,22,1130,1,2,1,8.0,6.0,34172,M,4360610.0,389674.0,34
201100028698,11,6,21,1500,1,2,1,1.0,1.0,34172,M,4361729.0,382271.0,34
201100028699,11,6,23,1015,1,2,1,1.0,7.0,34198,M,4357510.0,394910.0,34
201100028700,11,6,23,1915,1,2,1,1.0,6.0,34172,M,4359699.0,388353.0,34
201100028701,11,6,24,1630,1,2,1,1.0,6.0,34172,M,4358538.0,385140.0,34
201100028702,11,6,25,235,5,2,3,1.0,3.0,34172,M,4363861.0,385680.0,34
201100028703,11,6,26,1905,1,1,1,1.0,2.0,34198,M,4356146.0,396064.0,34
201100028704,11,6,28,645,2,2,1,1.0,1.0,34172,M,4362915.0,388062.0,34
201100028705,11,6,28,1715,1,2,1,1.0,3.0,34172,M,4357512.0,386838.0,34
201100028706,11,6,28,1000,1,2,1,1.0,3.0,34129,M,4357875.0,387736.0,34
201100028707,11,6,29,825,1,2,1,1.0,3.0,34172,M,4357496.0,385993.0,34
201100028708,11,6,29,1400,1,2,6,1.0,6.0,34172,M,4362704.0,382002.0,34
201100028709,11,6,29,1350,1,2,3,1.0,2.0,34172,M,4361233.0,384545.0,34
201100028710,11,6,29,1945,1,2,1,1.0,6.0,34172,M,4359723.0,389275.0,34
201100028711,11,6,29,1055,1,2,1,1.0,6.0,34172,M,4363742.0,382033.0,34
201100028712,11,6,29,1115,1,2,1,1.0,2.0,34172,M,4361219.0,382402.0,34
201100028713,11,6,30,1300,1,2,2,1.0,3.0,34172,M,,,34
201100028714,11,6,30,1315,1,1,1,1.0,2.0,34198,M,4356351.0,395916.0,34
201100028715,11,6,30,2050,1,2,1,1.0,7.0,34172,M,4361102.0,383899.0,34
201100028716,11,6,30,2205,5,2,1,1.0,7.0,34172,M,4362941.0,388006.0,34
201100028717,11,7,1,1750,1,2,2,1.0,7.0,34172,M,4359925.0,389384.0,34
201100028718,11,7,2,510,5,2,9,1.0,6.0,34172,M,4361233.0,382507.0,34
201100028719,11,7,2,752,1,2,1,1.0,1.0,34172,M,4362406.0,384313.0,34
201100028720,11,6,28,930,1,2,2,1.0,3.0,34172,M,4361347.0,390508.0,34
201100028721,11,7,4,845,1,2,1,1.0,7.0,34172,M,4361723.0,386815.0,34
201100028722,11,7,5,850,1,2,1,1.0,3.0,34172,M,4363633.0,384467.0,34
201100028723,11,7,1,1210,1,2,2,1.0,2.0,34172,M,4362005.0,385045.0,34
201100028724,11,7,5,1415,1,2,9,1.0,6.0,34172,M,4360683.0,382085.0,34
201100028725,11,7,5,1900,1,2,9,1.0,3.0,34172,M,4362286.0,381738.0,34
201100028726,11,7,5,1940,1,2,1,1.0,2.0,34129,M,4358585.0,392992.0,34
201100028727,11,7,6,1425,1,2,1,1.0,6.0,34172,M,4366225.0,385506.0,34
201100028728,11,7,7,1315,1,2,2,1.0,3.0,34172,M,4360497.0,386994.0,34
201100028729,11,7,7,1430,1,2,1,1.0,1.0,34172,M,4359786.0,384169.0,34
201100028730,11,7,7,1420,1,2,1,1.0,3.0,34172,M,4360181.0,387508.0,34
201100028731,11,7,7,1620,1,2,3,1.0,7.0,34172,M,4361241.0,387242.0,34
201100028732,11,7,8,1125,1,2,3,1.0,3.0,34172,M,4359817.0,386509.0,34
201100028733,11,7,8,1120,1,2,1,1.0,2.0,34129,M,4358763.0,393067.0,34
201100028734,11,7,8,1520,1,2,1,1.0,2.0,34172,M,4362557.0,386464.0,34
201100028735,11,7,8,1820,1,2,1,1.0,6.0,34172,M,4360218.0,385355.0,34
201100028736,11,7,8,1905,1,2,5,1.0,7.0,34172,M,4361802.0,387847.0,34
201100028737,11,7,10,230,5,1,1,1.0,7.0,34129,M,4358154.0,388447.0,34
201100028738,11,7,11,740,1,2,9,1.0,6.0,34172,M,4360836.0,388670.0,34
201100028739,11,7,11,1550,1,2,1,1.0,3.0,34172,M,4360003.0,387006.0,34
201100028740,11,7,11,1855,1,2,1,1.0,1.0,34129,M,4358488.0,389644.0,34
201100028741,11,7,12,935,1,2,9,1.0,1.0,34172,M,4359974.0,387545.0,34
201100028742,11,7,12,930,1,2,1,1.0,2.0,34172,M,4363363.0,384333.0,34
201100028743,11,7,12,1040,1,2,1,1.0,6.0,34172,M,4361263.0,383895.0,34
201100028744,11,7,13,1445,1,2,1,1.0,2.0,34172,M,4360124.0,386758.0,34
201100028745,11,7,13,1920,1,2,3,1.0,5.0,34129,M,4356621.0,386970.0,34
201100028746,11,7,14,650,1,2,9,1.0,2.0,34198,M,4355784.0,396404.0,34
201100028747,11,7,14,1935,1,2,2,1.0,6.0,34172,M,4361078.0,386666.0,34
201100028748,11,7,15,955,1,2,1,1.0,3.0,34172,M,4360536.0,389911.0,34
201100028749,11,7,15,2110,1,2,1,1.0,3.0,34172,M,4358737.0,388361.0,34
201100028750,11,7,16,1015,1,2,3,1.0,3.0,34129,M,4358438.0,392683.0,34
201100028751,11,7,16,1930,1,2,1,1.0,7.0,34172,M,4364555.0,385327.0,34
201100028752,11,7,17,1615,1,2,1,1.0,3.0,34172,M,4361277.0,382467.0,34
201100028753,11,7,18,1155,1,2,1,1.0,7.0,34172,M,4360311.0,388252.0,34
201100028754,11,7,18,1455,1,2,1,1.0,6.0,34172,M,4360191.0,383390.0,34
201100028755,11,7,19,805,1,2,1,2.0,6.0,34172,M,4362621.0,387702.0,34
201100028756,11,7,19,1120,1,2,1,1.0,6.0,34172,M,4359308.0,388557.0,34
201100028757,11,7,20,1410,1,2,2,8.0,3.0,34172,M,4359976.0,387550.0,34
201100028758,11,7,19,1600,1,2,3,1.0,1.0,34172,M,4362192.0,386989.0,34
201100028759,11,7,19,1740,1,2,1,1.0,3.0,34172,M,4360613.0,389841.0,34
201100028760,11,7,21,1720,1,2,3,1.0,6.0,34172,M,4361409.0,390670.0,34
201100028761,11,7,21,2000,1,2,1,1.0,3.0,34172,M,4360220.0,390198.0,34
201100028762,11,7,23,1100,1,2,1,1.0,3.0,34198,M,4357825.0,393670.0,34
201100028763,11,7,24,700,1,2,1,1.0,3.0,34129,M,4357377.0,389499.0,34
201100028764,11,7,24,2145,5,2,1,1.0,1.0,34172,M,4361902.0,382164.0,34
201100028765,11,7,25,1215,1,2,2,1.0,3.0,34172,M,4362599.0,388227.0,34
201100028766,11,7,22,1230,1,2,3,1.0,3.0,34172,M,4363646.0,383638.0,34
201100028767,11,7,25,1620,1,1,1,2.0,3.0,34129,M,4358482.0,392736.0,34
201100028768,11,7,26,1515,1,2,3,1.0,3.0,34172,M,4358381.0,387235.0,34
201100028769,11,7,27,1820,1,2,1,8.0,3.0,34172,M,4359280.0,382250.0,34
201100028770,11,7,27,650,1,2,3,8.0,7.0,34172,M,4360112.0,387372.0,34
201100028771,11,7,28,1615,1,2,1,1.0,7.0,34172,M,4363486.0,384895.0,34
201100028772,11,7,28,2315,5,2,1,1.0,2.0,34129,M,4357255.0,389651.0,34
201100028773,11,7,29,1035,1,2,1,1.0,3.0,34172,M,4361627.0,386863.0,34
201100028774,11,7,29,1700,1,2,1,1.0,6.0,34172,M,4362580.0,386563.0,34
201100028775,11,7,31,755,1,2,1,1.0,1.0,34172,M,4360528.0,386035.0,34
201100028776,11,7,31,1145,1,2,9,1.0,1.0,34172,M,4359583.0,386832.0,34
201100028777,11,8,1,1000,1,2,6,1.0,3.0,34172,M,4363169.0,384218.0,34
201100028778,11,8,1,1715,1,2,3,1.0,3.0,34172,M,4361331.0,385754.0,34
201100028779,11,7,31,1830,1,2,2,1.0,3.0,34172,M,4358918.0,388455.0,34
201100028780,11,8,1,1445,1,2,1,1.0,7.0,34172,M,4360253.0,388259.0,34
201100028781,11,8,1,1520,1,2,1,1.0,7.0,34172,M,4359059.0,388469.0,34
201100028782,11,8,2,955,1,2,6,1.0,3.0,34172,M,4360617.0,389887.0,34