Num_Acc,an,mois,jour,hrmn,lum,agg,int,atm,col,com,gps,lat,long,dep
201100028783,11,8,2,1335,1,2,1,1.0,6.0,34172,M,4359198.0,385834.0,34
201100028784,11,8,4,1140,1,2,1,1.0,3.0,34172,M,4359932.0,386630.0,34
201100028785,11,8,5,900,1,2,1,1.0,2.0,34172,M,4363075.0,384229.0,34
201100028786,11,8,1,1000,1,2,3,1.0,3.0,34172,M,4361814.0,386559.0,34
201100028787,11,8,5,1640,1,2,1,2.0,3.0,34172,M,4361375.0,388426.0,34
201100028788,11,8,6,1515,1,2,3,8.0,3.0,34198,M,4355394.0,396725.0,34
201100028789,11,8,6,2250,5,2,3,2.0,3.0,34172,M,4360477.0,388245.0,34
201100028790,11,8,7,1830,1,2,1,1.0,1.0,34129,M,4358064.0,389926.0,34
201100028791,11,8,9,200,5,2,9,1.0,5.0,34172,M,4361625.0,384107.0,34
201100028792,11,8,9,1545,1,2,1,1.0,7.0,34172,M,4360916.0,388097.0,34
201100028793,11,8,9,1835,1,2,1,2.0,3.0,34172,M,4360494.0,386474.0,34
201100028794,11,8,10,1045,1,2,1,1.0,3.0,34172,M,4359100.0,388365.0,34
201100028795,11,8,10,1545,1,2,9,1.0,2.0,34172,M,4361151.0,382730.0,34
201100028796,11,8,10,2050,5,2,1,1.0,2.0,34172,M,4362221.0,384589.0,34
201100028797,11,8,12,100,5,2,1,1.0,6.0,34172,M,4360165.0,389992.0,34
201100028798,11,8,12,605,3,2,1,1.0,6.0,34129,M,4357944.0,390805.0,34
201100028799,11,8,12,1650,1,2,1,1.0,3.0,34172,M,4360499.0,386474.0,34
201100028800,11,8,12,2135,3,1,1,1.0,7.0,34172,M,4359016.0,391273.0,34
201100028801,11,8,13,105,5,2,1,1.0,7.0,34172,M,4363054.0,384301.0,34
201100028802,11,8,13,700,1,2,6,1.0,6.0,34172,M,4360199.0,390037.0,34
201100028803,11,8,13,1820,1,1,1,1.0,3.0,34129,M,4357194.0,388793.0,34
201100028804,11,8,14,1820,1,2,1,8.0,7.0,34129,M,4357006.0,388810.0,34
201100028805,11,8,14,2038,2,2,1,2.0,7.0,34172,M,4359742.0,387546.0,34
201100028806,11,8,15,5,5,2,1,8.0,7.0,34172,M,4357678.0,387377.0,34
201100028807,11,8,16,735,1,2,1,1.0,6.0,34172,M,4362003.0,385140.0,34
201100028808,11,8,16,1938,1,2,3,1.0,3.0,34172,M,4361625.0,384107.0,34
201100028809,11,8,17,1040,1,2,1,1.0,6.0,34172,M,4360713.0,387284.0,34
201100028810,11,8,18,1610,1,2,1,1.0,2.0,34172,M,4336191.0,352959.0,34
201100028811,11,8,19,1000,1,2,2,1.0,7.0,34172,M,4360144.0,386883.0,34
201100028812,11,8,19,2355,5,1,1,1.0,2.0,34172,M,4358922.0,389070.0,34
201100028813,11,8,19,2018,1,2,1,1.0,3.0,34172,M,,,34
201100028814,11,8,22,715,1,2,1,1.0,2.0,34129,M,4334307.0,354591.0,34
201100028815,11,8,22,1530,1,2,3,1.0,3.0,34172,M,4338481.0,350088.0,34
201100028816,11,8,23,1600,1,2,2,1.0,3.0,34172,M,4361076.0,387671.0,34
201100028817,11,8,24,120,5,2,2,1.0,3.0,34172,M,4361213.0,386631.0,34
201100028818,11,8,24,700,1,2,2,1.0,3.0,34172,M,4362973.0,386718.0,34
201100028819,11,8,24,1540,1,2,1,1.0,7.0,34172,M,4338073.0,350662.0,34
201100028820,11,8,24,1715,1,2,1,1.0,5.0,34172,M,4336540.0,351264.0,34
201100028821,11,8,25,2245,5,2,3,1.0,3.0,34172,M,4335145.0,351750.0,34
201100028822,11,8,25,840,1,2,1,2.0,6.0,34172,M,4360835.0,388353.0,34
201100028823,11,8,25,1040,1,2,1,1.0,6.0,34172,M,,,34
201100028824,11,8,26,1550,1,2,1,1.0,6.0,34172,M,4336862.0,351081.0,34
201100028825,11,8,27,1815,1,2,1,1.0,3.0,34172,M,4335785.0,350720.0,34
201100028826,11,8,28,1800,1,2,1,1.0,6.0,34172,M,4335277.0,353040.0,34
201100028827,11,8,29,1245,1,2,3,1.0,6.0,34172,M,4336290.0,390964.0,34
201100028828,11,8,29,1615,1,2,2,1.0,3.0,34129,M,4334627.0,355994.0,34
201100028829,11,8,30,900,1,2,3,1.0,6.0,34172,M,4337158.0,349953.0,34
201100028830,11,8,30,1710,1,2,3,1.0,1.0,34172,M,4360879.0,389679.0,34
201100028831,11,8,31,125,5,2,2,1.0,3.0,34172,M,4335712.0,352662.0,34
201100028832,11,8,31,616,5,2,1,1.0,6.0,34172,M,4336459.0,353644.0,34
201100028833,11,8,30,1600,1,2,1,1.0,3.0,34172,M,4337581.0,350301.0,34
201100028834,11,9,1,1710,1,2,6,1.0,3.0,34198,M,4357768.0,393615.0,34
201100028835,11,9,1,1645,1,2,1,1.0,7.0,34198,M,4354792.0,396972.0,34
201100028836,11,9,2,325,5,2,1,1.0,2.0,34172,M,4359942.0,387112.0,34
201100028837,11,9,2,1035,1,2,1,1.0,7.0,34172,M,4362693.0,387102.0,34
201100028838,11,9,3,1630,1,2,9,1.0,6.0,34172,M,4359640.0,383587.0,34
201100028839,11,9,3,1640,1,2,1,8.0,7.0,34172,M,4358785.0,387087.0,34
201100028840,11,9,5,1750,1,2,3,1.0,1.0,34172,M,4357515.0,385665.0,34
201100028841,11,9,6,817,1,2,1,1.0,3.0,34172,M,4360115.0,386967.0,34
201100028842,11,9,6,1850,1,2,1,1.0,7.0,34172,M,4360053.0,389487.0,34
201100028843,11,9,7,1451,1,2,1,1.0,1.0,34172,M,4363926.0,384661.0,34
201100028844,11,9,7,1740,1,2,1,1.0,3.0,34172,M,4357993.0,387968.0,34
201100028845,11,9,7,1920,1,2,1,1.0,3.0,34129,M,4357622.0,387355.0,34
201100028846,11,9,8,1635,1,2,1,1.0,3.0,34172,M,4362702.0,381910.0,34
201100028847,11,9,9,125,3,1,1,1.0,6.0,34129,M,4357905.0,389780.0,34
201100028848,11,9,9,700,1,2,1,1.0,7.0,34172,M,4363146.0,384272.0,34
201100028849,11,9,10,950,1,2,1,1.0,6.0,34172,M,4360432.0,388613.0,34
201100028850,11,9,10,1200,1,2,1,1.0,5.0,34172,M,4357815.0,387227.0,34
201100028851,11,9,11,345,5,2,3,1.0,3.0,34172,M,4360150.0,386874.0,34
201100028852,11,9,11,900,1,2,1,1.0,6.0,34198,M,4356057.0,395490.0,34
201100028853,11,9,12,2045,2,2,1,1.0,2.0,34172,M,4360190.0,388555.0,34
201100028854,11,9,13,1000,1,2,3,1.0,2.0,34172,M,4362275.0,381747.0,34
201100028855,11,9,13,1030,1,1,1,1.0,3.0,34129,M,4358818.0,389248.0,34
201100028856,11,9,14,1205,1,2,1,1.0,3.0,34172,M,4363892.0,384906.0,34
201100028857,11,9,14,1320,1,2,1,1.0,3.0,34172,M,4361715.0,388572.0,34
201100028858,11,9,14,1445,1,2,1,1.0,3.0,34172,M,4362042.0,385620.0,34
201100028859,11,9,15,835,1,2,1,1.0,5.0,34172,M,4362100.0,385827.0,34
201100028860,11,9,15,1545,1,2,3,1.0,1.0,34172,M,4361773.0,388587.0,34
201100028861,11,9,15,1445,1,2,1,1.0,6.0,34172,M,4364032.0,386415.0,34
201100028862,11,9,15,1800,1,2,1,1.0,6.0,34172,M,4364219.0,381375.0,34
201100028863,11,9,16,250,5,2,1,1.0,6.0,34172,M,4361358.0,384400.0,34
201100028864,11,9,15,1550,1,2,3,1.0,3.0,34129,M,4357099.0,389716.0,34
201100028865,11,9,16,2110,3,2,1,1.0,7.0,34172,M,4361935.0,383175.0,34
201100028866,11,9,17,1830,1,2,1,8.0,7.0,34172,M,4362345.0,381545.0,34
201100028867,11,9,17,1715,1,2,6,1.0,4.0,34129,M,4357618.0,387370.0,34
201100028868,11,9,19,1305,1,2,2,1.0,3.0,34172,M,4362155.0,386835.0,34
201100028869,11,9,20,35,5,2,1,1.0,2.0,34172,M,4361838.0,386465.0,34
201100028870,11,9,20,840,1,2,3,1.0,3.0,34172,M,4358802.0,388413.0,34
201100028871,11,9,21,755,1,2,1,1.0,1.0,34172,M,4361590.0,387460.0,34
201100028872,11,9,21,1740,1,2,1,1.0,6.0,34172,M,4360635.0,389138.0,34
201100028873,11,9,21,2015,4,2,1,1.0,1.0,34172,M,4360312.0,385480.0,34
201100028874,11,9,22,1045,1,2,1,1.0,6.0,34172,M,4361737.0,382220.0,34
201100028875,11,9,22,1450,1,2,3,1.0,3.0,34172,M,4360104.0,385034.0,34
201100028876,11,9,23,1340,1,2,3,1.0,7.0,34172,M,4364302.0,381878.0,34
201100028877,11,9,24,1910,2,2,2,1.0,3.0,34172,M,4363750.0,382248.0,34
201100028878,11,9,25,2245,5,2,3,1.0,2.0,34172,M,4363435.0,384960.0,34
201100028879,11,9,26,1755,1,2,1,1.0,5.0,34172,M,4361372.0,384767.0,34
201100028880,11,9,26,1855,1,2,1,1.0,6.0,34172,M,4360840.0,387320.0,34
201100028881,11,9,27,1810,1,2,1,1.0,2.0,34172,M,4361437.0,386511.0,34
201100028882,11,9,27,2025,5,2,3,1.0,3.0,34172,M,4360177.0,385690.0,34
201100028883,11,9,28,1000,1,2,1,1.0,6.0,34172,M,0.0,0.0,34
201100028884,11,9,28,1440,1,2,1,1.0,6.0,34172,M,4361253.0,383893.0,34
201100028885,11,9,28,1635,1,2,1,1.0,3.0,34172,M,4359538.0,384785.0,34
201100028886,11,9,28,1715,1,2,3,1.0,3.0,34172,M,4360383.0,385927.0,34
201100028887,11,9,29,1135,1,2,1,1.0,1.0,34172,M,4359025.0,386802.0,34
201100028888,11,9,29,1435,1,2,1,1.0,3.0,34172,M,4361405.0,388682.0,34
201100028889,11,9,30,850,1,2,1,1.0,4.0,34172,M,4362042.0,388905.0,34
201100028890,11,9,30,1210,1,2,1,1.0,6.0,34172,M,4360734.0,387464.0,34
201100028891,11,9,30,1715,1,2,3,1.0,7.0,34172,M,4360283.0,388043.0,34
201100028892,11,10,2,310,5,2,3,1.0,1.0,34172,M,4359327.0,385197.0,34
201100028893,11,10,1,1130,1,2,3,1.0,7.0,34172,M,4360867.0,387303.0,34
201100028894,11,10,3,1225,1,2,1,1.0,6.0,34129,M,4333821.0,355240.0,34
201100028895,11,10,3,1600,1,2,1,1.0,7.0,34172,M,4359693.0,386925.0,34
201100028896,11,10,4,1045,1,2,1,1.0,6.0,34172,M,4360656.0,386492.0,34
201100028897,11,10,4,1750,2,2,9,1.0,2.0,34129,M,4334665.0,354918.0,34
201100028898,11,10,5,1215,1,2,6,1.0,3.0,34172,M,4360557.0,389823.0,34
201100028899,11,10,6,1125,1,2,3,1.0,5.0,34172,M,4363605.0,384798.0,34
201100028900,11,10,6,1530,1,2,2,1.0,3.0,34172,M,4361635.0,387945.0,34
201100028901,11,10,6,2139,5,2,2,1.0,3.0,34172,M,4360835.0,390665.0,34
201100028902,11,10,7,2245,5,2,2,1.0,2.0,34172,M,4358495.0,386032.0,34
201100028903,11,10,6,1210,1,2,1,1.0,6.0,34172,M,4360736.0,387036.0,34
201100028904,11,10,9,1730,1,2,3,1.0,3.0,34172,M,4360033.0,386772.0,34
201100028905,11,10,10,1115,1,2,3,1.0,3.0,34172,M,4361932.0,386113.0,34
201100028906,11,10,11,915,1,2,1,1.0,2.0,34172,M,4362324.0,386284.0,34
201100028907,11,10,11,1215,1,2,2,1.0,3.0,34172,M,4360695.0,389238.0,34
201100028908,11,10,11,1745,1,2,3,1.0,7.0,34172,M,4360495.0,387407.0,34
201100028909,11,10,13,850,1,2,1,1.0,7.0,34172,M,4361027.0,383128.0,34
201100028910,11,10,13,1045,1,2,1,1.0,3.0,34172,M,4360331.0,389568.0,34
201100028911,11,10,13,1435,1,2,1,1.0,6.0,34172,M,4360733.0,386947.0,34
201100028912,11,10,13,1900,5,2,1,1.0,3.0,34129,M,4335341.0,353439.0,34
201100028913,11,10,13,715,2,2,6,1.0,3.0,34172,M,4362556.0,383668.0,34
201100028914,11,10,13,845,1,2,1,1.0,7.0,34172,M,4358998.0,386882.0,34
201100028915,11,10,14,1640,1,2,1,1.0,3.0,34172,M,4359365.0,388925.0,34
201100028916,11,10,14,1825,1,2,1,1.0,2.0,34172,M,4358293.0,386950.0,34
201100028917,11,10,14,1949,5,2,1,1.0,3.0,34172,M,4360873.0,385315.0,34
201100028918,11,10,15,1200,1,2,1,1.0,6.0,34172,M,4361087.0,387567.0,34
201100028919,11,10,15,1335,1,2,2,1.0,3.0,34172,M,4361107.0,387330.0,34
201100028920,11,10,15,1345,1,1,1,1.0,2.0,34172,M,4360704.0,391931.0,34
201100028921,11,10,16,600,5,2,1,1.0,7.0,34172,M,4359067.0,389057.0,34
201100028922,11,10,16,1015,1,2,1,1.0,6.0,34172,M,4362122.0,381552.0,34
201100028923,11,10,17,755,1,2,3,1.0,3.0,34172,M,4357520.0,385622.0,34
201100028924,11,10,17,852,1,2,1,1.0,3.0,34172,M,4360192.0,390028.0,34
201100028925,11,10,18,1010,1,2,3,1.0,2.0,34172,M,4364537.0,385280.0,34
201100028926,11,10,19,1530,1,2,1,1.0,3.0,34172,M,4359800.0,386335.0,34
201100028927,11,10,19,720,2,2,1,8.0,3.0,34172,M,4361453.0,382825.0,34
201100028928,11,10,20,725,2,2,3,1.0,7.0,34172,M,4361863.0,384608.0,34
201100028929,11,10,20,1510,1,2,1,1.0,7.0,34129,M,4332918.0,351513.0,34
201100028930,11,10,20,1720,1,2,1,1.0,6.0,34172,M,4362215.0,388253.0,34
201100028931,11,10,30,1745,5,2,2,1.0,1.0,34172,M,4359734.0,386414.0,34
201100028932,11,10,21,1045,1,2,1,1.0,3.0,34172,M,4359692.0,387795.0,34
201100028933,11,10,21,1310,1,2,6,1.0,3.0,34172,M,4358960.0,385663.0,34
201100028934,11,10,21,1400,1,2,1,1.0,3.0,34172,M,4359398.0,386679.0,34
201100028935,11,10,21,2150,3,1,1,1.0,7.0,34270,M,4359302.0,382420.0,34
201100028936,11,10,22,1055,1,2,1,8.0,6.0,34172,M,4359120.0,385450.0,34
201100028937,11,10,22,1555,1,2,3,1.0,3.0,34172,M,4360720.0,383827.0,34
201100028938,11,10,24,950,1,2,1,2.0,5.0,34172,M,4361033.0,389877.0,34
201100028939,11,10,24,1530,1,2,3,8.0,7.0,34172,M,4361040.0,387658.0,34
201100028940,11,10,20,1550,1,2,1,1.0,3.0,34172,M,4363304.0,388980.0,34
201100028941,11,10,24,1355,1,2,1,8.0,7.0,34172,M,4361793.0,387195.0,34
201100028942,11,10,26,1100,1,2,1,1.0,7.0,34172,M,4360137.0,385207.0,34
201100028943,11,10,26,1925,5,2,1,1.0,6.0,34172,M,4362926.0,381872.0,34
201100028944,11,10,27,1720,1,2,1,2.0,3.0,34172,M,4362143.0,384808.0,34
201100028945,11,10,30,400,5,2,1,1.0,2.0,34172,M,4360535.0,387708.0,34
201100028946,11,10,29,1920,5,2,6,1.0,2.0,34172,M,4359065.0,385652.0,34
201100028947,11,11,1,1515,1,2,1,3.0,7.0,34172,M,4336211.0,354472.0,34
201100028948,11,11,3,805,1,2,1,2.0,3.0,34172,M,4337774.0,350639.0,34
201100028949,11,11,3,1210,1,2,1,8.0,2.0,34172,M,4336143.0,352218.0,34
201100028950,11,11,3,1345,1,1,1,2.0,3.0,34172,M,,,34
201100028951,11,11,4,1840,5,2,4,3.0,3.0,34172,M,4336882.0,353007.0,34
201100028952,11,11,5,1300,1,2,1,3.0,7.0,34172,M,4337017.0,349196.0,34
201100028953,11,11,7,1300,1,1,1,8.0,4.0,34172,M,4335400.0,352200.0,34
201100028954,11,11,7,1740,5,2,1,1.0,3.0,34172,M,4359530.0,386198.0,34
201100028955,11,11,8,715,1,2,1,3.0,2.0,34172,M,4360709.0,386936.0,34
201100028956,11,11,10,1900,5,2,1,8.0,3.0,34172,M,4362483.0,382706.0,34
201100028957,11,11,12,1905,5,2,1,1.0,5.0,34172,M,4360597.0,386463.0,34
201100028958,11,11,13,245,5,2,3,1.0,3.0,34172,M,4359535.0,386198.0,34
201100028959,11,11,14,2155,5,2,1,2.0,3.0,34172,M,4359688.0,388696.0,34
201100028960,11,11,15,855,1,2,1,1.0,6.0,34172,M,4362348.0,387206.0,34
201100028961,11,11,16,730,1,2,2,1.0,5.0,34172,M,4361077.0,386676.0,34
201100028962,11,11,16,1300,1,2,2,1.0,3.0,34172,M,4361077.0,386662.0,34
201100028963,11,11,17,850,1,2,1,1.0,6.0,34172,M,4359381.0,386543.0,34
201100028964,11,11,17,1555,1,2,1,1.0,3.0,34172,M,4360107.0,386993.0,34
201100028965,11,11,17,1825,3,1,1,1.0,7.0,34172,M,4361231.0,393511.0,34
201100028966,11,11,18,1405,1,2,1,1.0,2.0,34172,M,4358574.0,387665.0,34
201100028967,11,11,18,1745,5,2,1,1.0,3.0,34172,M,4361594.0,386280.0,34
201100028968,11,11,19,1135,1,2,1,8.0,7.0,34172,M,4360237.0,391504.0,34
201100028969,11,11,21,1305,1,2,9,8.0,3.0,34172,M,4361700.0,385457.0,34
201100028970,11,11,21,1910,4,2,2,1.0,3.0,34172,M,4362367.0,386229.0,34
201100028971,11,11,23,720,2,2,9,1.0,6.0,34172,M,4363261.0,382257.0,34
201100028972,11,11,23,900,1,1,3,1.0,6.0,34172,M,,,34
201100028973,11,11,23,1345,1,2,2,1.0,3.0,34172,M,4362709.0,382167.0,34
201100028974,11,11,24,50,3,1,1,1.0,7.0,34198,M,4357525.0,395045.0,34
201100028975,11,11,24,810,1,2,1,1.0,7.0,34172,M,,,34
201100028976,11,11,24,2220,5,2,2,1.0,1.0,34172,M,4361151.0,382878.0,34
201100028977,11,11,24,805,1,2,1,1.0,2.0,34129,M,4357327.0,387757.0,34
201100028978,11,11,23,1445,1,2,1,1.0,7.0,34172,M,4359744.0,390396.0,34
201100028979,11,11,23,1745,5,2,3,1.0,3.0,34172,M,4361669.0,386040.0,34
201100028980,11,11,25,1340,1,2,1,1.0,6.0,34172,M,4363132.0,386105.0,34
201100028981,11,11,25,2320,5,2,1,1.0,6.0,34129,M,4358505.0,393029.0,34
201100028982,11,11,26,230,3,1,1,1.0,7.0,34198,M,4357564.0,395018.0,34
201100028983,11,11,26,510,5,2,1,1.0,7.0,34198,M,4357308.0,393732.0,34
201100028984,11,11,26,1510,1,2,2,1.0,3.0,34172,M,4360875.0,384138.0,34
201100028985,11,11,28,1710,5,2,2,1.0,3.0,34172,M,4359740.0,386418.0,34
201100028986,11,11,28,1800,5,2,3,1.0,7.0,34172,M,4360069.0,385057.0,34
201100028987,11,11,29,910,1,2,1,2.0,6.0,34172,M,4360838.0,386178.0,34
201100028988,11,11,28,2000,5,2,1,1.0,3.0,34172,M,4363400.0,386003.0,34
201100028989,11,11,29,1645,5,2,1,2.0,7.0,34172,M,4361192.0,386478.0,34
201100028990,11,11,29,1730,5,2,1,2.0,5.0,34172,M,4362690.0,386930.0,34
201100028991,11,11,30,1440,1,2,1,1.0,6.0,34172,M,4361159.0,386413.0,34
201100028992,11,11,30,1155,1,2,1,1.0,7.0,34172,M,4300000.0,388731.0,34
201100028993,11,11,30,1205,1,2,1,1.0,7.0,34172,M,,,34
201100028994,11,12,1,945,1,2,1,8.0,3.0,34129,M,4358368.0,392610.0,34
201100028995,11,12,1,1730,5,2,1,1.0,4.0,34172,M,4361442.0,389805.0,34
201100028996,11,12,1,1920,5,2,1,1.0,3.0,34172,M,4359935.0,389058.0,34
201100028997,11,12,1,2035,5,2,6,1.0,7.0,34172,M,4362043.0,381802.0,34
201100028998,11,12,2,155,5,2,2,1.0,2.0,34129,M,4358284.0,392480.0,34
201100028999,11,12,2,1230,1,2,1,1.0,5.0,34129,M,4358795.0,393107.0,34
201100029000,11,12,2,1530,1,2,1,1.0,6.0,34172,M,4361642.0,387439.0,34
201100029001,11,12,2,1840,3,2,1,1.0,6.0,34172,M,4359477.0,382018.0,34
201100029002,11,12,3,145,5,2,1,1.0,6.0,34172,M,4361441.0,385146.0,34
201100029003,11,12,4,1650,1,2,1,1.0,2.0,34172,M,4359742.0,388712.0,34
201100029004,11,12,5,2050,5,2,1,1.0,4.0,34172,M,4359522.0,386210.0,34
201100029005,11,12,6,850,1,2,1,1.0,7.0,34172,M,4360987.0,386454.0,34
201100029006,11,12,6,1625,1,1,1,1.0,3.0,34172,M,,,34
201100029007,11,12,8,850,1,2,1,1.0,6.0,34172,M,,,34
201100029008,11,12,8,2105,5,2,1,1.0,2.0,34172,M,4358918.0,388483.0,34
201100029009,11,12,9,1500,1,2,1,1.0,6.0,34172,M,4361589.0,382056.0,34
201100029010,11,12,9,1640,1,2,2,1.0,3.0,34172,M,4360659.0,391315.0,34
201100029011,11,12,9,1917,5,2,2,1.0,6.0,34172,M,4361469.0,389212.0,34
201100029012,11,12,10,700,5,2,1,1.0,7.0,34172,M,4361840.0,389587.0,34
201100029013,11,12,10,1645,1,1,1,1.0,7.0,34129,M,4356402.0,391981.0,34
201100029014,11,12,11,125,5,2,1,1.0,7.0,34172,M,4360266.0,391428.0,34
201100029015,11,12,11,1455,1,2,2,1.0,7.0,34172,M,4360378.0,389313.0,34
201100029016,11,12,12,735,2,2,3,1.0,3.0,34172,M,4360095.0,384935.0,34
201100029017,11,12,12,2245,5,2,1,1.0,7.0,34172,M,4358993.0,385572.0,34
201100029018,11,12,13,1100,1,2,1,1.0,7.0,34172,M,4363100.0,382060.0,34
201100029019,11,12,13,1730,5,2,1,1.0,6.0,34129,M,4356830.0,390371.0,34
201100029020,11,11,7,1745,1,2,3,1.0,3.0,34172,M,,,34
201100029021,11,12,14,2305,5,1,6,1.0,3.0,34172,M,4357676.0,387337.0,34
201100029022,11,12,15,1705,2,2,1,1.0,3.0,34172,M,4361077.0,389866.0,34
201100029023,11,12,16,950,1,2,3,1.0,3.0,34172,M,4358454.0,388407.0,34
201100029024,11,12,16,1500,1,2,1,8.0,7.0,34172,M,4360760.0,389388.0,34
201100029025,11,12,16,1900,3,1,1,1.0,2.0,34198,M,4360357.0,393713.0,34
201100029026,11,12,19,1533,1,2,1,1.0,7.0,34172,M,4359191.0,388630.0,34
201100029027,11,12,19,2240,5,2,3,1.0,3.0,34172,M,4359481.0,389064.0,34
201100029028,11,12,20,1845,5,2,1,1.0,6.0,34172,M,4361331.0,384144.0,34
201100029029,11,12,22,1325,1,2,1,1.0,2.0,34172,M,4364737.0,384326.0,34
201100029030,11,12,22,1545,1,1,1,1.0,7.0,34129,M,4358271.0,390883.0,34
201100029031,11,12,22,1920,5,2,1,1.0,3.0,34172,M,4359642.0,388739.0,34
201100029032,11,12,25,725,3,1,1,1.0,1.0,34129,M,4359020.0,391230.0,34
201100029033,11,12,26,1225,1,2,1,1.0,3.0,34172,M,4362557.0,383669.0,34
201100029034,11,12,26,2025,5,2,3,1.0,6.0,34172,M,4360469.0,387954.0,34
201100029035,11,12,27,1155,1,2,1,1.0,2.0,34172,M,4359880.0,386575.0,34
201100029036,11,12,27,1715,3,2,1,1.0,6.0,34129,M,4358432.0,392689.0,34
201100029037,11,12,28,5,5,2,2,1.0,3.0,34172,M,4360089.0,386833.0,34
201100029038,11,12,28,1340,1,2,1,1.0,3.0,34172,M,4360854.0,391388.0,34
201100029039,11,12,29,440,5,2,1,1.0,6.0,34129,M,4356716.0,390459.0,34
201100029040,11,12,30,1710,5,2,1,1.0,3.0,34172,M,4362611.0,389502.0,34
201100029041,11,12,30,1905,5,2,1,1.0,3.0,34172,M,4359743.0,386413.0,34
201100029042,11,12,29,1712,1,2,1,1.0,7.0,34172,M,4363150.0,385350.0,34
201100029043,11,12,31,1150,1,2,1,2.0,7.0,34172,M,4362243.0,381556.0,34
201100029044,11,12,31,1830,5,2,1,1.0,4.0,34172,M,4360882.0,386036.0,34
201100029045,11,1,11,1715,1,2,1,1.0,2.0,34108,M,4345454.0,376075.0,34
201100029046,11,1,24,1830,3,1,1,1.0,6.0,34301,M,4341619.0,370576.0,34
201100029047,11,1,31,745,1,2,1,1.0,3.0,34301,M,4340951.0,370063.0,34
201100029048,11,2,21,1100,1,2,6,1.0,3.0,34108,M,4345789.0,376305.0,34
201100029049,11,2,25,2015,5,2,2,1.0,3.0,34301,M,4339581.0,365910.0,34
201100029050,11,3,3,1400,1,2,2,1.0,3.0,34301,M,4340963.0,367264.0,34
201100029051,11,3,9,1445,1,2,1,1.0,6.0,34108,M,4344898.0,375118.0,34
201100029052,11,3,9,2100,5,2,1,1.0,3.0,34301,M,4340925.0,367288.0,34
201100029053,11,3,23,2115,5,2,1,1.0,3.0,34301,M,4341108.0,367910.0,34
201100029054,11,3,30,1835,1,1,6,1.0,3.0,34108,M,4343775.0,376047.0,34
201100029055,11,4,11,815,1,1,3,1.0,3.0,34108,M,,,34
201100029056,11,4,17,1500,1,2,1,1.0,6.0,34301,M,4341100.0,367891.0,34
201100029057,11,4,28,1205,1,2,1,1.0,6.0,34301,M,4340563.0,369754.0,34
201100029058,11,5,29,530,5,2,2,1.0,3.0,34301,M,,,34
201100029059,11,5,29,925,1,1,1,1.0,1.0,34108,M,,,34
201100029060,11,6,3,1042,1,2,2,1.0,3.0,34301,M,,,34
201100029061,11,6,4,415,3,1,1,1.0,1.0,34108,M,,,34
201100029062,11,6,6,1400,1,2,1,1.0,6.0,34108,M,,,34
201100029063,11,6,8,1940,1,2,1,1.0,2.0,34108,M,4345243.0,375170.0,34
201100029064,11,6,19,900,1,1,1,1.0,7.0,34108,M,,,34
201100029065,11,7,6,1430,1,1,1,1.0,2.0,34108,M,4343514.0,377466.0,34
201100029066,11,7,16,2345,5,2,3,1.0,3.0,34108,M,4342468.0,372455.0,34
201100029067,11,7,26,945,1,2,1,1.0,6.0,34108,M,4342469.0,372452.0,34
201100029068,11,8,1,1610,1,1,1,1.0,3.0,34301,M,,,34
201100029069,11,8,4,1925,1,2,2,1.0,3.0,34301,M,4339784.0,366178.0,34
201100029070,11,8,11,2000,1,2,1,1.0,2.0,34301,M,4341244.0,368646.0,34
201100029071,11,8,21,1520,1,1,1,1.0,1.0,34108,M,,,34
201100029072,11,8,26,1000,1,1,1,1.0,1.0,34301,M,,,34
201100029073,11,8,31,1710,1,1,1,1.0,3.0,34108,M,,,34
201100029074,11,9,7,1645,1,2,1,1.0,3.0,34301,M,4340895.0,369798.0,34
201100029075,11,9,12,1500,1,2,1,1.0,6.0,34108,M,4341685.0,372424.0,34
201100029076,11,9,14,1550,1,2,1,1.0,3.0,34301,M,4341056.0,369521.0,34
201100029077,11,9,16,2150,5,2,1,1.0,1.0,34108,M,,,34