Num_Acc,an,mois,jour,hrmn,lum,agg,int,atm,col,com,gps,lat,long,dep
201100029078,11,9,17,2000,5,2,1,1.0,3.0,34301,M,,,34
201100029079,11,9,18,235,5,2,1,1.0,7.0,34301,M,,,34
201100029080,11,9,23,1720,1,2,1,1.0,1.0,34301,M,,,34
201100029081,11,9,25,1200,1,2,1,1.0,2.0,34108,M,,,34
201100029082,11,9,25,1650,1,1,1,1.0,3.0,34108,M,,,34
201100029083,11,10,3,1455,1,2,6,1.0,3.0,34108,M,,,34
201100029084,11,10,27,1125,1,2,1,1.0,3.0,34301,M,,,34
201100029085,11,10,27,1410,1,1,1,2.0,1.0,34108,M,,,34
201100029086,11,10,28,2220,5,2,1,1.0,1.0,34301,M,,,34
201100029087,11,11,1,700,2,2,1,8.0,1.0,34301,M,,,34
201100029088,11,11,1,1135,1,1,1,8.0,1.0,34108,M,,,34
201100029089,11,11,8,1440,1,1,1,1.0,1.0,34301,M,,,34
201100029090,11,11,25,730,5,1,1,1.0,3.0,34301,M,,,34
201100029091,11,11,25,105,5,2,1,1.0,7.0,34108,M,,,34
201100029092,11,11,30,2115,5,2,2,1.0,3.0,34301,M,,,34
201100029093,11,1,4,1855,5,1,6,1.0,3.0,35150,M,,,35
201100029094,11,1,27,1110,1,2,1,1.0,6.0,35115,M,,,35
201100029095,11,1,31,1915,5,2,1,1.0,6.0,35115,M,4834886.0,-119426.0,35
201100029096,11,2,15,1810,4,2,2,1.0,3.0,35115,M,4835035.0,-118932.0,35
201100029097,11,3,9,1335,1,2,1,1.0,1.0,35115,M,,,35
201100029098,11,3,14,1400,1,2,1,1.0,6.0,35115,M,,,35
201100029099,11,3,13,1145,1,2,6,3.0,3.0,35115,M,4836592.0,-118565.0,35
201100029100,11,4,30,1115,1,2,1,1.0,6.0,35115,M,,,35
201100029101,11,5,4,1750,1,2,1,1.0,4.0,35115,M,4834557.0,-119580.0,35
201100029102,11,5,13,1520,1,2,1,1.0,2.0,35150,M,,,35
201100029103,11,5,17,1720,1,2,1,1.0,3.0,35115,M,,,35
201100029104,11,5,18,2110,1,2,1,1.0,2.0,35115,M,4835034.0,-119712.0,35
201100029105,11,6,1,740,1,1,2,7.0,7.0,35150,M,,,35
201100029106,11,6,3,1800,1,2,1,1.0,3.0,35115,M,,,35
201100029107,11,6,19,250,5,2,6,1.0,6.0,35115,M,,,35
201100029108,11,7,4,1040,1,1,6,1.0,4.0,35150,M,,,35
201100029109,11,7,13,1515,1,2,1,1.0,6.0,35115,M,,,35
201100029110,11,8,5,2120,2,2,2,1.0,3.0,35115,M,,,35
201100029111,11,8,27,1825,1,2,1,1.0,2.0,35115,M,,,35
201100029112,11,8,31,830,1,2,1,1.0,2.0,35115,M,,,35
201100029113,11,9,13,1010,1,2,7,8.0,6.0,35115,M,4835346.0,-119865.0,35
201100029114,11,9,22,1350,1,2,3,8.0,6.0,35115,M,,,35
201100029115,11,10,24,1820,1,2,2,1.0,3.0,35115,M,,,35
201100029116,11,11,7,1830,5,2,1,8.0,6.0,35115,M,,,35
201100029117,11,12,2,1900,5,2,1,1.0,6.0,35115,M,,,35
201100029118,11,12,20,840,1,2,1,2.0,3.0,35115,M,,,35
201100029119,11,12,30,1330,1,1,1,1.0,2.0,35115,M,,,35
201100029120,11,1,1,1725,1,2,1,1.0,3.0,35238,M,4810260.0,-167656.0,35
201100029121,11,1,2,1830,3,2,1,1.0,3.0,35281,M,,,35
201100029122,11,1,5,120,5,2,1,1.0,6.0,35238,M,4811240.0,-168670.0,35
201100029123,11,1,1,120,5,2,1,1.0,6.0,35238,M,,,35
201100029124,11,1,5,2050,5,2,2,2.0,6.0,35238,M,4811410.0,-164811.0,35
201100029125,11,1,6,820,5,2,2,3.0,6.0,35238,M,4809450.0,-168562.0,35
201100029126,11,1,6,745,3,1,1,3.0,2.0,35278,M,,,35
201100029127,11,1,6,1330,1,1,1,2.0,6.0,35055,M,,,35
201100029128,11,1,6,1900,5,2,3,2.0,3.0,35238,M,4811630.0,-171189.0,35
201100029129,11,1,6,2250,5,2,2,1.0,3.0,35238,M,4811820.0,-167638.0,35
201100029130,11,1,7,805,3,1,1,1.0,4.0,35278,M,,,35
201100029131,11,1,10,1805,5,2,3,1.0,6.0,35238,M,4808650.0,-166777.0,35
201100029132,11,1,11,515,3,2,9,2.0,2.0,35281,M,,,35
201100029133,11,1,11,1520,1,2,5,1.0,3.0,35238,M,4811460.0,-165706.0,35
201100029134,11,1,12,1015,1,2,6,8.0,3.0,35055,M,,,35
201100029135,11,1,12,1800,3,2,1,2.0,4.0,35238,M,4811150.0,-171848.0,35
201100029136,11,1,13,1050,1,2,3,1.0,6.0,35238,M,4811150.0,-168445.0,35
201100029137,11,1,14,815,1,2,9,1.0,2.0,35281,M,,,35
201100029138,11,1,14,1410,1,2,2,1.0,6.0,35238,M,4812350.0,-168460.0,35
201100029139,11,1,14,1445,1,2,2,2.0,3.0,35238,M,4812260.0,-168542.0,35
201100029140,11,1,14,1738,1,2,1,1.0,4.0,35281,M,,,35
201100029141,11,1,17,825,5,2,2,2.0,6.0,35281,M,,,35
201100029142,11,1,17,1620,1,2,2,1.0,6.0,35238,M,4810640.0,-167777.0,35
201100029143,11,1,17,1835,5,2,1,1.0,3.0,35238,M,4810060.0,-164978.0,35
201100029144,11,1,18,1659,1,2,2,1.0,6.0,35238,M,4812610.0,-169295.0,35
201100029145,11,1,19,1810,3,2,5,1.0,4.0,35238,M,4808400.0,-169874.0,35
201100029146,11,1,21,312,5,2,1,1.0,3.0,35238,M,4811430.0,-165847.0,35
201100029147,11,1,22,1145,1,2,3,1.0,6.0,35238,M,4811590.0,-165812.0,35
201100029148,11,1,22,1625,1,2,5,1.0,6.0,35238,M,4811640.0,-167416.0,35
201100029149,11,1,22,1850,5,2,1,2.0,7.0,35281,M,,,35
201100029150,11,1,25,820,3,2,1,9.0,4.0,35281,M,,,35
201100029151,11,1,25,1205,1,2,3,1.0,2.0,35238,M,4811060.0,-167169.0,35
201100029152,11,1,25,1400,1,2,1,1.0,2.0,35238,M,4810220.0,-166051.0,35
201100029153,11,1,26,1215,1,2,1,1.0,6.0,35238,M,4808630.0,-166833.0,35
201100029154,11,1,27,1650,1,2,2,1.0,3.0,35238,M,4808760.0,-165384.0,35
201100029155,11,1,27,1730,1,2,3,1.0,6.0,35281,M,,,35
201100029156,11,1,27,1830,1,2,1,1.0,6.0,35238,M,4809250.0,-162968.0,35
201100029157,11,1,29,1300,1,2,6,1.0,3.0,35238,M,4809140.0,-165842.0,35
201100029158,11,1,31,1030,1,2,3,1.0,6.0,35238,M,4812360.0,-170911.0,35
201100029159,11,2,3,1445,1,1,3,1.0,2.0,35281,M,,,35
201100029160,11,2,3,1757,1,2,3,1.0,6.0,35281,M,,,35
201100029161,11,2,5,205,5,2,1,1.0,6.0,35238,M,4811140.0,-168991.0,35
201100029162,11,2,5,1940,1,2,2,1.0,3.0,35238,M,4810980.0,-166565.0,35
201100029163,11,2,6,610,5,2,9,1.0,6.0,35278,M,,,35
201100029164,11,2,7,735,5,2,1,1.0,6.0,35238,M,4813510.0,-167290.0,35
201100029165,11,2,8,741,5,2,2,2.0,3.0,35238,M,4808760.0,-165384.0,35
201100029166,11,2,8,1555,1,2,1,1.0,6.0,35238,M,,,35
201100029167,11,2,9,1237,1,2,1,1.0,6.0,35238,M,4809760.0,-171321.0,35
201100029168,11,2,9,1410,1,2,2,1.0,6.0,35238,M,4812030.0,-170841.0,35
201100029169,11,2,10,1410,1,2,1,1.0,7.0,35238,M,,,35
201100029170,11,2,9,1810,1,2,2,1.0,3.0,35238,M,4808930.0,-168227.0,35
201100029171,11,2,10,1225,1,2,2,1.0,7.0,35238,M,4810350.0,-169401.0,35
201100029172,11,2,12,2010,5,2,2,1.0,2.0,35238,M,4808750.0,-164662.0,35
201100029173,11,2,13,430,5,2,5,1.0,7.0,35238,M,4812240.0,-166945.0,35
201100029174,11,2,14,800,1,2,1,1.0,3.0,35281,M,,,35
201100029175,11,2,14,820,1,2,2,1.0,3.0,35281,M,,,35
201100029176,11,2,13,339,5,2,1,1.0,7.0,35281,M,,,35
201100029177,11,2,15,1905,5,2,6,1.0,6.0,35238,M,4808680.0,-168235.0,35
201100029178,11,2,16,1805,1,2,2,1.0,3.0,35238,M,4809820.0,-168830.0,35
201100029179,11,2,16,1945,5,2,1,2.0,6.0,35281,M,,,35
201100029180,11,2,17,1205,1,2,1,1.0,1.0,35055,M,,,35
201100029181,11,2,18,2020,5,2,6,1.0,3.0,35238,M,4808760.0,-165090.0,35
201100029182,11,2,19,1810,1,2,1,1.0,3.0,35238,M,4810780.0,-168451.0,35
201100029183,11,2,19,2010,5,2,2,1.0,2.0,35238,M,4809380.0,-167446.0,35
201100029184,11,2,19,1604,1,2,1,1.0,7.0,35238,M,4813700.0,-167011.0,35
201100029185,11,2,20,1,5,2,1,1.0,6.0,35238,M,4810770.0,-168121.0,35
201100029186,11,2,22,1800,1,2,4,2.0,3.0,35238,M,4812010.0,-163143.0,35
201100029187,11,2,23,33,5,2,1,2.0,7.0,35278,M,,,35
201100029188,11,2,23,1905,5,2,2,2.0,6.0,35238,M,4808650.0,-166777.0,35
201100029189,11,2,23,1930,5,2,1,2.0,6.0,35281,M,,,35
201100029190,11,2,24,815,1,2,1,8.0,3.0,35238,M,4811930.0,-164884.0,35
201100029191,11,2,25,825,2,2,2,2.0,3.0,35238,M,4809740.0,-167515.0,35
201100029192,11,2,25,1840,5,2,3,1.0,3.0,35238,M,4811770.0,-163447.0,35
201100029193,11,2,26,1253,1,2,9,1.0,6.0,35055,M,,,35
201100029194,11,2,28,915,1,2,2,1.0,3.0,35238,M,4811150.0,-169057.0,35
201100029195,11,2,28,1500,1,2,1,1.0,6.0,35238,M,4809140.0,-164018.0,35
201100029196,11,3,1,1250,1,2,9,1.0,6.0,35278,M,,,35
201100029197,11,3,7,820,1,2,2,1.0,3.0,35238,M,4809360.0,-167109.0,35
201100029198,11,3,8,1140,1,2,1,1.0,4.0,35238,M,4809740.0,-165432.0,35
201100029199,11,3,8,1430,1,2,1,1.0,6.0,35238,M,4811980.0,-166619.0,35
201100029200,11,3,8,1745,1,2,3,1.0,5.0,35238,M,4812130.0,-167118.0,35
201100029201,11,3,10,1030,1,2,6,1.0,3.0,35238,M,4808750.0,-164492.0,35
201100029202,11,3,11,1853,5,2,1,1.0,3.0,35238,M,4810550.0,-173428.0,35
201100029203,11,3,12,700,1,2,6,1.0,6.0,35238,M,4812770.0,-165209.0,35
201100029204,11,3,14,1820,1,2,1,8.0,6.0,35238,M,,,35
201100029205,11,3,14,1850,2,2,2,1.0,3.0,35238,M,4809980.0,-168230.0,35
201100029206,11,3,16,1635,2,2,1,1.0,6.0,35055,M,,,35
201100029207,11,3,17,1605,1,2,6,1.0,3.0,35238,M,4808760.0,-165090.0,35
201100029208,11,3,17,2040,5,2,1,1.0,6.0,35238,M,4809520.0,-162930.0,35
201100029209,11,3,18,1755,1,2,4,2.0,3.0,35238,M,4809770.0,-168857.0,35
201100029210,11,3,18,1743,1,2,1,1.0,4.0,35238,M,,,35
201100029211,11,3,18,1830,1,2,1,2.0,6.0,35238,M,4810150.0,-165482.0,35
201100029212,11,3,21,1225,1,2,1,1.0,7.0,35278,M,,,35
201100029213,11,3,22,1200,1,2,1,1.0,4.0,35238,M,4812290.0,-168431.0,35
201100029214,11,3,22,1435,1,2,5,1.0,4.0,35238,M,4808030.0,-167918.0,35
201100029215,11,3,22,1510,1,2,1,1.0,6.0,35238,M,4810900.0,-170981.0,35
201100029216,11,3,24,1340,1,2,3,1.0,6.0,35238,M,4810830.0,-171278.0,35
201100029217,11,3,24,1930,1,2,1,1.0,7.0,35281,M,,,35
201100029218,11,3,25,1920,5,2,1,1.0,3.0,35238,M,4810120.0,-167265.0,35
201100029219,11,3,29,1220,1,2,2,1.0,3.0,35238,M,4811010.0,-168460.0,35
201100029220,11,3,30,1335,1,2,6,8.0,5.0,35238,M,4809650.0,-163689.0,35
201100029221,11,3,30,1600,1,2,1,8.0,7.0,35055,M,,,35
201100029222,11,3,30,1825,1,2,1,2.0,6.0,35238,M,4810830.0,-168564.0,35
201100029223,11,3,31,1425,1,2,9,8.0,7.0,35281,M,,,35
201100029224,11,4,1,1640,1,2,2,1.0,3.0,35238,M,4808970.0,-168563.0,35
201100029225,11,4,2,330,5,2,2,1.0,6.0,35238,M,4809940.0,-167574.0,35
201100029226,11,4,2,930,1,2,9,1.0,2.0,35238,M,,,35
201100029227,11,4,2,2110,3,2,9,1.0,7.0,35278,M,,,35
201100029228,11,4,4,1625,1,2,1,1.0,6.0,35238,M,4813040.0,-165594.0,35
201100029229,11,4,4,1915,1,2,9,1.0,3.0,35278,M,,,35
201100029230,11,4,5,1710,1,2,1,1.0,6.0,35238,M,4809020.0,-165235.0,35
201100029231,11,4,6,40,3,1,9,1.0,7.0,35278,M,,,35
201100029232,11,4,6,915,1,2,3,1.0,3.0,35238,M,4810380.0,-167711.0,35
201100029233,11,4,6,1630,1,2,1,1.0,4.0,35238,M,,,35
201100029234,11,4,8,900,1,1,3,1.0,3.0,35278,M,,,35
201100029235,11,4,8,1950,1,2,2,1.0,3.0,35238,M,4810940.0,-168018.0,35
201100029236,11,4,9,850,1,2,3,1.0,3.0,35238,M,4811020.0,-167641.0,35
201100029237,11,4,9,1510,1,2,1,1.0,6.0,35238,M,4811250.0,-167342.0,35
201100029238,11,4,9,1555,1,2,1,1.0,6.0,35281,M,,,35
201100029239,11,4,9,1955,1,2,3,1.0,3.0,35238,M,4811630.0,-170801.0,35
201100029240,11,4,10,1720,2,2,1,1.0,7.0,35281,M,,,35
201100029241,11,4,10,1825,1,2,6,1.0,3.0,35238,M,4810400.0,-165003.0,35
201100029242,11,4,10,1915,1,2,1,1.0,7.0,35238,M,4812350.0,-171850.0,35
201100029243,11,4,10,1455,1,2,3,1.0,6.0,35238,M,4810450.0,-168450.0,35
201100029244,11,4,9,1455,1,2,1,1.0,6.0,35238,M,,,35
201100029245,11,4,12,830,1,1,1,1.0,6.0,35278,M,,,35
201100029246,11,4,12,1820,1,2,1,1.0,6.0,35238,M,4808510.0,-169331.0,35
201100029247,11,4,12,1900,1,2,1,1.0,3.0,35238,M,4812140.0,-171279.0,35
201100029248,11,4,14,430,5,2,1,1.0,7.0,35238,M,4809970.0,-168602.0,35
201100029249,11,4,14,1200,1,2,3,1.0,6.0,35238,M,4809570.0,-165122.0,35
201100029250,11,4,14,1910,1,2,1,1.0,5.0,35278,M,,,35
201100029251,11,4,15,105,5,2,1,1.0,6.0,35238,M,4811100.0,-170066.0,35
201100029252,11,4,18,1755,1,2,1,1.0,3.0,35238,M,4811320.0,-164630.0,35
201100029253,11,4,19,620,5,2,3,1.0,3.0,35238,M,4808470.0,-166092.0,35
201100029254,11,4,19,845,1,2,1,1.0,2.0,35238,M,4814220.0,-165794.0,35
201100029255,11,4,19,900,1,2,1,1.0,6.0,35238,M,,,35
201100029256,11,4,19,1320,1,2,1,1.0,6.0,35238,M,4811020.0,-167958.0,35
201100029257,11,4,21,1120,1,2,2,1.0,2.0,35238,M,4812140.0,-170861.0,35
201100029258,11,4,21,440,5,2,6,1.0,6.0,35238,M,4811580.0,-170504.0,35
201100029259,11,4,21,1800,1,2,1,1.0,6.0,35281,M,,,35
201100029260,11,4,22,1125,1,2,2,1.0,3.0,35238,M,4809420.0,-168181.0,35
201100029261,11,4,22,1430,1,2,1,1.0,2.0,35281,M,,,35
201100029262,11,4,22,2005,1,2,6,1.0,3.0,35238,M,4808460.0,-169611.0,35
201100029263,11,4,23,50,5,2,2,1.0,6.0,35238,M,4809870.0,-169457.0,35
201100029264,11,4,23,1100,1,1,1,1.0,4.0,35278,M,,,35
201100029265,11,4,23,1355,1,2,1,1.0,6.0,35238,M,,,35
201100029266,11,4,23,1420,1,2,1,1.0,3.0,35238,M,4813130.0,-169026.0,35
201100029267,11,4,25,1815,1,2,9,1.0,3.0,35238,M,,,35
201100029268,11,4,26,1720,1,2,5,1.0,3.0,35238,M,4810850.0,-168454.0,35
201100029269,11,4,26,2140,5,2,2,1.0,3.0,35238,M,4812030.0,-170841.0,35
201100029270,11,4,28,825,1,2,3,1.0,3.0,35238,M,4810380.0,-167711.0,35
201100029271,11,4,28,1225,1,2,3,1.0,6.0,35238,M,4812230.0,-168186.0,35
201100029272,11,4,29,1150,1,2,1,1.0,6.0,35238,M,4813040.0,-165717.0,35
201100029273,11,4,30,115,5,2,1,1.0,6.0,35238,M,4810950.0,-169286.0,35
201100029274,11,5,3,745,1,2,3,2.0,3.0,35238,M,4812360.0,-170911.0,35
201100029275,11,5,4,830,1,2,2,1.0,3.0,35238,M,4810350.0,-166269.0,35
201100029276,11,5,4,1353,1,1,1,8.0,6.0,35278,M,,,35
201100029277,11,5,5,1730,1,1,1,1.0,6.0,35278,M,,,35
201100029278,11,5,5,2210,5,2,3,1.0,3.0,35238,M,4810740.0,-167455.0,35
201100029279,11,5,7,1220,1,2,1,1.0,3.0,35238,M,4810510.0,-169183.0,35
201100029280,11,5,8,100,5,2,1,1.0,6.0,35238,M,4812830.0,-166329.0,35
201100029281,11,5,8,510,5,2,1,2.0,6.0,35238,M,4810990.0,-167067.0,35
201100029282,11,5,8,1746,1,2,3,1.0,6.0,35238,M,4808560.0,-167308.0,35
201100029283,11,5,8,1938,1,2,1,1.0,7.0,35281,M,,,35
201100029284,11,5,10,1015,1,2,1,1.0,6.0,35238,M,4811730.0,-168337.0,35
201100029285,11,5,10,1100,1,2,1,1.0,6.0,35238,M,4808990.0,-165081.0,35
201100029286,11,5,10,1445,1,2,1,1.0,6.0,35278,M,,,35
201100029287,11,5,10,2205,3,1,1,1.0,6.0,35278,M,,,35
201100029288,11,5,11,207,5,2,1,1.0,7.0,35238,M,4808710.0,-167901.0,35
201100029289,11,5,12,350,5,2,1,1.0,7.0,35238,M,4810070.0,-172126.0,35
201100029290,11,5,12,645,3,1,1,1.0,6.0,35238,M,,,35
201100029291,11,5,12,1500,1,2,2,1.0,3.0,35238,M,4808670.0,-167499.0,35
201100029292,11,5,12,1525,1,1,1,1.0,3.0,35238,M,,,35
201100029293,11,5,13,1430,1,2,1,1.0,3.0,35238,M,4810980.0,-166915.0,35
201100029294,11,5,13,1240,1,2,5,1.0,6.0,35238,M,4807930.0,-169081.0,35
201100029295,11,5,14,35,3,2,5,1.0,6.0,35238,M,4808070.0,-167632.0,35
201100029296,11,5,14,150,5,2,2,1.0,6.0,35238,M,4810890.0,-169293.0,35
201100029297,11,5,14,520,3,1,1,1.0,2.0,35238,M,,,35
201100029298,11,5,15,415,3,1,1,1.0,6.0,35278,M,,,35
201100029299,11,5,15,1120,1,2,2,1.0,6.0,35055,M,,,35
201100029300,11,5,15,1630,1,2,2,1.0,3.0,35238,M,4808670.0,-167499.0,35
201100029301,11,5,15,1930,1,2,1,1.0,2.0,35238,M,4810560.0,-173374.0,35
201100029302,11,5,16,1745,1,2,5,7.0,4.0,35238,M,4808400.0,-169874.0,35
201100029303,11,5,17,615,5,2,6,1.0,3.0,35238,M,4809140.0,-165842.0,35
201100029304,11,5,17,802,1,2,1,1.0,6.0,35238,M,4810080.0,-169450.0,35
201100029305,11,5,17,1135,1,2,1,1.0,3.0,35238,M,4809190.0,-164103.0,35
201100029306,11,5,18,2000,1,2,2,1.0,6.0,35238,M,4810890.0,-171022.0,35
201100029307,11,5,18,1645,1,2,3,1.0,7.0,35238,M,4810050.0,-163196.0,35
201100029308,11,5,21,646,1,2,1,1.0,6.0,35238,M,4810180.0,-167304.0,35
201100029309,11,5,21,1720,1,2,2,1.0,3.0,35238,M,4808840.0,-166918.0,35
201100029310,11,5,23,755,1,2,3,1.0,6.0,35281,M,,,35
201100029311,11,5,23,1405,1,2,1,1.0,2.0,35238,M,4810690.0,-172818.0,35
201100029312,11,5,23,1935,1,2,3,1.0,6.0,35238,M,4811020.0,-168557.0,35
201100029313,11,5,24,1255,1,1,1,1.0,2.0,35281,M,,,35
201100029314,11,5,24,1715,1,2,3,1.0,6.0,35238,M,4811680.0,-169052.0,35
201100029315,11,5,25,1330,1,2,1,1.0,6.0,35238,M,4810300.0,-167608.0,35
201100029316,11,5,25,1755,1,2,3,1.0,3.0,35238,M,4810190.0,-172762.0,35
201100029317,11,5,25,1800,1,2,3,1.0,3.0,35238,M,4810490.0,-164422.0,35
201100029318,11,5,26,1715,1,2,1,8.0,3.0,35238,M,4811710.0,-170799.0,35
201100029319,11,5,31,1745,1,2,9,1.0,7.0,35278,M,,,35
201100029320,11,5,31,1940,1,2,1,1.0,6.0,35238,M,4811540.0,-170439.0,35
201100029321,11,6,1,843,1,1,1,1.0,6.0,35281,M,,,35
201100029322,11,6,1,1230,1,2,1,1.0,6.0,35238,M,4809230.0,-164094.0,35
201100029323,11,6,1,1440,1,2,3,1.0,6.0,35238,M,4810740.0,-167548.0,35
201100029324,11,6,1,1610,1,2,3,1.0,3.0,35238,M,4811880.0,-166037.0,35
201100029325,11,6,1,1830,1,2,3,1.0,3.0,35238,M,,,35
201100029326,11,6,1,1730,1,2,1,1.0,3.0,35055,M,,,35
201100029327,11,6,3,2305,3,2,1,1.0,5.0,35238,M,4808130.0,-166240.0,35
201100029328,11,6,5,1805,1,2,3,1.0,6.0,35238,M,,,35
201100029329,11,6,6,1920,1,2,1,8.0,6.0,35238,M,4808830.0,-168231.0,35
201100029330,11,6,7,845,1,2,3,1.0,6.0,35238,M,4810590.0,-173283.0,35
201100029331,11,6,7,1730,1,2,1,1.0,2.0,35238,M,4809250.0,-162968.0,35
201100029332,11,6,9,1220,1,2,1,1.0,6.0,35238,M,4809870.0,-171421.0,35
201100029333,11,6,10,1200,1,2,6,1.0,2.0,35055,M,,,35
201100029334,11,6,11,1920,1,2,1,1.0,3.0,35238,M,4809840.0,-167546.0,35
201100029335,11,6,13,1300,1,2,1,2.0,2.0,35238,M,4811340.0,-168280.0,35
201100029336,11,6,14,1000,1,2,1,2.0,4.0,35238,M,4808400.0,-169874.0,35
201100029337,11,6,14,1210,1,2,1,2.0,6.0,35238,M,4810710.0,-164706.0,35
201100029338,11,6,15,845,1,2,1,8.0,6.0,35238,M,4812610.0,-163859.0,35
201100029339,11,6,15,1350,1,2,2,1.0,3.0,35238,M,4813050.0,-165662.0,35
201100029340,11,6,17,1150,1,2,2,3.0,6.0,35238,M,4809200.0,-165321.0,35
201100029341,11,6,17,1405,1,2,3,2.0,6.0,35238,M,4811330.0,-169621.0,35
201100029342,11,6,19,400,5,2,5,1.0,6.0,35238,M,4810180.0,-168433.0,35
201100029343,11,6,21,142,5,2,1,8.0,6.0,35238,M,4810980.0,-167617.0,35
201100029344,11,6,21,1805,1,2,1,1.0,6.0,35238,M,4811970.0,-168100.0,35
201100029345,11,6,22,1935,1,2,1,1.0,3.0,35238,M,4808610.0,-166382.0,35
201100029346,11,6,23,1620,1,2,6,8.0,4.0,35055,M,,,35
201100029347,11,6,23,1710,1,2,3,1.0,3.0,35238,M,4810810.0,-163691.0,35
201100029348,11,6,24,1920,1,2,1,1.0,6.0,35238,M,4808750.0,-164246.0,35
201100029349,11,6,25,1210,1,2,1,1.0,7.0,35278,M,,,35
201100029350,11,6,25,1405,1,2,1,1.0,6.0,35238,M,4812800.0,-165944.0,35
201100029351,11,6,26,400,5,2,2,1.0,7.0,35238,M,4810000.0,-167936.0,35
201100029352,11,6,26,1545,1,2,1,1.0,6.0,35238,M,4808650.0,-166754.0,35
201100029353,11,6,27,730,1,2,1,7.0,6.0,35238,M,4811550.0,-169846.0,35
201100029354,11,6,27,1315,1,2,5,1.0,3.0,35238,M,4810270.0,-171440.0,35
201100029355,11,6,28,725,1,2,6,1.0,7.0,35238,M,4812220.0,-165120.0,35
201100029356,11,6,28,1355,1,2,9,1.0,3.0,35281,M,,,35
201100029357,11,6,28,1535,1,2,3,8.0,3.0,35238,M,4811630.0,-167102.0,35
201100029358,11,6,28,1725,1,2,1,1.0,3.0,35281,M,,,35
201100029359,11,6,29,320,5,2,1,1.0,2.0,35238,M,4810310.0,-168434.0,35
201100029360,11,6,29,1300,1,2,2,1.0,3.0,35238,M,4810000.0,-168662.0,35
201100029361,11,6,29,1540,1,2,1,1.0,3.0,35238,M,4809140.0,-164018.0,35
201100029362,11,6,29,1950,1,2,9,1.0,3.0,35055,M,,,35
201100029363,11,6,30,1620,1,2,1,1.0,3.0,35238,M,4810470.0,-172362.0,35
201100029364,11,6,30,2104,1,2,4,1.0,3.0,35238,M,4808890.0,-166072.0,35
201100029365,11,6,30,2320,5,2,1,1.0,6.0,35238,M,4812540.0,-165595.0,35
201100029366,11,7,1,1940,1,2,6,1.0,6.0,35238,M,4813260.0,-167296.0,35
201100029367,11,7,2,100,5,2,4,1.0,7.0,35238,M,4812240.0,-166945.0,35
201100029368,11,7,4,1000,1,2,2,1.0,6.0,35238,M,4811250.0,-166623.0,35
201100029369,11,7,5,1925,1,2,4,1.0,3.0,35055,M,,,35
201100029370,11,7,5,700,1,2,1,1.0,2.0,35238,M,4809690.0,-164123.0,35
201100029371,11,7,5,830,1,2,6,1.0,3.0,35238,M,4810180.0,-170729.0,35
201100029372,11,7,5,1950,1,2,1,1.0,6.0,35238,M,4809110.0,-168211.0,35
201100029373,11,7,7,2015,1,2,3,1.0,6.0,35238,M,4810740.0,-167548.0,35
201100029374,11,7,8,1050,1,1,1,1.0,3.0,35281,M,,,35
201100029375,11,7,9,545,5,2,1,1.0,6.0,35238,M,4810500.0,-164231.0,35
201100029376,11,7,9,1600,1,2,1,1.0,6.0,35238,M,4812070.0,-171905.0,35
201100029377,11,7,9,2341,5,2,1,1.0,7.0,35238,M,4810450.0,-169823.0,35
201100029378,11,7,12,1005,1,2,1,2.0,7.0,35238,M,4809350.0,-169087.0,35
201100029379,11,7,12,1925,1,2,1,8.0,2.0,35238,M,4809730.0,-168964.0,35
201100029380,11,7,13,435,5,2,1,1.0,7.0,35238,M,4809440.0,-168482.0,35
201100029381,11,7,13,2015,2,2,3,1.0,6.0,35238,M,4811260.0,-166465.0,35
201100029382,11,7,14,120,5,2,1,1.0,7.0,35238,M,4808320.0,-167456.0,35
201100029383,11,7,14,440,5,2,3,1.0,6.0,35238,M,4811880.0,-167736.0,35
201100029384,11,7,18,1735,1,2,1,2.0,3.0,35238,M,4810660.0,-166877.0,35
201100029385,11,7,19,1505,1,2,1,2.0,3.0,35238,M,4810230.0,-163394.0,35
201100029386,11,7,20,1145,1,2,1,3.0,3.0,35238,M,4809910.0,-171422.0,35
201100029387,11,7,20,1515,1,2,9,2.0,6.0,35278,M,,,35
201100029388,11,7,20,2345,3,2,1,3.0,6.0,35238,M,4807750.0,-167530.0,35
201100029389,11,7,21,745,1,2,4,8.0,2.0,35238,M,4810460.0,-167264.0,35
201100029390,11,7,22,550,3,2,1,1.0,6.0,35238,M,4811550.0,-171917.0,35
201100029391,11,7,23,1200,1,2,2,8.0,3.0,35238,M,4812790.0,-168341.0,35
201100029392,11,7,23,1540,1,2,9,1.0,6.0,35278,M,,,35
201100029393,11,7,23,2320,5,2,1,1.0,6.0,35055,M,,,35
201100029394,11,7,25,1755,1,2,2,1.0,3.0,35238,M,4809810.0,-165565.0,35
201100029395,11,7,26,1457,1,2,4,1.0,2.0,35278,M,,,35