Num_Acc,an,mois,jour,hrmn,lum,agg,int,atm,col,com,gps,lat,long,dep
201100029396,11,7,28,1045,1,2,1,1.0,7.0,35238,M,4810460.0,-168451.0,35
201100029397,11,7,29,2205,3,2,1,1.0,6.0,35278,M,,,35
201100029398,11,7,30,2035,1,2,2,1.0,6.0,35278,M,,,35
201100029399,11,8,1,515,5,2,1,1.0,7.0,35278,M,4815167.0,-169544.0,35
201100029400,11,8,1,835,1,2,3,1.0,3.0,35238,M,4811310.0,-168550.0,35
201100029401,11,8,1,2010,1,2,1,1.0,7.0,35238,M,4808530.0,-169571.0,35
201100029402,11,8,4,825,1,2,3,2.0,4.0,35238,M,4810670.0,-172960.0,35
201100029403,11,8,3,1800,1,2,3,1.0,6.0,35238,M,4812770.0,-165812.0,35
201100029404,11,8,5,845,1,2,4,2.0,3.0,35238,M,4810930.0,-165506.0,35
201100029405,11,8,5,930,1,2,5,3.0,6.0,35238,M,4807910.0,-169050.0,35
201100029406,11,8,5,1200,1,2,1,2.0,2.0,35238,M,4810950.0,-168457.0,35
201100029407,11,8,6,1430,1,2,2,3.0,3.0,35238,M,4809820.0,-168830.0,35
201100029408,11,8,8,2330,4,2,1,1.0,1.0,35278,M,,,35
201100029409,11,8,9,1620,1,2,3,1.0,3.0,35238,M,4810240.0,-172534.0,35
201100029410,11,8,10,1400,1,2,1,1.0,3.0,35238,M,4809460.0,-168737.0,35
201100029411,11,8,10,1750,1,2,1,1.0,6.0,35238,M,4809490.0,-163698.0,35
201100029412,11,8,11,1708,1,2,5,1.0,7.0,35238,M,4807730.0,-169547.0,35
201100029413,11,8,11,1820,1,2,9,1.0,2.0,35278,M,,,35
201100029414,11,8,15,15,5,2,3,1.0,6.0,35238,M,4810910.0,-169733.0,35
201100029415,11,8,15,2124,5,2,2,1.0,7.0,35238,M,4810350.0,-166269.0,35
201100029416,11,8,17,2220,3,2,1,1.0,6.0,35238,M,,,35
201100029417,11,8,18,1035,1,2,1,1.0,6.0,35278,M,,,35
201100029418,11,8,19,1550,1,2,9,1.0,2.0,35278,M,4813862.0,-169993.0,35
201100029419,11,8,21,1630,1,2,1,1.0,6.0,35238,M,4808400.0,-164711.0,35
201100029420,11,8,22,1415,1,2,1,1.0,6.0,35238,M,4810440.0,-166408.0,35
201100029421,11,8,23,1750,1,2,6,1.0,3.0,35238,M,4812220.0,-165120.0,35
201100029422,11,8,23,1700,1,2,2,1.0,3.0,35238,M,4811800.0,-168615.0,35
201100029423,11,8,24,1900,1,2,6,1.0,6.0,35278,M,,,35
201100029424,11,8,25,2106,5,2,2,3.0,3.0,35238,M,4811620.0,-166127.0,35
201100029425,11,8,26,1755,1,2,5,2.0,3.0,35238,M,4807890.0,-169243.0,35
201100029426,11,8,26,2150,5,2,1,2.0,7.0,35238,M,4811300.0,-168061.0,35
201100029427,11,8,28,128,5,2,1,1.0,6.0,35238,M,4810750.0,-167399.0,35
201100029428,11,8,28,1500,1,2,1,1.0,7.0,35238,M,4812010.0,-171773.0,35
201100029429,11,8,29,800,1,2,6,1.0,6.0,35238,M,4809010.0,-169105.0,35
201100029430,11,8,30,130,5,2,1,1.0,7.0,35281,M,,,35
201100029431,11,8,30,1200,1,2,1,1.0,7.0,35238,M,4810030.0,-169449.0,35
201100029432,11,8,31,1720,1,2,1,1.0,2.0,35238,M,4810120.0,-171548.0,35
201100029433,11,9,1,2050,1,2,2,1.0,6.0,35238,M,4811020.0,-168020.0,35
201100029434,11,9,2,1325,1,2,2,1.0,3.0,35238,M,4811230.0,-168725.0,35
201100029435,11,9,2,1515,1,2,1,1.0,3.0,35238,M,4808590.0,-166101.0,35
201100029436,11,9,2,1705,1,2,1,1.0,6.0,35055,M,,,35
201100029437,11,9,3,1725,1,2,1,1.0,4.0,35238,M,4810540.0,-173437.0,35
201100029438,11,9,4,600,5,2,5,2.0,3.0,35238,M,4810850.0,-168454.0,35
201100029439,11,9,6,1750,1,2,1,2.0,1.0,35238,M,4811240.0,-166807.0,35
201100029440,11,9,7,2230,5,2,4,1.0,6.0,35238,M,4809080.0,-173890.0,35
201100029441,11,9,9,1245,1,2,6,1.0,7.0,35238,M,4810540.0,-170846.0,35
201100029442,11,9,9,1705,1,2,3,1.0,6.0,35238,M,4812240.0,-170381.0,35
201100029443,11,9,10,1015,1,2,3,1.0,3.0,35238,M,4813060.0,-168448.0,35
201100029444,11,9,11,1655,1,2,5,8.0,3.0,35238,M,4810630.0,-169328.0,35
201100029445,11,9,11,2245,5,2,2,2.0,3.0,35238,M,4811610.0,-165828.0,35
201100029446,11,9,12,1830,1,2,2,1.0,6.0,35238,M,4810980.0,-167785.0,35
201100029447,11,9,13,850,1,2,9,1.0,3.0,35055,M,,,35
201100029448,11,9,14,1710,1,2,3,1.0,4.0,35238,M,4813650.0,-165905.0,35
201100029449,11,9,15,1115,1,2,5,1.0,6.0,35238,M,4813850.0,-165860.0,35
201100029450,11,9,15,1930,1,2,1,1.0,6.0,35238,M,4810710.0,-168634.0,35
201100029451,11,9,15,2130,5,2,1,1.0,6.0,35238,M,4810460.0,-166436.0,35
201100029452,11,9,16,610,5,2,5,1.0,2.0,35238,M,4810850.0,-168386.0,35
201100029453,11,9,17,1900,1,2,9,8.0,3.0,35278,M,,,35
201100029454,11,9,18,2040,5,2,1,2.0,2.0,35238,M,4812200.0,-168599.0,35
201100029455,11,9,19,1400,1,2,3,1.0,2.0,35238,M,4808350.0,-166098.0,35
201100029456,11,9,19,1645,1,2,3,1.0,2.0,35238,M,4809130.0,-165608.0,35
201100029457,11,9,20,1640,1,2,1,1.0,6.0,35238,M,4811710.0,-167674.0,35
201100029458,11,9,20,1530,1,2,3,1.0,3.0,35238,M,4812780.0,-166925.0,35
201100029459,11,9,20,2020,5,2,2,1.0,2.0,35238,M,4811800.0,-168615.0,35
201100029460,11,9,21,815,1,2,1,1.0,3.0,35238,M,4810900.0,-166148.0,35
201100029461,11,9,21,1725,1,2,6,1.0,3.0,35238,M,4810400.0,-165003.0,35
201100029462,11,9,21,1820,1,2,1,1.0,4.0,35238,M,4808122.0,-169678.0,35
201100029463,11,9,22,720,1,2,5,1.0,3.0,35238,M,4810570.0,-166601.0,35
201100029464,11,9,23,855,1,2,1,1.0,6.0,35238,M,4811400.0,-163642.0,35
201100029465,11,9,23,1145,1,2,5,1.0,2.0,35238,M,4810620.0,-168800.0,35
201100029466,11,9,23,1740,1,2,1,1.0,4.0,35238,M,4808400.0,-169874.0,35
201100029467,11,9,23,1832,1,2,5,7.0,3.0,35238,M,4810180.0,-168433.0,35
201100029468,11,9,23,1835,1,2,2,1.0,6.0,35238,M,4811230.0,-168725.0,35
201100029469,11,9,24,1150,1,2,5,1.0,3.0,35238,M,4813850.0,-165860.0,35
201100029470,11,9,26,1325,1,2,6,1.0,3.0,35238,M,4808960.0,-168271.0,35
201100029471,11,9,28,845,1,2,1,1.0,4.0,35238,M,4809690.0,-163282.0,35
201100029472,11,9,29,1340,1,2,2,1.0,6.0,35238,M,4812460.0,-170305.0,35
201100029473,11,9,29,1710,1,2,3,1.0,3.0,35281,M,,,35
201100029474,11,9,29,2335,5,2,1,1.0,7.0,35281,M,,,35
201100029475,11,9,30,935,1,2,1,1.0,6.0,35238,M,4809510.0,-169005.0,35
201100029476,11,9,30,1615,1,2,2,7.0,6.0,35281,M,,,35
201100029477,11,9,30,1605,1,2,2,1.0,3.0,35238,M,4811780.0,-168552.0,35
201100029478,11,9,30,1815,1,2,1,1.0,2.0,35281,M,,,35
201100029479,11,9,30,1845,1,2,3,1.0,3.0,35238,M,4810650.0,-173074.0,35
201100029480,11,9,30,2230,5,2,2,1.0,3.0,35238,M,4810020.0,-168307.0,35
201100029481,11,10,1,1700,1,2,6,1.0,3.0,35238,M,4808170.0,-167549.0,35
201100029482,11,10,1,2005,5,2,2,1.0,3.0,35238,M,4812850.0,-166419.0,35
201100029483,11,10,2,2200,5,2,2,1.0,7.0,35238,M,4810630.0,-167859.0,35
201100029484,11,10,3,1505,1,2,2,1.0,3.0,35238,M,4809780.0,-167200.0,35
201100029485,11,10,4,1530,1,2,1,1.0,4.0,35238,M,4811720.0,-168194.0,35
201100029486,11,10,2,2050,5,2,1,1.0,7.0,35238,M,,,35
201100029487,11,10,4,2050,5,2,1,1.0,7.0,35238,M,4808730.0,-165533.0,35
201100029488,11,10,5,800,1,2,2,1.0,3.0,35238,M,4811020.0,-167414.0,35
201100029489,11,10,5,1425,1,2,6,1.0,3.0,35238,M,4809290.0,-164007.0,35
201100029490,11,10,6,1415,1,2,6,1.0,3.0,35281,M,,,35
201100029491,11,10,6,1930,1,2,1,1.0,3.0,35238,M,4812610.0,-170313.0,35
201100029492,11,10,6,2333,5,2,1,1.0,6.0,35238,M,4811900.0,-170461.0,35
201100029493,11,10,7,1850,1,2,4,2.0,3.0,35238,M,4811460.0,-165579.0,35
201100029494,11,10,12,810,1,2,1,2.0,7.0,35238,M,4812760.0,-169344.0,35
201100029495,11,10,12,845,1,2,1,1.0,6.0,35238,M,4811670.0,-170472.0,35
201100029496,11,10,14,1200,1,2,1,1.0,3.0,35238,M,4811090.0,-169385.0,35
201100029497,11,10,14,2057,5,2,1,1.0,6.0,35238,M,4809340.0,-166799.0,35
201100029498,11,10,15,1305,1,2,5,1.0,2.0,35238,M,4810180.0,-168433.0,35
201100029499,11,10,17,1800,1,2,5,1.0,3.0,35238,M,4812250.0,-171934.0,35
201100029500,11,10,19,1350,1,2,3,1.0,5.0,35238,M,4811830.0,-165357.0,35
201100029501,11,10,19,2150,5,2,2,1.0,3.0,35238,M,4808760.0,-165384.0,35
201100029502,11,10,20,750,1,2,1,1.0,3.0,35238,M,4810230.0,-168929.0,35
201100029503,11,10,20,1640,1,2,1,8.0,6.0,35238,M,4811000.0,-165986.0,35
201100029504,11,10,20,1750,1,2,1,1.0,2.0,35238,M,4810850.0,-169623.0,35
201100029505,11,10,20,1845,1,2,3,8.0,2.0,35278,M,,,35
201100029506,11,10,20,2025,5,2,1,1.0,3.0,35238,M,4812650.0,-168613.0,35
201100029507,11,10,21,950,1,2,3,7.0,3.0,35238,M,4810850.0,-171184.0,35
201100029508,11,10,21,2215,5,2,1,1.0,6.0,35238,M,4811760.0,-168083.0,35
201100029509,11,10,22,250,4,2,1,1.0,6.0,35281,M,,,35
201100029510,11,10,22,1320,1,2,1,1.0,2.0,35278,M,,,35
201100029511,11,10,23,645,5,2,5,1.0,3.0,35238,M,4811930.0,-166743.0,35
201100029512,11,10,23,1215,1,2,3,1.0,3.0,35238,M,4810610.0,-166727.0,35
201100029513,11,10,24,2345,5,2,3,2.0,2.0,35238,M,4810500.0,-169156.0,35
201100029514,11,10,25,840,5,2,3,2.0,6.0,35238,M,4808650.0,-166205.0,35
201100029515,11,10,25,920,1,2,6,2.0,3.0,35238,M,4812230.0,-163872.0,35
201100029516,11,10,26,1800,1,2,5,1.0,5.0,35238,M,4810180.0,-168433.0,35
201100029517,11,10,27,730,3,2,9,1.0,6.0,35278,M,,,35
201100029518,11,10,29,1825,1,2,1,1.0,7.0,35238,M,4810980.0,-167984.0,35
201100029519,11,11,2,1540,1,2,1,1.0,6.0,35055,M,,,35
201100029520,11,11,3,1623,1,2,3,1.0,6.0,35238,M,4809370.0,-164333.0,35
201100029521,11,11,4,715,5,2,2,8.0,3.0,35238,M,4809740.0,-167515.0,35
201100029522,11,11,4,1325,1,2,1,1.0,6.0,35238,M,4812330.0,-165930.0,35
201100029523,11,11,4,1745,5,2,1,8.0,6.0,35238,M,4809560.0,-166212.0,35
201100029524,11,11,8,920,1,2,1,2.0,2.0,35238,M,4810920.0,-168455.0,35
201100029525,11,11,8,1510,1,2,1,2.0,7.0,35238,M,4809840.0,-169457.0,35
201100029526,11,11,8,1910,3,2,5,2.0,2.0,35238,M,4808150.0,-167690.0,35
201100029527,11,11,10,1825,3,2,1,1.0,4.0,35238,M,4812820.0,-164839.0,35
201100029528,11,11,12,1010,1,2,1,1.0,2.0,35238,M,4812130.0,-170709.0,35
201100029529,11,11,13,1000,1,2,1,7.0,7.0,35281,M,,,35
201100029530,11,11,14,715,5,2,6,1.0,6.0,35238,M,4811410.0,-163383.0,35
201100029531,11,11,14,1320,1,2,1,1.0,7.0,35238,M,4812120.0,-168136.0,35
201100029532,11,11,14,1645,1,2,1,1.0,6.0,35238,M,4812080.0,-168953.0,35
201100029533,11,11,15,1400,1,2,1,1.0,3.0,35238,M,4811220.0,-164663.0,35
201100029534,11,11,15,1520,1,2,1,1.0,2.0,35238,M,,,35
201100029535,11,11,16,920,1,2,1,8.0,6.0,35238,M,4809780.0,-168846.0,35
201100029536,11,11,16,1625,1,2,1,8.0,3.0,35238,M,4808650.0,-166539.0,35
201100029537,11,11,16,1835,4,2,1,8.0,3.0,35238,M,4811400.0,-163618.0,35
201100029538,11,11,16,1830,4,2,6,8.0,6.0,35278,M,,,35
201100029539,11,11,16,1308,1,2,2,8.0,7.0,35238,M,4813510.0,-165963.0,35
201100029540,11,11,19,935,1,2,2,1.0,3.0,35238,M,4811100.0,-167783.0,35
201100029541,11,11,20,740,1,2,1,1.0,7.0,35238,M,4811510.0,-168727.0,35
201100029542,11,11,22,850,1,2,3,7.0,3.0,35238,M,4809650.0,-165272.0,35
201100029543,11,11,22,1010,1,2,6,1.0,6.0,35238,M,4810180.0,-170729.0,35
201100029544,11,11,22,1715,1,2,6,1.0,3.0,35238,M,4811390.0,-164089.0,35
201100029545,11,11,23,850,1,2,9,1.0,3.0,35281,M,,,35
201100029546,11,11,23,1600,1,2,1,1.0,6.0,35238,M,,,35
201100029547,11,11,25,1010,1,2,2,1.0,3.0,35238,M,4808760.0,-165384.0,35
201100029548,11,11,25,1120,1,2,3,2.0,6.0,35238,M,4810270.0,-166138.0,35
201100029549,11,11,26,640,5,2,3,1.0,6.0,35238,M,4810650.0,-165874.0,35
201100029550,11,11,27,2125,5,2,2,1.0,3.0,35238,M,4810990.0,-167405.0,35
201100029551,11,11,28,810,1,2,1,1.0,4.0,35238,M,4810680.0,-171720.0,35
201100029552,11,11,29,1435,1,2,1,2.0,6.0,35278,M,,,35
201100029553,11,11,29,1645,1,2,2,1.0,3.0,35238,M,4809120.0,-164548.0,35
201100029554,11,11,29,1745,5,2,3,2.0,6.0,35238,M,,,35
201100029555,11,11,30,730,5,2,2,1.0,6.0,35055,M,,,35
201100029556,11,11,30,1410,1,2,1,1.0,4.0,35238,M,4812700.0,-166514.0,35
201100029557,11,11,30,1925,3,2,1,1.0,2.0,35238,M,4810560.0,-171692.0,35
201100029558,11,12,1,800,5,2,1,2.0,6.0,35281,M,,,35
201100029559,11,12,1,1319,1,2,1,2.0,7.0,35238,M,4812120.0,-171347.0,35
201100029560,11,12,1,1730,5,2,1,2.0,6.0,35278,M,,,35
201100029561,11,12,1,1920,5,2,1,3.0,3.0,35238,M,4808650.0,-166539.0,35
201100029562,11,12,2,350,5,2,3,1.0,6.0,35238,M,4811530.0,-168711.0,35
201100029563,11,12,2,1225,1,2,1,1.0,3.0,35238,M,4810790.0,-169532.0,35
201100029564,11,12,4,1751,4,2,1,1.0,3.0,35238,M,4808190.0,-167810.0,35
201100029565,11,12,4,1920,5,2,3,2.0,6.0,35238,M,4810670.0,-165090.0,35
201100029566,11,12,5,1155,1,2,1,1.0,2.0,35238,M,4810740.0,-167892.0,35
201100029567,11,12,6,2115,5,2,1,1.0,6.0,35238,M,4810940.0,-167785.0,35
201100029568,11,12,6,2010,5,2,1,1.0,6.0,35238,M,4811620.0,-166537.0,35
201100029569,11,12,7,1310,1,2,2,8.0,3.0,35281,M,,,35
201100029570,11,12,7,2315,5,2,1,1.0,6.0,35238,M,4811020.0,-167820.0,35
201100029571,11,12,8,845,1,2,1,1.0,3.0,35238,M,4810700.0,-172470.0,35
201100029572,11,12,8,1305,1,2,3,1.0,4.0,35238,M,4810980.0,-169851.0,35
201100029573,11,12,9,740,5,2,3,2.0,3.0,35238,M,,,35
201100029574,11,12,9,1730,5,2,1,2.0,3.0,35238,M,4809260.0,-168190.0,35
201100029575,11,12,9,1805,5,2,5,2.0,6.0,35238,M,4810650.0,-168450.0,35
201100029576,11,12,9,1715,5,2,2,2.0,3.0,35281,M,,,35
201100029577,11,12,9,1820,5,2,3,2.0,3.0,35238,M,4811280.0,-166357.0,35
201100029578,11,12,10,1755,5,2,2,2.0,2.0,35238,M,,,35
201100029579,11,12,12,845,1,2,2,1.0,6.0,35238,M,4810980.0,-166565.0,35
201100029580,11,12,12,1540,1,2,8,1.0,3.0,35278,M,,,35
201100029581,11,12,13,1108,1,1,6,1.0,3.0,35278,M,,,35
201100029582,11,12,13,1530,1,2,1,1.0,7.0,35238,M,4810600.0,-168454.0,35
201100029583,11,12,13,1755,5,2,3,1.0,3.0,35238,M,4811520.0,-170279.0,35
201100029584,11,12,13,1840,5,2,1,1.0,4.0,35238,M,4809690.0,-164123.0,35
201100029585,11,12,15,110,3,2,6,1.0,6.0,35238,M,4814160.0,-166381.0,35
201100029586,11,12,15,1830,5,2,1,2.0,3.0,35238,M,4810540.0,-166575.0,35
201100029587,11,12,15,2000,5,2,2,3.0,6.0,35238,M,4810550.0,-168454.0,35
201100029588,11,12,16,321,5,2,1,6.0,7.0,35238,M,4811680.0,-168085.0,35
201100029589,11,12,16,1901,5,2,1,1.0,6.0,35238,M,4809720.0,-162690.0,35
201100029590,11,12,16,845,1,2,1,2.0,3.0,35281,M,,,35
201100029591,11,12,16,1910,5,2,1,2.0,6.0,35238,M,4810290.0,-166170.0,35
201100029592,11,12,17,730,5,2,2,2.0,3.0,35238,M,4809740.0,-167515.0,35
201100029593,11,12,18,1335,1,2,3,1.0,3.0,35055,M,,,35
201100029594,11,12,19,945,1,2,3,1.0,3.0,35238,M,4809370.0,-164333.0,35
201100029595,11,12,20,1640,1,2,2,1.0,3.0,35281,M,,,35
201100029596,11,12,20,1750,5,2,9,1.0,5.0,35278,M,,,35
201100029597,11,12,21,1205,1,2,1,1.0,6.0,35238,M,4809660.0,-171251.0,35
201100029598,11,12,22,1040,1,2,5,1.0,3.0,35238,M,4808400.0,-169874.0,35
201100029599,11,12,24,1620,1,2,2,1.0,3.0,35238,M,4812220.0,-166175.0,35
201100029600,11,12,25,1150,1,2,5,1.0,6.0,35238,M,4809730.0,-165779.0,35
201100029601,11,12,26,750,5,2,3,1.0,3.0,35281,M,,,35
201100029602,11,12,26,1105,1,2,1,1.0,3.0,35238,M,4810450.0,-166426.0,35
201100029603,11,12,28,758,5,2,2,1.0,3.0,35238,M,4808370.0,-167451.0,35
201100029604,11,12,29,1210,1,2,6,8.0,3.0,35238,M,,,35
201100029605,11,12,29,1630,1,2,3,1.0,6.0,35238,M,4811180.0,-168917.0,35
201100029606,11,12,30,330,5,2,2,2.0,3.0,35238,M,4810860.0,-169297.0,35
201100029607,11,12,30,640,5,2,2,2.0,3.0,35238,M,,,35
201100029608,11,12,30,1845,5,2,1,8.0,6.0,35238,M,4811620.0,-166487.0,35
201100029609,11,12,31,1505,1,2,9,1.0,7.0,35278,M,,,35
201100029610,11,12,31,1233,1,2,9,1.0,7.0,35278,M,,,35
201100029611,11,1,14,1845,5,2,1,1.0,6.0,35288,M,,,35
201100029612,11,1,29,610,2,1,1,1.0,6.0,35288,M,,,35
201100029613,11,2,14,1720,2,2,1,1.0,6.0,35288,M,4865836.0,-196784.0,35
201100029614,11,3,11,1150,1,1,9,1.0,3.0,35241,M,4861319.0,-205261.0,35
201100029615,11,3,18,1930,5,2,1,1.0,1.0,35241,M,4861465.0,-203612.0,35
201100029616,11,4,2,1805,1,2,1,1.0,6.0,35288,M,,,35
201100029617,11,4,15,1900,1,2,3,1.0,6.0,35288,M,,,35
201100029618,11,4,16,2140,2,2,1,1.0,6.0,35288,M,,,35
201100029619,11,4,23,1815,1,1,2,1.0,2.0,35288,M,4865355.0,-194743.0,35
201100029620,11,5,5,1420,1,2,3,1.0,3.0,35288,M,,,35
201100029621,11,5,21,1433,1,2,3,1.0,6.0,35288,M,,,35
201100029622,11,5,26,1850,1,1,1,3.0,3.0,35241,M,,,35
201100029623,11,6,12,2015,1,2,1,2.0,2.0,35288,M,,,35
201100029624,11,5,18,1550,1,1,1,1.0,1.0,35093,M,4861306.0,-207382.0,35
201100029625,11,7,7,850,1,2,3,1.0,6.0,35288,M,,,35
201100029626,11,7,28,331,5,1,2,1.0,3.0,35241,M,,,35
201100029627,11,8,4,918,1,2,2,2.0,3.0,35093,M,,,35
201100029628,11,8,4,1140,1,2,3,2.0,2.0,35288,M,,,35
201100029629,11,8,6,845,1,1,2,2.0,7.0,35241,M,,,35
201100029630,11,9,11,1816,1,2,3,1.0,7.0,35288,M,,,35
201100029631,11,9,10,1249,1,2,1,1.0,3.0,35093,M,,,35
201100029632,11,10,17,1755,1,2,3,1.0,6.0,35288,M,,,35
201100029633,11,9,17,852,1,2,2,1.0,3.0,35093,M,,,35
201100029634,11,11,2,1545,1,2,1,1.0,6.0,35352,M,,,35
201100029635,11,11,9,1410,1,2,3,1.0,3.0,35288,M,,,35
201100029636,11,11,18,1750,5,2,4,1.0,6.0,35288,M,,,35
201100029637,11,11,20,655,2,2,1,1.0,6.0,35288,M,,,35
201100029638,11,12,9,1345,1,2,2,2.0,3.0,35288,M,,,35
201100029639,11,12,6,1801,2,2,1,2.0,6.0,35288,M,,,35
201100029640,11,12,15,1910,3,2,3,3.0,6.0,35288,M,,,35
201100029641,11,1,1,1905,5,2,1,2.0,7.0,36044,M,4681810.0,169700.0,36
201100029642,11,12,8,820,2,2,1,2.0,3.0,36044,M,4679760.0,170132.0,36
201100029643,11,11,16,1902,3,1,1,1.0,2.0,36202,M,4678660.0,163915.0,36
201100029644,11,2,1,755,2,2,4,1.0,1.0,36044,M,4678760.0,167388.0,36
201100029645,11,1,1,2030,5,2,3,1.0,7.0,36044,M,4681711.0,169701.0,36
201100029646,11,1,8,2357,5,2,1,2.0,7.0,36044,M,4681250.0,169290.0,36
201100029647,11,2,13,110,5,2,1,1.0,6.0,36044,M,4681220.0,169839.0,36
201100029648,11,2,15,2335,5,2,6,1.0,3.0,36044,M,4679310.0,171125.0,36
201100029649,11,3,5,645,4,2,1,8.0,6.0,36063,M,4685190.0,170125.0,36
201100029650,11,3,7,1700,1,2,1,1.0,5.0,36044,M,4680830.0,170748.0,36
201100029651,11,3,8,1915,5,2,1,1.0,6.0,36044,M,,,36
201100029652,11,1,15,1510,1,1,1,1.0,4.0,36202,M,4678730.0,165858.0,36
201100029653,11,2,25,45,3,1,1,1.0,7.0,36202,M,4681812.0,167908.0,36
201100029654,11,3,17,400,5,2,1,1.0,6.0,36202,M,4677850.0,165087.0,36
201100029655,11,3,27,600,2,2,1,1.0,6.0,36044,M,4681820.0,169650.0,36
201100029656,11,4,5,1150,1,2,2,1.0,3.0,36044,M,4681040.0,170566.0,36
201100029657,11,3,6,1848,3,2,3,1.0,3.0,36044,M,4681960.0,169731.0,36
201100029658,11,4,21,2225,5,2,2,1.0,6.0,36044,M,4679870.0,169230.0,36
201100029659,11,4,12,1045,1,2,1,1.0,6.0,36044,M,4679760.0,172795.0,36
201100029660,11,4,29,750,1,2,1,1.0,3.0,36044,M,4680050.0,167034.0,36
201100029661,11,5,6,1855,1,2,6,1.0,6.0,36159,M,4679580.0,173214.0,36
201100029662,11,5,3,1640,1,2,1,1.0,7.0,36044,M,4679534.0,166520.0,36
201100029663,11,5,11,1730,1,2,1,5.0,2.0,36044,M,4679870.0,169805.0,36
201100029664,11,5,15,1530,1,2,1,1.0,6.0,36044,M,4679640.0,169906.0,36
201100029665,11,5,15,1837,1,2,1,1.0,1.0,36044,M,4681260.0,168481.0,36
201100029666,11,2,2,540,5,2,1,1.0,6.0,36063,M,4683340.0,169300.0,36
201100029667,11,2,2,635,2,2,9,9.0,7.0,36044,M,4681370.0,169705.0,36
201100029668,11,6,3,1030,1,2,3,1.0,3.0,36044,M,4681980.0,171107.0,36
201100029669,11,2,3,815,1,1,6,8.0,3.0,36063,M,4682040.0,173602.0,36
201100029670,11,6,12,1504,1,1,1,1.0,6.0,36159,M,4676020.0,167720.0,36
201100029671,11,6,12,1015,1,1,6,1.0,6.0,36063,M,4685190.0,170125.0,36
201100029672,11,2,4,1250,1,1,1,2.0,3.0,36063,M,4685220.0,171194.0,36
201100029673,11,2,4,1615,1,2,1,1.0,7.0,36044,M,4680360.0,169585.0,36
201100029674,11,6,19,1615,1,2,1,1.0,6.0,36044,M,4680880.0,170153.0,36
201100029675,11,6,19,1839,1,1,1,1.0,3.0,36202,M,4674640.0,162317.0,36
201100029676,11,2,4,1740,1,2,1,8.0,7.0,36044,M,,,36
201100029677,11,2,5,2145,5,2,1,1.0,6.0,36044,M,4680370.0,169591.0,36
201100029678,11,6,17,1640,1,2,1,2.0,6.0,36044,M,4681480.0,170295.0,36
201100029679,11,6,18,955,1,2,1,8.0,3.0,36044,M,4682360.0,168265.0,36
201100029680,11,2,8,1144,1,2,1,2.0,6.0,36044,M,4680780.0,169833.0,36
201100029681,11,7,5,1410,1,2,2,1.0,3.0,36044,M,4678870.0,169131.0,36
201100029682,11,7,9,1645,1,1,1,1.0,1.0,36202,M,4677210.0,165546.0,36
201100029683,11,7,16,310,3,1,1,1.0,7.0,36159,M,4671960.0,173924.0,36
201100029684,11,2,11,2325,5,2,1,2.0,7.0,36044,M,,,36
201100029685,11,8,11,1820,1,2,3,1.0,3.0,36044,M,4681690.0,170231.0,36
201100029686,11,9,3,822,1,2,1,1.0,7.0,36044,M,4679470.0,170956.0,36
201100029687,11,2,19,1725,1,2,3,2.0,3.0,36044,M,4681820.0,171012.0,36
201100029688,11,9,8,150,5,1,1,1.0,6.0,36044,M,4682040.0,168409.0,36
201100029689,11,2,22,2020,5,2,1,8.0,2.0,36044,M,4682080.0,169745.0,36
201100029690,11,9,17,1500,1,2,3,1.0,3.0,36044,M,4679910.0,166924.0,36
201100029691,11,8,16,1735,1,2,3,1.0,2.0,36202,M,4680020.0,163057.0,36
201100029692,11,2,25,1520,1,2,3,1.0,3.0,36044,M,4681040.0,168021.0,36
201100029693,11,2,25,1845,1,2,1,1.0,7.0,36044,M,4678890.0,170256.0,36
201100029694,11,8,16,2120,3,1,1,1.0,6.0,36159,M,4678240.0,174548.0,36
201100029695,11,8,17,2305,5,2,1,1.0,7.0,36044,M,4680900.0,169018.0,36
201100029696,11,10,8,230,5,2,1,1.0,6.0,36063,M,4683070.0,171381.0,36
201100029697,11,10,28,1500,1,2,1,1.0,7.0,36044,M,4681990.0,172669.0,36
201100029698,11,3,7,2255,5,2,1,1.0,7.0,36044,M,4680800.0,170347.0,36
201100029699,11,3,8,1600,1,2,1,1.0,6.0,36044,M,,,36
201100029700,11,3,9,520,5,2,1,1.0,7.0,36063,M,4682040.0,173596.0,36
201100029701,11,3,9,1210,1,2,3,1.0,3.0,36044,M,4681210.0,171289.0,36
201100029702,11,12,24,1630,1,1,1,1.0,1.0,36063,M,4682180.0,173413.0,36