Num_Acc,an,mois,jour,hrmn,lum,agg,int,atm,col,com,gps,lat,long,dep
201100029703,11,3,21,1215,1,2,1,1.0,6.0,36044,M,4682140.0,169750.0,36
201100029704,11,3,25,1700,1,2,1,1.0,7.0,36044,M,4680640.0,169371.0,36
201100029705,11,3,25,1920,1,1,1,1.0,7.0,36159,M,4678060.0,174275.0,36
201100029706,11,3,30,2200,5,2,1,2.0,1.0,36044,M,4680400.0,168924.0,36
201100029707,11,4,6,1050,1,2,1,1.0,6.0,36044,M,4680990.0,168551.0,36
201100029708,11,4,8,2045,5,2,1,1.0,7.0,36044,M,4678790.0,170345.0,36
201100029709,11,4,10,1015,1,1,1,1.0,7.0,36159,M,4671600.0,174202.0,36
201100029710,11,4,11,738,1,2,3,1.0,3.0,36044,M,4679940.0,170409.0,36
201100029711,11,4,11,945,1,2,1,1.0,7.0,36044,M,4680400.0,169935.0,36
201100029712,11,4,14,1655,1,2,2,1.0,3.0,36044,M,4678870.0,169131.0,36
201100029713,11,4,20,1015,1,1,1,1.0,6.0,36202,M,4681420.0,160956.0,36
201100029714,11,5,1,817,1,2,1,1.0,3.0,36044,M,4679620.0,169210.0,36
201100029715,11,5,2,1755,1,1,1,7.0,5.0,36202,M,4679200.0,163710.0,36
201100029716,11,5,2,1820,1,1,1,1.0,3.0,36063,M,4682040.0,172615.0,36
201100029717,11,5,3,1200,1,2,1,1.0,7.0,36159,M,4676250.0,170269.0,36
201100029718,11,5,4,1419,1,1,1,1.0,7.0,36159,M,,,36
201100029719,11,5,9,1148,1,2,3,1.0,3.0,36044,M,4679500.0,170936.0,36
201100029720,11,5,9,1226,1,2,1,1.0,2.0,36044,M,4681770.0,170983.0,36
201100029721,11,5,9,1818,1,1,1,1.0,2.0,36159,M,,,36
201100029722,11,5,10,1230,1,2,1,1.0,2.0,36044,M,4679820.0,171150.0,36
201100029723,11,5,17,1625,1,1,1,1.0,1.0,36159,M,4679240.0,173392.0,36
201100029724,11,5,23,1030,1,2,2,1.0,3.0,36044,M,4680060.0,171620.0,36
201100029725,11,5,25,1809,1,1,1,1.0,3.0,36044,M,4678870.0,169672.0,36
201100029726,11,5,26,1700,1,2,1,1.0,3.0,36159,M,4679240.0,173531.0,36
201100029727,11,5,27,1130,1,2,6,1.0,2.0,36063,M,4685190.0,170125.0,36
201100029728,11,6,7,2020,1,2,1,1.0,7.0,36044,M,4679610.0,169904.0,36
201100029729,11,6,9,1000,1,2,1,1.0,6.0,36044,M,4681160.0,169422.0,36
201100029730,11,6,14,1245,1,2,1,1.0,3.0,36044,M,4680300.0,170028.0,36
201100029731,11,6,15,1156,1,2,1,1.0,3.0,36044,M,4679850.0,170482.0,36
201100029732,11,6,17,1040,1,1,3,1.0,4.0,36063,M,4683480.0,167744.0,36
201100029733,11,6,20,1714,1,2,1,1.0,3.0,36159,M,4679240.0,173561.0,36
201100029734,11,6,21,1915,1,2,1,1.0,6.0,36044,M,4680270.0,170916.0,36
201100029735,11,6,22,1030,1,2,2,1.0,1.0,36044,M,4680580.0,168345.0,36
201100029736,11,6,30,1150,1,2,3,1.0,3.0,36044,M,4682090.0,167946.0,36
201100029737,11,7,5,1805,1,2,1,1.0,7.0,36063,M,4682760.0,170617.0,36
201100029738,11,7,6,525,5,2,1,1.0,7.0,36044,M,4679860.0,171931.0,36
201100029739,11,7,6,1000,1,2,3,1.0,1.0,36044,M,4679810.0,171127.0,36
201100029740,11,7,11,2250,5,2,1,1.0,3.0,36044,M,4680320.0,170646.0,36
201100029741,11,7,13,554,3,1,1,8.0,7.0,36202,M,4677190.0,165671.0,36
201100029742,11,7,19,1327,1,1,1,1.0,7.0,36202,M,,,36
201100029743,11,7,26,2145,3,1,1,1.0,7.0,36202,M,,,36
201100029744,11,8,5,1454,1,2,6,1.0,3.0,36044,M,4680800.0,167702.0,36
201100029745,11,8,5,1755,1,1,1,1.0,6.0,36202,M,,,36
201100029746,11,8,12,1711,1,2,1,1.0,5.0,36044,M,4678920.0,166013.0,36
201100029747,11,8,13,1450,1,2,1,1.0,1.0,36202,M,4678680.0,165810.0,36
201100029748,11,8,18,1830,1,2,1,1.0,7.0,36159,M,4676530.0,171775.0,36
201100029749,11,8,23,1250,1,2,1,1.0,6.0,36044,M,4678870.0,167894.0,36
201100029750,11,8,25,1715,1,2,1,1.0,3.0,36044,M,4681720.0,168406.0,36
201100029751,11,8,26,1040,1,1,1,1.0,1.0,36159,M,4678520.0,174953.0,36
201100029752,11,8,26,1237,1,2,1,2.0,6.0,36044,M,4681340.0,169562.0,36
201100029753,11,8,26,1246,1,2,1,1.0,5.0,36044,M,4680750.0,170737.0,36
201100029754,11,8,30,1615,1,2,3,1.0,3.0,36044,M,4679960.0,172421.0,36
201100029755,11,9,7,1813,1,2,1,1.0,2.0,36044,M,,,36
201100029756,11,9,8,1545,1,2,1,1.0,7.0,36044,M,4681670.0,167896.0,36
201100029757,11,9,9,1012,1,2,1,1.0,6.0,36044,M,4680370.0,171004.0,36
201100029758,11,9,12,1350,1,1,1,8.0,2.0,36202,M,4678400.0,165565.0,36
201100029759,11,9,14,1203,1,2,4,1.0,4.0,36044,M,4680690.0,168018.0,36
201100029760,11,9,15,1924,1,2,1,1.0,3.0,36063,M,4685150.0,170385.0,36
201100029761,11,9,16,930,1,2,6,2.0,7.0,36044,M,4680930.0,169747.0,36
201100029762,11,9,17,1600,1,2,1,1.0,2.0,36044,M,4680580.0,168368.0,36
201100029763,11,9,18,2043,2,2,1,2.0,7.0,36044,M,4679580.0,166509.0,36
201100029764,11,9,23,1036,1,2,1,1.0,3.0,36063,M,4682610.0,170243.0,36
201100029765,11,9,25,1657,1,2,1,1.0,7.0,36159,M,4678700.0,172498.0,36
201100029766,11,10,3,1730,1,1,3,1.0,3.0,36202,M,4676630.0,167076.0,36
201100029767,11,10,11,1110,1,1,1,1.0,6.0,36044,M,4678630.0,169060.0,36
201100029768,11,10,13,819,1,2,1,1.0,6.0,36063,M,4682670.0,170897.0,36
201100029769,11,10,18,749,1,2,3,1.0,3.0,36044,M,4680490.0,171290.0,36
201100029770,11,10,19,1609,1,2,1,1.0,2.0,36044,M,,,36
201100029771,11,10,20,300,5,2,2,1.0,7.0,36044,M,4678800.0,170369.0,36
201100029772,11,11,4,754,2,2,6,1.0,2.0,36044,M,4681300.0,172028.0,36
201100029773,11,11,4,1610,1,2,1,1.0,3.0,36044,M,4679830.0,172680.0,36
201100029774,11,11,17,930,1,1,1,1.0,6.0,36202,M,4677190.0,165671.0,36
201100029775,11,11,18,800,1,2,1,1.0,4.0,36202,M,4681970.0,167125.0,36
201100029776,11,11,21,1317,1,2,2,1.0,3.0,36044,M,4681040.0,170573.0,36
201100029777,11,11,24,1905,5,2,3,1.0,3.0,36044,M,4678870.0,169131.0,36
201100029778,11,12,1,1145,1,1,1,1.0,2.0,36063,M,,,36
201100029779,11,12,1,1804,3,1,1,1.0,7.0,36044,M,,,36
201100029780,11,12,3,830,2,2,1,8.0,6.0,36044,M,4680990.0,168796.0,36
201100029781,11,12,3,1532,1,1,1,2.0,7.0,36044,M,,,36
201100029782,11,12,3,1700,2,2,2,8.0,3.0,36044,M,4681040.0,170573.0,36
201100029783,11,12,3,2020,3,1,1,8.0,1.0,36159,M,4678790.0,175247.0,36
201100029784,11,12,5,840,1,2,1,1.0,3.0,36044,M,4680010.0,171309.0,36
201100029785,11,12,6,745,2,2,1,1.0,2.0,36044,M,4680770.0,170303.0,36
201100029786,11,12,6,1746,2,2,1,1.0,3.0,36044,M,4680300.0,169585.0,36
201100029787,11,12,8,1523,1,2,4,8.0,1.0,36044,M,4681860.0,170575.0,36
201100029788,11,12,9,1930,5,1,1,1.0,7.0,36063,M,4683210.0,169661.0,36
201100029789,11,12,11,1322,1,1,1,8.0,7.0,36202,M,,,36
201100029790,11,12,11,1440,1,1,1,8.0,7.0,36202,M,4675690.0,163222.0,36
201100029791,11,12,12,1040,1,1,1,8.0,2.0,36044,M,4681420.0,168475.0,36
201100029792,11,12,12,1645,1,2,2,1.0,3.0,36044,M,4680780.0,168365.0,36
201100029793,11,12,13,1243,1,2,2,8.0,3.0,36159,M,4680620.0,167194.0,36
201100029794,11,12,13,1815,3,1,1,8.0,2.0,36044,M,4680620.0,167194.0,36
201100029795,11,12,15,830,2,2,3,1.0,3.0,36044,M,4681620.0,170087.0,36
201100029796,11,12,15,1348,1,2,1,1.0,7.0,36044,M,4680210.0,170872.0,36
201100029797,11,12,19,1746,5,2,4,2.0,1.0,36044,M,4679960.0,171181.0,36
201100029798,11,12,21,1419,1,2,1,2.0,7.0,36202,M,4678850.0,165960.0,36
201100029799,11,12,21,1721,5,2,6,2.0,2.0,36044,M,4679350.0,166444.0,36
201100029800,11,12,28,1840,5,2,1,8.0,6.0,36044,M,4680500.0,168819.0,36
201100029801,11,12,29,1510,1,2,1,1.0,6.0,36044,M,,,36
201100029802,11,6,10,800,1,2,1,1.0,6.0,37261,M,4739270.0,68762.0,37
201100029803,11,1,3,800,2,1,1,1.0,7.0,37261,M,4736940.0,65465.0,37
201100029804,11,1,3,920,1,2,2,1.0,3.0,37261,M,4739070.0,68859.0,37
201100029805,11,1,8,1915,5,2,3,2.0,6.0,37261,M,4738150.0,70446.0,37
201100029806,11,1,2,2040,5,2,2,1.0,3.0,37122,M,4734880.0,66518.0,37
201100029807,11,1,14,1905,5,2,1,2.0,6.0,37261,M,,,37
201100029808,11,1,14,2010,5,2,2,2.0,6.0,37233,M,4739500.0,72615.0,37
201100029809,11,1,19,1730,1,1,1,1.0,7.0,37195,M,4738250.0,65058.0,37
201100029810,11,1,20,1350,1,2,1,1.0,6.0,37261,M,,,37
201100029811,11,1,2,2230,5,2,2,9.0,1.0,37214,M,,,37
201100029812,11,1,21,700,3,1,1,1.0,7.0,37195,M,4738300.0,65061.0,37
201100029813,11,1,21,710,3,1,1,8.0,2.0,37195,M,4738290.0,65064.0,37
201100029814,11,1,21,925,1,1,1,1.0,6.0,37233,M,4737760.0,71732.0,37
201100029815,11,1,27,810,2,1,1,1.0,3.0,37261,M,4737600.0,65338.0,37
201100029816,11,1,28,1140,1,1,1,1.0,2.0,37261,M,,,37
201100029817,11,1,31,1924,5,2,2,1.0,3.0,37122,M,4734690.0,65110.0,37
201100029818,11,2,2,525,5,2,2,9.0,6.0,37261,M,4741540.0,67887.0,37
201100029819,11,2,3,1135,1,2,3,2.0,3.0,37214,M,4742350.0,65768.0,37
201100029820,11,1,3,930,1,2,2,1.0,3.0,37261,M,4737980.0,67415.0,37
201100029821,11,1,9,200,5,2,1,3.0,6.0,37261,M,4736360.0,69952.0,37
201100029822,11,1,31,2110,5,1,6,8.0,3.0,37122,M,4735640.0,69158.0,37
201100029823,11,2,2,55,3,1,1,2.0,7.0,37261,M,4736730.0,65404.0,37
201100029824,11,2,13,305,5,2,1,1.0,2.0,37261,M,4738220.0,71209.0,37
201100029825,11,2,18,2200,5,2,2,8.0,6.0,37261,M,4738940.0,68288.0,37
201100029826,11,2,18,40,5,2,1,8.0,3.0,37122,M,4735500.0,69895.0,37
201100029827,11,2,24,2135,5,2,1,8.0,6.0,37261,M,4738560.0,69986.0,37
201100029828,11,3,27,305,5,2,1,8.0,7.0,37261,M,,,37
201100029829,11,4,2,2305,5,2,2,1.0,3.0,37261,M,4738570.0,68350.0,37
201100029830,11,4,12,120,3,2,1,1.0,7.0,37122,M,4734050.0,66453.0,37
201100029831,11,4,24,2050,2,2,1,2.0,7.0,37261,M,4738490.0,67669.0,37
201100029832,11,5,1,215,5,2,1,1.0,7.0,37261,M,4736620.0,70404.0,37
201100029833,11,5,1,2210,5,2,6,8.0,7.0,37261,M,4738110.0,70665.0,37
201100029834,11,5,13,150,5,2,1,1.0,6.0,37261,M,4741590.0,67796.0,37
201100029835,11,5,23,2215,5,2,6,1.0,7.0,37261,M,4739540.0,67745.0,37
201100029836,11,6,3,2300,5,2,3,1.0,7.0,37261,M,4739730.0,70364.0,37
201100029837,11,6,5,2205,2,2,1,1.0,6.0,37261,M,,,37
201100029838,11,6,12,35,5,2,1,1.0,6.0,37214,M,4741890.0,66904.0,37
201100029839,11,6,12,2135,2,2,1,2.0,7.0,37208,M,4734070.0,73813.0,37
201100029840,11,6,13,2305,5,2,2,1.0,3.0,37233,M,4739420.0,75144.0,37
201100029841,11,6,18,2256,5,2,2,1.0,7.0,37261,M,4739370.0,68721.0,37
201100029842,11,7,14,2300,5,2,1,1.0,6.0,37261,M,4739550.0,67744.0,37
201100029843,11,7,17,2315,5,2,2,8.0,7.0,37261,M,4738450.0,67765.0,37
201100029844,11,1,3,2330,5,2,6,1.0,6.0,37261,M,4742650.0,70155.0,37
201100029845,11,1,5,745,5,2,6,1.0,3.0,37233,M,4737810.0,71882.0,37
201100029846,11,1,4,1130,1,2,1,1.0,6.0,37261,M,4739180.0,68574.0,37
201100029847,11,1,4,1645,5,2,4,1.0,6.0,37261,M,,,37
201100029848,11,2,17,1330,1,2,1,1.0,7.0,37233,M,4739630.0,72995.0,37
201100029849,11,2,17,1335,1,2,6,1.0,3.0,37261,M,4739470.0,70432.0,37
201100029850,11,2,23,1735,1,2,1,1.0,3.0,37261,M,4736510.0,70146.0,37
201100029851,11,2,22,2040,5,2,2,1.0,1.0,37261,M,,,37
201100029852,11,2,28,1345,1,1,2,1.0,2.0,37261,M,4736720.0,65558.0,37
201100029853,11,3,1,1730,1,2,3,1.0,6.0,37122,M,4733910.0,66458.0,37
201100029854,11,3,8,1020,1,2,3,1.0,2.0,37208,M,4736800.0,72239.0,37
201100029855,11,3,24,1350,1,2,1,1.0,6.0,37122,M,4734540.0,65697.0,37
201100029856,11,3,24,1400,1,2,1,1.0,7.0,37261,M,4739730.0,70369.0,37
201100029857,11,3,25,1520,1,1,1,1.0,1.0,37233,M,4738100.0,74165.0,37
201100029858,11,3,8,820,1,2,1,1.0,7.0,37261,M,4738980.0,68631.0,37
201100029859,11,4,6,1815,1,2,1,1.0,6.0,37122,M,,,37
201100029860,11,4,5,1510,1,2,2,1.0,3.0,37261,M,,,37
201100029861,11,4,8,805,1,1,1,1.0,2.0,37261,M,4736730.0,65404.0,37
201100029862,11,4,12,1830,1,2,1,1.0,1.0,37261,M,4737690.0,67750.0,37
201100029863,11,4,12,1655,1,2,6,1.0,6.0,37261,M,4737380.0,67850.0,37
201100029864,11,1,4,1030,1,2,2,1.0,3.0,37261,M,4739070.0,69230.0,37
201100029865,11,1,1,600,2,2,1,1.0,6.0,37261,M,4738930.0,68902.0,37
201100029866,11,2,6,1650,1,2,1,1.0,6.0,37261,M,4741820.0,67533.0,37
201100029867,11,2,7,1900,5,2,1,1.0,2.0,37261,M,4739160.0,69885.0,37
201100029868,11,2,15,755,2,2,3,2.0,3.0,37261,M,4739100.0,67976.0,37
201100029869,11,2,15,1135,1,2,3,2.0,3.0,37261,M,4737780.0,69371.0,37
201100029870,11,2,18,1510,1,2,1,1.0,2.0,37261,M,4737410.0,70342.0,37
201100029871,11,2,20,655,5,2,1,5.0,7.0,37261,M,4743250.0,68576.0,37
201100029872,11,2,25,1945,5,2,3,1.0,5.0,37233,M,4739250.0,70635.0,37
201100029873,11,3,5,950,1,2,3,1.0,3.0,37261,M,4741020.0,68964.0,37
201100029874,11,3,9,1750,1,2,1,1.0,7.0,37122,M,,,37
201100029875,11,3,10,740,1,2,1,1.0,2.0,37261,M,4736610.0,69849.0,37
201100029876,11,3,11,840,1,2,2,1.0,3.0,37261,M,4739110.0,69548.0,37
201100029877,11,3,16,825,1,2,3,1.0,3.0,37261,M,4738820.0,68943.0,37
201100029878,11,3,20,1705,1,2,2,1.0,3.0,37261,M,4738300.0,67937.0,37
201100029879,11,3,21,1305,1,2,1,1.0,2.0,37261,M,4737430.0,70303.0,37
201100029880,11,3,21,1605,1,1,3,1.0,3.0,37261,M,,,37
201100029881,11,1,29,1200,1,1,1,1.0,6.0,37261,M,4738640.0,67766.0,37
201100029882,11,1,3,1725,2,2,1,1.0,6.0,37261,M,4739230.0,66808.0,37
201100029883,11,2,2,1425,1,2,2,1.0,3.0,37261,M,4743540.0,69309.0,37
201100029884,11,2,4,1130,1,2,6,1.0,3.0,37261,M,4739470.0,70426.0,37
201100029885,11,1,27,1410,1,2,1,1.0,4.0,37261,M,4741370.0,70284.0,37
201100029886,11,1,11,631,5,2,1,2.0,7.0,37261,M,4736780.0,70393.0,37
201100029887,11,2,14,1355,1,2,1,1.0,5.0,37261,M,4739010.0,68822.0,37
201100029888,11,3,12,1727,1,2,4,2.0,7.0,37261,M,,,37
201100029889,11,2,23,720,5,2,3,1.0,3.0,37261,M,4737970.0,67141.0,37
201100029890,11,2,21,1840,5,2,2,1.0,2.0,37261,M,4739020.0,68860.0,37
201100029891,11,3,5,1745,1,2,1,1.0,2.0,37261,M,,,37
201100029892,11,3,11,1610,1,2,1,1.0,6.0,37261,M,4739660.0,68610.0,37
201100029893,11,3,16,1942,5,2,1,1.0,3.0,37261,M,4743180.0,69742.0,37
201100029894,11,3,18,515,5,2,1,1.0,1.0,37261,M,4737390.0,69761.0,37
201100029895,11,3,24,837,1,2,6,1.0,3.0,37261,M,,,37
201100029896,11,3,25,1215,1,2,1,1.0,6.0,37261,M,4739020.0,68860.0,37
201100029897,11,3,7,1015,1,2,1,1.0,3.0,37261,M,4739670.0,68585.0,37
201100029898,11,3,7,1215,1,2,1,1.0,4.0,37261,M,4737830.0,70137.0,37
201100029899,11,3,29,1323,1,2,1,2.0,7.0,37214,M,4740520.0,67729.0,37
201100029900,11,4,4,1800,1,2,1,1.0,6.0,37261,M,4742070.0,69470.0,37
201100029901,11,4,16,1415,1,2,3,1.0,3.0,37233,M,4737760.0,71666.0,37
201100029902,11,4,16,1740,1,2,2,1.0,3.0,37214,M,4740350.0,66539.0,37
201100029903,11,4,18,725,2,2,1,1.0,2.0,37261,M,4741990.0,71660.0,37
201100029904,11,1,7,1026,1,2,1,2.0,6.0,37261,M,4738320.0,70262.0,37
201100029905,11,3,10,935,1,2,1,1.0,6.0,37261,M,4739000.0,68784.0,37
201100029906,11,2,9,1308,1,2,2,1.0,3.0,37261,M,,,37
201100029907,11,3,23,755,1,1,4,1.0,3.0,37122,M,4734140.0,62755.0,37
201100029908,11,3,29,1640,1,2,1,1.0,7.0,37122,M,4736120.0,65012.0,37
201100029909,11,3,27,1410,1,1,1,2.0,3.0,37261,M,4738960.0,66848.0,37
201100029910,11,3,27,1520,1,2,2,2.0,3.0,37261,M,4741150.0,68973.0,37
201100029911,11,3,27,1630,1,2,1,2.0,2.0,37261,M,4738000.0,68584.0,37
201100029912,11,3,28,855,1,1,1,2.0,6.0,37122,M,4735200.0,64576.0,37
201100029913,11,3,28,1125,1,2,2,2.0,3.0,37261,M,4739020.0,68860.0,37
201100029914,11,3,29,800,1,2,3,1.0,3.0,37261,M,,,37
201100029915,11,3,29,910,1,2,3,1.0,3.0,37261,M,4738100.0,70652.0,37
201100029916,11,4,8,1350,1,2,1,1.0,6.0,37122,M,4734720.0,65268.0,37
201100029917,11,4,8,1715,1,2,1,1.0,3.0,37261,M,4739400.0,67826.0,37
201100029918,11,4,13,1825,1,2,1,1.0,3.0,37261,M,4739740.0,69542.0,37
201100029919,11,4,14,1635,1,2,2,1.0,3.0,37233,M,4737980.0,72669.0,37
201100029920,11,4,16,1150,1,2,2,1.0,3.0,37261,M,4738450.0,68111.0,37
201100029921,11,4,21,535,5,2,2,1.0,3.0,37261,M,4738380.0,67206.0,37
201100029922,11,4,22,815,1,1,3,1.0,6.0,37261,M,4737150.0,67755.0,37
201100029923,11,4,22,1200,1,2,1,1.0,3.0,37261,M,4737980.0,66936.0,37
201100029924,11,4,27,955,1,2,2,1.0,3.0,37214,M,4740750.0,68167.0,37
201100029925,11,4,28,1155,1,1,1,1.0,1.0,37195,M,4738380.0,62433.0,37
201100029926,11,5,3,900,1,2,3,1.0,6.0,37261,M,,,37
201100029927,11,5,3,945,1,2,2,1.0,3.0,37261,M,4738760.0,68369.0,37
201100029928,11,1,7,1240,1,2,1,2.0,7.0,37208,M,4736630.0,73323.0,37
201100029929,11,3,17,1108,1,2,1,1.0,7.0,37261,M,4739930.0,70009.0,37
201100029930,11,1,19,805,2,2,2,1.0,3.0,37261,M,4739100.0,69356.0,37
201100029931,11,1,19,740,2,2,2,1.0,3.0,37261,M,4738440.0,67663.0,37
201100029932,11,1,10,730,5,2,1,1.0,6.0,37122,M,4734930.0,67729.0,37
201100029933,11,1,22,1230,1,2,2,1.0,6.0,37261,M,4737570.0,70260.0,37
201100029934,11,1,25,1615,1,1,6,1.0,6.0,37122,M,,,37
201100029935,11,1,27,845,1,2,6,1.0,6.0,37261,M,4743050.0,67296.0,37
201100029936,11,4,29,1320,1,2,1,1.0,7.0,37261,M,4737430.0,70455.0,37
201100029937,11,4,23,1450,1,2,1,1.0,2.0,37261,M,4739000.0,68771.0,37
201100029938,11,5,11,1920,1,2,1,1.0,2.0,37214,M,4742010.0,66192.0,37
201100029939,11,5,12,1630,1,2,1,1.0,3.0,37261,M,4737820.0,67735.0,37
201100029940,11,5,24,1545,1,2,2,1.0,3.0,37261,M,4735960.0,69747.0,37
201100029941,11,5,17,1820,1,2,1,1.0,2.0,37214,M,4740070.0,67691.0,37
201100029942,11,5,25,915,1,2,2,1.0,3.0,37261,M,4738800.0,67161.0,37
201100029943,11,6,4,1620,1,2,1,1.0,6.0,37261,M,4738340.0,69648.0,37
201100029944,11,6,7,815,1,2,2,1.0,6.0,37261,M,4739010.0,68861.0,37
201100029945,11,6,10,1805,1,2,3,1.0,2.0,37122,M,4734300.0,65493.0,37
201100029946,11,6,17,1600,1,2,1,1.0,2.0,37261,M,4737580.0,68061.0,37
201100029947,11,6,22,1410,1,2,1,1.0,2.0,37261,M,4738620.0,69065.0,37
201100029948,11,6,18,1155,1,2,1,1.0,6.0,37261,M,4739030.0,68220.0,37
201100029949,11,6,17,1745,1,2,2,1.0,3.0,37261,M,4738680.0,70328.0,37
201100029950,11,6,29,1350,1,2,2,1.0,2.0,37261,M,4738820.0,68751.0,37
201100029951,11,6,29,1540,1,2,1,1.0,3.0,37122,M,4735200.0,63871.0,37
201100029952,11,7,4,2010,1,2,1,1.0,2.0,37195,M,4738150.0,65179.0,37
201100029953,11,7,17,1925,1,2,1,2.0,7.0,37050,M,4733120.0,68082.0,37
201100029954,11,2,14,600,2,2,1,1.0,7.0,37122,M,4734700.0,66211.0,37
201100029955,11,2,14,1447,1,2,1,1.0,7.0,37261,M,4737300.0,71607.0,37
201100029956,11,1,24,730,5,2,1,1.0,2.0,37261,M,4739160.0,70680.0,37
201100029957,11,5,7,1425,1,2,2,1.0,3.0,37261,M,4739280.0,67216.0,37
201100029958,11,5,8,1610,1,2,1,1.0,2.0,37261,M,4737630.0,71249.0,37
201100029959,11,5,16,915,1,2,1,1.0,1.0,37261,M,4738320.0,70276.0,37
201100029960,11,5,16,1005,1,2,3,1.0,6.0,37261,M,,,37
201100029961,11,5,19,1520,1,2,1,1.0,2.0,37261,M,4739530.0,67655.0,37
201100029962,11,5,19,1750,1,1,3,1.0,1.0,37122,M,4736780.0,64456.0,37
201100029963,11,5,20,1325,1,2,3,1.0,6.0,37214,M,4740950.0,65669.0,37
201100029964,11,5,19,1750,1,2,6,1.0,3.0,37261,M,4738110.0,70665.0,37
201100029965,11,5,25,2000,1,2,1,1.0,6.0,37214,M,4742830.0,66031.0,37
201100029966,11,6,1,1655,1,2,3,1.0,6.0,37261,M,4738160.0,70369.0,37
201100029967,11,6,6,1935,1,1,3,1.0,3.0,37122,M,,,37
201100029968,11,6,8,935,1,2,2,1.0,6.0,37261,M,4737540.0,69468.0,37
201100029969,11,6,13,1415,1,2,1,1.0,6.0,37214,M,,,37
201100029970,11,6,18,2000,1,2,1,1.0,3.0,37233,M,4738980.0,71534.0,37
201100029971,11,1,26,1030,1,2,1,2.0,7.0,37122,M,4734660.0,66565.0,37
201100029972,11,3,7,1449,1,2,2,1.0,3.0,37214,M,4740370.0,66704.0,37
201100029973,11,3,23,830,1,2,1,1.0,3.0,37261,M,4739150.0,66899.0,37
201100029974,11,3,16,1810,1,2,1,1.0,3.0,37195,M,4738190.0,62456.0,37
201100029975,11,3,22,1807,1,2,1,1.0,6.0,37122,M,4734530.0,65719.0,37
201100029976,11,1,30,2040,5,2,3,8.0,6.0,37261,M,,,37
201100029977,11,5,30,1505,1,2,1,1.0,6.0,37122,M,4733930.0,66458.0,37
201100029978,11,2,3,2250,5,2,3,1.0,7.0,37261,M,4739750.0,69902.0,37
201100029979,11,6,21,920,1,2,2,1.0,3.0,37261,M,4738820.0,68355.0,37
201100029980,11,6,30,1320,1,1,6,1.0,7.0,37261,M,4743070.0,67277.0,37
201100029981,11,6,30,1450,1,2,2,1.0,3.0,37261,M,4738620.0,69027.0,37
201100029982,11,7,1,1610,1,2,1,1.0,7.0,37233,M,4739710.0,73963.0,37
201100029983,11,7,1,2045,2,1,1,1.0,7.0,37261,M,4737100.0,67730.0,37
201100029984,11,7,7,1400,1,2,1,3.0,3.0,37195,M,4738280.0,65522.0,37
201100029985,11,7,12,1755,1,2,1,1.0,1.0,37261,M,4741540.0,68577.0,37
201100029986,11,7,18,1400,1,2,1,1.0,6.0,37261,M,4739330.0,68249.0,37
201100029987,11,7,19,1410,1,2,1,1.0,3.0,37261,M,4737370.0,67851.0,37
201100029988,11,7,19,1620,1,2,1,1.0,6.0,37261,M,4737790.0,70163.0,37
201100029989,11,7,25,1750,1,2,3,1.0,3.0,37261,M,4737430.0,70290.0,37
201100029990,11,7,27,1035,1,2,1,1.0,3.0,37261,M,4738980.0,68874.0,37
201100029991,11,8,2,920,1,2,3,2.0,6.0,37261,M,4739750.0,69438.0,37
201100029992,11,8,6,1750,1,1,1,2.0,5.0,37195,M,4737610.0,65350.0,37
201100029993,11,8,7,700,5,2,1,1.0,1.0,37122,M,4734450.0,67558.0,37
201100029994,11,8,11,2025,1,2,1,1.0,2.0,37261,M,4739720.0,69222.0,37
201100029995,11,8,12,1505,1,2,6,1.0,3.0,37261,M,4743020.0,70464.0,37
201100029996,11,8,14,610,5,2,6,2.0,7.0,37214,M,4741950.0,66284.0,37
201100029997,11,8,17,1950,1,2,1,1.0,2.0,37261,M,4737030.0,67784.0,37
201100029998,11,9,5,1650,1,2,3,1.0,3.0,37261,M,4737930.0,70661.0,37
201100029999,11,9,7,810,2,1,3,1.0,2.0,37214,M,4739710.0,65626.0,37
201100030000,11,9,11,1400,1,1,1,3.0,7.0,37122,M,4735030.0,64579.0,37
201100030001,11,9,22,1755,1,2,3,1.0,3.0,37214,M,4741010.0,66962.0,37
201100030002,11,9,23,1740,1,2,2,1.0,3.0,37261,M,4739470.0,70435.0,37
201100030003,11,9,23,1930,1,2,1,1.0,2.0,37208,M,4735600.0,73151.0,37
201100030004,11,4,12,1021,1,2,1,1.0,7.0,37261,M,4737750.0,69960.0,37
201100030005,11,5,3,1640,1,1,1,1.0,2.0,37233,M,4738070.0,73351.0,37