Num_Acc,an,mois,jour,hrmn,lum,agg,int,atm,col,com,gps,lat,long,dep
201100030006,11,5,4,1513,1,2,1,1.0,3.0,37195,M,4738860.0,65943.0,37
201100030007,11,5,5,810,1,2,1,1.0,3.0,37261,M,4742990.0,67892.0,37
201100030008,11,5,5,958,1,2,2,1.0,3.0,37261,M,4736590.0,70826.0,37
201100030009,11,5,9,1330,1,2,1,1.0,6.0,37122,M,4734860.0,66354.0,37
201100030010,11,5,10,1455,1,2,1,1.0,3.0,37261,M,4743250.0,69395.0,37
201100030011,11,2,4,1450,1,2,3,1.0,6.0,37261,M,4737770.0,69347.0,37
201100030012,11,5,27,1551,1,2,1,1.0,7.0,37261,M,,,37
201100030013,11,5,28,2000,1,2,1,1.0,2.0,37261,M,4739730.0,69024.0,37
201100030014,11,6,2,1725,1,2,2,1.0,3.0,37261,M,4736060.0,70651.0,37
201100030015,11,5,24,835,1,2,3,1.0,6.0,37261,M,,,37
201100030016,11,6,20,1736,1,2,2,1.0,6.0,37208,M,4736150.0,72078.0,37
201100030017,11,6,20,1803,1,2,1,1.0,3.0,37261,M,4739950.0,67489.0,37
201100030018,11,6,14,1704,1,2,1,1.0,6.0,37261,M,4739030.0,69039.0,37
201100030019,11,6,28,1145,1,2,2,1.0,3.0,37233,M,4739720.0,74167.0,37
201100030020,11,6,27,1837,1,2,1,1.0,7.0,37261,M,4738420.0,67447.0,37
201100030021,11,7,9,1700,1,2,2,1.0,3.0,37261,M,4742980.0,69698.0,37
201100030022,11,6,29,920,1,2,1,1.0,6.0,37261,M,4738910.0,67509.0,37
201100030023,11,7,9,1345,1,2,1,1.0,7.0,37261,M,4739070.0,68834.0,37
201100030024,11,7,2,1920,1,2,1,1.0,6.0,37214,M,4741510.0,66885.0,37
201100030025,11,7,5,1130,1,2,1,1.0,6.0,37233,M,4739730.0,70411.0,37
201100030026,11,8,19,1918,1,2,1,1.0,7.0,37261,M,4739010.0,69263.0,37
201100030027,11,7,20,1728,1,2,1,2.0,2.0,37050,M,4735550.0,69883.0,37
201100030028,11,8,22,814,1,2,3,1.0,3.0,37261,M,4737870.0,69330.0,37
201100030029,11,8,31,2045,5,2,3,1.0,2.0,37261,M,4737630.0,67906.0,37
201100030030,11,9,13,1324,1,1,1,2.0,7.0,37122,M,4733600.0,67046.0,37
201100030031,11,7,23,800,2,1,1,1.0,2.0,37261,M,4738960.0,64741.0,37
201100030032,11,9,30,1625,1,2,2,1.0,3.0,37261,M,4738240.0,67862.0,37
201100030033,11,9,12,1834,1,2,1,1.0,2.0,37214,M,4741380.0,67040.0,37
201100030034,11,10,18,1330,1,2,3,1.0,3.0,37261,M,4741730.0,69071.0,37
201100030035,11,10,20,841,1,2,1,1.0,6.0,37261,M,4743150.0,68642.0,37
201100030036,11,10,14,800,1,1,9,2.0,2.0,37122,M,4734050.0,66438.0,37
201100030037,11,11,2,655,5,2,2,1.0,3.0,37214,M,4741890.0,66912.0,37
201100030038,11,10,15,1107,1,2,2,1.0,5.0,37261,M,4738190.0,69026.0,37
201100030039,11,10,20,925,1,2,9,1.0,4.0,37261,M,4738960.0,67468.0,37
201100030040,11,10,20,803,1,2,3,1.0,6.0,37261,M,4737550.0,68343.0,37
201100030041,11,10,21,805,1,2,6,1.0,3.0,37122,M,4735010.0,67525.0,37
201100030042,11,11,18,1631,1,2,4,1.0,3.0,37203,M,4741210.0,72513.0,37
201100030043,11,11,8,738,2,2,2,2.0,6.0,37261,M,4739220.0,69748.0,37
201100030044,11,2,1,1545,1,2,1,1.0,6.0,37208,M,4736630.0,72641.0,37
201100030045,11,4,10,1200,1,2,9,3.0,6.0,37261,M,,,37
201100030046,11,4,23,1635,1,2,1,1.0,3.0,37261,M,4742590.0,70324.0,37
201100030047,11,4,25,1650,1,2,1,1.0,6.0,37261,M,4736660.0,71016.0,37
201100030048,11,4,28,1800,1,2,1,1.0,3.0,37261,M,4740330.0,68347.0,37
201100030049,11,5,23,957,1,2,1,1.0,6.0,37261,M,4741070.0,69576.0,37
201100030050,11,7,18,700,1,2,1,2.0,2.0,37261,M,4739630.0,68355.0,37
201100030051,11,7,19,745,1,2,1,3.0,2.0,37261,M,4738460.0,67663.0,37
201100030052,11,7,22,1625,1,1,1,1.0,4.0,37122,M,4735440.0,66675.0,37
201100030053,11,7,22,1207,1,1,1,1.0,6.0,37261,M,4739020.0,68872.0,37
201100030054,11,7,25,750,1,2,1,1.0,2.0,37214,M,4741780.0,67905.0,37
201100030055,11,8,18,1055,1,2,6,1.0,2.0,37261,M,4737930.0,66785.0,37
201100030056,11,8,27,2005,1,2,3,1.0,3.0,37261,M,4737820.0,67746.0,37
201100030057,11,9,8,1715,1,1,1,1.0,3.0,37261,M,4737390.0,66456.0,37
201100030058,11,9,8,1805,1,2,1,1.0,6.0,37261,M,4739100.0,68625.0,37
201100030059,11,9,14,1710,1,2,1,1.0,6.0,37261,M,4737590.0,69441.0,37
201100030060,11,9,14,2008,1,2,2,1.0,3.0,37208,M,4736910.0,71428.0,37
201100030061,11,9,14,2048,5,2,1,1.0,6.0,37261,M,4739560.0,67884.0,37
201100030062,11,9,28,1230,1,2,1,1.0,7.0,37261,M,4738820.0,67153.0,37
201100030063,11,9,29,730,1,2,1,1.0,3.0,37122,M,4734810.0,66027.0,37
201100030064,11,9,27,1736,1,2,1,1.0,7.0,37261,M,4740900.0,70386.0,37
201100030065,11,9,27,1550,1,2,1,1.0,7.0,37050,M,4735470.0,69896.0,37
201100030066,11,9,22,844,1,1,1,1.0,2.0,37195,M,4738130.0,63335.0,37
201100030067,11,9,29,810,1,2,2,1.0,3.0,37122,M,4735800.0,66558.0,37
201100030068,11,7,30,300,5,2,2,1.0,3.0,37261,M,4739740.0,69291.0,37
201100030069,11,8,10,2250,5,2,3,1.0,3.0,37122,M,4734870.0,65581.0,37
201100030070,11,8,20,2115,5,2,1,1.0,3.0,37233,M,4737880.0,71679.0,37
201100030071,11,9,10,435,5,2,1,1.0,6.0,37261,M,4737930.0,69163.0,37
201100030072,11,9,24,2330,5,2,2,1.0,7.0,37261,M,4739380.0,68721.0,37
201100030073,11,10,3,2105,5,2,1,1.0,6.0,37261,M,4738000.0,69889.0,37
201100030074,11,10,3,2150,5,2,3,1.0,7.0,37261,M,4737820.0,68201.0,37
201100030075,11,10,5,310,5,2,1,1.0,7.0,37261,M,4741240.0,70148.0,37
201100030076,11,10,20,2245,5,2,1,1.0,7.0,37261,M,4737600.0,69441.0,37
201100030077,11,10,26,2210,5,2,1,1.0,6.0,37261,M,4738940.0,68901.0,37
201100030078,11,10,27,2205,5,2,6,2.0,7.0,37261,M,4743190.0,69767.0,37
201100030079,11,10,31,2100,5,2,6,1.0,3.0,37261,M,4739540.0,67758.0,37
201100030080,11,12,4,2235,5,2,6,3.0,3.0,37208,M,4737470.0,71581.0,37
201100030081,11,12,6,340,5,2,1,1.0,6.0,37233,M,4738750.0,72466.0,37
201100030082,11,12,9,2055,5,2,1,2.0,2.0,37214,M,4741120.0,67793.0,37
201100030083,11,12,15,2100,5,2,1,2.0,6.0,37261,M,4739330.0,68326.0,37
201100030084,11,12,27,2100,5,2,2,8.0,7.0,37261,M,4738550.0,67264.0,37
201100030085,11,7,21,845,1,2,1,1.0,7.0,37261,M,,,37
201100030086,11,8,26,1350,1,2,1,1.0,7.0,37261,M,4740650.0,68208.0,37
201100030087,11,6,17,1757,1,2,1,1.0,7.0,37122,M,4732200.0,66480.0,37
201100030088,11,6,10,1102,1,2,5,1.0,6.0,37122,M,4734590.0,64414.0,37
201100030089,11,9,29,1725,1,2,2,1.0,3.0,37261,M,4737990.0,67971.0,37
201100030090,11,9,30,744,1,2,1,1.0,6.0,37233,M,4738480.0,70692.0,37
201100030091,11,9,30,810,1,2,3,1.0,3.0,37122,M,,,37
201100030092,11,9,30,925,1,2,6,1.0,3.0,37208,M,4736600.0,71740.0,37
201100030093,11,10,4,1945,5,2,2,1.0,1.0,37233,M,4738580.0,70356.0,37
201100030094,11,10,4,1730,1,2,3,1.0,2.0,37233,M,4738110.0,71290.0,37
201100030095,11,10,4,1620,1,2,6,1.0,3.0,37261,M,4737370.0,69511.0,37
201100030096,11,10,4,1905,1,2,1,1.0,7.0,37233,M,4739640.0,72974.0,37
201100030097,11,10,5,1725,1,2,1,1.0,6.0,37261,M,4739150.0,69879.0,37
201100030098,11,10,6,805,1,2,6,1.0,3.0,37214,M,4743070.0,67297.0,37
201100030099,11,10,10,1740,1,2,1,1.0,3.0,37261,M,4737400.0,67849.0,37
201100030100,11,10,11,1905,5,2,3,1.0,3.0,37261,M,4738130.0,70281.0,37
201100030101,11,10,19,815,2,2,6,1.0,3.0,37261,M,4737040.0,67707.0,37
201100030102,11,10,23,1940,5,2,1,1.0,2.0,37208,M,4736440.0,71864.0,37
201100030103,11,10,28,1700,1,2,3,1.0,5.0,37261,M,4737850.0,67963.0,37
201100030104,11,10,28,1935,5,2,1,1.0,2.0,37214,M,4741140.0,67590.0,37
201100030105,11,10,29,1730,3,1,1,2.0,7.0,37261,M,4736230.0,69587.0,37
201100030106,11,10,30,1145,1,2,2,1.0,5.0,37214,M,4742140.0,67619.0,37
201100030107,11,11,4,1455,1,2,2,1.0,3.0,37208,M,4736690.0,73808.0,37
201100030108,11,11,9,1930,5,2,4,1.0,6.0,37261,M,4739360.0,68633.0,37
201100030109,11,11,10,1400,1,1,1,1.0,6.0,37261,M,4739020.0,68809.0,37
201100030110,11,11,15,1825,5,2,3,1.0,3.0,37122,M,4735100.0,66643.0,37
201100030111,11,11,17,745,2,2,1,1.0,6.0,37261,M,4739370.0,67852.0,37
201100030112,11,11,21,1328,1,2,3,1.0,3.0,37261,M,4736290.0,69289.0,37
201100030113,11,9,8,110,5,2,6,1.0,7.0,37261,M,4737370.0,67837.0,37
201100030114,11,6,20,1746,1,2,6,1.0,6.0,37261,M,4741740.0,68341.0,37
201100030115,11,2,12,1015,1,2,1,1.0,7.0,37261,M,4737750.0,69973.0,37
201100030116,11,2,17,1923,5,2,3,1.0,3.0,37261,M,4741180.0,68627.0,37
201100030117,11,9,13,1920,1,2,2,1.0,3.0,37261,M,4736430.0,65433.0,37
201100030118,11,7,10,1400,1,2,1,1.0,6.0,37261,M,4739030.0,68937.0,37
201100030119,11,7,15,1843,1,2,1,1.0,2.0,37261,M,4742660.0,70181.0,37
201100030120,11,7,21,1310,1,2,1,1.0,6.0,37195,M,4738680.0,65344.0,37
201100030121,11,8,1,1652,1,2,1,1.0,2.0,37208,M,4736570.0,71574.0,37
201100030122,11,8,2,1447,1,2,2,1.0,6.0,37261,M,4737520.0,70619.0,37
201100030123,11,10,2,2155,5,2,2,1.0,6.0,37261,M,4738230.0,67849.0,37
201100030124,11,8,16,840,1,1,1,1.0,6.0,37261,M,4739310.0,67112.0,37
201100030125,11,8,21,537,5,2,1,1.0,7.0,37261,M,4739530.0,67655.0,37
201100030126,11,8,24,1704,1,2,1,1.0,6.0,37122,M,4735850.0,67160.0,37
201100030127,11,8,26,1727,1,2,1,2.0,7.0,37261,M,4737320.0,67832.0,37
201100030128,11,8,31,1646,1,2,1,1.0,7.0,37261,M,4736230.0,69598.0,37
201100030129,11,2,21,1840,5,2,6,2.0,6.0,37261,M,,,37
201100030130,11,10,17,831,4,2,3,1.0,3.0,37261,M,4741550.0,69754.0,37
201100030131,11,10,14,1710,1,2,6,1.0,3.0,37261,M,4735640.0,69147.0,37
201100030132,11,10,15,1500,1,2,2,1.0,6.0,37261,M,4739380.0,68121.0,37
201100030133,11,10,14,1840,1,2,3,1.0,3.0,37122,M,4735000.0,66509.0,37
201100030134,11,10,15,1745,1,2,3,1.0,3.0,37233,M,4739350.0,70381.0,37
201100030135,11,10,11,620,2,2,4,1.0,3.0,37233,M,4738150.0,73672.0,37
201100030136,11,10,17,915,1,2,1,1.0,7.0,37195,M,4737740.0,61925.0,37
201100030137,11,10,20,2010,5,2,1,1.0,2.0,37233,M,4738050.0,70730.0,37
201100030138,11,10,27,1900,3,2,1,2.0,2.0,37261,M,4741600.0,71835.0,37
201100030139,11,11,2,1540,1,2,1,1.0,6.0,37261,M,,,37
201100030140,11,11,3,750,1,2,1,1.0,6.0,37261,M,4741360.0,68929.0,37
201100030141,11,11,2,1740,5,2,1,2.0,2.0,37233,M,4737760.0,71187.0,37
201100030142,11,11,3,1155,1,2,2,2.0,3.0,37261,M,4739370.0,68721.0,37
201100030143,11,11,9,1225,1,2,1,1.0,3.0,37261,M,4739010.0,68784.0,37
201100030144,11,11,10,915,1,2,2,1.0,3.0,37261,M,4739030.0,67057.0,37
201100030145,11,11,15,830,1,2,3,1.0,3.0,37261,M,4737980.0,66796.0,37
201100030146,11,12,1,1845,5,2,1,1.0,7.0,37122,M,4735220.0,66512.0,37
201100030147,11,11,22,925,1,2,6,1.0,3.0,37214,M,4741730.0,68342.0,37
201100030148,11,12,1,1610,1,2,3,1.0,3.0,37233,M,4738590.0,75542.0,37
201100030149,11,11,16,1230,1,2,6,1.0,7.0,37233,M,4739480.0,70430.0,37
201100030150,11,12,2,2015,5,2,2,2.0,3.0,37261,M,4738160.0,67046.0,37
201100030151,11,12,7,1813,5,2,1,2.0,6.0,37214,M,4740150.0,68423.0,37
201100030152,11,12,14,1310,1,2,2,1.0,3.0,37261,M,4738790.0,67385.0,37
201100030153,11,12,14,2038,3,2,1,2.0,7.0,37261,M,4739010.0,66661.0,37
201100030154,11,9,9,710,2,1,1,1.0,3.0,37122,M,4736740.0,65325.0,37
201100030155,11,9,5,1735,2,2,1,1.0,6.0,37261,M,4742180.0,69745.0,37
201100030156,11,9,7,1712,1,2,1,1.0,6.0,37122,M,4734740.0,66305.0,37
201100030157,11,9,7,1905,1,2,1,1.0,6.0,37261,M,4735890.0,69468.0,37
201100030158,11,9,7,1824,1,2,6,1.0,7.0,37261,M,4737230.0,67791.0,37
201100030159,11,9,7,1804,1,2,2,1.0,3.0,37261,M,4741390.0,69951.0,37
201100030160,11,9,12,1350,1,2,1,1.0,7.0,37261,M,4741610.0,70404.0,37
201100030161,11,11,12,1315,1,2,2,1.0,3.0,37208,M,4735760.0,72457.0,37
201100030162,11,9,18,1556,1,2,5,1.0,3.0,37214,M,4742610.0,65518.0,37
201100030163,11,9,18,1755,1,2,1,2.0,7.0,37261,M,4740290.0,72209.0,37
201100030164,11,9,18,1905,1,2,1,1.0,6.0,37261,M,4737610.0,69952.0,37
201100030165,11,9,21,902,1,2,1,1.0,3.0,37122,M,4734890.0,66629.0,37
201100030166,11,9,23,430,2,2,1,1.0,6.0,37261,M,4740320.0,68347.0,37
201100030167,11,9,25,1631,1,2,2,1.0,3.0,37261,M,4738940.0,68288.0,37
201100030168,11,9,25,1846,1,2,2,1.0,3.0,37261,M,4741180.0,68806.0,37
201100030169,11,9,27,1107,1,2,1,1.0,3.0,37122,M,4734220.0,65019.0,37
201100030170,11,9,27,1940,2,2,1,1.0,6.0,37122,M,4734460.0,65223.0,37
201100030171,11,9,30,840,1,2,1,1.0,3.0,37261,M,,,37
201100030172,11,11,22,1545,1,2,3,1.0,6.0,37214,M,4741760.0,68187.0,37
201100030173,11,11,28,1315,1,2,3,1.0,3.0,37233,M,4738650.0,71599.0,37
201100030174,11,11,29,830,1,2,1,1.0,6.0,37261,M,4737870.0,69317.0,37
201100030175,11,12,3,1955,5,2,3,2.0,6.0,37261,M,4741340.0,68648.0,37
201100030176,11,12,4,1420,1,2,1,2.0,3.0,37208,M,4736370.0,71903.0,37
201100030177,11,12,5,750,5,2,1,1.0,6.0,37261,M,4741230.0,70225.0,37
201100030178,11,12,6,1220,1,2,2,1.0,5.0,37233,M,4738750.0,72287.0,37
201100030179,11,12,10,1605,1,2,3,1.0,6.0,37214,M,4740050.0,67902.0,37
201100030180,11,12,16,2045,5,2,4,1.0,7.0,37214,M,4740920.0,68061.0,37
201100030181,11,12,18,700,5,2,1,2.0,7.0,37214,M,4740770.0,67164.0,37
201100030182,11,12,18,810,1,1,1,1.0,7.0,37208,M,4737290.0,71608.0,37
201100030183,11,12,28,1015,1,2,1,2.0,2.0,37214,M,4740770.0,67886.0,37
201100030184,11,12,18,1120,1,2,2,1.0,3.0,37214,M,4739210.0,66558.0,37
201100030185,11,12,22,1750,5,2,6,1.0,6.0,37261,M,4743000.0,70477.0,37
201100030186,11,12,27,1405,1,2,2,1.0,3.0,37261,M,4742120.0,69033.0,37
201100030187,11,9,16,1600,1,2,1,2.0,7.0,37261,M,4738140.0,70319.0,37
201100030188,11,11,1,1031,1,1,3,2.0,6.0,37208,M,4735710.0,71052.0,37
201100030189,11,10,20,846,1,2,6,1.0,3.0,37261,M,4736210.0,67350.0,37
201100030190,11,11,5,1610,1,2,1,2.0,3.0,37261,M,4738120.0,67916.0,37
201100030191,11,11,8,1100,1,2,1,1.0,6.0,37261,M,4739160.0,68804.0,37
201100030192,11,11,17,1400,1,2,3,1.0,7.0,37261,M,4739660.0,69324.0,37
201100030193,11,11,18,1737,5,2,1,1.0,6.0,37261,M,4739000.0,69461.0,37
201100030194,11,11,23,1438,1,2,1,1.0,3.0,37233,M,4740250.0,71124.0,37
201100030195,11,11,18,1600,1,2,1,1.0,6.0,37261,M,4739030.0,69320.0,37
201100030196,11,11,23,1552,1,2,6,1.0,7.0,37261,M,4741210.0,70033.0,37
201100030197,11,11,24,1858,4,2,3,1.0,2.0,37261,M,4738150.0,66817.0,37
201100030198,11,11,8,845,2,2,1,2.0,6.0,37261,M,4738370.0,70197.0,37
201100030199,11,11,29,2014,5,2,2,1.0,2.0,37214,M,4743040.0,66569.0,37
201100030200,11,12,14,1225,1,2,3,3.0,3.0,37122,M,4735080.0,66284.0,37
201100030201,11,12,14,1123,1,2,2,1.0,3.0,37214,M,4741940.0,67618.0,37
201100030202,11,12,14,820,1,2,2,1.0,3.0,37214,M,4742200.0,67931.0,37
201100030203,11,12,17,1526,1,2,1,1.0,7.0,37122,M,4734990.0,67562.0,37
201100030204,11,12,13,900,1,2,1,3.0,2.0,37214,M,4740060.0,68127.0,37
201100030205,11,1,6,1750,2,2,3,1.0,3.0,37122,M,4735680.0,69644.0,37
201100030206,11,1,7,820,1,2,6,8.0,7.0,37261,M,4736410.0,68410.0,37
201100030207,11,1,7,930,1,2,1,2.0,2.0,37195,M,4737600.0,65376.0,37
201100030208,11,1,18,1730,2,2,1,1.0,3.0,37233,M,4739550.0,74166.0,37
201100030209,11,1,17,1439,1,2,2,1.0,3.0,37261,M,4743320.0,69776.0,37
201100030210,11,1,18,1805,5,2,6,1.0,2.0,37214,M,4740770.0,67060.0,37
201100030211,11,1,19,905,1,2,1,1.0,6.0,37261,M,4738040.0,66807.0,37
201100030212,11,1,25,815,1,1,1,1.0,5.0,37261,M,4736740.0,65276.0,37
201100030213,11,1,26,715,1,2,3,2.0,3.0,37122,M,4735090.0,66509.0,37
201100030214,11,2,7,1200,1,2,1,1.0,7.0,37261,M,4740120.0,68434.0,37
201100030215,11,2,17,1820,1,2,2,1.0,2.0,37122,M,4735550.0,69882.0,37
201100030216,11,2,16,1450,1,2,3,1.0,7.0,37233,M,4739080.0,74247.0,37
201100030217,11,3,9,1230,1,2,1,1.0,6.0,37261,M,4740140.0,68416.0,37
201100030218,11,1,8,1955,2,2,9,1.0,3.0,37261,M,4737390.0,69524.0,37
201100030219,11,10,14,1217,1,2,6,1.0,6.0,37261,M,4742680.0,70167.0,37
201100030220,11,10,13,1435,1,2,2,1.0,6.0,37214,M,4742530.0,67690.0,37
201100030221,11,10,10,1800,2,2,1,1.0,2.0,37233,M,4740230.0,71253.0,37
201100030222,11,10,7,745,2,2,1,1.0,3.0,37233,M,4739690.0,73975.0,37
201100030223,11,10,7,1740,2,2,1,1.0,6.0,37261,M,4738590.0,69935.0,37
201100030224,11,10,1,1816,2,2,1,1.0,6.0,37261,M,4738700.0,69407.0,37
201100030225,11,10,2,818,2,2,6,1.0,7.0,37208,M,4737810.0,71559.0,37
201100030226,11,10,3,1141,1,2,1,1.0,2.0,37122,M,4734860.0,65433.0,37
201100030227,11,10,24,1403,1,2,6,1.0,4.0,37261,M,4740910.0,72047.0,37
201100030228,11,10,26,1229,1,2,6,1.0,2.0,37233,M,4739730.0,70364.0,37
201100030229,11,10,18,1745,2,2,1,1.0,6.0,37261,M,4737790.0,69652.0,37
201100030230,11,12,24,1657,1,2,9,1.0,7.0,37214,M,4742010.0,66192.0,37
201100030231,11,12,8,914,2,2,1,2.0,2.0,37233,M,4740300.0,70231.0,37
201100030232,11,12,20,835,1,2,9,1.0,1.0,37261,M,4736240.0,68940.0,37
201100030233,11,10,15,1532,1,2,1,1.0,6.0,37122,M,4734830.0,65995.0,37
201100030234,11,10,20,1155,1,2,6,1.0,6.0,37208,M,4737460.0,71582.0,37
201100030235,11,10,31,1458,1,2,1,1.0,6.0,37214,M,4742510.0,67690.0,37
201100030236,11,11,29,1300,1,2,2,1.0,3.0,37214,M,4740010.0,66594.0,37
201100030237,11,11,26,1153,1,2,1,1.0,2.0,37261,M,4742740.0,69667.0,37
201100030238,11,11,24,1015,2,2,2,1.0,3.0,37122,M,4734940.0,66121.0,37
201100030239,11,11,22,852,1,2,2,1.0,6.0,37261,M,4738690.0,68027.0,37
201100030240,11,11,19,956,1,2,1,1.0,6.0,37122,M,4737610.0,65278.0,37
201100030241,11,11,18,1948,2,2,1,1.0,6.0,37233,M,4738870.0,72637.0,37
201100030242,11,11,18,1446,1,2,3,1.0,6.0,37233,M,,,37
201100030243,11,11,18,1405,1,2,2,1.0,3.0,37261,M,4737720.0,70204.0,37
201100030244,11,11,17,1817,2,2,3,1.0,6.0,37261,M,4739690.0,68878.0,37
201100030245,11,12,1,1335,1,2,1,1.0,6.0,37233,M,4738860.0,74365.0,37
201100030246,11,12,7,717,2,2,2,1.0,3.0,37122,M,4734370.0,66432.0,37
201100030247,11,12,12,1747,5,2,3,1.0,3.0,37233,M,4739030.0,72690.0,37
201100030248,11,12,13,755,5,2,1,3.0,3.0,37261,M,4741750.0,70221.0,37
201100030249,11,12,19,825,1,2,2,1.0,6.0,37214,M,4742030.0,67348.0,37
201100030250,11,12,17,1050,1,2,2,1.0,3.0,37261,M,4742280.0,69181.0,37
201100030251,11,12,29,1657,2,2,1,1.0,3.0,37261,M,4736500.0,69960.0,37
201100030252,11,12,13,1101,1,2,1,1.0,7.0,37233,M,4738380.0,70695.0,37
201100030253,11,2,12,1745,2,2,2,1.0,3.0,37261,M,4738780.0,67985.0,37
201100030254,11,1,4,1640,1,2,3,1.0,3.0,37261,M,4742270.0,67890.0,37
201100030255,11,3,18,945,1,2,3,1.0,3.0,37261,M,,,37
201100030256,11,5,18,1545,1,2,2,1.0,6.0,37261,M,4738630.0,69013.0,37
201100030257,11,3,27,50,5,2,1,1.0,6.0,37214,M,4741690.0,71811.0,37
201100030258,11,3,25,1055,1,2,1,1.0,6.0,37261,M,4741270.0,68573.0,37
201100030259,11,4,9,110,5,2,1,1.0,3.0,37261,M,4736780.0,70220.0,37
201100030260,11,4,21,2340,5,2,2,1.0,2.0,37261,M,,,37
201100030261,11,4,15,2245,5,2,2,1.0,3.0,37261,M,4737960.0,69264.0,37
201100030262,11,5,13,2205,5,2,3,1.0,2.0,37195,M,4739370.0,66450.0,37
201100030263,11,5,12,930,1,2,4,7.0,6.0,37122,M,4734600.0,64506.0,37
201100030264,11,6,1,745,1,2,3,1.0,3.0,37261,M,4743680.0,69879.0,37
201100030265,11,5,17,1655,1,2,3,1.0,2.0,37214,M,4739640.0,66011.0,37
201100030266,11,6,4,1545,1,2,1,1.0,3.0,37261,M,4736020.0,69732.0,37
201100030267,11,6,7,650,2,2,1,1.0,6.0,37214,M,4740010.0,66677.0,37
201100030268,11,6,3,1705,1,2,6,1.0,1.0,37261,M,4739660.0,68610.0,37
201100030269,11,6,16,40,4,2,1,1.0,6.0,37261,M,,,37
201100030270,11,6,21,2120,1,2,6,1.0,1.0,37261,M,4737460.0,71583.0,37
201100030271,11,6,17,2312,5,2,1,2.0,3.0,37261,M,4739390.0,68709.0,37
201100030272,11,6,23,650,1,2,6,1.0,3.0,37261,M,4743030.0,70464.0,37
201100030273,11,4,27,1805,1,2,1,1.0,6.0,37261,M,4737730.0,71251.0,37
201100030274,11,6,21,1600,1,2,1,1.0,6.0,37214,M,4740630.0,68209.0,37
201100030275,11,7,6,940,1,1,1,2.0,7.0,37122,M,4734090.0,65085.0,37
201100030276,11,7,21,645,1,1,1,2.0,1.0,37208,M,4736920.0,74380.0,37
201100030277,11,7,22,1040,1,2,1,1.0,6.0,37261,M,4738040.0,69798.0,37
201100030278,11,7,26,1533,1,2,1,1.0,6.0,37233,M,4739230.0,72333.0,37
201100030279,11,7,28,1005,1,2,2,1.0,2.0,37261,M,4738830.0,68355.0,37
201100030280,11,7,28,1040,1,2,1,1.0,6.0,37233,M,4739750.0,69879.0,37
201100030281,11,6,16,800,1,2,1,1.0,6.0,37261,M,4738550.0,69040.0,37
201100030282,11,7,18,930,1,2,2,2.0,3.0,37214,M,4742140.0,67626.0,37
201100030283,11,7,30,1950,1,2,2,1.0,3.0,37214,M,4742040.0,67398.0,37
201100030284,11,7,1,1205,1,2,1,1.0,3.0,37261,M,4742500.0,69968.0,37
201100030285,11,9,24,1800,1,2,1,1.0,6.0,37261,M,4736660.0,69827.0,37
201100030286,11,9,27,1800,1,2,1,1.0,5.0,37195,M,4738550.0,64645.0,37
201100030287,11,9,27,1700,1,2,1,1.0,7.0,37261,M,4742330.0,69141.0,37
201100030288,11,8,4,1750,1,2,2,1.0,6.0,37261,M,4739120.0,66812.0,37
201100030289,11,9,21,1535,1,2,3,1.0,7.0,37122,M,4736140.0,67236.0,37
201100030290,11,9,21,1725,1,2,1,1.0,6.0,37261,M,4738530.0,67661.0,37
201100030291,11,10,3,1805,1,1,1,1.0,2.0,37208,M,4736780.0,71593.0,37
201100030292,11,10,10,800,1,2,1,1.0,7.0,37261,M,4738100.0,68543.0,37
201100030293,11,10,15,1530,1,2,4,1.0,3.0,37261,M,4736620.0,69957.0,37
201100030294,11,10,3,747,1,2,6,8.0,3.0,37261,M,4738030.0,69731.0,37
201100030295,11,10,19,1315,1,2,1,1.0,3.0,37122,M,4734790.0,65880.0,37
201100030296,11,10,13,2130,5,2,1,1.0,7.0,37261,M,4738990.0,66325.0,37
201100030297,11,10,27,1710,1,2,2,1.0,6.0,37261,M,4739480.0,69979.0,37
201100030298,11,11,1,235,5,2,3,1.0,6.0,37122,M,4733770.0,65888.0,37
201100030299,11,11,4,745,1,2,1,1.0,7.0,37261,M,4738780.0,67385.0,37
201100030300,11,11,21,1045,1,2,1,1.0,1.0,37208,M,4737070.0,71602.0,37
201100030301,11,11,18,1956,5,2,2,1.0,6.0,37122,M,4735100.0,66516.0,37
201100030302,11,11,22,625,5,2,1,1.0,2.0,37261,M,4737580.0,66400.0,37
201100030303,11,11,21,1225,1,2,2,1.0,7.0,37261,M,4742070.0,70390.0,37