Num_Acc,an,mois,jour,hrmn,lum,agg,int,atm,col,com,gps,lat,long,dep
201100030304,11,12,1,1300,1,2,1,8.0,7.0,37261,M,4742290.0,68798.0,37
201100030305,11,12,4,1050,1,1,1,8.0,1.0,37208,M,4736920.0,74380.0,37
201100030306,11,11,21,835,1,2,3,1.0,7.0,37261,M,4739120.0,69561.0,37
201100030307,11,12,21,1705,2,2,1,2.0,1.0,37214,M,4741140.0,65949.0,37
201100030308,11,12,12,810,2,2,4,1.0,6.0,37261,M,4739510.0,69549.0,37
201100030309,11,12,13,1850,5,1,1,1.0,3.0,37122,M,4734920.0,64574.0,37
201100030310,11,1,5,1142,1,2,2,1.0,3.0,38053,M,4558820.0,529171.0,38
201100030311,11,2,8,1430,1,2,1,1.0,5.0,38053,M,4560380.0,525927.0,38
201100030312,11,3,18,850,1,2,3,1.0,3.0,38053,M,4560010.0,525148.0,38
201100030313,11,3,21,2030,5,2,1,1.0,7.0,38053,M,4558820.0,529114.0,38
201100030314,11,3,31,1042,1,2,6,1.0,6.0,38053,M,4558910.0,527588.0,38
201100030315,11,4,12,640,2,2,1,1.0,6.0,38053,M,4558480.0,527546.0,38
201100030316,11,1,5,1830,5,2,1,1.0,2.0,38053,M,4558430.0,528359.0,38
201100030317,11,5,13,830,1,2,2,1.0,7.0,38053,M,4558720.0,527326.0,38
201100030318,11,5,10,1050,1,2,1,1.0,6.0,38053,M,4559010.0,527271.0,38
201100030319,11,5,26,1058,1,2,1,1.0,5.0,38053,M,4559010.0,527272.0,38
201100030320,11,6,4,1520,1,2,1,1.0,3.0,38053,M,,,38
201100030321,11,4,14,1630,1,2,3,1.0,1.0,38053,M,4560880.0,526380.0,38
201100030322,11,6,24,609,1,2,6,1.0,2.0,38053,M,,,38
201100030323,11,6,24,1212,1,2,2,1.0,3.0,38053,M,,,38
201100030324,11,6,24,2010,1,2,1,1.0,3.0,38053,M,,,38
201100030325,11,6,29,1157,1,2,1,1.0,3.0,38053,M,,,38
201100030326,11,7,3,50,5,2,2,1.0,3.0,38053,M,,,38
201100030327,11,7,5,1310,1,2,1,1.0,3.0,38053,M,,,38
201100030328,11,7,11,1655,1,2,1,1.0,6.0,38053,M,,,38
201100030329,11,8,29,809,1,1,1,1.0,3.0,38053,M,,,38
201100030330,11,9,16,1046,1,2,1,1.0,6.0,38053,M,,,38
201100030331,11,10,2,1755,1,2,1,1.0,6.0,38053,M,,,38
201100030332,11,10,4,1238,1,2,1,1.0,6.0,38053,M,,,38
201100030333,11,9,30,1150,1,2,1,1.0,6.0,38053,M,,,38
201100030334,11,11,17,1350,1,2,2,1.0,3.0,38053,M,,,38
201100030335,11,12,10,600,5,2,1,2.0,1.0,38053,M,,,38
201100030336,11,12,11,1000,1,2,3,1.0,1.0,38053,M,,,38
201100030337,11,12,21,1745,5,2,6,2.0,3.0,38053,M,,,38
201100030338,11,12,29,1625,1,2,2,1.0,3.0,38053,M,,,38
201100030339,11,1,1,2140,5,2,2,1.0,3.0,38421,M,4517920.0,575486.0,38
201100030340,11,1,3,1915,5,2,1,1.0,4.0,38185,M,4516490.0,571843.0,38
201100030341,11,1,4,1600,1,2,2,1.0,3.0,38185,M,4518990.0,571801.0,38
201100030342,11,1,5,1445,1,2,3,1.0,6.0,38185,M,4518850.0,571921.0,38
201100030343,11,1,5,1800,5,2,2,1.0,6.0,38185,M,4519350.0,571983.0,38
201100030344,11,1,6,745,5,2,2,2.0,6.0,38169,M,4518940.0,569323.0,38
201100030345,11,1,6,815,1,2,1,1.0,3.0,38185,M,4517600.0,571763.0,38
201100030346,11,1,8,1930,5,2,2,1.0,3.0,38185,M,4518960.0,573370.0,38
201100030347,11,1,11,1215,1,2,2,2.0,6.0,38185,M,4518610.0,572469.0,38
201100030348,11,1,11,2215,5,2,1,2.0,3.0,38151,M,4515240.0,571774.0,38
201100030349,11,1,15,1600,1,2,1,1.0,2.0,38151,M,4515100.0,571809.0,38
201100030350,11,1,15,1810,5,2,3,1.0,6.0,38185,M,4518710.0,571434.0,38
201100030351,11,1,19,840,1,2,2,1.0,3.0,38185,M,4517440.0,571439.0,38
201100030352,11,1,20,1600,1,2,4,1.0,6.0,38185,M,4518090.0,572172.0,38
201100030353,11,1,22,1530,1,2,1,1.0,5.0,38151,M,4515990.0,575135.0,38
201100030354,11,1,24,1320,1,2,1,1.0,6.0,38185,M,4516930.0,571270.0,38
201100030355,11,1,24,2055,3,1,1,1.0,6.0,38229,M,4519920.0,578068.0,38
201100030356,11,1,25,1235,1,2,2,1.0,6.0,38185,M,4516480.0,572851.0,38
201100030357,11,1,26,800,1,2,1,1.0,6.0,38185,M,4516810.0,571230.0,38
201100030358,11,1,26,1930,5,2,2,1.0,6.0,38169,M,4519250.0,569473.0,38
201100030359,11,1,28,1830,5,2,1,1.0,4.0,38185,M,4518790.0,573872.0,38
201100030360,11,1,30,2015,5,2,2,1.0,3.0,38185,M,,,38
201100030361,11,1,31,1400,1,2,2,1.0,3.0,38185,M,4518970.0,572465.0,38
201100030362,11,2,7,1620,1,2,1,1.0,6.0,38185,M,4519260.0,571896.0,38
201100030363,11,2,8,825,1,2,1,1.0,6.0,38185,M,,,38
201100030364,11,2,10,1450,1,2,2,1.0,6.0,38185,M,4518490.0,570797.0,38
201100030365,11,2,11,1630,1,2,3,1.0,3.0,38185,M,4519250.0,570769.0,38
201100030366,11,2,16,1715,1,2,1,1.0,1.0,38421,M,,,38
201100030367,11,2,20,350,5,2,2,2.0,5.0,38185,M,4518660.0,571855.0,38
201100030368,11,2,20,450,5,2,2,2.0,2.0,38185,M,4518020.0,571131.0,38
201100030369,11,2,26,950,1,2,2,1.0,6.0,38185,M,4518040.0,571646.0,38
201100030370,11,2,28,1715,1,2,1,1.0,6.0,38185,M,4518860.0,573059.0,38
201100030371,11,3,3,640,2,2,2,1.0,3.0,38185,M,4519020.0,573214.0,38
201100030372,11,3,4,1228,1,1,1,1.0,4.0,38382,M,4522590.0,566892.0,38
201100030373,11,3,10,1945,2,2,2,1.0,6.0,38185,M,4517790.0,572760.0,38
201100030374,11,3,14,715,1,1,1,1.0,2.0,38151,M,4515860.0,570256.0,38
201100030375,11,3,15,1830,1,2,1,1.0,6.0,38185,M,4518950.0,572900.0,38
201100030376,11,3,16,2155,5,2,2,3.0,3.0,38185,M,4518670.0,573204.0,38
201100030377,11,3,21,1210,1,2,3,1.0,6.0,38185,M,4517710.0,574165.0,38
201100030378,11,3,21,1800,1,2,6,1.0,3.0,38185,M,4520540.0,570045.0,38
201100030379,11,3,22,1840,1,2,1,1.0,5.0,38421,M,4518460.0,576714.0,38
201100030380,11,3,24,2115,5,2,2,1.0,3.0,38185,M,4518410.0,574385.0,38
201100030381,11,3,23,1510,1,2,3,1.0,6.0,38185,M,4518840.0,571448.0,38
201100030382,11,3,25,900,1,2,2,1.0,6.0,38169,M,4519000.0,569148.0,38
201100030383,11,3,31,720,1,2,1,1.0,6.0,38185,M,4516880.0,573562.0,38
201100030384,11,4,5,905,1,1,1,1.0,5.0,38151,M,,,38
201100030385,11,4,7,1400,1,2,1,1.0,6.0,38185,M,4519500.0,572931.0,38
201100030386,11,4,7,1808,1,2,2,1.0,3.0,38185,M,4517430.0,571439.0,38
201100030387,11,4,9,50,5,2,1,1.0,1.0,38421,M,4517920.0,575484.0,38
201100030388,11,4,13,2300,5,2,2,1.0,3.0,38185,M,4518810.0,571907.0,38
201100030389,11,4,14,1855,1,2,1,1.0,6.0,38185,M,4517920.0,570877.0,38
201100030390,11,4,15,2235,5,2,1,1.0,6.0,38169,M,4519540.0,569191.0,38
201100030391,11,4,18,1830,1,2,1,1.0,6.0,38151,M,4514700.0,573245.0,38
201100030392,11,4,21,1445,1,2,2,1.0,5.0,38421,M,4517150.0,575174.0,38
201100030393,11,4,21,1835,1,2,2,1.0,3.0,38185,M,4518870.0,572582.0,38
201100030394,11,4,22,1115,1,2,2,1.0,6.0,38185,M,4518040.0,571646.0,38
201100030395,11,4,22,1145,1,1,1,1.0,3.0,38151,M,,,38
201100030396,11,4,28,900,1,2,1,1.0,6.0,38185,M,4516780.0,571217.0,38
201100030397,11,4,28,1850,1,1,1,2.0,4.0,38382,M,,,38
201100030398,11,5,3,2355,5,2,1,1.0,1.0,38421,M,4516720.0,574972.0,38
201100030399,11,5,6,1220,1,2,2,1.0,6.0,38185,M,4519080.0,571859.0,38
201100030400,11,5,10,715,1,2,4,1.0,3.0,38185,M,4519460.0,571048.0,38
201100030401,11,5,10,1615,1,1,1,1.0,2.0,38179,M,,,38
201100030402,11,5,11,1215,1,2,3,1.0,3.0,38179,M,4517980.0,578374.0,38
201100030403,11,5,11,1745,1,2,1,1.0,3.0,38185,M,4515960.0,572255.0,38
201100030404,11,5,14,2300,5,2,2,1.0,3.0,38185,M,4519280.0,572411.0,38
201100030405,11,5,15,1115,1,2,2,1.0,3.0,38169,M,4519360.0,568724.0,38
201100030406,11,5,19,802,1,2,3,1.0,6.0,38309,M,4516190.0,576253.0,38
201100030407,11,5,21,1750,1,2,1,1.0,6.0,38151,M,4515120.0,570662.0,38
201100030408,11,5,25,1250,1,1,1,1.0,4.0,38423,M,4520710.0,570623.0,38
201100030409,11,5,26,1830,1,2,3,2.0,6.0,38185,M,4518880.0,572703.0,38
201100030410,11,5,28,1630,1,2,3,1.0,6.0,38151,M,4515130.0,570665.0,38
201100030411,11,5,31,1430,1,2,3,2.0,6.0,38185,M,4518510.0,570573.0,38
201100030412,11,6,2,1530,1,1,1,1.0,6.0,38317,M,4512420.0,568986.0,38
201100030413,11,6,8,700,1,2,2,2.0,6.0,38185,M,,,38
201100030414,11,6,15,1720,1,2,1,1.0,6.0,38185,M,,,38
201100030415,11,6,15,1920,1,2,1,1.0,6.0,38421,M,,,38
201100030416,11,6,17,1340,1,2,2,1.0,6.0,38185,M,,,38
201100030417,11,6,18,845,1,2,2,2.0,6.0,38185,M,,,38
201100030418,11,6,23,815,1,1,1,2.0,1.0,38179,M,,,38
201100030419,11,6,23,1840,1,2,1,1.0,2.0,38185,M,,,38
201100030420,11,6,24,2130,1,2,1,1.0,2.0,38151,M,,,38
201100030421,11,6,24,1630,1,2,2,1.0,3.0,38185,M,,,38
201100030422,11,6,25,10,5,2,1,1.0,3.0,38421,M,,,38
201100030423,11,6,26,130,5,2,1,1.0,2.0,38185,M,,,38
201100030424,11,6,25,145,3,1,1,1.0,1.0,38179,M,,,38
201100030425,11,6,27,1850,1,2,1,1.0,3.0,38185,M,,,38
201100030426,11,6,28,55,5,2,2,1.0,3.0,38185,M,,,38
201100030427,11,6,28,1205,1,2,1,1.0,6.0,38516,M,,,38
201100030428,11,6,28,1345,1,2,1,1.0,2.0,38516,M,,,38
201100030429,11,6,28,1815,1,2,1,1.0,6.0,38185,M,,,38
201100030430,11,6,30,1600,1,2,1,1.0,6.0,38516,M,,,38
201100030431,11,7,1,615,1,2,2,1.0,3.0,38185,M,,,38
201100030432,11,7,2,1000,1,2,2,1.0,3.0,38185,M,,,38
201100030433,11,7,5,1830,1,2,2,1.0,6.0,38185,M,,,38
201100030434,11,7,7,1745,1,2,3,1.0,3.0,38151,M,,,38
201100030435,11,7,12,1250,1,2,1,1.0,6.0,38423,M,,,38
201100030436,11,7,16,1200,1,2,9,1.0,6.0,38421,M,,,38
201100030437,11,7,22,2325,5,2,1,1.0,6.0,38185,M,,,38
201100030438,11,8,1,1300,1,2,2,1.0,6.0,38151,M,,,38
201100030439,11,8,5,2035,2,1,1,1.0,2.0,38421,M,4517720.0,577133.0,38
201100030440,11,8,7,2035,1,2,2,1.0,3.0,38185,M,,,38
201100030441,11,8,8,1220,1,2,1,1.0,6.0,38185,M,,,38
201100030442,11,8,8,1530,1,1,1,1.0,2.0,38229,M,4520430.0,578545.0,38
201100030443,11,8,11,657,1,2,1,1.0,1.0,38185,M,,,38
201100030444,11,8,15,830,1,2,2,1.0,3.0,38185,M,,,38
201100030445,11,8,18,610,1,2,2,1.0,3.0,38169,M,,,38
201100030446,11,8,19,1310,1,2,3,1.0,6.0,38421,M,,,38
201100030447,11,8,19,1730,1,2,2,1.0,3.0,38185,M,,,38
201100030448,11,8,22,1810,1,2,3,1.0,3.0,38185,M,,,38
201100030449,11,8,23,729,1,2,2,1.0,1.0,38185,M,4517830.0,574648.0,38
201100030450,11,8,29,1715,1,2,1,1.0,6.0,38151,M,,,38
201100030451,11,9,1,1840,1,1,1,1.0,2.0,38185,M,,,38
201100030452,11,9,6,815,1,2,1,1.0,6.0,38185,M,,,38
201100030453,11,9,7,1440,1,2,2,1.0,3.0,38185,M,,,38
201100030454,11,9,9,1045,1,2,1,1.0,6.0,38185,M,,,38
201100030455,11,9,9,1145,1,2,1,1.0,6.0,38185,M,,,38
201100030456,11,9,9,1225,1,1,1,1.0,6.0,38126,M,,,38
201100030457,11,9,10,1915,1,2,1,1.0,6.0,38185,M,,,38
201100030458,11,9,11,1830,1,2,1,1.0,2.0,38185,M,,,38
201100030459,11,9,12,2315,5,2,1,1.0,6.0,38421,M,,,38
201100030460,11,9,15,850,1,2,1,1.0,4.0,38185,M,,,38
201100030461,11,9,16,1200,1,2,1,1.0,6.0,38185,M,,,38
201100030462,11,9,16,1730,1,2,1,1.0,6.0,38185,M,,,38
201100030463,11,9,16,1900,1,2,1,1.0,6.0,38185,M,,,38
201100030464,11,9,22,1955,5,2,1,1.0,2.0,38516,M,,,38
201100030465,11,9,27,1610,1,2,2,1.0,6.0,38185,M,,,38
201100030466,11,9,30,1554,1,2,2,1.0,3.0,38151,M,,,38
201100030467,11,10,3,1900,1,2,2,1.0,3.0,38185,M,,,38
201100030468,11,10,4,1400,1,2,1,1.0,6.0,38185,M,,,38
201100030469,11,10,4,1710,1,2,1,1.0,6.0,38185,M,,,38
201100030470,11,10,6,1030,1,2,9,1.0,6.0,38185,M,4518290.0,571736.0,38
201100030471,11,10,6,1640,1,2,2,1.0,3.0,38421,M,,,38
201100030472,11,10,7,1520,1,2,2,1.0,3.0,38185,M,,,38
201100030473,11,10,11,1015,1,2,1,1.0,6.0,38151,M,,,38
201100030474,11,10,17,1425,1,2,1,1.0,6.0,38185,M,,,38
201100030475,11,10,17,1520,1,2,1,1.0,6.0,38185,M,,,38
201100030476,11,10,26,1010,1,2,1,1.0,3.0,38185,M,4516200.0,571591.0,38
201100030477,11,10,26,1550,1,2,1,1.0,6.0,38151,M,,,38
201100030478,11,10,29,1030,1,2,1,1.0,6.0,38151,M,,,38
201100030479,11,10,29,1900,3,1,1,1.0,1.0,38179,M,,,38
201100030480,11,10,30,1935,5,2,1,1.0,6.0,38185,M,,,38
201100030481,11,11,2,1305,1,2,1,1.0,6.0,38169,M,,,38
201100030482,11,11,2,1400,1,2,1,1.0,2.0,38151,M,,,38
201100030483,11,11,9,1840,5,2,1,1.0,3.0,38151,M,,,38
201100030484,11,11,11,545,3,2,1,1.0,6.0,38185,M,,,38
201100030485,11,11,18,1000,1,2,2,1.0,2.0,38421,M,,,38
201100030486,11,11,18,1550,1,2,2,1.0,3.0,38185,M,,,38
201100030487,11,11,19,1043,1,2,1,1.0,2.0,38151,M,,,38
201100030488,11,11,19,1410,1,2,1,1.0,6.0,38185,M,,,38
201100030489,11,11,21,1350,1,2,2,1.0,3.0,38185,M,,,38
201100030490,11,11,21,2035,5,2,1,1.0,6.0,38185,M,,,38
201100030491,11,11,22,1445,1,2,1,1.0,6.0,38185,M,,,38
201100030492,11,11,23,820,1,2,2,1.0,3.0,38185,M,,,38
201100030493,11,11,23,1030,1,2,1,1.0,6.0,38169,M,,,38
201100030494,11,11,23,1610,1,2,2,1.0,3.0,38185,M,,,38
201100030495,11,11,25,1800,5,2,1,1.0,6.0,38185,M,,,38
201100030496,11,11,30,835,1,2,1,1.0,6.0,38185,M,,,38
201100030497,11,11,30,1830,5,2,1,1.0,6.0,38185,M,,,38
201100030498,11,12,1,1400,1,2,1,1.0,2.0,38169,M,,,38
201100030499,11,12,1,1500,1,2,1,1.0,6.0,38151,M,,,38
201100030500,11,12,1,2200,3,1,1,1.0,2.0,38185,M,,,38
201100030501,11,12,3,1730,5,2,2,2.0,3.0,38423,M,,,38
201100030502,11,12,6,1930,5,2,1,2.0,6.0,38185,M,,,38
201100030503,11,12,7,240,5,2,1,2.0,6.0,38185,M,4517350.0,571785.0,38
201100030504,11,12,9,935,1,2,2,1.0,3.0,38421,M,,,38
201100030505,11,12,9,1705,2,2,3,1.0,3.0,38185,M,,,38
201100030506,11,12,9,2130,5,2,1,1.0,6.0,38185,M,4516980.0,574022.0,38
201100030507,11,12,15,1640,5,2,2,2.0,7.0,38421,M,,,38
201100030508,11,12,15,1830,5,2,2,2.0,6.0,38421,M,,,38
201100030509,11,12,17,1900,5,2,1,2.0,6.0,38185,M,,,38
201100030510,11,12,19,1730,5,2,1,2.0,6.0,38421,M,,,38
201100030511,11,12,19,1950,5,2,1,2.0,4.0,38185,M,,,38
201100030512,11,12,19,1600,1,2,1,2.0,2.0,38421,M,,,38
201100030513,11,12,21,1415,1,2,1,2.0,6.0,38151,M,,,38
201100030514,11,12,21,1615,1,2,2,2.0,3.0,38185,M,,,38
201100030515,11,12,21,1635,5,1,1,2.0,2.0,38185,M,,,38
201100030516,11,12,22,1145,1,2,1,1.0,6.0,38185,M,,,38
201100030517,11,12,24,1700,5,2,1,1.0,6.0,38421,M,,,38
201100030518,11,12,24,1900,5,2,1,1.0,6.0,38185,M,,,38
201100030519,11,12,30,1700,5,2,1,1.0,6.0,38151,M,,,38
201100030520,11,2,8,2033,3,1,1,1.0,2.0,38318,M,4554480.0,492715.0,38
201100030521,11,3,15,850,1,2,1,2.0,6.0,38544,M,4552960.0,487695.0,38
201100030522,11,3,19,1200,1,2,7,1.0,6.0,38544,M,4552840.0,487450.0,38
201100030523,11,3,21,1209,1,1,1,1.0,7.0,38544,M,4551990.0,489467.0,38
201100030524,11,4,13,1350,1,2,3,1.0,6.0,38544,M,4552070.0,487072.0,38
201100030525,11,4,19,1724,1,2,3,1.0,3.0,38544,M,4550530.0,485580.0,38
201100030526,11,5,13,2215,5,2,4,1.0,3.0,38544,M,4552440.0,487641.0,38
201100030527,11,5,20,1100,1,2,4,1.0,6.0,38544,M,4551680.0,491875.0,38
201100030528,11,5,27,2215,5,2,2,1.0,6.0,38544,M,4552210.0,487152.0,38
201100030529,11,7,7,1520,1,2,1,1.0,2.0,38544,M,,,38
201100030530,11,7,12,1215,1,2,1,1.0,6.0,38544,M,,,38
201100030531,11,9,23,1617,1,2,1,1.0,1.0,38544,M,,,38
201100030532,11,10,21,1654,1,2,1,1.0,1.0,38544,M,4551580.0,488942.0,38
201100030533,11,11,4,2045,5,2,1,2.0,3.0,38544,M,,,38
201100030534,11,11,21,1440,1,2,1,1.0,3.0,38544,M,,,38
201100030535,11,12,21,1436,1,1,1,3.0,3.0,38544,M,,,38
201100030536,11,12,31,2107,5,2,1,1.0,6.0,38544,M,4554460.0,485493.0,38
201100030537,11,2,11,1830,5,2,1,1.0,5.0,38563,M,4536370.0,559629.0,38
201100030538,11,4,5,1700,1,2,2,1.0,6.0,38563,M,4536680.0,558708.0,38
201100030539,11,4,17,1048,1,2,3,1.0,3.0,38563,M,4536770.0,558973.0,38
201100030540,11,5,18,1745,1,2,1,1.0,5.0,38563,M,4537570.0,558086.0,38
201100030541,11,5,23,1935,1,2,3,1.0,3.0,38563,M,4536490.0,558387.0,38
201100030542,11,6,28,1655,1,2,1,1.0,3.0,38563,M,,,38
201100030543,11,7,29,1225,1,2,1,1.0,4.0,38563,M,,,38
201100030544,11,8,12,1905,1,2,3,1.0,7.0,38563,M,,,38
201100030545,11,8,22,1720,1,1,1,1.0,5.0,38563,M,,,38
201100030546,11,8,23,815,1,2,1,1.0,6.0,38563,M,,,38
201100030547,11,8,29,1120,1,2,1,1.0,6.0,38563,M,,,38
201100030548,11,10,26,1750,1,2,1,1.0,3.0,38563,M,,,38
201100030549,11,10,13,1611,1,2,1,1.0,2.0,38563,M,,,38
201100030550,11,10,31,1500,1,2,1,1.0,4.0,38563,M,,,38
201100030551,11,11,7,1900,3,1,1,1.0,3.0,38563,M,,,38
201100030552,11,11,7,1855,5,1,1,1.0,5.0,38563,M,,,38
201100030553,11,11,23,1400,1,2,1,1.0,4.0,38563,M,,,38
201100030554,11,12,28,1340,1,1,1,1.0,3.0,38563,M,,,38
201100030555,11,1,22,1800,2,1,1,1.0,1.0,39198,M,,,39
201100030556,11,1,26,1755,5,2,1,1.0,6.0,39198,M,,,39
201100030557,11,2,14,1950,5,2,1,2.0,6.0,39198,M,,,39
201100030558,11,4,13,1150,1,2,2,7.0,1.0,39198,M,,,39
201100030559,11,5,8,1810,1,2,9,1.0,3.0,39198,M,,,39
201100030560,11,6,11,20,3,1,1,1.0,2.0,39150,M,,,39
201100030561,11,7,14,2235,3,1,9,3.0,7.0,39150,M,,,39
201100030562,11,10,7,1115,1,2,1,1.0,6.0,39198,M,,,39
201100030563,11,10,11,740,2,2,1,8.0,3.0,39198,M,,,39
201100030564,11,10,14,1700,1,2,1,1.0,6.0,39198,M,,,39
201100030565,11,11,8,2020,5,2,1,1.0,6.0,39198,M,,,39
201100030566,11,2,4,1510,1,2,9,1.0,6.0,39300,M,,,39
201100030567,11,4,2,2030,3,2,1,1.0,2.0,39300,M,,,39
201100030568,11,5,5,1815,1,2,3,1.0,6.0,39300,M,,,39
201100030569,11,7,3,1930,1,1,1,1.0,1.0,39300,M,,,39
201100030570,11,11,2,1450,1,2,1,1.0,6.0,39300,M,,,39
201100030571,11,3,19,230,5,2,1,1.0,6.0,40279,M,,,40
201100030572,11,4,12,1515,1,2,1,1.0,6.0,40088,M,,,40
201100030573,11,4,20,1745,1,2,1,1.0,6.0,40088,M,,,40
201100030574,11,5,8,1925,1,2,1,1.0,7.0,40088,M,,,40
201100030575,11,5,20,1505,1,2,1,1.0,6.0,40088,M,,,40
201100030576,11,6,6,855,1,2,3,1.0,2.0,40279,M,,,40
201100030577,11,6,22,1210,1,2,1,1.0,3.0,40279,M,,,40
201100030578,11,6,30,1525,1,2,1,1.0,6.0,40088,M,,,40
201100030579,11,7,6,1725,1,2,1,1.0,3.0,40279,M,,,40
201100030580,11,7,23,1435,1,2,1,1.0,1.0,40088,M,,,40
201100030581,11,9,25,1850,1,2,6,1.0,7.0,40088,M,,,40
201100030582,11,10,8,10,5,2,1,1.0,2.0,40088,M,,,40
201100030583,11,10,8,1540,1,2,9,1.0,6.0,40279,M,,,40
201100030584,11,10,21,1725,1,2,3,1.0,1.0,40088,M,,,40
201100030585,11,10,21,1625,1,2,3,1.0,3.0,40279,M,,,40
201100030586,11,10,29,1810,1,2,1,1.0,6.0,40088,M,,,40
201100030587,11,11,10,750,2,1,1,2.0,1.0,40279,M,,,40
201100030588,11,12,11,210,3,1,1,1.0,7.0,40279,M,,,40
201100030589,11,12,15,1718,1,2,3,1.0,3.0,40088,M,,,40
201100030590,11,12,23,650,3,2,9,5.0,6.0,40088,M,,,40
201100030591,11,12,29,525,5,2,3,2.0,3.0,40279,M,,,40
201100030592,11,12,30,2325,5,2,1,2.0,5.0,40088,M,,,40
201100030593,11,1,18,1706,1,1,1,1.0,3.0,40192,M,,,40
201100030594,11,1,20,430,5,2,1,1.0,6.0,40281,M,,,40
201100030595,11,1,21,1630,1,2,1,1.0,4.0,40192,M,,,40
201100030596,11,1,31,800,1,2,6,1.0,3.0,40192,M,,,40
201100030597,11,2,24,1000,1,2,2,1.0,2.0,40192,M,,,40
201100030598,11,3,16,2320,5,2,3,2.0,7.0,40192,M,,,40
201100030599,11,3,21,1705,1,2,1,1.0,4.0,40192,M,,,40
201100030600,11,3,21,1630,1,2,3,1.0,3.0,40192,M,,,40
201100030601,11,3,25,1700,1,2,3,1.0,3.0,40192,M,,,40
201100030602,11,4,7,1121,1,2,1,1.0,6.0,40192,M,,,40
201100030603,11,6,7,1150,1,2,3,2.0,3.0,40192,M,,,40
201100030604,11,6,28,1100,1,1,1,1.0,2.0,40281,M,,,40
201100030605,11,7,10,1822,1,2,2,1.0,3.0,40281,M,,,40
201100030606,11,8,4,1120,1,2,1,1.0,2.0,40192,M,,,40
201100030607,11,8,9,1423,1,2,1,1.0,3.0,40192,M,,,40
201100030608,11,8,12,1745,1,2,1,1.0,5.0,40192,M,,,40
201100030609,11,8,17,1607,1,2,1,1.0,5.0,40192,M,,,40
201100030610,11,9,8,735,1,2,3,1.0,3.0,40192,M,,,40
201100030611,11,9,13,1625,1,1,1,7.0,3.0,40192,M,,,40
201100030612,11,9,18,1820,1,2,1,2.0,1.0,40192,M,,,40
201100030613,11,10,7,1230,1,2,3,1.0,3.0,40281,M,,,40
201100030614,11,10,20,2000,5,2,3,1.0,3.0,40192,M,,,40
201100030615,11,11,12,1450,1,2,1,1.0,1.0,40192,M,,,40
201100030616,11,11,15,1255,1,1,9,1.0,2.0,40281,M,,,40
201100030617,11,11,18,1725,2,2,1,1.0,6.0,40192,M,,,40
201100030618,11,11,21,1150,1,2,1,1.0,3.0,40192,M,,,40
201100030619,11,11,22,800,1,2,2,1.0,2.0,40192,M,,,40
201100030620,11,12,12,800,2,2,1,2.0,3.0,40192,M,,,40
201100030621,11,12,2,2050,5,2,3,1.0,6.0,40192,M,,,40
201100030622,11,1,2,1205,1,2,1,1.0,2.0,41018,M,,,41
201100030623,11,1,5,1349,1,2,3,2.0,1.0,41018,M,,,41
201100030624,11,1,6,512,5,2,3,2.0,3.0,41018,M,,,41
201100030625,11,1,8,1000,1,2,1,1.0,6.0,41018,M,,,41
201100030626,11,1,8,1740,1,2,1,2.0,2.0,41212,M,4756940.0,136080.0,41
201100030627,11,1,8,1855,5,2,2,2.0,3.0,41018,M,,,41
201100030628,11,1,12,1320,1,2,1,1.0,7.0,41018,M,,,41
201100030629,11,1,17,1755,5,2,1,1.0,3.0,41018,M,,,41
201100030630,11,1,18,1900,5,2,1,1.0,7.0,41018,M,,,41
201100030631,11,1,19,1428,1,2,1,1.0,4.0,41047,M,,,41
201100030632,11,1,21,1327,1,2,1,1.0,6.0,41018,M,,,41
201100030633,11,1,21,1341,1,2,1,1.0,2.0,41018,M,,,41
201100030634,11,1,25,1835,5,2,1,1.0,6.0,41018,M,,,41
201100030635,11,1,26,1230,1,2,1,2.0,2.0,41018,M,,,41
201100030636,11,1,30,555,5,2,1,1.0,7.0,41018,M,4757330.0,131286.0,41
201100030637,11,1,31,800,2,2,1,1.0,3.0,41018,M,4760380.0,134687.0,41
201100030638,11,2,1,1235,1,2,1,1.0,7.0,41018,M,,,41
201100030639,11,2,10,1605,1,2,1,1.0,2.0,41018,M,,,41
201100030640,11,2,10,1625,1,2,1,1.0,2.0,41047,M,4761920.0,136826.0,41
201100030641,11,2,23,1420,1,2,3,2.0,1.0,41018,M,,,41
201100030642,11,2,26,1420,1,2,2,1.0,1.0,41212,M,,,41
201100030643,11,2,27,1608,1,2,1,1.0,7.0,41018,M,,,41
201100030644,11,3,3,1425,1,2,3,1.0,3.0,41018,M,,,41
201100030645,11,3,4,1850,1,2,1,1.0,2.0,41018,M,4757500.0,131610.0,41
201100030646,11,3,6,1808,1,2,1,1.0,6.0,41018,M,,,41
201100030647,11,3,8,1348,1,2,1,1.0,6.0,41018,M,4757500.0,131610.0,41
201100030648,11,3,8,1811,1,2,3,1.0,3.0,41018,M,,,41
201100030649,11,3,21,819,1,2,1,1.0,2.0,41047,M,,,41
201100030650,11,3,21,2200,5,2,1,1.0,1.0,41018,M,4758250.0,134144.0,41
201100030651,11,3,25,830,1,2,2,1.0,3.0,41018,M,,,41