Num_Acc,an,mois,jour,hrmn,lum,agg,int,atm,col,com,gps,lat,long,dep
201100030652,11,3,28,1602,1,2,1,1.0,3.0,41018,M,,,41
201100030653,11,3,30,1250,1,2,1,1.0,1.0,41018,M,4758290.0,134079.0,41
201100030654,11,4,4,1300,1,2,3,1.0,3.0,41018,M,,,41
201100030655,11,4,5,1308,1,2,1,1.0,6.0,41018,M,,,41
201100030656,11,4,7,900,1,2,1,1.0,4.0,41018,M,,,41
201100030657,11,4,8,1730,1,2,4,1.0,3.0,41018,M,,,41
201100030658,11,4,9,1605,1,2,1,1.0,2.0,41018,M,4758940.0,134124.0,41
201100030659,11,4,14,828,1,1,1,1.0,2.0,41018,M,4758980.0,135356.0,41
201100030660,11,4,17,1640,1,2,1,1.0,7.0,41018,M,,,41
201100030661,11,5,4,1128,1,1,1,1.0,2.0,41018,M,4759550.0,135199.0,41
201100030662,11,5,5,1740,1,2,1,1.0,2.0,41018,M,,,41
201100030663,11,5,6,1900,1,2,3,1.0,3.0,41018,M,,,41
201100030664,11,5,10,1155,1,1,1,1.0,2.0,41212,M,4755970.0,137590.0,41
201100030665,11,5,12,1620,1,2,1,1.0,6.0,41212,M,,,41
201100030666,11,5,13,1358,1,2,1,1.0,2.0,41018,M,,,41
201100030667,11,5,13,1825,1,2,2,1.0,3.0,41018,M,4758220.0,132366.0,41
201100030668,11,5,19,1605,1,1,1,1.0,3.0,41018,M,,,41
201100030669,11,5,19,1710,1,2,1,1.0,4.0,41018,M,4758710.0,133778.0,41
201100030670,11,6,2,1645,1,2,1,1.0,6.0,41018,M,,,41
201100030671,11,6,7,1235,1,1,6,1.0,3.0,41018,M,4761110.0,133826.0,41
201100030672,11,6,8,515,5,2,1,1.0,1.0,41018,M,,,41
201100030673,11,6,14,1305,1,2,1,1.0,2.0,41018,M,,,41
201100030674,11,6,15,1016,1,2,1,1.0,6.0,41018,M,,,41
201100030675,11,6,22,1830,1,2,1,1.0,4.0,41018,M,,,41
201100030676,11,6,24,1042,1,2,1,1.0,7.0,41018,M,,,41
201100030677,11,6,25,2135,2,1,1,1.0,7.0,41018,M,,,41
201100030678,11,6,26,735,1,2,1,1.0,3.0,41018,M,4758130.0,134322.0,41
201100030679,11,6,27,843,1,2,1,7.0,2.0,41018,M,,,41
201100030680,11,6,29,720,1,1,1,1.0,7.0,41018,M,,,41
201100030681,11,6,30,1215,1,2,3,1.0,3.0,41018,M,,,41
201100030682,11,7,2,455,2,2,1,1.0,6.0,41018,M,,,41
201100030683,11,7,4,1000,1,2,1,1.0,3.0,41212,M,4756770.0,136335.0,41
201100030684,11,7,5,1000,1,2,1,1.0,1.0,41018,M,4757140.0,134375.0,41
201100030685,11,7,6,1430,1,2,1,1.0,2.0,41018,M,4757340.0,136884.0,41
201100030686,11,7,7,1415,1,2,1,1.0,2.0,41018,M,,,41
201100030687,11,7,13,1515,1,2,3,1.0,3.0,41018,M,,,41
201100030688,11,7,17,550,5,2,1,1.0,6.0,41018,M,4758790.0,133908.0,41
201100030689,11,7,17,1935,1,2,2,1.0,2.0,41047,M,4761200.0,135983.0,41
201100030690,11,7,21,1255,1,2,1,2.0,7.0,41018,M,,,41
201100030691,11,7,21,1838,1,2,1,2.0,3.0,41018,M,4758160.0,132353.0,41
201100030692,11,7,22,1145,1,2,1,2.0,5.0,41018,M,4758180.0,132366.0,41
201100030693,11,7,22,1225,1,2,1,2.0,2.0,41018,M,,,41
201100030694,11,7,22,1948,1,2,1,2.0,3.0,41018,M,,,41
201100030695,11,7,28,1147,1,2,1,1.0,2.0,41018,M,,,41
201100030696,11,7,28,820,1,2,6,1.0,3.0,41018,M,4761110.0,133826.0,41
201100030697,11,7,30,1000,1,2,1,1.0,5.0,41018,M,4758230.0,133110.0,41
201100030698,11,7,31,425,5,2,1,1.0,7.0,41018,M,,,41
201100030699,11,8,1,435,5,2,1,1.0,2.0,41047,M,4760450.0,135125.0,41
201100030700,11,8,5,855,1,2,3,2.0,3.0,41018,M,,,41
201100030701,11,8,7,745,2,2,1,1.0,6.0,41018,M,,,41
201100030702,11,8,10,1935,1,2,1,1.0,2.0,41047,M,4761150.0,135932.0,41
201100030703,11,8,13,1930,1,2,1,1.0,3.0,41018,M,,,41
201100030704,11,8,15,1940,1,2,1,1.0,3.0,41018,M,,,41
201100030705,11,8,15,1710,1,2,3,1.0,3.0,41018,M,,,41
201100030706,11,8,25,1300,1,2,1,1.0,3.0,41018,M,,,41
201100030707,11,8,26,1522,1,2,1,1.0,5.0,41018,M,4760940.0,133979.0,41
201100030708,11,8,30,1620,1,1,1,1.0,7.0,41018,M,,,41
201100030709,11,8,31,1150,1,1,1,1.0,1.0,41018,M,,,41
201100030710,11,9,9,815,1,2,1,1.0,3.0,41018,M,,,41
201100030711,11,9,9,1649,1,2,1,1.0,3.0,41018,M,,,41
201100030712,11,9,15,940,1,2,1,1.0,6.0,41018,M,4758530.0,133524.0,41
201100030713,11,9,16,748,2,2,1,2.0,3.0,41018,M,,,41
201100030714,11,9,16,845,1,2,1,2.0,2.0,41018,M,4757740.0,132005.0,41
201100030715,11,9,17,135,5,1,1,1.0,7.0,41295,M,4758810.0,136156.0,41
201100030716,11,9,19,1130,1,1,1,1.0,3.0,41212,M,4756810.0,136269.0,41
201100030717,11,9,27,1126,1,1,1,1.0,6.0,41018,M,,,41
201100030718,11,9,28,2020,1,2,1,1.0,2.0,41018,M,,,41
201100030719,11,9,28,1045,1,2,1,1.0,2.0,41018,M,,,41
201100030720,11,9,29,1235,1,2,1,1.0,3.0,41018,M,,,41
201100030721,11,10,4,805,1,2,1,1.0,3.0,41212,M,4757250.0,135614.0,41
201100030722,11,10,5,1207,1,2,1,1.0,7.0,41018,M,,,41
201100030723,11,10,5,1405,1,2,1,1.0,2.0,41018,M,4758040.0,134452.0,41
201100030724,11,10,12,725,2,1,6,1.0,3.0,41018,M,4761110.0,133826.0,41
201100030725,11,10,17,905,1,2,1,1.0,2.0,41018,M,,,41
201100030726,11,10,18,840,1,2,1,1.0,7.0,41018,M,,,41
201100030727,11,10,18,1913,5,2,1,2.0,6.0,41018,M,4758150.0,134295.0,41
201100030728,11,10,19,1559,1,2,3,1.0,3.0,41018,M,,,41
201100030729,11,10,19,1810,1,2,1,1.0,7.0,41018,M,,,41
201100030730,11,10,20,1300,1,2,1,1.0,7.0,41018,M,,,41
201100030731,11,10,21,741,2,1,6,1.0,3.0,41212,M,4756150.0,137295.0,41
201100030732,11,10,21,1755,1,2,1,1.0,4.0,41018,M,,,41
201100030733,11,10,24,1340,1,2,1,1.0,7.0,41018,M,4758320.0,134041.0,41
201100030734,11,10,25,5,5,2,1,2.0,6.0,41018,M,,,41
201100030735,11,10,30,1300,1,1,1,1.0,7.0,41018,M,4759410.0,135375.0,41
201100030736,11,10,31,1706,1,2,1,1.0,2.0,41212,M,4757370.0,135446.0,41
201100030737,11,10,31,2210,5,2,1,1.0,3.0,41018,M,,,41
201100030738,11,11,3,1450,1,2,1,2.0,3.0,41018,M,,,41
201100030739,11,11,5,1400,1,2,1,1.0,1.0,41018,M,,,41
201100030740,11,11,7,1615,1,2,3,2.0,3.0,41018,M,,,41
201100030741,11,11,8,1555,1,2,2,2.0,3.0,41018,M,,,41
201100030742,11,11,13,2035,5,2,3,1.0,1.0,41018,M,,,41
201100030743,11,11,10,1752,5,2,1,1.0,5.0,41018,M,,,41
201100030744,11,11,14,1340,1,2,1,1.0,3.0,41018,M,,,41
201100030745,11,11,17,956,1,2,1,1.0,6.0,41018,M,,,41
201100030746,11,11,17,1020,1,2,3,1.0,3.0,41018,M,4758940.0,135196.0,41
201100030747,11,11,17,1130,1,2,1,1.0,6.0,41018,M,,,41
201100030748,11,11,17,1325,1,2,1,1.0,6.0,41018,M,,,41
201100030749,11,11,17,1855,5,2,1,1.0,7.0,41018,M,,,41
201100030750,11,11,18,752,1,2,3,1.0,3.0,41018,M,,,41
201100030751,11,11,21,1500,1,2,1,1.0,5.0,41018,M,,,41
201100030752,11,11,24,2033,5,2,1,1.0,3.0,41018,M,,,41
201100030753,11,11,25,819,2,1,1,1.0,4.0,41212,M,4756040.0,137316.0,41
201100030754,11,11,27,1755,4,1,3,2.0,3.0,41018,M,4758940.0,135196.0,41
201100030755,11,11,29,1605,1,2,1,1.0,3.0,41018,M,,,41
201100030756,11,12,5,1059,1,2,1,1.0,4.0,41018,M,4758760.0,133859.0,41
201100030757,11,12,5,1730,5,2,1,1.0,4.0,41018,M,,,41
201100030758,11,12,11,2118,5,1,1,2.0,2.0,41018,M,4757930.0,135030.0,41
201100030759,11,12,12,1426,1,2,1,1.0,4.0,41018,M,,,41
201100030760,11,12,12,1656,5,2,6,1.0,2.0,41018,M,4761420.0,133414.0,41
201100030761,11,12,14,1315,1,2,1,3.0,6.0,41018,M,,,41
201100030762,11,12,14,1630,1,1,2,2.0,3.0,41018,M,4758190.0,127019.0,41
201100030763,11,12,22,930,1,2,1,1.0,3.0,41047,M,,,41
201100030764,11,2,8,1505,1,1,1,1.0,7.0,41194,M,4734110.0,175703.0,41
201100030765,11,3,11,2045,5,2,1,1.0,3.0,41194,M,,,41
201100030766,11,3,22,1400,1,2,1,1.0,6.0,41194,M,,,41
201100030767,11,4,10,1620,1,2,3,1.0,3.0,41194,M,4733220.0,176928.0,41
201100030768,11,4,18,1355,1,1,1,1.0,1.0,41194,M,4738580.0,173816.0,41
201100030769,11,4,26,850,1,1,2,1.0,3.0,41194,M,4738290.0,172935.0,41
201100030770,11,7,2,1055,1,2,1,1.0,3.0,41194,M,,,41
201100030771,11,10,25,750,2,2,1,1.0,6.0,41194,M,,,41
201100030772,11,1,1,1815,5,2,3,1.0,3.0,41269,M,,,41
201100030773,11,1,19,945,1,1,1,7.0,6.0,41269,M,4776420.0,109696.0,41
201100030774,11,2,20,1445,1,2,2,1.0,7.0,41269,M,4779670.0,105531.0,41
201100030775,11,3,17,1740,1,2,1,1.0,3.0,41269,M,4779840.0,104538.0,41
201100030776,11,3,19,815,1,2,1,1.0,7.0,41269,M,,,41
201100030777,11,3,22,1710,1,2,3,1.0,2.0,41269,M,4779340.0,106013.0,41
201100030778,11,3,28,1440,1,2,1,1.0,1.0,41269,M,4779410.0,109153.0,41
201100030779,11,4,9,1615,1,2,2,1.0,3.0,41269,M,,,41
201100030780,11,4,9,1150,1,2,1,1.0,3.0,41158,M,4779340.0,104438.0,41
201100030781,11,5,11,1630,1,2,2,1.0,3.0,41269,M,,,41
201100030782,11,5,28,2355,5,2,1,1.0,7.0,41269,M,,,41
201100030783,11,6,1,1630,1,2,1,1.0,2.0,41269,M,,,41
201100030784,11,6,9,820,1,1,3,1.0,3.0,41158,M,4778750.0,103550.0,41
201100030785,11,6,9,540,2,1,2,1.0,3.0,41158,M,,,41
201100030786,11,6,22,1920,1,2,3,1.0,3.0,41269,M,,,41
201100030787,11,6,24,2355,5,2,1,1.0,3.0,41226,M,,,41
201100030788,11,7,5,1045,1,1,1,1.0,2.0,41226,M,4782650.0,107848.0,41
201100030789,11,8,3,1340,1,2,1,1.0,7.0,41269,M,,,41
201100030790,11,8,8,1230,1,2,2,1.0,2.0,41269,M,,,41
201100030791,11,7,30,1045,1,2,2,1.0,3.0,41226,M,,,41
201100030792,11,8,18,405,5,1,1,1.0,7.0,41269,M,4779100.0,107933.0,41
201100030793,11,9,2,1830,1,2,6,1.0,6.0,41226,M,,,41
201100030794,11,9,23,1355,1,2,3,1.0,7.0,41269,M,,,41
201100030795,11,9,29,1410,1,2,3,1.0,7.0,41269,M,,,41
201100030796,11,10,17,1035,1,1,1,1.0,7.0,41269,M,4781200.0,102379.0,41
201100030797,11,10,17,2055,5,2,1,1.0,3.0,41269,M,,,41
201100030798,11,10,29,1420,1,1,1,1.0,1.0,41269,M,4778800.0,108225.0,41
201100030799,11,11,4,1755,5,2,1,1.0,5.0,41158,M,,,41
201100030800,11,11,10,1415,1,1,1,1.0,1.0,41269,M,4778540.0,108189.0,41
201100030801,11,11,25,1925,5,2,1,1.0,2.0,41269,M,,,41
201100030802,11,11,30,715,5,2,2,8.0,7.0,41269,M,,,41
201100030803,11,12,5,2020,5,2,2,1.0,2.0,41269,M,,,41
201100030804,11,12,14,1550,1,2,1,1.0,6.0,41003,M,,,41
201100030805,11,12,17,955,1,2,1,7.0,7.0,41269,M,,,41
201100030806,11,1,7,855,1,2,1,1.0,6.0,42095,M,4538821.0,428595.0,42
201100030807,11,1,10,1830,3,1,1,1.0,3.0,42316,M,4540100.0,425565.0,42
201100030808,11,1,11,1750,2,2,1,2.0,6.0,42316,M,4539992.0,426201.0,42
201100030809,11,1,17,1455,1,1,1,1.0,6.0,42316,M,4540892.0,425100.0,42
201100030810,11,1,13,1450,1,2,1,1.0,3.0,42044,M,4539656.0,432159.0,42
201100030811,11,1,17,1535,1,2,1,1.0,6.0,42095,M,4538976.0,428863.0,42
201100030812,11,1,20,1925,5,1,1,4.0,6.0,42099,M,4538526.0,426421.0,42
201100030813,11,2,2,1630,1,1,1,2.0,3.0,42316,M,4541426.0,429163.0,42
201100030814,11,2,12,2200,3,2,1,1.0,7.0,42183,M,4540136.0,436032.0,42
201100030815,11,2,11,700,2,2,1,1.0,2.0,42095,M,4538861.0,427973.0,42
201100030816,11,2,24,1140,1,2,1,1.0,6.0,42099,M,4538593.0,427290.0,42
201100030817,11,3,8,1400,1,2,1,1.0,7.0,42031,M,4540670.0,423120.0,42
201100030818,11,3,25,1510,1,2,1,1.0,3.0,42183,M,4540047.0,435420.0,42
201100030819,11,4,17,1315,1,1,2,1.0,3.0,42316,M,4539515.0,426312.0,42
201100030820,11,4,19,1415,1,2,1,1.0,2.0,42183,M,4540109.0,435576.0,42
201100030821,11,4,20,1200,1,1,1,1.0,7.0,42031,M,4540764.0,424392.0,42
201100030822,11,4,29,1415,1,1,3,1.0,3.0,42095,M,4538543.0,429899.0,42
201100030823,11,4,30,1830,1,2,1,1.0,3.0,42095,M,4538707.0,429756.0,42
201100030824,11,5,8,1050,1,2,3,1.0,6.0,42183,M,4540436.0,436806.0,42
201100030825,11,5,21,345,5,2,1,1.0,6.0,42316,M,4540168.0,426021.0,42
201100030826,11,5,31,2145,5,1,1,2.0,6.0,42316,M,4540633.0,427014.0,42
201100030827,11,6,12,10,3,1,1,1.0,1.0,42316,M,4541212.0,428903.0,42
201100030828,11,6,17,1155,1,2,1,1.0,6.0,42095,M,4538642.0,428230.0,42
201100030829,11,6,25,1015,1,1,1,1.0,5.0,42031,M,4542477.0,424050.0,42
201100030830,11,6,26,1540,1,2,1,1.0,3.0,42095,M,4538363.0,430098.0,42
201100030831,11,6,26,1920,1,1,1,1.0,4.0,42095,M,4538691.0,429954.0,42
201100030832,11,6,27,1940,1,1,1,1.0,2.0,42270,M,4539635.0,423526.0,42
201100030833,11,6,28,945,1,2,1,1.0,6.0,42044,M,4539644.0,432728.0,42
201100030834,11,6,25,1215,1,1,1,1.0,3.0,42031,M,4539633.0,423527.0,42
201100030835,11,6,27,2040,1,2,1,1.0,3.0,42095,M,4538796.0,429708.0,42
201100030836,11,6,28,1635,1,2,1,1.0,6.0,42095,M,4538646.0,428802.0,42
201100030837,11,8,1,1000,1,1,1,1.0,7.0,42316,M,4540819.0,429444.0,42
201100030838,11,8,10,1450,1,1,1,1.0,1.0,42031,M,4540531.0,423898.0,42
201100030839,11,8,15,1555,1,2,1,1.0,2.0,42316,M,4540655.0,427130.0,42
201100030840,11,8,31,1545,1,2,1,1.0,3.0,42095,M,4538490.0,428187.0,42
201100030841,11,8,30,2215,3,1,1,1.0,7.0,42031,M,4542697.0,424151.0,42
201100030842,11,9,4,1740,1,2,1,1.0,6.0,42183,M,4540245.0,435976.0,42
201100030843,11,9,11,850,1,2,3,1.0,3.0,42183,M,4540493.0,436933.0,42
201100030844,11,9,19,845,1,2,1,8.0,6.0,42183,M,4540373.0,436570.0,42
201100030845,11,9,27,1455,1,2,3,1.0,5.0,42095,M,4539631.0,429130.0,42
201100030846,11,10,7,2320,5,2,1,1.0,6.0,42095,M,4540000.0,429064.0,42
201100030847,11,9,23,1730,1,2,1,1.0,6.0,42044,M,4538444.0,430784.0,42
201100030848,11,10,17,1850,1,2,1,1.0,6.0,42044,M,4538926.0,432600.0,42
201100030849,11,11,4,1700,2,2,1,3.0,1.0,42095,M,4539107.0,427561.0,42
201100030850,11,11,5,2020,5,2,3,2.0,3.0,42044,M,4539663.0,432665.0,42
201100030851,11,11,5,1750,5,2,1,2.0,2.0,42183,M,4540307.0,436363.0,42
201100030852,11,11,9,1330,1,2,3,1.0,3.0,42316,M,4540379.0,425826.0,42
201100030853,11,11,8,1750,5,2,1,1.0,3.0,42316,M,4539636.0,426552.0,42
201100030854,11,11,15,1910,4,2,1,1.0,2.0,42044,M,4539348.0,429707.0,42
201100030855,11,11,19,1825,3,2,1,2.0,7.0,42031,M,4540847.0,424566.0,42
201100030856,11,11,23,1230,1,2,1,1.0,6.0,42095,M,4539312.0,429188.0,42
201100030857,11,1,21,740,5,2,3,1.0,3.0,42147,M,4560205.0,407003.0,42
201100030858,11,1,18,855,1,2,9,1.0,6.0,42147,M,4561085.0,406322.0,42
201100030859,11,3,25,1125,1,1,1,1.0,6.0,42147,M,4561860.0,406587.0,42
201100030860,11,4,6,1800,1,2,6,1.0,6.0,42147,M,4560643.0,406873.0,42
201100030861,11,4,7,750,1,2,2,1.0,3.0,42147,M,4560634.0,404933.0,42
201100030862,11,4,12,1250,1,1,1,1.0,6.0,42299,M,4563311.0,409178.0,42
201100030863,11,4,15,1155,1,1,1,1.0,7.0,42147,M,4559845.0,410558.0,42
201100030864,11,5,4,1820,1,2,1,1.0,3.0,42147,M,4559334.0,407502.0,42
201100030865,11,6,5,1450,1,2,2,1.0,5.0,42147,M,4560559.0,406423.0,42
201100030866,11,1,9,1405,1,1,3,2.0,3.0,42186,M,4551926.0,459487.0,42
201100030867,11,1,9,1825,5,2,1,8.0,6.0,42186,M,4553233.0,462781.0,42
201100030868,11,2,11,1215,1,2,3,1.0,3.0,42123,M,4551400.0,458443.0,42
201100030869,11,3,5,1235,1,2,1,1.0,7.0,42186,M,4552094.0,459847.0,42
201100030870,11,3,13,100,5,2,3,2.0,7.0,42186,M,4552983.0,461797.0,42
201100030871,11,5,5,2130,5,1,1,1.0,1.0,42259,M,4553878.0,459487.0,42
201100030872,11,5,24,1145,1,2,1,1.0,6.0,42186,M,4553130.0,462455.0,42
201100030873,11,6,28,1505,1,2,1,1.0,3.0,42123,M,4551042.0,457645.0,42
201100030874,11,9,7,1155,1,2,1,1.0,6.0,42103,M,4550379.0,456902.0,42
201100030875,11,9,29,2220,5,1,4,1.0,1.0,42123,M,4551672.0,459091.0,42
201100030876,11,9,30,1725,1,2,1,1.0,6.0,42186,M,4552789.0,461474.0,42
201100030877,11,10,14,1345,1,2,1,1.0,2.0,42053,M,4553954.0,464792.0,42
201100030878,11,12,22,2230,5,1,1,9.0,7.0,42103,M,4550825.0,456321.0,42
201100030879,11,1,3,2010,5,2,1,1.0,6.0,42187,M,4603407.0,404525.0,42
201100030880,11,1,5,845,1,2,2,1.0,3.0,42187,M,4603002.0,406651.0,42
201100030881,11,1,7,2000,5,2,1,1.0,6.0,42187,M,4603992.0,408277.0,42
201100030882,11,1,12,2205,5,2,3,1.0,3.0,42187,M,4605178.0,407228.0,42
201100030883,11,1,15,1830,3,1,3,1.0,3.0,42187,M,4609472.0,407706.0,42
201100030884,11,1,16,1625,1,2,2,1.0,3.0,42184,M,4602724.0,404240.0,42
201100030885,11,1,17,1825,2,2,1,1.0,2.0,42187,M,4603512.0,405833.0,42
201100030886,11,1,19,1430,1,2,1,1.0,2.0,42187,M,4603221.0,408087.0,42
201100030887,11,1,19,1630,1,2,1,1.0,6.0,42187,M,4602738.0,406360.0,42
201100030888,11,1,22,2320,5,2,1,1.0,6.0,42187,M,4602539.0,406848.0,42
201100030889,11,1,28,1030,1,2,1,1.0,6.0,42187,M,4603665.0,406679.0,42
201100030890,11,2,2,650,5,2,1,1.0,3.0,42071,M,4602891.0,408410.0,42
201100030891,11,2,4,1310,1,2,2,1.0,3.0,42187,M,4604272.0,405889.0,42
201100030892,11,2,5,1230,1,2,1,1.0,6.0,42187,M,4605044.0,406540.0,42
201100030893,11,2,6,1500,1,2,1,1.0,6.0,42187,M,4602780.0,406410.0,42
201100030894,11,2,9,1355,1,2,1,1.0,3.0,42184,M,4603998.0,402546.0,42
201100030895,11,2,10,1600,1,2,1,1.0,6.0,42187,M,,,42
201100030896,11,2,11,1940,5,2,2,1.0,3.0,42187,M,,,42
201100030897,11,2,13,1705,1,2,2,1.0,3.0,42187,M,4604999.0,407073.0,42
201100030898,11,2,17,840,1,2,1,1.0,6.0,42127,M,4606517.0,407287.0,42
201100030899,11,2,21,1350,1,2,3,1.0,6.0,42071,M,4602529.0,408999.0,42
201100030900,11,2,22,1340,1,2,4,1.0,3.0,42184,M,4603729.0,404562.0,42
201100030901,11,2,28,1350,1,2,2,1.0,3.0,42071,M,4602762.0,408932.0,42
201100030902,11,3,8,1650,1,2,1,1.0,3.0,42187,M,4605964.0,408723.0,42
201100030903,11,3,9,1550,1,1,1,1.0,2.0,42127,M,4606998.0,404799.0,42
201100030904,11,3,10,1345,1,2,2,1.0,1.0,42187,M,,,42
201100030905,11,3,7,930,1,2,1,1.0,6.0,42184,M,4605489.0,404283.0,42
201100030906,11,3,21,1551,1,2,3,1.0,3.0,42187,M,4603070.0,406578.0,42
201100030907,11,3,21,1732,1,2,1,1.0,2.0,42187,M,4604141.0,407519.0,42
201100030908,11,12,6,1315,1,1,1,1.0,7.0,42127,M,4609308.0,409584.0,42
201100030909,11,12,12,750,2,2,2,2.0,3.0,42184,M,4604739.0,403601.0,42
201100030910,11,12,14,1430,1,1,1,1.0,2.0,42127,M,4608615.0,407477.0,42
201100030911,11,12,16,1625,1,2,1,2.0,7.0,42187,M,4603261.0,407991.0,42
201100030912,11,12,21,1835,5,2,1,2.0,6.0,42187,M,4603752.0,407707.0,42
201100030913,11,12,23,1650,2,2,2,1.0,3.0,42184,M,4604514.0,403619.0,42
201100030914,11,12,23,2300,3,1,1,2.0,7.0,42170,M,4603874.0,414253.0,42
201100030915,11,3,25,1000,1,2,1,1.0,6.0,42187,M,4603498.0,406719.0,42
201100030916,11,3,25,831,1,2,1,1.0,6.0,42187,M,4602515.0,405879.0,42
201100030917,11,3,25,1650,1,2,1,1.0,6.0,42187,M,4503682.0,405741.0,42
201100030918,11,3,28,835,1,2,2,2.0,3.0,42187,M,4603852.0,407339.0,42
201100030919,11,4,8,1557,1,2,1,1.0,6.0,42187,M,4604338.0,407190.0,42
201100030920,11,4,14,800,1,2,1,1.0,6.0,42187,M,4602879.0,405245.0,42
201100030921,11,4,13,1715,1,2,1,1.0,3.0,42187,M,4604714.0,408359.0,42
201100030922,11,4,27,1400,1,2,3,1.0,3.0,42071,M,4602255.0,408493.0,42
201100030923,11,4,27,1130,1,2,3,1.0,2.0,42184,M,4604685.0,406271.0,42
201100030924,11,4,28,1555,1,2,1,1.0,3.0,42187,M,4603324.0,407160.0,42
201100030925,11,5,11,1445,1,2,2,1.0,3.0,42187,M,4604110.0,406871.0,42
201100030926,11,4,11,1800,1,2,4,1.0,3.0,42187,M,4603910.0,407482.0,42
201100030927,11,4,20,1405,1,2,3,1.0,5.0,42187,M,4604354.0,407390.0,42
201100030928,11,5,1,550,5,2,1,1.0,2.0,42071,M,4603078.0,408305.0,42
201100030929,11,6,15,2010,1,2,1,1.0,3.0,42187,M,4603219.0,406390.0,42
201100030930,11,5,31,1220,1,2,1,3.0,1.0,42127,M,4605149.0,406613.0,42
201100030931,11,7,4,1135,1,2,1,1.0,1.0,42187,M,4604413.0,406008.0,42
201100030932,11,6,16,1625,1,2,1,1.0,2.0,42187,M,4604475.0,407979.0,42
201100030933,11,6,10,1030,1,2,1,1.0,2.0,42127,M,4605612.0,407319.0,42
201100030934,11,6,17,915,1,2,1,1.0,2.0,42187,M,4603931.0,405548.0,42
201100030935,11,6,14,1145,1,2,1,1.0,3.0,42071,M,4602802.0,408581.0,42
201100030936,11,6,25,1809,1,2,1,1.0,2.0,42127,M,4605976.0,405976.0,42
201100030937,11,7,11,1945,1,2,1,1.0,3.0,42187,M,4603237.0,406135.0,42
201100030938,11,7,17,140,5,2,1,1.0,1.0,42184,M,4603966.0,403714.0,42
201100030939,11,9,6,1740,1,1,1,1.0,6.0,42127,M,4608615.0,407477.0,42
201100030940,11,5,8,2148,5,2,2,1.0,3.0,42187,M,4604392.0,407892.0,42
201100030941,11,5,15,912,1,1,6,1.0,2.0,42127,M,4608650.0,406410.0,42
201100030942,11,5,18,1630,1,2,2,1.0,3.0,42187,M,4603834.0,407357.0,42
201100030943,11,5,18,2050,1,2,3,1.0,3.0,42187,M,,,42
201100030944,11,5,21,2050,1,2,1,1.0,2.0,42127,M,4606308.0,406974.0,42
201100030945,11,5,23,1010,1,2,1,1.0,6.0,42071,M,4602605.0,408602.0,42
201100030946,11,5,23,1955,1,2,1,1.0,7.0,42071,M,4601914.0,407761.0,42
201100030947,11,6,7,1825,1,2,2,1.0,5.0,42187,M,4602954.0,406419.0,42
201100030948,11,6,18,1929,1,2,1,1.0,3.0,42071,M,4600986.0,409738.0,42
201100030949,11,6,21,1850,1,2,1,1.0,4.0,42187,M,4604518.0,406959.0,42
201100030950,11,6,22,1555,1,2,3,1.0,3.0,42187,M,4603970.0,407437.0,42
201100030951,11,6,27,1250,1,2,3,1.0,3.0,42127,M,4605958.0,407339.0,42
201100030952,11,6,27,1725,1,2,1,1.0,3.0,42187,M,4604096.0,408080.0,42
201100030953,11,6,28,2010,1,2,2,1.0,3.0,42071,M,4602759.0,408516.0,42
201100030954,11,6,30,1200,1,2,1,1.0,2.0,42187,M,,,42
201100030955,11,7,4,1650,1,2,1,1.0,6.0,42071,M,4602954.0,408760.0,42
201100030956,11,7,6,1200,1,2,1,1.0,4.0,42187,M,4604470.0,405586.0,42
201100030957,11,7,18,1638,1,2,2,1.0,3.0,42184,M,4605153.0,402799.0,42
201100030958,11,7,19,815,1,2,2,1.0,3.0,42127,M,4608528.0,406750.0,42
201100030959,11,7,25,1552,1,2,6,1.0,3.0,42187,M,4603692.0,406623.0,42
201100030960,11,7,19,1843,1,2,3,1.0,3.0,42187,M,4603049.0,407536.0,42
201100030961,11,7,25,1225,1,2,1,3.0,2.0,42127,M,4607668.0,403679.0,42
201100030962,11,7,25,1800,1,1,1,1.0,1.0,42170,M,4603699.0,412721.0,42
201100030963,11,7,27,1305,1,2,1,1.0,6.0,42071,M,4601382.0,409363.0,42
201100030964,11,5,4,1805,1,2,1,1.0,2.0,42187,M,4604631.0,406980.0,42
201100030965,11,8,1,1855,1,2,6,1.0,3.0,42187,M,4603543.0,406564.0,42
201100030966,11,8,3,900,1,2,2,1.0,3.0,42187,M,4604075.0,405682.0,42
201100030967,11,8,5,1620,1,1,1,1.0,1.0,42170,M,4603877.0,414262.0,42