Num_Acc,an,mois,jour,hrmn,lum,agg,int,atm,col,com,gps,lat,long,dep
201100030968,11,8,8,1900,1,2,2,1.0,3.0,42071,M,4602878.0,408825.0,42
201100030969,11,8,9,2120,2,2,1,1.0,3.0,42184,M,4604419.0,405272.0,42
201100030970,11,10,1,1805,1,1,2,1.0,3.0,42127,M,4606966.0,404260.0,42
201100030971,11,8,26,1825,1,2,1,2.0,3.0,42187,M,4604042.0,408026.0,42
201100030972,11,8,24,1150,1,2,1,1.0,2.0,42187,M,4604292.0,407211.0,42
201100030973,11,8,30,1045,1,1,1,1.0,2.0,42170,M,4603690.0,412798.0,42
201100030974,11,8,30,1505,1,1,6,1.0,3.0,42170,M,4603477.0,410275.0,42
201100030975,11,9,6,1720,1,1,1,1.0,2.0,42127,M,4606788.0,407372.0,42
201100030976,11,9,10,2200,5,2,2,1.0,1.0,42187,M,4604306.0,407368.0,42
201100030977,11,9,14,1215,1,2,3,1.0,5.0,42187,M,4604271.0,406663.0,42
201100030978,11,9,25,2332,3,1,2,1.0,3.0,42127,M,4606595.0,405496.0,42
201100030979,11,9,25,1355,1,2,2,1.0,3.0,42187,M,4603876.0,407266.0,42
201100030980,11,9,28,1710,1,2,2,1.0,3.0,42187,M,4604190.0,405814.0,42
201100030981,11,10,3,1815,1,2,3,1.0,3.0,42187,M,4605663.0,407416.0,42
201100030982,11,10,3,1305,1,2,1,1.0,3.0,42187,M,4603619.0,406249.0,42
201100030983,11,10,4,1312,1,2,1,1.0,6.0,42187,M,4603840.0,407881.0,42
201100030984,11,10,7,2130,5,2,2,1.0,3.0,42071,M,4602486.0,409030.0,42
201100030985,11,10,8,1605,1,2,6,1.0,3.0,42127,M,4606270.0,406222.0,42
201100030986,11,10,9,910,1,2,1,2.0,3.0,42187,M,4604594.0,406991.0,42
201100030987,11,10,10,1715,1,2,2,1.0,6.0,42187,M,4603913.0,407052.0,42
201100030988,11,10,11,1740,1,2,1,1.0,3.0,42187,M,4603601.0,406376.0,42
201100030989,11,10,12,2119,2,2,2,1.0,5.0,42187,M,4603657.0,406773.0,42
201100030990,11,10,18,955,1,2,1,1.0,1.0,42187,M,4603363.0,404995.0,42
201100030991,11,10,19,655,3,1,1,1.0,6.0,42184,M,4603817.0,403977.0,42
201100030992,11,10,27,1520,1,2,3,1.0,3.0,42187,M,4604200.0,407627.0,42
201100030993,11,10,13,1915,1,2,2,1.0,3.0,42071,M,4602415.0,408728.0,42
201100030994,11,11,19,955,1,1,1,1.0,1.0,42170,M,4603633.0,413044.0,42
201100030995,11,9,22,1908,1,2,6,1.0,3.0,42184,M,4605955.0,404990.0,42
201100030996,11,11,5,1720,3,1,1,2.0,1.0,42127,M,4609426.0,402651.0,42
201100030997,11,10,3,1810,1,2,1,1.0,6.0,42187,M,4603667.0,406731.0,42
201100030998,11,11,14,820,1,2,1,1.0,6.0,42187,M,4603265.0,407985.0,42
201100030999,11,12,6,730,2,2,1,1.0,6.0,42187,M,4543398.0,437955.0,42
201100031000,11,12,8,1855,5,2,2,1.0,2.0,42187,M,4604771.0,408241.0,42
201100031001,11,12,21,1725,5,2,1,2.0,6.0,42187,M,4603265.0,407978.0,42
201100031002,11,12,18,1730,5,2,1,1.0,6.0,42187,M,4604080.0,405947.0,42
201100031003,11,12,16,1845,5,2,1,3.0,6.0,42187,M,4603492.0,406660.0,42
201100031004,11,10,18,1010,1,2,1,1.0,6.0,42187,M,4603667.0,406731.0,42
201100031005,11,10,22,1552,1,2,1,1.0,6.0,42187,M,4604381.0,409408.0,42
201100031006,11,10,24,2219,3,1,1,2.0,6.0,42170,M,4604077.0,414794.0,42
201100031007,11,10,26,1220,1,2,3,1.0,3.0,42187,M,4603481.0,407871.0,42
201100031008,11,10,29,750,2,1,6,1.0,3.0,42184,M,4602763.0,404823.0,42
201100031009,11,11,3,1825,5,2,1,1.0,6.0,42187,M,4604090.0,407440.0,42
201100031010,11,11,5,1205,1,1,1,1.0,7.0,42071,M,4601382.0,409363.0,42
201100031011,11,11,8,1745,5,2,3,1.0,3.0,42127,M,4607753.0,407296.0,42
201100031012,11,11,8,1805,5,2,4,1.0,3.0,42187,M,4603687.0,408037.0,42
201100031013,11,11,9,1825,5,2,1,1.0,2.0,42187,M,4603726.0,406379.0,42
201100031014,11,11,16,1850,5,2,1,1.0,2.0,42187,M,4603545.0,407237.0,42
201100031015,11,11,17,757,2,2,1,2.0,7.0,42187,M,4603686.0,406398.0,42
201100031016,11,11,17,1411,1,1,1,1.0,2.0,42170,M,4604378.0,410651.0,42
201100031017,11,11,20,1715,5,2,3,1.0,3.0,42187,M,4603898.0,406194.0,42
201100031018,11,11,24,1230,1,2,1,1.0,2.0,42071,M,4602462.0,408699.0,42
201100031019,11,11,29,745,1,2,1,1.0,7.0,42184,M,4605524.0,404331.0,42
201100031020,11,11,29,1000,1,2,1,1.0,2.0,42187,M,4603267.0,407690.0,42
201100031021,11,12,3,1940,5,2,1,1.0,6.0,42187,M,4605051.0,407507.0,42
201100031022,11,12,3,1703,5,2,1,2.0,2.0,42187,M,4605291.0,407761.0,42
201100031023,11,12,4,450,5,1,1,1.0,7.0,42184,M,4603729.0,404562.0,42
201100031024,11,12,20,1405,1,2,2,2.0,3.0,42071,M,4601886.0,407578.0,42
201100031025,11,3,21,1630,1,2,1,1.0,2.0,42187,M,4606328.0,407407.0,42
201100031026,11,1,13,1920,5,2,1,1.0,6.0,42207,M,4546092.0,450363.0,42
201100031027,11,1,18,1313,1,2,1,1.0,6.0,42207,M,4545990.0,450600.0,42
201100031028,11,3,7,1145,1,2,1,1.0,3.0,42110,M,4548719.0,454497.0,42
201100031029,11,4,8,1250,1,2,1,1.0,6.0,42207,M,4547219.0,451513.0,42
201100031030,11,4,17,330,5,2,9,1.0,7.0,42110,M,4548658.0,454333.0,42
201100031031,11,4,20,820,1,2,1,1.0,6.0,42110,M,4548380.0,453561.0,42
201100031032,11,5,13,2010,1,2,1,1.0,7.0,42207,M,4547026.0,450968.0,42
201100031033,11,6,19,2040,1,2,6,1.0,3.0,42207,M,4546996.0,451669.0,42
201100031034,11,8,31,1530,1,2,1,1.0,7.0,42110,M,4549410.0,456041.0,42
201100031035,11,9,9,2200,5,2,1,1.0,6.0,42207,M,4547438.0,451352.0,42
201100031036,11,9,15,2130,4,2,1,1.0,3.0,42110,M,4548820.0,454650.0,42
201100031037,11,9,29,1820,1,2,1,1.0,5.0,42207,M,4547820.0,451555.0,42
201100031038,11,10,15,940,1,2,1,1.0,6.0,42207,M,4546773.0,452522.0,42
201100031039,11,11,15,1335,1,2,1,1.0,6.0,42207,M,4546074.0,450813.0,42
201100031040,11,1,1,1228,1,2,1,1.0,6.0,42218,M,4544251.0,439895.0,42
201100031041,11,1,3,945,1,2,1,1.0,7.0,42218,M,4544343.0,437924.0,42
201100031042,11,12,27,1005,1,2,1,1.0,7.0,42218,M,4542467.0,441161.0,42
201100031043,11,12,31,850,1,2,1,1.0,3.0,42218,M,4545985.0,440890.0,42
201100031044,11,1,4,1320,1,2,2,1.0,3.0,42218,M,4542754.0,439840.0,42
201100031045,11,1,4,1725,5,2,1,1.0,6.0,42218,M,4543390.0,438794.0,42
201100031046,11,1,5,822,1,2,1,1.0,1.0,42218,M,4546281.0,440118.0,42
201100031047,11,1,5,1400,1,2,6,1.0,6.0,42218,M,4541991.0,441148.0,42
201100031048,11,1,5,1740,5,2,1,1.0,6.0,42218,M,4546368.0,437988.0,42
201100031049,11,1,7,1400,1,2,1,1.0,2.0,42218,M,4544032.0,440711.0,42
201100031050,11,1,9,1730,5,2,1,1.0,2.0,42218,M,4544597.0,438114.0,42
201100031051,11,1,8,1855,5,2,1,1.0,6.0,42189,M,4543378.0,433733.0,42
201100031052,11,1,12,2103,5,2,1,1.0,3.0,42218,M,4546487.0,439880.0,42
201100031053,11,1,13,640,5,2,1,1.0,7.0,42305,M,4547851.0,443069.0,42
201100031054,11,1,13,1734,5,2,1,1.0,6.0,42218,M,4544210.0,437631.0,42
201100031055,11,1,15,520,5,2,1,1.0,2.0,42218,M,4545365.0,438831.0,42
201100031056,11,1,17,929,1,2,2,1.0,3.0,42218,M,4544789.0,438000.0,42
201100031057,11,1,17,734,5,2,2,1.0,6.0,42218,M,4542403.0,439750.0,42
201100031058,11,1,15,1600,1,2,1,1.0,6.0,42218,M,4543469.0,438249.0,42
201100031059,11,1,18,1832,1,2,1,1.0,6.0,42218,M,4542902.0,440206.0,42
201100031060,11,1,19,1814,3,1,1,1.0,5.0,42330,M,4546838.0,434416.0,42
201100031061,11,1,20,1740,5,2,1,1.0,1.0,42218,M,4546481.0,439898.0,42
201100031062,11,1,21,1456,1,2,1,1.0,6.0,42218,M,4542416.0,439150.0,42
201100031063,11,1,22,1,5,2,1,1.0,6.0,42218,M,4546055.0,439674.0,42
201100031064,11,1,22,1825,5,2,1,1.0,6.0,42218,M,4543752.0,439315.0,42
201100031065,11,1,24,745,2,2,1,1.0,6.0,42218,M,4545082.0,438970.0,42
201100031066,11,1,26,1820,5,2,1,1.0,6.0,42275,M,4546965.0,438240.0,42
201100031067,11,1,28,1848,5,2,2,1.0,3.0,42218,M,4546621.0,439891.0,42
201100031068,11,1,30,849,1,2,3,1.0,1.0,42218,M,4543333.0,439544.0,42
201100031069,11,2,1,1334,1,2,1,1.0,6.0,42218,M,4541395.0,439779.0,42
201100031070,11,2,1,2219,5,2,1,1.0,6.0,42218,M,4541109.0,438709.0,42
201100031071,11,2,3,1004,1,2,2,1.0,3.0,42218,M,4544512.0,440746.0,42
201100031072,11,2,5,2003,5,2,9,1.0,3.0,42218,M,4546493.0,439866.0,42
201100031073,11,2,6,550,5,2,1,1.0,6.0,42275,M,4547490.0,436952.0,42
201100031074,11,2,8,1920,5,2,1,1.0,6.0,42218,M,4542934.0,441143.0,42
201100031075,11,2,10,1811,5,2,2,8.0,3.0,42223,M,4544478.0,433734.0,42
201100031076,11,2,13,2017,5,2,1,1.0,2.0,42218,M,4544927.0,439822.0,42
201100031077,11,2,14,1304,1,2,1,1.0,6.0,42305,M,4548143.0,443818.0,42
201100031078,11,2,14,1931,5,2,1,1.0,1.0,42218,M,4543912.0,437861.0,42
201100031079,11,2,15,1105,1,2,1,1.0,6.0,42330,M,4546713.0,435345.0,42
201100031080,11,2,15,2239,5,2,1,1.0,6.0,42218,M,4543741.0,439297.0,42
201100031081,11,2,17,1446,1,2,1,1.0,6.0,42218,M,4543976.0,438492.0,42
201100031082,11,2,22,1838,5,2,1,1.0,3.0,42218,M,4542383.0,439145.0,42
201100031083,11,2,25,1202,1,2,1,1.0,6.0,42218,M,4544322.0,437931.0,42
201100031084,11,2,26,34,5,2,1,1.0,6.0,42218,M,4544105.0,441660.0,42
201100031085,11,2,26,2059,5,2,1,1.0,3.0,42275,M,4547011.0,437480.0,42
201100031086,11,2,27,1213,1,2,1,1.0,6.0,42218,M,4542001.0,440414.0,42
201100031087,11,3,1,1930,5,2,2,1.0,3.0,42305,M,4548389.0,443698.0,42
201100031088,11,3,4,955,1,2,3,1.0,6.0,42218,M,4541740.0,439329.0,42
201100031089,11,3,4,1500,1,2,1,1.0,6.0,42218,M,4544202.0,438711.0,42
201100031090,11,3,5,718,2,2,1,1.0,6.0,42218,M,4544728.0,438622.0,42
201100031091,11,3,7,840,1,2,1,1.0,6.0,42218,M,4544454.0,435971.0,42
201100031092,11,3,8,1713,1,2,2,1.0,2.0,42218,M,4545980.0,438731.0,42
201100031093,11,3,6,1720,1,1,1,1.0,3.0,42305,M,4547384.0,443948.0,42
201100031094,11,3,9,1959,5,2,1,1.0,6.0,42218,M,4544152.0,437953.0,42
201100031095,11,3,10,1339,1,1,1,1.0,7.0,42237,M,4544534.0,445029.0,42
201100031096,11,3,10,1511,1,2,2,1.0,3.0,42218,M,4541889.0,439870.0,42
201100031097,11,3,12,3,5,2,2,1.0,6.0,42218,M,4544057.0,438552.0,42
201100031098,11,3,14,1115,1,2,1,1.0,6.0,42218,M,4537228.0,438562.0,42
201100031099,11,3,11,1530,1,2,3,1.0,6.0,42218,M,4543884.0,439493.0,42
201100031100,11,3,18,1422,1,2,9,1.0,6.0,42218,M,4542337.0,439555.0,42
201100031101,11,3,18,1815,1,1,3,1.0,3.0,42218,M,4543761.0,429272.0,42
201100031102,11,3,20,1940,5,2,3,1.0,3.0,42218,M,4544828.0,438462.0,42
201100031103,11,3,22,800,1,2,1,1.0,6.0,42218,M,4542950.0,438785.0,42
201100031104,11,3,23,2045,5,2,1,1.0,7.0,42218,M,4542905.0,439742.0,42
201100031105,11,3,23,1506,1,2,1,1.0,6.0,42218,M,4543698.0,438218.0,42
201100031106,11,3,24,2230,5,2,2,1.0,3.0,42218,M,4543777.0,438761.0,42
201100031107,11,3,25,1315,1,2,2,1.0,3.0,42218,M,4545457.0,441179.0,42
201100031108,11,3,25,1811,1,2,1,1.0,6.0,42218,M,4543617.0,438794.0,42
201100031109,11,3,24,1649,1,2,3,1.0,2.0,42189,M,4543237.0,432525.0,42
201100031110,11,3,25,1715,1,2,1,1.0,2.0,42305,M,4547728.0,441730.0,42
201100031111,11,3,23,1606,1,2,2,1.0,6.0,42218,M,4543862.0,440191.0,42
201100031112,11,3,29,1610,1,2,1,1.0,6.0,42218,M,4542310.0,438312.0,42
201100031113,11,3,30,1525,1,2,1,1.0,6.0,42218,M,4544446.0,438651.0,42
201100031114,11,3,31,1515,1,2,1,1.0,6.0,42218,M,4545437.0,438287.0,42
201100031115,11,4,1,805,1,2,3,1.0,3.0,42237,M,4546169.0,444530.0,42
201100031116,11,4,1,828,1,2,2,1.0,3.0,42218,M,4546365.0,438222.0,42
201100031117,11,4,1,1008,1,2,1,1.0,6.0,42218,M,4544663.0,437752.0,42
201100031118,11,4,2,1000,1,2,1,1.0,2.0,42330,M,4546810.0,437186.0,42
201100031119,11,4,1,1230,1,2,1,1.0,3.0,42218,M,4542747.0,438439.0,42
201100031120,11,4,2,1008,1,2,3,1.0,6.0,42218,M,4542364.0,439423.0,42
201100031121,11,4,2,1800,1,2,1,1.0,1.0,42218,M,4540906.0,442466.0,42
201100031122,11,4,2,2025,3,1,1,1.0,6.0,42218,M,4545296.0,428860.0,42
201100031123,11,4,5,725,1,2,1,1.0,6.0,42218,M,4541720.0,440047.0,42
201100031124,11,4,6,1237,1,2,1,1.0,1.0,42189,M,4541752.0,431178.0,42
201100031125,11,4,8,1300,1,2,1,1.0,2.0,42189,M,4541470.0,430368.0,42
201100031126,11,4,10,1023,1,2,1,1.0,6.0,42218,M,4543764.0,440318.0,42
201100031127,11,4,10,942,1,2,1,1.0,3.0,42218,M,4542590.0,438803.0,42
201100031128,11,4,11,1710,1,2,1,1.0,3.0,42218,M,4544475.0,437554.0,42
201100031129,11,4,12,800,1,2,7,1.0,6.0,42218,M,4543141.0,438790.0,42
201100031130,11,4,12,2010,2,2,2,1.0,3.0,42218,M,4543115.0,437857.0,42
201100031131,11,4,13,805,1,2,1,1.0,6.0,42218,M,4542071.0,442703.0,42
201100031132,11,4,14,1815,1,1,1,1.0,4.0,42330,M,,,42
201100031133,11,4,14,1048,1,2,1,1.0,3.0,42275,M,4546886.0,437626.0,42
201100031134,11,4,15,2357,5,2,2,1.0,2.0,42218,M,4543306.0,438003.0,42
201100031135,11,4,8,950,1,2,1,1.0,6.0,42218,M,4546575.0,438012.0,42
201100031136,11,4,19,1015,1,2,1,1.0,6.0,42218,M,4545382.0,438297.0,42
201100031137,11,4,13,1450,1,2,2,1.0,3.0,42218,M,4544810.0,438337.0,42
201100031138,11,4,26,1230,1,2,1,1.0,7.0,42218,M,4542714.0,438949.0,42
201100031139,11,4,21,1935,1,2,3,1.0,3.0,42218,M,4542848.0,439286.0,42
201100031140,11,4,27,1415,1,2,1,2.0,4.0,42330,M,4546613.0,434031.0,42
201100031141,11,4,30,830,1,2,1,1.0,2.0,42218,M,4545625.0,438233.0,42
201100031142,11,4,29,2200,5,2,2,1.0,3.0,42218,M,4544343.0,437924.0,42
201100031143,11,4,29,2315,5,2,1,1.0,3.0,42218,M,4542883.0,439472.0,42
201100031144,11,5,2,2230,3,1,1,1.0,1.0,42223,M,4544042.0,433834.0,42
201100031145,11,5,3,245,3,2,1,1.0,6.0,42218,M,4541831.0,440609.0,42
201100031146,11,5,3,1408,1,2,1,2.0,4.0,42218,M,4542616.0,439082.0,42
201100031147,11,5,4,1608,1,2,3,1.0,6.0,42218,M,4543336.0,439224.0,42
201100031148,11,5,5,2005,1,2,2,1.0,1.0,42218,M,4545457.0,441179.0,42
201100031149,11,5,5,900,1,2,1,1.0,6.0,42218,M,4545444.0,438309.0,42
201100031150,11,5,9,1654,1,2,1,1.0,6.0,42223,M,4544635.0,433608.0,42
201100031151,11,5,10,1450,1,1,3,1.0,3.0,42330,M,4544725.0,434926.0,42
201100031152,11,5,10,1330,1,2,2,1.0,5.0,42218,M,4544169.0,437892.0,42
201100031153,11,5,12,1230,1,2,3,1.0,3.0,42223,M,,,42
201100031154,11,5,12,1300,1,2,1,1.0,3.0,42218,M,4544347.0,440801.0,42
201100031155,11,5,12,1705,1,2,1,1.0,3.0,42218,M,,,42
201100031156,11,5,13,1425,1,2,2,1.0,3.0,42218,M,4543256.0,439437.0,42
201100031157,11,5,13,1500,1,2,1,1.0,4.0,42218,M,4543320.0,438814.0,42
201100031158,11,5,14,818,1,2,2,1.0,3.0,42218,M,4544309.0,437662.0,42
201100031159,11,5,18,910,1,2,1,7.0,6.0,42218,M,4541371.0,439619.0,42
201100031160,11,5,17,1417,1,1,6,1.0,7.0,42218,M,4541483.0,429674.0,42
201100031161,11,5,18,1145,1,2,1,1.0,6.0,42218,M,4543455.0,439096.0,42
201100031162,11,5,19,1245,1,2,1,1.0,6.0,42218,M,4542420.0,440731.0,42
201100031163,11,5,19,1428,1,2,1,1.0,3.0,42218,M,4546126.0,440337.0,42
201100031164,11,5,20,1320,1,2,6,1.0,3.0,42218,M,4542022.0,441163.0,42
201100031165,11,5,20,850,1,2,1,1.0,6.0,42223,M,4544590.0,435276.0,42
201100031166,11,5,23,1312,1,2,3,1.0,1.0,42275,M,4547713.0,437948.0,42
201100031167,11,5,23,2044,1,2,2,1.0,3.0,42218,M,4543900.0,438283.0,42
201100031168,11,5,25,1850,1,2,1,1.0,6.0,42218,M,4543984.0,438286.0,42
201100031169,11,5,25,2155,1,2,1,1.0,6.0,42218,M,4543838.0,438477.0,42
201100031170,11,5,27,1250,1,2,3,1.0,3.0,42218,M,4541044.0,437730.0,42
201100031171,11,5,27,1605,1,2,1,1.0,6.0,42218,M,4545745.0,438203.0,42
201100031172,11,5,30,755,1,1,2,1.0,3.0,42218,M,4543134.0,438791.0,42
201100031173,11,5,30,1525,1,2,2,1.0,3.0,42218,M,4544650.0,436739.0,42
201100031174,11,6,2,1630,1,2,1,1.0,6.0,42218,M,4541255.0,445224.0,42
201100031175,11,6,3,1530,1,2,1,1.0,1.0,42218,M,4545528.0,437880.0,42
201100031176,11,6,4,1400,1,2,1,3.0,2.0,42218,M,4546961.0,438964.0,42
201100031177,11,6,7,539,2,2,2,1.0,3.0,42218,M,4544209.0,440837.0,42
201100031178,11,6,8,2040,1,2,1,1.0,4.0,42275,M,4546647.0,438797.0,42
201100031179,11,6,9,1530,1,1,1,1.0,6.0,42218,M,4539475.0,445598.0,42
201100031180,11,6,9,2238,5,2,1,1.0,6.0,42218,M,4540802.0,438112.0,42
201100031181,11,6,12,1905,1,2,4,1.0,3.0,42218,M,4544406.0,441409.0,42
201100031182,11,6,10,1810,1,2,1,1.0,2.0,42218,M,4544119.0,438557.0,42
201100031183,11,6,14,549,5,2,9,9.0,6.0,42223,M,4544574.0,435354.0,42
201100031184,11,6,15,1510,1,2,2,1.0,3.0,42218,M,4546488.0,439869.0,42
201100031185,11,6,16,805,1,2,2,1.0,3.0,42218,M,4543241.0,439342.0,42
201100031186,11,6,16,1745,1,1,1,3.0,3.0,42218,M,4542313.0,436573.0,42
201100031187,11,6,16,835,1,2,1,1.0,6.0,42218,M,4544343.0,437924.0,42
201100031188,11,6,17,815,1,2,1,1.0,7.0,42218,M,4542030.0,441185.0,42
201100031189,11,6,17,830,1,2,9,1.0,6.0,42218,M,4543736.0,437871.0,42
201100031190,11,6,17,945,1,1,1,1.0,1.0,42189,M,4541966.0,432339.0,42
201100031191,11,6,17,1931,1,1,2,1.0,3.0,42223,M,4545260.0,434290.0,42
201100031192,11,6,17,1622,1,2,2,1.0,3.0,42218,M,4543194.0,439746.0,42
201100031193,11,6,18,1950,1,2,2,1.0,3.0,42218,M,4544518.0,436618.0,42
201100031194,11,6,18,2027,1,1,3,1.0,3.0,42218,M,4542124.0,435967.0,42
201100031195,11,6,19,2213,5,2,2,1.0,3.0,42218,M,4542802.0,438921.0,42
201100031196,11,6,18,1700,1,1,1,1.0,6.0,42223,M,4544454.0,435131.0,42
201100031197,11,6,21,1510,1,2,2,1.0,6.0,42183,M,4541542.0,437486.0,42
201100031198,11,6,23,914,1,2,1,1.0,3.0,42305,M,4548155.0,443814.0,42
201100031199,11,6,23,1525,1,2,1,1.0,3.0,42218,M,4544035.0,440073.0,42
201100031200,11,6,23,1635,1,2,1,1.0,6.0,42218,M,4543991.0,439586.0,42
201100031201,11,6,24,1620,1,2,1,1.0,2.0,42218,M,,,42
201100031202,11,6,26,1205,1,2,1,1.0,3.0,42218,M,,,42
201100031203,11,6,28,1602,1,2,2,1.0,6.0,42218,M,4544204.0,438711.0,42
201100031204,11,6,29,1641,1,2,1,1.0,6.0,42218,M,4543389.0,436630.0,42
201100031205,11,6,29,1653,1,2,1,1.0,6.0,42218,M,4541382.0,439245.0,42
201100031206,11,6,30,1300,1,2,1,1.0,2.0,42218,M,4544267.0,437915.0,42
201100031207,11,7,3,2039,2,2,3,1.0,3.0,42218,M,4541994.0,437007.0,42
201100031208,11,7,4,2018,2,2,2,1.0,3.0,42218,M,4544645.0,436737.0,42
201100031209,11,7,5,1352,1,2,1,1.0,3.0,42218,M,4544630.0,439748.0,42
201100031210,11,7,5,1615,1,1,1,1.0,7.0,42218,M,4541611.0,430027.0,42
201100031211,11,7,6,943,1,2,1,1.0,4.0,42218,M,4544706.0,439673.0,42
201100031212,11,7,7,1059,1,2,2,1.0,6.0,42218,M,4543917.0,438443.0,42
201100031213,11,7,7,1755,1,2,3,1.0,3.0,42218,M,4545150.0,438836.0,42
201100031214,11,7,8,808,1,2,1,1.0,6.0,42218,M,4543737.0,439299.0,42
201100031215,11,7,12,936,1,2,1,1.0,6.0,42218,M,4543700.0,438447.0,42
201100031216,11,7,13,1640,1,2,1,1.0,1.0,42218,M,4546656.0,439349.0,42
201100031217,11,7,13,2037,1,1,1,2.0,6.0,42189,M,4544298.0,434220.0,42
201100031218,11,7,15,1309,1,2,1,1.0,2.0,42218,M,4544830.0,438456.0,42
201100031219,11,7,14,1144,1,2,2,1.0,3.0,42218,M,4543917.0,438442.0,42
201100031220,11,7,13,909,1,1,1,1.0,6.0,42218,M,4546211.0,436940.0,42
201100031221,11,7,16,1757,1,2,9,1.0,6.0,42218,M,4546993.0,440806.0,42
201100031222,11,7,16,1530,1,2,1,1.0,6.0,42218,M,4543238.0,438041.0,42
201100031223,11,7,13,950,1,2,2,1.0,3.0,42218,M,4547316.0,439620.0,42
201100031224,11,7,21,807,1,2,1,1.0,6.0,42305,M,4548122.0,443495.0,42
201100031225,11,7,23,9,5,2,1,1.0,6.0,42218,M,4542952.0,440383.0,42
201100031226,11,7,21,1840,1,2,2,1.0,6.0,42218,M,4543880.0,440111.0,42
201100031227,11,7,25,1400,1,2,1,2.0,7.0,42218,M,4543228.0,438916.0,42
201100031228,11,7,29,1600,1,2,3,1.0,3.0,42218,M,4541627.0,439683.0,42
201100031229,11,7,29,712,1,2,1,1.0,7.0,42218,M,4543127.0,440144.0,42
201100031230,11,7,29,1346,1,2,1,1.0,6.0,42218,M,4542760.0,439603.0,42
201100031231,11,7,30,2138,2,2,2,1.0,1.0,42218,M,4546734.0,440884.0,42
201100031232,11,7,31,915,1,2,1,1.0,6.0,42189,M,4542366.0,431368.0,42
201100031233,11,7,31,1505,1,2,3,1.0,6.0,42218,M,4544104.0,437409.0,42
201100031234,11,7,30,1530,1,2,1,1.0,6.0,42218,M,4542842.0,440437.0,42
201100031235,11,8,7,2119,2,2,1,1.0,6.0,42218,M,4543354.0,442223.0,42
201100031236,11,8,6,1800,1,2,1,1.0,6.0,42218,M,4543951.0,439108.0,42
201100031237,11,6,15,1538,1,2,3,1.0,3.0,42218,M,4543402.0,442999.0,42
201100031238,11,8,9,1800,1,2,1,1.0,6.0,42218,M,4543989.0,439646.0,42
201100031239,11,8,9,810,1,2,2,1.0,3.0,42218,M,4543941.0,437858.0,42
201100031240,11,8,10,1748,1,2,1,1.0,7.0,42218,M,4544233.0,442061.0,42
201100031241,11,8,10,2027,1,2,6,1.0,6.0,42223,M,4543304.0,434509.0,42
201100031242,11,8,10,1845,1,2,1,1.0,1.0,42218,M,4544648.0,438109.0,42
201100031243,11,8,23,1517,1,2,2,1.0,3.0,42218,M,4543968.0,439986.0,42
201100031244,11,8,22,1200,1,2,3,1.0,6.0,42218,M,4543461.0,438252.0,42
201100031245,11,8,23,2148,5,2,2,1.0,3.0,42218,M,4543085.0,439427.0,42
201100031246,11,8,29,1109,1,2,9,1.0,6.0,42218,M,4544244.0,438015.0,42
201100031247,11,9,5,1340,1,2,2,1.0,3.0,42218,M,4546432.0,438194.0,42
201100031248,11,9,9,939,1,2,2,1.0,3.0,42218,M,4544728.0,438622.0,42
201100031249,11,9,9,1928,1,1,1,7.0,5.0,42189,M,4541495.0,430186.0,42
201100031250,11,9,8,1736,1,1,1,1.0,2.0,42218,M,4542168.0,436741.0,42
201100031251,11,9,13,1727,1,1,1,1.0,4.0,42330,M,4547149.0,434533.0,42
201100031252,11,9,14,1745,1,2,2,1.0,3.0,42218,M,4546484.0,439880.0,42
201100031253,11,9,16,1220,1,2,1,1.0,3.0,42218,M,4543360.0,439527.0,42
201100031254,11,9,17,1750,1,2,1,1.0,6.0,42218,M,4543919.0,438699.0,42
201100031255,11,9,20,1711,1,2,2,1.0,3.0,42218,M,4544651.0,436739.0,42
201100031256,11,9,21,1350,1,2,1,1.0,6.0,42218,M,4545414.0,438282.0,42
201100031257,11,9,21,1700,1,2,1,1.0,6.0,42218,M,4543289.0,439631.0,42
201100031258,11,9,22,2225,5,2,1,1.0,6.0,42218,M,4542335.0,439186.0,42
201100031259,11,9,23,1725,1,2,1,1.0,6.0,42218,M,4546608.0,438316.0,42
201100031260,11,9,23,1845,1,2,1,1.0,6.0,42305,M,4547865.0,443717.0,42