Num_Acc,an,mois,jour,hrmn,lum,agg,int,atm,col,com,gps,lat,long,dep
201100031261,11,9,23,1547,1,2,1,1.0,3.0,42275,M,4547727.0,436326.0,42
201100031262,11,9,25,1925,1,2,2,1.0,3.0,42218,M,4544728.0,438622.0,42
201100031263,11,9,23,1750,1,2,1,1.0,2.0,42218,M,4545367.0,441316.0,42
201100031264,11,9,24,1425,1,2,2,1.0,3.0,42218,M,4544493.0,436346.0,42
201100031265,11,9,30,340,5,2,1,1.0,3.0,42189,M,4542443.0,431621.0,42
201100031266,11,9,28,1400,1,2,2,1.0,6.0,42218,M,4542145.0,442562.0,42
201100031267,11,9,30,1510,1,1,2,1.0,3.0,42218,M,4545436.0,441178.0,42
201100031268,11,10,2,1800,1,2,2,1.0,3.0,42218,M,4545148.0,440719.0,42
201100031269,11,10,3,1030,1,2,3,1.0,3.0,42218,M,4541794.0,440011.0,42
201100031270,11,10,3,1530,1,2,1,1.0,6.0,42218,M,4544259.0,439780.0,42
201100031271,11,10,4,1400,1,2,1,1.0,6.0,42218,M,4541803.0,438939.0,42
201100031272,11,10,5,200,5,2,1,1.0,6.0,42218,M,4543953.0,441992.0,42
201100031273,11,10,5,1200,1,2,2,1.0,3.0,42218,M,4544014.0,438258.0,42
201100031274,11,10,5,1759,1,2,3,1.0,3.0,42218,M,4541889.0,437588.0,42
201100031275,11,10,7,645,5,2,3,1.0,6.0,42218,M,4543454.0,441523.0,42
201100031276,11,10,12,1050,1,1,6,1.0,3.0,42305,M,4547038.0,443564.0,42
201100031277,11,10,11,1925,1,1,1,1.0,6.0,42223,M,4546437.0,432204.0,42
201100031278,11,10,14,2330,5,2,3,1.0,6.0,42218,M,4544010.0,442841.0,42
201100031279,11,10,15,1300,1,2,1,1.0,7.0,42218,M,4544243.0,438703.0,42
201100031280,11,11,14,1240,1,2,6,1.0,3.0,42218,M,4543641.0,441885.0,42
201100031281,11,10,17,1740,1,2,1,1.0,6.0,42218,M,4546363.0,439805.0,42
201100031282,11,10,20,730,5,2,1,1.0,2.0,42218,M,4545663.0,438217.0,42
201100031283,11,10,21,2000,5,2,1,1.0,6.0,42218,M,4544181.0,438550.0,42
201100031284,11,10,22,2342,5,2,1,1.0,6.0,42218,M,4542260.0,439208.0,42
201100031285,11,10,23,1442,1,2,1,1.0,6.0,42305,M,4547799.0,442946.0,42
201100031286,11,10,24,1027,1,2,2,1.0,3.0,42218,M,4544046.0,440108.0,42
201100031287,11,10,25,1450,1,2,2,2.0,3.0,42218,M,4544800.0,438120.0,42
201100031288,11,10,25,1725,1,2,1,2.0,6.0,42218,M,4542166.0,441074.0,42
201100031289,11,10,30,2100,5,2,2,1.0,3.0,42305,M,4547881.0,443473.0,42
201100031290,11,10,29,715,5,2,1,1.0,6.0,42218,M,4542790.0,438302.0,42
201100031291,11,11,3,1757,5,2,1,1.0,5.0,42218,M,4543713.0,440671.0,42
201100031292,11,11,5,1735,5,2,1,3.0,6.0,42275,M,4547727.0,436326.0,42
201100031293,11,11,3,1859,5,2,6,1.0,6.0,42218,M,4542018.0,441192.0,42
201100031294,11,11,9,1630,1,2,3,1.0,3.0,42218,M,4544728.0,438622.0,42
201100031295,11,11,10,1709,1,2,1,1.0,6.0,42218,M,4543268.0,438021.0,42
201100031296,11,11,10,1828,2,2,1,1.0,6.0,42218,M,4541261.0,439918.0,42
201100031297,11,11,14,1455,1,2,2,1.0,3.0,42218,M,4545733.0,439573.0,42
201100031298,11,11,14,1100,1,2,1,1.0,6.0,42275,M,4547313.0,437662.0,42
201100031299,11,11,18,1000,1,2,1,1.0,6.0,42218,M,4544995.0,440349.0,42
201100031300,11,11,21,100,5,2,3,1.0,3.0,42218,M,4544438.0,438645.0,42
201100031301,11,11,21,2320,5,2,1,1.0,6.0,42218,M,4542836.0,440488.0,42
201100031302,11,11,21,1750,5,2,3,1.0,3.0,42218,M,4544559.0,438296.0,42
201100031303,11,11,23,750,2,2,1,1.0,6.0,42218,M,4542377.0,438525.0,42
201100031304,11,11,23,1113,1,2,1,1.0,6.0,42218,M,4544511.0,438026.0,42
201100031305,11,11,21,1405,1,2,1,1.0,2.0,42218,M,4543391.0,437958.0,42
201100031306,11,11,30,1300,1,2,3,1.0,3.0,42330,M,4546590.0,434269.0,42
201100031307,11,11,27,1610,1,2,2,1.0,1.0,42218,M,4543434.0,437962.0,42
201100031308,11,12,1,1320,1,2,1,1.0,6.0,42218,M,4544285.0,436447.0,42
201100031309,11,12,2,1841,5,2,3,1.0,1.0,42218,M,4541706.0,437558.0,42
201100031310,11,12,3,1951,5,2,2,1.0,3.0,42218,M,4544669.0,438264.0,42
201100031311,11,11,28,1825,5,2,1,1.0,6.0,42189,M,4541834.0,431234.0,42
201100031312,11,12,5,1141,1,2,1,2.0,2.0,42218,M,4544305.0,441228.0,42
201100031313,11,12,6,1217,1,2,2,1.0,3.0,42218,M,4545802.0,438873.0,42
201100031314,11,12,7,1817,5,2,1,2.0,6.0,42218,M,4542062.0,439231.0,42
201100031315,11,12,6,1720,3,1,2,2.0,3.0,42330,M,4545266.0,434277.0,42
201100031316,11,12,9,1209,1,2,1,1.0,7.0,42218,M,4546225.0,441267.0,42
201100031317,11,12,12,750,2,2,1,1.0,6.0,42218,M,4542440.0,440783.0,42
201100031318,11,12,7,740,2,2,1,1.0,2.0,42218,M,4546284.0,440104.0,42
201100031319,11,12,19,845,1,2,1,4.0,1.0,42218,M,4542847.0,440792.0,42
201100031320,11,12,19,1815,5,2,1,8.0,6.0,42218,M,4541931.0,440047.0,42
201100031321,11,12,17,1355,1,2,1,8.0,6.0,42218,M,4542641.0,440994.0,42
201100031322,11,12,20,2150,5,2,3,2.0,3.0,42218,M,4542606.0,438792.0,42
201100031323,11,12,21,1240,1,2,2,2.0,1.0,42218,M,4543273.0,438830.0,42
201100031324,11,12,25,1829,5,2,1,1.0,6.0,42218,M,4544849.0,438995.0,42
201100031325,11,12,23,1405,1,2,3,8.0,3.0,42218,M,4541383.0,439243.0,42
201100031326,11,12,21,1730,2,2,1,1.0,6.0,42218,M,4544408.0,436386.0,42
201100031327,11,12,27,1910,5,2,1,1.0,6.0,42218,M,4543787.0,439365.0,42
201100031328,11,12,28,2016,5,2,2,1.0,3.0,42218,M,4544145.0,441640.0,42
201100031329,11,1,3,1420,1,2,1,1.0,6.0,43002,M,,,43
201100031330,11,2,9,1525,1,2,1,1.0,6.0,43041,M,,,43
201100031331,11,2,28,1725,1,2,1,1.0,6.0,43157,M,,,43
201100031332,11,3,1,1842,2,2,1,1.0,6.0,43251,M,,,43
201100031333,11,3,26,950,1,2,1,1.0,2.0,43157,M,,,43
201100031334,11,4,15,1800,1,2,1,1.0,1.0,43041,M,,,43
201100031335,11,4,15,2050,5,2,1,1.0,1.0,43046,M,,,43
201100031336,11,5,3,2330,4,2,1,1.0,3.0,43157,M,,,43
201100031337,11,5,23,1130,1,2,1,1.0,6.0,43157,M,,,43
201100031338,11,7,4,1715,1,1,1,1.0,6.0,43046,M,,,43
201100031339,11,7,21,1650,1,2,1,1.0,2.0,43002,M,,,43
201100031340,11,7,21,1545,1,2,1,1.0,6.0,43251,M,,,43
201100031341,11,7,30,1335,1,2,1,1.0,2.0,43157,M,,,43
201100031342,11,8,8,1815,1,2,1,1.0,2.0,43157,M,,,43
201100031343,11,8,23,1200,1,2,1,1.0,4.0,43157,M,,,43
201100031344,11,9,1,1835,1,2,1,1.0,1.0,43157,M,,,43
201100031345,11,9,4,1844,1,2,1,1.0,6.0,43157,M,,,43
201100031346,11,9,22,915,1,2,1,1.0,6.0,43251,M,,,43
201100031347,11,10,7,2150,3,1,1,2.0,1.0,43089,M,,,43
201100031348,11,10,15,1710,1,2,1,1.0,2.0,43157,M,,,43
201100031349,11,10,17,1930,5,2,1,1.0,3.0,43251,M,,,43
201100031350,11,10,25,1830,1,2,1,1.0,6.0,43002,M,,,43
201100031351,11,11,3,1825,5,2,1,3.0,6.0,43251,M,,,43
201100031352,11,11,4,1800,5,2,1,3.0,6.0,43089,M,,,43
201100031353,11,11,7,850,1,2,1,1.0,6.0,43157,M,,,43
201100031354,11,1,23,155,5,2,1,1.0,6.0,44055,M,,,44
201100031355,11,1,27,1910,5,2,1,1.0,6.0,44132,M,,,44
201100031356,11,1,29,1153,1,2,1,1.0,6.0,44055,M,,,44
201100031357,11,2,1,2000,5,2,6,2.0,3.0,44132,M,,,44
201100031358,11,2,8,1755,1,1,1,1.0,2.0,44132,M,,,44
201100031359,11,2,27,1305,1,2,1,1.0,6.0,44055,M,,,44
201100031360,11,3,13,1055,1,2,3,2.0,3.0,44055,M,,,44
201100031361,11,3,13,1505,1,2,3,1.0,3.0,44055,M,,,44
201100031362,11,3,18,1700,1,2,1,1.0,1.0,44055,M,,,44
201100031363,11,3,19,1755,1,2,1,1.0,2.0,44055,M,,,44
201100031364,11,3,22,1100,1,2,2,1.0,3.0,44135,M,,,44
201100031365,11,4,9,1714,1,2,2,1.0,3.0,44055,M,,,44
201100031366,11,4,12,810,1,2,2,1.0,3.0,44132,M,,,44
201100031367,11,4,14,1025,1,1,3,1.0,3.0,44132,M,,,44
201100031368,11,4,14,1635,1,2,1,1.0,7.0,44055,M,,,44
201100031369,11,4,16,1925,1,2,1,1.0,3.0,44055,M,,,44
201100031370,11,4,17,910,1,2,3,1.0,6.0,44055,M,,,44
201100031371,11,5,5,1440,1,2,2,1.0,3.0,44132,M,,,44
201100031372,11,5,5,1900,1,2,1,1.0,7.0,44055,M,,,44
201100031373,11,5,11,1630,1,2,1,1.0,6.0,44055,M,,,44
201100031374,11,5,18,1715,1,2,1,1.0,3.0,44132,M,,,44
201100031375,11,5,26,1755,1,2,1,1.0,3.0,44132,M,,,44
201100031376,11,6,4,2000,1,2,1,1.0,1.0,44132,M,,,44
201100031377,11,6,14,940,1,2,1,2.0,3.0,44132,M,,,44
201100031378,11,6,14,1125,1,2,1,1.0,3.0,44055,M,,,44
201100031379,11,6,26,1530,1,2,6,1.0,3.0,44055,M,,,44
201100031380,11,6,28,955,1,2,1,1.0,6.0,44055,M,,,44
201100031381,11,7,1,1255,1,2,2,1.0,3.0,44135,M,,,44
201100031382,11,7,2,1600,1,2,9,1.0,2.0,44135,M,,,44
201100031383,11,7,3,1710,1,2,1,1.0,2.0,44055,M,,,44
201100031384,11,7,9,1535,1,1,9,1.0,3.0,44055,M,,,44
201100031385,11,7,10,1155,1,2,9,1.0,3.0,44135,M,,,44
201100031386,11,7,13,1050,1,2,1,1.0,2.0,44055,M,,,44
201100031387,11,7,14,2345,4,2,1,1.0,7.0,44055,M,,,44
201100031388,11,7,19,1315,1,2,3,8.0,1.0,44055,M,,,44
201100031389,11,7,19,2105,1,2,2,8.0,3.0,44055,M,,,44
201100031390,11,7,22,1150,1,2,1,1.0,3.0,44132,M,,,44
201100031391,11,7,24,1715,1,2,6,1.0,3.0,44132,M,,,44
201100031392,11,7,30,1855,1,2,1,1.0,2.0,44055,M,,,44
201100031393,11,7,31,2000,1,2,9,1.0,2.0,44135,M,,,44
201100031394,11,8,2,1010,1,2,2,1.0,3.0,44132,M,,,44
201100031395,11,8,13,1545,1,2,6,2.0,3.0,44055,M,,,44
201100031396,11,8,14,1125,1,2,1,1.0,6.0,44135,M,,,44
201100031397,11,8,16,1455,1,2,3,1.0,3.0,44132,M,,,44
201100031398,11,8,18,1827,1,2,3,1.0,3.0,44055,M,,,44
201100031399,11,8,22,1615,1,1,1,1.0,4.0,44055,M,,,44
201100031400,11,8,26,1500,1,2,1,1.0,4.0,44132,M,,,44
201100031401,11,8,26,1620,1,2,1,1.0,2.0,44055,M,,,44
201100031402,11,8,28,1850,1,1,8,1.0,2.0,44132,M,,,44
201100031403,11,8,30,1825,1,2,9,1.0,6.0,44055,M,,,44
201100031404,11,9,1,1240,1,2,1,1.0,6.0,44132,M,,,44
201100031405,11,9,1,2035,1,2,2,1.0,3.0,44055,M,,,44
201100031406,11,9,13,1930,1,2,3,1.0,6.0,44055,M,,,44
201100031407,11,9,26,925,1,1,1,1.0,1.0,44132,M,,,44
201100031408,11,9,30,1820,1,1,1,1.0,1.0,44132,M,,,44
201100031409,11,9,30,2255,3,2,1,1.0,2.0,44135,M,,,44
201100031410,11,9,30,2045,4,2,3,1.0,3.0,44055,M,,,44
201100031411,11,10,11,1840,1,2,1,1.0,2.0,44055,M,,,44
201100031412,11,10,15,1120,1,2,1,1.0,7.0,44132,M,,,44
201100031413,11,10,26,1700,1,2,3,1.0,3.0,44132,M,,,44
201100031414,11,10,30,1140,1,2,1,1.0,6.0,44135,M,,,44
201100031415,11,11,2,1934,5,2,6,3.0,3.0,44132,M,,,44
201100031416,11,11,6,550,5,1,1,1.0,6.0,44132,M,,,44
201100031417,11,11,9,1019,1,2,9,1.0,6.0,44132,M,,,44
201100031418,11,11,11,945,1,2,6,8.0,3.0,44135,M,,,44
201100031419,11,11,29,1400,1,2,1,1.0,6.0,44055,M,,,44
201100031420,11,12,5,1825,5,2,6,2.0,3.0,44132,M,,,44
201100031421,11,12,15,2325,3,2,1,6.0,6.0,44132,M,,,44
201100031422,11,12,24,1000,1,2,1,1.0,6.0,44132,M,,,44
201100031423,11,10,27,2350,5,2,1,1.0,7.0,44109,M,,,44
201100031424,11,1,1,505,5,2,3,5.0,6.0,44109,M,,,44
201100031425,11,12,31,1845,5,2,1,2.0,3.0,44109,M,,,44
201100031426,11,12,31,1840,5,2,1,2.0,1.0,44109,M,,,44
201100031427,11,1,1,25,5,2,1,1.0,3.0,44109,M,,,44
201100031428,11,3,3,1013,1,2,9,1.0,6.0,44109,M,,,44
201100031429,11,1,2,1900,5,2,1,1.0,6.0,44162,M,,,44
201100031430,11,1,5,1345,1,2,6,9.0,2.0,44114,M,,,44
201100031431,11,4,1,1730,1,1,1,1.0,2.0,44020,M,,,44
201100031432,11,1,10,740,3,2,6,1.0,3.0,44162,M,,,44
201100031433,11,1,13,2005,5,2,1,1.0,6.0,44109,M,,,44
201100031434,11,1,13,2045,5,2,1,1.0,2.0,44109,M,,,44
201100031435,11,1,15,1400,1,2,1,1.0,3.0,44109,M,,,44
201100031436,11,1,17,750,5,2,1,2.0,6.0,44109,M,,,44
201100031437,11,1,18,1439,1,2,1,1.0,3.0,44109,M,,,44
201100031438,11,1,18,1645,1,2,4,1.0,1.0,44109,M,,,44
201100031439,11,1,20,1345,1,2,1,1.0,6.0,44109,M,,,44
201100031440,11,1,21,800,1,2,1,1.0,3.0,44109,M,,,44
201100031441,11,1,21,1240,1,2,1,1.0,4.0,44109,M,,,44
201100031442,11,1,21,1130,1,2,2,1.0,3.0,44109,M,,,44
201100031443,11,1,21,1800,3,1,1,1.0,3.0,44109,M,,,44
201100031444,11,1,22,1805,5,2,1,1.0,6.0,44162,M,,,44
201100031445,11,1,25,2015,5,1,1,1.0,6.0,44020,M,,,44
201100031446,11,1,26,815,2,2,1,2.0,3.0,44109,M,,,44
201100031447,11,1,21,1700,1,2,1,1.0,6.0,44109,M,,,44
201100031448,11,1,28,1515,1,2,1,1.0,6.0,44109,M,,,44
201100031449,11,1,30,2245,5,2,3,1.0,5.0,44109,M,,,44
201100031450,11,1,29,2030,5,2,1,1.0,6.0,44109,M,,,44
201100031451,11,12,12,1300,1,2,1,1.0,6.0,44109,M,,,44
201100031452,11,1,31,1930,5,2,9,1.0,6.0,44109,M,,,44
201100031453,11,1,31,1710,1,2,6,1.0,3.0,44109,M,,,44
201100031454,11,1,27,1745,5,2,1,8.0,3.0,44162,M,,,44
201100031455,11,2,5,2030,5,2,1,1.0,6.0,44190,M,,,44
201100031456,11,2,4,815,2,2,6,1.0,3.0,44143,M,,,44
201100031457,11,2,8,2030,5,2,9,1.0,6.0,44109,M,,,44
201100031458,11,2,9,1045,1,2,1,1.0,2.0,44109,M,,,44
201100031459,11,2,6,1700,1,2,3,1.0,2.0,44109,M,,,44
201100031460,11,2,10,1150,1,2,1,1.0,6.0,44109,M,,,44
201100031461,11,2,10,2035,5,2,2,1.0,6.0,44109,M,,,44
201100031462,11,2,14,1415,1,2,3,1.0,3.0,44109,M,,,44
201100031463,11,2,12,2340,5,2,3,1.0,7.0,44109,M,,,44
201100031464,11,2,15,1805,1,2,6,1.0,3.0,44109,M,,,44
201100031465,11,2,16,710,2,2,3,1.0,3.0,44109,M,,,44
201100031466,11,2,16,1928,5,2,1,1.0,6.0,44109,M,,,44
201100031467,11,2,17,829,1,2,1,1.0,6.0,44109,M,,,44
201100031468,11,2,18,1030,1,2,3,1.0,6.0,44109,M,,,44
201100031469,11,2,18,1045,1,2,1,5.0,6.0,44109,M,,,44
201100031470,11,2,20,615,5,2,1,5.0,6.0,44109,M,,,44
201100031471,11,2,18,1715,1,2,2,1.0,3.0,44109,M,,,44
201100031472,11,2,20,1512,1,2,3,1.0,2.0,44109,M,,,44
201100031473,11,2,21,1745,2,2,1,2.0,6.0,44143,M,,,44
201100031474,11,2,23,2254,5,2,1,2.0,3.0,44162,M,,,44
201100031475,11,2,26,2039,5,2,1,1.0,6.0,44109,M,,,44
201100031476,11,3,2,1700,1,2,1,1.0,6.0,44143,M,,,44
201100031477,11,3,3,1320,1,2,1,1.0,3.0,44162,M,,,44
201100031478,11,3,4,1630,1,2,1,1.0,6.0,44109,M,,,44
201100031479,11,3,7,1540,1,2,1,1.0,6.0,44109,M,,,44
201100031480,11,2,25,835,2,2,1,1.0,2.0,44162,M,,,44
201100031481,11,3,9,1855,2,2,1,1.0,7.0,44109,M,,,44
201100031482,11,3,10,1200,1,2,1,1.0,6.0,44109,M,,,44
201100031483,11,3,10,1320,1,1,1,1.0,7.0,44114,M,,,44
201100031484,11,3,12,1625,1,2,7,1.0,6.0,44109,M,,,44
201100031485,11,3,12,2100,5,2,1,1.0,7.0,44109,M,,,44
201100031486,11,3,14,1340,1,2,1,1.0,2.0,44109,M,,,44
201100031487,11,3,3,850,1,2,1,1.0,6.0,44114,M,,,44
201100031488,11,3,16,2111,5,2,3,1.0,3.0,44109,M,,,44
201100031489,11,3,18,1010,1,2,2,1.0,3.0,44109,M,,,44
201100031490,11,3,21,1250,1,2,9,1.0,3.0,44109,M,,,44
201100031491,11,3,21,1440,1,2,1,1.0,5.0,44109,M,,,44
201100031492,11,3,21,2230,5,2,2,1.0,3.0,44109,M,,,44
201100031493,11,3,21,2355,5,1,1,1.0,6.0,44109,M,,,44
201100031494,11,3,21,2130,5,2,6,1.0,3.0,44109,M,,,44
201100031495,11,3,21,1350,1,2,4,1.0,3.0,44109,M,,,44
201100031496,11,3,22,2315,5,2,1,1.0,1.0,44109,M,,,44
201100031497,11,3,22,830,1,2,1,1.0,7.0,44143,M,,,44
201100031498,11,3,23,1230,1,2,2,1.0,6.0,44109,M,,,44
201100031499,11,3,24,1500,1,1,1,1.0,6.0,44109,M,,,44
201100031500,11,3,23,1700,1,2,1,1.0,3.0,44109,M,,,44
201100031501,11,3,26,1450,1,2,9,1.0,7.0,44109,M,,,44
201100031502,11,3,28,1830,1,2,2,1.0,3.0,44109,M,,,44
201100031503,11,3,28,1508,1,2,1,1.0,3.0,44109,M,,,44
201100031504,11,3,24,830,1,2,1,2.0,3.0,44109,M,,,44
201100031505,11,3,29,1455,1,2,2,1.0,6.0,44109,M,,,44
201100031506,11,3,29,1855,1,2,5,1.0,5.0,44109,M,,,44
201100031507,11,3,30,440,5,2,6,1.0,3.0,44109,M,,,44
201100031508,11,3,31,730,5,2,2,2.0,3.0,44109,M,,,44
201100031509,11,4,1,330,5,2,1,1.0,6.0,44190,M,,,44
201100031510,11,4,1,1205,1,2,1,9.0,6.0,44109,M,,,44
201100031511,11,4,1,1225,1,1,1,1.0,5.0,44162,M,,,44
201100031512,11,3,18,1800,1,2,1,1.0,2.0,44109,M,,,44
201100031513,11,4,2,115,3,1,1,1.0,6.0,44162,M,,,44
201100031514,11,4,5,1525,1,2,1,1.0,6.0,44109,M,,,44
201100031515,11,4,5,1320,1,2,1,1.0,2.0,44162,M,,,44
201100031516,11,4,6,1825,1,2,1,1.0,6.0,44109,M,,,44
201100031517,11,4,11,1335,1,2,1,1.0,6.0,44109,M,,,44
201100031518,11,4,8,1735,1,2,1,1.0,6.0,44109,M,,,44
201100031519,11,4,7,1955,2,2,1,1.0,6.0,44114,M,,,44
201100031520,11,4,12,1700,1,2,1,1.0,7.0,44114,M,,,44
201100031521,11,4,12,1725,1,2,1,1.0,4.0,44109,M,,,44
201100031522,11,4,17,2115,5,2,1,1.0,7.0,44143,M,,,44
201100031523,11,4,16,1830,1,2,1,1.0,6.0,44143,M,,,44
201100031524,11,4,15,1735,1,2,1,1.0,3.0,44114,M,,,44
201100031525,11,4,19,1835,1,2,1,1.0,3.0,44109,M,,,44
201100031526,11,4,16,1120,1,2,3,1.0,7.0,44109,M,,,44
201100031527,11,4,21,1600,1,2,1,1.0,6.0,44109,M,,,44
201100031528,11,4,25,2055,2,2,9,1.0,6.0,44109,M,,,44
201100031529,11,4,22,1800,1,2,1,1.0,3.0,44109,M,,,44
201100031530,11,4,27,1420,1,2,1,1.0,6.0,44109,M,,,44
201100031531,11,1,25,1500,1,2,1,1.0,6.0,44162,M,,,44
201100031532,11,4,25,2120,5,2,1,1.0,7.0,44109,M,,,44
201100031533,11,4,27,736,1,1,1,1.0,7.0,44009,M,,,44
201100031534,11,5,1,1000,1,2,1,1.0,3.0,44109,M,,,44
201100031535,11,5,1,1530,1,2,1,1.0,6.0,44109,M,,,44
201100031536,11,4,30,700,2,2,6,1.0,6.0,44109,M,,,44
201100031537,11,5,4,748,1,2,1,1.0,3.0,44109,M,,,44
201100031538,11,5,3,618,5,2,1,3.0,5.0,44109,M,,,44
201100031539,11,4,29,1600,1,2,1,1.0,3.0,44162,M,,,44
201100031540,11,5,3,1245,1,1,1,1.0,6.0,44109,M,,,44
201100031541,11,5,1,800,1,2,1,1.0,6.0,44109,M,,,44
201100031542,11,5,7,2353,5,2,1,1.0,6.0,44162,M,,,44
201100031543,11,5,8,1155,1,1,1,1.0,5.0,44143,M,,,44
201100031544,11,5,8,1815,1,2,3,1.0,3.0,44162,M,,,44
201100031545,11,5,10,1010,1,2,6,1.0,3.0,44109,M,,,44
201100031546,11,5,12,1,5,2,1,1.0,6.0,44109,M,,,44
201100031547,11,5,11,1645,1,2,6,1.0,6.0,44109,M,,,44
201100031548,11,5,14,1355,1,2,6,1.0,3.0,44109,M,,,44
201100031549,11,5,14,2235,5,2,1,1.0,6.0,44109,M,,,44
201100031550,11,5,13,1920,1,2,2,1.0,3.0,44109,M,,,44
201100031551,11,5,16,2000,1,2,1,1.0,6.0,44109,M,,,44
201100031552,11,5,16,1732,1,2,6,1.0,3.0,44162,M,,,44
201100031553,11,5,19,1040,1,2,2,1.0,3.0,44109,M,,,44
201100031554,11,5,20,945,1,2,1,1.0,7.0,44109,M,,,44
201100031555,11,5,23,730,1,2,1,1.0,7.0,44109,M,,,44
201100031556,11,5,22,415,3,1,1,1.0,7.0,44143,M,,,44
201100031557,11,5,23,740,1,2,2,1.0,6.0,44143,M,,,44
201100031558,11,5,24,2055,1,2,3,1.0,3.0,44109,M,,,44
201100031559,11,5,24,1915,1,2,3,1.0,6.0,44190,M,,,44
201100031560,11,5,25,1100,1,2,1,1.0,3.0,44109,M,,,44
201100031561,11,5,23,2005,1,2,6,1.0,3.0,44114,M,,,44
201100031562,11,5,26,1305,5,1,3,1.0,6.0,44143,M,,,44
201100031563,11,5,26,1330,1,2,1,1.0,3.0,44109,M,,,44
201100031564,11,5,26,1750,1,2,1,1.0,2.0,44109,M,,,44
201100031565,11,5,27,815,1,2,1,1.0,6.0,44109,M,,,44
201100031566,11,6,4,100,5,2,1,1.0,3.0,44109,M,,,44
201100031567,11,5,28,1030,1,2,1,1.0,7.0,44109,M,,,44
201100031568,11,5,28,1920,1,2,1,1.0,2.0,44109,M,,,44
201100031569,11,5,27,1825,1,2,1,1.0,6.0,44143,M,,,44
201100031570,11,5,27,1727,1,2,3,1.0,3.0,44109,M,,,44
201100031571,11,5,27,1240,1,2,1,1.0,2.0,44162,M,,,44
201100031572,11,6,1,1130,1,2,1,1.0,7.0,44109,M,,,44
201100031573,11,6,5,525,5,2,1,2.0,6.0,44109,M,,,44
201100031574,11,6,6,2355,5,2,6,1.0,7.0,44109,M,,,44
201100031575,11,6,5,1150,1,2,1,2.0,6.0,44162,M,,,44
201100031576,11,6,8,1145,1,2,1,1.0,2.0,44109,M,,,44
201100031577,11,6,8,1740,1,2,1,1.0,6.0,44109,M,,,44
201100031578,11,6,8,1815,1,1,1,1.0,6.0,44143,M,,,44
201100031579,11,6,8,1905,1,2,1,1.0,3.0,44109,M,,,44
201100031580,11,6,9,1305,1,2,1,8.0,6.0,44109,M,,,44
201100031581,11,6,9,1535,1,2,1,1.0,6.0,44109,M,,,44
201100031582,11,6,8,1600,1,2,1,9.0,6.0,44109,M,,,44
201100031583,11,6,10,850,1,2,3,2.0,3.0,44109,M,,,44
201100031584,11,6,14,1410,1,2,3,8.0,3.0,44109,M,,,44
201100031585,11,6,15,2055,1,2,1,1.0,6.0,44109,M,,,44
201100031586,11,6,15,1045,1,2,1,1.0,3.0,44109,M,,,44
201100031587,11,3,11,1600,1,2,1,1.0,6.0,44162,M,,,44
201100031588,11,6,11,1845,1,2,1,1.0,6.0,44162,M,,,44
201100031589,11,6,14,1000,1,2,1,1.0,2.0,44109,M,,,44
201100031590,11,6,16,1035,1,2,1,1.0,6.0,44109,M,,,44
201100031591,11,6,18,1430,1,1,1,9.0,7.0,44009,M,,,44
201100031592,11,6,18,400,5,2,1,2.0,7.0,44109,M,,,44
201100031593,11,6,20,750,1,2,3,2.0,3.0,44109,M,,,44
201100031594,11,6,20,1130,1,2,2,2.0,4.0,44109,M,,,44
201100031595,11,6,20,1825,1,2,3,1.0,6.0,44109,M,,,44
201100031596,11,6,21,1853,1,2,7,2.0,3.0,44109,M,,,44
201100031597,11,6,22,1730,1,2,3,1.0,1.0,44190,M,,,44
201100031598,11,6,23,1100,1,2,2,1.0,6.0,44109,M,,,44
201100031599,11,6,22,240,5,2,1,1.0,1.0,44109,M,,,44
201100031600,11,6,24,830,1,1,1,1.0,5.0,44162,M,,,44
201100031601,11,6,25,900,1,2,1,1.0,3.0,44109,M,,,44
201100031602,11,6,26,430,5,2,1,1.0,6.0,44109,M,,,44
201100031603,11,9,26,2235,5,2,1,1.0,6.0,44109,M,,,44
201100031604,11,6,27,1515,1,2,1,1.0,3.0,44143,M,,,44
201100031605,11,6,29,1255,1,2,1,1.0,6.0,44109,M,,,44
201100031606,11,6,28,900,1,2,1,1.0,3.0,44114,M,,,44
201100031607,11,6,30,940,1,2,6,1.0,3.0,44109,M,,,44
201100031608,11,6,30,1345,1,2,6,1.0,6.0,44109,M,,,44
201100031609,11,7,1,1930,1,2,1,1.0,6.0,44109,M,,,44
201100031610,11,7,3,140,3,1,1,1.0,6.0,44162,M,,,44
201100031611,11,7,2,2110,1,2,1,1.0,6.0,44114,M,,,44
201100031612,11,7,13,1710,1,2,1,1.0,7.0,44109,M,,,44
201100031613,11,6,16,1300,1,2,1,1.0,6.0,44143,M,,,44
201100031614,11,7,4,1215,1,1,1,1.0,4.0,44114,M,,,44
201100031615,11,7,5,1445,1,2,2,1.0,3.0,44109,M,,,44
201100031616,11,7,2,520,5,2,1,1.0,3.0,44109,M,,,44
201100031617,11,7,5,1740,1,2,2,1.0,3.0,44109,M,,,44
201100031618,11,6,29,710,1,2,1,1.0,6.0,44162,M,,,44
201100031619,11,7,4,1954,1,2,6,1.0,3.0,44114,M,,,44
201100031620,11,7,9,2200,1,2,1,1.0,6.0,44162,M,,,44
201100031621,11,7,9,117,5,2,1,1.0,3.0,44109,M,,,44
201100031622,11,7,11,750,1,2,5,1.0,5.0,44109,M,,,44
201100031623,11,7,10,2048,1,2,1,1.0,2.0,44109,M,,,44
201100031624,11,7,8,1830,1,2,1,2.0,2.0,44109,M,,,44