Num_Acc,an,mois,jour,hrmn,lum,agg,int,atm,col,com,gps,lat,long,dep
201100031625,11,7,12,754,1,1,1,1.0,7.0,44109,M,,,44
201100031626,11,7,14,641,5,2,1,1.0,2.0,44109,M,,,44
201100031627,11,7,13,1720,1,2,9,1.0,6.0,44109,M,,,44
201100031628,11,7,16,605,2,2,1,2.0,6.0,44109,M,,,44
201100031629,11,7,16,608,5,2,1,1.0,6.0,44109,M,,,44
201100031630,11,7,20,1750,1,1,1,2.0,4.0,44162,M,,,44
201100031631,11,7,16,1800,1,2,2,3.0,3.0,44109,M,,,44
201100031632,11,7,19,1750,1,1,1,1.0,3.0,44114,M,,,44
201100031633,11,7,20,1245,1,2,1,3.0,3.0,44109,M,,,44
201100031634,11,7,21,1320,1,2,1,1.0,6.0,44143,M,,,44
201100031635,11,6,22,1615,1,2,1,1.0,6.0,44143,M,,,44
201100031636,11,7,20,1210,1,2,1,3.0,6.0,44109,M,,,44
201100031637,11,7,26,1545,1,2,1,1.0,4.0,44114,M,,,44
201100031638,11,7,27,1506,1,2,1,1.0,7.0,44109,M,,,44
201100031639,11,7,28,2120,1,2,9,1.0,6.0,44109,M,,,44
201100031640,11,7,29,1620,1,1,1,9.0,2.0,44109,M,,,44
201100031641,11,7,31,2138,1,2,3,1.0,3.0,44162,M,,,44
201100031642,11,7,30,1500,1,2,1,1.0,3.0,44109,M,,,44
201100031643,11,7,31,1955,1,2,1,1.0,3.0,44109,M,,,44
201100031644,11,8,1,1530,1,1,9,1.0,3.0,44109,M,,,44
201100031645,11,7,31,1530,1,2,1,1.0,1.0,44162,M,,,44
201100031646,11,8,3,1130,1,2,1,1.0,6.0,44109,M,,,44
201100031647,11,8,5,2000,1,2,1,1.0,3.0,44109,M,,,44
201100031648,11,8,22,1405,1,2,6,2.0,6.0,44162,M,,,44
201100031649,11,8,8,1635,1,2,1,1.0,6.0,44109,M,,,44
201100031650,11,8,6,1355,1,1,1,2.0,2.0,44114,M,,,44
201100031651,11,8,6,1300,1,2,6,2.0,3.0,44162,M,,,44
201100031652,11,8,14,335,5,2,1,3.0,7.0,44109,M,,,44
201100031653,11,8,16,150,5,2,3,1.0,3.0,44109,M,,,44
201100031654,11,8,15,1930,1,2,1,1.0,6.0,44143,M,,,44
201100031655,11,8,14,610,3,1,1,2.0,6.0,44109,M,,,44
201100031656,11,8,16,1650,1,1,1,1.0,2.0,44162,M,,,44
201100031657,11,8,18,455,3,2,1,1.0,6.0,44114,M,,,44
201100031658,11,8,18,1615,1,2,1,1.0,6.0,44109,M,,,44
201100031659,11,8,19,1400,1,2,1,1.0,5.0,44109,M,,,44
201100031660,11,8,23,400,5,2,2,1.0,6.0,44109,M,,,44
201100031661,11,8,19,1720,1,2,6,1.0,3.0,44109,M,,,44
201100031662,11,8,24,855,1,2,2,1.0,3.0,44109,M,,,44
201100031663,11,8,24,1345,1,1,1,1.0,6.0,44020,M,,,44
201100031664,11,8,28,2135,5,2,1,1.0,1.0,44109,M,,,44
201100031665,11,8,29,855,1,2,1,1.0,6.0,44143,M,,,44
201100031666,11,8,28,340,5,2,6,1.0,6.0,44109,M,,,44
201100031667,11,8,30,650,2,1,1,1.0,7.0,44114,M,,,44
201100031668,11,8,30,1600,1,2,2,1.0,3.0,44143,M,,,44
201100031669,11,8,30,2010,1,2,1,1.0,7.0,44109,M,,,44
201100031670,11,9,1,1130,1,1,1,1.0,6.0,44109,M,,,44
201100031671,11,9,1,1840,1,2,1,1.0,2.0,44109,M,,,44
201100031672,11,9,3,1047,1,2,1,1.0,3.0,44109,M,,,44
201100031673,11,9,4,2005,1,2,6,1.0,3.0,44109,M,,,44
201100031674,11,9,5,1800,1,2,1,1.0,7.0,44109,M,,,44
201100031675,11,9,6,1210,1,2,2,1.0,6.0,44109,M,,,44
201100031676,11,9,7,800,1,2,3,1.0,3.0,44109,M,,,44
201100031677,11,9,8,2240,5,2,2,2.0,7.0,44143,M,,,44
201100031678,11,9,10,1500,1,2,1,1.0,2.0,44109,M,,,44
201100031679,11,9,9,2320,5,2,5,1.0,3.0,44109,M,,,44
201100031680,11,9,11,1615,1,1,1,1.0,3.0,44162,M,,,44
201100031681,11,9,10,650,5,2,1,1.0,6.0,44109,M,,,44
201100031682,11,9,12,2000,2,2,6,2.0,6.0,44109,M,,,44
201100031683,11,9,11,1945,1,2,2,1.0,3.0,44109,M,,,44
201100031684,11,9,9,1600,1,2,1,1.0,1.0,44109,M,,,44
201100031685,11,9,16,45,5,2,1,1.0,6.0,44109,M,,,44
201100031686,11,9,16,735,1,2,3,1.0,6.0,44109,M,,,44
201100031687,11,9,15,1135,1,2,1,1.0,6.0,44114,M,,,44
201100031688,11,9,16,710,2,2,9,1.0,6.0,44109,M,,,44
201100031689,11,9,9,1500,1,2,1,1.0,2.0,44162,M,,,44
201100031690,11,9,15,1850,1,2,1,1.0,3.0,44109,M,,,44
201100031691,11,9,17,1740,2,2,1,3.0,6.0,44109,M,,,44
201100031692,11,9,18,1440,1,2,1,2.0,6.0,44109,M,,,44
201100031693,11,9,18,45,3,1,1,1.0,7.0,44143,M,,,44
201100031694,11,9,20,800,1,2,1,1.0,6.0,44109,M,,,44
201100031695,11,9,20,1845,1,2,1,1.0,3.0,44109,M,,,44
201100031696,11,9,22,1832,1,2,2,1.0,5.0,44109,M,,,44
201100031697,11,9,22,1815,1,2,1,1.0,6.0,44109,M,,,44
201100031698,11,9,23,1940,1,2,1,1.0,3.0,44109,M,,,44
201100031699,11,9,22,1730,1,2,1,1.0,2.0,44109,M,,,44
201100031700,11,9,23,740,1,2,1,1.0,6.0,44109,M,,,44
201100031701,11,9,24,2005,5,2,1,1.0,1.0,44109,M,,,44
201100031702,11,9,26,1500,1,2,7,1.0,6.0,44109,M,,,44
201100031703,11,9,26,1500,1,2,1,1.0,3.0,44109,M,,,44
201100031704,11,9,22,1345,1,2,1,1.0,6.0,44109,M,,,44
201100031705,11,9,27,740,2,2,6,1.0,6.0,44109,M,,,44
201100031706,11,9,16,1140,1,2,1,1.0,1.0,44162,M,,,44
201100031707,11,9,23,1630,1,2,1,1.0,6.0,44162,M,,,44
201100031708,11,9,20,1900,1,2,1,1.0,3.0,44109,M,,,44
201100031709,11,9,23,1800,1,2,1,1.0,6.0,44162,M,,,44
201100031710,11,9,28,1636,1,2,1,1.0,7.0,44109,M,,,44
201100031711,11,9,28,750,1,2,1,1.0,6.0,44109,M,,,44
201100031712,11,9,29,1630,1,2,1,1.0,6.0,44162,M,,,44
201100031713,11,9,29,1800,1,2,1,1.0,6.0,44109,M,,,44
201100031714,11,9,29,2250,5,1,1,1.0,6.0,44109,M,,,44
201100031715,11,9,29,920,1,1,1,1.0,7.0,44114,M,,,44
201100031716,11,9,23,1815,1,1,1,1.0,4.0,44114,M,,,44
201100031717,11,9,29,1840,1,2,3,1.0,3.0,44109,M,,,44
201100031718,11,9,30,1530,1,2,1,1.0,6.0,44109,M,,,44
201100031719,11,10,2,1710,1,1,1,1.0,4.0,44020,M,,,44
201100031720,11,10,1,810,1,2,1,1.0,6.0,44109,M,,,44
201100031721,11,9,30,1715,1,2,1,1.0,6.0,44109,M,,,44
201100031722,11,10,3,1250,1,2,1,1.0,2.0,44109,M,,,44
201100031723,11,10,4,1200,1,2,1,1.0,6.0,44109,M,,,44
201100031724,11,10,4,1129,1,2,3,1.0,3.0,44162,M,,,44
201100031725,11,10,5,1530,1,2,1,1.0,3.0,44109,M,,,44
201100031726,11,10,5,1705,1,2,1,1.0,6.0,44114,M,,,44
201100031727,11,10,6,800,2,2,6,2.0,3.0,44109,M,,,44
201100031728,11,10,6,1800,1,2,1,1.0,3.0,44109,M,,,44
201100031729,11,10,6,1230,1,2,3,1.0,3.0,44109,M,,,44
201100031730,11,10,6,1645,1,2,1,1.0,6.0,44114,M,,,44
201100031731,11,10,7,1300,1,2,1,1.0,1.0,44109,M,,,44
201100031732,11,10,8,1130,1,2,1,1.0,2.0,44162,M,,,44
201100031733,11,10,8,2000,5,2,1,1.0,2.0,44109,M,,,44
201100031734,11,10,11,1500,1,2,1,1.0,6.0,44109,M,,,44
201100031735,11,10,12,1635,1,2,1,1.0,3.0,44109,M,,,44
201100031736,11,10,14,715,5,2,1,1.0,3.0,44109,M,,,44
201100031737,11,10,10,2000,5,2,1,1.0,6.0,44109,M,,,44
201100031738,11,10,18,1630,1,2,1,1.0,3.0,44109,M,,,44
201100031739,11,10,18,1755,1,2,1,1.0,3.0,44162,M,,,44
201100031740,11,10,19,1705,1,2,6,1.0,6.0,44215,M,,,44
201100031741,11,10,20,950,1,2,1,1.0,2.0,44109,M,,,44
201100031742,11,10,20,2345,5,2,1,1.0,6.0,44109,M,,,44
201100031743,11,10,20,1,5,2,1,1.0,6.0,44109,M,,,44
201100031744,11,10,20,945,1,2,9,7.0,3.0,44109,M,,,44
201100031745,11,10,19,1339,1,2,1,1.0,3.0,44162,M,,,44
201100031746,11,10,21,745,1,2,1,1.0,6.0,44109,M,,,44
201100031747,11,10,24,1225,1,2,1,1.0,6.0,44143,M,,,44
201100031748,11,10,22,2100,5,2,1,1.0,6.0,44109,M,,,44
201100031749,11,10,23,1610,1,2,1,1.0,6.0,44109,M,,,44
201100031750,11,10,23,1255,1,2,2,1.0,3.0,44109,M,,,44
201100031751,11,10,22,2110,5,2,3,1.0,3.0,44109,M,,,44
201100031752,11,10,23,1555,1,2,3,1.0,3.0,44109,M,,,44
201100031753,11,10,24,2136,5,2,2,1.0,3.0,44162,M,,,44
201100031754,11,10,24,1630,1,1,1,8.0,4.0,44109,M,,,44
201100031755,11,10,25,1745,1,2,1,1.0,6.0,44109,M,,,44
201100031756,11,10,30,1310,1,2,6,1.0,3.0,44109,M,,,44
201100031757,11,10,28,1530,1,2,1,1.0,6.0,44114,M,,,44
201100031758,11,11,2,1840,5,2,1,1.0,7.0,44109,M,,,44
201100031759,11,11,2,812,2,2,9,1.0,6.0,44109,M,,,44
201100031760,11,11,1,1330,1,2,1,1.0,6.0,44109,M,,,44
201100031761,11,10,27,1300,1,2,1,2.0,3.0,44109,M,,,44
201100031762,11,11,2,2240,5,1,3,2.0,3.0,44109,M,,,44
201100031763,11,11,5,1315,1,2,1,1.0,2.0,44143,M,,,44
201100031764,11,11,7,1000,1,2,1,1.0,6.0,44109,M,,,44
201100031765,11,11,8,1754,5,2,3,2.0,3.0,44109,M,,,44
201100031766,11,11,8,1850,5,2,3,2.0,3.0,44109,M,,,44
201100031767,11,11,8,1800,5,2,1,1.0,3.0,44109,M,,,44
201100031768,11,11,9,1630,1,2,3,1.0,6.0,44109,M,,,44
201100031769,11,11,13,215,5,2,3,1.0,3.0,44109,M,,,44
201100031770,11,11,7,1550,1,2,1,1.0,6.0,44162,M,,,44
201100031771,11,11,14,1730,1,2,1,1.0,6.0,44162,M,,,44
201100031772,11,11,10,1220,1,2,1,1.0,3.0,44109,M,,,44
201100031773,11,11,16,1445,1,2,1,1.0,3.0,44109,M,,,44
201100031774,11,11,16,735,5,2,1,2.0,3.0,44109,M,,,44
201100031775,11,11,16,900,1,2,1,1.0,6.0,44109,M,,,44
201100031776,11,11,16,1835,5,2,1,1.0,6.0,44109,M,,,44
201100031777,11,11,18,749,2,2,3,1.0,3.0,44109,M,,,44
201100031778,11,11,18,1340,1,2,6,1.0,7.0,44109,M,,,44
201100031779,11,11,21,705,5,2,1,1.0,6.0,44109,M,,,44
201100031780,11,11,21,1750,2,2,1,9.0,6.0,44109,M,,,44
201100031781,11,11,18,1444,1,1,1,1.0,2.0,44109,M,,,44
201100031782,11,11,19,1425,1,2,6,1.0,3.0,44109,M,,,44
201100031783,11,11,21,1825,5,2,1,1.0,6.0,44143,M,,,44
201100031784,11,11,18,800,1,2,3,1.0,6.0,44109,M,,,44
201100031785,11,11,22,1750,5,2,1,1.0,3.0,44109,M,,,44
201100031786,11,11,22,1850,5,2,1,1.0,3.0,44109,M,,,44
201100031787,11,11,19,1935,3,2,1,1.0,2.0,44109,M,,,44
201100031788,11,11,23,1215,1,2,1,1.0,6.0,44109,M,,,44
201100031789,11,11,24,1940,5,2,5,1.0,6.0,44109,M,,,44
201100031790,11,11,24,740,1,2,1,1.0,6.0,44162,M,,,44
201100031791,11,11,23,955,1,2,1,1.0,6.0,44190,M,,,44
201100031792,11,11,25,1630,2,2,3,2.0,3.0,44109,M,,,44
201100031793,11,11,23,203,3,1,1,9.0,6.0,44114,M,,,44
201100031794,11,11,28,1655,1,2,1,1.0,3.0,44109,M,,,44
201100031795,11,11,29,1815,1,2,3,1.0,3.0,44109,M,,,44
201100031796,11,11,29,1330,1,2,1,1.0,3.0,44109,M,,,44
201100031797,11,11,29,1855,3,1,1,1.0,5.0,44109,M,,,44
201100031798,11,11,30,900,1,2,1,1.0,2.0,44109,M,,,44
201100031799,11,11,29,1240,1,2,1,1.0,3.0,44109,M,,,44
201100031800,11,11,29,1630,1,2,1,1.0,6.0,44114,M,,,44
201100031801,11,11,18,1045,1,2,1,1.0,6.0,44143,M,,,44
201100031802,11,12,2,900,2,2,1,1.0,5.0,44109,M,,,44
201100031803,11,12,1,1635,2,2,1,1.0,6.0,44109,M,,,44
201100031804,11,12,5,735,5,2,1,1.0,6.0,44143,M,,,44
201100031805,11,12,4,1240,1,2,6,1.0,6.0,44109,M,,,44
201100031806,11,12,2,1555,1,2,1,1.0,6.0,44114,M,,,44
201100031807,11,12,4,1610,1,2,1,3.0,7.0,44026,M,,,44
201100031808,11,12,3,2100,5,2,1,1.0,3.0,44109,M,,,44
201100031809,11,12,3,925,1,2,1,2.0,6.0,44109,M,,,44
201100031810,11,11,24,1815,5,2,2,1.0,6.0,44162,M,,,44
201100031811,11,11,30,1745,2,2,3,1.0,5.0,44162,M,,,44
201100031812,11,12,5,1855,5,2,1,9.0,6.0,44109,M,,,44
201100031813,11,12,2,130,5,2,1,1.0,2.0,44109,M,,,44
201100031814,11,12,6,1755,5,2,1,2.0,3.0,44109,M,,,44
201100031815,11,12,7,1715,2,1,1,8.0,4.0,44162,M,,,44
201100031816,11,12,10,1020,1,1,1,1.0,6.0,44109,M,,,44
201100031817,11,12,9,745,2,2,1,2.0,6.0,44109,M,,,44
201100031818,11,12,9,1600,1,2,1,1.0,3.0,44109,M,,,44
201100031819,11,12,12,1735,5,2,1,8.0,7.0,44109,M,,,44
201100031820,11,12,12,2345,3,1,1,3.0,6.0,44162,M,,,44
201100031821,11,11,28,745,5,2,1,1.0,6.0,44190,M,,,44
201100031822,11,12,9,1850,5,2,1,1.0,1.0,44109,M,,,44
201100031823,11,11,14,1530,1,2,1,1.0,6.0,44109,M,,,44
201100031824,11,12,17,600,5,2,1,1.0,6.0,44109,M,,,44
201100031825,11,12,15,2045,5,2,1,6.0,6.0,44114,M,,,44
201100031826,11,12,16,1840,5,2,3,2.0,3.0,44109,M,,,44
201100031827,11,12,16,2100,5,2,1,1.0,3.0,44109,M,,,44
201100031828,11,12,19,1750,5,2,3,2.0,6.0,44109,M,,,44
201100031829,11,12,20,2300,5,2,1,1.0,3.0,44109,M,,,44
201100031830,11,12,9,1035,1,2,1,1.0,6.0,44143,M,,,44
201100031831,11,12,22,2015,5,2,1,1.0,3.0,44109,M,,,44
201100031832,11,12,23,1810,5,2,1,2.0,6.0,44109,M,,,44
201100031833,11,12,16,1510,1,1,1,1.0,2.0,44162,M,,,44
201100031834,11,12,23,2115,5,2,1,1.0,3.0,44109,M,,,44
201100031835,11,12,27,1925,5,2,1,1.0,3.0,44143,M,,,44
201100031836,11,12,28,55,5,2,9,2.0,6.0,44109,M,,,44
201100031837,11,12,22,1600,1,1,1,1.0,2.0,44143,M,,,44
201100031838,11,12,9,1525,1,2,1,1.0,3.0,44162,M,,,44
201100031839,11,12,9,735,2,2,1,1.0,6.0,44162,M,,,44
201100031840,11,12,11,1100,1,2,1,1.0,6.0,44162,M,,,44
201100031841,11,12,7,1735,4,2,1,2.0,6.0,44162,M,,,44
201100031842,11,12,15,2050,5,2,1,1.0,6.0,44114,M,,,44
201100031843,11,1,4,1735,5,2,1,1.0,1.0,44184,M,,,44
201100031844,11,1,7,800,5,2,2,2.0,7.0,44184,M,,,44
201100031845,11,1,10,1054,1,2,2,1.0,3.0,44184,M,,,44
201100031846,11,1,10,1800,2,2,3,2.0,3.0,44184,M,,,44
201100031847,11,1,15,1725,2,2,1,1.0,6.0,44184,M,,,44
201100031848,11,1,17,1705,1,2,2,1.0,3.0,44184,M,,,44
201100031849,11,1,18,1415,1,2,2,1.0,3.0,44184,M,,,44
201100031850,11,1,21,942,1,2,2,1.0,6.0,44184,M,,,44
201100031851,11,2,8,1545,1,2,2,1.0,3.0,44184,M,,,44
201100031852,11,2,11,2030,5,2,2,1.0,3.0,44184,M,,,44
201100031853,11,2,15,1035,1,2,1,1.0,6.0,44184,M,,,44
201100031854,11,2,15,1520,1,1,1,1.0,2.0,44184,M,,,44
201100031855,11,2,17,645,5,2,6,1.0,3.0,44184,M,,,44
201100031856,11,2,25,1435,1,2,1,1.0,7.0,44184,M,,,44
201100031857,11,3,3,1115,1,2,3,1.0,2.0,44184,M,,,44
201100031858,11,3,4,1630,1,2,1,1.0,3.0,44184,M,,,44
201100031859,11,3,11,850,1,2,6,1.0,3.0,44184,M,,,44
201100031860,11,3,14,1135,1,2,1,1.0,6.0,44184,M,,,44
201100031861,11,3,15,945,1,2,1,1.0,6.0,44184,M,,,44
201100031862,11,3,17,1810,1,2,2,1.0,1.0,44184,M,,,44
201100031863,11,3,23,1220,1,2,2,1.0,1.0,44184,M,,,44
201100031864,11,3,24,1645,1,2,2,1.0,3.0,44184,M,,,44
201100031865,11,4,12,1655,1,2,1,1.0,2.0,44184,M,,,44
201100031866,11,4,17,1240,1,2,1,1.0,2.0,44184,M,,,44
201100031867,11,4,17,1320,1,2,2,1.0,2.0,44184,M,,,44
201100031868,11,4,19,1545,1,1,1,1.0,4.0,44184,M,,,44
201100031869,11,4,18,1940,1,2,1,1.0,6.0,44184,M,,,44
201100031870,11,4,29,1800,1,2,6,1.0,3.0,44184,M,,,44
201100031871,11,5,6,735,1,2,2,1.0,3.0,44184,M,,,44
201100031872,11,5,9,1325,1,2,2,1.0,6.0,44184,M,,,44
201100031873,11,5,9,1720,1,2,1,1.0,1.0,44184,M,,,44
201100031874,11,5,10,850,1,2,1,1.0,6.0,44184,M,,,44
201100031875,11,5,16,1145,1,2,1,1.0,3.0,44184,M,,,44
201100031876,11,5,21,2035,1,2,2,1.0,3.0,44184,M,,,44
201100031877,11,5,24,1605,1,2,1,1.0,2.0,44184,M,,,44
201100031878,11,5,26,1335,1,2,6,1.0,2.0,44184,M,,,44
201100031879,11,5,28,315,3,2,1,1.0,7.0,44184,M,,,44
201100031880,11,5,30,1955,1,2,1,1.0,7.0,44184,M,,,44
201100031881,11,6,2,1620,1,2,1,1.0,2.0,44184,M,,,44
201100031882,11,6,4,155,3,2,1,1.0,1.0,44184,M,,,44
201100031883,11,6,7,845,1,2,1,1.0,6.0,44184,M,,,44
201100031884,11,6,10,1610,1,2,1,1.0,6.0,44184,M,,,44
201100031885,11,6,16,2130,4,2,3,1.0,3.0,44184,M,,,44
201100031886,11,6,24,1610,1,2,6,1.0,6.0,44184,M,,,44
201100031887,11,6,29,1035,1,2,1,1.0,1.0,44184,M,,,44
201100031888,11,6,29,1040,1,2,1,1.0,7.0,44184,M,,,44
201100031889,11,7,5,1430,1,2,2,2.0,3.0,44184,M,,,44
201100031890,11,7,6,2350,5,2,1,1.0,6.0,44184,M,,,44
201100031891,11,7,8,1900,2,2,1,2.0,6.0,44184,M,,,44
201100031892,11,7,16,1755,1,2,1,3.0,5.0,44184,M,,,44
201100031893,11,7,24,50,5,2,2,1.0,6.0,44184,M,,,44
201100031894,11,7,24,810,1,2,1,1.0,7.0,44184,M,,,44
201100031895,11,7,24,1045,1,2,1,1.0,2.0,44184,M,,,44
201100031896,11,8,2,1730,1,2,3,1.0,6.0,44184,M,,,44
201100031897,11,8,4,1645,1,2,1,2.0,4.0,44184,M,,,44
201100031898,11,8,5,1015,1,2,1,2.0,1.0,44184,M,,,44
201100031899,11,8,8,1930,1,2,1,1.0,2.0,44184,M,,,44
201100031900,11,8,18,1000,1,2,1,1.0,6.0,44184,M,,,44
201100031901,11,8,19,1652,1,2,2,1.0,3.0,44184,M,,,44
201100031902,11,8,19,1800,1,2,3,1.0,3.0,44184,M,,,44
201100031903,11,8,22,1315,1,2,3,8.0,3.0,44184,M,,,44
201100031904,11,8,22,1655,1,2,1,1.0,3.0,44184,M,,,44
201100031905,11,8,28,1355,1,2,2,1.0,3.0,44184,M,,,44
201100031906,11,8,30,1755,1,2,3,1.0,3.0,44184,M,,,44
201100031907,11,9,6,1520,1,2,1,1.0,3.0,44184,M,,,44
201100031908,11,9,7,500,2,2,2,1.0,3.0,44184,M,,,44
201100031909,11,9,13,835,1,2,2,2.0,3.0,44184,M,,,44
201100031910,11,9,20,1045,1,2,2,1.0,3.0,44184,M,,,44
201100031911,11,9,26,1110,1,2,1,1.0,3.0,44184,M,,,44
201100031912,11,9,26,1650,1,2,1,1.0,7.0,44184,M,,,44
201100031913,11,9,27,1230,1,2,3,1.0,3.0,44184,M,,,44
201100031914,11,9,27,2010,1,2,1,1.0,6.0,44184,M,,,44
201100031915,11,9,28,1805,1,2,2,1.0,6.0,44184,M,,,44
201100031916,11,9,29,2100,5,2,1,1.0,6.0,44184,M,,,44
201100031917,11,10,5,1345,1,2,1,1.0,6.0,44184,M,,,44
201100031918,11,10,6,1735,1,2,1,1.0,6.0,44184,M,,,44
201100031919,11,10,23,1415,1,2,1,1.0,2.0,44184,M,,,44
201100031920,11,10,23,600,3,1,6,1.0,1.0,44184,M,,,44
201100031921,11,10,27,1700,1,2,1,1.0,7.0,44184,M,,,44
201100031922,11,10,30,1625,1,2,3,1.0,3.0,44184,M,,,44
201100031923,11,11,5,950,1,2,3,1.0,6.0,44184,M,,,44
201100031924,11,11,5,2140,5,2,2,1.0,3.0,44184,M,,,44
201100031925,11,11,8,1740,2,2,3,2.0,3.0,44184,M,,,44
201100031926,11,11,16,1655,1,2,1,1.0,3.0,44184,M,,,44
201100031927,11,11,17,1700,1,2,1,1.0,2.0,44184,M,,,44
201100031928,11,11,17,1700,2,2,2,1.0,3.0,44184,M,,,44
201100031929,11,11,18,1645,1,2,1,1.0,6.0,44184,M,,,44
201100031930,11,11,20,1445,1,1,4,1.0,3.0,44184,M,,,44
201100031931,11,11,22,745,1,2,1,1.0,2.0,44184,M,,,44
201100031932,11,11,22,755,1,2,6,1.0,7.0,44184,M,,,44
201100031933,11,11,22,1810,5,2,3,1.0,3.0,44184,M,,,44
201100031934,11,11,23,940,1,2,2,1.0,3.0,44184,M,,,44
201100031935,11,12,2,345,4,1,6,8.0,6.0,44184,M,,,44
201100031936,11,12,2,955,1,2,1,1.0,3.0,44184,M,,,44
201100031937,11,12,5,1655,1,1,2,2.0,3.0,44184,M,,,44
201100031938,11,12,7,2020,5,2,6,2.0,2.0,44184,M,,,44
201100031939,11,12,8,1650,1,2,1,2.0,3.0,44184,M,,,44
201100031940,11,12,9,1600,1,2,2,9.0,7.0,44184,M,,,44
201100031941,11,12,10,1830,5,2,2,1.0,3.0,44184,M,,,44
201100031942,11,12,12,1730,2,2,2,2.0,3.0,44184,M,,,44
201100031943,11,12,15,1115,1,2,3,2.0,3.0,44184,M,,,44
201100031944,11,12,15,1815,5,2,3,3.0,3.0,44184,M,,,44
201100031945,11,12,19,1500,1,2,6,1.0,3.0,44184,M,,,44
201100031946,11,12,30,830,2,2,1,1.0,7.0,44184,M,,,44
201100031947,11,1,3,733,5,2,2,1.0,3.0,45208,M,4799800.0,274005.0,45
201100031948,11,1,4,1705,1,2,1,1.0,6.0,45208,M,4800088.0,272741.0,45
201100031949,11,1,11,845,2,2,1,3.0,6.0,45208,M,4801107.0,275459.0,45
201100031950,11,1,14,735,2,2,1,1.0,3.0,45208,M,4799663.0,274361.0,45
201100031951,11,1,19,1700,1,2,1,1.0,6.0,45004,M,4797438.0,273348.0,45
201100031952,11,1,20,1744,2,2,1,8.0,3.0,45208,M,4800784.0,274854.0,45
201100031953,11,1,23,520,5,2,1,1.0,6.0,45004,M,4797880.0,279199.0,45
201100031954,11,1,26,809,1,2,1,2.0,6.0,45004,M,4798678.0,273229.0,45
201100031955,11,1,29,1125,1,2,2,1.0,3.0,45208,M,4799764.0,273572.0,45
201100031956,11,1,29,1335,1,2,2,1.0,3.0,45338,M,4798512.0,269248.0,45
201100031957,11,2,1,2320,3,2,1,1.0,3.0,45338,M,4799932.0,270951.0,45
201100031958,11,2,4,1558,1,2,6,1.0,2.0,45338,M,4797596.0,271459.0,45
201100031959,11,1,25,1200,1,2,1,1.0,7.0,45068,M,4800287.0,271702.0,45
201100031960,11,2,2,1000,1,2,1,9.0,5.0,45208,M,4799623.0,272615.0,45
201100031961,11,2,6,1924,5,2,3,1.0,2.0,45004,M,4798931.0,274679.0,45
201100031962,11,2,11,1830,5,2,2,1.0,3.0,45068,M,4801133.0,273463.0,45
201100031963,11,2,24,1650,1,1,1,2.0,1.0,45004,M,4800638.0,281625.0,45
201100031964,11,2,25,1730,1,2,1,1.0,2.0,45208,M,4799798.0,274058.0,45
201100031965,11,2,25,1950,3,1,1,1.0,2.0,45004,M,4800417.0,279636.0,45
201100031966,11,2,28,725,2,1,4,9.0,6.0,45004,M,4797473.0,277969.0,45
201100031967,11,3,3,1535,1,2,2,1.0,6.0,45068,M,4801304.0,273126.0,45
201100031968,11,3,8,1910,5,2,6,1.0,2.0,45338,M,4797596.0,271459.0,45
201100031969,11,3,10,2130,3,1,1,1.0,6.0,45338,M,4798730.0,269765.0,45
201100031970,11,3,11,2115,5,2,3,1.0,6.0,45338,M,4798408.0,272369.0,45
201100031971,11,3,11,2050,5,2,1,1.0,2.0,45004,M,4798430.0,273276.0,45
201100031972,11,3,8,943,1,2,1,1.0,7.0,45068,M,4800945.0,271824.0,45
201100031973,11,1,27,1030,1,2,1,1.0,6.0,45208,M,4799763.0,273301.0,45
201100031974,11,3,2,1215,1,2,3,1.0,3.0,45208,M,4800404.0,272475.0,45
201100031975,11,3,16,2045,5,2,3,1.0,6.0,45004,M,4798633.0,276931.0,45
201100031976,11,3,19,1905,2,2,1,1.0,2.0,45068,M,4801021.0,274009.0,45
201100031977,11,3,9,1143,1,2,2,1.0,2.0,45208,M,4799864.0,273078.0,45
201100031978,11,3,20,1730,1,2,3,1.0,3.0,45004,M,4798384.0,275081.0,45
201100031979,11,3,23,510,3,1,1,1.0,7.0,45004,M,4800053.0,278029.0,45
201100031980,11,3,23,750,2,1,1,1.0,7.0,45338,M,4798738.0,269663.0,45
201100031981,11,3,25,2005,5,2,1,1.0,6.0,45004,M,4798686.0,280541.0,45
201100031982,11,3,25,1145,1,2,2,1.0,3.0,45208,M,4800380.0,273890.0,45
201100031983,11,4,11,1815,1,2,1,1.0,3.0,45068,M,4800275.0,271701.0,45
201100031984,11,4,12,1415,1,1,1,1.0,1.0,45004,M,4796627.0,273391.0,45
201100031985,11,4,16,1120,1,2,3,1.0,3.0,45068,M,4801030.0,270696.0,45
201100031986,11,4,21,1320,1,2,1,1.0,6.0,45338,M,4798021.0,271146.0,45
201100031987,11,4,28,1700,1,1,4,2.0,2.0,45004,M,4797585.0,273992.0,45
201100031988,11,3,30,900,1,2,1,1.0,6.0,45068,M,4802716.0,273631.0,45
201100031989,11,3,5,1835,5,2,1,8.0,1.0,45004,M,4797620.0,274012.0,45
201100031990,11,5,13,956,1,1,2,1.0,3.0,45004,M,4798165.0,283194.0,45
201100031991,11,5,14,1045,1,2,1,2.0,2.0,45004,M,4800101.0,276782.0,45
201100031992,11,5,15,1500,1,2,6,2.0,6.0,45004,M,4798021.0,272917.0,45
201100031993,11,5,19,824,1,2,1,1.0,6.0,45208,M,4799890.0,274319.0,45