Num_Acc,an,mois,jour,hrmn,lum,agg,int,atm,col,com,gps,lat,long,dep
201100032298,11,1,16,1100,1,2,1,1.0,7.0,49015,M,4750585.0,-58846.0,49
201100032299,11,1,17,1515,1,2,2,1.0,7.0,49007,M,4747746.0,-55365.0,49
201100032300,11,1,17,1848,5,2,1,1.0,2.0,49267,M,4747004.0,-51395.0,49
201100032301,11,1,17,830,1,2,2,1.0,3.0,49007,M,4748333.0,-52678.0,49
201100032302,11,1,18,850,1,1,1,1.0,2.0,49267,M,4747151.0,-50971.0,49
201100032303,11,1,19,1514,1,2,1,1.0,3.0,49267,M,4747952.0,-49473.0,49
201100032304,11,1,19,1410,1,2,6,2.0,1.0,49246,M,4743911.0,-50557.0,49
201100032305,11,1,21,540,5,2,1,1.0,2.0,49007,M,4747625.0,-52038.0,49
201100032306,11,1,21,1903,1,2,6,1.0,6.0,49007,M,4749095.0,-56278.0,49
201100032307,11,1,21,2348,5,2,2,1.0,3.0,49007,M,4746882.0,-53199.0,49
201100032308,11,1,22,1252,1,2,2,1.0,3.0,49246,M,4743650.0,-52679.0,49
201100032309,11,1,22,1410,1,2,1,1.0,6.0,49007,M,4747228.0,-55453.0,49
201100032310,11,1,24,1255,1,2,2,1.0,3.0,49007,M,4745259.0,-52406.0,49
201100032311,11,1,25,955,1,2,2,1.0,2.0,49246,M,4744755.0,-50947.0,49
201100032312,11,1,26,1245,1,2,2,1.0,2.0,49353,M,4744574.0,-46254.0,49
201100032313,11,1,26,743,2,2,2,2.0,2.0,49007,M,4744517.0,-54719.0,49
201100032314,11,1,27,1500,1,2,3,1.0,3.0,49007,M,4747188.0,-54789.0,49
201100032315,11,1,28,1515,1,2,1,1.0,7.0,49007,M,4746963.0,-54759.0,49
201100032316,11,1,29,1020,1,2,1,1.0,7.0,49007,M,4748939.0,-56808.0,49
201100032317,11,1,30,1750,2,2,1,1.0,3.0,49246,M,4744731.0,-52560.0,49
201100032318,11,1,31,903,1,1,1,8.0,6.0,49267,M,4746633.0,-51629.0,49
201100032319,11,1,31,1200,1,2,1,1.0,7.0,49007,M,4747130.0,-52694.0,49
201100032320,11,1,31,1830,5,2,6,1.0,7.0,49246,M,4743358.0,-52937.0,49
201100032321,11,2,1,1745,2,2,2,1.0,3.0,49007,M,4749117.0,-52958.0,49
201100032322,11,2,2,2115,3,1,1,8.0,7.0,49267,M,4748703.0,-49751.0,49
201100032323,11,2,2,615,5,2,1,5.0,7.0,49015,M,4750278.0,-58157.0,49
201100032324,11,3,10,1514,1,2,1,1.0,2.0,49007,M,4746066.0,-56782.0,49
201100032325,11,2,6,213,5,2,6,1.0,7.0,49007,M,4748430.0,-52696.0,49
201100032326,11,2,4,905,1,2,2,1.0,1.0,49007,M,4747720.0,-54799.0,49
201100032327,11,2,4,1645,1,2,1,1.0,7.0,49007,M,4747786.0,-60283.0,49
201100032328,11,2,4,1655,1,2,1,1.0,7.0,49007,M,4746076.0,-56141.0,49
201100032329,11,2,6,1900,5,2,1,1.0,2.0,49007,M,4745850.0,-54556.0,49
201100032330,11,2,6,710,5,2,1,1.0,4.0,49007,M,4747111.0,-57274.0,49
201100032331,11,2,7,1855,3,1,1,1.0,5.0,49267,M,4746452.0,-51675.0,49
201100032332,11,2,7,840,1,2,1,2.0,7.0,49007,M,4748039.0,-55293.0,49
201100032333,11,2,4,1200,1,2,1,1.0,7.0,49007,M,4746876.0,-56079.0,49
201100032334,11,2,8,808,2,2,2,1.0,2.0,49007,M,4745595.0,-55127.0,49
201100032335,11,2,8,1047,1,2,9,1.0,2.0,49007,M,4745115.0,-55534.0,49
201100032336,11,2,8,2148,5,2,1,1.0,6.0,49007,M,4746088.0,-53921.0,49
201100032337,11,2,9,1010,1,2,1,1.0,7.0,49007,M,4746760.0,-55051.0,49
201100032338,11,2,12,1304,1,2,1,2.0,5.0,49007,M,4747928.0,-54212.0,49
201100032339,11,2,12,1145,1,2,6,1.0,3.0,49015,M,4750443.0,-58696.0,49
201100032340,11,2,11,1455,1,2,1,1.0,7.0,49007,M,4748062.0,-60388.0,49
201100032341,11,2,10,1215,1,2,1,2.0,7.0,49007,M,4744901.0,-54847.0,49
201100032342,11,2,14,948,1,2,1,1.0,1.0,49007,M,4748447.0,-58190.0,49
201100032343,11,2,14,1800,1,2,3,1.0,3.0,49007,M,4744719.0,-54781.0,49
201100032344,11,2,15,1245,1,2,2,2.0,3.0,49007,M,4747733.0,-58945.0,49
201100032345,11,2,16,2040,3,2,2,1.0,3.0,49007,M,4744468.0,-57676.0,49
201100032346,11,2,16,1947,5,2,1,1.0,7.0,49007,M,4747512.0,-57034.0,49
201100032347,11,2,16,1920,5,2,2,1.0,7.0,49007,M,4746857.0,-55864.0,49
201100032348,11,2,16,920,1,2,3,1.0,3.0,49007,M,4747527.0,-54863.0,49
201100032349,11,2,17,1855,5,2,1,1.0,7.0,49007,M,4745583.0,-53382.0,49
201100032350,11,2,17,730,5,2,1,1.0,7.0,49007,M,4748340.0,-52753.0,49
201100032351,11,2,19,930,1,2,1,2.0,6.0,49007,M,4745332.0,-58042.0,49
201100032352,11,2,23,1235,1,2,1,2.0,2.0,49007,M,4747139.0,-54972.0,49
201100032353,11,2,23,1152,1,2,2,2.0,1.0,49007,M,4746178.0,-54147.0,49
201100032354,11,2,24,915,1,2,1,1.0,2.0,49246,M,4743543.0,-48608.0,49
201100032355,11,2,25,1828,1,2,1,1.0,6.0,49007,M,4747086.0,-54749.0,49
201100032356,11,2,26,540,2,2,1,1.0,6.0,49007,M,4748603.0,-52710.0,49
201100032357,11,2,28,1856,5,2,2,1.0,3.0,49007,M,4747478.0,-58617.0,49
201100032358,11,2,28,1150,1,2,9,1.0,6.0,49246,M,4741589.0,-52322.0,49
201100032359,11,3,2,1127,1,2,1,1.0,2.0,49015,M,4750266.0,-58556.0,49
201100032360,11,3,2,2256,5,2,1,1.0,6.0,49007,M,4746032.0,-55209.0,49
201100032361,11,3,4,830,1,1,1,1.0,1.0,49015,M,4750333.0,-56731.0,49
201100032362,11,3,4,945,1,1,1,1.0,1.0,49015,M,4749963.0,-62103.0,49
201100032363,11,3,7,1649,1,2,1,1.0,7.0,49267,M,4747923.0,-49506.0,49
201100032364,11,3,7,1110,1,2,1,1.0,7.0,49007,M,4748609.0,-53005.0,49
201100032365,11,3,13,1310,1,2,1,3.0,7.0,49267,M,4746192.0,-50078.0,49
201100032366,11,3,11,845,1,2,3,1.0,3.0,49007,M,4745366.0,-52068.0,49
201100032367,11,3,15,1514,1,2,1,1.0,6.0,49007,M,4748131.0,-56706.0,49
201100032368,11,3,15,1214,1,2,3,1.0,7.0,49007,M,4746394.0,-54671.0,49
201100032369,11,3,18,35,5,2,1,1.0,7.0,49007,M,4747099.0,-54436.0,49
201100032370,11,3,18,1826,1,2,2,1.0,3.0,49007,M,4745052.0,-55282.0,49
201100032371,11,3,18,1340,1,2,6,1.0,3.0,49267,M,4747034.0,-51601.0,49
201100032372,11,3,19,530,5,2,1,1.0,6.0,49007,M,4747177.0,-55571.0,49
201100032373,11,3,18,1905,2,2,1,1.0,7.0,49007,M,4745176.0,-52603.0,49
201100032374,11,3,20,1835,1,2,1,1.0,6.0,49007,M,4746233.0,-54279.0,49
201100032375,11,3,20,1545,1,2,6,1.0,2.0,49007,M,4746481.0,-56574.0,49
201100032376,11,3,22,1811,1,2,3,1.0,3.0,49007,M,4748784.0,-51645.0,49
201100032377,11,3,23,1017,1,2,1,1.0,2.0,49007,M,4747015.0,-53520.0,49
201100032378,11,3,28,2225,5,2,2,1.0,3.0,49007,M,4745094.0,-54944.0,49
201100032379,11,3,29,1604,1,2,1,2.0,2.0,49007,M,4747511.0,-58069.0,49
201100032380,11,3,29,1751,1,2,2,8.0,3.0,49353,M,4745177.0,-50782.0,49
201100032381,11,3,30,1648,1,2,1,1.0,6.0,49353,M,4744578.0,-49166.0,49
201100032382,11,3,29,1200,1,2,3,2.0,7.0,49007,M,4748376.0,-57035.0,49
201100032383,11,3,29,2005,2,2,2,1.0,7.0,49267,M,4746682.0,-49321.0,49
201100032384,11,3,30,1040,1,2,1,1.0,7.0,49007,M,4746704.0,-55232.0,49
201100032385,11,3,31,1550,1,2,1,8.0,2.0,49007,M,4746226.0,-54728.0,49
201100032386,11,3,31,2236,5,2,2,1.0,3.0,49007,M,4746635.0,-54769.0,49
201100032387,11,4,1,1340,1,2,1,1.0,3.0,49353,M,4744549.0,-46496.0,49
201100032388,11,4,1,1912,1,2,1,1.0,2.0,49007,M,4747170.0,-53587.0,49
201100032389,11,4,1,1700,1,2,3,1.0,2.0,49015,M,4749481.0,-60311.0,49
201100032390,11,4,2,1903,1,2,3,1.0,2.0,49353,M,4744204.0,-49350.0,49
201100032391,11,4,4,1831,1,2,1,1.0,6.0,49007,M,4747193.0,-55638.0,49
201100032392,11,4,4,1625,1,2,1,1.0,7.0,49007,M,4746082.0,-56780.0,49
201100032393,11,4,4,1134,1,2,1,1.0,7.0,49007,M,4746809.0,-55896.0,49
201100032394,11,4,5,1431,1,2,1,1.0,3.0,49007,M,4748916.0,-52679.0,49
201100032395,11,4,5,1804,1,2,1,1.0,2.0,49246,M,4742455.0,-52501.0,49
201100032396,11,4,6,1355,1,2,2,1.0,3.0,49353,M,4745043.0,-50416.0,49
201100032397,11,4,6,1735,1,2,6,1.0,3.0,49007,M,4745797.0,-51485.0,49
201100032398,11,4,6,1335,1,2,6,1.0,3.0,49007,M,4746479.0,-56554.0,49
201100032399,11,4,7,1216,1,2,1,1.0,2.0,49007,M,4747302.0,-60404.0,49
201100032400,11,4,10,2140,5,2,1,1.0,2.0,49007,M,4744970.0,-56654.0,49
201100032401,11,4,10,1640,1,2,1,1.0,6.0,49007,M,4747804.0,-55671.0,49
201100032402,11,4,10,700,2,2,6,1.0,2.0,49353,M,4745106.0,-50885.0,49
201100032403,11,4,12,1812,1,2,1,1.0,3.0,49353,M,4744932.0,-50185.0,49
201100032404,11,4,8,1233,1,2,1,1.0,5.0,49007,M,4747138.0,-56012.0,49
201100032405,11,4,14,845,1,2,2,1.0,1.0,49007,M,4745447.0,-52808.0,49
201100032406,11,4,14,1830,2,2,1,1.0,7.0,49007,M,4745910.0,-55438.0,49
201100032407,11,4,14,1910,1,2,2,1.0,3.0,49007,M,4747425.0,-56716.0,49
201100032408,11,4,14,1024,1,2,1,1.0,3.0,49015,M,4749551.0,-57990.0,49
201100032409,11,4,15,1800,1,2,2,1.0,3.0,49007,M,4747422.0,-56715.0,49
201100032410,11,4,15,934,1,2,6,1.0,3.0,49015,M,4750686.0,-58980.0,49
201100032411,11,4,16,1702,1,2,1,1.0,2.0,49246,M,4747207.0,-55065.0,49
201100032412,11,4,19,1712,1,2,1,1.0,7.0,49007,M,4745593.0,-53456.0,49
201100032413,11,4,19,1819,1,2,1,1.0,3.0,49015,M,4750494.0,-59560.0,49
201100032414,11,4,19,1730,1,2,3,1.0,2.0,49007,M,4748696.0,-51517.0,49
201100032415,11,4,20,1749,1,2,1,1.0,3.0,49007,M,4748000.0,-57599.0,49
201100032416,11,4,19,1120,1,2,3,1.0,3.0,49015,M,4750488.0,-59089.0,49
201100032417,11,4,20,1723,1,2,2,1.0,2.0,49007,M,4748209.0,-52232.0,49
201100032418,11,4,19,1625,1,2,1,1.0,3.0,49007,M,4747378.0,-58257.0,49
201100032419,11,4,20,1840,1,2,6,1.0,1.0,49007,M,4747318.0,-55527.0,49
201100032420,11,4,22,106,5,2,1,1.0,6.0,49007,M,4747014.0,-55026.0,49
201100032421,11,4,21,1435,1,2,1,1.0,6.0,49007,M,4747462.0,-54696.0,49
201100032422,11,4,22,1315,1,2,1,1.0,7.0,49267,M,4746383.0,-49093.0,49
201100032423,11,4,22,957,1,2,1,1.0,6.0,49007,M,4744372.0,-53287.0,49
201100032424,11,4,23,959,1,2,3,1.0,3.0,49007,M,4747313.0,-60202.0,49
201100032425,11,4,23,1530,1,2,2,1.0,3.0,49007,M,4747886.0,-57013.0,49
201100032426,11,4,23,2240,5,2,2,1.0,3.0,49007,M,4746643.0,-55297.0,49
201100032427,11,4,24,1106,1,2,1,1.0,2.0,49015,M,4750266.0,-58556.0,49
201100032428,11,4,28,720,1,2,1,1.0,6.0,49007,M,4747975.0,-55176.0,49
201100032429,11,4,28,851,1,2,1,1.0,7.0,49007,M,4748631.0,-55071.0,49
201100032430,11,4,28,1215,1,2,1,1.0,2.0,49007,M,4748204.0,-51399.0,49
201100032431,11,4,29,2330,5,2,1,1.0,6.0,49007,M,4745056.0,-51810.0,49
201100032432,11,5,1,2345,5,2,1,1.0,6.0,49007,M,4745905.0,-55934.0,49
201100032433,11,4,30,2035,5,2,6,1.0,7.0,49007,M,4747202.0,-58588.0,49
201100032434,11,4,30,1426,1,2,1,1.0,7.0,49007,M,4746520.0,-57789.0,49
201100032435,11,5,1,1455,1,2,3,1.0,7.0,49007,M,4747880.0,-56510.0,49
201100032436,11,4,29,520,3,1,1,1.0,7.0,49267,M,4744716.0,-51520.0,49
201100032437,11,5,2,1625,1,2,1,1.0,7.0,49007,M,4746979.0,-56153.0,49
201100032438,11,5,3,810,1,2,1,1.0,3.0,49007,M,4748893.0,-56303.0,49
201100032439,11,5,3,1500,1,2,7,1.0,7.0,49007,M,4747021.0,-55388.0,49
201100032440,11,5,4,815,1,2,1,1.0,3.0,49007,M,4749257.0,-52223.0,49
201100032441,11,5,5,1900,1,2,1,1.0,7.0,49015,M,4750062.0,-58402.0,49
201100032442,11,5,5,925,1,2,1,1.0,6.0,49007,M,4747202.0,-55895.0,49
201100032443,11,5,9,1445,1,2,1,1.0,3.0,49007,M,4745085.0,-55075.0,49
201100032444,11,5,9,1538,1,2,1,1.0,6.0,49267,M,4746356.0,-48853.0,49
201100032445,11,5,6,1538,1,2,1,1.0,6.0,49267,M,4746356.0,-48853.0,49
201100032446,11,5,10,1157,1,2,1,1.0,2.0,49007,M,4747139.0,-54972.0,49
201100032447,11,5,11,916,1,2,2,1.0,3.0,49007,M,4747345.0,-54209.0,49
201100032448,11,5,11,1140,1,2,6,1.0,3.0,49007,M,4745832.0,-54501.0,49
201100032449,11,5,12,1555,1,2,1,1.0,7.0,49007,M,4745746.0,-51624.0,49
201100032450,11,5,13,1100,1,2,1,1.0,7.0,49007,M,4748308.0,-52671.0,49
201100032451,11,5,13,40,4,2,1,1.0,2.0,49007,M,4744954.0,-57264.0,49
201100032452,11,5,16,803,1,2,1,1.0,2.0,49007,M,4747029.0,-53155.0,49
201100032453,11,5,6,1915,1,2,1,1.0,7.0,49007,M,4748609.0,-53005.0,49
201100032454,11,5,24,905,1,2,6,1.0,6.0,49246,M,4743799.0,-50890.0,49
201100032455,11,5,15,1504,1,2,1,1.0,7.0,49007,M,4747506.0,-54804.0,49
201100032456,11,5,15,2145,5,2,1,1.0,7.0,49007,M,4747346.0,-54208.0,49
201100032457,11,5,15,2020,1,2,1,1.0,7.0,49267,M,4747651.0,-50145.0,49
201100032458,11,5,13,837,1,2,2,1.0,3.0,49007,M,4747309.0,-59986.0,49
201100032459,11,5,15,804,1,2,6,1.0,2.0,49007,M,4744831.0,-53842.0,49
201100032460,11,5,13,1222,1,2,6,1.0,2.0,49007,M,4747141.0,-54400.0,49
201100032461,11,5,14,1123,1,2,4,1.0,3.0,49007,M,4747136.0,-53831.0,49
201100032462,11,5,16,2225,5,2,3,1.0,3.0,49007,M,4745607.0,-56171.0,49
201100032463,11,5,16,2150,2,2,1,1.0,7.0,49007,M,4746625.0,-56553.0,49
201100032464,11,5,17,1441,1,2,1,1.0,7.0,49007,M,4747302.0,-56489.0,49
201100032465,11,5,18,1909,1,2,1,1.0,2.0,49007,M,4747904.0,-52822.0,49
201100032466,11,5,19,2034,1,2,6,1.0,2.0,49015,M,4751776.0,-60830.0,49
201100032467,11,5,19,1550,1,2,1,1.0,7.0,49007,M,4748193.0,-54993.0,49
201100032468,11,5,19,1744,1,2,1,1.0,7.0,49007,M,4746500.0,-56574.0,49
201100032469,11,5,19,821,1,2,1,1.0,7.0,49007,M,4747459.0,-54719.0,49
201100032470,11,5,19,1415,1,2,1,1.0,6.0,49007,M,4747462.0,-54696.0,49
201100032471,11,5,19,1704,1,2,1,1.0,2.0,49007,M,4746152.0,-54686.0,49
201100032472,11,5,19,1804,1,2,1,1.0,2.0,49007,M,4747719.0,-57517.0,49
201100032473,11,5,20,1833,1,2,1,1.0,6.0,49007,M,4747024.0,-56279.0,49
201100032474,11,5,23,1855,1,1,1,1.0,7.0,49267,M,4747459.0,-50540.0,49
201100032475,11,5,24,917,1,2,5,1.0,3.0,49007,M,4747074.0,-58592.0,49
201100032476,11,5,24,1051,1,2,4,1.0,6.0,49007,M,4746748.0,-55559.0,49
201100032477,11,5,25,1059,1,2,1,1.0,6.0,49267,M,4744438.0,-54063.0,49
201100032478,11,5,24,1548,1,2,5,1.0,3.0,49007,M,4746008.0,-53716.0,49
201100032479,11,5,24,1228,1,2,1,1.0,4.0,49007,M,4746279.0,-54760.0,49
201100032480,11,5,24,1320,1,2,1,1.0,7.0,49007,M,4747803.0,-55494.0,49
201100032481,11,5,24,1814,1,2,2,1.0,1.0,49007,M,4746179.0,-54161.0,49
201100032482,11,5,26,857,1,2,9,1.0,3.0,49007,M,4747741.0,-55357.0,49
201100032483,11,5,26,1350,1,2,2,1.0,3.0,49007,M,4745295.0,-53872.0,49
201100032484,11,5,26,905,1,2,1,1.0,7.0,49007,M,4744629.0,-54388.0,49
201100032485,11,5,27,1626,1,2,6,1.0,7.0,49007,M,4745946.0,-52153.0,49
201100032486,11,5,27,1956,1,1,1,1.0,2.0,49007,M,4747927.0,-55208.0,49
201100032487,11,5,30,1940,1,2,9,1.0,7.0,49353,M,4744951.0,-50941.0,49
201100032488,11,5,31,1123,1,2,1,2.0,7.0,49007,M,4746565.0,-55394.0,49
201100032489,11,5,30,756,1,2,1,1.0,6.0,49007,M,4747512.0,-57027.0,49
201100032490,11,5,31,1100,1,2,1,1.0,7.0,49353,M,4744212.0,-49364.0,49
201100032491,11,5,31,1903,1,2,1,1.0,4.0,49007,M,4747569.0,-56687.0,49
201100032492,11,6,1,835,1,2,1,1.0,2.0,49353,M,4744443.0,-47451.0,49
201100032493,11,6,3,1356,1,2,1,1.0,6.0,49007,M,4747579.0,-56437.0,49
201100032494,11,6,4,55,5,2,1,1.0,7.0,49007,M,4744825.0,-56362.0,49
201100032495,11,6,6,1330,1,2,2,1.0,3.0,49007,M,4746634.0,-54771.0,49
201100032496,11,6,7,623,2,2,1,1.0,7.0,49007,M,4748661.0,-51476.0,49
201100032497,11,6,7,1230,1,2,3,1.0,1.0,49007,M,4747668.0,-54458.0,49
201100032498,11,6,8,2212,5,2,1,1.0,7.0,49007,M,4745616.0,-57186.0,49
201100032499,11,6,9,1730,1,2,3,1.0,3.0,49007,M,4748008.0,-52600.0,49
201100032500,11,6,9,1031,1,2,2,1.0,3.0,49007,M,4746169.0,-53251.0,49
201100032501,11,6,10,858,1,2,1,1.0,7.0,49246,M,4741940.0,-46194.0,49
201100032502,11,6,10,1449,1,1,1,1.0,5.0,49246,M,4742618.0,-50402.0,49
201100032503,11,6,15,801,1,2,3,1.0,6.0,49007,M,4746694.0,-55428.0,49
201100032504,11,6,16,859,1,2,6,1.0,7.0,49007,M,4748096.0,-57369.0,49
201100032505,11,6,16,1421,1,2,3,1.0,3.0,49007,M,4747137.0,-51906.0,49
201100032506,11,6,17,806,1,2,1,1.0,7.0,49007,M,4748340.0,-52753.0,49
201100032507,11,6,17,1318,1,2,1,2.0,2.0,49007,M,4747933.0,-56002.0,49
201100032508,11,6,17,1334,1,2,1,1.0,7.0,49007,M,4746498.0,-52479.0,49
201100032509,11,6,17,2040,1,2,2,1.0,3.0,49007,M,4745062.0,-55280.0,49
201100032510,11,6,18,1604,1,2,7,1.0,5.0,49007,M,4747706.0,-55268.0,49
201100032511,11,6,21,850,1,1,9,2.0,3.0,49267,M,4747538.0,-50421.0,49
201100032512,11,6,22,737,1,2,3,2.0,3.0,49007,M,4748064.0,-56645.0,49
201100032513,11,6,22,1346,1,2,1,1.0,7.0,49007,M,4747941.0,-54978.0,49
201100032514,11,6,23,1638,1,2,1,1.0,6.0,49007,M,4747872.0,-54659.0,49
201100032515,11,6,24,1123,1,2,2,1.0,3.0,49007,M,4747440.0,-55245.0,49
201100032516,11,6,27,2220,2,2,1,1.0,7.0,49007,M,4747578.0,-53753.0,49
201100032517,11,6,25,2120,1,2,1,1.0,6.0,49007,M,4748831.0,-54234.0,49
201100032518,11,6,24,1655,1,2,1,1.0,7.0,49007,M,4747340.0,-59115.0,49
201100032519,11,6,28,1154,1,2,1,1.0,3.0,49353,M,4744089.0,-48973.0,49
201100032520,11,6,26,747,1,1,1,1.0,2.0,49246,M,4744410.0,-51365.0,49
201100032521,11,6,29,1300,1,2,1,1.0,7.0,49007,M,4747441.0,-52940.0,49
201100032522,11,6,29,1910,1,2,2,1.0,3.0,49007,M,4744912.0,-56533.0,49
201100032523,11,7,1,1812,1,2,1,1.0,7.0,49007,M,4746574.0,-54529.0,49
201100032524,11,7,2,2150,2,2,2,1.0,3.0,49007,M,4744914.0,-56224.0,49
201100032525,11,7,2,1437,1,2,1,1.0,7.0,49353,M,4743940.0,-49451.0,49
201100032526,11,7,3,36,5,2,2,1.0,3.0,49007,M,4747258.0,-54272.0,49
201100032527,11,6,30,1355,1,1,1,1.0,2.0,49007,M,4745593.0,-51603.0,49
201100032528,11,7,4,2000,1,2,6,1.0,2.0,49015,M,4752082.0,-61115.0,49
201100032529,11,7,5,905,1,2,2,1.0,1.0,49007,M,4747631.0,-56637.0,49
201100032530,11,7,5,1815,1,2,1,1.0,7.0,49015,M,4751122.0,-58831.0,49
201100032531,11,7,5,1531,1,2,1,1.0,4.0,49007,M,4749319.0,-56314.0,49
201100032532,11,7,6,2028,1,2,2,1.0,3.0,49246,M,4743440.0,-53007.0,49
201100032533,11,7,8,2100,1,2,2,1.0,3.0,49007,M,4746619.0,-55934.0,49
201100032534,11,7,8,1700,1,2,1,1.0,3.0,49007,M,4747478.0,-60307.0,49
201100032535,11,7,8,1935,1,2,6,1.0,7.0,49007,M,4746502.0,-55669.0,49
201100032536,11,7,8,1650,1,2,6,1.0,7.0,49015,M,4749188.0,-59186.0,49
201100032537,11,7,12,1910,1,2,1,2.0,7.0,49007,M,4748571.0,-55140.0,49
201100032538,11,7,13,953,1,2,1,1.0,6.0,49007,M,4746779.0,-55121.0,49
201100032539,11,7,16,2030,2,2,2,2.0,3.0,49007,M,4746533.0,-54534.0,49
201100032540,11,7,15,1750,1,2,3,1.0,6.0,49007,M,4749267.0,-57771.0,49
201100032541,11,7,15,1650,1,2,1,1.0,7.0,49246,M,4743097.0,-48516.0,49
201100032542,11,7,15,958,1,2,1,1.0,7.0,49015,M,4750319.0,-58596.0,49
201100032543,11,7,15,2023,1,2,2,1.0,3.0,49007,M,4747397.0,-56088.0,49
201100032544,11,7,20,1705,1,2,3,8.0,2.0,49353,M,4744238.0,-48274.0,49
201100032545,11,7,22,2246,3,2,1,1.0,2.0,49007,M,4745472.0,-56856.0,49
201100032546,11,7,25,1500,1,2,3,1.0,2.0,49007,M,4746798.0,-55905.0,49
201100032547,11,7,27,1533,1,2,1,1.0,7.0,49007,M,4745286.0,-57315.0,49
201100032548,11,7,28,530,5,2,1,1.0,7.0,49007,M,4748924.0,-53238.0,49
201100032549,11,7,29,1045,1,2,3,2.0,2.0,49007,M,4748226.0,-56831.0,49
201100032550,11,7,29,1540,1,2,7,1.0,6.0,49007,M,4747048.0,-56878.0,49
201100032551,11,7,29,1517,1,2,1,1.0,7.0,49007,M,4746056.0,-61572.0,49
201100032552,11,7,29,1930,1,2,6,1.0,3.0,49007,M,4744896.0,-57322.0,49
201100032553,11,7,29,1250,1,2,1,1.0,1.0,49267,M,4747396.0,-48152.0,49
201100032554,11,8,3,1100,1,2,2,1.0,7.0,49007,M,4746806.0,-55894.0,49
201100032555,11,8,2,1420,1,2,3,1.0,7.0,49007,M,4745132.0,-55727.0,49
201100032556,11,8,4,1230,1,1,1,2.0,1.0,49007,M,4747080.0,-60565.0,49
201100032557,11,8,4,2110,1,1,1,2.0,7.0,49015,M,4749695.0,-61080.0,49
201100032558,11,8,6,1056,1,2,1,8.0,7.0,49007,M,4748981.0,-51027.0,49
201100032559,11,8,5,1106,1,2,1,1.0,7.0,49007,M,4747517.0,-56214.0,49
201100032560,11,8,7,2020,1,2,1,2.0,7.0,49007,M,4745923.0,-52017.0,49
201100032561,11,8,8,1203,1,2,6,1.0,7.0,49353,M,4744536.0,-47099.0,49
201100032562,11,8,8,1108,1,2,1,1.0,2.0,49007,M,4748342.0,-51396.0,49
201100032563,11,8,9,1710,1,2,1,1.0,1.0,49353,M,4744432.0,-50000.0,49
201100032564,11,8,14,1950,1,2,1,1.0,7.0,49007,M,4748822.0,-55385.0,49
201100032565,11,8,13,1538,1,2,1,1.0,7.0,49007,M,4744411.0,-56430.0,49
201100032566,11,8,12,1116,1,2,1,2.0,1.0,49007,M,4747689.0,-57442.0,49
201100032567,11,8,13,30,5,2,2,1.0,3.0,49007,M,4746641.0,-55309.0,49
201100032568,11,8,16,1157,1,2,2,1.0,7.0,49007,M,4748332.0,-52678.0,49
201100032569,11,8,16,1700,1,2,2,1.0,3.0,49007,M,4747425.0,-56717.0,49
201100032570,11,8,17,1720,1,1,1,1.0,7.0,49007,M,4745209.0,-54057.0,49
201100032571,11,8,17,1542,1,2,3,2.0,3.0,49007,M,4746993.0,-54822.0,49
201100032572,11,8,16,2055,2,2,1,1.0,7.0,49007,M,4746510.0,-54963.0,49
201100032573,11,8,17,901,1,2,6,3.0,7.0,49007,M,4749229.0,-55110.0,49
201100032574,11,8,18,1026,1,2,1,1.0,6.0,49007,M,4745746.0,-51624.0,49
201100032575,11,8,18,1838,1,2,1,1.0,3.0,49007,M,4746266.0,-53228.0,49
201100032576,11,8,20,850,1,1,3,1.0,3.0,49015,M,4749963.0,-62115.0,49
201100032577,11,8,19,610,2,2,9,1.0,3.0,49007,M,4748951.0,-53409.0,49
201100032578,11,8,19,2015,1,2,2,1.0,3.0,49007,M,4745707.0,-55405.0,49
201100032579,11,8,22,1107,1,2,2,3.0,3.0,49007,M,4746879.0,-53204.0,49
201100032580,11,8,22,1533,1,1,1,2.0,6.0,49246,M,4741722.0,-50561.0,49
201100032581,11,8,23,40,5,2,1,2.0,6.0,49007,M,4746542.0,-54556.0,49
201100032582,11,8,23,1145,1,2,1,1.0,7.0,49007,M,4747053.0,-54770.0,49
201100032583,11,8,23,1135,1,2,1,1.0,2.0,49007,M,4746314.0,-54118.0,49
201100032584,11,8,21,822,1,2,1,1.0,3.0,49246,M,4742892.0,-52783.0,49
201100032585,11,8,24,2201,5,2,1,1.0,3.0,49007,M,4748193.0,-54993.0,49
201100032586,11,8,24,1250,1,2,1,1.0,1.0,49007,M,4747933.0,-56001.0,49
201100032587,11,8,26,112,5,2,1,3.0,6.0,49007,M,4747254.0,-55416.0,49
201100032588,11,8,26,1725,1,2,2,1.0,3.0,49007,M,4747320.0,-54796.0,49
201100032589,11,8,25,1200,1,2,9,1.0,1.0,49007,M,4745031.0,-56543.0,49
201100032590,11,8,26,1920,1,2,1,1.0,7.0,49246,M,4744100.0,-50472.0,49