Num_Acc,an,mois,jour,hrmn,lum,agg,int,atm,col,com,gps,lat,long,dep
201100032591,11,9,1,712,2,2,6,1.0,3.0,49007,M,4746462.0,-54504.0,49
201100032592,11,9,2,1408,1,2,3,1.0,3.0,49007,M,4746127.0,-54028.0,49
201100032593,11,9,5,534,5,2,1,2.0,6.0,49007,M,4747326.0,-59659.0,49
201100032594,11,9,5,909,1,2,2,1.0,6.0,49007,M,4746436.0,-55407.0,49
201100032595,11,9,3,1950,1,2,1,1.0,1.0,49007,M,4746174.0,-54144.0,49
201100032596,11,9,6,1350,1,2,1,1.0,7.0,49007,M,4746481.0,-54885.0,49
201100032597,11,9,7,1910,1,2,1,1.0,6.0,49007,M,4747474.0,-59368.0,49
201100032598,11,9,12,1125,1,1,1,8.0,7.0,49007,M,4745299.0,-58107.0,49
201100032599,11,9,12,826,1,2,3,8.0,7.0,49007,M,4747134.0,-55233.0,49
201100032600,11,9,4,1120,1,2,1,1.0,3.0,49007,M,4747371.0,-57298.0,49
201100032601,11,9,7,1247,1,2,1,9.0,6.0,49007,M,4746793.0,-51967.0,49
201100032602,11,9,9,747,2,2,1,1.0,2.0,49007,M,4745579.0,-53383.0,49
201100032603,11,9,13,1137,1,2,1,2.0,2.0,49246,M,4744365.0,-52950.0,49
201100032604,11,9,13,1144,1,2,1,2.0,3.0,49007,M,4746252.0,-55377.0,49
201100032605,11,9,13,1505,1,2,1,1.0,7.0,49007,M,4745632.0,-53359.0,49
201100032606,11,9,14,902,1,2,2,1.0,1.0,49007,M,4746327.0,-53728.0,49
201100032607,11,9,14,951,1,2,3,1.0,7.0,49007,M,4747283.0,-55609.0,49
201100032608,11,9,14,1307,1,2,1,1.0,7.0,49353,M,4744554.0,-46580.0,49
201100032609,11,9,15,1748,1,1,1,1.0,4.0,49007,M,4746911.0,-60289.0,49
201100032610,11,9,15,1220,1,2,2,1.0,7.0,49007,M,4745174.0,-54485.0,49
201100032611,11,9,15,843,1,1,1,1.0,4.0,49007,M,4746663.0,-58260.0,49
201100032612,11,9,15,1715,1,1,1,1.0,6.0,49007,M,4746887.0,-58830.0,49
201100032613,11,9,15,957,1,2,1,1.0,7.0,49007,M,4746380.0,-55531.0,49
201100032614,11,9,18,1652,1,2,1,1.0,1.0,49353,M,4744924.0,-48823.0,49
201100032615,11,9,16,1753,1,2,1,1.0,6.0,49246,M,4742534.0,-52550.0,49
201100032616,11,9,19,1605,1,2,1,1.0,7.0,49007,M,4749248.0,-54897.0,49
201100032617,11,9,20,1815,1,2,1,1.0,2.0,49007,M,4746046.0,-53821.0,49
201100032618,11,9,23,345,5,2,1,1.0,2.0,49007,M,4747408.0,-55192.0,49
201100032619,11,9,22,1235,1,2,2,1.0,3.0,49007,M,4747569.0,-59387.0,49
201100032620,11,9,22,911,1,2,1,1.0,7.0,49246,M,4741680.0,-52327.0,49
201100032621,11,9,22,1743,1,2,1,1.0,7.0,49015,M,4751685.0,-61630.0,49
201100032622,11,9,22,2040,3,1,1,1.0,7.0,49353,M,4744628.0,-45559.0,49
201100032623,11,9,2,1152,1,2,1,1.0,7.0,49015,M,4750602.0,-58883.0,49
201100032624,11,9,9,1259,1,2,1,1.0,6.0,49007,M,4745922.0,-56103.0,49
201100032625,11,9,22,2115,2,2,1,1.0,2.0,49007,M,4747106.0,-56488.0,49
201100032626,11,9,22,806,1,2,1,1.0,7.0,49246,M,4743627.0,-53100.0,49
201100032627,11,9,24,1745,1,2,1,1.0,7.0,49007,M,4744664.0,-56259.0,49
201100032628,11,9,24,1255,1,2,1,1.0,2.0,49007,M,4745389.0,-52692.0,49
201100032629,11,9,23,2014,5,1,1,1.0,6.0,49015,M,4749439.0,-60074.0,49
201100032630,11,9,25,1213,1,2,1,1.0,6.0,49246,M,4743420.0,-49632.0,49
201100032631,11,9,23,1402,1,2,2,1.0,3.0,49007,M,4747177.0,-60004.0,49
201100032632,11,9,24,935,1,2,2,1.0,6.0,49007,M,4745891.0,-54719.0,49
201100032633,11,9,24,625,5,2,1,1.0,6.0,49007,M,4747118.0,-57272.0,49
201100032634,11,9,27,815,1,2,1,1.0,2.0,49007,M,4746489.0,-54442.0,49
201100032635,11,9,27,1740,1,2,2,1.0,3.0,49007,M,4746367.0,-51958.0,49
201100032636,11,9,27,2154,5,2,2,1.0,3.0,49007,M,4745260.0,-52407.0,49
201100032637,11,9,27,1217,1,2,3,1.0,3.0,49007,M,4747534.0,-54866.0,49
201100032638,11,9,28,1345,1,2,2,1.0,3.0,49007,M,4745299.0,-53871.0,49
201100032639,11,9,28,640,5,2,6,1.0,7.0,49246,M,4743472.0,-49973.0,49
201100032640,11,9,28,1729,1,2,1,1.0,3.0,49007,M,4747172.0,-53812.0,49
201100032641,11,9,28,1900,1,2,3,1.0,2.0,49246,M,4742257.0,-52373.0,49
201100032642,11,9,30,1745,1,2,2,1.0,4.0,49007,M,4744861.0,-53672.0,49
201100032643,11,10,1,2000,1,2,1,1.0,3.0,49007,M,4747245.0,-54207.0,49
201100032644,11,10,2,10,5,2,1,1.0,7.0,49007,M,4748634.0,-53683.0,49
201100032645,11,10,3,2019,5,2,6,1.0,7.0,49007,M,4744836.0,-53838.0,49
201100032646,11,10,3,1710,1,2,9,1.0,6.0,49007,M,4746266.0,-53228.0,49
201100032647,11,10,4,9,5,2,3,1.0,3.0,49007,M,4747403.0,-53740.0,49
201100032648,11,10,1,2343,5,2,2,1.0,3.0,49007,M,4745754.0,-53311.0,49
201100032649,11,9,30,745,1,2,1,1.0,2.0,49246,M,4743412.0,-52956.0,49
201100032650,11,9,30,1205,1,2,6,1.0,6.0,49353,M,4745696.0,-51114.0,49
201100032651,11,9,30,1708,1,2,6,1.0,2.0,49007,M,4748883.0,-54586.0,49
201100032652,11,10,5,1830,1,1,1,1.0,4.0,49007,M,4747550.0,-55505.0,49
201100032653,11,10,5,1940,5,2,1,1.0,3.0,49007,M,4747756.0,-54879.0,49
201100032654,11,10,5,1420,1,2,1,1.0,3.0,49007,M,4747736.0,-58347.0,49
201100032655,11,10,5,1745,1,2,1,1.0,4.0,49007,M,4748840.0,-51784.0,49
201100032656,11,10,6,750,2,1,6,1.0,6.0,49015,M,4751288.0,-61406.0,49
201100032657,11,10,6,848,1,1,6,1.0,6.0,49015,M,4751287.0,-61397.0,49
201100032658,11,10,6,1353,1,2,1,1.0,7.0,49007,M,4745870.0,-53294.0,49
201100032659,11,10,8,1917,5,2,1,1.0,7.0,49007,M,4745620.0,-56139.0,49
201100032660,11,10,7,1724,1,2,1,1.0,7.0,49267,M,4748760.0,-49546.0,49
201100032661,11,10,11,756,2,2,3,2.0,3.0,49007,M,4745468.0,-52505.0,49
201100032662,11,10,11,1436,1,2,1,1.0,6.0,49007,M,4747313.0,-55830.0,49
201100032663,11,10,14,1700,1,1,3,1.0,3.0,49007,M,4747278.0,-59983.0,49
201100032664,11,10,15,800,2,2,3,1.0,7.0,49007,M,4747469.0,-56089.0,49
201100032665,11,10,16,2015,5,2,1,1.0,7.0,49007,M,4749247.0,-56791.0,49
201100032666,11,10,14,2026,5,2,3,1.0,3.0,49007,M,4746684.0,-55432.0,49
201100032667,11,10,14,1611,1,2,1,1.0,7.0,49007,M,4746592.0,-56348.0,49
201100032668,11,10,14,1655,1,2,3,1.0,3.0,49007,M,4745190.0,-57100.0,49
201100032669,11,10,17,1657,1,2,1,1.0,6.0,49007,M,4748990.0,-53355.0,49
201100032670,11,10,17,1825,1,2,1,1.0,3.0,49007,M,4747363.0,-58371.0,49
201100032671,11,10,18,1354,1,2,3,1.0,2.0,49007,M,4747331.0,-54576.0,49
201100032672,11,10,18,1708,1,2,1,3.0,7.0,49007,M,4747515.0,-55161.0,49
201100032673,11,10,18,1742,1,2,1,3.0,3.0,49007,M,4747791.0,-60643.0,49
201100032674,11,10,18,1440,1,2,3,1.0,7.0,49007,M,4747192.0,-54562.0,49
201100032675,11,10,18,1815,1,2,3,2.0,3.0,49007,M,4747753.0,-60184.0,49
201100032676,11,10,19,223,5,2,1,2.0,7.0,49007,M,4747064.0,-54857.0,49
201100032677,11,10,19,859,1,2,6,1.0,3.0,49007,M,4745341.0,-52589.0,49
201100032678,11,10,19,2300,5,2,3,1.0,3.0,49007,M,4748759.0,-54117.0,49
201100032679,11,10,20,854,2,2,2,1.0,3.0,49007,M,4746750.0,-55558.0,49
201100032680,11,10,20,1736,1,2,2,1.0,3.0,49007,M,4747473.0,-58617.0,49
201100032681,11,10,21,955,1,2,1,1.0,6.0,49007,M,4746729.0,-55543.0,49
201100032682,11,10,21,1119,1,2,1,1.0,6.0,49007,M,4747360.0,-54465.0,49
201100032683,11,10,22,1131,1,2,2,1.0,3.0,49353,M,4744283.0,-49567.0,49
201100032684,11,10,25,1140,1,2,3,1.0,7.0,49267,M,4746789.0,-49340.0,49
201100032685,11,10,21,1602,1,2,3,1.0,7.0,49246,M,4741852.0,-52779.0,49
201100032686,11,10,25,1900,5,2,3,2.0,2.0,49353,M,4745409.0,-48289.0,49
201100032687,11,10,28,1508,1,1,1,1.0,7.0,49007,M,4747142.0,-55985.0,49
201100032688,11,10,27,1421,1,2,6,1.0,7.0,49007,M,4747699.0,-59902.0,49
201100032689,11,10,27,1857,5,2,6,2.0,7.0,49007,M,4746427.0,-53159.0,49
201100032690,11,10,28,903,1,2,3,1.0,2.0,49007,M,4748688.0,-53975.0,49
201100032691,11,11,2,1111,1,2,1,1.0,2.0,49007,M,4745700.0,-53333.0,49
201100032692,11,11,2,1600,1,2,1,1.0,3.0,49007,M,4746477.0,-55416.0,49
201100032693,11,11,6,1010,1,2,1,1.0,7.0,49015,M,4750538.0,-58801.0,49
201100032694,11,11,6,1345,1,2,3,1.0,7.0,49246,M,4743217.0,-53391.0,49
201100032695,11,11,3,1214,1,2,2,1.0,3.0,49007,M,4745050.0,-55281.0,49
201100032696,11,11,7,1703,1,2,6,1.0,2.0,49246,M,4741842.0,-52328.0,49
201100032697,11,11,4,730,2,2,2,8.0,3.0,49007,M,4745943.0,-56033.0,49
201100032698,11,11,4,1652,1,2,1,1.0,2.0,49007,M,4747265.0,-56576.0,49
201100032699,11,11,4,1830,2,2,1,1.0,6.0,49007,M,4745033.0,-56555.0,49
201100032700,11,11,8,1041,1,2,6,2.0,3.0,49007,M,4748161.0,-57574.0,49
201100032701,11,11,4,1545,1,2,1,1.0,3.0,49007,M,4747370.0,-58244.0,49
201100032702,11,11,8,1855,5,1,1,2.0,2.0,49007,M,4747084.0,-60507.0,49
201100032703,11,11,9,200,5,2,6,1.0,7.0,49007,M,4744848.0,-53826.0,49
201100032704,11,11,9,944,1,2,1,1.0,7.0,49007,M,4746649.0,-54987.0,49
201100032705,11,11,9,2021,5,2,1,1.0,3.0,49353,M,4744555.0,-46411.0,49
201100032706,11,11,9,1215,1,2,1,1.0,6.0,49007,M,4747110.0,-54889.0,49
201100032707,11,11,11,1115,1,2,2,1.0,3.0,49007,M,4745706.0,-55407.0,49
201100032708,11,11,10,708,2,2,1,1.0,3.0,49007,M,4748995.0,-56644.0,49
201100032709,11,11,10,1824,5,2,2,1.0,3.0,49007,M,4747181.0,-60008.0,49
201100032710,11,11,14,1525,1,2,1,1.0,6.0,49007,M,4747331.0,-59428.0,49
201100032711,11,11,16,815,1,2,7,1.0,7.0,49007,M,4746579.0,-55158.0,49
201100032712,11,11,17,1350,1,2,1,1.0,7.0,49007,M,4745439.0,-56785.0,49
201100032713,11,11,20,1732,2,2,1,1.0,6.0,49007,M,4745013.0,-56515.0,49
201100032714,11,11,19,1509,1,2,1,1.0,7.0,49007,M,4747186.0,-55913.0,49
201100032715,11,11,17,1750,2,2,1,1.0,6.0,49007,M,4746468.0,-54072.0,49
201100032716,11,11,18,1525,1,2,1,1.0,2.0,49007,M,4748406.0,-57078.0,49
201100032717,11,11,21,750,5,2,1,1.0,6.0,49007,M,4747096.0,-54908.0,49
201100032718,11,11,22,1846,5,2,2,1.0,7.0,49007,M,4747450.0,-55492.0,49
201100032719,11,11,23,1920,5,2,1,1.0,7.0,49246,M,4744132.0,-53431.0,49
201100032720,11,11,23,1020,1,2,2,1.0,6.0,49007,M,4746056.0,-55214.0,49
201100032721,11,11,24,2315,3,2,1,1.0,6.0,49007,M,4748714.0,-53966.0,49
201100032722,11,11,24,1215,1,2,3,1.0,3.0,49007,M,4745171.0,-53576.0,49
201100032723,11,11,25,2026,5,2,6,1.0,7.0,49007,M,4745805.0,-54474.0,49
201100032724,11,11,26,2030,5,2,2,1.0,1.0,49007,M,4746890.0,-53202.0,49
201100032725,11,11,27,923,1,2,1,1.0,7.0,49353,M,4745615.0,-51559.0,49
201100032726,11,11,25,900,1,2,1,1.0,7.0,49007,M,4745096.0,-53990.0,49
201100032727,11,11,28,849,1,2,1,1.0,3.0,49007,M,4747593.0,-54532.0,49
201100032728,11,11,30,1228,1,2,6,1.0,3.0,49007,M,4746633.0,-55316.0,49
201100032729,11,12,1,735,5,2,6,1.0,6.0,49007,M,4748968.0,-56718.0,49
201100032730,11,12,1,455,5,2,1,1.0,7.0,49015,M,4751097.0,-59528.0,49
201100032731,11,12,1,819,2,2,2,1.0,6.0,49007,M,4747626.0,-56635.0,49
201100032732,11,12,3,1500,1,1,1,2.0,7.0,49007,M,4746957.0,-59452.0,49
201100032733,11,12,3,1510,1,1,1,2.0,5.0,49246,M,4742203.0,-50410.0,49
201100032734,11,12,2,2215,5,2,1,1.0,6.0,49007,M,4745171.0,-54028.0,49
201100032735,11,12,2,1031,1,2,1,1.0,2.0,49246,M,4743116.0,-52841.0,49
201100032736,11,12,5,906,1,2,6,1.0,2.0,49007,M,4748891.0,-54593.0,49
201100032737,11,12,5,1536,1,2,1,1.0,2.0,49007,M,4747548.0,-56515.0,49
201100032738,11,12,3,1047,1,2,1,2.0,6.0,49007,M,4747629.0,-53007.0,49
201100032739,11,12,3,2107,5,2,3,3.0,7.0,49007,M,4747517.0,-56193.0,49
201100032740,11,12,7,816,1,2,2,1.0,3.0,49007,M,4747715.0,-54420.0,49
201100032741,11,12,7,1556,1,2,3,1.0,3.0,49007,M,4745214.0,-52531.0,49
201100032742,11,12,7,1743,2,1,1,1.0,4.0,49007,M,4746883.0,-58830.0,49
201100032743,11,12,8,421,5,2,1,2.0,6.0,49007,M,4745616.0,-54127.0,49
201100032744,11,12,8,816,2,2,3,2.0,3.0,49007,M,4747769.0,-55281.0,49
201100032745,11,12,8,759,2,2,2,2.0,3.0,49007,M,4747111.0,-53126.0,49
201100032746,11,11,15,1850,5,1,1,1.0,1.0,49007,M,4747121.0,-58684.0,49
201100032747,11,12,9,1824,5,2,6,1.0,3.0,49007,M,4748338.0,-57595.0,49
201100032748,11,12,10,1650,1,2,1,1.0,7.0,49007,M,4749073.0,-53217.0,49
201100032749,11,11,15,1240,1,2,9,1.0,3.0,49007,M,4747189.0,-54319.0,49
201100032750,11,12,12,936,1,2,3,1.0,7.0,49007,M,4747395.0,-56765.0,49
201100032751,11,12,9,1909,5,2,2,1.0,1.0,49007,M,4745952.0,-52140.0,49
201100032752,11,12,14,918,1,2,1,1.0,6.0,49007,M,4745704.0,-53205.0,49
201100032753,11,12,14,2050,5,2,1,3.0,6.0,49007,M,4747334.0,-55673.0,49
201100032754,11,12,14,1557,1,2,2,2.0,3.0,49007,M,4747239.0,-55720.0,49
201100032755,11,12,14,2145,5,2,1,1.0,2.0,49007,M,4746538.0,-55699.0,49
201100032756,11,12,15,1736,1,2,1,1.0,6.0,49007,M,4747363.0,-58435.0,49
201100032757,11,12,15,955,1,2,3,1.0,3.0,49353,M,4745250.0,-50745.0,49
201100032758,11,12,14,801,5,2,2,1.0,3.0,49007,M,4745848.0,-55169.0,49
201100032759,11,12,16,1659,2,2,1,1.0,6.0,49007,M,4745443.0,-56830.0,49
201100032760,11,12,17,200,5,2,1,2.0,1.0,49267,M,4747398.0,-48143.0,49
201100032761,11,12,18,904,1,2,2,1.0,3.0,49007,M,4747177.0,-59998.0,49
201100032762,11,12,17,1300,1,2,2,1.0,1.0,49007,M,4745879.0,-55864.0,49
201100032763,11,12,18,1418,1,2,3,1.0,3.0,49007,M,4747126.0,-60240.0,49
201100032764,11,12,17,1340,1,2,6,1.0,3.0,49267,M,4748161.0,-49107.0,49
201100032765,11,12,23,350,5,2,1,1.0,7.0,49007,M,4747369.0,-53796.0,49
201100032766,11,12,22,1041,1,2,2,1.0,3.0,49007,M,4747860.0,-55626.0,49
201100032767,11,12,22,1610,1,2,1,1.0,6.0,49007,M,4747354.0,-54164.0,49
201100032768,11,12,22,1645,1,2,1,1.0,6.0,49007,M,4747035.0,-54738.0,49
201100032769,11,12,23,1917,5,2,1,2.0,7.0,49246,M,4743662.0,-52139.0,49
201100032770,11,12,26,1100,1,1,1,1.0,2.0,49007,M,4746511.0,-56950.0,49
201100032771,11,12,27,915,1,2,1,2.0,7.0,49246,M,4743533.0,-53056.0,49
201100032772,11,12,27,900,1,2,1,2.0,7.0,49353,M,4744082.0,-49003.0,49
201100032773,11,12,28,1815,5,2,1,3.0,6.0,49007,M,4747465.0,-53614.0,49
201100032774,11,12,28,1905,5,2,1,2.0,6.0,49007,M,4747344.0,-56375.0,49
201100032775,11,12,30,1400,1,2,1,2.0,7.0,49015,M,4750085.0,-58416.0,49
201100032776,11,12,30,1630,1,1,2,2.0,3.0,49007,M,4747849.0,-55624.0,49
201100032777,11,12,30,2135,5,2,1,2.0,7.0,49007,M,4747494.0,-57298.0,49
201100032778,11,12,30,1707,2,2,1,2.0,2.0,49353,M,4744408.0,-49936.0,49
201100032779,11,1,5,755,5,2,1,5.0,3.0,49099,M,4706761.0,-88005.0,49
201100032780,11,1,5,2040,5,2,2,2.0,3.0,49099,M,4704586.0,-89543.0,49
201100032781,11,1,10,1330,1,2,3,3.0,6.0,49099,M,4706728.0,-88730.0,49
201100032782,11,1,12,1917,5,2,6,2.0,3.0,49099,M,4704918.0,-87328.0,49
201100032783,11,1,20,35,4,2,1,1.0,6.0,49099,M,4706436.0,-92839.0,49
201100032784,11,1,25,1335,1,2,1,1.0,2.0,49099,M,4707088.0,-90169.0,49
201100032785,11,1,25,1635,1,2,1,1.0,6.0,49099,M,4706130.0,-87344.0,49
201100032786,11,2,1,2215,5,2,1,2.0,6.0,49099,M,4706249.0,-89201.0,49
201100032787,11,2,3,1830,1,2,2,1.0,3.0,49099,M,4705147.0,-88220.0,49
201100032788,11,2,4,1805,2,2,1,1.0,6.0,49099,M,4704677.0,-89458.0,49
201100032789,11,2,6,2055,5,1,2,1.0,3.0,49099,M,4704699.0,-82865.0,49
201100032790,11,2,14,1330,1,2,1,1.0,6.0,49099,M,4705372.0,-88142.0,49
201100032791,11,2,17,1448,1,2,1,1.0,3.0,49099,M,4706160.0,-86954.0,49
201100032792,11,2,24,1225,1,2,9,1.0,2.0,49099,M,4706569.0,-87503.0,49
201100032793,11,2,25,1625,1,2,1,1.0,7.0,49099,M,4706599.0,-89639.0,49
201100032794,11,3,8,2050,5,2,2,1.0,3.0,49099,M,4705832.0,-88318.0,49
201100032795,11,3,11,1750,1,2,6,1.0,3.0,49099,M,4704295.0,-90037.0,49
201100032796,11,3,23,2205,5,2,1,1.0,3.0,49099,M,4705431.0,-85777.0,49
201100032797,11,3,25,1145,1,2,6,1.0,3.0,49099,M,4706929.0,-85310.0,49
201100032798,11,3,25,1800,1,2,1,1.0,2.0,49099,M,4704453.0,-89689.0,49
201100032799,11,3,29,1545,1,2,1,1.0,3.0,49099,M,4704723.0,-89127.0,49
201100032800,11,4,9,1650,1,2,1,1.0,7.0,49099,M,4699043.0,-89027.0,49
201100032801,11,4,10,1555,1,2,1,1.0,6.0,49099,M,4707656.0,-84866.0,49
201100032802,11,4,15,1735,1,2,6,1.0,3.0,49099,M,4704213.0,-89872.0,49
201100032803,11,4,17,1850,1,2,1,1.0,6.0,49099,M,4705926.0,-88703.0,49
201100032804,11,4,20,1220,1,2,2,1.0,3.0,49099,M,4705881.0,-86625.0,49
201100032805,11,4,28,1645,1,2,1,1.0,5.0,49099,M,4704079.0,-90957.0,49
201100032806,11,4,29,1650,1,2,1,1.0,3.0,49099,M,4704404.0,-88740.0,49
201100032807,11,4,30,1600,1,1,4,1.0,3.0,49099,M,4704851.0,-91791.0,49
201100032808,11,5,3,1415,1,1,1,1.0,1.0,49099,M,4704076.0,-90954.0,49
201100032809,11,5,2,1810,1,2,1,1.0,3.0,49099,M,4705666.0,-87754.0,49
201100032810,11,5,4,2016,1,2,1,1.0,6.0,49099,M,4705310.0,-88211.0,49
201100032811,11,5,18,925,1,2,1,1.0,6.0,49099,M,4706002.0,-87122.0,49
201100032812,11,5,20,1420,1,2,1,1.0,6.0,49099,M,4704937.0,-87298.0,49
201100032813,11,5,24,1850,1,2,3,1.0,3.0,49099,M,4705528.0,-89076.0,49
201100032814,11,5,24,1935,1,2,1,1.0,3.0,49099,M,4704526.0,-87674.0,49
201100032815,11,5,27,525,5,2,1,1.0,6.0,49099,M,4706268.0,-88073.0,49
201100032816,11,5,31,1200,1,2,1,1.0,6.0,49099,M,4705464.0,-87577.0,49
201100032817,11,6,7,1655,1,2,1,1.0,3.0,49099,M,4706014.0,-93308.0,49
201100032818,11,6,11,2210,5,2,1,1.0,6.0,49099,M,4705971.0,-84947.0,49
201100032819,11,6,14,1550,1,2,1,1.0,6.0,49099,M,4707572.0,-88916.0,49
201100032820,11,6,14,1645,1,1,3,1.0,3.0,49099,M,4707612.0,-88226.0,49
201100032821,11,6,14,2130,1,2,4,1.0,3.0,49099,M,4706315.0,-88496.0,49
201100032822,11,6,15,1650,1,2,3,1.0,2.0,49099,M,4707364.0,-86765.0,49
201100032823,11,6,16,1845,1,2,1,1.0,2.0,49099,M,4706426.0,-87082.0,49
201100032824,11,6,17,1745,1,2,6,2.0,1.0,49099,M,4704575.0,-89961.0,49
201100032825,11,6,22,1755,1,2,2,1.0,3.0,49099,M,4708155.0,-88351.0,49
201100032826,11,6,26,1847,1,2,1,1.0,2.0,49099,M,4705797.0,-88516.0,49
201100032827,11,7,13,1715,1,2,1,1.0,6.0,49099,M,4703036.0,-89444.0,49
201100032828,11,7,14,2230,3,1,1,1.0,6.0,49099,M,4704922.0,-91228.0,49
201100032829,11,7,24,1140,1,2,1,1.0,6.0,49099,M,4706062.0,-87214.0,49
201100032830,11,8,6,2135,2,2,1,2.0,6.0,49099,M,4705815.0,-90318.0,49
201100032831,11,8,9,125,5,2,1,1.0,6.0,49099,M,4704421.0,-89155.0,49
201100032832,11,8,12,910,1,2,3,1.0,3.0,49099,M,4706878.0,-89708.0,49
201100032833,11,8,22,1233,1,2,3,1.0,3.0,49099,M,4706328.0,-87384.0,49
201100032834,11,8,26,1225,1,2,1,1.0,3.0,49099,M,4706705.0,-89063.0,49
201100032835,11,8,31,35,5,2,1,1.0,7.0,49099,M,4706029.0,-85107.0,49
201100032836,11,8,31,1120,1,1,1,1.0,3.0,49099,M,4699466.0,-91020.0,49
201100032837,11,9,1,1750,1,2,3,1.0,6.0,49099,M,4704846.0,-88512.0,49
201100032838,11,9,4,1720,1,1,1,1.0,6.0,49099,M,4707797.0,-83464.0,49
201100032839,11,9,9,1300,1,2,1,1.0,4.0,49099,M,4704076.0,-90957.0,49
201100032840,11,9,11,1130,1,2,1,1.0,6.0,49099,M,4705875.0,-86134.0,49
201100032841,11,9,18,41,5,2,1,1.0,6.0,49099,M,4704959.0,-86231.0,49
201100032842,11,9,20,755,2,2,1,1.0,3.0,49099,M,4705755.0,-87651.0,49
201100032843,11,9,28,1235,1,2,6,1.0,2.0,49099,M,4703718.0,-90499.0,49
201100032844,11,10,2,1210,1,2,1,1.0,6.0,49099,M,4707456.0,-90060.0,49
201100032845,11,10,18,1800,2,2,2,1.0,6.0,49099,M,4704803.0,-89910.0,49
201100032846,11,11,10,35,5,2,1,1.0,6.0,49099,M,4705695.0,-87805.0,49
201100032847,11,11,12,2100,2,2,1,1.0,6.0,49099,M,4706753.0,-88171.0,49
201100032848,11,11,14,1520,1,2,1,1.0,6.0,49099,M,4706212.0,-87660.0,49
201100032849,11,12,2,1130,1,2,3,1.0,1.0,49099,M,4706398.0,-88109.0,49
201100032850,11,12,3,1920,2,2,1,8.0,5.0,49099,M,4707264.0,-84606.0,49
201100032851,11,12,7,725,2,2,1,2.0,3.0,49099,M,4706029.0,-85107.0,49
201100032852,11,12,8,1845,5,2,1,2.0,6.0,49099,M,4705063.0,-89872.0,49
201100032853,11,12,13,710,5,2,3,3.0,6.0,49099,M,4705788.0,-87934.0,49
201100032854,11,12,29,1635,1,2,1,7.0,1.0,49099,M,4703737.0,-88710.0,49
201100032855,11,12,31,1915,5,2,1,2.0,6.0,49099,M,4705603.0,-88884.0,49
201100032856,11,1,5,1300,1,2,1,1.0,6.0,49328,M,4726629.0,-7540.0,49
201100032857,11,1,6,1810,3,2,6,2.0,3.0,49328,M,4727484.0,-6110.0,49
201100032858,11,1,14,1550,1,2,1,1.0,6.0,49328,M,4725340.0,-10962.0,49
201100032859,11,2,3,1640,1,2,1,1.0,2.0,49328,M,4724246.0,-2810.0,49
201100032860,11,2,7,1115,1,2,1,1.0,6.0,49328,M,4725602.0,-8727.0,49
201100032861,11,2,15,1700,1,2,2,8.0,3.0,49328,M,4727025.0,-6620.0,49
201100032862,11,2,16,1605,1,2,6,1.0,3.0,49328,M,4725905.0,-7265.0,49
201100032863,11,2,18,810,2,2,6,5.0,7.0,49328,M,4725989.0,-8900.0,49
201100032864,11,2,20,210,4,2,1,1.0,6.0,49328,M,4725427.0,-9124.0,49
201100032865,11,2,27,1055,1,2,1,1.0,3.0,49328,M,4726400.0,-5872.0,49
201100032866,11,3,3,1825,1,2,6,1.0,3.0,49328,M,4725309.0,-8039.0,49
201100032867,11,3,4,900,1,2,6,1.0,6.0,49328,M,4725905.0,-7264.0,49
201100032868,11,3,2,2350,3,1,1,1.0,1.0,49328,M,4724537.0,-7924.0,49
201100032869,11,3,5,2155,3,1,1,1.0,7.0,49328,M,4727109.0,-8423.0,49
201100032870,11,3,6,310,3,2,1,1.0,7.0,49328,M,4724379.0,-4849.0,49
201100032871,11,3,10,1620,1,2,1,1.0,7.0,49328,M,4724704.0,-8783.0,49
201100032872,11,3,12,1440,1,1,2,2.0,3.0,49328,M,4727219.0,-12787.0,49
201100032873,11,3,15,1715,1,1,1,1.0,2.0,49328,M,4727061.0,-8500.0,49
201100032874,11,3,15,1740,1,1,1,1.0,7.0,49328,M,4728212.0,-6977.0,49
201100032875,11,3,16,1635,1,2,3,1.0,3.0,49328,M,4725203.0,-8015.0,49
201100032876,11,3,18,1105,1,2,1,1.0,7.0,49328,M,4728255.0,-8809.0,49
201100032877,11,3,23,1410,1,2,1,1.0,7.0,49328,M,4724704.0,-6835.0,49
201100032878,11,3,26,620,2,1,1,1.0,7.0,49328,M,4725355.0,-10045.0,49
201100032879,11,3,26,1030,1,1,1,1.0,7.0,49328,M,4725744.0,-9808.0,49
201100032880,11,3,31,1100,1,1,1,2.0,7.0,49328,M,4724654.0,-5301.0,49
201100032881,11,3,31,1720,1,2,1,1.0,3.0,49328,M,4747279.0,-58236.0,49