Num_Acc,an,mois,jour,hrmn,lum,agg,int,atm,col,com,gps,lat,long,dep
201100032882,11,4,9,1920,1,2,1,1.0,2.0,49328,M,4726024.0,-7478.0,49
201100032883,11,4,12,2005,3,1,1,1.0,7.0,49328,M,4724140.0,-4588.0,49
201100032884,11,4,12,2325,3,2,1,1.0,7.0,49328,M,4726486.0,-8583.0,49
201100032885,11,4,14,1050,1,2,3,1.0,3.0,49328,M,4728026.0,-6823.0,49
201100032886,11,4,17,1940,1,2,2,1.0,3.0,49328,M,4726262.0,-7940.0,49
201100032887,11,4,18,1530,1,2,2,1.0,3.0,49328,M,4725155.0,-7742.0,49
201100032888,11,4,23,1845,1,2,1,1.0,7.0,49328,M,4725148.0,-9657.0,49
201100032889,11,4,26,2140,5,2,2,1.0,3.0,49328,M,4726281.0,-7965.0,49
201100032890,11,4,26,1755,1,1,1,1.0,7.0,49328,M,4724938.0,-4955.0,49
201100032891,11,4,29,715,1,2,7,1.0,3.0,49328,M,4725630.0,-7726.0,49
201100032892,11,5,1,1020,1,2,1,1.0,7.0,49328,M,4724747.0,-8439.0,49
201100032893,11,5,4,1825,1,2,2,1.0,3.0,49328,M,4726249.0,-7987.0,49
201100032894,11,5,12,1700,1,2,1,1.0,5.0,49328,M,4724999.0,-5243.0,49
201100032895,11,5,13,1825,1,2,1,1.0,3.0,49328,M,4725636.0,-7724.0,49
201100032896,11,5,19,1455,1,2,6,1.0,2.0,49328,M,4725365.0,-8550.0,49
201100032897,11,5,27,845,1,2,1,1.0,7.0,49328,M,4727739.0,-8215.0,49
201100032898,11,5,31,750,1,1,1,1.0,7.0,49328,M,4729707.0,-10417.0,49
201100032899,11,6,1,1755,1,2,1,1.0,2.0,49328,M,4725330.0,-8470.0,49
201100032900,11,6,3,2245,4,2,1,1.0,7.0,49328,M,4726465.0,-9790.0,49
201100032901,11,6,13,940,1,2,1,1.0,7.0,49328,M,4724859.0,-5467.0,49
201100032902,11,6,14,1630,1,1,1,1.0,7.0,49328,M,4724313.0,-6187.0,49
201100032903,11,6,16,735,1,2,1,1.0,3.0,49328,M,4726021.0,-8108.0,49
201100032904,11,6,16,1600,1,2,6,1.0,7.0,49328,M,4724696.0,-7713.0,49
201100032905,11,6,16,1700,1,2,1,1.0,2.0,49328,M,4725707.0,-6914.0,49
201100032906,11,6,18,750,1,2,6,2.0,7.0,49328,M,4726547.0,-7189.0,49
201100032907,11,6,25,935,1,2,1,1.0,6.0,49328,M,4726012.0,-8091.0,49
201100032908,11,6,25,1505,1,1,1,1.0,1.0,49328,M,4729252.0,-7116.0,49
201100032909,11,6,26,255,3,1,1,1.0,7.0,49328,M,4729252.0,-7116.0,49
201100032910,11,7,2,1105,1,2,1,1.0,2.0,49328,M,4727782.0,-6374.0,49
201100032911,11,7,2,1525,1,2,3,1.0,3.0,49328,M,4726462.0,-7047.0,49
201100032912,11,7,3,1120,1,2,1,1.0,7.0,49328,M,4725980.0,-7835.0,49
201100032913,11,7,3,1125,1,2,6,1.0,2.0,49328,M,4726717.0,-6988.0,49
201100032914,11,7,4,1815,1,2,1,1.0,5.0,49328,M,4725751.0,-7004.0,49
201100032915,11,7,4,1835,1,2,1,1.0,5.0,49328,M,4727131.0,-6510.0,49
201100032916,11,7,4,2140,1,2,2,1.0,3.0,49328,M,4726138.0,-7839.0,49
201100032917,11,7,5,1615,1,1,3,1.0,3.0,49328,M,4726777.0,-12454.0,49
201100032918,11,7,6,1520,1,2,1,1.0,7.0,49328,M,4724193.0,-7950.0,49
201100032919,11,7,6,1950,1,2,1,1.0,7.0,49328,M,4724765.0,-6789.0,49
201100032920,11,7,13,1450,1,2,6,1.0,3.0,49328,M,4725533.0,-7208.0,49
201100032921,11,7,17,1630,1,2,3,1.0,2.0,49328,M,4726373.0,-8110.0,49
201100032922,11,7,19,1415,1,1,1,2.0,7.0,49328,M,4727344.0,-11569.0,49
201100032923,11,7,20,1825,1,2,1,2.0,7.0,49328,M,4724962.0,-8620.0,49
201100032924,11,7,22,1635,1,2,1,1.0,2.0,49328,M,4725545.0,-8338.0,49
201100032925,11,7,23,1310,1,2,1,1.0,7.0,49328,M,4725836.0,-7159.0,49
201100032926,11,7,24,1100,1,2,1,1.0,7.0,49328,M,4727096.0,-8442.0,49
201100032927,11,7,27,100,3,2,1,1.0,7.0,49328,M,4724720.0,-7911.0,49
201100032928,11,7,28,1905,1,2,1,1.0,7.0,49328,M,4725458.0,-8078.0,49
201100032929,11,8,1,855,1,2,6,1.0,3.0,49328,M,4725368.0,-8555.0,49
201100032930,11,8,3,1740,1,2,1,1.0,2.0,49328,M,4725793.0,-7074.0,49
201100032931,11,8,5,1630,1,2,6,1.0,2.0,49328,M,4726278.0,-9028.0,49
201100032932,11,8,6,2125,4,2,2,1.0,3.0,49328,M,4726136.0,-7841.0,49
201100032933,11,8,10,1845,1,2,1,1.0,7.0,49328,M,4724926.0,-11005.0,49
201100032934,11,8,11,800,1,2,1,1.0,1.0,49328,M,4726256.0,-7890.0,49
201100032935,11,8,11,1635,1,2,1,1.0,7.0,49328,M,4726715.0,-8856.0,49
201100032936,11,8,14,1045,1,2,1,2.0,7.0,49328,M,4726762.0,-8639.0,49
201100032937,11,8,22,1105,1,2,1,1.0,2.0,49328,M,4724244.0,-2811.0,49
201100032938,11,9,1,1755,1,2,1,1.0,1.0,49328,M,4724442.0,-9607.0,49
201100032939,11,9,2,930,1,2,6,1.0,6.0,49328,M,4725359.0,-8522.0,49
201100032940,11,9,6,2355,5,2,1,1.0,6.0,49328,M,4726568.0,-8386.0,49
201100032941,11,9,7,1005,1,2,2,1.0,3.0,49328,M,4728090.0,-5410.0,49
201100032942,11,9,8,1345,1,2,3,1.0,1.0,49328,M,4724954.0,-7720.0,49
201100032943,11,9,12,755,1,2,6,1.0,7.0,49328,M,4726340.0,-9233.0,49
201100032944,11,9,17,1200,1,2,1,1.0,6.0,49328,M,4725313.0,-7988.0,49
201100032945,11,9,22,1455,1,2,1,1.0,7.0,49328,M,4726420.0,-5600.0,49
201100032946,11,9,27,1200,1,2,2,1.0,6.0,49328,M,4726119.0,-9865.0,49
201100032947,11,9,28,840,1,2,1,1.0,7.0,49328,M,4728849.0,-9072.0,49
201100032948,11,9,29,1210,1,2,3,1.0,6.0,49328,M,4725525.0,-8030.0,49
201100032949,11,9,30,825,1,1,1,1.0,3.0,49328,M,4724652.0,-7916.0,49
201100032950,11,9,30,1205,1,2,1,1.0,2.0,49328,M,4726154.0,-8971.0,49
201100032951,11,10,1,1705,1,2,6,1.0,6.0,49328,M,4725022.0,-7930.0,49
201100032952,11,10,1,25,3,2,1,1.0,6.0,49328,M,4728605.0,-4872.0,49
201100032953,11,10,17,1225,1,1,1,1.0,6.0,49328,M,4727059.0,-8502.0,49
201100032954,11,10,18,1735,1,2,2,2.0,7.0,49328,M,4725253.0,-7037.0,49
201100032955,11,10,20,1430,1,2,1,1.0,7.0,49328,M,4725601.0,-8656.0,49
201100032956,11,10,22,1120,1,2,6,1.0,6.0,49328,M,4725723.0,-8122.0,49
201100032957,11,10,24,2010,3,2,1,2.0,7.0,49328,M,4724985.0,-5214.0,49
201100032958,11,10,25,1450,1,1,1,1.0,7.0,49328,M,4728451.0,-6986.0,49
201100032959,11,10,29,2055,5,2,1,1.0,7.0,49328,M,4724632.0,-7797.0,49
201100032960,11,11,6,1415,1,2,1,1.0,7.0,49328,M,4726224.0,-7843.0,49
201100032961,11,11,10,1835,3,1,1,1.0,4.0,49328,M,4726204.0,-9610.0,49
201100032962,11,11,14,1245,1,2,3,1.0,1.0,49328,M,4724214.0,-6831.0,49
201100032963,11,11,14,850,1,2,2,1.0,6.0,49328,M,4725950.0,-8232.0,49
201100032964,11,11,14,1730,1,2,6,1.0,2.0,49328,M,4726269.0,-9037.0,49
201100032965,11,11,15,1830,5,2,2,1.0,3.0,49328,M,4726966.0,-6709.0,49
201100032966,11,11,21,1805,3,1,1,1.0,5.0,49328,M,4726995.0,-7505.0,49
201100032967,11,11,22,1220,1,2,2,1.0,3.0,49328,M,4725157.0,-7747.0,49
201100032968,11,11,25,900,1,2,6,1.0,3.0,49328,M,4726270.0,-9031.0,49
201100032969,11,11,26,1025,1,1,1,5.0,7.0,49328,M,4724689.0,-5399.0,49
201100032970,11,11,26,30,3,2,6,1.0,7.0,49328,M,4724659.0,-9347.0,49
201100032971,11,12,1,1215,1,2,6,2.0,6.0,49328,M,4726120.0,-9867.0,49
201100032972,11,12,2,1000,1,2,1,1.0,7.0,49328,M,4724489.0,-9409.0,49
201100032973,11,12,4,1935,5,2,1,2.0,7.0,49328,M,4726232.0,-7862.0,49
201100032974,11,12,15,745,2,2,2,2.0,6.0,49328,M,4725613.0,-7824.0,49
201100032975,11,12,15,2200,5,2,1,2.0,6.0,49328,M,4726827.0,-10435.0,49
201100032976,11,12,17,930,1,2,1,1.0,6.0,49328,M,4726925.0,-10368.0,49
201100032977,11,12,17,1115,1,2,1,1.0,7.0,49328,M,4726930.0,-6736.0,49
201100032978,11,12,17,2030,3,2,6,1.0,6.0,49328,M,4724993.0,-5274.0,49
201100032979,11,12,20,1450,1,2,1,1.0,6.0,49328,M,4727010.0,-6651.0,49
201100032980,11,12,22,1710,1,2,1,1.0,7.0,49328,M,4726883.0,-7091.0,49
201100032981,11,12,31,1815,5,2,1,2.0,6.0,50129,M,,,50
201100032982,11,1,2,1750,5,2,2,1.0,1.0,50129,M,,,50
201100032983,11,1,4,1600,1,2,1,1.0,4.0,50129,M,,,50
201100032984,11,1,5,1650,5,2,1,2.0,5.0,50173,M,,,50
201100032985,11,1,5,1945,5,2,3,1.0,7.0,50129,M,,,50
201100032986,11,1,6,725,5,2,1,2.0,3.0,50173,M,,,50
201100032987,11,1,6,805,5,2,3,2.0,3.0,50129,M,,,50
201100032988,11,1,12,1820,5,2,1,2.0,6.0,50173,M,,,50
201100032989,11,1,13,1815,5,2,3,2.0,7.0,50129,M,,,50
201100032990,11,1,15,2050,5,2,3,1.0,1.0,50173,M,,,50
201100032991,11,1,14,1525,1,2,3,3.0,3.0,50129,M,,,50
201100032992,11,1,17,2000,5,2,2,2.0,1.0,50129,M,,,50
201100032993,11,1,17,740,5,2,6,8.0,2.0,50173,M,,,50
201100032994,11,1,20,850,1,2,1,1.0,3.0,50602,M,,,50
201100032995,11,1,21,825,2,2,4,1.0,1.0,50129,M,,,50
201100032996,11,1,21,1800,5,2,1,1.0,6.0,50173,M,,,50
201100032997,11,1,24,1945,5,2,2,1.0,3.0,50602,M,,,50
201100032998,11,1,24,1840,5,2,3,1.0,3.0,50129,M,,,50
201100032999,11,1,30,1545,1,2,4,1.0,5.0,50129,M,,,50
201100033000,11,1,31,1315,1,2,1,1.0,6.0,50129,M,,,50
201100033001,11,1,31,1345,1,2,4,1.0,7.0,50602,M,,,50
201100033002,11,2,2,835,1,1,1,1.0,5.0,50602,M,,,50
201100033003,11,2,2,1215,1,2,3,1.0,3.0,50129,M,,,50
201100033004,11,2,3,205,5,2,1,2.0,6.0,50203,M,,,50
201100033005,11,2,3,1930,5,2,3,1.0,1.0,50173,M,,,50
201100033006,11,2,4,1915,5,2,2,1.0,1.0,50173,M,,,50
201100033007,11,2,8,1420,1,2,6,1.0,7.0,50203,M,,,50
201100033008,11,2,10,1815,5,2,1,3.0,1.0,50173,M,,,50
201100033009,11,2,14,1735,2,2,3,3.0,2.0,50129,M,,,50
201100033010,11,2,16,1800,1,2,2,1.0,2.0,50129,M,,,50
201100033011,11,2,18,2250,5,2,1,1.0,6.0,50129,M,,,50
201100033012,11,2,19,1015,1,2,2,1.0,7.0,50173,M,,,50
201100033013,11,2,23,1145,1,2,1,2.0,1.0,50173,M,,,50
201100033014,11,2,23,1200,1,2,1,2.0,4.0,50203,M,,,50
201100033015,11,3,1,1835,2,2,3,8.0,7.0,50129,M,,,50
201100033016,11,3,8,805,1,2,1,1.0,7.0,50129,M,,,50
201100033017,11,3,9,1710,1,2,1,1.0,7.0,50129,M,,,50
201100033018,11,3,12,2020,5,2,3,2.0,1.0,50129,M,,,50
201100033019,11,3,19,2215,5,2,1,1.0,2.0,50129,M,,,50
201100033020,11,3,22,1615,1,2,2,1.0,7.0,50203,M,,,50
201100033021,11,3,23,1400,1,2,1,1.0,2.0,50129,M,,,50
201100033022,11,3,25,1115,1,2,1,1.0,7.0,50129,M,,,50
201100033023,11,3,30,1813,1,2,1,2.0,6.0,50203,M,,,50
201100033024,11,3,30,1225,1,2,2,1.0,1.0,50129,M,,,50
201100033025,11,3,30,1810,1,2,1,3.0,4.0,50129,M,,,50
201100033026,11,3,31,940,1,2,6,2.0,7.0,50602,M,,,50
201100033027,11,3,31,1535,1,1,1,2.0,6.0,50602,M,,,50
201100033028,11,4,1,1830,1,2,3,1.0,7.0,50129,M,,,50
201100033029,11,4,4,1205,1,2,3,1.0,6.0,50602,M,,,50
201100033030,11,4,6,1545,1,2,3,1.0,2.0,50129,M,,,50
201100033031,11,4,7,755,1,2,1,1.0,5.0,50129,M,,,50
201100033032,11,4,9,1550,1,2,1,1.0,3.0,50129,M,,,50
201100033033,11,4,8,1330,1,2,1,1.0,6.0,50129,M,,,50
201100033034,11,4,11,948,1,2,3,1.0,6.0,50129,M,,,50
201100033035,11,4,12,1300,1,2,2,1.0,3.0,50129,M,,,50
201100033036,11,4,13,1624,1,2,1,2.0,6.0,50129,M,,,50
201100033037,11,4,13,1815,1,2,3,8.0,2.0,50129,M,,,50
201100033038,11,4,15,1615,1,2,1,1.0,1.0,50602,M,,,50
201100033039,11,4,19,800,1,2,1,1.0,6.0,50602,M,,,50
201100033040,11,4,21,825,1,2,1,1.0,6.0,50129,M,,,50
201100033041,11,4,30,640,3,2,1,5.0,6.0,50129,M,,,50
201100033042,11,5,1,1635,1,2,3,1.0,7.0,50602,M,,,50
201100033043,11,5,2,2040,2,2,1,1.0,6.0,50173,M,,,50
201100033044,11,5,5,1525,1,2,3,1.0,7.0,50173,M,,,50
201100033045,11,5,8,1920,1,2,4,1.0,3.0,50602,M,,,50
201100033046,11,5,11,1735,1,1,2,1.0,3.0,50129,M,,,50
201100033047,11,5,11,1830,1,2,2,1.0,3.0,50173,M,,,50
201100033048,11,5,13,500,2,2,2,1.0,3.0,50129,M,,,50
201100033049,11,5,13,1340,1,2,3,1.0,3.0,50203,M,,,50
201100033050,11,5,13,1845,1,2,1,1.0,2.0,50173,M,,,50
201100033051,11,5,14,1310,1,2,1,1.0,2.0,50129,M,,,50
201100033052,11,5,13,1635,1,2,1,1.0,7.0,50129,M,,,50
201100033053,11,5,14,1815,1,2,1,1.0,6.0,50173,M,,,50
201100033054,11,5,16,1840,1,2,3,1.0,3.0,50203,M,,,50
201100033055,11,5,18,820,1,2,2,1.0,1.0,50129,M,,,50
201100033056,11,5,18,1735,1,2,1,1.0,6.0,50173,M,,,50
201100033057,11,5,19,955,1,2,1,1.0,6.0,50129,M,,,50
201100033058,11,5,19,835,1,2,3,1.0,7.0,50129,M,,,50
201100033059,11,5,21,1315,1,2,3,1.0,3.0,50129,M,,,50
201100033060,11,5,21,2040,1,2,1,1.0,6.0,50129,M,,,50
201100033061,11,5,23,1205,1,2,3,1.0,7.0,50203,M,,,50
201100033062,11,5,24,1230,1,2,3,1.0,2.0,50129,M,,,50
201100033063,11,5,25,750,1,2,6,1.0,3.0,50129,M,,,50
201100033064,11,5,27,859,1,2,1,1.0,2.0,50129,M,,,50
201100033065,11,5,27,1330,1,2,2,1.0,7.0,50416,M,,,50
201100033066,11,5,27,1330,1,2,1,1.0,7.0,50602,M,,,50
201100033067,11,5,30,1620,1,2,1,2.0,6.0,50203,M,,,50
201100033068,11,6,2,1235,1,2,1,1.0,2.0,50173,M,,,50
201100033069,11,6,2,1657,1,2,1,1.0,5.0,50602,M,,,50
201100033070,11,6,2,1750,1,2,1,1.0,4.0,50173,M,,,50
201100033071,11,6,5,1225,1,2,1,2.0,7.0,50129,M,,,50
201100033072,11,6,5,2235,5,2,1,2.0,7.0,50129,M,,,50
201100033073,11,5,28,1800,1,2,1,1.0,1.0,50173,M,,,50
201100033074,11,6,10,1440,1,2,1,1.0,1.0,50129,M,,,50
201100033075,11,6,10,2115,1,2,1,2.0,7.0,50203,M,,,50
201100033076,11,6,12,615,1,1,1,8.0,6.0,50203,M,,,50
201100033077,11,6,13,1935,1,2,6,1.0,7.0,50602,M,,,50
201100033078,11,6,15,1400,1,2,1,1.0,6.0,50173,M,,,50
201100033079,11,6,16,1445,1,2,1,1.0,3.0,50129,M,,,50
201100033080,11,6,20,1645,1,2,1,2.0,6.0,50203,M,,,50
201100033081,11,6,27,445,5,2,2,1.0,3.0,50602,M,,,50
201100033082,11,6,27,1358,1,2,2,1.0,4.0,50203,M,,,50
201100033083,11,6,28,1435,1,2,2,1.0,3.0,50602,M,,,50
201100033084,11,6,29,1220,1,2,1,1.0,6.0,50173,M,,,50
201100033085,11,7,1,140,5,2,1,1.0,2.0,50602,M,,,50
201100033086,11,7,4,2320,3,1,1,1.0,3.0,50602,M,,,50
201100033087,11,7,1,1445,1,2,1,1.0,2.0,50173,M,,,50
201100033088,11,7,2,645,1,2,1,1.0,6.0,50203,M,,,50
201100033089,11,7,5,625,1,2,1,1.0,6.0,50129,M,,,50
201100033090,11,7,5,1415,1,2,1,1.0,6.0,50129,M,,,50
201100033091,11,7,6,800,1,2,1,2.0,6.0,50129,M,,,50
201100033092,11,7,6,1535,1,2,1,1.0,6.0,50602,M,,,50
201100033093,11,7,7,1310,1,2,1,3.0,6.0,50129,M,,,50
201100033094,11,7,13,1620,1,2,1,1.0,7.0,50602,M,,,50
201100033095,11,7,16,1615,1,2,2,2.0,3.0,50129,M,,,50
201100033096,11,7,19,1755,1,2,1,1.0,4.0,50173,M,,,50
201100033097,11,7,20,1500,1,2,6,2.0,7.0,50129,M,,,50
201100033098,11,7,20,2050,5,2,1,3.0,6.0,50129,M,,,50
201100033099,11,7,26,705,1,2,1,1.0,1.0,50203,M,,,50
201100033100,11,7,28,715,1,2,1,1.0,7.0,50129,M,,,50
201100033101,11,7,29,1720,1,2,1,1.0,2.0,50203,M,,,50
201100033102,11,7,30,2000,1,2,2,1.0,2.0,50129,M,,,50
201100033103,11,8,6,725,3,2,1,1.0,7.0,50203,M,,,50
201100033104,11,8,6,2200,5,2,2,1.0,7.0,50173,M,,,50
201100033105,11,8,12,1005,1,2,1,2.0,1.0,50129,M,,,50
201100033106,11,8,13,2055,2,2,6,2.0,7.0,50129,M,,,50
201100033107,11,8,15,50,5,2,6,1.0,7.0,50602,M,,,50
201100033108,11,8,19,1005,1,2,3,1.0,2.0,50129,M,,,50
201100033109,11,8,23,820,2,2,1,2.0,7.0,50203,M,,,50
201100033110,11,8,25,2035,2,2,3,2.0,3.0,50129,M,,,50
201100033111,11,8,31,1040,1,2,2,1.0,3.0,50129,M,,,50
201100033112,11,9,3,1220,1,2,1,1.0,6.0,50173,M,,,50
201100033113,11,9,6,1815,1,2,6,3.0,7.0,50129,M,,,50
201100033114,11,9,7,1000,1,2,1,1.0,6.0,50129,M,,,50
201100033115,11,9,7,1335,1,2,1,6.0,7.0,50602,M,,,50
201100033116,11,9,8,1705,1,2,2,2.0,1.0,50129,M,,,50
201100033117,11,9,9,820,1,2,1,1.0,6.0,50602,M,,,50
201100033118,11,9,10,2025,5,2,1,1.0,6.0,50203,M,,,50
201100033119,11,9,12,1835,1,2,2,1.0,3.0,50129,M,,,50
201100033120,11,9,17,1600,1,1,2,1.0,3.0,50203,M,,,50
201100033121,11,9,21,1006,1,2,6,2.0,7.0,50129,M,,,50
201100033122,11,9,22,800,1,2,1,1.0,6.0,50129,M,,,50
201100033123,11,9,22,1745,1,2,3,1.0,2.0,50602,M,,,50
201100033124,11,9,23,1350,1,2,1,1.0,3.0,50173,M,,,50
201100033125,11,9,25,755,1,2,1,1.0,7.0,50203,M,,,50
201100033126,11,9,30,815,1,2,1,1.0,6.0,50602,M,,,50
201100033127,11,10,2,1230,1,2,3,1.0,7.0,50173,M,,,50
201100033128,11,10,3,1715,1,2,1,1.0,6.0,50129,M,,,50
201100033129,11,10,10,730,3,2,3,2.0,2.0,50129,M,,,50
201100033130,11,10,12,1410,1,2,1,1.0,3.0,50129,M,,,50
201100033131,11,10,12,1550,1,2,1,1.0,7.0,50602,M,,,50
201100033132,11,10,14,2045,5,2,4,1.0,7.0,50203,M,,,50
201100033133,11,10,19,1845,2,2,1,1.0,3.0,50129,M,,,50
201100033134,11,10,19,2230,5,2,3,2.0,3.0,50129,M,,,50
201100033135,11,10,20,1710,1,2,4,1.0,7.0,50129,M,,,50
201100033136,11,10,21,2030,5,2,1,1.0,7.0,50203,M,,,50
201100033137,11,10,22,1440,1,2,3,1.0,3.0,50602,M,,,50
201100033138,11,10,24,1925,5,2,1,2.0,7.0,50203,M,,,50
201100033139,11,10,25,1250,1,2,3,1.0,2.0,50129,M,,,50
201100033140,11,10,28,1750,1,2,1,2.0,2.0,50129,M,,,50
201100033141,11,11,2,820,1,2,4,1.0,3.0,50203,M,,,50
201100033142,11,11,5,1350,1,2,1,1.0,6.0,50129,M,,,50
201100033143,11,11,7,1740,1,2,4,1.0,3.0,50602,M,,,50
201100033144,11,11,11,1500,1,2,1,1.0,7.0,50602,M,,,50
201100033145,11,11,16,1,5,2,1,1.0,7.0,50129,M,,,50
201100033146,11,11,16,1700,1,1,1,1.0,1.0,50602,M,,,50
201100033147,11,11,18,1645,1,1,1,1.0,2.0,50203,M,,,50
201100033148,11,11,22,1950,5,2,2,1.0,6.0,50129,M,,,50
201100033149,11,11,23,800,2,2,4,1.0,3.0,50129,M,,,50
201100033150,11,11,24,920,1,2,3,1.0,3.0,50173,M,,,50
201100033151,11,11,24,1100,1,2,2,1.0,7.0,50129,M,,,50
201100033152,11,11,28,1055,1,2,1,1.0,3.0,50602,M,,,50
201100033153,11,11,30,1910,5,2,1,1.0,4.0,50129,M,,,50
201100033154,11,12,1,800,5,2,3,3.0,6.0,50129,M,,,50
201100033155,11,12,6,755,5,2,7,1.0,3.0,50129,M,,,50
201100033156,11,12,7,1115,1,2,1,8.0,1.0,50602,M,,,50
201100033157,11,12,8,2110,5,2,1,3.0,7.0,50129,M,,,50
201100033158,11,12,9,1205,1,2,1,1.0,7.0,50129,M,,,50
201100033159,11,12,10,855,1,2,2,1.0,2.0,50129,M,,,50
201100033160,11,12,12,1840,5,2,2,2.0,1.0,50602,M,,,50
201100033161,11,12,13,1130,1,2,2,7.0,6.0,50602,M,,,50
201100033162,11,12,13,1155,1,2,2,1.0,3.0,50602,M,,,50
201100033163,11,12,14,750,5,2,2,1.0,7.0,50173,M,,,50
201100033164,11,12,15,1535,1,2,1,1.0,2.0,50173,M,,,50
201100033165,11,12,16,1130,1,1,1,4.0,6.0,50173,M,,,50
201100033166,11,12,17,1420,1,2,1,1.0,6.0,50129,M,,,50
201100033167,11,12,18,905,1,2,1,1.0,6.0,50129,M,,,50
201100033168,11,12,18,1218,1,2,1,1.0,4.0,50129,M,,,50
201100033169,11,12,20,1535,1,2,1,1.0,2.0,50129,M,,,50
201100033170,11,12,20,1605,1,2,4,1.0,2.0,50129,M,,,50
201100033171,11,12,20,1800,5,2,2,1.0,1.0,50602,M,,,50
201100033172,11,12,21,1755,5,2,2,1.0,3.0,50602,M,,,50
201100033173,11,12,22,610,5,1,1,1.0,6.0,50129,M,,,50
201100033174,11,12,23,2350,5,2,1,6.0,7.0,50129,M,,,50
201100033175,11,12,24,510,5,2,1,1.0,7.0,50173,M,,,50
201100033176,11,12,25,2050,5,2,6,2.0,3.0,50129,M,,,50
201100033177,11,12,26,1810,5,2,1,1.0,3.0,50602,M,,,50
201100033178,11,1,29,1429,1,2,6,1.0,3.0,50147,M,,,50
201100033179,11,1,31,915,1,1,7,9.0,7.0,50147,M,,,50
201100033180,11,2,26,1140,1,2,3,8.0,3.0,50147,M,,,50
201100033181,11,3,19,1755,1,1,1,1.0,5.0,50147,M,,,50
201100033182,11,4,9,730,2,1,1,1.0,1.0,50147,M,4905858.0,0.0,50
201100033183,11,5,8,510,5,1,6,2.0,6.0,50147,M,,,50
201100033184,11,5,11,1516,1,1,9,1.0,2.0,50147,M,,,50
201100033185,11,6,3,1205,1,2,1,1.0,2.0,50147,M,,,50
201100033186,11,6,10,1745,1,1,3,1.0,3.0,50147,M,,,50
201100033187,11,6,16,905,1,1,1,2.0,7.0,50147,M,,,50
201100033188,11,6,27,1600,1,1,9,1.0,6.0,50147,M,,,50
201100033189,11,9,4,1135,1,1,1,1.0,3.0,50147,M,,,50
201100033190,11,9,5,1805,1,2,1,1.0,5.0,50147,M,,,50
201100033191,11,9,6,1430,1,2,1,3.0,6.0,50147,M,,,50
201100033192,11,9,6,1630,1,2,3,3.0,1.0,50147,M,,,50
201100033193,11,9,7,1025,1,2,1,1.0,6.0,50147,M,,,50
201100033194,11,10,13,755,5,2,1,2.0,6.0,50147,M,,,50
201100033195,11,10,19,1740,1,2,1,1.0,6.0,50147,M,,,50
201100033196,11,11,19,1850,3,1,3,1.0,3.0,50147,M,,,50
201100033197,11,11,7,1400,1,2,1,2.0,7.0,50147,M,,,50
201100033198,11,12,18,1738,4,2,1,3.0,2.0,50147,M,,,50
201100033199,11,12,16,1210,1,2,1,8.0,3.0,50147,M,,,50
201100033200,11,12,22,2300,3,1,1,8.0,7.0,50537,M,,,50
201100033201,11,1,6,750,5,2,6,2.0,3.0,50218,M,,,50
201100033202,11,1,6,830,5,2,1,2.0,6.0,50165,M,,,50
201100033203,11,1,14,1640,1,2,1,1.0,6.0,50218,M,,,50
201100033204,11,1,16,920,2,2,1,1.0,6.0,50218,M,,,50
201100033205,11,1,26,1855,5,2,3,2.0,3.0,50532,M,,,50
201100033206,11,1,28,1550,1,2,1,1.0,6.0,50218,M,,,50
201100033207,11,2,3,1725,1,2,1,1.0,6.0,50218,M,,,50
201100033208,11,2,6,1818,5,1,1,1.0,3.0,50532,M,,,50
201100033209,11,2,16,1015,1,2,1,1.0,7.0,50218,M,,,50
201100033210,11,2,18,1745,1,2,1,1.0,6.0,50218,M,,,50
201100033211,11,3,11,1055,1,1,1,1.0,7.0,50532,M,,,50
201100033212,11,3,15,1400,1,2,1,1.0,7.0,50218,M,,,50
201100033213,11,3,30,1334,1,2,2,2.0,3.0,50218,M,,,50
201100033214,11,4,15,1230,1,2,6,1.0,3.0,50218,M,,,50
201100033215,11,4,19,1900,1,1,1,1.0,6.0,50218,M,,,50
201100033216,11,4,28,855,1,1,1,1.0,4.0,50532,M,,,50
201100033217,11,5,2,1005,1,1,1,1.0,2.0,50218,M,,,50
201100033218,11,5,8,1920,1,2,1,1.0,7.0,50218,M,,,50
201100033219,11,5,14,1755,1,2,1,1.0,7.0,50218,M,,,50
201100033220,11,5,16,1935,1,1,3,1.0,3.0,50532,M,,,50
201100033221,11,6,7,1515,1,2,1,1.0,7.0,50218,M,,,50
201100033222,11,6,8,750,1,1,6,1.0,2.0,50532,M,,,50
201100033223,11,6,29,1945,1,2,1,1.0,2.0,50218,M,,,50
201100033224,11,7,10,400,5,2,4,1.0,6.0,50218,M,,,50
201100033225,11,7,15,5,5,2,1,1.0,6.0,50218,M,,,50
201100033226,11,7,20,1220,1,2,1,3.0,2.0,50218,M,,,50
201100033227,11,7,21,1350,1,2,1,1.0,6.0,50218,M,,,50
201100033228,11,7,24,440,3,1,1,1.0,6.0,50218,M,,,50
201100033229,11,7,28,1220,1,2,1,1.0,2.0,50218,M,,,50
201100033230,11,8,1,1510,1,2,2,1.0,3.0,50532,M,,,50
201100033231,11,8,3,1650,1,1,1,1.0,6.0,50532,M,,,50
201100033232,11,8,4,1705,1,2,1,1.0,3.0,50165,M,,,50
201100033233,11,8,5,1600,1,2,1,1.0,3.0,50218,M,,,50
201100033234,11,8,9,1745,1,1,1,1.0,3.0,50532,M,,,50
201100033235,11,8,10,1905,1,2,1,1.0,6.0,50165,M,,,50
201100033236,11,8,12,1744,1,2,1,2.0,3.0,50218,M,,,50