Num_Acc,an,mois,jour,hrmn,lum,agg,int,atm,col,com,gps,lat,long,dep
201100033237,11,8,21,1035,1,1,4,1.0,3.0,50532,M,,,50
201100033238,11,8,25,1305,1,2,1,1.0,6.0,50218,M,,,50
201100033239,11,9,9,1210,1,2,1,8.0,1.0,50532,M,,,50
201100033240,11,9,10,1735,1,2,1,1.0,7.0,50218,M,,,50
201100033241,11,9,15,1940,1,1,1,1.0,7.0,50218,M,,,50
201100033242,11,9,22,1105,1,2,1,8.0,2.0,50218,M,,,50
201100033243,11,9,23,46,5,2,1,1.0,6.0,50218,M,,,50
201100033244,11,9,29,910,2,1,1,1.0,6.0,50532,M,,,50
201100033245,11,9,30,825,2,2,8,1.0,6.0,50218,M,,,50
201100033246,11,10,3,1815,1,2,1,1.0,7.0,50218,M,,,50
201100033247,11,10,9,135,5,2,1,2.0,6.0,50532,M,,,50
201100033248,11,10,9,1135,1,2,6,1.0,3.0,50532,M,,,50
201100033249,11,10,12,1750,1,2,9,1.0,6.0,50218,M,,,50
201100033250,11,10,14,1850,1,2,1,1.0,4.0,50218,M,,,50
201100033251,11,11,3,1910,5,2,1,1.0,6.0,50218,M,,,50
201100033252,11,11,27,1855,5,2,1,1.0,3.0,50218,M,,,50
201100033253,11,12,3,1750,5,2,1,3.0,6.0,50218,M,,,50
201100033254,11,12,21,1730,5,2,1,2.0,1.0,50218,M,,,50
201100033255,11,12,22,1740,4,2,1,1.0,6.0,50218,M,,,50
201100033256,11,12,30,1911,5,2,1,2.0,6.0,50218,M,,,50
201100033257,11,1,28,800,5,2,1,1.0,6.0,50502,M,,,50
201100033258,11,1,29,1145,1,2,1,1.0,6.0,50502,M,,,50
201100033259,11,1,28,1550,1,2,4,1.0,5.0,50502,M,,,50
201100033260,11,2,16,752,5,2,1,1.0,6.0,50502,M,,,50
201100033261,11,2,18,840,1,2,1,1.0,6.0,50502,M,,,50
201100033262,11,3,5,1330,1,1,1,1.0,6.0,50502,M,,,50
201100033263,11,3,18,1125,1,2,1,1.0,7.0,50502,M,,,50
201100033264,11,4,14,2315,5,2,1,1.0,6.0,50502,M,,,50
201100033265,11,4,14,1155,1,2,1,1.0,6.0,50502,M,,,50
201100033266,11,4,16,315,5,2,1,1.0,7.0,50502,M,,,50
201100033267,11,4,20,1150,1,2,7,1.0,3.0,50502,M,,,50
201100033268,11,5,7,855,1,1,1,1.0,3.0,50475,M,,,50
201100033269,11,5,8,1950,1,2,1,1.0,6.0,50502,M,,,50
201100033270,11,5,22,1800,1,2,9,1.0,6.0,50502,M,,,50
201100033271,11,5,31,1210,1,2,1,1.0,2.0,50502,M,,,50
201100033272,11,6,9,650,1,1,1,1.0,7.0,50502,M,,,50
201100033273,11,6,3,2205,3,1,1,1.0,6.0,50502,M,,,50
201100033274,11,6,27,1645,1,2,1,1.0,6.0,50502,M,,,50
201100033275,11,6,29,1800,1,2,9,1.0,3.0,50502,M,,,50
201100033276,11,7,5,1710,1,2,1,2.0,1.0,50502,M,,,50
201100033277,11,7,6,1805,1,2,7,1.0,7.0,50502,M,,,50
201100033278,11,7,22,1930,1,2,3,1.0,3.0,50502,M,,,50
201100033279,11,7,29,1545,1,2,1,1.0,6.0,50502,M,,,50
201100033280,11,8,10,1800,1,2,1,1.0,3.0,50002,M,,,50
201100033281,11,8,18,1300,1,1,1,1.0,7.0,50502,M,,,50
201100033282,11,9,2,1057,1,2,1,1.0,6.0,50502,M,,,50
201100033283,11,9,6,1540,1,2,1,3.0,2.0,50502,M,,,50
201100033284,11,9,7,1720,1,2,1,1.0,6.0,50502,M,,,50
201100033285,11,9,9,845,1,1,1,1.0,7.0,50502,M,,,50
201100033286,11,9,10,1305,1,2,1,1.0,3.0,50502,M,,,50
201100033287,11,9,17,1500,1,1,1,2.0,7.0,50002,M,,,50
201100033288,11,9,23,1750,1,2,1,1.0,7.0,50502,M,,,50
201100033289,11,9,23,1835,1,1,1,7.0,7.0,50002,M,,,50
201100033290,11,9,26,1650,1,2,1,1.0,6.0,50502,M,,,50
201100033291,11,10,11,1445,1,2,1,2.0,2.0,50502,M,,,50
201100033292,11,10,14,745,5,2,1,1.0,7.0,50502,M,,,50
201100033293,11,10,14,1815,1,2,1,1.0,4.0,50502,M,,,50
201100033294,11,10,17,1455,1,2,2,1.0,3.0,50502,M,,,50
201100033295,11,11,1,1125,1,2,1,1.0,7.0,50502,M,,,50
201100033296,11,11,16,1450,1,2,1,1.0,6.0,50502,M,,,50
201100033297,11,11,25,1305,1,2,1,1.0,6.0,50502,M,,,50
201100033298,11,11,28,1650,2,2,1,1.0,3.0,50502,M,,,50
201100033299,11,11,29,2352,3,1,1,8.0,7.0,50502,M,,,50
201100033300,11,12,29,1010,1,2,9,2.0,6.0,50502,M,,,50
201100033301,11,1,31,2255,3,2,2,1.0,3.0,51108,M,,,51
201100033302,11,3,1,1620,1,2,1,1.0,6.0,51108,M,,,51
201100033303,11,3,25,1345,1,2,1,1.0,6.0,51108,M,,,51
201100033304,11,4,6,1935,1,2,1,1.0,6.0,51108,M,,,51
201100033305,11,4,9,1953,1,1,1,1.0,6.0,51483,M,,,51
201100033306,11,5,2,1530,1,2,6,1.0,3.0,51504,M,,,51
201100033307,11,5,12,1420,1,1,1,1.0,1.0,51231,M,,,51
201100033308,11,5,19,2040,1,2,1,1.0,6.0,51108,M,,,51
201100033309,11,6,16,125,5,2,1,1.0,7.0,51108,M,,,51
201100033310,11,6,16,1250,1,2,1,1.0,3.0,51108,M,,,51
201100033311,11,7,7,1215,1,2,1,1.0,3.0,51108,M,,,51
201100033312,11,7,25,1220,1,2,2,1.0,6.0,51504,M,,,51
201100033313,11,7,30,1020,1,2,2,1.0,3.0,51108,M,0.0,0.0,51
201100033314,11,8,4,1615,1,1,1,1.0,2.0,51160,M,,,51
201100033315,11,8,24,740,1,2,6,1.0,2.0,51504,M,,,51
201100033316,11,8,25,1604,1,2,1,1.0,6.0,51108,M,4896411.0,436647.0,51
201100033317,11,9,2,2135,5,2,6,1.0,6.0,51108,M,,,51
201100033318,11,9,4,929,1,2,6,2.0,3.0,51525,M,,,51
201100033319,11,9,10,245,5,2,1,1.0,6.0,51108,M,,,51
201100033320,11,9,13,1752,1,2,1,1.0,3.0,51108,M,4897559.0,435750.0,51
201100033321,11,9,19,145,5,2,1,1.0,6.0,51108,M,4894737.0,435309.0,51
201100033322,11,9,24,1725,1,2,3,1.0,3.0,51108,M,,,51
201100033323,11,9,26,936,1,2,2,1.0,3.0,51506,M,,,51
201100033324,11,10,1,2156,5,2,1,1.0,7.0,51108,M,4894508.0,438176.0,51
201100033325,11,10,1,2313,3,2,1,1.0,7.0,51108,M,4894922.0,436333.0,51
201100033326,11,10,3,1115,1,2,1,1.0,6.0,51108,M,4894613.0,437427.0,51
201100033327,11,11,7,1715,5,2,3,1.0,2.0,51108,M,4895826.0,435434.0,51
201100033328,11,11,14,1540,1,2,3,7.0,3.0,51108,M,4897128.0,436849.0,51
201100033329,11,11,27,2140,5,2,2,1.0,3.0,51108,M,4895851.0,436203.0,51
201100033330,11,12,1,1015,1,1,1,8.0,6.0,51108,M,4894219.0,439783.0,51
201100033331,11,12,17,900,1,2,1,1.0,1.0,51108,M,4895902.0,435815.0,51
201100033332,11,1,31,720,3,1,1,8.0,2.0,51344,M,,,51
201100033333,11,7,22,1815,1,2,1,2.0,6.0,51230,M,,,51
201100033334,11,8,29,1700,1,1,2,1.0,2.0,51202,M,,,51
201100033335,11,9,21,1635,1,2,7,1.0,3.0,51230,M,,,51
201100033336,11,9,28,1730,1,2,2,1.0,3.0,51230,M,,,51
201100033337,11,11,22,1525,1,2,1,1.0,6.0,51230,M,4904338.0,395840.0,51
201100033338,11,12,12,1820,5,2,3,8.0,5.0,51431,M,4902408.0,394363.0,51
201100033339,11,1,2,1740,5,2,3,1.0,3.0,51454,M,,,51
201100033340,11,1,6,800,5,2,3,2.0,3.0,51454,M,,,51
201100033341,11,1,8,1345,1,2,3,1.0,2.0,51454,M,,,51
201100033342,11,1,11,1608,1,2,1,8.0,6.0,51454,M,,,51
201100033343,11,1,17,1225,1,2,2,1.0,3.0,51454,M,,,51
201100033344,11,1,20,1820,5,2,3,1.0,5.0,51454,M,,,51
201100033345,11,1,31,1006,1,2,6,1.0,3.0,51454,M,,,51
201100033346,11,2,7,1140,1,2,1,1.0,3.0,51454,M,,,51
201100033347,11,2,8,755,2,2,1,2.0,3.0,51454,M,,,51
201100033348,11,2,11,1550,1,2,2,1.0,6.0,51454,M,4925145.0,402770.0,51
201100033349,11,2,13,1720,1,2,2,1.0,2.0,51454,M,,,51
201100033350,11,2,16,1910,5,2,1,1.0,6.0,51454,M,,,51
201100033351,11,2,21,830,1,2,2,1.0,1.0,51454,M,,,51
201100033352,11,2,22,1945,5,2,1,1.0,3.0,51454,M,,,51
201100033353,11,3,1,1325,1,2,1,1.0,3.0,51454,M,,,51
201100033354,11,3,3,1330,1,2,1,1.0,6.0,51454,M,,,51
201100033355,11,3,5,1640,1,1,1,1.0,3.0,51454,M,,,51
201100033356,11,3,6,355,5,2,1,1.0,6.0,51454,M,,,51
201100033357,11,3,6,1645,1,2,2,1.0,1.0,51454,M,,,51
201100033358,11,3,8,1800,1,2,2,1.0,3.0,51454,M,,,51
201100033359,11,3,10,2215,5,1,1,1.0,6.0,51454,M,,,51
201100033360,11,3,14,1855,2,2,3,1.0,3.0,51454,M,,,51
201100033361,11,3,17,907,1,2,2,1.0,1.0,51454,M,,,51
201100033362,11,3,17,1640,1,2,1,8.0,6.0,51454,M,,,51
201100033363,11,3,19,1105,1,2,2,1.0,3.0,51454,M,,,51
201100033364,11,4,2,1410,1,1,1,1.0,7.0,51055,M,,,51
201100033365,11,4,2,1850,1,2,1,1.0,7.0,51454,M,,,51
201100033366,11,4,2,2113,5,2,2,1.0,1.0,51454,M,,,51
201100033367,11,4,8,1900,1,2,1,1.0,6.0,51454,M,,,51
201100033368,11,4,9,216,5,2,5,1.0,2.0,51454,M,,,51
201100033369,11,4,9,1500,1,2,2,1.0,3.0,51454,M,,,51
201100033370,11,4,10,950,1,2,6,1.0,3.0,51172,M,,,51
201100033371,11,4,12,545,3,1,1,1.0,2.0,51454,M,,,51
201100033372,11,4,14,1135,1,2,1,1.0,6.0,51454,M,,,51
201100033373,11,4,16,1700,1,2,3,7.0,1.0,51454,M,,,51
201100033374,11,4,17,940,1,2,1,1.0,2.0,51454,M,,,51
201100033375,11,4,17,1450,1,2,6,1.0,3.0,51573,M,,,51
201100033376,11,4,19,820,1,2,3,1.0,6.0,51454,M,,,51
201100033377,11,4,22,715,1,2,2,1.0,3.0,51454,M,,,51
201100033378,11,4,23,1000,1,2,6,1.0,6.0,51454,M,,,51
201100033379,11,4,23,1950,1,2,1,1.0,6.0,51454,M,,,51
201100033380,11,4,27,1320,1,2,2,1.0,3.0,51454,M,,,51
201100033381,11,5,5,1925,1,2,1,1.0,3.0,51454,M,,,51
201100033382,11,5,8,1030,1,2,1,1.0,6.0,51454,M,,,51
201100033383,11,5,11,930,1,2,1,1.0,2.0,51454,M,,,51
201100033384,11,5,14,1050,1,2,1,1.0,3.0,51454,M,,,51
201100033385,11,5,21,1830,1,2,1,1.0,1.0,51454,M,,,51
201100033386,11,6,1,1920,1,2,6,1.0,6.0,51055,M,,,51
201100033387,11,6,3,1130,1,2,2,1.0,3.0,51454,M,,,51
201100033388,11,6,4,2015,1,2,1,1.0,6.0,51454,M,,,51
201100033389,11,6,8,1750,1,2,3,1.0,3.0,51454,M,,,51
201100033390,11,6,12,700,1,2,4,1.0,6.0,51454,M,,,51
201100033391,11,6,11,1330,1,2,1,1.0,2.0,51474,M,4927884.0,400456.0,51
201100033392,11,6,16,1740,1,2,1,1.0,6.0,51454,M,,,51
201100033393,11,6,17,850,1,2,3,1.0,3.0,51454,M,,,51
201100033394,11,6,30,1540,1,2,1,1.0,6.0,51454,M,,,51
201100033395,11,7,1,1220,1,2,1,1.0,6.0,51454,M,,,51
201100033396,11,7,2,1145,1,2,1,1.0,6.0,51454,M,,,51
201100033397,11,7,5,745,1,2,1,1.0,6.0,51454,M,,,51
201100033398,11,7,7,920,1,2,1,1.0,4.0,51454,M,4926752.0,406660.0,51
201100033399,11,7,10,1620,1,2,6,8.0,3.0,51454,M,4923391.0,399890.0,51
201100033400,11,7,25,1500,1,2,1,1.0,6.0,51454,M,,,51
201100033401,11,8,1,1911,1,2,1,1.0,6.0,51573,M,,,51
201100033402,11,8,2,1815,1,2,1,1.0,6.0,51454,M,,,51
201100033403,11,8,8,1400,1,2,1,8.0,6.0,51454,M,,,51
201100033404,11,9,4,1,4,2,3,1.0,6.0,51454,M,4923378.0,406116.0,51
201100033405,11,9,8,1315,1,2,1,1.0,6.0,51474,M,4926625.0,399001.0,51
201100033406,11,9,12,1245,1,2,3,1.0,6.0,51454,M,4924194.0,404104.0,51
201100033407,11,9,15,2235,4,2,1,1.0,6.0,51454,M,4925238.0,403715.0,51
201100033408,11,9,16,2027,5,2,2,1.0,3.0,51454,M,4926516.0,406020.0,51
201100033409,11,9,19,1504,1,2,2,1.0,6.0,51172,M,4922291.0,405228.0,51
201100033410,11,9,22,615,5,2,1,1.0,6.0,51454,M,4926698.0,401631.0,51
201100033411,11,9,23,825,1,2,1,1.0,6.0,51454,M,4922048.0,402173.0,51
201100033412,11,9,29,1610,1,2,6,1.0,2.0,51454,M,4922047.0,402148.0,51
201100033413,11,10,1,840,1,2,2,1.0,1.0,51454,M,4925255.0,405787.0,51
201100033414,11,10,7,855,1,2,1,1.0,6.0,51454,M,4925978.0,405526.0,51
201100033415,11,10,7,1200,1,2,1,1.0,5.0,51172,M,4921630.0,405335.0,51
201100033416,11,10,8,1500,1,2,1,1.0,6.0,51454,M,4925536.0,403153.0,51
201100033417,11,10,16,2010,5,2,1,1.0,6.0,51573,M,4924879.0,398676.0,51
201100033418,11,10,20,750,1,2,1,1.0,6.0,51454,M,4925280.0,403142.0,51
201100033419,11,10,28,1605,1,2,1,1.0,6.0,51454,M,4926025.0,404049.0,51
201100033420,11,11,4,950,1,2,6,1.0,6.0,51454,M,4925719.0,403874.0,51
201100033421,11,11,7,1837,5,2,1,2.0,6.0,51454,M,4926367.0,404449.0,51
201100033422,11,11,19,1650,1,2,3,1.0,3.0,51454,M,4923565.0,405286.0,51
201100033423,11,11,22,1910,5,2,3,1.0,3.0,51454,M,4924918.0,401658.0,51
201100033424,11,11,27,2115,5,2,1,1.0,6.0,51454,M,4923872.0,400601.0,51
201100033425,11,11,28,1345,1,2,1,1.0,4.0,51454,M,4923350.0,403910.0,51
201100033426,11,11,28,2110,5,2,2,1.0,1.0,51454,M,4925145.0,404195.0,51
201100033427,11,11,29,755,2,2,3,1.0,3.0,51055,M,4927001.0,404897.0,51
201100033428,11,12,5,1810,5,2,6,3.0,6.0,51454,M,4926654.0,404546.0,51
201100033429,11,12,5,1730,5,2,1,3.0,6.0,51454,M,4925058.0,406527.0,51
201100033430,11,12,5,1025,1,2,1,1.0,6.0,51454,M,4926483.0,402671.0,51
201100033431,11,12,17,1300,1,2,6,1.0,6.0,51454,M,4928657.0,402723.0,51
201100033432,11,12,29,1800,5,2,1,1.0,6.0,51454,M,4923470.0,400728.0,51
201100033433,11,12,30,1020,1,2,1,1.0,6.0,51454,M,4923881.0,400218.0,51
201100033434,11,3,18,1115,1,2,1,1.0,6.0,52121,M,,,52
201100033435,11,4,6,1045,1,2,1,1.0,4.0,52121,M,4811316.0,514399.0,52
201100033436,11,7,11,1425,1,1,1,1.0,6.0,52121,M,4811094.0,513446.0,52
201100033437,11,7,29,2305,3,2,1,1.0,6.0,52125,M,4810660.0,516301.0,52
201100033438,11,1,20,1335,1,1,2,1.0,3.0,52121,M,,,52
201100033439,11,2,3,1345,1,1,2,2.0,3.0,52121,M,,,52
201100033440,11,2,6,325,4,2,3,1.0,6.0,52125,M,,,52
201100033441,11,3,1,1435,1,1,1,1.0,6.0,52121,M,,,52
201100033442,11,3,7,100,3,1,6,1.0,7.0,52121,M,,,52
201100033443,11,3,18,1530,1,2,3,1.0,1.0,52121,M,,,52
201100033444,11,3,23,1735,1,2,1,1.0,6.0,52121,M,,,52
201100033445,11,3,28,1800,1,2,3,1.0,6.0,52121,M,,,52
201100033446,11,4,8,1925,1,2,1,1.0,6.0,52121,M,,,52
201100033447,11,4,22,2140,5,2,1,1.0,6.0,52121,M,4809825.0,513438.0,52
201100033448,11,5,17,1735,1,1,1,1.0,2.0,52121,M,4811199.0,511903.0,52
201100033449,11,5,22,1610,1,2,2,1.0,2.0,52121,M,4810566.0,514699.0,52
201100033450,11,6,14,1620,1,2,3,1.0,6.0,52121,M,4811105.0,513982.0,52
201100033451,11,6,22,1755,1,2,1,2.0,6.0,52121,M,4812365.0,514840.0,52
201100033452,11,6,23,1155,1,2,1,1.0,2.0,52121,M,4809604.0,514544.0,52
201100033453,11,8,5,1800,1,1,3,1.0,5.0,52121,M,4811577.0,511931.0,52
201100033454,11,8,24,1800,1,2,3,1.0,6.0,52121,M,4810817.0,514601.0,52
201100033455,11,9,3,950,1,2,3,1.0,6.0,52121,M,4809760.0,513597.0,52
201100033456,11,9,25,1645,1,1,3,1.0,6.0,52121,M,4811097.0,510243.0,52
201100033457,11,9,28,1325,1,1,3,1.0,4.0,52121,M,4811038.0,511754.0,52
201100033458,11,9,29,1800,1,2,3,1.0,3.0,52121,M,4812228.0,514495.0,52
201100033459,11,10,1,1630,1,1,2,1.0,3.0,52121,M,4812012.0,512934.0,52
201100033460,11,10,6,1743,1,1,3,2.0,1.0,52121,M,4811577.0,511931.0,52
201100033461,11,10,15,2044,5,2,6,1.0,7.0,52121,M,4808545.0,513783.0,52
201100033462,11,10,24,1210,1,2,1,1.0,6.0,52121,M,4809781.0,514658.0,52
201100033463,11,10,29,1540,1,2,1,1.0,6.0,52121,M,4810265.0,515853.0,52
201100033464,11,12,9,815,5,2,1,2.0,6.0,52121,M,4809070.0,514542.0,52
201100033465,11,12,28,1250,1,1,1,1.0,7.0,52121,M,4807152.0,514655.0,52
201100033466,11,1,13,1820,5,2,1,2.0,6.0,52448,M,,,52
201100033467,11,1,30,1845,5,2,1,1.0,3.0,52448,M,,,52
201100033468,11,2,2,1020,1,1,1,9.0,2.0,52448,M,,,52
201100033469,11,2,17,822,1,2,3,1.0,3.0,52448,M,,,52
201100033470,11,3,29,1330,1,2,2,1.0,3.0,52448,M,,,52
201100033471,11,4,14,1700,1,2,1,1.0,6.0,52448,M,,,52
201100033472,11,4,15,1255,1,2,1,1.0,1.0,52448,M,,,52
201100033473,11,4,27,800,1,2,1,1.0,4.0,52448,M,4863760.0,493520.0,52
201100033474,11,5,7,2030,1,2,1,1.0,6.0,52104,M,4866826.0,498609.0,52
201100033475,11,5,15,1935,1,2,1,1.0,6.0,52534,M,4866981.0,489435.0,52
201100033476,11,5,18,1640,1,2,1,1.0,6.0,52448,M,4864433.0,496846.0,52
201100033477,11,7,27,1930,1,2,1,1.0,6.0,52448,M,4863773.0,493652.0,52
201100033478,11,8,10,830,1,1,1,1.0,6.0,52448,M,4863718.0,494760.0,52
201100033479,11,8,12,1630,1,2,1,1.0,3.0,52534,M,4866624.0,489629.0,52
201100033480,11,8,20,845,1,2,1,1.0,6.0,52448,M,4863712.0,494826.0,52
201100033481,11,8,30,935,1,2,6,1.0,6.0,52534,M,4866634.0,490077.0,52
201100033482,11,9,26,1710,1,2,1,1.0,7.0,52448,M,4862534.0,498579.0,52
201100033483,11,9,26,1725,1,2,1,1.0,1.0,52448,M,4864433.0,495380.0,52
201100033484,11,9,29,1130,1,2,1,7.0,6.0,52448,M,,,52
201100033485,11,11,28,1110,1,2,1,1.0,6.0,52448,M,4864280.0,497601.0,52
201100033486,11,12,7,2125,5,2,1,1.0,7.0,52448,M,4863783.0,493326.0,52
201100033487,11,12,16,1705,5,2,1,3.0,6.0,52448,M,4864123.0,491722.0,52
201100033488,11,1,1,940,1,2,1,5.0,6.0,53130,M,4805903.0,-76308.0,53
201100033489,11,1,4,1725,5,2,2,1.0,6.0,53130,M,4807072.0,-77600.0,53
201100033490,11,1,7,830,2,2,1,3.0,6.0,53130,M,4806466.0,-77742.0,53
201100033491,11,1,11,1830,5,1,1,2.0,6.0,53130,M,4808148.0,-79515.0,53
201100033492,11,2,10,1210,1,2,3,1.0,2.0,53130,M,4805837.0,-76232.0,53
201100033493,11,2,11,825,1,2,5,1.0,3.0,53130,M,4806869.0,-76211.0,53
201100033494,11,2,11,1640,1,1,1,1.0,1.0,53201,M,4808760.0,-87432.0,53
201100033495,11,2,15,20,3,1,9,8.0,7.0,53130,M,4809719.0,-74734.0,53
201100033496,11,2,19,1110,1,1,1,2.0,2.0,53034,M,4806833.0,-67623.0,53
201100033497,11,3,1,1815,1,2,6,1.0,7.0,53130,M,4808407.0,-77070.0,53
201100033498,11,3,18,750,1,2,1,1.0,6.0,53130,M,4807937.0,-75547.0,53
201100033499,11,4,1,1245,1,1,6,1.0,6.0,53054,M,4808562.0,-74764.0,53
201100033500,11,4,7,825,1,1,6,7.0,3.0,53054,M,4809109.0,-76334.0,53
201100033501,11,4,16,105,4,2,1,1.0,6.0,53201,M,4807708.0,-81553.0,53
201100033502,11,5,4,1158,1,1,3,1.0,2.0,53130,M,,,53
201100033503,11,5,7,1735,1,2,1,1.0,2.0,53130,M,4806335.0,-74987.0,53
201100033504,11,5,9,1905,1,2,1,1.0,6.0,53130,M,4807039.0,-78514.0,53
201100033505,11,5,22,230,5,2,1,1.0,7.0,53130,M,4806341.0,-75070.0,53
201100033506,11,5,25,1915,1,2,3,1.0,3.0,53130,M,4806461.0,-77533.0,53
201100033507,11,6,1,1745,1,2,6,7.0,2.0,53130,M,4806513.0,-79490.0,53
201100033508,11,6,15,1345,1,2,1,1.0,6.0,53130,M,4807560.0,-76088.0,53
201100033509,11,6,16,415,4,2,3,1.0,3.0,53130,M,4807284.0,-75656.0,53
201100033510,11,6,30,1915,1,2,1,1.0,5.0,53130,M,4803641.0,-73988.0,53
201100033511,11,7,10,710,1,2,1,1.0,6.0,53130,M,4808342.0,-77061.0,53
201100033512,11,7,28,1740,1,1,6,1.0,3.0,53054,M,4809162.0,-74917.0,53
201100033513,11,8,15,520,3,1,1,1.0,6.0,53054,M,4810454.0,-81232.0,53
201100033514,11,8,22,1110,1,2,3,2.0,3.0,53130,M,4805862.0,-75290.0,53
201100033515,11,8,31,200,5,1,1,1.0,7.0,53201,M,4807190.0,-89189.0,53
201100033516,11,9,14,825,2,2,3,1.0,6.0,53201,M,4806358.0,-81110.0,53
201100033517,11,9,28,940,1,2,1,1.0,6.0,53130,M,4806114.0,-75535.0,53
201100033518,11,10,3,1210,1,2,1,1.0,5.0,53130,M,4806237.0,-78537.0,53
201100033519,11,10,18,1740,1,2,1,2.0,4.0,53130,M,4807035.0,-74837.0,53
201100033520,11,11,3,1010,1,2,1,1.0,6.0,53130,M,4808133.0,-77854.0,53
201100033521,11,11,8,1045,1,1,3,1.0,3.0,53130,M,4804217.0,-74252.0,53
201100033522,11,11,13,1950,5,2,2,1.0,3.0,53130,M,4806167.0,-77004.0,53
201100033523,11,11,19,1915,5,2,9,1.0,3.0,53130,M,4806568.0,-79932.0,53
201100033524,11,12,2,1630,1,2,1,1.0,2.0,53201,M,4806860.0,-81165.0,53
201100033525,11,12,13,1155,1,2,1,1.0,2.0,53130,M,4807103.0,-74578.0,53
201100033526,11,12,23,1825,5,2,1,3.0,6.0,53130,M,4806577.0,-79955.0,53
201100033527,11,12,26,1705,2,2,3,1.0,3.0,53201,M,4806024.0,-81117.0,53
201100033528,11,1,18,1327,1,1,1,1.0,7.0,54341,M,4926182.0,591324.0,54
201100033529,11,2,9,2040,5,2,1,1.0,3.0,54099,M,4925138.0,593851.0,54
201100033530,11,2,27,2200,5,2,1,1.0,7.0,54391,M,4923365.0,596411.0,54
201100033531,11,3,15,720,1,2,1,1.0,7.0,54263,M,4920942.0,599505.0,54
201100033532,11,3,26,1500,1,1,1,2.0,6.0,54036,M,4929213.0,600108.0,54
201100033533,11,5,16,1608,1,2,1,1.0,7.0,54263,M,4921787.0,599182.0,54
201100033534,11,5,28,2345,3,2,1,1.0,7.0,54099,M,4924537.0,594018.0,54
201100033535,11,6,4,1915,1,2,1,1.0,3.0,54391,M,4923434.0,596256.0,54
201100033536,11,7,31,228,3,1,1,1.0,3.0,54036,M,,,54
201100033537,11,8,6,1932,1,1,1,1.0,3.0,54099,M,,,54
201100033538,11,8,26,10,5,2,1,1.0,7.0,54263,M,,,54
201100033539,11,10,29,840,1,1,1,1.0,5.0,54036,M,,,54
201100033540,11,12,10,1730,3,1,1,1.0,7.0,54099,M,,,54
201100033541,11,1,21,1115,1,2,1,1.0,6.0,54273,M,,,54
201100033542,11,3,13,435,3,1,1,1.0,7.0,54469,M,4917476.0,599845.0,54
201100033543,11,4,16,1300,1,1,1,1.0,6.0,54051,M,4919611.0,596973.0,54
201100033544,11,5,8,1456,1,2,3,1.0,3.0,54273,M,4916725.0,588923.0,54
201100033545,11,6,18,510,2,1,1,2.0,6.0,54469,M,4917058.0,600074.0,54
201100033546,11,7,18,1153,1,1,3,2.0,7.0,54542,M,,,54
201100033547,11,8,4,945,1,1,1,1.0,6.0,54542,M,,,54
201100033548,11,8,4,1812,1,2,1,1.0,2.0,54273,M,,,54
201100033549,11,8,22,2010,1,1,1,1.0,1.0,54371,M,4920468.0,596349.0,54
201100033550,11,9,16,1615,1,1,1,1.0,7.0,54051,M,,,54
201100033551,11,11,15,1030,1,2,1,1.0,6.0,54273,M,,,54
201100033552,11,11,26,2019,3,1,1,2.0,6.0,54542,M,,,54
201100033553,11,12,16,1735,4,2,1,2.0,6.0,54273,M,,,54
201100033554,11,12,26,1545,1,2,1,8.0,6.0,54273,M,,,54
201100033555,11,12,27,1810,5,2,2,8.0,6.0,54273,M,,,54
201100033556,11,11,18,1535,1,2,3,1.0,6.0,54159,M,,,54
201100033557,11,3,22,2045,5,2,3,1.0,6.0,54549,M,,,54
201100033558,11,6,27,1335,1,2,1,1.0,3.0,54483,M,4863251.0,629410.0,54
201100033559,11,8,13,1015,1,2,1,1.0,2.0,54159,M,,,54
201100033560,11,10,6,1505,1,2,1,2.0,6.0,54159,M,,,54
201100033561,11,10,17,645,5,2,1,1.0,6.0,54549,M,,,54
201100033562,11,10,31,1335,1,2,1,1.0,6.0,54159,M,,,54
201100033563,11,12,18,1600,1,2,3,2.0,3.0,54483,M,,,54
201100033564,11,12,16,1710,5,2,1,8.0,3.0,54159,M,,,54
201100033565,11,9,4,2020,3,1,1,1.0,1.0,54323,M,,,54
201100033566,11,3,21,2015,2,2,2,1.0,3.0,54382,M,,,54
201100033567,11,1,4,1250,1,1,3,1.0,3.0,54367,M,4950352.0,578818.0,54
201100033568,11,3,29,2320,5,1,1,1.0,3.0,54382,M,,,54
201100033569,11,4,13,1630,1,1,1,1.0,5.0,54323,M,4952165.0,575274.0,54
201100033570,11,4,8,2215,5,2,1,1.0,4.0,54451,M,4950213.0,575087.0,54
201100033571,11,1,10,1805,3,1,1,8.0,3.0,54116,M,4859073.0,654468.0,54
201100033572,11,7,20,1200,1,2,1,1.0,2.0,54329,M,,,54
201100033573,11,9,2,1610,1,2,3,3.0,3.0,54329,M,,,54
201100033574,11,10,9,1052,1,2,1,2.0,3.0,54329,M,,,54
201100033575,11,9,2,1450,1,2,1,8.0,6.0,54329,M,,,54
201100033576,11,10,5,1235,1,1,1,1.0,3.0,54373,M,,,54