Num_Acc,an,mois,jour,hrmn,lum,agg,int,atm,col,com,gps,lat,long,dep
201100033577,11,9,25,1115,1,2,9,1.0,6.0,54329,M,,,54
201100033578,11,11,7,1820,5,2,1,1.0,6.0,54329,M,,,54
201100033579,11,1,3,730,2,2,3,5.0,6.0,54547,M,,,54
201100033580,11,1,3,730,2,2,2,1.0,1.0,54395,M,,,54
201100033581,11,1,3,1710,5,2,2,1.0,6.0,54482,M,,,54
201100033582,11,1,4,1730,5,2,1,1.0,6.0,54395,M,,,54
201100033583,11,1,4,1935,5,2,3,1.0,3.0,54304,M,,,54
201100033584,11,1,2,1737,5,2,1,1.0,6.0,54395,M,,,54
201100033585,11,1,3,1550,1,1,1,1.0,3.0,54305,M,4874638.0,617049.0,54
201100033586,11,1,5,910,1,2,1,1.0,3.0,54357,M,,,54
201100033587,11,1,5,920,1,2,6,7.0,6.0,54547,M,,,54
201100033588,11,1,5,1450,1,2,2,1.0,2.0,54526,M,,,54
201100033589,11,1,5,1815,5,2,2,1.0,4.0,54304,M,,,54
201100033590,11,1,6,1455,1,2,2,2.0,6.0,54395,M,,,54
201100033591,11,1,7,744,2,1,1,1.0,2.0,54547,M,4865473.0,618360.0,54
201100033592,11,1,8,1020,1,2,1,1.0,6.0,54498,M,,,54
201100033593,11,1,7,2130,5,2,2,2.0,3.0,54578,M,,,54
201100033594,11,1,8,1800,5,2,1,2.0,6.0,54578,M,,,54
201100033595,11,1,10,1655,2,2,3,1.0,2.0,54395,M,,,54
201100033596,11,1,11,1955,5,2,1,1.0,6.0,54547,M,,,54
201100033597,11,1,11,1730,1,2,1,1.0,6.0,54395,M,,,54
201100033598,11,1,13,750,1,2,2,1.0,6.0,54395,M,,,54
201100033599,11,1,15,500,5,2,2,9.0,3.0,54274,M,,,54
201100033600,11,1,15,1435,1,2,2,1.0,2.0,54395,M,,,54
201100033601,11,1,15,1625,1,2,6,1.0,3.0,54300,M,,,54
201100033602,11,1,16,1211,1,2,2,1.0,6.0,54304,M,,,54
201100033603,11,1,17,1325,1,2,2,1.0,2.0,54395,M,,,54
201100033604,11,1,18,905,1,2,1,1.0,2.0,54395,M,,,54
201100033605,11,1,18,1320,1,2,2,1.0,6.0,54395,M,,,54
201100033606,11,1,19,600,5,2,2,1.0,3.0,54578,M,,,54
201100033607,11,1,19,807,1,2,3,1.0,6.0,54395,M,,,54
201100033608,11,1,21,730,5,2,3,1.0,6.0,54257,M,,,54
201100033609,11,1,21,1635,1,2,1,1.0,3.0,54328,M,,,54
201100033610,11,1,21,2130,5,2,2,1.0,3.0,54395,M,,,54
201100033611,11,1,25,900,1,2,1,1.0,2.0,54274,M,,,54
201100033612,11,1,25,1535,1,2,1,2.0,3.0,54395,M,,,54
201100033613,11,1,26,820,1,2,2,2.0,6.0,54357,M,,,54
201100033614,11,1,26,1450,1,2,5,2.0,6.0,54578,M,,,54
201100033615,11,1,27,900,1,2,3,1.0,3.0,54395,M,,,54
201100033616,11,1,27,1355,1,2,3,1.0,6.0,54547,M,,,54
201100033617,11,1,29,1845,5,2,3,1.0,3.0,54274,M,,,54
201100033618,11,2,1,1900,5,2,1,1.0,6.0,54578,M,,,54
201100033619,11,2,2,1345,1,2,2,1.0,6.0,54395,M,,,54
201100033620,11,2,2,2100,5,2,1,1.0,6.0,54300,M,4863728.0,627860.0,54
201100033621,11,2,4,1725,2,2,1,1.0,6.0,54547,M,,,54
201100033622,11,2,4,1750,5,1,1,1.0,1.0,54197,M,4862436.0,619735.0,54
201100033623,11,2,8,840,1,2,3,2.0,3.0,54578,M,,,54
201100033624,11,2,8,1745,5,2,3,1.0,6.0,54395,M,,,54
201100033625,11,2,10,1535,1,2,2,1.0,3.0,54395,M,,,54
201100033626,11,2,10,1730,5,2,2,1.0,7.0,54395,M,,,54
201100033627,11,2,10,1805,5,2,3,2.0,6.0,54395,M,,,54
201100033628,11,2,10,1800,2,2,1,1.0,6.0,54395,M,,,54
201100033629,11,2,11,750,1,1,4,1.0,3.0,54357,M,4870196.0,613594.0,54
201100033630,11,2,11,1505,1,2,2,1.0,7.0,54184,M,,,54
201100033631,11,2,12,1615,1,2,1,1.0,6.0,54547,M,,,54
201100033632,11,2,12,1730,1,2,3,1.0,6.0,54395,M,,,54
201100033633,11,2,14,800,1,2,2,1.0,3.0,54395,M,,,54
201100033634,11,2,15,1640,1,2,1,1.0,6.0,54482,M,,,54
201100033635,11,2,16,445,5,2,1,1.0,7.0,54526,M,,,54
201100033636,11,2,17,1410,1,2,1,1.0,6.0,54304,M,4867967.0,614698.0,54
201100033637,11,2,17,1830,5,2,2,1.0,6.0,54395,M,4868670.0,618560.0,54
201100033638,11,2,17,756,1,1,1,1.0,1.0,54339,M,4873114.0,618296.0,54
201100033639,11,2,21,1030,1,2,1,1.0,6.0,54482,M,4869725.0,620740.0,54
201100033640,11,2,21,1049,1,2,1,4.0,3.0,54304,M,,,54
201100033641,11,2,22,615,5,2,2,1.0,6.0,54395,M,,,54
201100033642,11,2,23,1850,5,2,1,1.0,6.0,54395,M,,,54
201100033643,11,2,24,410,5,2,2,2.0,3.0,54304,M,4869506.0,612437.0,54
201100033644,11,2,26,1700,2,2,3,2.0,3.0,54395,M,,,54
201100033645,11,2,26,1940,5,2,2,2.0,3.0,54274,M,4867150.0,620554.0,54
201100033646,11,2,27,230,5,2,1,2.0,6.0,54395,M,4869527.0,618243.0,54
201100033647,11,2,27,220,5,2,1,1.0,6.0,54395,M,4869064.0,617361.0,54
201100033648,11,2,27,1200,1,2,2,1.0,6.0,54395,M,,,54
201100033649,11,2,21,1355,1,2,1,1.0,3.0,54526,M,4868179.0,621638.0,54
201100033650,11,2,26,2115,5,2,1,1.0,2.0,54526,M,,,54
201100033651,11,2,28,1630,1,2,2,1.0,3.0,54395,M,,,54
201100033652,11,2,28,1710,1,2,1,1.0,6.0,54300,M,4864013.0,627093.0,54
201100033653,11,2,28,1720,1,2,1,1.0,2.0,54184,M,,,54
201100033654,11,3,2,1640,1,2,3,1.0,7.0,54395,M,,,54
201100033655,11,3,2,1700,1,2,1,1.0,4.0,54395,M,,,54
201100033656,11,3,2,1800,5,2,1,1.0,3.0,54395,M,,,54
201100033657,11,3,4,1915,2,2,2,1.0,3.0,54395,M,,,54
201100033658,11,3,6,1335,1,2,1,1.0,3.0,54357,M,4870722.0,617235.0,54
201100033659,11,3,8,1610,1,2,1,1.0,7.0,54526,M,4868546.0,621999.0,54
201100033660,11,3,8,1115,1,2,1,1.0,2.0,54395,M,,,54
201100033661,11,3,7,2300,5,2,1,1.0,6.0,54395,M,,,54
201100033662,11,3,7,1430,1,2,1,1.0,6.0,54257,M,,,54
201100033663,11,3,9,1126,1,2,1,1.0,6.0,54526,M,,,54
201100033664,11,3,11,1750,1,2,2,1.0,6.0,54395,M,4869075.0,618252.0,54
201100033665,11,3,12,1115,1,2,1,1.0,2.0,54395,M,4869591.0,614137.0,54
201100033666,11,3,12,2120,5,2,2,2.0,5.0,54482,M,,,54
201100033667,11,3,13,1352,1,2,2,2.0,3.0,54395,M,,,54
201100033668,11,3,14,1745,1,2,1,1.0,3.0,54257,M,4865284.0,619275.0,54
201100033669,11,3,17,1720,1,2,1,1.0,2.0,54357,M,,,54
201100033670,11,3,17,2300,5,2,1,5.0,6.0,54547,M,,,54
201100033671,11,3,17,1925,5,2,1,1.0,2.0,54547,M,,,54
201100033672,11,3,18,1430,1,2,1,1.0,6.0,54304,M,,,54
201100033673,11,3,18,1625,1,2,4,1.0,3.0,54395,M,,,54
201100033674,11,3,19,1220,1,2,1,1.0,2.0,54184,M,,,54
201100033675,11,3,20,1130,1,2,1,1.0,6.0,54395,M,,,54
201100033676,11,3,22,1805,1,2,1,1.0,6.0,54395,M,,,54
201100033677,11,3,23,130,5,2,1,1.0,7.0,54257,M,,,54
201100033678,11,3,23,1625,1,2,3,1.0,6.0,54482,M,,,54
201100033679,11,3,23,1650,1,2,2,1.0,3.0,54328,M,4862203.0,617948.0,54
201100033680,11,3,23,1811,1,2,6,1.0,3.0,54300,M,4865897.0,622837.0,54
201100033681,11,3,24,1058,1,2,1,1.0,2.0,54547,M,,,54
201100033682,11,3,24,1740,1,2,1,1.0,6.0,54547,M,4865415.0,617753.0,54
201100033683,11,3,28,1020,1,2,1,1.0,3.0,54395,M,,,54
201100033684,11,3,25,1615,1,2,1,9.0,3.0,54395,M,,,54
201100033685,11,3,26,55,5,2,1,1.0,6.0,54339,M,4871790.0,618224.0,54
201100033686,11,3,26,715,2,2,2,1.0,3.0,54526,M,4867570.0,622750.0,54
201100033687,11,3,26,1300,1,2,1,3.0,2.0,54395,M,,,54
201100033688,11,3,27,640,3,2,2,1.0,3.0,54395,M,,,54
201100033689,11,3,27,630,4,2,6,1.0,6.0,54357,M,4871775.0,617024.0,54
201100033690,11,4,2,1045,1,1,1,1.0,6.0,54357,M,,,54
201100033691,11,4,2,1700,1,2,1,1.0,6.0,54395,M,4867421.0,617549.0,54
201100033692,11,4,2,1911,1,2,3,1.0,3.0,54395,M,,,54
201100033693,11,4,3,1310,1,2,2,1.0,3.0,54395,M,4867789.0,616830.0,54
201100033694,11,4,3,1750,1,2,3,1.0,3.0,54495,M,4868754.0,624471.0,54
201100033695,11,4,4,650,2,2,1,2.0,6.0,54395,M,4868965.0,617043.0,54
201100033696,11,4,4,750,1,2,1,2.0,2.0,54526,M,,,54
201100033697,11,4,4,1810,1,2,2,1.0,3.0,54547,M,,,54
201100033698,11,4,5,1650,1,2,1,1.0,6.0,54395,M,4870414.0,617483.0,54
201100033699,11,4,5,1857,1,2,1,1.0,6.0,54395,M,,,54
201100033700,11,4,5,2015,5,2,2,1.0,1.0,54395,M,4870007.0,618016.0,54
201100033701,11,4,6,2230,5,2,1,1.0,6.0,54395,M,,,54
201100033702,11,4,6,1350,1,2,1,1.0,3.0,54395,M,,,54
201100033703,11,4,6,1626,1,2,3,1.0,3.0,54265,M,4864351.0,618468.0,54
201100033704,11,4,7,1830,1,2,1,1.0,6.0,54395,M,4868525.0,617781.0,54
201100033705,11,4,7,1909,1,2,1,1.0,6.0,54395,M,4867281.0,617331.0,54
201100033706,11,4,8,1150,1,2,1,1.0,2.0,54395,M,4870470.0,616976.0,54
201100033707,11,4,10,1550,1,2,1,1.0,2.0,54526,M,4868164.0,621603.0,54
201100033708,11,4,12,845,1,2,1,1.0,2.0,54526,M,,,54
201100033709,11,4,12,1432,1,2,1,1.0,2.0,54304,M,,,54
201100033710,11,4,8,1100,1,2,1,1.0,6.0,54304,M,4868595.0,614183.0,54
201100033711,11,4,14,1226,1,2,1,1.0,6.0,54547,M,4866072.0,617574.0,54
201100033712,11,4,15,1008,1,2,2,1.0,7.0,54578,M,4867025.0,615819.0,54
201100033713,11,4,15,1120,1,1,1,1.0,6.0,54395,M,,,54
201100033714,11,4,15,1900,1,2,1,1.0,6.0,54526,M,4869817.0,621585.0,54
201100033715,11,4,20,1500,1,2,1,2.0,6.0,54395,M,4869155.0,619295.0,54
201100033716,11,4,19,1731,1,2,1,1.0,6.0,54395,M,4868453.0,619621.0,54
201100033717,11,4,20,1536,1,2,2,1.0,3.0,54395,M,4869074.0,618254.0,54
201100033718,11,4,20,1614,1,2,1,1.0,6.0,54395,M,,,54
201100033719,11,4,20,1620,1,2,1,1.0,2.0,54395,M,4870520.0,617394.0,54
201100033720,11,4,20,1455,1,1,6,1.0,3.0,54395,M,4867719.0,620542.0,54
201100033721,11,4,21,1355,1,1,1,1.0,2.0,54498,M,4871652.0,625764.0,54
201100033722,11,4,21,1400,1,2,1,1.0,3.0,54547,M,4866615.0,616418.0,54
201100033723,11,4,22,820,1,2,1,1.0,6.0,54395,M,4869666.0,614701.0,54
201100033724,11,4,22,1415,1,2,1,1.0,1.0,54395,M,4870071.0,614549.0,54
201100033725,11,4,22,1810,1,2,3,1.0,6.0,54395,M,4868260.0,619158.0,54
201100033726,11,4,22,1835,1,2,2,1.0,2.0,54304,M,4869422.0,613166.0,54
201100033727,11,4,22,1905,1,2,1,1.0,2.0,54357,M,4870889.0,616691.0,54
201100033728,11,4,23,1630,1,2,1,1.0,4.0,54184,M,,,54
201100033729,11,4,23,1850,1,2,1,1.0,2.0,54395,M,4868944.0,616080.0,54
201100033730,11,4,24,2121,5,1,1,1.0,6.0,54395,M,4867135.0,619341.0,54
201100033731,11,4,26,1700,1,2,1,1.0,2.0,54395,M,,,54
201100033732,11,4,27,1145,1,2,3,1.0,3.0,54578,M,4867202.0,615727.0,54
201100033733,11,4,27,2000,1,2,3,1.0,3.0,54395,M,4870263.0,618099.0,54
201100033734,11,4,28,1415,1,1,1,1.0,6.0,54257,M,,,54
201100033735,11,4,29,550,2,2,1,1.0,7.0,54395,M,4869928.0,619003.0,54
201100033736,11,5,3,1825,1,2,2,1.0,3.0,54395,M,4868691.0,618545.0,54
201100033737,11,5,4,2325,5,2,1,1.0,7.0,54304,M,4868643.0,615215.0,54
201100033738,11,5,5,1735,1,2,1,1.0,6.0,54395,M,4868779.0,617996.0,54
201100033739,11,5,6,1120,1,2,4,1.0,6.0,54395,M,4868180.0,618336.0,54
201100033740,11,5,9,820,1,2,1,1.0,6.0,54547,M,4866231.0,618516.0,54
201100033741,11,5,9,1730,1,2,1,1.0,3.0,54395,M,4868464.0,619577.0,54
201100033742,11,5,10,820,1,2,1,1.0,6.0,54395,M,4869342.0,616538.0,54
201100033743,11,5,10,1150,1,2,3,1.0,6.0,54274,M,4867158.0,620461.0,54
201100033744,11,5,10,1500,1,2,1,1.0,6.0,54304,M,4869994.0,613074.0,54
201100033745,11,5,11,1730,1,2,1,1.0,6.0,54482,M,,,54
201100033746,11,5,13,1215,1,2,1,1.0,3.0,54395,M,4867796.0,620203.0,54
201100033747,11,5,13,1800,1,2,2,1.0,6.0,54482,M,4869849.0,620605.0,54
201100033748,11,5,13,1800,1,2,1,1.0,3.0,54184,M,4870892.0,623869.0,54
201100033749,11,5,15,930,1,2,3,1.0,3.0,54304,M,4869506.0,612439.0,54
201100033750,11,5,16,830,1,2,2,1.0,3.0,54482,M,4870194.0,621257.0,54
201100033751,11,5,16,1220,1,2,1,1.0,6.0,54395,M,4869598.0,617186.0,54
201100033752,11,5,16,1415,1,2,1,1.0,6.0,54395,M,4869218.0,618149.0,54
201100033753,11,5,14,930,1,2,1,1.0,3.0,54547,M,4865759.0,617480.0,54
201100033754,11,5,18,1215,1,2,2,1.0,1.0,54439,M,4870563.0,626077.0,54
201100033755,11,5,19,800,1,2,2,1.0,3.0,54357,M,4870603.0,613996.0,54
201100033756,11,5,19,1355,1,2,1,1.0,3.0,54328,M,4861756.0,617949.0,54
201100033757,11,5,19,1940,1,2,3,2.0,3.0,54304,M,4868041.0,614463.0,54
201100033758,11,5,21,1155,1,2,1,1.0,6.0,54357,M,4871119.0,616366.0,54
201100033759,11,5,22,1055,1,1,3,1.0,3.0,54265,M,4864752.0,618250.0,54
201100033760,11,5,22,1540,1,2,1,2.0,2.0,54395,M,,,54
201100033761,11,5,22,1913,1,2,1,1.0,7.0,54526,M,4868350.0,622125.0,54
201100033762,11,5,23,800,1,2,2,1.0,1.0,54395,M,4869858.0,619263.0,54
201100033763,11,5,23,1100,1,2,1,1.0,3.0,54395,M,4867821.0,616935.0,54
201100033764,11,5,23,1525,1,2,1,1.0,3.0,54184,M,4870509.0,622870.0,54
201100033765,11,5,24,1855,1,2,1,1.0,2.0,54184,M,4869996.0,621455.0,54
201100033766,11,5,25,2200,5,2,1,1.0,2.0,54395,M,4869965.0,616576.0,54
201100033767,11,5,27,1700,1,2,3,1.0,3.0,54395,M,4868993.0,620296.0,54
201100033768,11,5,27,1500,1,2,3,2.0,3.0,54304,M,4868038.0,614450.0,54
201100033769,11,5,27,1625,1,2,1,2.0,2.0,54395,M,4868166.0,619282.0,54
201100033770,11,5,29,1915,1,2,1,1.0,6.0,54300,M,4864074.0,626730.0,54
201100033771,11,5,30,1934,1,2,9,1.0,1.0,54304,M,,,54
201100033772,11,5,31,1500,1,2,1,3.0,6.0,54395,M,4869346.0,619135.0,54
201100033773,11,6,1,725,1,1,9,1.0,6.0,54395,M,4867691.0,620593.0,54
201100033774,11,6,1,850,1,2,3,1.0,3.0,54395,M,4868808.0,617797.0,54
201100033775,11,6,4,1500,1,2,1,1.0,3.0,54184,M,,,54
201100033776,11,6,5,515,5,2,2,1.0,3.0,54395,M,4869650.0,619298.0,54
201100033777,11,6,6,1915,1,2,1,1.0,6.0,54304,M,4869905.0,613381.0,54
201100033778,11,6,7,830,1,2,1,1.0,4.0,54395,M,4869710.0,615801.0,54
201100033779,11,6,8,1209,1,2,2,1.0,6.0,54526,M,4869156.0,621363.0,54
201100033780,11,6,9,845,1,2,1,1.0,6.0,54395,M,4869866.0,615668.0,54
201100033781,11,6,9,1640,1,2,1,1.0,6.0,54300,M,4865904.0,622519.0,54
201100033782,11,6,10,1240,1,2,1,2.0,6.0,54304,M,,,54
201100033783,11,6,10,130,5,2,3,1.0,5.0,54395,M,4868913.0,617539.0,54
201100033784,11,6,11,250,5,2,1,1.0,6.0,54395,M,,,54
201100033785,11,6,14,1145,1,2,2,1.0,3.0,54257,M,4864808.0,620875.0,54
201100033786,11,6,15,1510,1,2,1,1.0,2.0,54184,M,4870662.0,624766.0,54
201100033787,11,6,15,1720,1,2,2,1.0,1.0,54578,M,4865709.0,611195.0,54
201100033788,11,6,16,1440,1,2,1,2.0,6.0,54526,M,,,54
201100033789,11,6,20,2300,5,2,1,1.0,6.0,54482,M,,,54
201100033790,11,6,17,750,1,2,3,1.0,3.0,54025,M,4865950.0,625886.0,54
201100033791,11,6,17,905,1,1,1,1.0,4.0,54025,M,4868308.0,622198.0,54
201100033792,11,6,18,1505,1,2,1,1.0,3.0,54395,M,4869042.0,619343.0,54
201100033793,11,6,17,1630,1,2,1,1.0,3.0,54304,M,,,54
201100033794,11,6,18,1509,1,2,1,1.0,2.0,54395,M,4868995.0,618168.0,54
201100033795,11,6,19,118,4,2,1,9.0,3.0,54395,M,,,54
201100033796,11,6,19,1040,1,2,1,1.0,6.0,54395,M,4869090.0,615400.0,54
201100033797,11,6,20,755,1,2,2,1.0,6.0,54274,M,4866542.0,619744.0,54
201100033798,11,6,20,1430,1,2,1,2.0,2.0,54395,M,,,54
201100033799,11,6,21,1240,1,2,3,1.0,2.0,54395,M,4868184.0,618342.0,54
201100033800,11,6,21,1355,1,2,1,1.0,3.0,54395,M,4867814.0,619811.0,54
201100033801,11,6,21,1735,1,2,1,1.0,6.0,54395,M,4867455.0,616353.0,54
201100033802,11,6,21,2315,5,2,1,1.0,4.0,54395,M,4869327.0,617676.0,54
201100033803,11,6,16,1605,1,2,3,2.0,7.0,54395,M,,,54
201100033804,11,6,22,1400,1,2,1,1.0,2.0,54395,M,4869340.0,616538.0,54
201100033805,11,6,22,1915,1,2,1,1.0,4.0,54265,M,4863716.0,618587.0,54
201100033806,11,6,23,750,1,2,1,1.0,3.0,54328,M,4861266.0,618469.0,54
201100033807,11,6,23,1620,1,2,1,3.0,4.0,54395,M,,,54
201100033808,11,6,22,200,5,2,3,1.0,6.0,54274,M,,,54
201100033809,11,6,26,150,5,2,1,1.0,2.0,54395,M,,,54
201100033810,11,6,26,2015,1,2,3,1.0,3.0,54184,M,4870392.0,623104.0,54
201100033811,11,6,27,910,1,2,1,1.0,6.0,54395,M,,,54
201100033812,11,6,28,1025,1,2,1,1.0,2.0,54395,M,,,54
201100033813,11,6,28,1755,1,2,2,1.0,3.0,54526,M,,,54
201100033814,11,6,28,1915,1,2,2,7.0,3.0,54526,M,4867575.0,622739.0,54
201100033815,11,7,2,1515,1,2,1,1.0,2.0,54395,M,,,54
201100033816,11,7,1,1110,1,2,2,1.0,6.0,54395,M,4868755.0,618800.0,54
201100033817,11,7,3,1250,1,2,1,1.0,2.0,54395,M,,,54
201100033818,11,7,3,1725,1,2,1,1.0,2.0,54339,M,4871328.0,618134.0,54
201100033819,11,7,8,1850,1,2,2,1.0,3.0,54395,M,,,54
201100033820,11,7,9,2140,2,2,1,1.0,3.0,54025,M,,,54
201100033821,11,7,15,5,5,2,1,1.0,4.0,54395,M,,,54
201100033822,11,7,18,1625,1,2,1,1.0,6.0,54395,M,,,54
201100033823,11,7,19,1045,1,2,2,2.0,3.0,54395,M,,,54
201100033824,11,7,20,1459,1,2,1,1.0,6.0,54395,M,,,54
201100033825,11,7,21,430,5,1,2,1.0,2.0,54395,M,,,54
201100033826,11,7,21,925,1,2,3,2.0,2.0,54395,M,,,54
201100033827,11,7,21,1845,1,2,1,2.0,2.0,54395,M,,,54
201100033828,11,7,22,1420,1,2,1,1.0,6.0,54184,M,,,54
201100033829,11,7,22,1600,1,2,1,2.0,6.0,54547,M,,,54
201100033830,11,7,26,740,1,2,1,2.0,2.0,54547,M,,,54
201100033831,11,7,27,1530,1,2,1,1.0,6.0,54357,M,,,54
201100033832,11,7,27,1625,1,1,3,1.0,7.0,54578,M,,,54
201100033833,11,7,27,1815,1,2,3,1.0,3.0,54395,M,,,54
201100033834,11,7,27,1820,1,1,3,1.0,3.0,54025,M,,,54
201100033835,11,8,1,1300,1,2,2,1.0,3.0,54184,M,,,54
201100033836,11,8,1,1550,1,2,6,1.0,3.0,54328,M,,,54
201100033837,11,8,1,1745,1,2,3,9.0,4.0,54274,M,,,54
201100033838,11,8,1,2339,5,2,2,1.0,3.0,54395,M,,,54
201100033839,11,7,31,1810,1,1,1,1.0,7.0,54526,M,,,54
201100033840,11,8,2,1815,1,2,3,1.0,2.0,54395,M,,,54
201100033841,11,8,1,742,3,2,1,1.0,3.0,54357,M,,,54
201100033842,11,8,4,1025,1,2,1,1.0,3.0,54304,M,,,54
201100033843,11,8,6,1110,1,2,3,1.0,3.0,54395,M,,,54
201100033844,11,8,6,1505,1,2,2,2.0,6.0,54395,M,,,54
201100033845,11,8,7,1507,1,1,1,1.0,2.0,54184,M,,,54
201100033846,11,8,8,1353,1,2,2,1.0,3.0,54395,M,,,54
201100033847,11,8,11,1540,1,2,3,1.0,3.0,54547,M,,,54
201100033848,11,8,12,1445,1,2,4,1.0,2.0,54547,M,,,54
201100033849,11,8,14,130,5,2,1,1.0,6.0,54578,M,,,54
201100033850,11,8,14,1840,1,2,1,1.0,7.0,54357,M,,,54
201100033851,11,8,16,2329,5,2,1,1.0,6.0,54274,M,,,54
201100033852,11,8,18,1700,1,2,1,1.0,6.0,54482,M,,,54
201100033853,11,8,19,1425,1,1,1,1.0,2.0,54395,M,,,54
201100033854,11,8,20,1030,1,2,1,1.0,4.0,54547,M,,,54
201100033855,11,8,22,150,5,2,6,1.0,7.0,54526,M,,,54
201100033856,11,8,21,1920,1,2,3,1.0,3.0,54184,M,,,54
201100033857,11,8,23,807,1,2,1,1.0,6.0,54547,M,,,54
201100033858,11,8,23,1615,1,2,2,1.0,3.0,54304,M,,,54
201100033859,11,8,25,1000,1,2,3,1.0,2.0,54395,M,,,54
201100033860,11,8,25,730,1,2,3,2.0,3.0,54395,M,,,54
201100033861,11,8,25,525,5,2,1,1.0,6.0,54184,M,,,54
201100033862,11,8,26,1950,1,1,1,1.0,7.0,54300,M,,,54
201100033863,11,8,27,1855,2,2,1,3.0,6.0,54395,M,,,54
201100033864,11,8,28,1405,1,2,6,1.0,3.0,54184,M,,,54
201100033865,11,8,28,1545,1,2,2,1.0,3.0,54395,M,,,54
201100033866,11,8,28,1550,1,2,1,1.0,6.0,54395,M,,,54
201100033867,11,8,29,1015,1,2,3,1.0,3.0,54257,M,,,54
201100033868,11,8,30,1840,1,1,3,1.0,5.0,54328,M,,,54
201100033869,11,8,31,1730,1,2,1,1.0,6.0,54395,M,,,54
201100033870,11,9,1,1600,1,2,1,1.0,2.0,54395,M,,,54
201100033871,11,9,5,920,1,2,1,1.0,6.0,54339,M,,,54
201100033872,11,9,5,1040,1,2,1,1.0,3.0,54395,M,,,54
201100033873,11,9,5,1825,1,2,3,1.0,3.0,54395,M,,,54
201100033874,11,9,5,2220,5,2,2,1.0,3.0,54578,M,,,54
201100033875,11,9,6,905,1,2,3,1.0,3.0,54357,M,,,54
201100033876,11,9,6,1830,1,2,1,1.0,3.0,54395,M,,,54
201100033877,11,9,7,1414,1,2,2,1.0,3.0,54328,M,,,54
201100033878,11,9,12,1840,1,2,1,1.0,7.0,54526,M,,,54
201100033879,11,9,13,850,1,2,1,2.0,4.0,54357,M,,,54
201100033880,11,9,13,900,1,2,6,2.0,2.0,54328,M,,,54
201100033881,11,9,13,1325,1,2,3,1.0,6.0,54547,M,,,54
201100033882,11,9,14,215,5,2,3,1.0,3.0,54395,M,,,54
201100033883,11,9,13,1730,1,2,1,1.0,2.0,54300,M,,,54
201100033884,11,9,14,1024,1,2,1,1.0,3.0,54578,M,,,54
201100033885,11,9,14,1750,1,2,3,1.0,6.0,54547,M,,,54
201100033886,11,9,14,1910,1,2,3,1.0,3.0,54304,M,,,54
201100033887,11,9,15,1130,1,2,1,1.0,2.0,54184,M,,,54
201100033888,11,9,16,827,1,2,9,1.0,3.0,54025,M,,,54
201100033889,11,9,16,858,1,2,1,1.0,4.0,54304,M,,,54
201100033890,11,9,16,1049,1,2,2,1.0,3.0,54395,M,,,54
201100033891,11,9,18,1450,1,2,1,1.0,1.0,54526,M,,,54
201100033892,11,9,19,800,1,2,1,1.0,3.0,54357,M,,,54
201100033893,11,9,19,1023,1,2,1,1.0,3.0,54526,M,,,54
201100033894,11,9,19,1540,1,2,3,1.0,2.0,54547,M,,,54
201100033895,11,9,21,850,1,2,1,1.0,3.0,54395,M,,,54
201100033896,11,9,21,1400,1,2,1,1.0,3.0,54395,M,,,54
201100033897,11,9,21,1845,1,2,1,1.0,6.0,54265,M,,,54
201100033898,11,9,23,858,1,2,2,1.0,3.0,54395,M,,,54
201100033899,11,9,23,2115,5,2,2,1.0,3.0,54357,M,,,54
201100033900,11,9,24,1430,1,2,1,1.0,2.0,54395,M,,,54
201100033901,11,9,24,1148,1,2,3,1.0,2.0,54025,M,,,54
201100033902,11,9,24,1815,1,2,1,1.0,6.0,54395,M,,,54
201100033903,11,9,24,2250,5,2,4,1.0,2.0,54395,M,,,54
201100033904,11,9,26,857,1,2,3,1.0,3.0,54526,M,,,54
201100033905,11,9,26,1855,1,2,1,1.0,6.0,54339,M,,,54
201100033906,11,9,27,1835,1,2,3,1.0,3.0,54395,M,,,54
201100033907,11,9,28,810,1,2,2,1.0,1.0,54304,M,,,54
201100033908,11,9,28,825,1,1,2,1.0,3.0,54357,M,,,54
201100033909,11,9,28,1000,1,2,2,1.0,3.0,54547,M,,,54
201100033910,11,9,30,1835,1,2,2,1.0,3.0,54526,M,,,54
201100033911,11,10,1,920,1,2,2,1.0,6.0,54395,M,,,54
201100033912,11,10,2,1025,1,2,1,1.0,6.0,54395,M,,,54
201100033913,11,10,2,640,3,2,1,1.0,6.0,54547,M,,,54
201100033914,11,10,3,855,1,2,3,1.0,6.0,54357,M,,,54
201100033915,11,10,3,845,1,2,1,1.0,6.0,54395,M,,,54
201100033916,11,10,3,1250,1,2,1,1.0,2.0,54395,M,,,54
201100033917,11,10,3,1555,1,2,1,1.0,3.0,54184,M,,,54
201100033918,11,10,3,1845,2,2,1,1.0,2.0,54395,M,,,54
201100033919,11,10,5,950,1,2,3,1.0,3.0,54395,M,,,54
201100033920,11,10,6,1615,1,2,3,1.0,2.0,54304,M,,,54
201100033921,11,10,7,730,2,2,3,3.0,3.0,54547,M,,,54
201100033922,11,10,8,600,5,2,1,1.0,6.0,54357,M,,,54
201100033923,11,10,8,1935,5,2,3,2.0,3.0,54339,M,,,54
201100033924,11,10,9,2245,5,2,3,2.0,2.0,54547,M,,,54