Num_Acc,an,mois,jour,hrmn,lum,agg,int,atm,col,com,gps,lat,long,dep
201100033925,11,10,11,745,2,1,1,1.0,2.0,54526,M,,,54
201100033926,11,10,11,1212,1,1,7,1.0,1.0,54526,M,,,54
201100033927,11,10,11,2215,5,2,2,1.0,3.0,54339,M,,,54
201100033928,11,10,13,1220,1,2,2,2.0,3.0,54547,M,,,54
201100033929,11,10,7,1255,1,2,1,1.0,6.0,54304,M,,,54
201100033930,11,10,14,1655,1,2,1,1.0,2.0,54184,M,,,54
201100033931,11,10,15,1000,1,2,1,1.0,6.0,54304,M,,,54
201100033932,11,10,17,1750,1,2,1,1.0,3.0,54578,M,,,54
201100033933,11,10,19,1915,2,2,1,9.0,6.0,54304,M,,,54
201100033934,11,10,20,810,2,2,2,5.0,1.0,54357,M,,,54
201100033935,11,10,20,1040,1,2,3,1.0,6.0,54339,M,,,54
201100033936,11,10,21,1600,1,2,1,1.0,2.0,54395,M,,,54
201100033937,11,10,21,730,2,2,1,5.0,2.0,54395,M,,,54
201100033938,11,10,21,1015,1,2,1,5.0,6.0,54328,M,,,54
201100033939,11,10,22,545,3,2,1,9.0,6.0,54395,M,,,54
201100033940,11,10,23,2045,5,2,3,1.0,3.0,54304,M,,,54
201100033941,11,10,24,1720,1,2,2,1.0,3.0,54304,M,,,54
201100033942,11,10,25,245,5,2,3,1.0,6.0,54395,M,,,54
201100033943,11,10,29,1755,5,2,5,1.0,4.0,54547,M,,,54
201100033944,11,10,31,1628,1,2,2,1.0,5.0,54547,M,,,54
201100033945,11,10,31,1650,1,2,1,1.0,2.0,54395,M,,,54
201100033946,11,11,2,2225,5,2,2,1.0,3.0,54304,M,,,54
201100033947,11,11,3,1724,5,2,1,2.0,6.0,54265,M,,,54
201100033948,11,11,4,845,1,2,1,2.0,1.0,54395,M,,,54
201100033949,11,11,4,1830,5,2,3,2.0,6.0,54395,M,,,54
201100033950,11,11,5,1230,1,2,3,1.0,6.0,54547,M,,,54
201100033951,11,11,5,2100,5,2,1,1.0,1.0,54526,M,,,54
201100033952,11,11,7,930,1,2,1,2.0,2.0,54357,M,,,54
201100033953,11,11,7,1512,1,2,1,2.0,2.0,54547,M,,,54
201100033954,11,11,8,900,1,2,3,2.0,2.0,54257,M,,,54
201100033955,11,11,8,1950,5,2,1,1.0,4.0,54578,M,,,54
201100033956,11,11,8,1430,1,2,1,1.0,2.0,54395,M,,,54
201100033957,11,11,9,1740,5,2,1,1.0,6.0,54257,M,,,54
201100033958,11,11,10,1355,1,2,1,1.0,1.0,54395,M,,,54
201100033959,11,11,12,1140,1,2,1,1.0,2.0,54395,M,,,54
201100033960,11,11,12,2045,5,2,1,1.0,3.0,54395,M,,,54
201100033961,11,11,15,2135,5,2,2,1.0,3.0,54395,M,,,54
201100033962,11,11,16,1406,1,2,3,1.0,7.0,54395,M,,,54
201100033963,11,11,17,1345,1,2,1,1.0,5.0,54395,M,,,54
201100033964,11,11,17,1655,5,2,6,1.0,3.0,54184,M,,,54
201100033965,11,11,18,1103,1,2,2,1.0,6.0,54395,M,,,54
201100033966,11,11,18,1610,1,2,6,1.0,6.0,54547,M,,,54
201100033967,11,11,18,1805,5,2,1,1.0,5.0,54547,M,,,54
201100033968,11,11,21,1210,1,2,1,1.0,6.0,54395,M,,,54
201100033969,11,11,22,645,5,2,3,1.0,3.0,54482,M,,,54
201100033970,11,11,22,715,2,2,1,9.0,3.0,54498,M,,,54
201100033971,11,11,22,1820,5,2,2,1.0,1.0,54304,M,,,54
201100033972,11,11,23,727,2,2,3,5.0,3.0,54257,M,,,54
201100033973,11,11,25,635,5,2,1,1.0,3.0,54395,M,,,54
201100033974,11,11,28,910,1,2,1,1.0,3.0,54547,M,,,54
201100033975,11,11,28,1904,5,2,2,1.0,6.0,54526,M,,,54
201100033976,11,11,30,1734,5,2,1,1.0,6.0,54526,M,,,54
201100033977,11,12,1,700,1,2,3,1.0,6.0,54274,M,,,54
201100033978,11,12,1,1345,1,2,1,1.0,6.0,54578,M,,,54
201100033979,11,12,1,1917,5,2,3,1.0,6.0,54395,M,,,54
201100033980,11,12,3,1930,5,2,1,2.0,1.0,54547,M,,,54
201100033981,11,12,5,1015,1,2,2,1.0,7.0,54395,M,,,54
201100033982,11,12,5,1425,1,2,3,1.0,3.0,54395,M,,,54
201100033983,11,12,5,1811,5,2,1,1.0,7.0,54547,M,,,54
201100033984,11,12,5,2100,5,2,1,6.0,2.0,54395,M,,,54
201100033985,11,12,3,1630,1,2,3,1.0,6.0,54395,M,,,54
201100033986,11,12,6,814,2,1,2,2.0,6.0,54395,M,,,54
201100033987,11,12,6,1150,1,1,1,3.0,1.0,54025,M,,,54
201100033988,11,12,7,1630,1,2,1,2.0,2.0,54547,M,,,54
201100033989,11,12,9,30,5,2,3,2.0,1.0,54395,M,,,54
201100033990,11,12,3,1335,1,2,1,2.0,6.0,54395,M,,,54
201100033991,11,12,9,1738,3,2,1,2.0,2.0,54395,M,,,54
201100033992,11,12,10,1802,5,2,2,1.0,1.0,54578,M,,,54
201100033993,11,12,11,320,3,1,1,1.0,7.0,54025,M,,,54
201100033994,11,12,11,1150,1,2,3,1.0,3.0,54257,M,,,54
201100033995,11,12,12,815,1,2,2,3.0,6.0,54395,M,,,54
201100033996,11,12,12,848,1,2,3,2.0,6.0,54395,M,,,54
201100033997,11,12,12,1339,1,2,1,9.0,2.0,54395,M,,,54
201100033998,11,12,13,800,2,2,1,6.0,6.0,54482,M,,,54
201100033999,11,12,13,1120,1,2,2,2.0,6.0,54395,M,,,54
201100034000,11,12,13,1245,1,2,1,8.0,2.0,54304,M,,,54
201100034001,11,12,17,1920,5,2,2,1.0,6.0,54395,M,,,54
201100034002,11,12,18,1850,3,1,1,2.0,7.0,54439,M,,,54
201100034003,11,12,19,1145,1,2,1,1.0,6.0,54395,M,,,54
201100034004,11,12,19,1800,5,2,1,1.0,6.0,54339,M,,,54
201100034005,11,12,20,1255,1,2,1,1.0,3.0,54547,M,,,54
201100034006,11,12,22,950,1,2,1,2.0,7.0,54526,M,,,54
201100034007,11,12,23,1643,5,1,1,1.0,6.0,54257,M,,,54
201100034008,11,12,23,1745,5,2,2,2.0,6.0,54184,M,,,54
201100034009,11,12,27,1940,5,2,2,1.0,2.0,54395,M,,,54
201100034010,11,12,28,1500,1,1,1,1.0,2.0,54328,M,,,54
201100034011,11,1,14,1115,1,2,1,1.0,6.0,54431,M,,,54
201100034012,11,4,22,1605,1,2,1,1.0,6.0,54431,M,4890574.0,605992.0,54
201100034013,11,5,9,1746,1,1,1,1.0,3.0,54431,M,,,54
201100034014,11,5,11,1600,1,2,1,1.0,6.0,54431,M,4890292.0,605469.0,54
201100034015,11,5,19,2340,5,2,1,1.0,7.0,54079,M,4888538.0,604681.0,54
201100034016,11,5,27,2005,1,2,1,1.0,7.0,54431,M,4891854.0,605809.0,54
201100034017,11,5,27,2015,1,2,1,1.0,6.0,54431,M,4889993.0,605557.0,54
201100034018,11,8,7,2215,5,2,1,1.0,2.0,54079,M,,,54
201100034019,11,8,23,1820,1,2,1,1.0,6.0,54079,M,,,54
201100034020,11,10,7,200,3,1,1,1.0,6.0,54431,M,,,54
201100034021,11,11,3,840,1,2,1,1.0,6.0,54079,M,,,54
201100034022,11,12,8,915,1,1,1,1.0,2.0,54079,M,,,54
201100034023,11,12,25,105,5,2,1,1.0,1.0,54332,M,,,54
201100034024,11,1,14,1740,5,2,1,1.0,6.0,54528,M,,,54
201100034025,11,1,31,1330,1,2,3,1.0,6.0,54528,M,,,54
201100034026,11,2,15,1515,1,2,2,1.0,2.0,54167,M,,,54
201100034027,11,4,19,1815,1,2,3,1.0,2.0,54528,M,,,54
201100034028,11,4,24,1920,1,2,3,1.0,3.0,54528,M,,,54
201100034029,11,5,7,1505,1,2,1,1.0,2.0,54528,M,,,54
201100034030,11,5,8,1505,1,2,3,1.0,3.0,54167,M,,,54
201100034031,11,5,9,1855,1,2,1,1.0,6.0,54167,M,,,54
201100034032,11,5,14,1055,1,1,1,1.0,4.0,54528,M,4869935.0,589212.0,54
201100034033,11,5,23,2245,5,2,4,1.0,3.0,54174,M,4867190.0,587670.0,54
201100034034,11,5,25,2230,1,2,1,1.0,6.0,54167,M,,,54
201100034035,11,6,10,900,1,2,4,1.0,6.0,54167,M,,,54
201100034036,11,6,30,1430,1,2,3,1.0,3.0,54528,M,4866670.0,588909.0,54
201100034037,11,6,20,1205,1,2,1,3.0,2.0,54528,M,4868360.0,589566.0,54
201100034038,11,6,17,1620,1,2,1,1.0,6.0,54528,M,,,54
201100034039,11,8,27,500,3,2,2,1.0,1.0,54167,M,,,54
201100034040,11,9,9,1435,1,2,4,1.0,3.0,54528,M,,,54
201100034041,11,9,9,1700,1,2,3,1.0,3.0,54528,M,,,54
201100034042,11,10,26,1955,5,2,2,1.0,1.0,54528,M,,,54
201100034043,11,11,20,1400,1,2,3,1.0,1.0,54167,M,,,54
201100034044,11,12,12,1355,1,1,3,1.0,3.0,54528,M,,,54
201100034045,11,12,16,745,5,2,1,3.0,6.0,54528,M,,,54
201100034046,11,1,7,1710,3,2,1,1.0,7.0,54575,M,4946370.0,585010.0,54
201100034047,11,1,18,1210,1,2,1,2.0,6.0,54580,M,,,54
201100034048,11,5,20,2035,2,1,1,1.0,6.0,54575,M,4948758.0,581343.0,54
201100034049,11,6,2,515,2,2,1,1.0,6.0,54270,M,4949805.0,586630.0,54
201100034050,11,6,19,9,5,1,9,3.0,5.0,54575,M,4947794.0,585648.0,54
201100034051,11,6,24,826,1,1,2,1.0,2.0,54149,M,4943892.0,591352.0,54
201100034052,11,7,8,2230,3,1,1,1.0,3.0,54149,M,,,54
201100034053,11,8,13,1130,1,1,1,1.0,7.0,54525,M,,,54
201100034054,11,9,22,953,1,1,1,1.0,2.0,54575,M,,,54
201100034055,11,11,4,735,2,1,1,2.0,1.0,54575,M,,,54
201100034056,11,11,30,1440,1,1,3,8.0,3.0,54575,M,,,54
201100034057,11,12,9,1451,1,1,1,8.0,5.0,54270,M,,,54
201100034058,11,1,1,430,5,2,1,1.0,7.0,55029,M,,,55
201100034059,11,2,23,1540,1,1,3,1.0,3.0,55186,M,,,55
201100034060,11,3,3,1410,1,2,1,1.0,2.0,55029,M,,,55
201100034061,11,3,28,1830,1,2,1,1.0,1.0,55029,M,4876710.0,518016.0,55
201100034062,11,4,8,2030,2,1,1,1.0,1.0,55302,M,4875142.0,520847.0,55
201100034063,11,5,2,1055,1,2,1,1.0,4.0,55029,M,,,55
201100034064,11,5,4,1220,1,2,6,1.0,3.0,55029,M,,,55
201100034065,11,5,28,2000,1,1,1,1.0,7.0,55186,M,,,55
201100034066,11,6,23,1325,1,2,1,1.0,2.0,55029,M,,,55
201100034067,11,6,24,1335,1,2,1,1.0,6.0,55029,M,,,55
201100034068,11,7,9,1130,1,2,1,1.0,2.0,55029,M,,,55
201100034069,11,9,3,1255,1,2,1,1.0,3.0,55029,M,,,55
201100034070,11,9,12,1320,1,2,1,1.0,3.0,55029,M,,,55
201100034071,11,9,19,735,1,2,1,1.0,7.0,55029,M,,,55
201100034072,11,9,27,1535,1,2,1,1.0,7.0,55029,M,,,55
201100034073,11,10,9,2125,5,2,1,2.0,7.0,55029,M,,,55
201100034074,11,10,21,1720,1,2,1,1.0,2.0,55029,M,4877801.0,515296.0,55
201100034075,11,10,26,1630,1,1,1,1.0,7.0,55476,M,,,55
201100034076,11,10,29,1400,1,2,9,1.0,4.0,55029,M,,,55
201100034077,11,11,22,1100,1,2,1,1.0,7.0,55029,M,,,55
201100034078,11,11,26,1750,5,2,1,1.0,6.0,55029,M,,,55
201100034079,11,11,30,2325,3,1,1,1.0,7.0,55029,M,,,55
201100034080,11,1,26,1810,5,2,1,2.0,7.0,55545,M,4915801.0,539220.0,55
201100034081,11,1,28,1730,2,2,1,1.0,2.0,55545,M,4916774.0,539026.0,55
201100034082,11,1,30,545,3,1,1,1.0,6.0,55236,M,4913954.0,541163.0,55
201100034083,11,3,11,1410,1,2,2,1.0,6.0,55043,M,4917610.0,538184.0,55
201100034084,11,4,10,1055,1,2,3,1.0,3.0,55505,M,4916512.0,536234.0,55
201100034085,11,4,11,2000,1,1,1,1.0,6.0,55042,M,,,55
201100034086,11,5,6,2350,3,1,1,1.0,6.0,55545,M,4913803.0,532294.0,55
201100034087,11,6,2,2030,2,2,1,1.0,6.0,55545,M,4915609.0,538630.0,55
201100034088,11,8,11,1525,1,1,4,1.0,1.0,55545,M,,,55
201100034089,11,8,16,1740,1,2,3,1.0,3.0,55545,M,0.0,0.0,55
201100034090,11,8,21,1810,1,1,1,1.0,6.0,55236,M,,,55
201100034091,11,8,25,1545,1,2,1,1.0,6.0,55545,M,,,55
201100034092,11,9,16,1415,1,1,2,1.0,3.0,55043,M,4918606.0,537189.0,55
201100034093,11,9,24,1225,1,2,1,1.0,7.0,55545,M,4915783.0,538573.0,55
201100034094,11,10,8,1610,1,1,1,2.0,6.0,55236,M,4913765.0,542862.0,55
201100034095,11,10,16,125,3,1,1,1.0,6.0,55545,M,,,55
201100034096,11,10,18,1710,2,2,6,2.0,3.0,55545,M,,,55
201100034097,11,10,20,1340,1,1,1,1.0,6.0,55236,M,4913310.0,544633.0,55
201100034098,11,11,11,1530,1,2,1,1.0,6.0,55545,M,,,55
201100034099,11,11,21,1740,2,2,6,1.0,7.0,55545,M,,,55
201100034100,11,12,12,1700,4,2,9,2.0,1.0,55545,M,,,55
201100034101,11,12,16,630,3,2,1,2.0,6.0,55545,M,4915775.0,539508.0,55
201100034102,11,1,2,1020,1,1,6,1.0,3.0,56107,M,4770799.0,-341468.0,56
201100034103,11,1,5,1205,1,2,1,2.0,2.0,56121,M,4775922.0,-337944.0,56
201100034104,11,1,6,2315,5,2,2,1.0,3.0,56121,M,4773350.0,-338534.0,56
201100034105,11,1,7,640,5,2,1,6.0,7.0,56098,M,4777839.0,-334518.0,56
201100034106,11,1,7,829,5,2,1,6.0,7.0,56121,M,4775365.0,-336951.0,56
201100034107,11,1,7,1020,1,2,1,1.0,6.0,56121,M,4775066.0,-336747.0,56
201100034108,11,1,7,1051,1,2,3,1.0,5.0,56121,M,4776817.0,-340434.0,56
201100034109,11,1,7,1135,1,2,1,1.0,5.0,56121,M,4775841.0,-337041.0,56
201100034110,11,1,11,850,4,1,1,1.0,2.0,56083,M,,,56
201100034111,11,1,14,1945,5,2,1,1.0,6.0,56083,M,4780474.0,-325753.0,56
201100034112,11,1,14,1350,1,2,2,2.0,3.0,56162,M,4773381.0,-343278.0,56
201100034113,11,1,15,1033,1,2,2,1.0,3.0,56121,M,4776408.0,-336742.0,56
201100034114,11,1,19,1928,5,1,6,1.0,7.0,56083,M,4780628.0,-325926.0,56
201100034115,11,1,21,2345,5,2,2,1.0,3.0,56098,M,4777007.0,-335016.0,56
201100034116,11,1,22,155,5,2,3,1.0,3.0,56121,M,4773969.0,-336875.0,56
201100034117,11,1,24,1446,1,2,1,1.0,7.0,56098,M,4777764.0,-334386.0,56
201100034118,11,1,26,1848,5,2,1,1.0,6.0,56121,M,4776191.0,-340259.0,56
201100034119,11,1,26,1935,5,2,1,2.0,2.0,56121,M,4774330.0,-338222.0,56
201100034120,11,1,28,1620,1,2,1,1.0,7.0,56121,M,4774687.0,-336591.0,56
201100034121,11,1,30,440,3,1,1,1.0,7.0,56098,M,,,56
201100034122,11,1,31,1100,1,2,1,1.0,7.0,56121,M,4775413.0,-338341.0,56
201100034123,11,1,31,1440,1,2,3,1.0,3.0,56121,M,4776458.0,-339802.0,56
201100034124,11,2,1,1859,5,2,1,1.0,7.0,56098,M,4776529.0,-333426.0,56
201100034125,11,2,2,2115,5,2,1,2.0,7.0,56121,M,4774569.0,-338063.0,56
201100034126,11,2,3,1555,1,2,2,1.0,2.0,56083,M,4781554.0,-324385.0,56
201100034127,11,2,8,1004,1,2,2,1.0,7.0,56162,M,4773565.0,-342760.0,56
201100034128,11,2,11,2325,5,2,1,2.0,7.0,56121,M,4776358.0,-337034.0,56
201100034129,11,2,12,1619,1,2,6,1.0,3.0,56121,M,4775161.0,-336922.0,56
201100034130,11,2,13,35,5,1,1,2.0,7.0,56162,M,,,56
201100034131,11,2,18,600,5,2,6,1.0,3.0,56121,M,4776014.0,-336606.0,56
201100034132,11,2,18,1340,1,2,1,1.0,7.0,56121,M,4774660.0,-337784.0,56
201100034133,11,2,18,1955,5,2,2,1.0,3.0,56121,M,4775704.0,-335646.0,56
201100034134,11,2,23,1344,1,2,6,8.0,3.0,56121,M,4774196.0,-335849.0,56
201100034135,11,2,23,1430,1,2,1,8.0,7.0,56121,M,4775372.0,-336245.0,56
201100034136,11,2,24,909,1,1,1,8.0,4.0,56083,M,,,56
201100034137,11,2,24,1850,2,2,1,1.0,7.0,56098,M,4776217.0,-333805.0,56
201100034138,11,2,28,1635,1,2,1,1.0,3.0,56121,M,4776473.0,-339837.0,56
201100034139,11,3,2,1520,1,1,1,1.0,7.0,56083,M,4781225.0,-330252.0,56
201100034140,11,3,4,1120,1,1,1,1.0,7.0,56162,M,,,56
201100034141,11,3,5,2025,1,2,1,1.0,7.0,56121,M,4775660.0,-336409.0,56
201100034142,11,3,8,1347,1,2,1,1.0,1.0,56121,M,4777210.0,-340451.0,56
201100034143,11,3,17,1232,1,2,2,1.0,6.0,56121,M,4774201.0,-339131.0,56
201100034144,11,3,18,930,1,2,2,1.0,3.0,56121,M,4774711.0,-336587.0,56
201100034145,11,3,18,1921,1,2,2,1.0,2.0,56083,M,4781251.0,-324656.0,56
201100034146,11,3,19,1910,1,2,1,1.0,6.0,56098,M,4775697.0,-334504.0,56
201100034147,11,3,22,839,1,1,2,1.0,4.0,56162,M,4773283.0,-348417.0,56
201100034148,11,3,24,755,1,2,6,7.0,2.0,56162,M,4773696.0,-343667.0,56
201100034149,11,3,24,1437,1,2,3,1.0,3.0,56098,M,4777633.0,-333865.0,56
201100034150,11,3,31,1220,1,1,1,2.0,7.0,56098,M,,,56
201100034151,11,3,31,1324,1,2,6,2.0,7.0,56083,M,4779965.0,-326051.0,56
201100034152,11,4,1,1940,1,1,1,1.0,6.0,56083,M,,,56
201100034153,11,4,2,845,2,2,2,1.0,7.0,56121,M,4774599.0,-335852.0,56
201100034154,11,4,2,1114,1,2,1,1.0,6.0,56121,M,4775934.0,-336570.0,56
201100034155,11,4,5,1324,1,2,2,1.0,3.0,56121,M,4774193.0,-336131.0,56
201100034156,11,4,8,1000,1,2,1,1.0,2.0,56121,M,4777210.0,-340451.0,56
201100034157,11,4,8,1705,1,2,3,1.0,3.0,56121,M,4775820.0,-337102.0,56
201100034158,11,4,8,2020,1,2,2,1.0,3.0,56121,M,4775580.0,-337948.0,56
201100034159,11,4,10,1735,1,2,1,1.0,6.0,56107,M,4770640.0,-338506.0,56
201100034160,11,4,13,747,1,2,3,1.0,3.0,56098,M,4774763.0,-337410.0,56
201100034161,11,4,13,1649,1,2,1,1.0,7.0,56098,M,4776965.0,-333734.0,56
201100034162,11,4,14,853,1,2,1,1.0,3.0,56121,M,4774109.0,-335238.0,56
201100034163,11,4,15,2155,5,2,2,1.0,3.0,56121,M,4773343.0,-338523.0,56
201100034164,11,4,17,5,5,2,1,1.0,6.0,56121,M,4774513.0,-335856.0,56
201100034165,11,4,18,1750,1,2,1,1.0,6.0,56121,M,4774530.0,-336804.0,56
201100034166,11,4,19,1230,1,2,2,1.0,3.0,56121,M,4774190.0,-336136.0,56
201100034167,11,4,27,1125,1,2,1,1.0,3.0,56162,M,4770418.0,-344269.0,56
201100034168,11,4,28,1330,1,2,1,1.0,2.0,56121,M,4774710.0,-336576.0,56
201100034169,11,4,28,1640,1,2,1,1.0,6.0,56121,M,4774146.0,-339345.0,56
201100034170,11,4,29,1331,1,2,1,1.0,7.0,56121,M,4776515.0,-339078.0,56
201100034171,11,4,29,1720,1,2,1,1.0,7.0,56121,M,4774318.0,-337354.0,56
201100034172,11,4,29,2027,1,2,2,1.0,3.0,56121,M,4776411.0,-336783.0,56
201100034173,11,5,1,310,5,2,1,3.0,7.0,56121,M,4776596.0,-340078.0,56
201100034174,11,5,2,1620,1,2,1,3.0,1.0,56083,M,4781327.0,-325329.0,56
201100034175,11,5,2,1744,1,2,2,1.0,6.0,56121,M,4775235.0,-336263.0,56
201100034176,11,5,4,757,1,2,6,1.0,3.0,56121,M,4774357.0,-339516.0,56
201100034177,11,5,5,1015,1,2,3,1.0,6.0,56098,M,4776714.0,-333951.0,56
201100034178,11,5,8,1550,1,2,1,1.0,7.0,56121,M,4774340.0,-338101.0,56
201100034179,11,5,7,2008,1,2,1,2.0,7.0,56121,M,4774184.0,-338948.0,56
201100034180,11,5,11,1350,1,2,1,1.0,6.0,56121,M,4774808.0,-337958.0,56
201100034181,11,5,12,1050,1,2,2,1.0,2.0,56121,M,4776027.0,-339336.0,56
201100034182,11,5,13,505,5,2,1,1.0,6.0,56098,M,4776668.0,-335605.0,56
201100034183,11,5,15,1955,1,2,1,1.0,6.0,56083,M,,,56
201100034184,11,5,16,1143,1,2,1,1.0,2.0,56098,M,4776722.0,-334505.0,56
201100034185,11,5,18,1608,1,2,1,1.0,6.0,56162,M,4773670.0,-340137.0,56
201100034186,11,5,18,1855,1,2,1,1.0,3.0,56098,M,4775807.0,-333895.0,56
201100034187,11,5,20,945,1,1,1,1.0,7.0,56083,M,,,56
201100034188,11,5,21,1710,1,2,1,1.0,7.0,56098,M,4776181.0,-334666.0,56
201100034189,11,5,21,1810,1,2,1,1.0,7.0,56098,M,4775567.0,-332757.0,56
201100034190,11,5,24,1713,1,2,6,1.0,3.0,56098,M,4776715.0,-333959.0,56
201100034191,11,5,24,2004,2,2,1,1.0,7.0,56083,M,4780411.0,-328026.0,56
201100034192,11,5,25,1630,1,2,1,1.0,2.0,56098,M,4775894.0,-333647.0,56
201100034193,11,5,26,857,1,2,1,1.0,2.0,56083,M,4779149.0,-327248.0,56
201100034194,11,5,26,1328,1,2,1,1.0,7.0,56121,M,4775174.0,-336521.0,56
201100034195,11,5,29,1645,1,2,2,1.0,7.0,56121,M,4773869.0,-338753.0,56
201100034196,11,5,30,1000,1,2,1,1.0,2.0,56121,M,4774451.0,-338550.0,56
201100034197,11,5,30,1653,1,2,2,1.0,3.0,56121,M,4774095.0,-337274.0,56
201100034198,11,6,2,1440,1,2,1,1.0,1.0,56098,M,4776699.0,-336009.0,56
201100034199,11,6,3,35,5,2,2,1.0,3.0,56121,M,4775054.0,-336292.0,56
201100034200,11,6,3,1900,1,2,6,1.0,2.0,56107,M,4771771.0,-338399.0,56
201100034201,11,6,4,1846,1,2,6,1.0,7.0,56083,M,4779691.0,-330028.0,56
201100034202,11,6,6,1707,1,2,2,1.0,3.0,56098,M,4776796.0,-335544.0,56
201100034203,11,6,7,2005,1,2,6,1.0,3.0,56121,M,4774723.0,-337646.0,56
201100034204,11,6,9,1158,1,2,1,1.0,1.0,56162,M,4773570.0,-342761.0,56
201100034205,11,6,10,1020,1,2,1,1.0,7.0,56121,M,4775660.0,-336474.0,56
201100034206,11,6,14,924,1,2,3,1.0,3.0,56098,M,4776944.0,-334767.0,56
201100034207,11,6,16,1407,1,2,2,1.0,3.0,56121,M,4774074.0,-338786.0,56
201100034208,11,6,17,1700,1,2,1,1.0,2.0,56098,M,4776594.0,-331629.0,56
201100034209,11,6,20,1041,1,2,1,2.0,7.0,56121,M,4774623.0,-338927.0,56
201100034210,11,6,21,902,1,2,3,1.0,2.0,56098,M,4777514.0,-334635.0,56
201100034211,11,6,21,1000,1,2,1,1.0,6.0,56121,M,4773434.0,-338474.0,56
201100034212,11,6,21,1815,1,1,1,1.0,3.0,56083,M,4780994.0,-329112.0,56
201100034213,11,6,22,1150,1,2,1,1.0,6.0,56121,M,4774792.0,-336274.0,56
201100034214,11,6,23,1130,1,2,3,1.0,3.0,56098,M,4777514.0,-334635.0,56
201100034215,11,6,24,20,5,2,1,1.0,6.0,56121,M,4774505.0,-337579.0,56
201100034216,11,6,25,1015,1,2,1,1.0,3.0,56121,M,4773737.0,-338244.0,56
201100034217,11,6,26,655,1,2,1,1.0,6.0,56162,M,4769937.0,-345375.0,56
201100034218,11,6,26,1046,1,1,2,1.0,3.0,56162,M,,,56
201100034219,11,6,26,1440,1,1,1,1.0,3.0,56107,M,,,56
201100034220,11,6,26,1935,1,2,2,1.0,3.0,56098,M,4776807.0,-334762.0,56
201100034221,11,6,27,1840,1,2,1,1.0,3.0,56162,M,4774034.0,-342763.0,56
201100034222,11,6,27,1910,1,2,2,1.0,3.0,56121,M,4773520.0,-339357.0,56
201100034223,11,6,28,1658,1,2,3,1.0,2.0,56121,M,4774609.0,-339570.0,56
201100034224,11,6,29,1925,1,1,1,1.0,6.0,56107,M,,,56
201100034225,11,6,29,1947,1,2,6,1.0,3.0,56098,M,4777432.0,-334009.0,56
201100034226,11,6,30,745,1,1,1,1.0,7.0,56162,M,4776000.0,-340780.0,56
201100034227,11,7,2,135,5,2,4,1.0,6.0,56107,M,4773060.0,-338616.0,56
201100034228,11,7,4,1505,1,2,2,1.0,3.0,56098,M,4775750.0,-334137.0,56
201100034229,11,7,4,1050,1,2,1,1.0,7.0,56121,M,4774522.0,-337310.0,56
201100034230,11,7,4,1553,1,1,3,1.0,3.0,56162,M,4773218.0,-340473.0,56
201100034231,11,7,8,1320,1,1,1,3.0,1.0,56162,M,4773301.0,-340393.0,56
201100034232,11,7,8,1340,1,2,3,3.0,3.0,56121,M,4775375.0,-336232.0,56
201100034233,11,7,9,1550,1,1,1,1.0,5.0,56083,M,,,56
201100034234,11,7,9,2130,2,2,1,1.0,3.0,56098,M,4777453.0,-334661.0,56
201100034235,11,7,11,1758,1,1,1,1.0,2.0,56162,M,,,56
201100034236,11,7,11,1941,1,2,4,1.0,1.0,56121,M,4775284.0,-336167.0,56
201100034237,11,7,15,753,1,2,1,1.0,1.0,56098,M,4776203.0,-336325.0,56
201100034238,11,7,15,1520,1,2,1,1.0,6.0,56121,M,4773916.0,-337775.0,56
201100034239,11,7,15,1950,1,2,1,2.0,3.0,56121,M,4775678.0,-336568.0,56
201100034240,11,7,16,1606,1,2,3,3.0,3.0,56121,M,4774167.0,-335399.0,56
201100034241,11,7,16,2150,5,1,1,1.0,7.0,56083,M,4780588.0,-324687.0,56
201100034242,11,7,19,1441,1,2,1,1.0,3.0,56121,M,4774286.0,-336831.0,56
201100034243,11,7,19,1457,1,1,1,1.0,5.0,56162,M,4770497.0,-345999.0,56
201100034244,11,7,21,1034,1,2,3,1.0,3.0,56098,M,4776541.0,-335848.0,56
201100034245,11,7,22,1522,1,2,3,1.0,3.0,56121,M,4773879.0,-336859.0,56
201100034246,11,7,23,1609,1,2,1,1.0,7.0,56121,M,4775984.0,-336860.0,56
201100034247,11,7,24,200,3,1,1,1.0,7.0,56098,M,4778029.0,-334339.0,56
201100034248,11,7,26,1030,1,2,1,1.0,3.0,56098,M,4777465.0,-334654.0,56
201100034249,11,7,27,1300,1,2,1,1.0,1.0,56121,M,4776452.0,-336793.0,56
201100034250,11,7,29,1228,1,2,1,1.0,7.0,56162,M,,,56
201100034251,11,8,1,935,1,2,1,1.0,7.0,56098,M,4777306.0,-334660.0,56
201100034252,11,8,2,1330,1,1,1,1.0,4.0,56083,M,,,56
201100034253,11,8,4,1205,1,2,1,2.0,7.0,56121,M,4773609.0,-338336.0,56