Num_Acc,an,mois,jour,hrmn,lum,agg,int,atm,col,com,gps,lat,long,dep
201100034254,11,8,6,1702,1,2,6,1.0,3.0,56121,M,4775417.0,-338341.0,56
201100034255,11,8,8,1050,1,2,1,1.0,6.0,56121,M,4774529.0,-336413.0,56
201100034256,11,8,10,1410,1,2,1,1.0,2.0,56121,M,4773847.0,-338134.0,56
201100034257,11,8,11,2255,5,2,1,2.0,7.0,56121,M,4775010.0,-339410.0,56
201100034258,11,8,12,1503,1,2,1,1.0,2.0,56121,M,4776776.0,-340381.0,56
201100034259,11,8,13,1335,1,2,1,3.0,3.0,56162,M,4773274.0,-342854.0,56
201100034260,11,8,13,1355,1,2,3,1.0,7.0,56098,M,4777529.0,-334674.0,56
201100034261,11,8,14,1805,1,2,1,1.0,7.0,56121,M,4776511.0,-339075.0,56
201100034262,11,8,15,1150,1,2,1,1.0,3.0,56121,M,4775828.0,-337620.0,56
201100034263,11,8,15,1615,1,2,1,1.0,6.0,56107,M,4771741.0,-336720.0,56
201100034264,11,8,17,955,1,2,1,1.0,6.0,56121,M,4774622.0,-336689.0,56
201100034265,11,8,18,1829,1,2,1,1.0,6.0,56121,M,4776239.0,-339318.0,56
201100034266,11,8,19,240,3,1,1,1.0,7.0,56162,M,4773836.0,-345006.0,56
201100034267,11,8,20,1147,1,2,1,1.0,2.0,56083,M,4780552.0,-327501.0,56
201100034268,11,8,20,1223,1,2,1,1.0,2.0,56121,M,4776258.0,-339152.0,56
201100034269,11,8,22,1628,1,2,1,1.0,6.0,56162,M,4770543.0,-342679.0,56
201100034270,11,8,23,1618,1,1,1,1.0,2.0,56083,M,4779979.0,-326046.0,56
201100034271,11,8,26,1026,1,1,1,1.0,3.0,56162,M,4770282.0,-343175.0,56
201100034272,11,8,27,944,1,2,1,1.0,7.0,56162,M,4773663.0,-342654.0,56
201100034273,11,8,27,1949,1,2,2,1.0,3.0,56098,M,4776860.0,-334472.0,56
201100034274,11,8,31,820,1,2,6,1.0,3.0,56083,M,4779313.0,-326544.0,56
201100034275,11,8,31,1600,1,2,1,1.0,2.0,56098,M,4778064.0,-334120.0,56
201100034276,11,9,3,255,5,2,1,1.0,6.0,56162,M,4773565.0,-349845.0,56
201100034277,11,9,8,710,2,1,1,2.0,5.0,56098,M,,,56
201100034278,11,9,8,930,1,2,1,2.0,7.0,56121,M,4774376.0,-336816.0,56
201100034279,11,9,8,1715,1,2,1,1.0,3.0,56083,M,4780372.0,-326769.0,56
201100034280,11,9,8,1910,1,2,1,1.0,7.0,56098,M,4777317.0,-336061.0,56
201100034281,11,9,10,1955,1,2,1,1.0,2.0,56121,M,4774248.0,-338737.0,56
201100034282,11,9,12,900,1,2,1,1.0,7.0,56121,M,4774094.0,-337424.0,56
201100034283,11,9,12,1330,1,2,1,1.0,7.0,56121,M,4774144.0,-337264.0,56
201100034284,11,9,14,1359,1,2,1,1.0,7.0,56098,M,,,56
201100034285,11,9,14,1445,1,1,1,1.0,7.0,56162,M,,,56
201100034286,11,9,15,1945,1,2,1,1.0,7.0,56121,M,4773924.0,-338103.0,56
201100034287,11,9,16,1655,1,1,1,1.0,2.0,56083,M,,,56
201100034288,11,9,16,1750,1,2,1,1.0,6.0,56083,M,4781321.0,-324212.0,56
201100034289,11,9,17,1640,1,2,3,1.0,3.0,56083,M,4781328.0,-325981.0,56
201100034290,11,9,19,1206,1,2,1,1.0,7.0,56083,M,4780567.0,-334693.0,56
201100034291,11,9,19,807,1,2,3,1.0,7.0,56098,M,4776182.0,-335145.0,56
201100034292,11,9,20,1935,1,2,1,1.0,7.0,56098,M,4776628.0,-335687.0,56
201100034293,11,9,22,2018,5,2,6,1.0,3.0,56083,M,4780000.0,-326017.0,56
201100034294,11,9,23,530,5,2,3,1.0,3.0,56121,M,4774505.0,-337633.0,56
201100034295,11,9,26,1810,1,2,1,1.0,5.0,56083,M,4780010.0,-328757.0,56
201100034296,11,9,30,450,5,2,1,1.0,7.0,56121,M,4774828.0,-336520.0,56
201100034297,11,10,4,1859,1,2,1,1.0,7.0,56121,M,4775567.0,-339150.0,56
201100034298,11,10,4,2300,5,1,1,1.0,7.0,56162,M,4773841.0,-344443.0,56
201100034299,11,10,5,1815,1,2,2,1.0,3.0,56121,M,4774690.0,-336587.0,56
201100034300,11,10,6,755,1,2,1,2.0,7.0,56098,M,4776207.0,-336333.0,56
201100034301,11,10,7,1850,1,1,1,1.0,7.0,56083,M,4778881.0,-327413.0,56
201100034302,11,10,8,2100,5,2,2,1.0,3.0,56121,M,4774792.0,-336481.0,56
201100034303,11,10,11,845,1,2,3,2.0,3.0,56121,M,4774798.0,-339095.0,56
201100034304,11,10,11,1925,5,2,1,1.0,5.0,56121,M,4774671.0,-336770.0,56
201100034305,11,10,13,1334,1,2,1,8.0,2.0,56121,M,4776166.0,-337575.0,56
201100034306,11,10,12,1105,1,2,1,2.0,7.0,56121,M,4774824.0,-338632.0,56
201100034307,11,10,12,1801,1,2,1,1.0,2.0,56107,M,4771174.0,-338546.0,56
201100034308,11,10,15,1,5,1,6,1.0,7.0,56162,M,4773684.0,-343665.0,56
201100034309,11,10,15,1130,1,2,3,1.0,3.0,56121,M,4776385.0,-339534.0,56
201100034310,11,10,15,1652,1,1,2,1.0,3.0,56083,M,4780773.0,-328887.0,56
201100034311,11,10,15,1950,5,2,2,1.0,3.0,56121,M,4773646.0,-338292.0,56
201100034312,11,10,17,740,5,2,1,1.0,3.0,56098,M,4775908.0,-335257.0,56
201100034313,11,10,17,525,5,2,1,1.0,7.0,56121,M,4775996.0,-336590.0,56
201100034314,11,10,19,907,1,2,1,1.0,7.0,56121,M,4774797.0,-335853.0,56
201100034315,11,10,19,1615,1,1,1,1.0,7.0,56162,M,4773392.0,-342062.0,56
201100034316,11,10,23,1235,1,2,1,1.0,7.0,56098,M,4776141.0,-335004.0,56
201100034317,11,10,23,1715,1,2,6,1.0,2.0,56121,M,4775794.0,-337543.0,56
201100034318,11,10,24,1212,1,2,1,1.0,7.0,56098,M,4777825.0,-335369.0,56
201100034319,11,10,25,1114,1,2,2,1.0,3.0,56098,M,4777165.0,-333880.0,56
201100034320,11,10,25,1320,1,1,6,1.0,7.0,56121,M,4774121.0,-335793.0,56
201100034321,11,10,25,1445,1,2,1,1.0,5.0,56121,M,4775306.0,-337585.0,56
201100034322,11,10,25,2253,5,2,3,1.0,3.0,56098,M,4775631.0,-334053.0,56
201100034323,11,10,28,1349,1,2,1,1.0,3.0,56121,M,4776447.0,-339257.0,56
201100034324,11,10,28,1330,1,2,1,1.0,3.0,56162,M,4773864.0,-341990.0,56
201100034325,11,10,28,1919,2,1,1,1.0,2.0,56098,M,4777825.0,-335432.0,56
201100034326,11,10,30,1156,1,2,1,1.0,7.0,56121,M,4775023.0,-336711.0,56
201100034327,11,11,2,1610,1,2,1,2.0,1.0,56083,M,4782295.0,-324474.0,56
201100034328,11,11,2,1745,3,2,1,3.0,5.0,56121,M,4774720.0,-336575.0,56
201100034329,11,11,2,2050,5,2,1,1.0,3.0,56121,M,4775484.0,-336333.0,56
201100034330,11,11,3,1844,5,2,1,1.0,3.0,56121,M,4773316.0,-338323.0,56
201100034331,11,11,4,957,1,2,1,1.0,2.0,56121,M,4773512.0,-337500.0,56
201100034332,11,11,4,1315,1,2,2,2.0,3.0,56121,M,4774687.0,-336595.0,56
201100034333,11,11,5,2330,5,2,2,1.0,3.0,56098,M,4775704.0,-333794.0,56
201100034334,11,11,7,2225,5,2,1,1.0,6.0,56107,M,4770831.0,-338693.0,56
201100034335,11,11,11,1542,1,1,1,8.0,7.0,56121,M,4774774.0,-338701.0,56
201100034336,11,11,12,35,3,2,1,1.0,7.0,56121,M,4775314.0,-337441.0,56
201100034337,11,11,13,2148,5,2,1,1.0,7.0,56162,M,,,56
201100034338,11,11,16,836,2,2,1,2.0,7.0,56121,M,4774059.0,-337135.0,56
201100034339,11,11,16,1349,1,2,1,1.0,7.0,56083,M,4780137.0,-328179.0,56
201100034340,11,11,17,1655,1,2,1,1.0,7.0,56121,M,4775339.0,-336642.0,56
201100034341,11,11,17,1810,3,2,1,1.0,7.0,56121,M,4774158.0,-336407.0,56
201100034342,11,11,24,1140,1,2,3,1.0,3.0,56121,M,4774346.0,-337426.0,56
201100034343,11,11,19,255,5,2,1,2.0,7.0,56098,M,4777564.0,-336070.0,56
201100034344,11,11,24,1454,1,2,1,1.0,6.0,56083,M,4780182.0,-328318.0,56
201100034345,11,11,21,1844,5,2,2,2.0,3.0,56121,M,4776387.0,-336741.0,56
201100034346,11,11,23,1800,2,1,1,2.0,7.0,56098,M,4777529.0,-334276.0,56
201100034347,11,11,24,1210,1,2,1,1.0,7.0,56121,M,4775097.0,-336803.0,56
201100034348,11,12,1,750,5,2,1,2.0,7.0,56121,M,4774610.0,-336724.0,56
201100034349,11,12,1,825,2,2,1,2.0,3.0,56098,M,4776650.0,-335654.0,56
201100034350,11,12,2,1720,1,2,4,1.0,3.0,56121,M,4774190.0,-336142.0,56
201100034351,11,12,2,1814,5,2,1,1.0,1.0,56098,M,4777877.0,-333710.0,56
201100034352,11,12,2,1856,5,2,1,1.0,7.0,56121,M,4774890.0,-335910.0,56
201100034353,11,12,5,1211,1,2,1,1.0,7.0,56121,M,4774291.0,-336699.0,56
201100034354,11,12,6,1215,1,2,1,1.0,2.0,56121,M,4775349.0,-336977.0,56
201100034355,11,12,7,1815,2,2,1,1.0,7.0,56121,M,4776722.0,-338121.0,56
201100034356,11,12,8,1614,1,2,1,2.0,7.0,56121,M,4774710.0,-338268.0,56
201100034357,11,12,8,1913,2,2,1,1.0,2.0,56121,M,4774271.0,-336830.0,56
201100034358,11,12,9,915,1,2,1,2.0,3.0,56121,M,4775220.0,-336991.0,56
201100034359,11,12,9,1134,1,2,1,2.0,3.0,56098,M,4776548.0,-335236.0,56
201100034360,11,12,10,1525,1,2,1,1.0,7.0,56121,M,,,56
201100034361,11,12,14,820,2,2,1,2.0,7.0,56121,M,4773828.0,-338139.0,56
201100034362,11,12,14,1315,1,2,1,2.0,7.0,56098,M,,,56
201100034363,11,12,14,1833,3,1,1,3.0,2.0,56083,M,,,56
201100034364,11,12,15,1221,1,2,1,3.0,7.0,56098,M,4775627.0,-334047.0,56
201100034365,11,12,16,1155,1,2,1,1.0,2.0,56083,M,4779774.0,-327574.0,56
201100034366,11,12,16,1150,1,2,2,1.0,4.0,56121,M,4774265.0,-338422.0,56
201100034367,11,12,17,1735,5,2,1,1.0,7.0,56098,M,4778046.0,-334201.0,56
201100034368,11,12,20,1005,1,2,2,1.0,3.0,56121,M,4774076.0,-338985.0,56
201100034369,11,12,22,115,5,2,2,1.0,7.0,56107,M,,,56
201100034370,11,12,16,2210,3,1,1,1.0,7.0,56121,M,,,56
201100034371,11,12,26,1413,1,1,1,1.0,7.0,56107,M,,,56
201100034372,11,12,29,1800,2,2,1,1.0,3.0,56083,M,4780324.0,-327869.0,56
201100034373,11,12,30,1625,1,2,6,2.0,7.0,56083,M,4780429.0,-327352.0,56
201100034374,11,12,31,240,5,1,1,2.0,7.0,56162,M,,,56
201100034375,11,12,31,220,3,1,6,2.0,7.0,56107,M,4771775.0,-338348.0,56
201100034376,11,12,8,1403,1,2,1,9.0,2.0,56260,M,,,56
201100034377,11,1,12,1915,5,2,3,2.0,3.0,56260,M,4766135.0,-275717.0,56
201100034378,11,1,14,2000,5,2,9,1.0,6.0,56260,M,4766610.0,-276116.0,56
201100034379,11,2,1,1635,1,2,2,1.0,2.0,56260,M,4764801.0,-278160.0,56
201100034380,11,2,13,645,5,2,3,1.0,3.0,56260,M,4766702.0,-275656.0,56
201100034381,11,2,15,1720,1,2,3,1.0,6.0,56260,M,4766017.0,-279032.0,56
201100034382,11,2,19,1610,1,1,9,1.0,2.0,56260,M,,,56
201100034383,11,2,21,1315,1,2,1,2.0,6.0,56260,M,4766646.0,-277018.0,56
201100034384,11,2,25,1203,1,2,1,1.0,6.0,56260,M,4765561.0,-275836.0,56
201100034385,11,3,3,835,1,2,3,1.0,6.0,56260,M,4765645.0,-275984.0,56
201100034386,11,3,10,920,1,2,1,1.0,1.0,56260,M,4763789.0,-276677.0,56
201100034387,11,3,31,2230,5,2,1,2.0,3.0,56260,M,4764061.0,-275984.0,56
201100034388,11,4,4,1006,1,2,1,1.0,6.0,56260,M,4767935.0,-276304.0,56
201100034389,11,4,4,1535,1,2,1,1.0,2.0,56260,M,4766880.0,-279696.0,56
201100034390,11,4,17,1510,1,2,1,1.0,3.0,56260,M,4764548.0,-275953.0,56
201100034391,11,4,20,1115,1,2,1,1.0,2.0,56260,M,4764691.0,-275892.0,56
201100034392,11,4,26,1050,1,2,1,1.0,2.0,56260,M,4765926.0,-274987.0,56
201100034393,11,4,25,1535,1,2,1,1.0,6.0,56260,M,4765982.0,-278266.0,56
201100034394,11,5,3,2325,5,2,3,1.0,6.0,56260,M,4765918.0,-276318.0,56
201100034395,11,5,4,1140,1,2,6,1.0,6.0,56260,M,4765370.0,-275917.0,56
201100034396,11,5,9,331,3,1,1,1.0,7.0,56260,M,4768041.0,-278402.0,56
201100034397,11,5,7,1500,1,1,1,3.0,4.0,56260,M,,,56
201100034398,11,5,18,1905,1,2,1,1.0,3.0,56260,M,4764883.0,-277036.0,56
201100034399,11,5,26,1735,1,2,1,1.0,6.0,56260,M,4765513.0,-272026.0,56
201100034400,11,5,28,1120,1,2,3,1.0,3.0,56260,M,4765064.0,-277644.0,56
201100034401,11,6,8,750,1,2,1,1.0,2.0,56260,M,4765994.0,-269747.0,56
201100034402,11,6,10,1450,1,2,1,1.0,6.0,56260,M,4765327.0,-275764.0,56
201100034403,11,6,14,905,1,2,6,2.0,6.0,56260,M,4765318.0,-278342.0,56
201100034404,11,6,18,1445,1,1,1,1.0,6.0,56260,M,,,56
201100034405,11,6,8,1055,1,2,1,1.0,3.0,56260,M,4766258.0,-278566.0,56
201100034406,11,5,31,1550,1,2,6,1.0,6.0,56260,M,4765500.0,-275334.0,56
201100034407,11,6,24,1435,1,2,1,1.0,6.0,56260,M,4765695.0,-275980.0,56
201100034408,11,6,24,1450,1,2,3,1.0,3.0,56260,M,4766664.0,-277726.0,56
201100034409,11,7,6,1205,1,2,1,1.0,2.0,56243,M,4765342.0,-272098.0,56
201100034410,11,6,30,1555,1,2,7,1.0,6.0,56260,M,4765575.0,-275970.0,56
201100034411,11,7,16,1455,1,2,1,2.0,3.0,56260,M,4766007.0,-278766.0,56
201100034412,11,7,16,1615,1,2,1,2.0,2.0,56260,M,4765398.0,-279358.0,56
201100034413,11,6,29,2145,1,2,1,1.0,6.0,56260,M,4766518.0,-273872.0,56
201100034414,11,8,14,615,5,2,1,1.0,6.0,56260,M,4763787.0,-276257.0,56
201100034415,11,8,19,1330,1,2,4,1.0,6.0,56260,M,4766067.0,-274372.0,56
201100034416,11,9,13,2215,5,2,3,1.0,3.0,56260,M,4766712.0,-277354.0,56
201100034417,11,9,12,2100,5,2,1,1.0,1.0,56260,M,4766138.0,-275781.0,56
201100034418,11,9,14,1715,1,2,1,1.0,6.0,56260,M,4764532.0,-277920.0,56
201100034419,11,9,22,1720,1,2,3,1.0,3.0,56260,M,4765532.0,-235145.0,56
201100034420,11,9,23,2020,2,2,1,1.0,3.0,56260,M,4763859.0,-276761.0,56
201100034421,11,9,23,1840,1,2,9,1.0,4.0,56260,M,4766464.0,-272531.0,56
201100034422,11,9,29,1610,1,2,1,1.0,6.0,56260,M,4765871.0,-276048.0,56
201100034423,11,10,6,1545,1,2,6,1.0,6.0,56260,M,4766328.0,-275122.0,56
201100034424,11,10,7,1020,1,2,6,1.0,6.0,56260,M,4766392.0,-275565.0,56
201100034425,11,10,11,1245,1,2,3,1.0,3.0,56260,M,4767271.0,-276427.0,56
201100034426,11,10,11,1750,1,2,3,1.0,3.0,56260,M,4767739.0,-276630.0,56
201100034427,11,10,14,2035,5,2,1,1.0,6.0,56260,M,4766989.0,-274939.0,56
201100034428,11,10,19,1645,1,2,1,1.0,6.0,56260,M,4765852.0,-275994.0,56
201100034429,11,10,15,945,1,2,1,1.0,2.0,56260,M,4766596.0,-276759.0,56
201100034430,11,10,26,1420,1,2,1,1.0,6.0,56260,M,4766643.0,-275658.0,56
201100034431,11,10,27,1220,1,2,1,8.0,5.0,56260,M,,,56
201100034432,11,10,30,1310,1,2,1,1.0,3.0,56260,M,4763849.0,-277848.0,56
201100034433,11,11,1,1500,1,2,1,1.0,6.0,56260,M,4765925.0,-275443.0,56
201100034434,11,11,4,1250,1,2,1,1.0,2.0,56260,M,4765949.0,-277870.0,56
201100034435,11,11,5,1645,1,2,1,1.0,3.0,56260,M,4766209.0,-278777.0,56
201100034436,11,11,17,1335,1,2,1,1.0,2.0,56260,M,,,56
201100034437,11,11,16,1625,1,2,1,3.0,6.0,56260,M,4766150.0,-276583.0,56
201100034438,11,11,23,1745,1,2,1,1.0,1.0,56260,M,4766906.0,-278834.0,56
201100034439,11,11,25,845,2,2,2,1.0,6.0,56260,M,4765387.0,-275305.0,56
201100034440,11,12,9,1950,5,2,1,1.0,2.0,56260,M,,,56
201100034441,11,11,10,800,2,2,1,8.0,6.0,56260,M,4765092.0,-277436.0,56
201100034442,11,12,6,2005,5,2,6,2.0,3.0,56260,M,4766641.0,-279349.0,56
201100034443,11,12,7,1745,5,2,1,9.0,6.0,56260,M,4765654.0,-276615.0,56
201100034444,11,12,2,1810,5,2,1,1.0,6.0,56260,M,4765991.0,-278094.0,56
201100034445,11,1,19,1600,1,2,9,1.0,3.0,56260,M,4765927.0,-277234.0,56
201100034446,11,2,3,830,1,2,1,8.0,6.0,56260,M,4765360.0,-275743.0,56
201100034447,11,2,4,1907,3,2,9,1.0,2.0,56260,M,4768355.0,-276674.0,56
201100034448,11,2,18,1840,5,2,6,2.0,3.0,56260,M,4765527.0,-277409.0,56
201100034449,11,2,22,1730,1,2,1,2.0,2.0,56260,M,4768355.0,-276674.0,56
201100034450,11,3,13,940,1,2,9,1.0,7.0,56260,M,4767612.0,-277461.0,56
201100034451,11,3,22,1825,1,2,9,1.0,2.0,56260,M,4764624.0,-278008.0,56
201100034452,11,5,19,2000,1,2,1,1.0,4.0,56260,M,4765930.0,-274999.0,56
201100034453,11,5,23,1055,1,2,1,1.0,2.0,56260,M,4766149.0,-276147.0,56
201100034454,11,6,21,1435,1,2,1,1.0,6.0,56164,M,4766216.0,-279557.0,56
201100034455,11,7,6,1143,1,2,1,1.0,3.0,56260,M,4765537.0,-275546.0,56
201100034456,11,7,8,2110,2,1,1,2.0,2.0,56260,M,4767340.0,-271741.0,56
201100034457,11,7,13,900,1,2,1,1.0,2.0,56260,M,4766420.0,-275572.0,56
201100034458,11,7,21,825,2,2,1,1.0,3.0,56260,M,4765475.0,-273851.0,56
201100034459,11,7,26,1740,1,2,1,1.0,3.0,56260,M,4764961.0,-276534.0,56
201100034460,11,8,5,1035,1,2,9,1.0,6.0,56260,M,4766395.0,-276631.0,56
201100034461,11,9,5,1650,1,2,1,1.0,6.0,56260,M,4765792.0,-276434.0,56
201100034462,11,9,27,1740,1,2,1,1.0,2.0,56260,M,4766464.0,-272531.0,56
201100034463,11,9,30,1840,1,2,1,1.0,4.0,56260,M,4765962.0,-278024.0,56
201100034464,11,10,10,1550,1,2,4,8.0,3.0,56260,M,4765495.0,-275602.0,56
201100034465,11,10,24,1045,1,2,1,2.0,4.0,56260,M,,,56
201100034466,11,10,26,1000,1,2,1,2.0,3.0,56260,M,4765877.0,-274821.0,56
201100034467,11,11,26,2305,5,2,1,1.0,6.0,56260,M,4765780.0,-276207.0,56
201100034468,11,12,1,745,2,2,1,3.0,6.0,56260,M,4766495.0,-275209.0,56
201100034469,11,12,8,1346,1,2,1,1.0,4.0,56260,M,4766620.0,-277100.0,56
201100034470,11,12,31,1115,1,2,3,1.0,1.0,56260,M,4767264.0,-276432.0,56
201100034471,11,12,11,1815,5,2,1,2.0,6.0,57660,M,,,57
201100034472,11,4,28,1640,1,2,1,1.0,6.0,57660,M,4920000.0,692988.0,57
201100034473,11,2,11,2030,3,2,4,1.0,6.0,57227,M,,,57
201100034474,11,3,28,1400,1,2,1,1.0,3.0,57660,M,,,57
201100034475,11,3,28,1155,1,2,1,1.0,3.0,57227,M,4918751.0,690996.0,57
201100034476,11,4,2,1655,1,1,1,1.0,7.0,57660,M,,,57
201100034477,11,5,11,1445,1,2,5,1.0,3.0,57660,M,,,57
201100034478,11,5,23,1715,1,2,3,1.0,3.0,57227,M,4918458.0,689045.0,57
201100034479,11,5,30,1750,1,2,9,1.0,3.0,57227,M,,,57
201100034480,11,7,10,2200,5,2,2,1.0,6.0,57227,M,4918757.0,691827.0,57
201100034481,11,8,27,1210,1,2,1,2.0,6.0,57660,M,4920115.0,692828.0,57
201100034482,11,11,11,1750,5,1,1,8.0,1.0,57227,M,,,57
201100034483,11,12,15,1755,5,2,1,3.0,6.0,57227,M,,,57
201100034484,11,7,28,2115,2,2,3,1.0,3.0,57240,M,4915067.0,681584.0,57
201100034485,11,9,22,930,1,2,2,1.0,3.0,57332,M,,,57
201100034486,11,10,6,740,2,2,1,1.0,6.0,57332,M,,,57
201100034487,11,10,10,1650,1,2,1,1.0,6.0,57240,M,,,57
201100034488,11,11,28,1130,1,2,1,1.0,6.0,57240,M,4915637.0,682019.0,57
201100034489,11,12,13,1655,2,2,6,1.0,6.0,57332,M,,,57
201100034490,11,1,17,1810,3,1,1,1.0,1.0,57591,M,,,57
201100034491,11,1,18,1825,3,1,1,2.0,6.0,57591,M,,,57
201100034492,11,2,13,1155,1,2,1,1.0,1.0,57591,M,4924441.0,608526.0,57
201100034493,11,2,23,1755,2,1,1,1.0,7.0,57019,M,,,57
201100034494,11,4,6,1440,1,2,1,1.0,3.0,57283,M,,,57
201100034495,11,5,24,1855,1,2,3,1.0,3.0,57019,M,,,57
201100034496,11,6,1,540,2,2,3,1.0,3.0,57491,M,4925071.0,605047.0,57
201100034497,11,6,9,1740,1,2,1,8.0,5.0,57491,M,,,57
201100034498,11,6,11,1945,1,2,1,1.0,2.0,57597,M,4925917.0,607322.0,57
201100034499,11,6,21,1800,1,2,3,1.0,6.0,57591,M,4925009.0,609342.0,57
201100034500,11,6,30,1520,1,2,3,1.0,1.0,57019,M,4924816.0,613330.0,57
201100034501,11,7,5,955,1,2,1,1.0,6.0,57591,M,4924915.0,609642.0,57
201100034502,11,7,10,2230,3,2,3,1.0,3.0,57491,M,4925881.0,601265.0,57
201100034503,11,7,23,1005,1,2,1,8.0,7.0,57597,M,,,57
201100034504,11,7,30,1515,1,2,3,1.0,3.0,57019,M,4925355.0,614306.0,57
201100034505,11,9,10,2030,5,2,1,1.0,6.0,57597,M,4925915.0,605752.0,57
201100034506,11,9,23,1910,1,2,1,1.0,6.0,57019,M,4925555.0,613008.0,57
201100034507,11,9,25,1730,1,1,1,1.0,6.0,57491,M,,,57
201100034508,11,10,17,825,1,2,3,1.0,1.0,57143,M,,,57
201100034509,11,10,20,1320,1,1,9,1.0,6.0,57283,M,4925041.0,617564.0,57
201100034510,11,11,10,805,1,2,1,1.0,2.0,57283,M,4925036.0,616669.0,57
201100034511,11,11,12,1115,1,2,1,1.0,6.0,57019,M,4926013.0,614244.0,57
201100034512,11,11,19,2100,5,2,1,1.0,1.0,57491,M,,,57
201100034513,11,12,7,745,5,2,6,2.0,6.0,57491,M,,,57
201100034514,11,12,12,800,5,2,1,3.0,6.0,57283,M,4924658.0,616688.0,57
201100034515,11,1,11,1720,5,2,3,8.0,6.0,57463,M,4911017.0,618849.0,57
201100034516,11,1,12,1810,5,2,1,2.0,6.0,57463,M,4912049.0,621846.0,57
201100034517,11,1,29,2050,3,2,1,1.0,7.0,57463,M,,,57
201100034518,11,1,30,715,2,2,2,1.0,6.0,57463,M,4910124.0,618851.0,57
201100034519,11,2,3,1330,1,2,2,8.0,6.0,57480,M,4909358.0,615105.0,57
201100034520,11,2,3,1757,1,2,1,8.0,6.0,57463,M,,,57
201100034521,11,2,8,1750,5,2,2,1.0,3.0,57463,M,4911257.0,616876.0,57
201100034522,11,2,10,1510,1,2,2,1.0,6.0,57463,M,4912535.0,618071.0,57
201100034523,11,2,11,25,5,2,1,8.0,6.0,57463,M,4912671.0,616117.0,57
201100034524,11,2,22,1640,1,2,2,1.0,6.0,57463,M,4910750.0,617180.0,57
201100034525,11,2,28,830,1,2,1,1.0,5.0,57463,M,,,57
201100034526,11,2,28,2345,5,2,1,1.0,3.0,57463,M,4912081.0,616846.0,57
201100034527,11,3,7,1730,1,2,1,1.0,5.0,57463,M,,,57
201100034528,11,3,11,2315,5,1,6,1.0,3.0,57463,M,,,57
201100034529,11,3,15,605,5,2,1,5.0,3.0,57751,M,,,57
201100034530,11,3,17,1550,1,2,1,1.0,6.0,57447,M,,,57
201100034531,11,3,22,1515,1,2,1,1.0,6.0,57463,M,4910946.0,618746.0,57
201100034532,11,3,23,1205,1,2,1,1.0,6.0,57463,M,,,57
201100034533,11,3,25,1835,2,2,1,1.0,6.0,57463,M,,,57
201100034534,11,3,30,1245,1,2,1,2.0,3.0,57463,M,,,57
201100034535,11,4,1,940,1,2,2,2.0,3.0,57447,M,,,57
201100034536,11,4,2,2312,5,2,1,1.0,2.0,57463,M,,,57
201100034537,11,4,5,1415,1,2,3,1.0,6.0,57487,M,,,57
201100034538,11,4,16,1820,1,2,1,1.0,3.0,57463,M,,,57
201100034539,11,4,18,1338,1,2,1,1.0,6.0,57463,M,4911189.0,617108.0,57
201100034540,11,4,18,2110,5,2,1,1.0,6.0,57480,M,,,57
201100034541,11,4,19,1455,1,2,3,1.0,3.0,57463,M,4910113.0,619109.0,57
201100034542,11,4,19,1815,1,2,3,1.0,3.0,57463,M,4910506.0,621463.0,57
201100034543,11,5,5,1857,1,2,2,1.0,3.0,57463,M,4910156.0,617249.0,57
201100034544,11,5,5,1930,1,2,3,1.0,3.0,57463,M,4909330.0,624410.0,57
201100034545,11,5,7,1510,1,1,6,1.0,2.0,57487,M,,,57
201100034546,11,5,13,1435,1,2,2,1.0,3.0,57463,M,4911603.0,623263.0,57
201100034547,11,5,20,735,2,2,2,7.0,3.0,57463,M,,,57
201100034548,11,5,23,1520,1,2,1,1.0,7.0,57751,M,,,57
201100034549,11,5,25,1815,1,2,2,1.0,3.0,57463,M,,,57
201100034550,11,5,25,1855,1,2,1,1.0,6.0,57463,M,4913271.0,617154.0,57
201100034551,11,5,28,1515,1,2,1,1.0,3.0,57463,M,4911591.0,616822.0,57
201100034552,11,6,11,1149,1,2,1,1.0,6.0,57751,M,,,57
201100034553,11,6,16,1710,1,2,1,1.0,6.0,57751,M,,,57
201100034554,11,6,19,445,4,2,1,1.0,6.0,57412,M,4911169.0,613216.0,57
201100034555,11,6,24,1210,1,2,1,1.0,2.0,57463,M,4910842.0,617156.0,57
201100034556,11,6,24,1936,1,2,3,1.0,1.0,57463,M,,,57
201100034557,11,6,25,2050,1,2,1,1.0,6.0,57463,M,4911301.0,618201.0,57