Num_Acc,an,mois,jour,hrmn,lum,agg,int,atm,col,com,gps,lat,long,dep
201100034558,11,6,27,150,4,2,1,1.0,7.0,57463,M,,,57
201100034559,11,6,29,855,1,2,1,2.0,6.0,57463,M,,,57
201100034560,11,7,6,2015,1,1,1,1.0,3.0,57487,M,4907785.0,611235.0,57
201100034561,11,7,7,1200,1,2,1,1.0,2.0,57463,M,4911355.0,619223.0,57
201100034562,11,7,10,535,2,1,1,1.0,6.0,57616,M,,,57
201100034563,11,7,11,1520,1,2,2,1.0,3.0,57463,M,,,57
201100034564,11,7,11,2045,1,2,1,1.0,6.0,57463,M,,,57
201100034565,11,7,16,1320,1,2,1,1.0,6.0,57463,M,4911574.0,621685.0,57
201100034566,11,7,21,805,1,2,2,1.0,6.0,57463,M,4910640.0,616816.0,57
201100034567,11,7,24,1830,1,2,4,1.0,5.0,57545,M,,,57
201100034568,11,7,29,1205,1,2,1,1.0,6.0,57463,M,,,57
201100034569,11,8,1,1605,1,2,1,1.0,6.0,57463,M,4910637.0,616755.0,57
201100034570,11,8,16,1455,1,2,1,1.0,3.0,57412,M,,,57
201100034571,11,8,16,1755,1,2,6,1.0,3.0,57463,M,4911483.0,619081.0,57
201100034572,11,8,18,1750,1,2,1,1.0,6.0,57463,M,,,57
201100034573,11,8,23,210,5,2,6,1.0,6.0,57463,M,,,57
201100034574,11,8,26,25,5,2,1,1.0,3.0,57751,M,,,57
201100034575,11,8,27,1805,1,2,1,3.0,1.0,57463,M,4913598.0,617266.0,57
201100034576,11,8,30,600,2,2,1,1.0,6.0,57412,M,,,57
201100034577,11,9,6,755,1,2,2,1.0,3.0,57463,M,,,57
201100034578,11,9,10,1040,1,2,1,1.0,3.0,57480,M,4909507.0,613721.0,57
201100034579,11,9,10,1235,1,2,2,1.0,3.0,57463,M,4911161.0,617864.0,57
201100034580,11,9,17,1940,5,2,1,1.0,6.0,57463,M,4911864.0,620331.0,57
201100034581,11,9,21,950,1,2,1,1.0,6.0,57463,M,4911189.0,616827.0,57
201100034582,11,9,26,2110,4,1,9,1.0,3.0,57487,M,,,57
201100034583,11,9,27,1710,1,2,2,7.0,3.0,57463,M,4911750.0,618515.0,57
201100034584,11,9,28,1830,1,2,1,1.0,6.0,57463,M,4911375.0,622515.0,57
201100034585,11,10,5,2015,2,1,1,1.0,2.0,57463,M,4913334.0,617707.0,57
201100034586,11,10,10,1746,1,2,6,1.0,2.0,57463,M,4910549.0,617411.0,57
201100034587,11,10,12,1115,1,2,1,1.0,2.0,57463,M,4911862.0,618014.0,57
201100034588,11,10,13,2135,5,2,1,1.0,5.0,57412,M,4911260.0,613500.0,57
201100034589,11,10,16,225,5,2,1,1.0,6.0,57480,M,4910655.0,615858.0,57
201100034590,11,10,18,735,2,2,1,1.0,6.0,57463,M,4910061.0,622270.0,57
201100034591,11,10,19,2335,5,2,3,1.0,3.0,57463,M,4911576.0,619070.0,57
201100034592,11,10,27,2035,5,2,2,1.0,3.0,57463,M,4911689.0,618017.0,57
201100034593,11,11,6,1625,1,2,2,1.0,3.0,57463,M,4911478.0,622201.0,57
201100034594,11,11,14,920,1,2,1,1.0,6.0,57463,M,,,57
201100034595,11,11,18,1220,1,1,1,1.0,3.0,57463,M,,,57
201100034596,11,11,18,1920,5,2,3,1.0,3.0,57463,M,,,57
201100034597,11,11,24,1455,1,2,1,1.0,6.0,57463,M,4911638.0,618391.0,57
201100034598,11,11,24,1855,5,2,1,1.0,6.0,57616,M,,,57
201100034599,11,11,25,1838,5,2,1,5.0,6.0,57463,M,4911988.0,621921.0,57
201100034600,11,12,7,1710,3,2,1,3.0,6.0,57463,M,4910601.0,617514.0,57
201100034601,11,12,6,1715,5,2,1,3.0,6.0,57463,M,,,57
201100034602,11,12,7,1510,1,2,1,1.0,6.0,57463,M,4911332.0,618303.0,57
201100034603,11,12,9,1930,5,2,2,1.0,3.0,57463,M,4911504.0,624740.0,57
201100034604,11,12,11,135,5,2,2,1.0,1.0,57487,M,,,57
201100034605,11,12,14,1715,5,2,1,2.0,6.0,57751,M,,,57
201100034606,11,12,17,1030,1,2,1,1.0,6.0,57463,M,4910757.0,617229.0,57
201100034607,11,12,17,2040,5,1,1,1.0,6.0,57463,M,4908972.0,622787.0,57
201100034608,11,12,22,1535,1,1,1,1.0,6.0,57487,M,,,57
201100034609,11,12,25,1746,5,2,3,2.0,6.0,57463,M,,,57
201100034610,11,2,1,1935,5,2,1,1.0,1.0,57630,M,,,57
201100034611,11,4,21,1425,1,2,1,1.0,4.0,57630,M,,,57
201100034612,11,5,27,1225,1,2,1,1.0,1.0,57566,M,,,57
201100034613,11,6,16,1850,1,1,1,8.0,5.0,57630,M,,,57
201100034614,11,8,6,1628,1,2,4,2.0,3.0,57630,M,,,57
201100034615,11,9,15,810,1,1,2,7.0,3.0,57630,M,4874463.0,707141.0,57
201100034616,11,8,6,1410,1,1,2,3.0,3.0,57630,M,,,57
201100034617,11,8,26,930,1,1,2,1.0,3.0,57630,M,,,57
201100034618,11,7,22,1830,1,2,2,1.0,3.0,57630,M,,,57
201100034619,11,9,29,1000,1,2,1,1.0,3.0,57630,M,,,57
201100034620,11,9,26,1145,1,1,1,1.0,2.0,57630,M,,,57
201100034621,11,9,15,1350,1,2,1,1.0,6.0,57630,M,,,57
201100034622,11,9,24,1835,1,2,1,1.0,3.0,57566,M,,,57
201100034623,11,11,15,1730,5,2,2,1.0,3.0,57566,M,,,57
201100034624,11,11,20,930,1,2,1,1.0,6.0,57119,M,,,57
201100034625,11,4,1,915,1,2,2,2.0,6.0,57631,M,4910774.0,706504.0,57
201100034626,11,5,22,1910,1,2,3,1.0,6.0,57631,M,4910088.0,704782.0,57
201100034627,11,5,25,1930,1,2,2,1.0,3.0,57631,M,,,57
201100034628,11,8,12,1155,1,1,3,1.0,3.0,57631,M,,,57
201100034629,11,10,14,1205,1,2,2,1.0,2.0,57631,M,,,57
201100034630,11,1,6,1025,1,2,1,2.0,6.0,57666,M,4934695.0,613536.0,57
201100034631,11,1,6,1820,5,2,1,2.0,1.0,57672,M,4936620.0,617347.0,57
201100034632,11,1,17,915,1,2,2,1.0,6.0,57672,M,4935937.0,616217.0,57
201100034633,11,1,19,1445,1,2,1,1.0,6.0,57672,M,,,57
201100034634,11,1,4,730,5,1,2,1.0,3.0,57672,M,,,57
201100034635,11,1,24,1720,5,2,1,1.0,5.0,57306,M,4932763.0,605590.0,57
201100034636,11,1,26,735,5,2,1,2.0,1.0,57368,M,,,57
201100034637,11,1,28,1755,5,1,1,2.0,2.0,57672,M,4936546.0,614315.0,57
201100034638,11,1,28,230,3,1,1,1.0,6.0,57672,M,,,57
201100034639,11,1,28,1710,2,1,1,1.0,6.0,57012,M,4935743.0,604827.0,57
201100034640,11,1,29,1458,1,2,1,1.0,2.0,57012,M,,,57
201100034641,11,1,31,955,1,1,2,1.0,6.0,57508,M,,,57
201100034642,11,2,3,1240,1,2,2,1.0,3.0,57368,M,,,57
201100034643,11,2,6,1305,1,1,1,1.0,1.0,57672,M,,,57
201100034644,11,2,7,1120,1,2,2,1.0,3.0,57757,M,,,57
201100034645,11,2,10,940,1,2,1,1.0,2.0,57306,M,4932955.0,606578.0,57
201100034646,11,2,11,1525,1,2,1,1.0,2.0,57672,M,4936184.0,616519.0,57
201100034647,11,2,14,645,3,2,2,1.0,2.0,57306,M,4931422.0,607935.0,57
201100034648,11,2,20,1148,1,1,1,2.0,1.0,57221,M,,,57
201100034649,11,2,22,1200,1,2,2,1.0,3.0,57221,M,,,57
201100034650,11,2,24,1850,5,1,1,2.0,2.0,57757,M,,,57
201100034651,11,2,28,1410,1,2,1,1.0,1.0,57666,M,4934237.0,613376.0,57
201100034652,11,3,4,2145,5,2,1,1.0,6.0,57306,M,4932886.0,606234.0,57
201100034653,11,3,8,1530,1,2,1,1.0,2.0,57672,M,,,57
201100034654,11,3,8,1820,2,2,2,1.0,3.0,57666,M,4935479.0,613126.0,57
201100034655,11,3,10,940,1,2,2,1.0,3.0,57757,M,4936078.0,621407.0,57
201100034656,11,3,12,2010,5,2,2,2.0,3.0,57221,M,,,57
201100034657,11,3,15,630,2,2,1,1.0,2.0,57672,M,,,57
201100034658,11,3,15,820,1,2,1,1.0,6.0,57672,M,4936016.0,616411.0,57
201100034659,11,3,15,1145,1,2,1,1.0,6.0,57672,M,4935998.0,616926.0,57
201100034660,11,3,18,655,2,2,2,1.0,3.0,57672,M,4935692.0,616060.0,57
201100034661,11,3,18,1910,5,2,1,2.0,6.0,57672,M,,,57
201100034662,11,3,21,1035,1,2,1,1.0,3.0,57666,M,4935487.0,613014.0,57
201100034663,11,3,21,1440,1,2,1,1.0,6.0,57306,M,4933006.0,606142.0,57
201100034664,11,3,29,1805,1,2,1,1.0,3.0,57221,M,,,57
201100034665,11,3,25,1745,1,2,1,1.0,6.0,57221,M,4932069.0,611823.0,57
201100034666,11,3,27,1540,1,2,2,1.0,3.0,57012,M,4935912.0,604533.0,57
201100034667,11,3,29,915,1,2,1,1.0,6.0,57672,M,4936691.0,616881.0,57
201100034668,11,3,31,1455,1,2,1,1.0,1.0,57306,M,,,57
201100034669,11,4,3,1215,1,1,1,2.0,6.0,57221,M,,,57
201100034670,11,4,4,1720,1,1,1,1.0,5.0,57757,M,,,57
201100034671,11,4,7,525,5,2,1,1.0,6.0,57672,M,,,57
201100034672,11,4,7,710,1,1,1,1.0,1.0,57221,M,4931439.0,612714.0,57
201100034673,11,4,8,1155,1,2,1,1.0,6.0,57672,M,4936524.0,615154.0,57
201100034674,11,4,9,1020,1,2,2,1.0,3.0,57306,M,,,57
201100034675,11,4,15,1910,1,2,1,1.0,2.0,57306,M,,,57
201100034676,11,4,22,1015,1,2,1,1.0,2.0,57221,M,,,57
201100034677,11,4,22,1050,1,2,1,1.0,1.0,57012,M,,,57
201100034678,11,4,22,1125,1,2,1,1.0,2.0,57306,M,,,57
201100034679,11,4,24,2200,5,2,2,1.0,3.0,57672,M,4936056.0,616369.0,57
201100034680,11,4,27,1620,1,1,1,1.0,2.0,57306,M,,,57
201100034681,11,5,3,1335,1,2,1,1.0,5.0,57221,M,,,57
201100034682,11,5,4,2035,2,2,1,1.0,1.0,57306,M,,,57
201100034683,11,5,7,945,1,1,1,1.0,6.0,57757,M,4936120.0,621314.0,57
201100034684,11,5,8,1925,1,2,1,1.0,6.0,57647,M,,,57
201100034685,11,5,9,750,1,2,1,1.0,3.0,57672,M,4935535.0,615811.0,57
201100034686,11,5,12,930,1,1,1,1.0,6.0,57221,M,,,57
201100034687,11,5,12,2011,1,1,3,1.0,3.0,57306,M,,,57
201100034688,11,5,16,1755,1,2,2,1.0,6.0,57672,M,4935927.0,616985.0,57
201100034689,11,5,17,1700,1,2,1,1.0,6.0,57672,M,,,57
201100034690,11,5,21,1850,1,1,1,1.0,1.0,57672,M,4939549.0,611615.0,57
201100034691,11,5,22,1510,1,2,1,1.0,2.0,57306,M,,,57
201100034692,11,5,18,1320,1,1,1,1.0,2.0,57221,M,4932964.0,613491.0,57
201100034693,11,5,22,1615,1,1,1,1.0,3.0,57672,M,,,57
201100034694,11,5,23,1350,1,2,1,1.0,6.0,57672,M,4935858.0,616125.0,57
201100034695,11,5,24,1730,1,2,1,1.0,6.0,57757,M,,,57
201100034696,11,5,27,1700,1,2,1,1.0,3.0,57666,M,,,57
201100034697,11,5,30,609,1,1,1,7.0,2.0,57306,M,,,57
201100034698,11,6,6,1215,1,1,1,1.0,6.0,57672,M,,,57
201100034699,11,6,6,1620,1,2,1,1.0,2.0,57508,M,,,57
201100034700,11,6,8,2320,5,2,1,1.0,6.0,57306,M,,,57
201100034701,11,6,14,1400,1,2,1,1.0,3.0,57672,M,,,57
201100034702,11,6,14,1510,1,2,1,1.0,2.0,57672,M,,,57
201100034703,11,6,16,1740,1,1,1,1.0,6.0,57672,M,,,57
201100034704,11,6,17,1710,1,1,1,1.0,3.0,57757,M,4935331.0,621125.0,57
201100034705,11,6,20,1230,1,2,2,1.0,6.0,57221,M,,,57
201100034706,11,6,21,1340,1,1,2,1.0,3.0,57672,M,4936554.0,615191.0,57
201100034707,11,6,23,1145,1,1,1,2.0,6.0,57306,M,4935201.0,605956.0,57
201100034708,11,6,24,1305,1,2,1,1.0,6.0,57672,M,4936764.0,615334.0,57
201100034709,11,6,28,1825,1,2,1,1.0,6.0,57221,M,,,57
201100034710,11,6,29,730,1,2,3,1.0,3.0,57221,M,4932736.0,612238.0,57
201100034711,11,6,30,2155,2,2,3,1.0,3.0,57306,M,,,57
201100034712,11,7,7,730,1,2,1,1.0,6.0,57672,M,,,57
201100034713,11,7,12,820,1,2,1,1.0,3.0,57757,M,4934908.0,617944.0,57
201100034714,11,7,12,1840,1,1,1,1.0,3.0,57666,M,4935077.0,612876.0,57
201100034715,11,7,15,1425,1,2,2,1.0,3.0,57221,M,,,57
201100034716,11,7,15,2015,1,2,1,1.0,6.0,57672,M,,,57
201100034717,11,7,21,1325,1,2,1,1.0,3.0,57757,M,,,57
201100034718,11,7,28,1110,1,2,1,1.0,6.0,57306,M,4933397.0,605698.0,57
201100034719,11,8,1,2315,5,2,3,1.0,3.0,57672,M,4936025.0,617087.0,57
201100034720,11,8,8,2145,5,2,1,2.0,6.0,57221,M,4932622.0,612971.0,57
201100034721,11,8,9,1635,1,1,1,2.0,2.0,57221,M,,,57
201100034722,11,8,10,1330,1,2,1,1.0,2.0,57672,M,,,57
201100034723,11,8,14,1905,1,1,1,1.0,2.0,57672,M,4935950.0,612743.0,57
201100034724,11,8,18,1750,1,2,1,1.0,3.0,57672,M,4936794.0,616929.0,57
201100034725,11,8,23,1925,1,2,1,1.0,4.0,57757,M,,,57
201100034726,11,8,25,1850,1,2,1,1.0,6.0,57306,M,,,57
201100034727,11,8,29,550,5,2,3,1.0,3.0,57672,M,,,57
201100034728,11,8,30,915,1,2,1,1.0,3.0,57672,M,,,57
201100034729,11,8,31,2040,5,2,2,1.0,3.0,57672,M,4935662.0,615674.0,57
201100034730,11,9,1,1050,1,2,1,2.0,6.0,57306,M,4932973.0,606161.0,57
201100034731,11,9,5,1615,1,2,2,1.0,6.0,57672,M,4936331.0,616956.0,57
201100034732,11,9,8,825,1,2,1,1.0,3.0,57368,M,,,57
201100034733,11,9,9,1640,1,2,2,1.0,3.0,57672,M,,,57
201100034734,11,9,14,1655,1,2,1,1.0,2.0,57672,M,,,57
201100034735,11,9,14,1715,1,2,2,1.0,6.0,57672,M,,,57
201100034736,11,9,15,2005,2,1,1,1.0,3.0,57666,M,,,57
201100034737,11,9,19,655,2,1,1,1.0,5.0,57672,M,,,57
201100034738,11,9,21,1200,1,2,1,1.0,6.0,57672,M,,,57
201100034739,11,9,21,1220,1,2,1,1.0,6.0,57672,M,,,57
201100034740,11,9,27,1630,1,2,1,1.0,6.0,57672,M,4935632.0,614832.0,57
201100034741,11,9,27,1748,1,2,1,1.0,6.0,57672,M,4936365.0,614849.0,57
201100034742,11,10,1,1240,1,2,3,1.0,3.0,57757,M,,,57
201100034743,11,10,2,915,1,2,2,1.0,3.0,57647,M,,,57
201100034744,11,10,5,1750,1,2,2,1.0,6.0,57672,M,4935969.0,615963.0,57
201100034745,11,10,7,1930,3,2,2,1.0,6.0,57672,M,4935914.0,616216.0,57
201100034746,11,10,7,1205,1,2,1,1.0,6.0,57672,M,4935651.0,615467.0,57
201100034747,11,10,15,1955,5,2,2,1.0,5.0,57757,M,4934723.0,617949.0,57
201100034748,11,10,17,737,4,2,1,1.0,6.0,57221,M,,,57
201100034749,11,10,26,1515,1,2,1,1.0,6.0,57672,M,4936255.0,617357.0,57
201100034750,11,10,30,1940,2,2,1,1.0,3.0,57757,M,4936168.0,619645.0,57
201100034751,11,11,7,1825,5,2,1,2.0,2.0,57666,M,4934947.0,612816.0,57
201100034752,11,11,10,1545,2,2,1,1.0,3.0,57672,M,4935261.0,614379.0,57
201100034753,11,11,11,1450,1,2,2,1.0,3.0,57757,M,,,57
201100034754,11,11,15,735,2,2,1,1.0,6.0,57757,M,,,57
201100034755,11,11,17,1305,1,2,1,2.0,6.0,57368,M,,,57
201100034756,11,11,18,1835,5,2,1,1.0,3.0,57672,M,,,57
201100034757,11,11,19,1215,1,2,1,1.0,6.0,57672,M,4935413.0,613915.0,57
201100034758,11,11,22,1930,5,2,1,1.0,3.0,57672,M,4935696.0,616249.0,57
201100034759,11,11,25,1710,5,2,1,2.0,6.0,57666,M,,,57
201100034760,11,11,25,1830,5,2,1,2.0,6.0,57757,M,,,57
201100034761,11,11,30,1110,1,2,1,1.0,6.0,57672,M,4935947.0,615948.0,57
201100034762,11,12,1,1410,1,2,1,2.0,2.0,57757,M,,,57
201100034763,11,12,2,754,1,2,1,2.0,3.0,57221,M,,,57
201100034764,11,12,2,1155,1,2,1,2.0,3.0,57672,M,4936034.0,615415.0,57
201100034765,11,12,2,1955,5,2,1,2.0,2.0,57672,M,,,57
201100034766,11,12,5,1300,1,2,1,1.0,6.0,57672,M,4935894.0,614467.0,57
201100034767,11,12,9,815,1,2,1,3.0,6.0,57757,M,,,57
201100034768,11,12,11,250,5,2,1,1.0,6.0,57757,M,,,57
201100034769,11,12,19,1355,1,1,1,1.0,2.0,57672,M,,,57
201100034770,11,12,22,1725,5,2,1,1.0,6.0,57306,M,,,57
201100034771,11,12,23,2145,5,2,2,2.0,3.0,57757,M,,,57
201100034772,11,12,30,1705,5,2,1,1.0,6.0,57306,M,4932959.0,606438.0,57
201100034773,11,1,15,1505,1,2,1,1.0,7.0,58194,M,,,58
201100034774,11,5,7,1310,1,2,1,1.0,7.0,58194,M,,,58
201100034775,11,5,25,1630,1,2,1,1.0,7.0,58194,M,,,58
201100034776,11,7,10,2225,5,2,1,1.0,7.0,58194,M,,,58
201100034777,11,7,17,1230,1,2,1,1.0,7.0,58194,M,,,58
201100034778,11,8,19,1210,1,2,1,1.0,7.0,58194,M,,,58
201100034779,11,8,28,1625,1,2,1,1.0,7.0,58194,M,,,58
201100034780,11,8,30,1725,1,2,1,1.0,7.0,58194,M,,,58
201100034781,11,1,8,1740,1,2,1,2.0,1.0,58194,M,,,58
201100034782,11,9,13,1745,1,2,1,2.0,7.0,58194,M,,,58
201100034783,11,9,25,1635,1,2,1,1.0,7.0,58194,M,,,58
201100034784,11,10,4,1320,1,2,1,1.0,6.0,58194,M,,,58
201100034785,11,10,22,1600,1,2,1,1.0,7.0,58194,M,,,58
201100034786,11,11,4,1205,1,2,1,1.0,7.0,58194,M,,,58
201100034787,11,11,6,2050,3,2,1,1.0,7.0,58194,M,,,58
201100034788,11,12,6,1730,5,2,1,2.0,7.0,58194,M,,,58
201100034789,11,1,11,1710,2,2,1,2.0,7.0,58194,M,,,58
201100034790,11,1,12,1945,5,2,1,2.0,6.0,58194,M,,,58
201100034791,11,1,13,1845,5,2,1,1.0,6.0,58194,M,,,58
201100034792,11,1,17,1740,2,2,1,1.0,3.0,58194,M,,,58
201100034793,11,1,22,1810,2,2,1,1.0,3.0,58194,M,,,58
201100034794,11,1,25,1730,2,2,1,1.0,3.0,58194,M,,,58
201100034795,11,1,26,1650,1,2,1,2.0,1.0,58194,M,,,58
201100034796,11,2,2,2010,5,2,3,1.0,3.0,58194,M,,,58
201100034797,11,2,3,1215,1,2,1,1.0,1.0,58194,M,,,58
201100034798,11,2,16,1335,1,2,6,1.0,3.0,58194,M,,,58
201100034799,11,3,10,1640,1,2,1,1.0,3.0,58194,M,,,58
201100034800,11,3,7,1735,1,2,3,1.0,7.0,58194,M,,,58
201100034801,11,3,11,1220,1,2,1,1.0,3.0,58194,M,,,58
201100034802,11,3,13,1950,2,2,1,2.0,2.0,58194,M,,,58
201100034803,11,3,15,1940,2,2,1,1.0,2.0,58194,M,,,58
201100034804,11,3,19,1025,1,2,1,1.0,6.0,58194,M,,,58
201100034805,11,3,14,845,1,2,1,1.0,1.0,58194,M,,,58
201100034806,11,3,17,1225,1,2,1,1.0,6.0,58194,M,,,58
201100034807,11,3,18,1915,2,2,1,1.0,6.0,58194,M,,,58
201100034808,11,3,22,755,1,2,1,1.0,7.0,58194,M,,,58
201100034809,11,3,28,1300,1,2,1,1.0,1.0,58194,M,,,58
201100034810,11,4,5,2000,2,2,1,1.0,3.0,58194,M,,,58
201100034811,11,4,7,745,1,2,1,1.0,6.0,58194,M,,,58
201100034812,11,4,7,940,1,2,3,1.0,3.0,58194,M,,,58
201100034813,11,4,7,1010,1,2,1,1.0,2.0,58194,M,,,58
201100034814,11,4,15,1730,1,2,1,1.0,3.0,58194,M,,,58
201100034815,11,4,18,1555,1,2,6,1.0,3.0,58194,M,,,58
201100034816,11,4,21,1245,1,2,3,1.0,1.0,58194,M,,,58
201100034817,11,4,22,1635,1,2,1,1.0,2.0,58194,M,,,58
201100034818,11,5,2,1655,1,2,1,1.0,3.0,58194,M,,,58
201100034819,11,4,1,1115,1,2,1,1.0,7.0,58194,M,,,58
201100034820,11,5,4,1745,1,2,2,1.0,7.0,58194,M,,,58
201100034821,11,5,9,1205,1,2,2,1.0,3.0,58194,M,,,58
201100034822,11,5,16,1010,1,2,1,1.0,2.0,58194,M,,,58
201100034823,11,5,18,1235,1,2,1,1.0,4.0,58194,M,,,58
201100034824,11,5,20,1600,1,2,1,1.0,6.0,58194,M,,,58
201100034825,11,6,9,2045,1,2,1,1.0,3.0,58194,M,,,58
201100034826,11,6,11,1800,1,2,1,1.0,6.0,58194,M,,,58
201100034827,11,5,30,820,1,2,1,1.0,2.0,58194,M,,,58
201100034828,11,6,10,1635,1,2,1,1.0,6.0,58194,M,,,58
201100034829,11,6,13,745,1,2,2,1.0,3.0,58194,M,,,58
201100034830,11,6,13,1650,1,2,1,1.0,2.0,58194,M,,,58
201100034831,11,6,21,753,1,2,1,1.0,7.0,58194,M,,,58
201100034832,11,6,25,1205,1,2,1,1.0,7.0,58194,M,,,58
201100034833,11,7,5,1715,1,2,1,1.0,6.0,58194,M,,,58
201100034834,11,7,6,1755,1,2,1,1.0,2.0,58194,M,,,58
201100034835,11,7,8,1025,1,2,2,1.0,3.0,58194,M,,,58
201100034836,11,7,8,1235,1,2,1,1.0,6.0,58194,M,,,58
201100034837,11,7,18,1605,1,2,2,1.0,3.0,58194,M,,,58
201100034838,11,7,22,1035,1,2,1,2.0,6.0,58194,M,,,58
201100034839,11,7,29,2105,2,2,1,1.0,6.0,58194,M,,,58
201100034840,11,8,1,1910,2,2,1,1.0,3.0,58194,M,,,58
201100034841,11,8,15,1940,1,2,1,1.0,7.0,58194,M,,,58
201100034842,11,8,23,1635,1,2,1,1.0,4.0,58194,M,,,58
201100034843,11,8,26,1345,1,2,1,1.0,1.0,58194,M,,,58
201100034844,11,8,29,1520,1,2,1,1.0,6.0,58194,M,,,58
201100034845,11,9,7,1225,1,2,1,1.0,7.0,58194,M,,,58
201100034846,11,9,10,1630,1,2,1,1.0,2.0,58194,M,,,58
201100034847,11,9,21,2045,5,2,1,1.0,7.0,58194,M,,,58
201100034848,11,9,9,1730,1,2,1,1.0,3.0,58194,M,,,58
201100034849,11,9,9,2105,5,2,1,1.0,7.0,58194,M,,,58
201100034850,11,9,19,1445,1,2,1,1.0,3.0,58194,M,,,58
201100034851,11,9,26,1745,1,2,1,1.0,1.0,58194,M,,,58
201100034852,11,10,1,1320,1,2,1,1.0,3.0,58194,M,,,58
201100034853,11,10,4,1710,1,2,1,1.0,2.0,58194,M,,,58
201100034854,11,10,8,1635,1,2,1,1.0,3.0,58194,M,,,58
201100034855,11,10,18,845,5,2,1,1.0,6.0,58194,M,,,58
201100034856,11,10,18,725,2,2,1,1.0,6.0,58194,M,,,58
201100034857,11,10,25,1140,1,2,1,1.0,3.0,58194,M,,,58
201100034858,11,11,5,1555,1,2,1,1.0,6.0,58194,M,,,58
201100034859,11,11,8,1630,1,2,1,1.0,2.0,58194,M,,,58
201100034860,11,10,26,1630,1,2,1,1.0,6.0,58194,M,,,58
201100034861,11,11,14,1635,1,2,1,1.0,6.0,58194,M,,,58
201100034862,11,11,10,1840,2,2,1,1.0,4.0,58194,M,,,58
201100034863,11,11,14,1030,1,2,1,1.0,6.0,58194,M,,,58
201100034864,11,11,15,1210,1,2,1,1.0,3.0,58194,M,,,58
201100034865,11,11,17,1425,1,2,1,1.0,3.0,58194,M,,,58
201100034866,11,11,18,550,5,2,1,1.0,1.0,58194,M,,,58
201100034867,11,10,21,1530,1,2,1,1.0,6.0,58194,M,,,58
201100034868,11,11,19,1615,1,2,1,1.0,3.0,58194,M,,,58
201100034869,11,11,25,1610,1,2,1,1.0,2.0,58194,M,,,58
201100034870,11,11,26,1325,1,2,1,1.0,6.0,58194,M,,,58
201100034871,11,12,7,1715,5,2,1,2.0,6.0,58194,M,,,58
201100034872,11,12,6,1740,5,2,1,1.0,3.0,58194,M,,,58
201100034873,11,12,6,1915,5,2,6,2.0,3.0,58194,M,,,58
201100034874,11,12,7,2050,5,2,2,2.0,3.0,58194,M,,,58
201100034875,11,12,9,1625,1,2,1,1.0,2.0,58194,M,,,58
201100034876,11,12,15,1735,5,2,1,2.0,2.0,58194,M,,,58
201100034877,11,1,7,1840,5,2,1,2.0,1.0,59008,M,,,59
201100034878,11,3,22,1855,1,2,1,1.0,6.0,59008,M,,,59
201100034879,11,1,5,1240,1,2,3,1.0,6.0,59017,M,,,59
201100034880,11,1,6,845,1,2,1,1.0,6.0,59317,M,,,59
201100034881,11,1,5,2140,5,2,3,1.0,1.0,59017,M,,,59
201100034882,11,1,10,1830,5,2,3,1.0,6.0,59017,M,,,59
201100034883,11,12,15,745,5,2,1,2.0,6.0,59017,M,,,59
201100034884,11,1,22,2020,5,2,2,1.0,1.0,59017,M,,,59
201100034885,11,1,27,120,3,2,8,1.0,1.0,59431,M,,,59
201100034886,11,2,2,1250,1,2,2,2.0,6.0,59017,M,,,59
201100034887,11,12,30,2035,5,2,2,2.0,3.0,59431,M,,,59
201100034888,11,2,15,2040,5,2,1,1.0,6.0,59017,M,,,59
201100034889,11,3,7,920,1,2,2,1.0,3.0,59143,M,,,59
201100034890,11,3,10,1355,1,2,1,1.0,3.0,59017,M,,,59
201100034891,11,3,11,1120,1,1,2,1.0,3.0,59431,M,,,59
201100034892,11,4,6,1210,1,1,6,1.0,3.0,59143,M,,,59
201100034893,11,4,9,1805,1,2,1,1.0,6.0,59017,M,,,59
201100034894,11,4,21,35,5,2,2,1.0,7.0,59017,M,,,59
201100034895,11,4,21,1330,1,1,2,1.0,3.0,59431,M,,,59
201100034896,11,4,22,1800,1,2,1,1.0,6.0,59017,M,,,59
201100034897,11,4,22,1845,1,2,1,1.0,6.0,59317,M,,,59
201100034898,11,5,12,1145,1,2,1,1.0,6.0,59017,M,,,59
201100034899,11,5,15,1900,1,2,1,1.0,3.0,59143,M,,,59
201100034900,11,5,17,1940,1,2,1,1.0,6.0,59017,M,,,59
201100034901,11,5,21,1610,1,1,3,1.0,3.0,59431,M,,,59
201100034902,11,5,23,745,1,1,1,1.0,6.0,59143,M,,,59
201100034903,11,5,24,1725,1,2,1,1.0,6.0,59317,M,,,59
201100034904,11,6,6,2115,1,2,6,1.0,2.0,59143,M,,,59
201100034905,11,6,8,1710,1,2,3,1.0,3.0,59017,M,,,59
201100034906,11,7,1,1545,1,2,1,1.0,6.0,59017,M,,,59
201100034907,11,7,13,1815,1,2,1,1.0,3.0,59017,M,,,59
201100034908,11,7,19,1345,1,2,6,1.0,3.0,59017,M,,,59
201100034909,11,7,21,1550,1,1,1,1.0,2.0,59317,M,,,59
201100034910,11,7,29,1230,1,1,1,1.0,6.0,59431,M,,,59
201100034911,11,8,23,535,5,2,1,2.0,6.0,59317,M,5068913.0,290526.0,59