Num_Acc,an,mois,jour,hrmn,lum,agg,int,atm,col,com,gps,lat,long,dep
201100034912,11,8,6,1435,1,2,1,1.0,1.0,59017,M,,,59
201100034913,11,8,28,1120,1,1,2,1.0,1.0,59317,M,,,59
201100034914,11,8,31,1440,1,1,3,1.0,2.0,59143,M,,,59
201100034915,11,9,13,1030,1,2,1,1.0,6.0,59017,M,,,59
201100034916,11,9,24,225,3,1,1,1.0,6.0,59431,M,,,59
201100034917,11,9,25,20,5,1,2,1.0,3.0,59317,M,,,59
201100034918,11,10,11,1530,1,2,2,1.0,6.0,59017,M,,,59
201100034919,11,10,14,720,2,2,2,1.0,3.0,59143,M,,,59
201100034920,11,10,16,915,1,2,6,7.0,6.0,59143,M,,,59
201100034921,11,10,19,1855,5,2,1,1.0,6.0,59017,M,,,59
201100034922,11,10,27,1900,5,2,2,2.0,3.0,59017,M,,,59
201100034923,11,11,1,1915,5,2,2,1.0,3.0,59017,M,,,59
201100034924,11,10,7,1250,1,2,1,1.0,3.0,59431,M,,,59
201100034925,11,11,18,1830,5,2,6,8.0,7.0,59017,M,,,59
201100034926,11,11,23,750,5,2,6,8.0,6.0,59143,M,,,59
201100034927,11,11,28,1015,1,2,1,7.0,6.0,59017,M,,,59
201100034928,11,12,4,400,5,2,1,3.0,7.0,59317,M,,,59
201100034929,11,12,7,720,5,2,6,8.0,3.0,59143,M,,,59
201100034930,11,12,10,2010,3,1,1,1.0,7.0,59431,M,,,59
201100034931,11,12,6,1500,1,2,3,1.0,6.0,59017,M,,,59
201100034932,11,12,15,1250,1,2,1,8.0,3.0,59017,M,,,59
201100034933,11,12,12,715,5,2,3,8.0,6.0,59017,M,,,59
201100034934,11,12,11,1140,1,2,1,1.0,6.0,59017,M,,,59
201100034935,11,12,16,1805,5,2,1,2.0,6.0,59143,M,,,59
201100034936,11,12,16,1015,1,2,3,9.0,6.0,59017,M,,,59
201100034937,11,2,11,2105,3,1,1,1.0,2.0,59467,M,5023615.0,383704.0,59
201100034938,11,4,9,2225,5,2,1,1.0,6.0,59068,M,,,59
201100034939,11,5,6,1555,1,2,9,1.0,3.0,59344,M,,,59
201100034940,11,10,21,1605,1,1,1,1.0,1.0,59467,M,,,59
201100034941,11,2,11,1655,1,2,3,1.0,6.0,59043,M,,,59
201100034942,11,5,3,1640,1,2,1,1.0,6.0,59043,M,,,59
201100034943,11,5,12,1825,1,2,2,1.0,3.0,59043,M,5074371.0,273366.0,59
201100034944,11,8,20,1540,1,2,1,1.0,3.0,59043,M,,,59
201100034945,11,10,1,1555,1,1,1,1.0,7.0,59043,M,,,59
201100034946,11,11,4,1115,1,2,6,1.0,3.0,59043,M,,,59
201100034947,11,1,5,1600,1,2,6,1.0,3.0,59122,M,,,59
201100034948,11,1,11,800,2,2,1,3.0,6.0,59122,M,,,59
201100034949,11,2,4,800,1,1,1,1.0,5.0,59244,M,,,59
201100034950,11,2,18,2100,5,2,1,1.0,6.0,59122,M,5017281.0,324436.0,59
201100034951,11,3,27,1210,1,2,3,1.0,3.0,59122,M,,,59
201100034952,11,5,3,750,1,2,3,1.0,3.0,59122,M,,,59
201100034953,11,5,3,1935,1,2,1,1.0,6.0,59122,M,,,59
201100034954,11,5,25,1900,1,2,4,1.0,7.0,59122,M,,,59
201100034955,11,6,4,1750,1,2,1,1.0,6.0,59122,M,,,59
201100034956,11,8,7,220,5,2,2,8.0,3.0,59122,M,5016111.0,324977.0,59
201100034957,11,8,6,1843,1,2,1,1.0,6.0,59122,M,5017675.0,322156.0,59
201100034958,11,8,7,1730,1,2,1,1.0,6.0,59122,M,,,59
201100034959,11,9,9,337,5,2,1,2.0,6.0,59122,M,,,59
201100034960,11,9,6,1715,1,2,2,1.0,3.0,59122,M,,,59
201100034961,11,10,12,2100,3,2,3,8.0,3.0,59122,M,,,59
201100034962,11,10,13,1128,1,2,3,1.0,3.0,59122,M,,,59
201100034963,11,11,25,1745,3,1,1,1.0,5.0,59244,M,,,59
201100034964,11,3,7,1520,1,2,1,1.0,3.0,59616,M,,,59
201100034965,11,3,29,1515,1,2,2,1.0,3.0,59153,M,,,59
201100034966,11,4,17,1140,1,2,3,1.0,3.0,59253,M,,,59
201100034967,11,4,17,2025,2,2,1,1.0,6.0,59616,M,,,59
201100034968,11,8,10,930,1,2,4,1.0,6.0,59153,M,,,59
201100034969,11,8,28,1635,1,2,1,1.0,6.0,59153,M,,,59
201100034970,11,9,3,1325,1,2,2,1.0,3.0,59153,M,,,59
201100034971,11,9,13,1625,1,1,1,1.0,7.0,59153,M,,,59
201100034972,11,9,28,1005,1,2,3,7.0,3.0,59253,M,,,59
201100034973,11,10,11,1930,2,1,1,1.0,2.0,59253,M,,,59
201100034974,11,10,27,2105,2,2,1,1.0,7.0,59153,M,,,59
201100034975,11,11,14,1325,1,2,1,1.0,7.0,59253,M,,,59
201100034976,11,12,6,945,1,2,1,1.0,6.0,59153,M,,,59
201100034977,11,11,10,855,1,2,1,1.0,3.0,59153,M,,,59
201100034978,11,11,3,1800,5,2,6,2.0,7.0,59153,M,,,59
201100034979,11,10,24,1755,1,2,1,1.0,6.0,59172,M,,,59
201100034980,11,1,29,1340,1,2,1,1.0,1.0,59172,M,,,59
201100034981,11,2,18,1745,2,1,1,1.0,4.0,59589,M,5030516.0,343755.0,59
201100034982,11,4,21,1735,1,2,1,1.0,7.0,59292,M,,,59
201100034983,11,1,27,1755,5,2,3,1.0,3.0,59172,M,,,59
201100034984,11,3,8,830,1,2,1,1.0,6.0,59002,M,,,59
201100034985,11,3,23,1655,1,2,3,1.0,3.0,59172,M,,,59
201100034986,11,3,30,1205,1,2,1,1.0,6.0,59172,M,,,59
201100034987,11,4,15,1705,1,2,1,1.0,6.0,59632,M,5037351.0,339267.0,59
201100034988,11,4,20,1830,1,1,1,1.0,6.0,59179,M,,,59
201100034989,11,4,24,1845,1,2,1,1.0,6.0,59504,M,,,59
201100034990,11,5,28,1330,1,2,1,1.0,6.0,59205,M,,,59
201100034991,11,6,1,1310,1,1,1,1.0,3.0,59589,M,,,59
201100034992,11,6,3,1400,1,2,9,1.0,2.0,59288,M,,,59
201100034993,11,7,7,1805,1,2,1,1.0,6.0,59172,M,,,59
201100034994,11,7,10,1955,1,2,3,1.0,3.0,59361,M,,,59
201100034995,11,9,18,1930,1,2,1,1.0,6.0,59172,M,,,59
201100034996,11,7,29,2100,2,1,1,1.0,7.0,59429,M,,,59
201100034997,11,9,19,1705,1,2,3,1.0,3.0,59361,M,,,59
201100034998,11,10,17,1720,1,2,1,1.0,7.0,59064,M,,,59
201100034999,11,10,20,1610,1,2,3,1.0,3.0,59172,M,,,59
201100035000,11,11,9,2110,5,2,3,1.0,3.0,59297,M,,,59
201100035001,11,11,26,1845,4,1,1,1.0,4.0,59292,M,,,59
201100035002,11,11,10,1640,1,2,1,1.0,6.0,59632,M,,,59
201100035003,11,11,7,1745,2,2,1,2.0,6.0,59002,M,,,59
201100035004,11,12,13,735,1,2,1,2.0,6.0,59172,M,,,59
201100035005,11,12,25,2135,5,2,1,1.0,6.0,59651,M,,,59
201100035006,11,12,21,1800,3,2,1,2.0,3.0,59327,M,,,59
201100035007,11,12,15,1655,2,2,9,1.0,6.0,59314,M,,,59
201100035008,11,1,3,820,1,2,2,1.0,3.0,59509,M,,,59
201100035009,11,12,9,1340,1,2,1,1.0,6.0,59178,M,,,59
201100035010,11,1,20,745,2,2,2,1.0,3.0,59178,M,,,59
201100035011,11,9,19,1315,1,2,3,1.0,3.0,59390,M,,,59
201100035012,11,10,25,2120,5,2,1,1.0,6.0,59008,M,,,59
201100035013,11,1,15,825,1,2,2,1.0,3.0,59178,M,,,59
201100035014,11,12,3,1615,2,2,1,2.0,6.0,59024,M,,,59
201100035015,11,12,8,1940,5,2,3,9.0,5.0,59185,M,,,59
201100035016,11,12,11,2140,5,2,1,2.0,2.0,59185,M,,,59
201100035017,11,12,29,5,5,2,1,2.0,6.0,59345,M,,,59
201100035018,11,12,29,1950,5,2,1,2.0,7.0,59345,M,,,59
201100035019,11,1,10,2010,5,2,2,1.0,3.0,59178,M,,,59
201100035020,11,2,26,1740,2,2,1,1.0,6.0,59327,M,,,59
201100035021,11,9,16,1845,2,2,1,1.0,6.0,59637,M,,,59
201100035022,11,2,21,1350,1,2,3,1.0,3.0,59569,M,,,59
201100035023,11,10,14,1045,1,2,1,1.0,6.0,59456,M,,,59
201100035024,11,1,12,1820,5,2,6,2.0,3.0,59178,M,,,59
201100035025,11,3,22,1850,2,2,2,1.0,3.0,59178,M,,,59
201100035026,11,12,2,1725,5,2,2,2.0,3.0,59574,M,,,59
201100035027,11,3,13,50,5,2,1,1.0,6.0,59178,M,,,59
201100035028,11,4,9,1225,1,2,1,1.0,6.0,59178,M,,,59
201100035029,11,4,15,550,5,2,1,1.0,1.0,59028,M,,,59
201100035030,11,4,15,2000,1,2,1,1.0,6.0,59178,M,,,59
201100035031,11,3,27,1540,1,2,1,1.0,3.0,59170,M,,,59
201100035032,11,3,13,2250,3,1,1,1.0,7.0,59170,M,,,59
201100035033,11,4,20,930,1,2,1,1.0,6.0,59178,M,,,59
201100035034,11,4,30,1800,1,2,1,1.0,6.0,59234,M,,,59
201100035035,11,5,6,940,1,2,2,7.0,3.0,59178,M,,,59
201100035036,11,5,14,1730,1,1,1,1.0,7.0,59329,M,,,59
201100035037,11,5,14,1700,1,2,6,1.0,3.0,59178,M,,,59
201100035038,11,4,20,1330,1,1,3,1.0,3.0,59486,M,,,59
201100035039,11,5,18,1730,1,2,1,1.0,6.0,59178,M,,,59
201100035040,11,4,15,2205,5,2,6,1.0,3.0,59178,M,,,59
201100035041,11,6,18,1515,1,1,1,1.0,3.0,59234,M,,,59
201100035042,11,6,1,1850,1,2,1,1.0,2.0,59390,M,,,59
201100035043,11,6,23,1640,1,2,1,1.0,6.0,59654,M,,,59
201100035044,11,6,25,125,5,2,1,1.0,6.0,59509,M,,,59
201100035045,11,5,21,905,1,2,1,1.0,2.0,59024,M,,,59
201100035046,11,7,6,948,1,2,6,2.0,6.0,59334,M,,,59
201100035047,11,7,6,1920,1,2,1,1.0,1.0,59028,M,,,59
201100035048,11,6,15,615,1,1,1,1.0,6.0,59234,M,,,59
201100035049,11,6,20,1330,1,2,1,2.0,6.0,59008,M,,,59
201100035050,11,7,12,2210,5,2,1,1.0,2.0,59178,M,,,59
201100035051,11,7,11,2025,1,2,1,1.0,6.0,59239,M,,,59
201100035052,11,7,8,1550,1,2,1,1.0,3.0,59170,M,,,59
201100035053,11,7,31,1750,1,1,1,1.0,2.0,59569,M,,,59
201100035054,11,8,7,1300,1,2,6,1.0,1.0,59327,M,,,59
201100035055,11,7,9,2350,5,1,1,1.0,3.0,59345,M,,,59
201100035056,11,8,17,1830,1,2,1,1.0,7.0,59375,M,,,59
201100035057,11,8,31,1520,1,2,1,1.0,6.0,59178,M,,,59
201100035058,11,8,16,1140,1,2,1,1.0,6.0,59008,M,,,59
201100035059,11,8,24,1700,1,2,1,1.0,3.0,59569,M,,,59
201100035060,11,9,17,1530,1,2,1,1.0,5.0,59178,M,5040655.0,312644.0,59
201100035061,11,9,28,1320,1,2,1,1.0,2.0,59170,M,,,59
201100035062,11,9,28,1350,1,2,2,1.0,3.0,59509,M,,,59
201100035063,11,10,7,1745,1,1,1,1.0,4.0,59165,M,,,59
201100035064,11,10,17,725,2,2,1,1.0,3.0,59390,M,5033849.0,318836.0,59
201100035065,11,10,29,330,4,1,1,1.0,6.0,59234,M,,,59
201100035066,11,10,9,1840,1,2,3,2.0,3.0,59569,M,,,59
201100035067,11,12,2,1940,5,2,6,1.0,3.0,59178,M,,,59
201100035068,11,11,28,1225,1,2,1,8.0,6.0,59185,M,,,59
201100035069,11,12,12,1305,1,2,6,2.0,3.0,59178,M,,,59
201100035070,11,1,6,1335,1,2,1,2.0,2.0,59540,M,,,59
201100035071,11,1,14,1735,5,2,1,1.0,6.0,59183,M,,,59
201100035072,11,1,20,1640,1,2,9,1.0,6.0,59271,M,,,59
201100035073,11,1,24,1330,1,2,1,2.0,3.0,59271,M,,,59
201100035074,11,1,24,1650,1,2,9,1.0,6.0,59183,M,,,59
201100035075,11,1,26,1550,1,2,9,2.0,3.0,59183,M,,,59
201100035076,11,1,27,1315,1,2,1,1.0,3.0,59540,M,,,59
201100035077,11,2,2,1530,1,2,1,1.0,6.0,59155,M,,,59
201100035078,11,2,10,2005,5,2,1,3.0,6.0,59183,M,,,59
201100035079,11,2,14,2205,5,2,3,1.0,3.0,59183,M,,,59
201100035080,11,2,21,2330,5,2,9,1.0,3.0,59155,M,,,59
201100035081,11,2,21,2115,5,2,9,1.0,6.0,59155,M,,,59
201100035082,11,2,26,1905,3,1,1,3.0,6.0,59271,M,,,59
201100035083,11,2,26,2145,5,2,2,2.0,3.0,59540,M,,,59
201100035084,11,3,6,1555,1,2,1,1.0,6.0,59183,M,,,59
201100035085,11,3,3,1630,1,2,1,1.0,6.0,59183,M,,,59
201100035086,11,3,6,2325,5,2,2,1.0,3.0,59183,M,,,59
201100035087,11,3,9,1345,1,2,1,1.0,6.0,59183,M,,,59
201100035088,11,3,18,1705,1,2,2,2.0,3.0,59155,M,,,59
201100035089,11,3,24,1100,1,2,1,1.0,6.0,59271,M,,,59
201100035090,11,3,28,730,1,2,1,1.0,2.0,59540,M,,,59
201100035091,11,3,31,1705,1,2,9,1.0,6.0,59183,M,,,59
201100035092,11,4,8,1800,1,2,1,1.0,6.0,59271,M,,,59
201100035093,11,4,9,1020,1,2,2,1.0,3.0,59155,M,,,59
201100035094,11,4,8,2335,3,1,1,1.0,6.0,59271,M,,,59
201100035095,11,4,19,1730,1,2,9,1.0,6.0,59155,M,,,59
201100035096,11,4,20,1130,1,2,9,1.0,6.0,59183,M,,,59
201100035097,11,4,23,2150,5,2,6,1.0,3.0,59540,M,,,59
201100035098,11,4,27,2245,5,2,1,1.0,7.0,59155,M,,,59
201100035099,11,4,28,2200,3,2,9,2.0,6.0,59155,M,,,59
201100035100,11,5,1,1045,1,2,1,1.0,2.0,59183,M,,,59
201100035101,11,5,9,1635,1,2,9,1.0,3.0,59540,M,,,59
201100035102,11,5,6,820,1,2,9,1.0,3.0,59183,M,,,59
201100035103,11,5,11,700,1,2,2,1.0,6.0,59340,M,,,59
201100035104,11,5,15,300,5,2,1,1.0,2.0,59540,M,,,59
201100035105,11,5,16,145,5,2,1,1.0,6.0,59588,M,,,59
201100035106,11,5,16,1210,1,2,2,1.0,3.0,59540,M,,,59
201100035107,11,5,20,1640,1,1,1,1.0,3.0,59271,M,,,59
201100035108,11,5,20,1410,1,2,2,1.0,3.0,59540,M,,,59
201100035109,11,5,21,350,5,2,2,1.0,3.0,59183,M,,,59
201100035110,11,5,23,1440,1,2,1,1.0,3.0,59155,M,,,59
201100035111,11,5,25,1900,1,2,1,1.0,6.0,59183,M,,,59
201100035112,11,5,29,1700,1,2,1,1.0,6.0,59271,M,,,59
201100035113,11,6,1,2100,1,2,1,1.0,3.0,59183,M,,,59
201100035114,11,6,3,2315,5,2,1,1.0,6.0,59183,M,,,59
201100035115,11,6,5,1545,1,2,2,2.0,3.0,59155,M,,,59
201100035116,11,6,5,2045,1,2,9,1.0,3.0,59183,M,,,59
201100035117,11,5,31,1230,1,1,1,1.0,6.0,59271,M,,,59
201100035118,11,6,3,845,1,2,1,1.0,6.0,59183,M,,,59
201100035119,11,6,13,1745,1,2,1,1.0,6.0,59183,M,,,59
201100035120,11,6,17,1715,1,2,9,1.0,6.0,59588,M,,,59
201100035121,11,6,19,45,5,2,9,8.0,6.0,59540,M,5102480.0,233319.0,59
201100035122,11,6,19,730,1,2,1,1.0,7.0,59588,M,,,59
201100035123,11,6,26,2120,1,2,3,1.0,6.0,59183,M,,,59
201100035124,11,7,5,2215,2,2,1,1.0,6.0,59340,M,,,59
201100035125,11,7,14,2220,5,2,9,1.0,7.0,59183,M,,,59
201100035126,11,7,15,800,1,2,9,1.0,6.0,59155,M,,,59
201100035127,11,7,16,725,1,2,2,2.0,3.0,59183,M,,,59
201100035128,11,7,20,210,5,2,2,1.0,3.0,59183,M,,,59
201100035129,11,7,28,1955,1,2,9,1.0,3.0,59271,M,,,59
201100035130,11,7,27,1220,1,2,2,1.0,3.0,59540,M,,,59
201100035131,11,8,12,2242,5,2,2,1.0,3.0,59183,M,,,59
201100035132,11,8,31,1820,1,2,9,1.0,6.0,59540,M,5102416.0,233274.0,59
201100035133,11,9,4,225,5,1,1,1.0,6.0,59588,M,,,59
201100035134,11,9,5,1555,1,2,2,1.0,3.0,59183,M,,,59
201100035135,11,9,18,1625,1,2,2,1.0,3.0,59540,M,,,59
201100035136,11,9,20,2150,5,2,2,1.0,3.0,59183,M,,,59
201100035137,11,9,24,1840,1,2,9,1.0,6.0,59340,M,,,59
201100035138,11,9,28,1545,1,2,9,1.0,6.0,59540,M,,,59
201100035139,11,9,30,730,2,2,9,1.0,6.0,59271,M,,,59
201100035140,11,10,1,1530,1,2,9,1.0,6.0,59183,M,,,59
201100035141,11,10,3,1145,1,2,1,7.0,3.0,59183,M,,,59
201100035142,11,9,10,1725,1,2,1,1.0,6.0,59248,M,,,59
201100035143,11,10,6,2030,5,2,1,1.0,1.0,59183,M,,,59
201100035144,11,10,11,1015,1,2,1,1.0,2.0,59588,M,,,59
201100035145,11,10,13,1010,1,2,9,1.0,3.0,59271,M,,,59
201100035146,11,10,13,805,1,2,3,8.0,6.0,59131,M,,,59
201100035147,11,10,13,1655,1,2,3,1.0,6.0,59540,M,,,59
201100035148,11,10,15,2220,5,2,3,1.0,3.0,59183,M,,,59
201100035149,11,10,20,715,2,2,9,1.0,6.0,59271,M,,,59
201100035150,11,11,6,30,5,2,1,1.0,6.0,59183,M,,,59
201100035151,11,11,7,1730,5,2,3,2.0,6.0,59183,M,,,59
201100035152,11,11,14,2130,5,2,1,5.0,3.0,59183,M,,,59
201100035153,11,11,18,1245,1,2,9,1.0,3.0,59183,M,,,59
201100035154,11,11,18,1400,1,2,9,1.0,3.0,59183,M,,,59
201100035155,11,11,18,1820,5,1,1,1.0,4.0,59155,M,,,59
201100035156,11,11,19,2010,5,2,3,5.0,3.0,59131,M,,,59
201100035157,11,11,24,1520,1,2,1,1.0,2.0,59183,M,,,59
201100035158,11,11,24,1900,5,2,1,1.0,3.0,59183,M,,,59
201100035159,11,11,24,1315,1,2,9,1.0,3.0,59183,M,,,59
201100035160,11,11,25,1930,5,2,1,1.0,6.0,59155,M,,,59
201100035161,11,10,6,930,1,2,1,1.0,6.0,59183,M,,,59
201100035162,11,11,29,840,1,2,1,1.0,6.0,59183,M,,,59
201100035163,11,11,29,1420,1,2,2,1.0,3.0,59183,M,,,59
201100035164,11,12,4,645,5,2,1,6.0,6.0,59183,M,5104929.0,237083.0,59
201100035165,11,12,5,1725,5,2,2,1.0,3.0,59183,M,,,59
201100035166,11,12,12,1440,1,2,2,1.0,3.0,59183,M,,,59
201100035167,11,12,15,1345,1,2,9,1.0,6.0,59183,M,,,59
201100035168,11,1,16,2100,5,2,1,8.0,6.0,59359,M,,,59
201100035169,11,4,29,2300,5,2,2,1.0,3.0,59273,M,,,59
201100035170,11,5,20,815,1,2,1,1.0,6.0,59273,M,5100340.0,213607.0,59
201100035171,11,5,27,615,2,2,1,1.0,6.0,59272,M,,,59
201100035172,11,6,11,450,2,2,1,1.0,6.0,59273,M,,,59
201100035173,11,7,3,1645,1,2,1,1.0,6.0,59273,M,,,59
201100035174,11,11,11,235,3,1,1,5.0,7.0,59359,M,5100477.0,225318.0,59
201100035175,11,1,29,1825,5,2,1,1.0,2.0,59295,M,,,59
201100035176,11,3,14,2105,5,1,2,1.0,3.0,59295,M,,,59
201100035177,11,3,30,1710,1,2,1,1.0,2.0,59295,M,,,59
201100035178,11,5,6,1730,1,2,1,1.0,6.0,59295,M,,,59
201100035179,11,5,23,2030,1,2,2,1.0,3.0,59295,M,,,59
201100035180,11,7,4,1325,1,2,1,1.0,6.0,59295,M,,,59
201100035181,11,9,7,1120,1,2,1,1.0,6.0,59295,M,,,59
201100035182,11,11,19,1900,5,2,1,1.0,6.0,59295,M,,,59
201100035183,11,12,2,1720,5,2,1,1.0,6.0,59295,M,,,59
201100035184,11,12,19,1340,1,2,3,3.0,3.0,59295,M,,,59
201100035185,11,1,20,1605,1,2,1,1.0,6.0,59385,M,,,59
201100035186,11,2,4,2055,5,1,1,1.0,7.0,59324,M,,,59
201100035187,11,3,16,1535,1,2,9,1.0,6.0,59385,M,,,59
201100035188,11,5,2,825,1,2,1,1.0,6.0,59385,M,,,59
201100035189,11,5,8,1505,1,2,1,1.0,4.0,59385,M,,,59
201100035190,11,5,9,755,1,2,1,1.0,6.0,59324,M,,,59
201100035191,11,5,12,900,1,1,1,1.0,7.0,59104,M,,,59
201100035192,11,5,23,830,1,2,2,1.0,3.0,59324,M,,,59
201100035193,11,6,3,1920,1,2,1,1.0,1.0,59104,M,,,59
201100035194,11,6,15,1350,1,2,1,1.0,1.0,59495,M,,,59
201100035195,11,6,20,1300,1,2,2,8.0,3.0,59324,M,,,59
201100035196,11,7,15,110,5,2,1,1.0,7.0,59385,M,,,59
201100035197,11,9,17,1645,1,1,1,1.0,7.0,59104,M,,,59
201100035198,11,9,23,1645,1,2,3,1.0,3.0,59104,M,,,59
201100035199,11,11,11,1,3,1,1,1.0,6.0,59104,M,,,59
201100035200,11,1,4,1310,1,2,2,1.0,3.0,59009,M,,,59
201100035201,11,1,5,1800,5,2,1,1.0,6.0,59350,M,,,59
201100035202,11,1,7,1740,5,2,4,1.0,3.0,59350,M,,,59
201100035203,11,1,5,1830,5,2,2,1.0,6.0,59328,M,,,59
201100035204,11,1,7,1920,5,2,4,2.0,6.0,59350,M,,,59
201100035205,11,1,7,2030,5,2,2,1.0,6.0,59328,M,,,59
201100035206,11,1,8,325,5,2,1,1.0,6.0,59350,M,,,59
201100035207,11,1,8,1915,5,2,1,2.0,2.0,59378,M,,,59
201100035208,11,1,8,1920,5,2,2,2.0,3.0,59350,M,,,59
201100035209,11,1,9,1545,1,2,1,1.0,6.0,59009,M,,,59
201100035210,11,1,9,1825,5,2,1,1.0,6.0,59350,M,,,59
201100035211,11,1,10,1520,1,2,2,1.0,3.0,59286,M,,,59
201100035212,11,1,12,740,2,2,1,3.0,6.0,59527,M,,,59
201100035213,11,1,12,1845,5,2,3,2.0,6.0,59286,M,,,59
201100035214,11,1,13,825,1,2,1,2.0,6.0,59009,M,,,59
201100035215,11,1,14,730,5,2,1,2.0,3.0,59350,M,5061800.0,303022.0,59
201100035216,11,1,13,1705,5,2,2,2.0,6.0,59378,M,,,59
201100035217,11,1,14,345,5,2,1,1.0,6.0,59350,M,,,59
201100035218,11,1,13,2135,5,2,1,2.0,6.0,59350,M,,,59
201100035219,11,1,13,840,2,2,1,2.0,6.0,59350,M,,,59
201100035220,11,1,14,1730,5,2,1,3.0,6.0,59350,M,,,59
201100035221,11,1,14,2220,5,2,3,1.0,6.0,59350,M,,,59
201100035222,11,1,15,600,5,2,2,8.0,3.0,59009,M,,,59
201100035223,11,1,16,630,5,2,1,1.0,6.0,59009,M,,,59
201100035224,11,1,15,2045,5,2,2,1.0,3.0,59378,M,,,59
201100035225,11,1,18,1845,5,2,1,1.0,6.0,59368,M,,,59
201100035226,11,1,18,1800,5,2,1,1.0,6.0,59350,M,,,59
201100035227,11,1,20,640,2,1,1,2.0,3.0,59193,M,,,59
201100035228,11,1,20,1355,1,2,1,1.0,6.0,59636,M,,,59
201100035229,11,1,15,1015,1,2,3,1.0,6.0,59350,M,,,59
201100035230,11,1,21,1930,5,2,2,1.0,6.0,59507,M,,,59
201100035231,11,1,22,305,5,2,3,1.0,3.0,59350,M,,,59
201100035232,11,1,22,2205,5,2,1,1.0,3.0,59378,M,,,59
201100035233,11,1,19,1755,3,2,1,1.0,6.0,59220,M,,,59
201100035234,11,1,25,800,2,2,1,2.0,6.0,59360,M,,,59
201100035235,11,1,26,1220,1,2,1,1.0,6.0,59350,M,,,59
201100035236,11,1,28,955,1,2,1,1.0,6.0,59350,M,,,59
201100035237,11,1,29,1630,1,2,1,1.0,4.0,59128,M,,,59
201100035238,11,1,29,2125,5,1,1,1.0,6.0,59527,M,,,59
201100035239,11,1,28,1130,1,2,1,1.0,6.0,59350,M,,,59
201100035240,11,1,31,1240,1,2,2,1.0,6.0,59378,M,,,59
201100035241,11,1,12,1010,1,2,2,1.0,6.0,59360,M,,,59
201100035242,11,2,1,1440,1,2,1,1.0,7.0,59378,M,,,59
201100035243,11,2,2,1445,1,2,1,1.0,6.0,59009,M,,,59
201100035244,11,2,2,1700,1,2,1,1.0,2.0,59378,M,,,59
201100035245,11,2,2,2000,5,2,1,1.0,6.0,59009,M,,,59
201100035246,11,2,2,2130,5,2,1,2.0,6.0,59350,M,,,59
201100035247,11,2,3,1010,1,2,1,1.0,6.0,59328,M,5065302.0,303144.0,59
201100035248,11,2,3,1220,1,2,3,1.0,6.0,59350,M,,,59
201100035249,11,2,3,1530,1,2,3,1.0,2.0,59560,M,,,59
201100035250,11,2,3,1750,4,2,3,1.0,3.0,59378,M,,,59
201100035251,11,2,4,1050,1,2,1,2.0,6.0,59368,M,,,59
201100035252,11,2,4,1915,5,2,2,1.0,3.0,59009,M,,,59
201100035253,11,2,6,600,3,1,1,1.0,1.0,59009,M,,,59
201100035254,11,2,7,1234,1,2,2,1.0,6.0,59378,M,,,59
201100035255,11,2,8,1230,1,2,9,1.0,6.0,59220,M,,,59
201100035256,11,2,8,1630,1,2,1,1.0,6.0,59350,M,,,59
201100035257,11,2,9,800,1,2,1,1.0,6.0,59350,M,,,59
201100035258,11,2,9,1105,1,2,2,1.0,3.0,59350,M,,,59
201100035259,11,2,9,1310,1,2,1,1.0,6.0,59350,M,,,59
201100035260,11,2,13,2015,5,2,1,1.0,6.0,59350,M,,,59
201100035261,11,2,11,1500,1,2,1,1.0,2.0,59350,M,,,59
201100035262,11,2,12,1230,1,2,3,2.0,3.0,59009,M,,,59
201100035263,11,2,13,2220,5,2,3,1.0,3.0,59350,M,,,59
201100035264,11,2,15,1430,1,2,1,1.0,3.0,59368,M,,,59
201100035265,11,1,16,1830,5,2,1,1.0,6.0,59378,M,,,59
201100035266,11,2,17,1305,1,2,2,1.0,6.0,59350,M,,,59
201100035267,11,2,17,1420,1,2,2,1.0,6.0,59009,M,,,59
201100035268,11,2,18,1600,1,2,1,1.0,3.0,59350,M,,,59
201100035269,11,2,17,1730,2,2,2,1.0,3.0,59128,M,,,59
201100035270,11,2,18,1030,1,2,1,1.0,3.0,59350,M,,,59
201100035271,11,2,19,1400,1,1,1,2.0,1.0,59585,M,,,59
201100035272,11,2,19,1530,1,2,3,1.0,6.0,59350,M,,,59
201100035273,11,2,18,825,1,2,3,1.0,3.0,59350,M,,,59
201100035274,11,2,19,1530,1,2,1,2.0,6.0,59350,M,,,59
201100035275,11,2,21,1,5,2,3,1.0,6.0,59350,M,,,59
201100035276,11,2,20,1205,1,2,3,1.0,3.0,59009,M,,,59
201100035277,11,2,3,1140,1,2,2,1.0,6.0,59378,M,,,59
201100035278,11,2,22,1325,1,2,1,1.0,3.0,59378,M,,,59
201100035279,11,2,24,740,1,2,1,2.0,6.0,59328,M,,,59
201100035280,11,2,24,930,1,2,2,2.0,6.0,59410,M,,,59
201100035281,11,2,25,300,5,2,1,1.0,6.0,59193,M,,,59
201100035282,11,2,26,1920,5,2,2,2.0,6.0,59368,M,,,59
201100035283,11,2,26,1700,1,2,2,2.0,6.0,59009,M,,,59
201100035284,11,2,26,2345,5,2,3,1.0,3.0,59009,M,,,59
201100035285,11,2,28,1140,1,2,1,2.0,6.0,59350,M,5063376.0,306162.0,59
201100035286,11,3,1,1325,1,2,1,1.0,6.0,59009,M,,,59
201100035287,11,2,28,1200,1,2,2,1.0,3.0,59648,M,,,59
201100035288,11,2,3,1945,5,2,1,1.0,6.0,59350,M,,,59
201100035289,11,2,22,1800,5,2,1,1.0,3.0,59350,M,,,59
201100035290,11,2,17,1100,1,2,1,1.0,6.0,59360,M,,,59
201100035291,11,3,5,1550,1,2,1,1.0,6.0,59360,M,,,59