Num_Acc,an,mois,jour,hrmn,lum,agg,int,atm,col,com,gps,lat,long,dep
201100035292,11,3,6,845,1,2,2,1.0,3.0,59350,M,,,59
201100035293,11,3,7,800,1,2,2,1.0,3.0,59009,M,,,59
201100035294,11,3,7,1120,1,2,1,1.0,6.0,59009,M,,,59
201100035295,11,3,9,830,1,2,1,1.0,4.0,59009,M,,,59
201100035296,11,3,9,725,1,2,1,1.0,3.0,59350,M,,,59
201100035297,11,3,9,1810,1,2,1,1.0,6.0,59009,M,,,59
201100035298,11,3,10,1910,2,2,1,1.0,6.0,59286,M,,,59
201100035299,11,3,11,1800,1,2,1,1.0,6.0,59009,M,,,59
201100035300,11,3,11,1630,1,2,1,1.0,6.0,59378,M,,,59
201100035301,11,3,12,1615,1,2,1,2.0,6.0,59609,M,,,59
201100035302,11,3,9,1620,1,2,1,1.0,6.0,59410,M,,,59
201100035303,11,3,14,935,1,2,3,1.0,3.0,59527,M,,,59
201100035304,11,3,14,1800,1,2,1,1.0,6.0,59350,M,,,59
201100035305,11,3,12,2035,5,2,1,2.0,6.0,59009,M,,,59
201100035306,11,3,15,845,1,2,3,1.0,6.0,59368,M,,,59
201100035307,11,3,15,1035,1,2,3,1.0,7.0,59378,M,,,59
201100035308,11,3,15,1655,1,2,3,1.0,2.0,59350,M,,,59
201100035309,11,3,15,1800,1,2,1,1.0,6.0,59328,M,,,59
201100035310,11,3,16,1330,1,2,1,1.0,6.0,59457,M,,,59
201100035311,11,3,16,1715,1,2,6,1.0,6.0,59566,M,,,59
201100035312,11,3,16,1600,1,2,1,1.0,6.0,59350,M,,,59
201100035313,11,3,16,1225,1,2,2,1.0,6.0,59350,M,,,59
201100035314,11,3,17,1135,1,2,3,1.0,3.0,59560,M,,,59
201100035315,11,3,17,1920,2,2,3,1.0,2.0,59009,M,,,59
201100035316,11,3,13,525,5,2,1,1.0,6.0,59360,M,,,59
201100035317,11,3,18,740,1,2,1,1.0,6.0,59350,M,,,59
201100035318,11,3,19,355,5,2,1,1.0,6.0,59343,M,5058204.0,309146.0,59
201100035319,11,3,19,850,1,2,2,1.0,3.0,59350,M,,,59
201100035320,11,3,18,1520,1,2,1,1.0,2.0,59350,M,,,59
201100035321,11,3,19,1605,1,2,1,1.0,1.0,59507,M,5059840.0,310213.0,59
201100035322,11,3,19,1715,1,2,1,1.0,6.0,59350,M,,,59
201100035323,11,3,19,1715,1,2,1,1.0,2.0,59350,M,,,59
201100035324,11,3,19,2110,5,2,1,1.0,3.0,59368,M,,,59
201100035325,11,3,17,1910,1,2,2,1.0,3.0,59350,M,,,59
201100035326,11,3,21,2140,5,2,2,1.0,3.0,59350,M,,,59
201100035327,11,3,22,820,1,2,1,1.0,6.0,59350,M,,,59
201100035328,11,3,21,1420,1,2,1,1.0,6.0,59220,M,,,59
201100035329,11,3,23,740,1,2,1,1.0,3.0,59360,M,,,59
201100035330,11,3,23,1100,1,2,1,1.0,6.0,59527,M,,,59
201100035331,11,3,23,1710,1,2,1,1.0,6.0,59350,M,,,59
201100035332,11,3,23,1815,1,2,2,1.0,3.0,59350,M,,,59
201100035333,11,3,24,1000,1,2,2,1.0,6.0,59350,M,,,59
201100035334,11,3,24,1300,1,2,2,1.0,3.0,59378,M,,,59
201100035335,11,3,7,1350,1,2,1,1.0,3.0,59507,M,,,59
201100035336,11,3,25,1615,1,2,1,1.0,2.0,59368,M,,,59
201100035337,11,3,25,1745,1,2,1,1.0,4.0,59009,M,,,59
201100035338,11,3,26,1730,1,2,1,1.0,6.0,59350,M,,,59
201100035339,11,3,26,2155,5,2,2,2.0,3.0,59378,M,,,59
201100035340,11,3,27,1220,1,2,2,1.0,6.0,59350,M,,,59
201100035341,11,3,27,1920,1,2,1,1.0,6.0,59368,M,,,59
201100035342,11,3,23,1305,1,2,1,1.0,6.0,59286,M,,,59
201100035343,11,3,29,1810,1,2,1,1.0,6.0,59328,M,,,59
201100035344,11,3,31,1430,1,2,1,1.0,6.0,59009,M,,,59
201100035345,11,4,1,1640,1,2,3,1.0,3.0,59378,M,,,59
201100035346,11,4,2,1400,1,1,6,1.0,7.0,59566,M,,,59
201100035347,11,4,3,2315,5,2,1,1.0,3.0,59350,M,,,59
201100035348,11,4,4,1200,1,2,1,1.0,6.0,59350,M,,,59
201100035349,11,3,31,750,1,2,1,3.0,7.0,59350,M,,,59
201100035350,11,4,5,1220,1,2,1,1.0,6.0,59350,M,,,59
201100035351,11,4,5,2100,5,2,1,1.0,7.0,59350,M,,,59
201100035352,11,4,6,1855,1,2,1,1.0,6.0,59286,M,,,59
201100035353,11,4,5,1735,1,2,1,2.0,6.0,59009,M,,,59
201100035354,11,4,7,155,5,2,2,1.0,3.0,59350,M,,,59
201100035355,11,4,8,1150,1,2,3,1.0,6.0,59378,M,,,59
201100035356,11,4,9,820,1,2,2,1.0,6.0,59350,M,,,59
201100035357,11,4,10,1200,1,2,2,1.0,6.0,59350,M,,,59
201100035358,11,4,10,1240,1,2,2,1.0,6.0,59368,M,,,59
201100035359,11,4,10,2210,5,2,2,1.0,1.0,59350,M,,,59
201100035360,11,3,11,815,1,2,2,1.0,6.0,59386,M,,,59
201100035361,11,4,11,1130,1,2,1,1.0,3.0,59368,M,,,59
201100035362,11,4,11,1425,1,2,4,1.0,6.0,59636,M,,,59
201100035363,11,4,11,1930,1,2,1,1.0,2.0,59350,M,,,59
201100035364,11,4,2,2345,5,2,2,2.0,6.0,59350,M,,,59
201100035365,11,4,8,1650,1,2,4,1.0,3.0,59378,M,,,59
201100035366,11,4,14,750,1,2,3,1.0,6.0,59193,M,,,59
201100035367,11,4,15,1200,1,2,1,1.0,3.0,59350,M,,,59
201100035368,11,4,16,1545,1,2,1,1.0,6.0,59457,M,,,59
201100035369,11,4,17,1350,1,2,1,1.0,6.0,59378,M,,,59
201100035370,11,4,18,1300,1,2,2,1.0,3.0,59009,M,,,59
201100035371,11,4,18,1635,1,2,1,1.0,6.0,59350,M,,,59
201100035372,11,4,18,745,1,2,1,1.0,6.0,59636,M,,,59
201100035373,11,4,18,1130,1,2,1,1.0,6.0,59350,M,,,59
201100035374,11,4,19,1020,1,2,1,1.0,6.0,59378,M,,,59
201100035375,11,4,19,2130,5,2,1,1.0,6.0,59410,M,,,59
201100035376,11,4,20,630,1,2,6,1.0,6.0,59350,M,,,59
201100035377,11,4,20,1230,1,2,3,1.0,6.0,59378,M,,,59
201100035378,11,4,20,1220,1,2,2,1.0,6.0,59350,M,,,59
201100035379,11,4,20,1530,1,2,1,1.0,6.0,59350,M,,,59
201100035380,11,4,21,1500,1,2,6,1.0,2.0,59507,M,,,59
201100035381,11,4,21,1600,1,2,2,1.0,3.0,59009,M,,,59
201100035382,11,4,23,2050,2,2,2,1.0,3.0,59350,M,,,59
201100035383,11,4,25,1710,1,1,2,1.0,6.0,59350,M,,,59
201100035384,11,4,26,1215,1,2,1,1.0,7.0,59350,M,,,59
201100035385,11,4,8,1345,1,2,2,1.0,3.0,59350,M,,,59
201100035386,11,4,14,1535,1,2,2,1.0,3.0,59350,M,,,59
201100035387,11,4,28,1010,1,2,3,8.0,2.0,59350,M,,,59
201100035388,11,4,27,2110,2,2,2,1.0,3.0,59350,M,,,59
201100035389,11,4,29,1545,1,2,1,1.0,6.0,59378,M,,,59
201100035390,11,4,30,1830,1,2,3,1.0,3.0,59636,M,,,59
201100035391,11,4,30,1830,1,2,2,1.0,6.0,59350,M,,,59
201100035392,11,5,1,1,5,2,1,1.0,6.0,59350,M,,,59
201100035393,11,5,1,450,2,2,1,1.0,6.0,59648,M,,,59
201100035394,11,5,2,2300,5,1,1,1.0,6.0,59009,M,,,59
201100035395,11,4,23,415,5,2,2,1.0,3.0,59350,M,,,59
201100035396,11,5,2,745,1,2,1,1.0,6.0,59350,M,,,59
201100035397,11,5,2,815,1,2,2,1.0,3.0,59350,M,,,59
201100035398,11,5,2,1100,1,2,7,1.0,3.0,59350,M,,,59
201100035399,11,5,2,1830,1,2,2,1.0,3.0,59350,M,,,59
201100035400,11,5,3,650,1,2,1,1.0,1.0,59343,M,,,59
201100035401,11,5,3,920,1,2,1,7.0,6.0,59350,M,,,59
201100035402,11,5,3,1730,1,2,1,1.0,6.0,59350,M,,,59
201100035403,11,4,27,1730,1,2,1,1.0,6.0,59350,M,,,59
201100035404,11,5,3,1625,1,1,1,1.0,2.0,59350,M,,,59
201100035405,11,5,3,1915,1,2,1,1.0,3.0,59560,M,,,59
201100035406,11,4,27,2100,5,2,1,1.0,6.0,59350,M,,,59
201100035407,11,5,3,1525,1,2,1,1.0,5.0,59585,M,,,59
201100035408,11,5,5,1000,1,2,1,1.0,6.0,59350,M,,,59
201100035409,11,5,5,1600,1,2,7,1.0,6.0,59368,M,,,59
201100035410,11,5,5,1830,1,2,1,1.0,1.0,59527,M,,,59
201100035411,11,5,6,1530,1,2,1,1.0,6.0,59350,M,,,59
201100035412,11,5,6,1850,1,2,1,1.0,3.0,59350,M,,,59
201100035413,11,5,6,1915,1,2,2,1.0,6.0,59350,M,,,59
201100035414,11,5,7,1330,1,2,3,1.0,6.0,59350,M,,,59
201100035415,11,5,9,1815,1,2,2,1.0,3.0,59648,M,,,59
201100035416,11,5,10,1400,1,2,1,1.0,6.0,59009,M,,,59
201100035417,11,5,10,1615,1,2,1,1.0,6.0,59350,M,,,59
201100035418,11,5,6,1120,1,2,6,1.0,2.0,59350,M,,,59
201100035419,11,5,11,805,1,2,1,1.0,6.0,59360,M,,,59
201100035420,11,5,11,805,1,2,2,1.0,6.0,59350,M,,,59
201100035421,11,5,11,1730,1,2,3,1.0,3.0,59360,M,,,59
201100035422,11,5,11,1850,1,2,3,1.0,3.0,59350,M,,,59
201100035423,11,5,11,1850,1,2,7,1.0,3.0,59009,M,,,59
201100035424,11,5,11,2010,2,2,2,1.0,6.0,59350,M,,,59
201100035425,11,4,28,1600,1,2,1,1.0,2.0,59378,M,,,59
201100035426,11,5,13,1740,1,2,1,1.0,2.0,59350,M,,,59
201100035427,11,5,13,840,1,2,4,1.0,2.0,59356,M,,,59
201100035428,11,5,13,1534,1,2,1,1.0,6.0,59220,M,,,59
201100035429,11,5,15,1815,1,2,3,1.0,3.0,59410,M,,,59
201100035430,11,5,6,1630,1,2,1,1.0,6.0,59009,M,,,59
201100035431,11,5,17,1405,1,2,1,1.0,6.0,59527,M,,,59
201100035432,11,5,17,1914,1,2,1,1.0,7.0,59220,M,,,59
201100035433,11,5,18,1950,1,2,2,1.0,6.0,59009,M,,,59
201100035434,11,5,19,710,1,2,7,1.0,3.0,59350,M,,,59
201100035435,11,5,19,745,1,2,1,2.0,1.0,59350,M,,,59
201100035436,11,5,19,2115,5,2,1,1.0,3.0,59378,M,,,59
201100035437,11,5,20,1405,1,2,1,1.0,6.0,59410,M,,,59
201100035438,11,5,22,800,1,2,3,1.0,6.0,59328,M,,,59
201100035439,11,5,22,600,2,2,2,1.0,6.0,59350,M,,,59
201100035440,11,5,23,950,1,2,1,1.0,3.0,59350,M,,,59
201100035441,11,5,23,1020,1,2,2,1.0,6.0,59360,M,,,59
201100035442,11,5,23,1125,1,2,3,1.0,6.0,59378,M,,,59
201100035443,11,5,24,1030,1,2,1,1.0,6.0,59378,M,,,59
201100035444,11,5,24,1910,1,2,1,1.0,6.0,59286,M,,,59
201100035445,11,5,24,1410,1,2,3,1.0,3.0,59350,M,,,59
201100035446,11,5,18,1640,1,2,1,1.0,6.0,59220,M,,,59
201100035447,11,4,20,1300,1,2,1,1.0,7.0,59507,M,,,59
201100035448,11,5,25,1225,1,2,1,1.0,6.0,59527,M,,,59
201100035449,11,5,25,1545,1,2,2,1.0,6.0,59378,M,,,59
201100035450,11,5,25,1715,1,2,2,1.0,6.0,59350,M,,,59
201100035451,11,5,25,2300,5,2,1,1.0,6.0,59378,M,,,59
201100035452,11,5,26,1910,1,2,3,1.0,6.0,59350,M,,,59
201100035453,11,5,26,1955,1,2,1,1.0,6.0,59350,M,,,59
201100035454,11,5,27,920,1,2,1,1.0,3.0,59009,M,,,59
201100035455,11,5,27,1645,1,2,1,1.0,6.0,59009,M,,,59
201100035456,11,5,28,2100,1,2,3,1.0,3.0,59350,M,,,59
201100035457,11,5,28,2110,2,2,1,1.0,6.0,59350,M,,,59
201100035458,11,5,30,650,1,2,1,1.0,3.0,59009,M,,,59
201100035459,11,5,30,1200,1,2,1,1.0,6.0,59328,M,,,59
201100035460,11,5,30,1310,1,2,1,1.0,3.0,59350,M,,,59
201100035461,11,5,31,2350,5,2,1,1.0,2.0,59350,M,,,59
201100035462,11,5,31,2120,1,2,1,1.0,6.0,59378,M,,,59
201100035463,11,5,31,2230,5,2,1,1.0,6.0,59350,M,,,59
201100035464,11,6,1,730,1,2,3,1.0,3.0,59527,M,,,59
201100035465,11,6,1,300,5,2,1,1.0,6.0,59360,M,,,59
201100035466,11,6,1,1900,1,2,1,1.0,6.0,59636,M,,,59
201100035467,11,6,1,2015,1,2,2,1.0,3.0,59009,M,,,59
201100035468,11,6,4,730,1,2,4,1.0,6.0,59360,M,,,59
201100035469,11,5,20,5,5,2,1,1.0,3.0,59350,M,,,59
201100035470,11,5,31,1000,1,2,1,1.0,2.0,59009,M,,,59
201100035471,11,6,8,740,1,2,3,1.0,6.0,59350,M,,,59
201100035472,11,6,8,830,1,2,1,1.0,6.0,59009,M,,,59
201100035473,11,6,8,1100,1,2,3,1.0,6.0,59009,M,,,59
201100035474,11,6,13,420,5,2,1,2.0,6.0,59527,M,,,59
201100035475,11,6,13,1900,1,2,3,1.0,2.0,59009,M,,,59
201100035476,11,6,13,1400,1,2,2,1.0,2.0,59636,M,,,59
201100035477,11,6,8,1310,1,2,2,1.0,6.0,59350,M,,,59
201100035478,11,6,14,1810,1,2,1,1.0,6.0,59350,M,,,59
201100035479,11,6,15,1705,1,2,1,1.0,1.0,59350,M,,,59
201100035480,11,6,16,1220,1,1,2,2.0,3.0,59356,M,,,59
201100035481,11,6,16,1110,1,2,6,1.0,6.0,59196,M,,,59
201100035482,11,6,16,2100,1,2,1,1.0,6.0,59350,M,,,59
201100035483,11,6,16,1720,1,2,1,1.0,6.0,59350,M,,,59
201100035484,11,6,17,1030,1,2,2,1.0,6.0,59009,M,,,59
201100035485,11,6,17,1405,1,2,1,2.0,6.0,59350,M,,,59
201100035486,11,6,17,1625,1,2,2,2.0,6.0,59328,M,,,59
201100035487,11,6,19,205,5,2,1,2.0,6.0,59350,M,,,59
201100035488,11,6,19,2310,5,2,1,1.0,1.0,59316,M,,,59
201100035489,11,6,20,1245,1,2,6,1.0,7.0,59343,M,,,59
201100035490,11,6,20,2145,5,2,1,1.0,3.0,59360,M,,,59
201100035491,11,6,21,1225,1,2,2,1.0,3.0,59378,M,,,59
201100035492,11,6,22,1400,1,1,1,1.0,6.0,59585,M,,,59
201100035493,11,6,22,25,5,2,2,1.0,3.0,59350,M,,,59
201100035494,11,6,22,1050,1,2,2,1.0,3.0,59560,M,,,59
201100035495,11,6,22,1415,1,2,2,1.0,6.0,59350,M,,,59
201100035496,11,6,23,1505,1,2,1,1.0,6.0,59378,M,,,59
201100035497,11,6,23,2010,1,2,2,1.0,6.0,59350,M,,,59
201100035498,11,6,24,2010,1,2,1,1.0,6.0,59560,M,5055849.0,303165.0,59
201100035499,11,6,25,935,1,2,3,1.0,7.0,59350,M,,,59
201100035500,11,6,25,2350,5,2,1,1.0,6.0,59316,M,5057020.0,297933.0,59
201100035501,11,6,26,1230,1,2,1,1.0,6.0,59350,M,,,59
201100035502,11,6,25,1700,1,2,2,1.0,3.0,59378,M,,,59
201100035503,11,6,26,1415,1,2,2,1.0,3.0,59350,M,,,59
201100035504,11,6,27,730,1,2,1,1.0,6.0,59437,M,,,59
201100035505,11,6,28,1510,1,2,2,1.0,6.0,59350,M,,,59
201100035506,11,6,28,1800,1,2,1,1.0,3.0,59350,M,,,59
201100035507,11,6,28,2000,1,2,4,1.0,2.0,59378,M,,,59
201100035508,11,6,29,1720,1,2,1,7.0,6.0,59507,M,,,59
201100035509,11,6,29,1945,1,2,2,1.0,3.0,59009,M,,,59
201100035510,11,6,29,1940,1,2,1,1.0,6.0,59378,M,,,59
201100035511,11,6,30,1830,1,2,3,1.0,6.0,59609,M,,,59
201100035512,11,6,30,1120,1,2,2,1.0,6.0,59350,M,,,59
201100035513,11,6,30,1440,1,2,2,1.0,6.0,59350,M,,,59
201100035514,11,7,1,1730,1,2,1,1.0,6.0,59350,M,,,59
201100035515,11,7,2,2140,4,2,2,1.0,6.0,59350,M,,,59
201100035516,11,7,4,1420,1,2,1,1.0,3.0,59350,M,,,59
201100035517,11,7,5,810,1,2,1,1.0,5.0,59350,M,,,59
201100035518,11,7,5,1312,1,2,1,1.0,3.0,59009,M,,,59
201100035519,11,7,5,1425,1,2,2,1.0,6.0,59350,M,,,59
201100035520,11,7,5,1700,1,2,1,1.0,3.0,59350,M,,,59
201100035521,11,7,5,910,1,2,1,1.0,3.0,59350,M,,,59
201100035522,11,6,19,1920,1,2,1,1.0,6.0,59350,M,,,59
201100035523,11,6,10,1815,1,2,1,1.0,7.0,59360,M,,,59
201100035524,11,7,8,1535,1,1,1,1.0,7.0,59378,M,,,59
201100035525,11,7,9,650,1,2,1,2.0,6.0,59378,M,,,59
201100035526,11,7,10,2110,2,2,2,1.0,3.0,59350,M,,,59
201100035527,11,7,11,1300,1,2,1,1.0,6.0,59350,M,,,59
201100035528,11,7,12,345,5,2,1,2.0,6.0,59009,M,,,59
201100035529,11,7,12,1210,1,2,1,1.0,6.0,59527,M,,,59
201100035530,11,7,8,1955,1,2,2,2.0,6.0,59009,M,,,59
201100035531,11,7,13,25,5,2,1,2.0,6.0,59286,M,,,59
201100035532,11,7,12,1620,1,2,1,2.0,6.0,59350,M,,,59
201100035533,11,7,14,135,5,2,1,2.0,1.0,59350,M,,,59
201100035534,11,7,13,1655,1,2,2,1.0,6.0,59368,M,,,59
201100035535,11,7,15,1130,1,1,1,1.0,2.0,59437,M,,,59
201100035536,11,7,16,820,1,2,1,1.0,6.0,59378,M,,,59
201100035537,11,7,17,2020,1,2,1,1.0,6.0,59350,M,,,59
201100035538,11,7,19,1105,1,2,1,1.0,6.0,59328,M,,,59
201100035539,11,7,22,1855,1,2,1,1.0,3.0,59636,M,,,59
201100035540,11,7,23,1930,1,2,3,1.0,6.0,59009,M,,,59
201100035541,11,7,24,750,1,1,1,1.0,6.0,59648,M,,,59
201100035542,11,7,25,1630,1,2,2,1.0,3.0,59636,M,,,59
201100035543,11,7,27,200,5,2,1,2.0,6.0,59350,M,,,59
201100035544,11,7,26,850,1,2,2,1.0,3.0,59350,M,,,59
201100035545,11,7,22,910,1,2,3,1.0,3.0,59360,M,,,59
201100035546,11,7,28,1435,1,2,3,1.0,3.0,59368,M,,,59
201100035547,11,7,28,1450,1,2,3,1.0,3.0,59350,M,,,59
201100035548,11,7,31,1520,1,2,3,1.0,6.0,59350,M,,,59
201100035549,11,7,30,900,1,2,3,2.0,3.0,59286,M,,,59
201100035550,11,7,29,1355,1,2,1,1.0,3.0,59648,M,,,59
201100035551,11,8,2,1945,1,2,2,1.0,3.0,59410,M,,,59
201100035552,11,8,4,1815,1,2,1,1.0,5.0,59368,M,,,59
201100035553,11,8,4,225,5,2,1,1.0,6.0,59360,M,,,59
201100035554,11,8,7,1420,1,2,1,1.0,6.0,59350,M,,,59
201100035555,11,8,9,1210,1,2,1,1.0,6.0,59350,M,,,59
201100035556,11,8,11,500,5,2,3,1.0,3.0,59009,M,,,59
201100035557,11,8,12,1445,1,2,2,1.0,6.0,59350,M,,,59
201100035558,11,8,13,2055,1,2,1,2.0,6.0,59636,M,,,59
201100035559,11,8,15,2235,5,2,1,1.0,6.0,59350,M,,,59
201100035560,11,8,15,605,1,2,1,1.0,6.0,59350,M,,,59
201100035561,11,7,29,1710,1,2,1,1.0,5.0,59196,M,,,59
201100035562,11,8,16,1130,1,2,1,1.0,3.0,59009,M,,,59
201100035563,11,8,21,1232,1,2,2,1.0,3.0,59328,M,,,59
201100035564,11,8,21,1645,1,2,2,1.0,3.0,59378,M,,,59
201100035565,11,8,21,2300,5,2,1,1.0,6.0,59636,M,,,59
201100035566,11,8,22,1715,1,2,3,2.0,4.0,59009,M,,,59
201100035567,11,8,24,1720,1,2,2,1.0,3.0,59350,M,,,59
201100035568,11,8,26,720,1,2,2,3.0,6.0,59350,M,,,59
201100035569,11,8,26,1230,1,2,1,1.0,3.0,59346,M,,,59
201100035570,11,8,24,930,1,1,1,8.0,6.0,59609,M,,,59
201100035571,11,8,25,1450,1,2,2,1.0,2.0,59350,M,,,59
201100035572,11,8,26,1720,1,2,2,1.0,6.0,59220,M,,,59
201100035573,11,8,26,2210,5,2,2,1.0,3.0,59350,M,,,59
201100035574,11,8,27,1700,1,2,1,1.0,6.0,59350,M,,,59
201100035575,11,8,23,2045,5,2,3,2.0,6.0,59350,M,,,59
201100035576,11,8,30,1140,1,2,1,1.0,6.0,59527,M,,,59
201100035577,11,8,26,1200,1,2,2,1.0,6.0,59316,M,,,59
201100035578,11,8,31,1215,1,2,1,1.0,6.0,59328,M,,,59
201100035579,11,8,31,2000,1,2,1,1.0,6.0,59566,M,,,59
201100035580,11,8,31,1505,1,2,1,1.0,6.0,59350,M,,,59
201100035581,11,8,31,1515,1,2,1,1.0,6.0,59350,M,,,59
201100035582,11,9,2,1850,1,2,1,1.0,6.0,59350,M,,,59
201100035583,11,9,3,1200,1,2,1,1.0,6.0,59350,M,,,59
201100035584,11,9,4,1050,1,2,2,1.0,3.0,59350,M,,,59
201100035585,11,9,6,1540,1,2,2,1.0,3.0,59350,M,,,59
201100035586,11,9,6,1700,1,2,1,2.0,6.0,59470,M,,,59
201100035587,11,9,6,1730,1,2,4,2.0,6.0,59360,M,,,59
201100035588,11,9,7,1300,1,2,1,2.0,6.0,59350,M,,,59
201100035589,11,9,7,1720,1,2,4,1.0,3.0,59350,M,,,59
201100035590,11,9,9,1415,1,2,2,1.0,6.0,59350,M,,,59
201100035591,11,9,9,1615,1,2,4,1.0,6.0,59328,M,,,59
201100035592,11,9,11,1530,1,2,2,1.0,6.0,59350,M,,,59
201100035593,11,9,11,2120,4,2,3,1.0,6.0,59350,M,,,59
201100035594,11,9,10,315,5,2,1,1.0,6.0,59368,M,,,59
201100035595,11,9,8,305,5,2,1,1.0,6.0,59350,M,,,59
201100035596,11,9,12,1430,1,2,1,1.0,6.0,59350,M,,,59
201100035597,11,9,13,1815,1,2,3,1.0,3.0,59360,M,,,59
201100035598,11,9,13,1930,1,2,2,1.0,6.0,59350,M,,,59
201100035599,11,9,14,720,1,2,2,1.0,6.0,59378,M,,,59
201100035600,11,9,11,1510,1,2,1,1.0,6.0,59410,M,,,59
201100035601,11,9,15,845,1,2,1,1.0,6.0,59386,M,,,59
201100035602,11,9,15,1250,1,2,3,1.0,2.0,59286,M,,,59
201100035603,11,9,14,2240,5,2,1,1.0,6.0,59378,M,,,59
201100035604,11,9,16,1215,1,2,2,1.0,6.0,59350,M,,,59
201100035605,11,9,11,1800,1,1,2,1.0,2.0,59560,M,,,59
201100035606,11,9,12,1845,1,2,6,1.0,6.0,59507,M,,,59
201100035607,11,9,20,1715,1,2,2,1.0,3.0,59350,M,,,59
201100035608,11,9,13,1230,1,2,1,1.0,2.0,59350,M,,,59
201100035609,11,9,21,1155,1,2,1,1.0,3.0,59368,M,,,59
201100035610,11,9,22,1640,1,2,4,1.0,3.0,59636,M,,,59
201100035611,11,9,22,1730,1,2,1,1.0,3.0,59350,M,,,59
201100035612,11,9,23,820,1,1,1,1.0,3.0,59360,M,,,59
201100035613,11,9,25,1015,1,2,2,1.0,6.0,59350,M,,,59
201100035614,11,9,24,1145,1,2,2,1.0,3.0,59343,M,,,59
201100035615,11,9,24,1830,1,2,1,1.0,3.0,59585,M,,,59
201100035616,11,9,23,1425,1,2,1,1.0,6.0,59350,M,,,59
201100035617,11,9,23,850,1,2,2,1.0,2.0,59009,M,,,59
201100035618,11,9,23,815,1,1,1,1.0,6.0,59316,M,,,59
201100035619,11,9,26,550,5,2,1,1.0,6.0,59350,M,5061432.0,304794.0,59
201100035620,11,9,21,1210,1,2,2,1.0,6.0,59507,M,,,59
201100035621,11,9,26,1840,1,2,1,1.0,3.0,59350,M,,,59
201100035622,11,9,27,1830,1,2,1,1.0,3.0,59350,M,,,59
201100035623,11,9,28,800,1,2,1,1.0,6.0,59350,M,,,59
201100035624,11,9,30,830,1,2,1,1.0,6.0,59636,M,,,59
201100035625,11,10,2,1835,1,2,1,1.0,3.0,59378,M,,,59
201100035626,11,10,3,1600,1,2,2,1.0,3.0,59378,M,,,59
201100035627,11,10,3,1955,2,2,1,1.0,6.0,59350,M,,,59
201100035628,11,10,4,1000,1,2,2,2.0,3.0,59368,M,,,59
201100035629,11,10,5,2050,5,2,2,1.0,3.0,59350,M,,,59
201100035630,11,10,5,1700,1,2,1,1.0,5.0,59350,M,,,59
201100035631,11,10,5,1645,1,2,1,1.0,6.0,59368,M,,,59
201100035632,11,10,2,1025,1,2,2,7.0,3.0,59350,M,,,59
201100035633,11,10,9,2000,5,2,1,3.0,3.0,59356,M,,,59
201100035634,11,10,10,2205,5,2,2,1.0,3.0,59360,M,,,59
201100035635,11,10,8,1055,1,2,1,1.0,3.0,59378,M,,,59
201100035636,11,10,8,1100,1,2,2,1.0,3.0,59009,M,,,59
201100035637,11,10,10,1120,1,2,3,1.0,3.0,59527,M,,,59
201100035638,11,10,11,800,1,2,1,1.0,3.0,59368,M,,,59
201100035639,11,10,11,800,1,2,1,1.0,6.0,59009,M,,,59
201100035640,11,10,11,1500,1,2,2,1.0,6.0,59350,M,,,59
201100035641,11,10,11,1800,1,2,1,1.0,3.0,59350,M,,,59
201100035642,11,10,12,800,2,2,2,1.0,3.0,59350,M,,,59
201100035643,11,10,12,730,3,2,4,1.0,3.0,59527,M,,,59
201100035644,11,9,21,1730,1,2,2,1.0,6.0,59350,M,,,59
201100035645,11,10,2,925,1,2,3,1.0,6.0,59507,M,,,59
201100035646,11,10,12,1545,1,2,1,1.0,7.0,59350,M,,,59
201100035647,11,10,12,2310,5,2,1,1.0,6.0,59378,M,,,59
201100035648,11,10,12,2130,5,2,1,1.0,1.0,59350,M,,,59
201100035649,11,10,14,1230,1,2,3,1.0,3.0,59378,M,,,59
201100035650,11,10,14,1530,1,2,2,1.0,6.0,59350,M,,,59
201100035651,11,10,14,1525,1,2,1,1.0,6.0,59410,M,,,59
201100035652,11,10,14,1630,1,2,2,1.0,6.0,59350,M,,,59
201100035653,11,10,14,1740,1,2,2,1.0,6.0,59350,M,,,59
201100035654,11,10,14,1800,1,2,1,1.0,6.0,59368,M,,,59
201100035655,11,10,15,1600,1,2,1,1.0,6.0,59009,M,,,59
201100035656,11,10,16,315,5,2,1,1.0,7.0,59350,M,,,59
201100035657,11,10,17,2230,5,2,2,1.0,6.0,59350,M,,,59
201100035658,11,10,18,855,1,2,1,2.0,6.0,59350,M,,,59
201100035659,11,10,20,1925,5,2,1,1.0,6.0,59350,M,,,59
201100035660,11,10,21,740,5,2,2,1.0,6.0,59286,M,,,59
201100035661,11,10,23,1510,1,2,1,7.0,6.0,59378,M,,,59
201100035662,11,10,21,1115,1,2,1,1.0,6.0,59009,M,,,59
201100035663,11,10,21,1840,2,2,1,1.0,6.0,59328,M,,,59
201100035664,11,10,24,1600,1,2,2,1.0,6.0,59350,M,,,59
201100035665,11,10,25,1940,5,2,3,2.0,6.0,59360,M,,,59
201100035666,11,10,25,1120,1,2,1,2.0,6.0,59350,M,,,59
201100035667,11,10,10,1840,1,2,1,1.0,5.0,59368,M,,,59
201100035668,11,10,26,815,1,2,2,1.0,6.0,59328,M,,,59
201100035669,11,10,28,840,1,2,2,1.0,3.0,59350,M,,,59
201100035670,11,10,30,815,2,1,1,1.0,6.0,59009,M,,,59
201100035671,11,10,31,1735,2,2,3,1.0,6.0,59410,M,,,59
201100035672,11,11,1,500,5,2,1,1.0,6.0,59378,M,,,59
201100035673,11,11,2,720,2,2,2,1.0,3.0,59360,M,,,59
201100035674,11,10,26,1400,1,2,6,1.0,6.0,59350,M,,,59
201100035675,11,11,3,845,2,2,2,1.0,6.0,59350,M,,,59
201100035676,11,11,3,1610,1,2,9,1.0,6.0,59009,M,,,59