Num_Acc,an,mois,jour,hrmn,lum,agg,int,atm,col,com,gps,lat,long,dep
201100035677,11,11,3,2145,5,2,1,2.0,2.0,59378,M,,,59
201100035678,11,11,5,1820,5,2,1,1.0,7.0,59636,M,,,59
201100035679,11,11,6,750,1,2,2,1.0,3.0,59350,M,,,59
201100035680,11,11,6,1715,2,2,1,1.0,6.0,59350,M,,,59
201100035681,11,11,7,1830,5,2,1,1.0,6.0,59350,M,,,59
201100035682,11,11,7,1630,1,2,1,1.0,6.0,59009,M,,,59
201100035683,11,11,7,630,5,2,2,1.0,3.0,59009,M,,,59
201100035684,11,11,7,1625,1,2,2,1.0,3.0,59585,M,,,59
201100035685,11,11,8,1810,2,1,6,1.0,6.0,59636,M,,,59
201100035686,11,11,9,1530,1,2,1,1.0,3.0,59378,M,,,59
201100035687,11,11,9,1958,5,2,1,1.0,6.0,59527,M,,,59
201100035688,11,11,6,745,2,2,3,1.0,6.0,59527,M,,,59
201100035689,11,11,10,920,1,2,1,1.0,3.0,59328,M,,,59
201100035690,11,11,10,915,1,2,1,1.0,6.0,59507,M,,,59
201100035691,11,11,9,1530,1,2,2,1.0,6.0,59009,M,,,59
201100035692,11,11,9,1720,1,2,3,1.0,1.0,59009,M,,,59
201100035693,11,11,10,1640,1,2,3,1.0,6.0,59527,M,,,59
201100035694,11,11,10,1740,2,2,1,1.0,3.0,59009,M,,,59
201100035695,11,11,11,1640,1,2,5,1.0,3.0,59350,M,,,59
201100035696,11,11,12,1000,1,2,2,1.0,6.0,59009,M,,,59
201100035697,11,11,13,815,2,2,1,1.0,6.0,59328,M,,,59
201100035698,11,11,13,1510,1,2,1,1.0,6.0,59350,M,,,59
201100035699,11,11,10,1330,1,2,2,1.0,6.0,59350,M,,,59
201100035700,11,11,14,1745,1,2,2,1.0,3.0,59368,M,,,59
201100035701,11,11,15,1640,1,2,1,1.0,6.0,59378,M,,,59
201100035702,11,11,16,1745,5,2,2,2.0,3.0,59350,M,,,59
201100035703,11,11,16,950,1,2,1,1.0,6.0,59009,M,,,59
201100035704,11,11,17,1745,2,2,1,1.0,6.0,59350,M,,,59
201100035705,11,11,18,1545,1,2,1,7.0,6.0,59350,M,,,59
201100035706,11,11,18,1915,5,2,3,1.0,3.0,59360,M,,,59
201100035707,11,11,18,2140,5,2,1,1.0,6.0,59195,M,,,59
201100035708,11,11,19,1505,1,2,1,1.0,2.0,59009,M,,,59
201100035709,11,11,19,1500,1,2,3,1.0,2.0,59350,M,,,59
201100035710,11,11,19,1610,1,2,2,1.0,3.0,59009,M,,,59
201100035711,11,11,20,1210,1,2,1,1.0,6.0,59350,M,,,59
201100035712,11,11,21,700,2,2,1,5.0,6.0,59350,M,,,59
201100035713,11,11,22,1330,1,2,1,8.0,6.0,59350,M,,,59
201100035714,11,11,23,1155,1,2,1,2.0,2.0,59350,M,,,59
201100035715,11,11,23,1750,5,2,2,1.0,6.0,59378,M,,,59
201100035716,11,11,24,1830,5,2,1,1.0,6.0,59009,M,,,59
201100035717,11,11,24,1850,5,2,2,1.0,2.0,59378,M,,,59
201100035718,11,11,25,1210,1,2,1,1.0,6.0,59350,M,,,59
201100035719,11,11,18,110,5,2,2,1.0,3.0,59350,M,,,59
201100035720,11,11,21,2045,5,2,8,1.0,2.0,59220,M,,,59
201100035721,11,11,28,840,1,2,1,1.0,6.0,59636,M,,,59
201100035722,11,11,28,920,1,1,1,1.0,6.0,59378,M,,,59
201100035723,11,11,28,1230,1,2,1,1.0,6.0,59286,M,,,59
201100035724,11,11,29,1740,5,2,2,1.0,6.0,59350,M,,,59
201100035725,11,11,30,1315,1,2,2,7.0,6.0,59350,M,,,59
201100035726,11,12,1,1545,1,2,3,1.0,6.0,59009,M,,,59
201100035727,11,12,1,1750,2,2,3,2.0,6.0,59350,M,,,59
201100035728,11,11,30,700,5,2,1,1.0,3.0,59360,M,,,59
201100035729,11,12,3,2000,5,2,1,2.0,6.0,59286,M,,,59
201100035730,11,12,3,735,2,2,3,1.0,6.0,59378,M,,,59
201100035731,11,12,2,1900,2,2,1,1.0,5.0,59350,M,,,59
201100035732,11,12,5,1015,1,2,2,1.0,3.0,59350,M,,,59
201100035733,11,12,6,600,5,2,1,1.0,3.0,59560,M,,,59
201100035734,11,12,6,1530,1,2,1,1.0,7.0,59368,M,,,59
201100035735,11,12,7,1700,2,2,1,1.0,3.0,59328,M,,,59
201100035736,11,11,17,1745,2,2,1,1.0,4.0,59350,M,,,59
201100035737,11,12,8,1410,1,2,1,1.0,6.0,59220,M,,,59
201100035738,11,12,8,815,1,2,1,1.0,4.0,59009,M,,,59
201100035739,11,12,8,1130,1,2,2,1.0,3.0,59009,M,,,59
201100035740,11,12,9,540,5,2,2,1.0,3.0,59350,M,,,59
201100035741,11,12,9,845,1,2,1,1.0,1.0,59350,M,,,59
201100035742,11,12,9,500,2,2,1,1.0,6.0,59527,M,,,59
201100035743,11,12,10,1345,1,2,1,1.0,6.0,59350,M,,,59
201100035744,11,12,11,2247,5,2,1,2.0,2.0,59350,M,,,59
201100035745,11,12,12,1845,5,2,1,2.0,6.0,59410,M,,,59
201100035746,11,12,12,1715,5,2,3,1.0,6.0,59350,M,,,59
201100035747,11,11,26,148,5,2,6,1.0,6.0,59343,M,,,59
201100035748,11,12,13,1810,1,2,1,2.0,6.0,59368,M,,,59
201100035749,11,12,13,1645,5,2,1,3.0,2.0,59350,M,,,59
201100035750,11,12,14,1810,5,2,1,3.0,6.0,59350,M,,,59
201100035751,11,12,10,1155,1,2,1,7.0,6.0,59560,M,,,59
201100035752,11,12,14,1350,1,2,1,3.0,6.0,59350,M,,,59
201100035753,11,12,15,1425,5,2,1,1.0,6.0,59350,M,,,59
201100035754,11,11,27,1840,4,2,1,8.0,7.0,59009,M,,,59
201100035755,11,12,16,1835,5,2,2,3.0,3.0,59350,M,,,59
201100035756,11,12,18,300,5,2,1,3.0,6.0,59350,M,,,59
201100035757,11,12,18,1245,1,2,1,1.0,6.0,59350,M,,,59
201100035758,11,12,16,1415,1,2,1,3.0,6.0,59350,M,,,59
201100035759,11,12,16,1805,5,2,6,2.0,6.0,59350,M,,,59
201100035760,11,12,16,1015,1,2,1,2.0,6.0,59009,M,,,59
201100035761,11,12,19,1335,1,2,3,1.0,2.0,59009,M,,,59
201100035762,11,12,19,1810,5,2,1,2.0,6.0,59328,M,,,59
201100035763,11,12,20,745,5,2,1,2.0,6.0,59437,M,,,59
201100035764,11,12,20,830,1,2,1,1.0,6.0,59350,M,,,59
201100035765,11,12,20,1715,5,2,1,1.0,6.0,59009,M,,,59
201100035766,11,12,21,1945,5,2,1,1.0,2.0,59378,M,,,59
201100035767,11,12,21,800,2,2,3,2.0,6.0,59009,M,,,59
201100035768,11,12,13,1740,4,2,1,2.0,7.0,59009,M,,,59
201100035769,11,12,23,1440,1,2,1,2.0,1.0,59470,M,,,59
201100035770,11,12,25,1925,2,2,3,1.0,6.0,59350,M,,,59
201100035771,11,12,24,1540,1,2,1,1.0,6.0,59350,M,,,59
201100035772,11,12,26,1120,1,2,1,1.0,6.0,59220,M,,,59
201100035773,11,11,28,1300,1,2,1,1.0,6.0,59378,M,,,59
201100035774,11,12,27,1610,1,2,2,1.0,2.0,59350,M,,,59
201100035775,11,12,27,1650,1,2,1,1.0,6.0,59350,M,,,59
201100035776,11,12,29,45,5,1,1,1.0,6.0,59368,M,,,59
201100035777,11,12,7,1845,2,2,1,1.0,6.0,59566,M,,,59
201100035778,11,12,30,1430,1,2,1,1.0,6.0,59328,M,,,59
201100035779,11,12,29,2100,5,2,2,2.0,6.0,59350,M,,,59
201100035780,11,12,31,2040,5,2,2,2.0,3.0,59378,M,,,59
201100035781,11,12,30,2230,5,2,2,2.0,3.0,59009,M,,,59
201100035782,11,12,31,1505,1,2,1,8.0,7.0,59560,M,,,59
201100035783,11,1,10,1425,1,2,3,1.0,6.0,59392,M,,,59
201100035784,11,1,15,1635,1,2,1,1.0,5.0,59291,M,,,59
201100035785,11,2,7,1925,5,2,2,1.0,3.0,59392,M,,,59
201100035786,11,3,5,2035,5,2,1,1.0,1.0,59392,M,5028961.0,395776.0,59
201100035787,11,3,24,1540,1,2,1,1.0,6.0,59365,M,,,59
201100035788,11,3,25,2345,3,1,1,1.0,7.0,59021,M,5029286.0,402029.0,59
201100035789,11,3,26,1505,1,1,2,1.0,3.0,59392,M,5027976.0,399568.0,59
201100035790,11,4,24,455,5,2,1,1.0,6.0,59225,M,,,59
201100035791,11,5,14,1920,1,2,3,1.0,2.0,59392,M,,,59
201100035792,11,7,30,2200,5,2,2,1.0,6.0,59365,M,,,59
201100035793,11,9,16,1800,1,2,2,1.0,3.0,59365,M,5025696.0,394270.0,59
201100035794,11,9,22,930,1,2,1,1.0,7.0,59392,M,5029004.0,397497.0,59
201100035795,11,9,27,1440,1,2,1,1.0,6.0,59230,M,,,59
201100035796,11,12,15,2235,5,1,3,2.0,3.0,59392,M,,,59
201100035797,11,12,24,442,3,1,1,1.0,7.0,59291,M,5023951.0,395277.0,59
201100035798,11,12,31,1530,1,2,1,2.0,7.0,59367,M,,,59
201100035799,11,12,22,1335,1,2,2,1.0,6.0,59512,M,,,59
201100035800,11,1,11,835,1,2,6,2.0,3.0,59650,M,,,59
201100035801,11,1,11,810,1,2,3,2.0,6.0,59512,M,,,59
201100035802,11,1,4,1645,1,2,3,8.0,6.0,59650,M,,,59
201100035803,11,1,4,800,2,2,2,1.0,3.0,59650,M,,,59
201100035804,11,1,4,1915,5,2,1,1.0,2.0,59512,M,,,59
201100035805,11,1,7,1645,1,2,1,1.0,3.0,59512,M,,,59
201100035806,11,1,8,950,1,1,6,2.0,6.0,59367,M,,,59
201100035807,11,1,10,820,1,2,2,4.0,6.0,59367,M,,,59
201100035808,11,12,25,915,1,2,6,1.0,6.0,59650,M,,,59
201100035809,11,1,13,1743,2,2,1,2.0,5.0,59512,M,,,59
201100035810,11,1,13,2005,5,2,2,2.0,6.0,59650,M,,,59
201100035811,11,1,14,1005,1,2,2,2.0,3.0,59512,M,,,59
201100035812,11,1,12,1005,1,2,1,2.0,6.0,59512,M,,,59
201100035813,11,1,12,1755,2,2,1,2.0,6.0,59367,M,,,59
201100035814,11,1,25,1650,2,2,1,1.0,6.0,59299,M,,,59
201100035815,11,1,18,1435,1,2,3,1.0,3.0,59512,M,,,59
201100035816,11,1,20,705,2,2,1,4.0,6.0,59512,M,,,59
201100035817,11,1,19,1700,2,2,1,1.0,6.0,59512,M,,,59
201100035818,11,1,19,1815,5,2,2,2.0,6.0,59512,M,,,59
201100035819,11,1,20,50,5,2,3,2.0,3.0,59512,M,,,59
201100035820,11,1,20,1310,1,2,2,1.0,6.0,59163,M,,,59
201100035821,11,1,21,755,2,2,2,4.0,3.0,59512,M,,,59
201100035822,11,2,1,1155,1,2,1,1.0,6.0,59512,M,,,59
201100035823,11,2,2,1115,1,2,2,2.0,6.0,59512,M,,,59
201100035824,11,2,1,1940,3,2,1,2.0,6.0,59163,M,,,59
201100035825,11,2,3,1610,1,2,1,1.0,4.0,59512,M,,,59
201100035826,11,2,5,1210,1,2,1,8.0,6.0,59367,M,,,59
201100035827,11,2,5,1845,5,2,3,8.0,3.0,59650,M,,,59
201100035828,11,1,29,50,5,2,3,1.0,7.0,59512,M,,,59
201100035829,11,1,13,750,2,2,6,2.0,3.0,59646,M,,,59
201100035830,11,1,25,1610,1,2,2,2.0,3.0,59163,M,,,59
201100035831,11,1,28,1830,5,2,1,1.0,6.0,59650,M,,,59
201100035832,11,2,10,840,1,2,1,1.0,6.0,59163,M,,,59
201100035833,11,2,10,1845,3,2,1,2.0,1.0,59650,M,,,59
201100035834,11,2,11,845,1,2,3,2.0,6.0,59512,M,,,59
201100035835,11,2,12,1330,1,2,2,2.0,1.0,59512,M,,,59
201100035836,11,2,13,905,1,2,2,1.0,2.0,59512,M,,,59
201100035837,11,2,16,940,1,2,2,5.0,3.0,59512,M,,,59
201100035838,11,2,17,1610,1,2,2,1.0,3.0,59512,M,,,59
201100035839,11,2,19,1840,5,2,2,2.0,6.0,59512,M,,,59
201100035840,11,2,20,715,2,2,2,1.0,3.0,59650,M,,,59
201100035841,11,2,21,1550,1,2,7,1.0,7.0,59512,M,,,59
201100035842,11,2,22,1510,1,2,1,1.0,3.0,59512,M,,,59
201100035843,11,1,30,1515,1,2,5,1.0,1.0,59512,M,,,59
201100035844,11,2,22,1700,1,2,1,7.0,3.0,59299,M,,,59
201100035845,11,2,23,730,1,2,3,1.0,3.0,59512,M,,,59
201100035846,11,2,23,1850,5,2,1,2.0,6.0,59512,M,,,59
201100035847,11,1,28,1005,1,2,1,1.0,6.0,59299,M,,,59
201100035848,11,2,26,2250,5,2,1,2.0,2.0,59163,M,,,59
201100035849,11,2,28,1845,5,2,1,1.0,6.0,59512,M,,,59
201100035850,11,2,28,2220,5,1,1,1.0,7.0,59650,M,,,59
201100035851,11,3,1,1215,1,2,1,1.0,3.0,59512,M,,,59
201100035852,11,3,2,2016,5,2,1,1.0,6.0,59512,M,,,59
201100035853,11,3,3,2120,5,2,2,1.0,3.0,59512,M,,,59
201100035854,11,3,4,700,2,2,2,1.0,6.0,59650,M,,,59
201100035855,11,3,4,1500,1,2,3,1.0,3.0,59598,M,,,59
201100035856,11,3,4,1545,1,2,3,1.0,6.0,59650,M,,,59
201100035857,11,3,5,1230,1,2,2,1.0,6.0,59512,M,,,59
201100035858,11,3,8,1110,1,2,1,1.0,6.0,59650,M,,,59
201100035859,11,3,8,1520,1,2,1,1.0,2.0,59512,M,,,59
201100035860,11,3,9,2340,5,2,6,1.0,6.0,59650,M,5069819.0,323241.0,59
201100035861,11,3,10,1420,1,2,3,1.0,6.0,59512,M,,,59
201100035862,11,3,11,1240,1,2,1,1.0,2.0,59650,M,,,59
201100035863,11,3,11,1210,1,1,6,1.0,5.0,59339,M,,,59
201100035864,11,3,12,1500,1,2,1,1.0,2.0,59339,M,,,59
201100035865,11,3,14,1335,1,2,1,1.0,3.0,59512,M,,,59
201100035866,11,3,14,1700,1,2,1,1.0,6.0,59650,M,,,59
201100035867,11,3,18,740,1,1,1,1.0,7.0,59339,M,,,59
201100035868,11,3,19,640,2,2,1,1.0,6.0,59512,M,,,59
201100035869,11,3,19,1900,2,1,1,1.0,5.0,59367,M,,,59
201100035870,11,3,16,1230,1,2,1,1.0,6.0,59512,M,,,59
201100035871,11,3,21,1345,1,2,2,7.0,6.0,59512,M,,,59
201100035872,11,3,23,1615,1,1,1,1.0,2.0,59512,M,,,59
201100035873,11,3,24,1630,1,2,1,1.0,2.0,59512,M,,,59
201100035874,11,3,26,1235,1,2,1,1.0,6.0,59512,M,,,59
201100035875,11,3,27,2205,5,2,2,1.0,3.0,59650,M,5069548.0,321535.0,59
201100035876,11,3,28,1735,1,1,1,1.0,6.0,59646,M,,,59
201100035877,11,3,28,1830,1,2,1,1.0,6.0,59299,M,,,59
201100035878,11,3,29,1930,1,2,1,1.0,3.0,59163,M,,,59
201100035879,11,4,1,1645,1,2,1,1.0,4.0,59512,M,,,59
201100035880,11,4,1,2225,5,2,1,1.0,6.0,59650,M,,,59
201100035881,11,4,2,1630,1,2,1,1.0,4.0,59512,M,,,59
201100035882,11,4,2,1525,1,2,1,1.0,2.0,59646,M,,,59
201100035883,11,4,2,1540,1,2,2,1.0,3.0,59646,M,,,59
201100035884,11,4,5,1800,2,2,1,2.0,2.0,59512,M,,,59
201100035885,11,4,5,1825,1,2,1,2.0,2.0,59512,M,,,59
201100035886,11,4,6,1705,1,2,1,1.0,6.0,59367,M,,,59
201100035887,11,4,8,1735,1,2,2,1.0,3.0,59646,M,,,59
201100035888,11,4,8,1215,1,2,1,7.0,3.0,59512,M,,,59
201100035889,11,4,8,2000,1,2,1,1.0,6.0,59512,M,,,59
201100035890,11,4,13,1745,1,2,1,1.0,6.0,59650,M,,,59
201100035891,11,4,13,1730,1,2,1,1.0,6.0,59299,M,,,59
201100035892,11,4,14,1725,1,2,1,1.0,6.0,59512,M,,,59
201100035893,11,3,14,1430,1,2,3,1.0,3.0,59512,M,,,59
201100035894,11,4,15,1030,1,2,2,1.0,2.0,59650,M,,,59
201100035895,11,4,15,1750,1,2,3,1.0,3.0,59512,M,,,59
201100035896,11,4,15,1650,1,2,2,1.0,3.0,59512,M,,,59
201100035897,11,4,17,1510,1,2,2,1.0,6.0,59512,M,,,59
201100035898,11,4,17,1500,1,2,2,1.0,3.0,59512,M,,,59
201100035899,11,4,16,1830,1,2,2,1.0,3.0,59646,M,,,59
201100035900,11,4,19,1710,1,2,2,1.0,6.0,59512,M,,,59
201100035901,11,4,19,1910,1,2,1,1.0,2.0,59367,M,,,59
201100035902,11,4,20,1820,1,2,2,1.0,3.0,59163,M,,,59
201100035903,11,4,20,2100,5,2,1,1.0,6.0,59646,M,,,59
201100035904,11,4,21,1335,1,2,3,1.0,6.0,59646,M,,,59
201100035905,11,4,21,2215,5,2,1,1.0,7.0,59646,M,,,59
201100035906,11,4,23,1910,1,2,1,1.0,3.0,59512,M,,,59
201100035907,11,4,26,1735,1,1,1,1.0,4.0,59299,M,,,59
201100035908,11,4,27,1655,1,2,1,1.0,6.0,59598,M,,,59
201100035909,11,4,30,1115,1,2,2,1.0,3.0,59339,M,,,59
201100035910,11,4,30,1530,1,2,1,1.0,6.0,59163,M,,,59
201100035911,11,5,1,1420,1,2,3,1.0,7.0,59512,M,,,59
201100035912,11,5,1,1445,1,2,3,1.0,3.0,59650,M,,,59
201100035913,11,5,3,1445,1,2,3,1.0,1.0,59650,M,,,59
201100035914,11,5,3,2025,1,2,1,1.0,6.0,59512,M,,,59
201100035915,11,5,4,1920,1,2,1,1.0,1.0,59512,M,,,59
201100035916,11,5,5,1115,1,2,2,1.0,3.0,59512,M,,,59
201100035917,11,5,5,1250,1,2,2,1.0,2.0,59646,M,,,59
201100035918,11,5,5,1400,1,2,1,1.0,6.0,59339,M,,,59
201100035919,11,5,6,2300,5,2,3,1.0,3.0,59512,M,,,59
201100035920,11,4,23,1335,1,2,1,1.0,6.0,59163,M,,,59
201100035921,11,5,4,1800,1,2,2,1.0,6.0,59512,M,,,59
201100035922,11,5,8,1210,1,2,2,1.0,6.0,59512,M,,,59
201100035923,11,5,9,1715,1,2,1,1.0,2.0,59512,M,,,59
201100035924,11,5,11,1200,1,2,2,1.0,6.0,59650,M,,,59
201100035925,11,5,13,1700,1,2,2,1.0,3.0,59512,M,,,59
201100035926,11,5,15,2305,5,1,1,1.0,1.0,59650,M,,,59
201100035927,11,5,17,1650,1,2,2,1.0,3.0,59367,M,,,59
201100035928,11,5,18,5,5,2,3,1.0,3.0,59598,M,,,59
201100035929,11,5,18,1440,1,2,3,1.0,3.0,59512,M,,,59
201100035930,11,5,19,1720,1,2,1,1.0,2.0,59512,M,,,59
201100035931,11,5,19,1730,1,2,1,1.0,6.0,59512,M,,,59
201100035932,11,5,20,1410,1,2,3,1.0,3.0,59650,M,,,59
201100035933,11,5,22,1740,1,2,3,1.0,6.0,59512,M,,,59
201100035934,11,5,25,1310,1,2,3,1.0,3.0,59299,M,,,59
201100035935,11,5,28,850,1,2,2,1.0,3.0,59650,M,,,59
201100035936,11,5,29,1850,1,2,1,1.0,6.0,59512,M,,,59
201100035937,11,5,30,915,1,2,2,1.0,3.0,59512,M,,,59
201100035938,11,5,24,1000,1,2,1,1.0,6.0,59512,M,,,59
201100035939,11,6,1,540,1,2,1,1.0,2.0,59299,M,,,59
201100035940,11,6,1,2140,2,2,2,1.0,3.0,59512,M,,,59
201100035941,11,6,1,1730,1,2,1,7.0,6.0,59646,M,,,59
201100035942,11,6,5,1700,1,2,1,1.0,6.0,59650,M,,,59
201100035943,11,6,7,840,1,2,1,1.0,6.0,59512,M,,,59
201100035944,11,5,31,2030,2,2,1,1.0,6.0,59512,M,,,59
201100035945,11,6,10,1500,1,2,2,3.0,6.0,59512,M,,,59
201100035946,11,6,10,1530,1,2,1,2.0,6.0,59512,M,,,59
201100035947,11,6,10,1830,1,2,2,2.0,3.0,59512,M,,,59
201100035948,11,6,12,1830,1,2,2,1.0,3.0,59512,M,,,59
201100035949,11,6,13,815,1,2,2,1.0,3.0,59163,M,,,59
201100035950,11,6,13,1215,1,2,3,1.0,3.0,59512,M,,,59
201100035951,11,6,4,845,1,2,2,1.0,3.0,59512,M,,,59
201100035952,11,6,15,2155,2,2,2,1.0,3.0,59512,M,,,59
201100035953,11,6,15,2207,1,2,2,1.0,3.0,59512,M,,,59
201100035954,11,6,15,830,1,2,1,1.0,3.0,59646,M,,,59
201100035955,11,6,16,1400,1,2,3,1.0,3.0,59512,M,,,59
201100035956,11,6,17,1050,1,2,3,1.0,3.0,59650,M,,,59
201100035957,11,6,17,1650,1,2,6,2.0,3.0,59646,M,,,59
201100035958,11,6,20,1410,1,2,7,2.0,6.0,59646,M,,,59
201100035959,11,6,17,940,1,2,2,1.0,2.0,59512,M,,,59
201100035960,11,6,21,1220,1,2,2,1.0,3.0,59650,M,,,59
201100035961,11,6,22,1350,1,2,1,1.0,6.0,59650,M,,,59
201100035962,11,6,23,2135,1,2,2,1.0,3.0,59650,M,,,59
201100035963,11,6,23,1125,1,2,2,1.0,3.0,59512,M,,,59
201100035964,11,6,25,1230,1,2,2,2.0,1.0,59367,M,,,59
201100035965,11,6,28,1400,1,2,1,1.0,7.0,59512,M,,,59
201100035966,11,6,29,2250,5,2,2,1.0,3.0,59339,M,,,59
201100035967,11,6,29,1940,1,2,1,1.0,6.0,59163,M,,,59
201100035968,11,6,30,1650,1,2,5,2.0,3.0,59512,M,,,59
201100035969,11,7,1,1655,1,2,1,1.0,6.0,59512,M,,,59
201100035970,11,7,1,1850,1,2,3,1.0,2.0,59339,M,,,59
201100035971,11,7,2,1545,1,2,1,1.0,2.0,59512,M,,,59
201100035972,11,7,4,1540,1,2,1,1.0,3.0,59512,M,,,59
201100035973,11,7,4,1945,1,2,1,1.0,3.0,59646,M,,,59
201100035974,11,7,8,1400,1,2,5,2.0,3.0,59512,M,,,59
201100035975,11,7,11,1330,1,2,2,1.0,3.0,59650,M,,,59
201100035976,11,7,13,800,1,2,2,2.0,3.0,59650,M,,,59
201100035977,11,7,13,1900,1,2,1,1.0,3.0,59512,M,,,59
201100035978,11,7,15,1530,1,2,1,1.0,6.0,59367,M,,,59
201100035979,11,7,9,1830,1,2,1,1.0,6.0,59512,M,,,59
201100035980,11,7,17,845,1,2,2,1.0,3.0,59512,M,,,59
201100035981,11,7,18,1625,1,2,1,8.0,6.0,59512,M,,,59
201100035982,11,7,20,2030,1,2,1,8.0,6.0,59650,M,,,59
201100035983,11,7,23,1625,1,1,1,1.0,6.0,59299,M,5064993.0,320656.0,59
201100035984,11,7,25,525,5,2,2,1.0,3.0,59650,M,,,59
201100035985,11,7,26,1345,1,2,1,1.0,6.0,59512,M,,,59
201100035986,11,7,28,2020,1,2,2,1.0,3.0,59650,M,,,59
201100035987,11,7,29,1710,1,2,2,1.0,3.0,59512,M,,,59
201100035988,11,7,31,1800,1,2,1,1.0,4.0,59512,M,,,59
201100035989,11,8,2,910,1,2,1,1.0,6.0,59299,M,,,59
201100035990,11,8,2,1440,1,2,2,1.0,3.0,59512,M,,,59
201100035991,11,8,3,1635,1,2,3,1.0,6.0,59512,M,,,59
201100035992,11,8,4,1335,1,2,3,2.0,3.0,59650,M,,,59
201100035993,11,8,5,630,1,2,5,1.0,3.0,59163,M,,,59
201100035994,11,8,8,50,3,2,1,8.0,2.0,59650,M,,,59
201100035995,11,8,9,1815,1,2,3,1.0,2.0,59512,M,,,59
201100035996,11,7,27,1655,1,2,1,1.0,6.0,59512,M,,,59
201100035997,11,8,16,1500,1,2,1,1.0,6.0,59512,M,,,59
201100035998,11,8,17,1020,1,2,2,1.0,6.0,59512,M,,,59
201100035999,11,8,17,1410,1,1,9,1.0,1.0,59339,M,5068012.0,322441.0,59
201100036000,11,8,18,1425,1,2,2,1.0,1.0,59163,M,,,59
201100036001,11,8,28,400,5,2,1,1.0,6.0,59646,M,,,59
201100036002,11,8,26,1915,1,2,1,1.0,6.0,59512,M,,,59
201100036003,11,8,29,2045,2,2,2,1.0,3.0,59163,M,,,59
201100036004,11,8,31,1000,1,2,6,1.0,3.0,59512,M,,,59
201100036005,11,9,1,1305,1,2,1,1.0,6.0,59512,M,,,59
201100036006,11,9,1,1830,1,1,1,1.0,3.0,59646,M,,,59
201100036007,11,9,3,915,1,2,2,1.0,1.0,59512,M,,,59
201100036008,11,9,5,800,1,2,2,2.0,3.0,59512,M,,,59
201100036009,11,9,8,1650,1,2,2,2.0,3.0,59646,M,,,59
201100036010,11,9,9,1505,1,2,1,1.0,7.0,59512,M,,,59
201100036011,11,9,10,1625,1,2,2,1.0,3.0,59512,M,,,59
201100036012,11,9,10,2225,5,2,1,1.0,2.0,59650,M,,,59
201100036013,11,9,11,1330,1,2,7,1.0,6.0,59512,M,,,59
201100036014,11,9,13,1710,1,2,1,1.0,3.0,59512,M,,,59
201100036015,11,9,16,1430,1,2,1,1.0,6.0,59512,M,,,59
201100036016,11,9,16,1800,1,2,3,1.0,3.0,59512,M,,,59
201100036017,11,9,17,1645,1,2,1,1.0,6.0,59512,M,,,59
201100036018,11,9,18,1550,1,2,6,2.0,6.0,59512,M,,,59
201100036019,11,9,18,1525,1,2,1,1.0,6.0,59650,M,,,59
201100036020,11,9,19,850,1,2,1,7.0,3.0,59646,M,,,59
201100036021,11,9,19,845,1,2,1,7.0,6.0,59646,M,,,59
201100036022,11,9,20,1735,1,2,1,1.0,3.0,59646,M,,,59
201100036023,11,9,21,2130,5,2,3,2.0,3.0,59512,M,,,59
201100036024,11,9,19,1700,1,2,3,1.0,3.0,59650,M,,,59
201100036025,11,9,23,830,1,2,3,1.0,3.0,59367,M,,,59
201100036026,11,9,24,1745,1,2,1,1.0,6.0,59512,M,,,59
201100036027,11,9,24,2000,5,2,2,1.0,3.0,59299,M,,,59
201100036028,11,9,26,1040,1,2,1,1.0,6.0,59512,M,,,59
201100036029,11,9,26,1330,1,2,1,1.0,2.0,59512,M,,,59
201100036030,11,9,27,610,5,2,1,1.0,3.0,59163,M,,,59
201100036031,11,9,29,1630,1,2,2,1.0,3.0,59512,M,,,59
201100036032,11,9,30,1650,1,2,2,1.0,3.0,59646,M,,,59
201100036033,11,10,1,1950,1,2,2,1.0,3.0,59512,M,,,59
201100036034,11,10,2,1340,1,2,3,7.0,3.0,59512,M,,,59
201100036035,11,10,3,1740,1,2,6,1.0,3.0,59646,M,,,59
201100036036,11,10,3,1950,5,2,1,1.0,6.0,59512,M,,,59
201100036037,11,10,3,1200,1,2,3,1.0,2.0,59512,M,,,59
201100036038,11,10,3,1155,1,2,1,1.0,6.0,59367,M,,,59
201100036039,11,9,30,1240,1,2,1,1.0,3.0,59512,M,,,59
201100036040,11,10,4,1740,1,2,3,1.0,6.0,59650,M,,,59
201100036041,11,10,6,930,1,2,3,2.0,3.0,59512,M,,,59
201100036042,11,10,6,2000,5,2,6,1.0,3.0,59512,M,,,59
201100036043,11,10,7,1720,1,2,1,1.0,6.0,59650,M,,,59
201100036044,11,10,8,1000,1,2,2,1.0,3.0,59512,M,,,59
201100036045,11,10,10,1900,2,1,1,1.0,3.0,59646,M,,,59
201100036046,11,10,14,1605,1,2,1,1.0,6.0,59163,M,,,59
201100036047,11,10,14,1730,1,2,1,1.0,6.0,59512,M,,,59
201100036048,11,10,15,1320,1,2,3,1.0,3.0,59163,M,,,59
201100036049,11,10,18,850,1,2,1,3.0,3.0,59163,M,,,59
201100036050,11,10,19,845,1,2,2,1.0,3.0,59650,M,,,59
201100036051,11,10,19,1630,1,2,1,1.0,6.0,59598,M,,,59
201100036052,11,10,20,915,1,2,1,1.0,6.0,59512,M,,,59
201100036053,11,10,21,1430,1,2,2,1.0,6.0,59512,M,,,59
201100036054,11,10,21,1650,1,2,1,1.0,6.0,59512,M,,,59
201100036055,11,10,24,930,1,2,1,1.0,2.0,59512,M,,,59
201100036056,11,10,25,950,1,2,1,2.0,6.0,59512,M,,,59
201100036057,11,10,25,1455,1,2,1,2.0,2.0,59646,M,,,59