Num_Acc,an,mois,jour,hrmn,lum,agg,int,atm,col,com,gps,lat,long,dep
201100036058,11,10,19,1700,1,2,1,1.0,6.0,59512,M,,,59
201100036059,11,10,25,1700,1,2,6,1.0,3.0,59512,M,,,59
201100036060,11,10,10,1040,1,2,1,1.0,4.0,59163,M,,,59
201100036061,11,10,27,1520,1,2,1,1.0,6.0,59650,M,,,59
201100036062,11,10,27,2210,5,2,3,2.0,6.0,59512,M,,,59
201100036063,11,10,26,1800,1,2,1,1.0,2.0,59512,M,,,59
201100036064,11,11,2,1800,1,2,3,1.0,3.0,59512,M,,,59
201100036065,11,11,5,1100,1,2,4,1.0,3.0,59512,M,,,59
201100036066,11,11,10,715,5,2,3,1.0,3.0,59163,M,,,59
201100036067,11,11,10,730,2,2,1,1.0,6.0,59650,M,,,59
201100036068,11,11,10,1530,1,2,1,7.0,6.0,59299,M,,,59
201100036069,11,11,11,2120,5,2,1,1.0,3.0,59650,M,,,59
201100036070,11,11,12,2000,5,2,3,1.0,3.0,59598,M,,,59
201100036071,11,11,14,1735,5,2,2,1.0,2.0,59512,M,,,59
201100036072,11,11,14,2205,5,2,2,1.0,3.0,59512,M,,,59
201100036073,11,11,14,1200,1,2,1,1.0,3.0,59299,M,,,59
201100036074,11,11,15,1715,2,2,2,1.0,3.0,59512,M,,,59
201100036075,11,10,19,945,1,2,1,1.0,2.0,59299,M,,,59
201100036076,11,11,17,1930,5,2,1,1.0,2.0,59163,M,,,59
201100036077,11,11,18,1520,1,2,1,1.0,2.0,59512,M,,,59
201100036078,11,11,6,2030,2,2,3,1.0,3.0,59512,M,,,59
201100036079,11,11,22,2000,5,1,2,1.0,1.0,59650,M,,,59
201100036080,11,11,25,915,1,2,1,1.0,2.0,59512,M,,,59
201100036081,11,11,25,1310,1,2,2,1.0,3.0,59512,M,,,59
201100036082,11,11,22,2000,5,2,1,1.0,3.0,59646,M,,,59
201100036083,11,11,30,1620,1,2,1,1.0,6.0,59299,M,,,59
201100036084,11,12,2,1550,1,2,1,1.0,3.0,59512,M,,,59
201100036085,11,12,4,1315,1,2,2,1.0,3.0,59512,M,,,59
201100036086,11,12,5,825,1,2,6,1.0,6.0,59646,M,,,59
201100036087,11,12,4,2005,5,2,2,2.0,3.0,59512,M,,,59
201100036088,11,12,6,845,1,2,1,1.0,6.0,59512,M,,,59
201100036089,11,12,6,1630,5,2,3,1.0,6.0,59512,M,,,59
201100036090,11,12,9,1700,2,2,1,1.0,3.0,59646,M,,,59
201100036091,11,12,9,1710,5,2,3,1.0,6.0,59512,M,,,59
201100036092,11,12,9,2110,5,2,3,1.0,6.0,59512,M,,,59
201100036093,11,12,9,2210,5,2,3,1.0,3.0,59512,M,,,59
201100036094,11,12,14,915,1,2,2,3.0,6.0,59512,M,,,59
201100036095,11,12,14,1615,1,2,2,2.0,6.0,59512,M,,,59
201100036096,11,12,15,1630,5,2,6,3.0,3.0,59646,M,,,59
201100036097,11,12,16,805,5,2,1,6.0,6.0,59512,M,,,59
201100036098,11,12,16,1555,1,2,2,3.0,3.0,59512,M,,,59
201100036099,11,12,16,1745,5,2,1,2.0,2.0,59512,M,,,59
201100036100,11,12,17,1200,1,2,1,1.0,2.0,59650,M,,,59
201100036101,11,12,18,250,5,2,1,3.0,6.0,59339,M,,,59
201100036102,11,12,19,1900,5,2,2,2.0,1.0,59512,M,,,59
201100036103,11,12,21,730,2,2,2,2.0,6.0,59512,M,,,59
201100036104,11,12,22,1100,1,2,3,1.0,6.0,59163,M,,,59
201100036105,11,12,24,2233,5,2,1,8.0,6.0,59512,M,,,59
201100036106,11,12,25,1800,5,2,2,1.0,3.0,59512,M,,,59
201100036107,11,1,20,1800,3,1,1,1.0,6.0,59526,M,,,59
201100036108,11,3,1,1850,3,1,1,1.0,1.0,59526,M,,,59
201100036109,11,5,12,835,1,2,6,1.0,3.0,59526,M,,,59
201100036110,11,5,20,900,1,2,1,1.0,6.0,59526,M,,,59
201100036111,11,6,16,940,1,2,1,8.0,6.0,59526,M,,,59
201100036112,11,8,9,1745,1,2,2,1.0,6.0,59526,M,,,59
201100036113,11,8,14,830,1,2,6,1.0,1.0,59526,M,,,59
201100036114,11,9,9,715,1,2,6,1.0,3.0,59526,M,,,59
201100036115,11,9,17,1645,1,2,3,1.0,3.0,59526,M,,,59
201100036116,11,10,19,900,1,2,1,7.0,2.0,59526,M,,,59
201100036117,11,11,7,915,1,2,1,8.0,6.0,59526,M,,,59
201100036118,11,11,14,1935,5,2,1,1.0,2.0,59526,M,,,59
201100036119,11,3,4,1130,1,2,9,1.0,3.0,59574,M,,,59
201100036120,11,3,8,1925,5,2,1,1.0,6.0,59113,M,5035575.0,324960.0,59
201100036121,11,3,8,2330,3,1,1,1.0,7.0,59227,M,,,59
201100036122,11,4,8,755,1,2,1,1.0,1.0,59574,M,,,59
201100036123,11,4,8,1420,1,1,1,1.0,3.0,59375,M,,,59
201100036124,11,4,7,1900,1,2,1,1.0,7.0,59314,M,,,59
201100036125,11,5,15,1450,1,1,1,1.0,3.0,59501,M,,,59
201100036126,11,3,20,2210,3,1,1,1.0,1.0,59314,M,,,59
201100036127,11,5,11,1840,1,2,4,1.0,5.0,59375,M,,,59
201100036128,11,1,5,1,5,2,1,1.0,3.0,59599,M,,,59
201100036129,11,1,11,1905,5,2,2,2.0,6.0,59599,M,,,59
201100036130,11,1,14,800,2,2,1,2.0,6.0,59599,M,,,59
201100036131,11,1,17,830,1,2,6,1.0,3.0,59152,M,,,59
201100036132,11,1,18,1050,1,2,3,2.0,3.0,59599,M,,,59
201100036133,11,1,14,750,2,2,1,2.0,6.0,59599,M,,,59
201100036134,11,1,20,730,5,2,1,9.0,7.0,59279,M,,,59
201100036135,11,1,25,1540,1,2,2,2.0,3.0,59599,M,,,59
201100036136,11,1,31,1150,1,2,3,1.0,3.0,59090,M,,,59
201100036137,11,2,3,1620,1,2,2,1.0,3.0,59426,M,,,59
201100036138,11,2,4,720,2,2,1,1.0,6.0,59599,M,,,59
201100036139,11,2,5,530,5,2,1,1.0,6.0,59098,M,,,59
201100036140,11,2,7,1650,2,2,3,1.0,3.0,59152,M,,,59
201100036141,11,2,4,2020,4,2,1,1.0,3.0,59599,M,,,59
201100036142,11,2,8,1530,1,2,1,1.0,6.0,59152,M,,,59
201100036143,11,2,17,1025,1,2,2,1.0,3.0,59090,M,,,59
201100036144,11,2,17,1740,1,2,1,1.0,3.0,59279,M,5077650.0,309852.0,59
201100036145,11,2,22,1630,1,2,1,7.0,6.0,59599,M,,,59
201100036146,11,2,26,25,5,2,2,1.0,6.0,59090,M,,,59
201100036147,11,3,2,1920,5,2,1,1.0,2.0,59599,M,,,59
201100036148,11,3,4,1420,1,2,2,1.0,3.0,59599,M,,,59
201100036149,11,3,5,1800,1,2,1,1.0,4.0,59279,M,,,59
201100036150,11,3,6,1700,1,2,3,1.0,3.0,59352,M,,,59
201100036151,11,3,11,840,1,2,1,1.0,6.0,59599,M,,,59
201100036152,11,3,19,1115,1,2,3,1.0,3.0,59599,M,,,59
201100036153,11,3,21,1130,1,1,2,1.0,3.0,59426,M,,,59
201100036154,11,3,21,1810,1,2,3,1.0,6.0,59599,M,,,59
201100036155,11,3,25,745,1,2,2,1.0,3.0,59599,M,,,59
201100036156,11,3,27,1200,1,2,3,1.0,3.0,59599,M,,,59
201100036157,11,3,28,1420,1,2,1,1.0,7.0,59090,M,,,59
201100036158,11,3,28,1700,1,2,1,1.0,6.0,59599,M,,,59
201100036159,11,3,29,1515,1,2,1,1.0,2.0,59656,M,,,59
201100036160,11,3,30,1530,1,2,2,1.0,3.0,59599,M,,,59
201100036161,11,4,2,530,5,2,1,1.0,6.0,59098,M,,,59
201100036162,11,3,30,1220,1,2,3,1.0,6.0,59599,M,,,59
201100036163,11,4,8,1630,1,2,1,1.0,3.0,59599,M,,,59
201100036164,11,4,11,1125,1,2,2,1.0,3.0,59599,M,,,59
201100036165,11,4,11,1920,2,2,1,1.0,6.0,59508,M,,,59
201100036166,11,4,12,1540,1,1,2,1.0,5.0,59426,M,,,59
201100036167,11,4,16,1625,1,2,1,1.0,2.0,59090,M,,,59
201100036168,11,4,18,1155,1,2,1,1.0,4.0,59152,M,,,59
201100036169,11,4,19,1500,1,2,1,1.0,6.0,59599,M,,,59
201100036170,11,4,20,1650,1,2,1,1.0,6.0,59599,M,,,59
201100036171,11,4,26,1530,1,2,1,1.0,6.0,59599,M,,,59
201100036172,11,4,27,1830,1,2,1,1.0,6.0,59599,M,,,59
201100036173,11,4,27,1730,1,2,1,1.0,2.0,59656,M,,,59
201100036174,11,4,30,300,5,2,1,2.0,6.0,59352,M,,,59
201100036175,11,5,3,1745,1,2,1,1.0,6.0,59599,M,,,59
201100036176,11,5,7,2040,1,2,3,1.0,6.0,59599,M,,,59
201100036177,11,5,11,1245,1,2,1,1.0,2.0,59426,M,,,59
201100036178,11,5,11,1710,1,2,1,1.0,6.0,59421,M,,,59
201100036179,11,5,12,1925,1,2,1,1.0,6.0,59599,M,,,59
201100036180,11,5,14,135,5,2,1,1.0,3.0,59098,M,,,59
201100036181,11,5,14,1330,1,2,3,1.0,6.0,59656,M,,,59
201100036182,11,5,15,1840,1,2,2,1.0,6.0,59279,M,,,59
201100036183,11,5,12,1850,1,2,1,1.0,1.0,59599,M,,,59
201100036184,11,5,18,1205,1,2,2,1.0,3.0,59656,M,,,59
201100036185,11,5,23,1130,1,2,1,1.0,6.0,59599,M,,,59
201100036186,11,5,24,1045,1,2,1,1.0,6.0,59599,M,,,59
201100036187,11,5,27,1345,1,1,3,8.0,3.0,59508,M,,,59
201100036188,11,5,22,250,5,2,3,1.0,3.0,59421,M,,,59
201100036189,11,5,28,25,5,2,1,1.0,6.0,59421,M,5071491.0,313542.0,59
201100036190,11,6,15,1730,1,2,1,1.0,6.0,59599,M,,,59
201100036191,11,6,15,1720,1,2,2,1.0,3.0,59599,M,,,59
201100036192,11,6,1,1610,1,2,1,1.0,2.0,59599,M,,,59
201100036193,11,6,1,1715,1,2,1,1.0,6.0,59599,M,,,59
201100036194,11,5,23,900,1,2,1,1.0,6.0,59421,M,,,59
201100036195,11,6,3,1450,1,2,3,1.0,3.0,59599,M,,,59
201100036196,11,6,5,1710,1,2,1,1.0,3.0,59599,M,,,59
201100036197,11,8,29,1645,1,1,1,1.0,2.0,59508,M,,,59
201100036198,11,6,7,1910,1,2,2,2.0,3.0,59279,M,,,59
201100036199,11,6,8,1230,1,2,1,1.0,3.0,59599,M,,,59
201100036200,11,6,8,1500,1,2,3,1.0,6.0,59599,M,,,59
201100036201,11,6,9,1500,1,2,2,1.0,3.0,59279,M,,,59
201100036202,11,6,9,1730,1,2,1,1.0,3.0,59599,M,,,59
201100036203,11,6,10,930,1,2,6,1.0,1.0,59152,M,,,59
201100036204,11,6,12,1845,1,2,1,1.0,6.0,59599,M,,,59
201100036205,11,6,14,1415,1,2,1,1.0,6.0,59599,M,,,59
201100036206,11,6,15,1950,1,1,1,1.0,1.0,59352,M,,,59
201100036207,11,6,17,830,1,2,4,1.0,3.0,59599,M,,,59
201100036208,11,6,18,1545,1,2,2,1.0,3.0,59599,M,,,59
201100036209,11,6,20,845,1,2,1,2.0,1.0,59599,M,,,59
201100036210,11,6,25,255,5,2,1,2.0,2.0,59599,M,,,59
201100036211,11,6,28,2145,1,2,1,1.0,6.0,59279,M,,,59
201100036212,11,6,30,1330,1,2,2,1.0,6.0,59599,M,,,59
201100036213,11,7,1,1125,1,2,1,1.0,3.0,59098,M,,,59
201100036214,11,7,1,1355,1,2,1,1.0,2.0,59352,M,,,59
201100036215,11,7,1,1800,1,2,1,1.0,2.0,59090,M,,,59
201100036216,11,7,2,1450,1,1,1,1.0,6.0,59508,M,,,59
201100036217,11,7,3,1605,1,2,2,1.0,3.0,59599,M,,,59
201100036218,11,7,5,1310,1,2,1,1.0,1.0,59599,M,,,59
201100036219,11,7,5,2020,1,2,2,1.0,3.0,59599,M,,,59
201100036220,11,7,7,1300,1,2,3,1.0,3.0,59599,M,,,59
201100036221,11,7,7,1500,1,2,3,1.0,6.0,59421,M,,,59
201100036222,11,7,8,1110,1,2,3,1.0,2.0,59599,M,,,59
201100036223,11,7,14,1150,1,2,3,2.0,3.0,59599,M,,,59
201100036224,11,7,15,1530,1,2,1,1.0,6.0,59279,M,,,59
201100036225,11,7,10,1915,1,2,2,1.0,3.0,59599,M,,,59
201100036226,11,7,16,1630,1,2,1,3.0,6.0,59599,M,,,59
201100036227,11,7,20,1045,1,2,1,1.0,2.0,59421,M,,,59
201100036228,11,7,20,1300,1,2,5,1.0,3.0,59421,M,,,59
201100036229,11,7,22,530,2,2,1,2.0,6.0,59599,M,,,59
201100036230,11,7,24,1615,1,2,1,1.0,6.0,59599,M,,,59
201100036231,11,7,28,1145,1,2,2,1.0,3.0,59599,M,,,59
201100036232,11,7,29,550,1,1,1,8.0,7.0,59098,M,,,59
201100036233,11,8,1,2125,2,2,1,1.0,3.0,59279,M,5077542.0,312368.0,59
201100036234,11,9,2,1100,1,2,1,1.0,6.0,59279,M,,,59
201100036235,11,8,5,1145,1,2,7,1.0,6.0,59599,M,,,59
201100036236,11,8,6,120,5,2,1,1.0,6.0,59599,M,,,59
201100036237,11,8,6,2050,2,2,1,2.0,2.0,59599,M,,,59
201100036238,11,8,17,1110,1,2,2,1.0,2.0,59599,M,,,59
201100036239,11,8,17,2040,1,2,1,1.0,6.0,59599,M,,,59
201100036240,11,8,17,1900,1,1,3,1.0,3.0,59426,M,,,59
201100036241,11,8,21,1515,1,2,1,1.0,6.0,59152,M,,,59
201100036242,11,8,20,1220,1,1,3,1.0,3.0,59426,M,,,59
201100036243,11,8,25,1030,1,2,3,1.0,3.0,59352,M,,,59
201100036244,11,8,30,2040,5,2,2,1.0,3.0,59599,M,,,59
201100036245,11,9,2,1730,1,2,2,1.0,3.0,59090,M,,,59
201100036246,11,9,2,1740,1,1,2,1.0,3.0,59352,M,,,59
201100036247,11,9,7,815,1,2,2,1.0,5.0,59426,M,,,59
201100036248,11,9,9,1010,1,2,2,1.0,3.0,59279,M,,,59
201100036249,11,9,10,930,1,2,1,1.0,6.0,59599,M,,,59
201100036250,11,9,11,145,5,2,2,1.0,3.0,59426,M,,,59
201100036251,11,9,10,1645,1,2,5,1.0,3.0,59599,M,,,59
201100036252,11,9,19,1530,1,2,1,1.0,3.0,59279,M,,,59
201100036253,11,9,19,1800,1,2,1,1.0,3.0,59090,M,,,59
201100036254,11,9,20,1050,1,2,1,1.0,2.0,59098,M,,,59
201100036255,11,9,20,1510,1,2,1,1.0,6.0,59599,M,,,59
201100036256,11,9,21,1515,1,2,3,1.0,6.0,59279,M,,,59
201100036257,11,9,22,1730,1,2,2,1.0,1.0,59599,M,,,59
201100036258,11,9,22,855,1,2,1,1.0,3.0,59599,M,,,59
201100036259,11,9,25,1950,5,2,2,1.0,1.0,59152,M,,,59
201100036260,11,9,26,1410,1,2,1,1.0,6.0,59599,M,,,59
201100036261,11,9,28,455,3,2,3,1.0,3.0,59279,M,,,59
201100036262,11,9,27,1700,1,2,2,1.0,3.0,59599,M,,,59
201100036263,11,9,30,800,1,2,1,1.0,6.0,59599,M,,,59
201100036264,11,9,30,1100,1,2,1,1.0,1.0,59599,M,,,59
201100036265,11,9,30,1125,1,2,2,1.0,6.0,59599,M,,,59
201100036266,11,9,30,1340,1,2,1,1.0,2.0,59426,M,,,59
201100036267,11,10,1,2155,5,2,1,1.0,1.0,59656,M,,,59
201100036268,11,10,5,755,2,2,1,2.0,1.0,59599,M,,,59
201100036269,11,10,6,1640,1,2,1,1.0,4.0,59599,M,,,59
201100036270,11,10,7,740,1,2,1,1.0,6.0,59090,M,,,59
201100036271,11,10,9,1330,1,2,6,3.0,6.0,59279,M,,,59
201100036272,11,10,11,1310,1,2,2,1.0,3.0,59599,M,,,59
201100036273,11,10,12,1820,1,2,3,1.0,1.0,59599,M,,,59
201100036274,11,10,14,810,1,2,3,1.0,2.0,59599,M,,,59
201100036275,11,10,14,1635,1,1,1,7.0,3.0,59508,M,,,59
201100036276,11,10,16,1720,1,2,1,1.0,6.0,59599,M,,,59
201100036277,11,10,18,1555,1,2,1,1.0,3.0,59599,M,,,59
201100036278,11,10,19,1815,1,2,1,1.0,6.0,59508,M,,,59
201100036279,11,10,24,1315,1,2,6,1.0,1.0,59508,M,,,59
201100036280,11,11,3,945,1,2,1,2.0,6.0,59599,M,,,59
201100036281,11,11,2,1620,1,2,3,1.0,5.0,59098,M,,,59
201100036282,11,11,10,1745,2,2,1,1.0,3.0,59279,M,,,59
201100036283,11,11,10,2220,5,2,2,1.0,3.0,59426,M,,,59
201100036284,11,11,12,1250,1,2,3,1.0,3.0,59152,M,,,59
201100036285,11,11,15,1710,5,2,1,1.0,6.0,59599,M,,,59
201100036286,11,11,17,730,2,2,2,1.0,3.0,59599,M,,,59
201100036287,11,11,19,2310,5,2,1,5.0,3.0,59152,M,,,59
201100036288,11,11,23,2120,5,1,1,2.0,7.0,59279,M,,,59
201100036289,11,11,29,1930,5,2,1,1.0,6.0,59352,M,,,59
201100036290,11,11,30,1545,1,2,1,1.0,6.0,59426,M,,,59
201100036291,11,12,2,945,1,2,1,1.0,2.0,59599,M,,,59
201100036292,11,12,4,1715,5,2,3,2.0,3.0,59599,M,,,59
201100036293,11,12,5,1245,1,2,1,1.0,6.0,59599,M,,,59
201100036294,11,12,7,710,5,2,3,2.0,3.0,59352,M,,,59
201100036295,11,12,7,1210,1,2,3,1.0,5.0,59599,M,,,59
201100036296,11,12,7,1250,1,2,2,1.0,6.0,59599,M,,,59
201100036297,11,12,8,1720,3,2,1,1.0,2.0,59599,M,,,59
201100036298,11,12,9,1725,4,2,6,1.0,3.0,59090,M,,,59
201100036299,11,12,10,1400,1,2,7,1.0,3.0,59152,M,,,59
201100036300,11,12,11,1725,5,2,4,1.0,1.0,59152,M,,,59
201100036301,11,12,12,1340,1,2,1,1.0,6.0,59508,M,,,59
201100036302,11,12,12,1305,1,1,1,1.0,7.0,59279,M,,,59
201100036303,11,12,13,1130,1,2,1,2.0,6.0,59599,M,,,59
201100036304,11,12,13,1520,1,2,2,2.0,1.0,59599,M,,,59
201100036305,11,12,14,810,1,2,2,1.0,3.0,59426,M,,,59
201100036306,11,12,14,1310,1,2,1,2.0,3.0,59599,M,,,59
201100036307,11,12,13,2115,5,2,3,8.0,6.0,59279,M,,,59
201100036308,11,12,16,825,5,2,1,2.0,6.0,59599,M,,,59
201100036309,11,12,16,1735,5,2,1,2.0,2.0,59599,M,,,59
201100036310,11,12,17,1500,1,2,1,1.0,2.0,59508,M,,,59
201100036311,11,12,17,1845,5,2,3,2.0,3.0,59508,M,,,59
201100036312,11,12,18,420,5,2,1,4.0,7.0,59599,M,,,59
201100036313,11,12,20,2030,4,1,2,1.0,3.0,59152,M,,,59
201100036314,11,12,21,1445,1,2,3,9.0,3.0,59599,M,,,59
201100036315,11,12,21,1735,5,2,1,2.0,6.0,59599,M,,,59
201100036316,11,12,22,1540,1,2,9,8.0,3.0,59599,M,,,59
201100036317,11,12,23,745,5,2,2,2.0,3.0,59599,M,,,59
201100036318,11,12,24,2015,5,2,1,1.0,2.0,59599,M,,,59
201100036319,11,12,29,1320,1,2,1,1.0,2.0,59152,M,,,59
201100036320,11,1,9,1715,2,2,1,1.0,6.0,59606,M,5036399.0,352261.0,59
201100036321,11,1,10,1930,3,1,8,1.0,2.0,59613,M,,,59
201100036322,11,1,9,1630,1,2,1,1.0,6.0,59491,M,,,59
201100036323,11,1,11,1745,5,2,1,2.0,6.0,59484,M,,,59
201100036324,11,12,23,1705,5,2,1,1.0,6.0,59447,M,,,59
201100036325,11,10,5,735,2,2,1,1.0,2.0,59079,M,,,59
201100036326,11,12,14,925,1,2,1,1.0,2.0,59606,M,,,59
201100036327,11,12,20,1740,5,2,1,1.0,6.0,59544,M,,,59
201100036328,11,12,26,2015,5,2,1,1.0,6.0,59606,M,,,59
201100036329,11,12,23,1640,1,2,1,1.0,4.0,59606,M,,,59
201100036330,11,12,8,1505,5,2,1,1.0,6.0,59613,M,,,59
201100036331,11,12,13,730,5,2,1,1.0,6.0,59491,M,,,59
201100036332,11,1,19,1645,1,2,3,1.0,3.0,59606,M,,,59
201100036333,11,1,18,1955,5,2,6,1.0,6.0,59603,M,,,59
201100036334,11,1,18,1305,1,2,1,2.0,6.0,59484,M,,,59
201100036335,11,1,19,1900,5,2,3,1.0,6.0,59491,M,,,59
201100036336,11,12,19,1640,1,2,2,1.0,3.0,59606,M,,,59
201100036337,11,1,28,940,1,2,1,1.0,4.0,59544,M,,,59
201100036338,11,1,29,430,3,2,1,1.0,6.0,59014,M,,,59
201100036339,11,12,8,740,5,2,1,1.0,2.0,59014,M,,,59
201100036340,11,12,7,1850,3,2,1,1.0,6.0,59447,M,,,59
201100036341,11,11,15,1855,5,2,1,1.0,6.0,59032,M,,,59
201100036342,11,1,24,2210,5,2,3,1.0,3.0,59606,M,,,59
201100036343,11,1,26,745,2,2,1,1.0,6.0,59014,M,,,59
201100036344,11,2,2,2045,5,2,6,2.0,2.0,59484,M,,,59
201100036345,11,2,7,720,2,2,1,1.0,3.0,59515,M,,,59
201100036346,11,2,5,1825,5,2,1,1.0,6.0,59606,M,,,59
201100036347,11,2,8,1105,1,2,6,1.0,3.0,59606,M,,,59
201100036348,11,2,10,955,1,2,1,1.0,6.0,59491,M,,,59
201100036349,11,2,11,1835,5,2,1,1.0,6.0,59112,M,,,59
201100036350,11,2,14,2015,5,2,1,1.0,6.0,59606,M,,,59
201100036351,11,2,16,1720,1,2,2,1.0,6.0,59447,M,,,59
201100036352,11,2,19,2000,5,2,1,1.0,6.0,59447,M,,,59
201100036353,11,2,26,1925,3,2,1,1.0,4.0,59207,M,,,59
201100036354,11,3,3,130,5,2,1,1.0,6.0,59112,M,,,59
201100036355,11,1,25,755,2,2,1,1.0,6.0,59484,M,,,59
201100036356,11,2,27,955,1,2,2,1.0,6.0,59447,M,,,59
201100036357,11,3,7,1510,1,2,1,1.0,6.0,59606,M,,,59
201100036358,11,2,3,1400,1,2,6,1.0,3.0,59606,M,,,59
201100036359,11,3,20,1415,1,1,1,1.0,6.0,59027,M,,,59
201100036360,11,3,23,1830,1,2,2,1.0,3.0,59544,M,,,59
201100036361,11,3,23,1950,2,2,1,1.0,6.0,59606,M,,,59
201100036362,11,4,3,1700,1,1,1,1.0,2.0,59491,M,,,59
201100036363,11,2,27,1415,1,2,1,1.0,6.0,59112,M,,,59
201100036364,11,4,6,1450,1,2,3,1.0,3.0,59491,M,,,59
201100036365,11,4,10,1305,1,2,2,1.0,2.0,59544,M,,,59
201100036366,11,4,8,2320,5,2,1,1.0,6.0,59606,M,,,59
201100036367,11,3,24,1515,1,2,1,1.0,6.0,59603,M,,,59
201100036368,11,3,19,1025,1,2,1,1.0,6.0,59491,M,,,59
201100036369,11,4,2,2010,1,2,1,9.0,6.0,59606,M,,,59
201100036370,11,4,4,1845,1,2,1,1.0,7.0,59603,M,,,59
201100036371,11,2,17,1415,1,2,1,1.0,6.0,59606,M,,,59
201100036372,11,2,10,1335,1,2,3,1.0,3.0,59606,M,,,59
201100036373,11,4,14,1315,1,2,3,1.0,2.0,59447,M,,,59
201100036374,11,4,17,1720,1,2,3,1.0,3.0,59112,M,,,59
201100036375,11,4,21,2030,5,2,1,1.0,6.0,59459,M,,,59
201100036376,11,4,7,2015,1,2,6,1.0,3.0,59383,M,,,59
201100036377,11,3,31,1215,1,2,1,1.0,4.0,59606,M,,,59
201100036378,11,4,24,1830,1,2,1,1.0,3.0,59491,M,,,59
201100036379,11,4,18,1735,1,2,3,1.0,3.0,59383,M,,,59
201100036380,11,5,7,2105,1,2,1,1.0,6.0,59112,M,,,59
201100036381,11,5,4,1200,1,2,2,1.0,3.0,59606,M,,,59
201100036382,11,4,4,1035,1,2,1,1.0,6.0,59459,M,,,59
201100036383,11,5,5,1425,1,2,2,1.0,3.0,59112,M,,,59
201100036384,11,5,5,1515,1,2,1,1.0,6.0,59014,M,,,59
201100036385,11,5,15,715,1,1,1,1.0,1.0,59447,M,,,59
201100036386,11,5,10,1530,1,2,1,1.0,6.0,59606,M,,,59
201100036387,11,5,9,1455,1,2,1,1.0,6.0,59544,M,,,59
201100036388,11,5,10,720,1,2,1,1.0,6.0,59606,M,,,59
201100036389,11,5,18,825,1,2,2,1.0,6.0,59603,M,,,59
201100036390,11,5,20,1455,1,2,1,1.0,7.0,59459,M,,,59
201100036391,11,5,9,1555,1,2,1,1.0,6.0,59112,M,,,59
201100036392,11,5,16,1125,1,2,2,1.0,2.0,59603,M,,,59
201100036393,11,5,14,35,5,2,1,1.0,7.0,59606,M,,,59
201100036394,11,5,20,1810,1,2,1,1.0,6.0,59207,M,,,59
201100036395,11,5,24,1715,1,1,1,1.0,2.0,59447,M,,,59
201100036396,11,5,24,525,2,1,1,1.0,1.0,59544,M,,,59
201100036397,11,4,5,1725,1,2,9,1.0,3.0,59484,M,,,59
201100036398,11,5,12,1300,1,2,6,1.0,3.0,59606,M,,,59
201100036399,11,5,29,355,5,2,1,1.0,6.0,59606,M,,,59
201100036400,11,5,30,1545,1,2,1,1.0,6.0,59606,M,,,59
201100036401,11,6,2,555,1,1,1,1.0,6.0,59603,M,,,59
201100036402,11,5,25,730,1,2,1,1.0,6.0,59606,M,,,59
201100036403,11,6,16,2055,1,2,1,1.0,6.0,59160,M,,,59
201100036404,11,6,17,1735,1,2,9,1.0,3.0,59606,M,,,59
201100036405,11,4,6,1010,1,2,1,1.0,2.0,59544,M,,,59
201100036406,11,6,8,2135,1,2,1,1.0,6.0,59014,M,,,59
201100036407,11,6,9,1225,1,2,8,1.0,6.0,59606,M,,,59
201100036408,11,5,21,1800,1,2,2,1.0,3.0,59606,M,,,59
201100036409,11,5,15,1930,1,2,1,1.0,6.0,59491,M,,,59
201100036410,11,5,27,1940,1,2,1,1.0,6.0,59606,M,,,59
201100036411,11,6,2,1040,1,2,1,1.0,3.0,59014,M,,,59
201100036412,11,6,12,2125,1,2,2,1.0,6.0,59014,M,,,59
201100036413,11,5,4,1840,1,2,1,1.0,3.0,59459,M,,,59
201100036414,11,5,10,1725,1,2,3,1.0,3.0,59544,M,,,59
201100036415,11,5,31,2300,5,2,1,1.0,6.0,59606,M,,,59
201100036416,11,6,10,1830,1,1,1,1.0,2.0,59544,M,,,59
201100036417,11,6,19,1625,1,2,1,1.0,6.0,59606,M,,,59
201100036418,11,6,27,915,1,2,2,1.0,6.0,59606,M,,,59
201100036419,11,6,21,1345,1,2,1,1.0,6.0,59491,M,,,59
201100036420,11,6,8,1005,1,2,1,1.0,6.0,59606,M,,,59
201100036421,11,6,4,1925,1,2,3,1.0,3.0,59606,M,,,59
201100036422,11,7,1,1815,1,2,1,1.0,6.0,59447,M,,,59
201100036423,11,6,30,1520,1,2,1,1.0,3.0,59014,M,,,59
201100036424,11,7,6,1925,1,2,1,1.0,2.0,59603,M,,,59
201100036425,11,6,17,1425,1,2,2,2.0,6.0,59491,M,,,59
201100036426,11,7,9,1900,1,2,1,1.0,1.0,59606,M,,,59
201100036427,11,8,4,1640,1,2,1,1.0,2.0,59491,M,,,59
201100036428,11,8,21,1305,1,2,1,1.0,7.0,59606,M,5036912.0,353233.0,59
201100036429,11,8,18,1715,1,2,1,1.0,6.0,59112,M,,,59
201100036430,11,8,17,2159,3,2,1,1.0,2.0,59383,M,,,59
201100036431,11,7,15,1540,1,2,1,1.0,1.0,59491,M,,,59
201100036432,11,8,18,1040,1,2,8,1.0,6.0,59606,M,,,59
201100036433,11,7,31,1750,1,1,2,1.0,3.0,59369,M,,,59
201100036434,11,7,8,805,1,2,6,1.0,6.0,59606,M,,,59
201100036435,11,7,10,35,5,2,6,1.0,6.0,59606,M,,,59
201100036436,11,9,3,2345,5,2,1,1.0,3.0,59475,M,,,59
201100036437,11,7,15,1955,1,2,3,1.0,3.0,59491,M,,,59
201100036438,11,8,3,1345,1,2,8,1.0,6.0,59606,M,,,59
201100036439,11,9,4,315,5,2,1,1.0,6.0,59606,M,,,59
201100036440,11,9,4,1030,1,2,6,1.0,3.0,59606,M,,,59