Num_Acc,an,mois,jour,hrmn,lum,agg,int,atm,col,com,gps,lat,long,dep
201100036441,11,9,15,1425,1,2,1,1.0,6.0,59606,M,,,59
201100036442,11,9,14,1255,1,2,2,1.0,6.0,59606,M,,,59
201100036443,11,8,24,1930,1,2,3,1.0,6.0,59491,M,,,59
201100036444,11,7,8,805,1,2,1,1.0,4.0,59606,M,,,59
201100036445,11,9,13,1920,1,2,6,1.0,6.0,59606,M,,,59
201100036446,11,9,16,1725,1,2,9,1.0,6.0,59606,M,,,59
201100036447,11,9,29,5,5,2,1,1.0,6.0,59606,M,,,59
201100036448,11,9,28,1010,2,2,1,1.0,6.0,59606,M,,,59
201100036449,11,9,26,1645,1,2,1,1.0,6.0,59014,M,,,59
201100036450,11,9,27,715,1,2,2,1.0,6.0,59479,M,,,59
201100036451,11,9,27,1740,1,2,1,1.0,6.0,59014,M,,,59
201100036452,11,10,6,530,5,2,2,1.0,3.0,59606,M,,,59
201100036453,11,10,7,1655,2,2,1,1.0,6.0,59491,M,,,59
201100036454,11,9,8,1255,1,2,1,1.0,6.0,59112,M,,,59
201100036455,11,9,13,1015,1,2,1,1.0,6.0,59606,M,,,59
201100036456,11,9,30,1225,1,2,2,1.0,3.0,59606,M,,,59
201100036457,11,10,1,1625,1,2,1,1.0,6.0,59112,M,,,59
201100036458,11,10,1,1930,5,2,2,1.0,3.0,59112,M,,,59
201100036459,11,10,9,225,5,2,1,3.0,6.0,59491,M,,,59
201100036460,11,10,16,15,5,2,1,1.0,1.0,59491,M,,,59
201100036461,11,8,29,1325,1,2,1,1.0,4.0,59383,M,,,59
201100036462,11,10,7,1025,1,2,1,1.0,6.0,59544,M,,,59
201100036463,11,10,25,135,5,2,1,2.0,6.0,59606,M,,,59
201100036464,11,10,28,2200,5,2,3,1.0,3.0,59606,M,,,59
201100036465,11,10,24,1710,1,2,3,1.0,3.0,59613,M,,,59
201100036466,11,10,30,835,1,2,1,1.0,6.0,59383,M,,,59
201100036467,11,11,7,1500,1,2,6,1.0,6.0,59014,M,5036710.0,351087.0,59
201100036468,11,11,22,1700,1,2,1,1.0,6.0,59606,M,,,59
201100036469,11,11,10,2100,5,2,6,1.0,6.0,59014,M,,,59
201100036470,11,12,2,1450,1,2,9,1.0,6.0,59606,M,,,59
201100036471,11,12,10,2205,3,1,1,1.0,6.0,59544,M,,,59
201100036472,11,11,30,1355,1,2,2,1.0,2.0,59447,M,,,59
201100036473,11,11,10,1350,1,2,2,1.0,3.0,59606,M,,,59
201100036474,11,10,31,805,2,1,1,1.0,6.0,59207,M,,,59
201100036475,11,11,2,955,1,2,1,1.0,6.0,59603,M,,,59
201100036476,11,10,27,1555,1,2,1,1.0,6.0,59484,M,,,59
201100036477,11,10,22,1655,1,2,1,1.0,6.0,59014,M,,,59
201100036478,11,10,14,1500,1,2,1,1.0,6.0,59014,M,,,59
201100036479,11,11,17,1755,5,2,1,1.0,6.0,59459,M,,,59
201100036480,11,12,6,720,5,2,3,1.0,6.0,59606,M,,,59
201100036481,11,11,12,1635,1,2,1,1.0,6.0,59459,M,,,59
201100036482,11,12,20,1200,1,2,1,1.0,6.0,59491,M,5038123.0,349345.0,59
201100036483,11,12,22,2300,5,2,9,1.0,6.0,59459,M,,,59
201100036484,11,12,28,725,5,2,1,1.0,6.0,59491,M,,,59
201100036485,11,3,15,1720,1,2,1,7.0,6.0,60057,M,,,60
201100036486,11,3,18,2140,3,1,4,2.0,6.0,60057,M,,,60
201100036487,11,4,2,2220,3,2,2,1.0,3.0,60057,M,,,60
201100036488,11,5,1,30,3,2,1,1.0,1.0,60057,M,,,60
201100036489,11,7,11,2020,5,2,2,1.0,3.0,60057,M,,,60
201100036490,11,8,17,2120,2,2,3,1.0,6.0,60057,M,,,60
201100036491,11,10,7,1615,1,2,1,1.0,3.0,60057,M,,,60
201100036492,11,11,4,1930,5,2,1,3.0,6.0,60057,M,,,60
201100036493,11,11,19,1300,1,2,1,1.0,2.0,60057,M,,,60
201100036494,11,11,18,1755,3,2,1,1.0,6.0,60057,M,,,60
201100036495,11,12,5,825,1,2,1,2.0,6.0,60057,M,,,60
201100036496,11,12,16,1000,1,2,3,2.0,3.0,60057,M,,,60
201100036497,11,12,22,1150,1,2,1,8.0,6.0,60057,M,,,60
201100036498,11,1,21,1950,5,2,1,1.0,6.0,60057,M,,,60
201100036499,11,3,23,1740,1,2,1,1.0,3.0,60057,M,,,60
201100036500,11,1,4,1125,1,1,1,1.0,6.0,60665,M,,,60
201100036501,11,1,12,1840,2,1,1,2.0,6.0,60665,M,,,60
201100036502,11,1,16,1445,1,1,1,1.0,6.0,60159,M,,,60
201100036503,11,1,18,1110,1,2,6,1.0,7.0,60159,M,,,60
201100036504,11,1,18,1205,1,2,3,1.0,6.0,60159,M,,,60
201100036505,11,2,10,1530,1,1,1,2.0,1.0,60159,M,,,60
201100036506,11,2,19,1540,1,2,1,2.0,6.0,60665,M,,,60
201100036507,11,3,7,1215,1,2,2,1.0,3.0,60159,M,,,60
201100036508,11,3,11,2125,5,2,3,1.0,3.0,60159,M,,,60
201100036509,11,3,29,1250,1,2,4,1.0,3.0,60159,M,,,60
201100036510,11,4,1,1030,1,2,1,1.0,6.0,60382,M,,,60
201100036511,11,4,11,1000,1,2,6,1.0,2.0,60159,M,,,60
201100036512,11,4,25,1220,1,2,9,1.0,3.0,60159,M,,,60
201100036513,11,5,1,2110,5,2,1,1.0,6.0,60159,M,,,60
201100036514,11,5,20,2000,1,2,7,1.0,3.0,60159,M,,,60
201100036515,11,7,2,1620,1,2,3,1.0,3.0,60159,M,,,60
201100036516,11,7,5,600,2,2,1,1.0,3.0,60159,M,,,60
201100036517,11,7,7,830,1,2,1,7.0,6.0,60159,M,,,60
201100036518,11,8,22,725,1,1,1,1.0,1.0,60159,M,,,60
201100036519,11,8,24,1835,1,2,3,1.0,3.0,60159,M,,,60
201100036520,11,9,9,1710,1,2,1,1.0,2.0,60665,M,,,60
201100036521,11,9,9,1810,1,1,4,1.0,4.0,60665,M,,,60
201100036522,11,9,6,1300,1,2,1,1.0,6.0,60159,M,,,60
201100036523,11,10,22,135,3,2,3,1.0,3.0,60159,M,,,60
201100036524,11,11,3,1840,1,2,1,1.0,6.0,60159,M,,,60
201100036525,11,11,15,1725,2,2,1,1.0,6.0,60159,M,,,60
201100036526,11,11,28,1625,1,2,3,1.0,3.0,60159,M,,,60
201100036527,11,11,28,1725,2,2,3,1.0,6.0,60159,M,,,60
201100036528,11,12,27,1755,2,2,1,2.0,6.0,60665,M,,,60
201100036529,11,1,4,1340,1,2,1,1.0,6.0,60175,M,,,60
201100036530,11,1,17,1915,5,2,1,8.0,5.0,60175,M,,,60
201100036531,11,2,2,1905,5,2,2,1.0,6.0,60175,M,,,60
201100036532,11,4,3,1530,1,2,1,1.0,6.0,60463,M,,,60
201100036533,11,4,5,1530,1,2,6,1.0,3.0,60175,M,,,60
201100036534,11,4,8,2235,3,2,1,1.0,6.0,60175,M,,,60
201100036535,11,4,27,1730,1,2,3,1.0,1.0,60175,M,,,60
201100036536,11,5,10,1940,1,2,1,1.0,6.0,60175,M,,,60
201100036537,11,5,18,1850,1,2,1,1.0,3.0,60175,M,,,60
201100036538,11,5,24,1010,1,2,2,1.0,6.0,60175,M,,,60
201100036539,11,6,19,1820,1,2,2,1.0,3.0,60175,M,,,60
201100036540,11,6,22,45,3,1,1,1.0,6.0,60175,M,,,60
201100036541,11,7,15,1840,1,2,1,1.0,2.0,60175,M,,,60
201100036542,11,7,19,1945,1,2,1,1.0,6.0,60414,M,,,60
201100036543,11,7,27,1645,1,1,6,2.0,6.0,60175,M,,,60
201100036544,11,7,29,1235,1,2,2,1.0,3.0,60175,M,,,60
201100036545,11,8,8,1810,1,2,1,1.0,7.0,60414,M,,,60
201100036546,11,8,14,1825,1,2,1,1.0,7.0,60684,M,,,60
201100036547,11,9,3,945,1,2,3,1.0,3.0,60175,M,,,60
201100036548,11,9,3,1600,1,2,2,1.0,3.0,60175,M,,,60
201100036549,11,9,7,1627,1,2,1,1.0,6.0,60175,M,,,60
201100036550,11,9,8,2045,1,2,2,1.0,3.0,60463,M,,,60
201100036551,11,9,24,1435,1,2,4,1.0,6.0,60684,M,,,60
201100036552,11,10,2,1555,1,2,1,1.0,3.0,60414,M,,,60
201100036553,11,10,5,1705,1,2,1,1.0,3.0,60175,M,,,60
201100036554,11,10,10,2155,2,2,1,1.0,7.0,60414,M,,,60
201100036555,11,10,19,455,5,2,1,1.0,3.0,60414,M,,,60
201100036556,11,10,19,1540,1,2,2,8.0,6.0,60175,M,,,60
201100036557,11,10,23,2110,3,1,1,1.0,7.0,60175,M,,,60
201100036558,11,10,25,1410,1,2,3,1.0,6.0,60414,M,,,60
201100036559,11,10,26,1415,1,2,1,1.0,6.0,60175,M,,,60
201100036560,11,10,29,2110,5,2,1,2.0,6.0,60463,M,,,60
201100036561,11,10,29,2310,3,1,1,2.0,3.0,60175,M,,,60
201100036562,11,10,30,1020,1,2,1,1.0,6.0,60175,M,,,60
201100036563,11,11,9,1750,5,1,1,1.0,3.0,60175,M,,,60
201100036564,11,11,10,1315,1,2,1,1.0,1.0,60414,M,,,60
201100036565,11,11,17,1920,5,1,1,8.0,6.0,60684,M,,,60
201100036566,11,11,23,1345,1,2,1,1.0,6.0,60175,M,,,60
201100036567,11,12,18,1915,3,2,9,3.0,3.0,60463,M,,,60
201100036568,11,1,27,1710,1,2,1,1.0,6.0,61001,M,,,61
201100036569,11,2,10,750,2,1,1,5.0,4.0,61497,M,,,61
201100036570,11,2,12,1525,1,2,2,1.0,3.0,61001,M,,,61
201100036571,11,2,18,740,2,1,1,5.0,1.0,61497,M,,,61
201100036572,11,3,30,930,1,2,1,1.0,7.0,61143,M,,,61
201100036573,11,4,18,1730,1,1,2,1.0,3.0,61397,M,,,61
201100036574,11,5,19,1525,1,2,1,1.0,3.0,61397,M,,,61
201100036575,11,5,20,1735,1,2,6,1.0,6.0,61001,M,,,61
201100036576,11,6,1,1800,1,2,1,1.0,6.0,61143,M,,,61
201100036577,11,6,9,1830,1,2,1,1.0,6.0,61001,M,,,61
201100036578,11,6,17,1610,1,2,1,1.0,6.0,61001,M,,,61
201100036579,11,7,4,1325,1,2,3,1.0,3.0,61001,M,,,61
201100036580,11,7,21,1215,1,2,1,1.0,3.0,61001,M,,,61
201100036581,11,7,22,150,5,2,6,1.0,3.0,61001,M,,,61
201100036582,11,7,27,1330,1,1,1,1.0,7.0,61497,M,,,61
201100036583,11,7,29,1935,1,1,2,1.0,3.0,61117,M,,,61
201100036584,11,8,11,1105,1,2,1,1.0,7.0,61001,M,,,61
201100036585,11,8,31,1630,1,2,3,1.0,3.0,61001,M,,,61
201100036586,11,9,26,650,2,1,2,1.0,3.0,61001,M,,,61
201100036587,11,10,1,1230,1,2,3,1.0,3.0,61001,M,,,61
201100036588,11,10,19,1415,1,2,1,1.0,6.0,61001,M,,,61
201100036589,11,11,1,1546,1,1,1,1.0,3.0,61117,M,,,61
201100036590,11,11,12,1205,1,2,2,1.0,3.0,61117,M,,,61
201100036591,11,11,18,1350,1,1,1,1.0,6.0,61001,M,,,61
201100036592,11,11,26,1810,2,1,2,1.0,3.0,61001,M,,,61
201100036593,11,12,9,200,5,2,2,1.0,6.0,61001,M,,,61
201100036594,11,12,11,335,5,1,2,1.0,3.0,61117,M,,,61
201100036595,11,12,10,1640,1,2,1,1.0,6.0,61001,M,,,61
201100036596,11,12,19,15,5,1,1,8.0,1.0,61117,M,,,61
201100036597,11,12,22,1140,1,2,1,1.0,2.0,61001,M,,,61
201100036598,11,8,9,2050,1,2,2,1.0,3.0,61006,M,,,61
201100036599,11,8,16,2255,5,2,1,1.0,7.0,61006,M,,,61
201100036600,11,4,11,855,1,2,6,1.0,6.0,61006,M,,,61
201100036601,11,4,13,2213,3,1,1,1.0,6.0,61006,M,,,61
201100036602,11,4,9,1130,1,2,1,1.0,6.0,61006,M,,,61
201100036603,11,4,27,1455,1,2,3,1.0,6.0,61006,M,,,61
201100036604,11,5,11,1340,1,2,3,1.0,3.0,61006,M,,,61
201100036605,11,6,27,835,1,2,3,8.0,3.0,61006,M,,,61
201100036606,11,9,26,1820,1,2,2,1.0,3.0,61006,M,,,61
201100036607,11,10,22,1345,1,2,3,1.0,3.0,61006,M,,,61
201100036608,11,10,28,1440,1,2,1,1.0,7.0,61006,M,,,61
201100036609,11,11,21,1330,1,2,6,1.0,3.0,61006,M,,,61
201100036610,11,11,2,1550,1,2,1,1.0,6.0,61006,M,,,61
201100036611,11,12,9,740,5,2,6,8.0,3.0,61006,M,,,61
201100036612,11,11,29,2350,5,2,1,8.0,2.0,61006,M,,,61
201100036613,11,6,20,1203,1,2,1,1.0,6.0,61006,M,,,61
201100036614,11,7,5,1925,1,2,1,2.0,6.0,61006,M,,,61
201100036615,11,1,6,815,5,2,3,3.0,6.0,61169,M,,,61
201100036616,11,2,12,2325,5,2,1,1.0,6.0,61169,M,,,61
201100036617,11,2,11,2320,3,1,1,1.0,1.0,61169,M,,,61
201100036618,11,3,22,1435,1,2,1,1.0,6.0,61169,M,,,61
201100036619,11,3,23,1135,1,2,1,1.0,6.0,61169,M,,,61
201100036620,11,4,2,2000,1,2,2,8.0,3.0,61391,M,,,61
201100036621,11,5,26,1715,1,2,1,1.0,6.0,61391,M,,,61
201100036622,11,6,11,1715,1,2,9,1.0,3.0,61169,M,,,61
201100036623,11,6,29,1430,1,2,1,1.0,6.0,61169,M,,,61
201100036624,11,11,10,915,1,1,9,1.0,2.0,61175,M,,,61
201100036625,11,12,8,1710,5,2,1,2.0,6.0,61169,M,,,61
201100036626,11,12,22,1830,5,2,2,2.0,7.0,61169,M,,,61
201100036627,11,1,13,620,3,1,1,2.0,3.0,62099,M,,,62
201100036628,11,2,26,1830,2,2,3,2.0,3.0,62041,M,,,62
201100036629,11,3,10,1210,1,2,1,1.0,3.0,62041,M,,,62
201100036630,11,4,7,1955,1,2,1,1.0,6.0,62263,M,,,62
201100036631,11,4,24,2100,5,2,1,1.0,7.0,62753,M,,,62
201100036632,11,4,26,1525,1,2,1,1.0,2.0,62041,M,,,62
201100036633,11,5,6,1440,1,2,1,1.0,6.0,62041,M,,,62
201100036634,11,5,5,800,1,2,3,1.0,3.0,62041,M,,,62
201100036635,11,5,6,1100,1,1,1,1.0,7.0,62263,M,,,62
201100036636,11,5,11,2315,5,1,1,1.0,7.0,62764,M,,,62
201100036637,11,5,12,1635,1,2,2,1.0,6.0,62041,M,,,62
201100036638,11,5,17,2110,2,2,3,1.0,3.0,62041,M,,,62
201100036639,11,5,18,1550,2,2,3,1.0,3.0,62041,M,,,62
201100036640,11,7,22,1155,1,1,1,2.0,6.0,62753,M,,,62
201100036641,11,8,10,1425,1,1,1,1.0,7.0,62099,M,,,62
201100036642,11,9,3,1235,1,2,1,1.0,6.0,62041,M,,,62
201100036643,11,9,23,1210,1,2,6,1.0,3.0,62004,M,,,62
201100036644,11,10,5,1135,1,2,6,1.0,3.0,62041,M,,,62
201100036645,11,10,8,425,5,2,2,1.0,3.0,62041,M,,,62
201100036646,11,10,14,2125,5,2,1,1.0,7.0,62041,M,,,62
201100036647,11,10,25,820,2,2,1,1.0,6.0,62041,M,,,62
201100036648,11,11,4,1715,2,2,2,1.0,6.0,62041,M,,,62
201100036649,11,11,22,1750,2,2,1,2.0,6.0,62753,M,,,62
201100036650,11,1,18,130,5,2,1,2.0,6.0,62532,M,,,62
201100036651,11,4,20,1335,1,2,2,7.0,5.0,62048,M,,,62
201100036652,11,5,21,1200,1,2,1,1.0,6.0,62048,M,,,62
201100036653,11,6,11,2055,1,1,1,1.0,6.0,62516,M,,,62
201100036654,11,6,23,1920,1,2,4,1.0,3.0,62516,M,,,62
201100036655,11,7,31,1850,1,2,1,1.0,6.0,62516,M,,,62
201100036656,11,9,16,2200,5,2,1,1.0,6.0,62328,M,,,62
201100036657,11,9,19,2025,2,2,3,1.0,6.0,62048,M,,,62
201100036658,11,10,13,1750,1,2,2,1.0,5.0,62048,M,,,62
201100036659,11,10,18,1900,2,2,1,1.0,3.0,62516,M,,,62
201100036660,11,11,12,110,5,2,1,1.0,6.0,62048,M,,,62
201100036661,11,12,15,1740,5,2,1,2.0,6.0,62516,M,,,62
201100036662,11,1,14,2005,5,2,2,2.0,3.0,62724,M,,,62
201100036663,11,1,22,1905,5,2,1,8.0,7.0,62065,M,,,62
201100036664,11,2,12,1236,1,2,2,1.0,3.0,62065,M,,,62
201100036665,11,2,20,30,5,2,1,2.0,6.0,62065,M,,,62
201100036666,11,2,23,2340,5,2,2,1.0,6.0,62570,M,,,62
201100036667,11,3,26,1458,1,1,1,1.0,6.0,62570,M,,,62
201100036668,11,4,4,2045,5,2,3,1.0,6.0,62277,M,,,62
201100036669,11,4,6,1745,1,2,1,1.0,3.0,62724,M,,,62
201100036670,11,4,14,1515,1,2,2,1.0,3.0,62065,M,,,62
201100036671,11,4,22,1950,1,2,4,1.0,6.0,62065,M,,,62
201100036672,11,4,30,1030,1,1,6,1.0,6.0,62277,M,,,62
201100036673,11,5,5,1724,1,1,1,1.0,6.0,62277,M,,,62
201100036674,11,5,16,1855,1,2,1,1.0,7.0,62065,M,,,62
201100036675,11,5,22,2125,2,2,1,1.0,3.0,62724,M,,,62
201100036676,11,5,22,1600,1,2,3,1.0,3.0,62570,M,,,62
201100036677,11,5,31,1625,1,2,1,1.0,6.0,62277,M,,,62
201100036678,11,6,9,1905,1,2,2,1.0,3.0,62065,M,,,62
201100036679,11,6,11,2040,1,2,1,1.0,6.0,62570,M,,,62
201100036680,11,6,18,1755,1,1,1,8.0,6.0,62724,M,,,62
201100036681,11,6,21,1045,1,2,3,1.0,3.0,62570,M,,,62
201100036682,11,6,23,858,1,2,1,1.0,2.0,62570,M,,,62
201100036683,11,7,14,420,5,2,1,8.0,6.0,62277,M,,,62
201100036684,11,7,14,1440,1,1,1,8.0,7.0,62277,M,,,62
201100036685,11,8,22,2130,5,2,2,2.0,3.0,62065,M,,,62
201100036686,11,9,17,2215,3,2,1,8.0,6.0,62570,M,,,62
201100036687,11,9,14,1740,1,2,3,2.0,6.0,62065,M,,,62
201100036688,11,9,25,1510,1,2,3,1.0,1.0,62570,M,,,62
201100036689,11,9,28,1650,1,2,1,1.0,6.0,62065,M,,,62
201100036690,11,9,30,1215,1,2,9,1.0,6.0,62065,M,,,62
201100036691,11,10,11,710,2,2,2,2.0,6.0,62277,M,,,62
201100036692,11,10,13,1715,1,2,1,1.0,6.0,62570,M,,,62
201100036693,11,10,18,1340,1,2,2,1.0,6.0,62724,M,,,62
201100036694,11,10,26,1430,1,2,1,1.0,3.0,62724,M,,,62
201100036695,11,11,19,1845,5,2,1,1.0,6.0,62065,M,,,62
201100036696,11,11,27,1935,5,2,1,1.0,2.0,62724,M,,,62
201100036697,11,1,22,1315,1,1,1,1.0,6.0,62688,M,,,62
201100036698,11,2,2,1205,1,2,1,1.0,6.0,62108,M,,,62
201100036699,11,2,18,1510,1,2,2,1.0,3.0,62108,M,,,62
201100036700,11,3,15,930,1,2,6,1.0,6.0,62108,M,,,62
201100036701,11,3,15,1215,1,2,1,1.0,6.0,62108,M,,,62
201100036702,11,5,4,745,1,2,1,1.0,3.0,62108,M,,,62
201100036703,11,5,5,1450,1,2,9,1.0,7.0,62108,M,,,62
201100036704,11,5,28,1625,1,1,1,8.0,3.0,62108,M,,,62
201100036705,11,5,28,1745,1,2,3,1.0,6.0,62108,M,,,62
201100036706,11,7,3,1855,1,2,2,1.0,3.0,62108,M,,,62
201100036707,11,8,4,1900,1,2,1,2.0,3.0,62688,M,,,62
201100036708,11,8,19,950,1,2,1,1.0,3.0,62108,M,,,62
201100036709,11,8,24,1650,1,2,6,1.0,6.0,62108,M,,,62
201100036710,11,9,30,1420,1,2,2,1.0,5.0,62688,M,,,62
201100036711,11,10,28,1800,1,2,2,1.0,3.0,62108,M,,,62
201100036712,11,11,29,1730,3,2,1,1.0,6.0,62108,M,,,62
201100036713,11,11,18,850,1,2,6,1.0,3.0,62108,M,,,62
201100036714,11,1,7,1725,5,1,1,2.0,6.0,62126,M,,,62
201100036715,11,1,17,1820,4,2,1,1.0,6.0,62119,M,,,62
201100036716,11,2,19,500,2,2,6,1.0,6.0,62119,M,,,62
201100036717,11,3,8,1040,1,2,6,1.0,6.0,62119,M,,,62
201100036718,11,3,24,1820,1,2,1,1.0,1.0,62051,M,,,62
201100036719,11,3,26,1145,1,1,1,1.0,7.0,62349,M,,,62
201100036720,11,3,18,1320,1,2,1,1.0,7.0,62051,M,,,62
201100036721,11,3,24,1745,1,1,1,1.0,7.0,62846,M,,,62
201100036722,11,3,31,1200,1,2,2,1.0,6.0,62119,M,,,62
201100036723,11,3,31,1915,1,1,1,1.0,1.0,62841,M,,,62
201100036724,11,7,7,805,1,1,1,1.0,5.0,62836,M,,,62
201100036725,11,7,9,1840,1,2,3,1.0,3.0,62276,M,,,62
201100036726,11,8,3,2050,1,2,6,1.0,3.0,62119,M,,,62
201100036727,11,8,18,2015,1,2,1,1.0,6.0,62119,M,,,62
201100036728,11,8,20,2235,5,2,1,1.0,7.0,62846,M,,,62
201100036729,11,9,17,1705,2,2,2,3.0,3.0,62480,M,,,62
201100036730,11,8,24,2300,3,2,1,1.0,6.0,62119,M,,,62
201100036731,11,10,7,2130,3,1,1,1.0,5.0,62846,M,,,62
201100036732,11,10,9,1715,1,2,1,1.0,6.0,62401,M,,,62
201100036733,11,10,14,1745,1,2,1,1.0,6.0,62276,M,,,62
201100036734,11,10,25,700,5,2,1,3.0,6.0,62119,M,,,62
201100036735,11,11,2,2130,5,1,1,1.0,2.0,62119,M,,,62
201100036736,11,11,4,950,1,2,3,1.0,6.0,62126,M,,,62
201100036737,11,11,4,1310,1,2,1,1.0,6.0,62035,M,,,62
201100036738,11,11,4,1850,5,2,1,1.0,3.0,62276,M,,,62
201100036739,11,10,10,1210,1,2,1,1.0,6.0,62119,M,,,62
201100036740,11,11,25,1730,2,2,6,1.0,3.0,62350,M,,,62
201100036741,11,12,9,2035,5,2,1,2.0,1.0,62051,M,,,62
201100036742,11,12,19,1700,5,2,1,2.0,6.0,62119,M,,,62
201100036743,11,1,5,1750,5,2,1,2.0,6.0,62643,M,,,62
201100036744,11,12,22,1715,5,2,6,1.0,6.0,62160,M,,,62
201100036745,11,1,21,2115,5,2,1,1.0,6.0,62667,M,,,62
201100036746,11,1,21,1935,5,1,1,2.0,1.0,62160,M,,,62
201100036747,11,2,3,1805,5,2,1,5.0,6.0,62758,M,,,62
201100036748,11,1,28,2015,5,2,1,1.0,6.0,62160,M,,,62
201100036749,11,3,12,1400,1,2,3,1.0,3.0,62160,M,,,62
201100036750,11,3,24,345,5,2,6,1.0,3.0,62160,M,,,62
201100036751,11,3,24,1600,1,2,6,1.0,6.0,62160,M,,,62
201100036752,11,4,9,2100,5,2,9,1.0,6.0,62755,M,,,62
201100036753,11,5,24,1520,1,2,1,1.0,6.0,62160,M,,,62
201100036754,11,6,21,1705,1,2,1,1.0,6.0,62758,M,,,62
201100036755,11,6,30,2115,2,2,1,1.0,3.0,62160,M,,,62
201100036756,11,7,2,1320,1,2,3,1.0,3.0,62160,M,,,62
201100036757,11,7,26,1520,1,2,1,1.0,6.0,62160,M,,,62
201100036758,11,8,27,1305,1,2,1,1.0,6.0,62667,M,,,62
201100036759,11,9,2,1950,1,2,2,7.0,6.0,62160,M,,,62
201100036760,11,9,7,1720,1,2,8,1.0,6.0,62160,M,,,62
201100036761,11,9,16,1755,1,2,4,1.0,1.0,62893,M,,,62
201100036762,11,10,1,1815,1,2,1,1.0,6.0,62160,M,,,62
201100036763,11,10,23,1515,1,2,1,1.0,6.0,62160,M,,,62
201100036764,11,10,28,2005,5,2,1,1.0,6.0,62160,M,,,62
201100036765,11,11,8,2010,5,2,3,1.0,6.0,62160,M,,,62
201100036766,11,11,15,920,1,2,9,7.0,6.0,62160,M,,,62
201100036767,11,11,19,1735,5,2,9,1.0,5.0,62160,M,,,62
201100036768,11,12,5,1010,1,2,1,1.0,6.0,62160,M,,,62
201100036769,11,12,7,1230,1,2,1,1.0,6.0,62160,M,,,62
201100036770,11,12,7,2200,5,2,3,1.0,1.0,62160,M,,,62
201100036771,11,12,7,2205,5,2,2,1.0,3.0,62643,M,,,62
201100036772,11,12,10,1630,1,2,1,1.0,6.0,62160,M,,,62
201100036773,11,12,17,315,5,2,6,8.0,6.0,62160,M,,,62
201100036774,11,1,29,1110,1,2,7,1.0,6.0,62178,M,,,62
201100036775,11,2,23,1705,1,2,1,2.0,3.0,62178,M,,,62
201100036776,11,3,11,2310,5,2,1,1.0,5.0,62270,M,,,62
201100036777,11,4,13,555,3,1,1,1.0,6.0,62270,M,,,62
201100036778,11,4,19,1335,1,2,3,1.0,3.0,62400,M,,,62
201100036779,11,5,20,800,1,2,1,1.0,6.0,62178,M,,,62
201100036780,11,8,12,1455,1,2,1,1.0,6.0,62270,M,,,62
201100036781,11,8,31,1015,1,2,3,1.0,3.0,62178,M,,,62
201100036782,11,9,11,1425,1,2,2,1.0,1.0,62178,M,,,62
201100036783,11,11,2,2320,5,1,1,8.0,6.0,62270,M,,,62
201100036784,11,11,25,1810,5,2,1,1.0,6.0,62400,M,,,62
201100036785,11,12,30,1925,5,2,1,3.0,6.0,62193,M,,,62
201100036786,11,1,11,1825,4,2,3,1.0,3.0,62193,M,,,62
201100036787,11,1,27,730,4,2,1,1.0,3.0,62193,M,,,62
201100036788,11,2,4,2220,5,2,2,1.0,3.0,62193,M,,,62
201100036789,11,2,5,945,1,2,1,6.0,6.0,62193,M,,,62
201100036790,11,2,7,1045,1,2,2,1.0,3.0,62193,M,,,62
201100036791,11,2,14,2255,5,2,2,1.0,3.0,62193,M,,,62
201100036792,11,2,15,1315,1,2,1,1.0,6.0,62193,M,,,62
201100036793,11,2,15,2015,5,2,2,2.0,6.0,62193,M,,,62
201100036794,11,2,23,2030,5,1,1,2.0,2.0,62193,M,,,62
201100036795,11,2,25,1,3,2,2,9.0,3.0,62193,M,,,62
201100036796,11,2,23,1845,5,2,1,3.0,6.0,62193,M,,,62
201100036797,11,2,26,2050,4,2,1,2.0,6.0,62193,M,,,62
201100036798,11,3,12,1945,5,2,2,2.0,3.0,62193,M,,,62
201100036799,11,3,27,1310,1,2,1,1.0,6.0,62193,M,,,62
201100036800,11,3,31,1450,1,2,1,1.0,6.0,62193,M,,,62
201100036801,11,4,1,1735,1,2,1,1.0,6.0,62193,M,,,62
201100036802,11,3,26,813,1,2,2,1.0,3.0,62193,M,,,62
201100036803,11,3,20,1155,1,2,1,1.0,6.0,62193,M,,,62
201100036804,11,4,20,405,5,2,6,1.0,1.0,62193,M,,,62
201100036805,11,5,1,1750,1,2,1,1.0,6.0,62193,M,,,62
201100036806,11,5,3,800,1,2,1,1.0,6.0,62193,M,,,62
201100036807,11,3,18,810,1,2,1,1.0,6.0,62193,M,,,62
201100036808,11,5,7,2310,5,2,2,1.0,3.0,62193,M,,,62
201100036809,11,5,6,1130,1,2,1,1.0,6.0,62193,M,,,62
201100036810,11,5,13,1110,1,2,1,1.0,6.0,62193,M,,,62
201100036811,11,5,15,1450,1,2,3,1.0,6.0,62193,M,,,62
201100036812,11,5,27,2100,1,2,1,1.0,6.0,62244,M,,,62
201100036813,11,6,6,845,1,2,1,1.0,6.0,62193,M,,,62
201100036814,11,6,5,600,2,2,2,1.0,3.0,62193,M,,,62
201100036815,11,6,25,2100,1,2,2,1.0,3.0,62193,M,,,62
201100036816,11,6,29,1925,1,2,1,1.0,6.0,62193,M,,,62
201100036817,11,7,6,1300,1,2,2,1.0,3.0,62193,M,,,62
201100036818,11,7,8,2020,1,2,1,1.0,6.0,62193,M,,,62
201100036819,11,7,23,1100,1,2,1,1.0,6.0,62193,M,,,62
201100036820,11,8,1,2120,1,2,2,1.0,3.0,62193,M,,,62
201100036821,11,8,4,835,1,2,2,7.0,3.0,62193,M,,,62
201100036822,11,8,5,1950,1,2,1,1.0,6.0,62193,M,,,62
201100036823,11,8,18,1400,1,2,2,2.0,3.0,62193,M,,,62
201100036824,11,8,26,1555,1,2,3,2.0,3.0,62193,M,,,62