Num_Acc,an,mois,jour,hrmn,lum,agg,int,atm,col,com,gps,lat,long,dep
201100036825,11,9,5,1125,1,2,1,1.0,2.0,62193,M,,,62
201100036826,11,9,7,1050,1,2,1,1.0,3.0,62193,M,,,62
201100036827,11,9,10,1445,1,2,7,1.0,3.0,62193,M,,,62
201100036828,11,9,9,2310,5,2,2,1.0,3.0,62193,M,,,62
201100036829,11,10,10,1355,1,2,1,1.0,6.0,62193,M,,,62
201100036830,11,10,7,1635,1,2,1,1.0,6.0,62193,M,,,62
201100036831,11,10,18,1355,1,2,1,1.0,2.0,62193,M,,,62
201100036832,11,10,19,1935,2,2,2,1.0,3.0,62244,M,,,62
201100036833,11,10,23,1840,1,2,3,1.0,3.0,62193,M,,,62
201100036834,11,11,3,1800,5,2,1,2.0,3.0,62193,M,,,62
201100036835,11,11,4,950,1,2,3,1.0,7.0,62193,M,,,62
201100036836,11,11,15,1120,1,1,2,5.0,3.0,62548,M,,,62
201100036837,11,11,16,1440,1,2,1,1.0,1.0,62193,M,,,62
201100036838,11,11,19,1605,1,2,1,1.0,3.0,62193,M,,,62
201100036839,11,11,22,1130,1,2,1,1.0,6.0,62548,M,,,62
201100036840,11,11,24,1845,5,2,1,1.0,6.0,62193,M,,,62
201100036841,11,11,25,1705,2,2,1,1.0,2.0,62193,M,,,62
201100036842,11,12,1,830,2,2,2,2.0,6.0,62193,M,,,62
201100036843,11,12,1,1350,1,2,2,8.0,3.0,62193,M,,,62
201100036844,11,12,2,1705,2,2,2,1.0,3.0,62193,M,,,62
201100036845,11,12,12,1655,5,2,1,3.0,6.0,62193,M,,,62
201100036846,11,12,14,1210,1,2,1,6.0,3.0,62193,M,,,62
201100036847,11,12,19,1900,5,2,1,3.0,6.0,62193,M,,,62
201100036848,11,12,20,2025,5,2,1,1.0,6.0,62193,M,,,62
201100036849,11,12,24,610,5,2,2,1.0,3.0,62193,M,,,62
201100036850,11,12,23,2030,5,2,1,6.0,6.0,62193,M,,,62
201100036851,11,12,27,1825,5,2,1,1.0,6.0,62193,M,,,62
201100036852,11,12,28,1645,1,1,1,1.0,1.0,62193,M,,,62
201100036853,11,1,5,1800,5,2,1,1.0,6.0,62413,M,,,62
201100036854,11,1,7,2030,3,1,1,1.0,1.0,62907,M,,,62
201100036855,11,1,11,1505,1,2,3,2.0,3.0,62413,M,,,62
201100036856,11,1,13,1420,1,2,1,2.0,2.0,62413,M,,,62
201100036857,11,1,22,1350,1,2,1,2.0,3.0,62907,M,,,62
201100036858,11,1,16,150,5,2,1,1.0,6.0,62215,M,,,62
201100036859,11,1,28,1425,1,2,6,1.0,3.0,62215,M,,,62
201100036860,11,1,29,1400,1,2,1,1.0,7.0,62215,M,,,62
201100036861,11,3,3,1630,1,2,1,1.0,6.0,62413,M,,,62
201100036862,11,3,7,1335,1,2,3,1.0,3.0,62311,M,,,62
201100036863,11,3,13,1255,1,2,1,1.0,6.0,62215,M,,,62
201100036864,11,3,25,2140,5,2,3,1.0,3.0,62637,M,,,62
201100036865,11,4,4,1215,1,2,2,1.0,2.0,62215,M,,,62
201100036866,11,5,4,1550,1,2,1,1.0,2.0,62215,M,,,62
201100036867,11,5,6,1620,1,2,1,1.0,6.0,62666,M,,,62
201100036868,11,5,11,655,1,2,4,1.0,3.0,62215,M,,,62
201100036869,11,5,11,1440,1,2,1,1.0,3.0,62907,M,,,62
201100036870,11,5,24,830,1,2,1,1.0,6.0,62215,M,,,62
201100036871,11,5,24,1800,1,2,1,1.0,6.0,62250,M,,,62
201100036872,11,5,24,1830,1,2,3,1.0,3.0,62215,M,,,62
201100036873,11,5,20,1655,1,2,3,1.0,6.0,62413,M,,,62
201100036874,11,6,2,2100,1,2,1,1.0,6.0,62250,M,,,62
201100036875,11,6,5,1525,1,2,1,1.0,3.0,62250,M,,,62
201100036876,11,6,9,2225,5,2,1,1.0,6.0,62250,M,,,62
201100036877,11,7,1,845,1,2,1,1.0,6.0,62637,M,,,62
201100036878,11,7,5,1345,1,1,1,1.0,3.0,62413,M,,,62
201100036879,11,7,1,2100,1,2,1,1.0,3.0,62215,M,,,62
201100036880,11,7,10,2130,5,2,2,1.0,3.0,62666,M,,,62
201100036881,11,7,6,1130,1,1,3,2.0,3.0,62413,M,,,62
201100036882,11,7,9,1615,1,2,6,1.0,3.0,62250,M,,,62
201100036883,11,7,11,920,1,2,1,1.0,6.0,62215,M,,,62
201100036884,11,7,15,1515,1,2,4,1.0,6.0,62413,M,,,62
201100036885,11,7,11,800,1,2,1,1.0,6.0,62637,M,,,62
201100036886,11,7,11,1410,1,2,4,1.0,3.0,62907,M,,,62
201100036887,11,8,1,2300,5,2,1,1.0,6.0,62033,M,,,62
201100036888,11,8,7,2000,1,1,1,1.0,6.0,62215,M,,,62
201100036889,11,9,2,1715,1,2,1,1.0,6.0,62637,M,,,62
201100036890,11,8,31,1525,1,2,1,1.0,3.0,62907,M,,,62
201100036891,11,9,9,1045,1,2,1,1.0,6.0,62413,M,,,62
201100036892,11,9,9,1620,1,2,1,1.0,6.0,62215,M,,,62
201100036893,11,9,11,1400,1,2,3,1.0,3.0,62215,M,,,62
201100036894,11,9,20,1920,1,2,2,1.0,3.0,62637,M,,,62
201100036895,11,9,10,1600,1,2,2,1.0,1.0,62637,M,,,62
201100036896,11,10,12,650,3,1,1,1.0,6.0,62215,M,,,62
201100036897,11,10,13,2115,3,1,1,1.0,6.0,62250,M,,,62
201100036898,11,10,13,1155,1,2,3,1.0,3.0,62637,M,,,62
201100036899,11,10,22,1010,1,1,1,1.0,2.0,62637,M,,,62
201100036900,11,10,12,1255,1,2,1,1.0,1.0,62250,M,,,62
201100036901,11,10,14,1845,5,1,1,1.0,6.0,62907,M,,,62
201100036902,11,11,3,1725,5,2,2,2.0,3.0,62033,M,,,62
201100036903,11,11,24,1825,5,2,1,1.0,6.0,62907,M,,,62
201100036904,11,11,28,845,1,2,1,8.0,6.0,62215,M,,,62
201100036905,11,10,31,800,1,2,2,1.0,3.0,62666,M,,,62
201100036906,11,12,4,700,4,2,3,2.0,6.0,62033,M,,,62
201100036907,11,12,12,1215,1,2,1,1.0,3.0,62250,M,,,62
201100036908,11,12,12,1630,5,2,1,1.0,3.0,62637,M,,,62
201100036909,11,12,15,1235,1,2,1,2.0,3.0,62637,M,,,62
201100036910,11,1,7,1150,1,2,3,1.0,6.0,62427,M,,,62
201100036911,11,1,12,1755,5,2,3,2.0,6.0,62427,M,,,62
201100036912,11,12,9,1150,1,2,9,1.0,6.0,62427,M,,,62
201100036913,11,1,18,1855,5,2,2,1.0,3.0,62427,M,,,62
201100036914,11,2,24,900,1,2,1,1.0,6.0,62587,M,,,62
201100036915,11,2,4,1830,3,1,1,1.0,6.0,62274,M,,,62
201100036916,11,2,10,1355,1,2,1,1.0,3.0,62427,M,,,62
201100036917,11,3,5,5,5,2,1,1.0,6.0,62587,M,,,62
201100036918,11,3,6,1200,1,2,3,1.0,3.0,62427,M,,,62
201100036919,11,4,10,3,5,2,1,1.0,6.0,62321,M,,,62
201100036920,11,4,14,1630,1,2,3,1.0,6.0,62427,M,,,62
201100036921,11,4,11,1905,1,2,1,1.0,6.0,62249,M,,,62
201100036922,11,5,22,1610,1,2,1,1.0,6.0,62427,M,,,62
201100036923,11,5,9,1005,1,1,9,1.0,3.0,62624,M,,,62
201100036924,11,5,19,920,1,2,6,1.0,3.0,62249,M,,,62
201100036925,11,5,23,1225,1,2,8,1.0,6.0,62274,M,,,62
201100036926,11,6,2,2120,1,2,6,1.0,3.0,62427,M,,,62
201100036927,11,5,27,1945,1,2,3,1.0,3.0,62427,M,,,62
201100036928,11,6,29,1730,1,2,9,1.0,3.0,62624,M,,,62
201100036929,11,7,5,1135,1,2,2,1.0,3.0,62427,M,,,62
201100036930,11,7,5,2020,1,1,2,1.0,1.0,62624,M,,,62
201100036931,11,7,23,610,2,2,1,2.0,1.0,62427,M,,,62
201100036932,11,7,22,830,1,2,1,8.0,3.0,62587,M,,,62
201100036933,11,7,26,1910,1,2,1,1.0,6.0,62133,M,,,62
201100036934,11,7,31,2330,5,2,2,1.0,3.0,62587,M,,,62
201100036935,11,8,11,1815,1,2,1,8.0,6.0,62587,M,,,62
201100036936,11,9,8,1635,1,2,1,1.0,5.0,62133,M,,,62
201100036937,11,9,14,1100,1,2,1,1.0,6.0,62427,M,,,62
201100036938,11,8,26,2130,5,2,1,1.0,6.0,62587,M,,,62
201100036939,11,9,14,710,1,1,1,1.0,3.0,62587,M,,,62
201100036940,11,9,3,1610,1,2,1,1.0,1.0,62274,M,,,62
201100036941,11,9,22,1750,2,2,1,2.0,6.0,62427,M,,,62
201100036942,11,10,4,1350,1,2,1,1.0,2.0,62427,M,,,62
201100036943,11,10,15,805,1,2,9,1.0,5.0,62427,M,,,62
201100036944,11,10,3,720,5,2,9,1.0,5.0,62133,M,,,62
201100036945,11,11,10,2040,5,1,1,1.0,6.0,62427,M,,,62
201100036946,11,11,25,1740,3,1,1,1.0,5.0,62427,M,,,62
201100036947,11,12,16,1120,1,2,2,1.0,3.0,62133,M,,,62
201100036948,11,12,24,1125,1,2,1,1.0,6.0,62895,M,,,62
201100036949,11,12,18,2010,3,1,1,2.0,6.0,62573,M,,,62
201100036950,11,1,21,2030,4,1,1,1.0,7.0,62842,M,,,62
201100036951,11,1,29,2020,3,1,1,1.0,7.0,62842,M,,,62
201100036952,11,2,2,540,5,2,1,1.0,6.0,62523,M,,,62
201100036953,11,2,12,730,1,2,1,1.0,6.0,62464,M,,,62
201100036954,11,2,10,1055,1,1,1,1.0,4.0,62895,M,,,62
201100036955,11,2,10,950,1,2,3,1.0,3.0,62498,M,,,62
201100036956,11,3,4,2230,5,2,1,1.0,2.0,62498,M,,,62
201100036957,11,3,8,1720,1,2,1,1.0,6.0,62523,M,,,62
201100036958,11,3,10,1340,1,2,1,1.0,6.0,62523,M,,,62
201100036959,11,3,16,700,2,2,3,1.0,1.0,62464,M,,,62
201100036960,11,4,9,1000,1,2,1,1.0,6.0,62498,M,,,62
201100036961,11,4,19,1650,1,2,3,1.0,3.0,62842,M,,,62
201100036962,11,4,20,1720,1,2,1,1.0,6.0,62498,M,,,62
201100036963,11,4,26,1045,1,2,1,1.0,6.0,62842,M,,,62
201100036964,11,4,27,1525,1,2,2,1.0,3.0,62771,M,,,62
201100036965,11,5,17,1400,1,2,3,1.0,3.0,62842,M,,,62
201100036966,11,5,24,1815,1,2,1,1.0,6.0,62498,M,,,62
201100036967,11,5,17,1000,1,2,1,1.0,6.0,62498,M,,,62
201100036968,11,5,28,630,2,1,1,1.0,1.0,62573,M,,,62
201100036969,11,5,20,1135,1,2,3,1.0,5.0,62523,M,,,62
201100036970,11,6,24,1720,1,1,1,1.0,5.0,62573,M,,,62
201100036971,11,7,2,2045,2,2,1,1.0,7.0,62498,M,,,62
201100036972,11,7,3,15,5,2,2,1.0,3.0,62218,M,,,62
201100036973,11,7,3,250,5,2,1,1.0,6.0,62498,M,,,62
201100036974,11,7,19,1615,1,2,1,2.0,1.0,62842,M,,,62
201100036975,11,7,14,1900,1,1,1,1.0,6.0,62842,M,,,62
201100036976,11,7,20,930,1,2,1,1.0,6.0,62498,M,,,62
201100036977,11,7,21,1000,1,2,1,1.0,6.0,62498,M,,,62
201100036978,11,7,30,1900,1,2,1,1.0,3.0,62498,M,,,62
201100036979,11,8,5,1210,1,2,6,1.0,6.0,62498,M,,,62
201100036980,11,8,20,1430,1,2,1,1.0,2.0,62498,M,,,62
201100036981,11,8,29,1840,1,2,9,1.0,3.0,62498,M,,,62
201100036982,11,9,11,750,1,1,1,1.0,6.0,62498,M,,,62
201100036983,11,9,3,1430,1,2,2,1.0,3.0,62498,M,,,62
201100036984,11,9,14,2210,5,2,1,1.0,6.0,62218,M,,,62
201100036985,11,9,13,1550,1,2,1,1.0,6.0,62498,M,,,62
201100036986,11,9,14,1730,1,2,1,1.0,5.0,62498,M,,,62
201100036987,11,10,5,650,5,2,1,2.0,2.0,62771,M,,,62
201100036988,11,10,9,15,5,2,1,3.0,6.0,62498,M,,,62
201100036989,11,10,13,1545,1,1,1,1.0,5.0,62895,M,,,62
201100036990,11,10,13,830,1,2,1,1.0,6.0,62464,M,,,62
201100036991,11,10,17,2000,2,2,3,1.0,3.0,62628,M,,,62
201100036992,11,10,25,1535,1,2,1,1.0,6.0,62895,M,,,62
201100036993,11,10,26,1205,1,2,1,1.0,6.0,62842,M,,,62
201100036994,11,12,9,1955,5,2,3,2.0,3.0,62498,M,,,62
201100036995,11,12,17,1500,1,1,1,1.0,7.0,62218,M,,,62
201100036996,11,12,10,1745,5,2,1,1.0,6.0,62523,M,,,62
201100036997,11,12,21,1805,1,2,1,1.0,3.0,62186,M,,,62
201100036998,11,1,1,1915,2,2,1,1.0,7.0,62186,M,,,62
201100036999,11,12,8,1825,1,2,1,1.0,3.0,62510,M,,,62
201100037000,11,1,16,1910,2,2,1,1.0,6.0,62510,M,,,62
201100037001,11,1,29,1843,2,2,1,1.0,6.0,62186,M,,,62
201100037002,11,2,9,1015,1,2,1,1.0,2.0,62510,M,,,62
201100037003,11,1,17,745,2,1,1,9.0,3.0,62528,M,,,62
201100037004,11,2,16,1905,2,1,1,1.0,4.0,62019,M,,,62
201100037005,11,3,6,453,2,1,1,1.0,6.0,62019,M,,,62
201100037006,11,3,10,1155,1,2,2,1.0,3.0,62563,M,,,62
201100037007,11,3,13,1115,1,1,1,1.0,7.0,62510,M,,,62
201100037008,11,3,15,1430,1,2,1,1.0,7.0,62510,M,,,62
201100037009,11,3,16,1135,1,2,1,1.0,6.0,62510,M,,,62
201100037010,11,3,22,1645,1,2,1,1.0,6.0,62563,M,,,62
201100037011,11,2,28,1430,1,2,1,1.0,2.0,62510,M,,,62
201100037012,11,2,23,2100,2,2,1,1.0,3.0,62563,M,,,62
201100037013,11,3,31,1640,1,1,1,6.0,1.0,62528,M,,,62
201100037014,11,3,18,830,1,2,1,1.0,7.0,62510,M,,,62
201100037015,11,4,10,1610,1,2,1,1.0,3.0,62019,M,,,62
201100037016,11,4,10,1730,1,2,1,1.0,1.0,62386,M,,,62
201100037017,11,4,8,1210,1,2,1,1.0,7.0,62510,M,,,62
201100037018,11,4,12,1635,1,2,1,1.0,7.0,62386,M,,,62
201100037019,11,5,11,1504,1,2,1,1.0,7.0,62528,M,,,62
201100037020,11,5,25,720,1,2,1,1.0,3.0,62528,M,,,62
201100037021,11,4,4,1815,1,2,1,1.0,7.0,62186,M,,,62
201100037022,11,5,18,1905,2,2,2,1.0,3.0,62186,M,,,62
201100037023,11,5,29,417,4,1,1,1.0,6.0,62528,M,,,62
201100037024,11,6,3,1700,1,2,2,1.0,3.0,62528,M,,,62
201100037025,11,6,3,1545,1,2,1,1.0,2.0,62186,M,,,62
201100037026,11,6,5,821,1,2,1,1.0,1.0,62563,M,,,62
201100037027,11,7,3,1831,1,2,1,1.0,3.0,62186,M,,,62
201100037028,11,7,2,1830,1,1,1,1.0,1.0,62510,M,,,62
201100037029,11,6,26,1905,1,1,1,1.0,2.0,62019,M,,,62
201100037030,11,6,29,1145,1,2,1,1.0,3.0,62291,M,,,62
201100037031,11,7,16,1530,1,2,1,2.0,6.0,62019,M,,,62
201100037032,11,8,19,1445,1,2,1,1.0,1.0,62510,M,,,62
201100037033,11,8,2,1700,1,2,1,1.0,3.0,62510,M,,,62
201100037034,11,8,11,1330,1,2,1,1.0,7.0,62186,M,,,62
201100037035,11,8,30,1743,1,2,1,1.0,3.0,62386,M,,,62
201100037036,11,8,25,1700,1,2,1,1.0,5.0,62510,M,,,62
201100037037,11,9,21,2115,1,2,1,1.0,3.0,62510,M,,,62
201100037038,11,9,21,1940,1,2,1,1.0,1.0,62510,M,,,62
201100037039,11,10,5,2045,5,2,1,1.0,7.0,62563,M,,,62
201100037040,11,10,5,2130,2,2,1,1.0,7.0,62510,M,,,62
201100037041,11,10,28,1910,2,2,1,1.0,2.0,62510,M,,,62
201100037042,11,10,14,1720,1,2,1,1.0,7.0,62510,M,,,62
201100037043,11,9,25,2106,2,2,1,1.0,7.0,62510,M,,,62
201100037044,11,10,10,1330,1,2,1,1.0,3.0,62510,M,,,62
201100037045,11,10,12,1015,1,2,2,1.0,3.0,62528,M,,,62
201100037046,11,10,13,1705,1,2,2,1.0,3.0,62386,M,,,62
201100037047,11,11,13,1430,1,2,1,2.0,2.0,62510,M,,,62
201100037048,11,11,21,1810,2,2,1,1.0,7.0,62291,M,,,62
201100037049,11,11,18,1800,1,1,1,1.0,3.0,62510,M,,,62
201100037050,11,11,27,2005,2,2,1,1.0,1.0,62510,M,,,62
201100037051,11,12,8,820,2,2,1,1.0,6.0,62528,M,,,62
201100037052,11,2,14,1750,1,2,2,1.0,3.0,62555,M,,,62
201100037053,11,3,9,1720,1,1,3,1.0,3.0,62224,M,,,62
201100037054,11,5,12,920,1,1,1,1.0,2.0,62224,M,,,62
201100037055,11,5,23,1900,1,2,2,1.0,3.0,62555,M,,,62
201100037056,11,6,29,2015,1,1,2,1.0,3.0,62489,M,,,62
201100037057,11,7,27,1230,1,2,4,1.0,7.0,62489,M,,,62
201100037058,11,8,2,1825,1,2,2,1.0,3.0,62555,M,,,62
201100037059,11,8,4,1515,1,1,1,3.0,1.0,62197,M,,,62
201100037060,11,8,31,1320,1,2,2,1.0,3.0,62197,M,,,62
201100037061,11,10,15,1955,5,2,2,1.0,3.0,62555,M,,,62
201100037062,11,10,22,1705,1,1,3,1.0,6.0,62197,M,,,62
201100037063,11,12,13,2324,5,2,1,1.0,6.0,62555,M,,,62
201100037064,11,1,22,445,3,1,1,1.0,1.0,62540,M,,,62
201100037065,11,2,22,1835,5,2,1,1.0,6.0,62737,M,,,62
201100037066,11,7,8,1800,1,2,1,1.0,6.0,62617,M,,,62
201100037067,11,7,15,1340,1,1,1,1.0,7.0,62617,M,,,62
201100037068,11,7,24,1005,1,2,3,1.0,3.0,62083,M,,,62
201100037069,11,8,28,1000,1,2,2,1.0,3.0,62083,M,,,62
201100037070,11,9,13,1845,1,2,6,1.0,3.0,62617,M,,,62
201100037071,11,10,17,730,5,1,6,5.0,3.0,62540,M,,,62
201100037072,11,12,3,1825,5,2,1,8.0,7.0,62617,M,,,62
201100037073,11,7,28,2145,2,2,1,1.0,6.0,62083,M,,,62
201100037074,11,1,6,1810,5,2,1,2.0,6.0,62765,M,,,62
201100037075,11,1,17,2023,5,2,1,1.0,3.0,62902,M,,,62
201100037076,11,2,24,1900,2,2,1,1.0,6.0,62757,M,,,62
201100037077,11,1,4,1440,1,2,1,1.0,6.0,62765,M,,,62
201100037078,11,3,12,1625,1,2,1,1.0,6.0,62765,M,,,62
201100037079,11,3,23,750,1,2,3,1.0,6.0,62525,M,,,62
201100037080,11,4,8,1525,1,2,3,1.0,6.0,62525,M,,,62
201100037081,11,5,29,145,5,2,1,1.0,6.0,62902,M,,,62
201100037082,11,8,25,2125,3,1,1,1.0,1.0,62139,M,,,62
201100037083,11,8,27,2135,2,2,9,1.0,3.0,62040,M,,,62
201100037084,11,10,6,1830,1,2,3,1.0,6.0,62525,M,,,62
201100037085,11,10,15,1515,1,2,1,1.0,1.0,62765,M,,,62
201100037086,11,10,27,1915,5,2,3,2.0,1.0,62139,M,,,62
201100037087,11,10,11,1100,1,2,1,1.0,1.0,62139,M,,,62
201100037088,11,1,28,1455,1,2,2,1.0,3.0,62826,M,,,62
201100037089,11,1,29,1505,1,2,1,1.0,2.0,62826,M,,,62
201100037090,11,4,9,545,3,2,4,1.0,6.0,62826,M,,,62
201100037091,11,4,19,2220,5,2,1,1.0,6.0,62826,M,,,62
201100037092,11,5,26,2215,5,2,4,1.0,7.0,62826,M,,,62
201100037093,11,6,20,1255,1,2,1,1.0,6.0,62826,M,,,62
201100037094,11,7,13,1630,1,2,5,1.0,6.0,62826,M,,,62
201100037095,11,8,1,2020,1,2,1,1.0,6.0,62826,M,,,62
201100037096,11,8,2,1700,1,2,2,1.0,3.0,62826,M,,,62
201100037097,11,8,5,245,5,2,4,1.0,6.0,62826,M,,,62
201100037098,11,8,9,1635,1,2,9,1.0,3.0,62826,M,,,62
201100037099,11,8,25,1915,1,2,2,1.0,6.0,62826,M,,,62
201100037100,11,10,8,610,5,2,1,8.0,6.0,62826,M,,,62
201100037101,11,11,5,300,5,2,3,2.0,7.0,62826,M,,,62
201100037102,11,12,27,1920,5,2,2,1.0,3.0,62826,M,,,62
201100037103,11,1,1,902,1,2,1,1.0,6.0,63113,M,4577410.0,307430.0,63
201100037104,11,1,4,820,1,2,1,1.0,6.0,63014,M,4574880.0,310756.0,63
201100037105,11,1,4,900,1,2,1,1.0,6.0,63113,M,4578750.0,310600.0,63
201100037106,11,1,4,1507,1,2,1,1.0,6.0,63113,M,4578740.0,309308.0,63
201100037107,11,1,4,800,5,2,2,1.0,3.0,63075,M,4577600.0,306250.0,63
201100037108,11,1,5,2004,5,2,3,1.0,6.0,63014,M,4575550.0,311100.0,63
201100037109,11,1,6,630,2,2,1,1.0,7.0,63113,M,4581400.0,310050.0,63
201100037110,11,1,6,1510,1,2,2,1.0,6.0,63113,M,4577430.0,307770.0,63
201100037111,11,1,6,1735,5,2,1,1.0,2.0,63113,M,4580346.0,311746.0,63
201100037112,11,1,6,1811,5,2,6,1.0,6.0,63113,M,4578780.0,313940.0,63
201100037113,11,1,10,1550,1,2,1,1.0,6.0,63113,M,4578717.0,308447.0,63
201100037114,11,1,10,1645,1,2,1,1.0,6.0,63113,M,4578142.0,307451.0,63
201100037115,11,1,10,1825,5,2,1,1.0,6.0,63113,M,4579256.0,309164.0,63
201100037116,11,1,11,810,2,2,1,8.0,7.0,63113,M,4578820.0,306550.0,63
201100037117,11,1,11,1610,1,2,3,1.0,6.0,63014,M,4575670.0,310700.0,63
201100037118,11,1,11,1602,1,2,6,1.0,6.0,63113,M,4576425.0,312547.0,63
201100037119,11,1,11,1840,5,2,6,2.0,6.0,63075,M,4577869.0,306255.0,63
201100037120,11,1,10,1500,1,1,9,1.0,6.0,63113,M,4578216.0,309346.0,63
201100037121,11,1,12,900,1,2,1,1.0,3.0,63113,M,4577120.0,309990.0,63
201100037122,11,1,12,2007,5,2,1,1.0,6.0,63014,M,4574810.0,311000.0,63
201100037123,11,1,13,740,1,2,1,1.0,6.0,63113,M,4577110.0,309440.0,63
201100037124,11,1,13,1020,1,2,1,1.0,6.0,63113,M,4577350.0,309060.0,63
201100037125,11,1,14,800,1,2,1,1.0,6.0,63113,M,4575872.0,308666.0,63
201100037126,11,1,14,1120,1,2,1,1.0,4.0,63113,M,4580325.0,311016.0,63
201100037127,11,1,14,1300,1,2,1,1.0,6.0,63113,M,4577053.0,308664.0,63
201100037128,11,1,15,1615,1,2,1,1.0,6.0,63113,M,,,63
201100037129,11,1,15,1845,5,2,1,1.0,6.0,63113,M,4577054.0,310111.0,63
201100037130,11,1,15,1940,5,2,1,1.0,7.0,63113,M,4577063.0,309277.0,63
201100037131,11,1,16,845,1,2,1,1.0,6.0,63113,M,,,63
201100037132,11,1,16,1930,3,2,1,1.0,7.0,63113,M,,,63
201100037133,11,1,18,1423,1,2,2,1.0,6.0,63113,M,4578400.0,307614.0,63
201100037134,11,1,20,1200,1,2,1,8.0,3.0,63113,M,4576026.0,308815.0,63
201100037135,11,1,20,1830,1,2,1,1.0,6.0,63113,M,,,63
201100037136,11,1,20,1800,2,2,1,1.0,6.0,63113,M,,,63
201100037137,11,1,21,847,1,2,1,1.0,6.0,63075,M,4577544.0,306737.0,63
201100037138,11,1,22,1840,5,2,1,1.0,1.0,63075,M,,,63
201100037139,11,1,23,2345,5,2,1,1.0,6.0,63113,M,,,63
201100037140,11,1,26,900,1,2,1,1.0,6.0,63113,M,4577064.0,310092.0,63
201100037141,11,1,30,1200,1,2,2,8.0,3.0,63113,M,4578340.0,309440.0,63
201100037142,11,1,28,2240,5,2,9,4.0,6.0,63113,M,,,63
201100037143,11,1,28,2328,5,2,1,1.0,6.0,63113,M,,,63
201100037144,11,1,29,1415,1,2,1,8.0,2.0,63113,M,4577780.0,309017.0,63
201100037145,11,1,29,1442,1,2,1,1.0,6.0,63075,M,4578366.0,306334.0,63
201100037146,11,1,29,1530,1,2,1,1.0,6.0,63113,M,,,63
201100037147,11,1,30,245,5,2,1,1.0,6.0,63113,M,4576455.0,308289.0,63
201100037148,11,1,30,1137,1,2,1,1.0,6.0,63113,M,,,63
201100037149,11,1,31,908,1,2,1,1.0,6.0,63113,M,4577018.0,308661.0,63
201100037150,11,1,31,1350,1,2,1,1.0,6.0,63113,M,,,63
201100037151,11,2,1,1745,1,2,1,1.0,6.0,63113,M,4577080.0,310280.0,63
201100037152,11,2,2,1250,1,2,1,1.0,6.0,63070,M,4573634.0,306234.0,63
201100037153,11,2,4,1435,1,2,1,1.0,6.0,63014,M,,,63
201100037154,11,2,4,2020,5,2,1,1.0,6.0,63113,M,4578793.0,306651.0,63
201100037155,11,2,4,2130,5,2,1,1.0,6.0,63308,M,4576718.0,305638.0,63
201100037156,11,2,6,900,1,2,1,1.0,6.0,63113,M,4578206.0,307247.0,63
201100037157,11,2,6,1420,1,2,1,1.0,6.0,63113,M,,,63
201100037158,11,2,7,1820,1,2,1,1.0,6.0,63308,M,4576713.0,305631.0,63
201100037159,11,2,7,1254,1,2,1,1.0,6.0,63113,M,4578985.0,311785.0,63
201100037160,11,2,7,1300,1,2,1,1.0,3.0,63113,M,,,63
201100037161,11,2,7,1350,1,2,1,1.0,6.0,63113,M,4576964.0,309117.0,63
201100037162,11,2,7,1545,1,2,1,1.0,6.0,63014,M,,,63
201100037163,11,2,8,850,1,2,1,1.0,6.0,63113,M,,,63
201100037164,11,2,8,1254,1,2,1,1.0,6.0,63032,M,,,63
201100037165,11,2,9,1345,1,2,1,1.0,6.0,63113,M,,,63
201100037166,11,2,9,1546,1,2,1,1.0,6.0,63113,M,,,63
201100037167,11,2,9,2130,5,2,1,1.0,3.0,63113,M,,,63
201100037168,11,2,11,1647,1,2,1,1.0,6.0,63032,M,4575259.0,308318.0,63
201100037169,11,2,12,1350,1,2,1,1.0,6.0,63113,M,,,63
201100037170,11,2,13,23,5,2,1,1.0,6.0,63113,M,,,63
201100037171,11,2,15,1130,1,2,2,1.0,3.0,63113,M,4578402.0,307612.0,63
201100037172,11,2,15,1630,1,2,1,1.0,6.0,63113,M,,,63
201100037173,11,2,16,1503,1,2,1,1.0,6.0,63113,M,,,63
201100037174,11,2,16,2030,5,2,1,1.0,3.0,63032,M,4574986.0,307870.0,63
201100037175,11,2,21,1600,1,2,2,1.0,6.0,63075,M,4577350.0,307540.0,63
201100037176,11,2,20,2010,5,2,1,1.0,6.0,63113,M,,,63
201100037177,11,2,23,1300,1,2,2,1.0,6.0,63113,M,4576140.0,310020.0,63
201100037178,11,2,24,1930,5,1,1,1.0,3.0,63113,M,,,63
201100037179,11,2,24,2010,1,2,1,1.0,6.0,63113,M,,,63
201100037180,11,2,25,1100,1,2,1,1.0,6.0,63113,M,,,63
201100037181,11,2,28,820,1,2,1,1.0,6.0,63113,M,4577960.0,311630.0,63
201100037182,11,3,1,1445,1,2,1,8.0,3.0,63014,M,4576070.0,312110.0,63
201100037183,11,3,1,2032,2,2,1,1.0,6.0,63113,M,,,63
201100037184,11,3,2,950,1,2,1,1.0,6.0,63113,M,,,63
201100037185,11,3,3,1045,1,2,1,1.0,6.0,63113,M,,,63
201100037186,11,3,5,1200,1,2,1,1.0,2.0,63113,M,,,63
201100037187,11,3,5,1340,1,2,1,1.0,6.0,63113,M,,,63
201100037188,11,3,6,5,5,2,2,1.0,3.0,63113,M,4577350.0,308990.0,63
201100037189,11,3,6,1300,1,2,1,1.0,6.0,63113,M,4578130.0,308320.0,63
201100037190,11,3,8,925,1,2,1,1.0,4.0,63113,M,,,63
201100037191,11,3,8,1020,1,2,1,1.0,6.0,63113,M,,,63
201100037192,11,3,8,1145,1,2,1,1.0,3.0,63113,M,4577750.0,309010.0,63