Num_Acc,an,mois,jour,hrmn,lum,agg,int,atm,col,com,gps,lat,long,dep
201100037193,11,3,8,820,1,1,3,1.0,3.0,63070,M,4574870.0,305570.0,63
201100037194,11,3,8,1245,1,2,1,1.0,6.0,63113,M,,,63
201100037195,11,3,8,1455,1,2,1,1.0,6.0,63113,M,,,63
201100037196,11,3,10,730,1,2,2,1.0,3.0,63014,M,4575123.0,311556.0,63
201100037197,11,3,10,1820,1,2,1,1.0,6.0,63032,M,,,63
201100037198,11,3,10,2310,5,2,1,1.0,6.0,63308,M,4576490.0,305820.0,63
201100037199,11,3,21,1445,1,2,1,1.0,7.0,63113,M,,,63
201100037200,11,3,11,1505,1,2,1,1.0,6.0,63113,M,4580662.0,311634.0,63
201100037201,11,3,12,520,5,2,2,1.0,3.0,63113,M,4578400.0,307610.0,63
201100037202,11,3,13,1102,1,2,2,1.0,3.0,63113,M,4576670.0,309600.0,63
201100037203,11,3,13,1205,1,2,2,1.0,6.0,63113,M,4575950.0,314160.0,63
201100037204,11,3,14,1627,1,2,1,1.0,6.0,63113,M,4577890.0,311250.0,63
201100037205,11,3,16,1420,1,2,1,1.0,6.0,63032,M,,,63
201100037206,11,3,16,1640,1,2,6,1.0,3.0,63113,M,4578790.0,313940.0,63
201100037207,11,3,17,120,5,2,1,1.0,6.0,63113,M,,,63
201100037208,11,3,17,1005,1,2,1,1.0,6.0,63113,M,,,63
201100037209,11,3,17,1741,1,2,1,1.0,3.0,63113,M,4577930.0,309950.0,63
201100037210,11,3,18,1223,1,2,1,1.0,6.0,63113,M,,,63
201100037211,11,3,18,1835,1,2,1,1.0,6.0,63075,M,,,63
201100037212,11,3,20,1336,1,2,2,1.0,3.0,63113,M,4579350.0,307940.0,63
201100037213,11,3,21,902,1,2,3,1.0,6.0,63113,M,4580770.0,312820.0,63
201100037214,11,3,21,935,1,2,1,1.0,6.0,63113,M,4577548.0,308544.0,63
201100037215,11,3,21,1100,1,2,1,1.0,6.0,63113,M,,,63
201100037216,11,3,22,500,5,2,6,1.0,3.0,63113,M,4578830.0,313940.0,63
201100037217,11,3,24,1103,1,2,1,1.0,6.0,63113,M,4578381.0,308845.0,63
201100037218,11,3,25,1420,1,2,1,1.0,6.0,63113,M,,,63
201100037219,11,3,24,1720,1,2,1,1.0,2.0,63113,M,4576170.0,308700.0,63
201100037220,11,3,24,1749,1,2,3,1.0,3.0,63113,M,4578160.0,308000.0,63
201100037221,11,3,25,755,1,2,1,1.0,6.0,63113,M,4576724.0,310370.0,63
201100037222,11,3,25,1026,1,2,1,1.0,6.0,63113,M,4576020.0,312250.0,63
201100037223,11,3,25,1200,1,2,1,1.0,6.0,63113,M,,,63
201100037224,11,3,26,1140,1,2,1,1.0,2.0,63113,M,,,63
201100037225,11,3,28,1345,1,2,2,1.0,5.0,63113,M,4576420.0,312590.0,63
201100037226,11,3,27,1720,1,2,1,1.0,6.0,63113,M,,,63
201100037227,11,3,30,1730,1,2,1,8.0,6.0,63113,M,,,63
201100037228,11,4,4,1335,1,2,2,1.0,3.0,63113,M,4578960.0,311790.0,63
201100037229,11,4,2,1950,1,2,1,1.0,6.0,63113,M,,,63
201100037230,11,4,4,1150,1,2,1,1.0,6.0,63113,M,,,63
201100037231,11,4,4,2214,5,2,1,1.0,3.0,63113,M,,,63
201100037232,11,4,5,635,5,2,3,1.0,1.0,63113,M,4579190.0,311660.0,63
201100037233,11,4,8,1840,1,2,1,1.0,6.0,63113,M,4576450.0,312490.0,63
201100037234,11,4,6,1540,1,2,1,1.0,7.0,63113,M,4577630.0,308400.0,63
201100037235,11,4,7,643,1,2,3,1.0,3.0,63113,M,4577960.0,312100.0,63
201100037236,11,4,7,1059,1,2,1,1.0,6.0,63308,M,4576750.0,305602.0,63
201100037237,11,4,7,1812,1,2,1,1.0,6.0,63113,M,,,63
201100037238,11,4,8,820,1,2,3,1.0,3.0,63113,M,4581210.0,312900.0,63
201100037239,11,4,8,922,1,2,1,1.0,6.0,63113,M,,,63
201100037240,11,4,10,2135,2,2,1,1.0,6.0,63308,M,,,63
201100037241,11,4,14,1345,1,2,1,1.0,2.0,63113,M,4578730.0,310550.0,63
201100037242,11,4,14,1430,1,2,2,1.0,3.0,63113,M,4577720.0,307850.0,63
201100037243,11,4,16,430,5,2,3,1.0,6.0,63113,M,4578421.0,310165.0,63
201100037244,11,4,15,955,1,2,1,1.0,6.0,63113,M,4578045.0,308386.0,63
201100037245,11,4,16,1506,1,2,1,1.0,6.0,63113,M,4578865.0,310818.0,63
201100037246,11,4,17,1546,1,2,1,1.0,6.0,63113,M,,,63
201100037247,11,4,17,2115,5,2,1,1.0,2.0,63113,M,,,63
201100037248,11,4,18,715,1,2,1,1.0,6.0,63113,M,4576738.0,309584.0,63
201100037249,11,4,18,945,1,2,1,1.0,2.0,63113,M,,,63
201100037250,11,4,18,1625,1,2,1,1.0,6.0,63113,M,,,63
201100037251,11,4,19,815,1,2,1,1.0,7.0,63113,M,,,63
201100037252,11,4,19,1236,1,2,1,1.0,6.0,63113,M,4577725.0,307861.0,63
201100037253,11,4,20,1217,1,2,1,1.0,2.0,63113,M,4577005.0,310780.0,63
201100037254,11,4,20,1630,1,1,1,1.0,6.0,63113,M,4576440.0,308650.0,63
201100037255,11,4,21,1300,1,2,1,1.0,2.0,63113,M,4577013.0,309176.0,63
201100037256,11,4,21,1720,1,1,1,2.0,2.0,63113,M,,,63
201100037257,11,4,21,1950,1,1,1,1.0,6.0,63113,M,4576967.0,310250.0,63
201100037258,11,4,22,1855,1,2,1,1.0,6.0,63113,M,4577380.0,307995.0,63
201100037259,11,4,22,1245,1,2,3,1.0,3.0,63113,M,4579531.0,311036.0,63
201100037260,11,4,22,1310,1,2,2,1.0,1.0,63113,M,4579254.0,309165.0,63
201100037261,11,4,22,1530,1,2,1,1.0,2.0,63113,M,,,63
201100037262,11,4,23,435,1,2,1,1.0,6.0,63308,M,,,63
201100037263,11,4,23,1918,1,2,1,3.0,6.0,63113,M,4578367.0,308281.0,63
201100037264,11,4,23,2024,1,2,1,1.0,6.0,63113,M,4577216.0,310008.0,63
201100037265,11,4,24,1237,1,2,1,1.0,6.0,63075,M,,,63
201100037266,11,4,25,940,1,2,5,1.0,3.0,63113,M,4580014.0,311200.0,63
201100037267,11,4,23,2130,2,2,1,1.0,2.0,63113,M,,,63
201100037268,11,4,26,957,1,2,2,1.0,6.0,63113,M,4577358.0,308999.0,63
201100037269,11,4,26,1330,1,2,1,1.0,3.0,63113,M,,,63
201100037270,11,4,27,1750,1,2,1,1.0,6.0,63113,M,,,63
201100037271,11,4,29,1950,1,2,3,1.0,3.0,63113,M,4576873.0,310858.0,63
201100037272,11,4,29,2115,1,2,3,1.0,3.0,63113,M,4576845.0,310460.0,63
201100037273,11,4,30,730,1,2,1,1.0,2.0,63113,M,4576314.0,310085.0,63
201100037274,11,5,3,1830,1,2,1,1.0,6.0,63113,M,,,63
201100037275,11,5,4,735,1,2,1,1.0,7.0,63113,M,,,63
201100037276,11,5,5,1640,1,2,1,1.0,3.0,63113,M,,,63
201100037277,11,5,6,540,5,2,2,1.0,3.0,63113,M,4577072.0,308670.0,63
201100037278,11,5,6,1333,1,2,3,1.0,3.0,63113,M,4579175.0,311400.0,63
201100037279,11,5,9,1740,1,2,1,2.0,6.0,63113,M,,,63
201100037280,11,5,11,2030,2,2,1,3.0,3.0,63014,M,,,63
201100037281,11,5,13,2300,5,2,1,1.0,7.0,63113,M,,,63
201100037282,11,5,13,1308,1,2,1,1.0,6.0,63113,M,4576824.0,308889.0,63
201100037283,11,5,14,1215,1,2,1,3.0,2.0,63113,M,4577363.0,309771.0,63
201100037284,11,5,15,1814,1,2,2,1.0,3.0,63113,M,4577693.0,311779.0,63
201100037285,11,5,16,2025,1,2,1,1.0,6.0,63075,M,4577088.0,305885.0,63
201100037286,11,5,16,1700,1,2,1,1.0,2.0,63014,M,4574485.0,310843.0,63
201100037287,11,5,17,730,1,2,1,1.0,3.0,63113,M,,,63
201100037288,11,5,17,1100,1,2,1,1.0,3.0,63113,M,,,63
201100037289,11,5,21,600,5,2,1,1.0,6.0,63113,M,4576945.0,311442.0,63
201100037290,11,5,20,1705,1,2,1,1.0,6.0,63113,M,4580835.0,312434.0,63
201100037291,11,5,21,1,5,2,1,1.0,3.0,63113,M,,,63
201100037292,11,5,21,800,1,2,1,1.0,6.0,63113,M,4577577.0,307955.0,63
201100037293,11,5,22,810,1,2,1,1.0,3.0,63113,M,,,63
201100037294,11,5,22,1810,1,2,1,1.0,6.0,63113,M,4577648.0,307496.0,63
201100037295,11,5,23,1050,1,2,1,1.0,6.0,63113,M,,,63
201100037296,11,5,23,1640,1,2,1,1.0,6.0,63113,M,4578214.0,309662.0,63
201100037297,11,5,23,1755,1,2,1,1.0,3.0,63113,M,4581350.0,310801.0,63
201100037298,11,5,24,49,5,2,1,1.0,6.0,63070,M,4574581.0,306183.0,63
201100037299,11,5,24,1300,1,2,1,1.0,3.0,63113,M,,,63
201100037300,11,5,24,1200,1,2,1,1.0,2.0,63113,M,4577332.0,309598.0,63
201100037301,11,5,24,1222,1,2,1,1.0,6.0,63014,M,4575169.0,312670.0,63
201100037302,11,5,24,1820,1,2,2,1.0,3.0,63113,M,4577353.0,312339.0,63
201100037303,11,5,24,2130,2,2,1,1.0,2.0,63014,M,,,63
201100037304,11,5,26,810,1,2,1,1.0,2.0,63075,M,4577300.0,306066.0,63
201100037305,11,5,26,1700,1,2,1,1.0,6.0,63113,M,4578740.0,310548.0,63
201100037306,11,5,26,2315,5,2,2,1.0,3.0,63113,M,4577298.0,312090.0,63
201100037307,11,5,28,1520,1,2,1,1.0,2.0,63113,M,,,63
201100037308,11,5,28,1711,1,2,1,1.0,3.0,63113,M,,,63
201100037309,11,5,28,1925,1,2,1,1.0,6.0,63113,M,4578474.0,309935.0,63
201100037310,11,5,29,505,2,2,1,1.0,2.0,63113,M,,,63
201100037311,11,5,29,1150,1,2,1,1.0,6.0,63113,M,,,63
201100037312,11,5,30,1119,1,2,1,1.0,6.0,63075,M,4577541.0,306735.0,63
201100037313,11,5,30,1320,1,2,2,1.0,6.0,63113,M,4577191.0,308082.0,63
201100037314,11,5,30,1445,1,2,1,1.0,6.0,63113,M,4578076.0,308528.0,63
201100037315,11,5,30,2210,1,2,2,1.0,6.0,63113,M,4576491.0,307922.0,63
201100037316,11,5,31,1040,1,2,1,3.0,1.0,63113,M,,,63
201100037317,11,5,31,1830,1,2,1,1.0,6.0,63113,M,4577576.0,308653.0,63
201100037318,11,5,25,1847,1,2,1,1.0,6.0,63113,M,,,63
201100037319,11,6,1,840,1,2,1,1.0,3.0,63113,M,,,63
201100037320,11,6,3,1454,1,2,1,1.0,6.0,63113,M,4579263.0,311321.0,63
201100037321,11,6,6,1420,1,2,1,1.0,6.0,63113,M,,,63
201100037322,11,6,6,1704,1,2,3,1.0,6.0,63113,M,4578835.0,311826.0,63
201100037323,11,6,6,2130,1,2,1,2.0,6.0,63113,M,,,63
201100037324,11,6,6,2145,5,2,1,1.0,5.0,63113,M,,,63
201100037325,11,6,7,856,1,2,1,1.0,6.0,63113,M,,,63
201100037326,11,6,7,1420,1,2,1,1.0,6.0,63113,M,4578248.0,309146.0,63
201100037327,11,6,7,2100,1,2,1,1.0,6.0,63113,M,,,63
201100037328,11,6,7,1640,1,2,1,1.0,6.0,63113,M,4580449.0,311081.0,63
201100037329,11,6,8,1452,1,2,1,1.0,6.0,63032,M,,,63
201100037330,11,6,8,1721,1,2,1,1.0,6.0,63113,M,4576234.0,312331.0,63
201100037331,11,6,9,820,1,2,1,1.0,6.0,63113,M,4578646.0,306388.0,63
201100037332,11,6,8,2128,5,2,1,1.0,6.0,63113,M,,,63
201100037333,11,6,10,1950,1,2,1,1.0,6.0,63113,M,4579011.0,314340.0,63
201100037334,11,6,11,40,5,2,1,1.0,6.0,63113,M,,,63
201100037335,11,6,11,1220,1,2,1,1.0,3.0,63113,M,4578969.0,306091.0,63
201100037336,11,6,12,2139,1,2,1,1.0,6.0,63113,M,,,63
201100037337,11,6,14,722,1,2,1,1.0,6.0,63113,M,4578673.0,306366.0,63
201100037338,11,6,15,1620,1,2,1,1.0,2.0,63113,M,4578729.0,310602.0,63
201100037339,11,6,15,2210,5,2,1,1.0,6.0,63113,M,4578729.0,310602.0,63
201100037340,11,6,17,807,1,2,1,1.0,6.0,63113,M,,,63
201100037341,11,6,17,1845,1,2,1,1.0,6.0,63113,M,4578637.0,310347.0,63
201100037342,11,6,17,2010,1,2,1,1.0,6.0,63113,M,,,63
201100037343,11,6,18,1649,1,2,1,1.0,7.0,63113,M,,,63
201100037344,11,6,16,1115,1,2,1,1.0,1.0,63113,M,4577986.0,307323.0,63
201100037345,11,6,20,846,1,2,1,1.0,6.0,63113,M,,,63
201100037346,11,6,20,1333,1,2,1,1.0,6.0,63032,M,4574821.0,307689.0,63
201100037347,11,6,20,1300,1,2,1,1.0,3.0,63113,M,,,63
201100037348,11,6,20,845,1,2,1,1.0,7.0,63113,M,,,63
201100037349,11,6,22,1804,1,2,1,1.0,3.0,63113,M,,,63
201100037350,11,6,23,1851,1,1,1,1.0,6.0,63113,M,4581647.0,310947.0,63
201100037351,11,6,24,540,1,2,1,1.0,6.0,63113,M,,,63
201100037352,11,6,24,1900,1,2,1,1.0,2.0,63113,M,,,63
201100037353,11,6,25,1645,1,2,1,1.0,6.0,63113,M,,,63
201100037354,11,6,27,916,1,1,1,1.0,6.0,63032,M,,,63
201100037355,11,6,26,1500,1,2,1,1.0,2.0,63113,M,,,63
201100037356,11,6,27,1215,1,2,2,1.0,6.0,63113,M,4577194.0,309390.0,63
201100037357,11,6,28,725,1,2,1,1.0,6.0,63113,M,4580380.0,310991.0,63
201100037358,11,6,28,1810,1,2,1,1.0,6.0,63113,M,,,63
201100037359,11,6,30,840,1,2,1,1.0,6.0,63113,M,,,63
201100037360,11,6,30,1855,1,2,1,1.0,2.0,63113,M,,,63
201100037361,11,7,1,1430,1,2,1,1.0,6.0,63113,M,,,63
201100037362,11,7,4,745,1,1,1,1.0,6.0,63014,M,,,63
201100037363,11,7,4,1450,1,2,1,1.0,7.0,63113,M,,,63
201100037364,11,7,5,1027,1,2,2,1.0,3.0,63113,M,4577697.0,311775.0,63
201100037365,11,7,5,1740,1,1,1,1.0,1.0,63032,M,,,63
201100037366,11,7,6,2110,1,2,1,1.0,6.0,63113,M,,,63
201100037367,11,7,7,1500,1,2,1,1.0,3.0,63113,M,,,63
201100037368,11,7,8,830,1,2,1,1.0,2.0,63113,M,,,63
201100037369,11,7,8,1700,1,2,6,1.0,3.0,63113,M,4576127.0,313173.0,63
201100037370,11,7,8,1740,1,2,2,1.0,3.0,63075,M,4577451.0,306340.0,63
201100037371,11,7,9,1220,1,2,1,2.0,6.0,63075,M,4577859.0,304919.0,63
201100037372,11,7,9,1314,1,2,1,1.0,1.0,63113,M,,,63
201100037373,11,7,10,920,1,2,3,1.0,3.0,63014,M,4575498.0,311601.0,63
201100037374,11,7,11,2111,1,1,2,1.0,3.0,63113,M,4576095.0,315173.0,63
201100037375,11,7,12,1030,1,2,1,1.0,3.0,63032,M,,,63
201100037376,11,7,12,1842,1,2,1,1.0,2.0,63113,M,,,63
201100037377,11,7,12,1920,1,2,1,1.0,1.0,63113,M,,,63
201100037378,11,7,13,1100,1,2,1,1.0,1.0,63113,M,,,63
201100037379,11,7,15,1718,1,2,1,1.0,6.0,63113,M,,,63
201100037380,11,7,16,115,5,2,1,1.0,6.0,63113,M,,,63
201100037381,11,7,16,1120,1,2,1,1.0,6.0,63113,M,,,63
201100037382,11,7,19,1650,1,2,1,1.0,7.0,63113,M,4578147.0,309414.0,63
201100037383,11,7,19,2000,1,2,1,1.0,6.0,63113,M,,,63
201100037384,11,7,20,1100,1,1,1,1.0,1.0,63032,M,,,63
201100037385,11,7,22,1633,1,2,1,1.0,4.0,63014,M,,,63
201100037386,11,7,23,520,2,2,1,1.0,2.0,63113,M,4577845.0,310987.0,63
201100037387,11,7,22,1743,1,1,1,2.0,7.0,63014,M,,,63
201100037388,11,7,22,1800,1,2,1,1.0,6.0,63113,M,4579924.0,311748.0,63
201100037389,11,7,23,2012,2,2,1,1.0,6.0,63113,M,4575821.0,309667.0,63
201100037390,11,7,24,2230,5,2,1,1.0,7.0,63113,M,,,63
201100037391,11,7,25,1842,1,2,1,1.0,6.0,63113,M,,,63
201100037392,11,7,28,1203,1,2,1,1.0,5.0,63113,M,,,63
201100037393,11,7,29,1245,1,2,1,1.0,3.0,63113,M,4578462.0,307947.0,63
201100037394,11,7,29,1404,1,2,1,1.0,6.0,63113,M,,,63
201100037395,11,7,29,1515,1,2,9,1.0,6.0,63113,M,4576784.0,308183.0,63
201100037396,11,7,30,1635,1,2,1,1.0,4.0,63113,M,,,63
201100037397,11,7,31,1755,1,2,1,1.0,6.0,63113,M,,,63
201100037398,11,8,1,1015,1,2,1,1.0,6.0,63075,M,,,63
201100037399,11,8,1,1240,1,2,1,1.0,6.0,63113,M,,,63
201100037400,11,8,4,2050,1,2,2,1.0,3.0,63113,M,4576450.0,312549.0,63
201100037401,11,8,3,2051,1,2,1,1.0,6.0,63113,M,,,63
201100037402,11,8,4,1200,1,2,1,1.0,6.0,63113,M,,,63
201100037403,11,8,4,1200,1,2,1,1.0,6.0,63113,M,4575839.0,308658.0,63
201100037404,11,8,8,1410,1,2,2,1.0,3.0,63113,M,4576740.0,310629.0,63
201100037405,11,8,9,743,1,2,1,1.0,6.0,63113,M,,,63
201100037406,11,8,9,1700,1,2,2,1.0,1.0,63113,M,4576644.0,308655.0,63
201100037407,11,8,10,1940,1,2,1,1.0,6.0,63014,M,,,63
201100037408,11,8,13,1800,1,2,3,1.0,1.0,63113,M,4581748.0,311683.0,63
201100037409,11,8,14,2015,1,2,1,1.0,2.0,63113,M,4581183.0,312159.0,63
201100037410,11,8,17,850,1,2,1,1.0,6.0,63075,M,,,63
201100037411,11,8,17,1300,1,1,1,1.0,2.0,63113,M,,,63
201100037412,11,8,17,1403,1,2,1,1.0,3.0,63113,M,,,63
201100037413,11,8,18,1510,1,2,1,1.0,6.0,63070,M,,,63
201100037414,11,8,19,1410,1,2,1,1.0,4.0,63113,M,4576981.0,309142.0,63
201100037415,11,8,20,1758,1,2,1,1.0,2.0,63113,M,,,63
201100037416,11,8,20,2315,3,2,1,1.0,6.0,63113,M,,,63
201100037417,11,8,21,1140,1,2,1,1.0,3.0,63014,M,,,63
201100037418,11,8,21,1300,1,2,1,1.0,6.0,63113,M,,,63
201100037419,11,8,22,1310,1,2,1,1.0,6.0,63113,M,,,63
201100037420,11,8,25,950,1,2,1,8.0,6.0,63113,M,4578614.0,306532.0,63
201100037421,11,8,27,1815,1,1,1,1.0,6.0,63014,M,,,63
201100037422,11,8,29,10,5,2,1,1.0,6.0,63075,M,0.0,0.0,63
201100037423,11,8,26,1430,1,2,1,1.0,6.0,63113,M,,,63
201100037424,11,8,30,1535,1,2,2,1.0,3.0,63113,M,4578972.0,311800.0,63
201100037425,11,8,30,1800,1,2,1,1.0,5.0,63113,M,,,63
201100037426,11,9,1,658,2,2,2,1.0,6.0,63113,M,4577941.0,312098.0,63
201100037427,11,9,1,1500,1,2,1,1.0,2.0,63075,M,,,63
201100037428,11,9,1,1720,1,2,1,3.0,3.0,63113,M,,,63
201100037429,11,9,3,15,5,2,1,1.0,6.0,63113,M,,,63
201100037430,11,9,6,928,1,2,1,1.0,2.0,63075,M,4577403.0,307237.0,63
201100037431,11,9,7,1415,1,2,2,1.0,6.0,63113,M,4577750.0,309143.0,63
201100037432,11,9,8,730,2,2,1,2.0,7.0,63113,M,,,63
201100037433,11,9,8,1530,1,2,3,1.0,6.0,63113,M,4577089.0,309451.0,63
201100037434,11,9,9,1230,1,2,1,1.0,6.0,63113,M,,,63
201100037435,11,9,10,1045,1,2,1,1.0,6.0,63113,M,,,63
201100037436,11,9,13,1438,1,2,1,1.0,6.0,63113,M,4577385.0,309306.0,63
201100037437,11,9,13,1450,1,2,1,1.0,3.0,63113,M,,,63
201100037438,11,9,14,1650,1,2,2,1.0,3.0,63113,M,4576371.0,309559.0,63
201100037439,11,9,14,1700,1,2,1,1.0,1.0,63113,M,4578969.0,313499.0,63
201100037440,11,9,14,1945,1,1,1,1.0,2.0,63113,M,,,63
201100037441,11,9,15,850,1,2,1,1.0,6.0,63113,M,4577752.0,309532.0,63
201100037442,11,9,15,1320,1,2,1,1.0,2.0,63113,M,4576744.0,312499.0,63
201100037443,11,9,15,1340,1,2,1,1.0,6.0,63113,M,,,63
201100037444,11,9,19,1612,1,2,1,1.0,6.0,63113,M,,,63
201100037445,11,9,16,1845,1,2,1,1.0,4.0,63113,M,4577072.0,307595.0,63
201100037446,11,9,16,2014,1,2,1,1.0,6.0,63113,M,4579331.0,311765.0,63
201100037447,11,9,17,945,1,2,1,1.0,3.0,63113,M,,,63
201100037448,11,9,19,1810,1,2,1,1.0,1.0,63113,M,4577475.0,310109.0,63
201100037449,11,9,20,745,1,2,1,1.0,6.0,63113,M,,,63
201100037450,11,9,20,910,1,2,1,1.0,6.0,63113,M,,,63
201100037451,11,9,20,1440,1,2,1,1.0,7.0,63308,M,4576726.0,305641.0,63
201100037452,11,9,20,1613,1,2,1,1.0,3.0,63113,M,,,63
201100037453,11,9,21,45,5,2,1,1.0,6.0,63113,M,4578098.0,309560.0,63
201100037454,11,9,21,1328,1,2,1,1.0,6.0,63113,M,4578356.0,306982.0,63
201100037455,11,9,23,345,5,2,1,1.0,6.0,63113,M,,,63
201100037456,11,9,23,1500,1,2,1,1.0,7.0,63113,M,4576951.0,309872.0,63
201100037457,11,9,23,2352,5,2,1,1.0,2.0,63113,M,4578081.0,309563.0,63
201100037458,11,9,24,1730,1,2,1,1.0,6.0,63113,M,,,63
201100037459,11,9,24,1832,1,2,1,1.0,6.0,63113,M,,,63
201100037460,11,9,24,2110,5,2,1,1.0,6.0,63113,M,,,63
201100037461,11,9,27,1450,1,2,3,1.0,3.0,63113,M,4577225.0,309996.0,63
201100037462,11,9,27,2205,5,2,1,1.0,6.0,63113,M,,,63
201100037463,11,9,29,1749,1,2,1,1.0,6.0,63113,M,4578140.0,308977.0,63
201100037464,11,9,30,1800,1,2,1,1.0,6.0,63075,M,4577583.0,306762.0,63
201100037465,11,10,1,1312,1,2,1,1.0,2.0,63113,M,,,63
201100037466,11,10,1,1624,1,2,1,1.0,6.0,63113,M,,,63
201100037467,11,10,2,645,5,2,1,1.0,6.0,63075,M,4577338.0,306106.0,63
201100037468,11,10,2,1800,1,2,1,1.0,6.0,63032,M,,,63
201100037469,11,10,2,1800,1,2,1,1.0,3.0,63113,M,,,63
201100037470,11,10,3,800,1,2,1,1.0,6.0,63113,M,4577282.0,309285.0,63
201100037471,11,10,3,807,1,2,1,1.0,3.0,63113,M,,,63
201100037472,11,10,3,1045,1,2,1,1.0,6.0,63032,M,,,63
201100037473,11,10,3,1319,1,2,3,1.0,6.0,63113,M,4577994.0,309116.0,63
201100037474,11,10,4,1650,1,2,2,1.0,3.0,63113,M,4576027.0,309746.0,63
201100037475,11,10,4,2030,5,2,2,1.0,7.0,63113,M,4578716.0,308454.0,63
201100037476,11,10,5,837,1,2,1,1.0,2.0,63113,M,,,63
201100037477,11,10,5,855,1,2,1,1.0,6.0,63113,M,,,63
201100037478,11,10,5,1215,1,2,1,1.0,6.0,63113,M,,,63
201100037479,11,10,5,1530,1,2,1,1.0,5.0,63113,M,,,63
201100037480,11,10,6,750,1,2,1,1.0,6.0,63113,M,4577397.0,309812.0,63
201100037481,11,10,6,1834,1,2,2,1.0,3.0,63113,M,4581009.0,311507.0,63
201100037482,11,10,7,815,1,2,1,1.0,6.0,63113,M,4578019.0,307139.0,63
201100037483,11,10,7,1400,1,2,1,1.0,6.0,63014,M,4575161.0,311672.0,63
201100037484,11,10,8,940,1,1,1,8.0,3.0,63113,M,,,63
201100037485,11,10,8,1515,1,2,3,1.0,3.0,63113,M,4581359.0,310703.0,63
201100037486,11,10,3,2230,5,2,2,1.0,2.0,63113,M,4580291.0,311035.0,63
201100037487,11,10,10,730,1,2,1,1.0,6.0,63113,M,4576877.0,309009.0,63
201100037488,11,10,10,900,1,2,1,1.0,2.0,63113,M,4577186.0,309391.0,63
201100037489,11,10,10,930,1,1,1,1.0,2.0,63113,M,,,63
201100037490,11,10,10,1522,1,2,1,2.0,6.0,63113,M,,,63
201100037491,11,10,11,950,1,2,1,1.0,6.0,63014,M,4575490.0,313058.0,63
201100037492,11,10,11,1415,1,2,1,1.0,2.0,63075,M,4577542.0,307368.0,63
201100037493,11,10,11,1530,1,2,3,1.0,3.0,63075,M,4577225.0,306367.0,63
201100037494,11,10,12,835,1,2,6,1.0,3.0,63113,M,4578808.0,313968.0,63
201100037495,11,10,12,1330,1,2,1,1.0,2.0,63113,M,,,63
201100037496,11,10,14,1418,1,2,1,1.0,6.0,63113,M,4578346.0,308184.0,63
201100037497,11,10,14,1650,1,2,1,1.0,6.0,63113,M,,,63
201100037498,11,10,14,1730,1,2,2,1.0,3.0,63113,M,4579227.0,311797.0,63
201100037499,11,10,14,2252,5,2,1,1.0,7.0,63113,M,,,63
201100037500,11,10,15,1500,1,2,1,1.0,6.0,63070,M,,,63
201100037501,11,10,15,1830,1,2,1,1.0,6.0,63032,M,,,63
201100037502,11,10,15,2120,5,2,2,1.0,3.0,63113,M,4577298.0,312092.0,63
201100037503,11,10,16,1610,1,2,3,1.0,1.0,63113,M,4576578.0,308644.0,63
201100037504,11,10,17,1730,1,2,1,1.0,6.0,63113,M,,,63
201100037505,11,10,17,1750,1,2,1,1.0,6.0,63113,M,4578105.0,307535.0,63
201100037506,11,10,17,2020,5,2,1,1.0,2.0,63113,M,4578011.0,309679.0,63
201100037507,11,10,18,1420,1,2,2,1.0,6.0,63075,M,4577423.0,306344.0,63
201100037508,11,10,18,1717,1,2,1,1.0,1.0,63014,M,,,63
201100037509,11,10,19,930,1,2,2,2.0,3.0,63113,M,4579429.0,311050.0,63
201100037510,11,10,21,740,5,2,3,1.0,3.0,63113,M,4578930.0,305519.0,63
201100037511,11,10,21,1620,1,2,1,1.0,6.0,63014,M,4576282.0,310529.0,63
201100037512,11,10,22,1700,1,2,1,1.0,3.0,63032,M,4574789.0,309399.0,63
201100037513,11,10,25,839,1,2,1,1.0,6.0,63113,M,,,63
201100037514,11,10,25,1210,1,2,1,1.0,3.0,63113,M,4578635.0,306402.0,63
201100037515,11,10,26,1100,1,2,1,1.0,6.0,63113,M,,,63
201100037516,11,10,26,1150,1,2,1,1.0,6.0,63113,M,4578842.0,306295.0,63
201100037517,11,10,26,1913,5,2,1,1.0,6.0,63113,M,4578331.0,308360.0,63
201100037518,11,10,27,1940,5,2,1,1.0,7.0,63113,M,4578089.0,308095.0,63
201100037519,11,10,27,1220,1,2,1,1.0,6.0,63113,M,,,63
201100037520,11,10,27,1715,1,2,1,1.0,4.0,63113,M,,,63
201100037521,11,10,27,1850,2,2,1,1.0,6.0,63014,M,4575007.0,311291.0,63
201100037522,11,10,29,1145,1,2,1,1.0,6.0,63113,M,,,63
201100037523,11,10,30,1700,1,1,1,1.0,6.0,63113,M,4577985.0,311026.0,63
201100037524,11,10,30,1330,1,2,1,1.0,3.0,63075,M,4578085.0,307109.0,63