Num_Acc,an,mois,jour,hrmn,lum,agg,int,atm,col,com,gps,lat,long,dep
201100037525,11,10,31,1700,1,2,1,1.0,6.0,63113,M,,,63
201100037526,11,11,1,1600,1,1,1,1.0,6.0,63308,M,,,63
201100037527,11,11,2,1700,1,2,1,1.0,2.0,63113,M,4578385.0,306921.0,63
201100037528,11,11,3,950,1,2,1,1.0,3.0,63075,M,4577970.0,305595.0,63
201100037529,11,11,3,1428,1,2,1,1.0,1.0,63113,M,,,63
201100037530,11,10,31,830,1,2,1,1.0,6.0,63113,M,4579104.0,311338.0,63
201100037531,11,11,4,1305,1,2,1,1.0,6.0,63113,M,4577979.0,309581.0,63
201100037532,11,11,6,1100,1,2,1,1.0,6.0,63014,M,4574957.0,311091.0,63
201100037533,11,11,4,1540,1,2,1,1.0,6.0,63113,M,,,63
201100037534,11,11,4,1620,1,2,1,2.0,3.0,63014,M,,,63
201100037535,11,11,4,1715,2,2,1,1.0,6.0,63113,M,,,63
201100037536,11,11,4,1935,5,2,1,1.0,6.0,63075,M,,,63
201100037537,11,11,4,2250,5,2,2,3.0,3.0,63113,M,4577344.0,309216.0,63
201100037538,11,11,5,1615,1,2,1,1.0,3.0,63113,M,,,63
201100037539,11,11,7,1130,1,2,1,2.0,6.0,63113,M,,,63
201100037540,11,11,7,1210,1,2,1,1.0,3.0,63113,M,,,63
201100037541,11,11,8,810,1,2,1,1.0,2.0,63113,M,4575898.0,308734.0,63
201100037542,11,11,8,1215,1,2,1,1.0,6.0,63075,M,4576854.0,305684.0,63
201100037543,11,11,8,1408,1,2,1,1.0,6.0,63032,M,,,63
201100037544,11,11,8,1400,1,2,1,1.0,6.0,63113,M,4579576.0,310093.0,63
201100037545,11,11,9,750,1,2,3,1.0,3.0,63113,M,4579068.0,311051.0,63
201100037546,11,11,9,1045,1,2,1,1.0,7.0,63113,M,,,63
201100037547,11,11,9,1326,1,2,1,1.0,6.0,63113,M,,,63
201100037548,11,11,10,1500,1,2,1,8.0,2.0,63113,M,,,63
201100037549,11,11,12,540,5,2,3,1.0,3.0,63113,M,4576510.0,312298.0,63
201100037550,11,11,12,1340,1,2,1,1.0,7.0,63113,M,,,63
201100037551,11,11,12,1030,1,2,1,1.0,6.0,63113,M,,,63
201100037552,11,11,16,1815,3,2,1,1.0,6.0,63113,M,4577054.0,308235.0,63
201100037553,11,11,18,1930,1,2,1,1.0,6.0,63113,M,,,63
201100037554,11,11,22,752,1,2,1,1.0,5.0,63113,M,4577952.0,309082.0,63
201100037555,11,11,22,1348,1,2,1,1.0,6.0,63113,M,,,63
201100037556,11,11,22,1600,1,2,1,1.0,6.0,63113,M,,,63
201100037557,11,11,23,845,1,2,1,1.0,6.0,63075,M,,,63
201100037558,11,11,25,800,1,2,1,1.0,5.0,63113,M,4578597.0,306513.0,63
201100037559,11,11,25,1115,1,2,3,1.0,3.0,63113,M,4577631.0,310829.0,63
201100037560,11,11,25,1215,1,2,1,1.0,6.0,63113,M,4577837.0,309028.0,63
201100037561,11,11,25,1000,1,2,1,1.0,7.0,63014,M,,,63
201100037562,11,11,26,30,5,2,2,1.0,1.0,63113,M,4578232.0,309526.0,63
201100037563,11,11,27,420,5,2,1,1.0,6.0,63113,M,,,63
201100037564,11,11,28,1110,1,2,2,1.0,5.0,63113,M,4578227.0,307277.0,63
201100037565,11,11,29,1530,1,2,1,1.0,2.0,63113,M,,,63
201100037566,11,11,30,1355,1,2,1,1.0,6.0,63113,M,4576072.0,308886.0,63
201100037567,11,11,30,1618,1,2,1,1.0,6.0,63014,M,,,63
201100037568,11,12,2,650,5,2,1,2.0,6.0,63113,M,,,63
201100037569,11,12,1,1015,1,2,2,1.0,3.0,63113,M,4576417.0,312593.0,63
201100037570,11,12,1,1735,2,2,1,1.0,3.0,63113,M,,,63
201100037571,11,12,4,130,3,2,1,1.0,5.0,63113,M,,,63
201100037572,11,12,4,30,5,2,1,1.0,6.0,63113,M,,,63
201100037573,11,12,4,130,5,2,2,1.0,3.0,63113,M,4576795.0,307808.0,63
201100037574,11,12,4,1200,1,2,1,1.0,6.0,63113,M,,,63
201100037575,11,12,3,1619,1,2,1,1.0,2.0,63113,M,,,63
201100037576,11,12,6,930,1,2,1,1.0,2.0,63113,M,4576486.0,308913.0,63
201100037577,11,12,6,1728,2,2,1,1.0,6.0,63113,M,,,63
201100037578,11,12,7,1000,1,2,1,1.0,3.0,63113,M,,,63
201100037579,11,12,8,2010,5,2,1,1.0,1.0,63113,M,,,63
201100037580,11,12,9,810,1,2,1,1.0,6.0,63113,M,,,63
201100037581,11,12,11,2030,5,2,1,1.0,2.0,63113,M,,,63
201100037582,11,12,14,810,1,2,1,2.0,6.0,63113,M,,,63
201100037583,11,12,14,1110,1,2,2,8.0,3.0,63113,M,4581009.0,311508.0,63
201100037584,11,12,14,1200,1,2,1,1.0,3.0,63014,M,,,63
201100037585,11,12,15,1746,5,2,1,1.0,6.0,63113,M,,,63
201100037586,11,12,15,1840,5,2,1,8.0,4.0,63113,M,4577939.0,312289.0,63
201100037587,11,12,16,745,2,2,1,6.0,6.0,63113,M,,,63
201100037588,11,12,16,2353,5,2,1,1.0,6.0,63032,M,4574693.0,309579.0,63
201100037589,11,12,17,2310,5,2,1,1.0,6.0,63014,M,,,63
201100037590,11,12,17,1900,2,2,1,1.0,6.0,63113,M,,,63
201100037591,11,12,18,1953,1,2,1,1.0,6.0,63113,M,4578053.0,309105.0,63
201100037592,11,12,21,1820,5,2,1,8.0,2.0,63113,M,,,63
201100037593,11,12,21,1930,2,2,1,3.0,6.0,63113,M,4576090.0,308975.0,63
201100037594,11,12,24,115,5,2,1,8.0,6.0,63113,M,4576589.0,312523.0,63
201100037595,11,12,23,810,1,2,1,1.0,3.0,63113,M,,,63
201100037596,11,12,23,1825,5,2,1,1.0,7.0,63113,M,,,63
201100037597,11,12,23,2020,5,2,1,1.0,3.0,63113,M,,,63
201100037598,11,12,26,1717,2,2,3,1.0,3.0,63113,M,4577506.0,310054.0,63
201100037599,11,12,26,2113,4,2,1,1.0,3.0,63113,M,4576317.0,308904.0,63
201100037600,11,12,27,750,2,2,1,5.0,6.0,63113,M,4577310.0,307692.0,63
201100037601,11,12,27,1608,1,2,1,1.0,2.0,63014,M,,,63
201100037602,11,12,28,1550,1,2,1,1.0,3.0,63113,M,,,63
201100037603,11,12,29,425,5,2,1,8.0,2.0,63113,M,,,63
201100037604,11,12,28,2050,3,2,1,1.0,7.0,63113,M,,,63
201100037605,11,12,30,1845,5,2,1,3.0,6.0,63075,M,4577998.0,306258.0,63
201100037606,11,12,30,1500,1,2,1,1.0,7.0,63113,M,,,63
201100037607,11,12,30,2010,3,1,1,1.0,6.0,63113,M,,,63
201100037608,11,12,31,1300,1,2,1,1.0,7.0,63113,M,,,63
201100037609,11,12,25,2210,5,2,3,1.0,6.0,63124,M,4575131.0,316065.0,63
201100037610,11,1,27,555,5,2,8,1.0,3.0,63124,M,4572750.0,318140.0,63
201100037611,11,2,3,1430,1,2,1,1.0,6.0,63124,M,4573161.0,319169.0,63
201100037612,11,2,12,1230,1,2,1,1.0,3.0,63124,M,4573110.0,318350.0,63
201100037613,11,3,29,1235,1,2,1,1.0,6.0,63124,M,4573104.0,319719.0,63
201100037614,11,4,6,1505,1,2,2,1.0,3.0,63124,M,4573760.0,320860.0,63
201100037615,11,4,30,1510,1,2,2,1.0,6.0,63124,M,4573010.0,319084.0,63
201100037616,11,5,21,810,1,2,7,1.0,2.0,63124,M,4573866.0,319601.0,63
201100037617,11,4,17,1035,1,2,1,1.0,3.0,63193,M,4577958.0,320364.0,63
201100037618,11,6,28,720,2,2,2,1.0,6.0,63124,M,4573871.0,320216.0,63
201100037619,11,8,24,1300,1,1,1,1.0,7.0,63193,M,,,63
201100037620,11,8,27,55,3,1,1,9.0,1.0,63193,M,,,63
201100037621,11,9,1,2000,3,1,1,1.0,5.0,63193,M,,,63
201100037622,11,9,7,725,1,2,2,1.0,6.0,63124,M,4573987.0,319981.0,63
201100037623,11,9,8,915,1,2,1,1.0,6.0,63272,M,4573374.0,314088.0,63
201100037624,11,9,13,1055,1,2,1,1.0,6.0,63069,M,4572486.0,319315.0,63
201100037625,11,9,17,1905,1,2,1,1.0,2.0,63193,M,,,63
201100037626,11,9,28,1045,1,2,2,1.0,3.0,63124,M,4573496.0,320715.0,63
201100037627,11,10,4,1825,1,2,2,1.0,2.0,63193,M,4577222.0,319532.0,63
201100037628,11,10,18,1555,1,2,1,1.0,6.0,63069,M,4572660.0,318645.0,63
201100037629,11,11,13,540,5,1,1,1.0,1.0,63124,M,,,63
201100037630,11,1,6,720,4,2,6,1.0,3.0,63164,M,4581648.0,315386.0,63
201100037631,11,2,5,1950,3,2,3,1.0,3.0,63164,M,4582835.0,315806.0,63
201100037632,11,4,21,1940,1,1,3,1.0,3.0,63164,M,4582637.0,312808.0,63
201100037633,11,5,26,1745,1,2,4,1.0,3.0,63164,M,4582832.0,315808.0,63
201100037634,11,6,18,505,3,1,1,1.0,2.0,63063,M,,,63
201100037635,11,6,23,1250,1,2,2,1.0,4.0,63063,M,4583162.0,310535.0,63
201100037636,11,6,30,1900,2,2,1,1.0,6.0,63164,M,4581955.0,314382.0,63
201100037637,11,9,7,805,1,2,1,1.0,3.0,63164,M,,,63
201100037638,11,9,10,2205,3,2,1,1.0,2.0,63164,M,0.0,0.0,63
201100037639,11,9,28,955,1,2,1,1.0,1.0,63164,M,0.0,0.0,63
201100037640,11,10,3,1340,1,2,4,1.0,3.0,63164,M,4582834.0,315805.0,63
201100037641,11,10,4,740,1,2,1,1.0,7.0,63063,M,4583867.0,309282.0,63
201100037642,11,11,6,1845,5,1,1,2.0,2.0,63063,M,4582299.0,310631.0,63
201100037643,11,12,18,1250,1,1,1,2.0,2.0,63063,M,0.0,0.0,63
201100037644,11,1,7,1530,1,2,2,1.0,3.0,63103,M,4592382.0,306779.0,63
201100037645,11,1,29,1610,1,2,1,1.0,6.0,63300,M,4589420.0,312750.0,63
201100037646,11,2,24,1930,3,1,1,1.0,1.0,63300,M,,,63
201100037647,11,4,30,2340,5,2,1,1.0,3.0,63300,M,,,63
201100037648,11,5,9,20,5,2,2,1.0,3.0,63103,M,4591947.0,306746.0,63
201100037649,11,9,27,1820,1,1,1,1.0,3.0,63300,M,0.0,0.0,63
201100037650,11,10,4,1530,1,2,3,1.0,3.0,63103,M,4592537.0,306358.0,63
201100037651,11,10,17,1640,1,1,9,1.0,5.0,63300,M,0.0,0.0,63
201100037652,11,11,5,515,3,1,9,1.0,6.0,63224,M,4587140.0,311847.0,63
201100037653,11,11,9,1745,5,2,6,1.0,3.0,63300,M,0.0,0.0,63
201100037654,11,1,5,2110,5,2,3,2.0,3.0,64102,M,4350220.0,-145317.0,64
201100037655,11,1,6,1530,1,2,1,1.0,1.0,64102,M,4348510.0,-145962.0,64
201100037656,11,1,6,1729,1,2,3,1.0,3.0,64102,M,4349270.0,-148757.0,64
201100037657,11,1,8,1555,1,2,7,1.0,3.0,64102,M,4349990.0,-145741.0,64
201100037658,11,1,9,620,5,2,1,1.0,7.0,64102,M,4349590.0,-146964.0,64
201100037659,11,1,10,1945,5,2,6,8.0,7.0,64102,M,4346060.0,-149623.0,64
201100037660,11,1,12,1240,1,2,1,2.0,7.0,64102,M,4348530.0,-149471.0,64
201100037661,11,1,12,1855,5,2,1,8.0,7.0,64102,M,4349830.0,-149168.0,64
201100037662,11,1,15,955,1,2,1,1.0,7.0,64102,M,4348940.0,-147239.0,64
201100037663,11,1,15,1830,5,2,1,1.0,7.0,64102,M,4349250.0,-147127.0,64
201100037664,11,1,16,2030,5,2,1,1.0,7.0,64102,M,4349010.0,-146024.0,64
201100037665,11,2,5,1156,1,2,1,1.0,2.0,64102,M,4349480.0,-147121.0,64
201100037666,11,2,8,825,1,2,3,1.0,3.0,64102,M,4351020.0,-146824.0,64
201100037667,11,2,9,1752,1,2,1,7.0,3.0,64024,M,4349980.0,-154220.0,64
201100037668,11,2,18,902,1,2,1,1.0,3.0,64024,M,4352630.0,-151159.0,64
201100037669,11,2,18,1930,5,2,1,1.0,6.0,64024,M,4348780.0,-152183.0,64
201100037670,11,2,24,1720,1,2,2,1.0,3.0,64140,M,4352800.0,-147414.0,64
201100037671,11,2,25,1755,1,2,1,1.0,2.0,64102,M,4349470.0,-147131.0,64
201100037672,11,3,4,1830,1,2,1,1.0,7.0,64102,M,4348530.0,-149143.0,64
201100037673,11,3,5,602,2,2,1,1.0,7.0,64102,M,4348340.0,-146615.0,64
201100037674,11,3,5,720,1,2,1,1.0,3.0,64024,M,4349230.0,-153227.0,64
201100037675,11,3,6,712,2,2,1,1.0,6.0,64024,M,4347910.0,-150508.0,64
201100037676,11,3,7,1305,1,2,1,1.0,3.0,64024,M,4350880.0,-149852.0,64
201100037677,11,3,10,2355,5,2,1,1.0,7.0,64024,M,4348010.0,-150819.0,64
201100037678,11,3,15,1136,1,2,1,8.0,6.0,64102,M,4349530.0,-147023.0,64
201100037679,11,3,22,1730,1,2,3,2.0,3.0,64102,M,4346920.0,-148978.0,64
201100037680,11,3,26,1100,1,2,3,1.0,3.0,64024,M,4348850.0,-151267.0,64
201100037681,11,3,26,1904,1,2,1,1.0,7.0,64102,M,4349800.0,-148243.0,64
201100037682,11,3,28,2200,5,2,2,1.0,3.0,64102,M,4349820.0,-149072.0,64
201100037683,11,3,31,1210,1,2,1,1.0,7.0,64024,M,4348330.0,-150198.0,64
201100037684,11,4,1,1915,1,2,6,1.0,7.0,64024,M,4349820.0,-151661.0,64
201100037685,11,4,8,137,5,2,1,1.0,7.0,64024,M,4348040.0,-152757.0,64
201100037686,11,4,9,102,5,2,1,1.0,6.0,64102,M,4348860.0,-147954.0,64
201100037687,11,4,14,1430,1,2,1,1.0,1.0,64024,M,4348350.0,-150839.0,64
201100037688,11,4,15,1700,1,2,1,1.0,6.0,64024,M,4348090.0,-151521.0,64
201100037689,11,4,15,1820,1,2,1,1.0,7.0,64102,M,4349570.0,-147012.0,64
201100037690,11,4,17,1625,1,2,1,1.0,3.0,64024,M,4349210.0,-153245.0,64
201100037691,11,4,18,1432,1,2,6,1.0,2.0,64024,M,4349710.0,-150892.0,64
201100037692,11,4,19,1452,1,2,1,1.0,3.0,64024,M,4350350.0,-153808.0,64
201100037693,11,4,24,1335,1,2,1,1.0,3.0,64024,M,4349200.0,-153247.0,64
201100037694,11,5,4,1655,1,2,1,1.0,3.0,64024,M,4349660.0,-149396.0,64
201100037695,11,5,5,525,5,2,6,1.0,7.0,64024,M,4349720.0,-150904.0,64
201100037696,11,5,5,1823,1,2,3,1.0,6.0,64102,M,4348400.0,-147673.0,64
201100037697,11,5,6,753,1,2,1,1.0,1.0,64024,M,4349030.0,-150525.0,64
201100037698,11,5,6,1144,1,2,1,1.0,7.0,64024,M,4350040.0,-152780.0,64
201100037699,11,5,8,750,1,2,1,1.0,6.0,64024,M,4347200.0,-149901.0,64
201100037700,11,5,10,1520,1,2,1,1.0,1.0,64102,M,4348410.0,-145675.0,64
201100037701,11,5,13,1400,1,2,3,1.0,3.0,64024,M,4348080.0,-151277.0,64
201100037702,11,5,20,1817,1,2,1,2.0,7.0,64024,M,4348660.0,-149044.0,64
201100037703,11,5,20,1334,1,2,1,1.0,4.0,64102,M,4349860.0,-148779.0,64
201100037704,11,5,21,1526,1,2,2,1.0,3.0,64024,M,4349360.0,-151000.0,64
201100037705,11,5,22,105,5,2,1,1.0,7.0,64102,M,4348400.0,-145661.0,64
201100037706,11,5,23,225,5,2,1,1.0,3.0,64140,M,4352800.0,-149445.0,64
201100037707,11,5,22,602,2,2,4,1.0,7.0,64024,M,4348020.0,-151552.0,64
201100037708,11,5,23,1205,1,2,1,1.0,2.0,64024,M,4349740.0,-150275.0,64
201100037709,11,5,25,1815,1,2,3,1.0,1.0,64140,M,4352800.0,-149444.0,64
201100037710,11,5,25,1815,1,2,6,1.0,7.0,64102,M,4349890.0,-145943.0,64
201100037711,11,5,27,815,1,2,1,8.0,7.0,64102,M,4348650.0,-146799.0,64
201100037712,11,5,28,1320,1,2,1,1.0,7.0,64024,M,4349270.0,-153182.0,64
201100037713,11,5,31,1025,1,2,1,8.0,7.0,64102,M,4349420.0,-146758.0,64
201100037714,11,6,4,2350,5,2,1,1.0,7.0,64102,M,4350370.0,-146860.0,64
201100037715,11,6,6,2200,5,1,3,1.0,5.0,64024,M,4349360.0,-154552.0,64
201100037716,11,6,10,935,1,2,1,8.0,6.0,64140,M,4352070.0,-148873.0,64
201100037717,11,6,14,1400,1,2,6,1.0,3.0,64102,M,4349680.0,-148346.0,64
201100037718,11,6,16,1408,1,2,1,2.0,6.0,64102,M,4349890.0,-146057.0,64
201100037719,11,6,18,1830,1,2,1,1.0,2.0,64140,M,4352660.0,-149170.0,64
201100037720,11,6,21,2030,1,2,1,1.0,6.0,64102,M,4349470.0,-147133.0,64
201100037721,11,6,23,2225,5,2,6,1.0,6.0,64024,M,4348530.0,-150365.0,64
201100037722,11,6,24,2330,5,2,6,1.0,3.0,64102,M,4350330.0,-146390.0,64
201100037723,11,6,26,220,5,2,1,1.0,6.0,64102,M,4349050.0,-147310.0,64
201100037724,11,7,4,1930,1,2,1,1.0,2.0,64102,M,4349430.0,-147916.0,64
201100037725,11,7,5,2010,1,2,1,1.0,2.0,64140,M,4352790.0,-147262.0,64
201100037726,11,7,7,1020,1,2,1,8.0,7.0,64102,M,4350410.0,-144966.0,64
201100037727,11,7,7,2159,5,2,1,1.0,6.0,64024,M,4349220.0,-150407.0,64
201100037728,11,7,8,2225,5,2,1,1.0,2.0,64024,M,4350910.0,-153059.0,64
201100037729,11,7,9,745,1,2,6,2.0,3.0,64102,M,4348820.0,-148251.0,64
201100037730,11,7,10,135,5,2,1,8.0,7.0,64140,M,4353100.0,-147388.0,64
201100037731,11,7,12,1900,1,2,3,2.0,3.0,64024,M,4347250.0,-153514.0,64
201100037732,11,7,12,2355,5,2,3,3.0,1.0,64024,M,4348400.0,-151137.0,64
201100037733,11,7,15,930,1,2,6,1.0,6.0,64102,M,4348300.0,-148241.0,64
201100037734,11,7,17,2146,1,2,1,8.0,7.0,64024,M,4348040.0,-151591.0,64
201100037735,11,7,18,1250,1,2,1,2.0,2.0,64024,M,4348400.0,-150174.0,64
201100037736,11,7,20,1330,1,2,1,1.0,3.0,64024,M,4351380.0,-150051.0,64
201100037737,11,7,20,1830,1,2,3,1.0,3.0,64024,M,4348340.0,-151098.0,64
201100037738,11,7,22,740,1,2,3,1.0,2.0,64024,M,4349910.0,-153992.0,64
201100037739,11,7,22,1541,1,2,6,1.0,3.0,64024,M,4349830.0,-149454.0,64
201100037740,11,7,23,2045,1,2,1,8.0,3.0,64102,M,4348960.0,-148235.0,64
201100037741,11,7,23,2120,1,2,1,8.0,1.0,64024,M,4349460.0,-152821.0,64
201100037742,11,7,24,430,5,2,1,1.0,7.0,64024,M,4348020.0,-152546.0,64
201100037743,11,7,26,1420,1,2,1,2.0,6.0,64102,M,4348400.0,-146394.0,64
201100037744,11,7,27,1005,1,2,1,8.0,7.0,64102,M,4349700.0,-149125.0,64
201100037745,11,7,27,1617,1,2,1,1.0,6.0,64102,M,4348960.0,-145632.0,64
201100037746,11,7,30,1615,1,2,1,1.0,2.0,64102,M,4346610.0,-149427.0,64
201100037747,11,7,31,1440,1,2,1,1.0,6.0,64102,M,4348610.0,-148991.0,64
201100037748,11,8,3,1711,1,2,1,1.0,3.0,64024,M,4346620.0,-149609.0,64
201100037749,11,8,10,1815,1,2,3,1.0,3.0,64024,M,4348400.0,-149924.0,64
201100037750,11,8,11,2055,1,2,1,7.0,6.0,64024,M,4347290.0,-153127.0,64
201100037751,11,8,12,1355,1,2,3,8.0,6.0,64140,M,4352300.0,-149106.0,64
201100037752,11,8,14,1635,1,2,3,1.0,6.0,64024,M,4348120.0,-151064.0,64
201100037753,11,8,16,1850,1,2,1,1.0,7.0,64140,M,4353340.0,-147073.0,64
201100037754,11,8,17,120,5,2,1,1.0,6.0,64024,M,4348110.0,-153353.0,64
201100037755,11,8,18,640,5,2,1,1.0,7.0,64024,M,4349670.0,-148657.0,64
201100037756,11,8,18,1002,1,2,6,8.0,6.0,64024,M,4346610.0,-149576.0,64
201100037757,11,8,20,1425,1,2,2,1.0,3.0,64024,M,4348780.0,-153615.0,64
201100037758,11,8,22,1405,1,2,1,1.0,6.0,64024,M,4347340.0,-151634.0,64
201100037759,11,8,23,35,5,2,1,1.0,3.0,64102,M,4350450.0,-146336.0,64
201100037760,11,8,26,15,5,2,1,1.0,2.0,64102,M,4348630.0,-146718.0,64
201100037761,11,8,26,1414,1,2,1,1.0,3.0,64024,M,4348110.0,-153361.0,64
201100037762,11,8,27,2113,3,2,1,1.0,1.0,64140,M,4352350.0,-149214.0,64
201100037763,11,8,28,1145,1,2,1,1.0,6.0,64140,M,4352450.0,-149357.0,64
201100037764,11,8,28,1945,1,2,1,1.0,7.0,64102,M,4348670.0,-147968.0,64
201100037765,11,9,4,1100,1,2,1,1.0,7.0,64024,M,4348440.0,-150418.0,64
201100037766,11,9,8,1034,1,2,1,1.0,6.0,64102,M,4350230.0,-146166.0,64
201100037767,11,9,13,2300,5,2,1,1.0,6.0,64024,M,4349150.0,-153308.0,64
201100037768,11,9,18,940,1,2,1,2.0,7.0,64102,M,4349530.0,-147046.0,64
201100037769,11,9,18,1232,1,2,1,3.0,7.0,64140,M,4352130.0,-148881.0,64
201100037770,11,9,19,905,1,2,3,8.0,1.0,64140,M,4352610.0,-149390.0,64
201100037771,11,9,21,1213,1,2,1,1.0,6.0,64102,M,4348870.0,-148270.0,64
201100037772,11,9,21,1623,1,2,1,1.0,2.0,64024,M,4348920.0,-149958.0,64
201100037773,11,9,23,1320,1,2,3,1.0,3.0,64102,M,4350170.0,-145774.0,64
201100037774,11,9,24,2020,5,2,6,1.0,7.0,64102,M,4349020.0,-145335.0,64
201100037775,11,9,26,1700,1,2,1,7.0,3.0,64102,M,4348870.0,-148268.0,64
201100037776,11,9,29,950,1,2,1,1.0,4.0,64102,M,4349780.0,-148261.0,64
201100037777,11,9,29,1450,1,2,1,1.0,6.0,64024,M,4349810.0,-148690.0,64
201100037778,11,9,29,1700,1,2,1,1.0,6.0,64024,M,4348520.0,-149386.0,64
201100037779,11,9,29,2225,5,2,1,1.0,6.0,64102,M,4349490.0,-146368.0,64
201100037780,11,9,30,2305,5,2,1,1.0,6.0,64102,M,4348740.0,-148428.0,64
201100037781,11,10,1,1822,1,2,1,1.0,7.0,64102,M,4348660.0,-147945.0,64
201100037782,11,10,4,1754,1,2,1,1.0,3.0,64102,M,4351140.0,-144171.0,64
201100037783,11,10,4,1815,1,2,1,1.0,2.0,64024,M,4348360.0,-150088.0,64
201100037784,11,10,5,1215,1,2,1,1.0,7.0,64024,M,4350350.0,-152663.0,64
201100037785,11,10,7,1637,1,2,1,1.0,1.0,64102,M,4348960.0,-145638.0,64
201100037786,11,10,10,856,2,2,1,1.0,6.0,64102,M,4348680.0,-148338.0,64
201100037787,11,10,10,1725,1,2,1,1.0,3.0,64102,M,4348890.0,-146592.0,64
201100037788,11,10,11,1930,1,2,1,1.0,3.0,64024,M,4349260.0,-149112.0,64
201100037789,11,10,12,945,1,2,1,8.0,3.0,64024,M,4349400.0,-152529.0,64
201100037790,11,10,12,1148,1,2,1,8.0,6.0,64024,M,4349270.0,-153180.0,64
201100037791,11,10,12,1335,1,2,1,8.0,7.0,64102,M,4349390.0,-145696.0,64
201100037792,11,10,13,1917,1,2,1,1.0,6.0,64102,M,4349120.0,-148154.0,64
201100037793,11,10,14,515,5,2,1,1.0,7.0,64102,M,4348790.0,-147432.0,64
201100037794,11,10,14,944,1,2,1,1.0,6.0,64024,M,4349860.0,-148784.0,64
201100037795,11,10,15,335,5,2,1,1.0,7.0,64102,M,4348770.0,-148303.0,64
201100037796,11,10,17,915,1,2,2,1.0,3.0,64024,M,4348220.0,-151421.0,64
201100037797,11,10,17,1930,1,2,2,1.0,6.0,64024,M,4349340.0,-151028.0,64
201100037798,11,10,18,1120,1,2,6,1.0,6.0,64102,M,4350000.0,-145626.0,64
201100037799,11,10,19,845,1,2,6,2.0,7.0,64024,M,4349790.0,-149387.0,64
201100037800,11,10,19,1154,1,2,1,3.0,6.0,64024,M,4351370.0,-152587.0,64
201100037801,11,10,21,1414,1,2,1,1.0,6.0,64102,M,4349520.0,-148240.0,64
201100037802,11,10,22,2240,5,2,3,1.0,3.0,64102,M,4348420.0,-146633.0,64
201100037803,11,10,26,1145,1,2,1,1.0,6.0,64102,M,4349310.0,-146585.0,64
201100037804,11,10,28,1937,5,2,3,2.0,3.0,64102,M,4348000.0,-150141.0,64
201100037805,11,11,3,1151,1,2,6,3.0,3.0,64102,M,4346610.0,-149469.0,64
201100037806,11,11,4,1726,1,2,1,1.0,2.0,64102,M,4349160.0,-148240.0,64
201100037807,11,11,7,2316,5,2,1,2.0,1.0,64102,M,4348770.0,-146088.0,64
201100037808,11,11,9,736,1,2,6,1.0,3.0,64024,M,4347780.0,-152360.0,64
201100037809,11,11,9,1645,1,2,1,1.0,3.0,64024,M,4348300.0,-150617.0,64
201100037810,11,11,10,1819,5,2,1,1.0,6.0,64102,M,4350520.0,-146729.0,64
201100037811,11,11,11,917,1,2,3,1.0,2.0,64024,M,4348030.0,-152344.0,64
201100037812,11,11,12,1825,5,2,1,1.0,6.0,64102,M,4348550.0,-148262.0,64
201100037813,11,11,16,730,2,2,1,1.0,6.0,64102,M,4348180.0,-148666.0,64
201100037814,11,11,17,1004,1,2,6,1.0,3.0,64102,M,4349690.0,-148296.0,64
201100037815,11,11,19,1050,1,2,1,1.0,6.0,64102,M,4349500.0,-146918.0,64
201100037816,11,11,26,501,5,2,1,1.0,7.0,64024,M,4349310.0,-150287.0,64
201100037817,11,11,28,1440,1,2,6,1.0,6.0,64102,M,4349900.0,-148158.0,64
201100037818,11,11,28,2135,5,2,6,1.0,3.0,64102,M,4348490.0,-149020.0,64
201100037819,11,11,29,4,5,2,1,1.0,1.0,64024,M,4348100.0,-150911.0,64
201100037820,11,12,1,1708,1,2,1,1.0,7.0,64024,M,4349730.0,-153698.0,64
201100037821,11,12,6,1317,1,2,2,3.0,6.0,64102,M,4349310.0,-147934.0,64
201100037822,11,12,7,1207,1,2,1,8.0,1.0,64024,M,4348290.0,-148762.0,64
201100037823,11,12,8,1410,1,2,1,1.0,7.0,64140,M,4351700.0,-146533.0,64
201100037824,11,12,9,754,2,2,2,8.0,3.0,64024,M,4348870.0,-153023.0,64
201100037825,11,12,11,2000,5,2,1,1.0,6.0,64102,M,4351610.0,-146577.0,64
201100037826,11,12,21,1915,5,2,1,2.0,1.0,64102,M,4349230.0,-147434.0,64
201100037827,11,12,23,1358,1,2,1,1.0,3.0,64102,M,4351280.0,-143823.0,64
201100037828,11,12,23,1530,1,2,1,1.0,3.0,64024,M,4348390.0,-149928.0,64