Num_Acc,an,mois,jour,hrmn,lum,agg,int,atm,col,com,gps,lat,long,dep
201100037829,11,12,24,1635,1,2,2,1.0,7.0,64102,M,4350450.0,-146741.0,64
201100037830,11,12,30,1852,5,2,3,2.0,3.0,64024,M,4348020.0,-152250.0,64
201100037831,11,12,31,2105,5,2,1,2.0,3.0,64102,M,4350150.0,-145518.0,64
201100037832,11,1,2,1400,1,2,1,1.0,5.0,64122,M,4348520.0,-155499.0,64
201100037833,11,1,5,800,2,2,6,1.0,2.0,64122,M,4348090.0,-154086.0,64
201100037834,11,1,16,1115,1,2,4,1.0,3.0,64122,M,4346380.0,-154381.0,64
201100037835,11,1,17,1210,1,2,4,1.0,1.0,64122,M,4347460.0,-155729.0,64
201100037836,11,1,23,400,5,2,1,1.0,7.0,64125,M,4343860.0,-158881.0,64
201100037837,11,1,24,845,1,2,1,1.0,6.0,64122,M,4347720.0,-155180.0,64
201100037838,11,1,30,1140,1,2,1,2.0,6.0,64122,M,4346970.0,-154366.0,64
201100037839,11,1,30,1850,2,2,1,1.0,1.0,64122,M,4348090.0,-154121.0,64
201100037840,11,2,1,1110,1,2,1,1.0,6.0,64122,M,,,64
201100037841,11,2,2,1150,1,2,1,1.0,3.0,64122,M,,,64
201100037842,11,2,5,340,5,2,1,1.0,6.0,64122,M,,,64
201100037843,11,2,22,1115,1,2,1,2.0,6.0,64122,M,4348410.0,-155801.0,64
201100037844,11,2,24,1225,1,2,1,1.0,1.0,64125,M,4343280.0,-156548.0,64
201100037845,11,2,24,1750,1,2,1,1.0,3.0,64122,M,4349310.0,-155259.0,64
201100037846,11,3,1,1705,1,2,1,1.0,3.0,64122,M,4346760.0,-154001.0,64
201100037847,11,3,3,1840,1,2,1,1.0,3.0,64125,M,4343350.0,-159536.0,64
201100037848,11,3,11,1100,1,2,1,1.0,6.0,64122,M,4348070.0,-156155.0,64
201100037849,11,3,11,1720,1,2,1,1.0,3.0,64122,M,4346400.0,-157068.0,64
201100037850,11,3,12,830,1,2,6,1.0,3.0,64122,M,4346910.0,-155507.0,64
201100037851,11,3,14,1907,2,2,1,1.0,6.0,64122,M,4347030.0,-155519.0,64
201100037852,11,3,19,245,5,2,2,8.0,3.0,64122,M,4348240.0,-154444.0,64
201100037853,11,3,22,2210,3,2,3,1.0,3.0,64125,M,4345080.0,-156491.0,64
201100037854,11,3,24,845,1,2,1,1.0,3.0,64125,M,4344720.0,-157679.0,64
201100037855,11,3,25,840,1,2,6,1.0,2.0,64122,M,4348090.0,-154101.0,64
201100037856,11,3,31,1800,1,2,6,1.0,3.0,64122,M,4348090.0,-154121.0,64
201100037857,11,4,1,1630,1,2,1,1.0,6.0,64122,M,4348700.0,-153921.0,64
201100037858,11,4,6,1825,1,2,1,1.0,1.0,64122,M,4348680.0,-154029.0,64
201100037859,11,4,15,1000,1,2,1,1.0,6.0,64122,M,4348760.0,-155181.0,64
201100037860,11,4,24,1210,1,2,1,1.0,3.0,64125,M,4344340.0,-158520.0,64
201100037861,11,4,25,1530,1,2,1,1.0,3.0,64122,M,4348060.0,-155190.0,64
201100037862,11,4,27,1300,1,2,1,1.0,3.0,64122,M,4348190.0,-155918.0,64
201100037863,11,4,30,1820,1,1,1,1.0,6.0,64125,M,4345770.0,-157241.0,64
201100037864,11,5,3,1915,1,1,4,1.0,3.0,64122,M,4344920.0,-155723.0,64
201100037865,11,5,10,2140,5,2,1,1.0,3.0,64122,M,4347440.0,-154732.0,64
201100037866,11,5,11,320,5,2,1,1.0,3.0,64122,M,4348120.0,-154141.0,64
201100037867,11,5,13,1815,1,2,1,1.0,2.0,64122,M,4348490.0,-155134.0,64
201100037868,11,5,16,805,1,2,1,1.0,2.0,64122,M,4346890.0,-153874.0,64
201100037869,11,5,17,1215,1,2,1,1.0,2.0,64122,M,4348560.0,-154494.0,64
201100037870,11,5,19,1810,1,2,1,1.0,6.0,64122,M,4348160.0,-156299.0,64
201100037871,11,5,22,1605,1,1,1,1.0,7.0,64122,M,4344920.0,-155719.0,64
201100037872,11,5,22,1610,1,2,1,1.0,6.0,64122,M,4347640.0,-156605.0,64
201100037873,11,5,23,1905,1,2,3,1.0,3.0,64122,M,4346710.0,-155420.0,64
201100037874,11,6,5,30,5,2,1,1.0,3.0,64122,M,4347070.0,-155528.0,64
201100037875,11,6,11,1740,1,2,3,1.0,3.0,64125,M,4343950.0,-157346.0,64
201100037876,11,6,15,1755,1,2,2,8.0,3.0,64024,M,4348560.0,-153541.0,64
201100037877,11,6,16,1640,1,1,1,1.0,3.0,64125,M,4343940.0,-157266.0,64
201100037878,11,6,18,955,1,2,1,1.0,2.0,64122,M,4348740.0,-155418.0,64
201100037879,11,6,26,2020,1,2,1,1.0,6.0,64122,M,4348200.0,-155978.0,64
201100037880,11,6,30,1610,1,2,1,1.0,3.0,64125,M,4344560.0,-158330.0,64
201100037881,11,7,1,1515,1,2,1,1.0,6.0,64122,M,4347640.0,-155209.0,64
201100037882,11,7,1,1600,1,2,1,1.0,3.0,64038,M,4346040.0,-154782.0,64
201100037883,11,7,3,1915,1,2,1,1.0,1.0,64122,M,4347900.0,-155373.0,64
201100037884,11,7,6,1345,1,2,1,1.0,2.0,64125,M,4344460.0,-158419.0,64
201100037885,11,7,7,2205,2,2,1,1.0,3.0,64122,M,4346990.0,-155098.0,64
201100037886,11,7,10,1640,1,2,1,1.0,3.0,64122,M,4347500.0,-156626.0,64
201100037887,11,7,12,1554,1,2,1,2.0,6.0,64024,M,4348280.0,-154541.0,64
201100037888,11,7,15,1540,1,2,1,1.0,6.0,64024,M,4348010.0,-154135.0,64
201100037889,11,7,15,1710,1,2,1,1.0,6.0,64122,M,4348520.0,-155410.0,64
201100037890,11,7,15,1745,1,2,1,1.0,3.0,64125,M,4342660.0,-160364.0,64
201100037891,11,7,25,1850,1,2,1,2.0,1.0,64122,M,4346760.0,-154339.0,64
201100037892,11,7,25,2135,2,2,1,2.0,3.0,64122,M,4345870.0,-154715.0,64
201100037893,11,7,27,1335,1,2,1,1.0,2.0,64125,M,4344670.0,-157998.0,64
201100037894,11,7,29,1650,1,2,1,1.0,6.0,64125,M,4345200.0,-157402.0,64
201100037895,11,8,1,945,1,2,2,1.0,6.0,64122,M,4348530.0,-155415.0,64
201100037896,11,8,3,2310,5,2,3,1.0,3.0,64122,M,4347910.0,-156055.0,64
201100037897,11,8,6,1840,1,2,1,3.0,3.0,64122,M,4347840.0,-155604.0,64
201100037898,11,8,8,1830,1,2,2,1.0,3.0,64125,M,4342790.0,-159125.0,64
201100037899,11,8,9,1810,1,2,1,1.0,6.0,64024,M,4348170.0,-154255.0,64
201100037900,11,8,13,1715,1,2,1,1.0,3.0,64125,M,4343230.0,-159658.0,64
201100037901,11,8,21,545,5,2,1,1.0,6.0,64024,M,4349150.0,-155186.0,64
201100037902,11,8,27,1450,1,2,9,1.0,3.0,64024,M,4349250.0,-154848.0,64
201100037903,11,9,7,930,1,2,1,1.0,3.0,64122,M,4346400.0,-155214.0,64
201100037904,11,9,7,1145,1,2,1,1.0,6.0,64122,M,4348420.0,-155595.0,64
201100037905,11,9,8,1820,1,2,1,1.0,6.0,64122,M,4347200.0,-155543.0,64
201100037906,11,9,8,1935,1,2,1,1.0,6.0,64122,M,4348560.0,-155395.0,64
201100037907,11,9,13,1715,1,1,1,1.0,3.0,64038,M,4346580.0,-153642.0,64
201100037908,11,9,15,2110,5,2,1,1.0,3.0,64122,M,4348520.0,-155627.0,64
201100037909,11,9,24,1620,1,2,2,1.0,3.0,64122,M,4348240.0,-155287.0,64
201100037910,11,10,12,745,1,2,2,1.0,3.0,64024,M,4347250.0,-154080.0,64
201100037911,11,10,16,950,1,2,1,1.0,3.0,64122,M,,,64
201100037912,11,10,26,1920,2,2,1,1.0,4.0,64122,M,4347220.0,-156706.0,64
201100037913,11,11,4,345,5,2,6,2.0,6.0,64122,M,4348110.0,-154096.0,64
201100037914,11,11,4,2010,5,2,1,2.0,3.0,64122,M,,,64
201100037915,11,11,17,2350,5,2,1,1.0,7.0,64122,M,4346790.0,-154175.0,64
201100037916,11,11,20,1315,1,2,1,1.0,3.0,64122,M,4348150.0,-155833.0,64
201100037917,11,11,26,1720,1,1,1,1.0,2.0,64122,M,4347770.0,-154448.0,64
201100037918,11,11,27,1810,1,2,9,5.0,2.0,64024,M,4348740.0,-153641.0,64
201100037919,11,11,30,1600,1,2,4,1.0,1.0,64125,M,4345100.0,-157467.0,64
201100037920,11,12,6,1750,1,2,1,1.0,3.0,64024,M,4348210.0,-154963.0,64
201100037921,11,12,7,1550,1,2,1,1.0,3.0,64122,M,4348040.0,-156352.0,64
201100037922,11,12,14,1135,1,2,1,2.0,6.0,64038,M,4345850.0,-154713.0,64
201100037923,11,12,20,1805,5,2,1,2.0,6.0,64122,M,4344800.0,-157316.0,64
201100037924,11,12,27,1830,5,2,2,1.0,3.0,64122,M,4348290.0,-155651.0,64
201100037925,11,1,3,818,2,2,3,8.0,6.0,64445,M,4330550.0,-36056.0,64
201100037926,11,1,4,735,2,2,1,1.0,6.0,64348,M,4332970.0,-37969.0,64
201100037927,11,1,6,813,2,2,1,1.0,6.0,64445,M,4331930.0,-34751.0,64
201100037928,11,1,7,815,1,2,1,1.0,3.0,64445,M,4330280.0,-35673.0,64
201100037929,11,1,7,1930,5,2,3,1.0,3.0,64237,M,4328260.0,-37260.0,64
201100037930,11,1,8,1600,1,2,1,1.0,7.0,64269,M,4329440.0,-32227.0,64
201100037931,11,1,8,1845,5,2,1,1.0,4.0,64129,M,4330380.0,-39935.0,64
201100037932,11,1,8,1715,1,2,1,1.0,6.0,64335,M,4332110.0,-43594.0,64
201100037933,11,1,9,600,5,2,1,1.0,6.0,64445,M,4329620.0,-37687.0,64
201100037934,11,1,10,1331,1,2,6,1.0,3.0,64445,M,4331290.0,-36895.0,64
201100037935,11,1,10,1340,1,2,1,1.0,6.0,64445,M,4330700.0,-35334.0,64
201100037936,11,1,10,903,1,2,6,1.0,3.0,64348,M,,,64
201100037937,11,1,11,1720,1,2,3,2.0,2.0,64445,M,4330340.0,-37966.0,64
201100037938,11,1,13,1920,5,2,3,1.0,3.0,64445,M,4330730.0,-35501.0,64
201100037939,11,1,14,1120,1,2,3,1.0,3.0,64445,M,4330870.0,-36405.0,64
201100037940,11,1,14,1800,5,2,1,1.0,3.0,64445,M,4329560.0,-37124.0,64
201100037941,11,1,14,1630,1,2,1,1.0,3.0,64445,M,4329560.0,-37583.0,64
201100037942,11,1,15,1221,1,2,1,1.0,2.0,64445,M,4329860.0,-34376.0,64
201100037943,11,1,16,305,5,2,1,1.0,1.0,64445,M,4329600.0,-38184.0,64
201100037944,11,1,16,1230,1,2,3,1.0,3.0,64445,M,4329830.0,-36247.0,64
201100037945,11,1,17,1730,1,2,1,1.0,3.0,64445,M,,,64
201100037946,11,1,18,910,1,2,3,8.0,5.0,64284,M,4329300.0,-38667.0,64
201100037947,11,1,20,852,1,2,3,1.0,3.0,64445,M,4330410.0,-35702.0,64
201100037948,11,1,21,1120,1,2,1,1.0,2.0,64445,M,,,64
201100037949,11,1,21,1450,1,2,3,1.0,3.0,64445,M,4330800.0,-35875.0,64
201100037950,11,1,22,650,5,2,3,1.0,6.0,64445,M,4329910.0,-35518.0,64
201100037951,11,1,22,805,2,2,1,1.0,6.0,64348,M,4331200.0,-42616.0,64
201100037952,11,1,22,2120,5,2,3,1.0,3.0,64445,M,4330430.0,-36759.0,64
201100037953,11,1,24,805,2,2,1,1.0,2.0,64445,M,4329370.0,-36587.0,64
201100037954,11,1,24,939,1,2,1,1.0,2.0,64445,M,,,64
201100037955,11,1,24,1750,1,2,3,1.0,3.0,64445,M,4330040.0,-37516.0,64
201100037956,11,1,25,1146,1,2,1,1.0,6.0,64445,M,4329210.0,-37832.0,64
201100037957,11,1,28,1435,1,2,3,1.0,3.0,64445,M,4330990.0,-34572.0,64
201100037958,11,2,2,1452,1,2,3,1.0,3.0,64335,M,4333080.0,-42998.0,64
201100037959,11,2,2,1300,1,2,1,1.0,6.0,64445,M,4331130.0,-36171.0,64
201100037960,11,2,3,1818,5,2,1,1.0,3.0,64445,M,4328940.0,-37779.0,64
201100037961,11,2,3,1941,5,2,3,1.0,1.0,64445,M,4330630.0,-35670.0,64
201100037962,11,2,4,1739,1,2,1,1.0,5.0,64129,M,4329920.0,-39081.0,64
201100037963,11,2,4,2020,5,2,1,1.0,3.0,64445,M,4330760.0,-37652.0,64
201100037964,11,2,6,1905,5,2,3,1.0,3.0,64445,M,4332220.0,-36614.0,64
201100037965,11,2,6,1950,5,2,6,1.0,3.0,64284,M,4329000.0,-38391.0,64
201100037966,11,2,8,750,2,1,1,1.0,6.0,64335,M,,,64
201100037967,11,2,9,1725,1,2,3,1.0,3.0,64445,M,4330980.0,-34374.0,64
201100037968,11,2,10,1035,1,2,1,1.0,3.0,64129,M,4329830.0,-38933.0,64
201100037969,11,2,11,800,2,2,1,1.0,3.0,64129,M,4330590.0,-39986.0,64
201100037970,11,2,12,2330,5,2,2,1.0,3.0,64445,M,4329450.0,-37060.0,64
201100037971,11,2,13,45,5,2,1,1.0,3.0,64445,M,4329660.0,-36385.0,64
201100037972,11,2,14,1515,1,2,1,8.0,2.0,64445,M,4333360.0,-37163.0,64
201100037973,11,2,15,915,1,2,6,1.0,3.0,64335,M,,,64
201100037974,11,2,16,950,1,2,3,1.0,2.0,64348,M,4332410.0,-40390.0,64
201100037975,11,2,16,1820,1,2,3,1.0,3.0,64445,M,4330040.0,-36489.0,64
201100037976,11,2,18,1008,1,2,6,1.0,3.0,64445,M,4331900.0,-36003.0,64
201100037977,11,2,19,1615,1,2,3,2.0,3.0,64445,M,4330290.0,-37354.0,64
201100037978,11,2,21,2100,5,2,1,1.0,6.0,64445,M,4329290.0,-36034.0,64
201100037979,11,2,23,730,2,2,1,1.0,3.0,64348,M,4331380.0,-41763.0,64
201100037980,11,2,26,2245,5,2,3,2.0,3.0,64348,M,4332460.0,-37953.0,64
201100037981,11,2,28,1015,1,2,1,2.0,6.0,64445,M,4331630.0,-36124.0,64
201100037982,11,3,1,1726,1,2,3,1.0,3.0,64445,M,4331780.0,-34391.0,64
201100037983,11,3,2,1020,1,2,1,8.0,3.0,64335,M,,,64
201100037984,11,3,7,1655,1,2,1,7.0,2.0,64445,M,4333030.0,-35603.0,64
201100037985,11,3,8,1615,1,2,1,1.0,2.0,64132,M,4330280.0,-31971.0,64
201100037986,11,3,11,915,1,2,1,1.0,5.0,64445,M,4331060.0,-36781.0,64
201100037987,11,3,11,1337,1,2,1,1.0,3.0,64445,M,4331760.0,-34313.0,64
201100037988,11,3,15,1424,1,2,3,1.0,2.0,64445,M,,,64
201100037989,11,3,16,1942,5,2,2,3.0,6.0,64445,M,4330450.0,-36823.0,64
201100037990,11,3,17,1440,1,2,1,2.0,6.0,64445,M,4330960.0,-33951.0,64
201100037991,11,3,18,1400,1,2,1,1.0,6.0,64445,M,4330970.0,-36353.0,64
201100037992,11,3,19,1828,1,2,6,1.0,3.0,64335,M,,,64
201100037993,11,3,21,1205,1,2,2,1.0,3.0,64445,M,4330630.0,-37507.0,64
201100037994,11,3,21,1735,1,2,3,1.0,6.0,64445,M,4331490.0,-37784.0,64
201100037995,11,3,21,1958,5,2,3,1.0,3.0,64445,M,4331120.0,-35866.0,64
201100037996,11,3,22,1139,1,2,3,1.0,3.0,64445,M,4330150.0,-37350.0,64
201100037997,11,3,24,925,1,2,6,1.0,3.0,64445,M,4331110.0,-36298.0,64
201100037998,11,3,23,1010,1,2,3,1.0,3.0,64445,M,4331930.0,-36754.0,64
201100037999,11,3,25,1340,1,2,3,1.0,2.0,64445,M,4330540.0,-36800.0,64
201100038000,11,3,26,1700,1,1,1,1.0,3.0,64348,M,4330620.0,-42283.0,64
201100038001,11,3,27,1823,1,2,6,1.0,3.0,64129,M,4331540.0,-38680.0,64
201100038002,11,3,28,1410,1,2,1,3.0,3.0,64445,M,4330710.0,-39727.0,64
201100038003,11,3,29,1207,1,2,3,1.0,6.0,64445,M,4329980.0,-37506.0,64
201100038004,11,3,29,1625,1,2,1,1.0,6.0,64445,M,4329510.0,-36248.0,64
201100038005,11,3,29,1759,1,2,1,1.0,3.0,64445,M,4332420.0,-37957.0,64
201100038006,11,3,29,1210,1,2,1,1.0,6.0,64445,M,4329500.0,-36774.0,64
201100038007,11,3,30,1810,1,2,1,8.0,6.0,64237,M,4328210.0,-37954.0,64
201100038008,11,4,1,1415,1,2,1,1.0,2.0,64445,M,4330850.0,-36414.0,64
201100038009,11,4,1,1820,1,2,1,1.0,6.0,64445,M,4333420.0,-37417.0,64
201100038010,11,4,3,1825,1,2,2,2.0,3.0,64445,M,4330730.0,-35501.0,64
201100038011,11,4,5,1437,1,2,1,7.0,1.0,64445,M,4332020.0,-36394.0,64
201100038012,11,4,5,1739,1,2,3,7.0,2.0,64445,M,,,64
201100038013,11,4,6,1540,1,2,1,7.0,2.0,64445,M,4332000.0,-37882.0,64
201100038014,11,4,6,1940,1,2,1,1.0,3.0,64445,M,,,64
201100038015,11,4,8,857,1,2,2,1.0,6.0,64445,M,4329450.0,-37056.0,64
201100038016,11,4,8,1807,1,2,1,1.0,3.0,64445,M,4329340.0,-36937.0,64
201100038017,11,4,8,1912,1,2,1,1.0,3.0,64129,M,4329930.0,-39118.0,64
201100038018,11,4,9,1430,1,2,1,1.0,3.0,64445,M,4331480.0,-35445.0,64
201100038019,11,4,9,2100,1,2,1,1.0,3.0,64445,M,4330430.0,-37747.0,64
201100038020,11,4,10,1455,1,2,3,1.0,3.0,64445,M,4329830.0,-36248.0,64
201100038021,11,4,9,700,2,2,1,1.0,6.0,64445,M,4330050.0,-36462.0,64
201100038022,11,4,15,1110,1,2,1,1.0,3.0,64284,M,4328850.0,-38891.0,64
201100038023,11,4,15,1402,1,2,1,1.0,3.0,64348,M,4332330.0,-37944.0,64
201100038024,11,4,15,1705,1,2,1,1.0,3.0,64445,M,4330510.0,-34042.0,64
201100038025,11,4,17,1550,1,2,3,1.0,2.0,64445,M,4330410.0,-37725.0,64
201100038026,11,4,21,1021,1,2,1,1.0,6.0,64445,M,4331080.0,-34889.0,64
201100038027,11,4,15,1845,1,2,6,1.0,3.0,64348,M,4331850.0,-43182.0,64
201100038028,11,4,21,1730,1,2,1,1.0,4.0,64445,M,4330690.0,-34250.0,64
201100038029,11,4,21,2015,1,2,2,1.0,3.0,64445,M,4329880.0,-37488.0,64
201100038030,11,4,23,2330,5,2,1,2.0,3.0,64132,M,4328830.0,-35273.0,64
201100038031,11,4,23,1950,1,2,1,2.0,2.0,64445,M,4333010.0,-35544.0,64
201100038032,11,4,25,1650,1,2,2,1.0,3.0,64445,M,4330270.0,-37452.0,64
201100038033,11,4,26,925,1,2,1,1.0,6.0,64445,M,4330420.0,-37584.0,64
201100038034,11,4,27,920,1,2,2,1.0,3.0,64445,M,4330350.0,-36233.0,64
201100038035,11,4,27,1545,1,2,1,1.0,2.0,64129,M,4330120.0,-39447.0,64
201100038036,11,4,28,1816,1,2,3,1.0,3.0,64445,M,4329730.0,-38735.0,64
201100038037,11,4,29,2110,5,2,1,1.0,7.0,64445,M,4333220.0,-36568.0,64
201100038038,11,5,1,2000,1,1,1,1.0,3.0,64335,M,4334570.0,-45177.0,64
201100038039,11,5,2,1205,1,2,3,1.0,3.0,64445,M,4329870.0,-37687.0,64
201100038040,11,5,2,1230,1,2,1,1.0,3.0,64445,M,4332090.0,-37912.0,64
201100038041,11,5,3,845,1,2,3,1.0,3.0,64445,M,4332870.0,-36752.0,64
201100038042,11,5,6,1600,1,2,6,1.0,6.0,64445,M,4331880.0,-35974.0,64
201100038043,11,5,6,1425,1,2,1,1.0,2.0,64445,M,4329220.0,-36484.0,64
201100038044,11,5,9,1755,1,2,1,7.0,4.0,64373,M,4327960.0,-35887.0,64
201100038045,11,5,10,2055,1,2,6,1.0,3.0,64335,M,4334460.0,-43086.0,64
201100038046,11,5,11,1842,1,2,1,1.0,6.0,64445,M,4329970.0,-37036.0,64
201100038047,11,5,12,850,1,2,1,1.0,1.0,64335,M,4333980.0,-44292.0,64
201100038048,11,5,13,5,5,2,1,2.0,6.0,64445,M,4331610.0,-36148.0,64
201100038049,11,5,13,55,5,2,3,1.0,2.0,64445,M,4330330.0,-37091.0,64
201100038050,11,5,13,1130,1,2,1,1.0,3.0,64129,M,4330290.0,-39757.0,64
201100038051,11,5,13,2155,5,2,1,1.0,2.0,64445,M,4329500.0,-37321.0,64
201100038052,11,5,15,630,2,2,1,1.0,3.0,64335,M,4334280.0,-41232.0,64
201100038053,11,5,17,1240,1,2,1,1.0,4.0,64445,M,4330260.0,-35213.0,64
201100038054,11,5,18,530,2,1,1,1.0,7.0,64335,M,4334450.0,-42952.0,64
201100038055,11,5,20,750,1,2,1,1.0,3.0,64445,M,4331220.0,-38095.0,64
201100038056,11,5,20,740,1,2,2,1.0,2.0,64335,M,4333320.0,-45323.0,64
201100038057,11,5,20,1200,1,2,3,1.0,2.0,64445,M,4330580.0,-34985.0,64
201100038058,11,5,23,815,1,2,3,1.0,3.0,64284,M,4329220.0,-40122.0,64
201100038059,11,5,23,1655,1,2,1,1.0,1.0,64445,M,4329890.0,-37487.0,64
201100038060,11,5,24,1410,1,2,6,1.0,3.0,64445,M,4331130.0,-36235.0,64
201100038061,11,5,24,1505,1,1,1,1.0,3.0,64348,M,4331670.0,-42290.0,64
201100038062,11,5,25,1355,1,2,1,1.0,3.0,64445,M,4330600.0,-33581.0,64
201100038063,11,5,28,435,5,2,6,1.0,3.0,64237,M,4327980.0,-38008.0,64
201100038064,11,5,31,1755,1,2,6,1.0,3.0,64132,M,4329130.0,-33155.0,64
201100038065,11,5,31,1345,1,1,1,2.0,1.0,64335,M,4333530.0,-45708.0,64
201100038066,11,6,1,2355,5,2,3,2.0,3.0,64445,M,4330490.0,-35233.0,64
201100038067,11,6,5,1025,1,2,1,1.0,1.0,64445,M,4331970.0,-35870.0,64
201100038068,11,6,7,655,2,2,3,2.0,3.0,64445,M,4329330.0,-36123.0,64
201100038069,11,6,8,1445,1,2,3,2.0,3.0,64445,M,4329910.0,-37189.0,64
201100038070,11,6,12,1320,1,2,1,1.0,3.0,64445,M,4330750.0,-37073.0,64
201100038071,11,6,14,1745,1,2,1,1.0,2.0,64269,M,4330180.0,-31589.0,64
201100038072,11,6,16,1915,1,2,3,2.0,3.0,64445,M,4331510.0,-33601.0,64
201100038073,11,6,16,1915,1,2,3,2.0,3.0,64445,M,4332660.0,-34172.0,64
201100038074,11,6,20,1440,1,2,1,1.0,7.0,64445,M,4331920.0,-37864.0,64
201100038075,11,6,21,1324,1,2,1,7.0,1.0,64445,M,4329430.0,-35903.0,64
201100038076,11,6,21,1815,1,2,6,1.0,2.0,64129,M,4330510.0,-40177.0,64
201100038077,11,6,21,1900,1,2,1,1.0,7.0,64399,M,4334790.0,-37993.0,64
201100038078,11,6,24,1733,1,2,3,1.0,6.0,64445,M,4329270.0,-37804.0,64
201100038079,11,6,27,1820,1,2,1,1.0,2.0,64335,M,4331720.0,-42393.0,64
201100038080,11,6,28,835,1,2,6,1.0,3.0,64348,M,4332070.0,-39149.0,64
201100038081,11,6,28,2320,5,2,1,2.0,3.0,64129,M,4330110.0,-39447.0,64
201100038082,11,6,29,2305,5,2,1,1.0,3.0,64445,M,4329220.0,-36874.0,64
201100038083,11,6,29,1425,1,2,1,1.0,2.0,64315,M,4331440.0,-42912.0,64
201100038084,11,6,30,1210,1,2,3,1.0,3.0,64445,M,4333110.0,-37968.0,64
201100038085,11,6,30,1945,1,2,2,1.0,2.0,64445,M,4331910.0,-36403.0,64
201100038086,11,7,2,1803,1,2,2,1.0,3.0,64445,M,4329630.0,-37635.0,64
201100038087,11,7,4,1800,1,2,3,1.0,6.0,64445,M,4330810.0,-36054.0,64
201100038088,11,7,5,1215,1,2,1,1.0,4.0,64445,M,4331660.0,-36050.0,64
201100038089,11,7,5,1720,1,2,1,1.0,3.0,64445,M,4331410.0,-37029.0,64
201100038090,11,7,5,1730,1,2,1,1.0,3.0,64399,M,4333910.0,-37975.0,64
201100038091,11,7,6,1310,1,2,1,1.0,2.0,64129,M,4330600.0,-40332.0,64
201100038092,11,7,7,1745,1,1,3,2.0,3.0,64445,M,4329460.0,-37712.0,64
201100038093,11,7,11,1620,1,2,2,1.0,3.0,64445,M,4332540.0,-37569.0,64
201100038094,11,7,12,1225,1,2,1,1.0,6.0,64445,M,4329270.0,-37806.0,64
201100038095,11,7,12,1800,1,2,2,2.0,3.0,64445,M,4330200.0,-37935.0,64
201100038096,11,7,12,1917,1,2,1,2.0,2.0,64445,M,4331870.0,-35943.0,64
201100038097,11,7,13,1010,1,2,2,2.0,3.0,64445,M,4331390.0,-37577.0,64
201100038098,11,7,15,1237,1,2,1,7.0,3.0,64445,M,4329410.0,-36318.0,64
201100038099,11,7,18,1725,1,2,1,1.0,6.0,64445,M,4330810.0,-36420.0,64
201100038100,11,7,20,1900,1,2,2,1.0,6.0,64445,M,4329210.0,-36484.0,64
201100038101,11,7,21,800,1,2,1,1.0,6.0,64445,M,4329430.0,-37215.0,64
201100038102,11,7,21,1813,1,2,1,1.0,4.0,64445,M,4334470.0,-37990.0,64
201100038103,11,7,25,1734,1,2,3,2.0,3.0,64445,M,4330860.0,-36304.0,64
201100038104,11,7,27,1615,1,2,1,1.0,6.0,64348,M,4333650.0,-38937.0,64
201100038105,11,7,31,1800,1,1,1,1.0,2.0,64269,M,4328670.0,-32751.0,64
201100038106,11,7,31,1855,1,2,1,1.0,3.0,64335,M,4332540.0,-43663.0,64
201100038107,11,8,4,1445,1,2,1,1.0,6.0,64445,M,4331450.0,-37786.0,64
201100038108,11,8,3,1200,1,2,1,1.0,6.0,64315,M,4330490.0,-42490.0,64
201100038109,11,8,4,140,5,2,1,1.0,6.0,64445,M,4330980.0,-37688.0,64
201100038110,11,8,4,1547,1,2,3,1.0,2.0,64445,M,4329440.0,-36805.0,64
201100038111,11,8,5,1140,1,2,1,1.0,2.0,64335,M,4333320.0,-45319.0,64
201100038112,11,8,5,1840,1,2,1,1.0,2.0,64445,M,4330380.0,-38009.0,64
201100038113,11,8,6,1505,1,2,2,1.0,2.0,64445,M,4330570.0,-37034.0,64
201100038114,11,8,6,1625,1,2,1,1.0,2.0,64348,M,4331060.0,-41185.0,64
201100038115,11,8,8,1558,1,2,1,1.0,4.0,64445,M,4330120.0,-37532.0,64
201100038116,11,8,10,2155,5,2,2,1.0,3.0,64445,M,4329230.0,-39029.0,64
201100038117,11,8,14,1650,1,2,1,1.0,6.0,64445,M,4330250.0,-37559.0,64
201100038118,11,8,17,1235,1,2,1,1.0,3.0,64348,M,4331400.0,-40717.0,64
201100038119,11,8,18,1531,1,2,6,1.0,3.0,64129,M,4332090.0,-39162.0,64
201100038120,11,8,18,1600,1,2,1,1.0,7.0,64445,M,4330300.0,-39600.0,64
201100038121,11,8,18,1800,1,1,1,1.0,1.0,64335,M,4334120.0,-43375.0,64
201100038122,11,8,23,1700,1,2,6,1.0,2.0,64348,M,4333960.0,-38494.0,64
201100038123,11,8,24,1150,1,2,2,2.0,3.0,64335,M,4332160.0,-43822.0,64