Num_Acc,an,mois,jour,hrmn,lum,agg,int,atm,col,com,gps,lat,long,dep
201100038124,11,8,24,1558,1,2,1,8.0,6.0,64445,M,4329070.0,-35403.0,64
201100038125,11,8,24,1845,1,2,1,1.0,2.0,64405,M,4331900.0,-30767.0,64
201100038126,11,8,24,2305,5,2,2,1.0,3.0,64445,M,4330540.0,-36109.0,64
201100038127,11,8,25,1815,1,2,2,1.0,3.0,64445,M,4329830.0,-35960.0,64
201100038128,11,8,28,1450,1,2,6,1.0,6.0,64445,M,4330560.0,-37645.0,64
201100038129,11,8,29,1830,1,2,1,1.0,6.0,64445,M,4330740.0,-35801.0,64
201100038130,11,9,3,1150,1,2,6,1.0,6.0,64129,M,4330480.0,-40112.0,64
201100038131,11,9,3,1905,1,2,6,1.0,3.0,64445,M,4330570.0,-37661.0,64
201100038132,11,9,4,1105,1,2,6,1.0,2.0,64445,M,4331800.0,-37826.0,64
201100038133,11,9,5,1422,1,2,2,1.0,6.0,64445,M,4332410.0,-33344.0,64
201100038134,11,9,5,1550,1,2,2,1.0,3.0,64445,M,4330760.0,-35650.0,64
201100038135,11,9,5,1745,1,2,3,1.0,3.0,64445,M,4329470.0,-36516.0,64
201100038136,11,9,8,758,1,2,1,1.0,3.0,64132,M,4330000.0,-30943.0,64
201100038137,11,9,8,1620,1,2,1,1.0,2.0,64445,M,4331520.0,-38564.0,64
201100038138,11,9,8,1845,1,2,1,1.0,2.0,64445,M,4330410.0,-37780.0,64
201100038139,11,9,12,1038,1,2,1,1.0,6.0,64445,M,4329640.0,-37514.0,64
201100038140,11,9,12,1650,1,2,1,1.0,1.0,64129,M,4330230.0,-41456.0,64
201100038141,11,9,12,1725,1,2,1,1.0,6.0,64445,M,4331040.0,-33230.0,64
201100038142,11,9,14,1200,1,2,2,1.0,3.0,64445,M,4331910.0,-37116.0,64
201100038143,11,9,14,1212,1,2,3,1.0,3.0,64445,M,4330030.0,-39289.0,64
201100038144,11,9,16,810,1,2,1,1.0,6.0,64445,M,4331410.0,-35741.0,64
201100038145,11,9,16,1755,1,2,1,1.0,2.0,64445,M,4331080.0,-34900.0,64
201100038146,11,9,17,2010,2,2,6,2.0,3.0,64445,M,4331100.0,-36287.0,64
201100038147,11,9,19,820,1,2,1,2.0,4.0,64445,M,4333590.0,-36384.0,64
201100038148,11,9,19,1555,1,2,1,1.0,6.0,64445,M,4331740.0,-35243.0,64
201100038149,11,9,19,1830,1,2,3,1.0,3.0,64445,M,4332240.0,-38564.0,64
201100038150,11,9,20,830,1,1,1,1.0,3.0,64399,M,4335010.0,-38661.0,64
201100038151,11,9,21,810,1,2,3,1.0,3.0,64445,M,4332280.0,-36954.0,64
201100038152,11,9,21,1910,1,2,3,1.0,3.0,64445,M,4330520.0,-35144.0,64
201100038153,11,9,22,1720,1,2,3,1.0,3.0,64445,M,4329330.0,-36868.0,64
201100038154,11,9,23,2010,1,2,1,1.0,6.0,64445,M,4328430.0,-38826.0,64
201100038155,11,9,27,925,1,2,1,1.0,3.0,64445,M,4333390.0,-37970.0,64
201100038156,11,9,27,1030,1,2,3,1.0,3.0,64445,M,4329460.0,-37210.0,64
201100038157,11,9,27,1120,1,2,1,1.0,2.0,64445,M,4332140.0,-35921.0,64
201100038158,11,9,28,754,1,2,3,1.0,3.0,64399,M,4334830.0,-38148.0,64
201100038159,11,9,28,1115,1,2,3,1.0,3.0,64445,M,4329140.0,-37999.0,64
201100038160,11,9,28,1116,1,2,1,1.0,6.0,64445,M,4330240.0,-39616.0,64
201100038161,11,9,29,845,1,1,3,1.0,3.0,64399,M,4334480.0,-37990.0,64
201100038162,11,9,29,1030,1,2,3,1.0,3.0,64335,M,4333230.0,-42408.0,64
201100038163,11,9,29,1250,1,2,1,1.0,3.0,64445,M,4331590.0,-34829.0,64
201100038164,11,9,29,1343,1,2,1,1.0,6.0,64445,M,4329720.0,-36415.0,64
201100038165,11,9,29,1520,1,2,6,1.0,3.0,64445,M,4331900.0,-36238.0,64
201100038166,11,10,1,1145,1,2,3,1.0,2.0,64445,M,4330540.0,-36801.0,64
201100038167,11,10,3,1105,1,2,1,1.0,6.0,64445,M,4331500.0,-37792.0,64
201100038168,11,10,6,1745,1,2,3,1.0,2.0,64335,M,4331370.0,-41747.0,64
201100038169,11,10,7,1415,1,2,3,2.0,6.0,64445,M,4330180.0,-35631.0,64
201100038170,11,10,7,1610,1,2,1,1.0,6.0,64445,M,4331710.0,-36003.0,64
201100038171,11,10,7,1728,1,2,1,1.0,2.0,64445,M,,,64
201100038172,11,10,8,710,2,2,1,1.0,1.0,64315,M,4330810.0,-42643.0,64
201100038173,11,10,10,704,5,2,3,1.0,3.0,64445,M,4329840.0,-36428.0,64
201100038174,11,10,10,854,1,2,1,1.0,2.0,64348,M,,,64
201100038175,11,10,10,919,1,2,3,1.0,3.0,64445,M,4331900.0,-37297.0,64
201100038176,11,10,10,1045,1,2,1,1.0,6.0,64445,M,4331790.0,-37844.0,64
201100038177,11,10,10,1405,1,2,3,1.0,6.0,64445,M,4330970.0,-36614.0,64
201100038178,11,10,10,1720,1,2,1,1.0,2.0,64445,M,4333220.0,-36540.0,64
201100038179,11,10,11,1955,1,2,3,1.0,3.0,64445,M,4330110.0,-35936.0,64
201100038180,11,10,12,745,1,2,3,1.0,3.0,64445,M,4331100.0,-35173.0,64
201100038181,11,10,12,800,1,2,1,1.0,3.0,64445,M,,,64
201100038182,11,10,13,755,1,2,1,1.0,3.0,64445,M,4331870.0,-38127.0,64
201100038183,11,10,13,1145,1,2,1,1.0,3.0,64445,M,4330130.0,-39138.0,64
201100038184,11,10,13,1425,1,2,1,1.0,3.0,64445,M,4330450.0,-39108.0,64
201100038185,11,10,13,2020,5,2,2,1.0,3.0,64445,M,4330270.0,-35209.0,64
201100038186,11,10,14,1150,1,2,3,1.0,1.0,64445,M,4330040.0,-37521.0,64
201100038187,11,10,14,1635,1,2,3,1.0,6.0,64445,M,4329880.0,-37478.0,64
201100038188,11,10,14,1825,1,2,3,1.0,3.0,64445,M,4329220.0,-36482.0,64
201100038189,11,10,15,932,1,2,2,1.0,3.0,64348,M,,,64
201100038190,11,10,16,1750,1,2,6,1.0,3.0,64445,M,4330630.0,-33375.0,64
201100038191,11,10,17,1045,1,2,1,1.0,1.0,64284,M,4327320.0,-38897.0,64
201100038192,11,10,18,1810,1,2,1,1.0,2.0,64445,M,4332010.0,-35108.0,64
201100038193,11,10,19,1635,1,2,3,2.0,3.0,64445,M,,,64
201100038194,11,10,20,1450,1,2,2,1.0,6.0,64445,M,4331110.0,-35412.0,64
201100038195,11,10,21,1820,2,2,2,1.0,3.0,64445,M,,,64
201100038196,11,10,22,2310,5,2,2,1.0,3.0,64445,M,4330440.0,-36758.0,64
201100038197,11,10,23,1545,1,2,1,1.0,3.0,64284,M,4329490.0,-41394.0,64
201100038198,11,10,25,2140,5,2,5,1.0,3.0,64445,M,4330160.0,-36723.0,64
201100038199,11,10,26,755,5,2,2,1.0,3.0,64284,M,4329300.0,-38667.0,64
201100038200,11,10,26,930,1,2,1,7.0,2.0,64269,M,4328490.0,-32073.0,64
201100038201,11,10,26,1105,1,1,1,1.0,4.0,64284,M,4326520.0,-39004.0,64
201100038202,11,10,27,1855,5,2,1,2.0,3.0,64335,M,4334560.0,-45062.0,64
201100038203,11,10,31,1135,1,1,1,1.0,2.0,64348,M,4332930.0,-39281.0,64
201100038204,11,11,2,1815,2,1,2,1.0,3.0,64348,M,4331280.0,-41570.0,64
201100038205,11,11,4,820,1,2,1,1.0,2.0,64445,M,,,64
201100038206,11,11,5,1125,1,2,3,1.0,3.0,64445,M,,,64
201100038207,11,11,6,1401,1,2,2,3.0,3.0,64445,M,4333550.0,-37970.0,64
201100038208,11,11,7,1640,1,2,1,2.0,2.0,64445,M,4331900.0,-36306.0,64
201100038209,11,11,7,1230,1,1,1,2.0,6.0,64445,M,4331480.0,-35774.0,64
201100038210,11,11,10,730,2,2,2,2.0,3.0,64445,M,4330490.0,-35232.0,64
201100038211,11,11,10,1210,1,2,1,1.0,6.0,64445,M,4330450.0,-36821.0,64
201100038212,11,11,12,1610,1,2,1,1.0,2.0,64445,M,4330270.0,-36156.0,64
201100038213,11,11,15,745,1,1,1,1.0,1.0,64237,M,,,64
201100038214,11,11,15,1425,1,2,1,1.0,2.0,64445,M,4330040.0,-36575.0,64
201100038215,11,11,16,750,1,2,1,1.0,4.0,64284,M,4328020.0,-38764.0,64
201100038216,11,11,17,1623,1,2,1,1.0,3.0,64445,M,,,64
201100038217,11,11,19,1505,1,2,6,1.0,6.0,64445,M,4330170.0,-34473.0,64
201100038218,11,11,20,1530,1,2,1,1.0,2.0,64269,M,4328240.0,-31555.0,64
201100038219,11,11,22,1015,1,2,1,8.0,2.0,64445,M,,,64
201100038220,11,11,22,1110,1,1,1,1.0,4.0,64335,M,,,64
201100038221,11,11,25,822,1,2,1,1.0,3.0,64445,M,4330940.0,-36395.0,64
201100038222,11,11,26,1830,5,2,1,1.0,1.0,64445,M,4332190.0,-34659.0,64
201100038223,11,11,26,1920,5,2,1,1.0,6.0,64445,M,4331090.0,-35652.0,64
201100038224,11,11,28,1910,5,2,2,1.0,3.0,64445,M,4330300.0,-35213.0,64
201100038225,11,11,29,1605,1,2,1,1.0,6.0,64445,M,4329680.0,-36627.0,64
201100038226,11,11,30,1046,1,2,1,1.0,2.0,64445,M,4331820.0,-35665.0,64
201100038227,11,12,1,1645,1,2,6,1.0,3.0,64445,M,4329590.0,-41472.0,64
201100038228,11,12,1,1750,2,2,3,1.0,3.0,64445,M,4329330.0,-36126.0,64
201100038229,11,12,1,1840,5,2,1,1.0,6.0,64399,M,4334830.0,-37993.0,64
201100038230,11,12,2,1342,1,2,3,1.0,3.0,64445,M,4330610.0,-39392.0,64
201100038231,11,12,2,1805,5,2,1,1.0,6.0,64445,M,4327910.0,-36443.0,64
201100038232,11,12,3,2315,5,2,2,8.0,6.0,64445,M,4330540.0,-36107.0,64
201100038233,11,12,4,2155,5,2,1,1.0,6.0,64445,M,4329170.0,-37848.0,64
201100038234,11,12,4,1800,5,2,3,1.0,3.0,64445,M,4332370.0,-35026.0,64
201100038235,11,12,5,850,1,2,3,2.0,3.0,64445,M,4329230.0,-40122.0,64
201100038236,11,12,6,1930,5,2,1,2.0,2.0,64445,M,4330660.0,-37629.0,64
201100038237,11,12,6,2055,5,2,1,2.0,3.0,64445,M,4331400.0,-31792.0,64
201100038238,11,12,8,830,1,2,1,1.0,3.0,64445,M,4330160.0,-36931.0,64
201100038239,11,12,8,1420,1,2,1,1.0,6.0,64445,M,4331130.0,-35647.0,64
201100038240,11,12,8,1550,1,2,1,1.0,6.0,64445,M,4331100.0,-36311.0,64
201100038241,11,12,8,2100,5,2,1,1.0,2.0,64315,M,4331950.0,-43324.0,64
201100038242,11,12,8,1212,1,2,1,1.0,6.0,64445,M,,,64
201100038243,11,12,9,1745,5,2,3,1.0,3.0,64445,M,4329940.0,-38602.0,64
201100038244,11,12,10,1350,1,2,1,1.0,6.0,64445,M,4329900.0,-37366.0,64
201100038245,11,12,13,755,2,1,1,1.0,2.0,64373,M,4328470.0,-34411.0,64
201100038246,11,12,14,755,2,2,6,8.0,3.0,64445,M,4331120.0,-36239.0,64
201100038247,11,12,14,2210,5,2,1,8.0,3.0,64445,M,4331330.0,-35798.0,64
201100038248,11,12,15,1310,1,1,6,8.0,3.0,64335,M,4334460.0,-43086.0,64
201100038249,11,12,16,1840,5,2,3,8.0,3.0,64152,M,4332430.0,-33646.0,64
201100038250,11,12,18,2145,5,2,2,1.0,3.0,64445,M,4330430.0,-36763.0,64
201100038251,11,12,20,950,1,2,6,2.0,3.0,64445,M,4331320.0,-36858.0,64
201100038252,11,12,21,1805,5,2,3,2.0,6.0,64445,M,4329720.0,-37544.0,64
201100038253,11,12,21,1815,3,2,1,1.0,6.0,64445,M,4329190.0,-36656.0,64
201100038254,11,12,22,918,1,2,3,2.0,3.0,64445,M,4330390.0,-39688.0,64
201100038255,11,12,23,1005,1,2,1,1.0,6.0,64445,M,4332110.0,-34673.0,64
201100038256,11,12,26,1640,1,2,2,1.0,3.0,64445,M,4332840.0,-37636.0,64
201100038257,11,12,26,1700,1,2,1,7.0,6.0,64445,M,4329340.0,-36910.0,64
201100038258,11,12,27,2035,5,2,6,1.0,3.0,64445,M,4331170.0,-36299.0,64
201100038259,11,12,28,930,1,2,6,1.0,3.0,64445,M,4330820.0,-33927.0,64
201100038260,11,1,5,1555,1,2,1,2.0,3.0,64260,M,4335520.0,-177453.0,64
201100038261,11,1,7,1310,1,1,1,1.0,7.0,64545,M,4334970.0,-174477.0,64
201100038262,11,1,12,910,1,2,1,1.0,4.0,64545,M,4336980.0,-168299.0,64
201100038263,11,1,16,1500,1,2,1,1.0,2.0,64249,M,4341970.0,-160745.0,64
201100038264,11,1,24,1645,1,2,1,1.0,3.0,64483,M,4339060.0,-165919.0,64
201100038265,11,1,30,2230,5,2,1,1.0,7.0,64483,M,4337430.0,-167917.0,64
201100038266,11,2,2,1420,1,2,1,8.0,3.0,64483,M,4339510.0,-164844.0,64
201100038267,11,3,19,1555,1,2,1,1.0,6.0,64260,M,4334590.0,-176378.0,64
201100038268,11,2,3,1455,1,2,1,8.0,3.0,64483,M,4338340.0,-165942.0,64
201100038269,11,3,24,1925,2,2,1,1.0,2.0,64260,M,4334650.0,-176573.0,64
201100038270,11,4,5,1020,1,2,1,1.0,3.0,64260,M,4334910.0,-176956.0,64
201100038271,11,2,9,1725,1,1,1,1.0,7.0,64545,M,4338630.0,-171026.0,64
201100038272,11,4,7,2015,1,2,1,1.0,3.0,64260,M,4336380.0,-176454.0,64
201100038273,11,2,13,1125,1,2,1,1.0,3.0,64483,M,4337870.0,-163870.0,64
201100038274,11,4,11,1810,1,2,1,1.0,3.0,64260,M,4335350.0,-178036.0,64
201100038275,11,2,17,2015,5,2,1,1.0,2.0,64249,M,4342160.0,-160502.0,64
201100038276,11,5,9,1635,1,2,1,1.0,3.0,64260,M,4334700.0,-177138.0,64
201100038277,11,5,18,1100,1,2,1,1.0,2.0,64260,M,4335710.0,-177441.0,64
201100038278,11,5,25,1835,1,2,3,1.0,3.0,64260,M,4334960.0,-177409.0,64
201100038279,11,3,8,815,1,2,1,1.0,3.0,64483,M,4338760.0,-164972.0,64
201100038280,11,6,1,1630,1,2,1,1.0,2.0,64545,M,4350460.0,-146740.0,64
201100038281,11,3,8,1155,1,1,1,1.0,6.0,64545,M,4337160.0,-167140.0,64
201100038282,11,6,3,1540,1,2,1,1.0,3.0,64260,M,4335710.0,-177444.0,64
201100038283,11,6,7,840,1,1,1,3.0,7.0,64545,M,4335270.0,-173917.0,64
201100038284,11,3,14,1205,1,2,1,8.0,4.0,64249,M,4342100.0,-160599.0,64
201100038285,11,3,24,1725,1,2,1,1.0,6.0,64189,M,4338730.0,-166980.0,64
201100038286,11,6,20,1010,1,2,1,1.0,2.0,64260,M,4334980.0,-177302.0,64
201100038287,11,4,7,1235,1,2,1,1.0,7.0,64483,M,4337780.0,-163788.0,64
201100038288,11,7,3,1810,1,2,1,1.0,3.0,64260,M,4335520.0,-176795.0,64
201100038289,11,4,9,1435,1,1,1,1.0,3.0,64545,M,4336860.0,-168540.0,64
201100038290,11,7,13,900,1,1,1,3.0,5.0,64545,M,4335820.0,-173372.0,64
201100038291,11,4,20,1545,1,2,1,1.0,3.0,64483,M,4338720.0,-165905.0,64
201100038292,11,7,14,1930,1,2,1,1.0,1.0,64260,M,4337250.0,-177287.0,64
201100038293,11,4,22,1335,1,2,1,8.0,2.0,64483,M,4339680.0,-164558.0,64
201100038294,11,8,15,420,5,2,1,1.0,7.0,64260,M,4337050.0,-178491.0,64
201100038295,11,5,4,1940,1,1,1,1.0,3.0,64483,M,4337290.0,-168065.0,64
201100038296,11,8,17,1615,1,1,1,1.0,5.0,64260,M,4334920.0,-177099.0,64
201100038297,11,5,5,1450,1,2,1,1.0,7.0,64483,M,4340190.0,-163625.0,64
201100038298,11,8,25,1920,1,2,1,1.0,3.0,64260,M,4336940.0,-177270.0,64
201100038299,11,1,4,1645,1,2,1,1.0,6.0,64189,M,4337820.0,-167256.0,64
201100038300,11,5,15,1630,1,2,1,1.0,6.0,64483,M,4339570.0,-163191.0,64
201100038301,11,9,16,1345,1,2,1,1.0,2.0,64260,M,4335240.0,-178198.0,64
201100038302,11,5,18,1255,1,2,1,1.0,3.0,64483,M,4338620.0,-165561.0,64
201100038303,11,5,22,1933,1,2,1,1.0,7.0,64483,M,4338670.0,-164995.0,64
201100038304,11,5,27,2020,2,1,1,1.0,7.0,64483,M,4341090.0,-162080.0,64
201100038305,11,5,28,1625,1,1,1,1.0,5.0,64545,M,4336200.0,-171598.0,64
201100038306,11,5,28,1115,1,2,1,1.0,6.0,64483,M,4339970.0,-164018.0,64
201100038307,11,6,3,1640,1,1,1,1.0,5.0,64249,M,4342250.0,-160509.0,64
201100038308,11,6,4,1440,1,1,1,1.0,2.0,64545,M,4336090.0,-170049.0,64
201100038309,11,6,5,1645,1,1,1,1.0,3.0,64249,M,4342160.0,-160501.0,64
201100038310,11,6,14,1430,1,1,1,1.0,1.0,64545,M,4337210.0,-168127.0,64
201100038311,11,6,17,220,5,2,1,1.0,7.0,64483,M,4339970.0,-164018.0,64
201100038312,11,6,21,1715,1,2,1,1.0,2.0,64483,M,4339340.0,-165135.0,64
201100038313,11,6,29,2330,5,2,1,1.0,1.0,64483,M,4339630.0,-165786.0,64
201100038314,11,6,30,1300,1,2,1,1.0,2.0,64483,M,4340030.0,-162887.0,64
201100038315,11,7,3,1505,1,2,6,1.0,3.0,64483,M,4338920.0,-165370.0,64
201100038316,11,7,3,1655,1,2,1,1.0,6.0,64189,M,4338840.0,-167921.0,64
201100038317,11,1,6,2035,3,1,1,1.0,1.0,64545,M,4336640.0,-165644.0,64
201100038318,11,7,12,1855,1,2,1,1.0,3.0,64189,M,4338270.0,-166501.0,64
201100038319,11,7,21,1450,1,2,1,1.0,7.0,64545,M,4337560.0,-167763.0,64
201100038320,11,7,25,1340,1,2,1,3.0,1.0,64483,M,4340630.0,-160548.0,64
201100038321,11,7,26,735,2,2,1,3.0,1.0,64545,M,4336520.0,-170417.0,64
201100038322,11,7,26,1000,1,2,1,3.0,1.0,64189,M,4338490.0,-166702.0,64
201100038323,11,7,26,1200,1,2,1,2.0,2.0,64545,M,4337430.0,-167917.0,64
201100038324,11,7,28,1230,1,2,1,1.0,2.0,64483,M,4338260.0,-164912.0,64
201100038325,11,7,29,1710,1,2,1,1.0,6.0,64189,M,4338280.0,-165815.0,64
201100038326,11,7,31,1130,1,2,1,1.0,3.0,64483,M,4338000.0,-163997.0,64
201100038327,11,7,31,1900,1,2,1,1.0,2.0,64545,M,4332760.0,-168711.0,64
201100038328,11,8,4,1840,1,2,1,1.0,3.0,64249,M,4341880.0,-160763.0,64
201100038329,11,8,5,1225,1,2,1,1.0,4.0,64249,M,4341880.0,-160763.0,64
201100038330,11,8,9,1945,1,1,1,1.0,3.0,64483,M,4338260.0,-164334.0,64
201100038331,11,8,10,955,1,2,6,1.0,3.0,64483,M,4339170.0,-165485.0,64
201100038332,11,8,10,1310,1,2,1,1.0,2.0,64483,M,4339230.0,-165363.0,64
201100038333,11,8,11,1045,1,2,3,1.0,3.0,64483,M,4339730.0,-164310.0,64
201100038334,11,8,11,1805,1,2,1,1.0,3.0,64189,M,4337890.0,-167027.0,64
201100038335,11,8,15,1700,1,2,1,1.0,2.0,64483,M,4339540.0,-164730.0,64
201100038336,11,8,18,1030,1,2,1,1.0,3.0,64545,M,4336230.0,-170016.0,64
201100038337,11,8,22,1410,1,2,1,1.0,3.0,64483,M,4340400.0,-164234.0,64
201100038338,11,8,23,1315,1,1,1,1.0,3.0,64189,M,4337790.0,-167229.0,64
201100038339,11,8,28,2000,2,2,1,1.0,3.0,64189,M,4338810.0,-167549.0,64
201100038340,11,9,2,1735,1,2,1,8.0,6.0,64189,M,4338610.0,-166810.0,64
201100038341,11,9,12,1740,1,2,1,1.0,3.0,64483,M,4339510.0,-164844.0,64
201100038342,11,9,15,1420,1,2,1,1.0,3.0,64545,M,4336110.0,-170137.0,64
201100038343,11,9,16,2205,5,2,1,1.0,2.0,64483,M,4339240.0,-165311.0,64
201100038344,11,9,23,1725,1,2,1,1.0,3.0,64189,M,4338930.0,-165784.0,64
201100038345,11,9,23,1945,1,2,1,1.0,3.0,64189,M,4338930.0,-165801.0,64
201100038346,11,9,29,1155,1,1,1,1.0,2.0,64483,M,4338350.0,-165180.0,64
201100038347,11,10,1,1500,1,1,1,1.0,6.0,64249,M,4342050.0,-160695.0,64
201100038348,11,10,18,1825,1,2,1,1.0,6.0,64483,M,4339400.0,-164589.0,64
201100038349,11,10,20,1735,1,1,1,2.0,2.0,64545,M,4339150.0,-169777.0,64
201100038350,11,11,18,1745,2,2,1,1.0,2.0,64483,M,,,64
201100038351,11,11,27,1115,1,1,1,1.0,6.0,64545,M,4336150.0,-171960.0,64
201100038352,11,12,6,1810,2,2,1,2.0,1.0,64189,M,4338410.0,-165276.0,64
201100038353,11,12,8,1240,1,2,1,1.0,4.0,64545,M,4334660.0,-176600.0,64
201100038354,11,12,10,1505,1,2,1,1.0,6.0,64189,M,4338760.0,-166102.0,64
201100038355,11,12,14,1745,2,2,1,8.0,2.0,64189,M,4338190.0,-166378.0,64
201100038356,11,12,27,1500,1,2,1,1.0,6.0,64189,M,4337230.0,-168108.0,64
201100038357,11,1,16,115,3,1,1,1.0,7.0,64545,M,4331300.0,-168486.0,64
201100038358,11,1,16,2045,5,2,6,1.0,3.0,64483,M,4338680.0,-166324.0,64
201100038359,11,1,15,1820,5,2,1,1.0,6.0,64483,M,4338840.0,-166290.0,64
201100038360,11,1,13,1620,1,2,1,1.0,1.0,64483,M,4338230.0,-165209.0,64
201100038361,11,2,2,905,1,2,1,8.0,2.0,64189,M,4338110.0,-168917.0,64
201100038362,11,2,4,1605,1,1,1,1.0,3.0,64483,M,4337970.0,-163973.0,64
201100038363,11,2,5,1415,1,2,1,1.0,2.0,64545,M,4336150.0,-170290.0,64
201100038364,11,2,13,1245,1,2,3,8.0,3.0,64189,M,4338030.0,-166153.0,64
201100038365,11,2,21,920,1,2,1,8.0,4.0,64189,M,4337870.0,-167051.0,64
201100038366,11,3,13,1645,1,1,1,1.0,6.0,64545,M,4335230.0,-173812.0,64
201100038367,11,3,12,140,3,1,1,1.0,6.0,64545,M,4337710.0,-167452.0,64
201100038368,11,3,2,725,2,2,1,8.0,7.0,64189,M,4338010.0,-166127.0,64
201100038369,11,3,8,1655,1,2,1,1.0,6.0,64483,M,4339070.0,-165917.0,64
201100038370,11,3,24,1920,2,2,1,1.0,2.0,64483,M,4339190.0,-165173.0,64
201100038371,11,4,3,1820,1,2,1,3.0,1.0,64483,M,4339620.0,-164653.0,64
201100038372,11,4,1,1850,1,2,1,1.0,1.0,64260,M,4337260.0,-177818.0,64
201100038373,11,4,22,1445,1,2,1,1.0,6.0,64483,M,4338730.0,-166072.0,64
201100038374,11,4,9,530,5,2,1,1.0,6.0,64483,M,4339400.0,-165038.0,64
201100038375,11,4,11,1655,1,2,1,8.0,7.0,64483,M,4338550.0,-166316.0,64
201100038376,11,4,13,1820,1,2,1,1.0,1.0,64260,M,4335850.0,-177648.0,64
201100038377,11,4,21,1325,1,2,1,1.0,2.0,64483,M,4340160.0,-163687.0,64
201100038378,11,5,21,1915,1,1,1,1.0,1.0,64545,M,4336470.0,-168947.0,64
201100038379,11,5,25,1925,1,1,1,1.0,1.0,64483,M,4338900.0,-162642.0,64
201100038380,11,5,27,2115,2,2,1,1.0,7.0,64189,M,4337900.0,-167011.0,64
201100038381,11,6,20,1830,1,2,1,1.0,6.0,64483,M,4338250.0,-163451.0,64
201100038382,11,6,20,1830,1,2,1,1.0,3.0,64483,M,,,64
201100038383,11,6,21,1610,1,2,1,1.0,7.0,64249,M,4342770.0,-160299.0,64
201100038384,11,6,19,950,1,1,1,1.0,1.0,64545,M,4335650.0,-175093.0,64
201100038385,11,6,26,420,4,1,1,1.0,7.0,64483,M,4337430.0,-167917.0,64
201100038386,11,6,26,2100,1,2,1,1.0,6.0,64260,M,4335200.0,-178268.0,64
201100038387,11,6,24,1140,1,2,6,1.0,2.0,64483,M,4338630.0,-166216.0,64
201100038388,11,6,30,1055,1,1,3,1.0,3.0,64260,M,4337680.0,-173971.0,64
201100038389,11,7,5,50,5,2,1,1.0,6.0,64249,M,4342050.0,-160695.0,64
201100038390,11,7,10,845,1,1,1,1.0,5.0,64545,M,4335890.0,-173146.0,64
201100038391,11,7,9,2145,3,1,1,1.0,7.0,64545,M,4335230.0,-173812.0,64
201100038392,11,7,16,855,1,2,1,1.0,5.0,64483,M,4340040.0,-162846.0,64
201100038393,11,6,10,2255,5,2,1,1.0,6.0,64260,M,4337040.0,-177240.0,64
201100038394,11,7,20,1700,1,2,1,1.0,1.0,64260,M,4335260.0,-177340.0,64
201100038395,11,7,21,1930,1,2,1,8.0,1.0,64545,M,4337460.0,-167877.0,64
201100038396,11,8,3,1140,1,2,2,1.0,7.0,64189,M,4338260.0,-166454.0,64
201100038397,11,8,1,1140,1,2,1,1.0,6.0,64260,M,4335190.0,-178250.0,64
201100038398,11,8,10,1620,1,1,3,1.0,3.0,64249,M,4341670.0,-161008.0,64
201100038399,11,8,17,25,5,2,1,1.0,6.0,64483,M,4339340.0,-165135.0,64
201100038400,11,8,16,2050,5,1,1,1.0,3.0,64249,M,4341940.0,-162247.0,64
201100038401,11,8,19,1325,1,2,1,1.0,6.0,64545,M,4335810.0,-169836.0,64
201100038402,11,8,27,550,3,2,1,1.0,6.0,64249,M,4342020.0,-161387.0,64
201100038403,11,8,26,1625,1,2,1,1.0,3.0,64260,M,4335630.0,-177697.0,64
201100038404,11,9,7,350,3,1,1,1.0,6.0,64249,M,4342010.0,-162195.0,64
201100038405,11,9,8,1940,1,1,1,1.0,3.0,64483,M,4340440.0,-160248.0,64
201100038406,11,9,9,1800,1,2,1,1.0,6.0,64189,M,4338330.0,-166459.0,64
201100038407,11,9,25,1430,1,1,1,1.0,2.0,64545,M,4336830.0,-168593.0,64
201100038408,11,9,27,2130,5,2,1,1.0,3.0,64260,M,4334830.0,-176724.0,64
201100038409,11,9,29,930,1,1,1,1.0,5.0,64545,M,4335990.0,-172675.0,64
201100038410,11,10,22,1505,1,2,3,1.0,3.0,64260,M,4337130.0,-178055.0,64
201100038411,11,10,7,1730,1,2,3,2.0,3.0,64189,M,4338300.0,-166625.0,64
201100038412,11,10,15,1750,1,2,3,1.0,3.0,64483,M,4339730.0,-164460.0,64
201100038413,11,10,19,1100,1,2,3,2.0,3.0,64483,M,4339750.0,-164689.0,64
201100038414,11,11,7,1020,1,2,1,2.0,3.0,64545,M,4337560.0,-167759.0,64
201100038415,11,11,24,1850,5,2,1,1.0,6.0,64260,M,4335360.0,-177428.0,64