Num_Acc,an,mois,jour,hrmn,lum,agg,int,atm,col,com,gps,lat,long,dep
201100038416,11,11,30,1145,1,2,3,1.0,6.0,64260,M,4335800.0,-177541.0,64
201100038417,11,12,22,1605,1,2,1,1.0,6.0,64189,M,4338540.0,-166025.0,64
201100038418,11,5,16,810,1,2,1,1.0,7.0,64483,M,4339620.0,-164655.0,64
201100038419,11,5,5,1510,1,2,1,7.0,6.0,64483,M,4338650.0,-166256.0,64
201100038420,11,7,12,1000,1,2,1,1.0,6.0,64189,M,4338880.0,-165826.0,64
201100038421,11,1,14,830,1,2,1,1.0,6.0,64260,M,4336570.0,-175700.0,64
201100038422,11,2,2,755,2,2,1,1.0,6.0,65286,M,,,65
201100038423,11,2,11,2045,3,2,1,1.0,2.0,65286,M,,,65
201100038424,11,2,23,1600,1,2,1,2.0,2.0,65286,M,,,65
201100038425,11,4,3,1510,1,2,2,1.0,6.0,65286,M,,,65
201100038426,11,4,9,1730,1,2,1,1.0,2.0,65286,M,,,65
201100038427,11,4,18,1725,1,2,1,1.0,6.0,65286,M,,,65
201100038428,11,4,27,1030,1,2,1,1.0,6.0,65286,M,,,65
201100038429,11,5,18,1515,1,2,1,1.0,1.0,65286,M,,,65
201100038430,11,6,2,1415,1,2,1,1.0,6.0,65286,M,,,65
201100038431,11,6,18,750,1,1,3,2.0,3.0,65286,M,,,65
201100038432,11,7,1,1455,1,2,1,1.0,6.0,65286,M,,,65
201100038433,11,7,4,1510,1,2,1,1.0,6.0,65286,M,,,65
201100038434,11,7,19,1505,1,2,2,2.0,3.0,65286,M,,,65
201100038435,11,8,12,1255,1,2,1,1.0,3.0,65286,M,,,65
201100038436,11,8,18,950,1,2,9,1.0,6.0,65286,M,,,65
201100038437,11,8,21,1953,4,2,1,1.0,6.0,65286,M,,,65
201100038438,11,9,14,1415,1,2,1,2.0,6.0,65286,M,,,65
201100038439,11,9,17,1115,1,2,9,1.0,2.0,65286,M,,,65
201100038440,11,10,3,1730,1,2,3,1.0,3.0,65286,M,,,65
201100038441,11,10,13,750,1,2,1,1.0,3.0,65286,M,,,65
201100038442,11,10,28,1350,1,2,1,8.0,5.0,65286,M,,,65
201100038443,11,11,8,2300,5,2,1,1.0,1.0,65286,M,,,65
201100038444,11,1,2,1500,1,2,2,8.0,3.0,65440,M,,,65
201100038445,11,1,5,1105,1,2,3,1.0,6.0,65440,M,,,65
201100038446,11,1,5,1725,1,2,3,1.0,1.0,65440,M,,,65
201100038447,11,1,11,1030,1,1,1,2.0,7.0,65226,M,,,65
201100038448,11,1,11,1815,5,2,1,3.0,6.0,65440,M,,,65
201100038449,11,1,17,730,2,2,1,1.0,2.0,65440,M,,,65
201100038450,11,1,27,845,1,2,3,1.0,3.0,65226,M,,,65
201100038451,11,1,28,440,5,2,1,1.0,6.0,65440,M,,,65
201100038452,11,1,28,600,5,2,3,1.0,1.0,65440,M,,,65
201100038453,11,2,7,1250,1,2,3,1.0,2.0,65417,M,,,65
201100038454,11,2,9,750,2,2,1,1.0,3.0,65251,M,,,65
201100038455,11,2,11,1920,3,1,1,8.0,2.0,65100,M,,,65
201100038456,11,2,14,1530,1,2,7,1.0,6.0,65440,M,,,65
201100038457,11,2,14,1930,5,2,3,1.0,6.0,65440,M,,,65
201100038458,11,2,15,1810,1,2,1,8.0,3.0,65440,M,,,65
201100038459,11,2,16,850,1,2,6,1.0,3.0,65440,M,,,65
201100038460,11,2,17,755,2,2,2,2.0,3.0,65440,M,,,65
201100038461,11,2,19,1810,2,2,1,2.0,6.0,65440,M,,,65
201100038462,11,2,19,2005,5,2,1,3.0,1.0,65100,M,,,65
201100038463,11,2,21,1030,1,1,3,2.0,2.0,65251,M,,,65
201100038464,11,2,23,1455,1,2,1,3.0,3.0,65440,M,,,65
201100038465,11,2,27,305,5,2,1,2.0,6.0,65440,M,,,65
201100038466,11,2,28,1000,1,2,4,3.0,6.0,65440,M,,,65
201100038467,11,3,4,1650,1,2,6,1.0,2.0,65440,M,,,65
201100038468,11,3,6,1905,5,2,2,1.0,2.0,65440,M,,,65
201100038469,11,3,8,2010,3,2,4,1.0,6.0,65331,M,,,65
201100038470,11,3,9,1410,1,2,3,1.0,6.0,65440,M,,,65
201100038471,11,3,10,1805,1,2,1,1.0,3.0,65440,M,,,65
201100038472,11,3,15,940,1,1,1,1.0,5.0,65226,M,,,65
201100038473,11,3,18,133,5,2,1,1.0,6.0,65440,M,,,65
201100038474,11,3,20,2055,5,2,2,1.0,3.0,65440,M,,,65
201100038475,11,3,21,1912,2,2,2,1.0,3.0,65440,M,,,65
201100038476,11,3,22,1740,1,2,3,1.0,3.0,65440,M,,,65
201100038477,11,3,23,1405,1,2,3,1.0,3.0,65440,M,,,65
201100038478,11,4,1,1155,1,1,6,1.0,3.0,65100,M,,,65
201100038479,11,4,6,1325,1,2,4,1.0,3.0,65440,M,,,65
201100038480,11,4,11,1205,1,1,1,2.0,3.0,65100,M,,,65
201100038481,11,4,16,1800,1,2,1,1.0,6.0,65440,M,,,65
201100038482,11,4,19,1205,1,2,2,1.0,3.0,65440,M,,,65
201100038483,11,4,22,1820,1,2,1,3.0,6.0,65440,M,,,65
201100038484,11,4,22,1915,1,2,1,2.0,6.0,65440,M,,,65
201100038485,11,4,30,1420,1,2,3,1.0,3.0,65433,M,,,65
201100038486,11,5,1,310,5,2,6,1.0,7.0,65100,M,,,65
201100038487,11,5,2,2235,5,2,1,1.0,6.0,65440,M,,,65
201100038488,11,5,3,1125,1,2,3,1.0,7.0,65047,M,,,65
201100038489,11,5,4,2135,5,2,1,1.0,7.0,65440,M,,,65
201100038490,11,5,6,1345,1,2,1,1.0,3.0,65440,M,4323770.0,4528.0,65
201100038491,11,5,21,1525,1,2,2,1.0,3.0,65440,M,,,65
201100038492,11,5,25,2020,1,2,1,1.0,1.0,65047,M,,,65
201100038493,11,5,27,1405,1,2,1,1.0,3.0,65440,M,,,65
201100038494,11,5,29,205,5,2,1,1.0,6.0,65440,M,,,65
201100038495,11,6,1,1725,1,2,2,1.0,6.0,65440,M,,,65
201100038496,11,6,5,315,5,2,1,1.0,7.0,65251,M,,,65
201100038497,11,6,14,1720,1,2,1,1.0,2.0,65440,M,,,65
201100038498,11,6,16,1425,1,2,2,2.0,6.0,65440,M,,,65
201100038499,11,6,19,225,5,2,1,1.0,3.0,65440,M,,,65
201100038500,11,6,21,1800,1,2,1,1.0,4.0,65440,M,,,65
201100038501,11,6,22,2020,1,2,3,1.0,3.0,65440,M,,,65
201100038502,11,6,24,1645,1,2,2,1.0,1.0,65440,M,,,65
201100038503,11,6,25,850,1,2,3,1.0,3.0,65440,M,,,65
201100038504,11,6,27,1720,1,2,1,1.0,7.0,65440,M,,,65
201100038505,11,6,29,1640,1,2,1,2.0,6.0,65440,M,,,65
201100038506,11,7,1,1615,1,2,1,1.0,3.0,65331,M,,,65
201100038507,11,7,8,1820,1,2,1,1.0,6.0,65440,M,,,65
201100038508,11,7,8,2205,5,2,1,1.0,7.0,65100,M,,,65
201100038509,11,7,11,1530,1,2,1,1.0,3.0,65440,M,,,65
201100038510,11,7,13,1535,1,1,1,2.0,2.0,65100,M,,,65
201100038511,11,7,30,1053,1,2,1,1.0,3.0,65440,M,,,65
201100038512,11,8,3,1905,1,2,1,1.0,6.0,65440,M,,,65
201100038513,11,8,5,1230,1,2,3,1.0,3.0,65331,M,,,65
201100038514,11,8,23,800,1,1,1,1.0,1.0,65226,M,,,65
201100038515,11,8,26,810,1,1,1,2.0,6.0,65226,M,,,65
201100038516,11,9,7,925,1,2,1,1.0,6.0,65440,M,,,65
201100038517,11,9,15,1115,1,2,1,1.0,3.0,65440,M,,,65
201100038518,11,9,20,2125,5,2,1,1.0,6.0,65440,M,,,65
201100038519,11,9,22,2040,5,2,1,1.0,1.0,65417,M,,,65
201100038520,11,9,25,1825,1,1,1,1.0,6.0,65226,M,,,65
201100038521,11,9,27,1225,1,2,3,1.0,6.0,65226,M,,,65
201100038522,11,10,2,1920,1,2,3,1.0,1.0,65417,M,,,65
201100038523,11,10,5,1215,1,2,3,1.0,3.0,65440,M,,,65
201100038524,11,10,10,1655,1,2,1,1.0,6.0,65440,M,,,65
201100038525,11,10,10,1710,1,2,3,1.0,6.0,65440,M,,,65
201100038526,11,10,12,1310,1,1,1,1.0,4.0,65440,M,,,65
201100038527,11,10,13,1255,1,2,1,1.0,3.0,65440,M,,,65
201100038528,11,10,13,1810,1,2,1,1.0,6.0,65440,M,,,65
201100038529,11,10,15,140,5,2,2,1.0,6.0,65440,M,,,65
201100038530,11,10,16,1135,1,2,1,1.0,6.0,65440,M,,,65
201100038531,11,10,20,1145,1,2,1,1.0,6.0,65440,M,,,65
201100038532,11,10,20,1300,1,2,3,1.0,3.0,65440,M,,,65
201100038533,11,10,22,1225,1,2,1,1.0,3.0,65331,M,,,65
201100038534,11,10,24,1805,1,2,3,2.0,3.0,65440,M,,,65
201100038535,11,10,26,1550,1,2,1,1.0,6.0,65251,M,,,65
201100038536,11,10,30,235,5,2,1,1.0,6.0,65440,M,,,65
201100038537,11,10,31,1425,1,2,1,1.0,6.0,65440,M,,,65
201100038538,11,11,2,1045,1,1,2,1.0,3.0,65251,M,,,65
201100038539,11,11,3,1320,1,2,2,1.0,3.0,65440,M,,,65
201100038540,11,11,6,2040,5,2,1,3.0,6.0,65440,M,,,65
201100038541,11,11,9,2305,5,2,2,1.0,3.0,65440,M,,,65
201100038542,11,11,27,1030,1,2,1,5.0,2.0,65100,M,,,65
201100038543,11,11,29,2120,3,1,1,1.0,6.0,65100,M,,,65
201100038544,11,12,1,950,1,2,3,1.0,2.0,65440,M,,,65
201100038545,11,12,6,1800,5,2,1,2.0,6.0,65440,M,,,65
201100038546,11,12,7,1130,1,2,2,1.0,3.0,65440,M,,,65
201100038547,11,12,7,2125,5,2,2,1.0,3.0,65440,M,,,65
201100038548,11,12,9,1045,1,2,9,1.0,6.0,65440,M,,,65
201100038549,11,12,9,1950,5,2,2,1.0,3.0,65440,M,,,65
201100038550,11,12,12,1050,1,2,1,1.0,5.0,65440,M,,,65
201100038551,11,12,17,905,1,1,1,4.0,3.0,65226,M,,,65
201100038552,11,12,23,1415,1,1,1,1.0,3.0,65226,M,,,65
201100038553,11,12,23,2110,5,2,2,1.0,3.0,65251,M,,,65
201100038554,11,1,4,1400,1,2,1,1.0,6.0,66136,M,4272879.0,288881.0,66
201100038555,11,1,8,1205,1,2,1,1.0,6.0,66136,M,,,66
201100038556,11,1,10,1810,2,2,2,1.0,1.0,66136,M,4269370.0,289135.0,66
201100038557,11,1,11,1245,1,2,1,1.0,4.0,66136,M,4269908.0,288695.0,66
201100038558,11,1,13,1700,1,2,1,1.0,2.0,66136,M,4269804.0,287242.0,66
201100038559,11,1,17,940,1,2,1,1.0,4.0,66136,M,4268720.0,290185.0,66
201100038560,11,1,18,1100,1,2,1,1.0,3.0,66136,M,4266996.0,290436.0,66
201100038561,11,1,19,645,5,2,1,1.0,3.0,66136,M,4273076.0,288895.0,66
201100038562,11,1,18,1800,2,2,1,1.0,3.0,66136,M,4270300.0,288619.0,66
201100038563,11,1,19,1814,2,1,2,1.0,3.0,66136,M,4274175.0,289568.0,66
201100038564,11,1,21,1210,1,2,1,1.0,3.0,66136,M,4268925.0,287791.0,66
201100038565,11,1,21,1800,2,2,1,1.0,2.0,66136,M,4268415.0,288947.0,66
201100038566,11,1,22,1645,1,2,1,1.0,1.0,66136,M,4268759.0,287206.0,66
201100038567,11,1,27,2000,5,2,1,2.0,1.0,66136,M,4268860.0,289506.0,66
201100038568,11,1,25,1830,3,2,1,1.0,1.0,66136,M,4268803.0,284969.0,66
201100038569,11,1,27,1805,2,2,1,2.0,6.0,66136,M,4268880.0,290704.0,66
201100038570,11,2,2,1410,1,2,1,6.0,4.0,66136,M,4269035.0,288510.0,66
201100038571,11,2,3,1900,5,2,1,1.0,6.0,66136,M,4271184.0,288974.0,66
201100038572,11,2,3,1710,1,1,1,1.0,1.0,66136,M,,,66
201100038573,11,2,4,1240,1,2,1,1.0,6.0,66136,M,4268654.0,290747.0,66
201100038574,11,2,5,1255,1,2,1,1.0,6.0,66136,M,4269645.0,290735.0,66
201100038575,11,2,8,1550,1,2,1,1.0,3.0,66136,M,4269574.0,290416.0,66
201100038576,11,2,8,1755,2,2,1,1.0,3.0,66136,M,4269957.0,288894.0,66
201100038577,11,2,10,550,5,2,1,1.0,2.0,66136,M,4269681.0,288817.0,66
201100038578,11,2,10,1345,1,2,1,1.0,3.0,66136,M,4269929.0,288097.0,66
201100038579,11,2,10,1730,2,1,1,1.0,3.0,66136,M,,,66
201100038580,11,2,12,1205,1,1,1,1.0,3.0,66136,M,4268595.0,286807.0,66
201100038581,11,2,21,1840,2,2,1,3.0,6.0,66136,M,4270499.0,290022.0,66
201100038582,11,2,22,1617,1,2,1,1.0,6.0,66136,M,,,66
201100038583,11,2,23,1900,5,2,1,1.0,5.0,66136,M,4271754.0,288529.0,66
201100038584,11,2,27,235,5,2,1,1.0,6.0,66136,M,4268626.0,286880.0,66
201100038585,11,3,2,105,3,1,1,1.0,2.0,66136,M,,,66
201100038586,11,3,3,1630,1,2,1,1.0,2.0,66136,M,4269647.0,290747.0,66
201100038587,11,3,5,2230,5,1,1,1.0,2.0,66136,M,,,66
201100038588,11,3,11,1215,1,2,1,1.0,3.0,66136,M,4269605.0,291492.0,66
201100038589,11,3,12,2030,3,2,1,1.0,1.0,66136,M,4267101.0,289131.0,66
201100038590,11,3,12,2230,3,2,1,3.0,3.0,66136,M,4270410.0,290265.0,66
201100038591,11,3,14,1650,1,2,1,3.0,2.0,66136,M,4267936.0,291168.0,66
201100038592,11,3,15,1410,1,2,2,3.0,3.0,66136,M,4272249.0,288269.0,66
201100038593,11,3,17,1930,2,2,2,1.0,3.0,66136,M,4270687.0,290007.0,66
201100038594,11,3,21,1050,1,2,1,1.0,3.0,66136,M,4268594.0,288505.0,66
201100038595,11,3,24,1025,1,2,1,1.0,6.0,66136,M,4268824.0,290470.0,66
201100038596,11,3,23,1500,1,1,1,1.0,3.0,66136,M,4268124.0,285487.0,66
201100038597,11,3,23,1540,1,2,1,1.0,2.0,66136,M,4268022.0,289533.0,66
201100038598,11,3,23,1810,1,2,1,1.0,4.0,66136,M,4269920.0,287547.0,66
201100038599,11,3,24,1500,1,2,1,1.0,1.0,66136,M,4269006.0,290542.0,66
201100038600,11,3,25,1855,2,2,1,1.0,6.0,66136,M,4269608.0,288196.0,66
201100038601,11,3,28,900,1,2,1,1.0,3.0,66136,M,4268392.0,286431.0,66
201100038602,11,3,31,1530,1,2,2,1.0,3.0,66136,M,4269321.0,290398.0,66
201100038603,11,4,4,1250,1,2,1,1.0,6.0,66136,M,4269739.0,288956.0,66
201100038604,11,4,5,1920,1,2,2,1.0,3.0,66136,M,4268908.0,287953.0,66
201100038605,11,4,6,1745,1,1,1,1.0,2.0,66136,M,4267720.0,291399.0,66
201100038606,11,4,10,1650,1,1,1,1.0,3.0,66136,M,4272934.0,287743.0,66
201100038607,11,4,6,1825,1,2,1,1.0,6.0,66136,M,4270111.0,289296.0,66
201100038608,11,4,11,1735,1,2,1,1.0,6.0,66136,M,4270192.0,289587.0,66
201100038609,11,4,11,1330,1,2,1,1.0,6.0,66136,M,4269224.0,289244.0,66
201100038610,11,4,12,855,1,2,1,1.0,6.0,66136,M,4270396.0,288267.0,66
201100038611,11,4,13,1845,1,2,2,1.0,3.0,66136,M,4269230.0,292428.0,66
201100038612,11,4,18,1708,1,2,1,1.0,2.0,66136,M,4273285.0,288653.0,66
201100038613,11,4,18,1730,1,2,1,1.0,2.0,66136,M,4269095.0,290011.0,66
201100038614,11,4,19,1400,1,2,2,1.0,3.0,66136,M,4273068.0,290831.0,66
201100038615,11,4,27,745,1,2,1,1.0,2.0,66136,M,,,66
201100038616,11,4,28,830,1,1,1,1.0,3.0,66136,M,4269880.0,288653.0,66
201100038617,11,5,2,55,3,1,1,1.0,5.0,66136,M,,,66
201100038618,11,5,2,1820,1,2,1,1.0,6.0,66136,M,4272097.0,288606.0,66
201100038619,11,5,1,1340,1,2,3,1.0,3.0,66136,M,4268501.0,290364.0,66
201100038620,11,5,2,845,1,2,1,1.0,2.0,66136,M,4270889.0,289867.0,66
201100038621,11,5,8,520,5,1,1,1.0,2.0,66136,M,,,66
201100038622,11,5,2,930,1,2,1,1.0,3.0,66136,M,4269645.0,290333.0,66
201100038623,11,5,9,1700,1,2,2,1.0,3.0,66136,M,4269363.0,289063.0,66
201100038624,11,5,15,1605,1,2,1,1.0,3.0,66136,M,4268558.0,288210.0,66
201100038625,11,5,17,1630,1,2,1,1.0,2.0,66136,M,,,66
201100038626,11,5,18,1555,1,2,1,1.0,6.0,66136,M,4270024.0,288962.0,66
201100038627,11,5,20,1710,1,2,1,1.0,6.0,66136,M,4268633.0,290643.0,66
201100038628,11,5,27,1630,1,2,2,1.0,3.0,66136,M,4268834.0,289336.0,66
201100038629,11,6,3,1940,1,2,1,1.0,3.0,66136,M,4269864.0,287569.0,66
201100038630,11,6,6,800,1,1,1,1.0,3.0,66136,M,4267128.0,289530.0,66
201100038631,11,6,8,730,1,2,1,1.0,2.0,66136,M,4269968.0,288675.0,66
201100038632,11,6,8,1155,1,1,1,8.0,2.0,66136,M,4267723.0,284811.0,66
201100038633,11,6,9,1355,1,2,1,1.0,6.0,66136,M,4270104.0,289244.0,66
201100038634,11,6,16,1545,1,2,1,1.0,3.0,66136,M,4270486.0,289233.0,66
201100038635,11,6,15,905,1,2,1,1.0,1.0,66136,M,4269419.0,290126.0,66
201100038636,11,6,20,1545,1,2,1,1.0,3.0,66136,M,4268338.0,290934.0,66
201100038637,11,6,24,710,1,1,1,1.0,3.0,66136,M,,,66
201100038638,11,6,28,2040,1,2,1,1.0,1.0,66136,M,4272343.0,288687.0,66
201100038639,11,7,5,1240,1,2,6,1.0,2.0,66136,M,4268004.0,291123.0,66
201100038640,11,7,2,1930,1,2,2,1.0,6.0,66136,M,4269383.0,290081.0,66
201100038641,11,7,5,530,2,2,1,1.0,3.0,66136,M,4269139.0,288234.0,66
201100038642,11,7,5,1835,1,1,1,1.0,3.0,66136,M,4268827.0,287488.0,66
201100038643,11,7,7,735,1,2,2,1.0,3.0,66136,M,4269628.0,291166.0,66
201100038644,11,7,8,1715,1,2,1,1.0,3.0,66136,M,4268881.0,290394.0,66
201100038645,11,7,18,1915,1,2,2,1.0,3.0,66136,M,4269777.0,288031.0,66
201100038646,11,7,19,2150,2,2,2,1.0,3.0,66136,M,4269588.0,288384.0,66
201100038647,11,7,22,1555,1,2,1,1.0,6.0,66136,M,4270214.0,289390.0,66
201100038648,11,7,24,1300,1,2,1,1.0,6.0,66136,M,4269722.0,290209.0,66
201100038649,11,8,1,130,3,1,1,1.0,3.0,66136,M,,,66
201100038650,11,8,1,1350,1,2,1,1.0,3.0,66136,M,4269131.0,289644.0,66
201100038651,11,8,2,2030,1,1,1,1.0,6.0,66136,M,,,66
201100038652,11,8,4,730,1,2,1,1.0,3.0,66136,M,4270237.0,289510.0,66
201100038653,11,8,9,840,1,1,1,1.0,6.0,66136,M,4271009.0,286876.0,66
201100038654,11,8,8,1840,1,1,1,1.0,3.0,66136,M,,,66
201100038655,11,8,10,830,1,2,1,1.0,6.0,66136,M,4270440.0,289261.0,66
201100038656,11,8,9,1005,1,2,1,1.0,6.0,66136,M,4271412.0,288881.0,66
201100038657,11,8,14,1215,1,2,1,1.0,6.0,66136,M,4269076.0,289110.0,66
201100038658,11,8,20,1345,1,1,2,1.0,3.0,66136,M,4268593.0,286803.0,66
201100038659,11,8,24,1750,1,2,1,1.0,3.0,66136,M,4269733.0,287254.0,66
201100038660,11,8,28,640,2,2,2,1.0,3.0,66136,M,4273679.0,289337.0,66
201100038661,11,8,29,850,1,2,1,1.0,1.0,66136,M,4269640.0,290848.0,66
201100038662,11,8,30,1515,1,2,1,1.0,4.0,66136,M,4270183.0,289377.0,66
201100038663,11,9,1,1245,1,1,1,1.0,2.0,66136,M,,,66
201100038664,11,9,3,1920,1,2,1,1.0,2.0,66136,M,4269632.0,288839.0,66
201100038665,11,9,8,1010,1,1,1,1.0,1.0,66136,M,4266466.0,290578.0,66
201100038666,11,9,8,1900,1,2,1,1.0,6.0,66136,M,4271385.0,288932.0,66
201100038667,11,9,11,1255,1,2,1,1.0,2.0,66136,M,4272743.0,289079.0,66
201100038668,11,9,12,800,1,2,1,1.0,1.0,66136,M,4269295.0,294211.0,66
201100038669,11,9,8,1605,1,2,1,1.0,3.0,66136,M,4269443.0,291256.0,66
201100038670,11,9,8,1200,1,2,2,1.0,6.0,66136,M,4271839.0,288804.0,66
201100038671,11,9,13,830,1,2,1,1.0,6.0,66136,M,4268278.0,290658.0,66
201100038672,11,9,14,915,1,2,6,1.0,3.0,66136,M,4268874.0,289490.0,66
201100038673,11,9,20,1505,1,2,1,1.0,6.0,66136,M,4269036.0,287017.0,66
201100038674,11,9,21,1700,1,2,2,1.0,3.0,66136,M,4269595.0,288394.0,66
201100038675,11,9,26,1213,1,2,1,1.0,6.0,66136,M,4268092.0,289616.0,66
201100038676,11,9,26,1300,1,2,1,1.0,3.0,66136,M,4268128.0,289531.0,66
201100038677,11,9,26,1649,1,1,1,1.0,3.0,66136,M,4270109.0,288407.0,66
201100038678,11,9,28,1812,1,2,1,1.0,2.0,66136,M,4268245.0,286123.0,66
201100038679,11,9,27,1220,1,1,1,1.0,6.0,66136,M,4267822.0,285059.0,66
201100038680,11,9,27,1636,1,2,1,1.0,6.0,66136,M,4269634.0,288636.0,66
201100038681,11,9,27,1915,2,1,2,1.0,3.0,66136,M,4272736.0,290240.0,66
201100038682,11,9,28,1415,1,2,1,1.0,2.0,66136,M,4270200.0,288563.0,66
201100038683,11,9,26,2010,2,2,1,1.0,1.0,66136,M,4268746.0,290059.0,66
201100038684,11,10,4,2000,2,2,1,1.0,2.0,66136,M,4271229.0,288949.0,66
201100038685,11,10,7,15,5,2,1,1.0,6.0,66136,M,4269061.0,290153.0,66
201100038686,11,10,8,600,5,2,1,1.0,1.0,66136,M,4269108.0,289351.0,66
201100038687,11,10,8,1720,1,2,1,1.0,3.0,66136,M,4266714.0,288229.0,66
201100038688,11,10,10,1205,1,1,1,1.0,6.0,66136,M,4267693.0,292176.0,66
201100038689,11,10,13,1700,1,2,1,1.0,6.0,66136,M,4266714.0,288229.0,66
201100038690,11,10,14,1650,1,2,1,1.0,6.0,66136,M,4270237.0,289513.0,66
201100038691,11,10,18,1238,1,2,1,1.0,3.0,66136,M,4269449.0,287903.0,66
201100038692,11,10,18,1700,1,2,1,7.0,3.0,66136,M,4269012.0,287972.0,66
201100038693,11,10,19,1727,1,2,1,1.0,3.0,66136,M,4268056.0,290305.0,66
201100038694,11,10,20,1517,1,2,1,1.0,1.0,66136,M,4268829.0,288303.0,66
201100038695,11,10,21,50,5,2,1,1.0,6.0,66136,M,4268855.0,289208.0,66
201100038696,11,10,20,1954,5,2,1,1.0,6.0,66136,M,4270685.0,289171.0,66
201100038697,11,10,23,925,1,2,1,1.0,6.0,66136,M,4270222.0,289396.0,66
201100038698,11,10,24,1520,1,2,1,2.0,1.0,66136,M,4270795.0,288631.0,66
201100038699,11,11,1,1354,1,2,1,1.0,3.0,66136,M,4268537.0,287835.0,66
201100038700,11,11,1,1455,1,2,1,1.0,6.0,66136,M,4269369.0,288526.0,66
201100038701,11,11,10,1520,1,2,1,1.0,3.0,66136,M,4268921.0,290320.0,66
201100038702,11,11,12,1650,1,2,1,1.0,6.0,66136,M,4270433.0,289224.0,66
201100038703,11,11,10,1400,1,2,2,1.0,3.0,66136,M,4269180.0,288836.0,66
201100038704,11,11,12,1040,1,2,1,1.0,6.0,66136,M,4268811.0,289516.0,66
201100038705,11,11,16,1205,1,2,1,3.0,3.0,66136,M,4269928.0,288109.0,66
201100038706,11,11,19,1950,3,2,1,3.0,3.0,66136,M,4269150.0,288286.0,66
201100038707,11,11,19,2148,5,2,1,3.0,3.0,66136,M,4268857.0,289511.0,66
201100038708,11,11,23,2340,5,2,1,1.0,6.0,66136,M,4269740.0,287799.0,66
201100038709,11,11,24,1050,1,2,1,1.0,2.0,66136,M,4270874.0,288596.0,66
201100038710,11,11,27,540,5,2,1,1.0,1.0,66136,M,4269379.0,289298.0,66
201100038711,11,11,28,1834,2,2,1,1.0,1.0,66136,M,4269149.0,288284.0,66
201100038712,11,12,1,1253,1,2,1,1.0,6.0,66136,M,4267996.0,289283.0,66
201100038713,11,12,2,1830,2,2,1,1.0,3.0,66136,M,4269940.0,291673.0,66
201100038714,11,12,6,1928,1,2,2,1.0,3.0,66136,M,4269826.0,288912.0,66
201100038715,11,12,14,1650,1,2,1,1.0,3.0,66136,M,4268922.0,289323.0,66
201100038716,11,12,16,1230,1,2,1,8.0,3.0,66136,M,4268104.0,287069.0,66
201100038717,11,12,16,1855,5,2,1,2.0,1.0,66136,M,4269117.0,289865.0,66
201100038718,11,12,20,1510,1,2,1,1.0,6.0,66136,M,4266923.0,288450.0,66
201100038719,11,12,16,700,1,2,1,1.0,3.0,66136,M,4270812.0,290319.0,66
201100038720,11,2,1,2145,3,1,1,1.0,1.0,67180,M,,,67
201100038721,11,3,18,1320,1,2,3,1.0,3.0,67180,M,,,67
201100038722,11,4,3,1157,1,1,1,1.0,1.0,67180,M,,,67
201100038723,11,4,13,1035,1,1,1,1.0,5.0,67180,M,,,67
201100038724,11,5,14,130,3,1,1,1.0,6.0,67180,M,,,67
201100038725,11,5,15,1500,1,1,1,8.0,5.0,67180,M,,,67
201100038726,11,5,20,1140,1,1,1,1.0,1.0,67180,M,,,67
201100038727,11,6,30,1630,1,1,5,1.0,3.0,67180,M,,,67
201100038728,11,7,9,650,1,1,6,1.0,7.0,67180,M,,,67
201100038729,11,7,11,745,1,2,9,1.0,2.0,67180,M,,,67
201100038730,11,7,18,1035,1,2,1,8.0,6.0,67180,M,,,67
201100038731,11,7,29,1350,1,1,3,1.0,3.0,67180,M,,,67
201100038732,11,11,19,1435,1,2,9,8.0,4.0,67180,M,,,67
201100038733,11,11,19,1635,2,2,9,1.0,6.0,67180,M,,,67
201100038734,11,11,20,1545,1,2,2,1.0,1.0,67180,M,,,67
201100038735,11,11,22,1130,1,2,1,1.0,6.0,67180,M,,,67
201100038736,11,3,23,1155,1,2,3,1.0,6.0,67462,M,,,67
201100038737,11,3,24,942,1,2,1,1.0,6.0,67462,M,,,67
201100038738,11,5,8,1725,1,2,1,1.0,1.0,67462,M,,,67
201100038739,11,5,31,1030,1,1,1,2.0,2.0,67462,M,,,67
201100038740,11,6,24,2110,2,1,6,1.0,7.0,67462,M,,,67
201100038741,11,7,16,1840,1,1,1,1.0,3.0,67462,M,,,67
201100038742,11,7,23,1635,1,2,1,1.0,3.0,67462,M,,,67
201100038743,11,10,16,2030,3,1,1,1.0,3.0,67462,M,,,67
201100038744,11,11,10,735,1,2,1,2.0,5.0,67462,M,,,67
201100038745,11,11,14,1637,2,2,1,2.0,1.0,67462,M,,,67
201100038746,11,1,1,2150,5,2,3,1.0,3.0,67482,M,,,67
201100038747,11,1,2,27,5,2,2,4.0,6.0,67482,M,,,67
201100038748,11,1,6,600,3,2,1,2.0,3.0,67482,M,,,67
201100038749,11,1,6,1840,5,2,3,8.0,6.0,67482,M,,,67
201100038750,11,1,7,1330,1,2,1,3.0,2.0,67482,M,,,67