Num_Acc,an,mois,jour,hrmn,lum,agg,int,atm,col,com,gps,lat,long,dep
201100038751,11,1,8,750,1,2,2,2.0,3.0,67482,M,,,67
201100038752,11,1,10,1130,1,2,1,1.0,2.0,67447,M,,,67
201100038753,11,1,10,1800,5,2,1,5.0,3.0,67482,M,,,67
201100038754,11,1,11,1930,5,2,1,1.0,6.0,67218,M,,,67
201100038755,11,1,11,1930,5,2,1,1.0,3.0,67218,M,,,67
201100038756,11,1,12,1630,2,2,1,2.0,6.0,67482,M,,,67
201100038757,11,1,12,1830,5,2,3,2.0,3.0,67447,M,,,67
201100038758,11,1,14,1950,5,2,2,1.0,3.0,67482,M,,,67
201100038759,11,1,16,1600,1,2,1,1.0,4.0,67482,M,,,67
201100038760,11,1,16,1520,1,2,3,1.0,6.0,67482,M,,,67
201100038761,11,1,15,1728,5,2,1,1.0,4.0,67218,M,,,67
201100038762,11,1,17,1210,1,2,1,1.0,3.0,67204,M,,,67
201100038763,11,1,17,1800,5,2,6,1.0,6.0,67218,M,,,67
201100038764,11,1,18,715,2,2,1,1.0,6.0,67482,M,,,67
201100038765,11,1,18,1800,5,2,1,1.0,6.0,67482,M,,,67
201100038766,11,1,20,740,5,2,2,1.0,6.0,67482,M,,,67
201100038767,11,1,20,1805,5,2,1,8.0,2.0,67482,M,,,67
201100038768,11,1,21,1950,5,2,1,1.0,6.0,67482,M,,,67
201100038769,11,1,23,30,5,2,1,1.0,6.0,67482,M,,,67
201100038770,11,1,24,1450,1,2,1,1.0,3.0,67482,M,,,67
201100038771,11,1,24,1815,5,2,1,1.0,6.0,67482,M,,,67
201100038772,11,1,27,750,1,2,1,1.0,6.0,67043,M,,,67
201100038773,11,1,27,1020,1,2,3,1.0,3.0,67482,M,,,67
201100038774,11,1,28,645,5,2,2,1.0,6.0,67447,M,,,67
201100038775,11,1,28,1205,1,2,1,1.0,6.0,67043,M,,,67
201100038776,11,1,30,705,2,2,1,1.0,6.0,67482,M,,,67
201100038777,11,1,30,1900,4,2,3,1.0,3.0,67447,M,,,67
201100038778,11,1,31,1320,1,2,1,1.0,4.0,67482,M,,,67
201100038779,11,2,1,2110,5,2,2,1.0,6.0,67482,M,,,67
201100038780,11,2,2,1230,1,2,2,1.0,6.0,67482,M,,,67
201100038781,11,2,3,1155,1,2,1,2.0,6.0,67482,M,,,67
201100038782,11,2,4,1350,1,2,1,1.0,6.0,67482,M,,,67
201100038783,11,2,6,1530,1,2,2,1.0,3.0,67482,M,,,67
201100038784,11,2,6,1630,1,2,1,1.0,6.0,67482,M,,,67
201100038785,11,2,10,820,1,2,3,1.0,3.0,67482,M,,,67
201100038786,11,2,11,920,1,2,1,1.0,2.0,67218,M,,,67
201100038787,11,2,12,1455,1,2,1,1.0,2.0,67482,M,,,67
201100038788,11,2,12,1710,1,2,3,1.0,3.0,67218,M,,,67
201100038789,11,2,13,2320,5,1,3,1.0,3.0,67482,M,,,67
201100038790,11,2,14,705,2,2,3,1.0,6.0,67482,M,,,67
201100038791,11,2,14,1055,1,2,1,1.0,6.0,67482,M,,,67
201100038792,11,2,15,1105,1,2,1,2.0,2.0,67482,M,,,67
201100038793,11,2,15,1415,1,2,2,2.0,2.0,67482,M,,,67
201100038794,11,2,16,245,5,2,1,1.0,6.0,67482,M,,,67
201100038795,11,2,16,632,5,2,1,1.0,3.0,67447,M,,,67
201100038796,11,2,16,810,1,2,1,1.0,3.0,67482,M,,,67
201100038797,11,2,16,1545,1,2,1,1.0,3.0,67482,M,,,67
201100038798,11,2,18,1440,1,2,2,1.0,3.0,67482,M,,,67
201100038799,11,2,18,1450,1,2,1,1.0,6.0,67482,M,,,67
201100038800,11,2,20,550,5,2,1,1.0,1.0,67482,M,,,67
201100038801,11,2,21,1840,1,2,1,1.0,6.0,67482,M,,,67
201100038802,11,2,22,1340,1,2,1,1.0,6.0,67482,M,,,67
201100038803,11,2,23,900,1,2,1,1.0,6.0,67482,M,,,67
201100038804,11,2,23,1415,1,2,2,1.0,2.0,67482,M,,,67
201100038805,11,2,25,930,1,2,2,8.0,3.0,67482,M,,,67
201100038806,11,2,25,1710,1,2,1,1.0,3.0,67218,M,,,67
201100038807,11,2,25,2235,5,2,2,1.0,3.0,67482,M,,,67
201100038808,11,2,26,910,1,2,1,1.0,6.0,67482,M,,,67
201100038809,11,2,28,1930,5,2,2,1.0,6.0,67218,M,,,67
201100038810,11,3,1,2030,5,2,9,1.0,3.0,67482,M,,,67
201100038811,11,3,2,2010,5,2,1,1.0,2.0,67482,M,,,67
201100038812,11,3,3,1105,1,2,1,1.0,2.0,67482,M,,,67
201100038813,11,3,4,1035,1,2,1,1.0,6.0,67482,M,,,67
201100038814,11,3,4,1430,1,2,1,1.0,4.0,67482,M,,,67
201100038815,11,3,4,2045,5,2,1,1.0,2.0,67043,M,,,67
201100038816,11,3,5,1840,5,2,2,1.0,3.0,67365,M,,,67
201100038817,11,3,6,2030,5,2,3,1.0,3.0,67482,M,,,67
201100038818,11,3,8,805,1,2,1,1.0,2.0,67482,M,,,67
201100038819,11,3,9,805,1,2,3,1.0,3.0,67447,M,,,67
201100038820,11,3,10,1200,1,2,2,1.0,3.0,67482,M,,,67
201100038821,11,3,12,2030,5,2,1,1.0,6.0,67482,M,,,67
201100038822,11,3,14,815,1,2,1,1.0,6.0,67447,M,,,67
201100038823,11,3,14,940,1,2,1,1.0,6.0,67365,M,,,67
201100038824,11,3,14,1630,1,2,1,1.0,7.0,67482,M,,,67
201100038825,11,3,14,1930,5,2,2,1.0,3.0,67218,M,,,67
201100038826,11,3,15,1130,1,2,1,1.0,6.0,67482,M,,,67
201100038827,11,3,15,1530,1,2,2,1.0,3.0,67218,M,,,67
201100038828,11,3,16,750,1,2,1,1.0,5.0,67204,M,,,67
201100038829,11,3,16,1750,2,2,1,2.0,3.0,67218,M,,,67
201100038830,11,3,18,1700,1,2,1,1.0,6.0,67482,M,,,67
201100038831,11,3,19,1715,1,2,2,1.0,6.0,67482,M,,,67
201100038832,11,3,22,730,1,2,1,1.0,6.0,67482,M,,,67
201100038833,11,3,22,1510,1,2,2,1.0,3.0,67482,M,,,67
201100038834,11,3,22,2010,5,2,1,1.0,2.0,67482,M,,,67
201100038835,11,3,23,1250,1,2,3,1.0,6.0,67482,M,,,67
201100038836,11,3,25,935,1,2,2,1.0,3.0,67482,M,,,67
201100038837,11,3,25,1400,1,2,2,1.0,3.0,67218,M,,,67
201100038838,11,3,25,1420,1,2,1,1.0,2.0,67482,M,,,67
201100038839,11,3,28,2240,5,2,1,1.0,6.0,67482,M,,,67
201100038840,11,3,29,910,1,2,2,1.0,6.0,67482,M,,,67
201100038841,11,3,29,2215,5,2,2,1.0,3.0,67482,M,,,67
201100038842,11,3,31,1315,1,2,3,2.0,3.0,67447,M,,,67
201100038843,11,3,31,1700,1,2,1,1.0,4.0,67482,M,,,67
201100038844,11,4,1,1800,1,2,1,1.0,2.0,67482,M,,,67
201100038845,11,4,2,1045,1,2,2,1.0,3.0,67447,M,,,67
201100038846,11,4,2,1424,1,2,1,1.0,2.0,67482,M,,,67
201100038847,11,4,3,1620,1,2,3,1.0,3.0,67482,M,,,67
201100038848,11,4,3,1725,1,2,1,1.0,3.0,67482,M,,,67
201100038849,11,4,3,1846,1,2,1,1.0,7.0,67267,M,,,67
201100038850,11,4,4,1030,1,2,1,1.0,6.0,67482,M,,,67
201100038851,11,4,4,1100,1,2,3,8.0,3.0,67482,M,,,67
201100038852,11,4,4,1610,1,2,2,1.0,2.0,67482,M,,,67
201100038853,11,4,4,1830,1,2,1,1.0,6.0,67447,M,,,67
201100038854,11,4,5,1500,1,2,1,1.0,6.0,67482,M,,,67
201100038855,11,4,6,745,1,2,2,1.0,6.0,67482,M,,,67
201100038856,11,4,6,1840,1,2,1,1.0,3.0,67482,M,,,67
201100038857,11,4,7,1608,1,2,3,1.0,3.0,67482,M,,,67
201100038858,11,4,7,1615,1,2,2,2.0,5.0,67482,M,,,67
201100038859,11,4,7,1805,1,2,1,1.0,6.0,67218,M,,,67
201100038860,11,4,8,1640,1,2,1,1.0,6.0,67218,M,,,67
201100038861,11,4,8,1644,1,2,1,1.0,6.0,67482,M,,,67
201100038862,11,4,9,1950,1,2,1,1.0,3.0,67482,M,,,67
201100038863,11,4,10,1835,1,2,1,1.0,3.0,67482,M,,,67
201100038864,11,4,10,1920,1,2,1,1.0,6.0,67482,M,,,67
201100038865,11,4,11,907,1,2,3,1.0,3.0,67482,M,,,67
201100038866,11,4,11,1135,1,2,1,1.0,3.0,67482,M,,,67
201100038867,11,4,11,1345,1,2,1,1.0,6.0,67447,M,,,67
201100038868,11,4,12,1255,1,2,1,1.0,6.0,67482,M,,,67
201100038869,11,4,12,1905,1,2,3,1.0,3.0,67482,M,,,67
201100038870,11,4,14,1210,1,2,1,1.0,6.0,67482,M,,,67
201100038871,11,4,15,410,5,2,1,1.0,7.0,67482,M,,,67
201100038872,11,4,15,800,1,2,1,1.0,6.0,67365,M,,,67
201100038873,11,4,15,850,1,2,1,1.0,6.0,67482,M,,,67
201100038874,11,4,15,1315,1,2,1,1.0,6.0,67482,M,,,67
201100038875,11,4,16,635,1,2,3,1.0,3.0,67447,M,,,67
201100038876,11,4,19,1035,1,2,1,1.0,6.0,67482,M,,,67
201100038877,11,4,19,1710,1,2,3,1.0,6.0,67482,M,,,67
201100038878,11,4,19,2115,5,2,1,1.0,2.0,67482,M,,,67
201100038879,11,4,21,1645,1,2,2,1.0,3.0,67043,M,,,67
201100038880,11,4,21,1740,1,2,1,1.0,2.0,67482,M,,,67
201100038881,11,4,21,2000,2,2,3,1.0,3.0,67482,M,,,67
201100038882,11,4,23,1735,1,2,1,1.0,6.0,67482,M,,,67
201100038883,11,4,23,1900,1,2,1,1.0,6.0,67447,M,,,67
201100038884,11,4,23,1920,1,2,1,1.0,6.0,67482,M,,,67
201100038885,11,4,23,1805,1,2,1,1.0,6.0,67482,M,,,67
201100038886,11,4,24,1550,1,2,1,1.0,3.0,67482,M,,,67
201100038887,11,4,25,1415,1,2,3,1.0,3.0,67482,M,,,67
201100038888,11,4,29,800,1,2,1,1.0,6.0,67482,M,,,67
201100038889,11,4,29,1050,1,2,1,1.0,2.0,67482,M,,,67
201100038890,11,4,29,1235,1,2,1,1.0,4.0,67482,M,,,67
201100038891,11,4,29,1820,1,2,1,1.0,2.0,67482,M,,,67
201100038892,11,4,30,1715,1,2,1,1.0,1.0,67365,M,,,67
201100038893,11,4,30,1835,1,2,1,2.0,2.0,67482,M,,,67
201100038894,11,5,3,750,1,2,3,1.0,6.0,67267,M,,,67
201100038895,11,5,3,1508,1,2,2,1.0,3.0,67482,M,,,67
201100038896,11,5,4,1009,1,2,2,1.0,3.0,67482,M,,,67
201100038897,11,5,4,1230,1,2,1,1.0,6.0,67447,M,,,67
201100038898,11,5,5,1240,1,2,2,1.0,3.0,67447,M,,,67
201100038899,11,5,8,1920,1,2,1,2.0,4.0,67482,M,,,67
201100038900,11,5,9,700,1,2,2,1.0,3.0,67482,M,,,67
201100038901,11,5,9,1350,1,2,2,1.0,3.0,67482,M,,,67
201100038902,11,5,9,1903,1,2,1,1.0,2.0,67482,M,,,67
201100038903,11,5,11,1355,1,2,3,2.0,3.0,67218,M,,,67
201100038904,11,5,12,1915,1,2,1,1.0,3.0,67482,M,,,67
201100038905,11,5,13,440,2,2,2,1.0,3.0,67482,M,,,67
201100038906,11,5,13,1530,1,2,1,1.0,3.0,67482,M,,,67
201100038907,11,5,13,1640,1,2,1,1.0,3.0,67218,M,,,67
201100038908,11,5,13,1700,1,2,1,1.0,6.0,67204,M,,,67
201100038909,11,5,13,1745,1,2,6,1.0,1.0,67218,M,,,67
201100038910,11,5,14,1040,1,2,1,1.0,3.0,67482,M,,,67
201100038911,11,5,16,850,1,2,1,1.0,1.0,67482,M,,,67
201100038912,11,5,16,1730,1,2,2,1.0,6.0,67482,M,,,67
201100038913,11,5,18,1700,1,2,1,1.0,2.0,67482,M,,,67
201100038914,11,5,19,2147,5,2,3,1.0,3.0,67482,M,,,67
201100038915,11,5,20,1020,1,2,1,1.0,6.0,67043,M,,,67
201100038916,11,5,20,1600,1,2,1,1.0,6.0,67043,M,,,67
201100038917,11,5,20,1703,1,2,4,1.0,6.0,67482,M,,,67
201100038918,11,5,20,2045,1,2,6,1.0,3.0,67482,M,,,67
201100038919,11,5,23,1216,1,2,1,1.0,6.0,67482,M,,,67
201100038920,11,5,23,1400,1,2,3,1.0,3.0,67365,M,,,67
201100038921,11,5,24,1940,1,2,1,1.0,6.0,67482,M,,,67
201100038922,11,5,25,1800,1,2,3,1.0,6.0,67365,M,,,67
201100038923,11,5,25,1830,2,2,6,1.0,3.0,67204,M,,,67
201100038924,11,5,25,1850,1,2,2,1.0,3.0,67043,M,,,67
201100038925,11,5,25,1920,1,2,1,1.0,6.0,67482,M,,,67
201100038926,11,5,27,1320,1,2,1,1.0,6.0,67447,M,,,67
201100038927,11,5,27,1950,1,2,3,1.0,4.0,67482,M,,,67
201100038928,11,5,30,930,1,2,3,1.0,3.0,67482,M,,,67
201100038929,11,5,30,1210,1,2,2,1.0,3.0,67482,M,,,67
201100038930,11,5,30,1230,1,2,1,1.0,3.0,67482,M,,,67
201100038931,11,5,30,1406,1,2,1,1.0,6.0,67482,M,,,67
201100038932,11,5,30,1730,1,2,1,1.0,6.0,67482,M,,,67
201100038933,11,5,30,2310,5,2,2,1.0,3.0,67482,M,,,67
201100038934,11,5,31,220,5,2,1,1.0,6.0,67267,M,,,67
201100038935,11,5,31,850,1,2,1,1.0,6.0,67482,M,,,67
201100038936,11,5,31,1300,1,2,1,2.0,6.0,67482,M,,,67
201100038937,11,6,1,920,1,2,2,1.0,3.0,67482,M,,,67
201100038938,11,6,1,1909,1,2,1,1.0,3.0,67482,M,,,67
201100038939,11,6,2,2045,1,2,2,1.0,6.0,67267,M,,,67
201100038940,11,6,3,900,1,2,5,1.0,3.0,67482,M,,,67
201100038941,11,6,3,2050,2,2,2,1.0,3.0,67482,M,,,67
201100038942,11,6,3,2145,5,2,3,1.0,6.0,67482,M,,,67
201100038943,11,6,6,1340,1,2,2,1.0,3.0,67482,M,,,67
201100038944,11,6,6,1430,1,2,1,1.0,2.0,67482,M,,,67
201100038945,11,6,6,1800,1,2,1,1.0,3.0,67482,M,,,67
201100038946,11,6,6,1810,1,2,1,1.0,6.0,67482,M,,,67
201100038947,11,6,7,1355,1,2,1,1.0,6.0,67447,M,,,67
201100038948,11,6,7,1520,1,2,1,1.0,3.0,67204,M,,,67
201100038949,11,6,7,2050,2,2,3,2.0,3.0,67204,M,,,67
201100038950,11,6,8,1734,1,2,3,1.0,2.0,67482,M,,,67
201100038951,11,6,8,1930,1,2,3,1.0,6.0,67482,M,,,67
201100038952,11,6,8,1400,1,2,1,1.0,6.0,67482,M,,,67
201100038953,11,6,9,950,1,2,1,1.0,6.0,67218,M,,,67
201100038954,11,6,10,1120,1,2,1,1.0,6.0,67482,M,,,67
201100038955,11,6,10,1335,1,2,1,1.0,2.0,67482,M,,,67
201100038956,11,6,11,1445,1,2,2,1.0,3.0,67204,M,,,67
201100038957,11,6,11,1825,1,2,1,1.0,6.0,67482,M,,,67
201100038958,11,6,13,1430,1,2,1,1.0,6.0,67482,M,,,67
201100038959,11,6,13,1650,1,2,1,1.0,6.0,67267,M,,,67
201100038960,11,6,14,730,1,2,5,1.0,3.0,67482,M,,,67
201100038961,11,6,14,1110,1,2,1,1.0,3.0,67267,M,,,67
201100038962,11,6,14,1630,1,2,2,1.0,3.0,67482,M,,,67
201100038963,11,6,14,2050,1,2,1,1.0,1.0,67482,M,,,67
201100038964,11,6,14,2300,4,2,1,1.0,3.0,67482,M,,,67
201100038965,11,6,15,1239,1,2,1,1.0,2.0,67482,M,,,67
201100038966,11,6,16,1250,1,2,1,1.0,3.0,67043,M,,,67
201100038967,11,6,21,2145,1,2,1,1.0,3.0,67482,M,,,67
201100038968,11,6,23,835,1,2,7,1.0,3.0,67482,M,,,67
201100038969,11,6,23,815,1,2,1,1.0,6.0,67482,M,,,67
201100038970,11,6,23,1900,1,2,3,1.0,3.0,67482,M,,,67
201100038971,11,6,23,2108,2,2,2,8.0,3.0,67043,M,,,67
201100038972,11,6,24,1240,1,2,1,7.0,3.0,67043,M,,,67
201100038973,11,6,24,1625,1,2,1,1.0,2.0,67482,M,,,67
201100038974,11,6,24,2140,2,2,3,1.0,3.0,67482,M,,,67
201100038975,11,6,25,1040,1,2,2,1.0,3.0,67482,M,,,67
201100038976,11,6,26,1859,1,2,2,1.0,3.0,67482,M,,,67
201100038977,11,6,27,1945,1,2,3,1.0,3.0,67043,M,,,67
201100038978,11,6,28,1425,1,2,1,1.0,1.0,67218,M,,,67
201100038979,11,6,29,1400,1,2,3,2.0,7.0,67482,M,,,67
201100038980,11,6,29,1725,1,2,1,3.0,6.0,67482,M,,,67
201100038981,11,6,30,1940,1,2,1,1.0,2.0,67482,M,,,67
201100038982,11,7,1,1210,1,2,2,1.0,3.0,67482,M,,,67
201100038983,11,7,1,1330,1,2,1,1.0,6.0,67482,M,,,67
201100038984,11,7,1,1745,1,2,1,1.0,6.0,67482,M,,,67
201100038985,11,7,1,1755,1,2,1,1.0,3.0,67267,M,,,67
201100038986,11,7,3,1915,1,2,3,1.0,2.0,67218,M,,,67
201100038987,11,7,4,1625,1,2,1,1.0,3.0,67482,M,,,67
201100038988,11,7,5,1125,1,2,1,1.0,6.0,67482,M,,,67
201100038989,11,7,5,1225,1,2,1,1.0,2.0,67447,M,,,67
201100038990,11,7,5,1325,1,2,1,1.0,3.0,67482,M,,,67
201100038991,11,7,5,1540,1,2,1,1.0,6.0,67447,M,,,67
201100038992,11,7,5,2300,5,2,1,1.0,5.0,67482,M,,,67
201100038993,11,7,6,2215,5,2,1,1.0,6.0,67267,M,,,67
201100038994,11,7,7,1635,1,2,3,2.0,3.0,67482,M,,,67
201100038995,11,7,7,1745,1,2,1,3.0,2.0,67482,M,,,67
201100038996,11,7,8,1140,1,2,2,1.0,3.0,67482,M,,,67
201100038997,11,7,9,917,1,2,1,1.0,3.0,67482,M,,,67
201100038998,11,7,9,2015,1,2,3,2.0,1.0,67365,M,,,67
201100038999,11,7,11,1530,1,2,1,1.0,1.0,67267,M,,,67
201100039000,11,7,11,1710,1,2,1,1.0,6.0,67482,M,,,67
201100039001,11,7,11,2100,1,2,1,1.0,6.0,67482,M,,,67
201100039002,11,7,12,800,1,2,1,1.0,2.0,67482,M,,,67
201100039003,11,7,12,1300,1,2,1,1.0,6.0,67482,M,,,67
201100039004,11,7,12,1540,1,2,2,1.0,3.0,67218,M,,,67
201100039005,11,7,13,920,1,2,2,1.0,3.0,67482,M,,,67
201100039006,11,7,14,1755,1,2,1,1.0,6.0,67447,M,,,67
201100039007,11,7,15,1040,1,2,1,1.0,6.0,67447,M,,,67
201100039008,11,7,15,1555,1,2,1,1.0,2.0,67482,M,,,67
201100039009,11,7,15,2050,1,2,2,1.0,3.0,67482,M,,,67
201100039010,11,7,19,1615,1,2,1,2.0,2.0,67482,M,,,67
201100039011,11,7,19,1800,1,2,1,2.0,4.0,67482,M,,,67
201100039012,11,7,19,2005,1,2,2,2.0,6.0,67482,M,,,67
201100039013,11,7,22,1945,1,2,1,1.0,3.0,67043,M,,,67
201100039014,11,7,24,415,5,2,2,1.0,3.0,67482,M,,,67
201100039015,11,7,24,200,5,2,1,1.0,6.0,67482,M,,,67
201100039016,11,7,26,200,5,2,2,1.0,3.0,67482,M,,,67
201100039017,11,7,29,740,2,2,1,1.0,3.0,67482,M,,,67
201100039018,11,7,30,2045,2,1,1,1.0,7.0,67267,M,,,67
201100039019,11,7,31,2016,1,2,1,1.0,6.0,67482,M,,,67
201100039020,11,7,31,2030,2,2,1,1.0,6.0,67482,M,,,67
201100039021,11,8,1,1120,1,2,2,1.0,3.0,67482,M,,,67
201100039022,11,8,5,1145,1,2,2,1.0,3.0,67482,M,,,67
201100039023,11,8,5,1801,1,2,1,1.0,6.0,67482,M,,,67
201100039024,11,8,6,1550,1,2,1,1.0,4.0,67482,M,,,67
201100039025,11,8,7,1440,1,2,1,8.0,2.0,67482,M,,,67
201100039026,11,8,8,1100,1,1,1,1.0,6.0,67482,M,,,67
201100039027,11,8,11,1015,1,2,1,1.0,3.0,67482,M,,,67
201100039028,11,8,11,1845,1,2,1,1.0,6.0,67482,M,,,67
201100039029,11,8,12,1445,1,2,2,1.0,3.0,67043,M,,,67
201100039030,11,8,12,1730,1,2,2,1.0,3.0,67447,M,,,67
201100039031,11,8,12,1915,1,2,1,2.0,6.0,67482,M,,,67
201100039032,11,8,12,1800,1,2,2,1.0,3.0,67482,M,,,67
201100039033,11,8,12,2305,5,2,4,1.0,7.0,67482,M,,,67
201100039034,11,8,13,855,1,2,1,1.0,3.0,67482,M,,,67
201100039035,11,8,13,1815,1,2,2,1.0,3.0,67482,M,,,67
201100039036,11,8,14,2345,5,2,3,2.0,5.0,67482,M,,,67
201100039037,11,8,15,1800,1,2,3,1.0,3.0,67482,M,,,67
201100039038,11,8,16,2145,5,2,2,1.0,3.0,67482,M,,,67
201100039039,11,8,17,1530,1,2,2,1.0,3.0,67482,M,,,67
201100039040,11,8,19,1435,1,2,3,1.0,3.0,67267,M,,,67
201100039041,11,8,19,1907,1,2,2,1.0,3.0,67482,M,,,67
201100039042,11,8,20,1530,1,2,1,1.0,7.0,67218,M,,,67
201100039043,11,8,20,1530,1,2,1,1.0,6.0,67482,M,,,67
201100039044,11,8,23,1230,1,2,4,1.0,3.0,67482,M,,,67
201100039045,11,8,24,830,1,2,1,1.0,3.0,67447,M,,,67
201100039046,11,8,24,1316,1,2,2,1.0,3.0,67218,M,,,67
201100039047,11,8,24,1427,1,2,1,1.0,2.0,67267,M,,,67
201100039048,11,8,24,2250,5,2,1,1.0,3.0,67482,M,,,67
201100039049,11,8,25,1757,1,2,2,1.0,3.0,67482,M,,,67
201100039050,11,8,26,1600,1,2,3,1.0,5.0,67043,M,,,67
201100039051,11,8,26,2150,5,2,4,2.0,3.0,67447,M,,,67
201100039052,11,8,27,1,5,2,1,2.0,3.0,67482,M,,,67
201100039053,11,8,27,2045,5,2,1,2.0,3.0,67447,M,,,67
201100039054,11,8,29,1145,1,2,1,1.0,6.0,67482,M,,,67
201100039055,11,8,29,1410,1,2,1,1.0,3.0,67482,M,,,67
201100039056,11,8,29,1920,1,2,2,1.0,3.0,67482,M,,,67
201100039057,11,8,30,900,1,2,2,1.0,3.0,67482,M,,,67
201100039058,11,8,30,1245,1,2,3,1.0,3.0,67482,M,,,67
201100039059,11,8,30,1610,1,2,1,2.0,3.0,67482,M,,,67
201100039060,11,8,30,1830,2,2,2,1.0,3.0,67482,M,,,67
201100039061,11,8,31,1734,1,2,1,1.0,3.0,67482,M,,,67
201100039062,11,8,31,1825,1,2,1,1.0,3.0,67482,M,,,67
201100039063,11,9,2,30,5,2,2,1.0,3.0,67482,M,,,67
201100039064,11,9,3,400,5,2,2,1.0,3.0,67482,M,,,67
201100039065,11,9,3,1955,2,1,2,1.0,3.0,67482,M,,,67
201100039066,11,9,3,2140,5,1,1,1.0,3.0,67482,M,,,67
201100039067,11,9,4,1850,1,2,3,3.0,3.0,67447,M,,,67
201100039068,11,9,6,825,1,2,1,1.0,2.0,67482,M,,,67
201100039069,11,9,6,1000,1,2,3,1.0,3.0,67482,M,,,67
201100039070,11,9,6,1840,1,2,1,1.0,6.0,67482,M,,,67
201100039071,11,9,6,2000,5,2,2,1.0,3.0,67482,M,,,67
201100039072,11,9,8,620,3,2,6,8.0,3.0,67218,M,,,67
201100039073,11,9,8,845,1,2,2,1.0,3.0,67482,M,,,67
201100039074,11,9,8,1335,1,2,2,1.0,3.0,67482,M,,,67
201100039075,11,9,8,1700,1,2,1,1.0,6.0,67267,M,,,67
201100039076,11,9,9,1200,1,2,3,1.0,3.0,67482,M,,,67
201100039077,11,9,9,1205,1,2,1,1.0,2.0,67482,M,,,67
201100039078,11,9,12,610,2,2,2,1.0,3.0,67482,M,,,67
201100039079,11,9,10,2325,5,2,1,1.0,3.0,67482,M,,,67
201100039080,11,9,12,1530,1,1,2,1.0,3.0,67218,M,,,67
201100039081,11,9,12,1730,1,2,3,1.0,3.0,67482,M,,,67
201100039082,11,9,13,750,1,2,1,1.0,2.0,67447,M,,,67
201100039083,11,9,14,1205,1,2,3,1.0,3.0,67482,M,,,67
201100039084,11,9,16,1200,1,2,1,1.0,6.0,67482,M,,,67
201100039085,11,9,16,940,1,2,2,1.0,3.0,67482,M,,,67
201100039086,11,9,16,1250,1,2,2,1.0,3.0,67482,M,,,67
201100039087,11,9,16,1520,1,2,1,1.0,6.0,67482,M,,,67
201100039088,11,9,18,2206,5,2,1,1.0,7.0,67482,M,,,67
201100039089,11,9,19,812,1,2,1,1.0,6.0,67482,M,,,67
201100039090,11,9,19,1745,1,2,3,1.0,3.0,67482,M,,,67
201100039091,11,9,21,2015,3,2,1,1.0,4.0,67218,M,,,67
201100039092,11,9,22,1600,1,2,1,1.0,2.0,67482,M,,,67
201100039093,11,9,23,1035,1,2,1,1.0,2.0,67482,M,,,67
201100039094,11,9,23,1540,1,2,7,1.0,3.0,67482,M,,,67
201100039095,11,9,24,1632,1,2,1,1.0,6.0,67482,M,,,67
201100039096,11,9,24,1930,1,2,2,1.0,1.0,67365,M,,,67
201100039097,11,9,24,2011,3,2,1,1.0,7.0,67482,M,,,67
201100039098,11,9,25,1340,1,2,2,1.0,3.0,67482,M,,,67
201100039099,11,9,25,1835,1,2,3,1.0,3.0,67482,M,,,67
201100039100,11,9,26,1215,1,2,2,1.0,3.0,67447,M,,,67
201100039101,11,9,26,1226,1,2,2,1.0,6.0,67482,M,,,67
201100039102,11,9,26,2210,5,2,3,1.0,3.0,67447,M,,,67
201100039103,11,9,27,1210,1,2,1,1.0,3.0,67482,M,,,67
201100039104,11,9,27,1400,1,2,1,1.0,6.0,67482,M,,,67
201100039105,11,9,28,1100,1,2,2,1.0,3.0,67482,M,,,67
201100039106,11,9,28,1708,1,2,1,1.0,3.0,67482,M,,,67
201100039107,11,9,28,2020,3,2,1,1.0,2.0,67482,M,,,67
201100039108,11,9,29,735,1,2,1,1.0,6.0,67043,M,,,67
201100039109,11,9,29,1047,1,2,1,1.0,6.0,67482,M,,,67
201100039110,11,9,29,1838,1,2,1,1.0,3.0,67482,M,,,67
201100039111,11,9,29,2010,5,2,1,1.0,6.0,67482,M,,,67
201100039112,11,9,29,2300,5,2,2,1.0,3.0,67482,M,,,67
201100039113,11,9,30,855,1,2,1,1.0,6.0,67447,M,,,67
201100039114,11,9,30,940,1,2,1,2.0,2.0,67482,M,,,67
201100039115,11,10,1,5,5,2,2,1.0,3.0,67218,M,,,67
201100039116,11,10,1,958,1,2,2,1.0,3.0,67482,M,,,67
201100039117,11,10,5,1050,1,2,2,1.0,6.0,67482,M,,,67
201100039118,11,10,5,1327,1,2,1,1.0,6.0,67482,M,,,67
201100039119,11,10,5,1830,5,2,1,1.0,4.0,67482,M,,,67
201100039120,11,10,6,845,1,2,1,1.0,3.0,67482,M,,,67
201100039121,11,10,6,1245,1,2,1,1.0,6.0,67482,M,,,67
201100039122,11,10,6,1930,5,2,3,3.0,3.0,67482,M,,,67
201100039123,11,10,7,135,5,2,2,1.0,3.0,67482,M,,,67
201100039124,11,10,7,1220,1,2,1,1.0,4.0,67447,M,,,67
201100039125,11,10,8,1120,1,2,1,8.0,6.0,67482,M,,,67
201100039126,11,10,10,740,1,2,1,8.0,6.0,67043,M,,,67
201100039127,11,10,10,1850,1,2,1,1.0,3.0,67482,M,,,67
201100039128,11,10,11,825,1,2,2,1.0,6.0,67482,M,,,67
201100039129,11,10,11,1700,1,2,1,1.0,3.0,67482,M,,,67
201100039130,11,10,12,1105,1,2,1,1.0,2.0,67482,M,,,67
201100039131,11,10,17,1125,1,2,1,1.0,6.0,67482,M,,,67
201100039132,11,10,14,2310,5,2,3,1.0,7.0,67482,M,,,67
201100039133,11,10,15,1140,1,2,1,1.0,2.0,67482,M,,,67
201100039134,11,10,16,1435,1,2,4,1.0,6.0,67482,M,,,67
201100039135,11,10,16,1615,1,2,2,1.0,3.0,67482,M,,,67
201100039136,11,10,17,2010,5,2,1,1.0,6.0,67482,M,,,67