Num_Acc,an,mois,jour,hrmn,lum,agg,int,atm,col,com,gps,lat,long,dep
201100039137,11,10,18,800,1,2,1,1.0,3.0,67482,M,,,67
201100039138,11,10,18,1110,1,2,3,1.0,2.0,67482,M,,,67
201100039139,11,10,18,1500,1,2,1,1.0,6.0,67482,M,,,67
201100039140,11,10,18,1625,1,2,1,1.0,6.0,67482,M,,,67
201100039141,11,10,19,1652,1,2,2,1.0,3.0,67482,M,,,67
201100039142,11,10,19,2325,5,2,1,1.0,7.0,67043,M,,,67
201100039143,11,10,20,640,3,2,6,5.0,6.0,67482,M,,,67
201100039144,11,10,20,950,1,2,3,1.0,3.0,67482,M,,,67
201100039145,11,10,21,1440,1,2,3,1.0,3.0,67365,M,,,67
201100039146,11,10,22,220,5,2,1,5.0,7.0,67482,M,,,67
201100039147,11,10,23,235,5,2,4,1.0,4.0,67482,M,,,67
201100039148,11,10,24,755,1,2,2,5.0,3.0,67482,M,,,67
201100039149,11,10,25,1310,1,2,1,1.0,2.0,67482,M,,,67
201100039150,11,10,25,2255,1,2,2,1.0,3.0,67482,M,,,67
201100039151,11,10,26,945,1,2,1,1.0,3.0,67482,M,,,67
201100039152,11,10,26,1725,1,2,1,7.0,6.0,67482,M,,,67
201100039153,11,10,26,1756,1,2,2,7.0,3.0,67043,M,,,67
201100039154,11,10,28,1600,1,2,1,1.0,6.0,67482,M,,,67
201100039155,11,10,29,1250,1,2,3,1.0,3.0,67482,M,,,67
201100039156,11,10,30,1800,3,1,1,1.0,7.0,67482,M,,,67
201100039157,11,10,31,2218,5,2,1,1.0,1.0,67482,M,,,67
201100039158,11,11,2,1435,1,2,1,1.0,6.0,67482,M,,,67
201100039159,11,11,2,1515,1,2,1,1.0,6.0,67482,M,,,67
201100039160,11,11,2,1900,5,2,3,1.0,6.0,67482,M,,,67
201100039161,11,11,2,1800,5,2,1,1.0,6.0,67482,M,,,67
201100039162,11,11,4,1730,2,2,3,1.0,3.0,67482,M,,,67
201100039163,11,11,4,1940,5,2,1,1.0,3.0,67482,M,,,67
201100039164,11,11,5,1140,1,2,1,1.0,3.0,67365,M,,,67
201100039165,11,11,5,1200,1,2,1,1.0,6.0,67482,M,,,67
201100039166,11,11,5,1250,1,2,1,1.0,1.0,67482,M,,,67
201100039167,11,11,6,1310,1,2,1,1.0,3.0,67482,M,,,67
201100039168,11,11,7,1040,1,2,1,1.0,7.0,67365,M,,,67
201100039169,11,11,7,1040,1,2,2,1.0,3.0,67482,M,,,67
201100039170,11,11,7,1650,2,2,1,1.0,2.0,67482,M,,,67
201100039171,11,11,7,1705,5,2,1,2.0,6.0,67043,M,,,67
201100039172,11,11,8,1340,1,2,1,1.0,6.0,67482,M,,,67
201100039173,11,11,8,1720,3,2,3,1.0,6.0,67482,M,,,67
201100039174,11,11,8,2030,3,2,1,5.0,5.0,67218,M,,,67
201100039175,11,11,9,1940,5,2,2,1.0,3.0,67482,M,,,67
201100039176,11,11,10,355,5,2,1,1.0,6.0,67482,M,,,67
201100039177,11,11,10,1700,5,2,2,1.0,6.0,67482,M,,,67
201100039178,11,11,11,315,5,2,2,2.0,3.0,67482,M,,,67
201100039179,11,11,11,425,5,2,3,2.0,2.0,67482,M,,,67
201100039180,11,11,11,530,5,2,4,1.0,1.0,67365,M,,,67
201100039181,11,11,13,1730,1,2,3,1.0,3.0,67482,M,,,67
201100039182,11,11,14,2040,5,2,2,2.0,3.0,67447,M,,,67
201100039183,11,11,15,1105,1,2,1,1.0,6.0,67482,M,,,67
201100039184,11,11,15,1145,1,2,2,1.0,6.0,67043,M,,,67
201100039185,11,11,16,1130,1,2,1,1.0,6.0,67482,M,,,67
201100039186,11,11,16,1403,1,2,1,1.0,6.0,67447,M,,,67
201100039187,11,11,17,325,3,2,1,1.0,6.0,67482,M,,,67
201100039188,11,11,17,1640,2,2,3,1.0,3.0,67043,M,,,67
201100039189,11,11,18,800,1,1,1,8.0,7.0,67218,M,,,67
201100039190,11,11,18,1350,1,2,1,1.0,6.0,67482,M,,,67
201100039191,11,11,18,2230,5,2,1,1.0,6.0,67204,M,,,67
201100039192,11,11,20,1800,5,2,1,1.0,6.0,67482,M,,,67
201100039193,11,11,20,1820,5,2,2,1.0,3.0,67482,M,,,67
201100039194,11,11,21,1545,1,2,1,1.0,6.0,67482,M,,,67
201100039195,11,11,22,640,2,2,1,5.0,6.0,67482,M,,,67
201100039196,11,11,23,1530,1,2,1,1.0,6.0,67482,M,,,67
201100039197,11,11,24,1415,1,2,2,8.0,3.0,67482,M,,,67
201100039198,11,11,25,1630,1,2,1,1.0,6.0,67482,M,,,67
201100039199,11,11,27,2015,1,2,1,1.0,2.0,67482,M,,,67
201100039200,11,11,28,905,1,2,2,1.0,7.0,67482,M,,,67
201100039201,11,11,28,1400,1,2,2,1.0,3.0,67482,M,,,67
201100039202,11,11,29,1415,1,2,1,1.0,2.0,67043,M,,,67
201100039203,11,11,29,1838,5,2,1,1.0,6.0,67267,M,,,67
201100039204,11,11,30,1000,1,2,1,2.0,6.0,67482,M,,,67
201100039205,11,11,30,1020,1,2,2,1.0,6.0,67482,M,,,67
201100039206,11,11,30,1730,4,2,1,1.0,6.0,67218,M,,,67
201100039207,11,12,1,750,1,2,1,1.0,3.0,67447,M,,,67
201100039208,11,12,1,820,1,2,3,1.0,3.0,67043,M,,,67
201100039209,11,12,1,1200,1,2,2,1.0,3.0,67267,M,,,67
201100039210,11,12,2,1745,5,2,1,1.0,6.0,67482,M,,,67
201100039211,11,12,3,1755,1,2,3,2.0,3.0,67218,M,,,67
201100039212,11,12,5,740,1,2,3,1.0,3.0,67482,M,,,67
201100039213,11,12,5,855,1,2,2,1.0,3.0,67482,M,,,67
201100039214,11,12,5,924,1,2,2,1.0,3.0,67482,M,,,67
201100039215,11,12,5,1210,1,2,1,2.0,6.0,67482,M,,,67
201100039216,11,12,5,1350,1,2,1,1.0,3.0,67482,M,,,67
201100039217,11,12,5,1600,1,2,3,1.0,6.0,67447,M,,,67
201100039218,11,12,6,945,2,1,2,2.0,3.0,67482,M,,,67
201100039219,11,12,6,1623,2,2,1,2.0,6.0,67482,M,,,67
201100039220,11,12,6,1620,5,2,1,2.0,6.0,67482,M,,,67
201100039221,11,12,6,1645,2,2,1,2.0,6.0,67482,M,,,67
201100039222,11,12,7,850,1,2,2,2.0,6.0,67482,M,,,67
201100039223,11,12,8,1920,5,2,3,1.0,6.0,67482,M,,,67
201100039224,11,12,8,2015,5,2,3,1.0,6.0,67482,M,,,67
201100039225,11,12,9,1815,5,2,1,3.0,3.0,67043,M,,,67
201100039226,11,12,9,1845,5,2,2,3.0,3.0,67482,M,,,67
201100039227,11,12,9,1955,5,2,1,3.0,2.0,67482,M,,,67
201100039228,11,12,10,2130,5,2,2,1.0,3.0,67365,M,,,67
201100039229,11,12,12,1620,1,2,1,1.0,3.0,67482,M,,,67
201100039230,11,12,12,2145,5,2,2,1.0,3.0,67482,M,,,67
201100039231,11,12,14,1600,1,2,1,1.0,6.0,67218,M,,,67
201100039232,11,12,15,2055,1,2,1,1.0,6.0,67482,M,,,67
201100039233,11,12,16,930,1,2,1,3.0,3.0,67482,M,,,67
201100039234,11,12,16,1040,1,2,2,6.0,3.0,67447,M,,,67
201100039235,11,12,16,1210,1,2,1,6.0,6.0,67043,M,,,67
201100039236,11,12,17,1608,1,2,1,1.0,4.0,67267,M,,,67
201100039237,11,12,17,1818,5,2,2,1.0,3.0,67447,M,,,67
201100039238,11,12,20,830,1,2,3,5.0,3.0,67482,M,,,67
201100039239,11,12,23,100,5,2,2,8.0,7.0,67482,M,,,67
201100039240,11,12,23,215,5,2,1,2.0,3.0,67482,M,,,67
201100039241,11,12,23,1940,5,2,2,1.0,3.0,67482,M,,,67
201100039242,11,12,28,1300,1,2,1,1.0,3.0,67482,M,,,67
201100039243,11,12,28,1415,1,2,1,1.0,6.0,67482,M,,,67
201100039244,11,12,28,1825,5,2,1,1.0,4.0,67447,M,,,67
201100039245,11,12,28,2110,5,2,2,1.0,3.0,67482,M,,,67
201100039246,11,12,29,2115,5,2,2,2.0,6.0,67447,M,,,67
201100039247,11,12,30,420,5,2,1,2.0,6.0,67482,M,,,67
201100039248,11,12,30,820,1,2,1,1.0,3.0,67482,M,,,67
201100039249,11,12,30,1750,5,2,2,1.0,3.0,67043,M,,,67
201100039250,11,1,6,1320,1,1,1,2.0,5.0,68066,M,4805488.0,739929.0,68
201100039251,11,1,11,855,1,2,1,1.0,4.0,68066,M,,,68
201100039252,11,1,31,1950,5,2,2,1.0,3.0,68066,M,4807018.0,735346.0,68
201100039253,11,2,4,800,1,1,1,1.0,1.0,68066,M,4814715.0,741110.0,68
201100039254,11,2,7,1330,1,2,1,1.0,3.0,68066,M,4806819.0,734403.0,68
201100039255,11,2,8,1720,1,2,2,1.0,3.0,68066,M,4807210.0,736831.0,68
201100039256,11,2,16,1145,1,2,1,1.0,6.0,68066,M,4808302.0,733846.0,68
201100039257,11,3,5,1345,1,2,2,1.0,3.0,68066,M,4808352.0,736586.0,68
201100039258,11,3,10,1550,1,2,1,1.0,3.0,68066,M,4808227.0,735513.0,68
201100039259,11,3,14,1830,2,2,1,1.0,2.0,68066,M,4807707.0,735053.0,68
201100039260,11,3,16,1655,1,1,1,1.0,7.0,68066,M,4805825.0,739767.0,68
201100039261,11,3,19,1042,1,2,1,8.0,6.0,68066,M,4806612.0,736421.0,68
201100039262,11,3,22,2225,3,2,1,1.0,6.0,68066,M,4808504.0,735908.0,68
201100039263,11,4,1,1525,1,2,1,1.0,3.0,68066,M,4808987.0,736010.0,68
201100039264,11,4,2,1400,1,2,1,1.0,6.0,68066,M,4808575.0,733204.0,68
201100039265,11,4,7,745,1,2,3,1.0,6.0,68066,M,4808109.0,735881.0,68
201100039266,11,4,8,1817,1,2,3,1.0,2.0,68066,M,4808583.0,733487.0,68
201100039267,11,4,29,1635,1,2,7,1.0,6.0,68066,M,4807803.0,735704.0,68
201100039268,11,5,1,1855,1,2,1,1.0,3.0,68066,M,4808393.0,734613.0,68
201100039269,11,5,4,1715,1,2,2,1.0,6.0,68066,M,4807170.0,734874.0,68
201100039270,11,3,6,235,5,2,1,1.0,6.0,68066,M,4808799.0,733208.0,68
201100039271,11,5,5,1625,1,2,2,2.0,3.0,68066,M,4808220.0,734736.0,68
201100039272,11,5,13,835,1,2,6,1.0,3.0,68066,M,4807472.0,734427.0,68
201100039273,11,5,16,1545,1,2,1,1.0,3.0,68066,M,4806762.0,735241.0,68
201100039274,11,5,19,1405,1,2,3,1.0,2.0,68066,M,4808114.0,735884.0,68
201100039275,11,5,23,740,1,2,3,1.0,3.0,68066,M,4806201.0,733837.0,68
201100039276,11,5,25,1900,1,2,1,1.0,3.0,68066,M,4807984.0,732753.0,68
201100039277,11,5,27,1625,1,2,2,1.0,3.0,68066,M,4807173.0,734866.0,68
201100039278,11,5,30,1725,1,2,2,1.0,3.0,68066,M,4807344.0,734936.0,68
201100039279,11,6,6,1910,1,2,1,1.0,6.0,68066,M,4807851.0,732871.0,68
201100039280,11,6,6,740,1,2,1,1.0,2.0,68066,M,4809460.0,736406.0,68
201100039281,11,6,9,1835,1,2,1,1.0,1.0,68066,M,4808493.0,734553.0,68
201100039282,11,6,11,1420,1,2,1,1.0,1.0,68066,M,4809031.0,735123.0,68
201100039283,11,6,14,1355,1,2,3,1.0,3.0,68066,M,4807861.0,734168.0,68
201100039284,11,6,21,630,1,2,2,1.0,3.0,68066,M,4806798.0,734407.0,68
201100039285,11,6,26,1930,1,2,1,1.0,3.0,68066,M,4807087.0,736561.0,68
201100039286,11,7,5,1050,1,2,1,1.0,6.0,68066,M,4807723.0,733721.0,68
201100039287,11,7,1,2340,5,2,1,1.0,6.0,68066,M,4806816.0,732678.0,68
201100039288,11,7,15,510,3,1,1,1.0,6.0,68066,M,4810756.0,738110.0,68
201100039289,11,7,15,1210,1,2,3,1.0,3.0,68066,M,4807570.0,734180.0,68
201100039290,11,7,30,1155,1,2,1,1.0,6.0,68066,M,4807403.0,735646.0,68
201100039291,11,8,2,740,1,1,1,1.0,6.0,68066,M,4806820.0,738245.0,68
201100039292,11,8,1,1815,1,2,1,1.0,2.0,68066,M,4808289.0,736303.0,68
201100039293,11,8,3,1432,1,2,2,1.0,3.0,68066,M,4807826.0,736799.0,68
201100039294,11,8,2,1450,1,2,1,1.0,6.0,68066,M,4807966.0,736238.0,68
201100039295,11,8,5,1425,1,2,1,1.0,6.0,68066,M,4810157.0,736662.0,68
201100039296,11,8,8,837,1,1,2,1.0,3.0,68066,M,4814025.0,745970.0,68
201100039297,11,8,23,834,1,2,2,1.0,3.0,68066,M,4808094.0,736431.0,68
201100039298,11,8,25,1743,1,2,1,1.0,3.0,68066,M,4808198.0,735805.0,68
201100039299,11,8,26,1140,1,2,1,1.0,6.0,68066,M,4808004.0,734803.0,68
201100039300,11,8,26,205,4,1,4,1.0,6.0,68066,M,4809001.0,735130.0,68
201100039301,11,8,19,1725,1,2,1,1.0,6.0,68066,M,4807151.0,734198.0,68
201100039302,11,9,4,1500,1,2,1,1.0,2.0,68066,M,4806619.0,734234.0,68
201100039303,11,9,3,800,1,2,2,1.0,6.0,68066,M,4808518.0,735733.0,68
201100039304,11,9,7,1325,1,2,3,2.0,3.0,68066,M,4808518.0,736704.0,68
201100039305,11,9,13,722,1,2,1,1.0,6.0,68066,M,4807123.0,733574.0,68
201100039306,11,9,13,1730,1,2,1,1.0,6.0,68066,M,4806699.0,735200.0,68
201100039307,11,9,29,1810,1,2,2,1.0,3.0,68066,M,4807642.0,732785.0,68
201100039308,11,9,26,1750,1,2,1,1.0,6.0,68066,M,4807700.0,736434.0,68
201100039309,11,9,27,1500,1,2,1,1.0,6.0,68066,M,4807725.0,733670.0,68
201100039310,11,10,3,915,1,2,2,1.0,3.0,68066,M,4808658.0,733139.0,68
201100039311,11,10,10,2005,5,2,2,1.0,3.0,68066,M,4808459.0,734249.0,68
201100039312,11,10,13,850,1,2,1,1.0,3.0,68066,M,4807458.0,734679.0,68
201100039313,11,10,11,725,2,2,6,1.0,3.0,68066,M,4810761.0,737968.0,68
201100039314,11,10,15,1050,1,2,1,1.0,6.0,68066,M,4807763.0,735477.0,68
201100039315,11,9,7,1600,1,2,1,3.0,2.0,68066,M,4807725.0,735307.0,68
201100039316,11,10,22,1115,1,1,1,1.0,6.0,68066,M,4810041.0,735932.0,68
201100039317,11,10,21,1400,1,2,1,1.0,6.0,68066,M,4808312.0,733939.0,68
201100039318,11,10,23,1315,1,2,6,1.0,6.0,68066,M,4807494.0,734470.0,68
201100039319,11,11,10,1800,5,2,1,2.0,1.0,68066,M,4808353.0,734978.0,68
201100039320,11,11,1,2139,1,1,6,1.0,6.0,68066,M,4809200.0,733374.0,68
201100039321,11,11,25,1635,2,2,2,1.0,6.0,68066,M,4806783.0,734571.0,68
201100039322,11,11,26,1800,5,2,1,1.0,2.0,68066,M,4808446.0,735679.0,68
201100039323,11,11,29,1820,5,2,1,1.0,3.0,68066,M,4809220.0,735628.0,68
201100039324,11,12,1,1550,1,2,1,1.0,6.0,68066,M,4807983.0,735446.0,68
201100039325,11,12,2,1345,1,2,1,1.0,6.0,68066,M,4808260.0,734191.0,68
201100039326,11,12,2,1810,5,2,2,1.0,3.0,68066,M,4808333.0,734056.0,68
201100039327,11,12,6,720,2,2,2,1.0,3.0,68066,M,4807957.0,732796.0,68
201100039328,11,12,16,1945,3,2,1,2.0,2.0,68066,M,4808458.0,734270.0,68
201100039329,11,12,26,1945,5,2,1,1.0,3.0,68066,M,4808396.0,734606.0,68
201100039330,11,12,21,2155,5,2,3,1.0,6.0,68066,M,4807522.0,735358.0,68
201100039331,11,12,23,2005,5,1,3,1.0,3.0,68066,M,4806819.0,738246.0,68
201100039332,11,2,10,755,1,2,1,1.0,2.0,68112,M,4790340.0,722304.0,68
201100039333,11,5,10,1530,1,2,2,1.0,3.0,68112,M,4790513.0,721656.0,68
201100039334,11,6,17,1325,1,1,3,1.0,3.0,68112,M,4790285.0,722678.0,68
201100039335,11,1,5,1550,1,2,1,8.0,6.0,68224,M,4774631.0,730894.0,68
201100039336,11,1,11,1610,1,2,2,1.0,1.0,68224,M,4775167.0,732638.0,68
201100039337,11,1,23,1559,1,2,3,1.0,6.0,68224,M,4776013.0,734468.0,68
201100039338,11,1,23,1950,5,2,2,1.0,3.0,68224,M,4775637.0,733844.0,68
201100039339,11,2,2,1915,5,2,1,1.0,6.0,68224,M,4775243.0,734661.0,68
201100039340,11,2,2,2005,5,2,1,1.0,6.0,68224,M,4775654.0,733778.0,68
201100039341,11,2,7,1223,1,2,1,1.0,6.0,68224,M,4774854.0,732432.0,68
201100039342,11,2,7,1600,1,2,1,1.0,6.0,68224,M,4775184.0,733672.0,68
201100039343,11,2,7,1615,1,2,1,1.0,6.0,68224,M,4776100.0,736311.0,68
201100039344,11,2,10,710,2,2,6,8.0,1.0,68271,M,4775650.0,737883.0,68
201100039345,11,2,20,1330,1,2,1,8.0,2.0,68224,M,4773776.0,729319.0,68
201100039346,11,2,22,1025,1,2,2,1.0,3.0,68224,M,4773696.0,731248.0,68
201100039347,11,2,22,2130,5,1,1,1.0,4.0,68224,M,4777354.0,738129.0,68
201100039348,11,2,26,1845,5,2,3,2.0,6.0,68224,M,4774106.0,729539.0,68
201100039349,11,3,2,1220,1,2,1,1.0,6.0,68224,M,4775032.0,732179.0,68
201100039350,11,3,8,1935,5,2,2,1.0,6.0,68224,M,4777049.0,732103.0,68
201100039351,11,3,4,1645,1,2,3,1.0,6.0,68224,M,4774758.0,732145.0,68
201100039352,11,3,5,1607,1,2,1,1.0,6.0,68224,M,4774298.0,730797.0,68
201100039353,11,3,5,2355,4,1,1,1.0,6.0,68224,M,4776806.0,733816.0,68
201100039354,11,3,16,2010,2,2,1,2.0,6.0,68224,M,4774645.0,731239.0,68
201100039355,11,3,17,1430,1,2,2,8.0,6.0,68224,M,4775145.0,734832.0,68
201100039356,11,3,21,1000,1,2,2,1.0,3.0,68224,M,4775349.0,733499.0,68
201100039357,11,3,29,1822,1,2,1,1.0,3.0,68224,M,4774461.0,734586.0,68
201100039358,11,4,1,1545,1,2,2,1.0,3.0,68224,M,4776158.0,732526.0,68
201100039359,11,4,6,635,2,2,4,1.0,6.0,68224,M,4777314.0,732735.0,68
201100039360,11,4,14,140,5,2,6,1.0,3.0,68224,M,4775396.0,731830.0,68
201100039361,11,4,16,1640,1,2,2,1.0,3.0,68056,M,4773159.0,731910.0,68
201100039362,11,4,27,2039,5,1,1,1.0,1.0,68224,M,4773501.0,731780.0,68
201100039363,11,4,28,1445,1,2,1,1.0,3.0,68224,M,4776090.0,734440.0,68
201100039364,11,4,30,1100,1,2,1,1.0,6.0,68224,M,4774289.0,732461.0,68
201100039365,11,4,30,1840,1,2,1,1.0,3.0,68224,M,4775670.0,734854.0,68
201100039366,11,5,7,1420,1,2,2,1.0,6.0,68224,M,4774983.0,732851.0,68
201100039367,11,5,10,1010,1,2,1,1.0,6.0,68224,M,4774901.0,734095.0,68
201100039368,11,5,17,857,1,2,1,1.0,1.0,68224,M,4777616.0,731822.0,68
201100039369,11,5,13,810,1,2,9,1.0,6.0,68224,M,4774652.0,732711.0,68
201100039370,11,5,15,1700,1,2,1,1.0,2.0,68056,M,4772532.0,732009.0,68
201100039371,11,5,30,1535,1,2,1,1.0,3.0,68224,M,4775436.0,735318.0,68
201100039372,11,5,30,1745,1,2,1,1.0,3.0,68224,M,4777678.0,733027.0,68
201100039373,11,5,31,1040,1,2,1,1.0,2.0,68224,M,4776446.0,732408.0,68
201100039374,11,6,5,1421,1,2,1,1.0,3.0,68224,M,4774592.0,734563.0,68
201100039375,11,6,3,1300,1,2,3,1.0,3.0,68224,M,4775717.0,734741.0,68
201100039376,11,6,3,2200,5,2,1,1.0,1.0,68224,M,4774494.0,733897.0,68
201100039377,11,6,13,2015,1,2,3,8.0,3.0,68224,M,4774209.0,733388.0,68
201100039378,11,6,15,1100,1,2,8,1.0,6.0,68224,M,4774347.0,732935.0,68
201100039379,11,6,29,1300,1,1,1,1.0,6.0,68218,M,4774353.0,728072.0,68
201100039380,11,7,1,1945,1,2,3,1.0,3.0,68224,M,4777796.0,732707.0,68
201100039381,11,6,13,400,5,2,2,1.0,3.0,68224,M,4775360.0,732025.0,68
201100039382,11,7,4,1745,1,2,1,1.0,6.0,68224,M,4775093.0,733149.0,68
201100039383,11,7,19,1720,1,1,1,3.0,3.0,68224,M,4777260.0,737180.0,68
201100039384,11,7,20,1033,1,2,1,2.0,6.0,68224,M,4773971.0,732074.0,68
201100039385,11,7,20,1710,1,2,3,1.0,3.0,68224,M,4774955.0,734455.0,68
201100039386,11,7,22,1715,1,2,1,1.0,6.0,68224,M,4775283.0,734648.0,68
201100039387,11,8,2,2015,1,2,1,1.0,6.0,68224,M,4776075.0,736135.0,68
201100039388,11,8,3,1450,1,2,1,1.0,2.0,68224,M,4773932.0,731799.0,68
201100039389,11,8,5,1640,1,2,1,1.0,6.0,68224,M,4773675.0,733027.0,68
201100039390,11,8,5,1715,1,2,1,1.0,1.0,68224,M,,,68
201100039391,11,8,9,1035,1,1,1,1.0,6.0,68224,M,4777349.0,735022.0,68
201100039392,11,8,16,1715,1,2,6,1.0,6.0,68224,M,4773752.0,728891.0,68
201100039393,11,8,20,1200,1,2,2,1.0,1.0,68224,M,4775341.0,735500.0,68
201100039394,11,8,23,1253,1,2,1,1.0,3.0,68224,M,4775397.0,733681.0,68
201100039395,11,8,24,2025,2,2,3,1.0,3.0,68224,M,4777897.0,733620.0,68
201100039396,11,8,26,1345,1,2,3,1.0,1.0,68224,M,4776012.0,732217.0,68
201100039397,11,8,27,1510,1,2,1,2.0,6.0,68224,M,4775809.0,734582.0,68
201100039398,11,8,31,953,1,2,1,7.0,3.0,68224,M,4774966.0,734096.0,68
201100039399,11,9,3,1155,1,2,3,1.0,3.0,68224,M,4775100.0,733169.0,68
201100039400,11,9,7,1000,1,2,3,8.0,6.0,68224,M,4775296.0,733143.0,68
201100039401,11,9,8,809,1,2,1,1.0,6.0,68224,M,4774157.0,734485.0,68
201100039402,11,9,10,1050,1,2,3,1.0,1.0,68256,M,4777145.0,730211.0,68
201100039403,11,9,12,1340,1,2,1,1.0,6.0,68224,M,4775233.0,734559.0,68
201100039404,11,9,12,2055,5,2,3,1.0,3.0,68224,M,4774860.0,734099.0,68
201100039405,11,9,9,1200,1,2,2,1.0,3.0,68224,M,4773792.0,733251.0,68
201100039406,11,10,1,1150,1,2,1,1.0,3.0,68224,M,4777125.0,732095.0,68
201100039407,11,10,5,1625,1,2,2,1.0,3.0,68224,M,4775224.0,733574.0,68
201100039408,11,10,6,1650,1,2,3,1.0,6.0,68224,M,4774439.0,734930.0,68
201100039409,11,10,6,955,1,2,1,1.0,6.0,68271,M,4775382.0,736418.0,68
201100039410,11,10,22,1530,1,1,1,1.0,4.0,68224,M,4777065.0,734240.0,68
201100039411,11,10,25,1810,2,2,2,1.0,3.0,68224,M,4775816.0,734604.0,68
201100039412,11,10,29,1440,1,2,1,1.0,3.0,68224,M,4775438.0,734614.0,68
201100039413,11,11,1,1510,1,2,1,1.0,6.0,68224,M,4774555.0,730240.0,68
201100039414,11,10,26,1900,5,2,1,1.0,2.0,68224,M,4774654.0,734404.0,68
201100039415,11,11,6,2015,3,1,1,1.0,2.0,68224,M,4775993.0,731085.0,68
201100039416,11,11,15,1658,2,2,3,1.0,6.0,68224,M,4773690.0,730183.0,68
201100039417,11,11,17,1145,1,2,6,1.0,6.0,68224,M,4774353.0,733384.0,68
201100039418,11,11,20,1950,5,2,2,1.0,3.0,68224,M,4774807.0,732759.0,68
201100039419,11,11,22,1300,1,2,1,1.0,1.0,68224,M,4774734.0,732488.0,68
201100039420,11,11,21,1610,1,2,1,1.0,6.0,68224,M,4777710.0,732892.0,68
201100039421,11,11,21,2214,3,1,1,1.0,1.0,68056,M,4771300.0,733390.0,68
201100039422,11,11,30,1610,1,2,1,1.0,3.0,68224,M,4776104.0,733893.0,68
201100039423,11,12,2,1934,5,2,1,2.0,6.0,68224,M,4774514.0,734508.0,68
201100039424,11,12,5,624,3,2,1,1.0,2.0,68224,M,4777691.0,733080.0,68
201100039425,11,12,6,1725,2,2,1,2.0,6.0,68224,M,4774399.0,734286.0,68
201100039426,11,12,23,1645,2,2,1,1.0,1.0,68224,M,4773915.0,729760.0,68
201100039427,11,12,28,800,1,2,1,1.0,2.0,68224,M,4775986.0,733255.0,68
201100039428,11,2,8,1845,5,1,1,1.0,3.0,68297,M,4758147.0,755356.0,68
201100039429,11,1,10,1720,5,2,1,2.0,6.0,68297,M,4758072.0,755298.0,68
201100039430,11,2,5,1505,1,2,3,1.0,1.0,68149,M,4759111.0,757443.0,68
201100039431,11,3,8,1740,1,2,1,1.0,6.0,68297,M,4758525.0,756226.0,68
201100039432,11,4,7,755,1,2,1,1.0,6.0,68297,M,4759519.0,755421.0,68
201100039433,11,1,19,950,1,2,1,1.0,2.0,68297,M,4759670.0,755307.0,68
201100039434,11,8,22,1530,1,2,2,1.0,3.0,68149,M,4759247.0,758523.0,68
201100039435,11,9,14,1845,1,2,1,1.0,2.0,68297,M,4758081.0,756851.0,68
201100039436,11,9,12,1650,1,2,3,1.0,1.0,68297,M,4757803.0,755699.0,68
201100039437,11,9,24,1505,1,2,2,1.0,3.0,68297,M,4758072.0,756864.0,68
201100039438,11,9,29,1710,1,2,1,1.0,6.0,68297,M,4758579.0,756384.0,68
201100039439,11,10,11,1925,5,2,1,1.0,3.0,68297,M,4758495.0,756176.0,68
201100039440,11,11,30,1730,1,2,3,1.0,6.0,68297,M,4760525.0,754446.0,68
201100039441,11,3,14,1620,1,2,3,7.0,3.0,68376,M,4780321.0,731186.0,68
201100039442,11,3,27,1510,1,1,1,1.0,2.0,68376,M,4780017.0,730691.0,68
201100039443,11,4,10,2210,5,2,6,1.0,3.0,68376,M,4780629.0,733989.0,68
201100039444,11,4,18,1055,1,2,2,1.0,3.0,68376,M,4779856.0,731337.0,68
201100039445,11,6,16,655,1,2,6,1.0,6.0,68166,M,4779135.0,732188.0,68
201100039446,11,7,11,1810,1,2,1,9.0,3.0,68166,M,4779409.0,731530.0,68
201100039447,11,8,9,1620,1,2,1,1.0,3.0,68166,M,4779193.0,733581.0,68
201100039448,11,8,12,855,1,2,1,1.0,3.0,68166,M,4778290.0,731675.0,68
201100039449,11,8,24,1330,1,2,1,1.0,3.0,68376,M,4780439.0,733066.0,68
201100039450,11,9,12,1810,1,2,1,1.0,3.0,68166,M,4778600.0,731306.0,68
201100039451,11,10,8,200,3,2,1,1.0,7.0,68376,M,4782318.0,728930.0,68
201100039452,11,11,5,210,5,2,1,1.0,3.0,68376,M,4782574.0,734026.0,68
201100039453,11,11,14,2255,3,1,1,1.0,6.0,68376,M,4782350.0,728887.0,68
201100039454,11,11,17,2310,4,1,2,1.0,6.0,68166,M,4778154.0,732964.0,68
201100039455,11,11,18,1415,1,2,1,1.0,6.0,68166,M,4778935.0,733578.0,68