Num_Acc,an,mois,jour,hrmn,lum,agg,int,atm,col,com,gps,lat,long,dep
201100039456,11,12,22,140,3,1,1,2.0,2.0,68166,M,4778420.0,732390.0,68
201100039457,11,1,7,1550,1,2,1,1.0,2.0,69029,M,,,69
201100039458,11,1,13,1125,1,2,1,1.0,5.0,69029,M,,,69
201100039459,11,3,28,1110,1,2,9,2.0,3.0,69029,M,,,69
201100039460,11,3,25,900,1,2,1,1.0,6.0,69029,M,,,69
201100039461,11,4,15,1330,1,2,1,1.0,3.0,69029,M,,,69
201100039462,11,5,24,948,1,2,1,7.0,6.0,69029,M,,,69
201100039463,11,6,30,1720,1,2,1,1.0,6.0,69029,M,,,69
201100039464,11,7,13,1840,1,2,1,1.0,2.0,69029,M,,,69
201100039465,11,7,11,815,1,2,2,1.0,3.0,69383,M,,,69
201100039466,11,7,22,105,5,2,1,2.0,6.0,69029,M,,,69
201100039467,11,7,27,900,1,2,6,1.0,6.0,69029,M,,,69
201100039468,11,8,27,1905,1,2,3,1.0,6.0,69029,M,0.0,0.0,69
201100039469,11,9,15,755,1,2,1,1.0,3.0,69271,M,,,69
201100039470,11,9,15,1235,1,2,9,1.0,3.0,69029,M,,,69
201100039471,11,9,15,830,1,2,1,1.0,6.0,69029,M,,,69
201100039472,11,10,12,1725,1,2,1,1.0,3.0,69271,M,,,69
201100039473,11,10,22,1215,1,2,3,1.0,3.0,69029,M,,,69
201100039474,11,10,26,1315,1,2,1,1.0,6.0,69029,M,,,69
201100039475,11,11,5,1110,1,2,3,9.0,3.0,69029,M,,,69
201100039476,11,11,5,1230,1,2,1,2.0,6.0,69029,M,,,69
201100039477,11,11,7,1155,1,2,1,2.0,3.0,69029,M,,,69
201100039478,11,11,22,715,1,2,2,1.0,3.0,69029,M,,,69
201100039479,11,11,22,1205,1,2,3,1.0,6.0,69029,M,,,69
201100039480,11,11,29,1815,5,2,1,1.0,3.0,69029,M,,,69
201100039481,11,11,16,1525,1,2,2,1.0,6.0,69029,M,,,69
201100039482,11,12,12,1815,5,2,1,1.0,6.0,69029,M,,,69
201100039483,11,12,27,1755,5,2,1,1.0,6.0,69275,M,,,69
201100039484,11,12,27,755,2,2,2,8.0,3.0,69271,M,,,69
201100039485,11,1,3,845,1,2,3,1.0,7.0,69034,M,,,69
201100039486,11,1,18,1030,1,2,3,1.0,6.0,69034,M,,,69
201100039487,11,1,20,2040,5,2,2,9.0,6.0,69034,M,,,69
201100039488,11,2,9,1110,1,2,3,1.0,6.0,69034,M,,,69
201100039489,11,2,10,745,1,2,3,1.0,6.0,69034,M,,,69
201100039490,11,2,8,821,1,2,3,8.0,6.0,69034,M,,,69
201100039491,11,2,9,1810,5,2,1,1.0,6.0,69034,M,,,69
201100039492,11,3,14,1645,1,2,1,1.0,6.0,69034,M,,,69
201100039493,11,3,26,1330,1,2,3,1.0,3.0,69034,M,,,69
201100039494,11,3,28,1620,1,2,1,8.0,6.0,69034,M,,,69
201100039495,11,4,15,2230,5,2,3,1.0,3.0,69034,M,,,69
201100039496,11,4,19,800,1,2,3,1.0,6.0,69034,M,,,69
201100039497,11,4,24,415,5,2,4,1.0,6.0,69034,M,,,69
201100039498,11,4,24,1910,1,2,1,1.0,6.0,69256,M,,,69
201100039499,11,4,30,1750,1,2,1,1.0,6.0,69034,M,,,69
201100039500,11,5,1,1755,1,2,1,1.0,6.0,69034,M,,,69
201100039501,11,5,13,935,1,2,1,1.0,6.0,69034,M,,,69
201100039502,11,5,23,1045,1,2,2,1.0,6.0,69034,M,,,69
201100039503,11,5,29,1220,1,2,1,1.0,6.0,69034,M,,,69
201100039504,11,6,5,1620,1,2,2,1.0,6.0,69034,M,,,69
201100039505,11,6,1,1635,1,2,1,1.0,6.0,69034,M,,,69
201100039506,11,6,9,2240,5,2,1,1.0,3.0,69034,M,,,69
201100039507,11,6,8,1445,1,2,1,1.0,6.0,69034,M,,,69
201100039508,11,7,2,2015,1,2,1,1.0,6.0,69034,M,,,69
201100039509,11,7,3,1240,1,2,1,1.0,3.0,69034,M,,,69
201100039510,11,7,10,946,1,2,1,3.0,6.0,69034,M,,,69
201100039511,11,7,25,1605,1,2,1,2.0,6.0,69034,M,,,69
201100039512,11,8,8,1710,1,2,1,1.0,6.0,69034,M,,,69
201100039513,11,8,21,1700,1,2,1,1.0,7.0,69034,M,,,69
201100039514,11,10,1,2130,5,2,1,1.0,5.0,69034,M,,,69
201100039515,11,9,28,955,1,2,1,1.0,6.0,69034,M,,,69
201100039516,11,10,10,1745,1,2,1,1.0,1.0,69034,M,,,69
201100039517,11,10,7,810,1,2,1,1.0,6.0,69034,M,,,69
201100039518,11,10,22,1615,1,2,1,1.0,3.0,69034,M,,,69
201100039519,11,10,20,954,1,2,1,1.0,3.0,69034,M,,,69
201100039520,11,10,26,920,1,2,1,1.0,3.0,69034,M,,,69
201100039521,11,10,18,1415,1,2,2,1.0,6.0,69034,M,,,69
201100039522,11,10,24,550,4,2,2,1.0,3.0,69034,M,,,69
201100039523,11,11,10,2045,5,2,3,1.0,1.0,69034,M,,,69
201100039524,11,11,18,850,1,2,3,1.0,3.0,69034,M,,,69
201100039525,11,11,22,735,1,2,1,8.0,3.0,69034,M,,,69
201100039526,11,11,29,745,2,2,1,1.0,6.0,69034,M,,,69
201100039527,11,11,26,515,5,2,2,1.0,3.0,69286,M,,,69
201100039528,11,12,5,1210,1,2,1,1.0,6.0,69034,M,,,69
201100039529,11,12,5,1615,1,2,1,1.0,6.0,69034,M,,,69
201100039530,11,12,15,630,5,2,4,3.0,6.0,69034,M,,,69
201100039531,11,12,31,1800,5,2,1,2.0,3.0,69034,M,0.0,0.0,69
201100039532,11,3,18,1400,1,2,2,1.0,3.0,69091,M,,,69
201100039533,11,3,28,815,1,2,1,2.0,7.0,69091,M,,,69
201100039534,11,4,1,1550,1,2,1,1.0,2.0,69091,M,,,69
201100039535,11,4,7,1730,1,2,2,1.0,1.0,69091,M,,,69
201100039536,11,4,17,1530,1,2,2,1.0,6.0,69091,M,,,69
201100039537,11,5,9,1645,1,2,1,1.0,6.0,69091,M,,,69
201100039538,11,6,21,730,1,2,1,1.0,2.0,69096,M,,,69
201100039539,11,6,21,740,1,2,2,1.0,6.0,69091,M,,,69
201100039540,11,6,22,1900,1,2,1,3.0,5.0,69091,M,,,69
201100039541,11,6,27,1330,1,2,6,1.0,3.0,69091,M,,,69
201100039542,11,6,30,1000,1,2,1,1.0,2.0,69091,M,,,69
201100039543,11,7,8,2030,1,2,1,1.0,2.0,69091,M,,,69
201100039544,11,7,13,1940,2,2,1,1.0,7.0,69091,M,,,69
201100039545,11,8,8,925,1,2,1,1.0,6.0,69096,M,0.0,0.0,69
201100039546,11,8,31,1800,1,2,1,1.0,3.0,69091,M,0.0,0.0,69
201100039547,11,9,2,1950,1,1,1,1.0,1.0,69091,M,,,69
201100039548,11,9,4,1230,1,2,1,2.0,7.0,69091,M,,,69
201100039549,11,9,10,1515,1,2,1,1.0,3.0,69091,M,,,69
201100039550,11,9,13,1730,1,2,1,1.0,2.0,69091,M,,,69
201100039551,11,9,26,1650,1,1,1,1.0,7.0,69091,M,,,69
201100039552,11,10,6,1910,1,2,2,1.0,1.0,69091,M,,,69
201100039553,11,10,28,850,1,2,2,1.0,6.0,69091,M,,,69
201100039554,11,10,31,2015,5,2,3,1.0,3.0,69091,M,,,69
201100039555,11,11,1,1625,1,2,1,3.0,6.0,69096,M,,,69
201100039556,11,11,10,730,2,2,1,1.0,3.0,69091,M,,,69
201100039557,11,11,13,1655,1,2,2,1.0,6.0,69091,M,,,69
201100039558,11,11,15,810,1,2,2,1.0,3.0,69096,M,,,69
201100039559,11,11,19,1835,5,2,2,2.0,3.0,69091,M,,,69
201100039560,11,12,1,1520,1,2,1,1.0,3.0,69091,M,,,69
201100039561,11,12,15,1505,1,2,3,1.0,6.0,69091,M,,,69
201100039562,11,1,3,1000,1,2,3,1.0,2.0,69142,M,,,69
201100039563,11,1,5,1110,1,2,7,1.0,3.0,69202,M,,,69
201100039564,11,1,5,1220,1,2,1,1.0,3.0,69142,M,,,69
201100039565,11,1,7,1151,1,2,1,1.0,2.0,69202,M,,,69
201100039566,11,1,18,850,1,2,4,1.0,3.0,69149,M,,,69
201100039567,11,2,7,815,1,2,1,1.0,6.0,69202,M,,,69
201100039568,11,2,7,1735,1,2,1,1.0,2.0,69152,M,,,69
201100039569,11,2,15,1453,1,2,4,1.0,3.0,69202,M,,,69
201100039570,11,2,18,1350,1,2,3,1.0,3.0,69202,M,,,69
201100039571,11,3,25,1640,1,2,1,1.0,3.0,69142,M,,,69
201100039572,11,3,28,1715,1,2,1,1.0,6.0,69202,M,,,69
201100039573,11,3,29,1840,1,2,9,1.0,3.0,69149,M,,,69
201100039574,11,4,2,1710,1,2,2,1.0,3.0,69149,M,,,69
201100039575,11,4,5,1620,1,2,3,1.0,3.0,69149,M,,,69
201100039576,11,4,6,710,1,2,1,1.0,3.0,69142,M,,,69
201100039577,11,4,6,2130,5,2,1,1.0,6.0,69202,M,,,69
201100039578,11,4,19,1255,1,2,2,1.0,3.0,69149,M,,,69
201100039579,11,4,15,805,2,2,1,1.0,3.0,69149,M,,,69
201100039580,11,4,21,1530,1,2,3,1.0,2.0,69149,M,,,69
201100039581,11,4,25,1920,1,2,1,1.0,6.0,69149,M,,,69
201100039582,11,4,22,835,1,2,3,1.0,3.0,69149,M,,,69
201100039583,11,5,1,1014,1,2,9,1.0,3.0,69149,M,,,69
201100039584,11,5,3,1630,1,2,1,1.0,6.0,69152,M,,,69
201100039585,11,4,28,1020,1,2,4,1.0,2.0,69202,M,,,69
201100039586,11,5,3,1632,1,2,1,1.0,6.0,69202,M,,,69
201100039587,11,5,6,1700,1,2,1,1.0,3.0,69149,M,,,69
201100039588,11,5,9,1130,1,2,1,1.0,6.0,69149,M,,,69
201100039589,11,5,11,2030,1,2,1,1.0,2.0,69202,M,,,69
201100039590,11,5,19,1305,1,2,1,1.0,4.0,69152,M,,,69
201100039591,11,5,23,1330,1,2,1,1.0,1.0,69152,M,,,69
201100039592,11,7,8,2230,5,2,3,1.0,3.0,69149,M,,,69
201100039593,11,7,9,2020,1,2,3,1.0,2.0,69149,M,,,69
201100039594,11,7,21,1000,1,2,1,1.0,1.0,69202,M,,,69
201100039595,11,7,25,1017,1,2,1,8.0,2.0,69202,M,,,69
201100039596,11,8,1,1920,1,2,1,1.0,7.0,69142,M,0.0,0.0,69
201100039597,11,8,2,1630,1,2,1,1.0,2.0,69149,M,0.0,0.0,69
201100039598,11,6,2,525,2,2,1,1.0,6.0,69382,M,,,69
201100039599,11,8,18,940,1,2,9,1.0,3.0,69149,M,0.0,0.0,69
201100039600,11,8,24,1850,1,2,3,1.0,3.0,69202,M,0.0,0.0,69
201100039601,11,8,24,1315,1,2,1,1.0,6.0,69152,M,0.0,0.0,69
201100039602,11,9,23,2020,5,2,3,1.0,6.0,69149,M,,,69
201100039603,11,10,1,1505,1,2,1,1.0,1.0,69142,M,,,69
201100039604,11,10,4,1425,1,2,1,1.0,3.0,69152,M,,,69
201100039605,11,10,1,940,1,2,1,1.0,3.0,69152,M,,,69
201100039606,11,10,5,1830,1,2,2,1.0,3.0,69152,M,,,69
201100039607,11,10,9,1845,1,2,1,2.0,1.0,69149,M,,,69
201100039608,11,10,10,1335,1,2,1,1.0,3.0,69149,M,,,69
201100039609,11,10,13,1920,5,2,1,1.0,3.0,69202,M,,,69
201100039610,11,11,3,1140,1,2,1,8.0,6.0,69152,M,,,69
201100039611,11,12,7,1840,5,2,1,1.0,6.0,69149,M,,,69
201100039612,11,12,7,1055,1,2,1,1.0,3.0,69202,M,,,69
201100039613,11,12,16,1020,1,2,1,2.0,6.0,69142,M,,,69
201100039614,11,12,20,750,2,2,1,2.0,3.0,69152,M,,,69
201100039615,11,12,29,1015,1,2,2,1.0,3.0,69152,M,,,69
201100039616,11,11,10,1900,5,1,1,1.0,4.0,69142,M,,,69
201100039617,11,1,1,530,5,2,1,1.0,6.0,69256,M,,,69
201100039618,11,1,9,1706,5,2,1,3.0,7.0,69256,M,,,69
201100039619,11,1,26,840,1,2,1,8.0,7.0,69256,M,,,69
201100039620,11,2,5,1630,1,2,3,1.0,3.0,69256,M,,,69
201100039621,11,2,11,1435,1,2,1,1.0,2.0,69256,M,,,69
201100039622,11,3,12,710,2,2,1,1.0,6.0,69256,M,,,69
201100039623,11,3,15,1250,1,2,1,8.0,7.0,69256,M,,,69
201100039624,11,3,31,2030,5,2,1,1.0,2.0,69256,M,,,69
201100039625,11,4,2,1550,1,2,1,1.0,6.0,69256,M,,,69
201100039626,11,4,10,1740,1,2,1,1.0,7.0,69256,M,,,69
201100039627,11,4,19,1330,1,2,3,1.0,2.0,69256,M,,,69
201100039628,11,5,1,2120,5,2,2,1.0,1.0,69256,M,,,69
201100039629,11,5,2,1620,1,2,1,1.0,6.0,69256,M,,,69
201100039630,11,5,3,1500,1,2,2,1.0,3.0,69256,M,,,69
201100039631,11,4,17,1900,1,1,1,1.0,7.0,69256,M,,,69
201100039632,11,5,5,1720,1,2,1,1.0,3.0,69256,M,,,69
201100039633,11,5,6,1715,1,2,1,1.0,3.0,69256,M,,,69
201100039634,11,5,8,1700,1,2,1,1.0,3.0,69256,M,,,69
201100039635,11,5,9,1200,1,2,3,7.0,3.0,69256,M,,,69
201100039636,11,5,16,1200,1,2,1,1.0,2.0,69256,M,,,69
201100039637,11,5,16,2245,4,2,9,1.0,3.0,69256,M,,,69
201100039638,11,6,14,1415,1,2,1,1.0,2.0,69256,M,,,69
201100039639,11,6,18,1220,1,2,1,1.0,6.0,69256,M,,,69
201100039640,11,5,6,1715,1,2,1,1.0,3.0,69256,M,,,69
201100039641,11,6,28,1635,1,2,2,1.0,3.0,69256,M,,,69
201100039642,11,7,5,1800,1,2,1,1.0,2.0,69256,M,,,69
201100039643,11,7,6,1840,1,2,2,1.0,3.0,69256,M,,,69
201100039644,11,7,8,1415,1,2,1,1.0,1.0,69256,M,,,69
201100039645,11,7,8,2220,5,2,3,1.0,3.0,69256,M,,,69
201100039646,11,7,8,935,1,2,2,1.0,3.0,69256,M,,,69
201100039647,11,7,10,1130,1,2,2,1.0,3.0,69256,M,,,69
201100039648,11,7,23,1307,1,2,3,1.0,3.0,69256,M,,,69
201100039649,11,8,28,1755,1,2,3,1.0,3.0,69256,M,0.0,0.0,69
201100039650,11,9,3,1755,1,2,1,1.0,6.0,69256,M,,,69
201100039651,11,9,7,355,5,2,2,1.0,1.0,69256,M,,,69
201100039652,11,9,13,55,4,2,3,1.0,3.0,69256,M,,,69
201100039653,11,9,18,15,5,2,1,8.0,6.0,69256,M,,,69
201100039654,11,9,24,1030,1,2,1,1.0,3.0,69256,M,,,69
201100039655,11,9,27,1050,1,2,3,1.0,6.0,69256,M,,,69
201100039656,11,9,27,2205,5,2,1,1.0,6.0,69256,M,,,69
201100039657,11,10,2,1030,1,2,3,1.0,3.0,69256,M,,,69
201100039658,11,10,8,1030,1,2,6,8.0,4.0,69256,M,,,69
201100039659,11,7,11,150,5,2,1,1.0,6.0,69266,M,,,69
201100039660,11,10,18,1300,1,2,1,1.0,2.0,69256,M,,,69
201100039661,11,11,3,1625,1,2,1,8.0,6.0,69256,M,,,69
201100039662,11,11,4,1910,5,2,2,1.0,6.0,69256,M,,,69
201100039663,11,10,3,1155,1,2,2,1.0,3.0,69256,M,,,69
201100039664,11,11,5,1100,1,2,3,1.0,6.0,69256,M,,,69
201100039665,11,12,13,1700,2,2,1,1.0,6.0,69256,M,,,69
201100039666,11,12,18,1940,5,2,1,1.0,2.0,69256,M,,,69
201100039667,11,12,15,725,5,2,1,2.0,6.0,69256,M,,,69
201100039668,11,1,1,1450,1,2,1,8.0,6.0,69259,M,,,69
201100039669,11,1,3,1840,5,2,2,1.0,1.0,69259,M,,,69
201100039670,11,1,3,1550,1,2,1,1.0,7.0,69199,M,,,69
201100039671,11,1,4,1730,5,2,1,1.0,6.0,69259,M,,,69
201100039672,11,1,5,700,2,2,3,1.0,1.0,69276,M,,,69
201100039673,11,1,5,1400,1,2,1,1.0,2.0,69259,M,,,69
201100039674,11,1,5,2100,5,2,2,1.0,3.0,69259,M,,,69
201100039675,11,1,14,1720,2,2,1,1.0,6.0,69259,M,,,69
201100039676,11,1,16,1145,1,2,1,1.0,2.0,69259,M,,,69
201100039677,11,1,28,1630,2,2,1,1.0,6.0,69199,M,,,69
201100039678,11,1,25,828,1,2,1,1.0,3.0,69276,M,,,69
201100039679,11,2,4,1121,1,2,1,1.0,2.0,69259,M,,,69
201100039680,11,2,11,2005,5,2,1,1.0,6.0,69259,M,,,69
201100039681,11,2,13,1200,1,2,1,1.0,6.0,69259,M,,,69
201100039682,11,2,13,1045,1,2,1,1.0,6.0,69259,M,,,69
201100039683,11,2,21,1030,1,1,3,1.0,3.0,69259,M,,,69
201100039684,11,2,22,815,1,2,2,2.0,5.0,69199,M,,,69
201100039685,11,2,27,1430,1,2,1,1.0,3.0,69199,M,,,69
201100039686,11,3,1,953,1,2,3,1.0,6.0,69199,M,,,69
201100039687,11,3,4,1450,1,2,2,1.0,3.0,69259,M,,,69
201100039688,11,2,24,1725,2,2,1,1.0,1.0,69199,M,,,69
201100039689,11,3,6,1740,2,2,1,1.0,1.0,69259,M,,,69
201100039690,11,3,7,800,1,2,1,1.0,2.0,69259,M,,,69
201100039691,11,3,8,1550,1,2,2,1.0,3.0,69199,M,,,69
201100039692,11,3,13,30,5,2,6,2.0,6.0,69259,M,,,69
201100039693,11,3,18,1150,1,2,1,1.0,6.0,69259,M,,,69
201100039694,11,3,22,931,1,2,1,1.0,6.0,69199,M,,,69
201100039695,11,3,23,935,1,1,3,1.0,6.0,69259,M,,,69
201100039696,11,3,24,1608,1,2,1,1.0,6.0,69259,M,,,69
201100039697,11,3,28,1740,1,2,1,8.0,6.0,69259,M,,,69
201100039698,11,4,2,1730,1,2,1,1.0,6.0,69199,M,,,69
201100039699,11,3,31,1230,1,2,1,2.0,1.0,69259,M,,,69
201100039700,11,4,4,1721,1,2,6,1.0,3.0,69259,M,,,69
201100039701,11,4,7,1630,1,2,2,1.0,6.0,69259,M,,,69
201100039702,11,4,11,1835,1,2,1,1.0,6.0,69259,M,,,69
201100039703,11,4,15,1425,1,2,1,1.0,1.0,69259,M,,,69
201100039704,11,4,16,2110,5,2,1,1.0,6.0,69199,M,,,69
201100039705,11,4,18,1258,1,2,1,1.0,6.0,69259,M,,,69
201100039706,11,4,22,2200,5,2,2,1.0,5.0,69259,M,,,69
201100039707,11,4,25,1845,1,2,1,1.0,6.0,69259,M,,,69
201100039708,11,4,27,1412,1,2,1,1.0,6.0,69259,M,,,69
201100039709,11,5,8,1830,1,2,1,1.0,1.0,69276,M,,,69
201100039710,11,4,14,1945,1,1,1,1.0,3.0,69199,M,,,69
201100039711,11,5,11,1510,1,2,1,1.0,2.0,69276,M,,,69
201100039712,11,5,12,800,1,2,1,8.0,3.0,69259,M,,,69
201100039713,11,5,16,1650,1,2,2,1.0,6.0,69199,M,,,69
201100039714,11,5,17,1130,1,2,1,1.0,2.0,69259,M,,,69
201100039715,11,5,19,1815,1,2,2,1.0,6.0,69259,M,,,69
201100039716,11,5,29,2050,2,2,1,1.0,6.0,69259,M,,,69
201100039717,11,5,29,2010,1,2,1,1.0,1.0,69276,M,,,69
201100039718,11,6,6,705,2,2,1,2.0,4.0,69199,M,,,69
201100039719,11,6,8,955,1,2,2,2.0,6.0,69259,M,,,69
201100039720,11,5,20,1415,1,2,1,1.0,7.0,69199,M,,,69
201100039721,11,6,10,1030,1,2,1,1.0,2.0,69259,M,,,69
201100039722,11,6,7,1800,1,2,2,1.0,6.0,69199,M,,,69
201100039723,11,6,13,2025,1,2,1,1.0,1.0,69259,M,,,69
201100039724,11,6,14,1900,1,2,1,1.0,3.0,69259,M,,,69
201100039725,11,6,23,2200,4,2,3,1.0,3.0,69199,M,,,69
201100039726,11,7,5,2240,5,2,2,1.0,6.0,69259,M,,,69
201100039727,11,7,4,1510,1,2,1,1.0,6.0,69259,M,,,69
201100039728,11,7,5,1215,1,2,3,1.0,6.0,69259,M,,,69
201100039729,11,7,5,750,1,2,1,1.0,3.0,69199,M,,,69
201100039730,11,7,12,2200,5,2,1,1.0,4.0,69259,M,,,69
201100039731,11,7,13,720,1,2,1,2.0,4.0,69259,M,,,69
201100039732,11,7,14,15,5,2,2,1.0,3.0,69259,M,,,69
201100039733,11,7,11,1715,1,2,2,1.0,2.0,69276,M,,,69
201100039734,11,7,15,1806,1,2,1,1.0,6.0,69259,M,,,69
201100039735,11,7,18,1740,1,2,1,1.0,1.0,69259,M,,,69
201100039736,11,8,2,1900,1,2,1,1.0,3.0,69259,M,0.0,0.0,69
201100039737,11,8,3,1713,1,2,3,1.0,6.0,69199,M,0.0,0.0,69
201100039738,11,8,7,1900,1,1,3,1.0,6.0,69276,M,0.0,0.0,69
201100039739,11,8,10,2250,5,2,1,1.0,7.0,69259,M,,,69
201100039740,11,8,15,1130,1,2,1,1.0,2.0,69259,M,0.0,0.0,69
201100039741,11,8,17,1700,1,2,1,1.0,6.0,69259,M,,,69
201100039742,11,8,18,1740,1,2,1,1.0,2.0,69259,M,0.0,0.0,69
201100039743,11,8,21,1850,1,2,2,1.0,3.0,69276,M,,,69
201100039744,11,8,22,1330,1,2,2,1.0,2.0,69259,M,0.0,0.0,69
201100039745,11,8,30,258,5,2,2,1.0,6.0,69259,M,,,69
201100039746,11,9,2,1430,1,2,1,1.0,6.0,69259,M,,,69
201100039747,11,9,5,1815,1,2,2,7.0,1.0,69259,M,,,69
201100039748,11,9,2,1850,1,2,1,1.0,6.0,69259,M,,,69
201100039749,11,9,6,1815,1,2,1,1.0,2.0,69259,M,,,69
201100039750,11,9,9,1325,1,2,1,1.0,6.0,69199,M,,,69
201100039751,11,9,9,2030,5,2,1,1.0,6.0,69259,M,,,69
201100039752,11,9,10,420,3,1,1,1.0,6.0,69276,M,,,69
201100039753,11,9,17,1815,1,2,3,1.0,6.0,69199,M,,,69
201100039754,11,9,17,1912,2,2,2,3.0,6.0,69259,M,,,69
201100039755,11,9,20,1530,1,2,3,1.0,2.0,69259,M,,,69
201100039756,11,9,21,1505,1,2,3,1.0,6.0,69259,M,,,69
201100039757,11,9,22,800,1,2,1,1.0,6.0,69259,M,,,69
201100039758,11,9,16,1728,1,2,9,1.0,3.0,69259,M,,,69
201100039759,11,10,1,1520,1,2,1,1.0,3.0,69259,M,,,69
201100039760,11,10,1,1455,1,2,9,1.0,1.0,69259,M,,,69
201100039761,11,10,2,1523,1,2,3,1.0,6.0,69259,M,,,69
201100039762,11,10,3,1400,1,2,1,1.0,5.0,69259,M,,,69
201100039763,11,10,4,2025,5,2,1,1.0,6.0,69259,M,,,69
201100039764,11,10,10,1110,1,2,1,1.0,6.0,69259,M,,,69
201100039765,11,10,13,1200,1,2,2,1.0,6.0,69259,M,,,69
201100039766,11,10,13,1420,1,2,3,1.0,3.0,69259,M,,,69
201100039767,11,10,12,1825,2,2,2,1.0,1.0,69259,M,,,69
201100039768,11,10,13,1720,1,2,1,1.0,1.0,69276,M,,,69
201100039769,11,10,17,1157,1,2,1,1.0,6.0,69259,M,,,69
201100039770,11,10,15,1240,1,2,1,1.0,2.0,69259,M,,,69
201100039771,11,10,18,755,1,2,1,1.0,6.0,69259,M,,,69
201100039772,11,10,19,1530,1,2,2,1.0,3.0,69199,M,,,69
201100039773,11,10,22,2356,5,2,1,1.0,6.0,69259,M,,,69
201100039774,11,11,1,925,1,2,2,1.0,3.0,69259,M,,,69
201100039775,11,11,1,2200,5,2,2,3.0,4.0,69259,M,,,69
201100039776,11,11,2,1345,1,2,9,1.0,6.0,69259,M,,,69
201100039777,11,11,5,1335,1,2,1,1.0,6.0,69259,M,,,69
201100039778,11,11,6,1555,1,2,1,1.0,6.0,69199,M,,,69
201100039779,11,11,8,1605,1,2,1,9.0,6.0,69259,M,,,69
201100039780,11,11,8,1128,1,2,2,2.0,5.0,69259,M,,,69
201100039781,11,11,10,1540,1,2,1,1.0,6.0,69259,M,,,69
201100039782,11,11,12,1800,5,2,1,1.0,6.0,69259,M,,,69
201100039783,11,11,20,1932,5,2,1,1.0,1.0,69199,M,,,69
201100039784,11,11,19,930,1,2,2,1.0,6.0,69259,M,,,69
201100039785,11,11,27,2310,5,2,3,1.0,6.0,69259,M,,,69
201100039786,11,11,28,2015,5,2,2,1.0,2.0,69199,M,,,69
201100039787,11,10,28,2100,5,2,1,1.0,1.0,69259,M,,,69
201100039788,11,12,3,2045,5,2,1,2.0,6.0,69259,M,,,69
201100039789,11,12,4,40,5,2,3,2.0,6.0,69259,M,,,69
201100039790,11,12,4,1140,1,2,1,1.0,6.0,69259,M,,,69
201100039791,11,12,4,1630,1,2,3,1.0,3.0,69259,M,0.0,0.0,69
201100039792,11,12,5,1630,1,2,1,1.0,6.0,69259,M,,,69
201100039793,11,12,10,1709,2,2,3,1.0,6.0,69259,M,,,69
201100039794,11,12,16,1600,1,2,1,3.0,3.0,69259,M,,,69
201100039795,11,12,21,1115,1,2,3,2.0,6.0,69259,M,,,69
201100039796,11,12,23,815,1,2,3,1.0,3.0,69199,M,,,69
201100039797,11,12,25,1920,5,2,1,1.0,3.0,69259,M,,,69
201100039798,11,12,31,1320,1,2,1,2.0,2.0,69199,M,,,69
201100039799,11,12,7,1405,1,2,1,2.0,6.0,69259,M,,,69
201100039800,11,1,18,1940,5,2,6,1.0,2.0,69264,M,,,69
201100039801,11,1,31,1900,5,2,6,1.0,3.0,69264,M,,,69
201100039802,11,2,1,1210,1,2,1,1.0,2.0,69264,M,,,69
201100039803,11,2,2,835,1,2,1,1.0,6.0,69264,M,,,69
201100039804,11,2,7,1315,1,2,3,1.0,7.0,69013,M,,,69
201100039805,11,2,16,1530,1,2,1,1.0,6.0,69264,M,,,69
201100039806,11,2,22,1800,5,2,2,1.0,3.0,69264,M,,,69
201100039807,11,3,5,1830,1,2,1,1.0,6.0,69264,M,,,69
201100039808,11,3,6,145,5,1,1,1.0,1.0,69264,M,,,69
201100039809,11,3,27,1455,1,2,1,8.0,6.0,69264,M,,,69
201100039810,11,5,25,1700,1,2,1,1.0,6.0,69264,M,,,69
201100039811,11,5,31,1200,1,1,6,3.0,6.0,69264,M,,,69
201100039812,11,4,5,1715,1,2,6,1.0,6.0,69264,M,,,69
201100039813,11,4,20,615,2,2,5,1.0,3.0,69264,M,,,69
201100039814,11,3,16,1645,1,2,1,1.0,6.0,69264,M,,,69
201100039815,11,7,12,915,1,2,1,1.0,6.0,69115,M,,,69
201100039816,11,7,16,1635,1,2,1,1.0,3.0,69264,M,,,69
201100039817,11,7,31,300,5,2,1,1.0,6.0,69264,M,,,69
201100039818,11,9,21,1555,1,2,6,1.0,6.0,69264,M,,,69
201100039819,11,10,14,1320,1,2,1,1.0,6.0,69264,M,,,69
201100039820,11,10,15,1825,2,1,3,1.0,3.0,69264,M,,,69
201100039821,11,11,4,1705,5,2,1,3.0,6.0,69264,M,,,69
201100039822,11,11,24,1825,5,2,1,1.0,6.0,69264,M,,,69
201100039823,11,11,21,1830,3,2,1,1.0,3.0,69264,M,,,69
201100039824,11,12,12,1745,5,2,1,1.0,3.0,69264,M,,,69
201100039825,11,12,17,1530,1,2,1,1.0,2.0,69264,M,,,69
201100039826,11,1,12,1730,3,2,1,2.0,6.0,69266,M,,,69
201100039827,11,1,5,1020,1,2,2,1.0,6.0,69266,M,,,69
201100039828,11,1,17,1530,1,2,1,1.0,6.0,69266,M,,,69
201100039829,11,1,18,1345,1,2,3,1.0,6.0,69266,M,,,69
201100039830,11,1,10,1640,1,2,3,1.0,6.0,69266,M,,,69
201100039831,11,1,4,10,5,2,1,4.0,6.0,69266,M,,,69
201100039832,11,1,28,1329,1,2,9,1.0,6.0,69266,M,,,69
201100039833,11,2,4,840,1,2,1,2.0,6.0,69266,M,,,69
201100039834,11,2,11,1040,1,2,1,1.0,2.0,69266,M,,,69
201100039835,11,2,12,1050,1,1,4,1.0,6.0,69266,M,,,69
201100039836,11,2,20,1150,1,2,2,1.0,3.0,69266,M,,,69
201100039837,11,2,23,1140,1,2,9,1.0,6.0,69266,M,,,69
201100039838,11,3,25,1750,1,2,2,1.0,6.0,69266,M,,,69