Num_Acc,an,mois,jour,hrmn,lum,agg,int,atm,col,com,gps,lat,long,dep
201100039839,11,3,11,1300,1,2,3,1.0,3.0,69266,M,,,69
201100039840,11,4,7,2130,3,2,3,1.0,3.0,69266,M,,,69
201100039841,11,4,9,2250,5,2,1,1.0,6.0,69266,M,0.0,0.0,69
201100039842,11,4,10,2040,5,2,2,1.0,3.0,69266,M,,,69
201100039843,11,4,20,1315,1,2,1,1.0,1.0,69266,M,,,69
201100039844,11,4,27,2140,3,2,3,1.0,3.0,69266,M,,,69
201100039845,11,4,30,1110,1,2,1,1.0,6.0,69266,M,,,69
201100039846,11,4,5,1215,1,2,9,1.0,7.0,69266,M,,,69
201100039847,11,4,19,650,1,2,1,1.0,6.0,69266,M,,,69
201100039848,11,4,27,1230,1,2,1,1.0,2.0,69266,M,,,69
201100039849,11,5,4,1959,2,2,1,1.0,2.0,69266,M,,,69
201100039850,11,5,18,740,1,2,1,1.0,6.0,69266,M,,,69
201100039851,11,5,27,1210,1,2,1,1.0,6.0,69266,M,,,69
201100039852,11,4,22,1620,1,2,1,1.0,6.0,69266,M,,,69
201100039853,11,5,28,1500,1,2,1,1.0,6.0,69266,M,,,69
201100039854,11,6,7,840,1,2,1,1.0,2.0,69266,M,,,69
201100039855,11,6,15,1450,1,2,3,1.0,1.0,69266,M,,,69
201100039856,11,6,19,1640,1,2,1,1.0,6.0,69266,M,,,69
201100039857,11,6,24,1340,1,2,1,1.0,6.0,69266,M,,,69
201100039858,11,6,18,1900,1,2,1,1.0,6.0,69266,M,,,69
201100039859,11,7,1,730,1,2,2,1.0,6.0,69266,M,,,69
201100039860,11,6,17,1530,1,2,3,1.0,1.0,69266,M,,,69
201100039861,11,6,18,1020,1,2,1,8.0,6.0,69266,M,,,69
201100039862,11,7,4,800,1,2,1,1.0,3.0,69266,M,,,69
201100039863,11,7,6,1600,1,2,1,1.0,5.0,69266,M,,,69
201100039864,11,7,21,120,3,2,1,1.0,6.0,69266,M,,,69
201100039865,11,7,23,1900,1,2,1,2.0,6.0,69266,M,,,69
201100039866,11,7,26,1740,1,2,2,1.0,3.0,69266,M,,,69
201100039867,11,7,28,1900,1,2,2,1.0,6.0,69266,M,,,69
201100039868,11,7,30,1000,1,2,3,1.0,6.0,69266,M,,,69
201100039869,11,7,31,1140,1,2,2,1.0,3.0,69266,M,,,69
201100039870,11,8,12,815,1,2,2,1.0,6.0,69266,M,,,69
201100039871,11,8,20,1730,1,2,3,1.0,3.0,69266,M,,,69
201100039872,11,8,7,2320,5,2,2,1.0,1.0,69266,M,,,69
201100039873,11,8,16,1645,1,2,2,1.0,3.0,69266,M,,,69
201100039874,11,8,4,140,5,2,5,1.0,3.0,69266,M,,,69
201100039875,11,8,30,1400,1,2,1,1.0,6.0,69266,M,,,69
201100039876,11,8,28,1547,1,2,1,1.0,3.0,69266,M,,,69
201100039877,11,8,30,1445,1,2,3,1.0,6.0,69266,M,,,69
201100039878,11,8,31,1730,1,2,3,1.0,7.0,69266,M,,,69
201100039879,11,8,31,1020,1,2,1,1.0,7.0,69266,M,,,69
201100039880,11,9,8,1845,1,2,3,1.0,5.0,69266,M,,,69
201100039881,11,4,5,1120,1,2,1,1.0,6.0,69266,M,,,69
201100039882,11,9,11,40,5,2,2,1.0,3.0,69029,M,,,69
201100039883,11,9,4,1500,1,2,3,3.0,6.0,69266,M,,,69
201100039884,11,9,15,725,1,2,1,1.0,3.0,69266,M,,,69
201100039885,11,9,17,245,5,2,6,2.0,3.0,69266,M,,,69
201100039886,11,9,21,2143,5,2,2,1.0,3.0,69266,M,,,69
201100039887,11,9,27,1730,1,2,3,1.0,6.0,69266,M,,,69
201100039888,11,9,27,2100,5,2,2,1.0,1.0,69266,M,,,69
201100039889,11,9,30,1020,1,2,4,1.0,3.0,69266,M,,,69
201100039890,11,10,23,730,2,2,1,1.0,6.0,69266,M,,,69
201100039891,11,9,20,1039,1,2,1,1.0,6.0,69266,M,,,69
201100039892,11,9,27,2030,5,2,1,1.0,6.0,69266,M,,,69
201100039893,11,9,20,615,5,2,1,1.0,6.0,69266,M,,,69
201100039894,11,10,13,1235,1,2,1,1.0,6.0,69266,M,,,69
201100039895,11,10,14,1015,1,2,1,1.0,3.0,69266,M,,,69
201100039896,11,10,29,1400,1,2,1,1.0,2.0,69266,M,,,69
201100039897,11,10,30,1310,1,2,1,8.0,6.0,69266,M,,,69
201100039898,11,10,22,1425,1,2,2,1.0,6.0,69266,M,,,69
201100039899,11,11,2,2240,5,2,1,1.0,6.0,69266,M,,,69
201100039900,11,11,9,1525,1,2,1,1.0,6.0,69266,M,,,69
201100039901,11,12,6,935,1,2,1,2.0,6.0,69266,M,,,69
201100039902,11,12,8,1345,1,2,1,1.0,3.0,69266,M,,,69
201100039903,11,12,9,1210,1,2,1,1.0,6.0,69266,M,,,69
201100039904,11,12,23,2100,5,2,5,1.0,2.0,69266,M,,,69
201100039905,11,12,31,1000,1,2,1,1.0,6.0,69266,M,,,69
201100039906,11,12,25,1105,1,2,1,1.0,6.0,69266,M,,,69
201100039907,11,2,9,1835,5,2,6,5.0,3.0,69275,M,,,69
201100039908,11,2,22,755,2,2,3,1.0,3.0,69275,M,,,69
201100039909,11,4,7,1050,1,2,1,1.0,6.0,69275,M,,,69
201100039910,11,5,9,1910,1,2,2,1.0,3.0,69275,M,,,69
201100039911,11,6,8,1520,1,2,1,1.0,6.0,69275,M,,,69
201100039912,11,6,8,2140,2,2,5,1.0,1.0,69275,M,,,69
201100039913,11,6,24,905,1,2,3,1.0,3.0,69275,M,,,69
201100039914,11,6,24,1320,1,2,1,1.0,6.0,69275,M,,,69
201100039915,11,6,24,1710,1,2,6,1.0,5.0,69275,M,,,69
201100039916,11,6,26,140,5,2,2,1.0,1.0,69275,M,,,69
201100039917,11,6,28,845,1,2,1,1.0,3.0,69275,M,,,69
201100039918,11,7,16,1705,1,1,1,1.0,6.0,69275,M,,,69
201100039919,11,7,21,945,1,2,4,1.0,3.0,69275,M,,,69
201100039920,11,9,20,850,1,2,6,1.0,3.0,69275,M,,,69
201100039921,11,9,20,1930,2,2,1,1.0,7.0,69275,M,,,69
201100039922,11,9,25,1930,5,2,1,1.0,2.0,69275,M,,,69
201100039923,11,10,15,2300,5,2,3,1.0,3.0,69275,M,,,69
201100039924,11,10,24,1330,1,2,1,1.0,7.0,69275,M,,,69
201100039925,11,10,28,550,5,2,1,1.0,5.0,69275,M,,,69
201100039926,11,11,23,1430,1,2,1,1.0,3.0,69275,M,,,69
201100039927,11,11,24,1140,1,2,1,1.0,3.0,69275,M,,,69
201100039928,11,12,2,1825,5,2,1,2.0,6.0,69275,M,,,69
201100039929,11,12,13,1225,1,2,1,1.0,6.0,69275,M,,,69
201100039930,11,2,3,1016,1,2,1,2.0,6.0,69282,M,,,69
201100039931,11,2,5,845,1,1,1,8.0,6.0,69282,M,,,69
201100039932,11,2,22,735,1,2,1,8.0,3.0,69282,M,,,69
201100039933,11,3,17,825,1,2,1,2.0,6.0,69282,M,,,69
201100039934,11,3,24,1530,1,2,1,1.0,6.0,69282,M,,,69
201100039935,11,3,29,2200,5,2,1,2.0,1.0,69282,M,,,69
201100039936,11,5,13,2230,5,2,3,1.0,3.0,69282,M,,,69
201100039937,11,5,23,740,1,2,8,1.0,6.0,69282,M,,,69
201100039938,11,5,29,1405,1,2,6,1.0,3.0,69282,M,,,69
201100039939,11,6,10,1015,1,2,8,1.0,6.0,69282,M,,,69
201100039940,11,7,8,24,5,2,1,3.0,7.0,69282,M,,,69
201100039941,11,8,6,150,5,2,1,1.0,2.0,69282,M,0.0,0.0,69
201100039942,11,9,3,1050,1,2,1,1.0,1.0,69282,M,,,69
201100039943,11,10,24,750,1,2,1,1.0,7.0,69282,M,,,69
201100039944,11,10,27,1030,1,2,1,1.0,3.0,69282,M,,,69
201100039945,11,10,28,2150,5,2,1,1.0,7.0,69282,M,,,69
201100039946,11,12,16,1945,5,2,1,1.0,7.0,69282,M,,,69
201100039947,11,11,7,1735,5,2,6,1.0,3.0,69286,M,,,69
201100039948,11,10,30,930,1,2,3,1.0,6.0,69286,M,,,69
201100039949,11,11,16,830,1,2,1,5.0,6.0,69286,M,,,69
201100039950,11,11,25,2040,5,2,2,2.0,3.0,69286,M,,,69
201100039951,11,12,5,1800,2,2,3,1.0,3.0,69286,M,,,69
201100039952,11,12,21,1400,1,2,3,2.0,3.0,69286,M,,,69
201100039953,11,1,11,1646,2,2,1,3.0,6.0,69290,M,,,69
201100039954,11,1,15,1445,1,2,1,1.0,2.0,69290,M,,,69
201100039955,11,2,19,1420,1,2,2,1.0,3.0,69290,M,,,69
201100039956,11,2,22,1340,1,2,2,8.0,3.0,69290,M,,,69
201100039957,11,2,26,1630,1,2,2,2.0,6.0,69290,M,,,69
201100039958,11,2,23,1640,1,2,6,1.0,3.0,69290,M,,,69
201100039959,11,2,28,1410,1,2,2,8.0,3.0,69290,M,,,69
201100039960,11,3,9,1900,3,2,1,1.0,1.0,69290,M,,,69
201100039961,11,3,10,730,1,2,2,1.0,3.0,69290,M,,,69
201100039962,11,3,10,1736,1,2,4,1.0,3.0,69290,M,,,69
201100039963,11,3,29,830,1,2,3,1.0,6.0,69290,M,,,69
201100039964,11,3,30,2050,5,2,3,2.0,6.0,69290,M,,,69
201100039965,11,3,21,1430,1,2,3,1.0,2.0,69290,M,,,69
201100039966,11,4,1,1950,1,2,1,1.0,1.0,69290,M,,,69
201100039967,11,4,7,1955,2,2,2,1.0,3.0,69290,M,,,69
201100039968,11,4,10,1020,1,2,2,1.0,3.0,69290,M,,,69
201100039969,11,4,10,1315,1,2,2,1.0,3.0,69290,M,,,69
201100039970,11,4,11,1743,1,2,1,1.0,6.0,69290,M,,,69
201100039971,11,4,15,945,1,2,1,1.0,6.0,69290,M,,,69
201100039972,11,4,12,1830,1,2,1,1.0,2.0,69290,M,,,69
201100039973,11,4,24,1830,1,2,6,1.0,3.0,69290,M,,,69
201100039974,11,4,22,1700,1,2,3,1.0,3.0,69290,M,,,69
201100039975,11,5,7,1820,1,2,1,1.0,6.0,69290,M,,,69
201100039976,11,5,10,1350,1,2,1,1.0,3.0,69290,M,,,69
201100039977,11,5,20,1930,1,2,1,1.0,3.0,69290,M,,,69
201100039978,11,5,20,2200,5,2,1,1.0,3.0,69290,M,,,69
201100039979,11,5,17,750,1,2,5,1.0,2.0,69290,M,,,69
201100039980,11,5,25,1725,1,2,6,1.0,6.0,69290,M,,,69
201100039981,11,5,26,1515,1,2,1,1.0,6.0,69290,M,,,69
201100039982,11,5,27,2140,5,2,1,1.0,6.0,69290,M,,,69
201100039983,11,5,19,940,1,2,2,1.0,3.0,69290,M,,,69
201100039984,11,5,28,1950,1,2,1,1.0,6.0,69290,M,,,69
201100039985,11,6,1,1210,1,2,1,3.0,6.0,69290,M,,,69
201100039986,11,6,4,1045,1,2,2,1.0,3.0,69290,M,,,69
201100039987,11,6,4,2045,5,2,1,2.0,6.0,69290,M,,,69
201100039988,11,6,10,1655,1,2,1,8.0,3.0,69290,M,,,69
201100039989,11,6,10,1910,1,2,2,1.0,3.0,69290,M,,,69
201100039990,11,6,7,1800,1,2,1,1.0,2.0,69290,M,,,69
201100039991,11,6,8,1800,1,2,2,1.0,3.0,69290,M,,,69
201100039992,11,6,15,1500,1,2,2,1.0,3.0,69290,M,,,69
201100039993,11,6,15,1530,1,2,1,1.0,6.0,69290,M,,,69
201100039994,11,6,11,1030,1,2,3,1.0,6.0,69290,M,,,69
201100039995,11,6,22,2000,1,2,1,8.0,3.0,69290,M,,,69
201100039996,11,6,28,1750,1,2,1,1.0,3.0,69290,M,,,69
201100039997,11,7,4,1305,1,2,1,1.0,3.0,69290,M,,,69
201100039998,11,7,11,1725,1,2,1,1.0,6.0,69290,M,,,69
201100039999,11,7,13,720,1,2,1,3.0,6.0,69290,M,,,69
201100040000,11,7,17,1530,1,2,3,3.0,3.0,69290,M,,,69
201100040001,11,7,15,1750,1,2,2,1.0,6.0,69290,M,,,69
201100040002,11,7,25,1,5,2,1,2.0,6.0,69290,M,,,69
201100040003,11,7,30,830,1,2,2,1.0,3.0,69290,M,,,69
201100040004,11,7,30,1000,1,2,2,1.0,6.0,69290,M,,,69
201100040005,11,8,11,2100,5,2,3,1.0,3.0,69290,M,0.0,0.0,69
201100040006,11,8,30,2313,5,2,3,1.0,3.0,69290,M,0.0,0.0,69
201100040007,11,9,2,1740,1,2,2,1.0,3.0,69290,M,,,69
201100040008,11,9,4,1755,1,2,3,2.0,3.0,69290,M,,,69
201100040009,11,9,8,1315,1,2,2,1.0,3.0,69290,M,,,69
201100040010,11,9,12,745,2,2,1,9.0,6.0,69290,M,,,69
201100040011,11,9,22,1620,1,2,2,1.0,3.0,69290,M,,,69
201100040012,11,9,30,1330,1,2,1,1.0,3.0,69290,M,,,69
201100040013,11,10,8,1800,2,2,1,2.0,4.0,69290,M,,,69
201100040014,11,10,3,1825,1,2,4,1.0,2.0,69290,M,,,69
201100040015,11,10,8,1700,1,2,1,2.0,6.0,69290,M,,,69
201100040016,11,10,17,900,1,2,1,1.0,6.0,69290,M,,,69
201100040017,11,10,22,1130,1,2,6,1.0,1.0,69290,M,,,69
201100040018,11,10,27,1830,2,2,2,2.0,3.0,69290,M,,,69
201100040019,11,11,4,1400,1,2,2,3.0,6.0,69290,M,,,69
201100040020,11,11,5,2225,5,2,1,8.0,6.0,69290,M,,,69
201100040021,11,11,10,1305,1,2,1,1.0,6.0,69290,M,,,69
201100040022,11,11,8,1210,1,2,1,1.0,6.0,69290,M,,,69
201100040023,11,11,14,2025,5,2,3,1.0,3.0,69290,M,,,69
201100040024,11,11,29,1740,5,2,1,1.0,6.0,69290,M,,,69
201100040025,11,11,29,1928,5,2,1,1.0,4.0,69290,M,,,69
201100040026,11,11,30,1530,1,2,1,1.0,6.0,69290,M,,,69
201100040027,11,12,1,1130,1,2,2,1.0,3.0,69290,M,,,69
201100040028,11,12,2,1845,5,2,2,1.0,3.0,69290,M,,,69
201100040029,11,12,6,930,1,2,2,2.0,3.0,69290,M,,,69
201100040030,11,12,25,950,1,2,6,1.0,6.0,69290,M,,,69
201100040031,11,12,30,1830,5,2,3,3.0,3.0,69290,M,,,69
201100040032,11,12,31,715,5,2,1,2.0,2.0,69290,M,,,69
201100040033,11,1,24,730,5,2,9,1.0,3.0,70285,M,,,70
201100040034,11,2,8,1200,1,2,1,1.0,6.0,70285,M,0.0,0.0,70
201100040035,11,4,26,1805,1,2,3,1.0,3.0,70285,M,,,70
201100040036,11,5,12,1620,1,2,1,1.0,1.0,70285,M,,,70
201100040037,11,7,14,1257,1,2,1,1.0,2.0,70285,M,,,70
201100040038,11,7,30,1035,1,2,1,1.0,6.0,70285,M,,,70
201100040039,11,9,12,1850,1,2,1,1.0,6.0,70285,M,,,70
201100040040,11,9,20,1810,1,2,6,1.0,3.0,70285,M,,,70
201100040041,11,12,22,1735,5,2,3,2.0,3.0,70285,M,,,70
201100040042,11,1,7,1850,5,2,1,2.0,7.0,70550,M,,,70
201100040043,11,1,18,1210,1,2,1,2.0,7.0,70550,M,,,70
201100040044,11,2,3,1305,1,2,1,8.0,6.0,70550,M,,,70
201100040045,11,2,17,950,1,2,6,1.0,3.0,70550,M,,,70
201100040046,11,2,23,1000,1,2,1,1.0,7.0,70207,M,0.0,0.0,70
201100040047,11,3,4,1855,5,2,1,1.0,3.0,70550,M,,,70
201100040048,11,3,10,1525,1,2,1,1.0,7.0,70550,M,,,70
201100040049,11,3,16,1015,1,2,3,1.0,3.0,70550,M,,,70
201100040050,11,3,16,1705,1,2,1,1.0,3.0,70388,M,,,70
201100040051,11,4,7,2100,2,2,1,1.0,7.0,70550,M,,,70
201100040052,11,4,10,1530,1,1,3,1.0,3.0,70261,M,,,70
201100040053,11,4,13,1325,1,2,6,1.0,3.0,70550,M,,,70
201100040054,11,4,18,1005,1,2,6,1.0,3.0,70550,M,,,70
201100040055,11,4,22,1215,1,2,1,1.0,4.0,70388,M,,,70
201100040056,11,4,22,1835,1,2,6,1.0,3.0,70550,M,,,70
201100040057,11,4,28,1810,1,2,1,1.0,7.0,70550,M,,,70
201100040058,11,5,9,1945,1,2,1,1.0,3.0,70550,M,,,70
201100040059,11,5,13,1625,1,2,1,1.0,3.0,70550,M,,,70
201100040060,11,5,21,1255,1,2,1,1.0,1.0,70550,M,,,70
201100040061,11,7,2,1625,1,1,1,1.0,2.0,70550,M,,,70
201100040062,11,7,10,130,5,2,1,1.0,7.0,70550,M,,,70
201100040063,11,7,22,1745,1,2,3,1.0,3.0,70550,M,,,70
201100040064,11,9,3,1025,1,1,3,1.0,3.0,70513,M,,,70
201100040065,11,9,5,930,1,2,1,1.0,3.0,70388,M,,,70
201100040066,11,9,14,1710,1,2,1,1.0,7.0,70550,M,0.0,0.0,70
201100040067,11,9,19,1615,1,2,3,1.0,3.0,70550,M,,,70
201100040068,11,9,25,330,5,1,1,1.0,7.0,70513,M,,,70
201100040069,11,11,16,950,1,2,1,1.0,3.0,70550,M,,,70
201100040070,11,11,29,2015,3,1,1,1.0,2.0,70550,M,,,70
201100040071,11,12,16,1400,1,2,1,2.0,7.0,70550,M,,,70
201100040072,11,1,7,1800,5,2,1,3.0,3.0,71076,M,,,71
201100040073,11,1,21,1810,2,2,1,1.0,2.0,71076,M,,,71
201100040074,11,2,10,745,1,2,9,1.0,6.0,71076,M,,,71
201100040075,11,2,11,1600,1,2,1,1.0,6.0,71076,M,,,71
201100040076,11,2,19,950,1,2,9,1.0,3.0,71081,M,,,71
201100040077,11,2,28,2045,5,2,1,2.0,3.0,71076,M,,,71
201100040078,11,3,30,1830,1,2,1,1.0,6.0,71118,M,,,71
201100040079,11,4,7,1400,1,2,9,1.0,3.0,71076,M,,,71
201100040080,11,4,10,2045,2,2,1,1.0,1.0,71076,M,,,71
201100040081,11,4,12,1210,1,2,9,1.0,3.0,71475,M,,,71
201100040082,11,4,13,1635,1,2,2,1.0,3.0,71076,M,,,71
201100040083,11,4,29,1940,1,2,2,1.0,3.0,71076,M,,,71
201100040084,11,5,2,745,1,2,9,1.0,6.0,71076,M,929170.0,0.0,71
201100040085,11,5,3,1910,1,2,1,1.0,3.0,71475,M,926911.0,0.0,71
201100040086,11,5,14,1140,1,2,1,1.0,7.0,71076,M,928479.0,0.0,71
201100040087,11,5,16,1830,1,2,9,1.0,3.0,71076,M,929467.0,0.0,71
201100040088,11,5,23,1520,1,1,1,1.0,3.0,71475,M,,,71
201100040089,11,6,5,2115,1,2,1,1.0,6.0,71076,M,927732.0,0.0,71
201100040090,11,6,27,1050,1,2,9,1.0,3.0,71076,M,4679760.0,484401.0,71
201100040091,11,7,3,2215,1,2,1,1.0,2.0,71445,M,4677210.0,489322.0,71
201100040092,11,7,4,900,1,2,1,1.0,3.0,71076,M,4679970.0,486159.0,71
201100040093,11,7,4,1455,1,1,1,1.0,7.0,71475,M,924833.0,0.0,71
201100040094,11,7,7,1145,1,1,1,3.0,2.0,71189,M,4675860.0,486340.0,71
201100040095,11,8,1,1210,1,2,1,1.0,3.0,71118,M,928370.0,0.0,71
201100040096,11,8,3,1610,1,2,9,1.0,6.0,71076,M,4681170.0,484536.0,71
201100040097,11,8,7,1750,1,2,1,1.0,2.0,71076,M,927915.0,0.0,71
201100040098,11,8,20,1108,1,1,1,1.0,5.0,71445,M,927672.0,0.0,71
201100040099,11,9,1,1740,1,2,1,1.0,6.0,71269,M,4676230.0,484250.0,71
201100040100,11,9,3,1330,1,2,1,1.0,6.0,71076,M,4679290.0,482569.0,71
201100040101,11,9,12,1400,1,2,1,1.0,1.0,71076,M,4679790.0,485514.0,71
201100040102,11,9,15,2010,2,1,3,1.0,3.0,71445,M,4678360.0,487206.0,71
201100040103,11,9,16,700,2,2,3,1.0,3.0,71445,M,4677610.0,488680.0,71
201100040104,11,9,29,1025,1,2,1,1.0,6.0,71076,M,4680820.0,485310.0,71
201100040105,11,9,30,1505,1,2,9,1.0,6.0,71475,M,4678210.0,484769.0,71
201100040106,11,10,25,1255,1,2,1,1.0,3.0,71076,M,,,71
201100040107,11,11,12,1555,1,2,1,1.0,6.0,71076,M,,,71
201100040108,11,11,17,1700,1,2,9,1.0,6.0,71475,M,,,71
201100040109,11,11,21,1950,5,2,1,1.0,4.0,71076,M,,,71
201100040110,11,11,24,1730,5,2,2,1.0,3.0,71076,M,,,71
201100040111,11,12,10,1840,5,2,3,3.0,3.0,71076,M,,,71
201100040112,11,12,21,1830,5,2,1,2.0,6.0,71076,M,,,71
201100040113,11,12,28,2115,3,1,1,1.0,1.0,71445,M,,,71
201100040114,11,3,29,1745,1,2,1,1.0,1.0,71153,M,,,71
201100040115,11,3,30,1640,1,2,1,1.0,6.0,71153,M,,,71
201100040116,11,4,8,1600,1,1,2,1.0,3.0,71059,M,,,71
201100040117,11,5,6,1040,1,2,1,1.0,6.0,71153,M,926995.0,0.0,71
201100040118,11,5,18,1215,1,2,1,1.0,6.0,71153,M,928714.0,0.0,71
201100040119,11,5,22,1540,1,2,3,1.0,3.0,71540,M,925437.0,0.0,71
201100040120,11,6,24,1139,1,2,1,1.0,1.0,71153,M,929391.0,0.0,71
201100040121,11,7,6,900,1,2,1,1.0,6.0,71153,M,928514.0,0.0,71
201100040122,11,7,8,1325,1,2,1,1.0,6.0,71153,M,928555.0,0.0,71
201100040123,11,9,13,1825,1,2,9,1.0,6.0,71153,M,4680450.0,441663.0,71
201100040124,11,9,15,1800,1,2,1,1.0,6.0,71153,M,4680120.0,441077.0,71
201100040125,11,9,27,1100,1,2,1,1.0,2.0,71153,M,4678790.0,444449.0,71
201100040126,11,11,8,1745,5,2,1,1.0,6.0,71153,M,,,71
201100040127,11,1,4,1600,1,2,1,1.0,6.0,71270,M,888385.0,0.0,71
201100040128,11,1,8,1655,1,2,1,1.0,6.0,71497,M,,,71
201100040129,11,1,12,1415,1,2,2,2.0,5.0,71497,M,,,71
201100040130,11,1,26,755,1,2,1,1.0,6.0,71270,M,,,71
201100040131,11,2,7,2130,5,2,1,1.0,3.0,71270,M,,,71
201100040132,11,2,8,1215,1,2,9,1.0,3.0,71270,M,,,71
201100040133,11,2,8,725,2,2,3,1.0,3.0,71270,M,,,71
201100040134,11,2,17,2140,5,2,1,1.0,6.0,71270,M,,,71
201100040135,11,2,23,1555,1,2,1,1.0,6.0,71270,M,,,71
201100040136,11,2,24,2140,5,2,2,2.0,3.0,71270,M,,,71
201100040137,11,2,24,1605,1,2,1,1.0,2.0,71497,M,,,71
201100040138,11,3,10,715,1,2,1,1.0,6.0,71105,M,,,71
201100040139,11,4,1,1630,1,1,1,1.0,5.0,71497,M,,,71
201100040140,11,4,6,1100,1,2,1,1.0,3.0,71105,M,,,71
201100040141,11,4,24,2040,2,2,1,1.0,6.0,71270,M,,,71
201100040142,11,4,29,2315,5,2,1,1.0,7.0,71270,M,885190.0,0.0,71
201100040143,11,5,9,2005,2,2,1,1.0,6.0,71105,M,887624.0,0.0,71
201100040144,11,5,10,1655,1,2,1,1.0,3.0,71270,M,885855.0,0.0,71
201100040145,11,5,21,1150,1,2,2,1.0,3.0,71497,M,890203.0,0.0,71
201100040146,11,5,31,1505,1,2,1,2.0,6.0,71270,M,888655.0,0.0,71
201100040147,11,6,10,2100,1,2,9,1.0,6.0,71270,M,886858.0,0.0,71
201100040148,11,6,12,2035,2,2,2,1.0,3.0,71270,M,886741.0,0.0,71
201100040149,11,6,11,905,1,1,9,1.0,3.0,71511,M,891372.0,0.0,71
201100040150,11,6,24,2115,2,2,1,1.0,6.0,71105,M,887244.0,0.0,71
201100040151,11,6,27,1140,1,2,1,1.0,6.0,71105,M,4629880.0,477688.0,71
201100040152,11,7,12,725,1,2,1,1.0,6.0,71105,M,887108.0,0.0,71
201100040153,11,8,10,830,1,1,1,1.0,1.0,71105,M,885553.0,0.0,71
201100040154,11,8,18,1330,1,2,1,1.0,6.0,71105,M,4628830.0,480836.0,71
201100040155,11,8,26,1500,1,2,1,8.0,3.0,71105,M,886524.0,0.0,71
201100040156,11,8,30,200,5,2,9,1.0,7.0,71105,M,885906.0,0.0,71
201100040157,11,9,2,1345,1,2,1,1.0,6.0,71105,M,4629940.0,482617.0,71
201100040158,11,9,5,715,2,1,1,1.0,5.0,71105,M,4629100.0,477580.0,71
201100040159,11,9,15,1810,1,2,1,1.0,6.0,71270,M,4632070.0,481598.0,71
201100040160,11,9,16,2110,5,2,1,1.0,6.0,71105,M,4630490.0,481349.0,71
201100040161,11,9,20,2025,2,2,1,1.0,1.0,71497,M,4633240.0,482437.0,71
201100040162,11,10,10,2045,2,2,2,1.0,3.0,71270,M,,,71
201100040163,11,11,10,750,2,2,1,1.0,6.0,71270,M,,,71
201100040164,11,11,11,115,5,2,1,5.0,6.0,71270,M,,,71
201100040165,11,11,12,1645,1,2,1,1.0,3.0,71260,M,,,71
201100040166,11,11,22,1325,1,2,1,1.0,6.0,71270,M,,,71
201100040167,11,11,29,1510,1,2,1,1.0,6.0,71270,M,,,71
201100040168,11,1,1,310,3,1,1,1.0,7.0,71499,M,,,71
201100040169,11,1,17,740,2,2,2,1.0,7.0,71306,M,4667310.0,436691.0,71
201100040170,11,1,21,1815,5,2,2,1.0,3.0,71040,M,,,71
201100040171,11,2,14,1615,1,1,1,2.0,6.0,71040,M,,,71
201100040172,11,3,3,805,1,1,3,1.0,3.0,71040,M,,,71
201100040173,11,4,5,640,2,2,1,1.0,7.0,71040,M,,,71
201100040174,11,4,9,2120,5,2,3,1.0,3.0,71306,M,,,71
201100040175,11,4,16,1610,1,2,1,1.0,7.0,71306,M,,,71
201100040176,11,5,31,1900,1,2,1,1.0,1.0,71499,M,915051.0,0.0,71
201100040177,11,6,4,1930,1,2,1,2.0,3.0,71486,M,914756.0,0.0,71
201100040178,11,6,15,2120,1,2,3,1.0,3.0,71040,M,918574.0,0.0,71
201100040179,11,7,15,1945,1,1,1,1.0,1.0,71499,M,917064.0,0.0,71
201100040180,11,8,11,1725,1,2,3,1.0,6.0,71306,M,917745.0,0.0,71
201100040181,11,8,25,1505,1,2,1,1.0,2.0,71306,M,916895.0,0.0,71
201100040182,11,8,31,955,1,2,1,1.0,7.0,71040,M,919369.0,0.0,71
201100040183,11,9,2,1200,1,2,6,1.0,2.0,71486,M,4664280.0,432426.0,71
201100040184,11,9,20,825,1,2,1,1.0,2.0,71306,M,4669200.0,434849.0,71
201100040185,11,9,22,2225,3,1,1,1.0,7.0,71486,M,4665660.0,433063.0,71
201100040186,11,10,7,1055,1,2,2,1.0,3.0,71306,M,,,71
201100040187,11,10,8,2105,5,2,1,2.0,1.0,71486,M,,,71
201100040188,11,10,15,1730,1,2,1,1.0,7.0,71306,M,,,71
201100040189,11,10,31,1545,1,2,3,1.0,7.0,71306,M,,,71
201100040190,11,11,4,1750,4,2,3,3.0,7.0,71306,M,,,71
201100040191,11,11,12,2000,5,2,1,5.0,7.0,71040,M,,,71
201100040192,11,12,11,1810,3,2,1,2.0,7.0,71486,M,,,71
201100040193,11,12,22,1205,1,2,1,1.0,1.0,71499,M,,,71
201100040194,11,12,30,2155,3,1,1,2.0,1.0,72181,M,,,72
201100040195,11,12,31,1415,1,2,2,2.0,3.0,72181,M,,,72
201100040196,11,1,4,840,1,2,6,1.0,3.0,72181,M,,,72
201100040197,11,1,6,1850,5,2,1,2.0,6.0,72003,M,,,72
201100040198,11,1,7,710,5,2,1,2.0,6.0,72181,M,,,72
201100040199,11,1,8,2045,5,2,1,2.0,6.0,72181,M,,,72
201100040200,11,1,9,1737,2,2,1,1.0,7.0,72181,M,,,72
201100040201,11,1,10,800,5,2,1,2.0,3.0,72181,M,,,72
201100040202,11,1,10,1755,5,2,1,1.0,3.0,72181,M,,,72
201100040203,11,1,11,800,2,2,1,2.0,3.0,72181,M,,,72
201100040204,11,1,12,822,2,1,1,2.0,2.0,72003,M,,,72
201100040205,11,1,12,1115,1,2,1,2.0,2.0,72181,M,,,72
201100040206,11,1,13,825,2,2,1,2.0,6.0,72181,M,,,72
201100040207,11,1,14,1115,1,2,1,1.0,7.0,72181,M,,,72