Num_Acc,an,mois,jour,hrmn,lum,agg,int,atm,col,com,gps,lat,long,dep
201100040208,11,1,14,1650,1,2,1,2.0,3.0,72181,M,,,72
201100040209,11,1,15,1530,1,1,1,1.0,6.0,72181,M,,,72
201100040210,11,1,15,2215,5,2,6,1.0,3.0,72181,M,,,72
201100040211,11,1,21,1630,1,2,3,1.0,3.0,72181,M,,,72
201100040212,11,1,22,2050,5,2,1,1.0,3.0,72181,M,,,72
201100040213,11,1,24,1330,1,2,1,1.0,6.0,72181,M,,,72
201100040214,11,1,25,1200,1,2,1,1.0,2.0,72181,M,,,72
201100040215,11,1,26,1405,1,2,1,2.0,6.0,72181,M,,,72
201100040216,11,1,26,1825,5,2,2,2.0,6.0,72181,M,,,72
201100040217,11,1,27,1755,5,2,3,1.0,3.0,72181,M,,,72
201100040218,11,1,28,1605,1,2,1,1.0,6.0,72181,M,,,72
201100040219,11,1,29,500,5,2,1,1.0,6.0,72181,M,,,72
201100040220,11,1,29,1905,5,2,1,1.0,6.0,72181,M,,,72
201100040221,11,1,29,1910,3,1,2,1.0,3.0,72181,M,,,72
201100040222,11,1,30,2200,5,2,2,1.0,3.0,72181,M,,,72
201100040223,11,1,31,1400,1,2,1,1.0,6.0,72181,M,,,72
201100040224,11,2,1,1830,5,2,1,1.0,3.0,72181,M,,,72
201100040225,11,2,1,2215,5,2,1,9.0,7.0,72181,M,,,72
201100040226,11,2,2,705,5,2,1,9.0,7.0,72181,M,,,72
201100040227,11,2,2,815,5,2,1,1.0,2.0,72181,M,,,72
201100040228,11,2,2,1115,1,2,1,5.0,6.0,72181,M,,,72
201100040229,11,2,3,1703,1,2,1,1.0,7.0,72181,M,,,72
201100040230,11,2,4,800,5,2,1,1.0,6.0,72181,M,,,72
201100040231,11,2,4,1550,1,2,1,1.0,2.0,72181,M,,,72
201100040232,11,2,6,1745,1,1,1,1.0,7.0,72003,M,,,72
201100040233,11,2,6,2015,5,2,1,1.0,6.0,72181,M,,,72
201100040234,11,2,7,1440,1,2,1,1.0,2.0,72181,M,,,72
201100040235,11,2,9,1215,1,2,1,1.0,6.0,72181,M,,,72
201100040236,11,2,12,20,5,2,1,1.0,7.0,72181,M,,,72
201100040237,11,2,12,1455,1,2,1,1.0,6.0,72181,M,,,72
201100040238,11,2,12,1800,2,2,1,2.0,7.0,72181,M,,,72
201100040239,11,2,13,2050,3,1,1,2.0,6.0,72003,M,,,72
201100040240,11,2,16,755,5,2,3,2.0,3.0,72181,M,,,72
201100040241,11,2,17,1530,1,2,2,1.0,3.0,72181,M,,,72
201100040242,11,2,18,1633,1,2,3,1.0,6.0,72181,M,,,72
201100040243,11,2,18,1630,1,2,1,1.0,3.0,72181,M,,,72
201100040244,11,2,21,1730,1,2,3,2.0,3.0,72181,M,,,72
201100040245,11,2,21,1915,5,2,6,2.0,6.0,72095,M,,,72
201100040246,11,2,23,1530,1,1,1,2.0,2.0,72095,M,,,72
201100040247,11,2,23,1905,5,2,3,2.0,3.0,72181,M,,,72
201100040248,11,2,23,2230,5,2,1,2.0,7.0,72181,M,,,72
201100040249,11,2,24,930,1,2,1,1.0,1.0,72181,M,,,72
201100040250,11,2,25,1640,1,2,6,1.0,2.0,72003,M,,,72
201100040251,11,2,27,945,1,2,1,1.0,6.0,72181,M,,,72
201100040252,11,2,28,1350,1,2,2,1.0,3.0,72181,M,,,72
201100040253,11,3,1,813,1,2,1,1.0,3.0,72181,M,,,72
201100040254,11,3,2,1215,1,2,1,1.0,5.0,72181,M,,,72
201100040255,11,3,3,1238,1,1,3,1.0,3.0,72003,M,,,72
201100040256,11,3,4,820,1,2,1,1.0,3.0,72181,M,,,72
201100040257,11,3,4,1714,1,2,6,1.0,3.0,72181,M,,,72
201100040258,11,3,4,1630,2,2,1,1.0,6.0,72181,M,,,72
201100040259,11,3,6,1550,1,2,2,7.0,3.0,72181,M,,,72
201100040260,11,3,8,1730,1,2,2,1.0,3.0,72181,M,,,72
201100040261,11,3,9,1540,1,1,1,1.0,4.0,72181,M,,,72
201100040262,11,3,9,1820,1,2,1,1.0,6.0,72181,M,,,72
201100040263,11,3,10,1615,1,2,1,1.0,7.0,72181,M,,,72
201100040264,11,3,11,1445,1,2,3,1.0,3.0,72181,M,,,72
201100040265,11,3,13,1018,1,2,2,1.0,3.0,72181,M,,,72
201100040266,11,3,13,1520,1,2,3,1.0,3.0,72181,M,,,72
201100040267,11,3,13,1655,1,1,1,1.0,6.0,72095,M,,,72
201100040268,11,3,14,1220,1,2,1,1.0,6.0,72181,M,,,72
201100040269,11,3,15,1735,1,2,1,1.0,6.0,72181,M,,,72
201100040270,11,3,18,1145,1,2,3,1.0,6.0,72181,M,,,72
201100040271,11,3,21,1355,1,2,1,1.0,2.0,72181,M,,,72
201100040272,11,3,21,1730,1,2,1,1.0,2.0,72181,M,,,72
201100040273,11,3,22,805,1,2,1,1.0,6.0,72181,M,,,72
201100040274,11,3,22,1620,1,2,1,1.0,1.0,72181,M,,,72
201100040275,11,3,22,1800,1,2,1,1.0,6.0,72003,M,,,72
201100040276,11,3,23,1255,1,2,3,1.0,1.0,72181,M,,,72
201100040277,11,3,23,2220,5,2,3,1.0,2.0,72181,M,,,72
201100040278,11,3,27,640,3,1,1,1.0,7.0,72003,M,,,72
201100040279,11,3,28,745,2,2,1,1.0,2.0,72181,M,,,72
201100040280,11,3,28,1817,1,2,3,1.0,3.0,72181,M,,,72
201100040281,11,3,30,1820,1,2,1,2.0,2.0,72181,M,,,72
201100040282,11,3,31,1535,1,2,1,2.0,6.0,72181,M,,,72
201100040283,11,4,1,720,2,2,2,2.0,3.0,72181,M,,,72
201100040284,11,4,2,1810,1,2,3,1.0,3.0,72181,M,,,72
201100040285,11,4,5,1610,1,2,1,1.0,3.0,72181,M,,,72
201100040286,11,4,6,850,1,2,1,1.0,4.0,72181,M,,,72
201100040287,11,4,8,1620,1,2,1,1.0,4.0,72181,M,,,72
201100040288,11,4,11,1035,1,1,1,1.0,3.0,72181,M,,,72
201100040289,11,4,11,1250,1,2,1,1.0,6.0,72181,M,,,72
201100040290,11,4,11,1434,1,2,1,1.0,6.0,72181,M,,,72
201100040291,11,4,11,1643,1,2,1,1.0,6.0,72181,M,,,72
201100040292,11,4,13,1100,1,1,1,1.0,5.0,72181,M,,,72
201100040293,11,4,14,1107,1,2,2,1.0,3.0,72181,M,,,72
201100040294,11,4,14,1625,1,1,1,1.0,2.0,72181,M,,,72
201100040295,11,4,14,1630,1,2,1,1.0,4.0,72181,M,,,72
201100040296,11,4,14,1750,1,1,1,1.0,5.0,72181,M,,,72
201100040297,11,4,15,1715,1,2,1,1.0,6.0,72181,M,,,72
201100040298,11,4,16,955,1,2,1,1.0,3.0,72181,M,,,72
201100040299,11,4,18,1153,1,2,1,1.0,3.0,72095,M,,,72
201100040300,11,4,18,1730,1,2,2,1.0,3.0,72181,M,,,72
201100040301,11,4,19,914,1,2,1,1.0,6.0,72181,M,,,72
201100040302,11,4,19,2005,1,2,2,1.0,6.0,72181,M,,,72
201100040303,11,4,20,1911,1,2,1,1.0,2.0,72181,M,,,72
201100040304,11,4,21,1100,1,2,1,1.0,2.0,72181,M,,,72
201100040305,11,4,21,1210,1,2,1,1.0,3.0,72181,M,,,72
201100040306,11,4,22,1735,1,1,1,1.0,5.0,72181,M,,,72
201100040307,11,4,23,2030,1,2,6,1.0,3.0,72095,M,,,72
201100040308,11,4,24,130,5,2,1,2.0,6.0,72181,M,,,72
201100040309,11,4,24,240,5,2,1,1.0,6.0,72181,M,,,72
201100040310,11,4,24,1700,1,1,3,1.0,3.0,72003,M,,,72
201100040311,11,4,27,630,2,2,2,1.0,3.0,72181,M,,,72
201100040312,11,4,27,1208,1,2,2,1.0,3.0,72181,M,,,72
201100040313,11,4,28,1220,1,2,1,1.0,2.0,72181,M,,,72
201100040314,11,4,30,610,5,2,1,1.0,2.0,72181,M,,,72
201100040315,11,5,4,705,1,2,1,1.0,7.0,72181,M,,,72
201100040316,11,5,4,750,1,2,1,1.0,6.0,72181,M,,,72
201100040317,11,5,4,1300,1,2,1,1.0,3.0,72181,M,,,72
201100040318,11,5,7,1041,1,2,1,1.0,2.0,72181,M,,,72
201100040319,11,5,8,450,5,2,1,1.0,7.0,72181,M,,,72
201100040320,11,5,8,500,5,2,1,1.0,6.0,72181,M,,,72
201100040321,11,5,9,1830,1,2,1,1.0,7.0,72003,M,,,72
201100040322,11,5,9,2051,1,2,1,1.0,1.0,72181,M,,,72
201100040323,11,5,9,2120,2,2,1,1.0,3.0,72181,M,,,72
201100040324,11,5,11,1440,1,2,3,1.0,6.0,72181,M,,,72
201100040325,11,5,13,830,1,2,1,1.0,6.0,72181,M,,,72
201100040326,11,5,13,1307,1,1,1,1.0,4.0,72181,M,,,72
201100040327,11,5,14,1435,1,1,1,1.0,2.0,72181,M,,,72
201100040328,11,5,15,1325,1,1,1,1.0,7.0,72095,M,,,72
201100040329,11,5,15,1635,1,2,1,1.0,7.0,72181,M,,,72
201100040330,11,5,17,815,1,2,1,1.0,7.0,72181,M,,,72
201100040331,11,5,17,1450,1,2,3,1.0,3.0,72181,M,,,72
201100040332,11,5,17,1810,1,2,3,1.0,3.0,72181,M,,,72
201100040333,11,5,18,1730,1,2,1,1.0,7.0,72003,M,,,72
201100040334,11,5,20,2210,2,2,1,1.0,3.0,72181,M,,,72
201100040335,11,5,22,1815,1,2,1,1.0,6.0,72181,M,,,72
201100040336,11,5,24,752,1,2,1,1.0,5.0,72181,M,,,72
201100040337,11,5,25,1815,1,2,6,1.0,3.0,72181,M,,,72
201100040338,11,5,27,1745,1,2,1,1.0,4.0,72181,M,,,72
201100040339,11,5,27,2310,5,2,1,1.0,6.0,72181,M,,,72
201100040340,11,5,30,1230,1,2,1,1.0,4.0,72181,M,,,72
201100040341,11,5,30,2015,1,2,3,1.0,3.0,72181,M,,,72
201100040342,11,5,31,840,1,1,1,1.0,6.0,72181,M,,,72
201100040343,11,6,1,730,1,2,1,1.0,7.0,72181,M,,,72
201100040344,11,6,1,1125,1,2,1,1.0,2.0,72003,M,,,72
201100040345,11,6,3,300,3,1,1,1.0,7.0,72181,M,,,72
201100040346,11,6,4,1650,1,2,1,1.0,6.0,72181,M,,,72
201100040347,11,6,5,2355,5,2,1,2.0,3.0,72181,M,,,72
201100040348,11,6,7,1930,1,2,1,1.0,6.0,72181,M,,,72
201100040349,11,6,9,1130,1,2,1,1.0,1.0,72181,M,,,72
201100040350,11,6,10,1815,1,2,1,1.0,6.0,72181,M,,,72
201100040351,11,6,10,1855,1,2,6,1.0,6.0,72181,M,,,72
201100040352,11,6,14,1515,1,2,2,1.0,3.0,72181,M,,,72
201100040353,11,6,16,726,1,2,2,1.0,3.0,72181,M,,,72
201100040354,11,6,16,1405,1,2,1,1.0,6.0,72181,M,,,72
201100040355,11,6,16,1810,1,2,2,1.0,6.0,72181,M,,,72
201100040356,11,6,17,1250,1,2,1,2.0,2.0,72181,M,,,72
201100040357,11,6,18,1600,1,2,1,3.0,6.0,72181,M,,,72
201100040358,11,6,18,1850,1,2,1,2.0,3.0,72181,M,,,72
201100040359,11,6,20,800,1,2,2,2.0,3.0,72181,M,,,72
201100040360,11,6,20,1155,1,2,1,1.0,2.0,72181,M,,,72
201100040361,11,6,21,1310,1,2,1,1.0,2.0,72181,M,,,72
201100040362,11,6,24,1745,1,2,1,1.0,3.0,72181,M,,,72
201100040363,11,6,24,2320,5,2,2,1.0,3.0,72181,M,,,72
201100040364,11,6,27,920,1,2,6,1.0,3.0,72181,M,,,72
201100040365,11,6,27,1420,1,1,1,1.0,3.0,72181,M,,,72
201100040366,11,6,27,1735,1,2,1,1.0,6.0,72181,M,,,72
201100040367,11,6,27,1828,1,2,1,1.0,4.0,72003,M,,,72
201100040368,11,6,28,855,1,2,1,1.0,6.0,72181,M,,,72
201100040369,11,6,28,900,1,2,1,1.0,2.0,72181,M,,,72
201100040370,11,6,28,1140,1,2,1,1.0,6.0,72181,M,,,72
201100040371,11,6,30,535,2,2,1,1.0,6.0,72181,M,,,72
201100040372,11,6,30,835,1,2,1,1.0,6.0,72181,M,,,72
201100040373,11,7,1,200,5,2,1,1.0,6.0,72181,M,,,72
201100040374,11,7,2,1125,1,2,1,1.0,6.0,72181,M,,,72
201100040375,11,7,2,2010,1,2,2,1.0,7.0,72181,M,,,72
201100040376,11,7,9,1437,1,1,1,1.0,4.0,72181,M,,,72
201100040377,11,7,9,1510,1,2,2,1.0,5.0,72181,M,,,72
201100040378,11,7,14,800,1,1,1,1.0,2.0,72181,M,,,72
201100040379,11,7,18,1348,1,2,7,1.0,3.0,72181,M,,,72
201100040380,11,7,19,1033,1,2,6,1.0,3.0,72181,M,,,72
201100040381,11,7,19,1910,1,2,1,2.0,6.0,72181,M,,,72
201100040382,11,7,21,1905,1,2,1,2.0,6.0,72181,M,,,72
201100040383,11,7,21,1920,1,2,1,2.0,7.0,72095,M,,,72
201100040384,11,7,23,1105,1,2,9,1.0,3.0,72003,M,,,72
201100040385,11,7,26,1343,1,2,1,1.0,2.0,72181,M,,,72
201100040386,11,7,28,1850,1,2,1,1.0,2.0,72181,M,,,72
201100040387,11,7,29,1820,1,2,1,1.0,6.0,72181,M,,,72
201100040388,11,7,30,1405,1,1,1,1.0,7.0,72003,M,,,72
201100040389,11,7,30,1950,1,2,1,1.0,5.0,72181,M,,,72
201100040390,11,8,1,1510,1,1,1,1.0,4.0,72181,M,,,72
201100040391,11,8,5,1615,1,2,6,1.0,6.0,72181,M,,,72
201100040392,11,8,7,1820,1,2,1,1.0,7.0,72003,M,,,72
201100040393,11,8,8,1750,1,2,1,2.0,2.0,72003,M,,,72
201100040394,11,8,22,1340,1,2,2,1.0,3.0,72181,M,,,72
201100040395,11,8,23,2020,1,2,2,1.0,3.0,72181,M,,,72
201100040396,11,8,28,500,5,2,1,1.0,7.0,72181,M,,,72
201100040397,11,8,29,1245,1,2,1,1.0,2.0,72181,M,,,72
201100040398,11,8,29,1600,1,1,1,1.0,3.0,72181,M,,,72
201100040399,11,9,2,1645,1,1,1,1.0,3.0,72003,M,,,72
201100040400,11,9,2,1930,1,2,1,1.0,3.0,72181,M,,,72
201100040401,11,9,4,2025,1,2,1,1.0,3.0,72181,M,,,72
201100040402,11,9,5,800,1,2,1,1.0,6.0,72181,M,,,72
201100040403,11,9,6,810,1,2,3,1.0,3.0,72181,M,,,72
201100040404,11,9,9,1200,1,2,1,1.0,7.0,72181,M,,,72
201100040405,11,9,13,30,5,2,1,2.0,7.0,72181,M,,,72
201100040406,11,9,13,1715,1,2,1,1.0,6.0,72181,M,,,72
201100040407,11,9,15,751,1,2,1,1.0,6.0,72181,M,,,72
201100040408,11,9,16,1345,1,2,1,1.0,3.0,72181,M,,,72
201100040409,11,9,18,2045,5,2,1,2.0,4.0,72181,M,,,72
201100040410,11,9,18,1650,1,2,1,2.0,1.0,72181,M,,,72
201100040411,11,9,19,1330,1,2,1,1.0,3.0,72003,M,,,72
201100040412,11,9,19,1513,1,2,1,1.0,6.0,72181,M,,,72
201100040413,11,9,19,1740,1,2,1,1.0,6.0,72181,M,,,72
201100040414,11,9,23,1615,1,2,3,1.0,3.0,72181,M,,,72
201100040415,11,9,23,1830,1,2,1,1.0,6.0,72181,M,,,72
201100040416,11,9,26,755,1,2,1,1.0,2.0,72181,M,,,72
201100040417,11,9,26,1010,1,2,1,1.0,2.0,72181,M,,,72
201100040418,11,9,28,1845,1,2,3,1.0,3.0,72181,M,,,72
201100040419,11,9,30,1325,1,2,1,1.0,2.0,72181,M,,,72
201100040420,11,10,1,115,5,2,1,1.0,6.0,72181,M,,,72
201100040421,11,10,2,1030,1,2,6,1.0,3.0,72181,M,,,72
201100040422,11,10,3,1215,1,2,3,1.0,3.0,72181,M,,,72
201100040423,11,10,6,810,2,2,3,2.0,3.0,72181,M,,,72
201100040424,11,10,6,1255,1,2,1,2.0,7.0,72181,M,,,72
201100040425,11,10,6,1455,1,2,1,2.0,6.0,72181,M,,,72
201100040426,11,10,12,1220,1,2,3,8.0,6.0,72181,M,,,72
201100040427,11,10,12,1900,2,2,1,1.0,3.0,72181,M,,,72
201100040428,11,10,13,950,1,2,1,1.0,6.0,72181,M,,,72
201100040429,11,10,15,950,1,2,1,1.0,6.0,72181,M,,,72
201100040430,11,10,21,1735,1,2,1,1.0,3.0,72181,M,,,72
201100040431,11,10,22,2235,5,2,1,1.0,7.0,72181,M,,,72
201100040432,11,10,28,1005,1,2,1,1.0,6.0,72181,M,,,72
201100040433,11,10,27,1150,1,2,1,2.0,2.0,72181,M,,,72
201100040434,11,10,28,1440,1,2,1,1.0,2.0,72181,M,,,72
201100040435,11,11,2,2145,5,2,6,1.0,3.0,72181,M,,,72
201100040436,11,11,2,2300,5,2,3,2.0,3.0,72181,M,,,72
201100040437,11,11,8,910,1,2,2,2.0,1.0,72181,M,,,72
201100040438,11,11,8,1740,5,2,1,2.0,6.0,72181,M,,,72
201100040439,11,11,13,735,5,2,1,1.0,7.0,72181,M,,,72
201100040440,11,11,16,845,1,2,1,1.0,3.0,72181,M,,,72
201100040441,11,11,16,1600,1,2,2,1.0,3.0,72181,M,,,72
201100040442,11,11,15,1730,1,2,1,1.0,6.0,72181,M,,,72
201100040443,11,11,18,1800,5,2,3,1.0,3.0,72181,M,,,72
201100040444,11,11,18,1850,5,2,1,1.0,6.0,72181,M,,,72
201100040445,11,11,19,1440,1,2,2,1.0,6.0,28004,M,,,28
201100040446,11,11,22,1905,5,2,3,1.0,3.0,72181,M,,,72
201100040447,11,12,2,2115,5,2,1,1.0,6.0,72181,M,,,72
201100040448,11,12,3,1400,1,2,1,2.0,6.0,72181,M,,,72
201100040449,11,12,6,820,1,2,1,1.0,6.0,72181,M,,,72
201100040450,11,12,12,1150,1,2,3,1.0,3.0,72181,M,,,72
201100040451,11,12,15,1850,3,2,1,2.0,5.0,72181,M,,,72
201100040452,11,12,18,1130,1,2,3,1.0,3.0,72181,M,,,72
201100040453,11,12,19,1635,1,2,3,2.0,3.0,72181,M,,,72
201100040454,11,12,24,630,5,2,1,1.0,6.0,72181,M,,,72
201100040455,11,1,14,2020,5,2,3,1.0,3.0,73008,M,,,73
201100040456,11,1,22,1158,1,2,1,1.0,6.0,73008,M,,,73
201100040457,11,2,4,1200,1,2,1,1.0,5.0,73008,M,,,73
201100040458,11,4,5,640,2,2,1,1.0,2.0,73008,M,,,73
201100040459,11,3,24,1910,5,2,1,1.0,3.0,73008,M,,,73
201100040460,11,4,7,1020,1,2,6,1.0,6.0,73008,M,,,73
201100040461,11,4,16,830,1,2,1,7.0,6.0,73008,M,,,73
201100040462,11,5,21,215,5,2,6,1.0,7.0,73008,M,,,73
201100040463,11,5,5,2155,5,2,6,1.0,3.0,73008,M,4569692.0,590731.0,73
201100040464,11,5,23,1120,1,2,6,1.0,3.0,73008,M,,,73
201100040465,11,5,7,1140,1,2,1,1.0,6.0,73008,M,,,73
201100040466,11,5,25,830,1,2,2,1.0,6.0,73008,M,,,73
201100040467,11,7,1,1420,1,2,1,1.0,3.0,73008,M,4569470.0,590223.0,73
201100040468,11,8,30,2220,5,2,6,1.0,3.0,73008,M,4569933.0,590434.0,73
201100040469,11,9,21,1030,1,2,1,1.0,6.0,73008,M,4569300.0,590975.0,73
201100040470,11,11,9,1525,1,2,1,1.0,6.0,73008,M,4567276.0,591338.0,73
201100040471,11,1,20,1535,1,2,3,8.0,3.0,73011,M,,,73
201100040472,11,1,20,2238,5,2,1,1.0,6.0,73011,M,,,73
201100040473,11,2,17,1735,2,2,6,1.0,3.0,73011,M,4567573.0,639524.0,73
201100040474,11,5,1,630,2,2,5,1.0,3.0,73011,M,,,73
201100040475,11,5,4,1455,1,2,1,1.0,1.0,73011,M,4567274.0,639781.0,73
201100040476,11,5,7,450,5,2,4,1.0,7.0,73011,M,,,73
201100040477,11,5,23,1650,1,2,1,1.0,2.0,73011,M,4566424.0,642761.0,73
201100040478,11,7,4,730,1,2,1,1.0,6.0,73011,M,4567565.0,639527.0,73
201100040479,11,7,29,240,5,2,1,1.0,7.0,73011,M,4566755.0,641079.0,73
201100040480,11,8,13,1710,1,2,1,1.0,5.0,73011,M,4567645.0,639404.0,73
201100040481,11,11,24,1735,5,2,1,1.0,6.0,73011,M,4567032.0,638519.0,73
201100040482,11,12,7,733,5,2,1,3.0,7.0,73011,M,4567677.0,639348.0,73
201100040483,11,1,13,1110,1,2,3,1.0,3.0,73029,M,,,73
201100040484,11,1,15,1630,1,1,1,1.0,6.0,73222,M,,,73
201100040485,11,2,9,1925,4,2,2,1.0,6.0,73029,M,,,73
201100040486,11,2,18,1340,1,2,5,1.0,6.0,73065,M,,,73
201100040487,11,2,15,2115,4,2,2,1.0,3.0,73029,M,4556953.0,594502.0,73
201100040488,11,3,13,1610,1,2,1,1.0,6.0,73065,M,,,73
201100040489,11,4,17,1655,1,2,3,1.0,3.0,73065,M,4556761.0,593770.0,73
201100040490,11,4,6,1500,1,2,1,1.0,3.0,73065,M,4557629.0,588802.0,73
201100040491,11,4,28,1300,1,2,2,1.0,2.0,73031,M,4557144.0,594096.0,73
201100040492,11,5,6,1000,1,2,6,1.0,6.0,73065,M,4557055.0,591754.0,73
201100040493,11,5,18,1610,1,2,3,1.0,3.0,73065,M,4556641.0,593696.0,73
201100040494,11,5,26,1120,1,2,6,1.0,3.0,73065,M,4556367.0,590334.0,73
201100040495,11,5,25,805,1,2,6,1.0,6.0,73065,M,4557260.0,591051.0,73
201100040496,11,6,3,1550,1,2,3,1.0,6.0,73029,M,4556955.0,594507.0,73
201100040497,11,6,14,900,1,1,4,1.0,2.0,73065,M,4559086.0,589870.0,73
201100040498,11,6,10,850,1,2,2,1.0,3.0,73031,M,4557144.0,594094.0,73
201100040499,11,6,28,2230,5,2,2,1.0,3.0,73065,M,4557011.0,593534.0,73
201100040500,11,6,10,928,1,2,1,1.0,6.0,73065,M,4556259.0,591079.0,73
201100040501,11,7,11,1740,1,1,1,1.0,6.0,73065,M,4558816.0,590607.0,73
201100040502,11,7,15,1500,1,2,1,1.0,3.0,73065,M,4560403.0,589253.0,73
201100040503,11,7,15,1500,1,2,2,1.0,3.0,73087,M,4556253.0,589974.0,73
201100040504,11,7,28,1850,1,2,1,1.0,1.0,73065,M,4558399.0,590090.0,73
201100040505,11,8,1,1735,1,2,1,1.0,3.0,73065,M,4557007.0,592019.0,73
201100040506,11,8,2,545,3,2,1,1.0,6.0,73065,M,4559223.0,590253.0,73
201100040507,11,12,5,455,1,2,2,1.0,3.0,73029,M,4556817.0,594044.0,73
201100040508,11,9,21,1825,1,2,2,1.0,3.0,73065,M,4557103.0,590903.0,73
201100040509,11,10,3,735,1,2,3,5.0,7.0,73065,M,,,73
201100040510,11,10,20,1110,1,2,5,1.0,6.0,73065,M,4556868.0,592147.0,73
201100040511,11,11,15,1420,1,2,1,1.0,3.0,73065,M,4556901.0,591902.0,73
201100040512,11,12,13,1000,1,2,1,1.0,6.0,73065,M,4556884.0,592154.0,73
201100040513,11,12,18,2015,5,2,1,1.0,1.0,73065,M,4557494.0,588845.0,73
201100040514,11,12,16,1700,5,2,1,3.0,6.0,73065,M,4556837.0,591358.0,73
201100040515,11,12,29,1540,1,2,1,1.0,6.0,73065,M,4557572.0,591576.0,73
201100040516,11,1,25,1050,1,2,1,1.0,6.0,74010,M,,,74
201100040517,11,2,4,2305,5,2,2,1.0,6.0,74093,M,,,74
201100040518,11,2,8,1005,1,2,3,1.0,6.0,74010,M,,,74
201100040519,11,2,13,1035,1,2,1,1.0,6.0,74093,M,,,74
201100040520,11,4,9,1725,1,2,1,1.0,6.0,74010,M,,,74
201100040521,11,4,10,2215,5,2,1,1.0,6.0,74010,M,,,74
201100040522,11,4,19,1715,1,2,1,1.0,3.0,74010,M,,,74
201100040523,11,4,21,1425,1,2,6,1.0,6.0,74010,M,,,74
201100040524,11,5,4,2225,5,2,1,1.0,6.0,74010,M,,,74
201100040525,11,5,19,1845,1,2,1,1.0,6.0,74010,M,,,74
201100040526,11,5,21,435,5,2,2,1.0,6.0,74010,M,,,74
201100040527,11,6,6,1845,1,2,2,1.0,6.0,74010,M,,,74
201100040528,11,6,6,1615,1,2,6,1.0,6.0,74010,M,,,74
201100040529,11,6,14,2010,1,2,6,1.0,6.0,74010,M,,,74
201100040530,11,6,17,1705,1,2,2,1.0,6.0,74010,M,,,74
201100040531,11,6,25,215,5,2,1,1.0,6.0,74093,M,,,74
201100040532,11,6,24,1440,1,2,1,1.0,6.0,74010,M,,,74
201100040533,11,6,26,140,5,2,2,1.0,3.0,74010,M,,,74
201100040534,11,7,1,105,4,2,1,1.0,7.0,74093,M,,,74
201100040535,11,7,2,2110,1,2,2,2.0,6.0,74093,M,,,74
201100040536,11,7,24,2255,5,2,1,1.0,1.0,74010,M,,,74
201100040537,11,8,6,125,5,2,1,1.0,6.0,74010,M,,,74
201100040538,11,8,7,2015,2,2,2,1.0,2.0,74010,M,,,74
201100040539,11,8,19,2155,5,2,1,1.0,6.0,74010,M,,,74
201100040540,11,9,7,1320,1,2,6,1.0,6.0,74093,M,,,74
201100040541,11,9,10,1545,1,2,3,1.0,6.0,74010,M,,,74
201100040542,11,10,1,455,3,2,2,1.0,6.0,74010,M,,,74
201100040543,11,10,7,930,1,2,1,8.0,6.0,74010,M,,,74
201100040544,11,10,17,710,2,2,3,1.0,6.0,74010,M,,,74
201100040545,11,10,28,1435,1,1,1,1.0,3.0,74093,M,,,74
201100040546,11,11,17,1535,1,2,1,1.0,6.0,74093,M,,,74
201100040547,11,11,30,730,2,2,1,1.0,6.0,74010,M,,,74
201100040548,11,11,29,1810,2,2,3,1.0,6.0,74010,M,,,74
201100040549,11,12,12,1805,2,2,2,8.0,6.0,74010,M,,,74
201100040550,11,12,23,1505,1,2,2,1.0,3.0,74010,M,,,74
201100040551,11,1,22,2105,5,2,3,1.0,1.0,74012,M,,,74
201100040552,11,3,6,1655,1,2,1,1.0,7.0,74133,M,,,74
201100040553,11,4,22,1500,1,2,1,1.0,3.0,74012,M,,,74
201100040554,11,5,4,1000,1,2,3,1.0,1.0,74012,M,,,74
201100040555,11,6,13,1845,1,2,3,1.0,3.0,74133,M,,,74
201100040556,11,6,10,1200,1,2,3,1.0,3.0,74012,M,,,74
201100040557,11,6,17,2105,3,2,1,2.0,3.0,74118,M,,,74
201100040558,11,7,28,1215,1,2,1,1.0,6.0,74008,M,,,74
201100040559,11,8,13,2115,1,2,1,1.0,6.0,74305,M,,,74
201100040560,11,9,27,830,1,2,1,1.0,3.0,74118,M,,,74
201100040561,11,9,22,5,5,2,2,1.0,6.0,74133,M,,,74
201100040562,11,9,24,1220,1,2,6,1.0,2.0,74012,M,,,74
201100040563,11,10,7,1820,1,2,3,1.0,3.0,74118,M,,,74
201100040564,11,10,18,1730,1,2,1,1.0,6.0,74008,M,,,74
201100040565,11,10,26,715,5,2,2,1.0,6.0,74305,M,,,74
201100040566,11,10,6,1200,1,2,3,1.0,3.0,74008,M,,,74
201100040567,11,11,12,325,5,2,1,1.0,3.0,74298,M,,,74
201100040568,11,1,7,2015,5,2,3,1.0,2.0,74281,M,,,74
201100040569,11,1,20,1808,4,2,1,1.0,6.0,74281,M,,,74
201100040570,11,3,27,1325,1,2,6,1.0,3.0,74281,M,,,74
201100040571,11,3,17,1030,1,2,1,1.0,6.0,74119,M,,,74
201100040572,11,4,2,1700,1,1,3,1.0,3.0,74281,M,,,74
201100040573,11,4,1,1710,1,2,1,1.0,6.0,74281,M,,,74
201100040574,11,5,11,1738,1,2,1,2.0,1.0,74281,M,,,74
201100040575,11,5,16,1910,1,2,3,1.0,3.0,74281,M,,,74
201100040576,11,4,26,1615,1,2,1,1.0,6.0,74281,M,,,74
201100040577,11,5,14,2035,2,2,1,2.0,6.0,74281,M,,,74
201100040578,11,5,27,1520,1,2,1,9.0,6.0,74281,M,,,74
201100040579,11,4,17,1111,1,2,2,1.0,3.0,74281,M,,,74
201100040580,11,4,19,1255,1,2,1,1.0,6.0,74119,M,,,74