Num_Acc,an,mois,jour,hrmn,lum,agg,int,atm,col,com,gps,lat,long,dep
201100040581,11,6,30,2015,1,2,1,1.0,6.0,74119,M,,,74
201100040582,11,8,3,930,1,2,1,1.0,4.0,74281,M,,,74
201100040583,11,8,20,1851,1,2,1,1.0,6.0,74281,M,,,74
201100040584,11,7,2,1125,1,2,1,1.0,6.0,74119,M,,,74
201100040585,11,7,3,8,5,2,3,1.0,1.0,74281,M,,,74
201100040586,11,7,27,930,1,2,3,1.0,1.0,74119,M,,,74
201100040587,11,9,28,1010,1,2,1,1.0,7.0,74119,M,,,74
201100040588,11,9,26,810,1,2,1,1.0,6.0,74281,M,,,74
201100040589,11,10,5,1520,1,2,1,1.0,3.0,74218,M,,,74
201100040590,11,10,6,650,2,2,1,1.0,3.0,74281,M,,,74
201100040591,11,10,6,755,2,2,1,1.0,3.0,74119,M,,,74
201100040592,11,10,11,1610,1,2,1,7.0,3.0,74281,M,,,74
201100040593,11,10,21,815,1,2,1,1.0,2.0,74119,M,,,74
201100040594,11,11,4,950,1,2,1,2.0,2.0,74281,M,,,74
201100040595,11,11,9,1710,1,2,1,1.0,6.0,74281,M,,,74
201100040596,11,11,13,130,3,2,1,1.0,7.0,74281,M,,,74
201100040597,11,11,27,955,1,2,1,1.0,6.0,74218,M,,,74
201100040598,11,12,7,2005,5,2,1,1.0,6.0,74281,M,,,74
201100040599,11,12,8,650,4,2,1,1.0,6.0,74281,M,,,74
201100040600,11,12,23,1722,1,2,1,1.0,6.0,74281,M,,,74
201100040601,11,12,28,1915,5,2,6,2.0,1.0,74281,M,,,74
201100040602,11,4,7,225,5,1,1,1.0,6.0,76329,M,4954440.0,49796.0,76
201100040603,11,4,8,1850,1,2,1,1.0,6.0,76384,M,4952330.0,54301.0,76
201100040604,11,6,22,1600,1,1,2,1.0,2.0,76114,M,4956950.0,49048.0,76
201100040605,11,7,4,1705,1,1,1,1.0,2.0,76384,M,4951010.0,53525.0,76
201100040606,11,7,31,630,1,2,1,1.0,6.0,76384,M,4952260.0,54838.0,76
201100040607,11,11,28,715,5,2,1,5.0,6.0,76329,M,4955495.0,48614.0,76
201100040608,11,1,3,1800,5,2,1,1.0,4.0,76217,M,4991420.0,109229.0,76
201100040609,11,1,7,1925,5,2,1,1.0,2.0,76217,M,4991330.0,108167.0,76
201100040610,11,1,16,1545,1,2,3,1.0,3.0,76217,M,4992410.0,110555.0,76
201100040611,11,1,22,1525,1,1,1,2.0,3.0,76565,M,4988330.0,108957.0,76
201100040612,11,1,25,2000,5,2,1,2.0,7.0,76217,M,4992670.0,109756.0,76
201100040613,11,1,29,130,5,2,1,1.0,7.0,76217,M,4991690.0,107079.0,76
201100040614,11,1,31,1730,2,2,1,1.0,6.0,76545,M,4989370.0,111500.0,76
201100040615,11,2,6,250,3,1,4,1.0,7.0,76414,M,4990070.0,114137.0,76
201100040616,11,2,14,1045,1,1,1,1.0,1.0,76565,M,4988800.0,108473.0,76
201100040617,11,2,27,1315,1,1,1,1.0,7.0,76565,M,4987460.0,106873.0,76
201100040618,11,3,9,1545,1,2,1,1.0,3.0,76217,M,4992700.0,108265.0,76
201100040619,11,3,19,110,5,2,1,1.0,7.0,76217,M,4991680.0,106518.0,76
201100040620,11,3,19,1710,1,1,1,1.0,3.0,76217,M,4991900.0,110570.0,76
201100040621,11,3,22,930,1,2,1,1.0,7.0,76217,M,4992290.0,107431.0,76
201100040622,11,3,28,1840,1,2,1,1.0,2.0,76217,M,4992940.0,107707.0,76
201100040623,11,3,29,1510,1,2,1,1.0,6.0,76217,M,4993130.0,109459.0,76
201100040624,11,4,2,1130,1,1,1,1.0,4.0,76707,M,4986250.0,111078.0,76
201100040625,11,4,2,1325,1,1,1,1.0,5.0,76545,M,4991110.0,109818.0,76
201100040626,11,4,3,1730,1,2,3,1.0,3.0,76217,M,4992400.0,110586.0,76
201100040627,11,4,4,2025,2,2,1,1.0,1.0,76349,M,4990010.0,105251.0,76
201100040628,11,4,7,1705,1,2,1,1.0,3.0,76217,M,4992860.0,108153.0,76
201100040629,11,4,14,1235,1,2,1,1.0,3.0,76217,M,4992930.0,107719.0,76
201100040630,11,4,21,1650,1,2,1,1.0,7.0,76217,M,4992920.0,109472.0,76
201100040631,11,4,22,1800,1,1,1,1.0,2.0,76545,M,4990510.0,111022.0,76
201100040632,11,4,27,715,1,1,1,1.0,2.0,76217,M,4992260.0,111389.0,76
201100040633,11,4,27,1815,1,1,1,1.0,2.0,76707,M,4985520.0,107272.0,76
201100040634,11,4,29,1905,1,1,1,1.0,1.0,76026,M,4987840.0,112242.0,76
201100040635,11,5,2,1725,1,2,3,1.0,3.0,76217,M,4992130.0,105576.0,76
201100040636,11,5,3,1435,1,2,1,1.0,7.0,76217,M,4991260.0,107080.0,76
201100040637,11,5,10,750,1,2,1,1.0,3.0,76545,M,4990450.0,111176.0,76
201100040638,11,5,18,1020,1,2,1,1.0,1.0,76565,M,4990070.0,106796.0,76
201100040639,11,5,18,2320,5,2,1,1.0,7.0,76217,M,4990980.0,107668.0,76
201100040640,11,5,19,1120,1,2,1,1.0,7.0,76217,M,4990590.0,108038.0,76
201100040641,11,5,20,740,1,1,1,1.0,3.0,76414,M,4992060.0,112538.0,76
201100040642,11,5,20,750,1,1,1,1.0,6.0,76565,M,4987160.0,108542.0,76
201100040643,11,5,27,1445,1,2,1,1.0,6.0,76217,M,4992640.0,108300.0,76
201100040644,11,5,30,1300,1,2,3,1.0,3.0,76217,M,4990500.0,107641.0,76
201100040645,11,6,4,445,5,2,1,1.0,2.0,76217,M,4993080.0,108241.0,76
201100040646,11,6,4,2010,1,1,1,1.0,7.0,76545,M,4991110.0,109829.0,76
201100040647,11,6,16,1005,1,1,1,1.0,2.0,76707,M,4989190.0,108080.0,76
201100040648,11,6,20,728,1,2,1,2.0,3.0,76217,M,4992340.0,111178.0,76
201100040649,11,6,20,1645,1,2,1,2.0,7.0,76217,M,4991090.0,107566.0,76
201100040650,11,6,23,1220,1,2,1,2.0,3.0,76217,M,4991450.0,109265.0,76
201100040651,11,6,28,1225,1,1,1,1.0,3.0,76349,M,4990370.0,105491.0,76
201100040652,11,7,1,635,1,1,3,1.0,3.0,76565,M,4988440.0,108845.0,76
201100040653,11,7,2,1505,1,1,1,1.0,4.0,76565,M,4989270.0,107997.0,76
201100040654,11,7,6,1020,1,2,1,1.0,3.0,76217,M,4990940.0,107694.0,76
201100040655,11,7,7,1220,1,2,1,1.0,7.0,76414,M,4991190.0,110311.0,76
201100040656,11,7,9,50,5,2,1,1.0,2.0,76217,M,4992570.0,107997.0,76
201100040657,11,7,9,2120,1,2,1,1.0,7.0,76414,M,4991030.0,110599.0,76
201100040658,11,7,15,2000,1,1,1,1.0,7.0,76349,M,4991770.0,104336.0,76
201100040659,11,7,17,925,1,1,1,2.0,7.0,76565,M,4988450.0,108833.0,76
201100040660,11,7,17,1010,1,1,1,3.0,7.0,76349,M,4991670.0,104135.0,76
201100040661,11,7,20,1550,1,2,1,3.0,7.0,76565,M,4990060.0,107602.0,76
201100040662,11,7,20,2105,1,2,1,2.0,7.0,76545,M,4990440.0,109275.0,76
201100040663,11,7,23,1540,1,2,1,1.0,3.0,76217,M,4991140.0,107838.0,76
201100040664,11,7,27,1715,1,2,1,1.0,6.0,76217,M,4992480.0,107535.0,76
201100040665,11,7,30,1915,1,1,1,1.0,2.0,76349,M,4988750.0,101186.0,76
201100040666,11,8,5,1535,1,2,1,1.0,2.0,76217,M,4992347.0,107570.0,76
201100040667,11,8,5,2050,1,2,1,1.0,6.0,76217,M,4992533.0,110063.0,76
201100040668,11,8,9,935,1,2,1,1.0,2.0,76545,M,4990024.0,110231.0,76
201100040669,11,8,12,1355,1,2,1,1.0,7.0,76217,M,4992329.0,108407.0,76
201100040670,11,8,9,1135,1,2,1,1.0,2.0,76217,M,4992611.0,107990.0,76
201100040671,11,8,12,1355,1,2,1,1.0,6.0,76217,M,4992840.0,107838.0,76
201100040672,11,8,21,1115,1,1,1,1.0,7.0,76565,M,4988744.0,108550.0,76
201100040673,11,8,23,1435,1,2,1,1.0,3.0,76217,M,4990767.0,106324.0,76
201100040674,11,8,26,1315,1,2,1,2.0,1.0,76545,M,4988972.0,108897.0,76
201100040675,11,9,1,1025,1,1,1,1.0,6.0,76217,M,4991272.0,110569.0,76
201100040676,11,9,7,1000,1,1,1,1.0,1.0,76026,M,4988332.0,112059.0,76
201100040677,11,9,9,1635,1,2,1,1.0,7.0,76217,M,4992368.0,106386.0,76
201100040678,11,9,9,1800,1,2,1,1.0,2.0,76217,M,4990896.0,107267.0,76
201100040679,11,9,14,1335,1,1,1,1.0,7.0,76026,M,4987314.0,110135.0,76
201100040680,11,9,20,1835,1,2,1,1.0,3.0,76217,M,4990520.0,107745.0,76
201100040681,11,10,6,1835,1,1,1,1.0,3.0,76217,M,4992499.0,111550.0,76
201100040682,11,10,7,1145,1,1,1,1.0,2.0,76545,M,4990213.0,111796.0,76
201100040683,11,10,7,1835,1,2,1,1.0,2.0,76217,M,4991045.0,108200.0,76
201100040684,11,10,15,1610,1,2,1,1.0,6.0,76217,M,4992286.0,107210.0,76
201100040685,11,10,21,1950,5,2,1,1.0,1.0,76217,M,4992504.0,110173.0,76
201100040686,11,10,26,1910,5,2,1,2.0,7.0,76217,M,4992283.0,108329.0,76
201100040687,11,11,12,1835,5,2,4,1.0,1.0,76349,M,4990272.0,101693.0,76
201100040688,11,11,26,1145,1,2,2,1.0,3.0,76217,M,4991528.0,109407.0,76
201100040689,11,12,10,1200,1,1,3,2.0,3.0,76324,M,4991802.0,114206.0,76
201100040690,11,12,10,1535,1,1,1,8.0,4.0,76565,M,4989403.0,107887.0,76
201100040691,11,12,21,105,5,2,1,2.0,7.0,76217,M,4993644.0,111626.0,76
201100040692,11,2,19,1630,1,1,1,2.0,7.0,76178,M,4932040.0,102833.0,76
201100040693,11,3,11,655,1,2,1,1.0,6.0,76231,M,4928620.0,100869.0,76
201100040694,11,3,23,1755,1,2,1,1.0,7.0,76561,M,4930190.0,102485.0,76
201100040695,11,3,24,940,1,2,1,1.0,6.0,76640,M,4929010.0,104033.0,76
201100040696,11,3,18,2200,5,2,1,8.0,3.0,76231,M,4929310.0,101021.0,76
201100040697,11,3,18,2115,5,2,1,1.0,7.0,76231,M,4929130.0,100581.0,76
201100040698,11,5,7,1420,1,2,1,1.0,6.0,76705,M,4932770.0,109509.0,76
201100040699,11,5,14,1315,1,1,1,1.0,3.0,76231,M,4928700.0,98636.0,76
201100040700,11,5,22,730,1,1,1,1.0,7.0,76231,M,4928700.0,98621.0,76
201100040701,11,7,28,2240,4,2,1,1.0,6.0,76640,M,4927800.0,103782.0,76
201100040702,11,9,9,515,5,2,1,2.0,1.0,76561,M,4929480.0,101065.0,76
201100040703,11,9,9,2205,3,2,1,1.0,6.0,76705,M,4931910.0,107339.0,76
201100040704,11,10,1,15,5,2,1,1.0,7.0,76231,M,4928870.0,99479.0,76
201100040705,11,5,28,2350,5,2,3,1.0,3.0,76178,M,4930830.0,103525.0,76
201100040706,11,10,9,2335,5,2,1,1.0,7.0,76391,M,4929950.0,95754.0,76
201100040707,11,10,3,1735,1,2,1,1.0,6.0,76165,M,4927960.0,102089.0,76
201100040708,11,10,28,1515,1,1,1,1.0,7.0,76391,M,4933970.0,93988.0,76
201100040709,11,11,6,30,5,2,5,2.0,3.0,76165,M,4928260.0,101750.0,76
201100040710,11,11,3,1330,1,2,1,1.0,6.0,76231,M,4928020.0,100806.0,76
201100040711,11,5,12,1110,1,2,1,1.0,3.0,76705,M,4932560.0,109829.0,76
201100040712,11,9,28,1600,1,2,1,1.0,2.0,76640,M,4929090.0,104542.0,76
201100040713,11,9,24,1825,1,2,2,1.0,3.0,76231,M,4928970.0,100956.0,76
201100040714,11,3,24,1830,1,2,1,1.0,3.0,76561,M,4930690.0,103929.0,76
201100040715,11,7,28,1605,1,2,1,1.0,6.0,76178,M,4930610.0,102594.0,76
201100040716,11,11,27,320,5,2,1,1.0,7.0,76231,M,4927660.0,100179.0,76
201100040717,11,10,26,2200,5,2,9,1.0,3.0,76561,M,4930660.0,102099.0,76
201100040718,11,10,25,1745,1,2,1,1.0,6.0,76705,M,4932720.0,109733.0,76
201100040719,11,5,25,1550,1,2,1,1.0,6.0,76165,M,4928340.0,101939.0,76
201100040720,11,6,13,1630,1,2,1,1.0,6.0,76391,M,4930680.0,95650.0,76
201100040721,11,3,24,1530,1,2,3,1.0,3.0,76165,M,4927560.0,103434.0,76
201100040722,11,12,3,1525,1,1,1,2.0,5.0,76486,M,4931570.0,98622.0,76
201100040723,11,6,7,1845,1,2,1,1.0,6.0,76231,M,4928800.0,100743.0,76
201100040724,11,1,3,1130,1,2,1,8.0,7.0,76259,M,4975720.0,39151.0,76
201100040725,11,3,11,1620,1,1,3,1.0,3.0,76600,M,4974560.0,37216.0,76
201100040726,11,3,23,925,1,2,4,1.0,6.0,76259,M,4975850.0,37584.0,76
201100040727,11,6,11,2150,2,2,3,1.0,3.0,76259,M,4975690.0,36270.0,76
201100040728,11,8,15,1915,1,1,1,1.0,1.0,76259,M,4976376.0,40454.0,76
201100040729,11,10,4,1750,1,2,9,1.0,6.0,76259,M,4975582.0,37827.0,76
201100040730,11,10,10,1849,1,2,1,8.0,6.0,76259,M,4974551.0,38519.0,76
201100040731,11,10,25,2055,3,1,1,1.0,6.0,76259,M,4972670.0,37878.0,76
201100040732,11,9,25,1600,1,2,2,1.0,3.0,76259,M,4975467.0,37196.0,76
201100040733,11,1,3,755,5,2,2,1.0,7.0,76351,M,4950480.0,17310.0,76
201100040734,11,1,4,730,3,2,1,2.0,7.0,76341,M,4951490.0,19777.0,76
201100040735,11,1,5,1400,1,2,2,1.0,2.0,76296,M,4951760.0,25066.0,76
201100040736,11,1,5,1645,1,1,3,1.0,6.0,76305,M,4948400.0,22380.0,76
201100040737,11,1,5,1830,3,1,1,2.0,6.0,76296,M,4951880.0,27261.0,76
201100040738,11,1,8,550,5,1,1,1.0,7.0,76481,M,4955970.0,11460.0,76
201100040739,11,1,9,1650,1,1,2,1.0,2.0,76341,M,4950850.0,19663.0,76
201100040740,11,1,11,1820,5,2,2,1.0,7.0,76351,M,4951370.0,12987.0,76
201100040741,11,1,13,1745,5,2,1,2.0,3.0,76351,M,4951920.0,15830.0,76
201100040742,11,1,14,1720,2,2,1,2.0,6.0,76351,M,4949120.0,10567.0,76
201100040743,11,1,15,250,5,2,1,1.0,6.0,76351,M,4949240.0,16724.0,76
201100040744,11,1,15,1540,1,2,2,1.0,6.0,76351,M,4949580.0,11885.0,76
201100040745,11,1,17,745,2,1,6,3.0,3.0,76341,M,4950450.0,19544.0,76
201100040746,11,1,17,820,2,2,2,2.0,6.0,76351,M,4948850.0,15005.0,76
201100040747,11,1,22,1700,1,1,1,2.0,6.0,76305,M,4952230.0,21950.0,76
201100040748,11,1,23,1530,1,2,1,2.0,6.0,76351,M,4949570.0,12630.0,76
201100040749,11,1,24,1355,1,2,1,1.0,6.0,76351,M,4950340.0,13244.0,76
201100040750,11,1,25,1800,5,2,1,1.0,6.0,76351,M,4951760.0,11787.0,76
201100040751,11,1,27,1840,5,2,3,1.0,3.0,76351,M,4951220.0,15650.0,76
201100040752,11,1,28,1355,1,2,3,1.0,6.0,76351,M,4949090.0,14113.0,76
201100040753,11,1,28,2250,5,2,2,1.0,2.0,76351,M,4949730.0,13103.0,76
201100040754,11,1,29,125,5,2,2,1.0,2.0,76351,M,4949730.0,13103.0,76
201100040755,11,1,31,820,1,2,3,1.0,6.0,76351,M,4949810.0,12056.0,76
201100040756,11,1,31,1600,1,1,1,1.0,6.0,76351,M,4948070.0,17678.0,76
201100040757,11,2,2,1115,1,2,1,1.0,1.0,76351,M,4949870.0,13745.0,76
201100040758,11,2,2,2320,5,2,2,2.0,6.0,76351,M,4948990.0,10752.0,76
201100040759,11,2,3,1850,5,1,2,1.0,6.0,76351,M,4952590.0,9674.0,76
201100040760,11,2,4,1820,3,1,1,1.0,7.0,76447,M,4953250.0,18668.0,76
201100040761,11,2,12,135,5,1,1,1.0,5.0,76305,M,4948670.0,20829.0,76
201100040762,11,2,14,1010,1,2,1,1.0,3.0,76351,M,4949670.0,9311.0,76
201100040763,11,2,15,755,5,2,1,1.0,7.0,76341,M,4950440.0,20071.0,76
201100040764,11,2,15,1150,1,2,1,1.0,6.0,76481,M,4955520.0,11635.0,76
201100040765,11,2,15,1835,5,2,1,2.0,6.0,76351,M,4949880.0,11626.0,76
201100040766,11,2,18,1240,1,2,6,1.0,7.0,76351,M,4950880.0,13676.0,76
201100040767,11,2,20,530,5,2,1,1.0,6.0,76351,M,4951470.0,15369.0,76
201100040768,11,2,20,750,1,1,4,1.0,7.0,76447,M,4952410.0,18295.0,76
201100040769,11,2,21,1430,1,2,2,1.0,3.0,76351,M,4948770.0,18400.0,76
201100040770,11,2,22,1745,1,2,2,1.0,3.0,76351,M,4950440.0,14826.0,76
201100040771,11,2,22,2015,5,2,2,1.0,6.0,76351,M,4948650.0,14058.0,76
201100040772,11,2,23,2015,5,2,2,2.0,3.0,76351,M,4950140.0,14968.0,76
201100040773,11,2,25,1955,1,2,2,1.0,2.0,76351,M,4948950.0,10747.0,76
201100040774,11,2,26,1630,1,2,5,1.0,3.0,76351,M,4948460.0,13125.0,76
201100040775,11,2,27,230,5,2,1,1.0,7.0,76351,M,4949410.0,13767.0,76
201100040776,11,2,27,1545,1,2,2,1.0,7.0,76351,M,4951110.0,12845.0,76
201100040777,11,2,27,1745,1,2,2,2.0,3.0,76351,M,4949430.0,13841.0,76
201100040778,11,3,1,215,5,2,1,1.0,7.0,76351,M,4948980.0,11897.0,76
201100040779,11,3,2,45,5,2,1,1.0,6.0,76351,M,4948540.0,14966.0,76
201100040780,11,3,2,1840,1,2,2,1.0,3.0,76351,M,4949260.0,14836.0,76
201100040781,11,3,4,2005,5,2,2,1.0,3.0,76351,M,4950160.0,17223.0,76
201100040782,11,3,8,1200,1,2,1,1.0,6.0,76351,M,4949970.0,15701.0,76
201100040783,11,3,9,750,1,2,2,1.0,7.0,76351,M,4949310.0,12007.0,76
201100040784,11,3,10,1200,1,2,3,1.0,6.0,76447,M,4954550.0,19176.0,76
201100040785,11,3,15,1255,1,2,1,1.0,6.0,76351,M,4949520.0,10311.0,76
201100040786,11,3,17,800,1,2,2,1.0,3.0,76351,M,4949750.0,12556.0,76
201100040787,11,3,21,750,1,2,6,1.0,7.0,76351,M,4950180.0,16234.0,76
201100040788,11,3,21,1710,1,2,1,1.0,6.0,76305,M,4948770.0,20173.0,76
201100040789,11,3,22,1700,1,2,2,1.0,7.0,76351,M,4950000.0,14575.0,76
201100040790,11,3,26,1205,1,2,3,1.0,3.0,76351,M,4949960.0,13070.0,76
201100040791,11,3,28,1020,1,2,3,1.0,7.0,76351,M,4949960.0,13589.0,76
201100040792,11,3,28,1910,1,2,1,1.0,6.0,76341,M,4950880.0,20131.0,76
201100040793,11,3,29,2120,1,2,1,1.0,6.0,76351,M,4949780.0,11435.0,76
201100040794,11,4,1,1500,1,2,1,1.0,6.0,76341,M,4951450.0,19600.0,76
201100040795,11,4,2,555,2,1,1,1.0,7.0,76341,M,4951040.0,19865.0,76
201100040796,11,4,3,2110,5,1,1,1.0,6.0,76341,M,4951120.0,19815.0,76
201100040797,11,4,5,1650,1,2,3,1.0,3.0,76447,M,4953450.0,18082.0,76
201100040798,11,4,7,1820,1,2,1,1.0,4.0,76351,M,4949360.0,10093.0,76
201100040799,11,4,9,500,5,2,1,1.0,6.0,76351,M,4949250.0,13883.0,76
201100040800,11,4,10,1410,1,2,1,1.0,2.0,76270,M,4953290.0,14030.0,76
201100040801,11,4,10,1625,1,2,2,1.0,3.0,76351,M,4951040.0,9284.0,76
201100040802,11,4,13,1755,1,2,3,1.0,3.0,76447,M,4952920.0,18174.0,76
201100040803,11,4,18,1005,1,2,1,1.0,3.0,76351,M,4950970.0,15123.0,76
201100040804,11,4,21,1200,1,2,1,1.0,2.0,76351,M,4948780.0,11092.0,76
201100040805,11,4,24,1630,1,2,3,1.0,3.0,76447,M,4955020.0,20059.0,76
201100040806,11,4,25,1730,1,2,1,1.0,6.0,76351,M,4951240.0,15035.0,76
201100040807,11,4,29,2350,5,2,1,1.0,3.0,76552,M,4950870.0,8433.0,76
201100040808,11,4,30,745,1,1,4,1.0,6.0,76341,M,4950850.0,19663.0,76
201100040809,11,5,3,2200,5,2,3,1.0,3.0,76351,M,4950950.0,9158.0,76
201100040810,11,5,7,110,5,2,2,1.0,3.0,76351,M,4949380.0,11156.0,76
201100040811,11,5,7,1620,1,2,1,1.0,6.0,76351,M,4951620.0,16892.0,76
201100040812,11,5,8,635,2,2,1,1.0,6.0,76481,M,4954720.0,10958.0,76
201100040813,11,5,9,1330,1,2,1,1.0,6.0,76351,M,4949970.0,14452.0,76
201100040814,11,5,9,1800,1,1,1,1.0,7.0,76351,M,4950300.0,13213.0,76
201100040815,11,5,10,1315,1,1,1,1.0,6.0,76351,M,4948920.0,18275.0,76
201100040816,11,5,15,145,5,2,1,1.0,3.0,76351,M,4950100.0,8838.0,76
201100040817,11,5,15,1745,1,2,2,1.0,3.0,76351,M,4951920.0,11971.0,76
201100040818,11,5,18,230,5,1,1,1.0,6.0,76305,M,4949480.0,19402.0,76
201100040819,11,5,20,1645,1,2,3,1.0,6.0,76351,M,4951310.0,12537.0,76
201100040820,11,5,21,215,5,2,1,1.0,2.0,76351,M,4949970.0,16502.0,76
201100040821,11,5,21,1440,1,2,1,1.0,2.0,76351,M,4949420.0,13793.0,76
201100040822,11,5,22,2055,1,2,1,1.0,6.0,76351,M,4949860.0,9111.0,76
201100040823,11,5,23,1720,1,2,1,1.0,1.0,76341,M,4950370.0,19410.0,76
201100040824,11,5,24,2015,1,2,3,1.0,6.0,76351,M,4951060.0,9046.0,76
201100040825,11,5,27,1025,1,2,1,1.0,6.0,76351,M,4948650.0,11121.0,76
201100040826,11,5,27,1745,1,2,3,1.0,6.0,76351,M,4950330.0,15721.0,76
201100040827,11,5,31,1715,1,2,2,1.0,3.0,76351,M,4952230.0,10480.0,76
201100040828,11,6,1,1540,1,2,2,1.0,3.0,76481,M,4955460.0,11474.0,76
201100040829,11,6,8,1335,1,2,2,1.0,6.0,76351,M,4949830.0,14636.0,76
201100040830,11,6,12,1645,1,2,1,2.0,6.0,76351,M,4948980.0,11187.0,76
201100040831,11,6,15,1520,1,2,1,1.0,6.0,76351,M,4949220.0,12360.0,76
201100040832,11,6,17,2040,1,1,1,2.0,6.0,76552,M,4950840.0,8401.0,76
201100040833,11,6,17,2030,1,1,1,2.0,7.0,76351,M,4952370.0,16711.0,76
201100040834,11,6,21,1815,1,2,2,1.0,6.0,76351,M,4949530.0,10092.0,76
201100040835,11,6,22,845,1,2,1,2.0,7.0,76351,M,4952210.0,10518.0,76
201100040836,11,6,23,755,1,2,1,1.0,6.0,76351,M,4949090.0,13327.0,76
201100040837,11,6,24,2315,5,2,1,1.0,7.0,76351,M,4949770.0,13864.0,76
201100040838,11,6,27,1540,1,2,2,1.0,4.0,76351,M,4951290.0,12476.0,76
201100040839,11,6,29,1725,1,2,1,1.0,6.0,76351,M,4951690.0,16883.0,76
201100040840,11,6,30,835,1,2,5,1.0,6.0,76351,M,4949630.0,9961.0,76
201100040841,11,6,30,1645,1,2,2,1.0,3.0,76305,M,4950770.0,23158.0,76
201100040842,11,7,5,900,1,2,3,1.0,3.0,76351,M,4949840.0,14858.0,76
201100040843,11,7,5,1505,1,2,1,1.0,6.0,76351,M,4950390.0,12744.0,76
201100040844,11,7,7,2020,1,2,1,2.0,7.0,76351,M,4949290.0,10904.0,76
201100040845,11,7,8,1005,1,2,1,1.0,7.0,76351,M,4949230.0,12095.0,76
201100040846,11,7,8,1645,1,2,1,1.0,6.0,76351,M,4949030.0,12701.0,76
201100040847,11,7,8,2240,2,2,1,1.0,2.0,76351,M,4949260.0,13219.0,76
201100040848,11,7,9,230,5,2,2,1.0,3.0,76351,M,4948890.0,10626.0,76
201100040849,11,7,11,815,1,1,1,1.0,7.0,76447,M,4951980.0,19092.0,76
201100040850,11,7,11,1700,1,2,1,1.0,7.0,76351,M,4949130.0,14968.0,76
201100040851,11,7,12,840,2,1,1,1.0,7.0,76341,M,4951690.0,20665.0,76
201100040852,11,7,12,1925,1,2,1,1.0,3.0,76351,M,4951310.0,15157.0,76
201100040853,11,7,14,1750,5,2,1,1.0,7.0,76351,M,4950540.0,13419.0,76
201100040854,11,7,14,2050,1,2,1,1.0,6.0,76552,M,4950700.0,8383.0,76
201100040855,11,7,15,1130,1,2,2,1.0,3.0,76351,M,4948740.0,10586.0,76
201100040856,11,7,19,1615,1,1,1,1.0,6.0,76351,M,4945860.0,19897.0,76
201100040857,11,7,21,1715,1,2,9,1.0,6.0,76351,M,4949380.0,13928.0,76
201100040858,11,7,21,1650,1,2,2,1.0,3.0,76351,M,4950130.0,16984.0,76
201100040859,11,7,22,1800,1,1,1,1.0,7.0,76305,M,4949080.0,18882.0,76
201100040860,11,7,23,615,2,2,1,1.0,6.0,76351,M,4948960.0,14991.0,76
201100040861,11,7,23,1730,1,1,4,1.0,3.0,76341,M,4951250.0,19524.0,76
201100040862,11,7,27,1500,1,2,1,1.0,7.0,76351,M,4949610.0,11002.0,76
201100040863,11,7,27,1835,1,2,2,1.0,6.0,76351,M,4950240.0,17243.0,76
201100040864,11,7,28,1730,1,2,3,1.0,3.0,76351,M,4950030.0,13580.0,76
201100040865,11,7,29,1220,1,2,6,1.0,6.0,76351,M,4948840.0,13483.0,76
201100040866,11,7,29,1115,1,1,1,1.0,6.0,76351,M,4945820.0,20359.0,76
201100040867,11,7,29,2130,1,2,2,1.0,3.0,76351,M,4949180.0,10360.0,76
201100040868,11,7,30,1715,1,2,2,1.0,3.0,76351,M,4949840.0,12551.0,76
201100040869,11,7,31,50,5,2,2,1.0,3.0,76351,M,4948050.0,15847.0,76
201100040870,11,8,1,930,1,2,1,1.0,6.0,76351,M,4950060.0,17112.0,76
201100040871,11,8,1,1930,1,2,1,1.0,6.0,76351,M,4949572.0,11772.0,76
201100040872,11,8,3,1720,1,2,1,1.0,2.0,76351,M,4950158.0,11583.0,76
201100040873,11,8,6,2125,2,2,1,1.0,6.0,76351,M,4949764.0,9219.0,76
201100040874,11,8,8,2015,1,2,1,1.0,6.0,76552,M,4950565.0,8496.0,76
201100040875,11,8,9,820,1,2,6,2.0,3.0,76341,M,4952033.0,20808.0,76
201100040876,11,8,10,754,1,2,4,1.0,6.0,76351,M,4950195.0,8759.0,76
201100040877,11,8,10,1410,1,2,1,1.0,7.0,76447,M,4952820.0,19164.0,76
201100040878,11,8,12,1830,1,2,4,1.0,2.0,76447,M,4953022.0,18134.0,76
201100040879,11,8,14,920,1,2,1,1.0,6.0,76351,M,4950006.0,17238.0,76
201100040880,11,8,16,1610,1,2,1,1.0,2.0,76351,M,4949755.0,11340.0,76