Num_Acc,an,mois,jour,hrmn,lum,agg,int,atm,col,com,gps,lat,long,dep
201100040881,11,8,17,1950,1,2,3,1.0,5.0,76351,M,4950236.0,11820.0,76
201100040882,11,8,19,520,5,2,1,1.0,6.0,76351,M,4950452.0,14344.0,76
201100040883,11,8,19,1750,1,1,1,1.0,2.0,76351,M,4948203.0,15300.0,76
201100040884,11,8,22,1520,1,2,1,2.0,6.0,76351,M,4951809.0,15771.0,76
201100040885,11,8,29,1135,1,2,2,1.0,3.0,76351,M,4950042.0,13780.0,76
201100040886,11,8,30,325,4,1,1,1.0,6.0,76351,M,4950010.0,17555.0,76
201100040887,11,8,31,1425,1,2,2,1.0,7.0,76351,M,4952593.0,9660.0,76
201100040888,11,9,3,1625,1,2,1,1.0,1.0,76351,M,4949662.0,10112.0,76
201100040889,11,9,4,1225,1,2,1,2.0,6.0,76552,M,4950717.0,7404.0,76
201100040890,11,9,5,1400,1,2,2,1.0,6.0,76351,M,4949611.0,12673.0,76
201100040891,11,9,5,1615,1,1,4,1.0,7.0,76341,M,4951016.0,19779.0,76
201100040892,11,9,6,1145,1,2,3,2.0,6.0,76351,M,4950964.0,8844.0,76
201100040893,11,9,9,955,1,2,2,2.0,6.0,76351,M,4949749.0,10915.0,76
201100040894,11,9,10,1530,1,2,3,1.0,6.0,76351,M,4949738.0,13276.0,76
201100040895,11,9,11,1030,1,1,3,2.0,7.0,76296,M,4951511.0,23476.0,76
201100040896,11,9,11,2120,5,2,1,1.0,7.0,76351,M,4949731.0,12796.0,76
201100040897,11,9,13,745,1,2,2,1.0,3.0,76351,M,4947693.0,14162.0,76
201100040898,11,9,15,840,1,2,3,1.0,6.0,76351,M,4950849.0,13756.0,76
201100040899,11,9,15,1305,1,2,1,1.0,6.0,76351,M,4950323.0,10633.0,76
201100040900,11,9,16,20,5,2,2,1.0,6.0,76351,M,4948930.0,10419.0,76
201100040901,11,9,16,1845,2,2,1,1.0,6.0,76305,M,4950691.0,22939.0,76
201100040902,11,9,17,1525,1,2,2,1.0,6.0,76351,M,4949853.0,12292.0,76
201100040903,11,9,18,1110,1,2,1,8.0,7.0,76341,M,4950482.0,19743.0,76
201100040904,11,9,18,1840,1,1,1,2.0,6.0,76305,M,4950016.0,23247.0,76
201100040905,11,9,20,1000,1,1,1,1.0,6.0,76447,M,4952702.0,18511.0,76
201100040906,11,9,23,455,5,2,3,1.0,6.0,76351,M,4949900.0,15294.0,76
201100040907,11,9,26,2015,2,2,2,1.0,3.0,76351,M,4950860.0,15887.0,76
201100040908,11,9,28,600,3,1,1,1.0,7.0,76351,M,4947880.0,18648.0,76
201100040909,11,9,28,1650,1,2,1,1.0,5.0,76447,M,4954392.0,20303.0,76
201100040910,11,9,28,1630,1,2,1,1.0,6.0,76351,M,4952068.0,11039.0,76
201100040911,11,9,29,1625,1,2,2,1.0,6.0,76351,M,4949721.0,11333.0,76
201100040912,11,9,30,1850,1,2,1,1.0,6.0,76351,M,4950017.0,13428.0,76
201100040913,11,10,2,930,1,1,1,1.0,6.0,76305,M,4952283.0,22015.0,76
201100040914,11,10,2,1525,1,2,1,1.0,6.0,76351,M,4951933.0,7708.0,76
201100040915,11,10,3,1335,1,2,1,1.0,2.0,76351,M,4950242.0,17298.0,76
201100040916,11,10,4,800,1,2,1,1.0,7.0,76351,M,4949161.0,10066.0,76
201100040917,11,10,4,945,1,2,3,1.0,6.0,76305,M,4950351.0,20598.0,76
201100040918,11,10,6,1810,1,2,1,8.0,5.0,76351,M,4949866.0,11864.0,76
201100040919,11,10,9,135,5,2,3,2.0,6.0,76351,M,4950061.0,16992.0,76
201100040920,11,10,10,1210,1,1,1,2.0,7.0,76305,M,4949832.0,23159.0,76
201100040921,11,10,10,2300,5,2,1,1.0,6.0,76351,M,4949003.0,10387.0,76
201100040922,11,10,11,715,5,1,1,2.0,3.0,76341,M,4950202.0,19389.0,76
201100040923,11,10,13,1110,1,2,2,1.0,6.0,76351,M,4949565.0,9672.0,76
201100040924,11,10,14,1600,1,2,3,7.0,2.0,76351,M,4950426.0,15807.0,76
201100040925,11,10,15,1230,1,2,1,1.0,6.0,76351,M,4949938.0,12925.0,76
201100040926,11,10,15,1430,1,2,1,1.0,6.0,76351,M,4952106.0,17010.0,76
201100040927,11,10,16,1145,1,2,2,1.0,3.0,76351,M,4949736.0,13132.0,76
201100040928,11,10,18,840,1,2,1,3.0,6.0,76305,M,4950412.0,23621.0,76
201100040929,11,10,20,840,1,2,2,1.0,3.0,76351,M,4949013.0,14196.0,76
201100040930,11,10,20,930,1,2,3,7.0,6.0,76351,M,4951734.0,12305.0,76
201100040931,11,10,23,1345,1,2,2,1.0,3.0,76351,M,4952241.0,10469.0,76
201100040932,11,10,28,1530,1,2,2,1.0,6.0,76351,M,4949190.0,10079.0,76
201100040933,11,10,30,10,5,2,6,1.0,7.0,76341,M,4950477.0,19581.0,76
201100040934,11,10,31,1625,1,2,1,1.0,3.0,76305,M,4951079.0,22808.0,76
201100040935,11,10,31,1655,1,1,2,1.0,3.0,76481,M,4955762.0,11268.0,76
201100040936,11,10,31,1910,5,2,3,1.0,6.0,76351,M,4951578.0,9193.0,76
201100040937,11,11,1,1650,1,2,2,1.0,3.0,76351,M,4949770.0,13741.0,76
201100040938,11,11,1,1940,5,2,1,1.0,6.0,76351,M,4951685.0,11896.0,76
201100040939,11,11,5,845,1,1,1,1.0,7.0,76447,M,4952644.0,18325.0,76
201100040940,11,11,5,1730,5,2,1,1.0,6.0,76351,M,4949926.0,12127.0,76
201100040941,11,11,7,835,1,2,1,2.0,2.0,76351,M,4952359.0,10436.0,76
201100040942,11,11,9,1210,1,2,1,1.0,6.0,76351,M,4949306.0,15528.0,76
201100040943,11,11,9,1325,1,2,2,1.0,3.0,76351,M,4951783.0,10751.0,76
201100040944,11,11,11,1400,1,2,1,1.0,1.0,76351,M,4949032.0,15198.0,76
201100040945,11,11,13,230,5,2,3,1.0,6.0,76351,M,4950062.0,16990.0,76
201100040946,11,11,13,1750,5,2,1,1.0,3.0,76351,M,4950017.0,13351.0,76
201100040947,11,11,14,915,1,1,1,1.0,2.0,76305,M,4950094.0,19456.0,76
201100040948,11,11,16,1650,1,2,1,1.0,6.0,76351,M,4949171.0,13411.0,76
201100040949,11,11,18,1115,1,1,9,1.0,2.0,76341,M,4950584.0,19403.0,76
201100040950,11,11,18,1125,1,1,1,1.0,6.0,76341,M,4950324.0,19429.0,76
201100040951,11,11,18,1840,4,2,1,1.0,6.0,76351,M,4949048.0,10387.0,76
201100040952,11,11,21,1415,1,1,1,8.0,1.0,76481,M,4953651.0,11723.0,76
201100040953,11,11,22,1740,5,2,1,1.0,2.0,76351,M,4950759.0,13174.0,76
201100040954,11,11,23,1735,5,2,1,1.0,6.0,76351,M,4949769.0,10887.0,76
201100040955,11,11,24,805,1,2,1,1.0,2.0,76447,M,4954155.0,17216.0,76
201100040956,11,11,30,715,5,1,1,1.0,1.0,76351,M,4950072.0,19439.0,76
201100040957,11,12,1,900,1,2,1,1.0,6.0,76447,M,4954394.0,19516.0,76
201100040958,11,12,1,840,2,1,1,1.0,6.0,76481,M,4957161.0,15353.0,76
201100040959,11,12,1,1155,1,1,1,8.0,7.0,76351,M,4950211.0,18863.0,76
201100040960,11,12,2,710,5,2,6,1.0,6.0,76351,M,4948303.0,16569.0,76
201100040961,11,12,2,1705,2,2,3,2.0,5.0,76447,M,4953209.0,18016.0,76
201100040962,11,12,2,1830,5,2,2,1.0,3.0,76351,M,4951095.0,9912.0,76
201100040963,11,12,3,1555,1,2,6,2.0,7.0,76305,M,4950223.0,21358.0,76
201100040964,11,12,3,1935,5,2,2,2.0,6.0,76351,M,4949986.0,12416.0,76
201100040965,11,12,5,1755,5,2,2,1.0,3.0,76351,M,4950002.0,12980.0,76
201100040966,11,12,7,1550,1,2,3,1.0,2.0,76305,M,4950268.0,21121.0,76
201100040967,11,12,10,2315,5,2,1,2.0,6.0,76351,M,4949947.0,14864.0,76
201100040968,11,12,14,1955,5,2,6,2.0,3.0,76447,M,4954712.0,18931.0,76
201100040969,11,12,15,1915,5,2,1,2.0,6.0,76351,M,4951686.0,9945.0,76
201100040970,11,12,15,2340,5,2,1,6.0,6.0,76351,M,4951275.0,17448.0,76
201100040971,11,12,18,1510,1,2,1,1.0,7.0,76351,M,4949272.0,13117.0,76
201100040972,11,12,23,145,5,2,3,1.0,6.0,76351,M,4948455.0,10378.0,76
201100040973,11,12,26,745,5,2,3,2.0,6.0,76351,M,4949560.0,13145.0,76
201100040974,11,1,4,1800,5,2,3,1.0,3.0,76351,M,4950430.0,10992.0,76
201100040975,11,2,3,815,1,2,1,1.0,6.0,76351,M,4950780.0,13705.0,76
201100040976,11,2,17,1500,1,2,1,1.0,6.0,76351,M,4950930.0,12859.0,76
201100040977,11,2,21,1500,1,2,1,1.0,6.0,76351,M,4950160.0,15248.0,76
201100040978,11,3,21,1405,1,2,3,1.0,3.0,76351,M,4949430.0,14187.0,76
201100040979,11,3,17,740,1,2,1,1.0,2.0,76447,M,4953890.0,17432.0,76
201100040980,11,4,7,1730,1,2,1,1.0,2.0,76351,M,4949830.0,9145.0,76
201100040981,11,4,21,1905,1,2,1,1.0,2.0,76351,M,4948970.0,11613.0,76
201100040982,11,5,8,1000,1,2,2,1.0,3.0,76351,M,4952200.0,13473.0,76
201100040983,11,5,5,1650,1,2,1,1.0,6.0,76447,M,4952890.0,19116.0,76
201100040984,11,5,9,1815,1,2,1,1.0,3.0,76351,M,4950020.0,13063.0,76
201100040985,11,5,13,1315,1,2,1,1.0,6.0,76447,M,4954530.0,18969.0,76
201100040986,11,1,8,20,5,2,2,1.0,6.0,76351,M,4949950.0,13239.0,76
201100040987,11,1,14,1830,1,2,2,1.0,2.0,76351,M,4950220.0,18642.0,76
201100040988,11,6,9,830,1,2,1,1.0,6.0,76351,M,4949560.0,9731.0,76
201100040989,11,6,14,900,1,2,1,1.0,6.0,76351,M,4950120.0,12776.0,76
201100040990,11,1,17,1830,5,2,1,9.0,6.0,76351,M,4949720.0,13005.0,76
201100040991,11,9,1,2100,1,2,1,1.0,6.0,76351,M,4950308.0,13065.0,76
201100040992,11,5,5,1815,1,2,1,1.0,6.0,76351,M,4949910.0,12906.0,76
201100040993,11,1,2,940,1,2,7,9.0,3.0,76212,M,4944540.0,114759.0,76
201100040994,11,12,27,30,4,1,1,1.0,7.0,76497,M,4940100.0,103241.0,76
201100040995,11,12,28,1340,1,2,1,1.0,3.0,76575,M,4939320.0,105906.0,76
201100040996,11,1,4,1500,1,2,1,1.0,7.0,76540,M,4943380.0,110487.0,76
201100040997,11,11,25,1855,5,2,1,1.0,3.0,76498,M,4942780.0,105275.0,76
201100040998,11,11,23,940,1,2,1,1.0,3.0,76681,M,4940190.0,109929.0,76
201100040999,11,1,5,1600,1,2,1,8.0,6.0,76540,M,4943910.0,109339.0,76
201100041000,11,1,6,1545,1,2,2,8.0,3.0,76681,M,4941400.0,108416.0,76
201100041001,11,1,6,1110,1,2,2,2.0,6.0,76212,M,4944240.0,114697.0,76
201100041002,11,1,10,1700,1,2,1,1.0,2.0,76540,M,4943240.0,107889.0,76
201100041003,11,1,12,735,5,2,3,3.0,3.0,76005,M,4939980.0,112551.0,76
201100041004,11,1,14,855,1,2,1,1.0,6.0,76540,M,4944170.0,108215.0,76
201100041005,11,1,14,2330,5,2,2,8.0,3.0,76540,M,4943680.0,108738.0,76
201100041006,11,1,11,1250,1,2,7,2.0,2.0,76681,M,4942350.0,108917.0,76
201100041007,11,1,14,715,5,2,4,1.0,2.0,76366,M,4951480.0,103759.0,76
201100041008,11,1,14,1850,1,2,1,2.0,6.0,76451,M,4946740.0,107364.0,76
201100041009,11,1,17,1000,1,2,1,2.0,6.0,76540,M,4944600.0,110864.0,76
201100041010,11,1,18,920,2,2,1,2.0,7.0,76540,M,4943320.0,110768.0,76
201100041011,11,1,19,1910,5,2,1,1.0,6.0,76540,M,4944030.0,108921.0,76
201100041012,11,1,10,1725,5,2,1,1.0,3.0,76322,M,4939970.0,105700.0,76
201100041013,11,1,6,1120,1,2,3,2.0,6.0,76540,M,4942640.0,107549.0,76
201100041014,11,1,21,2000,5,2,1,1.0,4.0,76540,M,4943070.0,107880.0,76
201100041015,11,1,22,925,1,2,1,1.0,7.0,76540,M,4943890.0,111353.0,76
201100041016,11,1,23,1600,1,2,1,1.0,7.0,76319,M,4934540.0,101512.0,76
201100041017,11,1,25,630,5,2,1,1.0,2.0,76540,M,4943010.0,107249.0,76
201100041018,11,1,24,2035,5,2,2,2.0,3.0,76681,M,4942130.0,109286.0,76
201100041019,11,1,26,750,5,2,1,3.0,7.0,76319,M,4935100.0,100123.0,76
201100041020,11,1,25,825,1,2,7,1.0,6.0,76540,M,4943900.0,110197.0,76
201100041021,11,1,26,800,5,2,1,2.0,6.0,76681,M,4941450.0,109834.0,76
201100041022,11,1,29,2135,5,2,1,1.0,4.0,76575,M,4940000.0,106386.0,76
201100041023,11,2,2,1820,5,2,2,1.0,6.0,76216,M,4946880.0,104446.0,76
201100041024,11,1,29,1615,1,1,1,1.0,2.0,76319,M,4934750.0,100293.0,76
201100041025,11,2,1,1,5,2,1,1.0,6.0,76540,M,4944510.0,106434.0,76
201100041026,11,2,2,1920,5,1,1,1.0,4.0,76540,M,4945100.0,105755.0,76
201100041027,11,1,31,910,1,1,1,1.0,7.0,76498,M,4942370.0,105235.0,76
201100041028,11,2,3,1830,5,2,3,1.0,3.0,76681,M,4940260.0,110317.0,76
201100041029,11,1,20,1500,1,2,1,1.0,6.0,76575,M,4936790.0,110641.0,76
201100041030,11,2,6,1100,1,2,1,9.0,7.0,76540,M,4943390.0,111383.0,76
201100041031,11,1,22,1525,1,2,1,1.0,6.0,76540,M,4942520.0,108417.0,76
201100041032,11,2,7,2149,5,2,1,2.0,7.0,76540,M,4944490.0,109102.0,76
201100041033,11,2,9,1940,5,2,1,1.0,4.0,76540,M,4942870.0,110174.0,76
201100041034,11,2,6,1200,1,2,1,1.0,7.0,76319,M,4935840.0,100913.0,76
201100041035,11,1,18,1750,5,2,1,1.0,6.0,76681,M,4940640.0,109713.0,76
201100041036,11,2,10,900,1,1,1,2.0,3.0,76681,M,4940390.0,111046.0,76
201100041037,11,2,13,2100,5,2,3,2.0,3.0,76540,M,4944110.0,108266.0,76
201100041038,11,2,9,1610,1,1,4,1.0,6.0,76319,M,4937570.0,104729.0,76
201100041039,11,2,9,2030,5,2,2,1.0,3.0,76540,M,4944420.0,108536.0,76
201100041040,11,2,15,1615,1,2,2,2.0,7.0,76498,M,4942860.0,106260.0,76
201100041041,11,2,17,1120,1,2,1,1.0,7.0,76540,M,4944130.0,112191.0,76
201100041042,11,2,15,1850,5,2,2,1.0,6.0,76103,M,4941800.0,113602.0,76
201100041043,11,1,21,1850,5,2,1,1.0,6.0,76095,M,4945940.0,112622.0,76
201100041044,11,1,28,1630,1,2,4,1.0,2.0,76212,M,4944180.0,114955.0,76
201100041045,11,2,15,2030,3,1,1,9.0,2.0,76319,M,4935410.0,102972.0,76
201100041046,11,1,31,1930,5,2,1,1.0,1.0,76322,M,4941560.0,104085.0,76
201100041047,11,2,18,1545,1,2,1,1.0,2.0,76540,M,4944200.0,108356.0,76
201100041048,11,2,21,1630,1,2,3,1.0,7.0,76575,M,4937650.0,110247.0,76
201100041049,11,3,2,1730,1,2,1,1.0,6.0,76322,M,4942160.0,104370.0,76
201100041050,11,3,3,1925,5,2,1,1.0,1.0,76157,M,4945970.0,104370.0,76
201100041051,11,2,9,755,2,2,3,1.0,1.0,76540,M,4943740.0,110759.0,76
201100041052,11,2,10,1900,5,2,3,2.0,7.0,76005,M,4939980.0,112551.0,76
201100041053,11,3,6,2046,5,2,4,1.0,3.0,76319,M,4936780.0,100916.0,76
201100041054,11,3,7,2210,5,2,1,1.0,7.0,76540,M,4943830.0,109144.0,76
201100041055,11,3,6,2325,5,2,1,1.0,7.0,76484,M,4934110.0,109568.0,76
201100041056,11,2,16,1000,1,2,1,1.0,3.0,76575,M,4940190.0,106519.0,76
201100041057,11,3,4,810,1,2,2,1.0,7.0,76429,M,4941580.0,113232.0,76
201100041058,11,3,7,1650,1,1,1,1.0,3.0,76319,M,4934830.0,98074.0,76
201100041059,11,3,6,1210,1,2,3,1.0,7.0,76322,M,4940970.0,105199.0,76
201100041060,11,3,10,200,5,2,1,1.0,6.0,76212,M,4944310.0,115696.0,76
201100041061,11,3,11,1955,5,2,2,1.0,3.0,76540,M,4944370.0,108662.0,76
201100041062,11,3,11,1810,2,2,2,1.0,5.0,76103,M,4941680.0,113127.0,76
201100041063,11,2,4,510,5,2,1,1.0,2.0,76322,M,4940840.0,103863.0,76
201100041064,11,3,17,1530,1,2,2,1.0,3.0,76540,M,4945260.0,105654.0,76
201100041065,11,3,15,1240,1,2,2,1.0,3.0,76575,M,4939990.0,107987.0,76
201100041066,11,3,17,750,1,1,1,2.0,2.0,76540,M,4945280.0,105498.0,76
201100041067,11,3,24,1800,1,2,1,1.0,3.0,76319,M,4935000.0,99581.0,76
201100041068,11,3,21,1626,1,2,1,1.0,6.0,76498,M,4942100.0,105813.0,76
201100041069,11,3,27,315,5,1,1,1.0,6.0,76498,M,4942270.0,105190.0,76
201100041070,11,3,28,1150,1,2,1,1.0,6.0,76319,M,4935300.0,100129.0,76
201100041071,11,3,25,1720,1,2,1,1.0,2.0,76402,M,4952670.0,104282.0,76
201100041072,11,3,27,2355,5,2,1,1.0,6.0,76216,M,4947910.0,104708.0,76
201100041073,11,3,26,1400,1,2,1,1.0,1.0,76410,M,4948090.0,102113.0,76
201100041074,11,3,29,755,1,2,1,1.0,7.0,76498,M,4941930.0,105987.0,76
201100041075,11,3,24,1800,1,2,2,1.0,3.0,76319,M,4935590.0,100915.0,76
201100041076,11,3,30,1705,1,2,2,3.0,6.0,76484,M,4934260.0,109986.0,76
201100041077,11,3,31,2020,5,1,1,9.0,4.0,76540,M,4944500.0,113762.0,76
201100041078,11,3,31,1410,1,2,1,8.0,2.0,76157,M,4944800.0,103970.0,76
201100041079,11,4,3,1600,1,2,1,1.0,6.0,76540,M,4944410.0,107119.0,76
201100041080,11,4,1,1700,1,1,1,1.0,2.0,76681,M,4941630.0,110761.0,76
201100041081,11,4,10,1330,1,2,1,1.0,7.0,76451,M,4945460.0,107676.0,76
201100041082,11,3,31,750,1,2,2,2.0,3.0,76540,M,4945260.0,105654.0,76
201100041083,11,4,15,1510,1,2,1,1.0,6.0,76451,M,4945900.0,106810.0,76
201100041084,11,4,20,145,5,2,1,1.0,7.0,76402,M,4952300.0,103475.0,76
201100041085,11,4,22,1325,1,2,1,1.0,3.0,76681,M,4942310.0,110630.0,76
201100041086,11,4,27,1615,1,2,1,1.0,3.0,76157,M,4944190.0,103448.0,76
201100041087,11,4,30,1050,1,2,1,1.0,6.0,76540,M,4944780.0,110212.0,76
201100041088,11,4,21,1110,1,2,2,1.0,3.0,76540,M,4945260.0,105654.0,76
201100041089,11,5,3,1415,1,2,1,1.0,6.0,76484,M,4932570.0,103533.0,76
201100041090,11,5,4,1800,1,2,2,1.0,3.0,76322,M,4940770.0,104585.0,76
201100041091,11,4,28,1715,1,2,1,2.0,6.0,76681,M,4941240.0,109913.0,76
201100041092,11,5,5,1745,1,2,1,1.0,4.0,76429,M,4941550.0,113457.0,76
201100041093,11,5,7,1500,1,2,1,1.0,3.0,76005,M,4942010.0,111672.0,76
201100041094,11,5,10,1200,1,1,1,1.0,7.0,76212,M,4944480.0,115371.0,76
201100041095,11,5,11,1600,1,2,1,1.0,2.0,76540,M,4943310.0,110773.0,76
201100041096,11,5,13,905,1,2,1,1.0,3.0,76540,M,4944330.0,104536.0,76
201100041097,11,5,16,1955,1,2,6,1.0,2.0,76540,M,4943490.0,107178.0,76
201100041098,11,5,19,2200,5,2,3,1.0,7.0,76498,M,4941920.0,106013.0,76
201100041099,11,5,24,910,1,2,1,1.0,4.0,76540,M,4944120.0,108167.0,76
201100041100,11,4,22,1400,1,2,1,1.0,3.0,76319,M,4934700.0,102376.0,76
201100041101,11,5,23,1332,1,2,7,1.0,6.0,76540,M,4944360.0,109878.0,76
201100041102,11,5,21,930,1,2,2,1.0,6.0,76540,M,4943040.0,108584.0,76
201100041103,11,5,10,1020,1,2,1,1.0,3.0,76575,M,4939860.0,106718.0,76
201100041104,11,5,18,1335,1,2,1,1.0,3.0,76322,M,4939260.0,105880.0,76
201100041105,11,5,26,1810,1,2,1,2.0,6.0,76451,M,4947030.0,108590.0,76
201100041106,11,5,20,1050,1,2,1,1.0,6.0,76540,M,4944050.0,108405.0,76
201100041107,11,5,29,1915,1,2,3,1.0,3.0,76319,M,4935950.0,101021.0,76
201100041108,11,5,27,1400,1,2,2,1.0,3.0,76157,M,4944860.0,103031.0,76
201100041109,11,5,28,2000,1,2,2,1.0,3.0,76540,M,4944420.0,109078.0,76
201100041110,11,5,30,1030,1,2,2,1.0,3.0,76540,M,4943700.0,108742.0,76
201100041111,11,5,12,1440,1,1,1,1.0,3.0,76540,M,4944950.0,106248.0,76
201100041112,11,6,4,24,5,2,1,1.0,6.0,76540,M,4943350.0,108507.0,76
201100041113,11,5,30,1350,1,2,1,2.0,6.0,76540,M,4943520.0,108704.0,76
201100041114,11,6,1,1740,1,1,1,1.0,3.0,76322,M,4941690.0,104697.0,76
201100041115,11,6,4,1545,1,1,1,1.0,4.0,76498,M,4943480.0,107078.0,76
201100041116,11,6,7,800,1,1,1,2.0,4.0,76484,M,4936780.0,110568.0,76
201100041117,11,6,8,825,1,2,1,1.0,6.0,76681,M,4941930.0,109573.0,76
201100041118,11,6,8,1830,1,1,1,1.0,7.0,76497,M,4938730.0,104636.0,76
201100041119,11,5,31,2025,1,2,1,1.0,3.0,76457,M,4934220.0,96367.0,76
201100041120,11,6,6,1430,1,1,1,8.0,2.0,76540,M,4943520.0,110584.0,76
201100041121,11,6,10,440,5,1,1,1.0,6.0,76681,M,4942580.0,110543.0,76
201100041122,11,4,22,1615,1,2,1,1.0,2.0,76540,M,4944360.0,108498.0,76
201100041123,11,6,10,920,1,2,1,1.0,6.0,76540,M,4944460.0,108787.0,76
201100041124,11,6,11,1425,1,2,1,1.0,6.0,76429,M,4940510.0,115245.0,76
201100041125,11,5,3,1815,1,2,1,1.0,3.0,76319,M,4934680.0,99646.0,76
201100041126,11,6,9,745,1,2,4,1.0,1.0,76498,M,4943280.0,104996.0,76
201100041127,11,6,10,1700,1,2,1,1.0,6.0,76681,M,4941450.0,109075.0,76
201100041128,11,6,16,900,1,2,1,1.0,4.0,76540,M,4943680.0,112939.0,76
201100041129,11,6,15,1320,1,2,1,1.0,3.0,76451,M,4945980.0,107373.0,76
201100041130,11,6,17,1640,1,2,1,1.0,6.0,76540,M,4944140.0,109004.0,76
201100041131,11,6,23,1714,1,2,2,1.0,3.0,76540,M,4944650.0,107096.0,76
201100041132,11,6,22,1800,1,2,2,1.0,6.0,76157,M,4944860.0,103031.0,76
201100041133,11,6,24,1850,1,2,2,1.0,3.0,76681,M,4940530.0,108213.0,76
201100041134,11,6,25,625,2,2,1,1.0,6.0,76540,M,4943700.0,108731.0,76
201100041135,11,6,20,1910,1,2,1,2.0,1.0,76681,M,4940470.0,111081.0,76
201100041136,11,6,24,100,5,2,4,1.0,7.0,76212,M,4944080.0,113414.0,76
201100041137,11,6,29,700,1,2,1,1.0,3.0,76540,M,4943440.0,109440.0,76
201100041138,11,6,30,1040,1,2,1,1.0,4.0,76681,M,4942130.0,110663.0,76
201100041139,11,6,30,1130,1,1,1,1.0,2.0,76681,M,4941450.0,110731.0,76
201100041140,11,7,5,1935,1,2,1,2.0,2.0,76540,M,4943900.0,106974.0,76
201100041141,11,7,7,730,2,2,1,3.0,7.0,76322,M,4939550.0,103409.0,76
201100041142,11,7,6,1715,1,2,1,1.0,1.0,76216,M,4945560.0,105604.0,76
201100041143,11,7,13,1950,1,2,1,1.0,7.0,76575,M,4939900.0,106317.0,76
201100041144,11,7,13,2225,5,1,3,1.0,6.0,76216,M,4947260.0,104248.0,76
201100041145,11,7,14,2000,1,2,2,1.0,3.0,76540,M,4944250.0,109072.0,76
201100041146,11,7,17,1015,1,2,1,1.0,6.0,76095,M,4945620.0,110706.0,76
201100041147,11,7,19,2300,5,2,1,9.0,6.0,76540,M,4942660.0,109402.0,76
201100041148,11,7,1,1420,1,2,1,1.0,3.0,76540,M,4944000.0,109725.0,76
201100041149,11,7,19,1635,1,1,3,1.0,1.0,76474,M,4948790.0,104879.0,76
201100041150,11,7,20,1800,1,1,9,3.0,5.0,76575,M,4936650.0,109052.0,76
201100041151,11,7,26,730,1,2,1,1.0,6.0,76474,M,4949600.0,104851.0,76
201100041152,11,7,27,200,5,1,1,1.0,6.0,76575,M,4936710.0,109430.0,76
201100041153,11,7,6,1735,1,1,1,1.0,3.0,76319,M,4933970.0,101462.0,76
201100041154,11,7,29,920,1,2,1,1.0,6.0,76157,M,4944470.0,101374.0,76
201100041155,11,7,20,710,1,2,1,1.0,6.0,76540,M,4944010.0,107685.0,76
201100041156,11,7,29,910,1,1,1,1.0,7.0,76410,M,4946840.0,103567.0,76
201100041157,11,8,13,1030,1,2,1,2.0,6.0,76108,M,4947050.0,111631.0,76
201100041158,11,8,15,1640,1,1,1,1.0,3.0,76484,M,4934900.0,103820.0,76
201100041159,11,8,14,2245,5,1,1,1.0,7.0,76319,M,4934330.0,97603.0,76
201100041160,11,8,18,645,1,2,1,1.0,7.0,76451,M,4946510.0,108675.0,76
201100041161,11,8,10,2040,1,2,1,1.0,6.0,76484,M,4933930.0,109157.0,76
201100041162,11,8,21,120,5,2,1,1.0,6.0,76540,M,4943650.0,110012.0,76
201100041163,11,8,19,1600,1,2,1,1.0,4.0,76103,M,4942360.0,111453.0,76
201100041164,11,8,21,1220,1,2,1,2.0,3.0,76484,M,4933980.0,108979.0,76
201100041165,11,8,26,1905,1,2,1,2.0,6.0,76157,M,4945920.0,103356.0,76
201100041166,11,8,27,1501,1,2,1,2.0,7.0,76402,M,4952770.0,103948.0,76
201100041167,11,8,31,1440,1,2,1,1.0,3.0,76095,M,4945240.0,111928.0,76
201100041168,11,9,5,1530,1,2,2,1.0,3.0,76681,M,4941620.0,109623.0,76
201100041169,11,9,6,2100,5,2,1,3.0,6.0,76366,M,4950480.0,104139.0,76
201100041170,11,9,6,1445,1,1,1,2.0,7.0,76319,M,4935260.0,103374.0,76
201100041171,11,9,10,1725,1,2,1,1.0,2.0,76402,M,4952790.0,103857.0,76
201100041172,11,9,11,1905,1,1,1,1.0,2.0,76319,M,4936750.0,104113.0,76
201100041173,11,9,9,1630,1,2,1,1.0,2.0,76540,M,4942840.0,108450.0,76