Num_Acc,an,mois,jour,hrmn,lum,agg,int,atm,col,com,gps,lat,long,dep
201100041174,11,8,23,1655,1,2,1,1.0,6.0,76540,M,4943560.0,110320.0,76
201100041175,11,8,30,2350,5,2,2,1.0,3.0,76540,M,4943010.0,109066.0,76
201100041176,11,9,6,1115,1,2,1,1.0,6.0,76540,M,4944030.0,110084.0,76
201100041177,11,9,16,435,3,1,1,9.0,6.0,76157,M,4945760.0,104804.0,76
201100041178,11,8,20,2130,3,1,1,1.0,6.0,76005,M,4941470.0,112052.0,76
201100041179,11,9,19,720,2,2,1,1.0,7.0,76575,M,4939390.0,111341.0,76
201100041180,11,9,19,2155,5,2,1,9.0,7.0,76540,M,4943140.0,108264.0,76
201100041181,11,9,21,1055,1,2,1,1.0,7.0,76540,M,4944030.0,108956.0,76
201100041182,11,9,22,1330,1,2,1,1.0,6.0,76322,M,4940780.0,106382.0,76
201100041183,11,9,9,800,1,2,1,3.0,6.0,76540,M,4944140.0,108152.0,76
201100041184,11,9,19,1950,1,2,1,9.0,3.0,76575,M,4939500.0,110058.0,76
201100041185,11,9,17,2350,5,2,3,2.0,5.0,76322,M,4940200.0,106513.0,76
201100041186,11,9,19,1735,1,2,1,9.0,3.0,76681,M,4941240.0,110796.0,76
201100041187,11,9,23,1700,1,2,1,1.0,6.0,76474,M,4946820.0,104183.0,76
201100041188,11,9,22,1640,1,2,3,1.0,3.0,76681,M,4940250.0,110333.0,76
201100041189,11,9,24,1910,1,2,1,1.0,7.0,76681,M,4941620.0,109624.0,76
201100041190,11,10,1,1800,1,1,1,1.0,3.0,76157,M,4943050.0,102583.0,76
201100041191,11,9,21,1830,1,2,1,1.0,3.0,76498,M,4942070.0,106833.0,76
201100041192,11,9,30,1715,1,1,1,1.0,3.0,76540,M,4945420.0,105293.0,76
201100041193,11,10,7,2005,3,1,1,1.0,6.0,76319,M,4935150.0,102581.0,76
201100041194,11,10,9,1440,1,2,1,1.0,2.0,76540,M,4944680.0,109009.0,76
201100041195,11,9,7,855,1,2,1,1.0,2.0,76540,M,4942230.0,108011.0,76
201100041196,11,9,30,1610,1,2,1,1.0,2.0,76540,M,4944090.0,108198.0,76
201100041197,11,10,14,1300,1,1,1,1.0,2.0,76681,M,4941890.0,110787.0,76
201100041198,11,10,7,1730,1,2,3,1.0,3.0,76681,M,4941790.0,107688.0,76
201100041199,11,10,19,1400,1,2,1,3.0,6.0,76108,M,4946580.0,111392.0,76
201100041200,11,10,8,2150,5,2,3,2.0,3.0,76575,M,4939280.0,105875.0,76
201100041201,11,10,21,1345,1,2,1,1.0,7.0,76681,M,4941110.0,107685.0,76
201100041202,11,10,7,735,2,2,1,2.0,7.0,76575,M,4939850.0,107334.0,76
201100041203,11,10,22,1705,1,2,1,1.0,7.0,76157,M,4945680.0,104407.0,76
201100041204,11,10,6,1330,1,2,1,1.0,3.0,76575,M,4937130.0,111549.0,76
201100041205,11,10,13,2110,5,2,1,1.0,3.0,76540,M,4944220.0,111428.0,76
201100041206,11,10,29,1610,1,2,1,1.0,6.0,76216,M,4947330.0,104787.0,76
201100041207,11,10,30,1610,1,2,1,1.0,3.0,76540,M,4943430.0,109410.0,76
201100041208,11,10,21,1600,1,2,1,1.0,6.0,76540,M,4943590.0,111407.0,76
201100041209,11,11,1,755,2,2,1,1.0,7.0,76540,M,4943350.0,111778.0,76
201100041210,11,11,2,1840,5,2,2,1.0,3.0,76484,M,4934290.0,109010.0,76
201100041211,11,11,3,925,1,1,1,1.0,6.0,76484,M,4936770.0,110569.0,76
201100041212,11,10,30,1050,1,2,1,1.0,6.0,76540,M,4942730.0,107127.0,76
201100041213,11,11,8,1200,1,2,1,9.0,2.0,76429,M,4940680.0,114915.0,76
201100041214,11,11,1,1915,5,2,2,1.0,3.0,76540,M,4944490.0,108362.0,76
201100041215,11,11,3,1110,1,2,3,9.0,3.0,76540,M,4942320.0,108073.0,76
201100041216,11,11,8,825,1,2,6,2.0,3.0,76451,M,4946880.0,109005.0,76
201100041217,11,11,12,1500,1,2,1,1.0,7.0,76484,M,4933970.0,108987.0,76
201100041218,11,11,7,1740,5,2,2,2.0,3.0,76484,M,4934290.0,109010.0,76
201100041219,11,10,29,1350,1,1,1,1.0,7.0,76157,M,4946490.0,103877.0,76
201100041220,11,11,8,710,2,2,1,2.0,3.0,76498,M,4941990.0,106116.0,76
201100041221,11,11,22,2300,5,2,2,1.0,3.0,76540,M,4942740.0,109229.0,76
201100041222,11,11,1,620,5,2,2,1.0,1.0,76540,M,4943310.0,110775.0,76
201100041223,11,11,24,1545,1,2,1,1.0,6.0,76540,M,4943720.0,108233.0,76
201100041224,11,11,26,1600,1,1,1,1.0,7.0,76322,M,4941700.0,104455.0,76
201100041225,11,10,27,1630,1,2,1,1.0,7.0,76575,M,4939820.0,107367.0,76
201100041226,11,10,17,1330,1,2,1,1.0,7.0,76498,M,4942160.0,105236.0,76
201100041227,11,12,4,1335,1,2,1,2.0,1.0,76540,M,4943710.0,109695.0,76
201100041228,11,12,5,2125,5,2,1,2.0,3.0,76681,M,4940820.0,110139.0,76
201100041229,11,12,5,1310,1,2,1,2.0,3.0,76575,M,4939670.0,106662.0,76
201100041230,11,11,25,1550,1,2,1,2.0,2.0,76212,M,4943580.0,114256.0,76
201100041231,11,11,22,1510,1,2,1,1.0,2.0,76540,M,4944220.0,111355.0,76
201100041232,11,12,10,220,5,2,2,2.0,3.0,76540,M,4942820.0,108104.0,76
201100041233,11,12,9,545,5,2,1,3.0,6.0,76540,M,4942940.0,110078.0,76
201100041234,11,12,10,600,5,2,1,2.0,1.0,76095,M,4946490.0,112966.0,76
201100041235,11,12,16,755,2,2,1,2.0,6.0,76451,M,4947090.0,107647.0,76
201100041236,11,12,17,750,5,2,1,1.0,1.0,76540,M,4944510.0,113184.0,76
201100041237,11,12,18,120,5,2,1,2.0,6.0,76212,M,4944280.0,116314.0,76
201100041238,11,12,19,135,3,1,1,2.0,7.0,76366,M,4951040.0,103092.0,76
201100041239,11,12,17,1130,1,2,1,2.0,6.0,76540,M,4944620.0,108861.0,76
201100041240,11,12,21,730,5,2,2,1.0,3.0,76319,M,4936710.0,101085.0,76
201100041241,11,1,6,115,5,2,1,2.0,6.0,77108,M,,,77
201100041242,11,1,16,1045,1,2,1,1.0,6.0,77108,M,4887211.0,257962.0,77
201100041243,11,2,9,1945,5,2,1,1.0,6.0,77108,M,,,77
201100041244,11,3,5,1945,5,2,1,1.0,5.0,77479,M,4887736.0,263747.0,77
201100041245,11,2,25,1000,1,2,1,1.0,6.0,77108,M,4890455.0,258595.0,77
201100041246,11,3,18,1850,5,2,1,2.0,6.0,77108,M,4887404.0,258817.0,77
201100041247,11,4,16,1950,1,2,6,1.0,6.0,77108,M,4890409.0,258819.0,77
201100041248,11,4,20,1445,1,2,1,1.0,6.0,77108,M,4886804.0,258789.0,77
201100041249,11,5,7,1900,1,2,1,1.0,6.0,77108,M,,,77
201100041250,11,5,6,915,1,2,1,1.0,6.0,77108,M,4886927.0,257765.0,77
201100041251,11,5,25,2230,3,2,1,1.0,6.0,77055,M,,,77
201100041252,11,5,23,1725,1,2,1,1.0,6.0,77108,M,4887791.0,259144.0,77
201100041253,11,5,28,1750,1,2,1,1.0,2.0,77055,M,,,77
201100041254,11,6,4,1225,1,2,2,1.0,1.0,77139,M,4891623.0,259961.0,77
201100041255,11,7,27,1525,1,2,3,1.0,3.0,77108,M,4887232.0,257862.0,77
201100041256,11,8,2,1605,1,2,1,1.0,1.0,77479,M,,,77
201100041257,11,8,6,1800,1,2,1,2.0,1.0,77139,M,,,77
201100041258,11,9,1,2025,5,2,1,1.0,1.0,77108,M,4890010.0,260437.0,77
201100041259,11,9,7,1845,1,2,1,8.0,6.0,77108,M,4887381.0,258073.0,77
201100041260,11,9,12,2200,4,2,1,1.0,3.0,77108,M,,,77
201100041261,11,9,25,1825,1,2,3,1.0,3.0,77108,M,,,77
201100041262,11,9,28,1735,1,2,1,1.0,6.0,77108,M,,,77
201100041263,11,10,20,1515,1,2,1,1.0,1.0,77139,M,,,77
201100041264,11,10,21,1340,1,2,1,1.0,6.0,77108,M,4888764.0,262122.0,77
201100041265,11,11,25,1355,1,2,1,1.0,3.0,77108,M,,,77
201100041266,11,11,29,2115,3,1,1,5.0,6.0,77517,M,,,77
201100041267,11,12,22,1850,2,2,3,1.0,6.0,77108,M,,,77
201100041268,11,12,24,1900,3,2,1,1.0,6.0,77108,M,4887095.0,259428.0,77
201100041269,11,1,6,800,3,1,1,2.0,4.0,77315,M,,,77
201100041270,11,12,15,1900,5,1,1,3.0,3.0,77018,M,,,77
201100041271,11,2,21,2010,5,1,1,2.0,3.0,77449,M,,,77
201100041272,11,2,25,830,1,1,5,1.0,3.0,77018,M,,,77
201100041273,11,8,2,1800,1,1,1,1.0,5.0,77449,M,,,77
201100041274,11,9,2,730,1,1,1,1.0,3.0,77307,M,,,77
201100041275,11,10,8,510,5,1,1,8.0,1.0,77237,M,,,77
201100041276,11,11,3,905,1,2,1,1.0,1.0,77307,M,4887821.0,274499.0,77
201100041277,11,10,26,1805,1,2,1,1.0,7.0,77449,M,4885587.0,277404.0,77
201100041278,11,12,7,1830,5,2,1,1.0,6.0,77132,M,,,77
201100041279,11,1,7,1945,3,1,1,2.0,3.0,77371,M,,,77
201100041280,11,1,10,1200,1,2,1,1.0,6.0,77131,M,4880456.0,309930.0,77
201100041281,11,1,10,1945,3,1,3,2.0,6.0,77131,M,,,77
201100041282,11,1,12,1910,3,1,1,2.0,7.0,77070,M,,,77
201100041283,11,1,12,1945,3,1,2,2.0,3.0,77400,M,,,77
201100041284,11,1,17,1605,1,2,2,2.0,3.0,77320,M,,,77
201100041285,11,1,18,1625,1,1,1,2.0,5.0,77070,M,,,77
201100041286,11,1,26,1500,1,2,1,2.0,3.0,77131,M,4880983.0,308288.0,77
201100041287,11,1,27,1500,1,2,1,1.0,5.0,77131,M,,,77
201100041288,11,1,28,1440,1,2,1,1.0,6.0,77131,M,4881309.0,308540.0,77
201100041289,11,2,5,1930,3,1,1,1.0,7.0,77002,M,,,77
201100041290,11,2,24,535,5,2,6,2.0,3.0,77131,M,,,77
201100041291,11,2,24,2125,3,1,4,1.0,2.0,77131,M,,,77
201100041292,11,2,28,1730,1,1,1,1.0,3.0,77070,M,,,77
201100041293,11,3,5,2100,5,2,3,1.0,3.0,77131,M,,,77
201100041294,11,3,9,1700,1,2,1,1.0,3.0,77131,M,4880930.0,308279.0,77
201100041295,11,3,13,1450,1,2,1,2.0,6.0,77042,M,,,77
201100041296,11,3,13,1915,3,1,1,2.0,6.0,77411,M,,,77
201100041297,11,3,24,1810,1,2,1,1.0,6.0,77320,M,4882061.0,304559.0,77
201100041298,11,3,28,1325,1,2,3,7.0,1.0,77131,M,4882416.0,309328.0,77
201100041299,11,3,29,1910,1,2,8,2.0,6.0,77131,M,,,77
201100041300,11,4,2,1640,1,2,1,1.0,6.0,77131,M,4881616.0,309303.0,77
201100041301,11,4,3,1830,1,2,1,1.0,3.0,77131,M,,,77
201100041302,11,4,5,1230,1,2,1,1.0,7.0,77131,M,4881574.0,308890.0,77
201100041303,11,4,29,830,1,1,3,8.0,3.0,77070,M,,,77
201100041304,11,5,4,1125,1,2,1,1.0,6.0,77371,M,4879643.0,301672.0,77
201100041305,11,5,9,1315,1,2,1,1.0,6.0,77131,M,,,77
201100041306,11,5,9,1820,1,1,3,7.0,3.0,77371,M,,,77
201100041307,11,5,19,1405,1,2,1,1.0,4.0,77131,M,4881178.0,308307.0,77
201100041308,11,5,19,1740,1,2,1,1.0,7.0,77131,M,4880552.0,309648.0,77
201100041309,11,5,25,1830,1,2,1,1.0,6.0,77320,M,4882105.0,303977.0,77
201100041310,11,6,7,1655,1,1,3,2.0,3.0,77371,M,,,77
201100041311,11,6,12,1725,1,1,3,8.0,2.0,77433,M,,,77
201100041312,11,6,14,1455,1,2,1,8.0,6.0,77320,M,,,77
201100041313,11,6,16,1900,1,2,3,1.0,3.0,77400,M,4879007.0,302961.0,77
201100041314,11,6,23,1120,1,2,3,1.0,2.0,77131,M,,,77
201100041315,11,6,26,1325,1,2,2,7.0,3.0,77013,M,4885045.0,305985.0,77
201100041316,11,6,27,1105,1,2,2,7.0,2.0,77131,M,,,77
201100041317,11,6,27,1550,1,1,3,1.0,3.0,77433,M,,,77
201100041318,11,7,1,1940,1,2,4,7.0,2.0,77320,M,,,77
201100041319,11,7,22,1755,1,2,6,1.0,2.0,77131,M,,,77
201100041320,11,7,26,1440,1,1,1,1.0,2.0,77320,M,,,77
201100041321,11,8,10,715,2,1,1,1.0,6.0,77013,M,,,77
201100041322,11,8,15,1800,1,1,1,1.0,7.0,77371,M,,,77
201100041323,11,8,19,1820,1,1,1,1.0,7.0,77433,M,,,77
201100041324,11,8,20,1940,1,2,1,1.0,7.0,77131,M,4881097.0,308457.0,77
201100041325,11,8,2,1505,1,1,1,1.0,7.0,77070,M,,,77
201100041326,11,8,26,1535,1,1,3,2.0,4.0,77320,M,,,77
201100041327,11,8,31,2130,3,1,1,1.0,7.0,77400,M,4879861.0,303083.0,77
201100041328,11,9,2,1350,1,2,1,1.0,1.0,77131,M,4880432.0,309138.0,77
201100041329,11,9,5,910,1,1,1,1.0,7.0,77070,M,4881164.0,313290.0,77
201100041330,11,9,8,755,1,2,1,8.0,1.0,77028,M,4876418.0,309365.0,77
201100041331,11,9,10,1650,1,2,1,1.0,7.0,77131,M,4881011.0,311240.0,77
201100041332,11,9,17,1300,1,2,1,1.0,3.0,77131,M,4880532.0,309389.0,77
201100041333,11,9,22,605,3,1,1,1.0,2.0,77042,M,,,77
201100041334,11,10,1,605,5,2,1,1.0,6.0,77131,M,4880921.0,308683.0,77
201100041335,11,10,4,735,2,2,1,1.0,7.0,77131,M,4881648.0,308442.0,77
201100041336,11,10,4,1315,1,2,1,1.0,6.0,77131,M,4881073.0,307262.0,77
201100041337,11,10,5,1,3,2,1,1.0,7.0,77400,M,4876697.0,303085.0,77
201100041338,11,10,7,955,1,2,1,1.0,2.0,77070,M,,,77
201100041339,11,10,8,1325,1,2,1,8.0,2.0,77320,M,4880575.0,306129.0,77
201100041340,11,10,14,1225,1,2,1,1.0,2.0,77320,M,,,77
201100041341,11,10,15,1440,1,1,1,1.0,7.0,77320,M,4880346.0,306574.0,77
201100041342,11,10,15,1630,1,2,1,1.0,7.0,77281,M,,,77
201100041343,11,10,21,1755,1,2,1,1.0,5.0,77131,M,,,77
201100041344,11,10,26,1645,1,1,1,1.0,1.0,77281,M,,,77
201100041345,11,11,8,525,3,1,1,2.0,3.0,77433,M,,,77
201100041346,11,11,22,1750,5,2,1,1.0,6.0,77131,M,4881438.0,308606.0,77
201100041347,11,11,25,735,3,1,3,5.0,6.0,77028,M,4878489.0,309586.0,77
201100041348,11,11,30,800,1,2,1,1.0,2.0,77131,M,,,77
201100041349,11,11,30,750,2,2,1,8.0,7.0,77320,M,,,77
201100041350,11,12,6,1855,3,2,1,2.0,7.0,77281,M,,,77
201100041351,11,12,13,730,3,1,3,6.0,3.0,77070,M,,,77
201100041352,11,12,13,1500,1,1,1,1.0,7.0,77013,M,,,77
201100041353,11,12,30,1750,5,1,3,2.0,6.0,77400,M,4878505.0,300917.0,77
201100041354,11,12,31,1425,1,1,1,2.0,2.0,77042,M,,,77
201100041355,11,3,25,1800,3,1,1,1.0,7.0,77131,M,4883071.0,309580.0,77
201100041356,11,5,11,35,5,2,1,1.0,6.0,77131,M,,,77
201100041357,11,5,22,525,2,1,1,2.0,7.0,77433,M,4878741.0,307459.0,77
201100041358,11,5,20,805,1,1,2,1.0,3.0,77371,M,,,77
201100041359,11,5,23,1855,1,1,1,1.0,7.0,77042,M,,,77
201100041360,11,8,6,415,5,2,1,1.0,1.0,77042,M,,,77
201100041361,11,8,10,2110,2,1,2,1.0,3.0,77042,M,,,77
201100041362,11,8,31,1340,1,2,1,1.0,1.0,77371,M,4881168.0,299123.0,77
201100041363,11,9,20,1645,1,2,1,1.0,2.0,77131,M,,,77
201100041364,11,6,12,600,1,2,1,9.0,7.0,77131,M,5035263.0,351695.0,77
201100041365,11,9,8,2130,5,2,3,1.0,1.0,77131,M,,,77
201100041366,11,11,14,1730,2,2,3,1.0,3.0,77320,M,,,77
201100041367,11,3,1,1730,1,1,6,1.0,3.0,77407,M,,,77
201100041368,11,1,10,1930,3,1,1,1.0,2.0,77441,M,,,77
201100041369,11,1,18,1810,3,1,9,2.0,3.0,77186,M,,,77
201100041370,11,1,24,1515,1,1,1,1.0,5.0,77186,M,,,77
201100041371,11,2,6,205,3,1,1,1.0,7.0,77441,M,,,77
201100041372,11,2,8,1500,1,2,6,1.0,6.0,77186,M,4840508.0,269541.0,77
201100041373,11,2,17,305,3,1,1,8.0,7.0,77186,M,,,77
201100041374,11,2,23,1230,1,1,1,1.0,7.0,77226,M,,,77
201100041375,11,3,8,1455,1,1,5,1.0,3.0,77186,M,,,77
201100041376,11,4,29,1535,1,2,3,1.0,3.0,77037,M,,,77
201100041377,11,5,7,825,1,2,2,1.0,3.0,77037,M,4846485.0,269980.0,77
201100041378,11,5,29,855,1,1,2,7.0,6.0,77186,M,,,77
201100041379,11,5,31,1815,1,2,2,1.0,3.0,77186,M,,,77
201100041380,11,6,3,1215,1,1,1,1.0,6.0,77186,M,,,77
201100041381,11,6,13,1445,1,1,1,1.0,7.0,77186,M,,,77
201100041382,11,6,15,1720,1,1,1,1.0,2.0,77186,M,,,77
201100041383,11,6,15,1735,1,2,1,1.0,2.0,77037,M,4848120.0,268967.0,77
201100041384,11,7,5,925,1,1,1,1.0,7.0,77186,M,,,77
201100041385,11,8,11,815,1,1,2,1.0,3.0,77186,M,,,77
201100041386,11,8,25,1325,1,1,3,1.0,3.0,77186,M,,,77
201100041387,11,8,28,2350,3,1,1,1.0,7.0,77186,M,,,77
201100041388,11,9,5,2005,2,1,2,1.0,3.0,77186,M,,,77
201100041389,11,9,17,1535,1,1,1,1.0,7.0,77186,M,,,77
201100041390,11,9,25,545,3,1,1,1.0,7.0,77463,M,,,77
201100041391,11,10,2,1545,1,1,1,1.0,1.0,77186,M,,,77
201100041392,11,10,14,1640,1,1,1,1.0,6.0,77186,M,,,77
201100041393,11,10,31,1800,4,1,2,2.0,3.0,77186,M,,,77
201100041394,11,11,21,1920,3,1,1,1.0,7.0,77186,M,,,77
201100041395,11,11,22,1750,5,2,1,1.0,2.0,77186,M,,,77
201100041396,11,11,28,1810,5,2,1,1.0,6.0,77014,M,,,77
201100041397,11,12,6,1910,5,2,1,2.0,6.0,77186,M,,,77
201100041398,11,12,12,1945,3,1,1,1.0,3.0,77188,M,,,77
201100041399,11,12,14,1300,1,1,1,3.0,7.0,77186,M,,,77
201100041400,11,12,14,1725,5,2,2,1.0,3.0,77533,M,,,77
201100041401,11,12,22,1620,1,1,1,2.0,5.0,77186,M,,,77
201100041402,11,11,6,1215,1,2,2,1.0,3.0,77372,M,4888863.0,265883.0,77
201100041403,11,12,29,1630,1,2,1,8.0,6.0,77284,M,4895358.0,289412.0,77
201100041404,11,1,6,700,5,2,1,2.0,6.0,77284,M,4857274.0,252298.0,77
201100041405,11,1,13,1400,1,2,1,1.0,6.0,77284,M,4895254.0,288308.0,77
201100041406,11,4,2,5,5,2,1,1.0,6.0,77475,M,,,77
201100041407,11,4,12,110,3,1,1,1.0,6.0,77284,M,,,77
201100041408,11,1,24,1940,5,2,1,4.0,2.0,77284,M,,,77
201100041409,11,1,26,1725,2,2,1,1.0,3.0,77143,M,4897589.0,286884.0,77
201100041410,11,1,28,725,5,2,1,8.0,6.0,77284,M,,,77
201100041411,11,5,23,2045,1,2,2,1.0,3.0,77284,M,4895638.0,289107.0,77
201100041412,11,2,2,2035,5,2,1,8.0,3.0,77284,M,4895230.0,289634.0,77
201100041413,11,2,2,2150,5,2,1,8.0,5.0,77284,M,4896994.0,290176.0,77
201100041414,11,6,25,125,4,1,1,1.0,1.0,77276,M,,,77
201100041415,11,2,18,1730,1,2,1,8.0,2.0,77284,M,,,77
201100041416,11,2,26,1700,2,2,1,8.0,6.0,77284,M,4895108.0,291780.0,77
201100041417,11,11,4,545,3,1,1,8.0,1.0,77284,M,,,77
201100041418,11,3,15,1640,1,2,1,1.0,3.0,77284,M,4894590.0,298727.0,77
201100041419,11,3,31,1735,1,1,1,1.0,1.0,77330,M,,,77
201100041420,11,4,4,840,1,1,1,1.0,2.0,77199,M,,,77
201100041421,11,4,6,1008,1,2,1,1.0,6.0,77284,M,4895774.0,287405.0,77
201100041422,11,5,5,1730,1,2,1,1.0,6.0,77284,M,4895184.0,290385.0,77
201100041423,11,6,9,1000,1,2,1,1.0,6.0,77284,M,4894870.0,290538.0,77
201100041424,11,7,12,940,1,2,1,8.0,6.0,77284,M,4895811.0,288873.0,77
201100041425,11,8,5,1735,1,2,1,1.0,2.0,77330,M,,,77
201100041426,11,10,19,805,2,2,1,1.0,3.0,77276,M,4891176.0,285314.0,77
201100041427,11,10,30,1835,3,1,1,1.0,2.0,77199,M,,,77
201100041428,11,11,1,2110,5,2,1,8.0,2.0,77284,M,4895628.0,288648.0,77
201100041429,11,11,3,1535,1,2,1,8.0,1.0,77284,M,4897148.0,288656.0,77
201100041430,11,11,15,1125,1,2,1,8.0,6.0,77284,M,,,77
201100041431,11,11,9,1625,1,2,1,8.0,6.0,77284,M,4896077.0,287455.0,77
201100041432,11,5,7,1830,1,2,1,1.0,5.0,77284,M,4895049.0,287978.0,77
201100041433,11,5,16,1335,1,2,1,1.0,3.0,77284,M,4895373.0,291476.0,77
201100041434,11,6,14,1025,1,2,1,1.0,3.0,77284,M,4894801.0,291039.0,77
201100041435,11,6,18,1925,1,2,3,1.0,6.0,77284,M,4895055.0,290624.0,77
201100041436,11,12,2,750,2,2,1,2.0,6.0,77284,M,4895750.0,288288.0,77
201100041437,11,8,8,1445,1,2,1,4.0,7.0,77284,M,,,77
201100041438,11,8,8,1750,1,2,1,1.0,6.0,77284,M,4895913.0,288283.0,77
201100041439,11,8,10,1055,1,2,1,1.0,6.0,77284,M,4895860.0,287991.0,77
201100041440,11,12,9,835,1,2,1,2.0,6.0,77284,M,4895387.0,290764.0,77
201100041441,11,12,15,2005,3,1,1,3.0,2.0,77475,M,,,77
201100041442,11,12,23,1625,2,2,1,8.0,2.0,77284,M,,,77
201100041443,11,11,30,1720,3,1,1,8.0,7.0,77143,M,,,77
201100041444,11,1,12,2230,3,1,1,1.0,5.0,77394,M,,,77
201100041445,11,1,9,1755,5,2,3,1.0,6.0,77288,M,4854380.0,267795.0,77
201100041446,11,2,19,2200,5,2,2,2.0,6.0,77445,M,4860489.0,256698.0,77
201100041447,11,12,1,1035,1,2,1,1.0,6.0,77487,M,4852589.0,268466.0,77
201100041448,11,3,18,1307,1,1,1,1.0,3.0,77495,M,,,77
201100041449,11,3,11,1550,1,2,1,1.0,1.0,77040,M,,,77
201100041450,11,3,18,1415,1,1,1,8.0,3.0,77040,M,,,77
201100041451,11,3,28,1535,1,2,9,1.0,3.0,77288,M,4854652.0,265851.0,77
201100041452,11,4,2,1750,1,2,1,1.0,6.0,77152,M,,,77
201100041453,11,4,16,1300,1,2,1,1.0,7.0,77288,M,4854168.0,265870.0,77
201100041454,11,4,20,1505,1,1,3,1.0,3.0,77518,M,,,77
201100041455,11,5,16,510,5,1,1,1.0,3.0,77288,M,,,77
201100041456,11,5,25,1915,1,2,1,1.0,6.0,77288,M,4853000.0,265965.0,77
201100041457,11,6,10,430,3,1,1,1.0,7.0,77410,M,,,77
201100041458,11,6,29,2005,1,2,1,1.0,6.0,77152,M,4852408.0,264083.0,77
201100041459,11,7,13,830,1,2,1,1.0,3.0,77407,M,,,77
201100041460,11,8,23,605,3,2,1,1.0,6.0,77296,M,,,77
201100041461,11,7,19,800,1,2,1,3.0,2.0,77487,M,4853518.0,268847.0,77
201100041462,11,8,6,1300,1,2,1,1.0,2.0,77487,M,4853134.0,269287.0,77
201100041463,11,9,25,1850,1,2,3,1.0,3.0,77122,M,,,77
201100041464,11,7,28,1630,1,1,2,1.0,3.0,77306,M,,,77
201100041465,11,9,1,1100,1,2,1,1.0,7.0,77306,M,4859631.0,268591.0,77
201100041466,11,9,2,1045,1,2,4,1.0,3.0,77288,M,4854569.0,266225.0,77
201100041467,11,9,3,1520,1,2,2,1.0,3.0,77407,M,4853241.0,253505.0,77
201100041468,11,9,8,1600,1,2,1,8.0,6.0,77096,M,,,77
201100041469,11,9,15,1820,1,2,6,1.0,3.0,77288,M,,,77
201100041470,11,10,1,1910,1,2,4,1.0,1.0,77407,M,4856495.0,254195.0,77
201100041471,11,10,17,2020,3,1,1,1.0,4.0,77407,M,,,77
201100041472,11,11,22,1625,1,2,1,8.0,6.0,77407,M,4853086.0,254190.0,77
201100041473,11,8,12,1110,1,2,2,1.0,1.0,77487,M,4853395.0,267563.0,77
201100041474,11,9,30,1800,1,2,1,1.0,2.0,77288,M,,,77
201100041475,11,11,7,749,1,2,1,1.0,7.0,77288,M,4853695.0,266932.0,77
201100041476,11,11,18,1739,2,2,1,1.0,6.0,77288,M,,,77
201100041477,11,12,2,1315,1,2,3,1.0,2.0,77288,M,4855058.0,266825.0,77
201100041478,11,12,7,1300,1,1,6,8.0,3.0,77152,M,,,77
201100041479,11,12,13,5,3,1,1,2.0,6.0,77487,M,,,77
201100041480,11,12,16,50,5,2,1,3.0,6.0,77288,M,,,77
201100041481,11,9,16,130,3,1,1,9.0,2.0,77294,M,,,77
201100041482,11,3,8,1645,1,2,1,1.0,4.0,77294,M,,,77
201100041483,11,5,7,25,3,1,1,1.0,2.0,77294,M,,,77
201100041484,11,3,7,800,1,1,1,1.0,1.0,77292,M,,,77
201100041485,11,2,12,1050,1,2,3,1.0,3.0,77294,M,4895498.0,259496.0,77
201100041486,11,3,24,740,2,2,1,1.0,3.0,77123,M,,,77
201100041487,11,5,3,1320,1,2,2,1.0,6.0,77294,M,,,77
201100041488,11,7,1,1830,1,1,1,7.0,5.0,77294,M,,,77
201100041489,11,7,5,1515,1,1,1,7.0,5.0,77123,M,,,77
201100041490,11,8,18,700,1,1,1,1.0,3.0,77294,M,,,77
201100041491,11,8,20,1155,1,1,1,1.0,7.0,77214,M,,,77
201100041492,11,8,26,1455,1,2,4,8.0,1.0,77294,M,4896893.0,257682.0,77
201100041493,11,10,23,350,3,1,1,1.0,2.0,77294,M,,,77
201100041494,11,11,19,1635,1,1,1,1.0,6.0,77294,M,4896593.0,258907.0,77
201100041495,11,12,13,10,5,2,1,2.0,6.0,77292,M,,,77
201100041496,11,8,8,900,1,2,3,1.0,6.0,77294,M,,,77
201100041497,11,12,31,1130,1,1,1,2.0,1.0,77122,M,,,77
201100041498,11,1,11,700,5,2,6,3.0,6.0,77445,M,,,77
201100041499,11,1,17,1,3,2,1,1.0,7.0,77251,M,4861512.0,254491.0,77
201100041500,11,1,21,820,3,1,1,9.0,5.0,77384,M,,,77
201100041501,11,1,23,700,3,1,1,1.0,2.0,77495,M,,,77
201100041502,11,2,1,1740,1,2,1,1.0,1.0,77296,M,4862738.0,259069.0,77
201100041503,11,2,6,45,3,1,1,8.0,7.0,77114,M,,,77
201100041504,11,2,19,1010,1,2,1,2.0,6.0,77445,M,4858150.0,258212.0,77
201100041505,11,2,27,510,3,1,1,8.0,6.0,77296,M,,,77