Num_Acc,an,mois,jour,hrmn,lum,agg,int,atm,col,com,gps,lat,long,dep
201100041506,11,2,26,2055,5,1,2,8.0,3.0,77296,M,,,77
201100041507,11,3,14,1845,1,2,1,1.0,3.0,77326,M,,,77
201100041508,11,3,21,2310,5,1,2,1.0,3.0,77495,M,,,77
201100041509,11,3,23,1220,1,2,1,1.0,2.0,77122,M,4865583.0,256078.0,77
201100041510,11,3,25,905,1,1,1,1.0,2.0,77296,M,,,77
201100041511,11,3,29,1130,1,2,1,1.0,2.0,77251,M,,,77
201100041512,11,3,30,1640,1,2,2,1.0,6.0,77053,M,4869121.0,261027.0,77
201100041513,11,4,22,825,1,2,3,7.0,1.0,77445,M,4859479.0,256657.0,77
201100041514,11,4,22,1935,1,2,2,7.0,3.0,77122,M,,,77
201100041515,11,4,28,835,1,2,1,8.0,6.0,77114,M,4872542.0,265474.0,77
201100041516,11,4,29,1943,1,2,1,1.0,1.0,77122,M,4865447.0,256768.0,77
201100041517,11,5,12,806,1,2,2,1.0,3.0,77122,M,,,77
201100041518,11,5,18,805,1,2,1,1.0,3.0,77445,M,4860503.0,257129.0,77
201100041519,11,5,26,1355,1,2,3,1.0,1.0,77445,M,4860494.0,256849.0,77
201100041520,11,5,31,1430,1,2,1,1.0,3.0,77445,M,4858492.0,258165.0,77
201100041521,11,6,4,2245,5,2,1,2.0,6.0,77053,M,4869135.0,261079.0,77
201100041522,11,6,5,1455,1,2,9,1.0,3.0,77296,M,4862741.0,258401.0,77
201100041523,11,6,15,1649,1,2,2,1.0,3.0,77450,M,4871628.0,258992.0,77
201100041524,11,6,29,1340,1,2,1,1.0,6.0,77445,M,4860288.0,255464.0,77
201100041525,11,7,5,802,1,2,6,1.0,6.0,77251,M,4862864.0,256845.0,77
201100041526,11,7,20,410,5,2,1,2.0,6.0,77251,M,4863503.0,255815.0,77
201100041527,11,7,29,1526,1,2,1,1.0,1.0,77296,M,4862363.0,256668.0,77
201100041528,11,8,3,1902,1,2,1,1.0,2.0,77122,M,4866514.0,255722.0,77
201100041529,11,8,4,1350,1,2,2,1.0,3.0,77053,M,,,77
201100041530,11,8,10,1450,1,2,6,1.0,5.0,77251,M,,,77
201100041531,11,8,14,1635,1,2,6,1.0,3.0,77296,M,4862903.0,258032.0,77
201100041532,11,8,27,2115,5,2,3,1.0,3.0,77450,M,4871301.0,258305.0,77
201100041533,11,9,4,445,3,1,1,2.0,6.0,77495,M,4855752.0,261001.0,77
201100041534,11,9,24,2010,5,2,3,1.0,3.0,77053,M,,,77
201100041535,11,6,30,730,1,2,1,1.0,3.0,77450,M,,,77
201100041536,11,10,13,2150,5,2,3,1.0,3.0,77053,M,,,77
201100041537,11,10,14,1240,1,1,1,1.0,3.0,77296,M,4861149.0,258409.0,77
201100041538,11,10,15,2010,5,1,1,1.0,2.0,77251,M,4861833.0,254815.0,77
201100041539,11,10,21,710,3,1,1,9.0,7.0,77450,M,,,77
201100041540,11,10,19,1555,1,2,1,1.0,6.0,77495,M,,,77
201100041541,11,10,20,2025,5,2,1,1.0,2.0,77495,M,,,77
201100041542,11,10,20,1615,1,2,1,8.0,6.0,77296,M,4862383.0,259864.0,77
201100041543,11,10,20,815,1,2,3,1.0,3.0,77251,M,4863934.0,254326.0,77
201100041544,11,10,25,1540,1,1,1,2.0,4.0,77067,M,,,77
201100041545,11,10,31,835,1,2,2,1.0,3.0,77445,M,4858531.0,258056.0,77
201100041546,11,10,31,1810,5,2,1,1.0,6.0,77053,M,,,77
201100041547,11,11,2,1550,1,1,1,1.0,4.0,77114,M,,,77
201100041548,11,11,4,1350,1,1,3,1.0,2.0,77495,M,,,77
201100041549,11,11,14,730,2,1,1,1.0,6.0,77350,M,,,77
201100041550,11,11,17,1210,1,2,1,1.0,7.0,77445,M,4860415.0,254723.0,77
201100041551,11,11,17,2100,5,2,6,8.0,6.0,77122,M,,,77
201100041552,11,11,17,1745,5,2,1,2.0,6.0,77122,M,4865497.0,257834.0,77
201100041553,11,11,17,2320,5,2,1,1.0,6.0,77296,M,4862837.0,260124.0,77
201100041554,11,11,21,1735,5,2,1,1.0,6.0,77122,M,,,77
201100041555,11,11,23,1950,5,1,1,9.0,4.0,77251,M,,,77
201100041556,11,11,23,1600,1,2,1,1.0,6.0,77251,M,4863138.0,255252.0,77
201100041557,11,12,8,1720,5,2,1,1.0,1.0,77296,M,4862729.0,258040.0,77
201100041558,11,11,28,515,5,1,3,5.0,6.0,77445,M,4860096.0,258401.0,77
201100041559,11,12,13,1455,1,2,1,2.0,6.0,77067,M,4856381.0,260070.0,77
201100041560,11,12,21,1815,5,2,1,2.0,3.0,77067,M,,,77
201100041561,11,12,26,1015,1,2,9,5.0,6.0,77251,M,4863491.0,254287.0,77
201100041562,11,1,10,1920,5,2,5,1.0,6.0,77305,M,,,77
201100041563,11,1,14,2230,3,2,2,2.0,6.0,77305,M,,,77
201100041564,11,3,7,1400,1,1,6,1.0,7.0,77482,M,,,77
201100041565,11,3,7,1725,1,1,2,1.0,3.0,77279,M,,,77
201100041566,11,4,26,1115,1,1,3,1.0,3.0,77482,M,,,77
201100041567,11,6,1,2350,5,2,1,1.0,6.0,77210,M,4838672.0,289514.0,77
201100041568,11,9,9,2010,1,1,1,1.0,6.0,77409,M,,,77
201100041569,11,9,29,530,3,1,1,1.0,7.0,77172,M,,,77
201100041570,11,9,27,30,4,2,6,1.0,6.0,77061,M,,,77
201100041571,11,11,22,1645,1,2,2,1.0,5.0,77172,M,,,77
201100041572,11,10,20,520,3,1,1,1.0,7.0,77172,M,,,77
201100041573,11,12,4,200,5,2,1,2.0,7.0,77172,M,,,77
201100041574,11,12,8,1025,1,1,1,2.0,6.0,77279,M,,,77
201100041575,11,12,19,1750,2,2,3,2.0,6.0,77305,M,4839710.0,295548.0,77
201100041576,11,5,20,1715,1,1,4,9.0,1.0,77506,M,,,77
201100041577,11,6,8,1250,1,2,3,1.0,6.0,77079,M,4839422.0,279869.0,77
201100041578,11,7,22,1430,1,1,1,8.0,3.0,77501,M,,,77
201100041579,11,9,24,1700,1,1,1,1.0,6.0,77166,M,,,77
201100041580,11,11,5,1350,1,2,3,1.0,3.0,77079,M,,,77
201100041581,11,1,21,1400,1,2,4,1.0,3.0,77016,M,,,77
201100041582,11,3,6,1845,5,1,9,1.0,3.0,77048,M,,,77
201100041583,11,3,16,2145,5,2,1,1.0,6.0,77431,M,4828870.0,267640.0,77
201100041584,11,4,16,525,3,2,4,1.0,7.0,77048,M,4833157.0,268907.0,77
201100041585,11,6,2,1810,1,2,3,1.0,3.0,77458,M,4819049.0,274752.0,77
201100041586,11,6,5,110,5,2,3,1.0,6.0,77431,M,,,77
201100041587,11,6,6,2255,5,2,1,1.0,6.0,77458,M,,,77
201100041588,11,7,5,950,1,1,2,1.0,3.0,77458,M,4819172.0,275114.0,77
201100041589,11,8,1,1755,1,1,3,1.0,3.0,77431,M,,,77
201100041590,11,10,3,1630,1,1,1,7.0,1.0,77048,M,4832113.0,270374.0,77
201100041591,11,12,2,1435,1,2,1,1.0,3.0,77333,M,,,77
201100041592,11,12,12,1745,5,1,1,8.0,1.0,77370,M,0.0,0.0,77
201100041593,11,1,5,1745,5,2,1,2.0,6.0,77121,M,4884096.0,267113.0,77
201100041594,11,1,10,1610,1,2,1,1.0,6.0,77169,M,4883055.0,260205.0,77
201100041595,11,1,11,1615,1,2,2,1.0,3.0,77169,M,4881528.0,262104.0,77
201100041596,11,1,21,1915,5,2,1,1.0,6.0,77258,M,,,77
201100041597,11,1,21,1705,1,2,1,8.0,5.0,77468,M,,,77
201100041598,11,1,23,1945,5,2,1,2.0,6.0,77468,M,,,77
201100041599,11,1,27,1700,1,2,1,1.0,6.0,77468,M,4884757.0,265221.0,77
201100041600,11,1,27,2015,5,2,3,1.0,3.0,77258,M,,,77
201100041601,11,2,2,835,1,2,1,8.0,7.0,77258,M,,,77
201100041602,11,2,16,710,5,2,1,5.0,6.0,77468,M,4884208.0,265427.0,77
201100041603,11,2,21,2018,5,2,1,1.0,7.0,77258,M,4884085.0,263862.0,77
201100041604,11,2,20,2300,5,2,1,1.0,6.0,77468,M,4884757.0,265221.0,77
201100041605,11,3,3,1900,5,2,1,1.0,6.0,77258,M,4883568.0,263869.0,77
201100041606,11,3,8,1820,1,2,1,1.0,6.0,77468,M,4884358.0,264760.0,77
201100041607,11,4,22,1835,1,2,3,1.0,5.0,77083,M,4884684.0,260846.0,77
201100041608,11,4,26,1255,1,2,6,1.0,3.0,77083,M,4885524.0,258309.0,77
201100041609,11,4,29,2300,5,2,2,1.0,6.0,77468,M,,,77
201100041610,11,5,16,1545,1,2,3,1.0,6.0,77468,M,4885114.0,263805.0,77
201100041611,11,5,22,1900,1,2,2,1.0,5.0,77083,M,4885861.0,259380.0,77
201100041612,11,5,30,1810,1,2,1,1.0,6.0,77083,M,4884190.0,258395.0,77
201100041613,11,6,4,2025,1,2,1,1.0,2.0,77083,M,4885434.0,258049.0,77
201100041614,11,6,16,2100,1,2,2,1.0,3.0,77468,M,,,77
201100041615,11,6,22,845,1,2,6,3.0,3.0,77083,M,4883814.0,258566.0,77
201100041616,11,6,25,1255,1,2,1,1.0,6.0,77083,M,4885239.0,260637.0,77
201100041617,11,6,27,1345,1,2,3,1.0,3.0,77337,M,4884707.0,261865.0,77
201100041618,11,6,25,100,5,2,1,1.0,6.0,77258,M,4884009.0,263920.0,77
201100041619,11,7,7,1400,1,2,2,1.0,3.0,77121,M,4883890.0,267386.0,77
201100041620,11,7,15,1835,1,2,1,1.0,3.0,77146,M,,,77
201100041621,11,7,14,1845,1,2,1,1.0,3.0,77258,M,4883256.0,264128.0,77
201100041622,11,7,18,845,1,2,3,1.0,3.0,77083,M,,,77
201100041623,11,7,25,1855,1,2,2,1.0,6.0,77121,M,4883892.0,267354.0,77
201100041624,11,8,5,748,2,2,1,3.0,7.0,77468,M,,,77
201100041625,11,8,12,1115,1,2,1,1.0,7.0,77468,M,4885503.0,264110.0,77
201100041626,11,9,3,840,1,2,3,1.0,3.0,77468,M,4885091.0,265357.0,77
201100041627,11,9,15,1935,1,1,1,1.0,1.0,77146,M,,,77
201100041628,11,9,19,1230,1,2,3,1.0,4.0,77468,M,,,77
201100041629,11,9,30,510,5,2,2,1.0,3.0,77083,M,,,77
201100041630,11,10,7,1234,1,2,2,8.0,6.0,77337,M,4884384.0,261549.0,77
201100041631,11,10,17,705,3,1,6,1.0,3.0,77121,M,,,77
201100041632,11,10,25,1725,1,2,6,2.0,3.0,77258,M,,,77
201100041633,11,10,28,2000,5,2,2,1.0,3.0,77468,M,,,77
201100041634,11,11,1,1000,1,2,2,1.0,3.0,77468,M,4884977.0,264403.0,77
201100041635,11,11,14,1840,5,2,1,1.0,6.0,77468,M,4884958.0,264093.0,77
201100041636,11,11,17,1725,5,2,1,2.0,6.0,77468,M,4885079.0,265151.0,77
201100041637,11,11,25,1838,5,2,3,2.0,3.0,77337,M,4885085.0,262783.0,77
201100041638,11,11,25,1730,5,2,3,1.0,3.0,77121,M,4883726.0,266117.0,77
201100041639,11,12,1,1550,1,2,3,2.0,6.0,77337,M,4884375.0,261534.0,77
201100041640,11,12,9,1805,5,2,2,1.0,3.0,77337,M,4884709.0,261362.0,77
201100041641,11,12,15,750,2,2,2,1.0,3.0,77169,M,,,77
201100041642,11,12,19,1911,5,2,1,3.0,6.0,77337,M,4885098.0,262660.0,77
201100041643,11,12,23,830,2,2,2,2.0,6.0,77468,M,4884990.0,263804.0,77
201100041644,11,12,23,2020,4,2,1,2.0,6.0,77373,M,4877604.0,260815.0,77
201100041645,11,1,18,1400,1,2,1,2.0,2.0,77373,M,,,77
201100041646,11,1,23,1605,1,1,1,2.0,6.0,77390,M,,,77
201100041647,11,2,4,1620,1,2,1,1.0,6.0,77350,M,4876441.0,267982.0,77
201100041648,11,1,24,1335,1,2,1,1.0,3.0,77373,M,4879821.0,260493.0,77
201100041649,11,2,11,1930,5,2,1,1.0,1.0,77350,M,,,77
201100041650,11,2,4,1530,1,2,1,2.0,7.0,77350,M,4876082.0,268003.0,77
201100041651,11,3,16,1325,1,1,1,1.0,6.0,77350,M,,,77
201100041652,11,10,4,2140,3,2,1,2.0,6.0,77373,M,4878627.0,260658.0,77
201100041653,11,2,18,1700,1,2,1,1.0,6.0,77373,M,4877581.0,259885.0,77
201100041654,11,3,9,1600,1,2,1,1.0,2.0,77390,M,,,77
201100041655,11,4,4,1915,1,2,1,1.0,2.0,77350,M,4876365.0,267750.0,77
201100041656,11,4,13,2040,2,2,1,1.0,3.0,77390,M,4878436.0,264958.0,77
201100041657,11,4,15,2040,2,1,1,1.0,2.0,77180,M,,,77
201100041658,11,4,17,2220,3,1,1,1.0,2.0,77350,M,,,77
201100041659,11,4,16,1700,1,2,1,1.0,2.0,77373,M,4877785.0,260611.0,77
201100041660,11,4,9,1805,1,2,1,1.0,2.0,77390,M,,,77
201100041661,11,5,11,1320,1,2,3,1.0,3.0,77373,M,4880309.0,261851.0,77
201100041662,11,6,23,1730,1,2,2,1.0,3.0,77373,M,4879034.0,260730.0,77
201100041663,11,6,20,1600,1,2,1,1.0,2.0,77373,M,4877764.0,260157.0,77
201100041664,11,5,30,1735,1,2,1,1.0,7.0,77373,M,4880222.0,260759.0,77
201100041665,11,6,1,1525,1,2,1,1.0,7.0,77373,M,4880608.0,260020.0,77
201100041666,11,6,27,1110,1,2,1,1.0,6.0,77215,M,,,77
201100041667,11,7,19,1905,1,1,9,3.0,6.0,77350,M,,,77
201100041668,11,8,1,1400,1,1,1,1.0,6.0,77350,M,,,77
201100041669,11,7,31,900,1,2,8,1.0,3.0,77215,M,,,77
201100041670,11,7,1,2225,3,1,1,1.0,6.0,77215,M,,,77
201100041671,11,8,11,1055,1,2,2,1.0,3.0,77373,M,4879512.0,260745.0,77
201100041672,11,9,11,15,3,1,1,1.0,2.0,77350,M,,,77
201100041673,11,9,13,2105,5,2,3,1.0,2.0,77215,M,,,77
201100041674,11,9,8,1230,1,2,6,2.0,2.0,77350,M,4877682.0,268247.0,77
201100041675,11,9,15,1810,1,2,4,1.0,3.0,77350,M,4876319.0,269507.0,77
201100041676,11,9,13,1545,1,2,1,1.0,3.0,77373,M,4879897.0,260693.0,77
201100041677,11,9,19,1255,1,2,1,1.0,3.0,77373,M,4879162.0,261297.0,77
201100041678,11,9,25,1510,1,2,1,1.0,6.0,77350,M,4877590.0,268562.0,77
201100041679,11,9,29,1350,1,2,2,1.0,6.0,77373,M,4879402.0,260450.0,77
201100041680,11,10,13,1810,1,1,1,1.0,2.0,77373,M,,,77
201100041681,11,10,21,2015,5,2,1,2.0,6.0,77390,M,4879159.0,266469.0,77
201100041682,11,10,25,1428,1,2,1,1.0,6.0,77373,M,4880601.0,261757.0,77
201100041683,11,11,1,1605,1,2,2,2.0,3.0,77373,M,4877619.0,260710.0,77
201100041684,11,12,9,800,2,2,1,2.0,3.0,77373,M,4877784.0,260506.0,77
201100041685,11,12,14,1015,1,2,1,1.0,3.0,77373,M,4878156.0,260512.0,77
201100041686,11,12,17,1025,1,2,6,2.0,6.0,77373,M,4879714.0,261542.0,77
201100041687,11,1,6,1800,3,1,3,2.0,3.0,77368,M,,,77
201100041688,11,4,13,1300,1,1,1,1.0,6.0,77379,M,4855627.0,331862.0,77
201100041689,11,7,21,1855,1,1,1,2.0,3.0,77319,M,,,77
201100041690,11,8,16,2130,2,1,1,1.0,7.0,77459,M,,,77
201100041691,11,9,15,525,2,2,2,1.0,3.0,77459,M,,,77
201100041692,11,9,29,1630,1,1,1,1.0,3.0,77368,M,,,77
201100041693,11,10,2,1335,1,2,3,1.0,1.0,77404,M,,,77
201100041694,11,11,8,1440,1,1,3,1.0,5.0,77459,M,,,77
201100041695,11,12,29,1253,1,2,1,7.0,6.0,77379,M,,,77
201100041696,11,1,9,1515,1,2,3,1.0,2.0,77118,M,,,77
201100041697,11,1,12,1135,1,2,3,2.0,6.0,77514,M,4894870.0,260223.0,77
201100041698,11,1,18,1655,1,1,1,1.0,7.0,77118,M,,,77
201100041699,11,2,8,1625,1,2,1,1.0,2.0,77118,M,4894485.0,268414.0,77
201100041700,11,2,8,1220,1,2,4,1.0,6.0,77118,M,4895046.0,267162.0,77
201100041701,11,1,18,850,1,2,3,1.0,3.0,77514,M,,,77
201100041702,11,2,19,2000,3,1,9,2.0,3.0,77118,M,,,77
201100041703,11,2,3,450,2,1,1,2.0,2.0,77118,M,,,77
201100041704,11,2,24,2035,5,2,1,1.0,1.0,77514,M,,,77
201100041705,11,3,2,2140,5,2,2,1.0,3.0,77514,M,4894462.0,259865.0,77
201100041706,11,3,6,1215,1,2,3,1.0,3.0,77514,M,,,77
201100041707,11,3,16,1830,1,1,9,1.0,6.0,77514,M,4895030.0,261508.0,77
201100041708,11,3,1,1724,1,2,1,1.0,6.0,77514,M,4894181.0,262141.0,77
201100041709,11,3,24,645,2,1,1,1.0,4.0,77118,M,,,77
201100041710,11,3,27,520,3,1,1,2.0,2.0,77118,M,,,77
201100041711,11,3,26,1700,1,2,9,1.0,6.0,77118,M,4894722.0,266387.0,77
201100041712,11,4,2,1620,1,2,9,1.0,3.0,77118,M,,,77
201100041713,11,7,28,1715,1,1,3,2.0,6.0,77118,M,,,77
201100041714,11,7,30,1527,1,2,1,1.0,6.0,77118,M,4894899.0,266225.0,77
201100041715,11,8,22,1745,1,2,1,1.0,5.0,77514,M,,,77
201100041716,11,8,30,1525,1,2,2,1.0,3.0,77514,M,4894130.0,260655.0,77
201100041717,11,10,22,1935,4,2,4,1.0,1.0,77294,M,,,77
201100041718,11,10,13,1815,2,2,1,1.0,6.0,77514,M,,,77
201100041719,11,11,2,1245,1,2,2,1.0,3.0,77514,M,4893674.0,261337.0,77
201100041720,11,12,31,1400,1,2,3,1.0,5.0,78126,M,,,78
201100041721,11,3,7,1825,2,2,3,1.0,3.0,78126,M,4885130.0,214136.0,78
201100041722,11,6,8,2130,2,2,1,1.0,3.0,78092,M,,,78
201100041723,11,8,9,1250,1,2,2,1.0,6.0,78092,M,,,78
201100041724,11,8,20,1945,1,2,2,1.0,7.0,78126,M,,,78
201100041725,11,8,22,1830,1,1,9,1.0,6.0,78126,M,,,78
201100041726,11,9,21,1330,1,2,2,1.0,6.0,78092,M,,,78
201100041727,11,10,4,1555,1,2,1,1.0,6.0,78092,M,,,78
201100041728,11,10,20,955,1,2,3,1.0,6.0,78126,M,,,78
201100041729,11,10,24,1925,5,2,1,1.0,3.0,78126,M,,,78
201100041730,11,11,15,1400,1,2,3,1.0,2.0,78092,M,,,78
201100041731,11,12,19,1730,5,2,3,2.0,2.0,78092,M,,,78
201100041732,11,1,20,1245,1,1,1,1.0,6.0,78005,M,4895620.0,205797.0,78
201100041733,11,2,23,1745,2,2,1,2.0,6.0,78015,M,4897940.0,205867.0,78
201100041734,11,4,17,1750,1,2,3,1.0,3.0,78172,M,4899060.0,208686.0,78
201100041735,11,5,9,2050,2,2,1,1.0,6.0,78172,M,4899210.0,211643.0,78
201100041736,11,5,4,1700,1,1,2,1.0,1.0,78005,M,4896640.0,206400.0,78
201100041737,11,5,21,1330,1,2,1,1.0,4.0,95218,M,4900980.0,210470.0,95
201100041738,11,5,23,830,1,2,3,1.0,6.0,78015,M,4897520.0,205064.0,78
201100041739,11,5,25,1830,1,2,3,1.0,6.0,78172,M,4899480.0,209541.0,78
201100041740,11,8,18,1915,1,2,3,1.0,7.0,78138,M,,,78
201100041741,11,8,29,1755,1,2,2,1.0,1.0,78138,M,,,78
201100041742,11,9,5,1558,1,2,1,1.0,6.0,78005,M,,,78
201100041743,11,8,31,1045,1,1,1,9.0,2.0,78172,M,,,78
201100041744,11,10,28,1045,1,2,2,1.0,5.0,78172,M,,,78
201100041745,11,1,7,1815,5,2,3,2.0,4.0,78208,M,4876090.0,197231.0,78
201100041746,11,1,18,1640,1,2,2,1.0,3.0,78383,M,4877250.0,193978.0,78
201100041747,11,1,22,1130,1,2,2,1.0,6.0,78208,M,4877800.0,194489.0,78
201100041748,11,1,11,640,5,2,2,3.0,3.0,78168,M,4874860.0,192496.0,78
201100041749,11,2,9,1810,5,2,3,1.0,6.0,78208,M,4876810.0,195041.0,78
201100041750,11,2,12,530,5,2,1,1.0,6.0,78168,M,4875670.0,193994.0,78
201100041751,11,2,16,1845,5,2,6,1.0,3.0,78168,M,4874860.0,192496.0,78
201100041752,11,3,11,830,1,2,1,1.0,6.0,78383,M,4877020.0,194561.0,78
201100041753,11,3,21,1845,2,2,2,1.0,2.0,78168,M,4873990.0,191081.0,78
201100041754,11,3,21,1615,1,2,2,1.0,3.0,78397,M,4874240.0,194460.0,78
201100041755,11,3,22,1830,1,2,3,1.0,3.0,78208,M,4876090.0,197231.0,78
201100041756,11,3,24,1315,1,2,2,1.0,2.0,78168,M,4873990.0,191081.0,78
201100041757,11,3,26,2220,5,2,1,2.0,6.0,78168,M,4875630.0,193292.0,78
201100041758,11,3,25,1730,1,2,1,1.0,4.0,78168,M,4875060.0,192928.0,78
201100041759,11,4,13,1125,1,2,2,1.0,2.0,78168,M,4873990.0,191081.0,78
201100041760,11,4,18,900,1,2,1,1.0,6.0,78644,M,4875610.0,194483.0,78
201100041761,11,4,20,1855,1,2,3,1.0,3.0,78168,M,4875580.0,193902.0,78
201100041762,11,4,20,1650,1,2,3,1.0,3.0,78208,M,4876090.0,197231.0,78
201100041763,11,4,23,1910,1,2,5,3.0,3.0,78168,M,4874890.0,192557.0,78
201100041764,11,5,7,110,5,2,1,1.0,2.0,78168,M,4873840.0,190914.0,78
201100041765,11,5,17,1850,1,2,1,1.0,4.0,78383,M,4876400.0,193843.0,78
201100041766,11,6,3,2045,1,2,1,1.0,1.0,78383,M,,,78
201100041767,11,6,24,1730,1,2,2,1.0,2.0,78168,M,,,78
201100041768,11,6,30,730,1,2,3,1.0,4.0,78168,M,,,78
201100041769,11,7,4,945,1,2,1,1.0,1.0,78208,M,,,78
201100041770,11,7,15,940,1,1,6,1.0,3.0,78383,M,,,78
201100041771,11,7,23,1020,1,1,1,1.0,1.0,78208,M,,,78
201100041772,11,7,23,1500,1,2,1,1.0,2.0,78208,M,,,78
201100041773,11,8,1,1730,1,2,6,1.0,6.0,78383,M,,,78
201100041774,11,8,7,1200,1,2,1,1.0,2.0,78397,M,,,78
201100041775,11,8,18,2230,5,2,6,1.0,2.0,78208,M,,,78
201100041776,11,9,1,1830,1,2,3,1.0,2.0,78208,M,,,78
201100041777,11,9,7,915,1,2,1,1.0,3.0,78208,M,,,78
201100041778,11,9,7,1235,1,2,6,1.0,3.0,78383,M,,,78
201100041779,11,9,14,1215,1,2,3,1.0,6.0,78208,M,,,78
201100041780,11,9,16,1545,1,2,1,1.0,6.0,78383,M,,,78
201100041781,11,9,19,1700,1,2,1,1.0,6.0,78383,M,,,78
201100041782,11,9,15,1650,1,2,1,1.0,2.0,78208,M,,,78
201100041783,11,9,24,1915,2,2,3,1.0,3.0,78383,M,,,78
201100041784,11,9,29,1715,1,2,1,1.0,4.0,78383,M,,,78
201100041785,11,10,9,1900,2,2,1,1.0,6.0,78168,M,,,78
201100041786,11,10,21,1215,1,1,1,1.0,4.0,78383,M,,,78
201100041787,11,10,24,1900,2,2,3,1.0,3.0,78208,M,,,78
201100041788,11,11,12,1430,1,2,1,1.0,3.0,78168,M,,,78
201100041789,11,11,16,1715,5,2,1,1.0,3.0,78383,M,,,78
201100041790,11,11,19,1850,5,2,1,1.0,7.0,78383,M,,,78
201100041791,11,11,22,1730,5,2,6,1.0,6.0,78208,M,,,78
201100041792,11,11,23,835,2,2,1,5.0,6.0,78208,M,,,78
201100041793,11,11,30,900,1,1,1,1.0,7.0,78397,M,,,78
201100041794,11,12,4,30,3,1,1,2.0,6.0,78644,M,,,78
201100041795,11,12,9,1455,1,2,6,2.0,4.0,78208,M,,,78
201100041796,11,12,12,1915,5,2,1,2.0,6.0,78383,M,,,78
201100041797,11,12,19,1935,5,2,1,3.0,6.0,78383,M,,,78
201100041798,11,12,27,1035,1,2,3,1.0,6.0,78423,M,,,78
201100041799,11,1,18,720,5,2,3,1.0,6.0,78423,M,4878730.0,204549.0,78
201100041800,11,1,21,1950,5,2,9,1.0,7.0,78423,M,4877060.0,204647.0,78
201100041801,11,1,26,715,2,2,2,3.0,6.0,78688,M,4876110.0,206042.0,78
201100041802,11,1,31,800,2,2,3,1.0,3.0,78297,M,4877220.0,206086.0,78
201100041803,11,1,31,1900,5,2,2,1.0,6.0,78423,M,4877950.0,203933.0,78
201100041804,11,2,2,1,3,1,4,9.0,6.0,78423,M,4878290.0,203210.0,78
201100041805,11,2,3,1905,3,2,1,1.0,2.0,78297,M,4878670.0,205531.0,78
201100041806,11,2,13,1730,1,2,6,1.0,2.0,78297,M,4877110.0,205521.0,78
201100041807,11,2,15,1745,1,2,2,1.0,6.0,78423,M,4876830.0,201816.0,78
201100041808,11,2,20,1705,1,1,1,1.0,2.0,78423,M,4878240.0,203121.0,78
201100041809,11,2,28,925,1,2,2,7.0,1.0,78423,M,4879270.0,204346.0,78
201100041810,11,3,6,2050,5,2,1,1.0,6.0,78423,M,4878080.0,204192.0,78
201100041811,11,3,8,1605,1,2,1,1.0,1.0,78297,M,4877750.0,209702.0,78
201100041812,11,3,30,1220,1,2,1,1.0,1.0,78423,M,4878130.0,203194.0,78
201100041813,11,4,10,1915,1,2,7,1.0,3.0,78297,M,4876980.0,206996.0,78
201100041814,11,4,28,835,1,1,1,1.0,2.0,78297,M,4877790.0,209592.0,78
201100041815,11,5,1,15,5,1,1,1.0,6.0,78423,M,4878350.0,203379.0,78
201100041816,11,5,4,925,1,2,3,1.0,3.0,78688,M,4876340.0,205492.0,78
201100041817,11,5,17,1740,1,2,1,1.0,6.0,78423,M,4877880.0,204115.0,78
201100041818,11,5,24,655,1,2,6,1.0,6.0,78297,M,4877110.0,205526.0,78
201100041819,11,6,12,356,5,2,3,1.0,3.0,78423,M,,,78
201100041820,11,6,18,500,5,2,2,2.0,3.0,78423,M,,,78
201100041821,11,6,26,1710,1,2,3,1.0,3.0,78423,M,,,78
201100041822,11,7,7,1405,1,2,4,1.0,2.0,78423,M,,,78
201100041823,11,7,20,1230,1,2,1,1.0,2.0,78297,M,,,78
201100041824,11,7,31,1545,1,1,1,1.0,6.0,78297,M,,,78
201100041825,11,8,1,1930,1,2,1,1.0,3.0,78297,M,,,78
201100041826,11,8,4,1640,1,2,7,1.0,6.0,78297,M,,,78
201100041827,11,8,9,900,1,2,9,1.0,3.0,78423,M,,,78
201100041828,11,8,11,950,1,2,2,1.0,5.0,78297,M,,,78
201100041829,11,8,31,810,1,2,4,1.0,2.0,78423,M,,,78
201100041830,11,9,1,820,1,2,7,1.0,6.0,78423,M,,,78
201100041831,11,9,5,1130,1,2,3,1.0,6.0,78423,M,,,78
201100041832,11,9,6,1840,1,2,1,1.0,6.0,78423,M,,,78
201100041833,11,9,9,1210,1,2,2,8.0,1.0,78688,M,,,78
201100041834,11,9,14,1700,1,2,2,1.0,3.0,78297,M,,,78
201100041835,11,9,27,1545,1,2,2,1.0,4.0,78423,M,,,78
201100041836,11,9,28,920,1,1,4,1.0,2.0,78423,M,,,78
201100041837,11,10,12,800,1,2,1,1.0,4.0,78423,M,,,78