Num_Acc,an,mois,jour,hrmn,lum,agg,int,atm,col,com,gps,lat,long,dep
201100041838,11,10,2,1530,1,2,1,1.0,6.0,78423,M,,,78
201100041839,11,9,4,1625,1,2,1,2.0,6.0,78423,M,,,78
201100041840,11,9,19,335,5,1,1,1.0,6.0,78297,M,,,78
201100041841,11,10,5,1955,5,2,6,1.0,6.0,78423,M,,,78
201100041842,11,11,3,1800,5,2,1,2.0,6.0,78423,M,,,78
201100041843,11,11,8,1715,5,2,2,3.0,2.0,78423,M,,,78
201100041844,11,9,7,821,1,2,1,1.0,2.0,78423,M,,,78
201100041845,11,11,4,820,1,2,6,1.0,6.0,78423,M,,,78
201100041846,11,11,8,755,2,2,3,2.0,6.0,78423,M,,,78
201100041847,11,11,9,1225,1,2,7,1.0,6.0,78423,M,,,78
201100041848,11,11,22,820,1,2,6,1.0,6.0,78688,M,,,78
201100041849,11,11,22,1840,5,2,1,1.0,3.0,78297,M,,,78
201100041850,11,11,26,815,2,2,3,5.0,6.0,78423,M,,,78
201100041851,11,10,17,1810,1,2,6,1.0,2.0,78297,M,,,78
201100041852,11,11,30,930,1,2,3,1.0,6.0,78297,M,,,78
201100041853,11,11,30,1415,1,2,1,1.0,6.0,78423,M,,,78
201100041854,11,12,3,2345,5,2,2,2.0,5.0,78423,M,,,78
201100041855,11,12,2,1555,1,2,6,1.0,2.0,78423,M,,,78
201100041856,11,12,8,1240,1,2,6,2.0,2.0,78297,M,,,78
201100041857,11,12,13,1805,5,2,2,2.0,6.0,78297,M,,,78
201100041858,11,12,18,1005,1,2,6,9.0,2.0,78688,M,,,78
201100041859,11,12,19,1958,5,2,3,3.0,6.0,78423,M,,,78
201100041860,11,1,9,550,2,2,2,3.0,3.0,78311,M,4892680.0,219234.0,78
201100041861,11,2,1,1810,5,2,1,1.0,6.0,78124,M,4891130.0,216592.0,78
201100041862,11,3,3,1925,5,2,4,1.0,3.0,78311,M,4892500.0,219583.0,78
201100041863,11,3,6,1415,1,2,3,1.0,6.0,78311,M,4892680.0,219234.0,78
201100041864,11,5,5,1815,1,2,2,1.0,6.0,78311,M,4892740.0,219135.0,78
201100041865,11,5,25,805,1,2,2,1.0,6.0,78311,M,4892570.0,218573.0,78
201100041866,11,5,25,2100,1,2,1,1.0,1.0,78311,M,4893330.0,217634.0,78
201100041867,11,5,28,1500,1,2,1,1.0,4.0,78311,M,4893320.0,218006.0,78
201100041868,11,6,7,1320,1,2,1,2.0,6.0,78311,M,,,78
201100041869,11,6,28,1110,1,2,3,1.0,6.0,78311,M,,,78
201100041870,11,6,30,825,1,2,3,1.0,2.0,78311,M,,,78
201100041871,11,7,1,1910,1,2,1,1.0,6.0,78311,M,,,78
201100041872,11,7,22,725,1,2,1,1.0,3.0,78311,M,,,78
201100041873,11,10,24,1000,1,2,7,1.0,6.0,78311,M,,,78
201100041874,11,11,18,1840,5,2,3,1.0,6.0,78311,M,,,78
201100041875,11,12,14,1900,5,2,2,1.0,3.0,78311,M,,,78
201100041876,11,12,18,1832,5,2,1,2.0,3.0,78124,M,,,78
201100041877,11,12,17,725,5,2,1,1.0,1.0,78311,M,,,78
201100041878,11,12,16,1820,2,2,3,2.0,6.0,78311,M,,,78
201100041879,11,12,21,1315,1,2,3,2.0,3.0,78311,M,,,78
201100041880,11,12,27,1250,1,2,3,1.0,7.0,78124,M,,,78
201100041881,11,12,21,1640,1,2,3,1.0,3.0,78311,M,,,78
201100041882,11,4,30,1825,1,2,1,1.0,6.0,78311,M,4892150.0,218614.0,78
201100041883,11,7,5,1505,1,2,1,1.0,1.0,78311,M,,,78
201100041884,11,11,7,900,1,2,1,1.0,3.0,78311,M,,,78
201100041885,11,11,13,115,5,2,1,1.0,1.0,78124,M,,,78
201100041886,11,1,4,1715,1,2,3,1.0,6.0,78358,M,4894390.0,213295.0,78
201100041887,11,1,21,1910,5,2,1,1.0,3.0,78358,M,4894730.0,214677.0,78
201100041888,11,2,24,1335,1,2,2,1.0,3.0,78358,M,4894410.0,214289.0,78
201100041889,11,3,1,850,1,2,2,1.0,3.0,78358,M,4896010.0,216363.0,78
201100041890,11,4,8,840,1,2,7,1.0,3.0,78358,M,4895270.0,214354.0,78
201100041891,11,4,27,1920,1,2,1,1.0,2.0,78396,M,4894010.0,213197.0,78
201100041892,11,8,30,1600,1,2,1,1.0,6.0,78396,M,,,78
201100041893,11,12,9,735,5,2,1,2.0,6.0,78358,M,,,78
201100041894,11,12,10,1340,1,2,2,1.0,1.0,78358,M,,,78
201100041895,11,1,12,1835,5,2,1,2.0,2.0,78118,M,4898920.0,167787.0,78
201100041896,11,1,14,2310,5,2,3,1.0,3.0,78267,M,4897420.0,180041.0,78
201100041897,11,1,16,500,5,2,1,1.0,7.0,78327,M,4899130.0,185703.0,78
201100041898,11,1,16,1345,1,2,1,1.0,1.0,78335,M,4898740.0,174414.0,78
201100041899,11,1,16,1645,1,2,1,1.0,6.0,78335,M,4898620.0,173226.0,78
201100041900,11,1,29,2205,3,1,1,1.0,6.0,78361,M,4899820.0,166062.0,78
201100041901,11,2,10,1935,5,2,1,1.0,6.0,78361,M,4898980.0,172200.0,78
201100041902,11,3,15,1005,1,2,1,1.0,6.0,78361,M,4899400.0,171516.0,78
201100041903,11,3,25,1820,1,2,2,1.0,6.0,78361,M,4899880.0,168413.0,78
201100041904,11,3,30,1915,1,2,1,2.0,6.0,78361,M,4899280.0,169453.0,78
201100041905,11,4,6,1610,1,2,3,1.0,6.0,78361,M,4900050.0,169114.0,78
201100041906,11,4,8,1115,1,2,2,1.0,5.0,78335,M,4899220.0,174192.0,78
201100041907,11,4,8,1625,1,2,1,1.0,1.0,78335,M,4898400.0,175846.0,78
201100041908,11,4,20,1245,1,2,1,1.0,6.0,78361,M,4899950.0,168427.0,78
201100041909,11,4,20,2030,1,2,1,1.0,3.0,78362,M,4897630.0,170335.0,78
201100041910,11,4,26,1545,1,2,1,1.0,5.0,78354,M,4897690.0,169317.0,78
201100041911,11,4,26,1715,1,2,2,1.0,6.0,78354,M,4897030.0,168508.0,78
201100041912,11,5,2,2025,1,2,2,8.0,1.0,78402,M,4895830.0,180460.0,78
201100041913,11,5,5,2300,3,1,1,1.0,6.0,78335,M,4900860.0,172604.0,78
201100041914,11,5,5,820,1,2,1,1.0,3.0,78361,M,4899920.0,171388.0,78
201100041915,11,5,10,1415,1,2,2,1.0,3.0,78361,M,4899380.0,170701.0,78
201100041916,11,5,22,1325,1,2,1,1.0,6.0,78402,M,4894690.0,178559.0,78
201100041917,11,5,29,2025,1,2,1,1.0,6.0,78362,M,4897630.0,170335.0,78
201100041918,11,5,31,740,1,2,1,8.0,6.0,78361,M,4898990.0,171221.0,78
201100041919,11,6,1,1530,1,2,3,1.0,6.0,78361,M,,,78
201100041920,11,6,10,220,5,2,3,1.0,6.0,78361,M,,,78
201100041921,11,6,11,1220,1,2,3,1.0,3.0,78361,M,,,78
201100041922,11,6,24,1015,1,2,1,1.0,6.0,78361,M,,,78
201100041923,11,7,5,2100,1,1,2,8.0,4.0,78362,M,,,78
201100041924,11,7,8,1240,1,2,1,1.0,3.0,78118,M,,,78
201100041925,11,7,31,155,5,2,1,1.0,6.0,78327,M,,,78
201100041926,11,8,10,1925,1,2,3,1.0,6.0,78354,M,,,78
201100041927,11,8,12,140,5,1,3,8.0,2.0,78267,M,,,78
201100041928,11,8,19,1,5,2,3,1.0,3.0,78314,M,,,78
201100041929,11,8,22,1600,1,2,6,8.0,3.0,78362,M,,,78
201100041930,11,8,23,935,1,2,2,2.0,3.0,78354,M,,,78
201100041931,11,9,4,1835,1,2,2,1.0,3.0,78361,M,,,78
201100041932,11,9,4,2015,2,2,1,1.0,6.0,78217,M,,,78
201100041933,11,9,17,1710,1,2,1,1.0,6.0,78314,M,,,78
201100041934,11,9,22,1910,2,2,1,1.0,5.0,78327,M,,,78
201100041935,11,9,23,1915,1,2,1,1.0,6.0,78361,M,,,78
201100041936,11,10,1,1255,1,2,3,1.0,3.0,78362,M,,,78
201100041937,11,10,11,2100,5,2,1,8.0,6.0,78361,M,,,78
201100041938,11,11,9,2000,5,2,1,1.0,6.0,78335,M,,,78
201100041939,11,11,21,1650,2,2,1,1.0,6.0,78361,M,,,78
201100041940,11,12,9,150,5,2,4,1.0,6.0,78361,M,,,78
201100041941,11,12,14,1850,4,2,1,1.0,2.0,78362,M,,,78
201100041942,11,12,18,130,5,2,1,2.0,7.0,78217,M,,,78
201100041943,11,3,27,1000,1,2,1,2.0,4.0,78350,M,4887840.0,210815.0,78
201100041944,11,4,23,718,2,2,1,1.0,6.0,78350,M,4885740.0,210695.0,78
201100041945,11,5,3,920,1,2,4,1.0,6.0,78372,M,4887260.0,210206.0,78
201100041946,11,5,3,1905,1,2,9,1.0,2.0,78350,M,4886260.0,211092.0,78
201100041947,11,6,21,1012,1,2,2,8.0,6.0,78350,M,,,78
201100041948,11,6,25,205,5,2,4,1.0,3.0,78502,M,,,78
201100041949,11,7,10,1,5,2,2,1.0,6.0,78350,M,,,78
201100041950,11,7,7,1925,1,2,3,1.0,6.0,78502,M,,,78
201100041951,11,8,20,1315,1,2,2,1.0,3.0,78350,M,,,78
201100041952,11,7,14,1715,1,2,1,1.0,6.0,78502,M,,,78
201100041953,11,9,21,735,1,2,3,1.0,6.0,78502,M,,,78
201100041954,11,10,3,1720,1,2,3,1.0,2.0,78502,M,,,78
201100041955,11,10,14,1755,1,2,3,1.0,3.0,78372,M,,,78
201100041956,11,10,7,15,5,2,9,1.0,3.0,78502,M,,,78
201100041957,11,12,1,1600,1,2,1,8.0,2.0,78350,M,,,78
201100041958,11,1,5,1405,1,2,1,1.0,6.0,78440,M,4898110.0,191251.0,78
201100041959,11,12,18,900,1,1,1,1.0,6.0,78440,M,,,78
201100041960,11,1,10,1035,1,1,6,1.0,2.0,78238,M,4897040.0,186396.0,78
201100041961,11,11,25,1000,1,1,5,1.0,3.0,78299,M,,,78
201100041962,11,11,25,835,1,1,3,1.0,3.0,78227,M,,,78
201100041963,11,1,11,1800,5,2,1,1.0,3.0,78401,M,4900570.0,191594.0,78
201100041964,11,1,14,530,5,2,2,1.0,3.0,78440,M,4899720.0,191138.0,78
201100041965,11,12,29,1910,5,2,3,2.0,2.0,78440,M,,,78
201100041966,11,11,25,2050,5,2,2,1.0,6.0,78440,M,,,78
201100041967,11,1,16,1930,5,2,1,1.0,7.0,78029,M,4897510.0,184303.0,78
201100041968,11,1,27,930,1,1,1,2.0,3.0,78401,M,4901520.0,192140.0,78
201100041969,11,1,21,740,3,2,1,9.0,6.0,78440,M,4899460.0,192236.0,78
201100041970,11,1,28,725,5,2,1,1.0,6.0,78401,M,4900620.0,190616.0,78
201100041971,11,1,30,2300,5,2,1,1.0,1.0,78440,M,4899100.0,191468.0,78
201100041972,11,2,5,200,5,2,1,5.0,6.0,78638,M,4900950.0,194949.0,78
201100041973,11,2,16,1000,1,2,6,1.0,7.0,78440,M,4897460.0,191660.0,78
201100041974,11,2,16,1330,1,2,1,1.0,5.0,78440,M,4899350.0,191205.0,78
201100041975,11,2,19,1550,1,2,1,3.0,3.0,78440,M,4898980.0,190672.0,78
201100041976,11,2,21,1000,1,2,3,1.0,3.0,78029,M,4895820.0,184426.0,78
201100041977,11,2,24,2000,4,2,1,1.0,6.0,78029,M,4896250.0,185167.0,78
201100041978,11,3,1,2150,3,1,1,1.0,2.0,78609,M,4902690.0,191249.0,78
201100041979,11,3,3,2000,3,2,3,1.0,3.0,78440,M,4898660.0,192258.0,78
201100041980,11,3,11,1730,1,2,5,1.0,6.0,78299,M,4900740.0,189727.0,78
201100041981,11,3,12,110,5,2,2,1.0,3.0,78401,M,4900430.0,190698.0,78
201100041982,11,3,20,1440,1,2,2,1.0,3.0,78440,M,4898830.0,190937.0,78
201100041983,11,3,20,2300,3,1,1,1.0,6.0,78609,M,4901390.0,190928.0,78
201100041984,11,3,24,1600,1,2,3,1.0,3.0,78029,M,4895450.0,185499.0,78
201100041985,11,3,24,1000,1,1,1,1.0,3.0,78238,M,4896560.0,186559.0,78
201100041986,11,3,25,1715,1,2,1,1.0,6.0,78029,M,4896910.0,184953.0,78
201100041987,11,3,26,1230,1,2,3,1.0,3.0,78609,M,4901810.0,191253.0,78
201100041988,11,3,30,1215,1,2,6,1.0,4.0,78440,M,4898360.0,189164.0,78
201100041989,11,4,8,1150,1,2,1,1.0,4.0,78440,M,4897890.0,191362.0,78
201100041990,11,4,9,1815,1,2,6,1.0,3.0,78238,M,4896720.0,186532.0,78
201100041991,11,4,12,1210,1,2,1,1.0,3.0,78440,M,4899290.0,190922.0,78
201100041992,11,4,26,1630,1,2,6,1.0,6.0,78029,M,4896190.0,185789.0,78
201100041993,11,4,26,2015,1,2,1,1.0,6.0,78440,M,,,78
201100041994,11,4,27,1510,1,2,1,1.0,1.0,78029,M,4897020.0,185886.0,78
201100041995,11,5,1,2020,3,1,1,1.0,1.0,78227,M,4901910.0,195470.0,78
201100041996,11,5,13,1815,1,2,1,7.0,1.0,78029,M,4895680.0,186263.0,78
201100041997,11,4,29,2215,5,1,6,1.0,6.0,78238,M,4896340.0,186266.0,78
201100041998,11,5,21,1547,1,1,1,1.0,5.0,78227,M,4901510.0,193864.0,78
201100041999,11,5,23,1945,1,2,2,1.0,3.0,78440,M,4898830.0,190937.0,78
201100042000,11,5,24,1740,1,2,1,1.0,6.0,78401,M,4901010.0,191623.0,78
201100042001,11,6,19,550,2,1,3,1.0,1.0,78238,M,,,78
201100042002,11,6,20,1235,1,2,3,1.0,3.0,78440,M,,,78
201100042003,11,6,10,820,1,2,2,1.0,2.0,78440,M,,,78
201100042004,11,7,12,2115,1,1,4,1.0,3.0,78238,M,,,78
201100042005,11,6,5,1530,1,2,1,1.0,6.0,78440,M,,,78
201100042006,11,6,25,1735,1,2,2,1.0,6.0,78440,M,,,78
201100042007,11,7,9,2140,2,2,1,1.0,6.0,78638,M,,,78
201100042008,11,6,22,1120,1,2,3,2.0,6.0,78440,M,,,78
201100042009,11,7,13,2015,1,1,4,1.0,4.0,78440,M,,,78
201100042010,11,7,15,2220,3,1,1,1.0,6.0,78638,M,,,78
201100042011,11,6,27,245,3,1,1,1.0,6.0,78238,M,,,78
201100042012,11,6,1,1735,1,2,2,1.0,4.0,78401,M,,,78
201100042013,11,6,30,1750,1,2,1,1.0,6.0,78440,M,,,78
201100042014,11,6,10,1145,1,2,1,1.0,2.0,78403,M,,,78
201100042015,11,5,28,1230,1,2,3,1.0,3.0,78029,M,4897420.0,184576.0,78
201100042016,11,6,11,850,1,1,1,1.0,6.0,78609,M,,,78
201100042017,11,7,20,950,1,2,3,1.0,3.0,78401,M,,,78
201100042018,11,6,9,815,1,1,6,1.0,5.0,78238,M,,,78
201100042019,11,6,19,1,3,2,2,1.0,3.0,78401,M,,,78
201100042020,11,7,22,1715,1,2,1,2.0,6.0,78440,M,,,78
201100042021,11,7,1,2150,2,2,2,1.0,3.0,78440,M,,,78
201100042022,11,7,26,1530,1,2,6,1.0,3.0,78440,M,,,78
201100042023,11,6,1,825,1,2,2,1.0,6.0,78401,M,,,78
201100042024,11,8,2,900,1,2,3,1.0,3.0,78090,M,,,78
201100042025,11,8,2,1930,1,2,6,1.0,3.0,78440,M,,,78
201100042026,11,9,8,1330,1,2,1,2.0,3.0,78238,M,,,78
201100042027,11,8,10,1130,1,2,1,1.0,5.0,78440,M,,,78
201100042028,11,8,20,1225,1,2,1,1.0,3.0,78440,M,,,78
201100042029,11,9,6,1825,1,1,4,1.0,6.0,78638,M,,,78
201100042030,11,8,9,20,5,2,3,1.0,3.0,78440,M,,,78
201100042031,11,8,14,1945,1,2,9,1.0,3.0,78440,M,,,78
201100042032,11,9,8,855,1,1,3,1.0,2.0,78238,M,,,78
201100042033,11,9,9,1545,1,2,1,1.0,6.0,78440,M,,,78
201100042034,11,9,17,1850,1,2,2,1.0,3.0,78440,M,,,78
201100042035,11,9,26,730,2,1,3,1.0,1.0,78401,M,,,78
201100042036,11,9,26,1625,1,1,1,1.0,7.0,78227,M,,,78
201100042037,11,9,24,1650,1,2,3,1.0,3.0,78401,M,,,78
201100042038,11,9,25,1615,1,2,3,1.0,6.0,78401,M,,,78
201100042039,11,9,28,1746,2,1,1,1.0,1.0,78401,M,,,78
201100042040,11,9,29,1120,1,2,3,1.0,6.0,78440,M,,,78
201100042041,11,9,29,1848,1,2,3,1.0,3.0,78440,M,,,78
201100042042,11,9,22,1345,1,1,1,1.0,6.0,78238,M,,,78
201100042043,11,10,14,840,1,1,1,1.0,2.0,78029,M,,,78
201100042044,11,11,4,1810,5,2,3,1.0,3.0,78029,M,,,78
201100042045,11,11,5,1855,5,2,2,1.0,3.0,78401,M,,,78
201100042046,11,11,5,1235,1,2,1,1.0,6.0,78029,M,,,78
201100042047,11,10,23,1955,5,2,4,1.0,3.0,78401,M,,,78
201100042048,11,10,24,1625,1,1,1,1.0,7.0,78238,M,,,78
201100042049,11,10,21,1525,1,2,3,1.0,3.0,78401,M,,,78
201100042050,11,10,1,1252,1,2,2,1.0,2.0,78401,M,,,78
201100042051,11,10,6,1305,1,2,1,2.0,2.0,78440,M,,,78
201100042052,11,10,1,940,1,2,6,1.0,2.0,78440,M,,,78
201100042053,11,10,15,1600,1,2,2,1.0,2.0,78440,M,,,78
201100042054,11,10,24,1220,1,2,1,1.0,2.0,78440,M,,,78
201100042055,11,12,2,2122,5,1,1,1.0,3.0,78440,M,,,78
201100042056,11,12,4,1815,5,2,1,3.0,4.0,78401,M,,,78
201100042057,11,12,9,1746,5,1,3,8.0,3.0,78440,M,,,78
201100042058,11,12,8,1700,5,2,1,1.0,6.0,78440,M,,,78
201100042059,11,12,9,1415,1,2,3,8.0,3.0,78401,M,,,78
201100042060,11,12,11,2315,5,2,2,2.0,2.0,78403,M,,,78
201100042061,11,12,12,1020,1,2,1,1.0,2.0,78440,M,,,78
201100042062,11,12,13,845,2,1,1,6.0,6.0,78238,M,,,78
201100042063,11,12,7,1910,5,2,1,2.0,6.0,78401,M,,,78
201100042064,11,12,14,1355,1,2,1,1.0,7.0,78440,M,,,78
201100042065,11,12,14,1730,5,2,2,6.0,3.0,78238,M,,,78
201100042066,11,1,19,455,4,1,1,1.0,6.0,78674,M,4882030.0,201812.0,78
201100042067,11,1,21,930,1,2,3,1.0,6.0,78674,M,4882460.0,199780.0,78
201100042068,11,2,5,1715,2,1,1,1.0,3.0,78490,M,4882320.0,195698.0,78
201100042069,11,2,8,355,5,1,2,2.0,2.0,78490,M,4880620.0,195846.0,78
201100042070,11,2,9,1250,1,2,1,1.0,6.0,78490,M,4881740.0,196312.0,78
201100042071,11,2,17,630,5,2,1,8.0,7.0,78490,M,4879800.0,196541.0,78
201100042072,11,2,24,830,1,2,6,2.0,3.0,78490,M,4882790.0,195652.0,78
201100042073,11,2,24,1505,1,2,1,1.0,6.0,78490,M,4883010.0,195682.0,78
201100042074,11,2,26,1605,1,2,6,3.0,6.0,78490,M,4883120.0,194486.0,78
201100042075,11,3,2,1305,1,2,3,1.0,3.0,78490,M,4882660.0,194883.0,78
201100042076,11,3,4,800,1,1,1,1.0,4.0,78490,M,4879960.0,196553.0,78
201100042077,11,3,10,1130,1,2,2,1.0,6.0,78490,M,4882300.0,196045.0,78
201100042078,11,3,11,2340,5,2,2,1.0,3.0,78490,M,4880290.0,196939.0,78
201100042079,11,3,15,1900,2,1,3,1.0,3.0,78674,M,4882040.0,200827.0,78
201100042080,11,3,26,1630,1,2,1,1.0,6.0,78490,M,4880550.0,195380.0,78
201100042081,11,3,30,2200,3,2,2,2.0,4.0,78490,M,4880620.0,195846.0,78
201100042082,11,4,2,1235,1,2,1,1.0,6.0,78490,M,4882990.0,196189.0,78
201100042083,11,4,6,845,1,1,6,1.0,3.0,78490,M,4879660.0,194794.0,78
201100042084,11,4,8,815,1,2,1,1.0,6.0,78674,M,4882720.0,200150.0,78
201100042085,11,4,8,1650,1,2,2,1.0,3.0,78490,M,4882350.0,194068.0,78
201100042086,11,4,23,1250,1,2,3,1.0,3.0,78490,M,4882140.0,196572.0,78
201100042087,11,4,28,730,1,2,3,1.0,3.0,78490,M,4882320.0,195534.0,78
201100042088,11,5,12,2010,1,2,6,1.0,2.0,78490,M,4882690.0,195577.0,78
201100042089,11,5,19,2110,1,2,6,1.0,3.0,78674,M,4883000.0,199578.0,78
201100042090,11,5,29,1720,1,2,1,1.0,6.0,78490,M,4882330.0,195439.0,78
201100042091,11,5,21,1510,1,1,6,1.0,7.0,78490,M,4879770.0,193081.0,78
201100042092,11,6,9,1230,1,1,1,1.0,2.0,78490,M,,,78
201100042093,11,6,17,850,1,1,6,1.0,3.0,78674,M,,,78
201100042094,11,7,5,1505,1,2,3,1.0,3.0,78490,M,,,78
201100042095,11,7,7,1720,1,2,2,1.0,3.0,78490,M,,,78
201100042096,11,7,7,2045,1,2,1,1.0,6.0,78674,M,,,78
201100042097,11,7,9,1100,1,2,6,1.0,6.0,78165,M,,,78
201100042098,11,8,5,2135,5,2,6,3.0,2.0,78165,M,,,78
201100042099,11,8,9,1825,1,2,2,1.0,2.0,78165,M,,,78
201100042100,11,7,25,1550,1,2,1,1.0,6.0,78490,M,,,78
201100042101,11,8,8,1215,1,2,1,2.0,6.0,78165,M,,,78
201100042102,11,9,18,5,5,1,6,8.0,7.0,78490,M,,,78
201100042103,11,9,19,1620,1,1,9,1.0,7.0,78490,M,,,78
201100042104,11,9,17,1810,1,2,1,1.0,3.0,78165,M,,,78
201100042105,11,9,21,1525,1,2,1,1.0,6.0,78490,M,,,78
201100042106,11,11,10,1420,1,2,1,1.0,6.0,78490,M,,,78
201100042107,11,11,27,1605,1,1,1,2.0,6.0,78674,M,,,78
201100042108,11,11,25,2000,5,2,6,1.0,3.0,78165,M,,,78
201100042109,11,12,3,1400,1,2,6,3.0,1.0,78490,M,,,78
201100042110,11,12,2,1735,5,2,3,1.0,7.0,78490,M,,,78
201100042111,11,12,5,1715,5,2,2,2.0,3.0,78490,M,,,78
201100042112,11,12,8,1910,3,1,1,1.0,4.0,78674,M,,,78
201100042113,11,12,12,1215,1,1,3,1.0,3.0,78490,M,,,78
201100042114,11,12,15,1750,5,2,1,2.0,6.0,78490,M,,,78
201100042115,11,12,16,810,2,2,1,2.0,6.0,78490,M,,,78
201100042116,11,10,21,1335,1,2,1,1.0,7.0,78165,M,,,78
201100042117,11,12,21,1445,1,2,1,1.0,6.0,78490,M,,,78
201100042118,11,11,5,1850,5,2,1,1.0,2.0,78490,M,,,78
201100042119,11,1,12,900,1,2,3,2.0,3.0,78498,M,4894830.0,206303.0,78
201100042120,11,1,13,1855,5,2,1,1.0,2.0,78498,M,4892980.0,204202.0,78
201100042121,11,1,7,1640,1,2,2,2.0,6.0,78498,M,4892940.0,204802.0,78
201100042122,11,1,26,1750,5,2,9,2.0,7.0,78624,M,4897050.0,200910.0,78
201100042123,11,1,25,1950,5,2,5,1.0,3.0,78498,M,4892230.0,203850.0,78
201100042124,11,2,24,945,1,2,3,2.0,2.0,78123,M,4893870.0,203581.0,78
201100042125,11,3,2,1710,1,2,2,1.0,5.0,78498,M,4892490.0,203077.0,78
201100042126,11,3,8,2010,5,2,2,1.0,6.0,78498,M,4892940.0,204802.0,78
201100042127,11,3,27,1715,1,2,3,2.0,3.0,78643,M,4897800.0,199614.0,78
201100042128,11,3,31,1200,1,2,3,1.0,3.0,78123,M,4894320.0,202880.0,78
201100042129,11,4,6,1740,1,2,2,1.0,6.0,78498,M,4893260.0,204398.0,78
201100042130,11,4,25,1830,1,2,2,1.0,6.0,78498,M,4892730.0,204101.0,78
201100042131,11,5,3,1610,1,2,1,1.0,1.0,78672,M,4893180.0,200189.0,78
201100042132,11,5,4,1710,1,2,1,1.0,2.0,78624,M,4897520.0,201969.0,78
201100042133,11,5,10,2000,1,2,3,1.0,3.0,78498,M,4892620.0,204837.0,78
201100042134,11,5,11,1110,1,2,1,1.0,3.0,78624,M,4897520.0,201937.0,78
201100042135,11,5,12,745,1,2,2,1.0,6.0,78123,M,4894400.0,202192.0,78
201100042136,11,5,13,1810,1,2,1,1.0,2.0,78498,M,4891490.0,202301.0,78
201100042137,11,5,17,1925,1,2,1,1.0,6.0,78498,M,4892380.0,203878.0,78
201100042138,11,5,25,1005,1,2,3,1.0,3.0,78624,M,4896890.0,201025.0,78
201100042139,11,6,14,735,1,2,2,1.0,6.0,78498,M,,,78
201100042140,11,6,15,1815,1,2,1,1.0,6.0,78624,M,,,78
201100042141,11,6,15,1305,1,2,1,1.0,7.0,78498,M,,,78
201100042142,11,6,21,2025,1,2,1,1.0,2.0,78498,M,,,78
201100042143,11,12,31,1500,1,2,1,1.0,6.0,78498,M,,,78
201100042144,11,6,17,1740,1,2,6,2.0,3.0,78498,M,,,78
201100042145,11,6,30,1935,1,2,6,1.0,4.0,78498,M,,,78
201100042146,11,6,23,1825,1,2,1,1.0,4.0,78498,M,,,78
201100042147,11,7,11,1510,1,2,2,1.0,6.0,78498,M,,,78
201100042148,11,7,7,1235,1,2,3,1.0,6.0,78123,M,,,78
201100042149,11,8,10,1730,1,2,3,1.0,4.0,78642,M,,,78
201100042150,11,8,21,2,5,2,2,2.0,1.0,78498,M,,,78
201100042151,11,8,24,1545,1,1,1,1.0,5.0,78498,M,,,78
201100042152,11,8,21,945,1,2,3,1.0,1.0,78624,M,,,78
201100042153,11,8,26,1400,1,2,2,1.0,3.0,78624,M,,,78
201100042154,11,8,31,850,1,2,2,1.0,3.0,78498,M,,,78
201100042155,11,9,14,935,1,2,1,1.0,2.0,78624,M,,,78
201100042156,11,9,15,2010,1,2,3,1.0,6.0,78498,M,,,78
201100042157,11,9,24,1215,1,2,2,1.0,3.0,78498,M,,,78
201100042158,11,9,26,2050,5,2,1,1.0,7.0,78123,M,,,78
201100042159,11,9,27,1850,1,2,3,1.0,6.0,78498,M,,,78
201100042160,11,10,3,1540,1,2,3,1.0,3.0,78643,M,,,78
201100042161,11,10,7,2300,5,2,3,1.0,3.0,78643,M,,,78
201100042162,11,10,11,2020,5,2,1,1.0,3.0,78498,M,,,78
201100042163,11,10,23,36,5,2,2,1.0,6.0,78624,M,,,78
201100042164,11,11,10,1405,1,2,1,1.0,6.0,78498,M,,,78
201100042165,11,11,16,1735,5,2,1,1.0,6.0,78123,M,,,78
201100042166,11,11,28,1835,5,2,2,1.0,6.0,78498,M,,,78
201100042167,11,11,18,1115,1,2,7,1.0,6.0,78498,M,,,78
201100042168,11,12,1,1220,1,2,3,2.0,2.0,78498,M,,,78
201100042169,11,12,12,1000,1,1,1,1.0,3.0,78123,M,,,78
201100042170,11,12,15,740,5,2,1,1.0,2.0,78498,M,,,78
201100042171,11,12,22,1910,5,2,1,1.0,3.0,78123,M,,,78
201100042172,11,12,20,1600,1,2,2,1.0,3.0,78498,M,,,78
201100042173,11,1,26,1315,1,2,1,2.0,7.0,78642,M,4899200.0,196136.0,78
201100042174,11,2,9,2345,5,2,3,1.0,6.0,78498,M,4893280.0,203867.0,78
201100042175,11,2,19,200,5,1,1,1.0,6.0,78498,M,4892980.0,203667.0,78
201100042176,11,2,19,1050,1,2,3,3.0,6.0,78498,M,4892730.0,204585.0,78
201100042177,11,3,27,1915,1,2,2,1.0,3.0,78624,M,4897450.0,200672.0,78
201100042178,11,4,10,1725,1,1,1,1.0,5.0,78498,M,4889530.0,199403.0,78
201100042179,11,4,17,1830,1,2,1,1.0,3.0,78498,M,4893790.0,205582.0,78
201100042180,11,4,25,1825,1,2,1,1.0,6.0,78123,M,4894150.0,201304.0,78