Num_Acc,an,mois,jour,hrmn,lum,agg,int,atm,col,com,gps,lat,long,dep
201100042181,11,4,26,2020,1,2,6,1.0,6.0,78498,M,4893910.0,204829.0,78
201100042182,11,4,23,2015,2,2,1,1.0,3.0,78642,M,4899200.0,196128.0,78
201100042183,11,5,2,1320,1,2,2,1.0,3.0,78498,M,4893710.0,205491.0,78
201100042184,11,5,6,1945,1,2,2,1.0,3.0,78498,M,4893340.0,204907.0,78
201100042185,11,6,12,1915,1,2,2,1.0,6.0,78624,M,,,78
201100042186,11,6,20,910,1,2,2,2.0,5.0,78624,M,,,78
201100042187,11,6,26,140,5,2,1,1.0,6.0,78498,M,,,78
201100042188,11,6,30,650,1,2,1,1.0,3.0,78498,M,,,78
201100042189,11,7,5,1820,1,2,1,1.0,6.0,78123,M,,,78
201100042190,11,9,1,1250,1,2,6,1.0,2.0,78498,M,,,78
201100042191,11,9,9,1635,1,2,3,1.0,6.0,78498,M,,,78
201100042192,11,9,19,1540,1,2,1,1.0,6.0,78643,M,,,78
201100042193,11,9,9,1320,1,2,3,1.0,3.0,78123,M,,,78
201100042194,11,9,21,1920,5,2,7,1.0,6.0,78123,M,,,78
201100042195,11,10,8,1335,1,2,3,1.0,1.0,78624,M,,,78
201100042196,11,10,15,1430,1,2,2,1.0,5.0,78498,M,,,78
201100042197,11,12,5,710,5,2,1,2.0,1.0,78498,M,,,78
201100042198,11,12,10,2305,5,2,3,1.0,2.0,78123,M,,,78
201100042199,11,12,9,2125,4,1,1,1.0,2.0,78624,M,,,78
201100042200,11,12,13,1745,2,2,2,1.0,6.0,78498,M,,,78
201100042201,11,12,16,1945,5,1,1,3.0,3.0,78498,M,,,78
201100042202,11,12,18,205,5,2,6,2.0,1.0,78643,M,,,78
201100042203,11,1,7,810,2,1,1,2.0,7.0,78269,M,4863900.0,179879.0,78
201100042204,11,1,13,2140,3,1,1,1.0,3.0,78517,M,4865970.0,182677.0,78
201100042205,11,1,16,413,5,1,3,1.0,2.0,78220,M,4872620.0,189337.0,78
201100042206,11,2,3,2030,5,1,1,5.0,6.0,78220,M,4873400.0,190348.0,78
201100042207,11,3,12,1915,3,1,1,2.0,2.0,78220,M,4872740.0,189491.0,78
201100042208,11,3,29,1925,1,1,1,1.0,4.0,78220,M,4873350.0,190286.0,78
201100042209,11,3,30,1300,1,1,1,1.0,6.0,78486,M,4867720.0,184104.0,78
201100042210,11,4,13,2145,5,2,1,1.0,2.0,78517,M,4864130.0,183026.0,78
201100042211,11,4,21,1120,1,2,1,7.0,6.0,78517,M,4864820.0,185590.0,78
201100042212,11,4,27,1855,1,2,1,1.0,6.0,78517,M,4862930.0,182669.0,78
201100042213,11,4,29,1715,1,2,1,1.0,2.0,78517,M,4864520.0,184900.0,78
201100042214,11,5,12,815,1,2,1,7.0,6.0,78517,M,4864320.0,183421.0,78
201100042215,11,5,12,1305,1,2,3,1.0,1.0,78517,M,4865000.0,185051.0,78
201100042216,11,6,25,1450,1,1,3,1.0,3.0,78269,M,,,78
201100042217,11,7,10,1815,1,1,1,1.0,1.0,78220,M,,,78
201100042218,11,8,3,1335,1,1,1,1.0,2.0,78517,M,,,78
201100042219,11,8,9,2205,3,2,1,1.0,6.0,78220,M,,,78
201100042220,11,9,3,1630,1,2,3,1.0,6.0,78486,M,,,78
201100042221,11,9,10,1745,1,2,1,1.0,6.0,78517,M,,,78
201100042222,11,9,15,2140,3,1,1,1.0,3.0,78220,M,,,78
201100042223,11,9,19,1655,1,1,3,1.0,5.0,78220,M,,,78
201100042224,11,9,30,1420,1,1,1,1.0,7.0,78517,M,,,78
201100042225,11,10,15,1630,1,2,1,1.0,6.0,78517,M,,,78
201100042226,11,11,3,830,1,1,1,3.0,5.0,78517,M,,,78
201100042227,11,11,10,1535,1,1,1,1.0,3.0,78220,M,,,78
201100042228,11,11,14,816,1,1,1,1.0,5.0,78220,M,,,78
201100042229,11,11,30,815,2,2,3,1.0,6.0,78517,M,,,78
201100042230,11,12,1,2350,3,1,1,2.0,6.0,78269,M,,,78
201100042231,11,12,9,1115,1,2,4,2.0,1.0,78517,M,,,78
201100042232,11,12,10,735,3,1,1,1.0,6.0,78517,M,,,78
201100042233,11,12,12,1455,1,2,2,1.0,6.0,78517,M,,,78
201100042234,11,12,16,1310,1,2,2,1.0,6.0,78517,M,,,78
201100042235,11,1,14,1815,4,2,3,2.0,6.0,78545,M,4880550.0,206263.0,78
201100042236,11,2,11,2000,5,2,2,1.0,3.0,78073,M,4880130.0,202600.0,78
201100042237,11,2,23,2130,3,2,6,2.0,6.0,78242,M,4880970.0,204296.0,78
201100042238,11,3,4,1020,1,2,3,1.0,3.0,78545,M,4880330.0,205935.0,78
201100042239,11,3,14,1712,1,2,2,1.0,3.0,78545,M,4880440.0,207174.0,78
201100042240,11,3,30,1700,1,2,1,3.0,1.0,78073,M,4880400.0,203291.0,78
201100042241,11,4,27,1640,1,1,1,1.0,3.0,78545,M,4879350.0,206339.0,78
201100042242,11,5,25,1720,1,2,2,1.0,6.0,78242,M,4881050.0,204114.0,78
201100042243,11,6,14,1005,1,2,2,2.0,6.0,78073,M,,,78
201100042244,11,7,7,1835,1,2,3,1.0,3.0,78545,M,,,78
201100042245,11,9,17,2035,5,2,3,8.0,6.0,78545,M,,,78
201100042246,11,10,3,1420,1,2,2,1.0,6.0,78073,M,,,78
201100042247,11,1,2,1350,1,1,1,9.0,3.0,78551,M,4892150.0,208291.0,78
201100042248,11,12,29,1335,1,1,1,1.0,5.0,78551,M,,,78
201100042249,11,1,5,2050,3,1,1,3.0,6.0,78551,M,4894510.0,209523.0,78
201100042250,11,1,12,805,5,2,1,2.0,6.0,78551,M,4889800.0,209408.0,78
201100042251,11,12,3,1355,1,1,1,1.0,6.0,78481,M,,,78
201100042252,11,2,3,725,5,2,1,1.0,6.0,78551,M,4889910.0,209343.0,78
201100042253,11,2,12,1240,1,2,1,1.0,6.0,78551,M,4889810.0,208815.0,78
201100042254,11,3,28,1230,1,1,2,1.0,3.0,78133,M,4889960.0,206806.0,78
201100042255,11,4,2,2015,1,2,3,1.0,6.0,78551,M,4889620.0,208949.0,78
201100042256,11,4,8,1620,1,1,2,1.0,3.0,78551,M,4893940.0,207602.0,78
201100042257,11,5,11,1140,1,2,2,1.0,3.0,78133,M,,,78
201100042258,11,4,10,20,5,2,2,1.0,3.0,78551,M,4891030.0,207446.0,78
201100042259,11,4,28,2235,5,2,4,1.0,3.0,78551,M,4889260.0,208267.0,78
201100042260,11,4,20,955,1,2,2,1.0,6.0,78481,M,4888930.0,209863.0,78
201100042261,11,5,20,820,1,1,1,1.0,3.0,78551,M,4889180.0,208293.0,78
201100042262,11,5,21,1200,1,2,2,1.0,5.0,78481,M,4889800.0,211073.0,78
201100042263,11,6,9,2020,1,2,5,1.0,3.0,78481,M,,,78
201100042264,11,6,10,2220,1,2,1,1.0,6.0,78481,M,,,78
201100042265,11,6,25,2230,2,2,7,1.0,1.0,78551,M,,,78
201100042266,11,5,5,905,1,2,3,1.0,3.0,78551,M,4872540.0,189240.0,78
201100042267,11,6,22,1540,1,2,1,1.0,6.0,78551,M,,,78
201100042268,11,7,11,1945,1,1,1,1.0,5.0,78551,M,,,78
201100042269,11,7,23,2100,1,2,1,1.0,2.0,78481,M,,,78
201100042270,11,7,11,1810,1,2,3,1.0,3.0,78551,M,,,78
201100042271,11,8,18,1650,1,1,1,1.0,3.0,78551,M,,,78
201100042272,11,9,28,1915,1,2,1,1.0,6.0,78551,M,,,78
201100042273,11,11,2,1210,1,1,3,1.0,2.0,78007,M,,,78
201100042274,11,11,13,1545,1,1,1,1.0,6.0,78551,M,,,78
201100042275,11,11,16,2110,5,2,2,1.0,6.0,78551,M,,,78
201100042276,11,11,5,1140,1,2,1,8.0,6.0,78551,M,,,78
201100042277,11,6,30,1315,1,1,2,1.0,3.0,78551,M,,,78
201100042278,11,12,5,1350,1,2,9,1.0,3.0,78481,M,,,78
201100042279,11,12,10,1830,3,1,1,1.0,6.0,78551,M,,,78
201100042280,11,12,16,1600,1,2,1,8.0,5.0,78551,M,,,78
201100042281,11,12,7,1905,5,2,3,2.0,6.0,78551,M,,,78
201100042282,11,12,13,845,1,2,1,3.0,3.0,78481,M,,,78
201100042283,11,12,12,1140,1,2,1,8.0,4.0,78481,M,,,78
201100042284,11,1,5,1752,2,2,1,1.0,2.0,78586,M,4894440.0,215910.0,78
201100042285,11,9,28,1555,1,2,1,1.0,2.0,78586,M,,,78
201100042286,11,12,16,1310,1,2,2,1.0,5.0,78586,M,,,78
201100042287,11,12,4,1730,5,2,3,3.0,6.0,78586,M,,,78
201100042288,11,1,2,1015,1,2,6,1.0,3.0,78586,M,4894740.0,217104.0,78
201100042289,11,2,6,100,5,2,2,1.0,2.0,78586,M,4893340.0,216633.0,78
201100042290,11,2,28,1710,1,2,2,1.0,6.0,78586,M,4894330.0,217081.0,78
201100042291,11,2,27,1450,1,2,3,1.0,3.0,78586,M,4894570.0,219449.0,78
201100042292,11,3,1,708,1,2,1,1.0,6.0,78586,M,4894190.0,219996.0,78
201100042293,11,3,21,1500,1,2,9,1.0,3.0,78586,M,4894480.0,219460.0,78
201100042294,11,4,8,1325,1,2,4,1.0,2.0,78586,M,4894000.0,219540.0,78
201100042295,11,4,10,1715,1,2,2,1.0,3.0,78586,M,4893830.0,217061.0,78
201100042296,11,4,14,2005,1,2,1,1.0,6.0,78586,M,4893510.0,216187.0,78
201100042297,11,4,16,1550,1,2,1,1.0,6.0,95018,M,4894710.0,220610.0,95
201100042298,11,4,18,1825,1,2,3,1.0,3.0,78586,M,4894060.0,218711.0,78
201100042299,11,4,21,1505,1,2,3,1.0,6.0,78586,M,4894630.0,216844.0,78
201100042300,11,5,2,1420,1,2,2,1.0,3.0,78586,M,4894490.0,218064.0,78
201100042301,11,4,19,910,1,2,3,1.0,6.0,78586,M,4893740.0,215616.0,78
201100042302,11,5,10,905,1,2,2,1.0,1.0,78586,M,4894230.0,217267.0,78
201100042303,11,5,5,1850,1,2,3,1.0,3.0,78586,M,4893540.0,216823.0,78
201100042304,11,6,9,1720,1,2,3,1.0,3.0,78586,M,,,78
201100042305,11,7,1,2210,5,2,1,1.0,3.0,78586,M,,,78
201100042306,11,7,4,1620,1,2,1,1.0,6.0,78586,M,,,78
201100042307,11,7,13,1540,1,2,2,1.0,2.0,78586,M,,,78
201100042308,11,8,18,1700,1,2,3,1.0,3.0,78586,M,,,78
201100042309,11,9,10,345,4,2,1,1.0,7.0,78586,M,,,78
201100042310,11,9,15,1824,1,2,2,1.0,3.0,78586,M,,,78
201100042311,11,9,9,1730,1,2,3,7.0,1.0,78586,M,,,78
201100042312,11,9,21,1315,1,2,2,1.0,6.0,78586,M,,,78
201100042313,11,9,27,1845,1,2,3,7.0,3.0,78586,M,,,78
201100042314,11,9,30,1750,1,2,1,7.0,3.0,78586,M,,,78
201100042315,11,9,27,1334,1,2,1,1.0,6.0,78586,M,,,78
201100042316,11,9,19,1600,1,2,1,1.0,3.0,78586,M,,,78
201100042317,11,9,26,2030,1,2,2,1.0,1.0,78586,M,,,78
201100042318,11,10,11,215,5,2,1,1.0,6.0,78586,M,,,78
201100042319,11,10,15,1350,1,2,3,7.0,3.0,78586,M,,,78
201100042320,11,10,17,2305,5,2,2,1.0,3.0,78586,M,,,78
201100042321,11,10,20,828,1,2,1,7.0,6.0,78586,M,,,78
201100042322,11,9,29,1450,1,2,1,1.0,1.0,78586,M,,,78
201100042323,11,11,19,1440,1,2,4,7.0,1.0,78586,M,,,78
201100042324,11,11,26,1830,5,2,4,1.0,3.0,78586,M,,,78
201100042325,11,12,2,1545,1,2,3,1.0,6.0,78586,M,,,78
201100042326,11,12,13,1330,1,2,3,1.0,3.0,78586,M,,,78
201100042327,11,2,16,2255,5,2,1,1.0,6.0,78621,M,4877680.0,199967.0,78
201100042328,11,3,4,825,1,2,1,1.0,6.0,78621,M,4876720.0,198793.0,78
201100042329,11,3,12,1925,5,1,1,2.0,4.0,78621,M,4877830.0,200487.0,78
201100042330,11,3,22,1000,1,2,1,1.0,6.0,78621,M,4877360.0,199406.0,78
201100042331,11,3,22,1330,1,2,1,1.0,1.0,78621,M,4878380.0,197215.0,78
201100042332,11,3,9,920,1,2,2,1.0,6.0,78621,M,4877730.0,199643.0,78
201100042333,11,3,26,10,5,2,2,1.0,3.0,78621,M,4877920.0,200780.0,78
201100042334,11,3,24,850,1,2,3,1.0,3.0,78621,M,4878540.0,198676.0,78
201100042335,11,3,29,1100,1,2,1,1.0,6.0,78621,M,4877810.0,198826.0,78
201100042336,11,6,4,1715,1,1,1,1.0,2.0,78621,M,,,78
201100042337,11,6,22,625,1,2,2,1.0,2.0,78621,M,,,78
201100042338,11,7,7,1325,1,1,1,1.0,7.0,78621,M,,,78
201100042339,11,8,23,430,5,2,1,1.0,1.0,78621,M,,,78
201100042340,11,10,3,1100,1,2,3,1.0,1.0,78621,M,,,78
201100042341,11,10,18,1955,4,2,2,2.0,6.0,78621,M,,,78
201100042342,11,11,12,1745,5,2,1,1.0,6.0,78621,M,,,78
201100042343,11,11,30,915,1,2,1,1.0,6.0,78621,M,,,78
201100042344,11,1,4,2030,5,2,3,1.0,7.0,78640,M,4878100.0,220892.0,78
201100042345,11,1,26,1350,1,2,3,2.0,7.0,78322,M,4877610.0,216755.0,78
201100042346,11,2,10,1830,5,2,1,2.0,6.0,78640,M,4878340.0,217378.0,78
201100042347,11,2,17,1340,1,2,3,1.0,3.0,78686,M,4879890.0,215890.0,78
201100042348,11,1,31,2000,4,2,1,1.0,6.0,78640,M,4878180.0,221836.0,78
201100042349,11,3,18,1430,1,2,1,1.0,6.0,78640,M,4878040.0,221859.0,78
201100042350,11,3,22,1735,2,2,1,1.0,4.0,78640,M,4878000.0,221839.0,78
201100042351,11,2,27,2115,5,2,3,1.0,3.0,78686,M,4880200.0,216424.0,78
201100042352,11,3,14,1615,1,2,7,1.0,2.0,78686,M,4879880.0,215873.0,78
201100042353,11,5,15,1145,1,2,2,1.0,3.0,78686,M,4879570.0,218074.0,78
201100042354,11,5,4,1615,1,1,1,1.0,1.0,78640,M,4877810.0,218468.0,78
201100042355,11,4,27,930,1,1,1,1.0,6.0,78322,M,4877990.0,215586.0,78
201100042356,11,3,17,1550,1,2,4,1.0,3.0,78686,M,4880420.0,217666.0,78
201100042357,11,5,26,1530,1,2,3,8.0,6.0,78686,M,4879830.0,218409.0,78
201100042358,11,5,28,1740,1,2,1,1.0,3.0,78686,M,4880400.0,216866.0,78
201100042359,11,5,29,500,2,2,2,1.0,3.0,78640,M,4878580.0,217254.0,78
201100042360,11,6,15,845,1,2,1,1.0,3.0,78640,M,,,78
201100042361,11,7,8,1200,1,2,1,1.0,3.0,78640,M,,,78
201100042362,11,6,2,740,2,2,3,1.0,6.0,78640,M,,,78
201100042363,11,6,25,30,5,2,1,1.0,6.0,78640,M,,,78
201100042364,11,6,27,1500,1,2,2,1.0,3.0,78640,M,,,78
201100042365,11,6,28,1500,1,2,1,1.0,6.0,78640,M,,,78
201100042366,11,7,24,1930,2,1,4,1.0,6.0,78322,M,,,78
201100042367,11,7,10,715,1,2,1,1.0,6.0,78686,M,,,78
201100042368,11,8,3,1750,1,2,1,1.0,2.0,78640,M,,,78
201100042369,11,6,8,1800,1,2,4,1.0,6.0,78686,M,,,78
201100042370,11,8,11,1400,1,2,1,1.0,2.0,78640,M,,,78
201100042371,11,8,24,1740,1,2,1,1.0,6.0,78640,M,,,78
201100042372,11,8,31,1920,1,1,1,1.0,3.0,78640,M,,,78
201100042373,11,9,3,1130,1,2,4,1.0,3.0,78640,M,,,78
201100042374,11,6,24,1750,1,2,1,1.0,3.0,78640,M,,,78
201100042375,11,9,25,830,1,2,1,1.0,6.0,78640,M,,,78
201100042376,11,9,26,1910,1,2,3,1.0,3.0,78686,M,,,78
201100042377,11,8,5,1130,1,2,1,2.0,7.0,78640,M,,,78
201100042378,11,10,16,1550,1,2,2,1.0,7.0,78640,M,,,78
201100042379,11,10,14,910,1,1,1,1.0,2.0,78322,M,,,78
201100042380,11,10,27,1830,5,2,3,1.0,6.0,78640,M,,,78
201100042381,11,10,14,1730,1,2,3,1.0,6.0,78640,M,,,78
201100042382,11,11,8,1600,1,2,4,2.0,6.0,78686,M,,,78
201100042383,11,11,10,1830,5,2,1,1.0,3.0,78640,M,,,78
201100042384,11,12,15,920,1,2,2,1.0,6.0,78686,M,,,78
201100042385,11,12,22,1000,1,2,1,8.0,3.0,78640,M,,,78
201100042386,11,1,24,1830,5,1,4,2.0,6.0,78646,M,4880590.0,212847.0,78
201100042387,11,1,25,1245,1,2,1,1.0,6.0,78646,M,4880400.0,213075.0,78
201100042388,11,1,23,1315,1,2,1,1.0,6.0,78646,M,4880810.0,212641.0,78
201100042389,11,2,7,1425,1,2,3,1.0,4.0,78117,M,4878280.0,213218.0,78
201100042390,11,2,10,725,2,2,3,1.0,6.0,78158,M,4882170.0,211673.0,78
201100042391,11,2,10,1330,1,2,3,2.0,2.0,78158,M,4882450.0,211845.0,78
201100042392,11,2,18,1800,2,2,2,1.0,4.0,78646,M,4879850.0,215370.0,78
201100042393,11,2,28,825,1,2,3,1.0,6.0,78646,M,4880870.0,215393.0,78
201100042394,11,3,28,1605,1,1,7,1.0,6.0,78646,M,4882000.0,211574.0,78
201100042395,11,3,28,1620,1,1,2,1.0,3.0,78158,M,4881680.0,213652.0,78
201100042396,11,3,29,1245,1,2,1,1.0,6.0,78646,M,4880080.0,212602.0,78
201100042397,11,3,28,1500,1,2,3,1.0,3.0,78158,M,4883380.0,214289.0,78
201100042398,11,4,1,1725,1,2,1,1.0,6.0,78646,M,4880390.0,213206.0,78
201100042399,11,4,2,1645,1,2,3,1.0,3.0,78646,M,4880890.0,213269.0,78
201100042400,11,4,8,1750,1,2,3,1.0,6.0,78646,M,4879930.0,212574.0,78
201100042401,11,4,13,45,5,2,2,1.0,3.0,78646,M,4881020.0,213151.0,78
201100042402,11,4,14,1840,1,2,3,1.0,6.0,78646,M,4880330.0,215650.0,78
201100042403,11,4,17,1030,1,2,3,1.0,6.0,78158,M,4882030.0,212693.0,78
201100042404,11,4,28,1900,1,2,3,2.0,3.0,78646,M,4879850.0,215370.0,78
201100042405,11,5,3,910,2,2,6,1.0,3.0,78158,M,4881540.0,212898.0,78
201100042406,11,5,15,1010,1,2,3,1.0,3.0,78117,M,4877560.0,212689.0,78
201100042407,11,5,15,1015,1,2,3,1.0,6.0,78117,M,4877660.0,212965.0,78
201100042408,11,5,16,830,1,1,1,1.0,2.0,78524,M,4883620.0,210057.0,78
201100042409,11,5,22,800,1,1,3,1.0,3.0,78524,M,4883930.0,211088.0,78
201100042410,11,5,20,1755,1,2,2,1.0,6.0,78646,M,4880280.0,213461.0,78
201100042411,11,5,24,1040,1,2,3,1.0,6.0,78646,M,4880040.0,213240.0,78
201100042412,11,5,25,1500,1,2,1,1.0,6.0,78158,M,4882950.0,213162.0,78
201100042413,11,5,29,2050,2,2,3,1.0,6.0,78646,M,4880210.0,213087.0,78
201100042414,11,5,31,1110,1,1,3,1.0,6.0,78646,M,4881160.0,213502.0,78
201100042415,11,6,10,1650,1,1,1,2.0,6.0,78646,M,,,78
201100042416,11,6,14,710,1,2,1,2.0,6.0,78646,M,,,78
201100042417,11,6,16,135,5,2,3,1.0,6.0,78646,M,,,78
201100042418,11,6,17,1615,1,2,1,2.0,3.0,78646,M,,,78
201100042419,11,6,24,900,1,2,7,1.0,6.0,78646,M,,,78
201100042420,11,6,26,1310,1,2,2,1.0,3.0,78646,M,,,78
201100042421,11,6,30,940,1,2,2,1.0,6.0,78646,M,,,78
201100042422,11,7,3,1035,1,2,1,1.0,6.0,78646,M,,,78
201100042423,11,7,19,1215,1,2,1,2.0,6.0,78646,M,,,78
201100042424,11,7,28,845,1,2,3,1.0,3.0,78158,M,,,78
201100042425,11,7,28,1030,1,2,2,1.0,6.0,78646,M,,,78
201100042426,11,8,26,750,1,2,3,2.0,3.0,78646,M,,,78
201100042427,11,8,29,1630,1,2,2,1.0,3.0,78646,M,,,78
201100042428,11,9,2,920,1,2,3,1.0,3.0,78646,M,,,78
201100042429,11,8,30,2100,5,2,2,1.0,3.0,78646,M,,,78
201100042430,11,9,3,1220,1,2,1,1.0,3.0,78646,M,,,78
201100042431,11,9,6,1740,1,2,1,8.0,6.0,78646,M,,,78
201100042432,11,9,11,1600,1,2,3,1.0,3.0,78646,M,,,78
201100042433,11,9,15,1505,1,2,3,1.0,3.0,78646,M,,,78
201100042434,11,9,26,1740,1,2,2,1.0,6.0,78646,M,,,78
201100042435,11,9,27,1725,1,2,3,1.0,6.0,78646,M,,,78
201100042436,11,9,28,1020,1,2,3,1.0,6.0,78646,M,,,78
201100042437,11,10,7,1105,1,2,6,1.0,6.0,78158,M,,,78
201100042438,11,10,8,1525,1,2,1,1.0,6.0,78158,M,,,78
201100042439,11,10,10,855,1,2,1,1.0,6.0,78646,M,,,78
201100042440,11,10,22,1835,1,1,1,1.0,2.0,78646,M,,,78
201100042441,11,11,14,1310,1,2,1,1.0,3.0,78646,M,,,78
201100042442,11,11,14,535,5,2,1,1.0,6.0,78646,M,,,78
201100042443,11,11,29,1115,1,1,2,1.0,3.0,78646,M,,,78
201100042444,11,11,30,1210,1,2,6,1.0,2.0,78646,M,,,78
201100042445,11,12,1,1855,5,2,3,2.0,6.0,78158,M,,,78
201100042446,11,12,16,710,5,2,2,2.0,6.0,78646,M,,,78
201100042447,11,1,28,1405,1,2,3,1.0,3.0,78146,M,4889640.0,215282.0,78
201100042448,11,2,24,1600,1,2,3,1.0,3.0,78146,M,4889130.0,214939.0,78
201100042449,11,2,26,1640,1,2,6,2.0,3.0,78418,M,4891180.0,214664.0,78
201100042450,11,3,15,1750,1,2,3,1.0,3.0,78650,M,4889650.0,212170.0,78
201100042451,11,3,16,1115,1,2,3,1.0,3.0,78650,M,4890200.0,213389.0,78
201100042452,11,6,22,1030,1,2,2,3.0,3.0,78146,M,,,78
201100042453,11,6,24,1610,1,2,1,1.0,5.0,78650,M,,,78
201100042454,11,7,18,830,1,2,1,8.0,1.0,78650,M,,,78
201100042455,11,9,5,1710,1,2,1,1.0,3.0,78418,M,,,78
201100042456,11,9,24,1925,1,2,1,1.0,6.0,78146,M,,,78
201100042457,11,1,8,1645,1,2,2,1.0,3.0,79191,M,,,79
201100042458,11,1,11,715,5,1,1,1.0,6.0,79191,M,,,79
201100042459,11,1,13,910,1,1,1,1.0,4.0,79191,M,,,79
201100042460,11,2,7,1900,2,2,2,8.0,7.0,79191,M,,,79
201100042461,11,2,18,1845,2,2,2,1.0,6.0,79191,M,,,79
201100042462,11,3,4,35,5,2,1,1.0,6.0,79191,M,,,79
201100042463,11,3,14,820,1,1,1,1.0,3.0,79191,M,,,79
201100042464,11,3,21,1730,1,2,9,7.0,3.0,79191,M,,,79
201100042465,11,3,25,2220,5,2,1,1.0,3.0,79191,M,,,79
201100042466,11,2,1,1630,1,2,1,1.0,4.0,79081,M,,,79
201100042467,11,2,6,500,3,2,4,1.0,7.0,79191,M,,,79
201100042468,11,2,8,1835,2,2,1,1.0,3.0,79191,M,,,79
201100042469,11,4,23,1920,1,2,2,1.0,3.0,79191,M,,,79
201100042470,11,5,27,1815,1,2,3,1.0,3.0,79191,M,,,79
201100042471,11,2,24,940,1,2,1,1.0,6.0,79191,M,,,79
201100042472,11,6,27,745,1,2,6,1.0,3.0,79081,M,,,79
201100042473,11,3,5,1045,1,2,2,1.0,7.0,79191,M,,,79
201100042474,11,3,9,1605,1,2,1,1.0,7.0,79191,M,,,79
201100042475,11,10,27,750,2,2,1,8.0,1.0,79191,M,,,79
201100042476,11,3,22,820,1,1,1,1.0,5.0,79191,M,,,79
201100042477,11,11,12,2000,5,2,1,1.0,6.0,79191,M,,,79
201100042478,11,11,5,1425,1,2,1,8.0,6.0,79191,M,,,79
201100042479,11,11,10,1640,1,2,3,1.0,3.0,79191,M,,,79
201100042480,11,4,6,1415,1,2,1,1.0,1.0,79191,M,,,79
201100042481,11,4,7,1615,1,2,1,1.0,6.0,79191,M,,,79
201100042482,11,4,19,1520,1,2,1,1.0,2.0,79191,M,,,79
201100042483,11,5,13,1445,1,2,1,1.0,3.0,79081,M,,,79
201100042484,11,5,17,1050,1,2,3,1.0,3.0,79081,M,,,79
201100042485,11,5,23,655,1,2,1,1.0,2.0,79191,M,,,79
201100042486,11,6,3,1205,1,2,2,1.0,7.0,79191,M,,,79
201100042487,11,6,3,1415,1,2,3,1.0,3.0,79191,M,,,79
201100042488,11,6,16,1710,1,2,3,1.0,7.0,79191,M,,,79
201100042489,11,6,29,925,1,2,1,1.0,7.0,79081,M,,,79
201100042490,11,7,1,1620,1,2,1,1.0,7.0,79191,M,,,79
201100042491,11,7,8,1910,1,2,2,8.0,2.0,79191,M,,,79
201100042492,11,7,22,5,5,2,1,2.0,7.0,79191,M,,,79
201100042493,11,7,22,1715,1,2,9,1.0,7.0,79191,M,,,79
201100042494,11,7,25,2115,1,2,1,1.0,3.0,79191,M,,,79
201100042495,11,7,27,935,1,2,1,8.0,6.0,79191,M,,,79
201100042496,11,7,31,1545,1,2,1,1.0,3.0,79191,M,,,79
201100042497,11,8,1,1616,1,2,2,1.0,3.0,79191,M,,,79
201100042498,11,8,17,1650,1,2,1,1.0,6.0,79191,M,,,79
201100042499,11,8,30,1800,1,2,1,1.0,7.0,79191,M,,,79
201100042500,11,9,2,1500,1,2,1,1.0,3.0,79191,M,,,79
201100042501,11,9,3,1205,1,2,1,1.0,7.0,79191,M,,,79
201100042502,11,9,18,1140,1,2,1,1.0,7.0,79191,M,,,79
201100042503,11,9,30,730,2,2,1,1.0,7.0,79191,M,,,79
201100042504,11,10,15,1842,1,2,1,1.0,6.0,79191,M,,,79
201100042505,11,10,30,1820,2,2,1,1.0,6.0,79191,M,,,79
201100042506,11,11,21,1355,1,2,4,1.0,3.0,79081,M,,,79
201100042507,11,12,3,1330,1,2,1,1.0,7.0,79191,M,,,79
201100042508,11,12,20,1800,5,2,1,1.0,7.0,79191,M,,,79
201100042509,11,12,28,1625,1,2,1,1.0,7.0,79191,M,,,79
201100042510,11,12,29,750,5,2,1,9.0,7.0,79191,M,,,79
201100042511,11,2,5,1055,1,2,1,1.0,6.0,79329,M,,,79
201100042512,11,2,7,1320,1,2,2,1.0,3.0,79329,M,,,79
201100042513,11,2,8,1217,1,2,1,1.0,5.0,79329,M,,,79
201100042514,11,2,8,1800,2,2,1,1.0,2.0,79300,M,,,79
201100042515,11,2,9,1925,2,1,3,1.0,3.0,79259,M,,,79
201100042516,11,2,28,1130,1,2,1,7.0,6.0,79329,M,,,79
201100042517,11,3,2,1155,1,1,1,1.0,7.0,79259,M,,,79
201100042518,11,3,4,1205,1,2,2,1.0,7.0,79300,M,,,79
201100042519,11,3,4,1715,1,2,7,1.0,3.0,79329,M,,,79
201100042520,11,3,12,955,1,2,6,8.0,3.0,79329,M,,,79
201100042521,11,3,23,1925,5,2,1,1.0,3.0,79329,M,,,79
201100042522,11,3,23,1950,5,1,9,1.0,3.0,79329,M,,,79
201100042523,11,3,25,1600,1,2,1,1.0,6.0,79329,M,,,79
201100042524,11,3,25,1615,1,2,9,1.0,3.0,79300,M,,,79
201100042525,11,3,26,1455,1,2,2,1.0,3.0,79329,M,,,79
201100042526,11,4,7,1210,1,2,1,7.0,6.0,79329,M,,,79
201100042527,11,5,26,1540,1,2,1,1.0,7.0,79329,M,,,79
201100042528,11,6,12,1125,1,2,1,8.0,6.0,79329,M,,,79