Num_Acc,an,mois,jour,hrmn,lum,agg,int,atm,col,com,gps,lat,long,dep
201100042529,11,6,28,1430,1,2,1,1.0,6.0,79329,M,,,79
201100042530,11,6,30,1815,1,1,2,1.0,3.0,79259,M,,,79
201100042531,11,7,2,1855,1,2,1,1.0,6.0,79329,M,,,79
201100042532,11,7,9,1535,1,2,2,1.0,3.0,79329,M,,,79
201100042533,11,8,10,1330,1,1,6,1.0,7.0,79329,M,,,79
201100042534,11,8,12,1925,1,2,1,1.0,7.0,79329,M,,,79
201100042535,11,9,3,1125,1,2,1,3.0,7.0,79300,M,,,79
201100042536,11,9,3,1135,1,1,1,3.0,7.0,79329,M,,,79
201100042537,11,9,22,1930,2,2,3,1.0,3.0,79329,M,,,79
201100042538,11,9,28,1815,1,2,3,1.0,3.0,79329,M,,,79
201100042539,11,10,7,1625,1,2,2,1.0,3.0,79329,M,,,79
201100042540,11,10,21,910,1,2,3,7.0,3.0,79329,M,,,79
201100042541,11,11,14,2000,3,1,2,1.0,3.0,79259,M,,,79
201100042542,11,11,17,2040,5,1,1,1.0,1.0,79329,M,,,79
201100042543,11,11,18,2245,5,2,1,1.0,6.0,79300,M,,,79
201100042544,11,12,2,1355,1,2,1,1.0,3.0,79300,M,,,79
201100042545,11,12,3,1858,3,2,1,2.0,6.0,79329,M,,,79
201100042546,11,12,12,1410,1,2,2,1.0,1.0,79329,M,,,79
201100042547,11,12,14,745,2,1,1,8.0,6.0,79329,M,,,79
201100042548,11,12,15,845,1,2,1,2.0,7.0,79329,M,,,79
201100042549,11,12,23,1655,2,2,3,2.0,3.0,79329,M,,,79
201100042550,11,12,28,1050,1,2,1,1.0,3.0,79300,M,,,79
201100042551,11,12,31,1100,1,2,1,1.0,6.0,79329,M,,,79
201100042552,11,12,31,1705,5,2,1,8.0,6.0,80001,M,,,80
201100042553,11,1,22,1830,5,2,6,1.0,6.0,80001,M,,,80
201100042554,11,4,8,1745,1,2,1,1.0,3.0,80001,M,,,80
201100042555,11,4,21,2135,5,2,1,1.0,6.0,80001,M,,,80
201100042556,11,5,20,1916,1,2,6,1.0,3.0,80001,M,,,80
201100042557,11,6,20,1615,1,2,3,1.0,1.0,80001,M,,,80
201100042558,11,7,14,545,2,2,5,1.0,3.0,80001,M,,,80
201100042559,11,7,24,235,5,2,1,1.0,6.0,80001,M,,,80
201100042560,11,7,30,2100,1,1,1,1.0,3.0,80001,M,,,80
201100042561,11,8,9,1825,1,1,1,1.0,1.0,80001,M,0.0,0.0,80
201100042562,11,8,21,2200,5,2,1,1.0,7.0,80001,M,,,80
201100042563,11,9,23,1545,1,2,1,1.0,6.0,80001,M,,,80
201100042564,11,10,18,829,2,2,1,2.0,6.0,80001,M,,,80
201100042565,11,10,20,940,1,2,1,7.0,6.0,80001,M,,,80
201100042566,11,11,23,1440,1,2,1,8.0,2.0,80001,M,,,80
201100042567,11,12,28,1900,5,2,3,2.0,3.0,80001,M,,,80
201100042568,11,12,31,125,5,1,1,3.0,2.0,80021,M,,,80
201100042569,11,1,4,1905,5,2,1,1.0,3.0,80021,M,,,80
201100042570,11,1,8,1255,1,2,1,2.0,7.0,80021,M,,,80
201100042571,11,1,10,1720,5,2,1,1.0,4.0,80021,M,,,80
201100042572,11,1,10,900,1,1,1,9.0,5.0,80261,M,,,80
201100042573,11,1,10,725,5,2,3,5.0,3.0,80021,M,,,80
201100042574,11,1,12,1800,5,2,1,2.0,6.0,80021,M,,,80
201100042575,11,1,17,1840,1,2,1,1.0,2.0,80021,M,,,80
201100042576,11,1,13,1345,1,1,1,2.0,7.0,80131,M,,,80
201100042577,11,1,18,1835,5,2,3,1.0,3.0,80021,M,,,80
201100042578,11,1,18,1555,1,2,1,1.0,6.0,80021,M,,,80
201100042579,11,1,21,1945,5,2,1,1.0,6.0,80725,M,,,80
201100042580,11,1,20,835,1,1,1,1.0,4.0,80379,M,,,80
201100042581,11,1,19,1815,2,2,1,1.0,5.0,80725,M,,,80
201100042582,11,1,25,1615,1,2,1,1.0,2.0,80021,M,,,80
201100042583,11,1,28,725,2,2,1,1.0,6.0,80021,M,,,80
201100042584,11,1,31,845,1,2,1,1.0,6.0,80021,M,,,80
201100042585,11,1,27,1825,2,2,1,1.0,1.0,80021,M,,,80
201100042586,11,2,1,1820,2,2,1,2.0,6.0,80021,M,,,80
201100042587,11,2,5,335,5,2,1,1.0,6.0,80021,M,,,80
201100042588,11,2,7,2100,3,1,1,2.0,3.0,80379,M,,,80
201100042589,11,2,4,750,2,2,1,1.0,2.0,80725,M,,,80
201100042590,11,2,4,1630,1,2,1,1.0,6.0,80021,M,,,80
201100042591,11,2,4,1830,5,2,1,1.0,3.0,80021,M,,,80
201100042592,11,2,10,1230,1,2,6,1.0,1.0,80379,M,,,80
201100042593,11,2,14,1545,1,2,1,1.0,3.0,80021,M,,,80
201100042594,11,2,12,1040,1,2,7,2.0,1.0,80021,M,,,80
201100042595,11,2,12,1150,1,1,1,2.0,3.0,80131,M,,,80
201100042596,11,2,15,1210,1,2,2,1.0,3.0,80021,M,,,80
201100042597,11,2,14,1640,1,2,2,1.0,3.0,80021,M,,,80
201100042598,11,2,16,1730,1,2,1,1.0,6.0,80021,M,,,80
201100042599,11,2,15,1135,1,2,1,1.0,6.0,80021,M,,,80
201100042600,11,2,18,2315,5,2,1,1.0,3.0,80021,M,,,80
201100042601,11,2,20,1910,5,1,6,2.0,7.0,80021,M,,,80
201100042602,11,2,16,835,1,1,1,5.0,1.0,80724,M,,,80
201100042603,11,2,22,730,2,2,6,1.0,3.0,80021,M,,,80
201100042604,11,2,27,1510,1,2,1,1.0,6.0,80021,M,,,80
201100042605,11,3,1,700,1,1,1,1.0,2.0,80021,M,,,80
201100042606,11,3,1,2120,5,2,2,1.0,3.0,80021,M,,,80
201100042607,11,2,28,1336,1,2,1,1.0,3.0,80021,M,,,80
201100042608,11,2,26,1030,1,1,3,3.0,3.0,80164,M,,,80
201100042609,11,3,4,1755,1,2,2,1.0,3.0,80021,M,,,80
201100042610,11,3,4,1425,1,2,1,1.0,6.0,80021,M,,,80
201100042611,11,3,3,1740,1,2,1,1.0,6.0,80021,M,,,80
201100042612,11,3,6,355,5,2,1,1.0,7.0,80021,M,,,80
201100042613,11,3,5,1125,1,2,1,1.0,7.0,80674,M,,,80
201100042614,11,3,5,1220,1,2,2,1.0,3.0,80021,M,,,80
201100042615,11,3,12,225,5,2,1,1.0,6.0,80164,M,,,80
201100042616,11,3,14,1930,5,2,2,1.0,5.0,80021,M,,,80
201100042617,11,3,14,800,1,2,1,1.0,6.0,80021,M,,,80
201100042618,11,3,15,1800,1,2,1,1.0,2.0,80021,M,,,80
201100042619,11,3,16,1345,1,2,1,1.0,6.0,80021,M,,,80
201100042620,11,3,16,1630,1,2,1,1.0,6.0,80021,M,,,80
201100042621,11,3,15,2030,5,2,7,1.0,3.0,80021,M,,,80
201100042622,11,3,17,2140,4,1,1,1.0,7.0,80021,M,0.0,0.0,80
201100042623,11,3,17,810,1,1,1,8.0,7.0,80261,M,,,80
201100042624,11,3,19,130,3,1,1,1.0,6.0,80021,M,,,80
201100042625,11,3,21,1650,1,2,1,1.0,3.0,80021,M,,,80
201100042626,11,3,20,1920,5,2,4,1.0,3.0,80021,M,,,80
201100042627,11,3,22,1715,1,1,1,1.0,3.0,80632,M,,,80
201100042628,11,3,22,1800,1,1,1,1.0,7.0,80131,M,0.0,0.0,80
201100042629,11,3,22,2000,3,2,1,1.0,7.0,80632,M,,,80
201100042630,11,3,31,1240,1,2,1,1.0,6.0,80021,M,,,80
201100042631,11,3,29,1845,1,2,2,2.0,3.0,80021,M,,,80
201100042632,11,3,28,1835,1,2,1,1.0,4.0,80021,M,,,80
201100042633,11,4,1,2255,5,2,2,1.0,3.0,80021,M,,,80
201100042634,11,4,1,1745,1,2,1,1.0,2.0,80021,M,,,80
201100042635,11,4,4,1810,1,2,1,1.0,6.0,80021,M,,,80
201100042636,11,4,6,800,1,2,1,1.0,5.0,80021,M,,,80
201100042637,11,4,6,1810,1,2,1,1.0,6.0,80021,M,,,80
201100042638,11,4,7,1550,1,2,1,1.0,2.0,80021,M,,,80
201100042639,11,4,7,1530,1,2,1,1.0,6.0,80021,M,,,80
201100042640,11,4,10,1940,1,2,2,1.0,3.0,80021,M,,,80
201100042641,11,4,9,1650,1,2,1,1.0,6.0,80021,M,,,80
201100042642,11,4,9,1644,1,1,1,1.0,2.0,80021,M,,,80
201100042643,11,4,9,1935,1,1,1,1.0,5.0,80021,M,,,80
201100042644,11,4,11,1120,1,2,1,1.0,2.0,80021,M,,,80
201100042645,11,4,11,1130,1,2,2,1.0,3.0,80021,M,,,80
201100042646,11,4,12,745,1,2,9,1.0,1.0,80021,M,,,80
201100042647,11,4,13,1250,1,2,1,1.0,3.0,80021,M,,,80
201100042648,11,4,13,1720,1,2,6,1.0,3.0,80725,M,,,80
201100042649,11,4,18,1915,1,2,1,1.0,6.0,80021,M,,,80
201100042650,11,4,20,1740,1,2,2,1.0,3.0,80724,M,,,80
201100042651,11,4,20,2030,1,2,2,1.0,3.0,80021,M,,,80
201100042652,11,4,21,1205,1,2,1,1.0,6.0,80021,M,,,80
201100042653,11,4,21,1325,1,1,1,1.0,7.0,80021,M,,,80
201100042654,11,4,25,1945,1,2,1,1.0,2.0,80021,M,,,80
201100042655,11,4,27,825,1,1,1,1.0,2.0,80021,M,,,80
201100042656,11,4,27,1050,1,2,1,1.0,2.0,80021,M,,,80
201100042657,11,4,27,2230,1,2,1,1.0,3.0,80021,M,,,80
201100042658,11,4,23,1400,1,2,2,1.0,3.0,80021,M,,,80
201100042659,11,4,24,1705,1,2,1,1.0,2.0,80379,M,,,80
201100042660,11,4,22,730,1,2,2,1.0,3.0,80021,M,,,80
201100042661,11,4,30,40,5,1,1,1.0,7.0,80021,M,,,80
201100042662,11,4,29,1650,1,1,3,3.0,3.0,80674,M,,,80
201100042663,11,5,1,335,5,2,1,1.0,3.0,80021,M,,,80
201100042664,11,5,4,2045,1,2,1,1.0,3.0,80021,M,,,80
201100042665,11,5,3,1720,1,2,1,1.0,6.0,80021,M,,,80
201100042666,11,5,2,1825,1,1,1,1.0,3.0,80131,M,,,80
201100042667,11,5,5,750,1,1,1,1.0,5.0,80131,M,,,80
201100042668,11,5,5,1615,1,2,1,1.0,4.0,80021,M,,,80
201100042669,11,5,5,2320,5,2,1,1.0,3.0,80021,M,,,80
201100042670,11,5,6,2125,1,2,1,1.0,7.0,80021,M,,,80
201100042671,11,5,8,10,5,2,1,1.0,3.0,80021,M,,,80
201100042672,11,5,8,1740,1,1,1,1.0,7.0,80021,M,,,80
201100042673,11,5,10,850,1,2,2,8.0,3.0,80021,M,,,80
201100042674,11,5,9,905,1,2,1,1.0,5.0,80021,M,,,80
201100042675,11,5,14,1610,1,2,1,1.0,6.0,80021,M,,,80
201100042676,11,5,14,1755,1,2,3,1.0,3.0,80021,M,,,80
201100042677,11,5,14,1745,1,2,1,1.0,6.0,80379,M,,,80
201100042678,11,5,14,1430,1,2,1,1.0,3.0,80021,M,,,80
201100042679,11,5,19,1205,1,2,1,1.0,3.0,80021,M,,,80
201100042680,11,5,18,1105,1,2,1,1.0,3.0,80021,M,,,80
201100042681,11,5,18,1240,1,2,1,1.0,6.0,80021,M,,,80
201100042682,11,5,18,2110,1,2,2,1.0,3.0,80021,M,,,80
201100042683,11,5,18,2210,4,1,1,1.0,7.0,80021,M,,,80
201100042684,11,5,17,1740,1,1,1,1.0,2.0,80489,M,,,80
201100042685,11,5,20,1750,1,1,1,1.0,6.0,80379,M,,,80
201100042686,11,5,21,1540,1,2,1,1.0,5.0,80489,M,,,80
201100042687,11,5,23,655,1,2,3,1.0,3.0,80021,M,,,80
201100042688,11,5,25,725,1,2,3,1.0,3.0,80164,M,,,80
201100042689,11,5,26,1445,1,1,1,1.0,7.0,80702,M,,,80
201100042690,11,5,27,5,3,2,1,2.0,6.0,80021,M,,,80
201100042691,11,5,28,230,5,2,1,1.0,6.0,80021,M,,,80
201100042692,11,5,28,1815,1,2,1,1.0,6.0,80021,M,,,80
201100042693,11,6,3,1600,1,2,1,1.0,6.0,80021,M,,,80
201100042694,11,6,1,1345,1,2,3,1.0,3.0,80021,M,,,80
201100042695,11,6,7,725,1,2,1,1.0,2.0,80021,M,,,80
201100042696,11,6,9,1909,1,2,1,1.0,3.0,80021,M,,,80
201100042697,11,6,9,1420,1,2,1,1.0,1.0,80021,M,,,80
201100042698,11,6,9,915,1,2,3,1.0,3.0,80021,M,,,80
201100042699,11,6,11,630,2,2,1,1.0,6.0,80021,M,,,80
201100042700,11,6,11,1910,1,1,1,1.0,5.0,80379,M,,,80
201100042701,11,6,10,1220,1,2,1,2.0,1.0,80021,M,,,80
201100042702,11,6,16,2120,2,2,1,1.0,6.0,80021,M,,,80
201100042703,11,6,16,820,1,1,1,2.0,7.0,80021,M,,,80
201100042704,11,6,15,840,1,2,1,1.0,3.0,80021,M,,,80
201100042705,11,6,14,1220,1,2,1,1.0,2.0,80021,M,,,80
201100042706,11,6,14,1920,1,2,1,1.0,5.0,80021,M,,,80
201100042707,11,6,19,2115,1,2,1,1.0,6.0,80021,M,,,80
201100042708,11,6,17,1750,1,2,1,1.0,6.0,80021,M,,,80
201100042709,11,6,20,2305,3,2,1,2.0,6.0,80021,M,,,80
201100042710,11,6,20,2225,5,2,1,3.0,6.0,80021,M,,,80
201100042711,11,6,20,1400,1,2,1,2.0,2.0,80021,M,,,80
201100042712,11,6,20,900,1,2,1,2.0,6.0,80021,M,,,80
201100042713,11,6,23,1215,1,2,1,2.0,2.0,80021,M,,,80
201100042714,11,6,22,1715,1,2,1,1.0,4.0,80021,M,,,80
201100042715,11,6,21,1050,1,2,1,2.0,6.0,80021,M,,,80
201100042716,11,6,25,1810,1,2,3,1.0,3.0,80021,M,,,80
201100042717,11,6,25,735,1,2,1,1.0,6.0,80021,M,,,80
201100042718,11,6,28,1500,1,1,1,1.0,3.0,80164,M,,,80
201100042719,11,6,25,955,1,1,2,2.0,3.0,80379,M,,,80
201100042720,11,6,25,1845,1,2,1,1.0,6.0,80021,M,,,80
201100042721,11,6,24,1415,1,2,1,1.0,6.0,80021,M,,,80
201100042722,11,6,29,1400,1,2,1,1.0,6.0,80021,M,,,80
201100042723,11,7,1,1,3,1,2,1.0,3.0,80379,M,,,80
201100042724,11,7,3,1900,1,2,1,1.0,3.0,80021,M,,,80
201100042725,11,7,2,5,5,2,1,1.0,6.0,80489,M,,,80
201100042726,11,7,1,1935,1,2,3,1.0,3.0,80160,M,,,80
201100042727,11,7,1,2015,1,2,1,1.0,6.0,80021,M,,,80
201100042728,11,7,5,1220,1,2,1,1.0,6.0,80021,M,,,80
201100042729,11,7,5,1840,1,2,2,1.0,3.0,80021,M,,,80
201100042730,11,7,5,755,1,1,1,1.0,4.0,80379,M,,,80
201100042731,11,7,9,2330,5,2,1,1.0,6.0,80021,M,,,80
201100042732,11,7,11,2040,1,2,2,1.0,3.0,80021,M,,,80
201100042733,11,7,12,1535,1,2,1,1.0,2.0,80021,M,,,80
201100042734,11,7,8,1000,1,2,1,1.0,6.0,80021,M,,,80
201100042735,11,7,9,1300,1,1,2,1.0,3.0,80724,M,,,80
201100042736,11,7,15,1325,1,2,2,1.0,3.0,80021,M,,,80
201100042737,11,7,17,1220,1,2,1,1.0,2.0,80021,M,,,80
201100042738,11,7,18,1725,1,2,1,1.0,2.0,80021,M,,,80
201100042739,11,7,15,945,1,2,2,1.0,3.0,80021,M,,,80
201100042740,11,7,24,2120,1,2,6,1.0,6.0,80021,M,,,80
201100042741,11,7,23,1600,1,2,1,2.0,2.0,80021,M,,,80
201100042742,11,7,24,1450,1,2,1,1.0,2.0,80021,M,,,80
201100042743,11,7,24,1000,1,1,1,1.0,6.0,80131,M,,,80
201100042744,11,7,22,1700,1,2,1,1.0,3.0,80021,M,,,80
201100042745,11,7,22,2250,5,2,1,1.0,3.0,80379,M,,,80
201100042746,11,7,22,2300,5,2,3,1.0,3.0,80021,M,,,80
201100042747,11,7,25,1950,1,2,3,1.0,6.0,80021,M,,,80
201100042748,11,7,27,2100,1,2,3,1.0,6.0,80021,M,,,80
201100042749,11,7,27,2140,3,2,1,1.0,6.0,80021,M,,,80
201100042750,11,7,25,1750,1,2,1,1.0,6.0,80021,M,,,80
201100042751,11,7,25,1655,1,1,1,2.0,6.0,80489,M,,,80
201100042752,11,7,29,1600,1,2,1,1.0,6.0,80021,M,,,80
201100042753,11,7,30,1905,1,2,2,1.0,6.0,80021,M,,,80
201100042754,11,8,2,1055,1,2,1,1.0,6.0,80489,M,,,80
201100042755,11,8,4,1415,1,2,3,2.0,3.0,80021,M,,,80
201100042756,11,8,7,1430,1,2,1,1.0,1.0,80489,M,,,80
201100042757,11,8,11,1630,1,2,3,1.0,3.0,80674,M,,,80
201100042758,11,8,11,1540,1,2,1,1.0,6.0,80021,M,,,80
201100042759,11,8,16,1905,1,2,1,1.0,3.0,80021,M,,,80
201100042760,11,8,15,1710,1,2,1,1.0,4.0,80021,M,,,80
201100042761,11,8,17,820,1,2,1,1.0,7.0,80021,M,,,80
201100042762,11,8,20,400,5,2,1,1.0,7.0,80021,M,,,80
201100042763,11,8,22,1106,1,1,1,1.0,7.0,80021,M,,,80
201100042764,11,8,20,1020,1,1,1,1.0,2.0,80021,M,,,80
201100042765,11,8,20,1600,1,2,1,1.0,5.0,80021,M,,,80
201100042766,11,8,21,1730,1,2,2,1.0,3.0,80021,M,,,80
201100042767,11,8,19,1530,1,2,2,1.0,3.0,80021,M,,,80
201100042768,11,8,18,1225,1,2,1,1.0,2.0,80021,M,,,80
201100042769,11,8,17,1540,1,2,2,1.0,6.0,80021,M,,,80
201100042770,11,8,17,1640,1,2,1,1.0,2.0,80021,M,,,80
201100042771,11,8,23,1210,1,1,1,2.0,7.0,80021,M,,,80
201100042772,11,8,24,1315,1,2,6,1.0,3.0,80021,M,,,80
201100042773,11,8,24,1445,1,2,1,1.0,2.0,80021,M,,,80
201100042774,11,8,30,1620,1,2,1,1.0,3.0,80021,M,,,80
201100042775,11,8,31,1950,1,2,1,1.0,1.0,80021,M,,,80
201100042776,11,8,26,845,1,2,2,2.0,3.0,80021,M,,,80
201100042777,11,9,2,1730,1,2,1,1.0,4.0,80261,M,,,80
201100042778,11,9,5,2050,2,2,1,1.0,6.0,80021,M,,,80
201100042779,11,9,5,1700,1,1,2,1.0,3.0,80724,M,,,80
201100042780,11,9,6,920,1,2,2,1.0,3.0,80021,M,,,80
201100042781,11,9,6,745,1,2,1,1.0,6.0,80021,M,,,80
201100042782,11,9,8,1040,1,2,1,1.0,3.0,80021,M,,,80
201100042783,11,9,10,1638,1,2,6,1.0,3.0,80021,M,,,80
201100042784,11,9,10,1905,1,2,1,1.0,6.0,80021,M,,,80
201100042785,11,9,11,1920,1,2,1,1.0,3.0,80021,M,,,80
201100042786,11,9,13,1801,1,2,1,1.0,3.0,80261,M,,,80
201100042787,11,9,13,1835,1,2,1,1.0,2.0,80021,M,,,80
201100042788,11,9,15,1620,1,2,1,1.0,3.0,80021,M,,,80
201100042789,11,9,17,2215,5,2,1,2.0,6.0,80021,M,,,80
201100042790,11,9,18,1745,1,2,1,3.0,7.0,80489,M,,,80
201100042791,11,9,17,2140,5,2,1,2.0,2.0,80021,M,,,80
201100042792,11,9,19,1215,1,2,1,1.0,3.0,80021,M,,,80
201100042793,11,9,19,1720,1,2,1,1.0,6.0,80021,M,,,80
201100042794,11,9,22,825,1,2,1,1.0,2.0,80021,M,,,80
201100042795,11,9,24,1615,1,1,1,1.0,2.0,80632,M,,,80
201100042796,11,9,24,500,5,2,1,1.0,6.0,80021,M,,,80
201100042797,11,9,23,1105,1,2,1,1.0,6.0,80725,M,,,80
201100042798,11,9,26,1000,1,2,1,1.0,2.0,80674,M,,,80
201100042799,11,9,26,1000,1,2,1,1.0,6.0,80021,M,,,80
201100042800,11,9,28,1825,1,2,1,1.0,7.0,80021,M,,,80
201100042801,11,9,28,1615,1,2,1,1.0,1.0,80021,M,,,80
201100042802,11,9,28,1455,1,1,1,1.0,3.0,80379,M,,,80
201100042803,11,9,30,810,1,2,1,1.0,6.0,80021,M,,,80
201100042804,11,9,30,1500,1,2,1,1.0,6.0,80021,M,,,80
201100042805,11,9,29,1330,1,2,1,1.0,7.0,80021,M,,,80
201100042806,11,10,3,1645,1,2,1,1.0,3.0,80021,M,,,80
201100042807,11,10,3,1600,1,2,1,1.0,2.0,80021,M,,,80
201100042808,11,10,3,1740,1,2,1,1.0,3.0,80021,M,,,80
201100042809,11,10,3,1320,1,2,1,1.0,3.0,80021,M,,,80
201100042810,11,10,4,1815,1,2,1,1.0,6.0,80021,M,,,80
201100042811,11,10,6,2235,5,2,2,2.0,3.0,80021,M,,,80
201100042812,11,10,7,720,1,2,1,1.0,3.0,80021,M,,,80
201100042813,11,10,7,1520,1,2,2,1.0,3.0,80021,M,,,80
201100042814,11,10,5,915,1,2,1,1.0,6.0,80021,M,,,80
201100042815,11,10,5,725,2,2,1,1.0,7.0,80021,M,,,80
201100042816,11,10,6,2240,5,2,1,1.0,7.0,80021,M,,,80
201100042817,11,10,6,1240,1,2,1,1.0,7.0,80021,M,,,80
201100042818,11,10,10,710,1,1,1,2.0,3.0,80021,M,,,80
201100042819,11,10,11,1855,5,2,1,1.0,4.0,80021,M,,,80
201100042820,11,10,11,930,1,2,3,1.0,3.0,80021,M,,,80
201100042821,11,10,11,1740,1,2,1,1.0,7.0,80021,M,,,80
201100042822,11,10,14,850,1,2,1,7.0,3.0,80021,M,,,80
201100042823,11,10,14,825,1,2,1,7.0,7.0,80021,M,,,80
201100042824,11,10,17,1625,1,2,1,1.0,3.0,80021,M,,,80
201100042825,11,10,18,740,2,2,1,1.0,4.0,80021,M,,,80
201100042826,11,10,18,845,1,2,1,1.0,5.0,80021,M,,,80
201100042827,11,10,18,1145,1,2,1,2.0,3.0,80021,M,,,80
201100042828,11,10,20,715,5,2,1,1.0,7.0,80021,M,,,80
201100042829,11,10,19,1810,1,2,1,1.0,7.0,80021,M,,,80
201100042830,11,10,20,1010,1,2,1,1.0,3.0,80021,M,,,80
201100042831,11,10,21,725,5,2,2,1.0,3.0,80021,M,,,80
201100042832,11,10,21,2320,5,2,3,1.0,3.0,80021,M,,,80
201100042833,11,10,26,1750,2,2,1,1.0,3.0,80021,M,,,80
201100042834,11,10,28,1615,1,2,1,1.0,3.0,80021,M,4991065.0,233232.0,80
201100042835,11,10,28,1255,1,2,2,1.0,3.0,80489,M,,,80
201100042836,11,11,2,2100,3,1,1,1.0,6.0,80131,M,,,80
201100042837,11,10,27,2230,3,1,1,1.0,6.0,80730,M,4989526.0,220579.0,80
201100042838,11,10,27,1745,2,2,1,1.0,1.0,80021,M,,,80
201100042839,11,10,27,1725,1,2,1,1.0,7.0,80021,M,,,80
201100042840,11,10,27,905,1,2,1,1.0,3.0,80021,M,,,80
201100042841,11,11,5,1140,1,2,1,1.0,3.0,80674,M,,,80
201100042842,11,11,6,1440,1,2,1,1.0,1.0,80021,M,,,80
201100042843,11,11,5,1550,1,1,1,1.0,2.0,80674,M,0.0,0.0,80
201100042844,11,11,4,1645,1,1,1,1.0,5.0,80632,M,,,80
201100042845,11,11,4,1225,1,2,1,1.0,6.0,80021,M,,,80
201100042846,11,11,4,1825,5,2,1,1.0,3.0,80021,M,,,80
201100042847,11,11,3,1610,1,2,1,2.0,3.0,80021,M,,,80
201100042848,11,11,3,1505,1,2,1,2.0,5.0,80021,M,,,80
201100042849,11,11,7,1829,5,2,1,2.0,5.0,80261,M,,,80
201100042850,11,11,2,1800,5,2,1,1.0,3.0,80021,M,,,80
201100042851,11,11,8,1805,5,2,1,2.0,3.0,80021,M,,,80
201100042852,11,11,8,1750,5,2,1,2.0,7.0,80021,M,,,80
201100042853,11,11,8,1215,1,2,1,1.0,6.0,80021,M,,,80
201100042854,11,11,9,915,1,2,1,8.0,6.0,80021,M,,,80
201100042855,11,11,9,950,1,2,6,1.0,3.0,80021,M,,,80
201100042856,11,11,14,1830,5,2,1,1.0,6.0,80021,M,,,80
201100042857,11,11,14,1750,3,1,1,1.0,1.0,80021,M,,,80
201100042858,11,11,14,1815,5,2,1,1.0,6.0,80021,M,,,80
201100042859,11,11,13,715,1,1,3,1.0,3.0,80725,M,,,80
201100042860,11,11,12,1515,1,2,1,1.0,5.0,80021,M,,,80
201100042861,11,11,11,1855,3,2,1,1.0,3.0,80021,M,,,80
201100042862,11,11,10,1750,5,2,1,1.0,1.0,80021,M,,,80
201100042863,11,11,10,1716,2,2,1,1.0,7.0,80021,M,,,80
201100042864,11,11,15,1240,1,2,1,1.0,1.0,80021,M,,,80
201100042865,11,11,17,1200,1,2,1,1.0,5.0,80021,M,,,80
201100042866,11,11,21,1210,1,2,1,1.0,7.0,80021,M,,,80
201100042867,11,11,19,30,5,2,1,5.0,7.0,80261,M,,,80
201100042868,11,11,18,1345,1,2,1,1.0,3.0,80674,M,,,80
201100042869,11,11,18,30,4,2,1,2.0,6.0,80021,M,,,80
201100042870,11,11,24,750,2,1,6,5.0,2.0,80021,M,,,80
201100042871,11,11,23,1825,5,2,1,2.0,6.0,80021,M,,,80
201100042872,11,11,25,1145,1,2,3,1.0,3.0,80021,M,,,80
201100042873,11,11,24,2130,4,1,1,1.0,7.0,80021,M,,,80
201100042874,11,11,28,935,1,2,1,1.0,6.0,80725,M,,,80
201100042875,11,11,29,805,1,2,1,1.0,1.0,80021,M,,,80
201100042876,11,11,29,1000,1,2,1,1.0,6.0,80021,M,,,80
201100042877,11,12,1,650,5,2,1,1.0,3.0,80021,M,,,80
201100042878,11,12,2,2100,5,2,1,1.0,1.0,80021,M,,,80
201100042879,11,12,4,2200,5,2,1,2.0,5.0,80164,M,,,80
201100042880,11,12,3,2015,5,2,1,2.0,1.0,80021,M,,,80
201100042881,11,12,2,1500,1,2,1,1.0,1.0,80021,M,,,80
201100042882,11,12,5,1715,5,2,1,2.0,7.0,80021,M,,,80
201100042883,11,12,5,1549,1,2,1,1.0,6.0,80021,M,,,80
201100042884,11,12,5,1720,1,2,1,1.0,7.0,80021,M,,,80
201100042885,11,12,5,1425,1,2,1,2.0,2.0,80021,M,,,80
201100042886,11,12,6,2000,5,2,1,2.0,3.0,80021,M,,,80
201100042887,11,12,6,945,1,2,1,1.0,7.0,80021,M,,,80
201100042888,11,12,6,1330,1,2,1,8.0,1.0,80021,M,,,80
201100042889,11,12,12,1850,5,2,1,1.0,6.0,80021,M,,,80
201100042890,11,12,12,735,5,2,1,2.0,6.0,80021,M,,,80
201100042891,11,12,5,805,1,2,1,1.0,2.0,80021,M,,,80
201100042892,11,12,13,840,2,2,1,3.0,6.0,80021,M,,,80
201100042893,11,12,13,1825,5,2,1,3.0,6.0,80021,M,,,80
201100042894,11,12,14,2045,5,2,1,2.0,2.0,80021,M,,,80
201100042895,11,12,20,1910,5,2,1,1.0,3.0,80021,M,,,80
201100042896,11,12,20,1940,5,2,1,1.0,3.0,80021,M,,,80
201100042897,11,12,23,1715,2,2,1,1.0,2.0,80021,M,,,80
201100042898,11,12,25,2000,5,2,2,1.0,3.0,80021,M,,,80
201100042899,11,12,21,1535,1,2,1,2.0,2.0,80021,M,,,80
201100042900,11,2,21,1910,5,2,1,3.0,6.0,81004,M,,,81
201100042901,11,2,28,1820,2,2,1,1.0,6.0,81004,M,,,81
201100042902,11,3,24,1700,1,2,3,1.0,3.0,81004,M,,,81
201100042903,11,4,18,1958,1,2,1,1.0,3.0,81004,M,,,81
201100042904,11,4,19,932,1,1,1,1.0,4.0,81004,M,4413180.0,187737.0,81
201100042905,11,4,26,1730,1,2,1,1.0,6.0,81004,M,4392570.0,214516.0,81
201100042906,11,5,21,2312,5,2,3,1.0,1.0,81004,M,4391940.0,213070.0,81
201100042907,11,6,30,755,1,2,1,1.0,6.0,81004,M,4392040.0,214461.0,81
201100042908,11,7,11,1425,1,2,1,1.0,3.0,81004,M,4393330.0,216887.0,81
201100042909,11,7,14,620,2,1,1,1.0,6.0,81004,M,4393820.0,217117.0,81
201100042910,11,7,21,1503,1,2,2,1.0,3.0,81004,M,4391600.0,216987.0,81