Num_Acc,an,mois,jour,hrmn,lum,agg,int,atm,col,com,gps,lat,long,dep
201100042911,11,11,23,1820,5,2,1,1.0,6.0,81004,M,4394270.0,215122.0,81
201100042912,11,12,10,1842,5,2,3,1.0,5.0,81144,M,4396270.0,219067.0,81
201100042913,11,12,22,1315,1,1,1,2.0,3.0,81144,M,,,81
201100042914,11,12,27,1400,1,2,1,1.0,6.0,81060,M,,,81
201100042915,11,2,2,1905,5,2,9,1.0,6.0,81033,M,4404240.0,215702.0,81
201100042916,11,3,10,1425,1,2,4,1.0,2.0,81060,M,,,81
201100042917,11,3,23,1505,1,2,7,1.0,5.0,81060,M,,,81
201100042918,11,5,29,1045,1,2,1,1.0,6.0,81060,M,,,81
201100042919,11,10,3,900,1,2,1,7.0,2.0,81060,M,4405560.0,215136.0,81
201100042920,11,11,25,1407,1,2,1,1.0,6.0,81033,M,4404070.0,215711.0,81
201100042921,11,1,17,1850,5,2,1,1.0,6.0,81065,M,,,81
201100042922,11,4,14,1410,1,2,1,1.0,7.0,81065,M,4362330.0,221215.0,81
201100042923,11,5,24,1600,1,1,3,1.0,3.0,81065,M,4366570.0,223136.0,81
201100042924,11,5,13,740,1,1,1,1.0,3.0,81065,M,4360550.0,221569.0,81
201100042925,11,7,27,815,1,1,1,2.0,3.0,81065,M,,,81
201100042926,11,8,4,1050,1,2,3,1.0,4.0,81065,M,,,81
201100042927,11,8,25,1430,1,2,1,1.0,7.0,81065,M,,,81
201100042928,11,9,1,1600,1,1,1,1.0,7.0,81065,M,4363790.0,222282.0,81
201100042929,11,11,2,2200,3,1,1,1.0,7.0,81065,M,4362240.0,222905.0,81
201100042930,11,5,11,1800,1,1,2,1.0,3.0,81105,M,4377060.0,205951.0,81
201100042931,11,1,9,518,5,2,2,1.0,6.0,81163,M,,,81
201100042932,11,1,3,945,1,2,1,1.0,6.0,81163,M,,,81
201100042933,11,1,30,2220,5,2,1,8.0,2.0,81163,M,,,81
201100042934,11,2,13,1225,1,2,1,1.0,3.0,81163,M,4349760.0,239568.0,81
201100042935,11,3,25,2130,5,2,1,1.0,6.0,81163,M,,,81
201100042936,11,3,26,1550,1,1,1,1.0,7.0,81163,M,4346940.0,236696.0,81
201100042937,11,4,8,630,5,2,3,1.0,7.0,81163,M,,,81
201100042938,11,5,2,1755,1,2,1,1.0,3.0,81021,M,4350750.0,237615.0,81
201100042939,11,6,18,1600,1,2,1,1.0,6.0,81163,M,4349190.0,237480.0,81
201100042940,11,6,20,1640,1,2,1,1.0,3.0,81163,M,4350480.0,237986.0,81
201100042941,11,6,22,1510,1,2,1,1.0,6.0,81163,M,4349190.0,237479.0,81
201100042942,11,9,17,1200,1,2,1,1.0,2.0,81021,M,4350700.0,237792.0,81
201100042943,11,10,1,225,5,2,1,1.0,6.0,81163,M,,,81
201100042944,11,11,4,1840,5,2,1,2.0,6.0,81021,M,,,81
201100042945,11,1,20,1845,2,1,2,1.0,3.0,82033,M,,,82
201100042946,11,4,23,150,3,1,1,1.0,6.0,82033,M,,,82
201100042947,11,6,12,2050,1,1,4,1.0,7.0,82033,M,,,82
201100042948,11,5,31,1010,1,2,6,2.0,3.0,82033,M,,,82
201100042949,11,7,30,150,3,1,1,1.0,2.0,82033,M,,,82
201100042950,11,7,21,710,1,1,1,1.0,6.0,82033,M,,,82
201100042951,11,7,7,1730,1,2,1,1.0,6.0,82033,M,,,82
201100042952,11,9,4,1707,1,2,1,1.0,7.0,82033,M,,,82
201100042953,11,9,18,1745,1,1,1,2.0,3.0,82033,M,,,82
201100042954,11,12,28,2125,3,1,1,2.0,6.0,82033,M,,,82
201100042955,11,12,29,1234,1,2,2,1.0,3.0,82121,M,,,82
201100042956,11,12,31,1820,3,1,1,2.0,6.0,82121,M,,,82
201100042957,11,1,2,1545,1,2,1,1.0,3.0,82121,M,,,82
201100042958,11,1,4,1045,1,2,3,1.0,3.0,82121,M,,,82
201100042959,11,1,18,1400,1,1,1,1.0,7.0,82121,M,,,82
201100042960,11,1,21,1010,1,2,2,1.0,6.0,82121,M,,,82
201100042961,11,2,8,1550,1,1,2,7.0,6.0,82121,M,,,82
201100042962,11,2,8,1810,1,2,1,1.0,2.0,82121,M,,,82
201100042963,11,2,11,1818,1,2,6,1.0,6.0,82121,M,,,82
201100042964,11,2,23,2020,3,1,1,1.0,6.0,82121,M,,,82
201100042965,11,3,6,555,5,1,1,1.0,6.0,82121,M,,,82
201100042966,11,3,11,800,1,2,1,1.0,2.0,82121,M,,,82
201100042967,11,3,20,410,3,1,1,1.0,6.0,82121,M,,,82
201100042968,11,3,28,2003,5,2,6,1.0,6.0,82121,M,,,82
201100042969,11,4,8,2340,3,1,1,1.0,2.0,82121,M,,,82
201100042970,11,4,2,1245,1,2,3,1.0,6.0,82121,M,,,82
201100042971,11,4,7,1420,1,2,1,1.0,3.0,82121,M,,,82
201100042972,11,4,8,1025,1,2,1,1.0,6.0,82121,M,,,82
201100042973,11,4,30,1605,1,2,1,1.0,6.0,82121,M,,,82
201100042974,11,5,5,1345,1,1,6,1.0,6.0,82121,M,,,82
201100042975,11,5,7,1445,1,2,6,3.0,6.0,82121,M,,,82
201100042976,11,5,16,1100,1,2,2,1.0,3.0,82121,M,,,82
201100042977,11,5,22,115,3,1,1,1.0,6.0,82121,M,,,82
201100042978,11,6,6,1811,1,2,1,2.0,6.0,82121,M,,,82
201100042979,11,5,18,1550,1,2,3,1.0,2.0,82121,M,,,82
201100042980,11,5,25,1110,1,2,1,1.0,6.0,82121,M,,,82
201100042981,11,6,8,905,1,2,1,1.0,7.0,82121,M,,,82
201100042982,11,6,21,1850,1,1,1,1.0,7.0,82121,M,,,82
201100042983,11,6,23,1720,1,2,1,1.0,6.0,82121,M,,,82
201100042984,11,6,29,2120,2,2,1,1.0,7.0,82121,M,,,82
201100042985,11,6,24,1850,1,2,1,1.0,3.0,82121,M,,,82
201100042986,11,7,4,1705,1,2,3,1.0,6.0,82121,M,,,82
201100042987,11,8,5,2115,1,1,1,1.0,6.0,82121,M,,,82
201100042988,11,8,23,1112,1,2,1,1.0,6.0,82121,M,,,82
201100042989,11,8,27,715,1,2,3,1.0,6.0,82121,M,,,82
201100042990,11,8,27,1510,1,1,1,1.0,7.0,82121,M,,,82
201100042991,11,9,5,1150,1,2,2,1.0,6.0,82121,M,,,82
201100042992,11,9,5,1655,1,1,2,1.0,3.0,82121,M,,,82
201100042993,11,9,5,1415,1,2,1,1.0,6.0,82121,M,,,82
201100042994,11,9,10,1232,1,1,6,1.0,3.0,82121,M,,,82
201100042995,11,9,12,740,1,1,1,1.0,7.0,82121,M,,,82
201100042996,11,9,5,1340,1,2,3,1.0,3.0,82121,M,,,82
201100042997,11,9,23,1115,1,2,1,1.0,6.0,82121,M,,,82
201100042998,11,9,27,1215,1,2,6,1.0,7.0,82121,M,,,82
201100042999,11,10,7,2235,3,1,1,1.0,7.0,82121,M,,,82
201100043000,11,10,16,1745,1,2,2,1.0,3.0,82121,M,,,82
201100043001,11,10,15,1925,3,1,1,1.0,3.0,82121,M,,,82
201100043002,11,10,17,715,4,2,3,1.0,3.0,82121,M,,,82
201100043003,11,10,29,1430,1,2,3,1.0,6.0,82121,M,,,82
201100043004,11,11,13,847,1,2,3,1.0,3.0,82121,M,,,82
201100043005,11,11,15,1220,1,2,1,1.0,6.0,82121,M,,,82
201100043006,11,11,11,1146,1,2,1,1.0,2.0,82121,M,,,82
201100043007,11,12,2,1710,2,1,1,1.0,5.0,82121,M,,,82
201100043008,11,11,29,1745,5,2,6,1.0,6.0,82121,M,,,82
201100043009,11,12,12,1030,1,2,2,1.0,6.0,82121,M,,,82
201100043010,11,12,20,1505,1,1,1,1.0,1.0,82121,M,,,82
201100043011,11,12,23,730,3,1,1,5.0,5.0,82121,M,,,82
201100043012,11,12,23,2001,5,2,3,1.0,3.0,82121,M,,,82
201100043013,11,12,27,1315,1,2,2,1.0,3.0,82121,M,,,82
201100043014,11,1,17,1315,1,2,1,1.0,6.0,83050,M,,,83
201100043015,11,1,21,1245,1,2,3,1.0,3.0,83050,M,,,83
201100043016,11,2,1,1610,1,2,1,1.0,1.0,83050,M,,,83
201100043017,11,2,24,1925,3,2,3,1.0,5.0,83050,M,,,83
201100043018,11,3,12,1725,1,2,1,2.0,3.0,83050,M,,,83
201100043019,11,4,15,1200,1,2,1,1.0,5.0,83050,M,,,83
201100043020,11,4,21,1740,1,2,1,1.0,6.0,83141,M,,,83
201100043021,11,3,11,1345,1,2,6,1.0,3.0,83050,M,,,83
201100043022,11,8,2,1540,1,1,1,1.0,3.0,83050,M,,,83
201100043023,11,8,6,1040,1,2,1,1.0,6.0,83050,M,,,83
201100043024,11,8,20,1635,1,2,3,1.0,3.0,83050,M,,,83
201100043025,11,8,22,1935,1,2,4,1.0,3.0,83050,M,,,83
201100043026,11,8,23,1025,1,2,1,1.0,7.0,83050,M,,,83
201100043027,11,8,23,1210,1,2,1,1.0,2.0,83050,M,,,83
201100043028,11,8,27,2035,2,1,1,1.0,2.0,83050,M,,,83
201100043029,11,8,30,2200,3,2,1,1.0,6.0,83141,M,,,83
201100043030,11,9,7,1030,1,2,1,1.0,3.0,83050,M,,,83
201100043031,11,10,20,730,2,2,9,1.0,3.0,83050,M,,,83
201100043032,11,10,23,1925,5,2,1,1.0,3.0,83050,M,,,83
201100043033,11,11,3,1800,5,2,1,1.0,6.0,83050,M,,,83
201100043034,11,11,17,1600,1,2,1,1.0,6.0,83050,M,,,83
201100043035,11,12,29,1133,1,2,6,1.0,3.0,83061,M,,,83
201100043036,11,11,30,1510,1,2,1,1.0,6.0,83061,M,,,83
201100043037,11,12,15,1835,5,2,1,1.0,6.0,83061,M,,,83
201100043038,11,12,29,1455,1,2,1,1.0,6.0,83061,M,,,83
201100043039,11,1,29,1425,1,2,4,3.0,3.0,83118,M,,,83
201100043040,11,1,6,1525,1,2,1,1.0,6.0,83118,M,,,83
201100043041,11,2,16,1835,5,2,1,1.0,6.0,83061,M,,,83
201100043042,11,2,20,528,5,2,1,8.0,6.0,83061,M,,,83
201100043043,11,3,18,1040,1,2,1,1.0,6.0,83061,M,,,83
201100043044,11,4,8,2130,5,1,1,1.0,2.0,83061,M,,,83
201100043045,11,4,17,1815,1,1,1,1.0,3.0,83061,M,,,83
201100043046,11,4,5,1525,1,2,1,1.0,6.0,83118,M,,,83
201100043047,11,4,30,210,5,1,1,1.0,7.0,83118,M,,,83
201100043048,11,5,3,955,1,2,1,1.0,6.0,83061,M,,,83
201100043049,11,4,26,2255,5,2,1,1.0,6.0,83118,M,,,83
201100043050,11,5,1,1705,1,2,1,1.0,1.0,83118,M,,,83
201100043051,11,5,11,2035,3,1,1,1.0,1.0,83061,M,,,83
201100043052,11,5,31,1435,1,1,1,1.0,3.0,83061,M,,,83
201100043053,11,6,9,2320,5,2,3,1.0,3.0,83118,M,,,83
201100043054,11,6,19,1000,1,2,1,1.0,5.0,83118,M,,,83
201100043055,11,6,21,1620,1,1,1,1.0,1.0,83061,M,,,83
201100043056,11,6,25,2310,5,2,1,1.0,6.0,83118,M,,,83
201100043057,11,7,2,2225,5,2,1,1.0,6.0,83118,M,,,83
201100043058,11,6,28,1940,1,2,1,1.0,3.0,83118,M,,,83
201100043059,11,7,6,1830,1,1,3,1.0,3.0,83061,M,,,83
201100043060,11,7,25,2115,5,1,1,1.0,3.0,83061,M,,,83
201100043061,11,7,17,45,5,2,3,1.0,1.0,83118,M,,,83
201100043062,11,7,9,1810,1,2,1,1.0,3.0,83061,M,,,83
201100043063,11,8,9,1516,1,2,2,1.0,3.0,83118,M,,,83
201100043064,11,8,18,2120,5,2,1,1.0,1.0,83061,M,,,83
201100043065,11,8,26,930,1,2,1,1.0,6.0,83118,M,,,83
201100043066,11,8,18,940,1,2,1,1.0,5.0,83061,M,,,83
201100043067,11,9,7,1127,1,2,3,1.0,3.0,83061,M,,,83
201100043068,11,9,19,1331,1,1,1,1.0,2.0,83061,M,,,83
201100043069,11,9,19,1730,1,2,1,1.0,6.0,83118,M,,,83
201100043070,11,7,22,1805,1,1,1,1.0,2.0,83061,M,,,83
201100043071,11,8,5,2250,5,2,1,1.0,3.0,83118,M,,,83
201100043072,11,9,27,1110,1,2,1,1.0,6.0,83118,M,,,83
201100043073,11,10,2,610,5,2,1,1.0,6.0,83061,M,,,83
201100043074,11,10,8,515,5,2,6,1.0,6.0,83118,M,,,83
201100043075,11,8,25,1015,1,2,6,1.0,3.0,83061,M,,,83
201100043076,11,10,12,315,3,1,1,1.0,6.0,83061,M,,,83
201100043077,11,10,18,1203,1,2,3,1.0,3.0,83061,M,,,83
201100043078,11,10,18,1105,1,2,1,1.0,7.0,83061,M,,,83
201100043079,11,10,28,1735,1,2,1,1.0,6.0,83061,M,,,83
201100043080,11,11,2,1505,1,2,6,8.0,3.0,83061,M,,,83
201100043081,11,10,15,1232,1,1,1,1.0,5.0,83061,M,,,83
201100043082,11,12,5,815,1,1,1,1.0,6.0,83061,M,,,83
201100043083,11,10,20,735,2,2,1,1.0,6.0,83118,M,,,83
201100043084,11,12,11,125,5,2,1,1.0,6.0,83118,M,,,83
201100043085,11,1,7,1815,5,2,1,2.0,6.0,83069,M,,,83
201100043086,11,3,23,1630,1,1,1,1.0,3.0,83034,M,,,83
201100043087,11,5,28,1935,1,2,1,1.0,2.0,83034,M,,,83
201100043088,11,6,18,220,3,1,1,1.0,6.0,83069,M,,,83
201100043089,11,8,14,2300,5,2,1,1.0,6.0,83034,M,,,83
201100043090,11,8,23,1210,1,1,1,1.0,3.0,83069,M,,,83
201100043091,11,9,3,1105,1,1,1,2.0,3.0,83069,M,,,83
201100043092,11,9,28,850,1,1,1,1.0,6.0,83034,M,,,83
201100043093,11,10,30,2220,3,1,1,1.0,2.0,83069,M,,,83
201100043094,11,11,17,1725,2,1,1,1.0,5.0,83069,M,,,83
201100043095,11,8,7,2142,5,2,1,1.0,6.0,83069,M,,,83
201100043096,11,8,24,2340,5,2,1,1.0,2.0,83034,M,,,83
201100043097,11,9,10,1505,1,2,1,1.0,3.0,83069,M,,,83
201100043098,11,8,20,2305,5,2,1,1.0,3.0,83069,M,,,83
201100043099,11,1,14,2020,5,2,1,1.0,3.0,83123,M,,,83
201100043100,11,1,19,1155,1,2,3,1.0,3.0,83123,M,,,83
201100043101,11,1,22,520,3,2,1,9.0,1.0,83123,M,,,83
201100043102,11,1,24,1900,3,2,1,9.0,1.0,83009,M,,,83
201100043103,11,3,18,835,1,2,1,1.0,2.0,83129,M,,,83
201100043104,11,4,1,2330,3,2,1,5.0,6.0,83123,M,,,83
201100043105,11,3,30,925,1,2,1,1.0,6.0,83129,M,,,83
201100043106,11,4,4,2110,3,1,1,1.0,1.0,83009,M,,,83
201100043107,11,4,9,1345,1,1,6,1.0,3.0,83123,M,,,83
201100043108,11,4,9,1500,1,2,1,1.0,3.0,83129,M,,,83
201100043109,11,4,12,1700,1,2,6,1.0,5.0,83129,M,,,83
201100043110,11,4,13,1230,1,2,3,1.0,5.0,83123,M,,,83
201100043111,11,4,24,2330,5,2,1,1.0,7.0,83129,M,,,83
201100043112,11,4,25,1505,1,2,1,1.0,6.0,83129,M,,,83
201100043113,11,5,8,200,5,2,1,1.0,1.0,83129,M,,,83
201100043114,11,5,16,2205,3,2,1,1.0,6.0,83123,M,,,83
201100043115,11,5,18,1005,1,2,3,1.0,1.0,83129,M,,,83
201100043116,11,5,19,1810,1,2,1,1.0,6.0,83123,M,,,83
201100043117,11,5,21,1928,1,2,3,1.0,1.0,83123,M,,,83
201100043118,11,6,3,830,1,2,1,1.0,6.0,83129,M,,,83
201100043119,11,6,4,525,2,2,1,8.0,6.0,83129,M,,,83
201100043120,11,6,9,1050,1,2,1,1.0,1.0,83129,M,,,83
201100043121,11,6,11,1505,1,2,9,1.0,3.0,83129,M,,,83
201100043122,11,6,13,1130,1,2,1,1.0,6.0,83129,M,,,83
201100043123,11,6,15,2205,5,2,1,1.0,3.0,83123,M,,,83
201100043124,11,6,19,555,2,2,1,1.0,1.0,83129,M,,,83
201100043125,11,6,21,1950,1,2,1,1.0,3.0,83123,M,,,83
201100043126,11,6,25,1610,1,1,3,1.0,3.0,83009,M,,,83
201100043127,11,6,28,1820,1,2,1,1.0,1.0,83123,M,,,83
201100043128,11,7,4,1335,1,2,1,1.0,6.0,83129,M,,,83
201100043129,11,7,5,840,1,2,1,1.0,3.0,83129,M,,,83
201100043130,11,7,5,945,1,2,3,1.0,3.0,83123,M,,,83
201100043131,11,7,4,2320,5,2,2,1.0,3.0,83009,M,,,83
201100043132,11,7,1,1940,1,2,1,1.0,7.0,83123,M,,,83
201100043133,11,7,3,950,1,2,1,1.0,6.0,83129,M,,,83
201100043134,11,7,9,1645,1,2,1,1.0,6.0,83129,M,,,83
201100043135,11,7,9,1540,1,2,2,1.0,3.0,83129,M,,,83
201100043136,11,7,10,20,5,2,1,1.0,3.0,83129,M,,,83
201100043137,11,7,15,255,5,2,1,1.0,3.0,83129,M,,,83
201100043138,11,7,17,450,5,2,1,1.0,6.0,83123,M,,,83
201100043139,11,7,23,125,5,2,1,1.0,6.0,83129,M,,,83
201100043140,11,7,28,1155,2,2,1,1.0,2.0,83129,M,,,83
201100043141,11,8,7,1300,1,2,3,1.0,6.0,83009,M,,,83
201100043142,11,8,12,1055,1,2,1,1.0,6.0,83123,M,,,83
201100043143,11,8,15,1640,1,2,1,1.0,2.0,83123,M,,,83
201100043144,11,8,27,710,1,1,1,1.0,6.0,83123,M,,,83
201100043145,11,8,30,1650,1,2,1,1.0,1.0,83123,M,,,83
201100043146,11,9,10,1542,1,2,1,1.0,6.0,83123,M,,,83
201100043147,11,9,2,835,1,2,6,1.0,6.0,83129,M,,,83
201100043148,11,9,7,1710,1,2,1,1.0,2.0,83129,M,,,83
201100043149,11,9,16,2025,5,2,1,1.0,7.0,83129,M,,,83
201100043150,11,9,20,1820,1,2,1,7.0,6.0,83009,M,,,83
201100043151,11,9,23,1700,1,1,1,1.0,6.0,83129,M,,,83
201100043152,11,9,25,1025,1,1,1,1.0,6.0,83129,M,,,83
201100043153,11,9,24,1135,1,2,1,1.0,1.0,83009,M,,,83
201100043154,11,9,28,1335,1,2,1,1.0,1.0,83123,M,,,83
201100043155,11,10,1,2025,5,2,1,1.0,6.0,83129,M,,,83
201100043156,11,10,13,1810,1,2,3,1.0,6.0,83129,M,,,83
201100043157,11,11,4,1900,5,1,1,2.0,2.0,83129,M,,,83
201100043158,11,11,12,1900,5,2,1,1.0,5.0,83129,M,,,83
201100043159,11,11,23,1240,1,2,1,1.0,6.0,83123,M,,,83
201100043160,11,11,26,1205,1,2,1,1.0,6.0,83129,M,,,83
201100043161,11,12,10,1315,1,2,1,1.0,7.0,83123,M,,,83
201100043162,11,12,10,1915,3,2,1,1.0,3.0,83123,M,,,83
201100043163,11,12,17,715,5,2,1,1.0,4.0,83129,M,,,83
201100043164,11,12,23,1650,2,2,1,1.0,2.0,83123,M,,,83
201100043165,11,12,22,1645,2,2,9,1.0,1.0,83123,M,,,83
201100043166,11,12,29,950,1,2,1,1.0,6.0,83129,M,,,83
201100043167,11,12,28,1710,2,2,3,1.0,3.0,83123,M,,,83
201100043168,11,12,31,600,5,2,1,1.0,7.0,83009,M,,,83
201100043169,11,12,24,920,1,2,1,1.0,6.0,83129,M,,,83
201100043170,11,1,2,805,2,2,1,1.0,6.0,83126,M,,,83
201100043171,11,1,6,1530,1,2,1,8.0,3.0,83126,M,,,83
201100043172,11,1,9,1330,1,2,1,1.0,3.0,83126,M,,,83
201100043173,11,1,10,710,2,2,3,2.0,3.0,83126,M,,,83
201100043174,11,1,14,855,1,1,1,1.0,6.0,83126,M,,,83
201100043175,11,1,14,1655,1,2,3,1.0,2.0,83126,M,,,83
201100043176,11,1,27,1945,5,2,2,1.0,3.0,83126,M,,,83
201100043177,11,1,29,1852,5,2,2,2.0,3.0,83126,M,,,83
201100043178,11,2,4,1725,2,1,1,1.0,6.0,83126,M,,,83
201100043179,11,2,6,1820,5,2,5,1.0,1.0,83126,M,,,83
201100043180,11,2,17,705,2,2,3,2.0,5.0,83126,M,,,83
201100043181,11,2,19,2325,5,2,1,1.0,7.0,83126,M,,,83
201100043182,11,2,22,1505,1,2,1,1.0,1.0,83126,M,,,83
201100043183,11,2,22,1615,1,2,1,1.0,4.0,83126,M,,,83
201100043184,11,2,24,2020,5,2,1,1.0,7.0,83126,M,,,83
201100043185,11,3,10,1030,1,2,1,1.0,7.0,83126,M,,,83
201100043186,11,3,26,1105,1,2,1,1.0,7.0,83126,M,,,83
201100043187,11,4,2,1930,1,2,1,1.0,1.0,83153,M,,,83
201100043188,11,4,18,800,1,2,1,1.0,2.0,83126,M,,,83
201100043189,11,4,24,1345,1,2,1,1.0,6.0,83126,M,,,83
201100043190,11,4,25,1914,1,2,1,1.0,1.0,83126,M,,,83
201100043191,11,4,25,200,5,2,1,1.0,3.0,83126,M,,,83
201100043192,11,5,5,1550,1,2,1,1.0,6.0,83126,M,,,83
201100043193,11,5,16,1635,1,2,1,1.0,6.0,83126,M,,,83
201100043194,11,5,25,1230,1,2,3,1.0,3.0,83126,M,,,83
201100043195,11,6,4,925,1,2,2,1.0,3.0,83126,M,,,83
201100043196,11,6,4,1050,1,2,1,1.0,6.0,83126,M,,,83
201100043197,11,6,4,1555,1,2,1,1.0,6.0,83126,M,,,83
201100043198,11,6,10,1810,1,2,1,1.0,6.0,83126,M,,,83
201100043199,11,6,22,1645,1,2,1,1.0,3.0,83126,M,,,83
201100043200,11,6,25,820,1,2,3,1.0,2.0,83126,M,,,83
201100043201,11,6,17,1630,1,2,1,1.0,3.0,83126,M,,,83
201100043202,11,6,30,705,1,1,1,1.0,3.0,83126,M,,,83
201100043203,11,6,30,1145,1,2,1,1.0,3.0,83126,M,,,83
201100043204,11,7,1,2040,2,2,1,1.0,6.0,83126,M,,,83
201100043205,11,7,4,1603,1,2,2,1.0,3.0,83126,M,,,83
201100043206,11,7,9,230,5,2,1,1.0,6.0,83126,M,,,83
201100043207,11,7,11,1000,1,2,6,1.0,2.0,83126,M,,,83
201100043208,11,7,23,1400,1,2,1,1.0,3.0,83126,M,,,83
201100043209,11,7,31,1115,1,2,1,1.0,3.0,83126,M,,,83
201100043210,11,8,4,1840,1,2,1,1.0,3.0,83126,M,,,83
201100043211,11,8,12,1540,1,2,1,1.0,7.0,83126,M,,,83
201100043212,11,8,23,1800,1,2,1,1.0,4.0,83126,M,,,83
201100043213,11,9,9,1555,1,2,1,1.0,5.0,83126,M,,,83
201100043214,11,9,11,1740,1,2,1,1.0,3.0,83126,M,,,83
201100043215,11,9,16,1540,1,2,3,1.0,3.0,83126,M,,,83
201100043216,11,9,24,1545,1,2,1,1.0,3.0,83126,M,,,83
201100043217,11,10,6,1400,1,2,1,1.0,6.0,83126,M,,,83
201100043218,11,10,6,1755,1,2,1,1.0,6.0,83126,M,,,83
201100043219,11,10,7,850,1,2,3,6.0,3.0,83126,M,,,83
201100043220,11,10,8,2030,5,2,1,1.0,6.0,83126,M,,,83
201100043221,11,10,9,835,1,2,3,1.0,6.0,83126,M,,,83
201100043222,11,10,14,830,1,2,2,1.0,1.0,83126,M,,,83
201100043223,11,10,15,1842,1,2,2,1.0,3.0,83126,M,,,83
201100043224,11,10,20,1645,1,2,1,1.0,2.0,83126,M,,,83
201100043225,11,11,4,935,1,2,1,3.0,6.0,83126,M,,,83
201100043226,11,11,23,730,2,2,1,1.0,1.0,83126,M,,,83
201100043227,11,11,26,1715,2,2,1,1.0,3.0,83126,M,,,83
201100043228,11,11,25,800,1,2,3,1.0,3.0,83126,M,,,83
201100043229,11,12,2,2110,5,2,2,2.0,3.0,83126,M,,,83
201100043230,11,12,6,900,1,1,3,1.0,3.0,83126,M,,,83
201100043231,11,12,6,1020,1,2,1,1.0,3.0,83126,M,,,83
201100043232,11,12,7,1400,1,2,1,1.0,1.0,83126,M,,,83
201100043233,11,12,21,1305,1,2,3,1.0,3.0,83126,M,,,83
201100043234,11,12,28,1940,5,2,1,1.0,2.0,83126,M,,,83
201100043235,11,1,3,1706,4,2,1,2.0,6.0,83137,M,,,83
201100043236,11,1,3,1855,5,2,6,1.0,3.0,83144,M,,,83
201100043237,11,1,6,950,1,2,1,1.0,3.0,83062,M,,,83
201100043238,11,1,6,1420,1,2,1,8.0,2.0,83137,M,,,83
201100043239,11,1,6,1835,5,2,3,2.0,3.0,83144,M,,,83
201100043240,11,1,7,2145,5,2,2,8.0,3.0,83137,M,,,83
201100043241,11,1,11,1910,5,2,6,1.0,6.0,83062,M,,,83
201100043242,11,1,12,1600,1,2,1,1.0,6.0,83144,M,,,83
201100043243,11,1,9,1520,1,2,1,1.0,7.0,83137,M,,,83
201100043244,11,1,17,1745,5,2,1,1.0,6.0,83137,M,,,83
201100043245,11,1,6,1545,1,2,9,1.0,7.0,83137,M,,,83
201100043246,11,1,11,1425,1,2,1,2.0,6.0,83090,M,,,83
201100043247,11,1,6,1145,1,2,1,1.0,1.0,83137,M,,,83
201100043248,11,1,24,2030,5,2,2,1.0,1.0,83137,M,,,83
201100043249,11,1,19,1620,1,2,1,1.0,3.0,83137,M,,,83
201100043250,11,1,20,1740,5,2,1,2.0,3.0,83137,M,,,83
201100043251,11,1,26,1730,1,2,1,1.0,3.0,83137,M,,,83
201100043252,11,1,29,942,1,2,1,2.0,1.0,83062,M,,,83
201100043253,11,1,24,835,1,2,1,1.0,6.0,83137,M,,,83
201100043254,11,1,28,2301,3,1,1,1.0,6.0,83090,M,,,83
201100043255,11,2,2,720,2,2,1,1.0,6.0,83137,M,,,83
201100043256,11,2,4,1120,1,1,1,1.0,6.0,83090,M,,,83
201100043257,11,1,28,1450,1,2,1,1.0,6.0,83137,M,,,83
201100043258,11,2,4,1410,1,2,1,1.0,6.0,83137,M,,,83
201100043259,11,2,3,1800,5,2,1,1.0,6.0,83137,M,,,83
201100043260,11,1,27,1755,5,2,1,1.0,6.0,83137,M,,,83
201100043261,11,2,3,1830,5,2,1,1.0,6.0,83062,M,,,83
201100043262,11,2,6,1300,1,2,1,1.0,6.0,83137,M,,,83
201100043263,11,2,9,1307,1,2,9,1.0,6.0,83137,M,,,83
201100043264,11,2,2,1211,1,2,3,1.0,3.0,83062,M,,,83
201100043265,11,2,4,944,1,2,1,1.0,6.0,83137,M,,,83
201100043266,11,2,13,130,5,2,1,1.0,6.0,83137,M,,,83
201100043267,11,2,9,835,1,2,9,1.0,3.0,83137,M,,,83
201100043268,11,2,10,1715,1,2,1,1.0,6.0,83137,M,,,83
201100043269,11,1,12,1830,5,2,6,1.0,3.0,83137,M,,,83
201100043270,11,2,2,1325,1,2,1,1.0,2.0,83090,M,,,83
201100043271,11,2,6,550,5,2,1,1.0,6.0,83062,M,,,83
201100043272,11,2,16,1510,1,2,1,2.0,2.0,83137,M,,,83
201100043273,11,2,17,940,1,2,1,1.0,3.0,83137,M,,,83
201100043274,11,2,10,1925,5,2,3,1.0,3.0,83137,M,,,83
201100043275,11,2,17,1500,1,2,2,3.0,3.0,83137,M,,,83
201100043276,11,2,18,940,1,2,1,1.0,7.0,83137,M,,,83
201100043277,11,2,18,1220,1,2,1,1.0,6.0,83137,M,,,83
201100043278,11,2,21,2310,5,2,5,1.0,6.0,83137,M,,,83
201100043279,11,3,3,1210,1,2,1,1.0,1.0,83062,M,,,83
201100043280,11,2,2,1510,1,2,1,1.0,6.0,83137,M,,,83
201100043281,11,2,17,1713,5,2,1,2.0,3.0,83137,M,,,83
201100043282,11,2,21,1730,1,2,5,1.0,3.0,83062,M,,,83
201100043283,11,3,2,2110,5,2,1,2.0,2.0,83137,M,,,83
201100043284,11,3,4,1237,1,2,3,1.0,5.0,83144,M,,,83
201100043285,11,3,9,1430,1,2,1,1.0,2.0,83062,M,,,83
201100043286,11,2,26,2030,5,2,1,1.0,1.0,83090,M,,,83
201100043287,11,3,6,2230,5,2,5,1.0,3.0,83137,M,,,83
201100043288,11,3,10,920,1,1,1,1.0,2.0,83137,M,,,83
201100043289,11,2,15,1015,1,2,1,2.0,4.0,83062,M,,,83
201100043290,11,3,15,1715,1,2,1,3.0,1.0,83137,M,,,83