Num_Acc,an,mois,jour,hrmn,lum,agg,int,atm,col,com,gps,lat,long,dep
201100043291,11,3,9,1115,1,2,1,1.0,6.0,83137,M,,,83
201100043292,11,3,14,815,1,2,1,1.0,3.0,83137,M,,,83
201100043293,11,3,21,1058,1,2,6,1.0,3.0,83062,M,,,83
201100043294,11,3,23,1545,1,2,1,1.0,2.0,83137,M,,,83
201100043295,11,3,23,1810,1,2,1,1.0,3.0,83137,M,,,83
201100043296,11,3,24,730,2,1,3,7.0,3.0,83090,M,,,83
201100043297,11,3,29,1345,1,2,3,1.0,3.0,83137,M,,,83
201100043298,11,2,28,1310,1,2,3,1.0,3.0,83137,M,,,83
201100043299,11,3,7,1720,1,2,1,1.0,2.0,83137,M,,,83
201100043300,11,3,21,1655,1,2,6,1.0,3.0,83137,M,,,83
201100043301,11,3,31,1430,1,2,3,1.0,3.0,83137,M,,,83
201100043302,11,3,5,1945,4,1,4,1.0,3.0,83098,M,,,83
201100043303,11,3,31,2200,5,1,1,1.0,6.0,83062,M,,,83
201100043304,11,3,28,1020,1,2,3,1.0,6.0,83137,M,,,83
201100043305,11,4,1,1200,1,2,3,1.0,6.0,83137,M,,,83
201100043306,11,4,1,700,1,2,1,1.0,3.0,83062,M,,,83
201100043307,11,4,6,1049,1,2,1,1.0,1.0,83062,M,,,83
201100043308,11,3,26,1015,1,2,1,1.0,6.0,83137,M,,,83
201100043309,11,3,29,1423,1,2,1,1.0,6.0,83137,M,,,83
201100043310,11,4,5,1655,1,2,1,1.0,3.0,83062,M,,,83
201100043311,11,4,5,1800,1,2,1,1.0,1.0,83062,M,,,83
201100043312,11,3,31,1155,1,2,9,1.0,3.0,83137,M,,,83
201100043313,11,4,7,1350,1,2,2,1.0,3.0,83137,M,,,83
201100043314,11,4,7,1525,1,2,1,1.0,3.0,83137,M,,,83
201100043315,11,4,11,1905,1,2,1,1.0,2.0,83137,M,,,83
201100043316,11,4,12,2010,1,1,1,1.0,6.0,83137,M,,,83
201100043317,11,4,13,1230,1,2,7,1.0,6.0,83137,M,,,83
201100043318,11,4,7,1245,1,2,9,1.0,3.0,83144,M,,,83
201100043319,11,4,14,1700,1,2,1,1.0,7.0,83062,M,,,83
201100043320,11,4,16,1210,1,2,1,1.0,6.0,83137,M,,,83
201100043321,11,4,4,705,1,1,1,1.0,3.0,83137,M,,,83
201100043322,11,3,29,1105,1,1,3,1.0,3.0,83137,M,,,83
201100043323,11,3,25,1620,1,2,1,1.0,6.0,83137,M,,,83
201100043324,11,4,18,1620,1,2,2,1.0,3.0,83137,M,,,83
201100043325,11,4,14,1930,1,2,1,1.0,6.0,83137,M,,,83
201100043326,11,4,17,1530,1,1,3,1.0,3.0,83090,M,,,83
201100043327,11,4,17,2040,4,2,1,1.0,6.0,83137,M,,,83
201100043328,11,4,13,1915,2,2,1,1.0,6.0,83062,M,,,83
201100043329,11,4,2,2245,5,2,6,1.0,6.0,83137,M,,,83
201100043330,11,4,18,850,1,2,3,1.0,3.0,83090,M,,,83
201100043331,11,4,21,1200,1,2,1,1.0,6.0,83137,M,,,83
201100043332,11,4,22,1520,1,2,1,8.0,1.0,83137,M,,,83
201100043333,11,4,27,830,1,2,3,1.0,3.0,83137,M,,,83
201100043334,11,5,1,1540,1,2,1,1.0,6.0,83090,M,,,83
201100043335,11,5,2,1300,1,2,1,1.0,3.0,83137,M,,,83
201100043336,11,5,2,1755,1,2,1,1.0,3.0,83144,M,,,83
201100043337,11,5,3,730,1,2,1,1.0,3.0,83137,M,,,83
201100043338,11,5,3,810,1,2,1,1.0,6.0,83137,M,,,83
201100043339,11,4,29,1200,1,2,1,1.0,6.0,83137,M,,,83
201100043340,11,4,29,1900,1,2,9,1.0,3.0,83137,M,,,83
201100043341,11,5,11,1645,1,2,6,1.0,2.0,83062,M,,,83
201100043342,11,5,11,1820,1,2,1,1.0,3.0,83144,M,,,83
201100043343,11,5,11,1945,1,1,1,1.0,1.0,83137,M,,,83
201100043344,11,4,29,1110,1,2,1,1.0,6.0,83137,M,,,83
201100043345,11,4,30,1921,1,2,1,1.0,3.0,83137,M,,,83
201100043346,11,5,3,1050,1,1,1,1.0,1.0,83090,M,,,83
201100043347,11,5,4,755,1,2,1,1.0,3.0,83062,M,,,83
201100043348,11,5,5,750,1,2,1,1.0,2.0,83137,M,,,83
201100043349,11,5,6,1045,1,2,1,1.0,6.0,83137,M,,,83
201100043350,11,5,7,530,2,2,1,1.0,2.0,83137,M,,,83
201100043351,11,5,10,1325,1,2,1,1.0,7.0,83137,M,,,83
201100043352,11,5,13,2300,5,2,2,1.0,7.0,83137,M,,,83
201100043353,11,5,8,1800,1,2,1,1.0,3.0,83137,M,,,83
201100043354,11,5,14,1600,1,2,1,1.0,6.0,83137,M,,,83
201100043355,11,4,25,1030,1,2,3,1.0,6.0,83137,M,,,83
201100043356,11,5,5,840,1,1,3,1.0,3.0,83090,M,,,83
201100043357,11,5,15,1355,1,2,1,1.0,1.0,83137,M,,,83
201100043358,11,5,16,1100,1,2,1,1.0,6.0,83137,M,,,83
201100043359,11,5,17,1805,1,2,1,1.0,1.0,83137,M,,,83
201100043360,11,5,11,720,1,1,1,1.0,5.0,83090,M,,,83
201100043361,11,5,16,1010,1,1,2,1.0,3.0,83062,M,,,83
201100043362,11,5,20,1755,1,2,1,1.0,6.0,83137,M,,,83
201100043363,11,5,21,1445,1,1,1,1.0,1.0,83144,M,,,83
201100043364,11,5,22,635,2,2,1,1.0,1.0,83137,M,,,83
201100043365,11,5,23,810,1,2,1,1.0,4.0,83137,M,,,83
201100043366,11,5,23,1011,1,2,1,1.0,2.0,83137,M,,,83
201100043367,11,5,25,1255,1,2,1,1.0,6.0,83137,M,,,83
201100043368,11,5,26,1733,1,2,1,1.0,6.0,83137,M,,,83
201100043369,11,4,30,1050,1,2,8,1.0,6.0,83062,M,,,83
201100043370,11,5,25,1820,1,2,1,1.0,3.0,83090,M,,,83
201100043371,11,5,19,1530,1,2,1,1.0,6.0,83137,M,,,83
201100043372,11,6,2,1510,1,2,3,1.0,5.0,83137,M,,,83
201100043373,11,6,4,1028,1,2,1,1.0,1.0,83098,M,,,83
201100043374,11,5,13,1935,1,2,2,1.0,1.0,83137,M,,,83
201100043375,11,6,1,1950,2,2,1,1.0,3.0,83137,M,,,83
201100043376,11,6,5,1315,1,2,1,1.0,2.0,83137,M,,,83
201100043377,11,6,11,700,1,2,1,1.0,3.0,83062,M,,,83
201100043378,11,5,26,1815,1,2,1,1.0,2.0,83137,M,,,83
201100043379,11,6,6,1800,1,2,1,1.0,6.0,83137,M,,,83
201100043380,11,6,12,1420,1,2,1,1.0,6.0,83137,M,,,83
201100043381,11,6,13,2210,4,2,1,1.0,3.0,83137,M,,,83
201100043382,11,6,17,2045,1,2,1,1.0,2.0,83090,M,,,83
201100043383,11,6,9,2300,5,2,1,1.0,1.0,83137,M,,,83
201100043384,11,6,23,930,1,2,2,1.0,6.0,83137,M,,,83
201100043385,11,6,25,1720,1,2,1,1.0,6.0,83137,M,,,83
201100043386,11,6,23,726,1,1,1,1.0,3.0,83090,M,,,83
201100043387,11,6,27,2100,5,2,1,1.0,1.0,83062,M,,,83
201100043388,11,6,17,1456,1,2,2,1.0,3.0,83137,M,,,83
201100043389,11,5,18,1500,1,2,1,1.0,2.0,83090,M,,,83
201100043390,11,6,24,1100,1,2,1,1.0,7.0,83137,M,,,83
201100043391,11,7,2,1905,1,2,1,1.0,2.0,83062,M,,,83
201100043392,11,7,6,500,3,2,1,1.0,2.0,83137,M,,,83
201100043393,11,7,1,915,1,2,1,1.0,6.0,83137,M,,,83
201100043394,11,7,2,1735,1,2,3,1.0,6.0,83137,M,,,83
201100043395,11,7,2,1954,1,2,1,1.0,6.0,83137,M,,,83
201100043396,11,7,3,1240,1,2,1,1.0,3.0,83137,M,,,83
201100043397,11,7,6,945,1,2,1,1.0,3.0,83137,M,,,83
201100043398,11,7,6,1815,1,2,1,1.0,3.0,83137,M,,,83
201100043399,11,6,29,1145,1,2,1,1.0,5.0,83062,M,,,83
201100043400,11,6,29,1815,1,2,1,1.0,2.0,83062,M,,,83
201100043401,11,7,4,1150,1,2,1,1.0,2.0,83144,M,,,83
201100043402,11,7,5,1945,1,2,2,1.0,3.0,83062,M,,,83
201100043403,11,7,9,1430,1,2,3,1.0,3.0,83137,M,,,83
201100043404,11,6,25,1710,1,2,1,1.0,2.0,83062,M,,,83
201100043405,11,7,14,945,1,2,9,1.0,6.0,83137,M,,,83
201100043406,11,7,16,1110,1,2,1,1.0,3.0,83137,M,,,83
201100043407,11,7,18,2045,2,1,6,1.0,3.0,83090,M,,,83
201100043408,11,7,25,710,1,2,6,1.0,6.0,83062,M,,,83
201100043409,11,7,22,1750,1,1,1,1.0,2.0,83090,M,,,83
201100043410,11,7,2,1740,1,2,1,1.0,3.0,83137,M,,,83
201100043411,11,7,20,1410,1,1,1,1.0,3.0,83090,M,,,83
201100043412,11,7,21,1925,1,2,5,1.0,3.0,83062,M,,,83
201100043413,11,7,31,515,5,2,1,1.0,6.0,83062,M,,,83
201100043414,11,7,26,845,1,1,3,1.0,6.0,83137,M,,,83
201100043415,11,7,28,1210,1,2,1,1.0,3.0,83137,M,,,83
201100043416,11,8,4,650,1,2,2,1.0,3.0,83062,M,,,83
201100043417,11,7,27,1900,1,2,1,8.0,5.0,83090,M,,,83
201100043418,11,8,3,945,1,1,1,1.0,3.0,83090,M,,,83
201100043419,11,8,3,1156,1,1,1,1.0,2.0,83137,M,,,83
201100043420,11,8,5,1455,1,2,7,1.0,3.0,83137,M,,,83
201100043421,11,8,5,1110,1,1,1,1.0,3.0,83062,M,,,83
201100043422,11,8,6,1700,1,2,3,1.0,3.0,83137,M,,,83
201100043423,11,8,9,1110,1,2,1,1.0,7.0,83144,M,,,83
201100043424,11,8,9,1820,1,2,1,1.0,7.0,83144,M,,,83
201100043425,11,8,8,1800,1,2,2,1.0,3.0,83137,M,,,83
201100043426,11,8,4,2145,5,2,1,1.0,7.0,83062,M,,,83
201100043427,11,8,13,130,5,2,1,1.0,6.0,83144,M,,,83
201100043428,11,8,8,800,1,2,1,1.0,6.0,83137,M,,,83
201100043429,11,8,11,1830,1,2,3,1.0,3.0,83090,M,,,83
201100043430,11,8,15,2240,4,2,1,1.0,6.0,83137,M,,,83
201100043431,11,8,16,750,1,2,6,1.0,3.0,83062,M,,,83
201100043432,11,8,18,815,1,1,1,1.0,1.0,83090,M,,,83
201100043433,11,8,19,2155,5,2,1,1.0,1.0,83144,M,,,83
201100043434,11,8,20,2251,5,2,1,1.0,7.0,83098,M,,,83
201100043435,11,8,21,1435,1,2,1,1.0,7.0,83144,M,,,83
201100043436,11,8,24,1815,1,2,2,1.0,3.0,83137,M,,,83
201100043437,11,8,11,1255,1,1,1,1.0,7.0,83137,M,,,83
201100043438,11,8,17,1910,1,2,1,1.0,3.0,83137,M,,,83
201100043439,11,8,20,1035,1,1,1,1.0,6.0,83137,M,,,83
201100043440,11,8,23,1930,1,2,1,1.0,6.0,83137,M,,,83
201100043441,11,8,11,1945,2,2,3,1.0,6.0,83137,M,,,83
201100043442,11,8,25,1420,1,2,1,1.0,2.0,83137,M,,,83
201100043443,11,8,25,1420,1,2,1,1.0,3.0,83137,M,,,83
201100043444,11,8,29,1405,1,2,1,1.0,6.0,83137,M,,,83
201100043445,11,9,1,2045,5,2,3,1.0,3.0,83137,M,,,83
201100043446,11,9,6,1045,1,2,3,1.0,1.0,83137,M,,,83
201100043447,11,8,30,1600,1,1,9,1.0,2.0,83090,M,,,83
201100043448,11,8,29,1445,1,1,9,1.0,3.0,83062,M,,,83
201100043449,11,8,31,1020,1,2,3,1.0,6.0,83062,M,,,83
201100043450,11,8,29,200,5,2,1,1.0,6.0,83137,M,,,83
201100043451,11,9,6,1515,1,2,1,1.0,6.0,83137,M,,,83
201100043452,11,9,8,100,5,2,1,1.0,6.0,83137,M,,,83
201100043453,11,8,2,1610,1,2,1,1.0,2.0,83137,M,,,83
201100043454,11,9,6,840,1,2,3,1.0,5.0,83137,M,,,83
201100043455,11,9,8,1800,1,2,1,1.0,6.0,83137,M,,,83
201100043456,11,9,9,835,1,2,1,1.0,6.0,83137,M,,,83
201100043457,11,9,12,1900,1,1,1,1.0,3.0,83062,M,,,83
201100043458,11,9,16,1645,1,1,6,1.0,6.0,83090,M,,,83
201100043459,11,9,18,1855,1,2,4,2.0,2.0,83137,M,,,83
201100043460,11,9,15,1115,1,2,1,1.0,6.0,83137,M,,,83
201100043461,11,9,20,1715,1,1,1,1.0,4.0,83090,M,,,83
201100043462,11,9,21,805,1,2,2,1.0,6.0,83137,M,,,83
201100043463,11,9,23,845,1,1,1,7.0,3.0,83062,M,,,83
201100043464,11,9,23,815,1,2,2,1.0,5.0,83137,M,,,83
201100043465,11,9,27,2040,5,2,3,1.0,3.0,83137,M,,,83
201100043466,11,8,29,108,5,2,1,1.0,6.0,83137,M,,,83
201100043467,11,9,19,1050,1,2,1,1.0,5.0,83137,M,,,83
201100043468,11,9,20,1135,1,2,2,1.0,4.0,83137,M,,,83
201100043469,11,9,26,1015,1,2,1,1.0,6.0,83137,M,,,83
201100043470,11,9,30,1830,1,1,1,1.0,3.0,83090,M,,,83
201100043471,11,10,1,1700,1,2,1,1.0,6.0,83137,M,,,83
201100043472,11,10,5,200,5,2,1,1.0,6.0,83137,M,,,83
201100043473,11,9,30,1200,1,2,8,1.0,6.0,83137,M,,,83
201100043474,11,10,4,945,1,1,1,1.0,6.0,83137,M,,,83
201100043475,11,9,28,900,1,2,1,1.0,6.0,83062,M,,,83
201100043476,11,10,6,1935,5,2,3,1.0,6.0,83137,M,,,83
201100043477,11,9,20,730,1,2,2,1.0,3.0,83137,M,,,83
201100043478,11,10,5,1550,1,2,1,1.0,6.0,83137,M,,,83
201100043479,11,10,6,1832,1,1,1,1.0,2.0,83090,M,,,83
201100043480,11,10,7,2300,5,2,1,6.0,2.0,83137,M,,,83
201100043481,11,10,11,900,1,2,3,1.0,2.0,83144,M,,,83
201100043482,11,10,7,1100,1,2,1,1.0,2.0,83137,M,,,83
201100043483,11,10,8,1530,1,2,3,1.0,3.0,83137,M,,,83
201100043484,11,10,13,905,1,2,1,1.0,6.0,83137,M,,,83
201100043485,11,9,29,710,1,2,2,1.0,3.0,83137,M,,,83
201100043486,11,10,11,1330,1,2,1,1.0,1.0,83144,M,,,83
201100043487,11,10,12,920,1,2,1,1.0,6.0,83144,M,,,83
201100043488,11,10,24,1635,1,2,1,3.0,6.0,83137,M,,,83
201100043489,11,10,30,1310,1,2,1,1.0,3.0,83062,M,,,83
201100043490,11,9,28,1417,1,2,3,1.0,3.0,83137,M,,,83
201100043491,11,11,1,50,5,2,1,9.0,7.0,83144,M,,,83
201100043492,11,11,5,225,5,2,1,3.0,6.0,83144,M,,,83
201100043493,11,10,18,1443,1,2,1,1.0,3.0,83137,M,,,83
201100043494,11,10,28,1730,1,2,1,1.0,5.0,83137,M,,,83
201100043495,11,10,11,1635,1,2,1,1.0,3.0,83137,M,,,83
201100043496,11,10,24,1700,1,2,1,3.0,6.0,83137,M,,,83
201100043497,11,10,26,1720,1,2,9,1.0,6.0,83144,M,,,83
201100043498,11,11,5,1735,5,2,1,3.0,6.0,83137,M,,,83
201100043499,11,11,8,1640,1,2,6,3.0,2.0,83144,M,,,83
201100043500,11,10,8,1845,1,1,1,1.0,3.0,83062,M,,,83
201100043501,11,11,7,2115,5,2,1,2.0,6.0,83090,M,,,83
201100043502,11,11,13,612,5,2,1,1.0,6.0,83137,M,,,83
201100043503,11,10,18,1850,5,1,1,1.0,2.0,83090,M,,,83
201100043504,11,10,30,1832,5,2,1,1.0,3.0,83137,M,,,83
201100043505,11,11,12,1300,1,2,2,1.0,3.0,83137,M,,,83
201100043506,11,10,17,700,2,2,1,1.0,3.0,83137,M,,,83
201100043507,11,11,1,830,1,2,2,1.0,3.0,83137,M,,,83
201100043508,11,11,1,1540,1,2,1,1.0,2.0,83062,M,,,83
201100043509,11,11,15,1730,2,2,7,1.0,6.0,83137,M,,,83
201100043510,11,11,20,1440,1,1,1,1.0,2.0,83137,M,,,83
201100043511,11,11,21,1000,1,2,9,1.0,7.0,83062,M,,,83
201100043512,11,11,13,1010,1,2,1,1.0,3.0,83137,M,,,83
201100043513,11,11,22,1720,2,2,1,1.0,3.0,83137,M,,,83
201100043514,11,11,25,1005,1,2,1,1.0,6.0,83098,M,,,83
201100043515,11,11,24,1750,5,2,3,1.0,3.0,83137,M,,,83
201100043516,11,12,1,335,3,2,4,1.0,6.0,83137,M,4370000.0,554000.0,83
201100043517,11,11,24,2330,5,2,2,1.0,3.0,83137,M,,,83
201100043518,11,11,29,2110,5,2,1,1.0,1.0,83137,M,,,83
201100043519,11,12,1,830,1,2,1,1.0,3.0,83137,M,,,83
201100043520,11,11,28,1200,1,2,1,1.0,4.0,83137,M,,,83
201100043521,11,10,28,1525,1,2,1,1.0,6.0,83137,M,,,83
201100043522,11,12,9,1225,1,2,3,1.0,3.0,83098,M,,,83
201100043523,11,11,17,1015,1,2,1,1.0,6.0,83137,M,,,83
201100043524,11,11,30,810,1,2,1,1.0,3.0,83137,M,,,83
201100043525,11,11,30,940,1,2,3,1.0,6.0,83137,M,,,83
201100043526,11,12,2,1515,1,1,1,1.0,3.0,83137,M,,,83
201100043527,11,12,8,1815,5,1,1,1.0,6.0,83062,M,,,83
201100043528,11,12,14,750,1,2,3,1.0,3.0,83062,M,,,83
201100043529,11,11,2,1715,5,2,1,2.0,1.0,83137,M,,,83
201100043530,11,12,18,120,5,2,2,6.0,3.0,83137,M,,,83
201100043531,11,12,16,2215,3,1,1,6.0,6.0,83090,M,,,83
201100043532,11,12,19,1630,1,2,1,1.0,2.0,83137,M,,,83
201100043533,11,12,16,1435,1,2,1,1.0,6.0,83137,M,,,83
201100043534,11,12,23,1755,5,2,2,1.0,3.0,83137,M,,,83
201100043535,11,12,15,1615,1,2,3,1.0,6.0,83137,M,,,83
201100043536,11,12,21,1415,1,2,1,1.0,3.0,83137,M,,,83
201100043537,11,12,22,1940,5,2,2,8.0,1.0,83137,M,,,83
201100043538,11,12,27,1845,5,2,2,1.0,3.0,83137,M,,,83
201100043539,11,12,8,1730,1,2,1,1.0,6.0,83137,M,,,83
201100043540,11,12,27,1610,1,2,3,1.0,3.0,83098,M,,,83
201100043541,11,12,30,1505,1,2,1,1.0,6.0,83062,M,,,83
201100043542,11,12,30,1205,1,2,1,1.0,6.0,83137,M,,,83
201100043543,11,12,26,1156,1,2,6,1.0,3.0,83137,M,,,83
201100043544,11,5,17,1953,1,2,1,1.0,6.0,83137,M,,,83
201100043545,11,12,14,1900,5,2,3,1.0,3.0,83137,M,,,83
201100043546,11,1,4,1841,5,2,1,1.0,6.0,84007,M,,,84
201100043547,11,1,10,209,5,2,1,1.0,6.0,84007,M,,,84
201100043548,11,1,18,1230,1,2,1,1.0,3.0,84007,M,,,84
201100043549,11,1,14,1715,1,2,6,1.0,4.0,84007,M,,,84
201100043550,11,1,20,1100,1,2,2,1.0,6.0,84007,M,,,84
201100043551,11,2,10,1400,1,2,1,1.0,6.0,84007,M,,,84
201100043552,11,2,10,1220,1,2,1,1.0,3.0,84007,M,,,84
201100043553,11,3,31,1350,1,2,3,1.0,3.0,84007,M,,,84
201100043554,11,4,4,758,1,2,1,1.0,6.0,84007,M,,,84
201100043555,11,4,7,1750,1,2,3,1.0,3.0,84007,M,,,84
201100043556,11,4,14,1645,1,2,1,1.0,3.0,84007,M,,,84
201100043557,11,4,15,1850,1,2,1,1.0,3.0,84007,M,,,84
201100043558,11,4,22,1030,1,2,1,1.0,6.0,84007,M,,,84
201100043559,11,5,8,1700,1,2,2,1.0,3.0,84007,M,,,84
201100043560,11,5,4,1820,1,2,1,1.0,6.0,84007,M,,,84
201100043561,11,5,9,835,1,2,1,1.0,2.0,84007,M,,,84
201100043562,11,5,12,2025,1,2,1,1.0,3.0,84007,M,,,84
201100043563,11,5,13,1545,1,2,2,1.0,7.0,84007,M,,,84
201100043564,11,5,24,1414,1,2,2,1.0,3.0,84007,M,,,84
201100043565,11,4,11,2135,5,2,3,1.0,3.0,84007,M,,,84
201100043566,11,5,19,840,1,2,3,1.0,6.0,84007,M,,,84
201100043567,11,5,24,1855,1,2,1,1.0,6.0,84007,M,,,84
201100043568,11,5,31,1815,1,2,1,1.0,6.0,84007,M,,,84
201100043569,11,6,12,800,1,2,1,1.0,6.0,84007,M,,,84
201100043570,11,6,21,1540,1,2,1,1.0,6.0,84007,M,,,84
201100043571,11,6,11,250,5,1,1,1.0,6.0,84007,M,,,84
201100043572,11,6,24,1725,1,2,1,1.0,6.0,84007,M,,,84
201100043573,11,6,26,115,3,1,1,1.0,5.0,84007,M,,,84
201100043574,11,6,25,2350,5,2,3,1.0,3.0,84007,M,,,84
201100043575,11,7,1,1710,1,2,1,1.0,3.0,84007,M,,,84
201100043576,11,7,4,1600,1,2,1,1.0,1.0,84007,M,,,84
201100043577,11,7,14,1820,1,2,1,1.0,6.0,84007,M,,,84
201100043578,11,9,20,1810,1,1,1,1.0,6.0,84007,M,,,84
201100043579,11,8,16,1710,1,2,2,1.0,6.0,84007,M,,,84
201100043580,11,8,8,1353,1,2,1,1.0,2.0,84007,M,,,84
201100043581,11,8,19,1250,1,2,2,1.0,3.0,84007,M,,,84
201100043582,11,8,29,1730,1,1,1,1.0,1.0,84007,M,,,84
201100043583,11,10,13,1720,1,2,1,1.0,3.0,84007,M,,,84
201100043584,11,10,8,545,5,2,1,1.0,1.0,84007,M,,,84
201100043585,11,9,21,1430,1,2,1,1.0,3.0,84007,M,,,84
201100043586,11,9,18,345,5,1,4,2.0,6.0,84007,M,,,84
201100043587,11,10,4,1628,1,2,1,1.0,3.0,84007,M,,,84
201100043588,11,10,13,2255,5,2,2,1.0,3.0,84007,M,,,84
201100043589,11,10,21,135,5,2,1,8.0,1.0,84007,M,,,84
201100043590,11,10,24,1517,1,1,1,8.0,2.0,84007,M,,,84
201100043591,11,10,31,1450,1,2,1,1.0,4.0,84007,M,,,84
201100043592,11,11,13,1910,5,2,1,1.0,6.0,84007,M,,,84
201100043593,11,3,1,1540,1,2,1,1.0,2.0,84031,M,,,84
201100043594,11,3,11,1755,1,2,1,1.0,7.0,84031,M,,,84
201100043595,11,3,30,1140,1,2,1,1.0,3.0,84031,M,,,84
201100043596,11,4,14,1620,1,2,9,1.0,3.0,84031,M,,,84
201100043597,11,5,3,135,3,1,1,1.0,7.0,84031,M,,,84
201100043598,11,5,10,1755,1,2,1,1.0,3.0,84031,M,,,84
201100043599,11,5,29,1130,1,2,1,1.0,2.0,84080,M,,,84
201100043600,11,6,3,2240,3,1,3,2.0,3.0,84031,M,,,84
201100043601,11,6,12,400,5,2,1,1.0,6.0,84031,M,,,84
201100043602,11,7,6,845,1,1,1,1.0,2.0,84031,M,,,84
201100043603,11,7,23,820,1,1,1,1.0,2.0,84031,M,,,84
201100043604,11,8,13,1740,1,1,1,1.0,2.0,84031,M,,,84
201100043605,11,8,10,1600,1,2,1,1.0,6.0,84031,M,,,84
201100043606,11,9,30,1140,1,2,1,1.0,2.0,84031,M,,,84
201100043607,11,10,5,1330,1,2,1,1.0,6.0,84031,M,,,84
201100043608,11,10,6,1050,1,1,1,1.0,6.0,84031,M,,,84
201100043609,11,11,29,1400,1,1,1,1.0,1.0,84080,M,,,84
201100043610,11,12,3,1630,1,1,1,1.0,3.0,84031,M,,,84
201100043611,11,10,3,1710,1,1,3,1.0,3.0,84080,M,,,84
201100043612,11,1,27,1914,5,2,1,1.0,1.0,84035,M,,,84
201100043613,11,2,4,2110,3,1,1,1.0,1.0,84035,M,,,84
201100043614,11,3,18,15,3,1,1,1.0,2.0,84035,M,,,84
201100043615,11,5,11,1110,1,2,1,1.0,2.0,84035,M,,,84
201100043616,11,6,8,1150,1,1,1,1.0,3.0,84035,M,,,84
201100043617,11,7,12,1830,1,1,1,1.0,4.0,84035,M,,,84
201100043618,11,8,31,1810,1,2,1,1.0,6.0,84035,M,,,84
201100043619,11,9,13,1016,1,2,6,1.0,3.0,84035,M,,,84
201100043620,11,10,2,1,5,1,1,1.0,6.0,84035,M,,,84
201100043621,11,1,7,850,1,1,3,8.0,3.0,84087,M,,,84
201100043622,11,1,13,1600,1,2,6,1.0,3.0,84087,M,,,84
201100043623,11,1,19,1940,5,2,3,1.0,1.0,84087,M,,,84
201100043624,11,1,21,1910,5,2,3,1.0,3.0,84087,M,,,84
201100043625,11,2,6,1805,2,2,1,1.0,7.0,84087,M,,,84
201100043626,11,2,17,1330,1,2,1,2.0,3.0,84087,M,,,84
201100043627,11,4,15,2000,2,2,1,1.0,3.0,84087,M,,,84
201100043628,11,5,15,1330,1,2,1,1.0,6.0,84087,M,,,84
201100043629,11,6,16,1805,1,1,1,1.0,1.0,84087,M,,,84
201100043630,11,7,4,2310,3,2,1,1.0,7.0,84087,M,,,84
201100043631,11,7,6,1350,1,1,1,1.0,1.0,84087,M,,,84
201100043632,11,7,22,1555,1,1,3,1.0,3.0,84087,M,,,84
201100043633,11,8,17,1200,1,1,1,1.0,5.0,84087,M,,,84
201100043634,11,10,3,900,1,2,3,7.0,6.0,84087,M,,,84
201100043635,11,2,5,745,2,1,1,1.0,1.0,84089,M,,,84
201100043636,11,6,14,1015,1,1,1,1.0,6.0,84089,M,,,84
201100043637,11,1,6,740,5,2,1,3.0,1.0,85191,M,,,85
201100043638,11,2,18,2000,1,2,3,8.0,3.0,85191,M,4665661.0,-145302.0,85
201100043639,11,2,24,1855,1,2,1,1.0,6.0,85191,M,,,85
201100043640,11,3,14,1820,1,2,2,1.0,6.0,85191,M,,,85
201100043641,11,3,15,1910,1,2,1,2.0,6.0,85191,M,4667005.0,-142771.0,85
201100043642,11,3,19,2100,5,2,1,1.0,1.0,85191,M,,,85
201100043643,11,3,23,1800,1,2,1,1.0,6.0,85191,M,,,85
201100043644,11,3,31,1210,1,2,1,1.0,6.0,85191,M,4667088.0,-142550.0,85
201100043645,11,4,2,1115,1,2,3,1.0,3.0,85191,M,4664924.0,-144038.0,85
201100043646,11,4,8,955,1,2,6,1.0,6.0,85191,M,,,85
201100043647,11,4,19,1220,1,2,1,1.0,6.0,85191,M,4667139.0,-142122.0,85
201100043648,11,5,2,2255,5,1,6,1.0,7.0,85191,M,,,85
201100043649,11,5,8,2055,1,2,6,1.0,3.0,85191,M,,,85
201100043650,11,5,22,1050,1,2,6,1.0,6.0,85191,M,,,85
201100043651,11,6,3,1915,1,1,2,1.0,3.0,85191,M,,,85
201100043652,11,6,9,900,1,2,2,1.0,3.0,85191,M,4667178.0,-142857.0,85
201100043653,11,6,15,1811,1,1,1,1.0,2.0,85191,M,,,85
201100043654,11,6,10,1910,1,2,1,1.0,6.0,85191,M,4665971.0,-144081.0,85
201100043655,11,7,13,1115,1,2,1,1.0,6.0,85191,M,,,85
201100043656,11,8,24,1445,1,2,2,7.0,3.0,85191,M,4666891.0,-144597.0,85
201100043657,11,9,1,1745,1,2,1,1.0,2.0,85191,M,4668121.0,-144353.0,85
201100043658,11,9,7,1240,1,2,1,8.0,6.0,85191,M,4667962.0,-142267.0,85
201100043659,11,9,16,1855,1,2,1,1.0,6.0,85191,M,,,85
201100043660,11,9,27,1350,1,1,2,1.0,3.0,85191,M,,,85
201100043661,11,9,27,2000,2,2,2,1.0,3.0,85191,M,4666534.0,-142530.0,85
201100043662,11,10,18,1810,1,1,1,2.0,6.0,85191,M,,,85
201100043663,11,11,15,1525,1,2,3,1.0,6.0,85191,M,,,85
201100043664,11,11,19,1115,1,2,3,1.0,6.0,85191,M,4667377.0,-142825.0,85
201100043665,11,11,28,2040,5,2,1,1.0,6.0,85191,M,4669471.0,-142980.0,85
201100043666,11,11,28,1610,1,2,1,8.0,3.0,85191,M,4668651.0,-142995.0,85
201100043667,11,11,23,1330,1,2,6,1.0,3.0,85191,M,4667365.0,-140338.0,85
201100043668,11,11,25,2150,5,2,1,2.0,3.0,85191,M,4669080.0,-143323.0,85
201100043669,11,12,4,1415,1,2,1,1.0,3.0,85191,M,4666091.0,-142573.0,85