Num_Acc,an,mois,jour,hrmn,lum,agg,int,atm,col,com,gps,lat,long,dep
201100043670,11,12,7,1505,1,2,2,8.0,3.0,85191,M,4666793.0,-142663.0,85
201100043671,11,12,12,1530,1,2,1,1.0,6.0,85191,M,4669838.0,-142905.0,85
201100043672,11,12,20,1615,1,2,2,1.0,3.0,85191,M,4667938.0,-143529.0,85
201100043673,11,12,13,2210,5,2,1,2.0,6.0,85191,M,4667656.0,-142969.0,85
201100043674,11,10,8,1200,1,2,1,1.0,6.0,85191,M,4666747.0,-144580.0,85
201100043675,11,12,31,1800,2,2,1,2.0,3.0,85191,M,,,85
201100043676,11,1,3,1300,1,2,2,7.0,3.0,85194,M,4649707.0,-178233.0,85
201100043677,11,1,21,2000,3,1,3,1.0,1.0,85060,M,,,85
201100043678,11,1,23,1555,1,1,1,1.0,6.0,85166,M,,,85
201100043679,11,1,28,945,1,2,6,1.0,2.0,85166,M,,,85
201100043680,11,2,19,505,5,2,1,2.0,6.0,85060,M,4650436.0,-174381.0,85
201100043681,11,2,27,1900,1,2,3,1.0,1.0,85166,M,4652109.0,-176194.0,85
201100043682,11,3,1,1500,1,2,1,1.0,6.0,85194,M,4649875.0,-178308.0,85
201100043683,11,3,9,1940,5,2,2,1.0,3.0,85166,M,,,85
201100043684,11,4,5,1320,1,2,6,1.0,3.0,85060,M,,,85
201100043685,11,4,13,1235,1,1,1,1.0,3.0,85166,M,4651535.0,-175263.0,85
201100043686,11,4,22,2125,5,2,1,1.0,2.0,85060,M,,,85
201100043687,11,4,23,2345,5,2,2,3.0,1.0,85194,M,,,85
201100043688,11,4,25,1035,1,2,1,1.0,6.0,85166,M,4651390.0,-177793.0,85
201100043689,11,5,7,1410,1,2,1,1.0,6.0,85194,M,,,85
201100043690,11,5,19,1650,1,2,2,1.0,3.0,85166,M,4650575.0,-177536.0,85
201100043691,11,5,30,1650,1,2,1,1.0,6.0,85194,M,4649362.0,-176948.0,85
201100043692,11,6,2,1650,1,2,2,1.0,3.0,85194,M,4650462.0,-178907.0,85
201100043693,11,6,5,1030,1,2,1,2.0,6.0,85194,M,,,85
201100043694,11,6,10,1115,1,2,2,1.0,3.0,85166,M,4652384.0,-178038.0,85
201100043695,11,6,12,120,3,1,1,1.0,6.0,85060,M,,,85
201100043696,11,6,12,1050,1,1,1,1.0,6.0,85166,M,,,85
201100043697,11,6,24,1025,1,2,1,1.0,6.0,85060,M,4650451.0,-173719.0,85
201100043698,11,6,26,635,1,2,1,1.0,6.0,85194,M,4649500.0,-179353.0,85
201100043699,11,6,25,1905,1,2,1,1.0,6.0,85194,M,4649457.0,-178260.0,85
201100043700,11,6,29,1855,1,2,1,1.0,6.0,85194,M,4649094.0,-177388.0,85
201100043701,11,7,3,1730,1,2,2,1.0,3.0,85060,M,,,85
201100043702,11,7,8,1945,1,2,1,1.0,6.0,85194,M,4649593.0,-179281.0,85
201100043703,11,7,10,1120,1,2,2,1.0,3.0,85194,M,,,85
201100043704,11,7,12,2025,1,2,1,1.0,6.0,85194,M,,,85
201100043705,11,7,12,1735,1,2,2,2.0,3.0,85166,M,,,85
201100043706,11,7,20,1915,1,1,1,2.0,1.0,85166,M,,,85
201100043707,11,7,29,1700,1,2,2,1.0,3.0,85166,M,4652359.0,-178532.0,85
201100043708,11,8,9,1100,1,2,1,1.0,6.0,85194,M,,,85
201100043709,11,8,11,2130,1,1,1,1.0,6.0,85166,M,4652790.0,-179198.0,85
201100043710,11,8,19,1915,1,1,1,1.0,6.0,85060,M,,,85
201100043711,11,8,20,855,1,2,1,1.0,6.0,85060,M,4647894.0,-172175.0,85
201100043712,11,9,1,1145,1,2,1,1.0,6.0,85194,M,,,85
201100043713,11,8,31,1740,1,2,4,1.0,3.0,85194,M,4649990.0,-178522.0,85
201100043714,11,8,30,1155,1,1,1,1.0,6.0,85060,M,4648729.0,-174574.0,85
201100043715,11,9,23,840,1,2,1,1.0,2.0,85194,M,4649949.0,-179893.0,85
201100043716,11,9,23,1405,1,1,1,1.0,1.0,85166,M,,,85
201100043717,11,9,25,220,4,2,1,1.0,2.0,85060,M,4647892.0,-174991.0,85
201100043718,11,9,30,1325,1,2,2,1.0,3.0,85060,M,4648808.0,-174213.0,85
201100043719,11,10,17,1400,1,2,6,1.0,3.0,85060,M,4649528.0,-175212.0,85
201100043720,11,10,22,2020,3,1,1,1.0,2.0,85060,M,,,85
201100043721,11,11,17,1025,1,2,2,1.0,3.0,85060,M,,,85
201100043722,11,11,22,1755,5,2,2,1.0,3.0,85194,M,4650122.0,-178058.0,85
201100043723,11,11,22,1925,5,2,1,1.0,6.0,85060,M,4650464.0,-173802.0,85
201100043724,11,11,28,1540,1,2,6,1.0,3.0,85166,M,,,85
201100043725,11,12,24,415,5,2,6,1.0,6.0,85194,M,,,85
201100043726,11,1,19,1335,1,2,2,7.0,3.0,86066,M,,,86
201100043727,11,2,11,1105,1,2,2,1.0,6.0,86066,M,,,86
201100043728,11,2,16,955,1,2,1,7.0,6.0,86066,M,,,86
201100043729,11,3,2,1917,3,1,1,1.0,1.0,86066,M,,,86
201100043730,11,3,11,1935,3,2,2,1.0,3.0,86066,M,,,86
201100043731,11,3,28,2030,5,2,3,1.0,3.0,86066,M,,,86
201100043732,11,4,2,820,2,1,1,1.0,6.0,86066,M,,,86
201100043733,11,4,2,835,1,2,2,1.0,3.0,86066,M,,,86
201100043734,11,4,17,1615,1,2,3,7.0,3.0,86066,M,,,86
201100043735,11,5,11,1755,1,2,1,1.0,2.0,86066,M,,,86
201100043736,11,5,22,300,5,2,1,1.0,3.0,86066,M,,,86
201100043737,11,5,22,1250,1,2,2,1.0,3.0,86066,M,,,86
201100043738,11,6,27,1130,1,2,1,1.0,1.0,86066,M,,,86
201100043739,11,7,3,2110,2,2,2,1.0,2.0,86066,M,,,86
201100043740,11,8,7,1215,1,1,2,1.0,3.0,86066,M,,,86
201100043741,11,8,7,1620,1,2,1,1.0,6.0,86066,M,4681938.0,345699.0,86
201100043742,11,9,13,1130,1,2,1,2.0,6.0,86066,M,,,86
201100043743,11,9,27,920,1,2,2,1.0,3.0,86066,M,,,86
201100043744,11,10,5,1730,1,2,4,1.0,6.0,86066,M,,,86
201100043745,11,10,30,1820,5,2,1,1.0,6.0,86066,M,,,86
201100043746,11,11,26,740,2,1,1,5.0,7.0,86066,M,,,86
201100043747,11,11,25,1722,5,2,1,8.0,3.0,86066,M,,,86
201100043748,11,12,14,2040,3,1,1,3.0,3.0,86066,M,,,86
201100043749,11,1,4,1735,5,2,1,1.0,7.0,86194,M,,,86
201100043750,11,1,5,745,2,1,2,2.0,6.0,86194,M,,,86
201100043751,11,1,7,810,1,1,2,2.0,3.0,86194,M,,,86
201100043752,11,1,8,1110,1,2,1,1.0,6.0,86158,M,,,86
201100043753,11,1,12,1825,5,2,3,2.0,3.0,86194,M,,,86
201100043754,11,1,15,1630,1,2,1,1.0,2.0,86194,M,,,86
201100043755,11,1,16,2030,5,2,1,1.0,2.0,86194,M,,,86
201100043756,11,1,17,100,5,2,1,1.0,6.0,86194,M,,,86
201100043757,11,1,17,2000,5,2,4,1.0,6.0,86214,M,,,86
201100043758,11,1,18,1855,5,2,1,1.0,2.0,86194,M,,,86
201100043759,11,1,21,1315,1,1,2,1.0,3.0,86194,M,,,86
201100043760,11,1,27,150,5,2,2,2.0,6.0,86214,M,,,86
201100043761,11,1,27,810,2,2,1,1.0,6.0,86194,M,,,86
201100043762,11,1,31,1300,1,2,3,1.0,3.0,86194,M,,,86
201100043763,11,2,1,1925,5,2,1,1.0,6.0,86194,M,,,86
201100043764,11,2,2,200,3,1,1,4.0,4.0,86158,M,,,86
201100043765,11,2,4,1830,5,2,1,1.0,7.0,86158,M,,,86
201100043766,11,2,6,1720,2,2,2,1.0,3.0,86194,M,,,86
201100043767,11,2,7,810,1,2,3,1.0,3.0,86194,M,,,86
201100043768,11,2,7,1530,1,2,2,1.0,4.0,86194,M,,,86
201100043769,11,2,7,1645,1,2,1,1.0,6.0,86194,M,,,86
201100043770,11,2,9,1510,1,2,1,1.0,6.0,86194,M,,,86
201100043771,11,2,10,1655,1,1,1,1.0,2.0,86158,M,,,86
201100043772,11,2,11,745,2,2,2,1.0,3.0,86194,M,,,86
201100043773,11,2,17,1200,1,2,1,1.0,6.0,86194,M,,,86
201100043774,11,2,17,2050,5,2,2,1.0,3.0,86194,M,,,86
201100043775,11,2,20,325,5,2,6,2.0,6.0,86194,M,,,86
201100043776,11,2,28,1025,1,2,1,1.0,2.0,86194,M,,,86
201100043777,11,3,5,2010,5,2,1,1.0,6.0,86194,M,,,86
201100043778,11,3,6,1815,1,2,1,1.0,3.0,86158,M,,,86
201100043779,11,3,11,2020,5,2,2,1.0,3.0,86194,M,,,86
201100043780,11,3,14,2240,5,2,2,1.0,2.0,86194,M,,,86
201100043781,11,3,22,1410,1,1,1,1.0,2.0,86027,M,,,86
201100043782,11,3,22,1720,1,2,1,1.0,2.0,86194,M,,,86
201100043783,11,3,23,1650,1,2,2,1.0,3.0,86194,M,,,86
201100043784,11,3,25,845,1,2,3,1.0,3.0,86194,M,,,86
201100043785,11,3,29,1955,3,1,1,2.0,1.0,86133,M,,,86
201100043786,11,3,31,1530,1,1,1,1.0,6.0,86133,M,,,86
201100043787,11,4,4,845,1,2,1,1.0,1.0,86194,M,,,86
201100043788,11,4,6,1540,1,2,2,1.0,1.0,86214,M,,,86
201100043789,11,4,8,1740,1,2,1,1.0,4.0,86194,M,,,86
201100043790,11,4,10,1755,1,2,1,1.0,7.0,86194,M,,,86
201100043791,11,4,10,2155,5,2,2,1.0,3.0,86194,M,,,86
201100043792,11,4,10,2210,3,2,3,1.0,3.0,86194,M,,,86
201100043793,11,4,11,715,1,2,1,1.0,1.0,86041,M,,,86
201100043794,11,4,12,1505,1,1,3,1.0,6.0,86157,M,,,86
201100043795,11,4,15,1440,1,2,1,1.0,7.0,86194,M,,,86
201100043796,11,4,15,1620,1,2,2,1.0,1.0,86194,M,,,86
201100043797,11,4,17,240,5,1,1,1.0,7.0,86194,M,,,86
201100043798,11,4,21,1820,1,1,3,1.0,3.0,86214,M,,,86
201100043799,11,4,22,1530,1,2,3,1.0,2.0,86194,M,,,86
201100043800,11,4,23,1445,1,2,2,1.0,3.0,86158,M,,,86
201100043801,11,4,23,2257,5,2,2,1.0,3.0,86194,M,,,86
201100043802,11,4,24,1405,1,2,1,1.0,6.0,86194,M,,,86
201100043803,11,4,27,1455,1,2,1,1.0,6.0,86194,M,,,86
201100043804,11,5,3,1820,1,2,1,1.0,7.0,86194,M,,,86
201100043805,11,5,4,1735,1,2,2,1.0,3.0,86194,M,,,86
201100043806,11,5,15,2120,5,2,3,1.0,2.0,86194,M,,,86
201100043807,11,5,17,805,1,2,3,1.0,1.0,86194,M,,,86
201100043808,11,5,21,2000,1,2,1,1.0,6.0,86194,M,,,86
201100043809,11,5,28,240,5,2,1,1.0,6.0,86194,M,,,86
201100043810,11,5,31,1830,1,2,1,1.0,3.0,86194,M,,,86
201100043811,11,6,3,310,5,2,1,1.0,6.0,86194,M,,,86
201100043812,11,6,8,1555,1,2,3,1.0,3.0,86194,M,,,86
201100043813,11,6,9,810,1,2,3,1.0,3.0,86194,M,,,86
201100043814,11,6,9,1605,1,2,1,1.0,3.0,86194,M,,,86
201100043815,11,6,10,1705,1,1,1,1.0,4.0,86158,M,,,86
201100043816,11,6,10,2045,1,1,1,1.0,6.0,86133,M,,,86
201100043817,11,6,15,1540,1,2,1,1.0,7.0,86194,M,,,86
201100043818,11,6,15,1805,1,2,2,1.0,3.0,86194,M,,,86
201100043819,11,6,17,2320,5,2,1,1.0,7.0,86158,M,,,86
201100043820,11,6,18,2300,4,1,2,1.0,3.0,86158,M,,,86
201100043821,11,6,20,1720,1,2,1,1.0,7.0,86194,M,,,86
201100043822,11,6,21,1245,1,2,1,1.0,3.0,86194,M,,,86
201100043823,11,6,21,2145,1,2,1,1.0,2.0,86041,M,,,86
201100043824,11,6,24,940,1,2,1,1.0,2.0,86214,M,,,86
201100043825,11,6,30,755,1,2,1,1.0,6.0,86194,M,,,86
201100043826,11,6,30,915,1,2,6,1.0,3.0,86194,M,,,86
201100043827,11,7,1,1655,1,1,3,1.0,2.0,86194,M,,,86
201100043828,11,7,4,1245,1,2,2,1.0,3.0,86194,M,,,86
201100043829,11,7,5,1615,1,2,1,1.0,6.0,86194,M,,,86
201100043830,11,7,5,2325,5,2,1,1.0,3.0,86158,M,,,86
201100043831,11,7,8,2328,5,2,1,1.0,6.0,86194,M,,,86
201100043832,11,7,12,725,1,2,1,3.0,4.0,86194,M,,,86
201100043833,11,7,15,625,1,2,1,1.0,6.0,86194,M,,,86
201100043834,11,7,17,310,5,2,2,2.0,3.0,86194,M,,,86
201100043835,11,7,19,1005,1,2,2,2.0,3.0,86194,M,,,86
201100043836,11,7,19,1755,1,2,1,1.0,6.0,86194,M,,,86
201100043837,11,7,20,2250,5,2,2,2.0,3.0,86194,M,,,86
201100043838,11,7,22,1415,1,2,1,1.0,6.0,86194,M,,,86
201100043839,11,7,22,2343,5,1,1,1.0,7.0,86157,M,,,86
201100043840,11,7,25,830,1,2,1,3.0,4.0,86194,M,,,86
201100043841,11,7,30,1145,1,1,1,1.0,2.0,86194,M,,,86
201100043842,11,7,31,2140,5,2,1,1.0,7.0,86041,M,,,86
201100043843,11,8,7,1330,1,2,3,2.0,3.0,86194,M,,,86
201100043844,11,8,10,850,1,1,1,1.0,2.0,86214,M,,,86
201100043845,11,8,11,2100,2,2,1,1.0,7.0,86194,M,,,86
201100043846,11,8,19,1610,1,2,2,1.0,2.0,86194,M,,,86
201100043847,11,8,21,745,1,2,2,1.0,6.0,86194,M,,,86
201100043848,11,8,26,815,1,2,1,1.0,6.0,86194,M,,,86
201100043849,11,8,30,845,1,2,6,1.0,3.0,86194,M,,,86
201100043850,11,8,30,1125,1,2,1,1.0,3.0,86194,M,,,86
201100043851,11,9,2,1050,1,2,1,1.0,7.0,86194,M,,,86
201100043852,11,9,2,1635,1,2,3,1.0,3.0,86194,M,,,86
201100043853,11,9,7,1730,1,2,3,1.0,3.0,86194,M,,,86
201100043854,11,9,10,2245,3,1,1,1.0,6.0,86214,M,,,86
201100043855,11,9,14,800,1,2,2,1.0,6.0,86194,M,,,86
201100043856,11,9,14,1215,1,2,3,1.0,3.0,86194,M,,,86
201100043857,11,9,15,1725,1,2,1,1.0,7.0,86194,M,,,86
201100043858,11,9,16,1540,1,2,6,1.0,3.0,86194,M,,,86
201100043859,11,9,23,810,1,2,1,1.0,6.0,86214,M,,,86
201100043860,11,9,24,2235,3,1,1,1.0,7.0,86158,M,,,86
201100043861,11,9,26,1800,1,2,2,1.0,1.0,86194,M,,,86
201100043862,11,9,27,1840,1,2,1,1.0,5.0,86194,M,,,86
201100043863,11,9,28,1830,1,2,1,1.0,6.0,86194,M,,,86
201100043864,11,9,29,1040,1,2,2,1.0,3.0,86194,M,,,86
201100043865,11,10,1,1530,1,1,1,1.0,7.0,86194,M,,,86
201100043866,11,10,3,1425,1,2,3,1.0,3.0,86194,M,,,86
201100043867,11,10,4,905,1,2,1,1.0,6.0,86194,M,,,86
201100043868,11,10,5,1600,1,2,2,1.0,2.0,86194,M,,,86
201100043869,11,10,11,1650,1,1,2,1.0,3.0,86158,M,,,86
201100043870,11,10,12,2215,5,2,1,1.0,3.0,86194,M,,,86
201100043871,11,10,13,1655,1,2,1,1.0,3.0,86194,M,,,86
201100043872,11,10,14,1535,1,2,4,1.0,3.0,86214,M,,,86
201100043873,11,10,21,2030,5,2,1,1.0,6.0,86194,M,,,86
201100043874,11,10,24,1905,5,2,2,2.0,3.0,86194,M,,,86
201100043875,11,10,26,730,3,1,3,1.0,3.0,86157,M,,,86
201100043876,11,10,27,1800,1,1,3,1.0,7.0,86157,M,,,86
201100043877,11,10,28,245,3,1,1,1.0,6.0,86214,M,,,86
201100043878,11,10,28,1110,1,2,2,1.0,3.0,86194,M,,,86
201100043879,11,11,1,1650,2,2,6,7.0,6.0,86194,M,,,86
201100043880,11,11,3,856,1,2,1,3.0,2.0,86194,M,,,86
201100043881,11,11,13,1655,1,2,2,1.0,3.0,86194,M,,,86
201100043882,11,11,14,1945,4,2,3,1.0,3.0,86194,M,,,86
201100043883,11,11,15,1820,5,2,1,1.0,6.0,86194,M,,,86
201100043884,11,11,16,1915,5,2,1,1.0,6.0,86194,M,,,86
201100043885,11,11,17,2115,5,2,1,1.0,7.0,86194,M,,,86
201100043886,11,11,18,855,1,2,1,1.0,7.0,86194,M,,,86
201100043887,11,11,18,1230,1,1,4,1.0,3.0,86158,M,,,86
201100043888,11,11,20,1115,1,2,2,1.0,6.0,86214,M,,,86
201100043889,11,11,21,705,3,1,1,1.0,1.0,86158,M,,,86
201100043890,11,11,22,1425,1,2,2,1.0,3.0,86194,M,,,86
201100043891,11,11,24,1915,5,2,2,1.0,3.0,86194,M,,,86
201100043892,11,11,25,1430,1,2,1,1.0,3.0,86194,M,,,86
201100043893,11,11,28,750,3,1,1,5.0,4.0,86041,M,,,86
201100043894,11,11,28,1115,1,2,1,1.0,6.0,86194,M,,,86
201100043895,11,12,3,1430,1,1,1,2.0,6.0,86158,M,,,86
201100043896,11,12,6,30,5,2,1,1.0,6.0,86194,M,,,86
201100043897,11,12,6,1515,1,2,6,1.0,3.0,86214,M,,,86
201100043898,11,12,6,2150,3,2,1,1.0,6.0,86194,M,,,86
201100043899,11,12,11,2050,5,2,2,2.0,3.0,86194,M,,,86
201100043900,11,12,13,2115,5,2,3,2.0,6.0,86194,M,,,86
201100043901,11,12,14,1145,1,2,1,1.0,3.0,86194,M,,,86
201100043902,11,12,16,1430,1,2,1,1.0,3.0,86194,M,,,86
201100043903,11,12,19,1035,1,2,3,1.0,1.0,86194,M,,,86
201100043904,11,12,20,1530,1,2,3,1.0,3.0,86194,M,,,86
201100043905,11,12,22,2240,5,2,1,1.0,6.0,86194,M,,,86
201100043906,11,12,25,1830,5,2,6,1.0,3.0,86194,M,,,86
201100043907,11,12,29,1845,5,2,1,1.0,2.0,86027,M,,,86
201100043908,11,12,31,1500,1,1,1,1.0,6.0,86194,M,,,86
201100043909,11,1,2,1230,1,2,3,1.0,3.0,87085,M,,,87
201100043910,11,1,3,845,1,2,2,1.0,6.0,87085,M,,,87
201100043911,11,1,4,1605,1,2,1,1.0,6.0,87085,M,,,87
201100043912,11,1,5,745,1,1,1,2.0,4.0,87085,M,,,87
201100043913,11,1,5,800,2,2,1,8.0,6.0,87085,M,4585920.0,128910.0,87
201100043914,11,1,5,805,1,1,1,2.0,6.0,87085,M,,,87
201100043915,11,1,6,1612,1,2,1,2.0,6.0,87085,M,,,87
201100043916,11,1,7,1405,1,2,2,1.0,3.0,87114,M,,,87
201100043917,11,1,7,2205,5,1,1,1.0,1.0,87065,M,,,87
201100043918,11,1,8,2055,5,2,2,1.0,1.0,87085,M,4585060.0,124478.0,87
201100043919,11,1,9,1715,1,1,1,1.0,6.0,87085,M,4583820.0,128224.0,87
201100043920,11,1,10,1752,5,2,1,1.0,5.0,87085,M,4586110.0,128198.0,87
201100043921,11,1,10,1918,5,2,1,1.0,6.0,87085,M,,,87
201100043922,11,1,11,1200,1,2,6,2.0,3.0,87085,M,4581090.0,125720.0,87
201100043923,11,1,12,1453,1,2,3,2.0,6.0,87085,M,,,87
201100043924,11,1,13,423,5,2,1,1.0,6.0,87085,M,4582940.0,127004.0,87
201100043925,11,1,14,1508,1,1,1,1.0,1.0,87050,M,4589080.0,126373.0,87
201100043926,11,1,14,1925,5,2,3,1.0,3.0,87085,M,,,87
201100043927,11,1,15,2254,5,2,3,1.0,3.0,87085,M,,,87
201100043928,11,1,17,811,1,2,1,1.0,2.0,87085,M,,,87
201100043929,11,1,17,906,1,2,1,1.0,6.0,87085,M,,,87
201100043930,11,1,19,1404,1,1,1,1.0,4.0,87085,M,4581760.0,129424.0,87
201100043931,11,1,21,825,2,2,1,1.0,6.0,87085,M,,,87
201100043932,11,1,21,1725,1,2,1,1.0,6.0,87085,M,,,87
201100043933,11,1,22,2142,5,2,1,1.0,6.0,87085,M,,,87
201100043934,11,1,23,1509,1,2,1,1.0,6.0,87085,M,,,87
201100043935,11,1,24,1015,1,2,1,1.0,6.0,87085,M,,,87
201100043936,11,1,27,1620,1,2,1,1.0,6.0,87085,M,,,87
201100043937,11,1,31,1957,3,1,1,1.0,5.0,87085,M,4591440.0,129374.0,87
201100043938,11,2,2,1755,1,2,1,1.0,3.0,87048,M,,,87
201100043939,11,2,4,841,1,2,1,2.0,2.0,87065,M,,,87
201100043940,11,2,4,1350,1,2,3,1.0,3.0,87085,M,4580350.0,129232.0,87
201100043941,11,2,4,1832,5,2,1,1.0,2.0,87085,M,,,87
201100043942,11,2,4,1950,5,2,1,1.0,3.0,87114,M,,,87
201100043943,11,2,5,1745,1,2,3,1.0,3.0,87085,M,,,87
201100043944,11,2,6,1911,5,2,2,5.0,3.0,87085,M,4583450.0,122602.0,87
201100043945,11,2,6,1842,5,2,1,1.0,6.0,87114,M,,,87
201100043946,11,2,7,813,1,2,1,1.0,7.0,87085,M,4585280.0,130357.0,87
201100043947,11,2,7,1300,1,2,3,1.0,3.0,87085,M,4584250.0,128771.0,87
201100043948,11,2,7,1650,1,2,1,1.0,6.0,87085,M,,,87
201100043949,11,2,8,800,1,2,1,1.0,6.0,87085,M,,,87
201100043950,11,2,8,1139,1,1,1,1.0,6.0,87085,M,4583780.0,118958.0,87
201100043951,11,2,8,1701,1,2,1,1.0,6.0,87085,M,,,87
201100043952,11,2,9,1507,1,2,1,1.0,3.0,87085,M,4585400.0,124440.0,87
201100043953,11,2,10,1344,1,1,9,1.0,3.0,87075,M,4582080.0,120822.0,87
201100043954,11,2,10,1455,1,2,1,1.0,3.0,87085,M,,,87
201100043955,11,2,12,1952,5,2,2,1.0,3.0,87114,M,4583240.0,130382.0,87
201100043956,11,2,13,1135,1,2,1,1.0,6.0,87085,M,,,87
201100043957,11,2,13,1631,1,2,1,1.0,6.0,87085,M,,,87
201100043958,11,2,16,1014,1,2,1,1.0,6.0,87085,M,,,87
201100043959,11,2,17,1432,1,2,1,1.0,4.0,87085,M,,,87
201100043960,11,2,19,2000,5,2,3,1.0,3.0,87085,M,,,87
201100043961,11,2,23,1921,5,1,9,2.0,3.0,87085,M,4581090.0,125720.0,87
201100043962,11,2,25,907,1,2,2,1.0,1.0,87085,M,4582720.0,128456.0,87
201100043963,11,2,28,1205,1,2,6,1.0,3.0,87050,M,4587980.0,123811.0,87
201100043964,11,3,1,801,1,2,1,1.0,2.0,87085,M,,,87
201100043965,11,3,1,1359,1,2,1,1.0,6.0,87085,M,,,87
201100043966,11,3,3,1230,1,2,3,1.0,3.0,87085,M,4587170.0,130043.0,87
201100043967,11,3,4,1340,1,2,1,1.0,2.0,87065,M,4581540.0,131472.0,87
201100043968,11,3,6,600,3,2,1,1.0,6.0,87085,M,4583270.0,127475.0,87
201100043969,11,3,8,1222,1,2,1,1.0,2.0,87065,M,,,87
201100043970,11,3,8,1421,1,2,3,1.0,5.0,87065,M,4579260.0,128198.0,87
201100043971,11,3,9,1210,1,2,3,1.0,3.0,87085,M,4580370.0,129208.0,87
201100043972,11,3,9,1830,1,2,1,1.0,3.0,87085,M,,,87
201100043973,11,3,11,1438,1,2,1,1.0,2.0,87085,M,,,87
201100043974,11,3,12,1857,1,2,1,1.0,7.0,87085,M,,,87
201100043975,11,3,13,1411,1,1,1,1.0,3.0,87085,M,4589600.0,130491.0,87
201100043976,11,3,15,1638,1,2,1,1.0,2.0,87085,M,,,87
201100043977,11,3,18,746,1,2,1,1.0,6.0,87085,M,,,87
201100043978,11,3,18,1635,1,2,6,1.0,3.0,87085,M,,,87
201100043979,11,3,20,1619,1,2,2,1.0,3.0,87085,M,,,87
201100043980,11,3,21,809,1,2,1,1.0,3.0,87085,M,,,87
201100043981,11,3,22,859,1,2,9,1.0,6.0,87085,M,,,87
201100043982,11,3,22,1554,1,2,3,1.0,3.0,87085,M,,,87
201100043983,11,3,23,817,1,2,9,1.0,3.0,87085,M,,,87
201100043984,11,3,23,1110,1,2,1,1.0,6.0,87085,M,,,87
201100043985,11,3,24,1706,1,1,3,1.0,3.0,87075,M,4578250.0,120103.0,87
201100043986,11,3,25,2015,5,2,1,1.0,1.0,87085,M,,,87
201100043987,11,3,26,533,5,2,2,1.0,3.0,87085,M,4582590.0,126783.0,87
201100043988,11,3,26,1455,1,2,6,1.0,3.0,87085,M,,,87
201100043989,11,3,26,2052,5,2,2,1.0,3.0,87085,M,,,87
201100043990,11,3,27,1551,1,2,1,3.0,6.0,87085,M,,,87
201100043991,11,3,28,843,1,2,1,1.0,4.0,87085,M,,,87
201100043992,11,3,28,1810,1,2,1,1.0,3.0,87085,M,,,87
201100043993,11,3,29,1332,1,2,2,1.0,6.0,87085,M,,,87
201100043994,11,3,29,1727,1,1,1,2.0,5.0,87085,M,4587320.0,128792.0,87
201100043995,11,3,30,1232,1,2,1,1.0,6.0,87085,M,4586320.0,128977.0,87
201100043996,11,3,30,2154,5,2,2,2.0,3.0,87085,M,4582120.0,126290.0,87
201100043997,11,3,31,1210,1,1,1,2.0,6.0,87065,M,4581820.0,129244.0,87
201100043998,11,3,31,1339,1,2,1,1.0,6.0,87114,M,,,87
201100043999,11,4,1,1227,1,2,2,1.0,6.0,87085,M,,,87
201100044000,11,4,2,905,1,2,6,1.0,3.0,87048,M,,,87
201100044001,11,4,5,1758,1,2,2,1.0,6.0,87085,M,,,87
201100044002,11,4,5,1602,1,2,1,1.0,6.0,87065,M,4581530.0,131521.0,87
201100044003,11,4,5,1946,1,2,1,1.0,6.0,87085,M,,,87
201100044004,11,4,6,849,1,2,2,1.0,3.0,87114,M,,,87
201100044005,11,4,6,1758,1,2,1,1.0,2.0,87085,M,,,87
201100044006,11,4,8,2103,5,2,1,1.0,6.0,87085,M,,,87
201100044007,11,4,9,532,3,1,1,1.0,6.0,87050,M,,,87
201100044008,11,4,11,1654,1,2,1,1.0,2.0,87085,M,,,87
201100044009,11,4,12,852,1,2,1,1.0,2.0,87085,M,,,87
201100044010,11,4,14,907,1,1,1,1.0,4.0,87085,M,4579770.0,129507.0,87
201100044011,11,4,14,1417,1,1,1,1.0,2.0,87075,M,,,87
201100044012,11,4,15,1657,1,2,1,1.0,6.0,87085,M,,,87
201100044013,11,4,16,906,1,2,1,1.0,6.0,87085,M,,,87
201100044014,11,4,16,1052,1,2,1,1.0,6.0,87085,M,,,87
201100044015,11,4,18,1437,1,2,1,1.0,2.0,87085,M,4581740.0,125248.0,87
201100044016,11,4,19,754,1,2,6,1.0,2.0,87085,M,,,87
201100044017,11,4,20,1440,1,2,1,1.0,3.0,87085,M,,,87
201100044018,11,4,23,1703,1,2,1,1.0,6.0,87085,M,,,87
201100044019,11,4,23,2139,5,2,3,1.0,5.0,87085,M,,,87
201100044020,11,4,25,1253,1,2,1,1.0,6.0,87085,M,,,87
201100044021,11,4,25,2052,5,2,1,1.0,6.0,87085,M,,,87
201100044022,11,4,26,1622,1,2,1,1.0,3.0,87085,M,,,87
201100044023,11,4,26,1824,1,2,2,1.0,3.0,87085,M,,,87
201100044024,11,4,28,1810,1,2,1,1.0,3.0,87085,M,,,87
201100044025,11,4,28,1827,1,1,1,1.0,2.0,87085,M,4589030.0,126923.0,87
201100044026,11,4,30,827,1,1,1,1.0,6.0,87050,M,4588650.0,120867.0,87
201100044027,11,4,30,1213,1,2,1,1.0,6.0,87085,M,,,87
201100044028,11,4,30,1900,1,2,6,1.0,6.0,87075,M,,,87
201100044029,11,5,1,2221,5,2,1,1.0,1.0,87085,M,,,87
201100044030,11,5,3,1520,1,2,2,1.0,3.0,87085,M,,,87
201100044031,11,5,3,1740,1,2,9,1.0,3.0,87085,M,,,87
201100044032,11,5,5,2150,5,2,1,1.0,6.0,87085,M,,,87