Num_Acc,an,mois,jour,hrmn,lum,agg,int,atm,col,com,gps,lat,long,dep
201100044033,11,5,6,930,1,1,1,1.0,2.0,87085,M,4584150.0,127982.0,87
201100044034,11,5,8,1000,1,2,1,1.0,6.0,87075,M,,,87
201100044035,11,5,11,1556,1,2,1,2.0,6.0,87085,M,,,87
201100044036,11,5,11,1719,1,2,3,1.0,1.0,87048,M,,,87
201100044037,11,5,13,2146,1,2,1,1.0,3.0,87085,M,,,87
201100044038,11,5,14,1717,1,2,2,1.0,7.0,87085,M,,,87
201100044039,11,5,15,1618,1,1,1,1.0,6.0,87085,M,4580620.0,129764.0,87
201100044040,11,5,16,1844,1,1,1,1.0,6.0,87085,M,4588500.0,129192.0,87
201100044041,11,5,16,1750,1,1,1,1.0,6.0,87114,M,,,87
201100044042,11,5,20,1826,1,1,1,2.0,6.0,87085,M,4589600.0,130491.0,87
201100044043,11,5,20,1920,1,2,1,1.0,6.0,87085,M,,,87
201100044044,11,5,22,2031,1,2,1,1.0,2.0,87085,M,,,87
201100044045,11,5,22,2248,5,2,3,1.0,6.0,87085,M,,,87
201100044046,11,5,23,640,1,2,1,1.0,2.0,87085,M,,,87
201100044047,11,5,23,1826,1,2,2,1.0,3.0,87085,M,,,87
201100044048,11,5,25,1045,1,2,2,1.0,6.0,87085,M,,,87
201100044049,11,5,25,1632,1,2,1,1.0,3.0,87085,M,,,87
201100044050,11,5,26,855,1,2,1,1.0,6.0,87085,M,,,87
201100044051,11,5,27,1325,1,2,2,1.0,7.0,87085,M,,,87
201100044052,11,5,27,1820,1,2,1,1.0,6.0,87085,M,,,87
201100044053,11,5,27,1515,1,2,1,1.0,6.0,87085,M,,,87
201100044054,11,5,27,2228,5,2,1,1.0,3.0,87085,M,,,87
201100044055,11,5,28,1137,1,2,3,1.0,3.0,87085,M,,,87
201100044056,11,5,30,1145,1,1,1,1.0,6.0,87085,M,4588250.0,129076.0,87
201100044057,11,5,30,2158,1,1,1,2.0,6.0,87085,M,4582900.0,128225.0,87
201100044058,11,5,31,1317,1,2,1,1.0,6.0,87085,M,,,87
201100044059,11,6,3,1503,1,1,3,1.0,3.0,87065,M,4579810.0,129571.0,87
201100044060,11,6,5,1815,1,1,1,1.0,6.0,87050,M,,,87
201100044061,11,6,6,552,1,1,1,1.0,6.0,87050,M,,,87
201100044062,11,6,6,525,1,1,1,2.0,6.0,87075,M,4579970.0,122834.0,87
201100044063,11,6,6,1855,1,2,1,1.0,6.0,87085,M,,,87
201100044064,11,6,7,803,1,2,1,1.0,6.0,87085,M,4585120.0,129811.0,87
201100044065,11,6,7,1123,1,1,1,2.0,6.0,87050,M,4585650.0,124556.0,87
201100044066,11,6,7,1716,1,2,9,2.0,6.0,87085,M,,,87
201100044067,11,6,7,2211,1,2,3,1.0,3.0,87085,M,,,87
201100044068,11,6,8,1548,1,2,9,1.0,3.0,87085,M,,,87
201100044069,11,6,10,800,1,1,1,2.0,6.0,87085,M,4583820.0,128224.0,87
201100044070,11,6,10,925,1,2,6,1.0,6.0,87048,M,,,87
201100044071,11,6,11,542,3,1,1,1.0,6.0,87085,M,4580170.0,125342.0,87
201100044072,11,6,13,1927,1,1,1,1.0,6.0,87085,M,4583740.0,128285.0,87
201100044073,11,6,14,909,1,1,1,1.0,3.0,87085,M,4583500.0,128442.0,87
201100044074,11,6,14,1220,1,2,1,1.0,2.0,87085,M,,,87
201100044075,11,6,14,1230,1,1,1,1.0,6.0,87075,M,4578700.0,118512.0,87
201100044076,11,6,16,1245,1,2,2,1.0,3.0,87085,M,,,87
201100044077,11,6,17,1026,1,2,1,1.0,6.0,87085,M,,,87
201100044078,11,6,17,1650,1,2,7,1.0,2.0,87085,M,,,87
201100044079,11,6,17,1751,1,2,1,2.0,6.0,87085,M,,,87
201100044080,11,6,17,1728,1,2,1,3.0,7.0,87085,M,,,87
201100044081,11,6,18,1420,1,2,2,1.0,3.0,87085,M,,,87
201100044082,11,6,18,2032,1,2,2,1.0,6.0,87085,M,,,87
201100044083,11,6,20,922,1,2,3,1.0,3.0,87085,M,,,87
201100044084,11,6,23,837,1,2,1,1.0,6.0,87085,M,,,87
201100044085,11,6,23,841,1,2,9,1.0,6.0,87085,M,,,87
201100044086,11,6,23,1604,1,1,1,1.0,1.0,87065,M,4581040.0,134424.0,87
201100044087,11,6,23,1701,1,2,1,1.0,6.0,87085,M,4581770.0,125379.0,87
201100044088,11,6,24,1217,1,2,1,1.0,6.0,87085,M,,,87
201100044089,11,6,25,1914,1,1,2,1.0,3.0,87065,M,4579080.0,130543.0,87
201100044090,11,6,26,1740,1,2,1,1.0,2.0,87085,M,,,87
201100044091,11,6,30,1727,1,2,1,1.0,3.0,87085,M,,,87
201100044092,11,7,1,1415,1,2,1,1.0,6.0,87085,M,,,87
201100044093,11,7,1,1726,1,2,2,1.0,3.0,87085,M,,,87
201100044094,11,7,2,739,1,1,1,1.0,6.0,87085,M,4591500.0,129417.0,87
201100044095,11,7,5,1105,1,2,1,1.0,6.0,87085,M,,,87
201100044096,11,7,5,1035,1,2,3,1.0,6.0,87085,M,,,87
201100044097,11,7,6,1703,1,2,1,1.0,6.0,87085,M,,,87
201100044098,11,7,8,1403,1,2,1,1.0,6.0,87085,M,,,87
201100044099,11,7,8,2005,1,2,1,1.0,6.0,87075,M,,,87
201100044100,11,7,9,1400,1,1,1,2.0,2.0,87085,M,4589980.0,129231.0,87
201100044101,11,7,9,1635,1,2,1,1.0,6.0,87085,M,,,87
201100044102,11,7,13,835,1,2,1,2.0,3.0,87085,M,,,87
201100044103,11,7,16,1634,1,2,1,1.0,2.0,87085,M,,,87
201100044104,11,7,19,1055,1,2,1,3.0,2.0,87085,M,,,87
201100044105,11,7,19,1947,1,1,1,2.0,5.0,87050,M,4590200.0,122904.0,87
201100044106,11,7,20,1840,1,2,1,2.0,1.0,87114,M,,,87
201100044107,11,7,20,2117,5,1,1,3.0,6.0,87075,M,4578240.0,119985.0,87
201100044108,11,7,21,747,1,1,1,2.0,6.0,87085,M,4589600.0,130491.0,87
201100044109,11,7,23,109,5,2,3,2.0,3.0,87113,M,4586520.0,132406.0,87
201100044110,11,7,24,728,4,1,1,1.0,6.0,87050,M,,,87
201100044111,11,7,28,2051,1,2,1,1.0,6.0,87085,M,,,87
201100044112,11,7,29,1618,1,1,1,1.0,4.0,87050,M,0.0,0.0,87
201100044113,11,7,29,1606,1,1,1,1.0,5.0,87050,M,0.0,0.0,87
201100044114,11,7,30,1405,1,2,1,1.0,2.0,87085,M,4583140.0,127296.0,87
201100044115,11,7,31,2203,5,2,1,1.0,6.0,87085,M,,,87
201100044116,11,8,2,2001,1,2,1,3.0,3.0,87085,M,,,87
201100044117,11,8,4,1135,1,2,1,1.0,2.0,87085,M,4586160.0,128846.0,87
201100044118,11,8,5,401,5,2,2,1.0,3.0,87085,M,,,87
201100044119,11,8,6,1917,1,1,1,2.0,6.0,87085,M,4589910.0,130976.0,87
201100044120,11,8,6,2015,1,2,2,1.0,3.0,87085,M,,,87
201100044121,11,8,8,2004,1,2,1,1.0,6.0,87085,M,4582550.0,127099.0,87
201100044122,11,8,13,1243,1,2,2,1.0,3.0,87085,M,,,87
201100044123,11,8,13,1310,1,1,1,1.0,4.0,87085,M,4583460.0,128445.0,87
201100044124,11,8,14,1604,1,2,1,1.0,7.0,87085,M,,,87
201100044125,11,8,16,1421,1,1,3,1.0,2.0,87038,M,4590190.0,122883.0,87
201100044126,11,8,18,901,1,2,1,1.0,6.0,87085,M,,,87
201100044127,11,8,18,1458,1,2,3,1.0,3.0,87085,M,,,87
201100044128,11,8,21,554,5,2,1,1.0,6.0,87065,M,,,87
201100044129,11,8,21,1750,1,2,1,1.0,6.0,87065,M,4581280.0,132973.0,87
201100044130,11,8,23,1415,1,1,1,1.0,6.0,87050,M,,,87
201100044131,11,8,24,930,1,2,1,2.0,6.0,87065,M,4581410.0,132008.0,87
201100044132,11,8,25,1451,1,2,2,1.0,3.0,87085,M,4585590.0,129249.0,87
201100044133,11,8,25,1735,1,2,6,1.0,3.0,87085,M,,,87
201100044134,11,8,26,844,1,2,1,2.0,6.0,87085,M,,,87
201100044135,11,8,27,1147,1,2,1,1.0,6.0,87085,M,,,87
201100044136,11,8,30,1212,1,2,1,1.0,2.0,87085,M,,,87
201100044137,11,8,30,1504,1,2,1,1.0,6.0,87114,M,,,87
201100044138,11,8,31,1430,1,2,1,1.0,6.0,87085,M,,,87
201100044139,11,8,31,2125,5,2,2,1.0,3.0,87085,M,,,87
201100044140,11,9,3,39,5,1,1,1.0,6.0,87050,M,4590370.0,122412.0,87
201100044141,11,9,5,907,1,2,2,1.0,3.0,87085,M,,,87
201100044142,11,9,8,1205,1,2,3,1.0,3.0,87085,M,4584250.0,128771.0,87
201100044143,11,9,8,1909,1,2,2,1.0,3.0,87085,M,,,87
201100044144,11,9,9,1140,1,2,1,1.0,6.0,87085,M,,,87
201100044145,11,9,9,1353,1,2,1,1.0,2.0,87085,M,,,87
201100044146,11,9,9,1416,1,2,1,1.0,2.0,87113,M,,,87
201100044147,11,9,10,1714,1,2,1,1.0,2.0,87085,M,,,87
201100044148,11,9,10,2002,2,2,3,1.0,3.0,87075,M,,,87
201100044149,11,9,10,2019,1,2,1,1.0,6.0,87085,M,,,87
201100044150,11,9,14,1914,1,2,1,1.0,2.0,87085,M,,,87
201100044151,11,9,15,1400,1,2,2,1.0,3.0,87085,M,,,87
201100044152,11,9,15,2125,5,2,2,1.0,3.0,87085,M,,,87
201100044153,11,9,16,1904,1,2,2,1.0,3.0,87085,M,,,87
201100044154,11,9,17,2212,5,2,1,1.0,6.0,87085,M,,,87
201100044155,11,9,19,1150,1,2,1,1.0,6.0,87085,M,,,87
201100044156,11,9,19,1555,1,1,1,1.0,6.0,87048,M,4577940.0,122103.0,87
201100044157,11,9,20,805,1,2,1,1.0,6.0,87050,M,,,87
201100044158,11,9,20,1122,1,2,1,1.0,6.0,87085,M,,,87
201100044159,11,9,21,2319,5,2,1,1.0,6.0,87085,M,,,87
201100044160,11,9,22,1131,1,2,2,1.0,3.0,87085,M,4582120.0,126290.0,87
201100044161,11,9,23,915,1,2,1,1.0,6.0,87085,M,,,87
201100044162,11,9,23,1115,1,2,1,1.0,3.0,87085,M,,,87
201100044163,11,9,23,1740,1,2,1,1.0,6.0,87085,M,4590910.0,129802.0,87
201100044164,11,9,23,2058,5,2,2,1.0,3.0,87085,M,,,87
201100044165,11,9,26,1334,1,2,1,1.0,2.0,87085,M,,,87
201100044166,11,9,26,1548,1,2,2,1.0,6.0,87085,M,,,87
201100044167,11,9,27,1244,1,2,2,1.0,3.0,87085,M,,,87
201100044168,11,9,28,838,1,2,1,1.0,6.0,87085,M,,,87
201100044169,11,9,28,1058,1,2,1,1.0,3.0,87065,M,4581620.0,130971.0,87
201100044170,11,9,28,1127,1,1,1,1.0,2.0,87050,M,4588270.0,119643.0,87
201100044171,11,9,29,1838,1,2,1,1.0,6.0,87085,M,,,87
201100044172,11,9,30,1156,1,2,1,1.0,2.0,87085,M,,,87
201100044173,11,10,3,750,1,2,1,1.0,6.0,87085,M,,,87
201100044174,11,10,3,932,1,2,2,1.0,3.0,87050,M,,,87
201100044175,11,10,3,1100,1,2,1,1.0,3.0,87085,M,,,87
201100044176,11,10,5,2046,2,1,1,1.0,7.0,87048,M,,,87
201100044177,11,10,6,1405,1,2,3,1.0,3.0,87085,M,,,87
201100044178,11,10,8,2005,5,2,1,1.0,6.0,87085,M,,,87
201100044179,11,10,8,2342,5,2,1,1.0,6.0,87085,M,,,87
201100044180,11,10,10,1539,1,2,2,1.0,6.0,87085,M,,,87
201100044181,11,10,12,756,2,2,3,2.0,3.0,87085,M,,,87
201100044182,11,10,12,803,1,2,1,2.0,6.0,87085,M,,,87
201100044183,11,10,13,923,1,2,1,1.0,3.0,87085,M,,,87
201100044184,11,10,14,1804,1,1,1,1.0,2.0,87085,M,,,87
201100044185,11,10,15,1617,1,2,1,1.0,3.0,87085,M,,,87
201100044186,11,10,16,1134,1,2,1,1.0,6.0,87085,M,,,87
201100044187,11,10,16,1740,1,2,1,1.0,5.0,87114,M,,,87
201100044188,11,10,18,1207,1,2,1,1.0,6.0,87085,M,,,87
201100044189,11,10,19,1800,1,2,2,1.0,6.0,87075,M,,,87
201100044190,11,10,20,752,2,2,1,1.0,6.0,87085,M,,,87
201100044191,11,10,20,1722,1,2,1,1.0,2.0,87085,M,,,87
201100044192,11,10,21,857,1,2,1,1.0,3.0,87085,M,,,87
201100044193,11,10,21,1143,1,2,2,1.0,3.0,87085,M,,,87
201100044194,11,10,22,1750,1,2,1,1.0,6.0,87114,M,,,87
201100044195,11,10,23,1145,1,2,1,1.0,6.0,87113,M,,,87
201100044196,11,10,31,1850,5,1,1,1.0,2.0,87085,M,,,87
201100044197,11,11,1,2010,5,2,3,1.0,3.0,87114,M,,,87
201100044198,11,11,3,1233,1,2,1,1.0,4.0,87085,M,,,87
201100044199,11,11,4,1743,5,2,3,1.0,3.0,87085,M,,,87
201100044200,11,11,4,2103,5,2,1,1.0,2.0,87085,M,,,87
201100044201,11,11,7,849,1,2,1,1.0,6.0,87085,M,,,87
201100044202,11,11,7,1954,4,2,2,1.0,3.0,87065,M,,,87
201100044203,11,11,8,1242,1,2,2,1.0,5.0,87085,M,,,87
201100044204,11,11,10,1209,1,2,1,1.0,6.0,87085,M,,,87
201100044205,11,11,14,1751,5,2,1,1.0,2.0,87085,M,,,87
201100044206,11,11,15,1223,1,2,1,1.0,4.0,87085,M,,,87
201100044207,11,11,16,1455,1,2,1,1.0,6.0,87085,M,,,87
201100044208,11,11,17,1730,5,2,1,1.0,2.0,87085,M,,,87
201100044209,11,11,18,800,1,1,1,1.0,6.0,87048,M,,,87
201100044210,11,11,19,844,1,2,2,1.0,3.0,87085,M,,,87
201100044211,11,11,19,1143,1,1,1,1.0,2.0,87085,M,,,87
201100044212,11,11,19,1330,1,2,1,1.0,6.0,87085,M,,,87
201100044213,11,11,19,1719,1,2,1,1.0,3.0,87085,M,,,87
201100044214,11,11,22,1220,1,2,3,1.0,3.0,87085,M,,,87
201100044215,11,11,23,806,1,2,1,1.0,2.0,87085,M,,,87
201100044216,11,11,23,1740,5,2,2,1.0,3.0,87085,M,,,87
201100044217,11,11,23,1900,5,2,1,1.0,6.0,87085,M,,,87
201100044218,11,11,24,1258,1,1,1,1.0,6.0,87065,M,,,87
201100044219,11,11,24,1951,5,2,3,1.0,3.0,87085,M,,,87
201100044220,11,11,24,1753,5,2,1,1.0,6.0,87065,M,,,87
201100044221,11,11,25,1420,1,2,1,1.0,6.0,87085,M,,,87
201100044222,11,11,25,1804,5,2,3,1.0,3.0,87065,M,,,87
201100044223,11,11,30,750,5,1,1,2.0,2.0,87085,M,,,87
201100044224,11,11,30,1645,1,2,1,1.0,3.0,87085,M,,,87
201100044225,11,12,1,1728,5,2,3,1.0,3.0,87085,M,,,87
201100044226,11,12,1,2334,5,2,2,1.0,3.0,87085,M,,,87
201100044227,11,12,2,1150,1,1,1,1.0,6.0,87085,M,,,87
201100044228,11,12,3,1000,1,2,2,2.0,6.0,87085,M,,,87
201100044229,11,12,3,1155,1,1,1,2.0,3.0,87085,M,,,87
201100044230,11,12,3,1445,1,2,1,2.0,6.0,87085,M,,,87
201100044231,11,12,4,755,5,2,1,2.0,6.0,87113,M,,,87
201100044232,11,12,4,1425,1,2,1,2.0,6.0,87085,M,,,87
201100044233,11,12,6,1412,1,2,1,1.0,4.0,87114,M,,,87
201100044234,11,12,7,838,1,2,3,2.0,5.0,87085,M,,,87
201100044235,11,12,7,1356,1,1,1,2.0,6.0,87085,M,,,87
201100044236,11,12,8,1645,1,2,1,1.0,6.0,87114,M,,,87
201100044237,11,12,9,614,5,2,1,2.0,6.0,87085,M,,,87
201100044238,11,12,9,815,1,2,1,2.0,2.0,87085,M,,,87
201100044239,11,12,9,1038,1,1,1,2.0,4.0,87085,M,,,87
201100044240,11,12,10,1451,1,2,2,1.0,3.0,87085,M,,,87
201100044241,11,12,12,745,1,1,1,2.0,3.0,87085,M,,,87
201100044242,11,12,12,1820,5,2,2,1.0,3.0,87085,M,,,87
201100044243,11,12,13,1425,1,1,1,2.0,4.0,87085,M,,,87
201100044244,11,12,13,1815,5,2,1,2.0,2.0,87085,M,,,87
201100044245,11,12,16,810,5,2,3,2.0,6.0,87085,M,,,87
201100044246,11,12,23,1930,5,1,1,2.0,5.0,87114,M,,,87
201100044247,11,12,29,954,1,2,2,1.0,3.0,87085,M,,,87
201100044248,11,1,6,1055,1,2,1,2.0,6.0,88160,M,4817542.0,644589.0,88
201100044249,11,1,15,1525,1,2,2,1.0,3.0,88160,M,4816706.0,645253.0,88
201100044250,11,2,6,5,5,2,1,1.0,6.0,88087,M,4816104.0,643086.0,88
201100044251,11,2,4,1635,1,2,2,1.0,3.0,88160,M,4816585.0,645079.0,88
201100044252,11,2,28,2045,5,2,1,1.0,6.0,88160,M,4816300.0,644736.0,88
201100044253,11,3,13,1940,5,2,2,2.0,3.0,88209,M,4818662.0,642798.0,88
201100044254,11,3,22,1305,1,2,1,1.0,3.0,88160,M,4817982.0,644166.0,88
201100044255,11,3,24,1754,1,2,1,1.0,2.0,88160,M,4820133.0,645460.0,88
201100044256,11,3,29,915,1,1,2,1.0,3.0,88209,M,4819757.0,641122.0,88
201100044257,11,4,7,1400,1,2,1,1.0,2.0,88160,M,4818361.0,644318.0,88
201100044258,11,4,9,1245,1,2,3,1.0,1.0,88160,M,4819064.0,645035.0,88
201100044259,11,4,20,1315,1,2,1,1.0,6.0,88160,M,4817420.0,645609.0,88
201100044260,11,4,27,2115,5,2,1,8.0,1.0,88160,M,4816983.0,644434.0,88
201100044261,11,5,19,1110,1,2,1,1.0,6.0,88160,M,4819295.0,645626.0,88
201100044262,11,5,4,1610,1,2,2,1.0,6.0,88160,M,4817296.0,644105.0,88
201100044263,11,5,29,1415,1,2,1,1.0,6.0,88160,M,4818983.0,644724.0,88
201100044264,11,6,18,355,5,2,1,8.0,6.0,88160,M,4814560.0,646424.0,88
201100044265,11,6,30,2010,1,2,2,1.0,3.0,88160,M,4817314.0,644826.0,88
201100044266,11,8,16,1425,1,2,1,1.0,2.0,88160,M,4817170.0,644476.0,88
201100044267,11,8,22,545,3,1,1,1.0,3.0,88160,M,4817669.0,650263.0,88
201100044268,11,9,10,1630,1,2,3,1.0,3.0,88160,M,4817301.0,644521.0,88
201100044269,11,10,7,1820,1,2,1,8.0,6.0,88160,M,4816549.0,645040.0,88
201100044270,11,10,26,1400,1,2,1,1.0,6.0,88209,M,4818826.0,641983.0,88
201100044271,11,11,20,730,3,2,1,1.0,6.0,88160,M,4818290.0,647277.0,88
201100044272,11,11,18,1740,5,2,1,1.0,6.0,88209,M,4819391.0,643776.0,88
201100044273,11,11,20,610,3,1,1,1.0,6.0,88160,M,4815200.0,650748.0,88
201100044274,11,11,24,1826,3,1,2,5.0,2.0,88209,M,4819775.0,641145.0,88
201100044275,11,12,9,1745,5,2,2,3.0,3.0,88160,M,4818842.0,645415.0,88
201100044276,11,12,13,1633,5,2,1,2.0,6.0,88160,M,4816315.0,644996.0,88
201100044277,11,12,15,1415,1,2,1,3.0,1.0,88209,M,4820103.0,642889.0,88
201100044278,11,6,4,1255,1,2,1,1.0,3.0,88429,M,4807935.0,659894.0,88
201100044279,11,12,21,740,4,2,1,2.0,6.0,88383,M,4801364.0,658627.0,88
201100044280,11,8,17,1715,1,1,1,1.0,1.0,88415,M,4857660.0,660930.0,88
201100044281,11,9,16,1800,2,1,1,1.0,6.0,88415,M,4805419.0,660506.0,88
201100044282,11,9,29,2045,3,1,4,1.0,7.0,88429,M,4803724.0,658183.0,88
201100044283,11,2,10,1600,1,2,1,1.0,6.0,88413,M,4829682.0,694752.0,88
201100044284,11,3,4,200,5,2,1,1.0,7.0,88413,M,4828123.0,694969.0,88
201100044285,11,3,13,2210,5,2,2,2.0,3.0,88413,M,4828874.0,694394.0,88
201100044286,11,3,14,1355,1,2,1,1.0,7.0,88413,M,4827916.0,694032.0,88
201100044287,11,3,24,1610,1,2,1,7.0,3.0,88424,M,4827413.0,698184.0,88
201100044288,11,4,10,25,3,1,6,1.0,6.0,88413,M,4830976.0,691971.0,88
201100044289,11,4,18,1340,1,2,6,1.0,6.0,88413,M,4827480.0,696609.0,88
201100044290,11,4,23,1545,1,1,1,2.0,3.0,88413,M,4829745.0,695035.0,88
201100044291,11,5,2,728,1,2,1,1.0,3.0,88413,M,4828762.0,692879.0,88
201100044292,11,5,18,1135,1,2,1,1.0,4.0,88413,M,4829499.0,693820.0,88
201100044293,11,6,21,905,1,2,1,1.0,4.0,88413,M,4828428.0,694733.0,88
201100044294,11,6,29,1545,1,1,1,3.0,6.0,88413,M,4829964.0,692834.0,88
201100044295,11,7,7,815,1,2,1,1.0,6.0,88413,M,4828464.0,694960.0,88
201100044296,11,7,31,1740,1,1,1,1.0,6.0,88463,M,4827563.0,686755.0,88
201100044297,11,8,12,1810,1,2,1,1.0,7.0,88424,M,4827252.0,696818.0,88
201100044298,11,8,20,1550,1,2,2,1.0,5.0,88424,M,4827017.0,696153.0,88
201100044299,11,8,24,1010,1,2,1,1.0,6.0,88413,M,4828717.0,694892.0,88
201100044300,11,9,1,1355,1,2,1,1.0,7.0,88413,M,4828716.0,694891.0,88
201100044301,11,9,24,900,1,2,1,1.0,7.0,88413,M,4828717.0,694893.0,88
201100044302,11,9,26,1540,1,2,1,1.0,6.0,88519,M,4833645.0,683793.0,88
201100044303,11,10,5,1010,1,2,1,1.0,6.0,88413,M,4828717.0,694893.0,88
201100044304,11,10,11,2025,5,2,1,8.0,1.0,88413,M,4828551.0,693343.0,88
201100044305,11,10,19,1015,1,2,1,3.0,6.0,88413,M,4827731.0,695567.0,88
201100044306,11,10,19,1215,1,1,1,2.0,6.0,88413,M,4830228.0,695189.0,88
201100044307,11,11,4,1830,5,2,1,1.0,7.0,88413,M,4828584.0,694935.0,88
201100044308,11,11,21,1805,5,2,1,1.0,6.0,88413,M,4828441.0,695574.0,88
201100044309,11,11,24,1125,1,2,1,1.0,6.0,88413,M,4828443.0,695314.0,88
201100044310,11,11,30,735,5,2,1,2.0,6.0,88413,M,,,88
201100044311,11,12,1,1745,3,2,1,1.0,1.0,88424,M,4828102.0,696943.0,88
201100044312,11,12,7,755,2,2,1,3.0,6.0,88413,M,4829213.0,693260.0,88
201100044313,11,12,9,1735,5,2,1,3.0,1.0,88424,M,4826978.0,696147.0,88
201100044314,11,12,18,225,3,1,1,4.0,6.0,88413,M,4830262.0,692550.0,88
201100044315,11,1,21,2005,4,2,2,1.0,3.0,89024,M,,,89
201100044316,11,1,25,1510,1,2,1,1.0,6.0,89024,M,,,89
201100044317,11,1,22,1840,5,2,6,1.0,2.0,89024,M,,,89
201100044318,11,2,4,1155,1,1,1,8.0,1.0,89024,M,,,89
201100044319,11,2,14,1225,1,2,3,1.0,3.0,89024,M,,,89
201100044320,11,10,21,728,2,2,1,,6.0,89024,M,0.0,0.0,89
201100044321,11,3,17,1850,2,2,1,2.0,3.0,89024,M,,,89
201100044322,11,3,21,1945,3,1,1,1.0,6.0,89024,M,,,89
201100044323,11,4,6,1415,1,1,1,1.0,4.0,89024,M,,,89
201100044324,11,3,11,1225,1,2,1,1.0,6.0,89024,M,,,89
201100044325,11,6,24,1410,1,1,6,1.0,4.0,89024,M,,,89
201100044326,11,8,8,1405,1,2,1,1.0,6.0,89346,M,,,89
201100044327,11,8,15,810,1,1,1,1.0,6.0,89024,M,,,89
201100044328,11,8,22,1800,1,2,2,1.0,3.0,89024,M,,,89
201100044329,11,10,10,1030,1,2,1,1.0,6.0,89024,M,,,89
201100044330,11,10,25,1619,1,1,1,1.0,1.0,89024,M,,,89
201100044331,11,11,5,1330,1,2,5,1.0,1.0,89024,M,,,89
201100044332,11,11,15,1530,1,2,2,1.0,6.0,89024,M,,,89
201100044333,11,11,30,1750,5,2,2,1.0,3.0,89024,M,,,89
201100044334,11,12,9,1525,1,2,1,2.0,3.0,89024,M,,,89
201100044335,11,1,8,550,3,1,1,2.0,6.0,89387,M,,,89
201100044336,11,2,4,740,5,2,1,2.0,6.0,89387,M,,,89
201100044337,11,2,16,1420,1,2,1,1.0,6.0,89387,M,,,89
201100044338,11,2,16,1530,1,1,4,1.0,3.0,89287,M,,,89
201100044339,11,2,24,745,1,2,6,1.0,3.0,89387,M,,,89
201100044340,11,2,26,500,3,1,2,1.0,3.0,89342,M,,,89
201100044341,11,3,6,955,1,2,1,1.0,2.0,89387,M,,,89
201100044342,11,3,7,1725,1,2,4,1.0,3.0,89287,M,,,89
201100044343,11,3,12,1930,3,1,1,1.0,6.0,89387,M,,,89
201100044344,11,4,7,1815,1,2,2,1.0,6.0,89387,M,,,89
201100044345,11,4,17,1815,1,2,2,1.0,3.0,89338,M,,,89
201100044346,11,4,18,2110,1,2,6,1.0,7.0,89387,M,,,89
201100044347,11,5,15,1855,1,2,2,1.0,3.0,89387,M,,,89
201100044348,11,5,26,1710,1,2,1,1.0,6.0,89342,M,,,89
201100044349,11,6,16,1040,1,2,4,1.0,3.0,89387,M,,,89
201100044350,11,7,5,1655,1,2,1,1.0,3.0,89387,M,,,89
201100044351,11,7,26,1120,1,2,3,1.0,3.0,89387,M,,,89
201100044352,11,8,24,825,1,1,1,1.0,2.0,89387,M,,,89
201100044353,11,9,2,1730,1,2,1,1.0,7.0,89387,M,,,89
201100044354,11,9,23,2005,5,2,1,1.0,6.0,89387,M,,,89
201100044355,11,9,26,1350,1,2,4,1.0,3.0,89287,M,,,89
201100044356,11,10,5,2235,5,2,1,1.0,1.0,89287,M,,,89
201100044357,11,10,6,1600,1,1,1,2.0,5.0,89387,M,,,89
201100044358,11,10,22,845,1,1,1,1.0,1.0,89127,M,,,89
201100044359,11,12,1,1725,5,2,2,1.0,3.0,89387,M,,,89
201100044360,11,12,10,30,5,2,2,2.0,3.0,89387,M,,,89
201100044361,11,12,9,740,5,2,1,1.0,6.0,89387,M,,,89
201100044362,11,1,6,816,1,2,2,2.0,6.0,90010,M,,,90
201100044363,11,1,7,1911,5,2,1,1.0,3.0,90075,M,,,90
201100044364,11,1,8,1241,1,2,1,1.0,6.0,90008,M,,,90
201100044365,11,1,9,534,5,1,1,2.0,6.0,90039,M,,,90
201100044366,11,1,12,1810,1,2,1,2.0,6.0,90010,M,,,90
201100044367,11,1,14,840,1,2,1,3.0,6.0,90010,M,,,90
201100044368,11,1,16,2018,5,2,3,1.0,3.0,90010,M,,,90
201100044369,11,1,17,1350,1,2,1,1.0,2.0,90010,M,,,90
201100044370,11,1,20,1830,5,2,1,4.0,1.0,90099,M,,,90
201100044371,11,1,22,1420,1,2,3,1.0,3.0,90099,M,,,90
201100044372,11,1,28,1840,5,2,1,9.0,7.0,90008,M,,,90
201100044373,11,1,30,1845,3,2,3,1.0,4.0,90010,M,,,90
201100044374,11,1,31,830,2,2,1,8.0,6.0,90032,M,,,90
201100044375,11,2,3,1430,1,2,3,2.0,6.0,90010,M,,,90
201100044376,11,2,8,1803,5,2,1,1.0,2.0,90010,M,,,90
201100044377,11,2,9,1628,1,2,6,1.0,3.0,90008,M,,,90
201100044378,11,2,11,1311,1,2,3,1.0,3.0,90010,M,,,90
201100044379,11,2,15,1750,5,2,1,3.0,2.0,90010,M,,,90
201100044380,11,2,17,2004,5,2,1,1.0,4.0,90010,M,,,90
201100044381,11,2,18,1410,1,2,1,1.0,1.0,90010,M,,,90
201100044382,11,2,20,2147,5,2,3,3.0,6.0,90010,M,,,90
201100044383,11,2,22,1616,1,2,1,8.0,2.0,90010,M,,,90