Num_Acc,an,mois,jour,hrmn,lum,agg,int,atm,col,com,gps,lat,long,dep
201100044384,11,2,24,2032,5,2,3,2.0,3.0,90010,M,,,90
201100044385,11,3,2,1830,5,2,3,1.0,3.0,90010,M,,,90
201100044386,11,3,4,1321,1,2,1,1.0,7.0,90075,M,,,90
201100044387,11,3,3,1358,1,2,1,1.0,2.0,90010,M,,,90
201100044388,11,3,4,1641,1,2,1,1.0,2.0,90075,M,,,90
201100044389,11,3,5,1510,1,2,1,7.0,2.0,90099,M,,,90
201100044390,11,3,13,2214,5,2,2,8.0,3.0,90010,M,,,90
201100044391,11,3,14,1725,1,2,3,1.0,7.0,90099,M,,,90
201100044392,11,3,15,1654,1,2,1,7.0,3.0,90010,M,,,90
201100044393,11,3,16,1130,1,2,1,1.0,1.0,90001,M,,,90
201100044394,11,3,17,728,1,2,1,2.0,6.0,90010,M,,,90
201100044395,11,3,24,1355,1,1,1,1.0,7.0,90029,M,,,90
201100044396,11,3,30,1810,1,2,1,1.0,1.0,90010,M,,,90
201100044397,11,4,2,50,5,2,3,1.0,3.0,90010,M,,,90
201100044398,11,4,2,455,3,2,7,1.0,6.0,90008,M,,,90
201100044399,11,4,2,1040,1,2,2,1.0,3.0,90010,M,,,90
201100044400,11,4,3,1505,1,2,2,1.0,3.0,90010,M,,,90
201100044401,11,4,5,1255,1,2,1,1.0,3.0,90010,M,,,90
201100044402,11,4,5,1330,1,2,1,1.0,6.0,90010,M,,,90
201100044403,11,4,6,1650,1,2,1,1.0,6.0,90010,M,,,90
201100044404,11,4,8,1140,1,2,1,1.0,6.0,90008,M,,,90
201100044405,11,4,8,1200,1,2,2,1.0,2.0,90010,M,,,90
201100044406,11,4,9,910,1,2,1,1.0,3.0,90010,M,,,90
201100044407,11,4,10,1620,1,2,1,1.0,6.0,90075,M,,,90
201100044408,11,4,14,1657,1,2,1,1.0,2.0,90010,M,,,90
201100044409,11,4,14,1758,1,2,1,1.0,7.0,90010,M,,,90
201100044410,11,4,16,1555,1,2,1,1.0,2.0,90032,M,,,90
201100044411,11,4,18,1842,1,2,2,1.0,3.0,90010,M,,,90
201100044412,11,4,19,1150,1,2,3,1.0,3.0,90010,M,,,90
201100044413,11,4,20,1215,1,2,1,1.0,6.0,90075,M,,,90
201100044414,11,4,20,1500,1,2,1,1.0,2.0,90010,M,,,90
201100044415,11,4,25,540,5,2,1,1.0,6.0,90099,M,,,90
201100044416,11,4,26,1910,1,2,2,1.0,3.0,90010,M,,,90
201100044417,11,4,26,1900,1,2,1,1.0,1.0,90075,M,,,90
201100044418,11,4,27,1120,1,2,1,8.0,6.0,90010,M,,,90
201100044419,11,4,29,1600,1,2,1,1.0,4.0,90010,M,,,90
201100044420,11,5,1,2020,1,2,1,1.0,1.0,90010,M,,,90
201100044421,11,5,2,2300,5,2,1,2.0,2.0,90010,M,,,90
201100044422,11,5,3,2120,5,2,2,1.0,6.0,90010,M,,,90
201100044423,11,5,3,2340,5,2,1,1.0,3.0,90010,M,,,90
201100044424,11,5,10,1800,1,2,3,1.0,1.0,90010,M,,,90
201100044425,11,5,11,1525,1,2,1,1.0,3.0,90032,M,,,90
201100044426,11,5,11,1910,1,1,1,1.0,6.0,90029,M,,,90
201100044427,11,5,13,1855,1,2,3,1.0,4.0,90099,M,,,90
201100044428,11,5,14,1051,1,2,1,1.0,3.0,90010,M,,,90
201100044429,11,5,16,1648,1,2,1,1.0,2.0,90032,M,,,90
201100044430,11,5,24,1150,1,2,1,1.0,6.0,90010,M,,,90
201100044431,11,5,27,1335,1,2,2,1.0,6.0,90010,M,,,90
201100044432,11,5,28,1750,1,2,1,1.0,6.0,90010,M,,,90
201100044433,11,5,28,2038,1,2,3,1.0,3.0,90010,M,,,90
201100044434,11,5,30,730,1,2,1,1.0,1.0,90075,M,,,90
201100044435,11,6,1,1005,1,2,1,2.0,3.0,90010,M,,,90
201100044436,11,6,1,1208,1,2,1,2.0,3.0,90010,M,,,90
201100044437,11,6,1,1910,1,2,1,1.0,7.0,90032,M,,,90
201100044438,11,6,1,1945,1,2,1,1.0,6.0,90099,M,,,90
201100044439,11,6,3,2115,1,2,1,1.0,6.0,90010,M,,,90
201100044440,11,6,5,1235,1,2,1,1.0,6.0,90010,M,,,90
201100044441,11,6,5,2100,1,2,1,1.0,7.0,90010,M,,,90
201100044442,11,6,8,1710,1,1,5,1.0,7.0,90032,M,,,90
201100044443,11,6,10,1730,1,2,1,1.0,3.0,90039,M,,,90
201100044444,11,6,11,1840,1,2,1,1.0,2.0,90010,M,,,90
201100044445,11,6,12,1525,1,2,1,1.0,7.0,90099,M,,,90
201100044446,11,6,14,1355,1,2,1,1.0,6.0,90010,M,,,90
201100044447,11,6,15,1954,1,2,1,1.0,6.0,90010,M,,,90
201100044448,11,6,17,1550,1,2,1,1.0,6.0,90010,M,,,90
201100044449,11,6,17,1850,1,1,1,2.0,3.0,90076,M,,,90
201100044450,11,6,22,2015,1,1,2,1.0,3.0,90010,M,,,90
201100044451,11,6,24,1208,1,2,1,1.0,5.0,90008,M,,,90
201100044452,11,6,26,525,2,2,1,1.0,7.0,90010,M,,,90
201100044453,11,6,28,1105,1,2,1,1.0,6.0,90010,M,,,90
201100044454,11,6,29,2303,5,2,3,1.0,7.0,90010,M,,,90
201100044455,11,6,29,2303,5,2,1,2.0,6.0,90032,M,,,90
201100044456,11,6,30,1710,1,2,1,1.0,3.0,90032,M,,,90
201100044457,11,7,3,2145,1,2,2,1.0,2.0,90010,M,,,90
201100044458,11,7,4,415,5,2,6,1.0,6.0,90099,M,,,90
201100044459,11,7,16,1757,1,2,1,1.0,7.0,90099,M,,,90
201100044460,11,7,17,1357,1,2,1,2.0,6.0,90001,M,,,90
201100044461,11,7,17,2016,1,2,2,1.0,3.0,90010,M,,,90
201100044462,11,7,18,1146,1,2,5,1.0,3.0,90032,M,,,90
201100044463,11,7,20,725,1,2,1,2.0,6.0,90075,M,,,90
201100044464,11,7,23,1910,1,2,1,3.0,3.0,90010,M,,,90
201100044465,11,7,29,2347,3,2,1,1.0,6.0,90010,M,,,90
201100044466,11,8,6,2033,1,1,1,2.0,7.0,90039,M,,,90
201100044467,11,8,8,1420,1,2,6,2.0,6.0,90075,M,,,90
201100044468,11,8,11,1625,1,2,1,1.0,6.0,90032,M,,,90
201100044469,11,8,11,1839,1,2,9,1.0,6.0,90010,M,,,90
201100044470,11,8,11,1935,1,2,1,1.0,7.0,90010,M,,,90
201100044471,11,8,11,1950,1,2,1,1.0,2.0,90099,M,,,90
201100044472,11,8,15,1520,1,2,2,2.0,3.0,90010,M,,,90
201100044473,11,8,17,950,1,2,1,1.0,6.0,90010,M,,,90
201100044474,11,8,18,1421,1,2,1,1.0,6.0,90010,M,,,90
201100044475,11,8,23,1700,1,2,1,1.0,3.0,90099,M,,,90
201100044476,11,9,1,1650,1,2,1,1.0,3.0,90032,M,,,90
201100044477,11,9,3,1310,1,2,1,1.0,3.0,90010,M,,,90
201100044478,11,9,3,1800,1,2,1,1.0,7.0,90039,M,,,90
201100044479,11,9,9,1755,1,2,1,1.0,4.0,90099,M,,,90
201100044480,11,9,14,1115,1,2,1,1.0,1.0,90099,M,,,90
201100044481,11,9,12,625,2,2,1,1.0,6.0,90008,M,,,90
201100044482,11,9,13,1940,2,2,1,1.0,6.0,90010,M,,,90
201100044483,11,9,14,1834,1,2,6,1.0,3.0,90010,M,,,90
201100044484,11,9,15,1330,1,2,1,1.0,6.0,90010,M,,,90
201100044485,11,9,16,1725,1,2,9,1.0,3.0,90010,M,,,90
201100044486,11,9,16,2215,5,2,2,1.0,3.0,90010,M,,,90
201100044487,11,9,20,745,1,2,3,1.0,2.0,90010,M,,,90
201100044488,11,9,21,2216,3,2,1,1.0,7.0,90010,M,,,90
201100044489,11,9,23,2158,5,2,1,1.0,7.0,90010,M,,,90
201100044490,11,10,4,1605,1,2,1,1.0,6.0,90010,M,,,90
201100044491,11,10,5,1355,1,2,1,1.0,6.0,90099,M,,,90
201100044492,11,10,5,1523,1,2,3,1.0,3.0,90010,M,,,90
201100044493,11,10,8,1300,1,2,1,2.0,6.0,90010,M,,,90
201100044494,11,10,9,1812,1,2,3,2.0,1.0,90010,M,,,90
201100044495,11,10,11,915,1,2,3,1.0,3.0,90010,M,,,90
201100044496,11,10,16,2000,5,2,1,1.0,6.0,90099,M,,,90
201100044497,11,10,24,2030,5,2,2,3.0,3.0,90099,M,,,90
201100044498,11,10,28,1455,1,2,1,1.0,4.0,90010,M,,,90
201100044499,11,10,29,1810,2,2,1,1.0,7.0,90010,M,,,90
201100044500,11,10,30,320,5,2,2,1.0,3.0,90010,M,,,90
201100044501,11,11,2,1135,1,2,3,1.0,2.0,90010,M,,,90
201100044502,11,11,2,1410,1,2,1,1.0,3.0,90010,M,,,90
201100044503,11,11,3,1109,1,2,3,2.0,2.0,90010,M,,,90
201100044504,11,11,6,1115,1,2,1,1.0,6.0,90010,M,,,90
201100044505,11,11,7,1130,1,2,3,2.0,3.0,90010,M,,,90
201100044506,11,11,7,1800,1,2,2,1.0,6.0,90010,M,,,90
201100044507,11,11,8,908,1,2,1,1.0,2.0,90032,M,,,90
201100044508,11,11,8,1400,1,2,1,1.0,3.0,90010,M,,,90
201100044509,11,11,8,1730,3,1,1,1.0,7.0,90076,M,,,90
201100044510,11,11,10,920,1,2,1,5.0,4.0,90010,M,,,90
201100044511,11,11,13,1755,2,2,1,1.0,3.0,90010,M,,,90
201100044512,11,11,17,1622,1,2,1,1.0,2.0,90010,M,,,90
201100044513,11,11,18,235,5,1,3,1.0,3.0,90010,M,,,90
201100044514,11,11,22,1700,1,2,1,1.0,6.0,90008,M,,,90
201100044515,11,11,28,2010,3,2,1,1.0,7.0,90032,M,,,90
201100044516,11,11,29,1723,5,2,1,1.0,6.0,90010,M,,,90
201100044517,11,11,30,1743,5,2,1,1.0,2.0,90010,M,,,90
201100044518,11,12,2,1400,1,2,1,2.0,2.0,90010,M,,,90
201100044519,11,12,3,1849,5,2,1,3.0,6.0,90099,M,,,90
201100044520,11,12,5,830,1,2,1,2.0,3.0,90010,M,,,90
201100044521,11,12,6,1754,5,2,3,3.0,6.0,90010,M,,,90
201100044522,11,12,6,1844,5,2,2,3.0,6.0,90099,M,,,90
201100044523,11,12,7,753,2,2,1,3.0,7.0,90010,M,,,90
201100044524,11,12,7,2005,5,2,1,2.0,3.0,90075,M,,,90
201100044525,11,12,9,1218,1,2,1,2.0,4.0,90010,M,,,90
201100044526,11,12,10,9,5,2,3,2.0,6.0,90010,M,,,90
201100044527,11,12,11,1300,1,2,2,2.0,3.0,90010,M,,,90
201100044528,11,12,12,1455,1,1,1,8.0,1.0,90076,M,,,90
201100044529,11,12,13,1401,1,2,3,2.0,3.0,90010,M,,,90
201100044530,11,12,17,1738,5,2,1,2.0,7.0,90075,M,,,90
201100044531,11,12,17,1201,1,2,1,1.0,3.0,90008,M,,,90
201100044532,11,12,18,1445,1,2,6,2.0,3.0,90008,M,,,90
201100044533,11,12,19,1045,1,2,1,8.0,6.0,90010,M,,,90
201100044534,11,12,20,2320,5,2,1,4.0,6.0,90010,M,,,90
201100044535,11,12,21,1449,1,2,1,2.0,3.0,90010,M,,,90
201100044536,11,12,24,1805,5,2,1,1.0,7.0,90010,M,,,90
201100044537,11,12,28,1840,5,2,1,1.0,2.0,90010,M,,,90
201100044538,11,12,29,1305,1,2,1,2.0,6.0,90099,M,,,90
201100044539,11,12,30,1115,1,2,1,2.0,1.0,90032,M,,,90
201100044540,11,12,30,1437,1,2,1,1.0,2.0,90039,M,,,90
201100044541,11,1,1,900,1,2,1,5.0,6.0,91425,M,,,91
201100044542,11,1,5,800,1,2,1,1.0,2.0,91347,M,,,91
201100044543,11,1,6,1025,1,2,1,2.0,2.0,91425,M,,,91
201100044544,11,1,7,1130,1,2,1,1.0,3.0,91103,M,,,91
201100044545,11,1,7,1510,1,1,1,1.0,2.0,91103,M,,,91
201100044546,11,1,7,2230,3,1,1,1.0,2.0,91103,M,,,91
201100044547,11,1,8,2310,5,2,1,2.0,1.0,91339,M,,,91
201100044548,11,1,11,1300,1,1,1,1.0,2.0,91425,M,,,91
201100044549,11,1,14,1710,1,2,1,1.0,5.0,91339,M,,,91
201100044550,11,1,15,1500,1,2,1,1.0,2.0,91339,M,,,91
201100044551,11,1,15,1530,1,2,1,1.0,6.0,91103,M,,,91
201100044552,11,1,16,2040,5,2,1,1.0,6.0,91425,M,,,91
201100044553,11,1,21,1215,1,2,1,1.0,6.0,91021,M,,,91
201100044554,11,1,26,1545,1,1,1,1.0,2.0,91552,M,,,91
201100044555,11,2,1,830,1,2,1,1.0,3.0,91347,M,,,91
201100044556,11,2,10,1700,1,2,1,1.0,6.0,91103,M,,,91
201100044557,11,2,18,1230,1,2,1,1.0,2.0,91425,M,,,91
201100044558,11,2,19,2020,5,2,1,2.0,6.0,91021,M,,,91
201100044559,11,3,3,1800,1,2,1,1.0,4.0,91103,M,,,91
201100044560,11,3,12,815,1,2,2,1.0,2.0,91347,M,,,91
201100044561,11,3,12,1550,1,1,1,2.0,2.0,91425,M,,,91
201100044562,11,3,14,1845,2,2,1,1.0,3.0,91347,M,,,91
201100044563,11,3,17,1240,1,2,1,1.0,3.0,91103,M,,,91
201100044564,11,3,21,1230,1,1,1,1.0,4.0,91339,M,,,91
201100044565,11,3,21,1710,1,2,1,1.0,2.0,91425,M,,,91
201100044566,11,3,23,1350,1,1,1,1.0,4.0,91425,M,,,91
201100044567,11,3,24,2010,5,2,1,1.0,3.0,91552,M,,,91
201100044568,11,3,25,815,1,2,1,1.0,3.0,91103,M,,,91
201100044569,11,3,25,1710,1,2,1,1.0,2.0,91103,M,,,91
201100044570,11,3,31,1745,1,2,1,1.0,3.0,91103,M,,,91
201100044571,11,4,2,1850,1,2,1,1.0,2.0,91021,M,,,91
201100044572,11,4,3,2305,5,2,2,1.0,3.0,91103,M,,,91
201100044573,11,4,4,810,1,2,1,1.0,3.0,91552,M,,,91
201100044574,11,4,7,100,5,2,1,1.0,6.0,91021,M,,,91
201100044575,11,4,7,1111,1,1,1,1.0,3.0,91339,M,,,91
201100044576,11,4,9,630,3,1,1,1.0,6.0,91552,M,,,91
201100044577,11,4,9,1450,1,1,1,1.0,5.0,91425,M,,,91
201100044578,11,4,9,2200,1,2,1,1.0,2.0,91103,M,,,91
201100044579,11,4,12,2320,5,2,2,1.0,2.0,91103,M,,,91
201100044580,11,4,14,45,5,2,1,1.0,3.0,91339,M,,,91
201100044581,11,4,16,1620,1,2,6,1.0,3.0,91021,M,,,91
201100044582,11,4,17,920,1,2,2,1.0,6.0,91021,M,,,91
201100044583,11,4,22,1550,1,2,1,1.0,3.0,91103,M,,,91
201100044584,11,4,23,1935,3,2,1,1.0,6.0,91103,M,,,91
201100044585,11,4,24,2200,3,2,1,1.0,3.0,91425,M,,,91
201100044586,11,4,30,1535,1,2,1,1.0,2.0,91457,M,,,91
201100044587,11,5,12,1715,1,2,1,1.0,2.0,91103,M,,,91
201100044588,11,5,23,1320,1,2,1,1.0,1.0,91021,M,,,91
201100044589,11,5,24,1815,1,2,1,1.0,1.0,91425,M,,,91
201100044590,11,5,27,900,1,1,1,1.0,2.0,91425,M,,,91
201100044591,11,5,27,1830,1,1,1,1.0,2.0,91339,M,,,91
201100044592,11,6,1,1725,1,2,1,1.0,6.0,91021,M,,,91
201100044593,11,6,5,950,1,2,1,1.0,6.0,91021,M,,,91
201100044594,11,6,5,2230,5,1,1,2.0,2.0,91339,M,,,91
201100044595,11,6,7,1435,1,2,1,3.0,4.0,91425,M,,,91
201100044596,11,6,11,1340,1,2,1,1.0,6.0,91425,M,,,91
201100044597,11,6,13,1440,1,2,1,1.0,2.0,91339,M,,,91
201100044598,11,6,14,1210,1,2,1,1.0,2.0,91425,M,,,91
201100044599,11,6,15,1940,1,2,1,1.0,2.0,91425,M,,,91
201100044600,11,6,17,820,1,2,1,1.0,1.0,91103,M,,,91
201100044601,11,6,18,1410,1,1,1,2.0,2.0,91339,M,,,91
201100044602,11,6,20,1710,1,1,1,2.0,2.0,91552,M,,,91
201100044603,11,6,25,1035,1,2,2,1.0,1.0,91425,M,,,91
201100044604,11,7,8,1525,1,2,1,1.0,6.0,91347,M,,,91
201100044605,11,7,11,1345,1,2,1,1.0,3.0,91103,M,,,91
201100044606,11,7,12,1430,1,1,1,1.0,6.0,91425,M,,,91
201100044607,11,7,13,2040,1,2,1,1.0,1.0,91103,M,,,91
201100044608,11,7,19,1515,1,1,1,3.0,2.0,91339,M,,,91
201100044609,11,7,31,1305,1,2,1,1.0,6.0,91021,M,,,91
201100044610,11,8,5,1115,1,2,1,1.0,4.0,91021,M,,,91
201100044611,11,8,9,2015,1,2,1,1.0,4.0,91425,M,,,91
201100044612,11,8,10,1945,1,2,1,1.0,6.0,91425,M,,,91
201100044613,11,9,5,1405,1,2,1,1.0,2.0,91103,M,,,91
201100044614,11,9,6,820,1,2,1,1.0,2.0,91425,M,,,91
201100044615,11,9,15,1730,1,2,1,1.0,2.0,91339,M,,,91
201100044616,11,9,16,1030,1,2,1,1.0,3.0,91103,M,,,91
201100044617,11,9,16,1030,1,2,1,1.0,2.0,91347,M,,,91
201100044618,11,9,18,1940,1,2,1,2.0,1.0,91103,M,,,91
201100044619,11,9,20,2240,5,2,2,1.0,3.0,91103,M,,,91
201100044620,11,9,24,1315,1,2,1,1.0,5.0,91021,M,,,91
201100044621,11,9,26,1330,1,2,1,1.0,6.0,91021,M,,,91
201100044622,11,9,27,2030,2,1,1,1.0,2.0,91339,M,,,91
201100044623,11,10,5,1720,1,2,1,1.0,3.0,91103,M,,,91
201100044624,11,10,7,1235,1,2,1,1.0,6.0,91021,M,,,91
201100044625,11,10,7,2210,5,1,1,1.0,2.0,91021,M,,,91
201100044626,11,10,8,1000,1,1,1,1.0,2.0,91339,M,,,91
201100044627,11,10,10,800,1,2,1,1.0,6.0,91021,M,,,91
201100044628,11,10,12,1440,1,2,1,1.0,2.0,91552,M,,,91
201100044629,11,10,14,1110,1,2,1,1.0,6.0,91339,M,,,91
201100044630,11,10,14,2030,5,1,1,1.0,3.0,91339,M,,,91
201100044631,11,10,15,810,1,1,3,1.0,3.0,91425,M,,,91
201100044632,11,10,17,1805,1,2,3,1.0,3.0,91552,M,,,91
201100044633,11,10,24,855,1,2,1,1.0,3.0,91103,M,,,91
201100044634,11,10,25,810,1,1,1,2.0,4.0,91552,M,,,91
201100044635,11,10,26,800,1,1,1,1.0,5.0,91339,M,,,91
201100044636,11,10,29,1700,1,1,1,1.0,2.0,91457,M,,,91
201100044637,11,10,31,2000,5,1,1,1.0,5.0,91347,M,,,91
201100044638,11,11,1,645,5,2,1,1.0,3.0,91552,M,,,91
201100044639,11,11,3,1920,5,2,1,3.0,3.0,91103,M,,,91
201100044640,11,11,4,930,1,2,1,1.0,4.0,91425,M,,,91
201100044641,11,11,17,645,3,1,1,2.0,4.0,91552,M,,,91
201100044642,11,11,22,845,2,1,1,1.0,3.0,91339,M,,,91
201100044643,11,12,2,1055,1,2,1,1.0,2.0,91552,M,,,91
201100044644,11,12,9,1230,1,1,1,2.0,4.0,91347,M,,,91
201100044645,11,12,14,1235,1,2,1,1.0,1.0,91103,M,,,91
201100044646,11,12,17,1800,5,1,1,2.0,6.0,91103,M,,,91
201100044647,11,12,22,1450,1,2,1,1.0,1.0,91347,M,,,91
201100044648,11,12,22,2000,5,2,1,1.0,2.0,91347,M,,,91
201100044649,11,12,28,2200,5,2,1,1.0,6.0,91021,M,,,91
201100044650,11,12,30,1340,1,2,1,2.0,3.0,91021,M,,,91
201100044651,11,1,15,1715,2,2,2,1.0,3.0,91479,M,,,91
201100044652,11,4,12,1750,1,2,2,1.0,3.0,91027,M,,,91
201100044653,11,5,25,1425,1,2,1,1.0,6.0,91027,M,,,91
201100044654,11,9,9,705,3,2,3,1.0,3.0,91027,M,,,91
201100044655,11,11,7,1725,5,2,6,1.0,1.0,91479,M,,,91
201100044656,11,9,22,1410,1,2,1,1.0,3.0,91027,M,,,91
201100044657,11,12,10,2000,5,1,1,1.0,2.0,91479,M,,,91
201100044658,11,12,23,840,1,1,1,1.0,6.0,91027,M,,,91
201100044659,11,2,2,720,5,2,3,9.0,6.0,91479,M,,,91
201100044660,11,3,12,2200,5,2,1,1.0,2.0,91027,M,,,91
201100044661,11,3,16,2035,5,2,1,1.0,3.0,91027,M,,,91
201100044662,11,1,11,810,2,2,1,3.0,6.0,91097,M,,,91
201100044663,11,1,14,2330,5,2,2,1.0,1.0,91114,M,,,91
201100044664,11,1,18,1630,1,2,1,1.0,6.0,91114,M,,,91
201100044665,11,1,21,1905,5,2,1,1.0,2.0,91114,M,,,91
201100044666,11,1,26,1135,1,2,1,2.0,5.0,91114,M,,,91
201100044667,11,2,1,2245,3,1,1,9.0,2.0,91514,M,,,91
201100044668,11,2,5,1545,1,2,1,1.0,7.0,91114,M,,,91
201100044669,11,2,9,2020,5,2,2,1.0,1.0,91114,M,,,91
201100044670,11,2,25,1445,1,2,3,1.0,3.0,91514,M,,,91
201100044671,11,2,25,1635,1,2,1,1.0,3.0,91514,M,,,91
201100044672,11,3,2,1715,1,2,4,1.0,5.0,91114,M,,,91
201100044673,11,3,5,1235,1,2,1,1.0,6.0,91097,M,,,91
201100044674,11,3,8,815,1,2,1,1.0,6.0,91215,M,,,91
201100044675,11,3,11,1520,1,2,1,1.0,6.0,91114,M,,,91
201100044676,11,3,11,1830,2,2,1,1.0,6.0,91114,M,,,91
201100044677,11,3,19,1625,1,2,1,1.0,6.0,91114,M,,,91
201100044678,11,3,22,1625,1,2,1,1.0,2.0,91114,M,,,91
201100044679,11,3,23,1240,1,2,1,1.0,2.0,91114,M,,,91
201100044680,11,3,26,1750,1,2,1,1.0,2.0,91114,M,,,91
201100044681,11,3,28,1955,2,2,2,1.0,6.0,91114,M,,,91
201100044682,11,4,4,1915,2,2,2,1.0,3.0,91097,M,,,91
201100044683,11,4,7,810,1,2,2,1.0,3.0,91114,M,,,91
201100044684,11,4,12,1640,1,2,1,1.0,2.0,91097,M,,,91
201100044685,11,4,18,1810,1,2,1,1.0,3.0,91114,M,,,91
201100044686,11,5,5,1705,1,2,9,1.0,4.0,91114,M,,,91
201100044687,11,5,5,1910,1,2,9,1.0,6.0,91114,M,,,91
201100044688,11,5,11,1030,1,2,1,1.0,3.0,91514,M,,,91
201100044689,11,5,29,1740,1,2,1,1.0,6.0,91215,M,,,91
201100044690,11,6,10,1900,1,2,1,1.0,6.0,91114,M,,,91
201100044691,11,6,11,1120,1,2,1,1.0,6.0,91097,M,,,91
201100044692,11,6,29,1640,1,2,1,1.0,2.0,91097,M,,,91
201100044693,11,6,30,1905,1,2,1,1.0,2.0,91114,M,,,91
201100044694,11,7,4,1725,1,1,1,1.0,4.0,91114,M,,,91
201100044695,11,7,7,1715,1,2,1,1.0,4.0,91097,M,,,91
201100044696,11,7,7,1905,1,1,1,1.0,4.0,91114,M,,,91
201100044697,11,7,15,2020,1,2,1,1.0,3.0,91114,M,,,91
201100044698,11,7,28,2120,1,2,1,1.0,2.0,91114,M,,,91
201100044699,11,7,18,1330,1,2,1,1.0,2.0,91097,M,,,91
201100044700,11,7,18,1520,1,2,1,1.0,2.0,91114,M,,,91
201100044701,11,7,24,2010,1,2,1,1.0,2.0,91114,M,,,91
201100044702,11,8,3,1705,1,2,1,8.0,2.0,91114,M,,,91
201100044703,11,8,12,1600,1,2,1,1.0,2.0,91114,M,,,91
201100044704,11,9,15,655,2,2,1,1.0,6.0,91114,M,,,91
201100044705,11,9,26,1250,1,2,1,1.0,2.0,91215,M,,,91
201100044706,11,9,19,1125,1,2,6,1.0,3.0,91114,M,,,91
201100044707,11,9,20,830,1,2,1,1.0,3.0,91514,M,,,91
201100044708,11,9,30,1400,1,2,1,1.0,4.0,91114,M,,,91
201100044709,11,10,13,1715,1,2,1,1.0,6.0,91114,M,,,91
201100044710,11,10,15,50,5,2,3,1.0,4.0,91114,M,,,91
201100044711,11,10,20,830,1,2,6,1.0,3.0,91114,M,,,91
201100044712,11,10,22,1150,1,2,1,1.0,1.0,91215,M,,,91
201100044713,11,10,23,730,1,2,1,1.0,2.0,91114,M,,,91
201100044714,11,10,31,1050,1,2,1,1.0,3.0,91114,M,,,91
201100044715,11,11,4,855,1,2,1,1.0,2.0,91114,M,,,91
201100044716,11,11,10,1150,1,2,1,1.0,2.0,91215,M,,,91
201100044717,11,11,24,705,2,2,1,1.0,4.0,91097,M,,,91
201100044718,11,12,1,1735,2,2,1,2.0,2.0,91514,M,,,91
201100044719,11,12,8,1130,1,2,9,1.0,3.0,91114,M,,,91
201100044720,11,12,16,1400,1,2,1,1.0,2.0,91114,M,,,91
201100044721,11,12,17,1200,1,2,1,2.0,2.0,91114,M,,,91
201100044722,11,12,19,1440,1,2,1,2.0,2.0,91097,M,,,91
201100044723,11,12,21,1810,5,2,1,2.0,6.0,91114,M,,,91
201100044724,11,12,27,1650,1,2,1,1.0,2.0,91514,M,,,91
201100044725,11,12,28,1815,5,2,1,1.0,2.0,91114,M,,,91
201100044726,11,12,26,2300,3,2,1,1.0,1.0,91215,M,,,91
201100044727,11,1,4,1000,1,2,1,1.0,3.0,91174,M,,,91
201100044728,11,9,21,1040,1,2,1,1.0,3.0,91174,M,,,91
201100044729,11,1,6,1050,1,2,1,2.0,4.0,91174,M,,,91
201100044730,11,9,28,1530,1,2,9,1.0,3.0,91174,M,,,91
201100044731,11,1,4,1600,1,2,1,8.0,6.0,91174,M,,,91
201100044732,11,2,3,1110,1,2,1,1.0,3.0,91174,M,,,91
201100044733,11,2,13,608,5,2,1,9.0,6.0,91174,M,,,91
201100044734,11,9,7,1045,1,2,1,1.0,2.0,91174,M,,,91
201100044735,11,2,26,1758,1,2,1,1.0,6.0,91174,M,,,91
201100044736,11,2,5,1419,1,2,1,1.0,6.0,91174,M,,,91
201100044737,11,3,16,1045,1,2,1,1.0,6.0,91174,M,,,91
201100044738,11,1,8,1235,1,2,1,9.0,6.0,91174,M,,,91
201100044739,11,2,28,1730,1,2,1,1.0,1.0,91174,M,,,91
201100044740,11,12,25,435,5,2,2,1.0,3.0,91174,M,,,91
201100044741,11,4,4,1130,1,2,3,1.0,6.0,91174,M,,,91
201100044742,11,4,25,1740,1,2,1,1.0,6.0,91174,M,,,91
201100044743,11,5,24,1640,1,2,3,1.0,3.0,91174,M,,,91
201100044744,11,5,21,1400,1,2,1,1.0,6.0,91174,M,,,91
201100044745,11,11,7,1825,4,2,1,2.0,4.0,91174,M,,,91
201100044746,11,5,21,1815,1,2,1,1.0,3.0,91174,M,,,91
201100044747,11,5,19,1800,1,2,3,1.0,3.0,91174,M,,,91
201100044748,11,5,28,2315,5,2,2,1.0,3.0,91174,M,,,91
201100044749,11,6,15,1345,1,2,9,1.0,3.0,91174,M,,,91
201100044750,11,6,29,1855,1,2,1,1.0,6.0,91174,M,,,91
201100044751,11,7,23,1225,1,2,1,1.0,6.0,91174,M,,,91
201100044752,11,6,17,2325,5,2,1,6.0,3.0,91174,M,,,91
201100044753,11,7,26,820,1,2,1,1.0,6.0,91174,M,,,91
201100044754,11,9,15,1725,1,2,1,1.0,6.0,91174,M,,,91
201100044755,11,10,14,1315,1,2,3,1.0,3.0,91174,M,,,91
201100044756,11,9,23,1345,1,2,3,1.0,3.0,91174,M,,,91
201100044757,11,9,29,835,1,2,1,1.0,6.0,91174,M,,,91
201100044758,11,9,25,1135,1,2,1,1.0,6.0,91174,M,,,91
201100044759,11,12,16,1745,5,2,1,1.0,6.0,91174,M,,,91
201100044760,11,11,21,635,5,2,6,1.0,3.0,91174,M,,,91
201100044761,11,11,25,1030,1,2,2,1.0,3.0,91657,M,,,91
201100044762,11,11,25,1725,1,2,1,1.0,3.0,91201,M,,,91
201100044763,11,1,7,849,1,2,1,8.0,5.0,91201,M,,,91
201100044764,11,12,15,800,2,2,7,1.0,6.0,91657,M,,,91
201100044765,11,1,25,1330,1,2,1,8.0,3.0,91201,M,,,91
201100044766,11,1,2,1310,1,2,2,4.0,3.0,91657,M,,,91
201100044767,11,1,31,2155,5,2,1,1.0,6.0,91657,M,,,91
201100044768,11,12,22,1310,1,2,1,1.0,3.0,91201,M,,,91