Num_Acc,an,mois,jour,hrmn,lum,agg,int,atm,col,com,gps,lat,long,dep
201100044769,11,12,25,1155,1,2,1,1.0,2.0,91201,M,,,91
201100044770,11,2,4,840,1,2,1,8.0,6.0,91657,M,,,91
201100044771,11,2,8,1735,1,2,2,8.0,3.0,91657,M,,,91
201100044772,11,2,10,1920,2,2,1,1.0,2.0,91201,M,,,91
201100044773,11,2,13,10,5,2,2,1.0,3.0,91201,M,,,91
201100044774,11,1,11,1825,5,2,1,8.0,6.0,91201,M,,,91
201100044775,11,3,3,1330,1,2,2,1.0,2.0,91657,M,,,91
201100044776,11,3,16,1050,1,2,2,9.0,3.0,91201,M,,,91
201100044777,11,3,5,1805,1,2,1,1.0,3.0,91201,M,,,91
201100044778,11,4,1,1700,1,2,1,1.0,6.0,91657,M,,,91
201100044779,11,4,8,1330,1,2,1,1.0,3.0,91657,M,,,91
201100044780,11,4,9,315,3,2,1,1.0,6.0,91657,M,,,91
201100044781,11,4,9,1815,1,2,1,1.0,6.0,91201,M,,,91
201100044782,11,4,11,1620,1,2,1,1.0,2.0,91201,M,,,91
201100044783,11,4,12,1720,1,2,1,1.0,6.0,91657,M,,,91
201100044784,11,4,18,1825,1,2,1,1.0,3.0,91657,M,,,91
201100044785,11,4,19,2205,5,2,1,1.0,6.0,91657,M,,,91
201100044786,11,4,21,2050,2,2,6,1.0,3.0,91201,M,,,91
201100044787,11,4,22,720,1,2,1,1.0,6.0,91201,M,,,91
201100044788,11,3,18,830,1,2,1,1.0,3.0,91201,M,,,91
201100044789,11,3,26,520,3,2,2,1.0,3.0,91657,M,,,91
201100044790,11,3,23,1115,1,2,9,1.0,6.0,91657,M,,,91
201100044791,11,5,8,2100,2,2,1,1.0,3.0,91657,M,,,91
201100044792,11,4,15,120,5,2,2,1.0,6.0,91657,M,,,91
201100044793,11,5,21,1330,1,2,3,1.0,2.0,91657,M,,,91
201100044794,11,5,13,1820,1,2,2,1.0,2.0,91201,M,,,91
201100044795,11,5,25,1610,1,2,3,1.0,3.0,91201,M,,,91
201100044796,11,5,25,1100,1,2,1,1.0,2.0,91657,M,,,91
201100044797,11,6,5,600,2,2,1,9.0,6.0,91201,M,,,91
201100044798,11,4,22,1340,1,2,4,1.0,3.0,91657,M,,,91
201100044799,11,4,25,55,5,2,2,1.0,1.0,91657,M,,,91
201100044800,11,6,6,1525,1,2,1,9.0,6.0,91657,M,,,91
201100044801,11,5,1,1740,1,2,1,1.0,6.0,91657,M,,,91
201100044802,11,5,3,1010,1,2,2,1.0,2.0,91657,M,,,91
201100044803,11,5,6,2240,5,2,1,1.0,3.0,91201,M,,,91
201100044804,11,5,8,135,4,2,1,1.0,2.0,91657,M,,,91
201100044805,11,5,11,1740,1,2,1,1.0,6.0,91201,M,,,91
201100044806,11,5,11,910,1,2,1,1.0,6.0,91201,M,,,91
201100044807,11,5,11,1215,1,2,1,1.0,6.0,91201,M,,,91
201100044808,11,5,16,1850,1,2,2,1.0,3.0,91201,M,,,91
201100044809,11,5,23,1725,1,2,9,1.0,3.0,91201,M,,,91
201100044810,11,5,28,1825,1,2,1,1.0,3.0,91201,M,,,91
201100044811,11,5,29,1255,1,2,3,1.0,3.0,91201,M,,,91
201100044812,11,5,29,150,5,2,1,1.0,6.0,91201,M,,,91
201100044813,11,7,7,1055,1,2,1,1.0,5.0,91201,M,,,91
201100044814,11,7,14,540,5,2,2,1.0,3.0,91201,M,,,91
201100044815,11,7,1,1845,1,2,2,1.0,3.0,91201,M,,,91
201100044816,11,7,5,1700,1,2,2,1.0,3.0,91201,M,,,91
201100044817,11,7,11,1155,1,2,1,1.0,3.0,91201,M,,,91
201100044818,11,8,19,1720,1,2,2,1.0,3.0,91657,M,,,91
201100044819,11,7,26,940,1,2,2,1.0,3.0,91657,M,,,91
201100044820,11,7,28,1615,1,2,2,1.0,3.0,91201,M,,,91
201100044821,11,8,10,1350,1,2,1,1.0,2.0,91201,M,,,91
201100044822,11,8,23,1305,1,2,1,1.0,7.0,91657,M,,,91
201100044823,11,8,30,1520,1,2,3,1.0,3.0,91657,M,,,91
201100044824,11,8,31,1910,1,2,3,1.0,3.0,91657,M,,,91
201100044825,11,9,10,1610,1,2,1,1.0,4.0,91201,M,,,91
201100044826,11,9,12,1840,1,2,1,1.0,6.0,91201,M,,,91
201100044827,11,9,18,1655,1,2,1,2.0,2.0,91201,M,,,91
201100044828,11,9,28,1800,1,2,2,1.0,3.0,91657,M,,,91
201100044829,11,9,24,1815,1,2,2,1.0,3.0,91657,M,,,91
201100044830,11,9,27,1442,1,2,1,1.0,2.0,91657,M,,,91
201100044831,11,10,4,1705,1,2,1,1.0,2.0,91657,M,,,91
201100044832,11,10,11,830,2,2,2,1.0,3.0,91657,M,,,91
201100044833,11,10,19,2155,5,2,1,1.0,6.0,91201,M,,,91
201100044834,11,10,15,1040,1,2,1,1.0,2.0,91657,M,,,91
201100044835,11,9,23,825,1,2,1,1.0,3.0,91201,M,,,91
201100044836,11,10,10,1115,1,2,2,1.0,6.0,91201,M,,,91
201100044837,11,10,14,1600,1,2,1,1.0,6.0,91657,M,,,91
201100044838,11,10,11,2225,3,2,3,1.0,2.0,91657,M,,,91
201100044839,11,10,2,700,3,2,1,1.0,6.0,91657,M,,,91
201100044840,11,11,4,640,5,2,9,1.0,1.0,91201,M,,,91
201100044841,11,10,23,1200,1,2,1,1.0,6.0,91201,M,,,91
201100044842,11,10,25,1025,1,2,1,7.0,6.0,91201,M,,,91
201100044843,11,11,7,1725,2,2,2,2.0,3.0,91657,M,,,91
201100044844,11,10,28,2255,5,2,2,1.0,3.0,91657,M,,,91
201100044845,11,10,28,1400,1,2,1,1.0,6.0,91657,M,,,91
201100044846,11,11,18,1225,1,2,1,1.0,2.0,91201,M,,,91
201100044847,11,1,4,1330,1,1,1,1.0,3.0,91223,M,,,91
201100044848,11,1,4,1730,1,2,1,1.0,6.0,91223,M,,,91
201100044849,11,1,11,730,5,1,1,2.0,6.0,91223,M,,,91
201100044850,11,1,13,1615,1,2,4,1.0,2.0,91223,M,,,91
201100044851,11,1,16,1450,1,2,3,1.0,3.0,91223,M,,,91
201100044852,11,1,19,1015,1,2,1,1.0,2.0,91223,M,,,91
201100044853,11,1,21,900,1,1,1,9.0,7.0,91433,M,,,91
201100044854,11,2,2,650,3,2,1,1.0,7.0,91223,M,,,91
201100044855,11,2,5,1730,2,2,3,1.0,3.0,91223,M,,,91
201100044856,11,2,7,1255,1,1,1,1.0,7.0,91433,M,,,91
201100044857,11,2,8,915,1,2,1,1.0,6.0,91223,M,,,91
201100044858,11,2,11,1945,5,1,1,1.0,4.0,91223,M,,,91
201100044859,11,2,17,835,1,2,1,1.0,2.0,91223,M,,,91
201100044860,11,2,23,600,5,2,1,1.0,6.0,91223,M,,,91
201100044861,11,3,3,2037,5,2,1,1.0,3.0,91223,M,,,91
201100044862,11,3,2,240,3,1,1,1.0,7.0,91469,M,,,91
201100044863,11,3,5,1800,5,2,1,1.0,7.0,91223,M,,,91
201100044864,11,3,7,1005,1,2,7,2.0,6.0,91223,M,,,91
201100044865,11,3,8,1720,1,2,3,1.0,6.0,91223,M,,,91
201100044866,11,3,17,905,1,2,1,1.0,6.0,91223,M,,,91
201100044867,11,3,26,1715,1,2,1,1.0,6.0,91223,M,,,91
201100044868,11,4,1,855,1,1,1,1.0,2.0,91223,M,,,91
201100044869,11,4,3,930,1,2,1,1.0,1.0,91223,M,,,91
201100044870,11,4,6,2000,1,2,1,1.0,6.0,91223,M,,,91
201100044871,11,4,19,1900,1,2,1,1.0,3.0,91223,M,,,91
201100044872,11,4,25,620,1,1,1,1.0,1.0,91223,M,,,91
201100044873,11,5,1,1215,1,2,1,1.0,2.0,91223,M,,,91
201100044874,11,5,1,1830,1,2,1,1.0,4.0,91223,M,,,91
201100044875,11,5,11,1030,1,2,1,1.0,3.0,91223,M,,,91
201100044876,11,5,14,1920,1,2,1,1.0,7.0,91223,M,,,91
201100044877,11,5,21,1915,1,2,1,1.0,2.0,91223,M,,,91
201100044878,11,5,28,715,1,2,1,1.0,7.0,91223,M,,,91
201100044879,11,5,28,1820,1,2,3,1.0,3.0,91223,M,,,91
201100044880,11,6,7,1735,1,2,1,2.0,4.0,91223,M,,,91
201100044881,11,6,10,1700,1,2,1,2.0,2.0,91223,M,,,91
201100044882,11,6,19,750,1,1,1,1.0,7.0,91223,M,,,91
201100044883,11,6,24,1035,1,2,1,1.0,4.0,91223,M,,,91
201100044884,11,6,28,550,2,2,1,3.0,6.0,91223,M,,,91
201100044885,11,6,28,1450,1,1,1,3.0,7.0,91223,M,,,91
201100044886,11,6,30,827,1,2,1,1.0,6.0,91223,M,,,91
201100044887,11,7,2,2135,3,1,1,1.0,7.0,91223,M,,,91
201100044888,11,7,5,950,1,1,1,1.0,7.0,91223,M,,,91
201100044889,11,7,5,1645,1,2,3,1.0,3.0,91433,M,,,91
201100044890,11,7,10,1500,1,2,1,1.0,6.0,91223,M,,,91
201100044891,11,7,11,1040,1,2,1,1.0,7.0,91223,M,,,91
201100044892,11,7,16,1925,1,2,3,1.0,3.0,91223,M,,,91
201100044893,11,7,17,1000,1,1,1,2.0,2.0,91433,M,,,91
201100044894,11,7,17,1720,1,2,1,2.0,7.0,91223,M,,,91
201100044895,11,7,19,1230,1,2,3,2.0,2.0,91223,M,,,91
201100044896,11,7,19,1530,1,1,3,1.0,1.0,91433,M,,,91
201100044897,11,7,21,710,1,1,1,2.0,7.0,91223,M,,,91
201100044898,11,7,21,915,1,1,1,2.0,1.0,91433,M,,,91
201100044899,11,7,23,2130,2,1,1,1.0,6.0,91433,M,,,91
201100044900,11,7,24,1600,1,2,1,1.0,1.0,91223,M,,,91
201100044901,11,7,25,825,1,2,2,1.0,7.0,91223,M,,,91
201100044902,11,8,1,1940,1,1,1,1.0,7.0,91223,M,,,91
201100044903,11,8,9,1410,1,1,1,1.0,7.0,91223,M,,,91
201100044904,11,8,12,1240,1,1,1,1.0,5.0,91223,M,,,91
201100044905,11,8,26,305,3,1,1,1.0,6.0,91223,M,,,91
201100044906,11,8,31,1810,1,2,1,1.0,3.0,91223,M,,,91
201100044907,11,9,2,900,1,2,6,1.0,7.0,91223,M,,,91
201100044908,11,9,4,645,5,2,1,1.0,7.0,91223,M,,,91
201100044909,11,9,12,1655,1,2,3,1.0,4.0,91223,M,,,91
201100044910,11,9,19,730,2,1,1,1.0,7.0,91223,M,,,91
201100044911,11,9,20,2115,3,1,1,1.0,5.0,91433,M,,,91
201100044912,11,9,24,805,2,1,1,1.0,7.0,91223,M,,,91
201100044913,11,9,24,1520,1,2,3,1.0,3.0,91223,M,,,91
201100044914,11,9,27,925,1,2,1,1.0,2.0,91223,M,,,91
201100044915,11,9,27,1830,1,2,1,1.0,2.0,91223,M,,,91
201100044916,11,10,1,1245,1,2,1,1.0,7.0,91223,M,,,91
201100044917,11,10,2,305,3,1,1,1.0,6.0,91223,M,,,91
201100044918,11,10,2,2335,5,2,1,1.0,6.0,91223,M,,,91
201100044919,11,9,26,1140,1,2,1,1.0,7.0,91223,M,,,91
201100044920,11,10,5,1950,5,2,1,1.0,6.0,91223,M,,,91
201100044921,11,10,7,835,1,2,1,3.0,6.0,91223,M,,,91
201100044922,11,10,7,1955,5,2,1,3.0,1.0,91223,M,,,91
201100044923,11,10,9,1120,1,2,1,2.0,2.0,91223,M,,,91
201100044924,11,10,10,1430,1,2,1,1.0,7.0,91223,M,,,91
201100044925,11,10,21,820,1,1,3,1.0,2.0,91469,M,,,91
201100044926,11,10,23,1615,1,1,6,1.0,7.0,91223,M,,,91
201100044927,11,10,25,1020,1,2,1,1.0,1.0,91223,M,,,91
201100044928,11,10,31,615,5,2,6,1.0,7.0,91223,M,,,91
201100044929,11,11,4,1745,5,2,3,1.0,1.0,91223,M,,,91
201100044930,11,11,14,1845,2,1,1,1.0,2.0,91223,M,,,91
201100044931,11,11,15,1355,1,1,1,1.0,1.0,91223,M,,,91
201100044932,11,11,16,2245,5,2,1,1.0,6.0,91223,M,,,91
201100044933,11,11,18,1315,1,2,4,1.0,6.0,91223,M,,,91
201100044934,11,11,18,1905,1,2,1,1.0,7.0,91223,M,,,91
201100044935,11,11,18,2055,3,1,1,1.0,3.0,91469,M,,,91
201100044936,11,11,11,540,2,1,1,1.0,7.0,91433,M,,,91
201100044937,11,11,27,1315,1,1,6,5.0,7.0,91433,M,,,91
201100044938,11,11,28,850,1,2,1,1.0,6.0,91223,M,,,91
201100044939,11,11,28,1925,3,1,1,1.0,7.0,91223,M,,,91
201100044940,11,12,2,1530,1,1,1,1.0,6.0,91223,M,,,91
201100044941,11,12,7,625,3,1,1,2.0,6.0,91223,M,,,91
201100044942,11,12,9,1630,1,2,1,1.0,6.0,91223,M,,,91
201100044943,11,12,11,1525,1,2,1,1.0,6.0,91223,M,,,91
201100044944,11,12,16,2000,3,2,1,1.0,1.0,91433,M,,,91
201100044945,11,12,17,1938,3,1,1,1.0,1.0,91109,M,,,91
201100044946,11,12,19,552,3,1,1,1.0,7.0,91433,M,,,91
201100044947,11,12,22,1030,1,1,1,1.0,7.0,91433,M,,,91
201100044948,11,12,29,1510,1,2,3,1.0,3.0,91223,M,,,91
201100044949,11,12,30,1830,3,1,1,1.0,7.0,91223,M,,,91
201100044950,11,12,31,1050,1,2,1,1.0,7.0,91223,M,,,91
201100044951,11,1,8,2130,5,2,1,3.0,3.0,91228,M,,,91
201100044952,11,1,10,745,2,2,3,1.0,6.0,91521,M,,,91
201100044953,11,1,22,1905,3,2,1,2.0,6.0,91228,M,,,91
201100044954,11,1,31,900,1,2,6,1.0,3.0,91182,M,,,91
201100044955,11,2,1,1155,1,2,1,1.0,6.0,91228,M,,,91
201100044956,11,2,16,1628,1,2,3,1.0,1.0,91228,M,,,91
201100044957,11,2,26,2110,5,2,1,1.0,3.0,91228,M,,,91
201100044958,11,3,7,720,2,2,1,1.0,3.0,91228,M,,,91
201100044959,11,3,14,1745,1,2,1,1.0,6.0,91521,M,,,91
201100044960,11,3,15,1040,2,2,9,1.0,6.0,91521,M,,,91
201100044961,11,4,23,2220,5,2,3,1.0,3.0,91182,M,,,91
201100044962,11,5,1,40,5,2,1,1.0,3.0,91228,M,,,91
201100044963,11,5,13,1610,1,2,1,1.0,3.0,91182,M,,,91
201100044964,11,5,19,1120,1,2,1,1.0,6.0,91521,M,,,91
201100044965,11,5,28,900,1,2,6,1.0,3.0,91228,M,,,91
201100044966,11,7,2,1620,1,2,1,1.0,6.0,91228,M,,,91
201100044967,11,7,6,1245,1,2,1,1.0,6.0,91228,M,,,91
201100044968,11,7,30,725,1,2,1,1.0,1.0,91182,M,,,91
201100044969,11,8,27,225,5,2,1,2.0,6.0,91521,M,,,91
201100044970,11,9,7,755,1,2,1,1.0,2.0,91182,M,,,91
201100044971,11,8,28,256,3,1,2,1.0,6.0,91521,M,,,91
201100044972,11,8,31,44,3,2,1,1.0,6.0,91521,M,,,91
201100044973,11,8,31,1419,1,2,1,1.0,3.0,91182,M,,,91
201100044974,11,8,25,2050,1,2,1,1.0,6.0,91228,M,,,91
201100044975,11,8,25,2115,5,2,1,1.0,1.0,91182,M,,,91
201100044976,11,9,3,1005,1,2,1,1.0,3.0,91521,M,,,91
201100044977,11,9,7,755,1,2,1,1.0,6.0,91182,M,,,91
201100044978,11,9,19,1220,1,2,4,1.0,2.0,91228,M,,,91
201100044979,11,10,10,1420,1,2,1,1.0,6.0,91521,M,,,91
201100044980,11,10,14,1030,1,2,1,1.0,6.0,91182,M,,,91
201100044981,11,10,14,1815,1,1,1,1.0,2.0,91521,M,,,91
201100044982,11,11,25,1450,1,2,1,1.0,6.0,91521,M,,,91
201100044983,11,12,9,1815,5,2,1,1.0,1.0,91228,M,,,91
201100044984,11,12,18,925,2,2,1,1.0,1.0,91521,M,,,91
201100044985,11,12,18,1000,1,2,1,9.0,6.0,91521,M,,,91
201100044986,11,1,2,700,2,2,1,1.0,5.0,91286,M,,,91
201100044987,11,1,10,1730,1,2,1,1.0,6.0,91687,M,,,91
201100044988,11,1,25,1330,1,2,1,1.0,6.0,91286,M,,,91
201100044989,11,1,27,1130,1,2,1,1.0,6.0,91434,M,,,91
201100044990,11,1,22,1250,1,2,1,1.0,6.0,91687,M,,,91
201100044991,11,3,8,1715,1,2,2,1.0,3.0,91687,M,,,91
201100044992,11,3,9,2300,5,2,1,1.0,2.0,91687,M,,,91
201100044993,11,1,12,800,2,2,1,2.0,6.0,91286,M,,,91
201100044994,11,2,1,600,5,2,2,1.0,3.0,91326,M,,,91
201100044995,11,3,17,1400,1,2,3,1.0,1.0,91434,M,,,91
201100044996,11,3,18,1600,1,2,2,1.0,3.0,91687,M,,,91
201100044997,11,4,18,1715,1,2,1,1.0,6.0,91687,M,,,91
201100044998,11,3,27,37,5,2,1,1.0,7.0,91589,M,,,91
201100044999,11,3,29,740,1,2,6,1.0,5.0,91687,M,,,91
201100045000,11,4,9,1430,1,2,3,1.0,6.0,91687,M,,,91
201100045001,11,4,1,725,2,2,1,1.0,3.0,91434,M,,,91
201100045002,11,4,20,1215,1,2,1,1.0,6.0,91687,M,,,91
201100045003,11,4,30,1800,1,2,1,1.0,6.0,91286,M,,,91
201100045004,11,4,29,950,1,2,1,1.0,6.0,91286,M,,,91
201100045005,11,5,4,1550,1,2,1,1.0,6.0,91326,M,,,91
201100045006,11,5,3,1550,1,2,1,1.0,2.0,91434,M,,,91
201100045007,11,6,1,750,1,2,3,1.0,3.0,91687,M,,,91
201100045008,11,6,20,1510,1,2,1,1.0,6.0,91286,M,,,91
201100045009,11,6,27,2045,1,2,1,1.0,6.0,91286,M,,,91
201100045010,11,6,28,1155,1,2,1,1.0,6.0,91286,M,,,91
201100045011,11,7,15,1603,1,2,1,1.0,6.0,91434,M,,,91
201100045012,11,7,16,1900,1,2,1,1.0,4.0,91687,M,,,91
201100045013,11,7,24,1900,1,2,1,1.0,5.0,91286,M,,,91
201100045014,11,7,31,2210,5,2,2,1.0,6.0,91687,M,,,91
201100045015,11,8,30,2145,5,2,2,1.0,3.0,91687,M,,,91
201100045016,11,9,7,1655,1,2,1,1.0,6.0,91687,M,,,91
201100045017,11,8,18,510,5,2,3,1.0,3.0,91434,M,,,91
201100045018,11,10,4,1510,1,2,1,1.0,1.0,91326,M,,,91
201100045019,11,10,7,1500,1,2,1,1.0,3.0,91687,M,,,91
201100045020,11,10,8,300,5,2,3,1.0,3.0,91286,M,,,91
201100045021,11,10,2,1400,1,2,1,1.0,4.0,91286,M,,,91
201100045022,11,10,9,1535,1,2,1,2.0,1.0,91286,M,,,91
201100045023,11,10,21,610,2,2,1,1.0,6.0,91286,M,,,91
201100045024,11,10,18,1845,5,2,1,1.0,4.0,91687,M,,,91
201100045025,11,10,20,1720,1,2,1,1.0,6.0,91687,M,,,91
201100045026,11,9,27,1550,1,2,1,1.0,6.0,91687,M,,,91
201100045027,11,10,24,1830,1,2,1,1.0,3.0,91326,M,,,91
201100045028,11,10,25,750,2,2,1,1.0,6.0,91434,M,,,91
201100045029,11,10,16,1425,1,2,1,1.0,6.0,91326,M,,,91
201100045030,11,11,12,1740,2,2,1,1.0,6.0,91687,M,,,91
201100045031,11,11,19,510,5,2,1,1.0,6.0,91326,M,,,91
201100045032,11,11,22,2020,1,2,1,1.0,6.0,91286,M,,,91
201100045033,11,11,22,745,1,2,2,1.0,4.0,91687,M,,,91
201100045034,11,11,28,1025,1,2,2,1.0,3.0,91434,M,,,91
201100045035,11,11,30,1800,5,2,1,1.0,6.0,91687,M,,,91
201100045036,11,12,1,1845,2,2,2,1.0,3.0,91434,M,,,91
201100045037,11,12,14,2020,5,2,1,1.0,1.0,91434,M,,,91
201100045038,11,12,6,1840,3,2,1,2.0,6.0,91286,M,,,91
201100045039,11,2,5,1200,1,2,3,1.0,6.0,91345,M,,,91
201100045040,11,3,17,1635,1,2,1,1.0,3.0,91161,M,,,91
201100045041,11,4,30,1025,1,2,3,1.0,6.0,91161,M,,,91
201100045042,11,5,16,1600,1,2,1,1.0,2.0,91161,M,,,91
201100045043,11,6,14,1625,1,2,1,1.0,2.0,91345,M,,,91
201100045044,11,6,15,1145,1,2,1,1.0,4.0,91161,M,,,91
201100045045,11,7,1,955,1,2,4,1.0,6.0,91345,M,,,91
201100045046,11,8,19,815,1,2,1,1.0,2.0,91161,M,,,91
201100045047,11,8,26,440,5,2,1,3.0,3.0,91161,M,,,91
201100045048,11,8,27,2015,1,2,3,8.0,3.0,91161,M,,,91
201100045049,11,9,5,830,1,2,3,1.0,3.0,91161,M,,,91
201100045050,11,9,9,830,1,2,6,1.0,3.0,91161,M,,,91
201100045051,11,9,5,1715,1,2,2,1.0,3.0,91345,M,,,91
201100045052,11,9,20,1745,1,2,3,1.0,3.0,91161,M,,,91
201100045053,11,10,4,800,2,2,2,1.0,3.0,91345,M,,,91
201100045054,11,10,5,1305,1,2,3,1.0,3.0,91161,M,,,91
201100045055,11,10,9,900,1,2,1,2.0,1.0,91161,M,,,91
201100045056,11,10,13,835,1,2,2,1.0,6.0,91345,M,,,91
201100045057,11,10,20,900,1,2,1,1.0,6.0,91345,M,,,91
201100045058,11,10,19,420,5,1,2,2.0,6.0,91161,M,,,91
201100045059,11,11,21,735,2,2,4,1.0,6.0,91161,M,,,91
201100045060,11,11,4,1125,1,2,2,1.0,3.0,91161,M,,,91
201100045061,11,12,12,810,2,2,3,2.0,1.0,91161,M,,,91
201100045062,11,11,4,1630,1,2,3,1.0,3.0,91161,M,,,91
201100045063,11,4,1,1825,1,2,1,1.0,3.0,91377,M,,,91
201100045064,11,6,21,2304,3,2,1,2.0,7.0,91689,M,,,91
201100045065,11,1,2,1530,1,2,1,1.0,2.0,91691,M,,,91
201100045066,11,1,3,1145,1,2,1,1.0,6.0,91421,M,,,91
201100045067,11,1,17,1015,1,2,1,1.0,6.0,91421,M,,,91
201100045068,11,1,18,745,4,1,1,1.0,3.0,91421,M,,,91
201100045069,11,1,20,720,2,1,1,1.0,3.0,91421,M,,,91
201100045070,11,1,26,1255,1,1,1,1.0,2.0,91421,M,,,91
201100045071,11,1,28,1940,5,2,1,1.0,5.0,91691,M,,,91
201100045072,11,2,1,1825,5,2,3,1.0,6.0,91421,M,,,91
201100045073,11,2,3,1725,2,1,3,1.0,1.0,91691,M,,,91
201100045074,11,1,28,855,1,1,1,1.0,5.0,91421,M,,,91
201100045075,11,2,8,830,1,2,2,2.0,3.0,91691,M,,,91
201100045076,11,2,9,1055,1,2,1,1.0,3.0,91191,M,,,91
201100045077,11,2,9,930,1,2,2,1.0,5.0,91421,M,,,91
201100045078,11,2,10,655,5,2,1,2.0,6.0,91191,M,,,91
201100045079,11,3,13,405,3,1,1,8.0,2.0,91421,M,,,91
201100045080,11,3,24,855,1,2,1,1.0,2.0,91691,M,,,91
201100045081,11,3,12,1930,2,2,1,2.0,6.0,91691,M,,,91
201100045082,11,3,29,1440,1,2,1,1.0,2.0,91191,M,,,91
201100045083,11,4,18,600,5,2,1,1.0,3.0,91421,M,,,91
201100045084,11,4,20,950,1,2,2,1.0,3.0,91421,M,,,91
201100045085,11,4,22,1225,1,2,1,1.0,2.0,91191,M,,,91
201100045086,11,4,24,2345,5,2,3,1.0,2.0,91691,M,,,91
201100045087,11,5,2,805,1,2,1,1.0,2.0,91421,M,,,91
201100045088,11,5,7,1445,1,2,1,1.0,6.0,91691,M,,,91
201100045089,11,5,12,2105,2,1,1,1.0,5.0,91421,M,,,91
201100045090,11,5,15,930,1,2,6,1.0,6.0,91191,M,,,91
201100045091,11,5,25,1555,1,2,1,1.0,1.0,91191,M,,,91
201100045092,11,5,25,915,1,2,2,1.0,3.0,91691,M,,,91
201100045093,11,5,26,1205,1,1,1,1.0,2.0,91421,M,,,91
201100045094,11,5,30,1130,1,2,1,1.0,6.0,91421,M,,,91
201100045095,11,6,6,5,5,1,1,1.0,2.0,91421,M,,,91
201100045096,11,6,8,140,5,1,1,1.0,6.0,91421,M,,,91
201100045097,11,6,9,800,1,1,1,1.0,2.0,91421,M,,,91
201100045098,11,6,10,1620,1,2,1,1.0,6.0,91421,M,,,91
201100045099,11,6,11,1745,1,2,2,1.0,3.0,91691,M,,,91
201100045100,11,6,17,825,1,1,1,1.0,5.0,91421,M,,,91
201100045101,11,6,22,1055,1,1,1,1.0,2.0,91421,M,,,91
201100045102,11,6,23,915,1,2,1,1.0,2.0,91691,M,,,91
201100045103,11,6,23,1840,1,2,1,1.0,6.0,91691,M,,,91
201100045104,11,6,29,910,1,1,1,1.0,7.0,91421,M,,,91
201100045105,11,7,4,820,1,2,1,1.0,3.0,91691,M,,,91
201100045106,11,7,4,1555,1,2,1,1.0,3.0,91191,M,,,91
201100045107,11,7,6,1707,1,2,1,1.0,2.0,91421,M,,,91
201100045108,11,7,8,1930,1,2,1,1.0,6.0,91421,M,,,91
201100045109,11,7,17,730,1,1,1,2.0,7.0,91421,M,,,91
201100045110,11,7,17,1455,1,2,1,2.0,6.0,91421,M,,,91
201100045111,11,7,27,1255,1,2,2,1.0,4.0,91421,M,,,91
201100045112,11,7,27,1540,1,2,6,1.0,1.0,91691,M,,,91
201100045113,11,7,31,1745,1,2,1,1.0,3.0,91421,M,,,91
201100045114,11,8,3,1545,1,2,1,1.0,2.0,91421,M,,,91
201100045115,11,8,3,2005,1,2,1,1.0,2.0,91421,M,,,91
201100045116,11,8,9,1020,1,2,1,1.0,2.0,91691,M,,,91
201100045117,11,10,10,1335,1,2,2,1.0,3.0,91421,M,,,91
201100045118,11,10,11,730,1,2,1,1.0,3.0,91191,M,,,91
201100045119,11,10,12,900,1,1,1,1.0,5.0,91421,M,,,91
201100045120,11,10,14,2120,5,2,1,1.0,2.0,91421,M,,,91
201100045121,11,10,8,1725,1,2,1,1.0,6.0,91421,M,,,91
201100045122,11,10,9,1410,1,2,1,1.0,2.0,91691,M,,,91
201100045123,11,10,16,1010,1,1,1,1.0,7.0,91421,M,,,91
201100045124,11,10,16,1305,1,2,1,1.0,6.0,91421,M,,,91
201100045125,11,10,18,830,1,2,1,1.0,2.0,91691,M,,,91
201100045126,11,10,19,2230,5,2,1,1.0,4.0,91691,M,,,91
201100045127,11,10,30,1210,1,2,1,1.0,6.0,91421,M,,,91
201100045128,11,10,31,1715,1,1,1,1.0,2.0,91421,M,,,91
201100045129,11,10,31,1840,1,2,1,1.0,6.0,91691,M,,,91
201100045130,11,11,2,1600,1,2,1,1.0,6.0,91691,M,,,91
201100045131,11,11,3,1835,5,2,2,1.0,3.0,91421,M,,,91
201100045132,11,11,22,825,1,2,2,1.0,3.0,91691,M,,,91
201100045133,11,11,7,2355,5,2,1,2.0,6.0,91421,M,,,91
201100045134,11,11,11,1440,1,2,2,1.0,3.0,91421,M,,,91
201100045135,11,9,19,1740,1,2,1,1.0,6.0,91421,M,,,91
201100045136,11,9,27,1115,1,2,1,1.0,6.0,91691,M,,,91
201100045137,11,11,15,2140,3,1,1,1.0,6.0,91421,M,,,91
201100045138,11,11,26,1140,1,2,1,1.0,6.0,91421,M,,,91
201100045139,11,11,29,1805,2,1,1,1.0,3.0,91421,M,,,91
201100045140,11,12,2,1115,1,2,1,1.0,6.0,91421,M,,,91
201100045141,11,12,11,2100,3,1,1,3.0,5.0,91421,M,,,91
201100045142,11,12,13,840,2,2,1,3.0,6.0,91191,M,,,91
201100045143,11,12,14,940,1,2,1,1.0,6.0,91691,M,,,91
201100045144,11,12,14,1725,1,2,1,1.0,6.0,91421,M,,,91
201100045145,11,12,17,1800,2,2,2,1.0,1.0,91421,M,,,91
201100045146,11,12,18,1800,2,2,1,1.0,2.0,91191,M,,,91
201100045147,11,12,22,1710,1,1,1,1.0,6.0,91421,M,,,91
201100045148,11,1,3,1315,1,2,1,1.0,6.0,91477,M,,,91
201100045149,11,1,3,1645,1,2,1,1.0,6.0,91471,M,,,91
201100045150,11,1,4,1900,2,2,1,1.0,6.0,91064,M,,,91
201100045151,11,1,5,2010,4,1,1,3.0,2.0,91692,M,,,91
201100045152,11,1,7,1640,1,1,3,2.0,6.0,91692,M,,,91
201100045153,11,1,9,1500,1,1,1,1.0,2.0,91477,M,,,91
201100045154,11,1,10,820,3,2,1,1.0,6.0,91645,M,,,91