Num_Acc,an,mois,jour,hrmn,lum,agg,int,atm,col,com,gps,lat,long,dep
201100045846,11,3,13,1420,1,2,1,1.0,3.0,92023,M,4878710.0,225560.0,92
201100045847,11,3,14,1700,1,2,1,1.0,6.0,92023,M,4881190.0,225812.0,92
201100045848,11,3,15,55,5,2,2,1.0,3.0,92023,M,4878540.0,223780.0,92
201100045849,11,3,21,910,1,1,1,1.0,2.0,92060,M,4877450.0,223977.0,92
201100045850,11,3,22,1415,1,2,2,1.0,6.0,92023,M,4878140.0,223737.0,92
201100045851,11,3,23,1745,1,2,1,1.0,3.0,92023,M,4878710.0,223736.0,92
201100045852,11,3,24,930,1,2,2,1.0,6.0,92023,M,4880460.0,226454.0,92
201100045853,11,3,24,1845,1,2,2,1.0,1.0,92023,M,4881340.0,226706.0,92
201100045854,11,3,29,935,1,2,1,1.0,2.0,92060,M,4878110.0,225271.0,92
201100045855,11,3,29,1645,1,2,1,2.0,3.0,92023,M,4879020.0,226306.0,92
201100045856,11,3,31,954,1,2,5,2.0,6.0,92023,M,4881260.0,227294.0,92
201100045857,11,4,4,1800,1,2,3,1.0,3.0,92023,M,4879000.0,225399.0,92
201100045858,11,4,6,1445,1,2,1,1.0,6.0,92023,M,4880790.0,227086.0,92
201100045859,11,4,8,1800,1,2,1,1.0,6.0,92023,M,4880950.0,225853.0,92
201100045860,11,4,11,1015,1,2,2,1.0,3.0,92023,M,4881110.0,225826.0,92
201100045861,11,4,14,1900,1,2,1,1.0,2.0,92023,M,4878920.0,225163.0,92
201100045862,11,4,16,2035,2,2,2,1.0,3.0,92060,M,4878540.0,226982.0,92
201100045863,11,4,21,858,1,2,1,1.0,2.0,92023,M,4878940.0,226118.0,92
201100045864,11,4,23,1015,1,2,1,1.0,2.0,92023,M,4878700.0,225213.0,92
201100045865,11,4,26,805,1,2,1,1.0,3.0,92023,M,4878530.0,225110.0,92
201100045866,11,4,28,1215,1,2,1,8.0,2.0,92023,M,4881550.0,225379.0,92
201100045867,11,5,1,1135,1,2,2,1.0,6.0,92060,M,,,92
201100045868,11,5,5,815,1,2,1,1.0,2.0,92060,M,4878240.0,225039.0,92
201100045869,11,5,14,1055,1,2,3,1.0,6.0,92023,M,4879910.0,226255.0,92
201100045870,11,5,16,1140,1,2,1,1.0,3.0,92023,M,4880140.0,226757.0,92
201100045871,11,5,19,1500,1,2,1,1.0,6.0,92023,M,4878680.0,224522.0,92
201100045872,11,5,21,1010,1,2,1,1.0,3.0,92023,M,4879530.0,225239.0,92
201100045873,11,5,24,855,1,2,1,1.0,3.0,92023,M,4879150.0,226286.0,92
201100045874,11,5,26,1930,1,2,3,1.0,3.0,92023,M,4878850.0,224987.0,92
201100045875,11,5,27,1720,1,2,6,1.0,3.0,92023,M,4880340.0,225729.0,92
201100045876,11,6,7,930,1,2,1,1.0,3.0,92060,M,4878520.0,227753.0,92
201100045877,11,6,8,1330,1,2,1,1.0,3.0,92023,M,4878560.0,225201.0,92
201100045878,11,6,15,705,1,2,3,1.0,3.0,92023,M,4879000.0,225399.0,92
201100045879,11,6,17,2310,5,2,2,6.0,3.0,92060,M,4878220.0,225308.0,92
201100045880,11,6,25,1315,1,2,2,1.0,3.0,92023,M,4877920.0,222850.0,92
201100045881,11,6,28,800,1,2,2,1.0,3.0,92023,M,4881160.0,227515.0,92
201100045882,11,6,30,715,1,2,1,1.0,2.0,92023,M,4878100.0,224051.0,92
201100045883,11,7,11,45,5,2,1,1.0,7.0,92023,M,,,92
201100045884,11,7,11,905,1,2,1,1.0,3.0,92060,M,,,92
201100045885,11,7,18,1020,1,2,1,1.0,2.0,92023,M,,,92
201100045886,11,7,20,1635,1,2,2,2.0,3.0,92023,M,,,92
201100045887,11,7,22,1900,1,2,1,1.0,6.0,92023,M,,,92
201100045888,11,7,27,1855,1,2,1,1.0,2.0,92060,M,,,92
201100045889,11,7,27,2345,3,2,1,1.0,7.0,92023,M,,,92
201100045890,11,8,18,740,1,2,4,1.0,3.0,92023,M,,,92
201100045891,11,8,19,2125,5,2,3,1.0,3.0,92060,M,,,92
201100045892,11,8,27,1910,1,2,2,1.0,2.0,92060,M,,,92
201100045893,11,9,1,1435,1,2,3,1.0,3.0,92023,M,,,92
201100045894,11,9,5,1330,1,2,1,2.0,3.0,92023,M,,,92
201100045895,11,9,15,1955,2,2,1,1.0,3.0,92023,M,,,92
201100045896,11,9,19,1805,1,2,7,1.0,3.0,92023,M,,,92
201100045897,11,9,21,1020,1,2,1,1.0,6.0,92060,M,,,92
201100045898,11,9,22,1700,1,2,1,1.0,6.0,92023,M,,,92
201100045899,11,9,29,840,1,2,1,1.0,6.0,92060,M,,,92
201100045900,11,9,30,900,1,2,1,1.0,3.0,92060,M,,,92
201100045901,11,10,1,1535,1,2,1,1.0,2.0,92023,M,,,92
201100045902,11,10,5,1300,1,2,2,1.0,6.0,92023,M,,,92
201100045903,11,10,10,850,1,2,3,1.0,6.0,92060,M,,,92
201100045904,11,10,10,825,1,2,1,2.0,3.0,92023,M,,,92
201100045905,11,10,11,1435,1,2,3,1.0,3.0,92060,M,,,92
201100045906,11,10,12,855,1,2,1,1.0,6.0,92060,M,,,92
201100045907,11,10,19,2020,5,2,6,1.0,2.0,92023,M,,,92
201100045908,11,10,20,2005,5,2,1,1.0,3.0,92023,M,,,92
201100045909,11,10,23,1730,1,2,3,1.0,2.0,92023,M,,,92
201100045910,11,10,20,1525,1,2,6,1.0,3.0,92023,M,,,92
201100045911,11,11,2,855,1,2,3,1.0,6.0,92060,M,,,92
201100045912,11,11,3,1855,5,2,2,3.0,6.0,92023,M,,,92
201100045913,11,11,6,1650,1,2,3,1.0,7.0,92060,M,,,92
201100045914,11,11,8,955,1,2,1,2.0,4.0,92023,M,,,92
201100045915,11,11,12,1905,1,2,2,1.0,3.0,92023,M,,,92
201100045916,11,11,10,1430,1,2,1,1.0,6.0,92060,M,,,92
201100045917,11,11,12,1920,5,2,1,1.0,6.0,92060,M,,,92
201100045918,11,11,16,1410,1,2,1,1.0,3.0,92023,M,,,92
201100045919,11,11,17,1350,1,2,3,1.0,3.0,92023,M,,,92
201100045920,11,11,18,1925,5,2,3,1.0,6.0,92060,M,,,92
201100045921,11,11,21,1910,5,2,3,1.0,6.0,92060,M,,,92
201100045922,11,11,21,1955,5,2,3,1.0,3.0,92023,M,,,92
201100045923,11,11,22,810,2,2,2,1.0,3.0,92060,M,,,92
201100045924,11,11,22,1900,5,2,1,1.0,6.0,92023,M,,,92
201100045925,11,11,30,2010,5,2,2,1.0,6.0,92023,M,,,92
201100045926,11,12,1,1440,1,2,1,2.0,3.0,92060,M,,,92
201100045927,11,12,2,1725,5,2,1,1.0,3.0,92023,M,,,92
201100045928,11,12,2,1410,1,2,3,1.0,6.0,92023,M,,,92
201100045929,11,12,5,2030,5,2,3,2.0,3.0,92023,M,,,92
201100045930,11,12,5,1840,5,2,3,2.0,6.0,92060,M,,,92
201100045931,11,12,6,910,1,2,3,1.0,3.0,92023,M,,,92
201100045932,11,12,6,1120,1,2,2,1.0,3.0,92060,M,,,92
201100045933,11,12,6,2145,5,2,3,2.0,3.0,92060,M,,,92
201100045934,11,12,10,600,5,2,1,1.0,6.0,92023,M,,,92
201100045935,11,12,11,545,5,2,1,1.0,6.0,92023,M,,,92
201100045936,11,12,13,1615,1,2,2,1.0,3.0,92060,M,,,92
201100045937,11,12,13,2340,3,2,2,1.0,3.0,92023,M,,,92
201100045938,11,12,14,2005,5,2,2,1.0,3.0,92060,M,,,92
201100045939,11,12,15,1630,1,2,5,1.0,6.0,92023,M,,,92
201100045940,11,12,17,1455,1,2,2,4.0,3.0,92023,M,,,92
201100045941,11,12,19,830,1,2,1,1.0,3.0,92023,M,,,92
201100045942,11,12,22,2010,5,2,2,1.0,3.0,92060,M,,,92
201100045943,11,1,4,2020,5,2,2,1.0,5.0,92024,M,4890270.0,231356.0,92
201100045944,11,1,9,1015,1,2,3,1.0,3.0,92024,M,4890030.0,231513.0,92
201100045945,11,1,10,1625,1,2,2,1.0,3.0,92024,M,4890000.0,230621.0,92
201100045946,11,1,13,850,1,2,1,9.0,2.0,92024,M,4890430.0,228865.0,92
201100045947,11,1,17,745,2,2,3,1.0,3.0,92024,M,4890200.0,231821.0,92
201100045948,11,1,24,625,2,2,3,1.0,3.0,92024,M,4891280.0,231285.0,92
201100045949,11,1,31,645,2,2,1,9.0,7.0,92024,M,4890290.0,229129.0,92
201100045950,11,2,3,1450,1,2,3,1.0,3.0,92024,M,4890840.0,230013.0,92
201100045951,11,2,3,1655,1,2,1,1.0,6.0,92024,M,4890550.0,231487.0,92
201100045952,11,2,8,830,1,2,1,2.0,6.0,92024,M,4890770.0,230115.0,92
201100045953,11,2,6,1810,2,2,1,1.0,2.0,92024,M,4890410.0,230293.0,92
201100045954,11,2,9,1550,1,2,2,1.0,6.0,92024,M,4890280.0,230399.0,92
201100045955,11,2,13,2020,5,2,2,1.0,3.0,92024,M,4890000.0,230621.0,92
201100045956,11,2,13,220,5,2,1,2.0,6.0,92024,M,4890750.0,230017.0,92
201100045957,11,2,19,1540,1,2,2,2.0,3.0,92024,M,4890080.0,231593.0,92
201100045958,11,2,21,1955,2,1,1,1.0,3.0,92024,M,4889840.0,231209.0,92
201100045959,11,3,2,1155,1,2,3,1.0,3.0,92024,M,4890590.0,230958.0,92
201100045960,11,3,3,1125,1,2,1,1.0,6.0,92024,M,4890010.0,231776.0,92
201100045961,11,3,4,245,5,2,2,1.0,3.0,92024,M,4890840.0,230013.0,92
201100045962,11,3,7,35,5,2,5,1.0,3.0,92024,M,4890870.0,230050.0,92
201100045963,11,3,8,1735,1,2,1,1.0,2.0,92024,M,4891000.0,231292.0,92
201100045964,11,3,9,855,1,2,1,1.0,2.0,92024,M,4890300.0,229015.0,92
201100045965,11,3,9,1215,1,2,2,1.0,3.0,92024,M,4889890.0,230992.0,92
201100045966,11,3,15,835,1,2,1,1.0,6.0,92024,M,4890020.0,231753.0,92
201100045967,11,3,18,1820,1,2,6,1.0,3.0,92024,M,4890340.0,231271.0,92
201100045968,11,3,24,840,1,2,1,1.0,3.0,92024,M,4890200.0,231438.0,92
201100045969,11,3,31,1030,1,2,1,2.0,2.0,92024,M,4890070.0,230824.0,92
201100045970,11,3,31,1810,1,2,1,1.0,6.0,92024,M,4890390.0,231205.0,92
201100045971,11,4,1,2340,5,2,2,1.0,3.0,92024,M,4890800.0,229915.0,92
201100045972,11,4,13,1025,1,2,1,1.0,6.0,92024,M,4889950.0,230925.0,92
201100045973,11,4,19,1315,1,2,2,1.0,3.0,92024,M,4890080.0,231593.0,92
201100045974,11,4,19,1740,1,2,2,1.0,3.0,92024,M,4890270.0,230983.0,92
201100045975,11,5,10,1125,1,2,1,1.0,6.0,92024,M,,,92
201100045976,11,5,12,810,1,2,6,1.0,3.0,92024,M,,,92
201100045977,11,5,5,1535,1,2,3,1.0,3.0,92024,M,4890290.0,229018.0,92
201100045978,11,5,30,1050,1,2,2,1.0,6.0,92024,M,4890080.0,231593.0,92
201100045979,11,5,13,2035,1,2,3,1.0,6.0,92024,M,,,92
201100045980,11,5,16,1910,1,2,1,1.0,6.0,92024,M,4890130.0,230647.0,92
201100045981,11,5,18,550,5,2,2,1.0,3.0,92024,M,4890450.0,230785.0,92
201100045982,11,5,21,2030,1,2,3,1.0,3.0,92024,M,4889950.0,231377.0,92
201100045983,11,5,26,1355,1,2,1,1.0,3.0,92024,M,4890280.0,230587.0,92
201100045984,11,5,30,1525,1,2,3,1.0,3.0,92024,M,4889890.0,231278.0,92
201100045985,11,6,7,1645,1,2,1,1.0,3.0,92024,M,4890720.0,231293.0,92
201100045986,11,6,13,1620,1,2,1,1.0,6.0,92024,M,4890410.0,231173.0,92
201100045987,11,6,11,2125,2,2,1,1.0,2.0,92024,M,4890250.0,229059.0,92
201100045988,11,6,15,2005,1,2,1,1.0,3.0,92024,M,4890440.0,229157.0,92
201100045989,11,6,21,1140,1,2,1,1.0,6.0,92024,M,4890170.0,230658.0,92
201100045990,11,6,29,1825,1,2,2,1.0,3.0,92024,M,4890080.0,231593.0,92
201100045991,11,6,29,1920,1,2,1,1.0,3.0,92024,M,4890660.0,229882.0,92
201100045992,11,7,2,1145,1,2,3,1.0,1.0,92024,M,,,92
201100045993,11,7,1,1900,1,2,1,1.0,6.0,92024,M,,,92
201100045994,11,7,3,1920,1,2,3,1.0,3.0,92024,M,,,92
201100045995,11,7,11,1605,1,2,1,1.0,6.0,92024,M,,,92
201100045996,11,7,13,1855,1,2,1,1.0,3.0,92024,M,,,92
201100045997,11,7,16,1040,1,2,2,1.0,6.0,92024,M,,,92
201100045998,11,7,29,1415,1,2,3,1.0,5.0,92024,M,,,92
201100045999,11,8,3,1650,1,2,1,1.0,3.0,92024,M,,,92
201100046000,11,8,5,1825,1,2,3,3.0,3.0,92024,M,,,92
201100046001,11,8,8,910,1,2,3,8.0,2.0,92024,M,,,92
201100046002,11,8,10,2020,1,2,2,1.0,3.0,92024,M,,,92
201100046003,11,8,11,1705,1,2,1,1.0,6.0,92024,M,,,92
201100046004,11,8,24,1435,1,2,1,1.0,2.0,92024,M,,,92
201100046005,11,8,24,755,1,2,1,8.0,2.0,92024,M,,,92
201100046006,11,9,2,2005,1,2,1,1.0,6.0,92024,M,,,92
201100046007,11,9,3,1555,1,2,1,1.0,6.0,92024,M,,,92
201100046008,11,9,4,1155,1,2,2,1.0,6.0,92024,M,,,92
201100046009,11,9,8,620,2,2,6,1.0,3.0,92024,M,,,92
201100046010,11,9,14,1530,1,2,1,1.0,6.0,92024,M,,,92
201100046011,11,9,15,1655,1,2,1,1.0,3.0,92024,M,,,92
201100046012,11,9,15,1910,1,2,1,1.0,3.0,92024,M,,,92
201100046013,11,9,16,1803,1,2,1,8.0,6.0,92024,M,,,92
201100046014,11,9,24,815,1,2,2,1.0,6.0,92024,M,,,92
201100046015,11,9,25,1655,1,2,1,1.0,6.0,92024,M,,,92
201100046016,11,9,28,1625,1,2,1,1.0,6.0,92024,M,,,92
201100046017,11,9,30,2055,2,2,1,1.0,6.0,92024,M,,,92
201100046018,11,10,3,1915,1,2,1,1.0,3.0,92024,M,,,92
201100046019,11,10,4,1315,1,2,6,1.0,6.0,92024,M,,,92
201100046020,11,10,5,2140,5,2,1,1.0,6.0,92024,M,,,92
201100046021,11,10,7,1145,1,2,2,8.0,6.0,92024,M,,,92
201100046022,11,10,14,1935,2,2,1,1.0,3.0,92024,M,,,92
201100046023,11,10,21,1300,1,2,1,1.0,6.0,92024,M,,,92
201100046024,11,10,25,745,2,2,3,2.0,3.0,92024,M,,,92
201100046025,11,10,27,2030,1,2,2,1.0,6.0,92024,M,,,92
201100046026,11,11,13,720,2,2,1,1.0,2.0,92024,M,,,92
201100046027,11,11,5,1330,1,2,1,1.0,6.0,92024,M,,,92
201100046028,11,11,7,1235,1,2,3,1.0,3.0,92024,M,,,92
201100046029,11,11,23,1710,2,2,1,1.0,6.0,92024,M,,,92
201100046030,11,11,14,1900,5,2,1,1.0,2.0,92024,M,,,92
201100046031,11,11,15,1200,1,2,3,1.0,2.0,92024,M,,,92
201100046032,11,11,15,1655,2,2,1,1.0,4.0,92024,M,,,92
201100046033,11,11,17,810,1,2,5,1.0,3.0,92024,M,,,92
201100046034,11,11,24,1755,5,2,3,1.0,3.0,92024,M,,,92
201100046035,11,11,26,1010,1,2,1,1.0,6.0,92024,M,,,92
201100046036,11,12,5,835,1,2,3,2.0,6.0,92024,M,,,92
201100046037,11,12,5,1000,1,2,1,2.0,2.0,92024,M,,,92
201100046038,11,12,8,550,2,2,5,2.0,6.0,92024,M,,,92
201100046039,11,12,8,815,1,2,1,1.0,6.0,92024,M,,,92
201100046040,11,12,12,2035,5,2,1,1.0,6.0,92024,M,,,92
201100046041,11,12,13,1155,1,2,1,8.0,6.0,92024,M,,,92
201100046042,11,12,16,2140,5,2,2,2.0,3.0,92024,M,,,92
201100046043,11,12,17,1820,5,2,6,2.0,6.0,92024,M,,,92
201100046044,11,12,19,1715,5,2,3,2.0,2.0,92024,M,,,92
201100046045,11,12,24,1145,1,2,1,1.0,6.0,92024,M,,,92
201100046046,11,1,8,1840,5,2,1,2.0,7.0,92025,M,4892330.0,225206.0,92
201100046047,11,1,9,2015,5,2,3,1.0,3.0,92025,M,4892760.0,225483.0,92
201100046048,11,1,17,910,1,2,1,1.0,3.0,92025,M,4892550.0,225287.0,92
201100046049,11,1,21,1916,5,2,2,1.0,6.0,92025,M,4892740.0,224698.0,92
201100046050,11,1,21,2050,5,2,2,1.0,4.0,92025,M,4891330.0,223061.0,92
201100046051,11,2,11,850,1,2,1,1.0,4.0,92025,M,4892170.0,223158.0,92
201100046052,11,2,17,1155,1,2,1,1.0,2.0,92025,M,4893500.0,225634.0,92
201100046053,11,2,19,1810,5,2,2,2.0,6.0,92025,M,4892400.0,225258.0,92
201100046054,11,2,28,1450,1,1,1,1.0,3.0,92025,M,4892060.0,224388.0,92
201100046055,11,3,1,1600,1,2,5,1.0,4.0,92025,M,4891900.0,222593.0,92
201100046056,11,3,3,55,5,2,2,1.0,3.0,92025,M,4892760.0,225372.0,92
201100046057,11,3,6,1715,1,2,2,1.0,3.0,92025,M,4893430.0,225590.0,92
201100046058,11,3,8,1215,1,2,2,1.0,3.0,92025,M,4893570.0,226089.0,92
201100046059,11,3,9,930,1,2,3,1.0,3.0,92025,M,4891830.0,224919.0,92
201100046060,11,3,9,1900,5,2,1,1.0,3.0,92025,M,4893130.0,224400.0,92
201100046061,11,3,19,1440,1,2,1,1.0,6.0,92025,M,4892510.0,226783.0,92
201100046062,11,3,18,1655,1,2,1,1.0,2.0,92025,M,4893330.0,226465.0,92
201100046063,11,3,25,1535,1,2,1,1.0,6.0,92025,M,4892900.0,224651.0,92
201100046064,11,3,26,1410,1,2,1,1.0,3.0,92025,M,4892830.0,224672.0,92
201100046065,11,4,4,1920,1,2,1,1.0,7.0,92025,M,,,92
201100046066,11,4,10,2120,5,2,1,1.0,7.0,92025,M,,,92
201100046067,11,4,16,440,5,2,7,1.0,3.0,92025,M,,,92
201100046068,11,4,16,1945,1,2,3,1.0,1.0,92025,M,,,92
201100046069,11,4,21,2210,5,2,1,1.0,3.0,92025,M,,,92
201100046070,11,4,22,1430,1,2,1,1.0,2.0,92025,M,,,92
201100046071,11,4,26,1210,1,2,1,1.0,2.0,92025,M,,,92
201100046072,11,5,1,320,5,2,2,1.0,2.0,92025,M,4891800.0,222394.0,92
201100046073,11,5,4,1750,1,2,1,1.0,1.0,92025,M,4891660.0,225275.0,92
201100046074,11,5,11,2120,5,2,3,1.0,3.0,92025,M,4891450.0,226004.0,92
201100046075,11,5,13,800,1,2,1,1.0,6.0,92025,M,4891770.0,225267.0,92
201100046076,11,5,17,1450,1,2,1,1.0,6.0,92025,M,4891190.0,223209.0,92
201100046077,11,5,19,1830,1,2,1,1.0,1.0,92025,M,4891650.0,223440.0,92
201100046078,11,5,23,1455,1,2,1,1.0,1.0,92025,M,4892800.0,225031.0,92
201100046079,11,5,30,900,1,2,1,1.0,2.0,92025,M,4892200.0,223226.0,92
201100046080,11,5,31,1300,1,2,1,1.0,3.0,92025,M,4892580.0,224180.0,92
201100046081,11,6,3,1345,1,2,1,1.0,6.0,92025,M,4891490.0,223009.0,92
201100046082,11,6,10,1115,1,2,3,3.0,3.0,92025,M,4892650.0,227216.0,92
201100046083,11,6,10,1400,1,2,3,1.0,6.0,92025,M,4891010.0,224033.0,92
201100046084,11,6,20,1005,1,2,2,1.0,1.0,92025,M,4893170.0,226674.0,92
201100046085,11,6,26,1835,1,2,2,1.0,3.0,92025,M,4891450.0,222899.0,92
201100046086,11,6,28,1520,1,2,1,1.0,6.0,92025,M,4891980.0,225682.0,92
201100046087,11,6,30,1945,1,2,3,1.0,6.0,92025,M,4892470.0,224010.0,92
201100046088,11,7,22,1100,1,2,1,1.0,2.0,92025,M,,,92
201100046089,11,7,27,925,1,2,3,1.0,3.0,92025,M,,,92
201100046090,11,8,2,1550,1,2,2,1.0,7.0,92025,M,,,92
201100046091,11,8,6,1355,1,2,1,1.0,3.0,92025,M,,,92
201100046092,11,8,9,1510,1,2,1,1.0,1.0,92025,M,,,92
201100046093,11,8,20,1530,1,2,3,1.0,3.0,92025,M,,,92
201100046094,11,8,23,1240,1,2,2,1.0,1.0,92025,M,,,92
201100046095,11,9,3,1340,1,2,4,1.0,1.0,92025,M,,,92
201100046096,11,9,19,1230,1,2,3,1.0,2.0,92025,M,,,92
201100046097,11,9,26,2020,1,2,3,1.0,3.0,92025,M,,,92
201100046098,11,10,14,2000,5,2,1,1.0,1.0,92025,M,,,92
201100046099,11,10,17,1910,4,2,3,1.0,6.0,92025,M,,,92
201100046100,11,12,2,1900,2,2,1,1.0,6.0,92025,M,,,92
201100046101,11,12,3,1800,5,2,1,2.0,3.0,92025,M,,,92
201100046102,11,12,6,1220,1,2,1,1.0,3.0,92025,M,,,92
201100046103,11,12,10,2000,5,2,1,1.0,4.0,92025,M,,,92
201100046104,11,12,16,800,4,2,9,3.0,6.0,92025,M,,,92
201100046105,11,12,19,1610,4,2,1,2.0,6.0,92025,M,,,92
201100046106,11,7,30,2255,5,2,1,1.0,5.0,92025,M,,,92
201100046107,11,9,2,1700,1,2,4,1.0,6.0,92025,M,,,92
201100046108,11,11,16,855,1,2,1,1.0,6.0,92025,M,,,92
201100046109,11,11,30,1520,1,2,1,1.0,2.0,92025,M,,,92
201100046110,11,12,30,2150,5,2,1,2.0,1.0,92026,M,,,92
201100046111,11,1,6,2225,5,1,5,1.0,1.0,92026,M,4890670.0,227617.0,92
201100046112,11,1,6,1125,1,2,1,2.0,7.0,92026,M,,,92
201100046113,11,1,5,1100,1,2,2,1.0,3.0,92026,M,4889610.0,224668.0,92
201100046114,11,1,8,1810,5,2,3,2.0,3.0,92026,M,4890130.0,225995.0,92
201100046115,11,1,11,850,1,2,1,1.0,3.0,92026,M,4889860.0,225237.0,92
201100046116,11,1,14,1500,1,2,2,9.0,6.0,92026,M,4890040.0,226078.0,92
201100046117,11,1,15,245,5,2,2,1.0,7.0,92026,M,4888960.0,225487.0,92
201100046118,11,1,17,2020,5,2,2,1.0,1.0,92026,M,4890170.0,226416.0,92
201100046119,11,1,20,1210,1,2,3,1.0,3.0,92026,M,4890130.0,225995.0,92
201100046120,11,1,21,2325,5,2,3,1.0,3.0,92026,M,4889900.0,226642.0,92
201100046121,11,1,25,1005,1,2,2,1.0,6.0,92026,M,4890070.0,227515.0,92
201100046122,11,1,27,1650,1,2,1,1.0,3.0,92026,M,4890000.0,225955.0,92
201100046123,11,1,28,840,1,2,3,1.0,6.0,92026,M,4889340.0,225216.0,92
201100046124,11,2,1,2055,5,2,2,2.0,7.0,92026,M,4890090.0,226490.0,92
201100046125,11,1,28,1630,1,2,3,8.0,6.0,92026,M,4890150.0,226596.0,92
201100046126,11,1,21,920,1,2,3,1.0,6.0,92026,M,4889010.0,225388.0,92
201100046127,11,2,2,1135,1,2,3,9.0,6.0,92026,M,4890460.0,225589.0,92
201100046128,11,2,2,1115,1,2,2,1.0,3.0,92026,M,4889060.0,225555.0,92
201100046129,11,2,3,1730,1,2,1,1.0,6.0,92026,M,4890150.0,224742.0,92
201100046130,11,2,4,1545,1,2,1,1.0,2.0,92026,M,4889920.0,227080.0,92
201100046131,11,2,3,1200,1,2,3,1.0,6.0,92026,M,4889690.0,224336.0,92
201100046132,11,2,16,1415,1,2,3,1.0,3.0,92026,M,4890070.0,227515.0,92
201100046133,11,2,16,2035,5,2,3,1.0,3.0,92026,M,4890130.0,225995.0,92
201100046134,11,2,17,2350,5,2,3,1.0,2.0,92026,M,4890360.0,225763.0,92
201100046135,11,2,23,2325,5,2,4,9.0,2.0,92026,M,4889690.0,226429.0,92
201100046136,11,2,24,1140,1,2,1,1.0,6.0,92026,M,4889750.0,226400.0,92
201100046137,11,3,7,1350,1,2,2,1.0,2.0,92026,M,4889730.0,226151.0,92
201100046138,11,3,7,1120,1,2,1,1.0,2.0,92026,M,4889220.0,225905.0,92
201100046139,11,3,2,1600,1,2,3,1.0,6.0,92026,M,4890220.0,227369.0,92
201100046140,11,3,11,1700,1,2,1,8.0,2.0,92026,M,4889680.0,225442.0,92
201100046141,11,3,19,945,1,2,1,1.0,7.0,92026,M,4890120.0,226006.0,92
201100046142,11,3,22,950,1,2,1,1.0,2.0,92026,M,4889350.0,225993.0,92
201100046143,11,3,25,1845,2,1,3,1.0,3.0,92026,M,4889880.0,226235.0,92
201100046144,11,3,25,1920,2,2,1,1.0,3.0,92026,M,4889590.0,225116.0,92
201100046145,11,4,5,1855,1,2,2,1.0,5.0,92026,M,4890040.0,226078.0,92
201100046146,11,4,5,1130,1,2,1,1.0,3.0,92026,M,4889840.0,225543.0,92
201100046147,11,4,5,830,1,2,3,1.0,3.0,92026,M,4889340.0,225216.0,92
201100046148,11,4,8,1600,1,2,5,1.0,3.0,92026,M,4889660.0,226344.0,92
201100046149,11,4,13,900,1,2,1,1.0,5.0,92026,M,4890440.0,227865.0,92
201100046150,11,4,21,25,5,2,1,1.0,6.0,92026,M,4889940.0,225800.0,92
201100046151,11,4,21,923,1,2,3,1.0,3.0,92026,M,4890130.0,225995.0,92
201100046152,11,4,28,1025,1,2,1,1.0,6.0,92026,M,4889490.0,224916.0,92
201100046153,11,4,30,2010,1,2,1,1.0,6.0,92026,M,4890010.0,226881.0,92
201100046154,11,5,5,1030,1,2,1,1.0,3.0,92026,M,4890110.0,226011.0,92
201100046155,11,5,13,835,1,2,2,1.0,3.0,92026,M,4889890.0,225660.0,92
201100046156,11,5,13,1530,1,2,2,1.0,2.0,92026,M,4889100.0,225514.0,92
201100046157,11,5,18,1620,1,2,1,1.0,6.0,92026,M,4890270.0,225847.0,92
201100046158,11,5,19,2100,1,2,1,1.0,3.0,92026,M,4889770.0,226346.0,92
201100046159,11,5,24,820,1,2,1,1.0,2.0,92026,M,4889220.0,225883.0,92
201100046160,11,5,30,1235,1,2,1,1.0,2.0,92026,M,4890410.0,225711.0,92
201100046161,11,6,8,2110,2,1,1,1.0,3.0,92026,M,4889970.0,225874.0,92
201100046162,11,6,8,2040,2,2,2,8.0,3.0,92026,M,4889990.0,223986.0,92
201100046163,11,6,13,125,5,2,1,2.0,7.0,92026,M,4889420.0,225756.0,92
201100046164,11,6,6,815,1,2,2,3.0,3.0,92026,M,4890300.0,225816.0,92
201100046165,11,6,16,1420,1,2,3,1.0,3.0,92026,M,4890060.0,227523.0,92
201100046166,11,6,19,645,2,2,2,1.0,3.0,92026,M,4890160.0,225143.0,92
201100046167,11,6,20,820,1,2,3,2.0,6.0,92026,M,4890220.0,227369.0,92
201100046168,11,6,21,1000,1,2,1,8.0,2.0,92026,M,4890050.0,227449.0,92
201100046169,11,6,24,1210,1,2,2,1.0,3.0,92026,M,4890360.0,225763.0,92
201100046170,11,6,24,1800,1,2,2,1.0,6.0,92026,M,4889950.0,226168.0,92
201100046171,11,6,28,745,1,1,1,1.0,2.0,92026,M,4890140.0,225625.0,92
201100046172,11,6,30,1455,1,2,3,1.0,6.0,92026,M,4890060.0,224498.0,92
201100046173,11,6,30,2040,1,2,1,1.0,2.0,92026,M,4889610.0,223404.0,92