Num_Acc,an,mois,jour,hrmn,lum,agg,int,atm,col,com,gps,lat,long,dep
201100046174,11,7,1,2055,1,2,5,1.0,3.0,92026,M,,,92
201100046175,11,7,2,1615,1,2,1,1.0,7.0,92026,M,,,92
201100046176,11,7,5,1335,1,2,1,1.0,3.0,92026,M,,,92
201100046177,11,7,6,1745,1,2,2,1.0,6.0,92026,M,,,92
201100046178,11,7,7,1430,1,2,1,1.0,2.0,92026,M,,,92
201100046179,11,7,11,1740,1,2,3,1.0,3.0,92026,M,,,92
201100046180,11,7,13,1820,2,2,3,2.0,3.0,92026,M,,,92
201100046181,11,7,27,705,1,2,1,1.0,5.0,92026,M,,,92
201100046182,11,7,28,600,2,2,2,1.0,3.0,92026,M,,,92
201100046183,11,7,28,745,1,2,1,1.0,2.0,92026,M,,,92
201100046184,11,7,31,1630,1,2,2,1.0,2.0,92026,M,,,92
201100046185,11,8,1,1125,1,2,1,1.0,6.0,92026,M,,,92
201100046186,11,8,11,910,1,2,1,1.0,3.0,92026,M,,,92
201100046187,11,8,12,1120,1,2,3,1.0,3.0,92026,M,,,92
201100046188,11,8,14,145,5,2,1,2.0,7.0,92026,M,,,92
201100046189,11,8,26,750,1,2,1,2.0,3.0,92026,M,,,92
201100046190,11,8,25,1130,1,2,1,1.0,2.0,92026,M,,,92
201100046191,11,9,7,1030,1,2,1,1.0,2.0,92026,M,,,92
201100046192,11,9,9,1420,1,2,1,1.0,3.0,92026,M,,,92
201100046193,11,9,17,1645,1,2,1,1.0,7.0,92026,M,,,92
201100046194,11,9,19,1920,2,2,1,8.0,7.0,92026,M,,,92
201100046195,11,9,13,1615,1,2,3,1.0,2.0,92026,M,,,92
201100046196,11,9,22,1000,1,2,1,1.0,3.0,92026,M,,,92
201100046197,11,9,22,900,1,2,2,1.0,6.0,92026,M,,,92
201100046198,11,10,1,1615,1,2,1,1.0,3.0,92026,M,,,92
201100046199,11,10,9,1320,1,2,1,1.0,3.0,92026,M,,,92
201100046200,11,10,9,105,5,2,2,1.0,6.0,92026,M,,,92
201100046201,11,10,7,1345,1,2,2,1.0,3.0,92026,M,,,92
201100046202,11,10,11,1020,1,2,1,1.0,2.0,92026,M,,,92
201100046203,11,10,19,1535,1,2,1,1.0,4.0,92026,M,,,92
201100046204,11,10,22,1640,1,2,3,1.0,3.0,92026,M,,,92
201100046205,11,10,26,2235,3,2,3,1.0,3.0,92026,M,,,92
201100046206,11,10,28,30,5,2,2,1.0,3.0,92026,M,,,92
201100046207,11,11,12,1318,1,2,1,1.0,2.0,92026,M,,,92
201100046208,11,11,14,740,2,2,3,1.0,2.0,92026,M,,,92
201100046209,11,11,15,940,1,2,1,2.0,2.0,92026,M,,,92
201100046210,11,11,16,1235,1,2,2,1.0,3.0,92026,M,,,92
201100046211,11,11,18,1130,1,2,1,1.0,3.0,92026,M,,,92
201100046212,11,11,18,1840,5,2,3,1.0,2.0,92026,M,,,92
201100046213,11,11,17,1800,5,2,1,1.0,6.0,92026,M,,,92
201100046214,11,11,21,1200,1,2,1,1.0,6.0,92026,M,,,92
201100046215,11,11,25,1105,1,2,2,1.0,7.0,92026,M,,,92
201100046216,11,11,29,1930,5,2,1,1.0,2.0,92026,M,,,92
201100046217,11,12,1,2145,5,2,9,1.0,2.0,92026,M,,,92
201100046218,11,12,5,1745,2,2,3,2.0,3.0,92026,M,,,92
201100046219,11,12,7,810,2,2,2,1.0,3.0,92026,M,,,92
201100046220,11,12,7,1205,1,2,1,1.0,6.0,92026,M,,,92
201100046221,11,12,8,1815,5,2,1,1.0,3.0,92026,M,,,92
201100046222,11,12,8,1905,5,2,1,1.0,2.0,92026,M,,,92
201100046223,11,12,13,1325,1,2,1,1.0,2.0,92026,M,,,92
201100046224,11,12,15,1400,1,2,2,1.0,2.0,92026,M,,,92
201100046225,11,1,2,1615,1,2,3,1.0,7.0,92035,M,4890340.0,225222.0,92
201100046226,11,1,22,1815,5,2,1,1.0,7.0,92035,M,4890490.0,223360.0,92
201100046227,11,1,24,1850,2,2,3,1.0,7.0,92035,M,4890710.0,224036.0,92
201100046228,11,1,28,1330,1,2,3,1.0,6.0,92035,M,4890890.0,224696.0,92
201100046229,11,2,8,940,1,2,1,1.0,3.0,92035,M,4890610.0,225029.0,92
201100046230,11,3,11,25,5,2,2,1.0,3.0,92035,M,4891330.0,225336.0,92
201100046231,11,3,22,1215,1,2,1,1.0,3.0,92035,M,4890600.0,225092.0,92
201100046232,11,3,25,105,5,2,5,1.0,3.0,92035,M,4890670.0,223819.0,92
201100046233,11,4,20,1230,1,2,2,1.0,3.0,92035,M,4891070.0,225256.0,92
201100046234,11,4,12,1615,1,2,4,1.0,3.0,92035,M,4890520.0,223907.0,92
201100046235,11,4,13,1640,1,2,1,1.0,6.0,92035,M,4891090.0,225473.0,92
201100046236,11,4,21,1445,1,2,3,1.0,6.0,92035,M,4890270.0,224262.0,92
201100046237,11,4,28,2005,1,2,1,1.0,6.0,92035,M,4890670.0,224605.0,92
201100046238,11,4,28,1135,1,2,1,1.0,6.0,92035,M,4890870.0,225116.0,92
201100046239,11,5,10,245,5,2,5,1.0,7.0,92035,M,4890700.0,224006.0,92
201100046240,11,5,10,1630,1,2,6,1.0,2.0,92035,M,4890560.0,225581.0,92
201100046241,11,5,19,1830,1,2,5,1.0,6.0,92035,M,4891120.0,225460.0,92
201100046242,11,5,27,1415,1,2,3,1.0,1.0,92035,M,4890500.0,223910.0,92
201100046243,11,6,29,2130,2,2,3,1.0,2.0,92035,M,4890530.0,223633.0,92
201100046244,11,7,2,2035,1,2,2,1.0,3.0,92035,M,,,92
201100046245,11,7,6,1635,1,2,4,1.0,7.0,92035,M,,,92
201100046246,11,7,29,1020,1,2,1,1.0,6.0,92035,M,,,92
201100046247,11,8,8,35,5,2,2,1.0,3.0,92035,M,,,92
201100046248,11,8,6,1800,1,2,2,1.0,3.0,92035,M,,,92
201100046249,11,9,11,1930,1,2,4,1.0,1.0,92035,M,,,92
201100046250,11,9,9,830,1,2,2,1.0,6.0,92035,M,,,92
201100046251,11,9,8,920,1,2,3,1.0,3.0,92035,M,,,92
201100046252,11,10,3,1615,1,2,3,1.0,1.0,92035,M,,,92
201100046253,11,10,17,1040,1,2,1,1.0,3.0,92035,M,,,92
201100046254,11,10,21,815,2,2,4,1.0,6.0,92035,M,,,92
201100046255,11,11,25,805,2,2,1,1.0,6.0,92035,M,,,92
201100046256,11,11,24,1430,1,2,3,1.0,3.0,92035,M,,,92
201100046257,11,11,26,1610,1,1,3,1.0,3.0,92035,M,,,92
201100046258,11,11,29,1330,1,2,1,1.0,3.0,92035,M,,,92
201100046259,11,12,2,850,2,2,1,1.0,2.0,92035,M,,,92
201100046260,11,12,7,2150,5,2,2,1.0,3.0,92035,M,,,92
201100046261,11,1,4,700,5,2,1,1.0,3.0,92036,M,4893910.0,225625.0,92
201100046262,11,1,11,1410,1,2,1,2.0,3.0,92036,M,4893870.0,225671.0,92
201100046263,11,1,14,1005,1,2,6,1.0,3.0,92036,M,4893800.0,227793.0,92
201100046264,11,1,20,710,1,2,1,1.0,3.0,92036,M,4893210.0,228336.0,92
201100046265,11,1,20,1930,5,2,1,1.0,2.0,92036,M,4894700.0,230489.0,92
201100046266,11,1,21,900,1,2,2,1.0,6.0,92036,M,4892330.0,232131.0,92
201100046267,11,1,21,1848,3,2,3,1.0,3.0,92036,M,4892250.0,232300.0,92
201100046268,11,1,21,1910,3,2,3,1.0,6.0,92036,M,4892940.0,229501.0,92
201100046269,11,2,1,825,2,2,1,1.0,3.0,92036,M,4892410.0,232895.0,92
201100046270,11,2,8,1020,1,2,3,1.0,2.0,92036,M,4892560.0,231716.0,92
201100046271,11,2,16,2000,5,2,1,1.0,1.0,92036,M,4893900.0,225636.0,92
201100046272,11,2,23,1805,5,2,1,2.0,6.0,92036,M,4891450.0,230037.0,92
201100046273,11,2,28,1125,1,2,3,1.0,3.0,92036,M,4892270.0,232059.0,92
201100046274,11,3,7,1815,1,2,1,1.0,6.0,92036,M,4892450.0,228919.0,92
201100046275,11,3,8,935,1,2,1,1.0,4.0,92036,M,4892360.0,232832.0,92
201100046276,11,3,14,1209,1,2,1,1.0,6.0,92036,M,4892770.0,229482.0,92
201100046277,11,3,21,1735,1,2,3,1.0,2.0,92036,M,4892670.0,229394.0,92
201100046278,11,3,22,900,1,2,1,1.0,6.0,92036,M,4892600.0,231635.0,92
201100046279,11,3,22,910,1,2,2,1.0,3.0,92036,M,4892220.0,230613.0,92
201100046280,11,3,30,1320,1,2,3,1.0,7.0,92036,M,,,92
201100046281,11,4,4,1150,1,2,2,1.0,6.0,92036,M,4893040.0,229504.0,92
201100046282,11,4,11,1550,1,2,1,1.0,6.0,92036,M,4892950.0,231135.0,92
201100046283,11,4,13,1720,1,2,4,1.0,7.0,92036,M,4892900.0,231047.0,92
201100046284,11,4,16,1530,1,2,3,1.0,3.0,92036,M,4893100.0,228409.0,92
201100046285,11,4,18,1130,1,2,3,1.0,3.0,92036,M,4894270.0,230301.0,92
201100046286,11,4,18,1820,1,2,2,1.0,3.0,92036,M,4894620.0,230441.0,92
201100046287,11,4,19,1330,1,2,1,1.0,2.0,92036,M,4892650.0,230786.0,92
201100046288,11,4,20,845,1,2,2,1.0,3.0,92036,M,4892110.0,232514.0,92
201100046289,11,4,22,1725,1,2,1,1.0,6.0,92036,M,4891730.0,230724.0,92
201100046290,11,5,10,905,1,2,5,1.0,2.0,92036,M,4892670.0,229463.0,92
201100046291,11,5,10,1035,1,2,3,1.0,7.0,92036,M,4893680.0,230366.0,92
201100046292,11,5,10,1505,1,2,1,1.0,7.0,92036,M,4892530.0,229075.0,92
201100046293,11,5,17,1635,1,1,2,1.0,3.0,92036,M,4894070.0,229150.0,92
201100046294,11,5,17,2040,2,2,1,1.0,3.0,92036,M,4892100.0,229128.0,92
201100046295,11,5,30,1810,1,1,1,1.0,2.0,92036,M,4894120.0,229365.0,92
201100046296,11,6,2,625,2,2,2,1.0,3.0,92036,M,4892310.0,232778.0,92
201100046297,11,6,10,1245,1,2,2,1.0,3.0,92036,M,4893680.0,230404.0,92
201100046298,11,6,14,1715,1,2,1,1.0,6.0,92036,M,4892540.0,230448.0,92
201100046299,11,6,16,1315,1,2,1,1.0,2.0,92036,M,4894060.0,230345.0,92
201100046300,11,6,26,1435,1,2,1,1.0,3.0,92036,M,4893410.0,231608.0,92
201100046301,11,6,27,1630,1,2,1,1.0,6.0,92036,M,4893710.0,225868.0,92
201100046302,11,6,29,615,1,1,2,1.0,3.0,92036,M,4893580.0,227977.0,92
201100046303,11,7,2,1405,1,2,1,1.0,1.0,92036,M,,,92
201100046304,11,7,2,1630,1,2,1,1.0,2.0,92036,M,,,92
201100046305,11,7,7,2020,1,2,1,1.0,3.0,92036,M,,,92
201100046306,11,7,11,1610,1,2,1,1.0,6.0,92036,M,,,92
201100046307,11,7,19,1440,1,2,2,2.0,3.0,92036,M,,,92
201100046308,11,7,23,2310,5,2,1,1.0,7.0,92036,M,,,92
201100046309,11,7,24,2145,2,2,5,1.0,3.0,92036,M,,,92
201100046310,11,8,5,2100,2,2,2,1.0,3.0,92036,M,,,92
201100046311,11,8,16,1540,1,2,1,1.0,3.0,92036,M,,,92
201100046312,11,8,24,1630,1,2,1,1.0,3.0,92036,M,,,92
201100046313,11,8,28,20,5,2,1,1.0,2.0,92036,M,,,92
201100046314,11,8,28,1910,1,2,1,1.0,3.0,92036,M,,,92
201100046315,11,8,30,905,1,2,2,1.0,3.0,92036,M,,,92
201100046316,11,8,31,1345,1,2,4,1.0,3.0,92036,M,,,92
201100046317,11,9,5,800,1,2,1,1.0,2.0,92036,M,,,92
201100046318,11,9,19,1245,1,2,3,1.0,3.0,92036,M,,,92
201100046319,11,9,20,1445,1,2,3,1.0,3.0,92036,M,,,92
201100046320,11,9,20,1520,1,2,5,1.0,3.0,92036,M,,,92
201100046321,11,9,26,900,2,1,1,1.0,4.0,92036,M,,,92
201100046322,11,10,1,1635,1,2,1,1.0,6.0,92036,M,,,92
201100046323,11,10,2,1740,1,2,2,1.0,3.0,92036,M,,,92
201100046324,11,10,5,2035,5,2,1,1.0,6.0,92036,M,,,92
201100046325,11,10,7,1535,1,2,1,1.0,1.0,92036,M,,,92
201100046326,11,10,9,1910,1,2,2,1.0,3.0,92036,M,,,92
201100046327,11,10,18,1810,1,2,1,3.0,6.0,92036,M,,,92
201100046328,11,10,20,1715,1,2,2,1.0,3.0,92036,M,,,92
201100046329,11,10,23,1415,1,2,1,1.0,7.0,92036,M,,,92
201100046330,11,10,23,1640,1,2,1,1.0,7.0,92036,M,,,92
201100046331,11,10,24,2000,5,2,1,1.0,6.0,92036,M,,,92
201100046332,11,10,25,1850,5,2,6,1.0,3.0,92036,M,,,92
201100046333,11,11,1,1820,5,2,1,1.0,7.0,92036,M,,,92
201100046334,11,11,8,1730,5,2,1,2.0,6.0,92036,M,,,92
201100046335,11,11,17,1340,1,2,1,1.0,6.0,92036,M,,,92
201100046336,11,11,18,1912,5,2,1,1.0,6.0,92036,M,,,92
201100046337,11,11,24,1710,5,2,1,1.0,1.0,92036,M,,,92
201100046338,11,11,25,750,2,2,1,1.0,7.0,92036,M,,,92
201100046339,11,12,5,1420,1,2,1,1.0,6.0,92036,M,,,92
201100046340,11,12,6,1705,5,2,1,2.0,6.0,92036,M,,,92
201100046341,11,12,20,2240,5,2,2,1.0,3.0,92036,M,,,92
201100046342,11,12,22,1930,5,1,2,1.0,6.0,92036,M,,,92
201100046343,11,12,30,1845,5,2,1,2.0,6.0,92040,M,,,92
201100046344,11,1,6,1738,5,2,3,2.0,6.0,92040,M,4882400.0,226273.0,92
201100046345,11,1,12,915,1,2,1,1.0,6.0,92040,M,4882770.0,226752.0,92
201100046346,11,1,14,1600,1,2,1,1.0,6.0,92040,M,4881980.0,227927.0,92
201100046347,11,1,24,1715,1,2,2,1.0,3.0,92040,M,4881660.0,227500.0,92
201100046348,11,2,2,830,1,2,1,1.0,6.0,92040,M,4882410.0,227348.0,92
201100046349,11,2,9,745,1,2,1,1.0,3.0,92040,M,4881930.0,227866.0,92
201100046350,11,2,10,930,1,2,6,8.0,3.0,92040,M,4882180.0,225028.0,92
201100046351,11,2,10,1335,1,2,5,1.0,3.0,92040,M,4882090.0,225985.0,92
201100046352,11,2,12,1300,1,2,2,1.0,7.0,92040,M,4882680.0,227901.0,92
201100046353,11,2,24,1845,5,2,1,1.0,6.0,92040,M,4882740.0,227724.0,92
201100046354,11,3,6,450,5,2,1,1.0,2.0,92040,M,4882280.0,225350.0,92
201100046355,11,3,19,1115,1,2,1,1.0,7.0,92040,M,4881940.0,224263.0,92
201100046356,11,3,22,1940,5,2,1,1.0,2.0,92040,M,4882980.0,226734.0,92
201100046357,11,3,23,1400,1,2,1,1.0,2.0,92040,M,4881900.0,225426.0,92
201100046358,11,3,23,2100,4,2,2,1.0,3.0,92040,M,4882450.0,227072.0,92
201100046359,11,4,11,1725,1,2,1,1.0,6.0,92040,M,4882760.0,227562.0,92
201100046360,11,4,26,940,1,2,1,1.0,2.0,92040,M,4882180.0,226378.0,92
201100046361,11,5,7,1315,1,2,2,1.0,3.0,92040,M,4882910.0,226373.0,92
201100046362,11,5,6,1925,1,2,1,1.0,6.0,92040,M,4881910.0,224967.0,92
201100046363,11,5,11,815,1,2,1,1.0,3.0,92040,M,4883420.0,226698.0,92
201100046364,11,5,13,1810,1,2,1,1.0,6.0,92040,M,4882360.0,227167.0,92
201100046365,11,5,20,910,1,2,1,1.0,3.0,92040,M,4882380.0,227420.0,92
201100046366,11,5,23,1850,1,2,3,1.0,3.0,92040,M,4882530.0,226770.0,92
201100046367,11,5,21,715,1,2,1,1.0,7.0,92040,M,4882780.0,226754.0,92
201100046368,11,5,31,1955,1,2,1,1.0,3.0,92040,M,4882280.0,226793.0,92
201100046369,11,6,7,1320,1,2,1,1.0,6.0,92040,M,4882190.0,225398.0,92
201100046370,11,6,10,1900,1,2,1,8.0,2.0,92040,M,4882010.0,226800.0,92
201100046371,11,6,10,2035,1,2,2,1.0,1.0,92040,M,4882460.0,226527.0,92
201100046372,11,6,12,2145,5,2,6,2.0,3.0,92040,M,4882180.0,225028.0,92
201100046373,11,6,12,2250,5,2,3,2.0,3.0,92040,M,4882030.0,224985.0,92
201100046374,11,6,17,1720,1,2,1,1.0,2.0,92040,M,4882140.0,225285.0,92
201100046375,11,6,30,55,5,2,1,1.0,7.0,92040,M,4882130.0,225557.0,92
201100046376,11,6,29,1940,1,2,1,1.0,3.0,92040,M,4882300.0,225388.0,92
201100046377,11,7,21,5,4,2,2,3.0,3.0,92040,M,,,92
201100046378,11,7,31,16,5,2,1,1.0,2.0,92040,M,,,92
201100046379,11,7,30,1745,1,2,1,1.0,5.0,92040,M,,,92
201100046380,11,7,30,1900,1,2,1,1.0,6.0,92040,M,,,92
201100046381,11,8,1,1000,1,2,1,1.0,2.0,92040,M,,,92
201100046382,11,8,9,1440,1,2,1,1.0,5.0,92040,M,,,92
201100046383,11,8,10,900,1,2,1,1.0,3.0,92040,M,,,92
201100046384,11,8,11,1735,1,2,3,1.0,3.0,92040,M,,,92
201100046385,11,8,24,950,1,2,1,1.0,2.0,92040,M,,,92
201100046386,11,8,30,1345,1,2,1,1.0,2.0,92040,M,,,92
201100046387,11,8,31,1635,1,2,1,1.0,6.0,92040,M,,,92
201100046388,11,9,3,1810,1,2,3,1.0,2.0,92040,M,,,92
201100046389,11,9,3,2000,5,2,1,3.0,3.0,92040,M,,,92
201100046390,11,9,5,1450,1,2,1,1.0,3.0,92040,M,,,92
201100046391,11,9,6,1745,1,2,1,1.0,3.0,92040,M,,,92
201100046392,11,9,7,2215,5,2,2,1.0,2.0,92040,M,,,92
201100046393,11,9,12,2010,1,2,1,1.0,3.0,92040,M,,,92
201100046394,11,9,17,1530,1,2,1,1.0,2.0,92040,M,,,92
201100046395,11,9,21,2330,5,2,1,1.0,7.0,92040,M,,,92
201100046396,11,9,21,1327,1,2,2,1.0,3.0,92040,M,,,92
201100046397,11,9,23,900,1,2,1,1.0,2.0,92040,M,,,92
201100046398,11,9,28,1620,1,2,1,1.0,6.0,92040,M,,,92
201100046399,11,10,1,345,5,2,1,1.0,7.0,92040,M,,,92
201100046400,11,10,3,1645,1,2,1,1.0,6.0,92040,M,,,92
201100046401,11,10,8,635,5,2,1,1.0,2.0,92040,M,,,92
201100046402,11,10,12,750,1,2,1,1.0,6.0,92040,M,,,92
201100046403,11,10,16,2010,5,2,1,1.0,6.0,92040,M,,,92
201100046404,11,10,18,800,1,2,1,1.0,3.0,92040,M,,,92
201100046405,11,10,26,730,2,2,3,1.0,3.0,92040,M,,,92
201100046406,11,10,27,1220,1,2,1,1.0,2.0,92040,M,,,92
201100046407,11,11,2,1500,1,2,1,1.0,6.0,92040,M,,,92
201100046408,11,11,4,730,1,2,1,1.0,3.0,92040,M,,,92
201100046409,11,11,9,1350,1,2,1,1.0,6.0,92040,M,,,92
201100046410,11,11,17,1830,5,2,3,1.0,3.0,92040,M,,,92
201100046411,11,11,23,1345,1,2,3,1.0,6.0,92040,M,,,92
201100046412,11,11,24,1235,1,2,2,1.0,5.0,92040,M,,,92
201100046413,11,12,9,1335,1,2,3,2.0,3.0,92040,M,,,92
201100046414,11,12,13,1640,1,2,1,8.0,5.0,92040,M,,,92
201100046415,11,12,14,1100,1,2,2,1.0,3.0,92040,M,,,92
201100046416,11,12,14,1515,1,2,2,1.0,6.0,92040,M,,,92
201100046417,11,12,14,1530,1,2,1,1.0,6.0,92040,M,,,92
201100046418,11,12,27,650,2,2,2,1.0,3.0,92040,M,,,92
201100046419,11,12,27,1745,5,2,1,1.0,3.0,92040,M,,,92
201100046420,11,12,31,1500,1,2,3,2.0,3.0,92044,M,,,92
201100046421,11,12,29,1440,1,2,1,1.0,6.0,92044,M,,,92
201100046422,11,1,5,1600,1,2,1,1.0,6.0,92044,M,4889540.0,229677.0,92
201100046423,11,1,10,1320,1,2,1,2.0,2.0,92044,M,4890110.0,228432.0,92
201100046424,11,1,6,1020,1,2,2,1.0,6.0,92044,M,4889300.0,228109.0,92
201100046425,11,1,13,1345,1,2,2,1.0,3.0,92044,M,4889130.0,228579.0,92
201100046426,11,1,15,1050,1,2,3,1.0,3.0,92044,M,4889680.0,227647.0,92
201100046427,11,1,17,730,2,2,2,1.0,3.0,92044,M,4889080.0,228116.0,92
201100046428,11,1,28,1150,1,2,1,1.0,3.0,92044,M,4889450.0,229813.0,92
201100046429,11,1,30,1235,1,2,2,1.0,3.0,92044,M,4889240.0,228520.0,92
201100046430,11,2,9,250,5,2,2,1.0,3.0,92044,M,4889540.0,228202.0,92
201100046431,11,2,7,1900,5,2,1,1.0,5.0,92044,M,4889930.0,229348.0,92
201100046432,11,2,15,1240,1,2,1,2.0,7.0,92044,M,4889340.0,227867.0,92
201100046433,11,2,15,1845,5,2,1,1.0,3.0,92044,M,4889910.0,229369.0,92
201100046434,11,2,19,1700,1,2,3,2.0,3.0,92044,M,4890030.0,229269.0,92
201100046435,11,2,23,1510,1,2,1,1.0,6.0,92044,M,,,92
201100046436,11,2,24,1040,1,2,2,2.0,6.0,92044,M,4889170.0,228673.0,92
201100046437,11,2,25,953,1,2,2,1.0,3.0,92044,M,4889710.0,228930.0,92
201100046438,11,3,1,1920,5,2,1,1.0,6.0,92044,M,4889540.0,228340.0,92
201100046439,11,3,7,1825,2,2,1,1.0,6.0,92044,M,4889370.0,229924.0,92
201100046440,11,3,8,900,1,2,1,1.0,3.0,92044,M,4889710.0,229241.0,92
201100046441,11,3,9,1200,1,2,1,1.0,6.0,92044,M,4889680.0,229568.0,92
201100046442,11,3,11,1035,1,2,1,1.0,2.0,92044,M,4888850.0,228965.0,92
201100046443,11,3,14,1705,1,2,3,1.0,6.0,92044,M,4889680.0,227647.0,92
201100046444,11,3,15,1450,1,2,2,1.0,6.0,92044,M,4889100.0,228739.0,92
201100046445,11,3,31,1320,1,2,7,2.0,6.0,92044,M,4889650.0,229777.0,92
201100046446,11,4,1,1500,1,2,2,1.0,3.0,92044,M,4889740.0,229066.0,92
201100046447,11,4,6,1545,1,2,1,1.0,6.0,92044,M,4889280.0,228964.0,92
201100046448,11,4,12,1010,1,2,1,1.0,3.0,92044,M,,,92
201100046449,11,4,18,905,1,2,1,1.0,2.0,92044,M,4889450.0,229552.0,92
201100046450,11,4,26,1725,1,2,1,1.0,6.0,92044,M,4889600.0,229646.0,92
201100046451,11,4,26,1450,1,2,2,1.0,3.0,92044,M,4889660.0,228095.0,92
201100046452,11,4,27,1640,1,2,2,1.0,6.0,92044,M,4889640.0,229150.0,92
201100046453,11,4,27,1740,1,2,1,1.0,6.0,92044,M,4889540.0,227893.0,92
201100046454,11,5,4,825,1,2,1,1.0,6.0,92044,M,4889710.0,227427.0,92
201100046455,11,5,7,1510,1,2,1,1.0,7.0,92044,M,4889270.0,229191.0,92
201100046456,11,5,8,1450,1,2,2,1.0,3.0,92044,M,4889380.0,228344.0,92
201100046457,11,5,7,1805,1,2,1,1.0,6.0,92044,M,4889040.0,229368.0,92
201100046458,11,4,29,1105,1,2,1,1.0,6.0,92044,M,4889650.0,228979.0,92
201100046459,11,4,30,2130,1,2,3,1.0,3.0,92044,M,4889700.0,228193.0,92
201100046460,11,5,10,1340,1,2,2,1.0,6.0,92044,M,4889210.0,228462.0,92
201100046461,11,5,13,955,1,2,2,1.0,3.0,92044,M,4889070.0,228435.0,92
201100046462,11,5,13,1400,1,2,2,1.0,6.0,92044,M,4889540.0,228202.0,92
201100046463,11,5,13,1650,1,2,2,1.0,3.0,92044,M,4889320.0,228537.0,92
201100046464,11,5,31,1005,1,2,3,1.0,7.0,92044,M,4888890.0,229056.0,92
201100046465,11,5,31,1420,1,2,1,1.0,3.0,92044,M,4889850.0,228809.0,92
201100046466,11,5,31,1800,1,2,2,1.0,6.0,92044,M,4889440.0,227967.0,92
201100046467,11,6,5,335,5,2,2,2.0,3.0,92044,M,4889890.0,228772.0,92
201100046468,11,6,6,1220,1,2,2,1.0,6.0,92044,M,4889590.0,229648.0,92
201100046469,11,6,8,1400,1,2,3,1.0,6.0,92044,M,4889360.0,227731.0,92
201100046470,11,6,10,2225,2,2,1,1.0,6.0,92044,M,4889920.0,229355.0,92
201100046471,11,6,15,1750,1,2,1,1.0,6.0,92044,M,4889470.0,229598.0,92
201100046472,11,6,20,1225,1,2,2,1.0,3.0,92044,M,4889170.0,228355.0,92
201100046473,11,6,21,2300,5,2,2,1.0,1.0,92044,M,4888990.0,229243.0,92
201100046474,11,6,21,1900,1,2,1,1.0,6.0,92044,M,4889920.0,228425.0,92
201100046475,11,6,22,2010,1,2,1,1.0,6.0,92044,M,4888940.0,228368.0,92
201100046476,11,6,22,910,1,2,1,1.0,2.0,92044,M,4889210.0,228452.0,92
201100046477,11,6,23,920,1,2,2,1.0,3.0,92044,M,4889170.0,228355.0,92
201100046478,11,6,28,1130,1,2,1,1.0,3.0,92044,M,4889670.0,229576.0,92
201100046479,11,6,29,1100,1,2,1,1.0,6.0,92044,M,4889230.0,229356.0,92
201100046480,11,7,5,850,1,2,2,1.0,3.0,92044,M,,,92
201100046481,11,6,27,922,1,2,3,1.0,3.0,92044,M,4890130.0,228581.0,92
201100046482,11,7,11,1950,1,2,2,1.0,3.0,92044,M,,,92
201100046483,11,7,14,1115,1,2,1,1.0,2.0,92044,M,,,92
201100046484,11,7,20,1800,1,2,2,1.0,5.0,92044,M,,,92
201100046485,11,7,29,1750,1,2,2,1.0,3.0,92044,M,,,92
201100046486,11,9,7,630,2,2,1,1.0,7.0,92044,M,,,92
201100046487,11,9,6,1900,1,2,1,1.0,3.0,92044,M,,,92
201100046488,11,8,28,1545,1,2,1,1.0,6.0,92044,M,,,92
201100046489,11,8,28,2035,2,2,1,1.0,7.0,92044,M,,,92
201100046490,11,8,19,1530,1,2,2,1.0,3.0,92044,M,,,92
201100046491,11,8,31,1720,1,2,2,1.0,6.0,92044,M,,,92
201100046492,11,9,1,845,1,2,1,1.0,2.0,92044,M,,,92
201100046493,11,9,22,1230,1,2,1,1.0,7.0,92044,M,,,92
201100046494,11,10,12,1416,1,2,1,1.0,6.0,92044,M,,,92
201100046495,11,10,13,1050,1,2,2,1.0,6.0,92044,M,,,92
201100046496,11,9,28,35,5,2,1,1.0,6.0,92044,M,,,92
201100046497,11,10,20,1230,1,2,1,1.0,3.0,92044,M,,,92
201100046498,11,10,24,1150,1,2,1,1.0,3.0,92044,M,,,92
201100046499,11,10,25,1915,5,2,2,2.0,6.0,92044,M,,,92
201100046500,11,10,29,1445,1,2,2,1.0,3.0,92044,M,,,92
201100046501,11,10,31,1250,1,2,2,1.0,3.0,92044,M,,,92
201100046502,11,11,8,1740,5,2,3,2.0,6.0,92044,M,,,92
201100046503,11,11,14,1415,1,2,7,1.0,6.0,92044,M,,,92
201100046504,11,11,15,1830,5,2,2,1.0,3.0,92044,M,,,92
201100046505,11,11,22,1225,1,2,1,1.0,6.0,92044,M,,,92
201100046506,11,11,21,1320,1,2,1,1.0,2.0,92044,M,,,92
201100046507,11,11,29,925,1,2,2,1.0,3.0,92044,M,,,92
201100046508,11,12,3,420,5,2,2,1.0,3.0,92044,M,,,92
201100046509,11,12,8,1450,1,2,1,2.0,6.0,92044,M,,,92