Num_Acc,an,mois,jour,hrmn,lum,agg,int,atm,col,com,gps,lat,long,dep
201100046510,11,12,9,1040,1,2,9,2.0,6.0,92044,M,,,92
201100046511,11,12,9,1210,1,2,1,2.0,3.0,92044,M,,,92
201100046512,11,12,12,1100,1,2,2,1.0,6.0,92044,M,,,92
201100046513,11,12,15,1040,1,2,1,1.0,2.0,92044,M,,,92
201100046514,11,12,27,1615,1,2,2,1.0,3.0,92044,M,,,92
201100046515,11,1,3,1905,5,2,1,1.0,3.0,92048,M,4878780.0,221692.0,92
201100046516,11,1,20,830,1,2,1,1.0,7.0,92048,M,4882090.0,223557.0,92
201100046517,11,1,22,1750,1,2,2,2.0,7.0,92048,M,4880770.0,223604.0,92
201100046518,11,2,16,925,1,2,1,1.0,6.0,92048,M,4880770.0,224022.0,92
201100046519,11,3,1,1830,2,2,3,1.0,3.0,92048,M,4881860.0,223135.0,92
201100046520,11,3,19,2205,5,2,1,1.0,1.0,92048,M,4880590.0,223575.0,92
201100046521,11,4,16,1640,1,2,3,1.0,3.0,92048,M,4878910.0,223321.0,92
201100046522,11,4,18,1200,1,2,7,1.0,7.0,92048,M,4881770.0,222961.0,92
201100046523,11,4,29,1703,1,2,1,1.0,7.0,92048,M,4881610.0,223036.0,92
201100046524,11,4,29,1650,1,2,1,1.0,2.0,92048,M,4881830.0,222957.0,92
201100046525,11,4,27,930,1,2,1,1.0,3.0,92048,M,4881750.0,222933.0,92
201100046526,11,5,10,2230,5,2,1,1.0,3.0,92048,M,4882020.0,224277.0,92
201100046527,11,5,14,1855,1,2,7,1.0,6.0,92048,M,4881490.0,223426.0,92
201100046528,11,5,13,1220,1,2,3,1.0,6.0,92048,M,4880970.0,223615.0,92
201100046529,11,5,17,1400,1,2,1,1.0,2.0,92048,M,4878780.0,221674.0,92
201100046530,11,5,19,1915,1,2,2,1.0,6.0,92048,M,4881000.0,223166.0,92
201100046531,11,5,27,1845,1,2,3,1.0,6.0,92048,M,4880780.0,223502.0,92
201100046532,11,6,2,1215,1,2,1,1.0,3.0,92048,M,4878460.0,222643.0,92
201100046533,11,6,8,1555,1,2,2,1.0,6.0,92048,M,4880770.0,223604.0,92
201100046534,11,6,14,1155,1,2,3,1.0,6.0,92048,M,4878760.0,223396.0,92
201100046535,11,6,14,2030,1,2,6,1.0,6.0,92048,M,4882020.0,224277.0,92
201100046536,11,6,14,1700,1,2,1,1.0,6.0,92048,M,4878700.0,223162.0,92
201100046537,11,6,17,950,1,2,1,1.0,3.0,92048,M,4878740.0,223304.0,92
201100046538,11,7,2,1920,1,2,4,1.0,7.0,92048,M,,,92
201100046539,11,7,12,1445,1,2,2,1.0,6.0,92048,M,,,92
201100046540,11,7,17,1130,1,1,3,1.0,1.0,92048,M,,,92
201100046541,11,8,4,205,5,2,4,1.0,6.0,92048,M,,,92
201100046542,11,6,17,1205,1,1,1,1.0,6.0,92048,M,,,92
201100046543,11,8,10,1730,1,2,1,1.0,2.0,92048,M,,,92
201100046544,11,8,26,1835,1,2,1,1.0,6.0,92048,M,,,92
201100046545,11,8,28,1145,1,2,3,1.0,2.0,92048,M,,,92
201100046546,11,9,9,1820,1,2,1,1.0,6.0,92048,M,,,92
201100046547,11,9,12,1605,1,1,1,1.0,7.0,92048,M,,,92
201100046548,11,9,19,2000,5,2,1,1.0,6.0,92048,M,,,92
201100046549,11,9,24,1725,1,2,2,1.0,6.0,92048,M,,,92
201100046550,11,10,5,1730,1,2,1,1.0,3.0,92048,M,,,92
201100046551,11,11,3,730,2,2,1,1.0,7.0,92048,M,,,92
201100046552,11,11,5,345,5,2,1,2.0,7.0,92048,M,,,92
201100046553,11,11,9,735,2,2,3,1.0,7.0,92048,M,,,92
201100046554,11,11,8,1800,5,2,4,2.0,6.0,92048,M,,,92
201100046555,11,11,10,1120,1,1,1,1.0,7.0,92048,M,,,92
201100046556,11,11,16,1430,1,2,1,1.0,3.0,92048,M,,,92
201100046557,11,11,16,945,1,2,3,5.0,1.0,92048,M,,,92
201100046558,11,11,18,1530,1,2,1,1.0,2.0,92048,M,,,92
201100046559,11,11,25,2000,5,2,3,1.0,3.0,92048,M,,,92
201100046560,11,11,29,1600,1,2,1,1.0,7.0,92048,M,,,92
201100046561,11,12,5,1845,5,2,3,1.0,6.0,92048,M,,,92
201100046562,11,12,5,1725,5,2,1,2.0,6.0,92048,M,,,92
201100046563,11,12,4,1800,1,2,1,1.0,7.0,92048,M,,,92
201100046564,11,12,16,915,5,2,1,2.0,6.0,92048,M,,,92
201100046565,11,12,16,740,5,2,1,2.0,6.0,92048,M,,,92
201100046566,11,12,21,615,5,2,6,2.0,6.0,92048,M,,,92
201100046567,11,1,5,2015,5,2,1,3.0,3.0,92020,M,4880180.0,228731.0,92
201100046568,11,1,6,1300,2,2,1,2.0,6.0,92049,M,4881880.0,232569.0,92
201100046569,11,1,18,1720,2,2,1,8.0,6.0,92020,M,4880160.0,228464.0,92
201100046570,11,1,21,2000,5,2,2,1.0,3.0,92049,M,4881760.0,232547.0,92
201100046571,11,1,24,815,1,2,1,1.0,6.0,92049,M,4881680.0,230669.0,92
201100046572,11,1,29,1125,1,2,1,1.0,6.0,92049,M,4881210.0,230084.0,92
201100046573,11,2,1,2050,5,2,1,1.0,3.0,92020,M,4880260.0,228785.0,92
201100046574,11,2,4,950,1,2,3,1.0,3.0,92049,M,4881710.0,233141.0,92
201100046575,11,2,5,1210,1,2,1,1.0,3.0,92020,M,4880320.0,228729.0,92
201100046576,11,2,5,1325,1,2,1,1.0,7.0,92049,M,4881670.0,230656.0,92
201100046577,11,2,6,15,5,2,2,1.0,3.0,92020,M,4880340.0,228441.0,92
201100046578,11,2,17,1825,5,2,1,1.0,6.0,92049,M,4881920.0,231537.0,92
201100046579,11,2,17,2100,5,2,1,1.0,6.0,92020,M,4881010.0,229876.0,92
201100046580,11,2,18,1130,1,2,2,1.0,3.0,92049,M,4881750.0,232565.0,92
201100046581,11,2,18,1920,5,2,1,6.0,7.0,92020,M,4879750.0,228183.0,92
201100046582,11,2,21,1900,5,2,1,2.0,2.0,92049,M,4881330.0,230629.0,92
201100046583,11,2,22,1700,1,2,1,7.0,6.0,92049,M,4881500.0,230409.0,92
201100046584,11,3,2,1200,1,2,1,1.0,3.0,92049,M,4881800.0,231748.0,92
201100046585,11,3,2,1530,1,2,2,1.0,3.0,92020,M,4880450.0,228960.0,92
201100046586,11,3,3,855,1,2,1,1.0,6.0,92049,M,4881410.0,230756.0,92
201100046587,11,3,3,2225,5,2,2,1.0,3.0,92049,M,4881480.0,231919.0,92
201100046588,11,3,4,1145,1,2,1,1.0,2.0,92049,M,4881540.0,232562.0,92
201100046589,11,3,7,1000,1,2,2,1.0,5.0,92020,M,4880980.0,229805.0,92
201100046590,11,3,7,1650,1,2,1,1.0,6.0,92020,M,4879780.0,227825.0,92
201100046591,11,3,9,800,1,2,1,1.0,6.0,92049,M,4881550.0,231108.0,92
201100046592,11,3,9,1810,1,2,2,1.0,6.0,92049,M,4881360.0,230680.0,92
201100046593,11,3,10,1920,5,2,1,1.0,3.0,92049,M,4881720.0,232931.0,92
201100046594,11,3,15,1800,1,2,1,1.0,2.0,92049,M,4881380.0,231024.0,92
201100046595,11,3,21,1757,1,2,3,1.0,2.0,92049,M,4881210.0,232627.0,92
201100046596,11,3,24,930,1,2,1,1.0,3.0,92049,M,4881480.0,230584.0,92
201100046597,11,3,24,1415,1,2,1,1.0,3.0,92049,M,4881920.0,232318.0,92
201100046598,11,4,5,905,1,2,1,1.0,3.0,92020,M,4879660.0,227948.0,92
201100046599,11,4,6,705,2,2,1,1.0,4.0,92049,M,4881360.0,230220.0,92
201100046600,11,4,6,1000,1,2,2,1.0,3.0,92020,M,4880600.0,227885.0,92
201100046601,11,4,6,1315,1,2,1,1.0,3.0,92049,M,4881000.0,231568.0,92
201100046602,11,4,7,800,1,2,1,1.0,6.0,92020,M,4879660.0,227948.0,92
201100046603,11,4,10,830,1,2,2,1.0,3.0,92049,M,4881850.0,231962.0,92
201100046604,11,4,10,1255,1,2,1,7.0,6.0,92020,M,4880680.0,229328.0,92
201100046605,11,4,11,1245,1,2,1,1.0,6.0,92020,M,4880920.0,229439.0,92
201100046606,11,4,15,2015,2,2,3,1.0,5.0,92049,M,4881020.0,231277.0,92
201100046607,11,4,19,1920,1,2,3,1.0,3.0,92049,M,4881040.0,231122.0,92
201100046608,11,4,20,1145,1,2,1,1.0,3.0,92049,M,4881020.0,231370.0,92
201100046609,11,4,29,700,1,2,2,1.0,3.0,92020,M,4879980.0,228576.0,92
201100046610,11,5,6,1730,1,2,1,1.0,6.0,92020,M,4880720.0,228444.0,92
201100046611,11,5,7,1628,1,2,4,1.0,3.0,92049,M,4881830.0,230869.0,92
201100046612,11,5,13,1430,1,2,1,1.0,3.0,92049,M,4881820.0,232113.0,92
201100046613,11,5,14,2245,5,2,1,1.0,6.0,92020,M,4880870.0,229678.0,92
201100046614,11,5,18,1625,1,2,1,1.0,6.0,92049,M,4881850.0,231963.0,92
201100046615,11,5,22,205,5,2,1,1.0,1.0,92020,M,4880820.0,229589.0,92
201100046616,11,5,23,905,1,2,3,1.0,3.0,92049,M,4881710.0,233078.0,92
201100046617,11,5,30,835,1,2,1,1.0,3.0,92049,M,4881350.0,230476.0,92
201100046618,11,6,3,755,1,2,3,1.0,3.0,92049,M,4881830.0,230869.0,92
201100046619,11,6,3,1320,1,2,2,1.0,3.0,92049,M,4880960.0,232544.0,92
201100046620,11,6,10,905,1,2,1,1.0,2.0,92049,M,4881510.0,230938.0,92
201100046621,11,6,10,2135,2,2,2,1.0,3.0,92049,M,4881500.0,230919.0,92
201100046622,11,6,15,2200,5,2,4,1.0,7.0,92049,M,4881160.0,230316.0,92
201100046623,11,6,16,1825,1,2,1,1.0,3.0,92020,M,4881050.0,228192.0,92
201100046624,11,6,17,840,1,2,1,1.0,6.0,92049,M,4881400.0,230715.0,92
201100046625,11,6,19,1255,1,2,1,1.0,3.0,92020,M,4881050.0,229918.0,92
201100046626,11,6,24,1420,1,2,1,1.0,2.0,92020,M,4880210.0,228551.0,92
201100046627,11,6,24,2240,5,2,3,1.0,3.0,92049,M,4881330.0,231891.0,92
201100046628,11,6,25,1010,1,2,1,1.0,3.0,92049,M,4881250.0,232596.0,92
201100046629,11,6,25,2010,1,2,3,1.0,2.0,92049,M,,,92
201100046630,11,7,2,2255,3,2,1,1.0,6.0,92020,M,,,92
201100046631,11,7,4,840,1,2,6,1.0,6.0,92020,M,,,92
201100046632,11,7,9,1555,1,2,2,1.0,7.0,92049,M,,,92
201100046633,11,7,11,600,1,2,1,1.0,2.0,92020,M,,,92
201100046634,11,7,13,1155,1,2,1,1.0,3.0,92020,M,,,92
201100046635,11,7,16,700,1,2,1,1.0,7.0,92020,M,,,92
201100046636,11,7,16,2125,5,2,2,3.0,2.0,92049,M,,,92
201100046637,11,7,16,2215,5,2,5,3.0,3.0,92049,M,,,92
201100046638,11,7,18,555,2,2,6,1.0,2.0,92049,M,,,92
201100046639,11,7,18,2000,1,1,1,1.0,7.0,92049,M,,,92
201100046640,11,7,19,1610,1,2,1,2.0,3.0,92020,M,,,92
201100046641,11,7,20,1800,1,2,1,1.0,3.0,92020,M,,,92
201100046642,11,7,20,2025,1,2,2,1.0,6.0,92020,M,,,92
201100046643,11,7,22,1750,1,2,1,1.0,3.0,92049,M,,,92
201100046644,11,7,31,1735,1,2,1,1.0,6.0,92020,M,,,92
201100046645,11,7,31,2300,5,2,3,1.0,3.0,92049,M,,,92
201100046646,11,8,3,1440,1,2,1,1.0,6.0,92020,M,,,92
201100046647,11,8,6,620,2,2,2,1.0,3.0,92049,M,,,92
201100046648,11,8,11,1345,1,2,2,1.0,3.0,92049,M,,,92
201100046649,11,8,20,1920,1,2,2,1.0,3.0,92020,M,,,92
201100046650,11,8,20,2230,5,2,1,1.0,1.0,92020,M,,,92
201100046651,11,8,22,1950,1,2,1,1.0,6.0,92020,M,,,92
201100046652,11,8,25,1650,1,2,2,1.0,1.0,92020,M,,,92
201100046653,11,9,2,1710,1,2,1,1.0,3.0,92020,M,,,92
201100046654,11,9,4,820,1,2,2,2.0,3.0,92020,M,,,92
201100046655,11,9,6,1330,1,2,1,1.0,6.0,92049,M,,,92
201100046656,11,9,8,910,1,2,1,1.0,3.0,92020,M,,,92
201100046657,11,9,13,1830,1,2,1,1.0,2.0,92049,M,,,92
201100046658,11,9,16,800,1,2,1,1.0,3.0,92049,M,,,92
201100046659,11,9,17,2120,5,2,1,2.0,4.0,92049,M,,,92
201100046660,11,9,18,15,5,2,1,1.0,7.0,92049,M,,,92
201100046661,11,9,19,2310,5,2,2,1.0,3.0,92049,M,,,92
201100046662,11,9,20,1945,2,2,2,1.0,3.0,92049,M,,,92
201100046663,11,9,22,945,1,2,1,1.0,2.0,92049,M,,,92
201100046664,11,9,22,2115,2,2,2,1.0,2.0,92049,M,,,92
201100046665,11,9,27,2035,5,2,2,1.0,3.0,92020,M,,,92
201100046666,11,9,28,1155,1,2,3,1.0,6.0,92049,M,,,92
201100046667,11,10,6,1110,1,2,1,1.0,7.0,92020,M,,,92
201100046668,11,10,12,2000,5,2,1,1.0,3.0,92049,M,,,92
201100046669,11,10,14,1215,1,2,2,1.0,3.0,92049,M,,,92
201100046670,11,10,15,1520,1,2,1,1.0,2.0,92049,M,,,92
201100046671,11,10,16,1350,1,2,2,1.0,3.0,92049,M,,,92
201100046672,11,10,14,1555,1,2,1,1.0,7.0,92049,M,,,92
201100046673,11,10,19,1135,1,2,1,1.0,3.0,92049,M,,,92
201100046674,11,10,24,1300,1,2,1,1.0,3.0,92020,M,,,92
201100046675,11,10,25,850,1,2,1,2.0,3.0,92049,M,,,92
201100046676,11,10,28,900,1,2,1,1.0,3.0,92049,M,,,92
201100046677,11,10,30,1920,5,2,1,1.0,6.0,92049,M,,,92
201100046678,11,10,31,1010,1,2,1,1.0,3.0,92049,M,,,92
201100046679,11,11,3,810,1,2,1,2.0,6.0,92049,M,,,92
201100046680,11,11,6,810,1,2,1,1.0,3.0,92049,M,,,92
201100046681,11,11,6,2100,5,2,1,8.0,6.0,92020,M,,,92
201100046682,11,11,16,1710,1,2,2,1.0,7.0,92049,M,,,92
201100046683,11,11,17,820,1,2,1,1.0,2.0,92049,M,,,92
201100046684,11,11,21,1705,2,2,2,1.0,3.0,92020,M,,,92
201100046685,11,11,24,845,1,2,1,1.0,3.0,92020,M,,,92
201100046686,11,11,26,1330,1,2,1,1.0,6.0,92049,M,,,92
201100046687,11,11,29,1750,5,2,3,1.0,3.0,92049,M,,,92
201100046688,11,12,8,1115,1,2,1,2.0,5.0,92020,M,,,92
201100046689,11,12,8,1315,1,2,1,2.0,6.0,92020,M,,,92
201100046690,11,12,10,2020,5,2,1,1.0,6.0,92049,M,,,92
201100046691,11,12,16,1030,1,2,2,3.0,6.0,92049,M,,,92
201100046692,11,12,18,1635,2,2,1,1.0,6.0,92020,M,,,92
201100046693,11,1,3,1930,5,2,2,8.0,3.0,92050,M,4889370.0,221194.0,92
201100046694,11,1,8,1815,5,2,1,2.0,6.0,92050,M,4890950.0,221722.0,92
201100046695,11,1,12,1850,5,2,2,2.0,6.0,92050,M,4890120.0,222527.0,92
201100046696,11,1,16,1910,5,2,1,9.0,1.0,92050,M,4888010.0,221958.0,92
201100046697,11,1,18,900,1,2,1,1.0,6.0,92050,M,4889570.0,222179.0,92
201100046698,11,1,19,2000,5,2,2,9.0,3.0,92050,M,4889480.0,219247.0,92
201100046699,11,1,25,1120,1,2,1,8.0,2.0,92050,M,4888520.0,219540.0,92
201100046700,11,2,1,2200,5,2,3,2.0,3.0,92050,M,4888700.0,220067.0,92
201100046701,11,2,9,950,1,2,1,8.0,3.0,92050,M,4889800.0,222049.0,92
201100046702,11,2,10,810,1,2,3,8.0,3.0,92050,M,4887800.0,220487.0,92
201100046703,11,2,11,2020,5,2,1,9.0,3.0,92050,M,4889560.0,222802.0,92
201100046704,11,2,12,920,1,2,2,9.0,6.0,92050,M,4889380.0,221204.0,92
201100046705,11,2,9,1815,5,2,1,9.0,6.0,92050,M,4888500.0,219480.0,92
201100046706,11,2,15,1940,5,2,1,2.0,6.0,92050,M,4890380.0,220749.0,92
201100046707,11,2,17,1305,1,2,2,9.0,3.0,92050,M,4888970.0,218679.0,92
201100046708,11,3,2,2010,5,2,1,1.0,6.0,92050,M,4888750.0,219889.0,92
201100046709,11,3,4,1345,1,2,2,1.0,3.0,92050,M,4889370.0,221199.0,92
201100046710,11,3,9,115,3,2,1,1.0,7.0,92050,M,4889710.0,222495.0,92
201100046711,11,3,11,920,1,2,5,1.0,7.0,92050,M,4887870.0,221078.0,92
201100046712,11,3,21,900,1,2,2,1.0,2.0,92050,M,4888610.0,221373.0,92
201100046713,11,3,24,2000,5,2,1,9.0,6.0,92050,M,4889920.0,220908.0,92
201100046714,11,3,28,715,1,2,4,1.0,6.0,92050,M,4890080.0,219922.0,92
201100046715,11,3,26,1630,1,2,6,1.0,2.0,92050,M,4888700.0,220067.0,92
201100046716,11,3,29,1710,1,2,1,3.0,6.0,92050,M,4889160.0,221486.0,92
201100046717,11,3,31,1330,1,2,6,1.0,3.0,92050,M,4889680.0,220133.0,92
201100046718,11,4,4,1420,1,2,1,1.0,2.0,92050,M,4891990.0,222140.0,92
201100046719,11,4,1,1730,1,2,1,1.0,7.0,92050,M,4889570.0,221545.0,92
201100046720,11,4,11,1910,1,2,1,1.0,6.0,92050,M,4889040.0,222605.0,92
201100046721,11,4,13,855,1,2,1,1.0,6.0,92050,M,4889520.0,222172.0,92
201100046722,11,4,14,840,1,2,1,1.0,2.0,92050,M,4889280.0,221021.0,92
201100046723,11,4,14,1945,1,2,2,1.0,5.0,92050,M,4888380.0,220341.0,92
201100046724,11,4,15,910,1,2,1,1.0,3.0,92050,M,4888600.0,221496.0,92
201100046725,11,4,15,2320,5,2,1,1.0,3.0,92050,M,4888960.0,222990.0,92
201100046726,11,4,19,2045,2,2,1,1.0,2.0,92050,M,4891890.0,222273.0,92
201100046727,11,4,20,1440,1,2,5,9.0,1.0,92050,M,4889760.0,219090.0,92
201100046728,11,4,25,1500,1,2,1,1.0,6.0,92050,M,4891000.0,221828.0,92
201100046729,11,4,22,1620,1,2,1,1.0,3.0,92050,M,4888920.0,221507.0,92
201100046730,11,4,29,1855,1,2,3,7.0,3.0,92050,M,4889240.0,218031.0,92
201100046731,11,4,28,1930,1,2,1,1.0,3.0,92050,M,4889630.0,222578.0,92
201100046732,11,5,4,1245,1,2,3,1.0,2.0,92050,M,4889260.0,219874.0,92
201100046733,11,5,2,1130,1,2,2,1.0,3.0,92050,M,4890400.0,221895.0,92
201100046734,11,5,9,800,1,2,1,1.0,6.0,92050,M,4888620.0,221248.0,92
201100046735,11,5,9,1645,1,2,5,7.0,3.0,92050,M,4888640.0,220931.0,92
201100046736,11,5,13,2015,1,2,1,1.0,7.0,92050,M,4888950.0,222164.0,92
201100046737,11,5,15,1915,1,2,1,1.0,6.0,92050,M,4888670.0,220637.0,92
201100046738,11,5,18,1330,1,2,1,1.0,7.0,92050,M,4888430.0,220818.0,92
201100046739,11,5,18,1920,1,2,1,1.0,6.0,92050,M,4888810.0,219395.0,92
201100046740,11,5,22,2130,5,2,1,1.0,3.0,92050,M,4888570.0,221886.0,92
201100046741,11,5,23,1630,1,2,1,7.0,7.0,92050,M,4888240.0,219931.0,92
201100046742,11,5,24,1820,1,2,1,1.0,3.0,92050,M,4888590.0,221636.0,92
201100046743,11,5,25,1030,1,2,1,7.0,7.0,92050,M,4889670.0,222451.0,92
201100046744,11,5,25,2000,1,2,6,1.0,3.0,92050,M,4889590.0,221545.0,92
201100046745,11,5,28,1600,1,2,2,1.0,3.0,92050,M,4889380.0,221209.0,92
201100046746,11,6,2,2350,5,2,3,1.0,7.0,92050,M,4889210.0,218661.0,92
201100046747,11,6,10,610,1,2,2,1.0,7.0,92050,M,4890260.0,222765.0,92
201100046748,11,6,10,1525,1,2,1,9.0,3.0,92050,M,4888570.0,221876.0,92
201100046749,11,6,10,1415,1,2,2,2.0,6.0,92050,M,4890120.0,222527.0,92
201100046750,11,6,13,1945,1,2,2,2.0,5.0,92050,M,4889720.0,222459.0,92
201100046751,11,6,17,1120,1,2,1,1.0,1.0,92050,M,4888620.0,221286.0,92
201100046752,11,6,18,1120,1,2,1,1.0,3.0,92050,M,4888360.0,221564.0,92
201100046753,11,6,20,830,1,2,1,1.0,6.0,92050,M,4889960.0,222237.0,92
201100046754,11,6,20,1620,1,2,2,1.0,1.0,92050,M,4889380.0,221209.0,92
201100046755,11,6,27,800,1,2,2,7.0,3.0,92050,M,4888930.0,220421.0,92
201100046756,11,6,28,1630,1,2,2,8.0,3.0,92050,M,4888380.0,220341.0,92
201100046757,11,6,28,1625,1,2,1,1.0,7.0,92050,M,,,92
201100046758,11,6,29,655,2,2,3,8.0,3.0,92050,M,4891750.0,222170.0,92
201100046759,11,6,29,2100,2,2,2,1.0,3.0,92050,M,4889770.0,219654.0,92
201100046760,11,7,5,2325,3,1,1,1.0,5.0,92050,M,,,92
201100046761,11,7,4,1305,1,2,1,7.0,2.0,92050,M,,,92
201100046762,11,7,8,900,1,2,3,8.0,2.0,92050,M,,,92
201100046763,11,7,15,2230,4,2,2,1.0,3.0,92050,M,,,92
201100046764,11,7,20,1650,1,2,3,2.0,2.0,92050,M,,,92
201100046765,11,7,25,1510,1,2,1,2.0,3.0,92050,M,,,92
201100046766,11,7,24,2105,1,2,1,1.0,6.0,92050,M,,,92
201100046767,11,7,28,620,1,2,2,9.0,3.0,92050,M,,,92
201100046768,11,7,28,1950,1,2,3,2.0,3.0,92050,M,,,92
201100046769,11,8,15,2055,2,2,1,1.0,6.0,92050,M,,,92
201100046770,11,8,16,1100,1,2,6,1.0,3.0,92050,M,,,92
201100046771,11,8,23,2040,1,2,1,1.0,2.0,92050,M,,,92
201100046772,11,8,29,1450,1,2,1,7.0,7.0,92050,M,,,92
201100046773,11,8,30,1730,1,2,3,1.0,3.0,92050,M,,,92
201100046774,11,9,8,850,1,2,1,9.0,7.0,92050,M,,,92
201100046775,11,9,9,1610,1,2,2,1.0,6.0,92050,M,,,92
201100046776,11,9,10,1240,1,2,1,1.0,4.0,92050,M,,,92
201100046777,11,9,12,800,1,2,1,1.0,2.0,92050,M,,,92
201100046778,11,9,13,1050,1,2,2,8.0,7.0,92050,M,,,92
201100046779,11,9,16,1850,1,2,3,9.0,6.0,92050,M,,,92
201100046780,11,9,19,905,1,2,1,9.0,6.0,92050,M,,,92
201100046781,11,9,23,1025,1,2,1,9.0,6.0,92050,M,,,92
201100046782,11,9,22,1050,1,2,5,1.0,3.0,92050,M,,,92
201100046783,11,9,24,2220,5,2,6,9.0,3.0,92050,M,,,92
201100046784,11,9,28,1300,1,2,1,7.0,3.0,92050,M,,,92
201100046785,11,9,28,1850,1,2,6,9.0,7.0,92050,M,,,92
201100046786,11,10,4,720,1,2,1,9.0,2.0,92050,M,,,92
201100046787,11,10,6,1330,1,2,2,2.0,3.0,92050,M,,,92
201100046788,11,10,6,1900,2,2,3,8.0,7.0,92050,M,,,92
201100046789,11,10,10,1340,1,2,1,9.0,3.0,92050,M,,,92
201100046790,11,10,14,920,1,2,1,1.0,4.0,92050,M,,,92
201100046791,11,10,14,1440,1,2,1,1.0,2.0,92050,M,,,92
201100046792,11,10,15,1200,1,2,3,1.0,6.0,92050,M,,,92
201100046793,11,10,19,955,1,2,3,9.0,3.0,92050,M,,,92
201100046794,11,10,20,740,5,2,1,9.0,6.0,92050,M,,,92
201100046795,11,10,23,455,5,2,1,9.0,7.0,92050,M,,,92
201100046796,11,11,1,2135,5,2,1,1.0,2.0,92050,M,,,92
201100046797,11,11,2,2020,5,2,2,9.0,5.0,92050,M,,,92
201100046798,11,11,4,1900,3,2,1,9.0,6.0,92050,M,,,92
201100046799,11,11,12,1340,1,2,2,9.0,3.0,92050,M,,,92
201100046800,11,11,13,1120,1,2,1,1.0,6.0,92050,M,,,92
201100046801,11,11,15,1530,1,2,3,9.0,3.0,92050,M,,,92
201100046802,11,11,13,1730,2,2,1,9.0,7.0,92050,M,,,92
201100046803,11,11,17,1740,5,2,1,1.0,6.0,92050,M,,,92
201100046804,11,11,10,1445,1,2,1,1.0,3.0,92050,M,,,92
201100046805,11,11,18,1255,1,2,1,1.0,6.0,92050,M,,,92
201100046806,11,11,23,1340,1,2,5,8.0,3.0,92050,M,,,92
201100046807,11,11,27,1025,1,2,1,9.0,7.0,92050,M,,,92
201100046808,11,11,29,1120,1,2,1,8.0,6.0,92050,M,,,92
201100046809,11,11,30,1825,2,2,1,9.0,6.0,92050,M,,,92
201100046810,11,11,28,1735,1,2,1,1.0,3.0,92050,M,,,92
201100046811,11,12,5,1445,1,2,1,7.0,6.0,92050,M,,,92
201100046812,11,12,7,2100,3,2,1,8.0,6.0,92050,M,,,92
201100046813,11,12,8,1620,1,2,2,8.0,6.0,92050,M,,,92
201100046814,11,12,13,1320,1,2,1,9.0,3.0,92050,M,,,92
201100046815,11,12,19,830,1,2,2,9.0,6.0,92050,M,,,92
201100046816,11,12,22,1350,1,2,3,8.0,4.0,92050,M,,,92
201100046817,11,12,25,1850,5,2,6,9.0,6.0,92050,M,,,92
201100046818,11,12,29,1935,5,2,1,9.0,6.0,92050,M,,,92
201100046819,11,12,30,1220,1,2,2,9.0,3.0,92050,M,,,92
201100046820,11,1,6,1755,5,2,1,3.0,6.0,92051,M,4887690.0,225089.0,92
201100046821,11,1,11,1855,5,2,2,1.0,3.0,92051,M,4889050.0,226503.0,92
201100046822,11,1,8,1855,5,2,2,2.0,3.0,92051,M,4888940.0,227294.0,92
201100046823,11,1,17,1525,1,2,6,1.0,3.0,92051,M,4888450.0,226038.0,92
201100046824,11,1,14,808,2,2,2,1.0,6.0,92051,M,4889230.0,226894.0,92
201100046825,11,1,21,1720,1,2,2,1.0,3.0,92051,M,4888770.0,226377.0,92
201100046826,11,1,26,1110,1,2,1,8.0,3.0,92051,M,4888470.0,226835.0,92
201100046827,11,1,25,1015,1,2,1,8.0,3.0,92051,M,4888950.0,227678.0,92
201100046828,11,1,20,2230,5,2,1,1.0,3.0,92051,M,4888170.0,226931.0,92
201100046829,11,2,18,1142,1,2,1,1.0,3.0,92051,M,,,92
201100046830,11,2,25,1145,1,2,6,1.0,6.0,92051,M,,,92
201100046831,11,2,22,2055,5,2,2,1.0,6.0,92051,M,,,92
201100046832,11,2,28,945,1,2,4,1.0,1.0,92051,M,,,92
201100046833,11,3,3,955,1,2,1,1.0,4.0,92051,M,4887940.0,224082.0,92
201100046834,11,3,8,840,1,2,1,1.0,2.0,92051,M,4887610.0,225374.0,92
201100046835,11,3,12,2120,5,2,3,2.0,2.0,92051,M,4888450.0,226856.0,92
201100046836,11,3,15,845,1,2,3,1.0,6.0,92051,M,4888780.0,226137.0,92
201100046837,11,3,10,1330,1,2,1,1.0,3.0,92051,M,4888230.0,226891.0,92
201100046838,11,3,15,1925,4,2,1,1.0,2.0,92051,M,4889020.0,226926.0,92
201100046839,11,3,17,2230,5,2,1,1.0,2.0,92051,M,4888210.0,227960.0,92
201100046840,11,3,27,1645,1,2,1,8.0,3.0,92051,M,4887670.0,225651.0,92