Num_Acc,an,mois,jour,hrmn,lum,agg,int,atm,col,com,gps,lat,long,dep
201100046841,11,3,29,929,1,2,1,1.0,2.0,92051,M,4887940.0,227825.0,92
201100046842,11,3,29,1410,1,2,1,1.0,6.0,92051,M,4887980.0,227509.0,92
201100046843,11,4,6,1515,1,2,1,1.0,2.0,92051,M,4888600.0,227448.0,92
201100046844,11,4,10,1420,1,2,1,1.0,2.0,92051,M,4887980.0,226348.0,92
201100046845,11,4,7,1115,1,2,1,1.0,2.0,92051,M,4889000.0,227635.0,92
201100046846,11,4,8,1625,1,2,5,1.0,3.0,92051,M,4888750.0,227854.0,92
201100046847,11,4,17,130,5,2,1,9.0,2.0,92051,M,4888100.0,227127.0,92
201100046848,11,4,26,850,1,2,2,1.0,3.0,92051,M,4888600.0,226879.0,92
201100046849,11,4,22,1350,1,2,1,1.0,2.0,92051,M,4888530.0,225959.0,92
201100046850,11,4,18,1455,1,2,1,1.0,7.0,92051,M,4889600.0,227213.0,92
201100046851,11,4,29,1450,1,2,1,2.0,2.0,92051,M,4888300.0,227601.0,92
201100046852,11,5,4,1950,1,2,1,1.0,2.0,92051,M,4887870.0,227870.0,92
201100046853,11,5,6,1600,1,2,1,1.0,3.0,92051,M,4887640.0,225041.0,92
201100046854,11,5,9,910,1,2,1,1.0,6.0,92051,M,4888940.0,228045.0,92
201100046855,11,5,7,1650,1,2,1,1.0,2.0,92051,M,4888540.0,228247.0,92
201100046856,11,5,6,1550,1,2,1,1.0,6.0,92051,M,4888720.0,227509.0,92
201100046857,11,5,11,125,5,2,1,1.0,7.0,92051,M,4888720.0,228045.0,92
201100046858,11,5,10,1050,1,2,1,1.0,6.0,92051,M,4888870.0,227203.0,92
201100046859,11,5,13,910,1,2,1,1.0,3.0,92051,M,4888230.0,227874.0,92
201100046860,11,5,9,1200,1,2,1,1.0,6.0,92051,M,4888750.0,227853.0,92
201100046861,11,5,11,955,1,2,1,1.0,1.0,92051,M,4889020.0,226670.0,92
201100046862,11,5,17,1905,1,2,3,1.0,3.0,92051,M,4887740.0,225354.0,92
201100046863,11,5,23,930,1,2,1,1.0,7.0,92051,M,4888320.0,226609.0,92
201100046864,11,5,26,745,1,2,1,1.0,3.0,92051,M,4888200.0,227013.0,92
201100046865,11,5,24,950,1,2,1,1.0,6.0,92051,M,4887910.0,227778.0,92
201100046866,11,5,27,1545,1,2,1,1.0,3.0,92051,M,4888240.0,226866.0,92
201100046867,11,5,31,1530,1,2,1,8.0,2.0,92051,M,4888750.0,227527.0,92
201100046868,11,6,1,1800,1,2,1,1.0,6.0,92051,M,,,92
201100046869,11,6,1,1420,1,2,1,1.0,6.0,92051,M,,,92
201100046870,11,6,4,2115,2,2,1,1.0,6.0,92051,M,,,92
201100046871,11,6,14,1135,1,2,1,1.0,5.0,92051,M,4888860.0,227582.0,92
201100046872,11,6,15,850,1,2,1,1.0,6.0,92051,M,,,92
201100046873,11,6,17,25,5,2,2,1.0,3.0,92051,M,,,92
201100046874,11,6,3,1540,1,2,1,1.0,6.0,92051,M,,,92
201100046875,11,6,7,1555,1,2,1,2.0,2.0,92051,M,,,92
201100046876,11,6,4,1930,1,2,1,1.0,2.0,92051,M,,,92
201100046877,11,6,5,2250,5,2,1,3.0,3.0,92051,M,4889080.0,227055.0,92
201100046878,11,6,15,1720,1,2,1,1.0,2.0,92051,M,,,92
201100046879,11,6,11,1130,1,2,1,1.0,7.0,92051,M,,,92
201100046880,11,6,27,1015,1,2,1,1.0,3.0,92051,M,,,92
201100046881,11,6,26,1430,1,2,1,1.0,5.0,92051,M,4888580.0,225590.0,92
201100046882,11,6,25,1410,1,2,1,1.0,3.0,92051,M,,,92
201100046883,11,6,30,1740,1,2,1,1.0,6.0,92051,M,,,92
201100046884,11,7,7,410,5,2,1,1.0,7.0,92051,M,,,92
201100046885,11,7,13,1030,1,2,1,8.0,1.0,92051,M,,,92
201100046886,11,7,6,1935,1,2,1,1.0,3.0,92051,M,,,92
201100046887,11,6,30,1415,1,2,3,1.0,3.0,92051,M,,,92
201100046888,11,7,14,1515,1,2,1,1.0,7.0,92051,M,,,92
201100046889,11,7,19,840,1,2,1,8.0,6.0,92051,M,,,92
201100046890,11,7,14,1745,1,2,1,1.0,6.0,92051,M,,,92
201100046891,11,7,18,1640,1,2,3,1.0,3.0,92051,M,,,92
201100046892,11,7,28,1540,1,2,1,1.0,3.0,92051,M,,,92
201100046893,11,7,28,1955,1,2,1,8.0,3.0,92051,M,,,92
201100046894,11,8,2,1615,1,2,1,1.0,4.0,92051,M,,,92
201100046895,11,8,18,930,1,2,2,1.0,3.0,92051,M,,,92
201100046896,11,8,24,1630,1,2,1,1.0,6.0,92051,M,,,92
201100046897,11,8,29,145,5,2,2,1.0,3.0,92051,M,,,92
201100046898,11,9,1,835,1,2,1,1.0,3.0,92051,M,,,92
201100046899,11,8,30,1740,1,2,1,1.0,2.0,92051,M,,,92
201100046900,11,9,4,1945,1,2,3,1.0,3.0,92051,M,,,92
201100046901,11,9,5,1320,1,2,1,1.0,2.0,92051,M,,,92
201100046902,11,9,11,355,5,2,1,1.0,7.0,92051,M,,,92
201100046903,11,9,18,2145,5,2,1,3.0,2.0,92051,M,,,92
201100046904,11,9,23,1900,1,2,1,1.0,6.0,92051,M,,,92
201100046905,11,9,23,1235,1,2,1,1.0,3.0,92051,M,,,92
201100046906,11,9,25,835,1,2,1,1.0,6.0,92051,M,,,92
201100046907,11,9,13,915,1,2,1,1.0,2.0,92051,M,,,92
201100046908,11,9,19,730,1,2,2,1.0,3.0,92051,M,,,92
201100046909,11,9,30,1900,1,2,1,1.0,3.0,92051,M,,,92
201100046910,11,9,30,910,1,2,1,1.0,6.0,92051,M,,,92
201100046911,11,9,28,1155,1,2,1,1.0,6.0,92051,M,,,92
201100046912,11,10,3,950,1,2,1,1.0,6.0,92051,M,,,92
201100046913,11,10,1,2130,5,2,2,1.0,3.0,92051,M,,,92
201100046914,11,9,23,1120,1,2,1,1.0,2.0,92051,M,,,92
201100046915,11,10,6,952,1,2,1,2.0,7.0,92051,M,,,92
201100046916,11,10,11,1930,5,2,1,1.0,1.0,92051,M,,,92
201100046917,11,10,14,845,1,2,1,1.0,3.0,92051,M,,,92
201100046918,11,10,16,1815,1,2,2,1.0,5.0,92051,M,,,92
201100046919,11,10,23,1800,1,2,1,1.0,6.0,92051,M,,,92
201100046920,11,10,20,1010,1,2,1,1.0,3.0,92051,M,,,92
201100046921,11,10,29,1800,2,2,1,2.0,2.0,92051,M,,,92
201100046922,11,11,3,1850,5,2,2,2.0,6.0,92051,M,,,92
201100046923,11,11,5,1805,5,2,1,1.0,3.0,92051,M,,,92
201100046924,11,11,8,2100,5,2,1,2.0,3.0,92051,M,,,92
201100046925,11,11,21,815,1,2,1,8.0,6.0,92051,M,,,92
201100046926,11,11,24,1515,1,2,7,1.0,6.0,92051,M,,,92
201100046927,11,12,1,845,1,2,2,2.0,2.0,92051,M,,,92
201100046928,11,12,3,410,5,2,2,2.0,3.0,92051,M,,,92
201100046929,11,11,29,1945,5,2,4,1.0,3.0,92051,M,,,92
201100046930,11,11,19,1120,1,2,1,1.0,6.0,92051,M,,,92
201100046931,11,11,27,1320,1,2,1,1.0,3.0,92051,M,,,92
201100046932,11,12,3,1830,5,2,1,8.0,7.0,92051,M,,,92
201100046933,11,11,26,1845,5,2,1,1.0,6.0,92051,M,,,92
201100046934,11,12,1,1240,1,2,1,2.0,3.0,92051,M,,,92
201100046935,11,12,10,1525,1,2,1,1.0,3.0,92051,M,,,92
201100046936,11,12,8,750,2,2,1,1.0,3.0,92051,M,,,92
201100046937,11,12,12,1730,5,2,1,1.0,6.0,92051,M,,,92
201100046938,11,12,11,2045,5,2,1,2.0,7.0,92051,M,,,92
201100046939,11,12,14,1055,1,2,1,1.0,3.0,92051,M,,,92
201100046940,11,12,17,1625,2,2,1,2.0,3.0,92051,M,,,92
201100046941,11,12,24,705,5,2,1,1.0,6.0,92051,M,,,92
201100046942,11,12,27,2355,5,2,2,1.0,3.0,92051,M,,,92
201100046943,11,12,23,205,5,2,1,1.0,6.0,92051,M,,,92
201100046944,11,12,19,1000,1,2,1,1.0,6.0,92051,M,,,92
201100046945,11,12,21,1125,1,2,1,2.0,6.0,92051,M,,,92
201100046946,11,12,29,2000,5,2,1,2.0,6.0,92051,M,,,92
201100046947,11,12,31,1620,1,2,1,2.0,6.0,92062,M,,,92
201100046948,11,1,22,1540,2,2,1,2.0,7.0,92062,M,4887520.0,223821.0,92
201100046949,11,1,25,2040,5,2,2,1.0,3.0,92062,M,4887960.0,224043.0,92
201100046950,11,1,27,1355,2,2,1,8.0,6.0,92062,M,4887930.0,224011.0,92
201100046951,11,1,28,840,1,2,2,1.0,6.0,92062,M,4888530.0,224694.0,92
201100046952,11,2,2,1030,1,2,2,1.0,6.0,92062,M,4888150.0,224173.0,92
201100046953,11,2,6,2055,5,2,7,1.0,7.0,92062,M,4888550.0,222771.0,92
201100046954,11,2,9,1610,1,2,4,1.0,7.0,92062,M,4888400.0,223198.0,92
201100046955,11,2,10,2045,5,2,3,2.0,6.0,92062,M,4888450.0,222868.0,92
201100046956,11,2,12,1200,1,2,1,1.0,3.0,92062,M,4888560.0,224561.0,92
201100046957,11,2,14,1620,1,2,3,1.0,2.0,92062,M,4887990.0,223091.0,92
201100046958,11,2,22,1740,5,2,1,1.0,7.0,92062,M,4888090.0,224544.0,92
201100046959,11,2,28,545,2,2,1,1.0,7.0,92062,M,4888070.0,224511.0,92
201100046960,11,3,2,1405,1,2,1,1.0,6.0,92062,M,4887810.0,223453.0,92
201100046961,11,3,4,2030,2,2,1,1.0,6.0,92062,M,4888340.0,222461.0,92
201100046962,11,3,5,1715,1,2,4,1.0,6.0,92062,M,4888100.0,222708.0,92
201100046963,11,3,7,515,5,2,2,1.0,6.0,92062,M,4888870.0,223594.0,92
201100046964,11,3,23,1220,1,2,1,1.0,3.0,92062,M,4888430.0,223024.0,92
201100046965,11,3,25,1530,1,2,4,1.0,6.0,92062,M,4888590.0,223913.0,92
201100046966,11,4,8,45,5,2,3,1.0,7.0,92073,M,4887210.0,223356.0,92
201100046967,11,4,9,1850,1,2,1,1.0,2.0,92062,M,4887870.0,224214.0,92
201100046968,11,4,29,715,1,2,1,1.0,7.0,92062,M,4888500.0,223924.0,92
201100046969,11,4,16,1750,1,2,6,1.0,3.0,92062,M,4888680.0,224541.0,92
201100046970,11,4,19,1530,1,2,1,1.0,1.0,92062,M,4888410.0,224530.0,92
201100046971,11,4,25,5,5,2,3,1.0,3.0,92062,M,4888340.0,222465.0,92
201100046972,11,5,2,1620,1,2,6,1.0,3.0,92062,M,4888680.0,224541.0,92
201100046973,11,5,9,920,1,2,1,1.0,2.0,92062,M,4888000.0,224451.0,92
201100046974,11,5,11,815,1,2,2,1.0,6.0,92062,M,4888390.0,224939.0,92
201100046975,11,5,14,210,5,2,1,1.0,3.0,92062,M,4887700.0,224444.0,92
201100046976,11,5,13,1425,1,2,2,1.0,3.0,92062,M,4888760.0,223285.0,92
201100046977,11,5,18,1030,1,2,1,1.0,7.0,92062,M,4888140.0,224606.0,92
201100046978,11,5,22,2100,1,2,2,1.0,2.0,92062,M,,,92
201100046979,11,5,26,1040,1,2,1,1.0,2.0,92062,M,4888140.0,224631.0,92
201100046980,11,5,25,845,1,2,1,1.0,5.0,92062,M,4888070.0,224544.0,92
201100046981,11,5,25,1800,1,2,2,1.0,3.0,92062,M,4888460.0,223929.0,92
201100046982,11,5,30,1925,1,2,7,1.0,3.0,92062,M,4888270.0,223932.0,92
201100046983,11,6,7,825,1,2,1,2.0,2.0,92062,M,4887700.0,224450.0,92
201100046984,11,6,9,1910,1,2,1,1.0,6.0,92062,M,4888770.0,223394.0,92
201100046985,11,6,16,1700,1,2,1,1.0,2.0,92062,M,4888330.0,224884.0,92
201100046986,11,6,18,1445,1,2,2,1.0,6.0,92062,M,4888110.0,223715.0,92
201100046987,11,6,18,1725,1,2,3,1.0,3.0,92062,M,4887720.0,224093.0,92
201100046988,11,6,22,1743,1,2,1,1.0,3.0,92062,M,4887700.0,224455.0,92
201100046989,11,7,2,1420,1,2,2,1.0,6.0,92062,M,,,92
201100046990,11,7,3,1955,1,2,1,1.0,2.0,92062,M,,,92
201100046991,11,7,4,1000,1,2,1,1.0,2.0,92062,M,,,92
201100046992,11,7,10,658,1,2,1,1.0,7.0,92062,M,,,92
201100046993,11,7,12,905,1,1,1,1.0,2.0,92062,M,,,92
201100046994,11,7,13,1050,1,2,2,1.0,2.0,92062,M,,,92
201100046995,11,7,14,1910,1,2,2,1.0,3.0,92062,M,,,92
201100046996,11,7,24,633,1,2,1,1.0,7.0,92062,M,,,92
201100046997,11,8,15,615,2,2,1,1.0,2.0,92062,M,,,92
201100046998,11,8,21,1925,1,2,1,1.0,1.0,92062,M,,,92
201100046999,11,8,26,1800,1,2,1,1.0,3.0,92062,M,,,92
201100047000,11,9,2,1610,1,2,1,1.0,6.0,92062,M,,,92
201100047001,11,9,3,2245,5,2,3,1.0,4.0,92062,M,,,92
201100047002,11,9,12,1215,1,2,1,1.0,3.0,92062,M,,,92
201100047003,11,9,14,1700,1,2,1,1.0,2.0,92062,M,,,92
201100047004,11,9,16,705,1,2,2,1.0,3.0,92062,M,,,92
201100047005,11,9,19,2215,5,2,3,1.0,2.0,92062,M,,,92
201100047006,11,9,20,1940,1,2,1,1.0,3.0,92062,M,,,92
201100047007,11,9,21,1550,1,2,1,1.0,6.0,92062,M,,,92
201100047008,11,9,24,1907,1,2,1,1.0,3.0,92062,M,,,92
201100047009,11,9,25,1345,1,2,1,1.0,3.0,92062,M,,,92
201100047010,11,10,2,250,5,2,2,1.0,3.0,92062,M,,,92
201100047011,11,10,4,1855,5,2,2,1.0,2.0,92062,M,,,92
201100047012,11,10,7,230,5,2,6,1.0,7.0,92062,M,,,92
201100047013,11,10,8,1640,1,2,1,1.0,3.0,92062,M,,,92
201100047014,11,10,8,1905,2,2,1,1.0,6.0,92062,M,,,92
201100047015,11,10,12,1350,1,2,1,1.0,6.0,92062,M,,,92
201100047016,11,10,16,313,5,2,6,1.0,7.0,92062,M,,,92
201100047017,11,10,17,910,1,2,3,1.0,6.0,92062,M,,,92
201100047018,11,10,18,1500,1,2,1,1.0,6.0,92062,M,,,92
201100047019,11,11,4,1241,1,2,2,1.0,2.0,92062,M,,,92
201100047020,11,11,13,1110,1,2,1,1.0,6.0,92062,M,,,92
201100047021,11,11,17,1540,1,2,1,1.0,6.0,92062,M,,,92
201100047022,11,11,27,2100,5,2,1,1.0,2.0,92062,M,,,92
201100047023,11,11,28,720,5,2,2,1.0,3.0,92062,M,,,92
201100047024,11,11,29,1815,5,2,2,1.0,6.0,92062,M,,,92
201100047025,11,12,3,1340,1,2,1,1.0,5.0,92062,M,,,92
201100047026,11,12,13,2000,5,2,3,1.0,3.0,92062,M,,,92
201100047027,11,12,16,925,1,2,1,2.0,6.0,92062,M,,,92
201100047028,11,12,15,1500,1,2,1,1.0,4.0,92062,M,,,92
201100047029,11,1,4,855,1,2,1,1.0,6.0,92063,M,4887380.0,218633.0,92
201100047030,11,1,6,25,5,2,1,3.0,2.0,92063,M,4888810.0,216353.0,92
201100047031,11,1,7,1245,1,2,2,1.0,3.0,92063,M,4887990.0,218058.0,92
201100047032,11,1,11,920,1,2,1,2.0,3.0,92063,M,4886720.0,219886.0,92
201100047033,11,1,15,1220,1,2,1,1.0,2.0,92063,M,4888810.0,216344.0,92
201100047034,11,1,17,1450,1,2,1,1.0,2.0,92063,M,4887690.0,218650.0,92
201100047035,11,1,26,655,2,2,2,2.0,2.0,92063,M,4886920.0,218607.0,92
201100047036,11,1,26,1620,1,2,1,1.0,6.0,92063,M,4887790.0,217978.0,92
201100047037,11,2,2,1345,1,2,2,1.0,3.0,92063,M,4888110.0,218458.0,92
201100047038,11,2,18,1850,2,2,1,1.0,3.0,92063,M,4886330.0,219195.0,92
201100047039,11,2,28,709,1,2,2,1.0,3.0,92063,M,4888850.0,218395.0,92
201100047040,11,3,6,1620,1,2,1,1.0,2.0,92063,M,4888060.0,218167.0,92
201100047041,11,3,6,1930,5,2,2,1.0,3.0,92063,M,4887630.0,218578.0,92
201100047042,11,3,7,1735,1,2,2,1.0,6.0,92063,M,4887630.0,218578.0,92
201100047043,11,3,8,1310,1,2,2,1.0,3.0,92063,M,4887080.0,219559.0,92
201100047044,11,3,11,125,5,2,1,1.0,6.0,92063,M,4889020.0,216740.0,92
201100047045,11,3,15,740,2,2,1,1.0,3.0,92063,M,4886640.0,218934.0,92
201100047046,11,3,18,2037,3,2,1,2.0,2.0,92063,M,4887880.0,218146.0,92
201100047047,11,3,30,1625,1,2,3,1.0,3.0,92063,M,4887720.0,217327.0,92
201100047048,11,4,5,1240,1,2,1,1.0,6.0,92063,M,4887350.0,218140.0,92
201100047049,11,4,8,1115,1,2,1,1.0,6.0,92063,M,4886690.0,217663.0,92
201100047050,11,4,26,1915,2,2,2,1.0,3.0,92063,M,4888730.0,216991.0,92
201100047051,11,4,29,1610,1,2,1,1.0,2.0,92063,M,4887220.0,216240.0,92
201100047052,11,5,3,1643,1,2,1,1.0,2.0,92063,M,4886590.0,219757.0,92
201100047053,11,5,16,1730,1,2,2,1.0,3.0,92063,M,4886210.0,219626.0,92
201100047054,11,5,17,1300,1,2,1,1.0,3.0,92063,M,4886750.0,218024.0,92
201100047055,11,5,22,1120,1,2,1,1.0,6.0,92063,M,4887600.0,218071.0,92
201100047056,11,5,23,1930,1,2,1,1.0,3.0,92063,M,4886110.0,219411.0,92
201100047057,11,5,27,1920,1,2,2,1.0,3.0,92063,M,4886800.0,219307.0,92
201100047058,11,6,8,1045,1,2,1,1.0,6.0,92063,M,4887360.0,218203.0,92
201100047059,11,6,13,1900,1,2,1,1.0,3.0,92063,M,4886020.0,216203.0,92
201100047060,11,6,16,1155,1,2,1,1.0,4.0,92063,M,4886890.0,218647.0,92
201100047061,11,6,17,130,5,2,1,1.0,7.0,92063,M,4888530.0,217677.0,92
201100047062,11,6,17,1230,1,2,1,1.0,3.0,92063,M,4886940.0,218576.0,92
201100047063,11,6,23,1350,1,2,6,1.0,3.0,92063,M,4887350.0,218146.0,92
201100047064,11,6,23,1552,1,2,1,1.0,1.0,92063,M,4887430.0,220098.0,92
201100047065,11,6,28,1610,1,2,1,1.0,7.0,92063,M,4887630.0,217071.0,92
201100047066,11,7,2,1025,1,2,1,1.0,3.0,92063,M,,,92
201100047067,11,7,7,730,1,2,1,1.0,3.0,92063,M,,,92
201100047068,11,7,20,1620,1,2,2,2.0,3.0,92063,M,,,92
201100047069,11,7,21,1935,1,1,2,2.0,2.0,92063,M,,,92
201100047070,11,8,1,1830,1,2,1,1.0,3.0,92063,M,,,92
201100047071,11,8,8,810,1,2,3,1.0,3.0,92063,M,,,92
201100047072,11,8,11,1945,1,2,2,1.0,3.0,92063,M,,,92
201100047073,11,8,17,1400,1,2,3,1.0,3.0,92063,M,,,92
201100047074,11,8,19,1520,1,2,1,1.0,6.0,92063,M,,,92
201100047075,11,8,22,1550,1,2,1,1.0,6.0,92063,M,,,92
201100047076,11,9,7,800,1,2,3,1.0,3.0,92063,M,,,92
201100047077,11,9,15,900,1,2,3,1.0,5.0,92063,M,,,92
201100047078,11,9,15,1750,1,1,3,1.0,3.0,92063,M,,,92
201100047079,11,9,18,1945,2,2,1,1.0,6.0,92063,M,,,92
201100047080,11,9,23,1050,1,2,6,1.0,2.0,92063,M,,,92
201100047081,11,10,5,905,1,2,1,1.0,2.0,92063,M,,,92
201100047082,11,10,14,700,2,2,1,1.0,2.0,92063,M,,,92
201100047083,11,10,21,815,1,2,1,1.0,6.0,92063,M,,,92
201100047084,11,10,22,1440,1,2,1,1.0,2.0,92063,M,,,92
201100047085,11,10,30,2145,5,2,3,1.0,3.0,92063,M,,,92
201100047086,11,11,3,840,1,2,3,2.0,3.0,92063,M,,,92
201100047087,11,11,12,2215,2,2,1,1.0,3.0,92063,M,,,92
201100047088,11,11,13,1220,1,2,1,1.0,6.0,92063,M,,,92
201100047089,11,11,14,1459,1,2,2,1.0,6.0,92063,M,,,92
201100047090,11,11,16,2015,2,2,1,1.0,3.0,92063,M,,,92
201100047091,11,11,21,1815,5,2,1,1.0,6.0,92063,M,,,92
201100047092,11,11,22,1425,1,2,1,1.0,6.0,92063,M,,,92
201100047093,11,11,23,730,4,2,1,5.0,6.0,92063,M,,,92
201100047094,11,11,23,1410,1,2,1,1.0,3.0,92063,M,,,92
201100047095,11,11,29,1200,1,2,1,1.0,3.0,92063,M,,,92
201100047096,11,11,30,810,1,2,2,1.0,3.0,92063,M,,,92
201100047097,11,12,1,2318,5,2,1,1.0,7.0,92063,M,,,92
201100047098,11,12,9,1940,4,2,2,1.0,3.0,92063,M,,,92
201100047099,11,12,12,745,1,2,1,1.0,6.0,92063,M,,,92
201100047100,11,12,12,1725,5,2,1,1.0,2.0,92063,M,,,92
201100047101,11,12,15,2010,5,2,3,2.0,6.0,92063,M,,,92
201100047102,11,12,16,1430,1,2,2,1.0,3.0,92063,M,,,92
201100047103,11,1,4,1150,1,2,1,1.0,6.0,92064,M,4884280.0,222098.0,92
201100047104,11,1,11,955,1,2,1,2.0,2.0,92064,M,4884130.0,222408.0,92
201100047105,11,1,11,1140,1,2,1,1.0,4.0,92064,M,4885190.0,222310.0,92
201100047106,11,1,16,1150,1,2,1,1.0,3.0,92064,M,4885030.0,221344.0,92
201100047107,11,1,24,740,1,2,1,8.0,3.0,92064,M,4885960.0,220837.0,92
201100047108,11,1,25,1710,1,2,1,1.0,3.0,92064,M,4884530.0,221440.0,92
201100047109,11,1,26,1730,1,2,1,2.0,2.0,92047,M,4882840.0,217119.0,92
201100047110,11,2,4,1900,5,2,2,1.0,6.0,92064,M,4884940.0,221375.0,92
201100047111,11,2,9,900,1,2,1,1.0,3.0,92064,M,4884550.0,222375.0,92
201100047112,11,2,10,1345,1,2,3,1.0,3.0,92064,M,4885280.0,222278.0,92
201100047113,11,2,16,1620,1,2,1,1.0,3.0,92064,M,4884290.0,222093.0,92
201100047114,11,2,21,835,1,2,4,1.0,3.0,92033,M,4883820.0,217855.0,92
201100047115,11,2,25,1910,5,2,1,1.0,2.0,92064,M,4885900.0,222397.0,92
201100047116,11,3,1,2010,5,2,1,1.0,3.0,92064,M,4885120.0,221315.0,92
201100047117,11,3,4,910,1,2,1,1.0,2.0,92064,M,4884430.0,222342.0,92
201100047118,11,3,7,2000,5,2,2,1.0,3.0,92064,M,4885290.0,220583.0,92
201100047119,11,3,9,1251,1,2,1,1.0,5.0,92064,M,4884420.0,222338.0,92
201100047120,11,3,9,1335,1,2,2,1.0,3.0,92033,M,4885290.0,220583.0,92
201100047121,11,3,14,1040,1,2,1,1.0,2.0,92064,M,4886140.0,222518.0,92
201100047122,11,3,17,1835,5,2,1,1.0,6.0,92064,M,4885980.0,221656.0,92
201100047123,11,3,21,1515,1,1,1,1.0,7.0,92047,M,4883790.0,216913.0,92
201100047124,11,3,22,1200,1,2,1,1.0,6.0,92033,M,4884560.0,218854.0,92
201100047125,11,3,22,1605,1,2,1,1.0,6.0,92064,M,4884250.0,220858.0,92
201100047126,11,3,22,1630,1,2,1,1.0,4.0,92076,M,4883870.0,215607.0,92
201100047127,11,3,25,1110,1,2,1,1.0,3.0,92064,M,4884270.0,220700.0,92
201100047128,11,3,26,1100,1,2,1,1.0,2.0,92033,M,4884320.0,218657.0,92
201100047129,11,3,26,2000,5,2,7,2.0,6.0,92064,M,4884390.0,221975.0,92
201100047130,11,4,7,1610,1,2,1,1.0,2.0,92064,M,4884480.0,222028.0,92
201100047131,11,4,8,1325,1,2,1,1.0,3.0,92064,M,4884880.0,221393.0,92
201100047132,11,4,16,400,5,2,1,1.0,7.0,92064,M,4885550.0,222290.0,92
201100047133,11,4,16,1350,1,2,1,1.0,4.0,92064,M,4885190.0,222310.0,92
201100047134,11,4,17,910,1,2,1,1.0,6.0,92064,M,4884510.0,222322.0,92
201100047135,11,4,18,1425,1,2,1,1.0,3.0,92076,M,4884680.0,216164.0,92
201100047136,11,4,20,1725,1,2,3,1.0,3.0,92064,M,4885250.0,221626.0,92
201100047137,11,4,26,1355,1,2,1,1.0,2.0,92064,M,4884910.0,221383.0,92
201100047138,11,5,1,200,5,2,1,1.0,6.0,92064,M,4885880.0,222390.0,92
201100047139,11,5,4,1215,1,2,1,1.0,7.0,92064,M,,,92
201100047140,11,5,4,1815,1,2,6,1.0,6.0,92064,M,4884230.0,220703.0,92
201100047141,11,5,8,850,1,2,1,1.0,6.0,92064,M,4884250.0,221875.0,92
201100047142,11,5,12,815,1,2,1,1.0,7.0,92064,M,4884530.0,222370.0,92
201100047143,11,5,21,1430,1,2,6,1.0,3.0,92064,M,4884230.0,220703.0,92
201100047144,11,5,21,1930,1,2,1,1.0,3.0,92064,M,4885210.0,220436.0,92
201100047145,11,5,23,1242,1,2,1,1.0,3.0,92064,M,4884340.0,222071.0,92
201100047146,11,5,29,1640,1,2,1,1.0,7.0,92064,M,4884170.0,222157.0,92
201100047147,11,6,1,1010,1,2,1,1.0,7.0,92064,M,4885470.0,221556.0,92
201100047148,11,6,9,900,1,2,1,1.0,3.0,92064,M,4884850.0,220013.0,92
201100047149,11,6,9,1035,1,2,2,1.0,3.0,92064,M,4884600.0,222006.0,92
201100047150,11,6,10,2010,1,2,3,8.0,6.0,92033,M,4884670.0,219276.0,92
201100047151,11,6,11,200,5,2,3,1.0,2.0,92064,M,4885290.0,222273.0,92
201100047152,11,6,20,1135,1,2,3,1.0,3.0,92064,M,4885830.0,222369.0,92
201100047153,11,6,26,55,5,2,1,1.0,4.0,92064,M,4885740.0,222347.0,92
201100047154,11,6,26,815,1,2,1,1.0,4.0,92064,M,4886180.0,222539.0,92
201100047155,11,6,28,740,1,2,1,1.0,4.0,92064,M,4885750.0,222348.0,92
201100047156,11,6,28,1050,1,2,1,1.0,3.0,92064,M,4885970.0,220800.0,92
201100047157,11,6,30,1000,1,2,3,1.0,7.0,92064,M,4885020.0,221688.0,92
201100047158,11,7,1,650,1,2,1,1.0,3.0,92064,M,,,92
201100047159,11,7,4,1435,1,2,1,1.0,7.0,92076,M,,,92
201100047160,11,7,4,1840,1,2,1,1.0,7.0,92033,M,,,92
201100047161,11,7,13,950,1,2,1,8.0,3.0,92064,M,,,92
201100047162,11,7,16,1830,1,2,1,3.0,6.0,92047,M,,,92
201100047163,11,7,17,1625,1,2,1,8.0,7.0,92064,M,,,92
201100047164,11,7,19,1620,1,2,1,3.0,2.0,92064,M,,,92
201100047165,11,7,22,1140,1,2,1,1.0,3.0,92064,M,,,92
201100047166,11,7,22,1735,1,2,1,1.0,3.0,92064,M,,,92
201100047167,11,7,28,100,5,2,1,2.0,6.0,92064,M,,,92
201100047168,11,7,28,1320,1,2,1,1.0,2.0,92047,M,,,92
201100047169,11,7,30,1450,1,2,1,1.0,5.0,92064,M,,,92
201100047170,11,8,6,10,5,2,1,2.0,7.0,92064,M,,,92
201100047171,11,8,16,1730,1,2,1,1.0,7.0,92033,M,,,92
201100047172,11,8,19,1705,1,2,1,1.0,2.0,92064,M,,,92
201100047173,11,8,23,1035,1,2,1,1.0,7.0,92064,M,,,92
201100047174,11,9,1,2005,1,2,1,1.0,3.0,92033,M,,,92