Num_Acc,an,mois,jour,hrmn,lum,agg,int,atm,col,com,gps,lat,long,dep
201100047175,11,9,13,1355,1,2,2,1.0,6.0,92033,M,,,92
201100047176,11,9,15,910,1,2,1,1.0,3.0,92064,M,,,92
201100047177,11,9,19,1500,1,2,1,1.0,7.0,92047,M,,,92
201100047178,11,9,28,1400,1,2,1,1.0,2.0,92064,M,,,92
201100047179,11,9,30,845,1,2,1,1.0,6.0,92064,M,,,92
201100047180,11,9,30,1740,1,2,1,1.0,3.0,92064,M,,,92
201100047181,11,10,6,800,1,2,3,1.0,3.0,92064,M,,,92
201100047182,11,10,6,1830,2,2,1,1.0,7.0,92064,M,,,92
201100047183,11,10,25,1415,1,2,1,1.0,2.0,92064,M,,,92
201100047184,11,10,26,2030,5,2,3,1.0,3.0,92033,M,,,92
201100047185,11,10,28,2030,5,2,1,1.0,4.0,92064,M,,,92
201100047186,11,10,31,1745,1,2,3,1.0,3.0,92064,M,,,92
201100047187,11,11,1,1025,1,2,1,8.0,7.0,92076,M,,,92
201100047188,11,11,3,1620,1,2,1,2.0,3.0,92064,M,,,92
201100047189,11,11,9,1750,2,2,2,1.0,7.0,92064,M,,,92
201100047190,11,11,15,1035,1,2,1,1.0,3.0,92064,M,,,92
201100047191,11,11,15,1930,2,2,3,1.0,3.0,92064,M,,,92
201100047192,11,11,18,1404,1,2,1,1.0,5.0,92033,M,,,92
201100047193,11,11,22,1825,5,2,1,1.0,5.0,92064,M,,,92
201100047194,11,11,24,1220,1,2,3,1.0,3.0,92064,M,,,92
201100047195,11,11,25,1220,1,2,3,8.0,2.0,92064,M,,,92
201100047196,11,11,26,1920,4,2,7,8.0,6.0,92064,M,,,92
201100047197,11,11,29,1010,1,2,2,1.0,3.0,92076,M,,,92
201100047198,11,12,3,930,1,2,2,3.0,6.0,92064,M,,,92
201100047199,11,12,6,1755,5,2,3,1.0,6.0,92033,M,,,92
201100047200,11,12,8,1225,1,2,3,1.0,3.0,92064,M,,,92
201100047201,11,12,8,820,1,2,1,1.0,6.0,92064,M,,,92
201100047202,11,12,13,13,5,2,1,3.0,2.0,92033,M,,,92
201100047203,11,12,14,810,2,1,1,2.0,7.0,92064,M,,,92
201100047204,11,12,16,2255,5,2,1,1.0,7.0,92064,M,,,92
201100047205,11,12,19,708,5,2,1,9.0,7.0,92064,M,,,92
201100047206,11,12,24,715,5,2,1,1.0,6.0,92072,M,,,92
201100047207,11,12,26,1740,5,2,1,1.0,1.0,92022,M,,,92
201100047208,11,12,27,950,1,2,1,1.0,3.0,92072,M,,,92
201100047209,11,1,6,120,5,2,2,3.0,3.0,92022,M,4881170.0,218822.0,92
201100047210,11,1,6,2038,5,2,1,2.0,3.0,92072,M,4883130.0,222257.0,92
201100047211,11,1,15,120,5,2,1,2.0,7.0,92072,M,4882430.0,222895.0,92
201100047212,11,1,19,940,1,2,1,1.0,3.0,92072,M,4882610.0,222671.0,92
201100047213,11,2,6,350,5,2,1,1.0,7.0,92072,M,4882340.0,222063.0,92
201100047214,11,2,8,1340,1,2,1,1.0,6.0,92072,M,4882090.0,220166.0,92
201100047215,11,2,19,1240,1,2,1,1.0,7.0,92072,M,4882370.0,220129.0,92
201100047216,11,2,22,2300,5,2,1,1.0,3.0,92022,M,4880220.0,218832.0,92
201100047217,11,3,2,935,2,2,2,1.0,7.0,92022,M,4880730.0,218782.0,92
201100047218,11,3,12,2115,4,2,1,2.0,3.0,92072,M,4882200.0,220619.0,92
201100047219,11,3,14,1404,1,2,1,1.0,2.0,92077,M,4882600.0,219920.0,92
201100047220,11,3,18,855,1,2,1,1.0,3.0,92022,M,4880780.0,218651.0,92
201100047221,11,3,18,2150,5,2,1,2.0,2.0,92077,M,4882570.0,218759.0,92
201100047222,11,3,23,1420,1,2,1,1.0,3.0,92072,M,4882180.0,220532.0,92
201100047223,11,3,24,1415,1,2,1,1.0,6.0,92072,M,4882640.0,221918.0,92
201100047224,11,4,4,920,1,2,1,1.0,7.0,92072,M,4882850.0,222689.0,92
201100047225,11,4,8,1650,1,2,1,1.0,6.0,92022,M,4880920.0,219052.0,92
201100047226,11,4,12,1215,1,2,6,1.0,3.0,92072,M,,,92
201100047227,11,4,17,1635,1,2,1,1.0,7.0,92022,M,4880130.0,218521.0,92
201100047228,11,4,20,1510,1,2,1,1.0,7.0,92077,M,4882120.0,217527.0,92
201100047229,11,4,22,1920,1,2,1,1.0,7.0,92022,M,4881460.0,219104.0,92
201100047230,11,4,27,1550,1,2,2,1.0,3.0,92022,M,4881040.0,219251.0,92
201100047231,11,4,28,1950,1,2,1,1.0,3.0,92072,M,4881960.0,221809.0,92
201100047232,11,4,29,1825,1,2,3,1.0,6.0,92072,M,,,92
201100047233,11,5,4,745,1,2,1,1.0,7.0,92072,M,4882900.0,222447.0,92
201100047234,11,5,4,1720,1,2,1,1.0,6.0,92022,M,4880100.0,218731.0,92
201100047235,11,5,5,2042,1,2,1,1.0,4.0,92072,M,4882210.0,220678.0,92
201100047236,11,5,10,1405,1,2,1,1.0,3.0,92072,M,4882620.0,222054.0,92
201100047237,11,5,11,1515,1,2,1,1.0,3.0,92077,M,4882900.0,219334.0,92
201100047238,11,5,13,1015,1,2,1,1.0,2.0,92072,M,4882240.0,221522.0,92
201100047239,11,5,22,1455,1,2,1,1.0,7.0,92022,M,4880540.0,218408.0,92
201100047240,11,6,4,2025,1,2,1,1.0,7.0,92077,M,4882840.0,219456.0,92
201100047241,11,6,6,1645,1,2,1,1.0,6.0,92072,M,4882420.0,220808.0,92
201100047242,11,6,17,1735,1,2,3,1.0,7.0,92072,M,4882290.0,221117.0,92
201100047243,11,6,17,1205,1,2,1,1.0,3.0,92072,M,4880880.0,220402.0,92
201100047244,11,6,18,1410,1,2,2,2.0,3.0,92072,M,4882640.0,221926.0,92
201100047245,11,6,24,910,1,2,1,1.0,7.0,92072,M,4882050.0,220584.0,92
201100047246,11,7,3,1940,1,2,1,1.0,6.0,92077,M,,,92
201100047247,11,7,5,1450,1,2,1,1.0,3.0,92022,M,,,92
201100047248,11,7,8,2000,1,2,1,1.0,3.0,92022,M,,,92
201100047249,11,7,8,2025,1,2,4,1.0,3.0,92072,M,,,92
201100047250,11,7,11,1730,1,2,3,1.0,3.0,92022,M,,,92
201100047251,11,7,15,1120,1,2,3,1.0,6.0,92072,M,,,92
201100047252,11,8,2,1330,1,2,1,1.0,7.0,92072,M,,,92
201100047253,11,8,4,1115,1,2,1,1.0,7.0,92072,M,,,92
201100047254,11,8,20,1635,1,2,3,1.0,3.0,92072,M,,,92
201100047255,11,8,19,1700,1,2,1,1.0,7.0,92077,M,,,92
201100047256,11,8,28,1055,1,2,1,1.0,2.0,92072,M,,,92
201100047257,11,9,4,1015,1,2,1,2.0,7.0,92072,M,,,92
201100047258,11,9,4,1700,1,2,1,1.0,6.0,92072,M,,,92
201100047259,11,9,4,1940,1,2,1,1.0,6.0,92022,M,,,92
201100047260,11,9,5,615,1,2,2,1.0,3.0,92072,M,,,92
201100047261,11,9,6,1830,1,2,1,1.0,6.0,92022,M,,,92
201100047262,11,9,9,1520,1,2,1,1.0,4.0,92072,M,,,92
201100047263,11,9,12,1100,1,2,1,1.0,3.0,92072,M,,,92
201100047264,11,9,15,1835,1,2,1,1.0,7.0,92072,M,,,92
201100047265,11,9,27,2000,2,2,1,1.0,2.0,92072,M,,,92
201100047266,11,9,30,1325,1,2,1,1.0,6.0,92022,M,,,92
201100047267,11,10,3,720,1,2,5,1.0,3.0,92022,M,,,92
201100047268,11,10,4,1710,1,1,2,1.0,3.0,92077,M,,,92
201100047269,11,10,5,800,2,1,1,1.0,3.0,92077,M,,,92
201100047270,11,10,6,915,1,2,1,1.0,7.0,92072,M,,,92
201100047271,11,10,7,1910,2,2,1,2.0,3.0,92072,M,,,92
201100047272,11,10,9,1535,1,2,1,2.0,7.0,92072,M,,,92
201100047273,11,10,24,1745,1,2,1,1.0,7.0,92072,M,,,92
201100047274,11,10,25,910,1,2,1,1.0,2.0,92077,M,,,92
201100047275,11,10,28,115,5,2,1,1.0,3.0,92077,M,,,92
201100047276,11,10,29,450,5,2,1,1.0,7.0,92077,M,,,92
201100047277,11,11,1,2000,5,1,1,2.0,2.0,92072,M,,,92
201100047278,11,11,4,1220,1,2,1,1.0,3.0,92072,M,,,92
201100047279,11,11,8,1300,1,2,1,1.0,7.0,92022,M,,,92
201100047280,11,11,8,1925,5,1,1,2.0,3.0,92072,M,,,92
201100047281,11,11,9,1745,5,2,1,1.0,6.0,92072,M,,,92
201100047282,11,11,16,845,1,2,1,1.0,3.0,92077,M,,,92
201100047283,11,11,22,2120,5,2,1,1.0,7.0,92072,M,,,92
201100047284,11,11,30,2230,5,2,1,1.0,7.0,92022,M,,,92
201100047285,11,12,2,2005,5,2,1,1.0,3.0,92022,M,,,92
201100047286,11,12,1,1940,5,2,1,1.0,7.0,92077,M,,,92
201100047287,11,12,5,1140,1,2,1,1.0,1.0,92072,M,,,92
201100047288,11,12,7,1250,1,2,1,2.0,2.0,92072,M,,,92
201100047289,11,12,7,1425,1,2,1,1.0,7.0,92072,M,,,92
201100047290,11,12,9,955,1,2,1,2.0,6.0,92022,M,,,92
201100047291,11,12,9,1050,1,2,1,2.0,6.0,92072,M,,,92
201100047292,11,12,9,2109,5,2,1,1.0,6.0,92022,M,,,92
201100047293,11,12,16,800,1,2,1,3.0,6.0,92072,M,,,92
201100047294,11,12,18,2050,5,2,2,1.0,3.0,92077,M,,,92
201100047295,11,12,21,930,1,2,1,2.0,6.0,92072,M,,,92
201100047296,11,12,20,1950,5,2,1,1.0,6.0,92072,M,,,92
201100047297,11,1,6,1935,5,2,1,3.0,6.0,92073,M,4886020.0,221327.0,92
201100047298,11,1,19,635,5,2,1,1.0,5.0,92073,M,4886980.0,223100.0,92
201100047299,11,1,21,1825,5,2,1,1.0,6.0,92073,M,4886500.0,220562.0,92
201100047300,11,2,4,1340,1,2,1,1.0,3.0,92073,M,4886770.0,222880.0,92
201100047301,11,2,13,1345,1,2,1,1.0,6.0,92073,M,4888040.0,222000.0,92
201100047302,11,2,25,1555,1,2,1,1.0,2.0,92073,M,4886480.0,221889.0,92
201100047303,11,3,2,813,1,2,1,1.0,6.0,92073,M,4886360.0,220904.0,92
201100047304,11,3,2,1300,1,2,3,1.0,6.0,92073,M,4887860.0,221725.0,92
201100047305,11,3,2,1410,1,1,1,1.0,4.0,92073,M,4887590.0,221757.0,92
201100047306,11,3,3,850,1,2,2,1.0,3.0,92073,M,4886760.0,221125.0,92
201100047307,11,3,8,1745,1,2,2,1.0,3.0,92073,M,4886430.0,220583.0,92
201100047308,11,3,16,740,1,2,2,1.0,5.0,92073,M,4885980.0,221717.0,92
201100047309,11,3,25,2335,5,2,1,1.0,7.0,92073,M,4886320.0,221835.0,92
201100047310,11,3,30,907,1,2,3,1.0,2.0,92073,M,4886910.0,223021.0,92
201100047311,11,3,30,1305,1,2,3,1.0,2.0,92073,M,4886220.0,221131.0,92
201100047312,11,4,2,1740,1,2,7,1.0,6.0,92073,M,4887000.0,222772.0,92
201100047313,11,4,9,1345,1,2,3,1.0,2.0,92073,M,4887380.0,223613.0,92
201100047314,11,4,9,1625,1,2,3,7.0,6.0,92073,M,4886510.0,220503.0,92
201100047315,11,4,27,1925,2,2,1,1.0,2.0,92073,M,4887590.0,221757.0,92
201100047316,11,5,11,1245,1,2,2,1.0,6.0,92073,M,4887000.0,222429.0,92
201100047317,11,5,13,1725,1,2,1,1.0,7.0,92073,M,4887750.0,222268.0,92
201100047318,11,5,17,755,1,2,2,1.0,3.0,92073,M,4886510.0,220856.0,92
201100047319,11,5,17,2345,5,2,3,1.0,4.0,92073,M,4886610.0,222759.0,92
201100047320,11,5,24,1820,1,2,3,1.0,3.0,92073,M,4886010.0,221487.0,92
201100047321,11,5,29,740,1,2,1,1.0,6.0,92073,M,4886780.0,222891.0,92
201100047322,11,5,31,830,1,2,3,1.0,6.0,92073,M,,,92
201100047323,11,6,2,525,2,2,3,1.0,7.0,92073,M,4886760.0,222173.0,92
201100047324,11,6,16,620,1,2,3,1.0,2.0,92073,M,4887160.0,223304.0,92
201100047325,11,6,27,5,5,2,4,1.0,3.0,92073,M,4886720.0,222849.0,92
201100047326,11,6,27,720,1,2,1,1.0,2.0,92073,M,4886780.0,222666.0,92
201100047327,11,6,29,825,1,2,1,1.0,7.0,92073,M,4886830.0,222293.0,92
201100047328,11,6,30,1530,1,2,1,1.0,6.0,92073,M,4886640.0,222449.0,92
201100047329,11,7,1,730,1,2,1,1.0,7.0,92073,M,,,92
201100047330,11,7,6,1925,1,2,9,1.0,6.0,92073,M,,,92
201100047331,11,7,7,1225,1,2,1,1.0,4.0,92073,M,,,92
201100047332,11,7,16,1140,1,2,4,1.0,6.0,92073,M,,,92
201100047333,11,8,2,235,5,2,4,1.0,6.0,92073,M,,,92
201100047334,11,8,25,1145,1,2,6,1.0,6.0,92073,M,,,92
201100047335,11,9,13,1945,2,2,3,1.0,2.0,92073,M,,,92
201100047336,11,9,16,810,1,2,3,1.0,3.0,92073,M,,,92
201100047337,11,9,20,1240,1,2,2,1.0,6.0,92073,M,,,92
201100047338,11,9,30,1530,1,2,3,1.0,2.0,92073,M,,,92
201100047339,11,10,3,1635,1,2,3,1.0,3.0,92073,M,,,92
201100047340,11,10,7,855,1,2,1,1.0,6.0,92073,M,,,92
201100047341,11,10,15,1215,1,2,3,1.0,4.0,92073,M,,,92
201100047342,11,10,19,2250,5,2,2,2.0,6.0,92073,M,,,92
201100047343,11,11,1,100,5,2,3,1.0,2.0,92073,M,,,92
201100047344,11,11,6,850,1,2,1,8.0,3.0,92073,M,,,92
201100047345,11,11,22,925,1,2,5,1.0,6.0,92073,M,,,92
201100047346,11,11,24,1700,2,2,1,8.0,7.0,92073,M,,,92
201100047347,11,11,25,2355,4,2,1,1.0,7.0,92073,M,,,92
201100047348,11,12,1,800,1,2,2,1.0,3.0,92073,M,,,92
201100047349,11,12,3,200,5,2,1,1.0,6.0,92073,M,,,92
201100047350,11,12,8,745,5,2,3,1.0,2.0,92073,M,,,92
201100047351,11,12,12,1055,1,2,1,1.0,2.0,92073,M,,,92
201100047352,11,12,12,2020,5,2,1,1.0,6.0,92073,M,,,92
201100047353,11,12,13,1455,1,2,1,1.0,6.0,92073,M,,,92
201100047354,11,12,22,1730,2,2,2,1.0,6.0,92073,M,,,92
201100047355,11,12,23,605,5,2,1,2.0,7.0,92073,M,,,92
201100047356,11,12,28,2000,5,2,1,1.0,6.0,92073,M,,,92
201100047357,11,1,6,825,1,2,3,2.0,6.0,92075,M,4881950.0,228856.0,92
201100047358,11,1,8,1920,5,2,3,2.0,4.0,92075,M,,,92
201100047359,11,1,9,1135,1,2,6,1.0,6.0,92046,M,4881420.0,228777.0,92
201100047360,11,1,19,1920,5,2,1,1.0,3.0,92046,M,4881190.0,229458.0,92
201100047361,11,1,27,1445,1,2,5,1.0,3.0,92075,M,4882350.0,228226.0,92
201100047362,11,2,2,1200,1,2,1,1.0,7.0,92075,M,4882550.0,228810.0,92
201100047363,11,2,21,1500,1,2,1,2.0,3.0,92075,M,,,92
201100047364,11,2,22,820,1,2,2,1.0,3.0,92046,M,4881990.0,231080.0,92
201100047365,11,2,26,2055,5,2,6,8.0,3.0,92046,M,4881230.0,229352.0,92
201100047366,11,2,28,1830,1,2,1,1.0,3.0,92046,M,4881930.0,229522.0,92
201100047367,11,3,10,755,1,2,2,1.0,6.0,92075,M,4882200.0,229378.0,92
201100047368,11,3,17,1850,2,2,3,1.0,6.0,92046,M,4881150.0,230021.0,92
201100047369,11,3,18,10,5,2,6,2.0,7.0,92075,M,4882050.0,229073.0,92
201100047370,11,3,22,1400,1,2,1,1.0,7.0,92046,M,4882070.0,229947.0,92
201100047371,11,3,27,1450,1,2,1,1.0,2.0,92046,M,4881490.0,230388.0,92
201100047372,11,3,29,830,1,2,1,1.0,6.0,92075,M,4881710.0,228148.0,92
201100047373,11,4,2,1820,1,2,1,1.0,2.0,92075,M,,,92
201100047374,11,4,5,140,5,2,3,1.0,7.0,92075,M,4882200.0,228526.0,92
201100047375,11,4,7,835,1,2,2,7.0,3.0,92075,M,4882210.0,228516.0,92
201100047376,11,4,10,1035,1,2,2,1.0,6.0,92046,M,4882100.0,230040.0,92
201100047377,11,4,20,2315,5,2,2,1.0,3.0,92046,M,4881920.0,229780.0,92
201100047378,11,4,21,1820,1,2,3,1.0,6.0,92046,M,4881660.0,229248.0,92
201100047379,11,4,25,40,5,2,3,1.0,6.0,92075,M,,,92
201100047380,11,4,24,1400,1,2,2,1.0,6.0,92046,M,4882000.0,230572.0,92
201100047381,11,4,25,150,5,2,1,1.0,2.0,92075,M,4881630.0,228305.0,92
201100047382,11,4,27,1025,1,2,2,1.0,3.0,92046,M,4881280.0,227965.0,92
201100047383,11,5,3,1005,1,2,2,1.0,3.0,92075,M,4881660.0,227500.0,92
201100047384,11,5,5,1455,1,2,2,1.0,2.0,92046,M,4882270.0,230789.0,92
201100047385,11,5,9,1425,1,2,2,1.0,3.0,92046,M,4881920.0,229566.0,92
201100047386,11,5,11,740,1,2,1,1.0,6.0,92075,M,,,92
201100047387,11,5,16,1950,1,2,2,1.0,2.0,92075,M,4881970.0,229336.0,92
201100047388,11,5,17,910,1,2,1,1.0,6.0,92046,M,4880920.0,228991.0,92
201100047389,11,5,17,1220,1,2,1,1.0,6.0,92046,M,4881920.0,230173.0,92
201100047390,11,5,18,1320,1,2,1,1.0,6.0,92046,M,4882240.0,229869.0,92
201100047391,11,5,19,1515,1,2,2,1.0,6.0,92046,M,4881490.0,229926.0,92
201100047392,11,5,20,2250,5,2,2,1.0,3.0,92075,M,4882580.0,229067.0,92
201100047393,11,5,31,1015,1,2,2,1.0,3.0,92046,M,4881470.0,229681.0,92
201100047394,11,5,28,1330,1,2,1,1.0,7.0,92046,M,4880900.0,229150.0,92
201100047395,11,6,8,1840,1,2,6,1.0,7.0,92075,M,4882040.0,229083.0,92
201100047396,11,6,14,320,5,2,2,2.0,3.0,92046,M,4882230.0,231414.0,92
201100047397,11,6,24,10,5,2,2,1.0,3.0,92046,M,4881770.0,230787.0,92
201100047398,11,6,23,710,1,2,1,1.0,6.0,92046,M,4881870.0,230926.0,92
201100047399,11,6,19,2300,5,2,1,1.0,6.0,92075,M,4882070.0,229449.0,92
201100047400,11,6,17,645,1,2,2,1.0,3.0,92046,M,4881470.0,229681.0,92
201100047401,11,7,1,1620,1,2,2,1.0,6.0,92046,M,,,92
201100047402,11,7,20,845,1,2,5,1.0,3.0,92075,M,,,92
201100047403,11,8,13,1920,1,2,1,1.0,7.0,92046,M,,,92
201100047404,11,8,14,1700,1,2,1,1.0,7.0,92075,M,,,92
201100047405,11,9,5,2015,4,2,1,1.0,3.0,92075,M,,,92
201100047406,11,9,5,1220,1,2,1,1.0,7.0,92075,M,,,92
201100047407,11,9,7,905,1,2,5,1.0,3.0,92075,M,,,92
201100047408,11,9,12,830,1,2,1,1.0,7.0,92075,M,,,92
201100047409,11,9,15,1910,1,2,3,1.0,6.0,92046,M,,,92
201100047410,11,9,30,45,5,2,1,1.0,7.0,92075,M,,,92
201100047411,11,10,3,1840,1,2,1,1.0,6.0,92046,M,,,92
201100047412,11,10,4,1150,1,2,1,1.0,6.0,92075,M,,,92
201100047413,11,10,8,1930,5,2,3,1.0,6.0,92075,M,,,92
201100047414,11,10,10,1145,1,2,1,1.0,1.0,92075,M,,,92
201100047415,11,10,11,225,5,2,3,1.0,7.0,92046,M,,,92
201100047416,11,10,13,910,1,2,1,1.0,6.0,92046,M,,,92
201100047417,11,10,17,1025,1,2,1,1.0,7.0,92046,M,,,92
201100047418,11,10,22,1310,1,2,6,1.0,3.0,92075,M,,,92
201100047419,11,10,23,2020,5,2,1,1.0,7.0,92046,M,,,92
201100047420,11,11,3,945,1,2,2,2.0,3.0,92046,M,,,92
201100047421,11,11,5,230,5,2,3,3.0,3.0,92046,M,,,92
201100047422,11,11,8,1820,5,2,3,2.0,6.0,92046,M,,,92
201100047423,11,11,8,1330,1,2,1,2.0,6.0,92075,M,,,92
201100047424,11,11,18,845,1,2,2,2.0,3.0,92075,M,,,92
201100047425,11,11,28,1135,1,2,1,8.0,3.0,92075,M,,,92
201100047426,11,12,1,1940,5,2,1,1.0,7.0,92046,M,,,92
201100047427,11,12,5,930,1,2,1,8.0,3.0,92046,M,,,92
201100047428,11,12,13,620,5,2,3,2.0,6.0,92075,M,,,92
201100047429,11,12,15,1310,1,2,1,1.0,3.0,92046,M,,,92
201100047430,11,12,19,2135,5,2,2,2.0,2.0,92046,M,,,92
201100047431,11,12,19,845,1,2,2,1.0,7.0,92075,M,,,92
201100047432,11,12,23,1620,1,2,1,1.0,3.0,92075,M,,,92
201100047433,11,1,11,2050,5,2,1,1.0,6.0,92078,M,4894300.0,232455.0,92
201100047434,11,2,11,1205,1,2,1,1.0,6.0,92078,M,4893620.0,233301.0,92
201100047435,11,4,5,845,1,2,1,1.0,6.0,92078,M,4893490.0,233290.0,92
201100047436,11,5,14,1930,1,2,1,1.0,6.0,92078,M,4893810.0,232660.0,92
201100047437,11,5,24,1800,1,2,1,1.0,2.0,92078,M,4892410.0,232917.0,92
201100047438,11,6,1,945,1,2,1,1.0,3.0,92078,M,4892690.0,232940.0,92
201100047439,11,6,22,910,1,2,1,3.0,2.0,92078,M,4892460.0,232972.0,92
201100047440,11,6,24,2300,5,2,4,1.0,1.0,92078,M,4893080.0,233216.0,92
201100047441,11,7,2,715,1,2,2,1.0,3.0,92078,M,,,92
201100047442,11,7,5,1040,1,2,1,1.0,3.0,92078,M,,,92
201100047443,11,7,26,1455,1,1,1,1.0,6.0,92078,M,,,92
201100047444,11,8,10,1305,1,2,1,1.0,4.0,92078,M,,,92
201100047445,11,9,13,1910,1,2,1,1.0,3.0,92078,M,,,92
201100047446,11,11,15,2250,5,2,6,1.0,6.0,92078,M,,,92
201100047447,11,11,16,1635,1,2,1,1.0,4.0,92078,M,,,92
201100047448,11,11,20,1935,5,2,1,1.0,6.0,92078,M,,,92
201100047449,11,12,19,920,1,2,1,1.0,2.0,92078,M,,,92
201100047450,11,12,26,840,1,2,1,1.0,3.0,92078,M,,,92
201100047451,11,1,5,230,5,2,4,1.0,3.0,92026,M,4889150.0,224316.0,92
201100047452,11,1,25,615,5,2,1,1.0,3.0,92062,M,4889440.0,223980.0,92
201100047453,11,2,3,1235,1,2,6,1.0,7.0,92026,M,4889060.0,224180.0,92
201100047454,11,2,9,1805,5,2,3,1.0,3.0,92026,M,4889500.0,224408.0,92
201100047455,11,2,17,1435,1,2,1,1.0,7.0,92062,M,4888700.0,223700.0,92
201100047456,11,8,26,900,1,2,1,1.0,4.0,92062,M,,,92
201100047457,11,3,18,910,1,2,1,1.0,3.0,92026,M,4889350.0,224475.0,92
201100047458,11,3,24,2300,3,2,1,1.0,2.0,92062,M,4888690.0,224119.0,92
201100047459,11,3,26,2040,5,1,1,2.0,7.0,92062,M,4889130.0,223445.0,92
201100047460,11,4,4,1435,1,2,1,1.0,2.0,92062,M,,,92
201100047461,11,4,5,815,1,2,4,1.0,7.0,92062,M,,,92
201100047462,11,5,9,815,1,2,2,1.0,3.0,92026,M,,,92
201100047463,11,5,6,1900,1,2,1,1.0,7.0,92062,M,4889330.0,223469.0,92
201100047464,11,5,6,1830,1,2,1,1.0,7.0,92026,M,,,92
201100047465,11,5,7,1005,1,2,2,1.0,3.0,92026,M,4889280.0,224520.0,92
201100047466,11,6,1,800,1,2,1,1.0,7.0,92062,M,,,92
201100047467,11,6,23,2350,5,2,1,1.0,3.0,92026,M,4888930.0,225047.0,92
201100047468,11,7,19,1800,1,2,1,2.0,2.0,92026,M,,,92
201100047469,11,7,21,2045,1,2,1,2.0,2.0,92062,M,,,92
201100047470,11,7,22,1030,1,2,1,1.0,3.0,92026,M,,,92
201100047471,11,8,5,630,1,2,1,2.0,2.0,92026,M,,,92
201100047472,11,8,5,730,1,2,1,2.0,4.0,92026,M,,,92
201100047473,11,8,23,1000,1,2,1,1.0,7.0,92026,M,,,92
201100047474,11,10,3,1400,1,2,1,1.0,2.0,92062,M,,,92
201100047475,11,10,9,1500,1,2,2,1.0,7.0,92026,M,,,92
201100047476,11,10,19,1405,1,2,1,1.0,6.0,92062,M,,,92
201100047477,11,10,23,1330,1,2,2,1.0,7.0,92026,M,,,92
201100047478,11,10,27,2000,3,2,2,1.0,7.0,92026,M,,,92
201100047479,11,11,5,1805,3,2,1,1.0,7.0,92026,M,,,92
201100047480,11,11,10,1520,1,2,2,1.0,6.0,92051,M,,,92
201100047481,11,11,17,1600,1,2,1,1.0,2.0,92062,M,,,92
201100047482,11,12,2,830,1,2,1,2.0,7.0,92062,M,,,92
201100047483,11,12,9,1450,1,2,1,1.0,2.0,92062,M,,,92
201100047484,11,12,14,950,1,2,9,1.0,6.0,92026,M,,,92
201100047485,11,12,17,1220,1,2,4,1.0,4.0,92026,M,,,92
201100047486,11,12,20,810,1,2,1,2.0,6.0,92062,M,,,92
201100047487,11,1,13,1750,3,2,1,1.0,5.0,93001,M,,,93
201100047488,11,1,16,1130,1,2,1,1.0,6.0,93001,M,,,93
201100047489,11,1,19,820,1,2,2,1.0,6.0,93001,M,,,93
201100047490,11,1,24,1845,5,2,1,1.0,6.0,93001,M,,,93
201100047491,11,1,25,1321,1,2,1,1.0,2.0,93001,M,,,93
201100047492,11,1,25,1840,5,2,1,2.0,2.0,93001,M,,,93
201100047493,11,1,28,2225,5,2,1,1.0,6.0,93001,M,,,93
201100047494,11,1,31,950,1,2,1,1.0,4.0,93001,M,,,93
201100047495,11,1,31,1740,2,2,1,1.0,6.0,93001,M,,,93
201100047496,11,1,31,2130,5,2,2,1.0,3.0,93001,M,,,93
201100047497,11,2,7,1630,1,2,2,1.0,6.0,93001,M,,,93
201100047498,11,2,9,1050,1,2,5,2.0,2.0,93001,M,,,93
201100047499,11,2,9,1220,1,2,1,1.0,6.0,93001,M,,,93
201100047500,11,2,16,1330,1,2,1,1.0,3.0,93001,M,,,93
201100047501,11,2,24,220,5,2,2,2.0,2.0,93001,M,,,93
201100047502,11,2,24,1305,1,2,1,8.0,6.0,93001,M,,,93
201100047503,11,2,24,2150,5,2,2,1.0,3.0,93001,M,,,93
201100047504,11,3,4,1730,2,2,1,1.0,6.0,93001,M,,,93
201100047505,11,3,11,1830,1,2,1,1.0,7.0,93001,M,,,93
201100047506,11,3,12,2115,3,2,1,8.0,6.0,93001,M,,,93
201100047507,11,3,14,1700,1,2,1,1.0,6.0,93001,M,,,93
201100047508,11,3,16,115,5,2,1,1.0,3.0,93001,M,,,93
201100047509,11,3,16,805,1,2,1,1.0,6.0,93001,M,,,93
201100047510,11,3,4,1540,1,2,1,1.0,3.0,93001,M,,,93
201100047511,11,3,18,1310,1,2,1,1.0,6.0,93001,M,,,93
201100047512,11,3,24,850,1,2,1,1.0,6.0,93001,M,,,93
201100047513,11,3,24,1810,1,2,1,1.0,3.0,93001,M,,,93
201100047514,11,3,28,1505,1,2,2,1.0,1.0,93001,M,,,93
201100047515,11,3,28,1825,1,2,1,1.0,6.0,93001,M,,,93
201100047516,11,3,30,2130,5,2,2,2.0,5.0,93001,M,,,93
201100047517,11,4,1,1650,1,2,2,1.0,6.0,93001,M,,,93
201100047518,11,4,3,640,2,2,1,2.0,3.0,93001,M,,,93
201100047519,11,4,5,1015,1,2,1,1.0,6.0,93001,M,,,93
201100047520,11,4,11,1425,1,2,1,1.0,6.0,93001,M,,,93