Num_Acc,an,mois,jour,hrmn,lum,agg,int,atm,col,com,gps,lat,long,dep
201100047521,11,4,11,1900,1,2,3,1.0,3.0,93001,M,,,93
201100047522,11,4,15,1345,1,2,1,1.0,6.0,93001,M,,,93
201100047523,11,4,16,1150,1,2,1,1.0,6.0,93001,M,,,93
201100047524,11,4,17,2000,1,2,1,1.0,6.0,93001,M,,,93
201100047525,11,4,17,2000,1,2,1,1.0,6.0,93001,M,,,93
201100047526,11,4,18,1320,1,2,1,1.0,6.0,93001,M,,,93
201100047527,11,4,21,2000,1,2,1,1.0,4.0,93001,M,,,93
201100047528,11,4,22,1950,1,2,3,1.0,3.0,93001,M,,,93
201100047529,11,4,25,2000,1,2,1,1.0,6.0,93001,M,,,93
201100047530,11,4,25,1805,1,2,1,1.0,3.0,93001,M,,,93
201100047531,11,4,29,1315,1,2,4,2.0,6.0,93001,M,,,93
201100047532,11,4,29,1735,1,2,1,1.0,6.0,93001,M,,,93
201100047533,11,4,30,1920,1,2,1,1.0,2.0,93001,M,,,93
201100047534,11,5,5,845,1,2,1,1.0,6.0,93001,M,,,93
201100047535,11,5,9,1725,1,2,3,1.0,3.0,93001,M,,,93
201100047536,11,5,9,1500,1,2,1,1.0,5.0,93001,M,,,93
201100047537,11,5,12,207,5,2,1,1.0,1.0,93001,M,,,93
201100047538,11,5,15,1800,1,2,1,1.0,6.0,93001,M,,,93
201100047539,11,5,17,1045,1,2,1,1.0,6.0,93001,M,,,93
201100047540,11,5,17,1600,1,2,1,1.0,6.0,93001,M,,,93
201100047541,11,5,18,1805,1,2,1,1.0,3.0,93001,M,,,93
201100047542,11,5,19,930,1,2,2,1.0,1.0,93001,M,,,93
201100047543,11,5,17,50,5,2,5,1.0,1.0,93001,M,,,93
201100047544,11,5,19,1840,1,2,1,1.0,6.0,93001,M,,,93
201100047545,11,5,21,945,1,2,2,1.0,3.0,93001,M,,,93
201100047546,11,5,22,35,5,2,1,1.0,6.0,93001,M,,,93
201100047547,11,5,25,1345,1,2,1,1.0,3.0,93001,M,,,93
201100047548,11,6,1,1620,1,2,1,1.0,6.0,93001,M,,,93
201100047549,11,6,3,1800,1,2,1,1.0,6.0,93001,M,,,93
201100047550,11,6,8,1930,1,2,1,1.0,3.0,93001,M,,,93
201100047551,11,6,11,1300,1,2,1,1.0,6.0,93001,M,,,93
201100047552,11,6,11,1540,1,2,1,1.0,2.0,93001,M,,,93
201100047553,11,6,12,1730,1,2,2,2.0,5.0,93001,M,,,93
201100047554,11,6,12,1900,1,2,3,2.0,3.0,93001,M,,,93
201100047555,11,6,14,1020,1,2,1,1.0,6.0,93001,M,,,93
201100047556,11,6,15,1520,1,2,1,1.0,6.0,93001,M,,,93
201100047557,11,6,20,1711,1,2,2,1.0,6.0,93001,M,,,93
201100047558,11,6,16,1600,1,2,1,1.0,7.0,93001,M,,,93
201100047559,11,6,21,1915,1,2,1,1.0,3.0,93001,M,,,93
201100047560,11,6,25,1345,1,2,1,1.0,6.0,93001,M,,,93
201100047561,11,6,27,830,1,2,2,1.0,6.0,93001,M,,,93
201100047562,11,6,28,1328,1,2,1,1.0,6.0,93001,M,,,93
201100047563,11,6,28,2115,2,2,1,1.0,2.0,93001,M,,,93
201100047564,11,7,3,1530,1,2,2,1.0,3.0,93001,M,,,93
201100047565,11,7,6,1140,1,2,1,1.0,6.0,93001,M,,,93
201100047566,11,7,10,1340,1,2,2,8.0,2.0,93001,M,,,93
201100047567,11,7,13,740,1,2,1,1.0,3.0,93001,M,,,93
201100047568,11,7,16,1935,1,2,1,3.0,3.0,93001,M,,,93
201100047569,11,7,16,2335,5,2,1,2.0,3.0,93001,M,,,93
201100047570,11,7,19,1220,1,2,2,3.0,6.0,93001,M,,,93
201100047571,11,7,20,815,1,2,5,1.0,3.0,93001,M,,,93
201100047572,11,7,20,845,1,2,1,1.0,3.0,93001,M,,,93
201100047573,11,7,23,2030,1,2,1,1.0,7.0,93001,M,,,93
201100047574,11,8,1,1336,1,2,1,1.0,3.0,93001,M,,,93
201100047575,11,8,3,335,5,2,1,1.0,1.0,93001,M,,,93
201100047576,11,8,4,1845,1,2,3,2.0,3.0,93001,M,,,93
201100047577,11,8,11,735,1,2,1,1.0,3.0,93001,M,,,93
201100047578,11,8,13,1430,1,2,1,8.0,7.0,93001,M,,,93
201100047579,11,8,18,2050,5,2,2,1.0,3.0,93001,M,,,93
201100047580,11,8,19,2050,5,2,1,1.0,3.0,93001,M,,,93
201100047581,11,8,18,2045,1,2,1,1.0,6.0,93001,M,,,93
201100047582,11,8,26,1930,1,2,1,1.0,6.0,93001,M,,,93
201100047583,11,9,4,1010,1,2,1,1.0,4.0,93001,M,,,93
201100047584,11,9,5,1220,1,2,1,1.0,6.0,93001,M,,,93
201100047585,11,9,10,1915,1,2,1,1.0,3.0,93001,M,,,93
201100047586,11,9,11,1335,1,2,2,2.0,5.0,93001,M,,,93
201100047587,11,9,13,1205,1,2,2,1.0,6.0,93001,M,,,93
201100047588,11,9,13,1745,1,2,1,1.0,6.0,93001,M,,,93
201100047589,11,9,14,1830,1,2,1,1.0,2.0,93001,M,,,93
201100047590,11,9,15,925,1,2,1,1.0,3.0,93001,M,,,93
201100047591,11,9,17,830,1,2,1,1.0,4.0,93001,M,,,93
201100047592,11,9,18,2050,5,2,1,2.0,6.0,93001,M,,,93
201100047593,11,9,24,1020,1,2,1,1.0,1.0,93001,M,,,93
201100047594,11,9,25,345,5,2,2,1.0,3.0,93001,M,,,93
201100047595,11,9,26,930,1,2,2,1.0,5.0,93001,M,,,93
201100047596,11,9,27,820,1,2,1,1.0,3.0,93001,M,,,93
201100047597,11,9,29,1210,1,1,2,1.0,3.0,93001,M,,,93
201100047598,11,9,29,1500,1,2,1,1.0,7.0,93001,M,,,93
201100047599,11,10,5,1915,2,2,2,1.0,3.0,93001,M,,,93
201100047600,11,10,6,1235,1,2,1,3.0,6.0,93001,M,,,93
201100047601,11,10,11,600,5,2,2,1.0,6.0,93001,M,,,93
201100047602,11,10,14,1335,1,2,1,1.0,2.0,93001,M,,,93
201100047603,11,10,15,1700,1,2,1,1.0,6.0,93001,M,,,93
201100047604,11,10,17,1045,1,2,1,1.0,3.0,93001,M,,,93
201100047605,11,10,19,645,5,2,1,8.0,2.0,93001,M,,,93
201100047606,11,10,21,1415,1,2,1,1.0,5.0,93001,M,,,93
201100047607,11,10,24,1910,5,2,1,1.0,3.0,93001,M,,,93
201100047608,11,10,26,2130,5,2,2,1.0,3.0,93001,M,,,93
201100047609,11,10,27,1630,1,2,2,1.0,5.0,93001,M,,,93
201100047610,11,10,27,1355,1,2,1,1.0,6.0,93001,M,,,93
201100047611,11,10,30,1625,1,2,2,1.0,6.0,93001,M,,,93
201100047612,11,11,3,1000,1,2,1,8.0,3.0,93001,M,,,93
201100047613,11,11,3,1700,3,2,1,3.0,4.0,93001,M,,,93
201100047614,11,11,4,650,2,2,3,1.0,2.0,93001,M,,,93
201100047615,11,11,4,1915,5,2,1,1.0,6.0,93001,M,,,93
201100047616,11,11,5,140,5,2,2,3.0,3.0,93001,M,,,93
201100047617,11,11,5,1515,1,2,1,1.0,3.0,93001,M,,,93
201100047618,11,11,6,1130,1,2,1,8.0,3.0,93001,M,,,93
201100047619,11,11,17,2110,5,2,3,1.0,1.0,93001,M,,,93
201100047620,11,11,18,2335,5,2,1,1.0,1.0,93001,M,,,93
201100047621,11,11,19,1800,1,2,1,1.0,6.0,93001,M,,,93
201100047622,11,11,21,1630,1,2,1,1.0,6.0,93001,M,,,93
201100047623,11,12,6,1415,1,2,1,2.0,6.0,93001,M,,,93
201100047624,11,12,7,920,1,2,1,2.0,3.0,93001,M,,,93
201100047625,11,12,16,1515,1,2,1,1.0,6.0,93001,M,,,93
201100047626,11,12,17,810,2,2,1,1.0,6.0,93001,M,,,93
201100047627,11,12,19,45,5,2,1,2.0,2.0,93001,M,,,93
201100047628,11,12,27,250,5,2,1,1.0,6.0,93001,M,,,93
201100047629,11,12,27,1600,1,2,1,1.0,3.0,93001,M,,,93
201100047630,11,12,29,740,5,2,1,1.0,6.0,93001,M,,,93
201100047631,11,1,3,1100,1,2,2,1.0,7.0,93071,M,,,93
201100047632,11,1,9,55,5,2,1,2.0,6.0,93005,M,,,93
201100047633,11,1,7,1025,1,2,1,2.0,6.0,93071,M,,,93
201100047634,11,1,19,635,5,2,6,1.0,3.0,93005,M,,,93
201100047635,11,1,10,835,1,2,3,1.0,6.0,93071,M,,,93
201100047636,11,1,19,1205,1,2,1,1.0,6.0,93005,M,,,93
201100047637,11,1,10,1445,1,2,1,1.0,3.0,93071,M,,,93
201100047638,11,1,20,2200,5,2,3,1.0,3.0,93005,M,,,93
201100047639,11,1,24,1715,1,2,4,2.0,6.0,93071,M,,,93
201100047640,11,1,21,2335,5,2,5,1.0,1.0,93005,M,,,93
201100047641,11,1,24,2050,5,2,1,1.0,3.0,93005,M,,,93
201100047642,11,2,2,2040,5,2,5,1.0,6.0,93071,M,,,93
201100047643,11,1,25,1130,1,2,1,1.0,6.0,93005,M,,,93
201100047644,11,2,12,2045,5,2,1,2.0,2.0,93071,M,,,93
201100047645,11,1,26,1830,5,2,3,9.0,3.0,93005,M,,,93
201100047646,11,2,14,1210,1,2,9,8.0,2.0,93071,M,,,93
201100047647,11,1,27,1700,1,2,1,1.0,6.0,93005,M,,,93
201100047648,11,2,15,1850,5,2,1,2.0,6.0,93071,M,,,93
201100047649,11,1,29,45,3,2,2,1.0,3.0,93005,M,,,93
201100047650,11,3,3,1700,1,2,4,1.0,2.0,93071,M,,,93
201100047651,11,1,30,625,5,2,2,1.0,3.0,93005,M,,,93
201100047652,11,3,4,840,1,2,4,1.0,6.0,93071,M,,,93
201100047653,11,1,31,850,1,2,1,4.0,2.0,93005,M,,,93
201100047654,11,3,7,1845,4,2,2,1.0,6.0,93071,M,,,93
201100047655,11,2,3,1120,1,2,7,1.0,6.0,93005,M,,,93
201100047656,11,3,10,1825,1,2,1,1.0,7.0,93071,M,,,93
201100047657,11,2,7,1040,1,2,6,1.0,2.0,93005,M,,,93
201100047658,11,3,14,1655,1,2,1,1.0,6.0,93071,M,,,93
201100047659,11,2,11,1620,1,2,1,1.0,6.0,93005,M,,,93
201100047660,11,3,21,1740,1,2,1,1.0,6.0,93071,M,,,93
201100047661,11,2,11,1815,1,2,2,1.0,3.0,93005,M,,,93
201100047662,11,4,2,1615,1,2,3,1.0,5.0,93071,M,,,93
201100047663,11,2,11,2200,5,2,2,1.0,7.0,93005,M,,,93
201100047664,11,4,9,1925,1,2,1,1.0,6.0,93071,M,,,93
201100047665,11,2,15,1330,1,2,1,1.0,6.0,93005,M,,,93
201100047666,11,4,16,1950,1,2,2,1.0,3.0,93071,M,,,93
201100047667,11,2,15,1510,1,2,1,1.0,6.0,93005,M,,,93
201100047668,11,4,18,1645,1,2,1,1.0,6.0,93071,M,,,93
201100047669,11,2,18,2300,5,2,1,1.0,7.0,93005,M,,,93
201100047670,11,4,22,1550,1,2,2,1.0,3.0,93071,M,,,93
201100047671,11,2,21,1437,1,2,1,2.0,7.0,93005,M,,,93
201100047672,11,4,25,1615,1,2,1,1.0,6.0,93071,M,,,93
201100047673,11,5,2,145,5,2,1,1.0,1.0,93071,M,,,93
201100047674,11,3,2,825,1,2,1,1.0,3.0,93005,M,,,93
201100047675,11,5,12,905,1,2,1,1.0,3.0,93071,M,,,93
201100047676,11,3,3,1455,1,2,1,1.0,5.0,93005,M,,,93
201100047677,11,5,16,1910,1,2,1,1.0,3.0,93071,M,,,93
201100047678,11,3,3,1700,1,2,1,1.0,3.0,93005,M,,,93
201100047679,11,5,20,2045,1,2,3,1.0,2.0,93071,M,,,93
201100047680,11,3,8,1600,1,2,1,1.0,2.0,93005,M,,,93
201100047681,11,5,23,1935,1,2,2,1.0,3.0,93071,M,,,93
201100047682,11,3,14,920,1,2,1,1.0,6.0,93005,M,,,93
201100047683,11,5,28,1230,1,2,1,1.0,3.0,93071,M,,,93
201100047684,11,3,14,1800,2,2,1,1.0,6.0,93005,M,,,93
201100047685,11,5,31,1200,1,2,1,1.0,6.0,93071,M,,,93
201100047686,11,3,16,930,1,2,1,1.0,6.0,93005,M,,,93
201100047687,11,6,21,1750,1,2,1,1.0,6.0,93071,M,,,93
201100047688,11,3,18,1538,1,2,1,1.0,4.0,93005,M,,,93
201100047689,11,6,24,2025,1,2,1,1.0,2.0,93071,M,,,93
201100047690,11,3,18,1628,1,2,1,1.0,6.0,93005,M,,,93
201100047691,11,6,26,1245,1,2,3,1.0,3.0,93071,M,,,93
201100047692,11,3,24,750,1,2,1,1.0,6.0,93005,M,,,93
201100047693,11,6,27,750,1,2,2,1.0,3.0,93071,M,,,93
201100047694,11,3,25,1130,1,2,6,1.0,6.0,93005,M,,,93
201100047695,11,7,1,2020,1,2,1,1.0,6.0,93071,M,,,93
201100047696,11,3,26,1420,1,2,2,1.0,3.0,93005,M,,,93
201100047697,11,3,30,1300,1,2,6,1.0,3.0,93005,M,,,93
201100047698,11,4,2,1505,1,2,2,1.0,3.0,93005,M,,,93
201100047699,11,4,5,1940,1,2,1,1.0,3.0,93005,M,,,93
201100047700,11,8,4,2254,5,2,2,1.0,3.0,93071,M,,,93
201100047701,11,4,6,2230,5,2,1,1.0,2.0,93005,M,,,93
201100047702,11,8,13,2000,1,2,1,1.0,6.0,93071,M,,,93
201100047703,11,4,8,1545,1,2,1,1.0,5.0,93005,M,,,93
201100047704,11,8,27,1900,1,2,1,2.0,1.0,93071,M,,,93
201100047705,11,4,14,1810,1,2,1,1.0,3.0,93005,M,,,93
201100047706,11,9,1,1140,1,2,1,1.0,6.0,93071,M,,,93
201100047707,11,4,14,1830,1,2,1,1.0,6.0,93005,M,,,93
201100047708,11,9,6,1620,1,2,7,1.0,2.0,93071,M,,,93
201100047709,11,4,18,1435,1,2,3,1.0,3.0,93005,M,,,93
201100047710,11,9,19,1350,1,2,1,1.0,6.0,93071,M,,,93
201100047711,11,4,18,1900,1,2,1,1.0,7.0,93005,M,,,93
201100047712,11,9,27,1505,1,2,4,1.0,3.0,93071,M,,,93
201100047713,11,4,20,1845,1,2,1,1.0,5.0,93005,M,,,93
201100047714,11,9,30,1745,1,2,1,1.0,3.0,93071,M,,,93
201100047715,11,4,21,830,1,2,1,1.0,3.0,93005,M,,,93
201100047716,11,10,7,900,1,2,2,1.0,3.0,93071,M,,,93
201100047717,11,4,22,1000,1,2,2,1.0,3.0,93005,M,,,93
201100047718,11,10,11,1217,1,2,1,1.0,3.0,93071,M,,,93
201100047719,11,4,26,1840,1,2,3,1.0,3.0,93005,M,,,93
201100047720,11,10,13,1710,1,2,1,1.0,6.0,93071,M,,,93
201100047721,11,4,29,1635,1,2,1,1.0,3.0,93005,M,,,93
201100047722,11,10,14,850,1,2,1,1.0,6.0,93071,M,,,93
201100047723,11,4,30,700,2,2,3,1.0,2.0,93005,M,,,93
201100047724,11,10,15,1200,1,2,1,1.0,2.0,93071,M,,,93
201100047725,11,10,15,1405,1,2,3,1.0,6.0,93071,M,,,93
201100047726,11,5,6,900,1,2,2,1.0,3.0,93005,M,,,93
201100047727,11,10,25,1210,1,2,3,1.0,4.0,93071,M,,,93
201100047728,11,5,11,1800,1,2,4,1.0,3.0,93005,M,,,93
201100047729,11,10,26,1835,2,2,1,1.0,4.0,93071,M,,,93
201100047730,11,5,16,820,1,2,1,1.0,7.0,93005,M,,,93
201100047731,11,10,29,2010,5,2,3,2.0,5.0,93071,M,,,93
201100047732,11,5,20,1230,1,2,1,1.0,3.0,93005,M,,,93
201100047733,11,5,27,1900,1,2,1,1.0,3.0,93005,M,,,93
201100047734,11,11,3,1,5,2,1,1.0,6.0,93071,M,,,93
201100047735,11,5,29,1850,1,2,6,1.0,2.0,93005,M,,,93
201100047736,11,11,17,855,1,2,1,9.0,6.0,93071,M,,,93
201100047737,11,5,30,1845,1,2,1,1.0,2.0,93005,M,,,93
201100047738,11,11,28,1900,5,1,6,1.0,3.0,93071,M,,,93
201100047739,11,6,1,1050,1,2,5,1.0,3.0,93005,M,,,93
201100047740,11,11,29,2100,5,2,2,2.0,3.0,93071,M,,,93
201100047741,11,6,1,1715,1,2,3,1.0,3.0,93005,M,,,93
201100047742,11,11,30,1825,5,2,9,1.0,3.0,93071,M,,,93
201100047743,11,6,1,2245,5,2,3,1.0,3.0,93005,M,,,93
201100047744,11,12,12,1120,1,2,1,1.0,6.0,93071,M,,,93
201100047745,11,6,4,2120,1,2,1,1.0,6.0,93005,M,,,93
201100047746,11,12,12,1650,1,2,2,1.0,3.0,93071,M,,,93
201100047747,11,12,13,1935,5,2,9,1.0,3.0,93071,M,,,93
201100047748,11,6,12,55,5,2,1,1.0,7.0,93005,M,,,93
201100047749,11,12,14,1645,1,2,1,1.0,6.0,93071,M,,,93
201100047750,11,6,15,930,1,2,3,1.0,1.0,93005,M,,,93
201100047751,11,6,15,1740,1,2,2,1.0,3.0,93005,M,,,93
201100047752,11,12,17,930,1,2,1,1.0,3.0,93071,M,,,93
201100047753,11,6,15,1840,1,2,2,1.0,3.0,93005,M,,,93
201100047754,11,12,21,1610,1,2,1,2.0,3.0,93071,M,,,93
201100047755,11,6,19,2205,5,2,1,1.0,2.0,93005,M,,,93
201100047756,11,12,27,1340,1,2,1,8.0,7.0,93071,M,,,93
201100047757,11,6,20,1030,1,1,3,2.0,3.0,93005,M,,,93
201100047758,11,6,21,1330,1,2,4,1.0,3.0,93005,M,,,93
201100047759,11,6,21,2110,1,2,6,1.0,3.0,93005,M,,,93
201100047760,11,6,22,2125,2,2,3,1.0,3.0,93005,M,,,93
201100047761,11,6,24,645,1,2,1,1.0,7.0,93005,M,,,93
201100047762,11,6,27,1800,1,2,6,1.0,3.0,93005,M,,,93
201100047763,11,6,28,1620,1,2,1,1.0,7.0,93005,M,,,93
201100047764,11,6,29,1330,1,1,3,1.0,6.0,93005,M,,,93
201100047765,11,6,29,1730,1,2,1,1.0,6.0,93005,M,,,93
201100047766,11,7,1,1600,1,2,1,1.0,2.0,93005,M,,,93
201100047767,11,7,4,1840,1,2,1,1.0,3.0,93005,M,,,93
201100047768,11,7,6,1830,1,2,1,1.0,7.0,93005,M,,,93
201100047769,11,7,7,1930,1,2,3,2.0,3.0,93005,M,,,93
201100047770,11,7,8,37,5,2,1,1.0,6.0,93005,M,,,93
201100047771,11,7,9,20,4,2,2,2.0,3.0,93005,M,,,93
201100047772,11,7,13,1345,1,2,1,1.0,7.0,93005,M,,,93
201100047773,11,7,21,1800,1,2,2,1.0,3.0,93005,M,,,93
201100047774,11,7,21,1900,1,2,1,1.0,2.0,93005,M,,,93
201100047775,11,7,22,1540,1,2,1,2.0,3.0,93005,M,,,93
201100047776,11,7,27,1750,1,2,3,3.0,4.0,93005,M,,,93
201100047777,11,7,27,1235,1,2,2,1.0,3.0,93005,M,,,93
201100047778,11,7,31,1115,1,2,2,1.0,3.0,93005,M,,,93
201100047779,11,8,1,2320,5,2,1,1.0,2.0,93005,M,,,93
201100047780,11,8,2,1955,1,2,2,1.0,3.0,93005,M,,,93
201100047781,11,8,5,2325,5,2,1,8.0,6.0,93005,M,,,93
201100047782,11,8,5,1120,1,2,1,1.0,7.0,93005,M,,,93
201100047783,11,8,12,2050,1,2,1,1.0,6.0,93005,M,,,93
201100047784,11,8,16,1150,1,2,1,1.0,3.0,93005,M,,,93
201100047785,11,8,17,10,5,2,1,1.0,7.0,93005,M,,,93
201100047786,11,8,18,1115,1,2,1,1.0,6.0,93005,M,,,93
201100047787,11,8,21,2310,3,2,1,1.0,3.0,93005,M,,,93
201100047788,11,8,31,1930,1,2,2,1.0,3.0,93005,M,,,93
201100047789,11,9,2,1008,1,2,1,1.0,6.0,93005,M,,,93
201100047790,11,9,2,2100,5,2,1,1.0,1.0,93005,M,,,93
201100047791,11,9,10,1610,1,2,3,1.0,1.0,93005,M,,,93
201100047792,11,9,11,810,1,2,6,8.0,3.0,93005,M,,,93
201100047793,11,9,15,1455,1,2,1,1.0,6.0,93005,M,,,93
201100047794,11,9,15,1205,1,2,5,1.0,3.0,93005,M,,,93
201100047795,11,9,15,2220,5,2,1,1.0,6.0,93005,M,,,93
201100047796,11,9,17,935,1,2,1,1.0,3.0,93005,M,,,93
201100047797,11,9,17,1300,1,2,1,1.0,2.0,93005,M,,,93
201100047798,11,9,20,1215,1,2,1,1.0,5.0,93005,M,,,93
201100047799,11,9,18,1840,1,2,1,2.0,7.0,93005,M,,,93
201100047800,11,9,23,1720,1,2,3,1.0,3.0,93005,M,,,93
201100047801,11,9,30,1830,4,2,1,1.0,6.0,93005,M,,,93
201100047802,11,10,1,800,1,2,6,1.0,3.0,93005,M,,,93
201100047803,11,10,1,1120,1,2,3,1.0,3.0,93005,M,,,93
201100047804,11,10,1,1630,1,2,1,1.0,2.0,93005,M,,,93
201100047805,11,10,2,320,5,2,2,1.0,3.0,93005,M,,,93
201100047806,11,10,2,1740,1,2,3,1.0,2.0,93005,M,,,93
201100047807,11,10,5,1920,5,2,1,1.0,1.0,93005,M,,,93
201100047808,11,10,6,800,1,2,2,1.0,3.0,93005,M,,,93
201100047809,11,10,9,1900,3,1,1,1.0,2.0,93005,M,,,93
201100047810,11,10,10,820,1,2,1,8.0,2.0,93005,M,,,93
201100047811,11,10,10,1225,1,2,3,8.0,3.0,93005,M,,,93
201100047812,11,10,13,1710,1,2,1,1.0,3.0,93005,M,,,93
201100047813,11,10,14,1842,1,2,1,1.0,6.0,93005,M,,,93
201100047814,11,10,19,1200,1,2,2,1.0,3.0,93005,M,,,93
201100047815,11,10,21,950,1,2,1,1.0,6.0,93005,M,,,93
201100047816,11,10,28,1820,1,2,1,1.0,1.0,93005,M,,,93
201100047817,11,11,6,1900,5,2,1,1.0,1.0,93005,M,,,93
201100047818,11,11,12,305,5,2,1,1.0,6.0,93005,M,,,93
201100047819,11,11,12,1750,5,2,2,1.0,3.0,93005,M,,,93
201100047820,11,11,13,100,5,2,3,1.0,7.0,93005,M,,,93
201100047821,11,11,15,1045,1,2,1,1.0,3.0,93005,M,,,93
201100047822,11,11,15,2045,5,2,1,1.0,6.0,93005,M,,,93
201100047823,11,11,18,1815,5,2,2,1.0,3.0,93005,M,,,93
201100047824,11,11,20,1930,5,2,1,1.0,3.0,93005,M,,,93
201100047825,11,11,23,2140,5,2,1,1.0,7.0,93005,M,,,93
201100047826,11,11,25,1345,1,2,3,2.0,2.0,93005,M,,,93
201100047827,11,11,26,825,5,2,1,1.0,6.0,93005,M,,,93
201100047828,11,11,27,815,1,2,2,1.0,7.0,93005,M,,,93
201100047829,11,12,1,2230,5,2,1,1.0,6.0,93005,M,,,93
201100047830,11,12,14,1225,1,2,2,1.0,6.0,93005,M,,,93
201100047831,11,12,11,1530,1,1,6,2.0,3.0,93005,M,,,93
201100047832,11,12,14,1055,1,2,6,1.0,2.0,93005,M,,,93
201100047833,11,12,13,805,1,2,2,1.0,6.0,93005,M,,,93
201100047834,11,12,15,1105,1,2,1,2.0,6.0,93005,M,,,93
201100047835,11,12,19,2310,5,2,1,2.0,3.0,93005,M,,,93
201100047836,11,12,22,1400,1,2,2,1.0,3.0,93005,M,,,93
201100047837,11,12,27,1930,5,2,2,1.0,6.0,93005,M,,,93
201100047838,11,1,14,2345,5,2,2,2.0,6.0,93007,M,,,93
201100047839,11,1,20,1740,5,2,1,1.0,6.0,93007,M,,,93
201100047840,11,1,25,2215,5,2,2,1.0,3.0,93007,M,,,93
201100047841,11,1,27,1030,1,2,1,1.0,3.0,93007,M,,,93
201100047842,11,1,31,640,2,2,1,1.0,2.0,93007,M,,,93
201100047843,11,2,8,1840,5,2,1,1.0,3.0,93007,M,,,93
201100047844,11,2,11,1820,5,2,1,1.0,6.0,93007,M,,,93
201100047845,11,2,13,1925,5,2,1,1.0,7.0,93007,M,,,93
201100047846,11,2,16,910,1,2,1,8.0,3.0,93007,M,,,93
201100047847,11,2,17,715,5,2,1,1.0,6.0,93007,M,,,93
201100047848,11,2,28,1545,1,2,6,8.0,6.0,93007,M,,,93
201100047849,11,3,2,1550,1,2,1,1.0,2.0,93007,M,,,93
201100047850,11,3,5,1345,1,2,6,1.0,3.0,93007,M,,,93
201100047851,11,3,9,1000,1,2,1,8.0,3.0,93007,M,,,93
201100047852,11,3,14,1945,4,2,1,1.0,3.0,93007,M,,,93
201100047853,11,3,30,1330,1,2,1,1.0,6.0,93007,M,,,93
201100047854,11,4,2,1855,1,2,1,1.0,7.0,93007,M,,,93
201100047855,11,4,6,2120,5,2,2,1.0,7.0,93007,M,,,93
201100047856,11,4,8,1940,1,2,1,1.0,3.0,93007,M,,,93
201100047857,11,4,8,2025,2,2,3,1.0,3.0,93007,M,,,93
201100047858,11,4,14,830,1,2,1,1.0,6.0,93007,M,,,93
201100047859,11,4,14,1550,1,2,1,1.0,4.0,93007,M,,,93
201100047860,11,4,20,1405,1,2,2,1.0,3.0,93007,M,,,93
201100047861,11,4,20,1500,1,2,1,1.0,1.0,93007,M,,,93
201100047862,11,4,27,1240,1,2,3,1.0,3.0,93007,M,,,93
201100047863,11,5,4,1320,1,2,2,1.0,3.0,93007,M,,,93
201100047864,11,5,9,830,1,2,2,1.0,3.0,93007,M,,,93
201100047865,11,5,10,1615,1,2,1,1.0,6.0,93007,M,,,93
201100047866,11,5,11,2230,5,2,2,1.0,3.0,93007,M,,,93
201100047867,11,5,15,2300,5,2,1,1.0,3.0,93007,M,,,93
201100047868,11,5,22,2030,1,2,1,1.0,3.0,93007,M,,,93
201100047869,11,5,24,1500,1,2,1,1.0,6.0,93007,M,,,93
201100047870,11,5,26,900,1,2,1,1.0,6.0,93007,M,,,93
201100047871,11,5,27,1620,1,2,1,1.0,3.0,93007,M,,,93
201100047872,11,5,27,2150,5,2,2,1.0,3.0,93007,M,,,93
201100047873,11,5,27,2105,1,2,1,1.0,2.0,93007,M,,,93
201100047874,11,6,8,1410,1,2,1,1.0,6.0,93007,M,,,93
201100047875,11,6,8,2045,1,2,1,1.0,3.0,93007,M,,,93
201100047876,11,6,9,1145,1,2,1,8.0,6.0,93007,M,,,93
201100047877,11,6,14,1720,1,2,1,1.0,1.0,93007,M,,,93
201100047878,11,6,16,1200,1,2,1,1.0,3.0,93007,M,,,93
201100047879,11,6,20,740,1,2,1,3.0,6.0,93007,M,,,93
201100047880,11,6,21,1425,1,2,1,8.0,6.0,93007,M,,,93
201100047881,11,6,21,2015,1,2,1,1.0,7.0,93007,M,,,93
201100047882,11,6,26,2100,1,1,9,1.0,6.0,93007,M,,,93
201100047883,11,7,3,1500,1,2,1,1.0,2.0,93007,M,,,93
201100047884,11,7,10,1750,1,2,1,1.0,7.0,93007,M,,,93
201100047885,11,7,11,1645,1,2,3,1.0,4.0,93007,M,,,93
201100047886,11,7,16,1240,1,2,3,2.0,3.0,93007,M,,,93
201100047887,11,7,23,1950,1,2,3,2.0,3.0,93007,M,,,93
201100047888,11,8,4,2100,1,2,1,1.0,3.0,93007,M,,,93
201100047889,11,8,5,1840,1,2,1,3.0,6.0,93007,M,,,93
201100047890,11,8,10,1800,1,2,1,1.0,2.0,93007,M,,,93
201100047891,11,8,11,1220,1,2,2,1.0,3.0,93007,M,,,93
201100047892,11,8,17,840,1,2,1,1.0,3.0,93007,M,,,93
201100047893,11,8,18,1715,1,2,1,1.0,3.0,93007,M,,,93
201100047894,11,8,24,1750,1,2,1,1.0,2.0,93007,M,,,93
201100047895,11,9,5,1600,1,2,1,1.0,6.0,93007,M,,,93
201100047896,11,9,7,640,2,2,1,2.0,1.0,93007,M,,,93
201100047897,11,9,8,2105,5,2,1,1.0,7.0,93007,M,,,93
201100047898,11,9,12,2115,5,2,1,1.0,3.0,93007,M,,,93
201100047899,11,9,16,840,1,2,1,1.0,7.0,93007,M,,,93
201100047900,11,9,19,2040,5,2,6,1.0,3.0,93007,M,,,93
201100047901,11,9,25,1500,1,2,2,1.0,7.0,93007,M,,,93
201100047902,11,9,30,910,1,2,1,1.0,3.0,93007,M,,,93
201100047903,11,9,30,1905,1,2,1,1.0,3.0,93007,M,,,93
201100047904,11,10,14,1505,1,2,1,1.0,6.0,93007,M,,,93
201100047905,11,10,14,1715,1,2,1,1.0,7.0,93007,M,,,93