Num_Acc,an,mois,jour,hrmn,lum,agg,int,atm,col,com,gps,lat,long,dep
201100047906,11,10,24,1330,1,2,2,1.0,7.0,93007,M,,,93
201100047907,11,10,24,1400,1,2,1,1.0,3.0,93007,M,,,93
201100047908,11,10,25,1635,1,2,1,2.0,2.0,93007,M,,,93
201100047909,11,10,31,1645,1,2,3,1.0,6.0,93007,M,,,93
201100047910,11,11,2,1745,5,2,1,1.0,7.0,93007,M,,,93
201100047911,11,11,5,1425,1,2,1,1.0,5.0,93007,M,,,93
201100047912,11,12,2,1940,4,2,1,1.0,6.0,93007,M,,,93
201100047913,11,12,5,900,1,2,1,1.0,2.0,93007,M,,,93
201100047914,11,12,10,1420,1,2,1,1.0,3.0,93007,M,,,93
201100047915,11,12,13,1910,5,2,1,8.0,6.0,93007,M,,,93
201100047916,11,12,13,2010,5,2,1,8.0,6.0,93007,M,,,93
201100047917,11,12,20,125,5,2,1,2.0,6.0,93007,M,,,93
201100047918,11,12,26,10,5,2,9,1.0,2.0,93007,M,,,93
201100047919,11,12,26,1825,5,2,2,1.0,3.0,93007,M,,,93
201100047920,11,12,27,1350,1,2,1,2.0,6.0,93007,M,,,93
201100047921,11,12,28,1255,1,2,2,2.0,3.0,93007,M,,,93
201100047922,11,12,30,935,1,2,1,2.0,6.0,93007,M,,,93
201100047923,11,1,3,1915,5,2,1,1.0,6.0,93008,M,,,93
201100047924,11,1,5,921,1,2,1,1.0,2.0,93008,M,,,93
201100047925,11,1,10,25,5,1,4,1.0,2.0,93008,M,,,93
201100047926,11,1,10,800,1,2,1,1.0,2.0,93008,M,,,93
201100047927,11,1,12,1045,1,2,1,2.0,2.0,93008,M,,,93
201100047928,11,1,9,1350,1,2,1,1.0,6.0,93008,M,,,93
201100047929,11,1,19,1245,1,2,1,1.0,6.0,93008,M,,,93
201100047930,11,1,19,1542,1,2,1,1.0,4.0,93008,M,,,93
201100047931,11,1,25,920,1,2,1,1.0,3.0,93008,M,,,93
201100047932,11,1,26,1000,1,2,2,2.0,3.0,93008,M,,,93
201100047933,11,1,27,1415,1,2,1,1.0,7.0,93008,M,,,93
201100047934,11,1,30,1805,5,2,1,1.0,6.0,93008,M,,,93
201100047935,11,2,1,1805,5,2,1,1.0,7.0,93008,M,,,93
201100047936,11,2,7,1600,1,2,1,1.0,6.0,93008,M,,,93
201100047937,11,2,19,1055,1,2,2,3.0,3.0,93008,M,,,93
201100047938,11,2,21,1915,5,2,1,2.0,6.0,93008,M,,,93
201100047939,11,3,2,1935,3,2,1,1.0,6.0,93008,M,,,93
201100047940,11,3,8,930,1,2,6,1.0,6.0,93008,M,,,93
201100047941,11,3,13,50,5,2,1,2.0,2.0,93008,M,,,93
201100047942,11,3,13,610,5,2,1,1.0,6.0,93008,M,,,93
201100047943,11,3,14,1315,1,2,1,1.0,6.0,93008,M,,,93
201100047944,11,3,16,1410,1,2,1,1.0,3.0,93008,M,,,93
201100047945,11,3,18,1330,1,2,8,1.0,5.0,93008,M,,,93
201100047946,11,3,18,1455,1,2,1,1.0,6.0,93008,M,,,93
201100047947,11,3,29,1530,1,2,1,1.0,6.0,93008,M,,,93
201100047948,11,4,6,2200,5,2,1,1.0,7.0,93008,M,,,93
201100047949,11,4,14,1645,1,2,2,1.0,6.0,93008,M,,,93
201100047950,11,4,15,1920,1,2,1,1.0,3.0,93008,M,,,93
201100047951,11,4,24,1645,1,2,1,1.0,6.0,93008,M,,,93
201100047952,11,4,25,1640,1,2,1,7.0,2.0,93008,M,,,93
201100047953,11,5,6,2115,5,2,1,1.0,4.0,93008,M,,,93
201100047954,11,5,11,1025,1,2,3,1.0,3.0,93008,M,,,93
201100047955,11,5,18,825,1,2,2,1.0,3.0,93008,M,,,93
201100047956,11,5,20,740,1,2,1,1.0,3.0,93008,M,,,93
201100047957,11,5,21,20,5,2,6,1.0,7.0,93008,M,,,93
201100047958,11,5,31,1740,1,2,3,1.0,5.0,93008,M,,,93
201100047959,11,6,3,1145,1,2,6,1.0,3.0,93008,M,,,93
201100047960,11,6,7,1530,1,2,1,3.0,3.0,93008,M,,,93
201100047961,11,6,17,1455,1,2,1,2.0,6.0,93008,M,,,93
201100047962,11,6,22,2010,1,2,1,1.0,5.0,93008,M,,,93
201100047963,11,6,29,2240,5,2,1,1.0,7.0,93008,M,,,93
201100047964,11,7,3,1920,1,2,1,1.0,6.0,93008,M,,,93
201100047965,11,7,12,845,1,2,1,1.0,6.0,93008,M,,,93
201100047966,11,7,13,1225,1,2,1,8.0,3.0,93008,M,,,93
201100047967,11,7,21,1400,1,1,1,1.0,3.0,93008,M,,,93
201100047968,11,7,25,1050,1,2,1,1.0,2.0,93008,M,,,93
201100047969,11,7,27,1850,1,2,2,2.0,3.0,93008,M,,,93
201100047970,11,8,1,2000,1,2,1,1.0,4.0,93008,M,,,93
201100047971,11,8,16,800,1,2,3,1.0,3.0,93008,M,,,93
201100047972,11,8,22,2215,5,2,1,1.0,6.0,93008,M,,,93
201100047973,11,8,27,1300,1,2,6,8.0,2.0,93008,M,,,93
201100047974,11,9,5,745,1,2,1,2.0,2.0,93008,M,,,93
201100047975,11,9,5,1130,1,2,1,1.0,6.0,93008,M,,,93
201100047976,11,9,8,1650,1,2,1,8.0,6.0,93008,M,,,93
201100047977,11,9,10,1420,1,2,1,1.0,2.0,93008,M,,,93
201100047978,11,9,11,1,5,2,1,1.0,2.0,93008,M,,,93
201100047979,11,9,11,1745,1,2,1,1.0,7.0,93008,M,,,93
201100047980,11,9,11,1640,1,2,1,1.0,2.0,93008,M,,,93
201100047981,11,9,20,655,2,2,6,8.0,7.0,93008,M,,,93
201100047982,11,9,22,1255,1,2,1,1.0,6.0,93008,M,,,93
201100047983,11,9,23,1740,1,2,3,1.0,1.0,93008,M,,,93
201100047984,11,9,24,1000,1,2,1,1.0,6.0,93008,M,,,93
201100047985,11,9,24,1840,1,2,1,1.0,3.0,93008,M,,,93
201100047986,11,9,29,2015,5,2,1,1.0,3.0,93008,M,,,93
201100047987,11,10,1,615,2,2,1,1.0,6.0,93008,M,,,93
201100047988,11,10,1,733,2,1,2,1.0,3.0,93008,M,,,93
201100047989,11,10,3,1345,1,2,1,1.0,6.0,93008,M,,,93
201100047990,11,10,4,30,5,2,3,1.0,3.0,93008,M,,,93
201100047991,11,10,5,800,1,2,6,1.0,3.0,93008,M,,,93
201100047992,11,10,10,1830,1,2,1,1.0,6.0,93008,M,,,93
201100047993,11,10,14,1030,1,2,2,1.0,4.0,93008,M,,,93
201100047994,11,10,15,1510,1,2,1,1.0,2.0,93008,M,,,93
201100047995,11,10,21,1800,2,2,6,1.0,6.0,93008,M,,,93
201100047996,11,11,2,1800,5,2,6,1.0,3.0,93008,M,,,93
201100047997,11,11,11,1500,1,2,1,1.0,3.0,93008,M,,,93
201100047998,11,11,14,1835,5,2,1,1.0,6.0,93008,M,,,93
201100047999,11,11,15,1525,1,1,6,1.0,6.0,93008,M,,,93
201100048000,11,11,24,640,5,2,1,1.0,2.0,93008,M,,,93
201100048001,11,11,29,1710,2,2,2,1.0,3.0,93008,M,,,93
201100048002,11,12,2,1500,1,2,3,1.0,6.0,93008,M,,,93
201100048003,11,12,6,1530,1,2,1,3.0,3.0,93008,M,,,93
201100048004,11,12,9,1455,1,2,1,8.0,3.0,93008,M,,,93
201100048005,11,12,9,1915,5,2,1,1.0,3.0,93008,M,,,93
201100048006,11,12,14,2255,5,2,1,1.0,3.0,93008,M,,,93
201100048007,11,12,16,1120,1,2,1,3.0,3.0,93008,M,,,93
201100048008,11,12,18,2225,5,2,4,2.0,6.0,93008,M,,,93
201100048009,11,12,25,2145,5,2,9,1.0,3.0,93008,M,,,93
201100048010,11,12,26,1602,1,2,3,1.0,3.0,93008,M,,,93
201100048011,11,12,28,2100,5,2,6,1.0,3.0,93008,M,,,93
201100048012,11,12,30,545,5,2,1,2.0,2.0,93008,M,,,93
201100048013,11,1,3,845,1,2,1,8.0,7.0,93010,M,,,93
201100048014,11,1,4,1440,1,2,3,1.0,3.0,93010,M,,,93
201100048015,11,1,5,820,1,2,1,1.0,7.0,93010,M,,,93
201100048016,11,1,9,2055,5,2,1,1.0,6.0,93010,M,,,93
201100048017,11,1,25,1500,1,2,3,2.0,3.0,93010,M,,,93
201100048018,11,1,29,310,5,2,5,1.0,3.0,93057,M,,,93
201100048019,11,1,30,1445,1,2,1,1.0,7.0,93010,M,,,93
201100048020,11,2,1,2020,5,2,4,1.0,6.0,93010,M,,,93
201100048021,11,2,4,2015,5,2,1,1.0,5.0,93010,M,,,93
201100048022,11,2,7,820,1,2,3,1.0,3.0,93010,M,,,93
201100048023,11,2,22,1650,1,2,1,1.0,2.0,93057,M,,,93
201100048024,11,3,1,740,1,2,2,1.0,3.0,93010,M,,,93
201100048025,11,3,1,1630,1,2,3,1.0,3.0,93010,M,,,93
201100048026,11,3,3,1850,5,2,2,1.0,3.0,93010,M,,,93
201100048027,11,3,4,1940,5,2,4,1.0,3.0,93057,M,,,93
201100048028,11,3,6,840,1,2,1,1.0,6.0,93010,M,,,93
201100048029,11,3,6,1605,1,2,1,1.0,2.0,93057,M,,,93
201100048030,11,3,7,1400,1,2,3,9.0,3.0,93010,M,,,93
201100048031,11,3,17,640,2,2,1,8.0,2.0,93010,M,,,93
201100048032,11,3,26,1330,1,2,2,1.0,5.0,93010,M,,,93
201100048033,11,3,26,1355,1,2,4,1.0,5.0,93010,M,,,93
201100048034,11,3,26,2200,5,2,3,2.0,3.0,93010,M,,,93
201100048035,11,4,2,1315,1,2,1,1.0,2.0,93057,M,,,93
201100048036,11,4,9,830,1,2,1,1.0,5.0,93010,M,,,93
201100048037,11,4,14,950,1,2,3,1.0,6.0,93057,M,,,93
201100048038,11,4,17,1515,1,2,3,1.0,3.0,93010,M,,,93
201100048039,11,4,18,1805,1,2,1,1.0,4.0,93010,M,,,93
201100048040,11,4,30,1435,1,2,1,1.0,7.0,93010,M,,,93
201100048041,11,4,30,1650,1,2,1,1.0,1.0,93010,M,,,93
201100048042,11,5,1,510,5,2,2,1.0,3.0,93010,M,,,93
201100048043,11,5,1,1620,1,2,1,9.0,2.0,93010,M,,,93
201100048044,11,5,5,1245,1,2,1,1.0,2.0,93057,M,,,93
201100048045,11,5,9,1715,1,2,1,1.0,2.0,93010,M,,,93
201100048046,11,5,12,1330,1,2,1,1.0,6.0,93010,M,,,93
201100048047,11,5,5,1910,1,2,1,1.0,6.0,93057,M,,,93
201100048048,11,6,1,2105,1,2,1,1.0,3.0,93010,M,,,93
201100048049,11,6,7,1850,1,2,1,1.0,2.0,93057,M,,,93
201100048050,11,6,8,1720,1,2,1,1.0,3.0,93010,M,,,93
201100048051,11,6,10,906,1,2,1,1.0,2.0,93057,M,,,93
201100048052,11,6,14,2245,5,2,1,1.0,2.0,93010,M,,,93
201100048053,11,6,22,1345,1,2,2,1.0,3.0,93010,M,,,93
201100048054,11,6,24,930,1,2,2,1.0,7.0,93010,M,,,93
201100048055,11,6,24,1040,1,2,3,1.0,2.0,93057,M,,,93
201100048056,11,6,25,1205,1,2,1,1.0,6.0,93010,M,,,93
201100048057,11,7,3,720,1,2,1,1.0,2.0,93010,M,,,93
201100048058,11,7,3,2010,2,2,2,1.0,3.0,93010,M,,,93
201100048059,11,7,9,1150,1,1,1,8.0,6.0,93010,M,,,93
201100048060,11,7,7,1725,1,2,1,1.0,3.0,93010,M,,,93
201100048061,11,7,16,1300,1,2,2,2.0,3.0,93057,M,,,93
201100048062,11,8,8,1710,1,1,1,1.0,6.0,93057,M,,,93
201100048063,11,8,18,1430,1,2,1,1.0,2.0,93010,M,,,93
201100048064,11,8,11,1900,1,2,9,1.0,6.0,93057,M,,,93
201100048065,11,8,29,1325,1,2,1,1.0,3.0,93057,M,,,93
201100048066,11,8,31,920,1,2,3,1.0,3.0,93010,M,,,93
201100048067,11,8,15,2110,5,2,1,1.0,6.0,93010,M,,,93
201100048068,11,9,5,1820,1,2,1,1.0,6.0,93010,M,,,93
201100048069,11,9,7,1835,1,2,1,1.0,6.0,93010,M,,,93
201100048070,11,9,11,1645,1,2,1,2.0,2.0,93010,M,,,93
201100048071,11,9,15,1740,1,2,1,1.0,5.0,93010,M,,,93
201100048072,11,9,17,2215,5,2,2,2.0,3.0,93010,M,,,93
201100048073,11,9,18,2225,5,2,3,2.0,2.0,93057,M,,,93
201100048074,11,9,22,840,1,2,5,1.0,5.0,93057,M,,,93
201100048075,11,9,26,1300,1,2,1,1.0,3.0,93010,M,,,93
201100048076,11,9,27,2110,5,2,2,1.0,5.0,93010,M,,,93
201100048077,11,10,1,1730,1,2,1,1.0,3.0,93010,M,,,93
201100048078,11,10,2,450,5,2,1,1.0,7.0,93010,M,,,93
201100048079,11,10,4,820,1,2,1,1.0,6.0,93057,M,,,93
201100048080,11,10,4,1730,1,2,1,1.0,6.0,93010,M,,,93
201100048081,11,10,5,1930,5,2,1,1.0,3.0,93010,M,,,93
201100048082,11,10,15,505,5,2,1,1.0,2.0,93057,M,,,93
201100048083,11,10,20,730,2,2,3,1.0,3.0,93057,M,,,93
201100048084,11,10,21,1020,1,2,1,1.0,4.0,93057,M,,,93
201100048085,11,10,24,1800,1,2,3,1.0,6.0,93010,M,,,93
201100048086,11,10,30,605,5,2,1,2.0,2.0,93057,M,,,93
201100048087,11,11,8,1740,5,2,1,2.0,6.0,93010,M,,,93
201100048088,11,11,9,1330,1,2,3,1.0,3.0,93057,M,,,93
201100048089,11,11,10,1035,1,2,1,1.0,2.0,93057,M,,,93
201100048090,11,11,14,1325,1,2,4,1.0,6.0,93010,M,,,93
201100048091,11,11,28,1730,5,2,1,1.0,6.0,93010,M,,,93
201100048092,11,11,30,15,5,2,6,1.0,2.0,93010,M,,,93
201100048093,11,11,30,1015,1,2,1,1.0,6.0,93057,M,,,93
201100048094,11,12,4,1530,1,2,2,2.0,3.0,93010,M,,,93
201100048095,11,12,4,2200,3,2,1,2.0,2.0,93057,M,,,93
201100048096,11,12,3,1730,5,2,3,2.0,6.0,93057,M,,,93
201100048097,11,12,6,1900,5,2,3,2.0,3.0,93010,M,,,93
201100048098,11,12,7,930,1,2,3,2.0,1.0,93057,M,,,93
201100048099,11,12,4,1918,5,2,1,2.0,6.0,93010,M,,,93
201100048100,11,12,13,2030,5,2,1,1.0,6.0,93010,M,,,93
201100048101,11,12,16,1910,5,2,2,3.0,1.0,93010,M,,,93
201100048102,11,12,18,2015,5,2,1,2.0,2.0,93010,M,,,93
201100048103,11,12,24,1840,1,2,1,1.0,2.0,93057,M,,,93
201100048104,11,12,26,1510,1,2,3,1.0,6.0,93010,M,,,93
201100048105,11,12,26,1415,1,2,2,1.0,6.0,93057,M,,,93
201100048106,11,1,9,1940,3,2,3,1.0,3.0,93047,M,,,93
201100048107,11,4,2,1730,1,2,1,1.0,6.0,93047,M,,,93
201100048108,11,4,9,1425,1,2,1,1.0,6.0,93014,M,,,93
201100048109,11,5,10,705,1,2,2,1.0,3.0,93047,M,,,93
201100048110,11,9,8,125,5,2,1,1.0,7.0,93047,M,,,93
201100048111,11,11,11,1730,5,2,3,5.0,6.0,93014,M,,,93
201100048112,11,11,17,1150,1,2,2,1.0,4.0,93047,M,,,93
201100048113,11,11,19,635,5,2,7,1.0,3.0,93047,M,,,93
201100048114,11,11,19,1025,1,2,1,1.0,4.0,93014,M,,,93
201100048115,11,1,21,810,1,2,1,1.0,6.0,93047,M,,,93
201100048116,11,2,1,1235,1,2,3,1.0,2.0,93014,M,,,93
201100048117,11,2,2,650,5,2,2,9.0,6.0,93047,M,,,93
201100048118,11,2,4,1330,1,2,1,1.0,6.0,93047,M,,,93
201100048119,11,2,13,1340,1,2,1,1.0,6.0,93014,M,,,93
201100048120,11,2,17,2255,4,2,6,1.0,7.0,93014,M,,,93
201100048121,11,2,18,820,1,2,1,1.0,3.0,93014,M,,,93
201100048122,11,2,18,2345,5,2,2,1.0,3.0,93047,M,,,93
201100048123,11,3,8,1455,1,2,2,1.0,3.0,93014,M,,,93
201100048124,11,3,15,1255,1,2,3,1.0,6.0,93047,M,,,93
201100048125,11,3,15,1350,1,2,1,1.0,6.0,93014,M,,,93
201100048126,11,3,17,810,1,2,1,1.0,6.0,93014,M,,,93
201100048127,11,3,18,1745,1,2,4,2.0,1.0,93047,M,,,93
201100048128,11,3,18,2130,5,2,1,2.0,7.0,93014,M,,,93
201100048129,11,3,31,1015,1,2,2,2.0,3.0,93047,M,,,93
201100048130,11,4,7,1900,1,2,3,1.0,3.0,93014,M,,,93
201100048131,11,4,12,1440,1,2,3,1.0,6.0,93047,M,,,93
201100048132,11,4,13,2035,2,2,1,1.0,6.0,93014,M,,,93
201100048133,11,4,17,1955,1,2,1,1.0,6.0,93014,M,,,93
201100048134,11,4,20,832,1,2,1,1.0,6.0,93014,M,,,93
201100048135,11,4,23,1215,1,2,2,1.0,3.0,93047,M,,,93
201100048136,11,4,26,1125,1,2,2,1.0,3.0,93014,M,,,93
201100048137,11,4,30,1630,1,2,1,1.0,6.0,93014,M,,,93
201100048138,11,5,2,1710,1,2,2,2.0,6.0,93047,M,,,93
201100048139,11,5,24,1520,1,2,2,1.0,6.0,93047,M,,,93
201100048140,11,5,26,2040,1,2,1,1.0,2.0,93014,M,,,93
201100048141,11,6,16,1325,1,2,1,1.0,6.0,93014,M,,,93
201100048142,11,6,18,1930,1,2,1,1.0,6.0,93047,M,,,93
201100048143,11,6,25,1150,1,2,3,1.0,4.0,93014,M,,,93
201100048144,11,8,4,730,1,2,1,1.0,2.0,93014,M,,,93
201100048145,11,6,26,2353,5,2,1,1.0,6.0,93014,M,,,93
201100048146,11,4,23,1230,1,2,1,1.0,7.0,93047,M,,,93
201100048147,11,5,3,1235,1,2,2,1.0,3.0,93014,M,,,93
201100048148,11,5,9,1940,1,2,3,1.0,3.0,93014,M,,,93
201100048149,11,5,10,850,1,2,2,1.0,3.0,93047,M,,,93
201100048150,11,5,12,1300,1,2,1,1.0,6.0,93014,M,,,93
201100048151,11,5,18,2250,5,2,1,1.0,7.0,93047,M,,,93
201100048152,11,5,21,1430,1,2,1,1.0,6.0,93014,M,,,93
201100048153,11,5,27,1405,1,2,1,2.0,3.0,93014,M,,,93
201100048154,11,5,30,1545,1,2,1,1.0,6.0,93014,M,,,93
201100048155,11,6,16,2015,1,2,1,1.0,3.0,93014,M,,,93
201100048156,11,6,16,2155,5,2,1,1.0,7.0,93014,M,,,93
201100048157,11,6,17,2015,2,2,1,8.0,6.0,93014,M,,,93
201100048158,11,6,18,1345,1,2,2,2.0,3.0,93047,M,,,93
201100048159,11,7,4,1920,1,2,2,1.0,3.0,93047,M,,,93
201100048160,11,7,9,2250,5,2,1,1.0,6.0,93047,M,,,93
201100048161,11,7,10,1215,1,2,5,1.0,7.0,93014,M,,,93
201100048162,11,7,11,1750,1,2,1,1.0,6.0,93014,M,,,93
201100048163,11,7,14,2135,2,1,1,1.0,7.0,93014,M,,,93
201100048164,11,12,31,100,5,2,1,2.0,6.0,93014,M,,,93
201100048165,11,7,18,1220,1,2,1,1.0,6.0,93014,M,,,93
201100048166,11,7,19,2225,5,2,2,2.0,3.0,93047,M,,,93
201100048167,11,7,22,1505,1,2,3,1.0,6.0,93014,M,,,93
201100048168,11,8,2,920,1,2,3,1.0,2.0,93047,M,,,93
201100048169,11,6,11,1710,1,2,1,1.0,6.0,93047,M,,,93
201100048170,11,8,8,1400,1,2,1,2.0,7.0,93014,M,,,93
201100048171,11,8,13,2135,5,2,3,1.0,7.0,93047,M,,,93
201100048172,11,8,16,920,1,2,2,1.0,3.0,93047,M,,,93
201100048173,11,8,17,1135,1,2,2,1.0,6.0,93014,M,,,93
201100048174,11,8,20,1440,1,2,2,1.0,2.0,93014,M,,,93
201100048175,11,8,26,1900,1,2,3,8.0,7.0,93047,M,,,93
201100048176,11,8,29,2220,5,2,1,1.0,7.0,93047,M,,,93
201100048177,11,9,5,1400,1,2,2,1.0,3.0,93047,M,,,93
201100048178,11,9,11,1625,1,2,1,3.0,7.0,93014,M,,,93
201100048179,11,9,13,1850,1,2,1,1.0,6.0,93014,M,,,93
201100048180,11,9,25,1100,1,2,1,1.0,7.0,93047,M,,,93
201100048181,11,9,27,1210,1,2,5,1.0,6.0,93014,M,,,93
201100048182,11,10,3,1650,1,1,1,1.0,6.0,93047,M,,,93
201100048183,11,10,4,505,5,2,2,1.0,7.0,93014,M,,,93
201100048184,11,10,4,1830,1,2,1,1.0,3.0,93047,M,,,93
201100048185,11,10,4,2000,5,2,3,1.0,6.0,93014,M,,,93
201100048186,11,10,7,1010,1,2,2,1.0,3.0,93047,M,,,93
201100048187,11,10,9,1930,5,2,1,1.0,6.0,93014,M,,,93
201100048188,11,10,13,1800,2,2,2,1.0,3.0,93047,M,,,93
201100048189,11,10,14,615,2,2,3,1.0,3.0,93047,M,,,93
201100048190,11,11,4,2050,5,2,3,1.0,4.0,93047,M,,,93
201100048191,11,11,7,935,1,2,1,8.0,6.0,93047,M,,,93
201100048192,11,11,15,1620,1,2,3,1.0,1.0,93047,M,,,93
201100048193,11,11,19,1200,1,2,1,1.0,6.0,93014,M,,,93
201100048194,11,11,27,1140,1,2,2,1.0,3.0,93014,M,,,93
201100048195,11,12,5,755,1,2,1,1.0,6.0,93014,M,,,93
201100048196,11,12,6,2030,5,2,1,3.0,3.0,93014,M,,,93
201100048197,11,12,15,645,5,2,3,1.0,5.0,93047,M,,,93
201100048198,11,12,16,750,5,2,2,3.0,6.0,93014,M,,,93
201100048199,11,12,17,1310,1,2,1,1.0,3.0,93047,M,,,93
201100048200,11,1,5,1237,1,2,6,1.0,3.0,93027,M,,,93
201100048201,11,1,12,1815,5,2,6,2.0,6.0,93027,M,,,93
201100048202,11,1,15,2000,5,2,1,1.0,3.0,93027,M,,,93
201100048203,11,1,19,1915,3,2,3,1.0,3.0,93030,M,,,93
201100048204,11,1,24,1932,5,2,1,1.0,3.0,93027,M,,,93
201100048205,11,1,28,901,1,2,1,1.0,6.0,93027,M,,,93
201100048206,11,1,29,1510,1,2,1,1.0,6.0,93027,M,,,93
201100048207,11,2,4,1430,1,2,1,1.0,2.0,93030,M,,,93
201100048208,11,2,5,1300,1,2,1,1.0,6.0,93027,M,,,93
201100048209,11,2,7,1205,1,2,3,1.0,6.0,93027,M,,,93
201100048210,11,2,9,1600,1,2,1,1.0,3.0,93027,M,,,93
201100048211,11,2,14,1955,5,2,1,1.0,6.0,93027,M,,,93
201100048212,11,2,16,1550,1,2,3,1.0,3.0,93030,M,,,93
201100048213,11,2,16,1830,2,2,1,1.0,7.0,93027,M,,,93
201100048214,11,2,20,942,1,2,3,1.0,6.0,93013,M,,,93
201100048215,11,2,25,1200,1,2,1,1.0,6.0,93013,M,,,93
201100048216,11,3,10,1425,1,2,1,1.0,6.0,93013,M,,,93
201100048217,11,3,11,1605,1,2,1,1.0,6.0,93027,M,,,93
201100048218,11,3,13,1820,1,2,1,1.0,6.0,93027,M,,,93
201100048219,11,3,15,1840,1,2,2,1.0,2.0,93013,M,,,93
201100048220,11,3,17,2310,5,2,2,2.0,3.0,93027,M,,,93
201100048221,11,3,21,1210,1,2,2,1.0,5.0,93027,M,,,93
201100048222,11,3,24,1905,1,2,6,1.0,6.0,93027,M,,,93
201100048223,11,3,27,2030,5,2,2,1.0,3.0,93030,M,,,93
201100048224,11,3,28,1700,1,2,2,1.0,6.0,93013,M,,,93
201100048225,11,3,29,2045,4,2,1,2.0,7.0,93027,M,,,93
201100048226,11,3,29,2145,5,2,2,2.0,1.0,93027,M,,,93
201100048227,11,3,30,1850,1,2,4,2.0,3.0,93027,M,,,93
201100048228,11,3,30,1815,1,2,1,2.0,3.0,93030,M,,,93
201100048229,11,4,6,1443,1,2,2,1.0,3.0,93027,M,,,93
201100048230,11,4,7,1145,1,2,1,1.0,6.0,93027,M,,,93
201100048231,11,4,8,1315,1,2,1,1.0,6.0,93027,M,,,93
201100048232,11,4,10,2300,5,2,2,1.0,3.0,93027,M,,,93
201100048233,11,4,11,1250,1,2,1,1.0,3.0,93027,M,,,93
201100048234,11,4,1,1740,1,2,2,1.0,3.0,93027,M,,,93
201100048235,11,4,17,2000,1,2,1,1.0,3.0,93030,M,,,93
201100048236,11,4,19,700,1,2,1,1.0,2.0,93027,M,,,93
201100048237,11,4,19,1700,1,2,1,1.0,6.0,93027,M,,,93
201100048238,11,4,28,1651,1,2,1,2.0,6.0,93013,M,,,93
201100048239,11,5,4,1445,1,2,1,1.0,6.0,93027,M,,,93
201100048240,11,5,6,805,1,2,1,1.0,6.0,93027,M,,,93
201100048241,11,5,9,1310,1,2,1,1.0,3.0,93027,M,,,93
201100048242,11,5,10,1325,1,2,1,9.0,6.0,93027,M,,,93
201100048243,11,5,11,1735,1,2,1,1.0,6.0,93027,M,,,93
201100048244,11,5,13,1830,1,2,2,1.0,2.0,93027,M,,,93
201100048245,11,5,14,120,5,2,1,1.0,3.0,93030,M,,,93
201100048246,11,5,14,2305,5,2,1,1.0,3.0,93013,M,,,93
201100048247,11,5,16,645,2,2,3,1.0,3.0,93027,M,,,93
201100048248,11,5,16,726,1,2,1,1.0,6.0,93013,M,,,93
201100048249,11,5,20,950,1,2,3,1.0,3.0,93027,M,,,93
201100048250,11,5,24,1910,1,2,2,1.0,6.0,93027,M,,,93
201100048251,11,5,24,2115,5,2,1,1.0,6.0,93030,M,,,93
201100048252,11,5,25,1435,1,2,1,1.0,6.0,93027,M,,,93
201100048253,11,5,26,1620,1,2,1,1.0,6.0,93013,M,,,93
201100048254,11,5,29,1152,1,2,2,1.0,2.0,93013,M,,,93
201100048255,11,5,29,1250,1,2,6,1.0,6.0,93030,M,,,93
201100048256,11,5,29,2035,1,2,1,1.0,7.0,93027,M,,,93
201100048257,11,5,30,735,1,2,3,1.0,3.0,93030,M,,,93
201100048258,11,5,30,1800,1,2,1,1.0,2.0,93030,M,,,93
201100048259,11,6,2,2050,1,2,6,1.0,6.0,93027,M,,,93
201100048260,11,6,8,1910,1,2,3,1.0,6.0,93027,M,,,93
201100048261,11,6,9,40,5,2,1,1.0,2.0,93027,M,,,93
201100048262,11,6,9,1314,1,2,1,1.0,6.0,93027,M,,,93
201100048263,11,6,10,210,5,2,2,1.0,7.0,93027,M,,,93
201100048264,11,6,16,1100,1,2,1,1.0,6.0,93027,M,,,93
201100048265,11,6,16,1720,1,2,6,1.0,6.0,93027,M,,,93
201100048266,11,6,17,1615,1,2,1,2.0,7.0,93013,M,,,93
201100048267,11,6,22,1920,1,2,1,1.0,3.0,93013,M,,,93
201100048268,11,6,25,1145,1,2,2,1.0,6.0,93030,M,,,93
201100048269,11,6,26,1720,1,2,4,1.0,6.0,93027,M,,,93
201100048270,11,7,2,1400,1,2,1,1.0,2.0,93013,M,,,93
201100048271,11,7,2,1720,1,2,2,1.0,3.0,93013,M,,,93
201100048272,11,7,3,700,1,2,2,1.0,3.0,93030,M,,,93
201100048273,11,7,5,850,1,2,1,1.0,3.0,93013,M,,,93
201100048274,11,7,5,1725,1,2,1,1.0,6.0,93027,M,,,93
201100048275,11,7,5,1750,1,2,3,1.0,3.0,93027,M,,,93
201100048276,11,7,6,1040,1,2,1,1.0,1.0,93027,M,,,93
201100048277,11,7,11,1053,1,2,1,1.0,5.0,93027,M,,,93
201100048278,11,7,12,1425,1,2,1,1.0,2.0,93027,M,,,93
201100048279,11,7,13,2120,1,2,1,1.0,3.0,93027,M,,,93
201100048280,11,7,16,845,1,2,1,1.0,6.0,93027,M,,,93
201100048281,11,7,20,1235,1,2,6,8.0,3.0,93027,M,,,93
201100048282,11,7,23,1630,1,2,1,1.0,6.0,93027,M,,,93
201100048283,11,7,26,1400,1,2,1,1.0,3.0,93013,M,,,93
201100048284,11,7,26,2155,5,2,1,1.0,7.0,93027,M,,,93
201100048285,11,7,26,1450,1,2,1,1.0,6.0,93013,M,,,93
201100048286,11,7,27,1550,1,2,2,2.0,3.0,93013,M,,,93
201100048287,11,8,5,2210,5,2,2,3.0,3.0,93027,M,,,93
201100048288,11,8,17,1940,2,2,1,1.0,7.0,93027,M,,,93
201100048289,11,8,19,640,2,2,2,1.0,7.0,93027,M,,,93
201100048290,11,8,24,1720,1,2,2,1.0,3.0,93027,M,,,93
201100048291,11,8,30,2115,5,2,1,1.0,3.0,93027,M,,,93