Num_Acc,an,mois,jour,hrmn,lum,agg,int,atm,col,com,gps,lat,long,dep
201100048292,11,9,7,2230,5,2,2,1.0,3.0,93027,M,,,93
201100048293,11,9,12,630,2,2,1,1.0,3.0,93030,M,,,93
201100048294,11,9,12,2145,5,2,1,1.0,6.0,93013,M,,,93
201100048295,11,9,15,1849,1,2,3,1.0,3.0,93013,M,,,93
201100048296,11,10,26,1221,1,2,1,1.0,3.0,93027,M,,,93
201100048297,11,12,29,1615,1,1,6,1.0,3.0,93013,M,,,93
201100048298,11,10,1,1645,1,2,1,1.0,2.0,93027,M,,,93
201100048299,11,11,5,1430,1,2,1,1.0,6.0,93013,M,,,93
201100048300,11,10,5,2200,5,2,2,1.0,3.0,93027,M,,,93
201100048301,11,10,10,750,2,2,3,1.0,2.0,93027,M,,,93
201100048302,11,10,11,755,1,2,1,1.0,1.0,93027,M,,,93
201100048303,11,10,21,1549,1,2,5,1.0,7.0,93027,M,,,93
201100048304,11,10,21,1750,1,2,1,1.0,6.0,93013,M,,,93
201100048305,11,10,16,400,5,2,1,8.0,6.0,93027,M,,,93
201100048306,11,10,28,2045,5,2,1,1.0,6.0,93013,M,,,93
201100048307,11,10,29,1910,5,2,6,2.0,6.0,93027,M,,,93
201100048308,11,10,31,1156,1,2,1,1.0,6.0,93013,M,,,93
201100048309,11,11,1,1610,1,2,1,2.0,3.0,93013,M,,,93
201100048310,11,11,1,2233,5,2,2,8.0,3.0,93027,M,,,93
201100048311,11,11,3,1330,1,2,2,2.0,3.0,93027,M,,,93
201100048312,11,11,4,1105,1,2,6,1.0,3.0,93027,M,,,93
201100048313,11,11,6,1756,3,2,1,1.0,2.0,93027,M,,,93
201100048314,11,11,8,2200,4,2,6,2.0,2.0,93013,M,,,93
201100048315,11,11,9,1550,1,2,3,1.0,3.0,93027,M,,,93
201100048316,11,11,13,1030,1,2,1,1.0,6.0,93013,M,,,93
201100048317,11,11,14,830,1,2,1,1.0,6.0,93027,M,,,93
201100048318,11,11,17,1545,1,2,1,8.0,2.0,93013,M,,,93
201100048319,11,11,18,1605,1,2,1,1.0,6.0,93013,M,,,93
201100048320,11,11,21,2020,5,2,4,1.0,3.0,93013,M,,,93
201100048321,11,11,23,2140,5,2,1,1.0,7.0,93027,M,,,93
201100048322,11,11,25,1425,1,2,2,2.0,2.0,93027,M,,,93
201100048323,11,11,27,2315,5,2,1,1.0,7.0,93027,M,,,93
201100048324,11,11,29,1915,5,2,1,1.0,3.0,93027,M,,,93
201100048325,11,11,30,1301,1,2,2,1.0,3.0,93027,M,,,93
201100048326,11,12,5,810,1,2,2,1.0,1.0,93027,M,,,93
201100048327,11,12,5,1305,1,2,1,1.0,6.0,93027,M,,,93
201100048328,11,12,5,1915,5,2,1,1.0,3.0,93027,M,,,93
201100048329,11,12,6,1120,1,2,1,1.0,4.0,93027,M,,,93
201100048330,11,12,7,1920,5,2,1,3.0,6.0,93013,M,,,93
201100048331,11,12,9,1450,1,2,2,2.0,3.0,93027,M,,,93
201100048332,11,12,15,1815,5,2,2,1.0,6.0,93027,M,,,93
201100048333,11,12,16,1330,1,1,1,8.0,1.0,93013,M,,,93
201100048334,11,12,19,1845,5,2,1,2.0,6.0,93030,M,,,93
201100048335,11,12,26,1600,1,2,1,1.0,6.0,93027,M,,,93
201100048336,11,12,29,1615,1,2,1,1.0,4.0,93027,M,,,93
201100048337,11,12,29,1915,4,2,1,3.0,6.0,93027,M,,,93
201100048338,11,1,1,300,5,2,3,1.0,6.0,93029,M,,,93
201100048339,11,1,2,1815,5,2,1,1.0,6.0,93029,M,,,93
201100048340,11,1,5,1645,1,2,1,8.0,7.0,93029,M,,,93
201100048341,11,1,7,2000,5,2,1,8.0,6.0,93029,M,,,93
201100048342,11,1,20,1555,1,2,1,1.0,6.0,93029,M,,,93
201100048343,11,1,22,940,1,2,1,1.0,2.0,93029,M,,,93
201100048344,11,1,25,750,5,2,1,8.0,6.0,93029,M,,,93
201100048345,11,1,25,1700,1,2,3,2.0,3.0,93029,M,,,93
201100048346,11,2,1,1410,1,2,1,8.0,3.0,93029,M,,,93
201100048347,11,3,2,1530,1,2,4,1.0,3.0,93029,M,,,93
201100048348,11,3,12,1510,1,2,1,1.0,6.0,93029,M,,,93
201100048349,11,3,16,1840,1,2,1,1.0,7.0,93029,M,,,93
201100048350,11,3,16,1745,1,2,1,1.0,6.0,93029,M,,,93
201100048351,11,3,23,1820,1,2,1,1.0,1.0,93029,M,,,93
201100048352,11,3,23,1941,5,2,3,1.0,3.0,93029,M,,,93
201100048353,11,3,29,1730,1,2,1,3.0,6.0,93029,M,,,93
201100048354,11,4,4,1700,1,2,2,1.0,3.0,93029,M,,,93
201100048355,11,4,9,1700,1,2,1,1.0,7.0,93029,M,,,93
201100048356,11,4,13,1848,1,2,3,1.0,3.0,93029,M,,,93
201100048357,11,4,14,1830,1,2,1,1.0,6.0,93029,M,,,93
201100048358,11,4,14,1934,1,2,1,1.0,3.0,93029,M,,,93
201100048359,11,4,16,1830,1,2,1,1.0,6.0,93029,M,,,93
201100048360,11,4,19,1740,1,2,1,1.0,6.0,93029,M,,,93
201100048361,11,4,20,1910,1,2,1,1.0,6.0,93029,M,,,93
201100048362,11,4,21,930,1,2,2,1.0,6.0,93029,M,,,93
201100048363,11,4,22,1315,1,2,1,1.0,3.0,93029,M,,,93
201100048364,11,4,22,1900,1,2,2,1.0,3.0,93029,M,,,93
201100048365,11,4,25,1040,1,2,6,1.0,6.0,93029,M,,,93
201100048366,11,4,26,1820,1,2,1,1.0,6.0,93029,M,,,93
201100048367,11,4,27,2100,4,2,3,1.0,6.0,93029,M,,,93
201100048368,11,4,29,2115,5,2,1,1.0,3.0,93029,M,,,93
201100048369,11,5,4,2050,1,2,1,1.0,7.0,93029,M,,,93
201100048370,11,5,6,1650,1,2,1,1.0,6.0,93029,M,,,93
201100048371,11,5,7,1753,1,2,2,1.0,6.0,93029,M,,,93
201100048372,11,5,7,2000,1,1,1,1.0,6.0,93029,M,,,93
201100048373,11,5,12,1810,1,2,3,1.0,3.0,93029,M,,,93
201100048374,11,5,13,1130,1,2,2,1.0,6.0,93029,M,,,93
201100048375,11,5,15,646,1,2,1,1.0,7.0,93029,M,,,93
201100048376,11,5,17,1950,1,2,1,1.0,3.0,93029,M,,,93
201100048377,11,5,20,15,5,2,1,1.0,7.0,93029,M,,,93
201100048378,11,5,20,1655,1,2,2,1.0,3.0,93029,M,,,93
201100048379,11,5,20,1855,1,2,1,1.0,1.0,93029,M,,,93
201100048380,11,5,22,2020,1,2,1,1.0,1.0,93029,M,,,93
201100048381,11,5,23,1110,1,2,4,1.0,3.0,93029,M,,,93
201100048382,11,5,25,750,1,2,2,1.0,3.0,93029,M,,,93
201100048383,11,5,25,1615,1,2,3,1.0,3.0,93029,M,,,93
201100048384,11,6,1,1330,1,2,6,1.0,2.0,93029,M,,,93
201100048385,11,6,1,2100,1,2,1,1.0,3.0,93029,M,,,93
201100048386,11,6,2,2000,1,2,1,1.0,6.0,93029,M,,,93
201100048387,11,6,4,1535,1,2,1,1.0,1.0,93029,M,,,93
201100048388,11,6,6,1233,1,2,1,1.0,6.0,93029,M,,,93
201100048389,11,6,7,1352,1,2,1,3.0,6.0,93029,M,,,93
201100048390,11,6,13,2300,5,2,2,2.0,2.0,93029,M,,,93
201100048391,11,6,15,2005,1,2,2,1.0,3.0,93029,M,,,93
201100048392,11,6,19,1545,1,1,1,1.0,1.0,93029,M,,,93
201100048393,11,6,25,1250,1,2,3,1.0,3.0,93029,M,,,93
201100048394,11,6,28,1900,1,2,1,1.0,7.0,93029,M,,,93
201100048395,11,7,3,215,5,2,2,1.0,7.0,93029,M,,,93
201100048396,11,7,21,1730,1,2,3,8.0,3.0,93029,M,,,93
201100048397,11,7,28,1150,1,2,1,1.0,6.0,93029,M,,,93
201100048398,11,8,5,2300,5,2,1,1.0,2.0,93029,M,,,93
201100048399,11,8,8,1805,1,2,1,1.0,3.0,93029,M,,,93
201100048400,11,8,19,1700,1,2,2,1.0,3.0,93029,M,,,93
201100048401,11,8,21,1515,1,2,1,1.0,5.0,93029,M,,,93
201100048402,11,8,22,2055,2,2,1,8.0,7.0,93029,M,,,93
201100048403,11,8,24,1850,1,2,2,1.0,3.0,93029,M,,,93
201100048404,11,8,25,1440,1,2,1,1.0,2.0,93029,M,,,93
201100048405,11,9,9,900,1,2,1,2.0,3.0,93029,M,,,93
201100048406,11,9,11,420,5,2,2,1.0,3.0,93029,M,,,93
201100048407,11,9,12,710,2,2,1,1.0,6.0,93029,M,,,93
201100048408,11,9,12,2035,5,2,3,1.0,3.0,93029,M,,,93
201100048409,11,9,16,1110,1,2,2,1.0,3.0,93029,M,,,93
201100048410,11,9,18,2205,5,2,1,2.0,3.0,93029,M,,,93
201100048411,11,9,29,2000,2,2,3,1.0,3.0,93029,M,,,93
201100048412,11,10,1,1535,1,2,3,1.0,6.0,93029,M,,,93
201100048413,11,10,5,1130,1,2,1,1.0,2.0,93029,M,,,93
201100048414,11,10,12,1325,1,2,1,1.0,7.0,93029,M,,,93
201100048415,11,10,12,2135,5,2,1,2.0,3.0,93029,M,,,93
201100048416,11,10,15,1645,1,2,2,1.0,3.0,93029,M,,,93
201100048417,11,10,21,1700,1,2,1,7.0,6.0,93029,M,,,93
201100048418,11,10,23,2155,5,2,1,1.0,2.0,93029,M,,,93
201100048419,11,10,24,1615,1,2,3,1.0,3.0,93029,M,,,93
201100048420,11,10,25,1325,1,2,3,8.0,1.0,93029,M,,,93
201100048421,11,10,27,855,1,2,1,1.0,7.0,93029,M,,,93
201100048422,11,10,31,2340,5,2,1,1.0,6.0,93029,M,,,93
201100048423,11,11,14,2110,5,2,3,1.0,6.0,93029,M,,,93
201100048424,11,11,16,1350,1,2,3,1.0,3.0,93029,M,,,93
201100048425,11,11,24,1830,5,2,1,1.0,3.0,93029,M,,,93
201100048426,11,11,25,1340,1,2,9,2.0,6.0,93029,M,,,93
201100048427,11,11,30,1950,3,2,1,1.0,6.0,93029,M,,,93
201100048428,11,12,11,1750,3,2,1,1.0,7.0,93029,M,,,93
201100048429,11,12,13,1632,1,2,1,1.0,6.0,93029,M,,,93
201100048430,11,12,17,1000,1,2,3,1.0,3.0,93029,M,,,93
201100048431,11,12,29,900,1,2,1,1.0,6.0,93029,M,,,93
201100048432,11,1,1,230,5,2,6,1.0,2.0,93031,M,,,93
201100048433,11,1,1,605,5,2,3,1.0,4.0,93031,M,,,93
201100048434,11,1,1,2020,5,2,2,2.0,3.0,93031,M,,,93
201100048435,11,1,3,1145,1,2,3,1.0,3.0,93031,M,,,93
201100048436,11,1,7,1430,1,2,1,1.0,2.0,93031,M,,,93
201100048437,11,1,21,15,5,2,1,1.0,6.0,93079,M,,,93
201100048438,11,1,21,800,1,2,1,1.0,3.0,93079,M,,,93
201100048439,11,1,26,1630,1,2,1,1.0,2.0,93031,M,,,93
201100048440,11,1,30,100,5,2,1,1.0,3.0,93031,M,,,93
201100048441,11,1,30,1005,1,2,1,1.0,6.0,93031,M,,,93
201100048442,11,1,31,1130,1,2,1,2.0,6.0,93079,M,,,93
201100048443,11,2,9,1715,1,2,1,1.0,3.0,93031,M,,,93
201100048444,11,2,10,1735,1,2,1,1.0,6.0,93079,M,,,93
201100048445,11,2,19,2025,5,2,1,2.0,6.0,93031,M,,,93
201100048446,11,2,23,1920,5,2,1,3.0,6.0,93079,M,,,93
201100048447,11,2,28,1430,1,2,2,2.0,1.0,93031,M,,,93
201100048448,11,3,6,2245,5,2,1,1.0,6.0,93031,M,,,93
201100048449,11,3,11,1505,1,2,3,1.0,3.0,93031,M,,,93
201100048450,11,3,14,1640,1,2,1,1.0,2.0,93031,M,,,93
201100048451,11,3,15,1425,1,2,1,1.0,6.0,93031,M,,,93
201100048452,11,3,21,1735,1,2,1,1.0,2.0,93031,M,,,93
201100048453,11,3,19,1630,1,2,1,1.0,2.0,93031,M,,,93
201100048454,11,3,23,1245,1,2,1,1.0,3.0,93079,M,,,93
201100048455,11,4,1,2020,2,2,1,1.0,3.0,93079,M,,,93
201100048456,11,4,4,1915,1,2,1,1.0,3.0,93079,M,,,93
201100048457,11,4,5,1100,1,2,1,1.0,6.0,93031,M,,,93
201100048458,11,4,6,2130,5,2,2,1.0,3.0,93031,M,,,93
201100048459,11,4,7,1720,1,2,1,1.0,3.0,93031,M,,,93
201100048460,11,4,9,1420,1,2,3,1.0,2.0,93079,M,,,93
201100048461,11,4,10,1845,1,2,1,1.0,6.0,93031,M,,,93
201100048462,11,4,16,935,1,2,1,1.0,6.0,93079,M,,,93
201100048463,11,4,17,1340,1,2,1,1.0,3.0,93079,M,,,93
201100048464,11,4,17,1900,1,2,1,1.0,2.0,93079,M,,,93
201100048465,11,4,26,1950,1,2,1,1.0,2.0,93031,M,,,93
201100048466,11,4,28,1820,1,2,1,1.0,6.0,93031,M,,,93
201100048467,11,5,2,900,1,2,1,2.0,3.0,93031,M,,,93
201100048468,11,5,2,1640,1,2,1,2.0,7.0,93031,M,,,93
201100048469,11,5,5,1700,1,2,1,1.0,6.0,93031,M,,,93
201100048470,11,5,6,1800,1,2,1,1.0,6.0,93031,M,,,93
201100048471,11,5,8,1500,1,2,1,1.0,6.0,93031,M,,,93
201100048472,11,5,12,1015,1,2,1,1.0,6.0,93031,M,,,93
201100048473,11,5,19,1555,1,2,4,1.0,3.0,93031,M,,,93
201100048474,11,5,20,1230,1,2,1,1.0,3.0,93031,M,,,93
201100048475,11,5,20,1615,1,2,1,1.0,6.0,93031,M,,,93
201100048476,11,5,25,2050,1,1,1,1.0,7.0,93079,M,,,93
201100048477,11,5,27,1855,1,2,1,1.0,3.0,93031,M,,,93
201100048478,11,5,29,2330,5,2,2,1.0,1.0,93079,M,,,93
201100048479,11,5,31,1945,1,2,1,1.0,6.0,93079,M,,,93
201100048480,11,6,8,1330,1,2,1,1.0,6.0,93079,M,,,93
201100048481,11,6,10,1710,1,2,1,1.0,6.0,93031,M,,,93
201100048482,11,6,11,1740,1,2,1,1.0,6.0,93031,M,,,93
201100048483,11,6,16,1145,1,2,1,1.0,6.0,93031,M,,,93
201100048484,11,6,18,2330,5,2,1,1.0,7.0,93079,M,,,93
201100048485,11,6,20,435,5,2,1,3.0,2.0,93031,M,,,93
201100048486,11,6,30,1815,1,2,1,1.0,6.0,93031,M,,,93
201100048487,11,7,1,1900,1,2,1,1.0,6.0,93031,M,,,93
201100048488,11,7,11,1100,1,2,1,9.0,6.0,93031,M,,,93
201100048489,11,7,29,2300,5,2,1,1.0,3.0,93079,M,,,93
201100048490,11,7,29,2345,5,2,1,1.0,7.0,93031,M,,,93
201100048491,11,7,31,1940,1,2,4,1.0,5.0,93031,M,,,93
201100048492,11,8,4,1,4,2,1,1.0,3.0,93031,M,,,93
201100048493,11,8,4,720,1,2,2,1.0,7.0,93031,M,,,93
201100048494,11,8,16,1945,1,2,1,1.0,3.0,93079,M,,,93
201100048495,11,8,20,1910,1,2,1,1.0,6.0,93079,M,,,93
201100048496,11,8,24,2030,2,2,1,1.0,6.0,93031,M,,,93
201100048497,11,8,29,1510,1,2,1,1.0,6.0,93031,M,,,93
201100048498,11,9,10,1700,1,2,2,1.0,1.0,93079,M,,,93
201100048499,11,9,12,815,1,2,1,1.0,6.0,93031,M,,,93
201100048500,11,9,12,1250,1,2,1,1.0,3.0,93079,M,,,93
201100048501,11,9,13,1440,1,2,8,1.0,3.0,93079,M,,,93
201100048502,11,9,13,1815,1,2,1,1.0,3.0,93079,M,,,93
201100048503,11,9,14,1550,1,2,1,1.0,6.0,93031,M,,,93
201100048504,11,9,14,2120,5,2,1,1.0,3.0,93079,M,,,93
201100048505,11,9,15,2010,5,2,3,1.0,3.0,93031,M,,,93
201100048506,11,9,17,1920,2,2,1,1.0,7.0,93031,M,,,93
201100048507,11,9,22,1240,1,2,1,1.0,3.0,93031,M,,,93
201100048508,11,9,22,1415,1,2,1,1.0,3.0,93079,M,,,93
201100048509,11,9,23,730,2,2,1,1.0,6.0,93031,M,,,93
201100048510,11,9,26,1925,1,2,2,1.0,6.0,93079,M,,,93
201100048511,11,9,28,2010,2,2,2,1.0,3.0,93031,M,,,93
201100048512,11,9,30,1740,1,2,1,1.0,4.0,93031,M,,,93
201100048513,11,10,7,1755,1,2,3,2.0,3.0,93031,M,,,93
201100048514,11,10,11,1330,1,2,1,1.0,3.0,93031,M,,,93
201100048515,11,10,12,725,4,2,1,1.0,3.0,93031,M,,,93
201100048516,11,10,13,1150,1,2,1,1.0,6.0,93031,M,,,93
201100048517,11,10,16,1900,5,2,1,1.0,3.0,93031,M,,,93
201100048518,11,10,24,1215,1,2,1,1.0,3.0,93031,M,,,93
201100048519,11,10,25,640,2,2,1,2.0,2.0,93079,M,,,93
201100048520,11,10,26,1430,1,2,1,1.0,5.0,93031,M,,,93
201100048521,11,10,27,1950,5,2,1,1.0,7.0,93031,M,,,93
201100048522,11,11,3,1935,5,2,1,2.0,3.0,93031,M,,,93
201100048523,11,11,13,1300,1,2,1,1.0,3.0,93079,M,,,93
201100048524,11,11,15,1,5,2,1,1.0,1.0,93031,M,,,93
201100048525,11,12,2,2100,5,2,1,1.0,3.0,93031,M,,,93
201100048526,11,12,4,2050,5,2,1,3.0,1.0,93031,M,,,93
201100048527,11,12,5,1930,5,2,1,1.0,6.0,93031,M,,,93
201100048528,11,12,7,1935,5,2,1,2.0,3.0,93079,M,,,93
201100048529,11,12,12,930,1,2,1,2.0,6.0,93079,M,,,93
201100048530,11,12,15,745,1,2,1,1.0,3.0,93079,M,,,93
201100048531,11,12,15,1740,2,2,1,1.0,3.0,93031,M,,,93
201100048532,11,12,16,855,1,2,1,2.0,3.0,93031,M,,,93
201100048533,11,1,4,1730,5,2,1,1.0,2.0,93032,M,,,93
201100048534,11,1,6,250,5,2,3,2.0,7.0,93032,M,,,93
201100048535,11,1,18,1515,1,2,2,2.0,2.0,93032,M,,,93
201100048536,11,1,18,2355,5,2,3,1.0,7.0,93032,M,,,93
201100048537,11,1,19,1830,5,2,1,1.0,6.0,93032,M,,,93
201100048538,11,2,2,535,4,2,2,9.0,7.0,93032,M,,,93
201100048539,11,2,7,1430,1,2,2,1.0,3.0,93032,M,,,93
201100048540,11,2,25,1240,1,2,1,1.0,1.0,93032,M,,,93
201100048541,11,3,29,1745,1,2,1,2.0,6.0,93032,M,,,93
201100048542,11,4,3,1305,1,2,3,2.0,6.0,93032,M,,,93
201100048543,11,4,5,2005,2,2,5,1.0,1.0,93032,M,,,93
201100048544,11,4,18,1950,1,2,1,1.0,6.0,93032,M,,,93
201100048545,11,4,19,1135,1,2,1,1.0,3.0,93032,M,,,93
201100048546,11,4,27,1210,1,2,2,1.0,3.0,93032,M,,,93
201100048547,11,6,5,1345,1,2,1,1.0,3.0,93032,M,,,93
201100048548,11,6,9,1818,1,2,2,1.0,3.0,93032,M,,,93
201100048549,11,6,18,1450,1,2,1,8.0,1.0,93032,M,,,93
201100048550,11,6,29,1620,1,2,1,1.0,7.0,93032,M,,,93
201100048551,11,7,23,1815,1,2,4,2.0,3.0,93032,M,,,93
201100048552,11,8,11,1730,1,2,3,1.0,5.0,93032,M,,,93
201100048553,11,9,4,1820,1,2,1,2.0,6.0,93032,M,,,93
201100048554,11,9,4,2045,5,2,3,1.0,3.0,93032,M,,,93
201100048555,11,9,27,755,1,2,1,1.0,2.0,93032,M,,,93
201100048556,11,9,27,2130,5,2,3,1.0,3.0,93032,M,,,93
201100048557,11,10,10,1000,1,2,1,1.0,6.0,93032,M,,,93
201100048558,11,10,27,1135,1,2,1,1.0,5.0,93032,M,,,93
201100048559,11,10,27,1450,1,2,1,1.0,7.0,93032,M,,,93
201100048560,11,11,10,1045,1,2,3,1.0,6.0,93032,M,,,93
201100048561,11,11,19,1535,1,2,1,1.0,6.0,93032,M,,,93
201100048562,11,11,25,1950,5,2,1,1.0,2.0,93032,M,,,93
201100048563,11,12,8,1438,1,2,2,8.0,6.0,93032,M,,,93
201100048564,11,12,9,1235,1,2,2,8.0,3.0,93032,M,,,93
201100048565,11,12,12,1535,1,2,2,1.0,6.0,93032,M,,,93
201100048566,11,12,17,1930,5,2,3,2.0,6.0,93032,M,,,93
201100048567,11,12,27,1100,1,2,1,1.0,6.0,93032,M,,,93
201100048568,11,12,27,1625,1,2,1,2.0,6.0,93032,M,,,93
201100048569,11,1,1,840,1,2,1,1.0,7.0,93063,M,,,93
201100048570,11,1,4,915,1,2,1,1.0,6.0,93006,M,,,93
201100048571,11,1,13,1940,5,2,3,1.0,3.0,93063,M,,,93
201100048572,11,1,14,910,1,2,1,1.0,6.0,93063,M,,,93
201100048573,11,1,17,1410,1,2,1,1.0,6.0,93045,M,,,93
201100048574,11,1,18,2050,5,2,1,1.0,3.0,93006,M,,,93
201100048575,11,1,22,1950,5,2,2,1.0,6.0,93045,M,,,93
201100048576,11,1,26,1640,2,2,3,1.0,6.0,93045,M,,,93
201100048577,11,1,28,830,1,2,1,1.0,1.0,93045,M,,,93
201100048578,11,2,1,730,1,2,1,8.0,3.0,93063,M,,,93
201100048579,11,2,1,810,1,2,1,1.0,2.0,93061,M,,,93
201100048580,11,2,1,1450,1,2,1,1.0,6.0,93045,M,,,93
201100048581,11,2,2,1000,1,2,1,1.0,3.0,93063,M,,,93
201100048582,11,2,19,1640,2,2,2,2.0,6.0,93006,M,,,93
201100048583,11,2,21,1945,5,2,2,2.0,3.0,93045,M,,,93
201100048584,11,2,24,1455,1,2,1,2.0,6.0,93006,M,,,93
201100048585,11,3,2,1700,1,2,3,1.0,3.0,93063,M,,,93
201100048586,11,3,8,1710,1,2,1,1.0,2.0,93006,M,,,93
201100048587,11,3,9,1140,1,2,1,1.0,6.0,93063,M,,,93
201100048588,11,3,11,1530,1,2,1,1.0,6.0,93006,M,,,93
201100048589,11,3,11,2200,5,2,2,1.0,3.0,93063,M,,,93
201100048590,11,3,13,1905,5,2,1,1.0,6.0,93063,M,,,93
201100048591,11,3,14,3,4,2,5,1.0,3.0,93006,M,,,93
201100048592,11,3,14,745,1,2,1,1.0,2.0,93006,M,,,93
201100048593,11,3,17,1000,1,2,1,8.0,6.0,93061,M,,,93
201100048594,11,3,22,1510,1,2,1,1.0,6.0,93063,M,,,93
201100048595,11,3,22,2240,5,2,2,1.0,3.0,93063,M,,,93
201100048596,11,3,24,1250,1,2,2,1.0,3.0,93063,M,,,93
201100048597,11,3,31,915,1,1,3,2.0,3.0,93063,M,,,93
201100048598,11,4,1,1310,1,2,1,8.0,3.0,93063,M,,,93
201100048599,11,4,5,1750,1,2,1,1.0,3.0,93006,M,,,93
201100048600,11,4,7,55,5,2,5,1.0,7.0,93045,M,,,93
201100048601,11,4,8,1000,1,2,1,1.0,3.0,93063,M,,,93
201100048602,11,4,21,1225,1,2,1,1.0,6.0,93006,M,,,93
201100048603,11,4,22,1330,1,2,1,1.0,6.0,93045,M,,,93
201100048604,11,4,22,1745,1,2,1,1.0,3.0,93063,M,,,93
201100048605,11,4,26,1910,1,2,1,1.0,6.0,93063,M,,,93
201100048606,11,5,4,1730,1,2,1,1.0,6.0,93045,M,,,93
201100048607,11,5,5,1330,1,2,1,1.0,6.0,93006,M,,,93
201100048608,11,5,7,1910,1,2,1,1.0,6.0,93045,M,,,93
201100048609,11,5,8,1810,1,2,3,1.0,3.0,93006,M,,,93
201100048610,11,5,10,1000,1,2,1,1.0,6.0,93045,M,,,93
201100048611,11,5,12,1850,1,2,1,1.0,7.0,93006,M,,,93
201100048612,11,5,13,2130,2,2,1,1.0,7.0,93061,M,,,93
201100048613,11,5,18,1700,1,2,2,1.0,3.0,93063,M,,,93
201100048614,11,5,18,2100,5,2,2,1.0,3.0,93063,M,,,93
201100048615,11,5,12,1537,1,2,1,1.0,2.0,93063,M,,,93
201100048616,11,5,21,1140,1,2,1,1.0,7.0,93006,M,,,93
201100048617,11,5,21,1155,1,1,2,1.0,3.0,93006,M,,,93
201100048618,11,5,21,2130,5,2,2,1.0,7.0,93063,M,,,93
201100048619,11,5,27,2015,1,2,1,1.0,4.0,93006,M,,,93
201100048620,11,5,28,930,1,2,2,1.0,1.0,93045,M,,,93
201100048621,11,5,28,1705,1,2,1,1.0,6.0,93006,M,,,93
201100048622,11,5,31,930,1,2,2,1.0,7.0,93063,M,,,93
201100048623,11,6,3,1940,1,2,1,1.0,6.0,93063,M,,,93
201100048624,11,6,5,2000,1,2,1,1.0,7.0,93006,M,,,93
201100048625,11,6,8,1500,1,2,4,1.0,3.0,93045,M,,,93
201100048626,11,6,16,1320,1,2,1,1.0,6.0,93006,M,,,93
201100048627,11,6,22,645,1,2,1,1.0,1.0,93006,M,,,93
201100048628,11,6,24,1620,1,2,1,1.0,3.0,93045,M,,,93
201100048629,11,6,26,1530,1,2,1,1.0,6.0,93006,M,,,93
201100048630,11,6,26,1940,1,2,1,1.0,6.0,93006,M,,,93
201100048631,11,6,27,1750,1,2,3,1.0,3.0,93045,M,,,93
201100048632,11,6,27,1910,1,2,1,1.0,3.0,93006,M,,,93
201100048633,11,7,3,1630,1,2,1,1.0,2.0,93063,M,,,93
201100048634,11,7,11,110,5,2,5,1.0,2.0,93045,M,,,93
201100048635,11,7,20,1555,1,2,1,2.0,6.0,93063,M,,,93
201100048636,11,7,22,1330,1,2,1,1.0,3.0,93063,M,,,93
201100048637,11,7,25,1630,1,2,1,1.0,6.0,93063,M,,,93
201100048638,11,7,25,1830,1,2,3,1.0,3.0,93006,M,,,93
201100048639,11,7,27,800,1,2,3,1.0,3.0,93006,M,,,93
201100048640,11,8,2,1915,1,2,1,1.0,6.0,93006,M,,,93
201100048641,11,8,8,1710,1,2,3,1.0,3.0,93006,M,,,93
201100048642,11,8,10,1010,1,2,1,1.0,6.0,93045,M,,,93
201100048643,11,8,21,1300,1,2,1,1.0,6.0,93006,M,,,93
201100048644,11,9,2,1415,1,2,3,1.0,3.0,93006,M,,,93
201100048645,11,9,3,2100,5,2,2,2.0,3.0,93045,M,,,93
201100048646,11,9,4,1700,1,2,3,1.0,3.0,93006,M,,,93
201100048647,11,9,4,1830,1,2,1,1.0,3.0,93006,M,,,93
201100048648,11,9,8,1045,1,2,1,1.0,6.0,93006,M,,,93
201100048649,11,9,22,1030,1,2,1,1.0,3.0,93063,M,,,93
201100048650,11,9,26,850,1,2,1,1.0,7.0,93063,M,,,93
201100048651,11,9,26,1710,1,2,1,1.0,2.0,93006,M,,,93
201100048652,11,9,27,1650,1,2,2,1.0,6.0,93045,M,,,93
201100048653,11,10,3,1950,5,2,1,1.0,2.0,93045,M,,,93
201100048654,11,11,2,1500,1,2,1,1.0,6.0,93061,M,,,93
201100048655,11,10,12,1955,5,2,1,2.0,6.0,93006,M,,,93
201100048656,11,10,13,1700,1,2,1,1.0,6.0,93045,M,,,93
201100048657,11,11,8,1100,1,2,1,1.0,6.0,93006,M,,,93
201100048658,11,11,11,1900,5,2,5,1.0,3.0,93063,M,,,93
201100048659,11,11,12,1720,5,2,2,1.0,3.0,93063,M,,,93
201100048660,11,11,13,1405,1,2,1,1.0,3.0,93061,M,,,93
201100048661,11,11,14,2210,5,2,4,9.0,6.0,93006,M,,,93
201100048662,11,11,15,1045,1,2,2,1.0,7.0,93063,M,,,93
201100048663,11,11,27,1430,1,2,1,1.0,6.0,93045,M,,,93
201100048664,11,11,15,1945,5,2,5,1.0,6.0,93063,M,,,93
201100048665,11,11,17,1455,1,2,1,1.0,7.0,93045,M,,,93
201100048666,11,11,19,2020,5,2,1,1.0,3.0,93063,M,,,93
201100048667,11,11,21,1000,1,2,1,1.0,6.0,93006,M,,,93
201100048668,11,11,22,810,1,2,1,1.0,2.0,93061,M,,,93
201100048669,11,11,24,1130,1,2,1,1.0,7.0,93063,M,,,93
201100048670,11,11,28,1645,2,2,1,1.0,6.0,93045,M,,,93
201100048671,11,12,1,1015,1,2,1,1.0,6.0,93061,M,,,93
201100048672,11,12,12,635,2,2,1,1.0,6.0,93006,M,,,93
201100048673,11,12,13,2033,5,2,1,1.0,1.0,93045,M,,,93
201100048674,11,12,14,1140,1,2,1,1.0,6.0,93006,M,,,93
201100048675,11,12,18,620,5,2,1,2.0,6.0,93063,M,,,93
201100048676,11,12,16,910,1,2,1,2.0,3.0,93063,M,,,93