Num_Acc,an,mois,jour,hrmn,lum,agg,int,atm,col,com,gps,lat,long,dep
201100048677,11,12,25,1635,1,2,1,1.0,7.0,93063,M,,,93
201100048678,11,12,26,1555,1,2,2,1.0,3.0,93045,M,,,93
201100048679,11,1,19,800,2,2,2,1.0,3.0,93063,M,,,93
201100048680,11,1,8,1615,1,2,1,1.0,3.0,93006,M,,,93
201100048681,11,7,21,1935,1,2,2,8.0,3.0,93045,M,,,93
201100048682,11,5,25,1320,1,2,2,1.0,3.0,93063,M,,,93
201100048683,11,7,27,830,1,2,5,1.0,3.0,93063,M,,,93
201100048684,11,8,5,25,5,2,2,3.0,1.0,93006,M,,,93
201100048685,11,8,27,2155,5,2,2,1.0,3.0,93006,M,,,93
201100048686,11,9,10,30,5,2,1,1.0,6.0,93006,M,,,93
201100048687,11,9,1,1915,1,2,2,1.0,3.0,93006,M,,,93
201100048688,11,9,10,1340,1,2,3,1.0,3.0,93063,M,,,93
201100048689,11,10,4,1850,5,2,1,1.0,3.0,93006,M,,,93
201100048690,11,9,11,1745,1,2,1,1.0,6.0,93063,M,,,93
201100048691,11,10,11,1745,1,2,1,1.0,2.0,93063,M,,,93
201100048692,11,9,14,1800,1,2,1,1.0,6.0,93045,M,,,93
201100048693,11,11,8,1820,5,2,4,2.0,3.0,93006,M,,,93
201100048694,11,9,30,630,2,2,2,1.0,3.0,93006,M,,,93
201100048695,11,12,9,805,1,2,2,2.0,3.0,93063,M,,,93
201100048696,11,11,2,1330,1,2,1,1.0,5.0,93045,M,,,93
201100048697,11,11,3,1945,5,2,1,3.0,6.0,93063,M,,,93
201100048698,11,11,4,2155,5,2,1,2.0,6.0,93006,M,,,93
201100048699,11,12,30,1215,1,2,3,1.0,7.0,93046,M,,,93
201100048700,11,1,4,2205,5,2,2,1.0,3.0,93046,M,,,93
201100048701,11,1,8,1320,1,2,2,1.0,3.0,93046,M,,,93
201100048702,11,1,10,1610,1,2,2,1.0,2.0,93046,M,,,93
201100048703,11,1,13,2020,5,2,1,1.0,7.0,93046,M,,,93
201100048704,11,1,14,2250,5,2,2,2.0,2.0,93046,M,,,93
201100048705,11,1,31,1025,1,2,2,1.0,6.0,93046,M,,,93
201100048706,11,2,8,1150,1,2,3,1.0,6.0,93046,M,,,93
201100048707,11,2,15,1030,1,2,2,2.0,2.0,93046,M,,,93
201100048708,11,2,17,1350,1,2,2,1.0,3.0,93074,M,,,93
201100048709,11,2,18,1755,1,2,2,1.0,2.0,93074,M,,,93
201100048710,11,2,23,1220,1,2,1,2.0,4.0,93046,M,,,93
201100048711,11,2,23,1935,5,2,3,2.0,3.0,93046,M,,,93
201100048712,11,3,5,1738,1,2,5,1.0,3.0,93046,M,,,93
201100048713,11,3,7,1710,1,2,1,1.0,3.0,93074,M,,,93
201100048714,11,3,8,1920,3,1,1,1.0,7.0,93015,M,,,93
201100048715,11,3,15,1835,1,2,3,1.0,6.0,93046,M,,,93
201100048716,11,3,21,1600,1,2,1,1.0,6.0,93046,M,,,93
201100048717,11,3,22,1520,1,2,2,1.0,3.0,93046,M,,,93
201100048718,11,3,25,755,1,2,3,1.0,3.0,93074,M,,,93
201100048719,11,3,28,1750,1,2,2,1.0,3.0,93074,M,,,93
201100048720,11,4,5,1140,1,2,5,1.0,6.0,93046,M,,,93
201100048721,11,4,5,1910,1,2,2,1.0,3.0,93046,M,,,93
201100048722,11,4,10,2050,5,2,5,1.0,3.0,93046,M,,,93
201100048723,11,4,10,2110,5,2,1,1.0,3.0,93015,M,,,93
201100048724,11,4,14,1500,1,2,1,1.0,5.0,93046,M,,,93
201100048725,11,4,16,1250,1,2,3,1.0,7.0,93046,M,,,93
201100048726,11,4,20,1025,1,2,3,1.0,3.0,93046,M,,,93
201100048727,11,4,21,1720,1,2,1,1.0,3.0,93046,M,,,93
201100048728,11,4,24,1415,1,2,2,1.0,6.0,93046,M,,,93
201100048729,11,5,3,1530,1,2,1,1.0,2.0,93046,M,,,93
201100048730,11,5,3,1717,1,2,3,1.0,1.0,93046,M,,,93
201100048731,11,5,8,1545,1,2,1,1.0,6.0,93074,M,,,93
201100048732,11,5,11,855,1,2,6,1.0,7.0,93046,M,,,93
201100048733,11,5,11,1845,1,2,2,1.0,3.0,93046,M,,,93
201100048734,11,5,12,825,1,2,1,1.0,6.0,93046,M,,,93
201100048735,11,5,14,1725,1,1,1,1.0,7.0,93074,M,,,93
201100048736,11,5,14,2105,2,2,2,1.0,3.0,93046,M,,,93
201100048737,11,5,16,1525,1,2,1,1.0,2.0,93046,M,,,93
201100048738,11,5,16,1930,1,2,1,1.0,2.0,93046,M,,,93
201100048739,11,5,16,2125,2,2,2,1.0,3.0,93046,M,,,93
201100048740,11,5,18,1935,1,2,4,1.0,3.0,93046,M,,,93
201100048741,11,5,30,840,1,2,1,1.0,6.0,93046,M,,,93
201100048742,11,6,3,1735,1,2,1,1.0,3.0,93046,M,,,93
201100048743,11,6,5,1700,1,2,5,3.0,3.0,93046,M,,,93
201100048744,11,6,3,1605,1,2,2,1.0,6.0,93046,M,,,93
201100048745,11,6,3,1740,1,2,1,1.0,5.0,93046,M,,,93
201100048746,11,6,7,730,1,2,2,2.0,3.0,93046,M,,,93
201100048747,11,6,7,830,1,2,1,2.0,3.0,93015,M,,,93
201100048748,11,6,9,900,1,2,1,1.0,3.0,93046,M,,,93
201100048749,11,6,10,1645,1,2,1,2.0,7.0,93074,M,,,93
201100048750,11,6,20,1515,1,2,1,2.0,6.0,93046,M,,,93
201100048751,11,6,22,1240,1,2,2,2.0,6.0,93046,M,,,93
201100048752,11,6,23,845,1,1,1,1.0,2.0,93074,M,,,93
201100048753,11,6,23,1725,1,2,2,1.0,6.0,93015,M,,,93
201100048754,11,6,29,1615,1,2,1,1.0,6.0,93074,M,,,93
201100048755,11,7,5,1835,1,2,1,1.0,3.0,93046,M,,,93
201100048756,11,7,11,1505,1,2,1,1.0,6.0,93046,M,,,93
201100048757,11,7,19,1150,1,2,1,3.0,6.0,93046,M,,,93
201100048758,11,7,26,1350,1,2,1,1.0,3.0,93046,M,,,93
201100048759,11,7,27,1045,1,2,3,1.0,7.0,93046,M,,,93
201100048760,11,7,28,1450,1,2,1,2.0,6.0,93046,M,,,93
201100048761,11,8,2,1430,1,2,1,1.0,2.0,93046,M,,,93
201100048762,11,8,10,900,1,2,2,1.0,3.0,93046,M,,,93
201100048763,11,8,10,2155,5,2,1,1.0,7.0,93046,M,,,93
201100048764,11,8,12,1755,1,2,1,1.0,1.0,93046,M,,,93
201100048765,11,8,15,1350,1,2,2,1.0,3.0,93046,M,,,93
201100048766,11,8,7,125,5,2,1,2.0,3.0,93046,M,,,93
201100048767,11,8,17,1900,1,2,2,1.0,3.0,93046,M,,,93
201100048768,11,8,27,817,1,2,3,1.0,1.0,93046,M,,,93
201100048769,11,8,27,1535,1,2,1,2.0,3.0,93046,M,,,93
201100048770,11,8,31,1510,1,2,3,1.0,3.0,93074,M,,,93
201100048771,11,9,2,545,5,2,2,1.0,3.0,93074,M,,,93
201100048772,11,9,2,1310,1,1,1,1.0,7.0,93074,M,,,93
201100048773,11,9,8,2230,5,2,1,8.0,7.0,93046,M,,,93
201100048774,11,9,10,1125,1,2,2,1.0,3.0,93046,M,,,93
201100048775,11,9,10,2136,5,2,3,1.0,3.0,93046,M,,,93
201100048776,11,9,11,1525,1,1,1,3.0,3.0,93015,M,,,93
201100048777,11,9,21,1915,1,2,1,1.0,1.0,93046,M,,,93
201100048778,11,9,22,825,1,2,2,1.0,6.0,93046,M,,,93
201100048779,11,9,26,1844,1,2,2,1.0,3.0,93046,M,,,93
201100048780,11,9,28,630,2,2,5,1.0,3.0,93046,M,,,93
201100048781,11,9,29,1750,1,2,1,1.0,6.0,93046,M,,,93
201100048782,11,10,1,2055,5,2,2,1.0,3.0,93046,M,,,93
201100048783,11,10,3,2330,5,2,2,1.0,3.0,93046,M,,,93
201100048784,11,10,4,1800,3,1,1,1.0,1.0,93015,M,,,93
201100048785,11,10,5,1450,1,2,2,1.0,3.0,93046,M,,,93
201100048786,11,10,7,1655,1,2,1,2.0,1.0,93046,M,,,93
201100048787,11,10,12,905,1,2,2,1.0,2.0,93074,M,,,93
201100048788,11,10,14,815,1,2,1,1.0,6.0,93046,M,,,93
201100048789,11,10,17,755,2,2,1,1.0,1.0,93046,M,,,93
201100048790,11,10,19,700,2,2,1,2.0,3.0,93074,M,,,93
201100048791,11,10,19,900,1,1,1,1.0,2.0,93046,M,,,93
201100048792,11,10,19,1310,1,2,2,1.0,6.0,93046,M,,,93
201100048793,11,10,28,1928,5,2,4,1.0,6.0,93046,M,,,93
201100048794,11,10,28,2005,5,2,1,1.0,7.0,93015,M,,,93
201100048795,11,10,29,1940,2,2,3,1.0,2.0,93046,M,,,93
201100048796,11,10,30,1345,1,2,3,1.0,1.0,93046,M,,,93
201100048797,11,10,31,2045,5,2,2,1.0,7.0,93046,M,,,93
201100048798,11,11,5,1145,1,2,1,1.0,2.0,93074,M,,,93
201100048799,11,11,5,2150,5,2,5,1.0,3.0,93046,M,,,93
201100048800,11,11,6,315,5,2,1,1.0,7.0,93074,M,,,93
201100048801,11,11,9,1715,1,2,1,1.0,7.0,93046,M,,,93
201100048802,11,11,10,1206,1,1,2,1.0,5.0,93046,M,,,93
201100048803,11,11,13,2050,5,2,3,1.0,3.0,93046,M,,,93
201100048804,11,11,17,1620,1,2,1,1.0,5.0,93046,M,,,93
201100048805,11,11,19,1450,1,1,1,1.0,7.0,93015,M,,,93
201100048806,11,11,19,1810,5,2,6,1.0,3.0,93046,M,,,93
201100048807,11,11,21,855,1,2,1,8.0,6.0,93074,M,,,93
201100048808,11,11,22,650,5,2,3,1.0,6.0,93046,M,,,93
201100048809,11,11,24,1620,1,2,1,1.0,6.0,93046,M,,,93
201100048810,11,11,25,1515,1,2,1,2.0,6.0,93046,M,,,93
201100048811,11,11,25,1630,1,2,1,1.0,6.0,93046,M,,,93
201100048812,11,11,25,1730,5,2,1,1.0,3.0,93046,M,,,93
201100048813,11,11,29,640,3,2,2,1.0,1.0,93046,M,,,93
201100048814,11,11,30,815,1,2,3,2.0,6.0,93074,M,,,93
201100048815,11,11,30,1140,1,2,1,1.0,7.0,93046,M,,,93
201100048816,11,12,11,40,4,2,6,1.0,2.0,93046,M,,,93
201100048817,11,12,3,130,5,2,6,1.0,6.0,93046,M,,,93
201100048818,11,12,9,1000,1,2,4,2.0,1.0,93046,M,,,93
201100048819,11,12,13,845,1,2,1,2.0,6.0,93046,M,,,93
201100048820,11,12,21,2115,5,1,1,2.0,5.0,93074,M,,,93
201100048821,11,12,23,1425,1,2,2,8.0,3.0,93074,M,,,93
201100048822,11,1,4,1530,1,2,1,1.0,6.0,93048,M,,,93
201100048823,11,1,10,1020,1,2,1,1.0,6.0,93048,M,,,93
201100048824,11,1,11,1440,1,2,2,2.0,2.0,93048,M,,,93
201100048825,11,1,11,1715,2,2,1,2.0,3.0,93048,M,,,93
201100048826,11,1,14,1230,1,1,1,8.0,6.0,93048,M,,,93
201100048827,11,1,13,2000,5,2,3,1.0,3.0,93048,M,,,93
201100048828,11,1,14,1415,1,2,5,1.0,6.0,93048,M,,,93
201100048829,11,1,16,345,5,2,2,1.0,3.0,93048,M,,,93
201100048830,11,1,16,2030,5,2,2,1.0,3.0,93048,M,,,93
201100048831,11,1,24,900,1,2,2,1.0,6.0,93048,M,,,93
201100048832,11,1,25,1315,1,2,2,1.0,3.0,93048,M,,,93
201100048833,11,1,25,1820,5,2,2,1.0,6.0,93048,M,,,93
201100048834,11,1,28,1535,1,2,3,1.0,6.0,93048,M,,,93
201100048835,11,1,28,2040,5,2,3,1.0,3.0,93048,M,,,93
201100048836,11,2,7,1455,1,2,2,1.0,6.0,93048,M,,,93
201100048837,11,2,8,1800,5,2,1,1.0,6.0,93048,M,,,93
201100048838,11,2,9,1750,1,2,1,1.0,3.0,93048,M,,,93
201100048839,11,2,15,2050,5,2,3,2.0,3.0,93048,M,,,93
201100048840,11,2,22,1140,1,2,1,1.0,3.0,93048,M,,,93
201100048841,11,2,24,1720,1,2,2,1.0,3.0,93048,M,,,93
201100048842,11,3,2,1655,1,1,2,1.0,6.0,93048,M,,,93
201100048843,11,3,3,1220,1,2,1,1.0,6.0,93048,M,,,93
201100048844,11,3,5,1810,1,2,1,1.0,6.0,93048,M,,,93
201100048845,11,3,10,1015,1,2,1,1.0,6.0,93048,M,,,93
201100048846,11,3,10,1720,1,2,1,1.0,3.0,93048,M,,,93
201100048847,11,3,12,2000,5,2,1,2.0,3.0,93048,M,,,93
201100048848,11,3,15,1615,1,2,3,1.0,6.0,93048,M,,,93
201100048849,11,3,17,745,1,2,1,8.0,7.0,93048,M,,,93
201100048850,11,3,21,1248,1,2,1,1.0,6.0,93048,M,,,93
201100048851,11,3,21,1105,1,2,2,1.0,3.0,93048,M,,,93
201100048852,11,3,22,1850,1,2,1,1.0,3.0,93048,M,,,93
201100048853,11,3,23,900,1,2,1,1.0,6.0,93048,M,,,93
201100048854,11,4,3,1645,1,2,6,2.0,3.0,93048,M,,,93
201100048855,11,4,2,1930,1,2,2,1.0,3.0,93048,M,,,93
201100048856,11,4,8,1500,1,2,1,1.0,3.0,93048,M,,,93
201100048857,11,4,9,5,5,2,2,1.0,3.0,93048,M,,,93
201100048858,11,4,9,1206,1,2,7,1.0,6.0,93048,M,,,93
201100048859,11,4,12,1120,1,2,1,1.0,3.0,93048,M,,,93
201100048860,11,4,14,1530,1,2,2,1.0,3.0,93048,M,,,93
201100048861,11,4,19,1400,1,2,2,1.0,3.0,93048,M,,,93
201100048862,11,4,19,1800,1,2,2,1.0,3.0,93048,M,,,93
201100048863,11,4,19,1945,1,2,2,1.0,3.0,93048,M,,,93
201100048864,11,4,19,2100,2,2,1,1.0,7.0,93048,M,,,93
201100048865,11,4,19,2120,3,2,1,1.0,6.0,93048,M,,,93
201100048866,11,4,20,1445,1,2,1,1.0,3.0,93048,M,,,93
201100048867,11,4,24,1210,1,2,1,1.0,6.0,93048,M,,,93
201100048868,11,4,26,1915,1,2,1,1.0,7.0,93048,M,,,93
201100048869,11,5,2,1830,1,2,2,1.0,3.0,93048,M,,,93
201100048870,11,5,3,1910,1,2,1,1.0,6.0,93048,M,,,93
201100048871,11,5,4,1545,1,2,2,1.0,3.0,93048,M,,,93
201100048872,11,5,5,2115,5,2,1,1.0,6.0,93048,M,,,93
201100048873,11,5,5,2030,2,2,1,1.0,6.0,93048,M,,,93
201100048874,11,5,8,5,5,2,1,1.0,1.0,93048,M,,,93
201100048875,11,5,9,805,1,2,1,1.0,6.0,93048,M,,,93
201100048876,11,5,12,920,1,2,1,1.0,3.0,93048,M,,,93
201100048877,11,5,12,930,1,2,5,1.0,3.0,93048,M,,,93
201100048878,11,5,17,1120,1,2,1,1.0,1.0,93048,M,,,93
201100048879,11,5,18,1615,1,2,2,1.0,3.0,93048,M,,,93
201100048880,11,5,18,1802,1,2,1,1.0,3.0,93048,M,,,93
201100048881,11,5,18,1730,1,2,2,1.0,6.0,93048,M,,,93
201100048882,11,5,19,350,5,2,1,1.0,7.0,93048,M,,,93
201100048883,11,5,19,1440,1,2,1,1.0,3.0,93048,M,,,93
201100048884,11,5,20,1543,1,2,1,1.0,3.0,93048,M,,,93
201100048885,11,5,27,900,1,2,1,1.0,7.0,93048,M,,,93
201100048886,11,5,30,2250,5,2,5,1.0,1.0,93048,M,,,93
201100048887,11,5,27,2045,1,2,2,1.0,3.0,93048,M,,,93
201100048888,11,6,1,950,1,2,3,1.0,3.0,93048,M,,,93
201100048889,11,6,4,1710,1,2,1,1.0,6.0,93048,M,,,93
201100048890,11,6,6,1950,2,1,1,1.0,6.0,93048,M,,,93
201100048891,11,6,8,1050,1,2,1,1.0,6.0,93048,M,,,93
201100048892,11,6,11,1900,1,2,1,1.0,6.0,93048,M,,,93
201100048893,11,6,12,1620,1,2,1,8.0,6.0,93048,M,,,93
201100048894,11,6,15,2320,5,2,1,1.0,6.0,93048,M,,,93
201100048895,11,6,17,1920,1,2,2,8.0,6.0,93048,M,,,93
201100048896,11,6,18,1545,1,1,1,1.0,1.0,93048,M,,,93
201100048897,11,6,19,1740,1,2,1,2.0,6.0,93048,M,,,93
201100048898,11,6,20,1530,1,2,3,2.0,3.0,93048,M,,,93
201100048899,11,6,23,1510,1,2,2,1.0,5.0,93048,M,,,93
201100048900,11,6,23,1715,1,2,1,1.0,6.0,93048,M,,,93
201100048901,11,6,26,1015,1,2,2,1.0,3.0,93048,M,,,93
201100048902,11,6,27,1350,1,2,2,1.0,3.0,93048,M,,,93
201100048903,11,6,29,1055,1,1,2,1.0,1.0,93048,M,,,93
201100048904,11,6,29,1000,1,2,1,1.0,2.0,93048,M,,,93
201100048905,11,6,30,1000,1,2,5,1.0,6.0,93048,M,,,93
201100048906,11,7,1,1845,1,2,1,1.0,3.0,93048,M,,,93
201100048907,11,7,3,1230,1,2,1,1.0,6.0,93048,M,,,93
201100048908,11,7,5,1200,1,2,1,1.0,3.0,93048,M,,,93
201100048909,11,7,6,1945,1,2,6,1.0,5.0,93048,M,,,93
201100048910,11,7,7,1500,1,2,1,1.0,5.0,93048,M,,,93
201100048911,11,7,18,1145,1,2,1,2.0,6.0,93048,M,,,93
201100048912,11,7,19,1430,1,2,1,2.0,6.0,93048,M,,,93
201100048913,11,7,19,1715,1,2,1,2.0,3.0,93048,M,,,93
201100048914,11,7,22,1720,1,2,2,3.0,3.0,93048,M,,,93
201100048915,11,7,25,1125,1,2,1,1.0,6.0,93048,M,,,93
201100048916,11,7,26,1130,1,2,1,1.0,7.0,93048,M,,,93
201100048917,11,7,30,1545,1,2,3,1.0,3.0,93048,M,,,93
201100048918,11,7,31,1930,1,2,1,1.0,6.0,93048,M,,,93
201100048919,11,7,31,2020,1,2,1,1.0,2.0,93048,M,,,93
201100048920,11,7,31,2315,5,1,1,1.0,7.0,93048,M,,,93
201100048921,11,8,1,1700,1,2,1,1.0,6.0,93048,M,,,93
201100048922,11,8,3,855,1,2,1,2.0,5.0,93048,M,,,93
201100048923,11,8,7,1800,1,2,1,1.0,6.0,93048,M,,,93
201100048924,11,8,17,1845,1,2,1,1.0,6.0,93048,M,,,93
201100048925,11,8,23,1745,1,2,3,1.0,3.0,93048,M,,,93
201100048926,11,8,25,1615,1,2,1,1.0,3.0,93048,M,,,93
201100048927,11,8,24,1425,1,2,3,1.0,6.0,93048,M,,,93
201100048928,11,8,28,1935,1,2,2,1.0,3.0,93048,M,,,93
201100048929,11,8,29,655,2,2,1,1.0,3.0,93048,M,,,93
201100048930,11,8,30,1545,1,2,2,1.0,6.0,93048,M,,,93
201100048931,11,9,2,840,1,2,1,1.0,3.0,93048,M,,,93
201100048932,11,9,3,2145,3,2,2,1.0,3.0,93048,M,,,93
201100048933,11,9,7,1500,1,2,2,8.0,7.0,93048,M,,,93
201100048934,11,9,11,1043,1,2,1,8.0,7.0,93048,M,,,93
201100048935,11,9,18,1756,1,2,3,1.0,3.0,93048,M,,,93
201100048936,11,9,22,925,1,2,1,1.0,1.0,93048,M,,,93
201100048937,11,9,22,1100,1,2,5,1.0,3.0,93048,M,,,93
201100048938,11,9,22,1800,1,2,1,1.0,6.0,93048,M,,,93
201100048939,11,9,25,1000,1,2,1,1.0,7.0,93048,M,,,93
201100048940,11,9,26,2120,5,2,6,1.0,6.0,93048,M,,,93
201100048941,11,9,24,600,5,2,3,1.0,7.0,93048,M,,,93
201100048942,11,10,1,1837,1,2,1,1.0,6.0,93048,M,,,93
201100048943,11,10,3,715,1,2,9,1.0,6.0,93048,M,,,93
201100048944,11,10,3,935,1,2,2,1.0,3.0,93048,M,,,93
201100048945,11,10,3,1650,1,2,1,1.0,3.0,93048,M,,,93
201100048946,11,10,5,1310,1,2,2,1.0,7.0,93048,M,,,93
201100048947,11,10,6,1530,1,2,1,2.0,1.0,93048,M,,,93
201100048948,11,10,16,1025,1,2,1,1.0,3.0,93048,M,,,93
201100048949,11,10,19,800,2,2,2,8.0,3.0,93048,M,,,93
201100048950,11,10,19,1700,1,2,3,2.0,6.0,93048,M,,,93
201100048951,11,10,20,500,5,2,3,1.0,3.0,93048,M,,,93
201100048952,11,10,20,1250,1,2,1,1.0,6.0,93048,M,,,93
201100048953,11,10,21,1605,1,2,2,1.0,3.0,93048,M,,,93
201100048954,11,10,24,1730,2,2,1,1.0,3.0,93048,M,,,93
201100048955,11,10,25,1030,1,2,1,1.0,6.0,93048,M,,,93
201100048956,11,10,26,1000,1,2,3,1.0,3.0,93048,M,,,93
201100048957,11,10,28,1230,1,2,1,1.0,7.0,93048,M,,,93
201100048958,11,10,31,1025,1,2,6,1.0,2.0,93048,M,,,93
201100048959,11,10,31,1745,2,2,1,1.0,3.0,93048,M,,,93
201100048960,11,11,2,1730,5,2,2,1.0,3.0,93048,M,,,93
201100048961,11,11,3,1220,1,2,2,2.0,1.0,93048,M,,,93
201100048962,11,11,16,700,5,2,7,1.0,3.0,93048,M,,,93
201100048963,11,11,16,2200,5,2,2,8.0,3.0,93048,M,,,93
201100048964,11,11,17,1030,1,2,1,2.0,2.0,93048,M,,,93
201100048965,11,11,18,1145,1,2,2,1.0,1.0,93048,M,,,93
201100048966,11,11,20,1220,1,2,2,1.0,2.0,93048,M,,,93
201100048967,11,11,27,1800,4,2,1,1.0,6.0,93048,M,,,93
201100048968,11,11,28,1450,1,2,6,8.0,2.0,93048,M,,,93
201100048969,11,11,28,1800,5,2,3,1.0,3.0,93048,M,,,93
201100048970,11,11,29,1045,1,2,1,1.0,6.0,93048,M,,,93
201100048971,11,12,2,2035,5,2,1,1.0,1.0,93048,M,,,93
201100048972,11,12,7,1310,1,2,1,2.0,6.0,93048,M,,,93
201100048973,11,12,12,1400,1,2,1,7.0,6.0,93048,M,,,93
201100048974,11,12,15,1645,1,2,1,1.0,3.0,93048,M,,,93
201100048975,11,12,15,1800,5,2,4,1.0,3.0,93048,M,,,93
201100048976,11,12,18,610,5,2,9,8.0,2.0,93048,M,,,93
201100048977,11,12,21,1110,1,2,1,2.0,3.0,93048,M,,,93
201100048978,11,12,27,130,5,2,1,1.0,3.0,93048,M,,,93
201100048979,11,1,4,1330,1,2,2,1.0,3.0,93050,M,,,93
201100048980,11,1,19,1130,1,2,1,1.0,6.0,93050,M,,,93
201100048981,11,1,15,2215,5,2,2,1.0,6.0,93050,M,,,93
201100048982,11,2,7,1920,5,2,2,1.0,3.0,93049,M,,,93
201100048983,11,2,8,1140,1,2,2,8.0,3.0,93050,M,,,93
201100048984,11,2,9,1110,1,2,1,1.0,3.0,93050,M,,,93
201100048985,11,2,15,1320,1,2,2,2.0,5.0,93050,M,,,93
201100048986,11,2,16,1730,1,2,1,1.0,6.0,93050,M,,,93
201100048987,11,2,19,2250,5,2,2,2.0,3.0,93050,M,,,93
201100048988,11,2,24,900,1,2,1,1.0,7.0,93049,M,,,93
201100048989,11,3,1,2210,5,2,6,1.0,6.0,93049,M,,,93
201100048990,11,3,3,1130,1,2,3,1.0,3.0,93050,M,,,93
201100048991,11,3,5,2000,5,2,1,1.0,4.0,93050,M,,,93
201100048992,11,3,11,2110,5,2,1,1.0,3.0,93050,M,,,93
201100048993,11,3,18,1400,1,2,2,1.0,3.0,93050,M,,,93
201100048994,11,3,18,1815,1,2,1,2.0,3.0,93050,M,,,93
201100048995,11,3,19,1545,1,2,1,1.0,6.0,93049,M,,,93
201100048996,11,3,26,1840,2,2,2,2.0,1.0,93050,M,,,93
201100048997,11,4,16,1450,1,2,1,1.0,2.0,93050,M,,,93
201100048998,11,3,28,1330,1,2,5,1.0,3.0,93049,M,,,93
201100048999,11,4,20,2315,5,2,3,1.0,3.0,93050,M,,,93
201100049000,11,4,21,1825,1,2,1,1.0,3.0,93050,M,,,93
201100049001,11,4,6,1035,1,2,2,1.0,3.0,93049,M,,,93
201100049002,11,3,23,1615,1,2,1,1.0,6.0,93049,M,,,93
201100049003,11,5,13,800,1,2,1,1.0,3.0,93049,M,,,93
201100049004,11,5,15,1625,1,2,2,1.0,2.0,93049,M,,,93
201100049005,11,5,17,1455,1,2,2,1.0,6.0,93049,M,,,93
201100049006,11,5,25,810,1,2,1,1.0,3.0,93050,M,,,93
201100049007,11,6,7,700,1,2,2,2.0,6.0,93049,M,,,93
201100049008,11,7,5,405,1,2,2,1.0,3.0,93049,M,,,93
201100049009,11,5,31,2000,1,2,2,1.0,4.0,93050,M,,,93
201100049010,11,6,28,1945,1,2,9,1.0,3.0,93050,M,,,93
201100049011,11,7,1,1640,1,2,2,1.0,4.0,93050,M,,,93
201100049012,11,7,12,1830,1,2,3,1.0,2.0,93050,M,,,93
201100049013,11,7,13,1720,1,2,1,1.0,2.0,93050,M,,,93
201100049014,11,7,16,2220,5,2,1,3.0,2.0,93050,M,,,93
201100049015,11,7,24,1205,1,2,1,1.0,6.0,93050,M,,,93
201100049016,11,7,24,2355,5,2,3,1.0,3.0,93050,M,,,93
201100049017,11,8,19,10,5,2,2,1.0,3.0,93050,M,,,93
201100049018,11,8,22,2015,2,2,1,1.0,4.0,93050,M,,,93
201100049019,11,8,23,2040,2,2,1,1.0,6.0,93050,M,,,93
201100049020,11,9,8,1145,1,2,1,1.0,3.0,93050,M,,,93
201100049021,11,9,1,1130,1,2,2,1.0,3.0,93050,M,,,93
201100049022,11,9,14,1035,1,2,1,1.0,1.0,93049,M,,,93
201100049023,11,9,20,1315,1,2,2,1.0,3.0,93050,M,,,93
201100049024,11,9,24,2200,5,2,1,1.0,1.0,93050,M,,,93
201100049025,11,9,25,2345,5,2,1,1.0,7.0,93049,M,,,93
201100049026,11,9,27,2140,5,2,1,1.0,1.0,93049,M,,,93
201100049027,11,10,5,900,1,2,3,1.0,3.0,93049,M,,,93
201100049028,11,10,11,630,2,2,3,1.0,6.0,93050,M,,,93
201100049029,11,10,12,1535,1,2,1,1.0,3.0,93050,M,,,93
201100049030,11,10,19,1150,1,2,2,1.0,6.0,93049,M,,,93
201100049031,11,10,21,1715,1,2,1,1.0,3.0,93050,M,,,93
201100049032,11,10,23,1545,1,2,1,1.0,2.0,93049,M,,,93
201100049033,11,11,7,1800,5,2,1,2.0,3.0,93050,M,,,93
201100049034,11,11,9,1300,1,2,1,1.0,6.0,93049,M,,,93
201100049035,11,11,15,1255,1,2,1,1.0,2.0,93050,M,,,93
201100049036,11,11,30,2020,5,2,3,1.0,6.0,93049,M,,,93
201100049037,11,12,5,820,1,2,2,8.0,3.0,93050,M,,,93
201100049038,11,12,6,805,2,2,2,8.0,6.0,93049,M,,,93
201100049039,11,12,8,725,5,2,1,1.0,7.0,93050,M,,,93
201100049040,11,12,10,1040,1,2,1,7.0,6.0,93050,M,,,93
201100049041,11,12,13,845,2,2,1,2.0,6.0,93050,M,,,93
201100049042,11,12,16,1430,1,2,2,8.0,3.0,93050,M,,,93
201100049043,11,12,19,2220,5,2,2,2.0,3.0,93050,M,,,93
201100049044,11,12,22,1210,1,2,1,1.0,3.0,93050,M,,,93
201100049045,11,1,17,1810,5,2,2,8.0,3.0,93051,M,,,93
201100049046,11,1,21,825,1,2,2,1.0,3.0,93051,M,,,93
201100049047,11,1,28,1730,2,2,3,1.0,2.0,93051,M,,,93
201100049048,11,2,7,1605,1,2,1,1.0,6.0,93051,M,,,93
201100049049,11,2,9,1545,1,2,5,1.0,3.0,93033,M,,,93
201100049050,11,2,11,145,5,2,1,1.0,7.0,93051,M,,,93
201100049051,11,2,21,1840,5,2,1,2.0,6.0,93051,M,,,93
201100049052,11,2,28,908,1,2,1,1.0,6.0,93051,M,,,93
201100049053,11,3,2,1518,1,2,1,1.0,6.0,93051,M,,,93
201100049054,11,3,3,2145,5,2,2,1.0,3.0,93051,M,,,93
201100049055,11,3,4,1905,5,2,1,1.0,3.0,93051,M,,,93
201100049056,11,3,12,2100,5,2,2,1.0,7.0,93033,M,,,93
201100049057,11,3,19,745,1,2,2,1.0,3.0,93051,M,,,93
201100049058,11,3,25,1315,1,2,3,7.0,3.0,93051,M,,,93
201100049059,11,3,28,2030,5,2,1,1.0,6.0,93051,M,,,93
201100049060,11,4,11,1600,1,2,1,7.0,7.0,93051,M,,,93
201100049061,11,4,15,1805,1,2,2,1.0,3.0,93051,M,,,93