Num_Acc,an,mois,jour,hrmn,lum,agg,int,atm,col,com,gps,lat,long,dep
201100049062,11,4,21,2010,1,2,4,1.0,3.0,93051,M,,,93
201100049063,11,4,25,1815,1,2,1,1.0,6.0,93051,M,,,93
201100049064,11,4,26,1745,1,2,1,1.0,2.0,93051,M,,,93
201100049065,11,4,30,1345,1,2,1,1.0,7.0,93051,M,,,93
201100049066,11,5,5,1455,1,2,6,1.0,3.0,93051,M,,,93
201100049067,11,5,6,1250,1,2,1,1.0,6.0,93051,M,,,93
201100049068,11,5,13,920,1,2,1,1.0,6.0,93051,M,,,93
201100049069,11,5,13,930,1,2,1,1.0,7.0,93051,M,,,93
201100049070,11,5,15,1105,1,2,2,1.0,1.0,93051,M,,,93
201100049071,11,5,19,1540,1,2,2,1.0,3.0,93051,M,,,93
201100049072,11,5,21,2125,5,2,3,1.0,3.0,93051,M,,,93
201100049073,11,5,23,1928,2,2,2,1.0,6.0,93051,M,,,93
201100049074,11,5,24,825,1,2,1,1.0,7.0,93033,M,,,93
201100049075,11,5,25,805,1,2,1,1.0,6.0,93051,M,,,93
201100049076,11,5,29,1250,1,2,2,1.0,3.0,93051,M,,,93
201100049077,11,5,30,625,1,2,2,1.0,3.0,93051,M,,,93
201100049078,11,6,5,1650,1,2,5,1.0,3.0,93033,M,,,93
201100049079,11,6,8,1130,1,2,3,1.0,3.0,93051,M,,,93
201100049080,11,6,10,2000,1,2,5,1.0,3.0,93051,M,,,93
201100049081,11,6,17,1945,1,2,1,1.0,3.0,93033,M,,,93
201100049082,11,6,22,1355,1,2,6,2.0,7.0,93051,M,,,93
201100049083,11,6,23,700,1,2,1,2.0,6.0,93051,M,,,93
201100049084,11,6,23,2110,1,2,6,1.0,3.0,93051,M,,,93
201100049085,11,6,29,1850,1,2,3,1.0,3.0,93051,M,,,93
201100049086,11,6,30,920,1,2,1,1.0,3.0,93051,M,,,93
201100049087,11,7,1,835,1,2,3,1.0,3.0,93051,M,,,93
201100049088,11,7,1,1630,1,2,1,1.0,6.0,93051,M,,,93
201100049089,11,7,1,1950,1,2,1,1.0,6.0,93051,M,,,93
201100049090,11,7,2,1015,1,2,1,1.0,1.0,93033,M,,,93
201100049091,11,7,5,1810,1,2,1,1.0,6.0,93051,M,,,93
201100049092,11,7,20,1015,1,2,6,1.0,2.0,93051,M,,,93
201100049093,11,7,29,1940,2,2,5,1.0,3.0,93051,M,,,93
201100049094,11,8,7,1050,1,2,3,1.0,3.0,93051,M,,,93
201100049095,11,8,9,1405,1,2,9,1.0,7.0,93051,M,,,93
201100049096,11,8,22,1250,1,2,1,1.0,7.0,93051,M,,,93
201100049097,11,8,23,640,1,2,1,1.0,7.0,93051,M,,,93
201100049098,11,8,30,2220,5,2,5,1.0,6.0,93051,M,,,93
201100049099,11,9,1,820,1,2,6,1.0,2.0,93051,M,,,93
201100049100,11,9,6,850,1,2,1,1.0,2.0,93051,M,,,93
201100049101,11,9,8,1900,1,2,1,1.0,3.0,93051,M,,,93
201100049102,11,9,14,805,1,2,1,1.0,7.0,93051,M,,,93
201100049103,11,9,16,730,1,2,1,1.0,7.0,93051,M,,,93
201100049104,11,9,17,1705,1,2,4,1.0,3.0,93051,M,,,93
201100049105,11,9,18,1225,1,2,3,1.0,3.0,93051,M,,,93
201100049106,11,9,22,1800,1,2,3,1.0,3.0,93051,M,,,93
201100049107,11,9,26,910,1,2,1,1.0,2.0,93051,M,,,93
201100049108,11,10,1,120,5,2,3,1.0,3.0,93051,M,,,93
201100049109,11,10,5,1215,1,2,3,1.0,3.0,93051,M,,,93
201100049110,11,10,8,1140,1,2,2,1.0,2.0,93051,M,,,93
201100049111,11,10,12,2255,3,2,1,2.0,7.0,93051,M,,,93
201100049112,11,10,13,835,1,2,2,1.0,6.0,93051,M,,,93
201100049113,11,10,14,1255,1,2,1,1.0,3.0,93051,M,,,93
201100049114,11,10,23,1655,1,2,1,1.0,7.0,93051,M,,,93
201100049115,11,10,24,2215,5,2,1,3.0,1.0,93051,M,,,93
201100049116,11,10,26,1400,1,2,6,1.0,2.0,93051,M,,,93
201100049117,11,11,1,1630,1,2,1,2.0,3.0,93033,M,,,93
201100049118,11,11,11,715,5,2,2,2.0,3.0,93051,M,,,93
201100049119,11,11,18,1550,1,2,4,1.0,3.0,93033,M,,,93
201100049120,11,11,29,1415,1,2,9,1.0,7.0,93051,M,,,93
201100049121,11,12,2,748,2,2,6,1.0,3.0,93051,M,,,93
201100049122,11,12,10,2000,5,2,3,1.0,3.0,93051,M,,,93
201100049123,11,12,9,1100,1,2,2,3.0,3.0,93051,M,,,93
201100049124,11,12,13,1900,5,2,1,1.0,2.0,93051,M,,,93
201100049125,11,12,14,2115,5,2,3,1.0,3.0,93051,M,,,93
201100049126,11,12,19,1510,1,2,2,1.0,6.0,93051,M,,,93
201100049127,11,1,10,2055,5,2,2,1.0,3.0,93053,M,,,93
201100049128,11,1,15,1120,1,2,4,1.0,1.0,93053,M,,,93
201100049129,11,1,26,1535,1,2,1,2.0,6.0,93053,M,,,93
201100049130,11,2,2,10,5,2,3,9.0,1.0,93053,M,,,93
201100049131,11,2,4,25,5,2,2,1.0,3.0,93053,M,,,93
201100049132,11,2,21,1540,1,2,1,2.0,2.0,93053,M,,,93
201100049133,11,2,24,1625,1,2,3,1.0,1.0,93053,M,,,93
201100049134,11,3,8,1430,1,2,1,1.0,6.0,93053,M,,,93
201100049135,11,3,21,1020,1,2,1,1.0,7.0,93053,M,,,93
201100049136,11,3,29,2310,4,2,2,2.0,3.0,93053,M,,,93
201100049137,11,3,31,2255,5,2,3,1.0,7.0,93053,M,,,93
201100049138,11,4,4,1920,1,2,5,8.0,3.0,93053,M,,,93
201100049139,11,4,6,1900,1,2,3,1.0,3.0,93053,M,,,93
201100049140,11,4,8,1250,1,2,1,1.0,3.0,93053,M,,,93
201100049141,11,4,14,1750,1,2,3,1.0,3.0,93053,M,,,93
201100049142,11,5,6,2010,1,2,8,1.0,3.0,93053,M,,,93
201100049143,11,5,10,1810,1,2,2,1.0,3.0,93053,M,,,93
201100049144,11,5,25,640,1,2,3,1.0,3.0,93053,M,,,93
201100049145,11,6,3,815,1,2,1,1.0,3.0,93053,M,,,93
201100049146,11,6,5,1220,1,2,1,1.0,7.0,93053,M,,,93
201100049147,11,6,10,1750,1,2,1,8.0,6.0,93053,M,,,93
201100049148,11,6,12,1600,1,2,2,1.0,3.0,93053,M,,,93
201100049149,11,6,22,1010,1,2,3,2.0,6.0,93053,M,,,93
201100049150,11,6,22,1430,1,2,1,1.0,1.0,93053,M,,,93
201100049151,11,6,26,1305,1,2,3,1.0,3.0,93053,M,,,93
201100049152,11,7,6,1400,1,2,1,1.0,7.0,93053,M,,,93
201100049153,11,7,12,1345,1,2,2,1.0,6.0,93053,M,,,93
201100049154,11,7,18,1100,1,2,3,1.0,3.0,93053,M,,,93
201100049155,11,7,24,2255,5,2,3,1.0,3.0,93053,M,,,93
201100049156,11,7,29,1840,1,2,1,1.0,4.0,93053,M,,,93
201100049157,11,8,10,1330,1,2,1,1.0,6.0,93053,M,,,93
201100049158,11,8,22,1755,1,2,1,1.0,3.0,93053,M,,,93
201100049159,11,8,31,2220,5,2,2,2.0,2.0,93053,M,,,93
201100049160,11,9,8,1130,1,2,1,1.0,6.0,93053,M,,,93
201100049161,11,9,10,1710,1,2,1,1.0,3.0,93053,M,,,93
201100049162,11,9,14,55,4,2,1,1.0,7.0,93053,M,,,93
201100049163,11,9,21,1325,1,2,3,1.0,3.0,93053,M,,,93
201100049164,11,9,23,1655,1,2,1,1.0,6.0,93053,M,,,93
201100049165,11,9,25,2245,5,2,6,1.0,1.0,93053,M,,,93
201100049166,11,9,26,1720,1,2,1,1.0,6.0,93053,M,,,93
201100049167,11,9,29,910,1,2,3,1.0,3.0,93053,M,,,93
201100049168,11,9,30,930,1,2,2,1.0,6.0,93053,M,,,93
201100049169,11,10,3,30,5,2,2,1.0,3.0,93053,M,,,93
201100049170,11,10,3,920,1,2,1,1.0,2.0,93053,M,,,93
201100049171,11,10,4,1600,1,2,2,8.0,3.0,93053,M,,,93
201100049172,11,10,8,1250,1,2,1,2.0,6.0,93053,M,,,93
201100049173,11,10,9,400,5,2,1,2.0,7.0,93053,M,,,93
201100049174,11,10,9,530,5,2,1,2.0,5.0,93053,M,,,93
201100049175,11,10,9,2212,5,2,1,1.0,7.0,93053,M,,,93
201100049176,11,10,12,915,1,2,1,1.0,7.0,93053,M,,,93
201100049177,11,10,15,950,1,2,2,1.0,3.0,93053,M,,,93
201100049178,11,10,17,1930,5,2,2,1.0,5.0,93053,M,,,93
201100049179,11,10,24,1630,1,2,7,1.0,3.0,93053,M,,,93
201100049180,11,10,31,2100,5,2,1,1.0,6.0,93053,M,,,93
201100049181,11,11,2,1630,1,2,8,9.0,2.0,93053,M,,,93
201100049182,11,11,4,640,2,2,4,1.0,6.0,93053,M,,,93
201100049183,11,11,8,805,1,2,1,2.0,4.0,93053,M,,,93
201100049184,11,11,12,220,5,2,2,1.0,3.0,93053,M,,,93
201100049185,11,11,21,730,5,2,1,2.0,2.0,93053,M,,,93
201100049186,11,11,22,1630,2,2,1,1.0,7.0,93053,M,,,93
201100049187,11,12,16,750,5,2,1,6.0,2.0,93053,M,,,93
201100049188,11,12,24,715,5,2,1,9.0,1.0,93053,M,,,93
201100049189,11,1,1,130,5,2,3,1.0,5.0,93055,M,,,93
201100049190,11,1,6,800,5,2,3,2.0,6.0,93055,M,,,93
201100049191,11,1,8,1130,1,2,1,1.0,5.0,93055,M,,,93
201100049192,11,1,15,735,2,2,1,1.0,1.0,93055,M,,,93
201100049193,11,1,16,715,1,2,1,1.0,2.0,93055,M,,,93
201100049194,11,1,23,645,5,2,1,8.0,7.0,93055,M,,,93
201100049195,11,1,27,1315,1,2,1,1.0,7.0,93055,M,,,93
201100049196,11,2,22,1720,1,2,1,1.0,5.0,93055,M,,,93
201100049197,11,2,26,1915,5,2,1,1.0,2.0,93055,M,,,93
201100049198,11,2,28,2020,5,2,2,1.0,6.0,93055,M,,,93
201100049199,11,3,16,810,1,2,1,1.0,3.0,93055,M,,,93
201100049200,11,3,17,1040,1,2,3,1.0,2.0,93055,M,,,93
201100049201,11,3,18,1800,1,2,8,2.0,6.0,93055,M,,,93
201100049202,11,3,20,1945,5,2,3,1.0,3.0,93055,M,,,93
201100049203,11,4,5,1610,1,2,2,1.0,3.0,93055,M,,,93
201100049204,11,4,11,1445,1,2,1,1.0,3.0,93055,M,,,93
201100049205,11,4,11,1805,1,2,1,1.0,7.0,93055,M,4888719.0,345699.0,93
201100049206,11,4,12,1920,1,2,1,1.0,3.0,93055,M,,,93
201100049207,11,4,8,1950,2,2,5,1.0,6.0,93055,M,,,93
201100049208,11,4,20,2142,5,2,1,1.0,2.0,93055,M,,,93
201100049209,11,4,22,1025,1,2,1,1.0,3.0,93055,M,,,93
201100049210,11,4,22,1830,1,2,1,1.0,6.0,93055,M,,,93
201100049211,11,4,22,1947,1,2,3,1.0,5.0,93055,M,,,93
201100049212,11,4,25,2200,5,2,1,1.0,6.0,93055,M,,,93
201100049213,11,4,26,1630,1,2,1,1.0,7.0,93055,M,,,93
201100049214,11,5,6,1920,1,2,1,1.0,6.0,93055,M,,,93
201100049215,11,5,7,1730,1,2,1,1.0,6.0,93055,M,,,93
201100049216,11,5,8,1845,1,2,1,1.0,2.0,93055,M,,,93
201100049217,11,5,10,2040,1,2,1,1.0,3.0,93055,M,,,93
201100049218,11,5,13,740,1,2,1,7.0,2.0,93055,M,,,93
201100049219,11,5,19,1615,1,2,2,1.0,3.0,93055,M,,,93
201100049220,11,5,21,2155,5,2,1,1.0,7.0,93055,M,,,93
201100049221,11,5,22,830,1,2,3,1.0,3.0,93055,M,,,93
201100049222,11,5,22,1600,1,2,1,2.0,7.0,93055,M,,,93
201100049223,11,5,23,1910,1,2,3,1.0,6.0,93055,M,,,93
201100049224,11,5,25,1650,1,2,1,1.0,6.0,93055,M,,,93
201100049225,11,5,30,1555,1,2,3,1.0,3.0,93055,M,,,93
201100049226,11,6,5,1915,1,2,1,1.0,2.0,93055,M,,,93
201100049227,11,6,7,1210,1,2,2,2.0,6.0,93055,M,,,93
201100049228,11,6,15,1620,1,2,1,1.0,2.0,93055,M,,,93
201100049229,11,6,18,1420,1,2,1,1.0,7.0,93055,M,,,93
201100049230,11,6,28,30,5,2,1,1.0,6.0,93055,M,,,93
201100049231,11,7,1,1635,1,2,1,1.0,3.0,93055,M,,,93
201100049232,11,7,7,1800,1,2,1,1.0,6.0,93055,M,,,93
201100049233,11,7,14,2110,2,2,1,1.0,6.0,93055,M,,,93
201100049234,11,7,15,30,5,2,1,1.0,1.0,93055,M,,,93
201100049235,11,7,21,730,1,2,1,2.0,3.0,93055,M,,,93
201100049236,11,7,21,1820,1,2,1,1.0,3.0,93055,M,,,93
201100049237,11,7,22,1145,1,2,1,1.0,7.0,93055,M,,,93
201100049238,11,7,27,1525,1,2,1,1.0,3.0,93055,M,,,93
201100049239,11,7,30,2320,4,2,1,1.0,2.0,93055,M,,,93
201100049240,11,8,6,600,2,2,3,1.0,3.0,93055,M,,,93
201100049241,11,8,12,1650,1,2,6,1.0,3.0,93055,M,,,93
201100049242,11,8,23,610,2,2,8,1.0,7.0,93055,M,,,93
201100049243,11,8,24,845,1,2,1,1.0,6.0,93055,M,,,93
201100049244,11,8,25,2220,5,2,1,1.0,2.0,93055,M,,,93
201100049245,11,8,26,1650,1,2,5,1.0,6.0,93055,M,,,93
201100049246,11,8,29,1440,1,2,1,1.0,3.0,93055,M,,,93
201100049247,11,8,31,100,5,2,1,1.0,3.0,93055,M,,,93
201100049248,11,9,8,845,1,2,1,1.0,2.0,93055,M,,,93
201100049249,11,9,15,1815,1,2,1,1.0,6.0,93055,M,,,93
201100049250,11,9,17,2045,3,2,1,3.0,3.0,93055,M,,,93
201100049251,11,9,21,42,5,2,2,1.0,1.0,93055,M,,,93
201100049252,11,9,25,1915,1,2,1,1.0,2.0,93055,M,,,93
201100049253,11,9,26,2100,5,2,3,1.0,3.0,93055,M,,,93
201100049254,11,9,30,1635,1,2,1,1.0,6.0,93055,M,,,93
201100049255,11,9,30,2105,5,2,1,1.0,3.0,93055,M,,,93
201100049256,11,10,3,1615,1,2,6,1.0,3.0,93055,M,,,93
201100049257,11,10,9,300,5,2,1,2.0,6.0,93055,M,,,93
201100049258,11,10,13,1435,1,2,1,1.0,6.0,93055,M,,,93
201100049259,11,10,18,1610,1,2,1,1.0,3.0,93055,M,,,93
201100049260,11,10,31,350,5,2,1,1.0,3.0,93055,M,,,93
201100049261,11,11,1,1800,5,2,1,1.0,6.0,93055,M,,,93
201100049262,11,11,4,1210,1,2,1,1.0,3.0,93055,M,,,93
201100049263,11,11,5,1910,5,2,3,1.0,6.0,93055,M,,,93
201100049264,11,11,14,910,1,2,1,1.0,6.0,93055,M,,,93
201100049265,11,11,17,1200,1,2,3,2.0,3.0,93055,M,,,93
201100049266,11,11,19,300,5,2,6,1.0,7.0,93055,M,,,93
201100049267,11,11,19,1800,3,2,3,1.0,3.0,93055,M,,,93
201100049268,11,11,22,920,1,2,3,1.0,3.0,93055,M,,,93
201100049269,11,11,22,1025,1,2,1,1.0,6.0,93055,M,,,93
201100049270,11,11,22,1530,1,2,1,1.0,6.0,93055,M,,,93
201100049271,11,11,30,1700,2,2,1,1.0,7.0,93055,M,,,93
201100049272,11,12,2,535,2,2,2,2.0,3.0,93055,M,,,93
201100049273,11,12,2,1420,1,2,3,1.0,6.0,93055,M,,,93
201100049274,11,12,4,430,5,2,1,1.0,3.0,93055,M,,,93
201100049275,11,12,7,1720,5,2,1,1.0,7.0,93055,M,,,93
201100049276,11,12,7,1915,5,2,1,2.0,6.0,93055,M,,,93
201100049277,11,12,9,1445,1,2,3,1.0,1.0,93055,M,,,93
201100049278,11,12,10,945,1,2,2,1.0,6.0,93055,M,,,93
201100049279,11,12,11,2200,3,2,9,2.0,6.0,93055,M,,,93
201100049280,11,12,13,1330,1,2,4,1.0,7.0,93055,M,,,93
201100049281,11,12,22,800,1,2,1,8.0,6.0,93055,M,,,93
201100049282,11,12,22,1525,1,2,2,1.0,6.0,93055,M,,,93
201100049283,11,1,1,740,5,2,1,1.0,3.0,93077,M,,,93
201100049284,11,1,9,1227,1,1,1,1.0,6.0,93077,M,,,93
201100049285,11,1,12,855,2,2,3,3.0,3.0,93062,M,,,93
201100049286,11,1,14,820,1,2,2,1.0,3.0,93077,M,,,93
201100049287,11,1,19,800,1,2,3,1.0,3.0,93077,M,,,93
201100049288,11,1,28,1630,1,2,1,1.0,7.0,93062,M,,,93
201100049289,11,1,29,240,5,2,1,1.0,6.0,93062,M,,,93
201100049290,11,2,1,800,1,2,2,1.0,3.0,93077,M,,,93
201100049291,11,2,9,1340,1,2,1,1.0,3.0,93077,M,,,93
201100049292,11,2,9,1705,1,2,2,1.0,3.0,93077,M,,,93
201100049293,11,2,9,1755,5,2,1,1.0,1.0,93077,M,,,93
201100049294,11,2,10,1805,2,2,1,1.0,2.0,93062,M,,,93
201100049295,11,2,18,953,1,2,1,1.0,6.0,93062,M,,,93
201100049296,11,2,24,2010,5,2,2,1.0,3.0,93077,M,,,93
201100049297,11,2,27,1305,1,2,1,1.0,3.0,93077,M,,,93
201100049298,11,3,1,808,1,2,2,8.0,3.0,93062,M,,,93
201100049299,11,3,2,905,1,2,2,1.0,3.0,93077,M,,,93
201100049300,11,3,2,1453,1,2,6,1.0,3.0,93062,M,,,93
201100049301,11,3,8,1620,1,2,2,1.0,3.0,93077,M,,,93
201100049302,11,3,11,1620,1,2,2,1.0,3.0,93077,M,,,93
201100049303,11,3,12,1040,1,2,1,1.0,4.0,93062,M,,,93
201100049304,11,3,15,1915,5,2,1,1.0,2.0,93077,M,,,93
201100049305,11,3,16,2310,5,2,1,1.0,7.0,93077,M,,,93
201100049306,11,3,24,1730,1,2,3,1.0,2.0,93077,M,,,93
201100049307,11,3,31,1230,1,2,5,2.0,6.0,93077,M,,,93
201100049308,11,4,2,1230,1,2,1,1.0,6.0,93077,M,,,93
201100049309,11,4,7,1745,1,2,1,1.0,6.0,93077,M,,,93
201100049310,11,4,7,1745,1,2,2,1.0,6.0,93062,M,,,93
201100049311,11,4,22,1748,1,2,2,1.0,6.0,93077,M,,,93
201100049312,11,5,3,1330,1,1,2,1.0,3.0,93077,M,,,93
201100049313,11,5,3,1555,1,2,1,1.0,3.0,93077,M,,,93
201100049314,11,5,5,1230,1,2,1,1.0,6.0,93062,M,,,93
201100049315,11,5,7,1045,1,2,1,1.0,1.0,93062,M,,,93
201100049316,11,5,22,2030,1,2,2,1.0,3.0,93077,M,,,93
201100049317,11,5,24,1838,1,2,1,1.0,2.0,93077,M,,,93
201100049318,11,5,25,815,1,2,2,1.0,3.0,93077,M,,,93
201100049319,11,6,4,1050,1,2,2,1.0,6.0,93077,M,,,93
201100049320,11,6,7,1604,1,2,2,2.0,3.0,93077,M,,,93
201100049321,11,6,11,835,1,2,3,1.0,3.0,93062,M,,,93
201100049322,11,6,16,1620,1,2,6,1.0,6.0,93062,M,,,93
201100049323,11,6,17,1730,1,2,1,1.0,3.0,93077,M,,,93
201100049324,11,6,21,700,1,2,6,2.0,3.0,93077,M,,,93
201100049325,11,6,25,1405,1,2,2,1.0,3.0,93077,M,,,93
201100049326,11,6,28,1308,1,2,1,1.0,3.0,93077,M,,,93
201100049327,11,6,30,906,1,2,6,1.0,3.0,93077,M,,,93
201100049328,11,7,1,805,1,2,2,1.0,3.0,93077,M,,,93
201100049329,11,7,1,2250,5,2,1,1.0,1.0,93077,M,,,93
201100049330,11,7,4,735,1,2,3,1.0,3.0,93077,M,,,93
201100049331,11,7,5,1442,1,2,1,1.0,3.0,93062,M,,,93
201100049332,11,7,7,1410,1,2,2,8.0,7.0,93062,M,,,93
201100049333,11,7,12,1705,1,2,1,1.0,7.0,93077,M,,,93
201100049334,11,7,15,1430,1,2,2,1.0,7.0,93077,M,,,93
201100049335,11,7,17,1525,1,2,1,1.0,6.0,93077,M,,,93
201100049336,11,7,22,1949,1,2,2,8.0,7.0,93062,M,,,93
201100049337,11,8,2,1916,1,2,3,1.0,3.0,93062,M,,,93
201100049338,11,8,2,2135,3,2,2,2.0,3.0,93077,M,,,93
201100049339,11,8,4,604,1,2,1,1.0,3.0,93062,M,,,93
201100049340,11,8,13,1100,1,2,1,1.0,2.0,93077,M,,,93
201100049341,11,8,29,1030,1,2,5,1.0,6.0,93077,M,,,93
201100049342,11,8,30,2105,5,2,1,1.0,7.0,93062,M,,,93
201100049343,11,9,3,1852,1,2,1,1.0,2.0,93077,M,,,93
201100049344,11,9,7,2030,5,2,1,1.0,7.0,93077,M,,,93
201100049345,11,9,13,2130,5,2,1,1.0,2.0,93062,M,,,93
201100049346,11,9,14,855,1,2,1,1.0,7.0,93062,M,,,93
201100049347,11,9,17,230,5,2,1,1.0,7.0,93062,M,,,93
201100049348,11,9,28,740,1,2,6,1.0,7.0,93062,M,,,93
201100049349,11,9,29,1625,1,2,1,1.0,2.0,93062,M,,,93
201100049350,11,9,29,1705,1,2,5,1.0,7.0,93077,M,,,93
201100049351,11,10,14,855,1,2,1,1.0,7.0,93077,M,,,93
201100049352,11,10,15,1240,1,2,3,1.0,2.0,93062,M,,,93
201100049353,11,10,20,2055,5,2,1,1.0,3.0,93077,M,,,93
201100049354,11,10,26,1910,5,2,5,1.0,3.0,93077,M,,,93
201100049355,11,10,27,1130,1,2,1,1.0,3.0,93077,M,,,93
201100049356,11,11,19,1600,1,2,9,1.0,6.0,93077,M,,,93
201100049357,11,11,20,1425,1,2,3,1.0,6.0,93077,M,,,93
201100049358,11,11,25,2355,5,2,2,1.0,3.0,93077,M,,,93
201100049359,11,11,29,740,2,2,9,1.0,3.0,93077,M,,,93
201100049360,11,12,7,1500,1,2,1,3.0,2.0,93077,M,,,93
201100049361,11,12,8,1250,1,2,1,2.0,3.0,93062,M,,,93
201100049362,11,12,9,2030,5,2,3,1.0,3.0,93077,M,,,93
201100049363,11,12,11,2015,5,2,2,2.0,1.0,93077,M,,,93
201100049364,11,12,12,1955,5,2,3,1.0,6.0,93062,M,,,93
201100049365,11,12,13,1405,1,2,1,1.0,6.0,93062,M,,,93
201100049366,11,12,24,1655,2,2,1,1.0,1.0,93077,M,,,93
201100049367,11,12,31,1855,5,2,2,2.0,7.0,93077,M,,,93
201100049368,11,1,9,1430,1,2,5,1.0,6.0,93064,M,,,93
201100049369,11,1,13,1030,1,2,1,1.0,3.0,93064,M,,,93
201100049370,11,1,23,210,5,2,2,2.0,7.0,93064,M,,,93
201100049371,11,1,24,1720,1,2,6,2.0,7.0,93064,M,,,93
201100049372,11,1,28,1750,1,2,1,1.0,3.0,93064,M,,,93
201100049373,11,1,29,1750,1,1,1,1.0,6.0,93064,M,,,93
201100049374,11,3,21,1730,1,2,1,1.0,6.0,93064,M,,,93
201100049375,11,4,1,1655,1,2,3,1.0,2.0,93077,M,,,93
201100049376,11,2,2,1850,1,2,1,2.0,2.0,93064,M,,,93
201100049377,11,2,9,1730,1,2,1,1.0,6.0,93064,M,,,93
201100049378,11,2,18,2000,2,2,1,1.0,3.0,93064,M,,,93
201100049379,11,2,21,1210,1,2,1,1.0,6.0,93064,M,,,93
201100049380,11,3,5,1330,1,2,2,1.0,3.0,93064,M,,,93
201100049381,11,3,9,1755,1,2,1,1.0,6.0,93064,M,,,93
201100049382,11,4,8,1620,1,2,1,1.0,6.0,93064,M,,,93
201100049383,11,4,9,1950,2,2,1,1.0,6.0,93064,M,,,93
201100049384,11,5,9,935,1,2,1,1.0,3.0,93064,M,,,93
201100049385,11,5,10,1415,1,2,1,1.0,6.0,93064,M,,,93
201100049386,11,5,20,845,1,2,1,1.0,5.0,93064,M,,,93
201100049387,11,6,17,1600,1,2,1,1.0,2.0,93064,M,,,93
201100049388,11,6,21,1805,1,2,1,1.0,3.0,93064,M,,,93
201100049389,11,6,23,1500,1,2,1,1.0,2.0,93064,M,,,93
201100049390,11,6,28,750,2,2,2,1.0,3.0,93064,M,,,93
201100049391,11,6,30,815,1,2,3,1.0,3.0,93064,M,,,93
201100049392,11,6,9,40,5,1,1,1.0,7.0,93064,M,,,93
201100049393,11,7,6,2000,2,2,1,1.0,4.0,93064,M,,,93
201100049394,11,7,16,1945,1,2,1,2.0,2.0,93064,M,,,93
201100049395,11,7,23,1500,1,2,1,2.0,3.0,93064,M,,,93
201100049396,11,7,28,1440,1,2,1,2.0,7.0,93064,M,,,93
201100049397,11,7,30,310,5,2,1,1.0,7.0,93064,M,,,93
201100049398,11,8,2,1455,1,2,1,1.0,1.0,93064,M,,,93
201100049399,11,8,19,900,1,2,1,1.0,6.0,93064,M,,,93
201100049400,11,9,19,1315,1,2,1,1.0,6.0,93064,M,,,93
201100049401,11,9,22,1520,1,2,5,1.0,6.0,93064,M,,,93
201100049402,11,10,1,2135,5,1,1,2.0,6.0,93064,M,,,93
201100049403,11,10,12,1450,1,2,2,1.0,3.0,93064,M,,,93
201100049404,11,10,15,520,5,2,1,1.0,2.0,93064,M,,,93
201100049405,11,10,15,1215,1,2,1,1.0,4.0,93064,M,,,93
201100049406,11,10,24,1810,5,2,1,1.0,2.0,93064,M,,,93
201100049407,11,10,31,1530,1,1,1,1.0,1.0,93064,M,,,93
201100049408,11,12,14,750,5,2,3,8.0,3.0,93064,M,,,93
201100049409,11,11,13,2115,5,2,2,1.0,6.0,93064,M,,,93
201100049410,11,12,3,1330,1,2,1,2.0,6.0,93064,M,,,93
201100049411,11,12,3,1355,1,1,1,1.0,6.0,93064,M,,,93
201100049412,11,12,6,2020,5,2,1,2.0,6.0,93064,M,,,93
201100049413,11,12,23,2045,5,2,1,2.0,6.0,93064,M,,,93
201100049414,11,12,26,1110,1,2,1,1.0,3.0,93064,M,,,93
201100049415,11,1,5,1615,1,2,1,8.0,6.0,93066,M,,,93
201100049416,11,1,5,2215,5,2,1,3.0,6.0,93066,M,,,93
201100049417,11,1,8,1810,5,2,1,2.0,4.0,93066,M,,,93
201100049418,11,1,9,300,5,2,1,2.0,3.0,93066,M,,,93
201100049419,11,1,8,1340,1,2,2,8.0,3.0,93066,M,,,93
201100049420,11,1,15,2338,5,2,2,1.0,3.0,93066,M,,,93
201100049421,11,1,18,1555,1,2,1,1.0,1.0,93066,M,,,93
201100049422,11,1,19,825,1,2,1,1.0,3.0,93066,M,,,93
201100049423,11,1,21,655,5,2,1,1.0,3.0,93066,M,,,93
201100049424,11,1,24,905,1,2,3,2.0,6.0,93066,M,,,93
201100049425,11,1,24,1931,5,1,5,9.0,3.0,93066,M,,,93
201100049426,11,1,29,100,5,2,1,1.0,2.0,93066,M,,,93
201100049427,11,1,29,1100,1,2,1,1.0,6.0,93066,M,,,93
201100049428,11,1,29,1630,1,2,1,1.0,3.0,93066,M,,,93
201100049429,11,1,29,2015,5,2,1,1.0,5.0,93066,M,,,93
201100049430,11,1,30,1650,1,2,2,1.0,3.0,93066,M,,,93
201100049431,11,2,1,710,2,2,1,1.0,3.0,93066,M,,,93
201100049432,11,2,3,1100,1,2,2,1.0,3.0,93066,M,,,93
201100049433,11,2,4,1425,1,2,1,1.0,3.0,93066,M,,,93
201100049434,11,2,7,1700,1,2,2,1.0,3.0,93039,M,,,93
201100049435,11,2,8,640,5,1,1,1.0,4.0,93066,M,,,93
201100049436,11,2,8,650,1,2,1,1.0,7.0,93066,M,,,93
201100049437,11,2,8,1800,5,2,1,1.0,7.0,93066,M,,,93
201100049438,11,2,15,2020,5,2,1,1.0,6.0,93066,M,,,93
201100049439,11,2,20,1505,1,2,1,1.0,5.0,93066,M,,,93
201100049440,11,2,25,1555,1,2,1,1.0,6.0,93066,M,,,93
201100049441,11,2,27,1620,1,2,1,1.0,2.0,93066,M,,,93
201100049442,11,2,28,1900,2,2,1,8.0,5.0,93066,M,,,93
201100049443,11,3,2,1345,1,2,1,1.0,6.0,93066,M,,,93
201100049444,11,3,3,1020,1,2,2,1.0,3.0,93066,M,,,93
201100049445,11,3,3,1410,1,2,1,1.0,6.0,93066,M,,,93
201100049446,11,3,6,1420,1,2,1,1.0,7.0,93066,M,,,93