Num_Acc,an,mois,jour,hrmn,lum,agg,int,atm,col,com,gps,lat,long,dep
201100049447,11,3,15,1100,1,2,1,1.0,3.0,93066,M,,,93
201100049448,11,3,19,1225,1,2,1,1.0,6.0,93066,M,,,93
201100049449,11,3,20,1415,1,2,3,1.0,3.0,93066,M,,,93
201100049450,11,3,20,1655,1,2,1,1.0,1.0,93066,M,,,93
201100049451,11,3,22,1515,1,2,1,1.0,1.0,93066,M,,,93
201100049452,11,3,23,1350,1,2,3,1.0,3.0,93066,M,,,93
201100049453,11,3,23,1820,1,2,1,1.0,6.0,93066,M,,,93
201100049454,11,3,24,945,1,2,1,1.0,3.0,93066,M,,,93
201100049455,11,3,25,800,1,2,1,1.0,5.0,93066,M,,,93
201100049456,11,3,25,1310,1,2,3,1.0,4.0,93066,M,,,93
201100049457,11,3,27,950,1,2,3,1.0,7.0,93066,M,,,93
201100049458,11,3,25,1545,1,2,3,1.0,3.0,93066,M,,,93
201100049459,11,3,28,1041,1,2,3,1.0,3.0,93066,M,,,93
201100049460,11,4,1,825,1,2,2,1.0,6.0,93066,M,,,93
201100049461,11,4,1,1910,1,2,2,1.0,7.0,93066,M,,,93
201100049462,11,4,3,100,5,2,2,1.0,4.0,93066,M,,,93
201100049463,11,4,5,115,5,2,3,1.0,3.0,93066,M,,,93
201100049464,11,4,5,355,5,2,1,1.0,3.0,93066,M,,,93
201100049465,11,4,5,1500,1,2,1,1.0,6.0,93066,M,,,93
201100049466,11,4,6,1215,1,2,1,1.0,7.0,93066,M,,,93
201100049467,11,4,6,1315,1,2,1,1.0,7.0,93066,M,,,93
201100049468,11,4,5,1750,1,2,1,1.0,6.0,93066,M,,,93
201100049469,11,4,8,2045,3,2,1,1.0,7.0,93066,M,,,93
201100049470,11,4,8,1850,1,2,1,1.0,6.0,93066,M,,,93
201100049471,11,4,9,2115,5,2,1,1.0,6.0,93066,M,,,93
201100049472,11,4,10,1315,1,2,2,1.0,3.0,93066,M,,,93
201100049473,11,4,10,1630,1,2,1,1.0,6.0,93039,M,,,93
201100049474,11,4,11,2040,5,2,3,1.0,3.0,93066,M,,,93
201100049475,11,4,14,1625,1,2,1,1.0,2.0,93066,M,,,93
201100049476,11,4,14,1930,1,2,1,1.0,6.0,93039,M,,,93
201100049477,11,4,16,838,1,2,2,1.0,3.0,93066,M,,,93
201100049478,11,4,22,235,5,2,2,1.0,3.0,93066,M,,,93
201100049479,11,4,22,1425,1,2,1,1.0,6.0,93066,M,,,93
201100049480,11,4,23,1545,1,2,1,1.0,7.0,93066,M,,,93
201100049481,11,4,24,2250,5,2,4,1.0,7.0,93066,M,,,93
201100049482,11,4,24,1620,1,2,1,1.0,6.0,93066,M,,,93
201100049483,11,4,24,1950,1,2,1,1.0,2.0,93066,M,,,93
201100049484,11,4,26,1720,1,2,2,1.0,6.0,93066,M,,,93
201100049485,11,4,26,1800,1,2,3,1.0,3.0,93066,M,,,93
201100049486,11,4,27,800,1,2,1,1.0,7.0,93066,M,,,93
201100049487,11,4,27,1300,1,2,1,1.0,6.0,93066,M,,,93
201100049488,11,4,27,1500,1,2,1,1.0,1.0,93066,M,,,93
201100049489,11,4,27,1930,1,2,3,1.0,7.0,93066,M,,,93
201100049490,11,4,29,1140,1,2,1,2.0,6.0,93066,M,,,93
201100049491,11,4,30,145,5,2,1,1.0,1.0,93066,M,,,93
201100049492,11,5,2,1345,1,2,1,1.0,6.0,93066,M,,,93
201100049493,11,4,29,2100,3,2,9,1.0,1.0,93066,M,,,93
201100049494,11,5,3,1555,1,2,1,1.0,1.0,93066,M,,,93
201100049495,11,5,3,1730,1,2,3,1.0,3.0,93066,M,,,93
201100049496,11,5,3,1950,1,2,1,1.0,3.0,93066,M,,,93
201100049497,11,5,6,1400,1,2,2,1.0,3.0,93066,M,,,93
201100049498,11,5,10,2050,2,2,1,8.0,3.0,93066,M,,,93
201100049499,11,5,10,310,5,2,1,1.0,7.0,93039,M,,,93
201100049500,11,5,8,30,5,2,1,1.0,2.0,93066,M,,,93
201100049501,11,5,11,920,1,2,2,1.0,3.0,93066,M,,,93
201100049502,11,5,11,1055,1,2,2,1.0,6.0,93039,M,,,93
201100049503,11,5,12,1550,1,2,1,1.0,3.0,93066,M,,,93
201100049504,11,5,13,2145,5,2,2,1.0,7.0,93066,M,,,93
201100049505,11,5,14,1600,1,2,2,1.0,3.0,93066,M,,,93
201100049506,11,5,14,1550,1,2,1,1.0,3.0,93066,M,,,93
201100049507,11,5,16,800,1,2,1,1.0,6.0,93066,M,,,93
201100049508,11,5,16,1420,1,2,1,1.0,3.0,93066,M,,,93
201100049509,11,5,16,1840,1,2,1,1.0,3.0,93066,M,,,93
201100049510,11,5,1,100,5,2,2,1.0,3.0,93066,M,,,93
201100049511,11,5,18,910,1,2,1,1.0,3.0,93066,M,,,93
201100049512,11,5,17,2015,1,2,1,1.0,3.0,93066,M,,,93
201100049513,11,5,18,1930,1,2,1,1.0,6.0,93066,M,,,93
201100049514,11,5,20,1635,1,2,1,1.0,6.0,93066,M,,,93
201100049515,11,5,20,1950,1,2,1,1.0,3.0,93066,M,,,93
201100049516,11,5,21,945,1,2,2,1.0,1.0,93066,M,,,93
201100049517,11,5,23,1600,1,2,2,1.0,6.0,93066,M,,,93
201100049518,11,5,24,1700,1,2,1,1.0,3.0,93066,M,,,93
201100049519,11,5,25,1510,1,2,2,1.0,2.0,93066,M,,,93
201100049520,11,5,27,735,1,2,1,1.0,3.0,93066,M,,,93
201100049521,11,5,28,2015,2,2,3,1.0,3.0,93066,M,,,93
201100049522,11,5,31,1745,1,2,2,1.0,5.0,93066,M,,,93
201100049523,11,6,1,2020,1,2,1,1.0,5.0,93066,M,,,93
201100049524,11,6,2,2100,2,2,1,1.0,6.0,93039,M,,,93
201100049525,11,6,3,1700,1,2,1,1.0,7.0,93066,M,,,93
201100049526,11,6,4,1315,1,2,2,1.0,1.0,93066,M,,,93
201100049527,11,6,5,1935,1,2,1,1.0,2.0,93066,M,,,93
201100049528,11,6,7,1615,1,2,1,2.0,1.0,93039,M,,,93
201100049529,11,6,7,2045,1,2,1,1.0,3.0,93066,M,,,93
201100049530,11,6,8,1630,1,2,1,1.0,3.0,93066,M,,,93
201100049531,11,6,16,1100,1,2,2,1.0,3.0,93066,M,,,93
201100049532,11,6,16,1950,1,2,2,1.0,2.0,93066,M,,,93
201100049533,11,6,17,1005,1,2,1,1.0,2.0,93066,M,,,93
201100049534,11,6,17,1920,1,2,1,2.0,6.0,93066,M,,,93
201100049535,11,6,21,1705,1,2,3,1.0,3.0,93066,M,,,93
201100049536,11,6,22,1010,1,2,4,3.0,3.0,93066,M,,,93
201100049537,11,6,22,1330,1,2,1,1.0,6.0,93066,M,,,93
201100049538,11,6,24,840,1,2,2,1.0,6.0,93066,M,,,93
201100049539,11,6,24,1720,1,2,1,1.0,2.0,93066,M,,,93
201100049540,11,6,25,1535,1,2,3,1.0,3.0,93066,M,,,93
201100049541,11,6,27,2145,1,2,2,1.0,6.0,93066,M,,,93
201100049542,11,7,1,1110,1,2,1,1.0,2.0,93066,M,,,93
201100049543,11,7,5,1315,1,2,1,1.0,6.0,93066,M,,,93
201100049544,11,7,6,1245,1,1,2,1.0,6.0,93066,M,,,93
201100049545,11,7,10,1505,1,1,1,1.0,3.0,93066,M,,,93
201100049546,11,7,10,800,1,2,1,1.0,3.0,93039,M,,,93
201100049547,11,7,9,1540,1,2,1,1.0,6.0,93066,M,,,93
201100049548,11,7,12,1230,1,2,1,1.0,2.0,93066,M,,,93
201100049549,11,7,12,1250,1,2,2,1.0,3.0,93066,M,,,93
201100049550,11,7,13,25,5,2,1,2.0,3.0,93066,M,,,93
201100049551,11,7,13,1230,1,2,2,1.0,3.0,93066,M,,,93
201100049552,11,7,16,1540,1,2,1,2.0,5.0,93066,M,,,93
201100049553,11,7,18,550,1,2,2,1.0,3.0,93066,M,,,93
201100049554,11,7,19,2010,1,2,6,8.0,7.0,93066,M,,,93
201100049555,11,7,21,800,1,2,1,2.0,3.0,93066,M,,,93
201100049556,11,7,22,840,1,2,2,1.0,3.0,93066,M,,,93
201100049557,11,7,22,1240,1,2,1,1.0,6.0,93066,M,,,93
201100049558,11,7,22,1910,2,2,2,2.0,3.0,93066,M,,,93
201100049559,11,7,24,1515,1,2,1,1.0,2.0,93066,M,,,93
201100049560,11,7,28,2245,5,2,3,1.0,3.0,93066,M,,,93
201100049561,11,7,29,2040,1,2,2,1.0,3.0,93066,M,,,93
201100049562,11,7,29,2215,5,2,1,1.0,6.0,93066,M,,,93
201100049563,11,7,30,1620,1,2,2,1.0,3.0,93066,M,,,93
201100049564,11,8,1,805,1,2,1,1.0,2.0,93066,M,,,93
201100049565,11,8,7,1830,1,2,1,1.0,7.0,93066,M,,,93
201100049566,11,8,7,2200,5,2,8,3.0,3.0,93066,M,,,93
201100049567,11,8,7,2225,5,2,1,2.0,4.0,93066,M,,,93
201100049568,11,8,8,900,1,2,2,1.0,3.0,93066,M,,,93
201100049569,11,8,9,1455,1,2,3,1.0,6.0,93066,M,,,93
201100049570,11,8,10,1750,1,2,2,1.0,6.0,93066,M,,,93
201100049571,11,8,11,1800,1,2,1,1.0,3.0,93066,M,,,93
201100049572,11,8,11,1755,1,2,2,1.0,3.0,93066,M,,,93
201100049573,11,8,12,2245,4,2,1,1.0,2.0,93066,M,,,93
201100049574,11,8,13,1215,1,2,1,3.0,6.0,93066,M,,,93
201100049575,11,8,14,2100,5,2,2,1.0,3.0,93066,M,,,93
201100049576,11,8,15,315,5,2,1,1.0,7.0,93066,M,,,93
201100049577,11,8,16,1000,1,2,1,1.0,2.0,93066,M,,,93
201100049578,11,8,16,1300,1,2,3,1.0,3.0,93066,M,,,93
201100049579,11,8,17,1640,1,2,1,1.0,5.0,93039,M,,,93
201100049580,11,8,17,2200,5,2,1,1.0,7.0,93066,M,,,93
201100049581,11,8,19,1635,1,2,1,1.0,3.0,93066,M,,,93
201100049582,11,8,20,1300,1,2,1,1.0,7.0,93066,M,,,93
201100049583,11,8,24,1215,1,2,1,1.0,2.0,93066,M,,,93
201100049584,11,8,23,2015,1,2,1,1.0,3.0,93066,M,,,93
201100049585,11,8,25,905,1,2,8,1.0,4.0,93066,M,,,93
201100049586,11,8,25,1730,1,1,1,1.0,3.0,93039,M,,,93
201100049587,11,8,26,225,5,2,1,1.0,6.0,93066,M,,,93
201100049588,11,8,26,810,1,2,1,2.0,5.0,93066,M,,,93
201100049589,11,8,26,1730,1,2,1,1.0,3.0,93066,M,,,93
201100049590,11,8,27,1730,1,2,2,8.0,3.0,93066,M,,,93
201100049591,11,8,28,220,5,2,1,1.0,2.0,93066,M,,,93
201100049592,11,8,30,1930,1,2,1,1.0,6.0,93066,M,,,93
201100049593,11,8,31,1145,1,1,1,1.0,6.0,93066,M,,,93
201100049594,11,9,1,1645,1,2,1,1.0,7.0,93066,M,,,93
201100049595,11,9,4,2120,5,2,2,1.0,3.0,93039,M,,,93
201100049596,11,9,5,1015,1,2,1,1.0,6.0,93066,M,,,93
201100049597,11,9,5,1025,1,2,1,1.0,6.0,93066,M,,,93
201100049598,11,9,5,1745,1,2,1,1.0,6.0,93066,M,,,93
201100049599,11,9,6,1440,1,2,1,1.0,5.0,93066,M,,,93
201100049600,11,9,7,1555,1,2,1,1.0,6.0,93066,M,,,93
201100049601,11,9,10,1645,1,2,6,1.0,3.0,93066,M,,,93
201100049602,11,9,10,1850,1,2,1,1.0,6.0,93066,M,,,93
201100049603,11,9,11,1425,1,2,1,1.0,6.0,93066,M,,,93
201100049604,11,9,14,1455,1,2,1,1.0,3.0,93066,M,,,93
201100049605,11,9,15,938,1,2,1,1.0,3.0,93066,M,,,93
201100049606,11,9,15,925,1,2,4,1.0,3.0,93066,M,,,93
201100049607,11,9,15,1155,1,2,1,1.0,3.0,93066,M,,,93
201100049608,11,9,16,1440,1,2,3,1.0,3.0,93039,M,,,93
201100049609,11,9,20,1615,1,2,1,1.0,3.0,93066,M,,,93
201100049610,11,9,21,1515,1,2,1,1.0,6.0,93066,M,,,93
201100049611,11,9,22,1141,1,2,1,1.0,3.0,93066,M,,,93
201100049612,11,9,23,1830,1,2,2,1.0,3.0,93066,M,,,93
201100049613,11,9,23,2030,5,2,1,1.0,6.0,93066,M,,,93
201100049614,11,9,28,1830,1,2,1,1.0,6.0,93066,M,,,93
201100049615,11,9,29,1350,1,2,8,1.0,4.0,93066,M,,,93
201100049616,11,9,30,1026,1,2,5,1.0,3.0,93066,M,,,93
201100049617,11,10,2,1315,1,2,1,1.0,6.0,93066,M,,,93
201100049618,11,10,3,2300,5,2,3,1.0,3.0,93066,M,,,93
201100049619,11,10,7,900,1,2,1,1.0,1.0,93066,M,,,93
201100049620,11,10,13,1600,1,2,1,1.0,6.0,93066,M,,,93
201100049621,11,10,13,1750,1,2,1,1.0,3.0,93066,M,,,93
201100049622,11,10,14,1610,1,2,2,1.0,3.0,93066,M,,,93
201100049623,11,10,15,1850,1,2,1,1.0,6.0,93066,M,,,93
201100049624,11,10,16,1540,1,2,1,1.0,3.0,93066,M,,,93
201100049625,11,10,17,2300,5,2,1,1.0,6.0,93066,M,,,93
201100049626,11,10,19,830,1,2,2,2.0,3.0,93066,M,,,93
201100049627,11,10,20,935,1,2,1,1.0,3.0,93066,M,,,93
201100049628,11,10,20,2000,5,2,1,1.0,6.0,93066,M,,,93
201100049629,11,10,24,725,5,2,1,1.0,6.0,93066,M,,,93
201100049630,11,10,26,1120,1,2,1,1.0,6.0,93066,M,,,93
201100049631,11,10,26,1520,1,2,2,1.0,3.0,93066,M,,,93
201100049632,11,10,27,700,5,2,1,1.0,3.0,93066,M,,,93
201100049633,11,10,30,500,5,2,1,1.0,2.0,93066,M,,,93
201100049634,11,10,29,2100,5,2,1,3.0,4.0,93066,M,,,93
201100049635,11,11,1,1850,3,2,2,2.0,3.0,93066,M,,,93
201100049636,11,11,4,950,1,2,1,1.0,6.0,93066,M,,,93
201100049637,11,11,6,2020,5,2,1,1.0,3.0,93066,M,,,93
201100049638,11,11,11,950,1,2,1,8.0,2.0,93066,M,,,93
201100049639,11,11,10,1825,5,2,1,1.0,7.0,93066,M,,,93
201100049640,11,11,12,1445,1,2,4,1.0,3.0,93066,M,,,93
201100049641,11,11,14,1230,1,2,1,1.0,2.0,93066,M,,,93
201100049642,11,11,15,940,1,2,1,1.0,2.0,93066,M,,,93
201100049643,11,11,16,1550,1,2,2,1.0,3.0,93066,M,,,93
201100049644,11,11,18,840,1,2,3,1.0,2.0,93066,M,,,93
201100049645,11,11,19,2200,4,2,1,1.0,6.0,93066,M,,,93
201100049646,11,11,21,1345,1,2,1,1.0,4.0,93066,M,,,93
201100049647,11,11,24,1410,1,2,1,1.0,3.0,93066,M,,,93
201100049648,11,11,25,1830,5,2,1,1.0,6.0,93066,M,,,93
201100049649,11,11,29,940,1,2,4,1.0,1.0,93066,M,,,93
201100049650,11,11,30,1045,1,2,1,1.0,3.0,93066,M,,,93
201100049651,11,11,30,920,1,2,1,1.0,6.0,93066,M,,,93
201100049652,11,12,2,655,5,2,2,2.0,6.0,93066,M,,,93
201100049653,11,12,2,1245,1,2,1,1.0,6.0,93066,M,,,93
201100049654,11,12,2,2024,5,2,1,1.0,2.0,93066,M,,,93
201100049655,11,12,3,1600,1,2,2,2.0,3.0,93066,M,,,93
201100049656,11,12,11,1625,1,2,1,2.0,7.0,93066,M,,,93
201100049657,11,12,13,725,5,2,6,2.0,7.0,93066,M,,,93
201100049658,11,12,13,850,1,2,1,3.0,6.0,93066,M,,,93
201100049659,11,12,16,850,1,2,1,2.0,6.0,93039,M,,,93
201100049660,11,12,19,613,5,2,1,9.0,3.0,93066,M,,,93
201100049661,11,12,19,930,1,1,1,4.0,2.0,93066,M,,,93
201100049662,11,12,19,1410,1,2,1,8.0,6.0,93066,M,,,93
201100049663,11,12,19,1945,5,2,1,2.0,2.0,93066,M,,,93
201100049664,11,12,19,2255,5,2,3,2.0,3.0,93066,M,,,93
201100049665,11,12,15,1454,1,2,1,1.0,6.0,93066,M,,,93
201100049666,11,12,23,940,1,2,1,1.0,3.0,93066,M,,,93
201100049667,11,12,23,2145,3,2,1,3.0,6.0,93066,M,,,93
201100049668,11,12,26,1900,3,2,1,1.0,6.0,93066,M,,,93
201100049669,11,12,28,1130,1,2,1,1.0,6.0,93066,M,,,93
201100049670,11,12,28,1655,2,2,1,8.0,3.0,93066,M,,,93
201100049671,11,12,26,1945,5,2,1,1.0,3.0,93066,M,,,93
201100049672,11,1,2,2100,5,2,1,1.0,3.0,93070,M,,,93
201100049673,11,1,4,1135,1,2,1,1.0,6.0,93070,M,,,93
201100049674,11,1,5,830,1,2,2,1.0,7.0,93070,M,,,93
201100049675,11,1,5,2040,5,2,1,3.0,1.0,93070,M,,,93
201100049676,11,1,14,1030,1,2,1,1.0,3.0,93070,M,,,93
201100049677,11,1,15,2200,5,2,3,1.0,2.0,93070,M,,,93
201100049678,11,1,19,1915,5,2,1,1.0,6.0,93070,M,,,93
201100049679,11,1,21,1,5,2,2,1.0,3.0,93070,M,,,93
201100049680,11,1,25,715,1,2,1,1.0,3.0,93070,M,,,93
201100049681,11,1,31,1800,5,2,3,1.0,3.0,93070,M,,,93
201100049682,11,2,7,1700,1,2,1,1.0,3.0,93070,M,,,93
201100049683,11,2,8,1700,1,2,1,1.0,3.0,93070,M,,,93
201100049684,11,2,23,1440,1,2,2,2.0,3.0,93070,M,,,93
201100049685,11,2,25,2130,5,2,1,2.0,3.0,93070,M,,,93
201100049686,11,2,27,1600,1,2,3,1.0,3.0,93070,M,,,93
201100049687,11,3,6,1840,2,2,1,1.0,6.0,93070,M,,,93
201100049688,11,2,19,615,2,2,3,1.0,2.0,93070,M,,,93
201100049689,11,3,7,1430,1,2,1,1.0,5.0,93070,M,,,93
201100049690,11,3,23,1415,1,2,3,1.0,2.0,93070,M,,,93
201100049691,11,3,23,1940,1,2,1,1.0,2.0,93070,M,,,93
201100049692,11,3,29,1415,1,2,1,1.0,3.0,93070,M,,,93
201100049693,11,4,4,1310,1,2,1,1.0,3.0,93070,M,,,93
201100049694,11,4,5,1825,1,2,2,1.0,3.0,93070,M,,,93
201100049695,11,4,11,2255,5,2,5,1.0,3.0,93070,M,,,93
201100049696,11,4,15,925,1,2,3,1.0,6.0,93070,M,,,93
201100049697,11,4,17,50,5,2,3,1.0,3.0,93070,M,,,93
201100049698,11,4,19,1845,1,2,3,7.0,6.0,93070,M,,,93
201100049699,11,4,21,1200,1,2,3,1.0,3.0,93070,M,,,93
201100049700,11,4,25,1050,1,2,3,1.0,3.0,93070,M,,,93
201100049701,11,5,4,850,1,2,1,1.0,1.0,93070,M,,,93
201100049702,11,5,7,1105,1,2,2,1.0,1.0,93070,M,,,93
201100049703,11,5,10,1815,1,2,1,1.0,6.0,93070,M,,,93
201100049704,11,5,14,407,5,2,1,1.0,3.0,93070,M,,,93
201100049705,11,5,14,1800,1,2,3,1.0,1.0,93070,M,,,93
201100049706,11,5,18,910,1,2,3,1.0,6.0,93070,M,,,93
201100049707,11,5,18,935,1,2,1,1.0,3.0,93070,M,,,93
201100049708,11,5,18,1130,1,2,1,1.0,3.0,93070,M,,,93
201100049709,11,5,25,1720,1,2,3,1.0,1.0,93070,M,,,93
201100049710,11,5,31,1730,1,2,1,1.0,3.0,93070,M,,,93
201100049711,11,5,31,1250,1,2,1,1.0,6.0,93070,M,,,93
201100049712,11,6,2,1730,1,2,1,1.0,6.0,93070,M,,,93
201100049713,11,6,7,800,1,2,1,2.0,3.0,93070,M,,,93
201100049714,11,6,7,1700,1,2,1,2.0,7.0,93070,M,,,93
201100049715,11,6,14,1645,1,2,1,1.0,7.0,93070,M,,,93
201100049716,11,6,24,1120,1,2,1,1.0,6.0,93070,M,,,93
201100049717,11,7,10,1700,1,2,1,1.0,3.0,93070,M,,,93
201100049718,11,7,11,1705,1,2,1,1.0,3.0,93070,M,,,93
201100049719,11,7,20,1150,1,2,2,8.0,7.0,93070,M,,,93
201100049720,11,7,23,1800,1,2,3,2.0,2.0,93070,M,,,93
201100049721,11,7,25,1515,1,2,1,1.0,3.0,93070,M,,,93
201100049722,11,7,26,2250,5,2,1,1.0,3.0,93070,M,,,93
201100049723,11,7,28,20,5,2,3,1.0,1.0,93070,M,,,93
201100049724,11,7,30,200,5,2,1,1.0,3.0,93070,M,,,93
201100049725,11,8,3,1020,1,2,2,2.0,6.0,93070,M,,,93
201100049726,11,8,8,1410,1,2,1,1.0,2.0,93070,M,,,93
201100049727,11,8,9,1655,1,2,2,1.0,3.0,93070,M,,,93
201100049728,11,8,11,2115,5,2,1,1.0,6.0,93070,M,,,93
201100049729,11,8,16,2130,5,2,1,1.0,3.0,93070,M,,,93
201100049730,11,8,25,2045,5,2,2,1.0,3.0,93070,M,,,93
201100049731,11,9,20,1430,1,2,1,1.0,3.0,93070,M,,,93
201100049732,11,9,23,730,1,1,1,1.0,6.0,93070,M,,,93
201100049733,11,9,23,1850,1,2,1,1.0,6.0,93070,M,,,93
201100049734,11,9,24,2200,4,2,2,1.0,2.0,93070,M,,,93
201100049735,11,10,4,1045,1,2,1,1.0,6.0,93070,M,,,93
201100049736,11,10,4,1800,1,2,1,1.0,6.0,93070,M,,,93
201100049737,11,10,7,1400,1,2,4,2.0,1.0,93070,M,,,93
201100049738,11,10,8,815,1,2,3,8.0,3.0,93070,M,,,93
201100049739,11,10,22,1210,1,2,1,1.0,6.0,93070,M,,,93
201100049740,11,10,23,1400,1,2,1,1.0,6.0,93070,M,,,93
201100049741,11,10,24,755,2,2,1,1.0,3.0,93070,M,,,93
201100049742,11,10,26,1700,1,2,1,1.0,5.0,93070,M,,,93
201100049743,11,10,30,240,3,2,2,8.0,2.0,93070,M,,,93
201100049744,11,10,31,1200,1,2,1,1.0,4.0,93070,M,,,93
201100049745,11,10,31,2145,5,2,4,1.0,7.0,93070,M,,,93
201100049746,11,11,2,1640,1,2,1,1.0,6.0,93070,M,,,93
201100049747,11,11,3,1430,1,2,1,2.0,3.0,93070,M,,,93
201100049748,11,11,10,1025,1,2,1,1.0,6.0,93070,M,,,93
201100049749,11,11,11,1600,1,2,1,8.0,6.0,93070,M,,,93
201100049750,11,11,22,1540,1,2,1,1.0,6.0,93070,M,,,93
201100049751,11,12,6,2200,5,2,1,2.0,6.0,93070,M,,,93
201100049752,11,12,17,1115,1,2,1,1.0,3.0,93070,M,,,93
201100049753,11,12,18,1600,1,2,3,1.0,3.0,93070,M,,,93
201100049754,11,9,8,605,2,2,1,1.0,6.0,93070,M,,,93
201100049755,11,9,8,1440,1,2,1,1.0,6.0,93070,M,,,93
201100049756,11,9,11,1411,1,2,1,2.0,3.0,93070,M,,,93
201100049757,11,9,12,1830,1,2,4,1.0,6.0,93070,M,,,93
201100049758,11,9,12,2150,5,2,1,1.0,6.0,93070,M,,,93
201100049759,11,3,15,755,1,2,1,1.0,6.0,93072,M,,,93
201100049760,11,1,14,2200,5,2,1,2.0,3.0,93072,M,,,93
201100049761,11,1,30,700,4,2,2,1.0,3.0,93072,M,,,93
201100049762,11,1,29,1600,1,2,2,1.0,6.0,93072,M,,,93
201100049763,11,2,13,2100,5,2,3,1.0,1.0,93059,M,,,93
201100049764,11,2,16,750,1,2,3,8.0,3.0,93072,M,,,93
201100049765,11,2,21,905,1,2,3,1.0,2.0,93072,M,,,93
201100049766,11,2,23,1620,1,2,3,2.0,3.0,93072,M,,,93
201100049767,11,3,1,730,1,2,3,1.0,3.0,93072,M,,,93
201100049768,11,3,27,1150,1,2,1,1.0,2.0,93072,M,,,93
201100049769,11,4,2,1644,1,2,3,1.0,3.0,93072,M,,,93
201100049770,11,4,22,1030,1,2,1,1.0,3.0,93072,M,,,93
201100049771,11,4,27,1435,1,2,1,1.0,6.0,93072,M,,,93
201100049772,11,5,5,1800,1,2,1,1.0,3.0,93072,M,,,93
201100049773,11,5,6,1445,1,2,1,1.0,1.0,93059,M,,,93
201100049774,11,5,16,1030,1,2,1,1.0,6.0,93059,M,,,93
201100049775,11,5,23,1240,1,2,1,1.0,5.0,93072,M,,,93
201100049776,11,5,13,1800,1,2,2,1.0,1.0,93072,M,,,93
201100049777,11,4,19,1130,1,2,1,1.0,3.0,93059,M,,,93
201100049778,11,6,1,1800,1,2,1,1.0,6.0,93072,M,,,93
201100049779,11,6,4,2240,5,2,1,2.0,2.0,93059,M,,,93
201100049780,11,6,12,610,2,2,1,1.0,6.0,93072,M,,,93
201100049781,11,6,26,540,1,2,1,1.0,6.0,93059,M,,,93
201100049782,11,6,25,2330,5,2,1,1.0,7.0,93072,M,,,93
201100049783,11,6,29,1845,1,2,1,1.0,6.0,93059,M,,,93
201100049784,11,6,30,1450,1,2,3,1.0,3.0,93072,M,,,93
201100049785,11,7,1,2225,5,2,1,1.0,4.0,93059,M,,,93
201100049786,11,6,30,1020,1,2,1,1.0,5.0,93059,M,,,93
201100049787,11,7,13,1000,1,2,1,2.0,3.0,93072,M,,,93
201100049788,11,8,4,10,5,2,2,1.0,3.0,93072,M,,,93
201100049789,11,8,16,125,5,2,3,1.0,3.0,93072,M,,,93
201100049790,11,7,7,1625,1,2,1,2.0,6.0,93059,M,,,93
201100049791,11,8,16,750,1,2,2,1.0,3.0,93072,M,,,93
201100049792,11,7,25,2030,1,2,1,1.0,3.0,93072,M,,,93
201100049793,11,9,2,1410,1,2,1,1.0,2.0,93072,M,,,93
201100049794,11,9,6,1520,1,2,1,1.0,6.0,93072,M,,,93
201100049795,11,9,14,1830,1,2,1,1.0,7.0,93059,M,,,93
201100049796,11,9,11,1120,1,2,1,2.0,3.0,93059,M,,,93
201100049797,11,9,14,2125,5,2,1,1.0,3.0,93072,M,,,93
201100049798,11,9,26,1430,1,2,1,1.0,6.0,93072,M,,,93
201100049799,11,9,27,1445,1,2,3,1.0,3.0,93072,M,,,93
201100049800,11,10,16,700,1,2,1,1.0,2.0,93059,M,,,93
201100049801,11,10,21,830,1,2,1,1.0,6.0,93072,M,,,93
201100049802,11,10,24,415,5,2,3,1.0,3.0,93072,M,,,93
201100049803,11,11,11,1500,1,2,1,1.0,5.0,93072,M,,,93
201100049804,11,11,16,1715,5,2,1,1.0,7.0,93059,M,,,93
201100049805,11,10,17,1715,1,2,1,1.0,6.0,93059,M,,,93
201100049806,11,11,4,915,1,2,2,1.0,3.0,93072,M,,,93
201100049807,11,11,22,1125,1,2,1,1.0,6.0,93072,M,,,93
201100049808,11,11,26,1330,1,2,1,1.0,1.0,93059,M,,,93
201100049809,11,11,28,950,1,2,1,1.0,6.0,93059,M,,,93
201100049810,11,12,10,820,1,2,3,1.0,6.0,93072,M,,,93
201100049811,11,10,30,900,1,2,3,1.0,2.0,93059,M,,,93
201100049812,11,10,20,1321,1,2,1,1.0,6.0,93072,M,,,93
201100049813,11,1,30,1400,1,2,2,1.0,6.0,93059,M,,,93
201100049814,11,10,21,1710,5,2,1,1.0,2.0,93059,M,,,93
201100049815,11,3,23,1805,1,2,1,1.0,6.0,93072,M,,,93
201100049816,11,1,14,1820,5,2,1,2.0,6.0,93072,M,,,93
201100049817,11,1,16,50,5,2,3,1.0,2.0,93072,M,,,93
201100049818,11,2,6,600,5,2,3,1.0,7.0,93072,M,,,93
201100049819,11,5,10,1515,1,2,1,1.0,6.0,93072,M,,,93
201100049820,11,1,9,1750,5,2,1,1.0,6.0,93078,M,,,93
201100049821,11,1,11,1005,1,2,2,2.0,6.0,93078,M,,,93
201100049822,11,1,14,915,1,2,1,1.0,6.0,93078,M,,,93
201100049823,11,1,20,830,1,2,1,1.0,6.0,93073,M,,,93
201100049824,11,1,25,803,1,2,1,1.0,6.0,93078,M,,,93
201100049825,11,1,31,1820,5,2,2,1.0,3.0,93078,M,,,93
201100049826,11,2,2,915,1,2,1,2.0,3.0,93073,M,,,93
201100049827,11,2,15,1925,5,2,2,2.0,3.0,93078,M,,,93
201100049828,11,2,23,900,1,2,3,1.0,3.0,93078,M,,,93
201100049829,11,3,7,1457,1,2,1,1.0,7.0,93073,M,,,93
201100049830,11,3,12,1225,1,2,2,1.0,3.0,93073,M,,,93
201100049831,11,3,24,1315,1,2,6,1.0,7.0,93073,M,,,93
201100049832,11,3,24,1820,1,2,5,1.0,1.0,93078,M,,,93