Num_Acc,an,mois,jour,hrmn,lum,agg,int,atm,col,com,gps,lat,long,dep
201100049833,11,4,1,2050,5,2,6,1.0,7.0,93073,M,,,93
201100049834,11,4,12,2005,1,2,2,1.0,1.0,93073,M,,,93
201100049835,11,4,14,1930,1,2,1,1.0,1.0,93073,M,,,93
201100049836,11,4,15,2140,5,2,6,1.0,6.0,93073,M,,,93
201100049837,11,4,16,1235,1,2,1,1.0,6.0,93078,M,,,93
201100049838,11,4,15,2028,1,2,2,1.0,7.0,93078,M,,,93
201100049839,11,4,18,2200,3,1,1,1.0,1.0,93078,M,,,93
201100049840,11,4,19,810,1,2,1,1.0,7.0,93073,M,,,93
201100049841,11,4,22,1558,1,2,1,1.0,3.0,93073,M,,,93
201100049842,11,4,27,1610,1,2,1,1.0,7.0,93078,M,,,93
201100049843,11,5,3,1215,1,2,1,1.0,6.0,93078,M,,,93
201100049844,11,5,4,915,1,2,7,1.0,6.0,93073,M,,,93
201100049845,11,5,6,1135,1,2,1,1.0,2.0,93078,M,,,93
201100049846,11,5,13,1715,1,2,1,1.0,6.0,93078,M,,,93
201100049847,11,5,16,900,1,2,2,1.0,2.0,93078,M,,,93
201100049848,11,5,21,830,1,2,2,1.0,3.0,93078,M,,,93
201100049849,11,5,23,1610,1,2,1,1.0,3.0,93078,M,,,93
201100049850,11,5,24,2030,1,2,1,1.0,6.0,93078,M,,,93
201100049851,11,5,25,1900,1,2,1,1.0,1.0,93073,M,,,93
201100049852,11,5,31,1230,1,2,1,1.0,3.0,93078,M,,,93
201100049853,11,6,1,1400,1,2,1,1.0,1.0,93078,M,,,93
201100049854,11,6,5,1310,1,2,1,1.0,2.0,93073,M,,,93
201100049855,11,6,14,1605,1,2,6,1.0,2.0,93078,M,,,93
201100049856,11,6,14,1735,1,2,1,1.0,6.0,93078,M,,,93
201100049857,11,6,16,1625,1,2,3,1.0,6.0,93078,M,,,93
201100049858,11,6,18,2340,5,2,1,1.0,2.0,93073,M,,,93
201100049859,11,6,23,1900,1,2,1,1.0,3.0,93073,M,,,93
201100049860,11,6,28,2000,1,2,2,1.0,3.0,93078,M,,,93
201100049861,11,6,29,1710,1,2,1,1.0,2.0,93073,M,,,93
201100049862,11,6,29,2110,1,2,6,1.0,1.0,93078,M,,,93
201100049863,11,6,30,1735,1,2,2,1.0,3.0,93073,M,,,93
201100049864,11,7,7,1405,1,2,6,1.0,3.0,93078,M,,,93
201100049865,11,7,10,1805,1,2,1,1.0,3.0,93078,M,,,93
201100049866,11,7,11,1445,1,2,6,1.0,2.0,93073,M,,,93
201100049867,11,7,12,1125,1,2,1,2.0,3.0,93078,M,,,93
201100049868,11,7,16,1600,1,1,1,1.0,3.0,93073,M,,,93
201100049869,11,7,27,1235,1,2,1,1.0,6.0,93073,M,,,93
201100049870,11,8,15,1445,1,2,2,1.0,3.0,93078,M,,,93
201100049871,11,8,17,530,5,2,1,1.0,7.0,93078,M,,,93
201100049872,11,8,22,2025,4,2,2,3.0,3.0,93073,M,,,93
201100049873,11,8,31,1920,1,2,1,1.0,2.0,93073,M,,,93
201100049874,11,9,4,1740,1,2,2,1.0,3.0,93073,M,,,93
201100049875,11,9,12,1300,1,2,1,1.0,3.0,93073,M,,,93
201100049876,11,9,12,1700,1,2,1,1.0,6.0,93073,M,,,93
201100049877,11,9,13,1950,2,2,1,1.0,6.0,93078,M,,,93
201100049878,11,9,18,1130,1,2,3,1.0,3.0,93078,M,,,93
201100049879,11,9,20,700,2,2,1,1.0,6.0,93073,M,,,93
201100049880,11,9,22,2030,5,2,1,1.0,6.0,93078,M,,,93
201100049881,11,9,22,1900,1,2,1,1.0,4.0,93078,M,,,93
201100049882,11,9,23,1520,1,2,2,1.0,3.0,93078,M,,,93
201100049883,11,9,23,1840,1,2,1,1.0,2.0,93073,M,,,93
201100049884,11,9,25,1735,1,2,6,1.0,2.0,93073,M,,,93
201100049885,11,9,26,1715,1,2,1,1.0,3.0,93078,M,,,93
201100049886,11,9,27,1400,1,2,1,1.0,6.0,93078,M,,,93
201100049887,11,9,29,1345,1,2,1,1.0,3.0,93078,M,,,93
201100049888,11,10,4,1810,1,2,1,1.0,3.0,93078,M,,,93
201100049889,11,10,5,1230,1,2,6,1.0,4.0,93078,M,,,93
201100049890,11,10,18,2100,5,1,1,2.0,3.0,93078,M,,,93
201100049891,11,10,14,1400,1,2,2,1.0,2.0,93073,M,,,93
201100049892,11,10,15,1155,1,2,4,1.0,6.0,93073,M,,,93
201100049893,11,10,21,1940,3,2,1,1.0,3.0,93078,M,,,93
201100049894,11,10,21,2330,5,2,1,1.0,3.0,93073,M,,,93
201100049895,11,10,27,915,1,2,1,1.0,3.0,93078,M,,,93
201100049896,11,10,31,1630,1,2,1,1.0,6.0,93078,M,,,93
201100049897,11,11,2,1830,5,2,1,1.0,3.0,93078,M,,,93
201100049898,11,11,3,1505,1,2,1,1.0,7.0,93073,M,,,93
201100049899,11,11,6,1720,2,2,6,1.0,3.0,93078,M,,,93
201100049900,11,11,14,1730,5,2,1,1.0,3.0,93073,M,,,93
201100049901,11,11,17,1905,2,2,4,1.0,3.0,93078,M,,,93
201100049902,11,11,27,1905,5,2,2,2.0,3.0,93073,M,,,93
201100049903,11,12,5,1305,1,2,1,1.0,6.0,93073,M,,,93
201100049904,11,12,10,1,5,2,2,1.0,3.0,93078,M,,,93
201100049905,11,12,12,1245,1,2,2,1.0,3.0,93073,M,,,93
201100049906,11,12,15,805,1,2,6,1.0,3.0,93073,M,,,93
201100049907,11,12,15,840,1,2,1,1.0,3.0,93073,M,,,93
201100049908,11,12,19,900,1,2,1,9.0,5.0,93073,M,,,93
201100049909,11,12,21,2220,5,2,1,2.0,1.0,93078,M,,,93
201100049910,11,2,22,1800,1,2,3,1.0,1.0,94002,M,4879680.0,242455.0,94
201100049911,11,3,25,1620,1,2,2,1.0,6.0,94002,M,4881460.0,241522.0,94
201100049912,11,4,1,1845,1,2,1,1.0,6.0,94002,M,4880540.0,242111.0,94
201100049913,11,4,8,1305,1,2,3,1.0,2.0,94002,M,4880840.0,241770.0,94
201100049914,11,4,11,1300,1,2,1,1.0,6.0,94002,M,4880510.0,241926.0,94
201100049915,11,5,19,1740,1,2,1,1.0,3.0,94002,M,4880850.0,241895.0,94
201100049916,11,5,23,830,1,2,5,1.0,3.0,94002,M,4879600.0,242658.0,94
201100049917,11,5,29,1710,1,2,1,1.0,3.0,94002,M,4880670.0,242287.0,94
201100049918,11,5,31,1740,1,2,1,1.0,6.0,94002,M,4878690.0,242512.0,94
201100049919,11,6,9,1725,1,2,1,1.0,6.0,94002,M,4879600.0,242507.0,94
201100049920,11,6,10,1105,1,2,1,2.0,6.0,94002,M,4879150.0,242570.0,94
201100049921,11,7,10,1800,1,2,1,1.0,6.0,94002,M,4878650.0,242999.0,94
201100049922,11,7,23,1340,1,2,1,3.0,7.0,94002,M,4878010.0,242871.0,94
201100049923,11,7,26,1720,1,2,1,1.0,3.0,94002,M,4881070.0,241672.0,94
201100049924,11,8,23,1930,1,2,3,1.0,6.0,94002,M,4880480.0,241948.0,94
201100049925,11,8,31,900,1,2,4,1.0,3.0,94002,M,4881450.0,241193.0,94
201100049926,11,9,5,1820,1,2,2,1.0,3.0,94002,M,,,94
201100049927,11,9,23,745,1,2,1,1.0,6.0,94002,M,,,94
201100049928,11,9,26,1540,1,2,1,1.0,4.0,94002,M,,,94
201100049929,11,11,9,1505,1,2,1,1.0,6.0,94002,M,,,94
201100049930,11,11,17,830,1,2,1,1.0,7.0,94002,M,,,94
201100049931,11,11,19,1045,1,2,2,1.0,6.0,94002,M,,,94
201100049932,11,11,21,900,1,2,1,1.0,6.0,94002,M,,,94
201100049933,11,11,25,915,1,2,1,1.0,6.0,94002,M,,,94
201100049934,11,11,25,1420,1,2,1,2.0,2.0,94002,M,,,94
201100049935,11,12,3,1450,1,2,1,2.0,6.0,94002,M,,,94
201100049936,11,12,14,1950,5,2,1,1.0,2.0,94002,M,,,94
201100049937,11,12,21,1115,1,2,3,2.0,3.0,94002,M,,,94
201100049938,11,12,28,2120,5,2,2,1.0,3.0,94002,M,,,94
201100049939,11,10,1,1630,1,1,1,1.0,2.0,94047,M,,,94
201100049940,11,10,1,1900,1,2,1,1.0,6.0,94044,M,,,94
201100049941,11,10,3,810,1,2,1,1.0,6.0,94071,M,,,94
201100049942,11,10,3,1330,1,1,1,1.0,3.0,94004,M,,,94
201100049943,11,10,6,1730,1,2,1,1.0,6.0,94004,M,,,94
201100049944,11,10,9,1640,1,1,3,2.0,5.0,94075,M,,,94
201100049945,11,10,10,1445,1,2,1,1.0,7.0,94071,M,,,94
201100049946,11,10,11,1015,1,2,1,1.0,6.0,94071,M,,,94
201100049947,11,10,11,1110,1,1,2,1.0,2.0,94048,M,,,94
201100049948,11,10,11,2330,5,2,2,1.0,3.0,94004,M,,,94
201100049949,11,10,13,1115,1,2,1,1.0,7.0,94071,M,,,94
201100049950,11,10,13,900,1,2,1,1.0,3.0,94071,M,,,94
201100049951,11,10,14,1210,1,2,3,1.0,2.0,94044,M,,,94
201100049952,11,10,17,2050,5,2,1,1.0,7.0,94044,M,,,94
201100049953,11,10,17,2145,5,2,6,1.0,3.0,94048,M,,,94
201100049954,11,10,19,940,1,2,2,7.0,6.0,94071,M,,,94
201100049955,11,10,19,1235,1,2,1,1.0,6.0,94071,M,,,94
201100049956,11,10,19,1945,5,2,3,1.0,3.0,94047,M,,,94
201100049957,11,10,20,1730,1,2,1,1.0,1.0,94044,M,,,94
201100049958,11,10,20,1950,5,2,3,1.0,3.0,94048,M,,,94
201100049959,11,10,21,1510,1,2,1,1.0,6.0,94004,M,,,94
201100049960,11,10,25,1600,1,2,1,1.0,6.0,94047,M,,,94
201100049961,11,10,25,2030,5,2,1,1.0,7.0,94075,M,,,94
201100049962,11,10,28,705,5,2,1,1.0,7.0,94004,M,,,94
201100049963,11,1,1,1845,5,2,6,2.0,3.0,94071,M,4877460.0,251093.0,94
201100049964,11,1,7,1635,1,1,3,8.0,3.0,94075,M,4873440.0,252044.0,94
201100049965,11,11,7,900,1,2,1,1.0,3.0,94044,M,,,94
201100049966,11,11,8,1100,1,2,3,8.0,3.0,94004,M,,,94
201100049967,11,1,10,1910,5,2,1,1.0,1.0,94071,M,4877320.0,252510.0,94
201100049968,11,11,10,820,1,2,1,8.0,3.0,94044,M,,,94
201100049969,11,1,13,1500,1,2,3,2.0,6.0,94044,M,4874300.0,250069.0,94
201100049970,11,11,16,810,1,2,1,1.0,3.0,94075,M,,,94
201100049971,11,11,17,1215,1,2,3,2.0,3.0,94071,M,,,94
201100049972,11,11,17,2220,5,2,1,1.0,7.0,94075,M,,,94
201100049973,11,11,18,1940,5,2,4,1.0,3.0,94004,M,,,94
201100049974,11,1,21,1325,1,2,2,1.0,6.0,94004,M,4875820.0,250336.0,94
201100049975,11,11,21,805,1,2,4,1.0,1.0,94075,M,,,94
201100049976,11,11,21,1625,1,1,1,1.0,6.0,94075,M,,,94
201100049977,11,11,21,1905,5,2,2,1.0,7.0,94004,M,,,94
201100049978,11,1,25,950,1,2,2,1.0,3.0,94070,M,4871990.0,256629.0,94
201100049979,11,11,25,840,1,2,2,1.0,3.0,94070,M,,,94
201100049980,11,1,27,2105,5,2,3,8.0,7.0,94044,M,4874150.0,248234.0,94
201100049981,11,1,28,1130,1,2,3,1.0,2.0,94075,M,4872750.0,253101.0,94
201100049982,11,1,28,2035,5,2,1,1.0,6.0,94071,M,4877380.0,251073.0,94
201100049983,11,1,30,215,5,2,1,1.0,3.0,94071,M,4878390.0,251566.0,94
201100049984,11,11,30,2325,5,2,2,1.0,3.0,94004,M,,,94
201100049985,11,1,30,1600,1,2,2,1.0,6.0,94071,M,4876990.0,251750.0,94
201100049986,11,2,1,930,1,2,1,4.0,1.0,94075,M,4873270.0,251270.0,94
201100049987,11,12,1,1124,1,2,2,1.0,3.0,94004,M,,,94
201100049988,11,12,1,1645,1,1,1,2.0,7.0,94056,M,,,94
201100049989,11,2,2,1,5,2,1,2.0,1.0,94071,M,4877040.0,250821.0,94
201100049990,11,2,2,1445,1,2,1,2.0,1.0,94071,M,4878230.0,251390.0,94
201100049991,11,2,4,1120,1,2,1,1.0,7.0,94004,M,4874450.0,251189.0,94
201100049992,11,2,4,1200,1,2,3,1.0,2.0,94075,M,4872740.0,253584.0,94
201100049993,11,12,5,915,1,2,3,9.0,3.0,94071,M,,,94
201100049994,11,2,7,2130,5,2,1,1.0,1.0,94071,M,4877980.0,251193.0,94
201100049995,11,12,7,205,5,2,1,2.0,6.0,94071,M,,,94
201100049996,11,12,7,2120,5,2,1,2.0,6.0,94004,M,,,94
201100049997,11,2,9,1750,5,2,2,1.0,3.0,94044,M,4874140.0,247565.0,94
201100049998,11,12,9,1805,5,2,6,1.0,6.0,94071,M,,,94
201100049999,11,12,10,1405,1,2,3,1.0,6.0,94071,M,,,94
201100050000,11,12,13,1230,1,1,1,2.0,2.0,94004,M,,,94
201100050001,11,12,15,1720,3,1,1,9.0,6.0,94002,M,,,94
201100050002,11,12,16,910,1,2,1,2.0,2.0,94075,M,,,94
201100050003,11,12,18,955,1,2,1,4.0,7.0,94044,M,,,94
201100050004,11,12,18,1330,1,2,1,1.0,7.0,94004,M,,,94
201100050005,11,12,19,805,1,2,3,8.0,7.0,94004,M,,,94
201100050006,11,2,21,1420,1,2,6,1.0,2.0,94070,M,4871930.0,256501.0,94
201100050007,11,12,21,1600,5,2,2,2.0,5.0,94004,M,,,94
201100050008,11,12,30,2005,5,2,1,2.0,2.0,94071,M,,,94
201100050009,11,3,3,740,1,2,1,1.0,7.0,94071,M,4877360.0,250521.0,94
201100050010,11,3,6,1500,1,2,2,1.0,7.0,94071,M,4876470.0,252521.0,94
201100050011,11,10,3,1500,1,2,9,1.0,3.0,94004,M,,,94
201100050012,11,3,11,720,1,2,1,8.0,4.0,94071,M,4876810.0,253817.0,94
201100050013,11,3,18,255,5,2,3,1.0,3.0,94071,M,4876930.0,251457.0,94
201100050014,11,3,22,820,1,2,1,1.0,6.0,94071,M,4877470.0,251145.0,94
201100050015,11,3,24,1330,1,2,4,1.0,2.0,94004,M,4875510.0,250528.0,94
201100050016,11,3,29,1745,1,2,3,2.0,1.0,94044,M,4874980.0,248113.0,94
201100050017,11,3,30,1120,1,1,3,1.0,3.0,94075,M,4873440.0,252044.0,94
201100050018,11,4,1,2030,5,2,3,1.0,3.0,94075,M,4872750.0,253101.0,94
201100050019,11,4,4,1320,1,2,6,1.0,7.0,94071,M,4876350.0,253620.0,94
201100050020,11,4,11,1145,1,2,1,1.0,3.0,94071,M,4877300.0,250138.0,94
201100050021,11,4,13,1740,1,2,3,1.0,2.0,94071,M,4877090.0,250536.0,94
201100050022,11,4,17,1935,1,2,1,1.0,6.0,94044,M,4875800.0,248713.0,94
201100050023,11,4,19,1830,1,2,3,7.0,3.0,94044,M,4874310.0,250190.0,94
201100050024,11,4,24,2000,1,2,1,1.0,2.0,94075,M,4873030.0,252564.0,94
201100050025,11,4,27,2130,4,2,1,1.0,2.0,94071,M,4876970.0,250993.0,94
201100050026,11,4,29,1730,1,2,1,1.0,6.0,94048,M,4873580.0,256491.0,94
201100050027,11,4,30,1810,1,2,1,1.0,2.0,94004,M,4874970.0,250819.0,94
201100050028,11,5,4,1300,1,2,1,1.0,6.0,94004,M,4874610.0,250544.0,94
201100050029,11,5,6,1130,1,2,3,1.0,3.0,94075,M,4872750.0,253101.0,94
201100050030,11,5,9,810,1,2,1,1.0,6.0,94071,M,4876370.0,252588.0,94
201100050031,11,5,12,855,1,2,2,1.0,7.0,94044,M,4875560.0,248927.0,94
201100050032,11,5,15,1250,1,2,1,1.0,7.0,94004,M,4875730.0,250760.0,94
201100050033,11,5,15,2145,5,2,3,1.0,3.0,94071,M,4876410.0,252565.0,94
201100050034,11,5,16,1640,1,2,1,1.0,6.0,94044,M,4875420.0,248223.0,94
201100050035,11,5,17,1640,1,2,1,1.0,6.0,94044,M,4874350.0,250357.0,94
201100050036,11,5,19,650,1,2,2,1.0,3.0,94071,M,4875600.0,253822.0,94
201100050037,11,5,19,1300,1,2,1,7.0,1.0,94071,M,4876640.0,252510.0,94
201100050038,11,5,19,1500,1,1,1,1.0,1.0,94044,M,4874160.0,247790.0,94
201100050039,11,5,31,1550,1,2,2,1.0,6.0,94075,M,4871380.0,253767.0,94
201100050040,11,6,3,900,1,2,1,1.0,3.0,94004,M,4875000.0,250347.0,94
201100050041,11,6,7,850,1,2,3,2.0,3.0,94004,M,4876160.0,249790.0,94
201100050042,11,6,8,805,1,2,1,1.0,3.0,94004,M,4874310.0,251330.0,94
201100050043,11,6,10,2000,1,2,2,1.0,3.0,94075,M,4872570.0,252793.0,94
201100050044,11,6,24,1420,1,2,1,1.0,7.0,94071,M,4876630.0,252082.0,94
201100050045,11,6,25,2050,2,2,1,1.0,2.0,94044,M,4875200.0,248628.0,94
201100050046,11,6,27,1630,1,2,1,1.0,7.0,94004,M,4875640.0,249830.0,94
201100050047,11,6,29,907,1,2,3,1.0,3.0,94071,M,4877210.0,252799.0,94
201100050048,11,6,30,1620,1,2,2,1.0,3.0,94071,M,4876890.0,251931.0,94
201100050049,11,7,1,845,1,2,2,1.0,6.0,94071,M,4877040.0,251972.0,94
201100050050,11,7,1,1505,1,2,3,1.0,3.0,94075,M,4872750.0,253101.0,94
201100050051,11,7,1,1800,1,2,1,1.0,2.0,94044,M,4875440.0,248473.0,94
201100050052,11,7,6,1450,1,2,3,1.0,4.0,94004,M,4875370.0,250654.0,94
201100050053,11,7,13,900,1,2,1,1.0,7.0,94044,M,4875060.0,248975.0,94
201100050054,11,7,14,1230,1,2,1,1.0,1.0,94056,M,4869710.0,257323.0,94
201100050055,11,7,14,2015,1,1,3,1.0,7.0,94075,M,4873440.0,252044.0,94
201100050056,11,7,18,603,2,2,3,1.0,3.0,94004,M,4875090.0,250735.0,94
201100050057,11,7,28,1305,1,2,6,1.0,7.0,94044,M,4875680.0,248292.0,94
201100050058,11,7,25,525,5,2,3,3.0,7.0,94044,M,4874980.0,248113.0,94
201100050059,11,8,4,1500,1,2,1,2.0,5.0,94004,M,4875010.0,251595.0,94
201100050060,11,8,4,1540,1,2,1,2.0,7.0,94004,M,4874890.0,250874.0,94
201100050061,11,8,12,745,1,2,2,1.0,3.0,94047,M,4870270.0,254485.0,94
201100050062,11,8,12,1830,1,2,1,1.0,2.0,94044,M,4875170.0,248770.0,94
201100050063,11,8,22,1020,1,2,2,1.0,3.0,94004,M,4874690.0,251012.0,94
201100050064,11,8,23,1945,1,2,1,1.0,2.0,94047,M,4870280.0,254626.0,94
201100050065,11,8,25,1810,1,2,4,1.0,3.0,94004,M,4875510.0,250528.0,94
201100050066,11,8,31,1500,1,2,1,1.0,2.0,94044,M,4874120.0,247818.0,94
201100050067,11,9,7,525,5,2,3,2.0,3.0,94075,M,,,94
201100050068,11,9,8,1805,1,2,1,1.0,6.0,94071,M,,,94
201100050069,11,9,11,1720,1,2,3,2.0,5.0,94004,M,,,94
201100050070,11,9,15,750,1,2,6,1.0,3.0,94071,M,,,94
201100050071,11,9,17,2210,5,2,1,2.0,7.0,94071,M,,,94
201100050072,11,9,19,1930,1,2,2,1.0,5.0,94004,M,,,94
201100050073,11,9,24,1745,1,2,1,1.0,3.0,94004,M,,,94
201100050074,11,9,24,1625,1,2,1,1.0,3.0,94071,M,,,94
201100050075,11,9,27,1810,1,1,1,7.0,4.0,94056,M,,,94
201100050076,11,9,29,1300,1,2,3,1.0,4.0,94004,M,,,94
201100050077,11,9,29,1935,5,2,4,1.0,7.0,94004,M,,,94
201100050078,11,9,30,1655,1,2,1,1.0,3.0,94071,M,,,94
201100050079,11,2,11,1920,5,2,3,1.0,3.0,94075,M,4872740.0,253584.0,94
201100050080,11,6,17,1900,1,2,1,2.0,7.0,94047,M,4870460.0,253340.0,94
201100050081,11,6,27,1755,1,2,2,1.0,3.0,94071,M,4877040.0,250827.0,94
201100050082,11,6,28,1420,1,2,5,1.0,2.0,94004,M,4874830.0,250913.0,94
201100050083,11,9,12,1030,1,2,3,1.0,3.0,94071,M,,,94
201100050084,11,1,1,1900,5,2,2,1.0,3.0,94017,M,4881370.0,251025.0,94
201100050085,11,1,5,1145,1,2,4,1.0,2.0,94017,M,4882980.0,249321.0,94
201100050086,11,1,8,550,5,2,3,2.0,3.0,94017,M,4882780.0,249404.0,94
201100050087,11,1,14,2210,5,2,4,1.0,3.0,94017,M,4882000.0,248437.0,94
201100050088,11,1,16,1825,5,2,2,1.0,3.0,94017,M,4881880.0,248989.0,94
201100050089,11,1,16,1815,5,2,2,1.0,2.0,94017,M,4882370.0,249643.0,94
201100050090,11,1,23,425,5,2,6,1.0,3.0,94017,M,4881120.0,253645.0,94
201100050091,11,1,26,1215,1,2,3,2.0,6.0,94017,M,4882220.0,249163.0,94
201100050092,11,1,30,1125,1,2,3,1.0,1.0,94017,M,4882470.0,251587.0,94
201100050093,11,2,1,850,1,2,1,1.0,6.0,94017,M,4881520.0,250587.0,94
201100050094,11,2,3,1335,1,2,1,1.0,6.0,94017,M,4881460.0,249606.0,94
201100050095,11,2,11,1345,1,2,1,1.0,6.0,94017,M,4881980.0,250131.0,94
201100050096,11,2,19,1250,1,2,3,1.0,3.0,94017,M,4881440.0,253766.0,94
201100050097,11,2,23,1520,1,2,2,2.0,3.0,94017,M,4881160.0,255205.0,94
201100050098,11,2,28,825,1,2,1,1.0,3.0,94017,M,4882740.0,251254.0,94
201100050099,11,2,28,1330,1,2,1,1.0,2.0,94017,M,4881600.0,248799.0,94
201100050100,11,2,28,2240,5,2,3,1.0,3.0,94017,M,4881600.0,250281.0,94
201100050101,11,3,8,1740,1,2,1,1.0,3.0,94017,M,4882270.0,249762.0,94
201100050102,11,3,10,1045,1,2,1,1.0,6.0,94017,M,4882380.0,251022.0,94
201100050103,11,3,12,1455,1,2,3,8.0,6.0,94017,M,4882470.0,251001.0,94
201100050104,11,3,12,2235,5,2,2,2.0,3.0,94017,M,4882690.0,250994.0,94
201100050105,11,3,14,1520,1,2,1,1.0,3.0,94017,M,4882710.0,250786.0,94
201100050106,11,3,15,950,1,2,1,1.0,3.0,94017,M,4882710.0,250776.0,94
201100050107,11,3,15,2300,5,2,4,1.0,3.0,94017,M,4882000.0,248437.0,94
201100050108,11,3,18,1235,1,2,1,1.0,3.0,94017,M,4882220.0,249818.0,94
201100050109,11,3,29,1830,1,2,1,1.0,6.0,94017,M,4881490.0,252430.0,94
201100050110,11,3,30,1645,1,2,2,1.0,6.0,94017,M,4881370.0,251025.0,94
201100050111,11,4,4,1940,1,2,1,1.0,6.0,94017,M,4881880.0,252107.0,94
201100050112,11,4,6,1700,1,2,1,1.0,6.0,94017,M,4881490.0,250676.0,94
201100050113,11,4,6,1725,1,2,4,1.0,3.0,94017,M,4881880.0,248989.0,94
201100050114,11,4,6,1200,1,2,1,1.0,3.0,94017,M,4881490.0,250676.0,94
201100050115,11,4,13,920,1,2,2,1.0,3.0,94017,M,4882980.0,249321.0,94
201100050116,11,4,13,1410,1,2,2,1.0,7.0,94017,M,4881930.0,251473.0,94
201100050117,11,4,16,2330,5,2,1,1.0,7.0,94017,M,4882790.0,251174.0,94
201100050118,11,4,24,1710,1,2,1,1.0,6.0,94017,M,4880730.0,254752.0,94
201100050119,11,4,24,1855,1,2,1,1.0,6.0,94017,M,4880670.0,254728.0,94
201100050120,11,4,30,1800,1,2,2,1.0,1.0,94017,M,4881510.0,252216.0,94
201100050121,11,5,2,1520,1,1,1,1.0,3.0,94017,M,4881500.0,250666.0,94
201100050122,11,4,5,1615,1,2,1,1.0,6.0,94017,M,4882730.0,251488.0,94
201100050123,11,4,26,1625,1,2,1,1.0,3.0,94017,M,4882770.0,249414.0,94
201100050124,11,5,3,1605,1,1,1,1.0,7.0,94017,M,4880750.0,254168.0,94
201100050125,11,5,4,1540,1,1,2,2.0,6.0,94017,M,4881130.0,254383.0,94
201100050126,11,5,5,1100,1,1,2,1.0,6.0,94017,M,4882350.0,251027.0,94
201100050127,11,5,8,1445,1,1,1,1.0,1.0,94017,M,4882170.0,251074.0,94
201100050128,11,5,8,2220,5,1,2,1.0,2.0,94017,M,4882980.0,249321.0,94
201100050129,11,5,10,1710,1,1,1,1.0,6.0,94017,M,4880540.0,255066.0,94
201100050130,11,5,13,840,1,1,3,3.0,1.0,94017,M,4881950.0,248652.0,94
201100050131,11,5,13,1900,1,1,2,3.0,6.0,94017,M,4882370.0,249643.0,94
201100050132,11,5,18,1505,1,2,1,1.0,6.0,94017,M,4881880.0,252099.0,94
201100050133,11,5,19,415,5,2,1,1.0,7.0,94017,M,4880630.0,252770.0,94
201100050134,11,5,22,1840,1,2,3,1.0,4.0,94017,M,4882010.0,248400.0,94
201100050135,11,6,1,1300,1,2,1,1.0,3.0,94017,M,4882140.0,248896.0,94
201100050136,11,6,8,1230,1,2,6,1.0,3.0,94017,M,4881170.0,253644.0,94
201100050137,11,6,10,1840,1,2,1,1.0,6.0,94017,M,4881730.0,252435.0,94
201100050138,11,6,11,2100,1,2,1,1.0,3.0,94017,M,4881890.0,250320.0,94
201100050139,11,6,14,1805,1,2,1,1.0,3.0,94017,M,4880740.0,254774.0,94
201100050140,11,6,15,1245,1,2,1,1.0,3.0,94017,M,4882330.0,249490.0,94
201100050141,11,6,18,1815,1,2,1,2.0,4.0,94017,M,4881200.0,253504.0,94
201100050142,11,6,20,1010,1,2,1,1.0,3.0,94017,M,4882710.0,251872.0,94
201100050143,11,6,24,1730,1,2,1,1.0,2.0,94017,M,4881780.0,250769.0,94
201100050144,11,6,26,2025,1,2,1,1.0,6.0,94017,M,4882450.0,249399.0,94
201100050145,11,6,26,130,4,2,3,1.0,1.0,94017,M,4882100.0,248745.0,94
201100050146,11,6,24,1840,1,2,1,1.0,2.0,94017,M,4881400.0,256531.0,94
201100050147,11,6,24,1430,1,2,1,1.0,2.0,94017,M,4881390.0,250181.0,94
201100050148,11,6,29,1500,1,2,1,1.0,3.0,94017,M,4882390.0,249741.0,94
201100050149,11,6,29,1800,1,2,2,1.0,3.0,94017,M,4881370.0,251025.0,94
201100050150,11,6,30,750,1,2,1,1.0,3.0,94017,M,4880730.0,253701.0,94
201100050151,11,6,30,2320,4,2,1,1.0,7.0,94017,M,4881880.0,252385.0,94
201100050152,11,7,1,1050,1,2,1,1.0,3.0,94017,M,4881520.0,249298.0,94
201100050153,11,7,3,1640,1,2,6,1.0,3.0,94017,M,4881170.0,253644.0,94
201100050154,11,7,4,1820,1,2,1,1.0,2.0,94017,M,4881290.0,251101.0,94
201100050155,11,7,5,1800,1,2,1,2.0,6.0,94017,M,4882150.0,248918.0,94
201100050156,11,7,13,1820,1,2,5,1.0,3.0,94017,M,4882750.0,250922.0,94
201100050157,11,7,17,339,5,2,1,2.0,2.0,94017,M,4881310.0,250997.0,94
201100050158,11,7,18,1830,1,2,6,1.0,3.0,94017,M,4881600.0,251205.0,94
201100050159,11,7,28,825,1,2,3,1.0,3.0,94017,M,4881390.0,248464.0,94
201100050160,11,7,11,1800,1,2,1,1.0,1.0,94017,M,4882210.0,251062.0,94
201100050161,11,7,29,1415,1,2,1,1.0,6.0,94017,M,4881870.0,249003.0,94