Num_Acc,an,mois,jour,hrmn,lum,agg,int,atm,col,com,gps,lat,long,dep
201100050162,11,8,7,1945,1,2,1,1.0,3.0,94017,M,4881150.0,253776.0,94
201100050163,11,8,5,1345,1,2,1,1.0,3.0,94017,M,4881510.0,252370.0,94
201100050164,11,8,12,1730,1,2,2,1.0,3.0,94017,M,4881930.0,251473.0,94
201100050165,11,8,16,1020,1,2,6,1.0,3.0,94017,M,4881400.0,252670.0,94
201100050166,11,8,17,905,1,2,1,1.0,3.0,94017,M,4881390.0,250184.0,94
201100050167,11,8,19,1910,1,2,2,1.0,2.0,94017,M,4882710.0,251794.0,94
201100050168,11,9,9,1300,1,2,1,1.0,2.0,94017,M,,,94
201100050169,11,9,9,1715,1,2,1,1.0,6.0,94017,M,,,94
201100050170,11,9,10,1805,1,2,1,1.0,3.0,94017,M,,,94
201100050171,11,9,11,2010,1,2,1,1.0,6.0,94017,M,,,94
201100050172,11,9,13,1600,1,2,2,1.0,3.0,94017,M,,,94
201100050173,11,9,12,910,1,2,4,1.0,3.0,94017,M,,,94
201100050174,11,9,17,2340,5,2,4,1.0,3.0,94017,M,,,94
201100050175,11,9,19,1830,1,2,2,1.0,3.0,94017,M,,,94
201100050176,11,9,21,845,1,2,1,1.0,3.0,94017,M,,,94
201100050177,11,9,23,2000,2,2,1,1.0,6.0,94017,M,,,94
201100050178,11,9,24,2015,2,2,1,1.0,2.0,94017,M,,,94
201100050179,11,9,27,1710,1,2,2,1.0,5.0,94017,M,,,94
201100050180,11,9,27,1755,1,2,1,1.0,2.0,94017,M,,,94
201100050181,11,10,4,1505,1,2,1,1.0,3.0,94017,M,,,94
201100050182,11,10,4,2330,5,2,1,1.0,3.0,94017,M,,,94
201100050183,11,10,8,1420,1,2,4,1.0,3.0,94017,M,,,94
201100050184,11,10,8,1505,1,2,2,1.0,3.0,94017,M,,,94
201100050185,11,10,11,1055,1,2,3,1.0,3.0,94017,M,,,94
201100050186,11,10,13,1350,1,2,3,1.0,3.0,94017,M,,,94
201100050187,11,10,17,1810,1,2,3,1.0,6.0,94017,M,,,94
201100050188,11,10,14,1100,1,2,6,1.0,2.0,94017,M,,,94
201100050189,11,11,7,1510,1,2,1,2.0,5.0,94017,M,,,94
201100050190,11,11,9,2230,4,2,1,1.0,6.0,94017,M,,,94
201100050191,11,11,15,810,1,2,2,1.0,6.0,94017,M,,,94
201100050192,11,11,15,400,5,2,2,1.0,3.0,94017,M,,,94
201100050193,11,11,17,850,1,2,3,1.0,3.0,94017,M,,,94
201100050194,11,11,18,600,5,2,2,1.0,3.0,94017,M,,,94
201100050195,11,11,19,920,1,2,1,1.0,7.0,94017,M,,,94
201100050196,11,11,29,1600,1,2,1,1.0,6.0,94017,M,,,94
201100050197,11,11,29,2050,5,2,3,1.0,3.0,94017,M,,,94
201100050198,11,11,30,1845,5,2,1,1.0,6.0,94017,M,,,94
201100050199,11,12,2,710,5,2,2,1.0,7.0,94017,M,,,94
201100050200,11,12,2,10,5,2,1,1.0,6.0,94017,M,,,94
201100050201,11,12,3,1140,1,2,3,1.0,3.0,94017,M,,,94
201100050202,11,12,5,1350,1,2,2,1.0,3.0,94017,M,,,94
201100050203,11,12,6,1350,1,2,3,1.0,3.0,94017,M,,,94
201100050204,11,12,9,1145,1,2,3,1.0,3.0,94017,M,,,94
201100050205,11,12,13,640,5,2,1,2.0,6.0,94017,M,,,94
201100050206,11,12,16,815,1,2,2,2.0,6.0,94017,M,,,94
201100050207,11,12,16,2000,5,2,1,2.0,1.0,94017,M,,,94
201100050208,11,12,21,2010,5,2,1,2.0,3.0,94017,M,,,94
201100050209,11,12,30,1910,5,2,1,1.0,1.0,94017,M,,,94
201100050210,11,12,31,130,5,2,1,1.0,6.0,94017,M,,,94
201100050211,11,12,31,1940,5,2,1,1.0,1.0,94017,M,,,94
201100050212,11,12,30,2255,5,2,1,2.0,6.0,94018,M,,,94
201100050213,11,1,11,940,1,2,1,2.0,2.0,94069,M,4882070.0,241967.0,94
201100050214,11,1,14,155,4,1,1,1.0,7.0,94018,M,4881730.0,241569.0,94
201100050215,11,1,24,900,1,2,1,2.0,3.0,94069,M,4882190.0,242333.0,94
201100050216,11,1,22,1100,1,2,4,1.0,3.0,94069,M,4881680.0,245963.0,94
201100050217,11,2,3,1545,1,2,3,1.0,7.0,94069,M,4881810.0,243224.0,94
201100050218,11,2,18,200,5,2,1,1.0,6.0,94018,M,4881790.0,241230.0,94
201100050219,11,2,22,1940,5,2,2,1.0,3.0,94018,M,4881780.0,241954.0,94
201100050220,11,3,7,1930,5,2,1,1.0,6.0,94069,M,4881790.0,242644.0,94
201100050221,11,3,10,1210,1,2,2,8.0,6.0,94018,M,4882470.0,240878.0,94
201100050222,11,3,16,825,1,2,3,1.0,3.0,94018,M,4882310.0,239619.0,94
201100050223,11,3,22,815,1,2,4,1.0,3.0,94018,M,4882340.0,240407.0,94
201100050224,11,3,23,730,1,2,1,1.0,6.0,94069,M,4881750.0,245196.0,94
201100050225,11,3,27,600,3,1,1,2.0,7.0,94069,M,4881700.0,245528.0,94
201100050226,11,3,28,720,2,2,2,8.0,3.0,94069,M,4882410.0,241993.0,94
201100050227,11,3,29,1730,1,2,1,2.0,6.0,94018,M,4882230.0,241082.0,94
201100050228,11,4,8,1900,1,2,1,1.0,3.0,94018,M,4882540.0,240354.0,94
201100050229,11,4,8,2000,2,2,1,1.0,3.0,94018,M,4882230.0,239796.0,94
201100050230,11,4,17,930,1,1,1,1.0,6.0,94018,M,4882110.0,241425.0,94
201100050231,11,4,23,10,5,2,1,1.0,2.0,94018,M,4882380.0,241021.0,94
201100050232,11,4,23,535,2,2,2,1.0,3.0,94018,M,4881780.0,241954.0,94
201100050233,11,4,26,1800,1,2,3,1.0,2.0,94018,M,4881920.0,240756.0,94
201100050234,11,5,6,355,5,2,1,1.0,3.0,94069,M,4881780.0,242101.0,94
201100050235,11,5,9,2315,5,2,4,1.0,7.0,94018,M,4882070.0,241471.0,94
201100050236,11,5,10,1240,1,2,1,1.0,6.0,94018,M,4882400.0,239981.0,94
201100050237,11,5,11,1200,1,2,1,1.0,7.0,94018,M,4882070.0,241470.0,94
201100050238,11,5,13,1430,1,2,1,1.0,6.0,94018,M,4882030.0,241433.0,94
201100050239,11,5,19,2150,5,2,1,1.0,7.0,94069,M,4881690.0,245888.0,94
201100050240,11,5,20,1645,1,2,1,1.0,4.0,94018,M,4882560.0,240661.0,94
201100050241,11,6,1,1725,1,2,6,1.0,7.0,94069,M,4881490.0,246136.0,94
201100050242,11,6,7,1130,1,1,1,2.0,7.0,94069,M,4881700.0,245529.0,94
201100050243,11,6,22,2105,1,2,1,1.0,7.0,94069,M,4881510.0,246278.0,94
201100050244,11,6,30,1150,1,2,1,1.0,6.0,94018,M,4882540.0,240633.0,94
201100050245,11,7,13,30,5,2,3,2.0,6.0,94018,M,4882180.0,241333.0,94
201100050246,11,7,27,2015,2,2,1,8.0,1.0,94018,M,4882510.0,239411.0,94
201100050247,11,7,29,1505,1,2,1,1.0,6.0,94069,M,4881800.0,244820.0,94
201100050248,11,7,5,1600,1,2,1,1.0,3.0,94069,M,4881790.0,244310.0,94
201100050249,11,8,8,2200,2,2,1,1.0,6.0,94018,M,4881790.0,241228.0,94
201100050250,11,8,11,2105,5,2,1,1.0,6.0,94018,M,4882580.0,240706.0,94
201100050251,11,8,22,1200,1,2,3,1.0,3.0,94018,M,4882250.0,239744.0,94
201100050252,11,8,22,1620,1,2,3,1.0,3.0,94018,M,4882310.0,239619.0,94
201100050253,11,8,24,2015,1,2,1,1.0,2.0,94018,M,4882110.0,241270.0,94
201100050254,11,9,2,1700,1,2,1,1.0,2.0,94018,M,,,94
201100050255,11,9,3,1000,1,2,2,1.0,3.0,94069,M,,,94
201100050256,11,9,7,1040,1,2,1,8.0,3.0,94018,M,,,94
201100050257,11,9,7,2315,5,2,1,1.0,1.0,94018,M,,,94
201100050258,11,9,8,1320,1,2,2,2.0,3.0,94069,M,,,94
201100050259,11,9,19,2230,5,2,2,1.0,1.0,94069,M,,,94
201100050260,11,9,21,755,1,2,1,1.0,6.0,94069,M,,,94
201100050261,11,9,21,1530,1,2,2,7.0,3.0,94069,M,,,94
201100050262,11,9,26,830,1,2,1,7.0,2.0,94018,M,,,94
201100050263,11,9,27,830,1,2,1,1.0,3.0,94069,M,,,94
201100050264,11,9,29,1450,1,2,1,1.0,3.0,94018,M,,,94
201100050265,11,9,30,945,1,2,2,1.0,6.0,94018,M,,,94
201100050266,11,9,30,1730,1,2,1,7.0,3.0,94018,M,,,94
201100050267,11,10,11,1555,1,2,1,1.0,3.0,94018,M,,,94
201100050268,11,10,12,1730,1,2,1,1.0,2.0,94069,M,,,94
201100050269,11,10,20,900,1,2,2,1.0,3.0,94018,M,,,94
201100050270,11,10,24,1730,1,2,1,1.0,3.0,94069,M,,,94
201100050271,11,10,26,1010,1,2,1,1.0,6.0,94069,M,,,94
201100050272,11,10,27,855,1,2,1,1.0,3.0,94018,M,,,94
201100050273,11,11,10,1845,5,2,1,1.0,3.0,94069,M,,,94
201100050274,11,11,14,1340,1,2,1,1.0,2.0,94018,M,,,94
201100050275,11,11,15,100,5,2,1,1.0,1.0,94018,M,,,94
201100050276,11,11,19,1405,1,2,1,1.0,2.0,94069,M,,,94
201100050277,11,11,19,2040,5,2,3,1.0,3.0,94018,M,,,94
201100050278,11,11,22,855,1,2,1,1.0,6.0,94018,M,,,94
201100050279,11,11,24,900,1,2,1,1.0,7.0,94069,M,,,94
201100050280,11,11,25,855,1,2,1,1.0,2.0,94069,M,,,94
201100050281,11,11,28,1855,5,2,3,1.0,6.0,94018,M,,,94
201100050282,11,12,1,1215,1,2,1,2.0,2.0,94069,M,,,94
201100050283,11,12,8,1000,1,2,1,1.0,4.0,94018,M,,,94
201100050284,11,12,13,1815,5,2,1,1.0,6.0,94018,M,,,94
201100050285,11,12,28,2005,5,2,1,1.0,6.0,94069,M,,,94
201100050286,11,5,22,1450,1,2,1,9.0,3.0,94069,M,4881810.0,243184.0,94
201100050287,11,12,22,1305,1,2,1,1.0,3.0,94069,M,,,94
201100050288,11,1,1,1755,5,2,1,2.0,1.0,94079,M,4882940.0,255604.0,94
201100050289,11,1,7,1935,3,2,1,2.0,1.0,94019,M,4879050.0,252174.0,94
201100050290,11,1,13,1840,5,2,2,1.0,3.0,94079,M,4883500.0,254715.0,94
201100050291,11,1,17,1310,1,2,3,8.0,3.0,94079,M,4881960.0,256647.0,94
201100050292,11,1,25,1855,5,2,5,2.0,3.0,94060,M,4879110.0,257752.0,94
201100050293,11,1,29,2000,5,2,1,1.0,4.0,94055,M,4879110.0,255275.0,94
201100050294,11,1,31,815,1,2,6,1.0,6.0,94055,M,4879210.0,253250.0,94
201100050295,11,2,1,2200,2,1,1,2.0,1.0,94059,M,4879780.0,257831.0,94
201100050296,11,2,4,2025,1,2,3,1.0,5.0,94053,M,4877150.0,254444.0,94
201100050297,11,2,7,1345,1,2,3,1.0,3.0,94053,M,4876860.0,254222.0,94
201100050298,11,2,8,745,5,2,1,2.0,6.0,94019,M,4880190.0,254718.0,94
201100050299,11,2,9,840,1,2,1,2.0,2.0,94079,M,4882570.0,255228.0,94
201100050300,11,2,11,1610,1,2,1,1.0,6.0,94059,M,4881030.0,256848.0,94
201100050301,11,2,15,1700,2,2,1,2.0,1.0,94019,M,4880100.0,255285.0,94
201100050302,11,2,17,1500,1,2,3,1.0,7.0,94019,M,4880280.0,254894.0,94
201100050303,11,2,20,430,3,1,1,2.0,7.0,94060,M,4878890.0,256470.0,94
201100050304,11,2,21,750,2,2,1,1.0,3.0,94019,M,4880550.0,255492.0,94
201100050305,11,2,22,1050,1,2,1,1.0,6.0,94060,M,4879260.0,258285.0,94
201100050306,11,3,5,2050,3,2,2,1.0,1.0,94079,M,4881890.0,254248.0,94
201100050307,11,3,6,1850,5,2,1,1.0,2.0,94060,M,4878040.0,257579.0,94
201100050308,11,3,7,1610,1,2,2,1.0,3.0,94079,M,4882900.0,253576.0,94
201100050309,11,3,10,800,1,2,1,1.0,2.0,94055,M,4878090.0,252418.0,94
201100050310,11,3,15,930,1,2,1,2.0,6.0,94079,M,4882500.0,255341.0,94
201100050311,11,3,17,1020,1,2,4,1.0,3.0,94079,M,4883040.0,253722.0,94
201100050312,11,3,20,215,3,1,1,1.0,3.0,94060,M,4878840.0,256359.0,94
201100050313,11,3,22,2155,5,2,1,1.0,6.0,94019,M,4880560.0,255504.0,94
201100050314,11,3,23,1635,1,2,2,7.0,3.0,94079,M,4883280.0,254420.0,94
201100050315,11,3,24,845,1,2,2,1.0,6.0,94059,M,4880510.0,257228.0,94
201100050316,11,3,29,1815,1,2,1,3.0,1.0,94079,M,4883060.0,253663.0,94
201100050317,11,4,1,1450,1,2,3,1.0,3.0,94059,M,4880800.0,257002.0,94
201100050318,11,4,2,1520,1,2,1,1.0,6.0,94019,M,4880070.0,255300.0,94
201100050319,11,4,7,1800,1,2,1,1.0,6.0,94060,M,4879270.0,258400.0,94
201100050320,11,4,12,1035,1,2,3,1.0,3.0,94019,M,4880210.0,254831.0,94
201100050321,11,4,15,720,1,2,2,1.0,1.0,94019,M,4880070.0,254222.0,94
201100050322,11,4,16,1135,1,2,1,1.0,2.0,94055,M,4879270.0,255421.0,94
201100050323,11,4,27,1105,1,2,1,1.0,6.0,94079,M,4882880.0,254112.0,94
201100050324,11,4,27,1940,1,2,6,7.0,6.0,94079,M,4882300.0,254926.0,94
201100050325,11,4,27,1735,1,2,3,1.0,4.0,94053,M,4877680.0,255106.0,94
201100050326,11,5,3,1955,1,2,1,1.0,3.0,94019,M,4879920.0,254166.0,94
201100050327,11,5,4,1910,1,2,1,1.0,2.0,94055,M,4879470.0,255116.0,94
201100050328,11,5,11,1725,1,2,2,1.0,3.0,94079,M,4882350.0,256059.0,94
201100050329,11,5,14,1900,1,2,1,1.0,6.0,94079,M,4883160.0,254144.0,94
201100050330,11,5,17,730,1,2,3,1.0,3.0,94019,M,4879250.0,252615.0,94
201100050331,11,5,18,1605,1,2,2,1.0,3.0,94079,M,4882350.0,256059.0,94
201100050332,11,5,20,745,1,2,1,1.0,2.0,94079,M,4883100.0,254052.0,94
201100050333,11,5,21,1240,1,2,1,1.0,2.0,94059,M,4881000.0,256870.0,94
201100050334,11,5,23,1030,1,2,6,1.0,1.0,94019,M,4879370.0,255914.0,94
201100050335,11,5,24,805,1,2,2,1.0,3.0,94060,M,4878600.0,257792.0,94
201100050336,11,5,26,940,1,2,1,1.0,3.0,94060,M,4878170.0,256800.0,94
201100050337,11,5,27,1935,1,2,1,1.0,3.0,94019,M,4879600.0,254530.0,94
201100050338,11,5,28,2000,1,2,1,1.0,6.0,94079,M,4882360.0,257189.0,94
201100050339,11,5,30,805,1,2,1,1.0,2.0,94079,M,4882360.0,253556.0,94
201100050340,11,6,6,1355,1,2,1,8.0,6.0,94019,M,4879650.0,253171.0,94
201100050341,11,6,10,505,2,2,3,1.0,3.0,94055,M,4878460.0,253771.0,94
201100050342,11,6,11,1820,1,2,3,1.0,3.0,94055,M,4879620.0,254908.0,94
201100050343,11,6,12,205,5,2,1,1.0,2.0,94079,M,4882610.0,255153.0,94
201100050344,11,6,13,455,5,2,3,2.0,2.0,94060,M,4878080.0,257335.0,94
201100050345,11,6,17,1454,1,2,1,8.0,2.0,94059,M,4880840.0,257454.0,94
201100050346,11,6,22,825,1,2,1,2.0,3.0,94053,M,4877220.0,254499.0,94
201100050347,11,6,23,1255,1,2,1,1.0,2.0,94019,M,4879770.0,254712.0,94
201100050348,11,6,25,1510,1,2,6,1.0,6.0,94079,M,4882350.0,254491.0,94
201100050349,11,6,26,825,1,2,2,1.0,2.0,94055,M,4878810.0,254594.0,94
201100050350,11,6,26,1645,1,2,2,1.0,3.0,94059,M,4882110.0,255953.0,94
201100050351,11,6,27,1500,1,2,2,1.0,2.0,94060,M,4878000.0,257810.0,94
201100050352,11,7,1,930,1,2,3,1.0,3.0,94079,M,4882200.0,255417.0,94
201100050353,11,7,3,930,1,2,1,1.0,6.0,94060,M,4879300.0,257897.0,94
201100050354,11,7,5,701,1,2,1,1.0,4.0,94055,M,4878800.0,254567.0,94
201100050355,11,7,10,10,5,2,3,1.0,3.0,94059,M,4881210.0,256724.0,94
201100050356,11,7,17,1450,1,2,1,8.0,6.0,94060,M,4878020.0,257685.0,94
201100050357,11,7,22,1245,1,2,6,1.0,3.0,94019,M,4879940.0,254549.0,94
201100050358,11,7,23,1623,1,2,4,1.0,2.0,94019,M,4879800.0,255142.0,94
201100050359,11,7,29,1710,1,2,2,2.0,1.0,94079,M,4883500.0,254715.0,94
201100050360,11,7,31,430,5,2,1,1.0,7.0,94059,M,4881690.0,256060.0,94
201100050361,11,8,1,2010,1,2,3,1.0,3.0,94019,M,4880270.0,255345.0,94
201100050362,11,8,1,2046,1,2,3,1.0,2.0,94019,M,4880090.0,254808.0,94
201100050363,11,8,3,1000,1,2,1,2.0,2.0,94019,M,4880340.0,253722.0,94
201100050364,11,8,24,1000,1,2,1,1.0,3.0,94059,M,4881780.0,256499.0,94
201100050365,11,9,2,1317,1,2,4,1.0,3.0,94055,M,,,94
201100050366,11,9,2,1520,1,2,1,1.0,6.0,94019,M,,,94
201100050367,11,9,2,1320,1,2,2,1.0,3.0,94060,M,,,94
201100050368,11,9,3,1455,1,1,1,1.0,6.0,94079,M,,,94
201100050369,11,9,5,810,1,2,4,1.0,3.0,94059,M,,,94
201100050370,11,9,6,940,1,2,2,1.0,1.0,94059,M,,,94
201100050371,11,9,9,2212,5,2,2,1.0,2.0,94059,M,,,94
201100050372,11,9,13,1635,1,2,1,1.0,6.0,94079,M,,,94
201100050373,11,9,18,1030,1,2,6,1.0,3.0,94059,M,,,94
201100050374,11,9,19,2030,4,2,3,1.0,3.0,94060,M,,,94
201100050375,11,9,22,1515,1,2,1,1.0,1.0,94019,M,,,94
201100050376,11,9,28,1640,1,2,1,1.0,6.0,94055,M,,,94
201100050377,11,10,1,1850,1,2,1,1.0,6.0,94079,M,,,94
201100050378,11,10,2,1340,1,2,4,1.0,3.0,94019,M,,,94
201100050379,11,10,2,1515,1,2,1,1.0,6.0,94060,M,,,94
201100050380,11,10,3,920,1,2,2,1.0,3.0,94059,M,,,94
201100050381,11,10,14,1735,1,2,2,1.0,1.0,94055,M,,,94
201100050382,11,10,14,1855,1,2,3,1.0,3.0,94079,M,,,94
201100050383,11,10,16,1740,1,2,3,1.0,1.0,94059,M,,,94
201100050384,11,10,17,810,1,2,1,1.0,4.0,94055,M,,,94
201100050385,11,10,18,1925,5,2,1,2.0,6.0,94079,M,,,94
201100050386,11,10,19,805,1,2,2,2.0,3.0,94079,M,,,94
201100050387,11,10,24,1750,2,2,1,1.0,6.0,94079,M,,,94
201100050388,11,10,29,2340,5,2,2,2.0,3.0,94053,M,,,94
201100050389,11,10,31,1605,1,2,3,1.0,6.0,94079,M,,,94
201100050390,11,11,1,1100,1,2,1,1.0,7.0,94079,M,,,94
201100050391,11,11,2,1405,1,2,1,1.0,1.0,94059,M,,,94
201100050392,11,11,4,735,2,2,2,2.0,6.0,94053,M,,,94
201100050393,11,11,4,1500,1,2,1,8.0,1.0,94060,M,,,94
201100050394,11,11,14,2010,5,2,2,1.0,6.0,94060,M,,,94
201100050395,11,11,17,1025,1,2,3,2.0,3.0,94079,M,,,94
201100050396,11,11,19,1812,3,1,1,1.0,4.0,94060,M,,,94
201100050397,11,11,22,1810,3,2,1,1.0,4.0,94053,M,,,94
201100050398,11,11,29,735,2,2,4,1.0,1.0,94055,M,,,94
201100050399,11,11,29,1820,5,2,3,2.0,6.0,94079,M,,,94
201100050400,11,12,3,1830,5,2,1,2.0,2.0,94079,M,,,94
201100050401,11,12,6,10,5,2,4,1.0,6.0,94055,M,,,94
201100050402,11,12,6,1230,1,2,1,1.0,5.0,94019,M,,,94
201100050403,11,12,9,830,2,2,1,2.0,6.0,94019,M,,,94
201100050404,11,12,9,1750,3,2,3,2.0,6.0,94019,M,,,94
201100050405,11,12,15,1520,1,2,3,8.0,3.0,94019,M,,,94
201100050406,11,12,15,2015,5,2,1,2.0,6.0,94079,M,,,94
201100050407,11,12,26,900,1,2,1,1.0,3.0,94055,M,,,94
201100050408,11,12,28,1120,1,1,6,8.0,3.0,94019,M,,,94
201100050409,11,4,8,2030,2,2,1,1.0,6.0,94022,M,4876630.0,240075.0,94
201100050410,11,3,10,715,2,2,3,1.0,3.0,94022,M,4876120.0,242050.0,94
201100050411,11,3,29,1825,1,2,1,2.0,6.0,94022,M,4876800.0,241395.0,94
201100050412,11,5,10,1910,1,2,3,1.0,3.0,94054,M,4874470.0,239574.0,94
201100050413,11,5,30,845,1,2,2,1.0,7.0,94022,M,4876060.0,240804.0,94
201100050414,11,7,2,1335,1,2,4,1.0,3.0,94054,M,4874880.0,240665.0,94
201100050415,11,1,25,655,5,2,2,1.0,6.0,94022,M,4877060.0,240141.0,94
201100050416,11,1,25,920,1,2,2,1.0,6.0,94022,M,4875380.0,240538.0,94
201100050417,11,1,26,1805,5,2,1,2.0,6.0,94022,M,4877070.0,241345.0,94
201100050418,11,10,19,1700,1,2,1,2.0,2.0,94022,M,,,94
201100050419,11,12,16,1405,1,2,6,2.0,3.0,94022,M,,,94
201100050420,11,12,20,1145,1,2,1,1.0,3.0,94022,M,,,94
201100050421,11,2,10,825,1,2,1,1.0,6.0,94022,M,4877050.0,240392.0,94
201100050422,11,10,14,2120,5,2,3,1.0,7.0,94022,M,,,94
201100050423,11,2,15,1830,2,2,3,2.0,3.0,94022,M,4877200.0,241395.0,94
201100050424,11,2,16,1200,1,2,2,1.0,3.0,94022,M,4876700.0,241433.0,94
201100050425,11,10,21,1530,1,2,1,1.0,3.0,94022,M,,,94
201100050426,11,10,25,1555,1,2,3,1.0,4.0,94022,M,,,94
201100050427,11,10,27,1340,1,2,2,1.0,3.0,94022,M,,,94
201100050428,11,10,28,1645,1,2,7,1.0,6.0,94054,M,,,94
201100050429,11,3,1,1300,1,2,1,1.0,6.0,94054,M,4874230.0,238410.0,94
201100050430,11,3,2,2200,5,2,3,1.0,3.0,94022,M,4876240.0,240668.0,94
201100050431,11,11,4,700,2,2,1,1.0,6.0,94022,M,,,94
201100050432,11,3,6,1240,1,2,2,1.0,3.0,94022,M,4876560.0,241728.0,94
201100050433,11,11,6,1605,1,2,1,1.0,7.0,94022,M,,,94
201100050434,11,3,8,1012,1,2,1,1.0,6.0,94022,M,4876440.0,240536.0,94
201100050435,11,11,12,845,1,2,7,1.0,3.0,94054,M,,,94
201100050436,11,3,14,815,1,2,1,1.0,3.0,94022,M,4876550.0,240494.0,94
201100050437,11,3,15,1155,1,2,1,1.0,6.0,94054,M,4874810.0,240679.0,94
201100050438,11,11,14,2330,5,2,1,1.0,7.0,94022,M,,,94
201100050439,11,3,15,2355,5,2,6,1.0,3.0,94022,M,4876130.0,240324.0,94
201100050440,11,11,16,1235,1,2,1,1.0,6.0,94022,M,,,94
201100050441,11,3,18,1755,1,2,1,2.0,6.0,94022,M,4876670.0,240956.0,94
201100050442,11,3,20,2200,5,2,1,1.0,3.0,94022,M,4876760.0,240605.0,94
201100050443,11,3,26,2100,5,2,2,1.0,6.0,94022,M,4876460.0,240984.0,94
201100050444,11,3,30,1240,1,2,2,1.0,2.0,94054,M,4874480.0,239319.0,94
201100050445,11,3,31,1710,1,2,2,1.0,6.0,94022,M,4876050.0,240789.0,94
201100050446,11,12,1,1800,5,2,1,2.0,6.0,94022,M,,,94
201100050447,11,4,5,1100,1,2,1,8.0,2.0,94054,M,4874700.0,238731.0,94
201100050448,11,12,6,1625,1,2,1,1.0,6.0,94054,M,,,94
201100050449,11,4,11,1450,1,2,1,1.0,3.0,94022,M,4876720.0,241511.0,94
201100050450,11,4,11,1620,1,2,1,1.0,6.0,94054,M,4874790.0,241803.0,94
201100050451,11,4,12,2135,5,2,4,1.0,1.0,94054,M,4874640.0,238442.0,94
201100050452,11,4,13,1313,1,2,1,1.0,1.0,94022,M,4877220.0,241403.0,94
201100050453,11,4,18,1315,1,2,1,1.0,3.0,94022,M,4876980.0,240195.0,94
201100050454,11,12,16,735,5,2,6,3.0,6.0,94054,M,,,94
201100050455,11,12,19,620,5,2,1,9.0,6.0,94022,M,,,94
201100050456,11,4,27,1045,1,2,3,1.0,3.0,94022,M,4875660.0,240456.0,94
201100050457,11,12,24,1845,5,2,1,1.0,6.0,94022,M,,,94
201100050458,11,4,29,1415,1,2,2,8.0,3.0,94022,M,4875490.0,241171.0,94
201100050459,11,12,26,1655,1,2,9,1.0,3.0,94022,M,,,94
201100050460,11,12,31,1155,1,2,1,2.0,3.0,94022,M,,,94
201100050461,11,5,3,1910,1,2,1,1.0,6.0,94022,M,4877080.0,240237.0,94
201100050462,11,5,4,1850,1,2,1,1.0,2.0,94022,M,4876490.0,240661.0,94
201100050463,11,4,27,940,1,2,1,1.0,3.0,94054,M,4874920.0,240494.0,94
201100050464,11,5,11,1755,1,2,2,1.0,3.0,94022,M,4876870.0,242064.0,94
201100050465,11,5,13,115,5,2,1,1.0,7.0,94022,M,4875970.0,241211.0,94
201100050466,11,5,19,1558,1,2,1,1.0,6.0,94022,M,4876360.0,240587.0,94
201100050467,11,5,31,1810,1,2,3,1.0,6.0,94022,M,4876350.0,240313.0,94
201100050468,11,6,5,620,2,2,1,8.0,2.0,94022,M,4877290.0,239989.0,94
201100050469,11,6,9,730,1,2,2,1.0,3.0,94022,M,4877060.0,240141.0,94
201100050470,11,6,18,1530,1,2,1,1.0,6.0,94022,M,4876470.0,240541.0,94
201100050471,11,6,23,1005,1,2,3,1.0,3.0,94022,M,4876440.0,240546.0,94
201100050472,11,6,23,1915,1,2,1,1.0,6.0,94022,M,4877120.0,240485.0,94
201100050473,11,6,24,1610,1,2,1,1.0,2.0,94022,M,4876920.0,242162.0,94
201100050474,11,6,27,1900,1,2,1,1.0,3.0,94022,M,4876730.0,241469.0,94
201100050475,11,6,29,1730,1,2,2,1.0,3.0,94022,M,4876520.0,241577.0,94
201100050476,11,6,30,1500,1,2,3,1.0,2.0,94022,M,4876440.0,240996.0,94
201100050477,11,7,5,1850,1,2,1,1.0,6.0,94054,M,4874740.0,240592.0,94
201100050478,11,7,19,1800,1,2,1,2.0,2.0,94022,M,4876760.0,241615.0,94
201100050479,11,8,3,1025,1,2,1,8.0,6.0,94022,M,4876540.0,240469.0,94
201100050480,11,8,15,1455,1,2,3,1.0,3.0,94054,M,4874360.0,240355.0,94
201100050481,11,8,24,2147,5,2,2,1.0,3.0,94022,M,4876920.0,242229.0,94
201100050482,11,8,31,1805,1,2,1,1.0,6.0,94054,M,4874450.0,240841.0,94
201100050483,11,9,1,1855,1,2,1,1.0,3.0,94054,M,,,94
201100050484,11,9,2,1545,1,1,1,1.0,4.0,94022,M,,,94
201100050485,11,9,3,1300,1,2,1,1.0,2.0,94022,M,,,94
201100050486,11,9,5,2145,5,2,3,1.0,3.0,94022,M,,,94
201100050487,11,9,7,1900,1,2,3,1.0,6.0,94022,M,,,94
201100050488,11,9,13,1142,1,2,1,1.0,3.0,94022,M,,,94