Num_Acc,an,mois,jour,hrmn,lum,agg,int,atm,col,com,gps,lat,long,dep
201100050489,11,9,16,1945,5,2,3,1.0,3.0,94022,M,,,94
201100050490,11,9,22,1830,1,2,2,1.0,3.0,94022,M,,,94
201100050491,11,9,23,850,1,2,1,1.0,3.0,94022,M,,,94
201100050492,11,9,25,955,1,2,2,1.0,3.0,94054,M,,,94
201100050493,11,9,30,830,1,2,1,1.0,6.0,94022,M,,,94
201100050494,11,1,5,825,1,2,4,1.0,6.0,94028,M,4878340.0,245472.0,94
201100050495,11,1,6,908,1,2,4,1.0,2.0,94028,M,4877650.0,244096.0,94
201100050496,11,1,9,15,5,2,6,1.0,3.0,94028,M,4877450.0,243957.0,94
201100050497,11,1,11,1930,5,2,1,1.0,2.0,94028,M,4879400.0,246156.0,94
201100050498,11,1,12,625,2,2,3,1.0,3.0,94028,M,4877710.0,247156.0,94
201100050499,11,1,13,1830,1,2,1,1.0,6.0,94028,M,4879050.0,245031.0,94
201100050500,11,1,14,1535,1,2,1,1.0,6.0,94028,M,4878060.0,245499.0,94
201100050501,11,1,17,2325,4,2,1,1.0,7.0,94028,M,4877050.0,244019.0,94
201100050502,11,1,17,1744,1,2,1,1.0,1.0,94028,M,4876640.0,246906.0,94
201100050503,11,1,18,2040,5,2,3,1.0,3.0,94028,M,4878750.0,246814.0,94
201100050504,11,1,20,810,2,2,2,1.0,3.0,94011,M,4877660.0,249016.0,94
201100050505,11,1,19,835,1,2,1,1.0,2.0,94011,M,4876350.0,248012.0,94
201100050506,11,1,20,1830,5,2,2,1.0,3.0,94028,M,4878000.0,246315.0,94
201100050507,11,1,23,645,1,1,1,1.0,3.0,94028,M,4877370.0,243966.0,94
201100050508,11,1,26,1200,1,2,2,2.0,3.0,94011,M,4876570.0,248102.0,94
201100050509,11,1,28,1905,5,2,3,1.0,7.0,94028,M,4877140.0,246353.0,94
201100050510,11,1,31,1345,1,2,1,1.0,2.0,94028,M,4878170.0,244551.0,94
201100050511,11,2,3,1020,1,2,1,1.0,2.0,94028,M,4876830.0,245844.0,94
201100050512,11,2,5,2030,5,2,2,1.0,3.0,94028,M,4879920.0,246589.0,94
201100050513,11,2,7,1905,5,2,1,1.0,2.0,94028,M,4878390.0,244737.0,94
201100050514,11,2,8,1550,1,2,1,1.0,3.0,94011,M,4877930.0,250384.0,94
201100050515,11,2,7,1700,1,2,1,1.0,7.0,94028,M,4877600.0,243490.0,94
201100050516,11,2,9,2100,5,2,1,1.0,2.0,94011,M,4876980.0,247543.0,94
201100050517,11,2,10,420,3,1,1,1.0,7.0,94011,M,4876390.0,248039.0,94
201100050518,11,2,13,2020,5,2,4,1.0,2.0,94028,M,4877900.0,244298.0,94
201100050519,11,2,12,720,2,2,6,1.0,3.0,94028,M,4877750.0,245523.0,94
201100050520,11,2,15,1720,1,2,1,1.0,6.0,94028,M,4876720.0,246562.0,94
201100050521,11,2,15,2000,1,2,6,1.0,3.0,94028,M,4877450.0,243957.0,94
201100050522,11,2,16,1425,1,2,1,1.0,7.0,94028,M,4877010.0,246805.0,94
201100050523,11,2,16,1725,1,2,3,1.0,6.0,94028,M,4879290.0,245924.0,94
201100050524,11,2,16,1830,2,2,1,1.0,6.0,94011,M,4876830.0,247995.0,94
201100050525,11,2,17,1345,1,2,1,1.0,6.0,94028,M,4878660.0,244083.0,94
201100050526,11,2,21,1410,1,2,3,1.0,6.0,94028,M,4879070.0,244563.0,94
201100050527,11,2,23,1020,1,2,2,2.0,2.0,94028,M,4878870.0,245158.0,94
201100050528,11,2,28,1900,5,2,1,1.0,7.0,94028,M,4877590.0,243885.0,94
201100050529,11,2,26,810,1,2,1,1.0,4.0,94011,M,4876940.0,247482.0,94
201100050530,11,2,27,1910,5,2,2,1.0,3.0,94028,M,4877640.0,245523.0,94
201100050531,11,2,28,1930,5,2,1,1.0,6.0,94028,M,4877520.0,245618.0,94
201100050532,11,3,1,1210,1,2,1,1.0,6.0,94028,M,4879140.0,246493.0,94
201100050533,11,3,1,1540,1,2,6,1.0,3.0,94028,M,4877750.0,245523.0,94
201100050534,11,2,28,1405,1,2,3,1.0,3.0,94028,M,4879740.0,245643.0,94
201100050535,11,3,5,2320,5,2,2,1.0,2.0,94028,M,4877320.0,245810.0,94
201100050536,11,3,5,730,1,2,2,1.0,7.0,94011,M,4877190.0,249464.0,94
201100050537,11,3,6,1140,1,2,1,1.0,5.0,94028,M,4877860.0,244271.0,94
201100050538,11,3,7,800,1,2,1,1.0,1.0,94028,M,4877380.0,246345.0,94
201100050539,11,3,7,1300,1,2,1,2.0,2.0,94011,M,4876250.0,247750.0,94
201100050540,11,3,11,1650,1,2,1,1.0,6.0,94028,M,4878010.0,246864.0,94
201100050541,11,3,18,1930,5,2,2,1.0,2.0,94028,M,4877770.0,246169.0,94
201100050542,11,3,19,1500,1,2,2,1.0,3.0,94028,M,4878260.0,245965.0,94
201100050543,11,3,21,925,1,2,2,1.0,6.0,94028,M,4879370.0,246122.0,94
201100050544,11,3,21,1810,1,2,1,1.0,6.0,94028,M,4878440.0,245996.0,94
201100050545,11,3,25,1450,1,2,2,1.0,1.0,94011,M,4877930.0,249211.0,94
201100050546,11,3,26,1945,5,2,2,2.0,6.0,94028,M,4879360.0,246103.0,94
201100050547,11,3,29,750,1,2,1,1.0,7.0,94028,M,4878700.0,245344.0,94
201100050548,11,3,29,830,1,2,1,1.0,2.0,94028,M,4878280.0,246245.0,94
201100050549,11,3,31,1620,1,2,1,1.0,1.0,94011,M,4876940.0,248673.0,94
201100050550,11,4,3,1930,2,2,6,1.0,3.0,94074,M,4876760.0,245503.0,94
201100050551,11,4,1,1650,1,2,2,1.0,3.0,94028,M,4879640.0,245763.0,94
201100050552,11,4,6,920,1,2,3,1.0,2.0,94028,M,4878120.0,244521.0,94
201100050553,11,4,8,2130,3,2,1,1.0,6.0,94011,M,4876590.0,248529.0,94
201100050554,11,4,9,1855,1,2,1,1.0,2.0,94011,M,4876800.0,248667.0,94
201100050555,11,4,12,935,1,2,2,1.0,3.0,94028,M,4878740.0,245609.0,94
201100050556,11,4,11,1930,1,2,1,1.0,6.0,94028,M,4877020.0,246083.0,94
201100050557,11,4,12,1035,1,2,1,1.0,2.0,94011,M,4877070.0,248993.0,94
201100050558,11,4,12,2130,3,2,2,1.0,3.0,94028,M,4877200.0,245887.0,94
201100050559,11,4,12,1920,1,2,3,1.0,6.0,94028,M,4880510.0,246646.0,94
201100050560,11,4,13,1540,1,2,2,1.0,3.0,94028,M,4878000.0,246168.0,94
201100050561,11,4,14,1325,1,2,3,1.0,6.0,94028,M,4879380.0,246141.0,94
201100050562,11,4,14,2210,5,2,3,1.0,3.0,94028,M,4877160.0,245995.0,94
201100050563,11,4,17,2145,5,2,2,1.0,3.0,94011,M,4877080.0,248526.0,94
201100050564,11,4,18,1230,1,2,1,1.0,2.0,94028,M,4878140.0,244521.0,94
201100050565,11,4,19,1000,1,2,2,1.0,2.0,94028,M,4878580.0,244907.0,94
201100050566,11,4,20,1950,1,2,1,1.0,7.0,94028,M,4878950.0,245228.0,94
201100050567,11,4,25,1800,1,2,1,1.0,6.0,94028,M,4877700.0,244760.0,94
201100050568,11,4,21,1420,1,2,1,1.0,2.0,94028,M,4877360.0,243651.0,94
201100050569,11,4,23,1900,1,2,6,1.0,7.0,94011,M,4876570.0,248877.0,94
201100050570,11,4,27,1815,1,2,5,1.0,2.0,94028,M,4879530.0,245905.0,94
201100050571,11,5,4,1830,1,1,1,1.0,3.0,94011,M,4876690.0,248467.0,94
201100050572,11,5,5,830,1,2,1,1.0,6.0,94028,M,4879410.0,244695.0,94
201100050573,11,5,5,745,1,2,2,1.0,2.0,94011,M,4878230.0,249514.0,94
201100050574,11,5,8,235,3,2,3,1.0,3.0,94011,M,4877310.0,249053.0,94
201100050575,11,5,8,1930,1,1,1,1.0,7.0,94028,M,4878610.0,245518.0,94
201100050576,11,5,8,1750,1,2,1,1.0,6.0,94028,M,4877770.0,244682.0,94
201100050577,11,5,8,1835,1,2,3,1.0,6.0,94028,M,4876930.0,246530.0,94
201100050578,11,5,11,1415,1,2,1,1.0,7.0,94028,M,4878030.0,244427.0,94
201100050579,11,5,12,1245,1,2,3,1.0,3.0,94028,M,4878310.0,246404.0,94
201100050580,11,5,13,1210,1,2,1,1.0,3.0,94011,M,4878110.0,247481.0,94
201100050581,11,5,14,1300,1,2,1,1.0,2.0,94028,M,4878330.0,244692.0,94
201100050582,11,5,14,1545,1,2,1,1.0,2.0,94011,M,4877820.0,247774.0,94
201100050583,11,5,17,1455,1,2,1,1.0,3.0,94028,M,4879170.0,246199.0,94
201100050584,11,5,19,825,1,2,1,1.0,6.0,94011,M,4876550.0,249093.0,94
201100050585,11,5,21,1350,1,2,6,1.0,2.0,94028,M,4877460.0,243942.0,94
201100050586,11,5,20,1515,1,2,2,1.0,7.0,94028,M,4879070.0,246289.0,94
201100050587,11,5,23,1530,1,2,1,1.0,6.0,94028,M,4879750.0,246431.0,94
201100050588,11,5,23,1700,1,2,1,1.0,2.0,94028,M,4878390.0,244737.0,94
201100050589,11,5,24,1800,1,2,1,1.0,6.0,94028,M,4877950.0,244359.0,94
201100050590,11,5,23,1455,1,2,1,1.0,7.0,94028,M,4878730.0,246224.0,94
201100050591,11,5,26,1229,1,2,1,1.0,2.0,94028,M,4878260.0,245293.0,94
201100050592,11,5,27,900,1,2,1,1.0,6.0,94028,M,4879750.0,245028.0,94
201100050593,11,5,27,2255,5,2,1,1.0,7.0,94028,M,4878470.0,245850.0,94
201100050594,11,5,30,2045,1,2,2,1.0,1.0,94011,M,4876680.0,248421.0,94
201100050595,11,6,3,2030,1,2,1,1.0,3.0,94028,M,4877360.0,244052.0,94
201100050596,11,6,3,1350,1,2,6,1.0,2.0,94028,M,4877400.0,243936.0,94
201100050597,11,6,7,2310,5,2,2,1.0,5.0,94011,M,4877660.0,249016.0,94
201100050598,11,6,8,2045,1,2,2,1.0,3.0,94028,M,4878220.0,245474.0,94
201100050599,11,6,10,2020,1,2,1,1.0,2.0,94028,M,4877650.0,244096.0,94
201100050600,11,6,13,1500,1,2,1,1.0,4.0,94011,M,4876640.0,248964.0,94
201100050601,11,6,13,1840,1,2,1,1.0,3.0,94028,M,4879900.0,245366.0,94
201100050602,11,6,14,1200,1,2,1,3.0,6.0,94028,M,4878410.0,245160.0,94
201100050603,11,6,15,1640,1,2,2,1.0,7.0,94028,M,4877860.0,246857.0,94
201100050604,11,6,16,1545,1,2,2,1.0,2.0,94028,M,4879230.0,244635.0,94
201100050605,11,6,17,835,1,2,1,1.0,7.0,94028,M,4879930.0,246658.0,94
201100050606,11,6,22,1150,1,2,1,2.0,2.0,94028,M,4877950.0,244354.0,94
201100050607,11,6,24,1315,1,2,3,1.0,3.0,94028,M,4877680.0,243219.0,94
201100050608,11,6,24,1900,1,2,6,1.0,6.0,94028,M,4877400.0,243936.0,94
201100050609,11,6,28,650,2,2,4,1.0,4.0,94028,M,4878740.0,245609.0,94
201100050610,11,6,30,1000,1,2,1,1.0,2.0,94028,M,4878480.0,244820.0,94
201100050611,11,6,30,1530,1,2,1,1.0,7.0,94028,M,4878470.0,244808.0,94
201100050612,11,6,30,2010,1,2,2,1.0,3.0,94028,M,4877770.0,246169.0,94
201100050613,11,6,30,1010,1,2,2,1.0,7.0,94011,M,4877930.0,249211.0,94
201100050614,11,7,2,2000,1,2,1,1.0,6.0,94011,M,4876950.0,248261.0,94
201100050615,11,7,4,1005,1,2,3,1.0,3.0,94028,M,4877010.0,246138.0,94
201100050616,11,7,4,1750,1,2,1,1.0,2.0,94028,M,4878550.0,245768.0,94
201100050617,11,7,4,1920,1,2,1,1.0,3.0,94028,M,4877990.0,245511.0,94
201100050618,11,7,8,1130,1,2,1,1.0,6.0,94028,M,4879030.0,246082.0,94
201100050619,11,7,9,2230,2,2,2,1.0,3.0,94028,M,4877780.0,246245.0,94
201100050620,11,7,10,525,3,2,1,1.0,7.0,94028,M,4878530.0,243918.0,94
201100050621,11,7,11,1030,1,2,1,1.0,6.0,94028,M,4879860.0,245309.0,94
201100050622,11,7,14,2200,5,2,2,1.0,3.0,94028,M,4877780.0,246245.0,94
201100050623,11,7,5,1245,1,2,1,1.0,6.0,94011,M,4876660.0,248835.0,94
201100050624,11,7,15,1900,1,2,3,1.0,2.0,94028,M,4878600.0,246977.0,94
201100050625,11,7,19,1320,1,2,6,1.0,3.0,94028,M,4877460.0,243918.0,94
201100050626,11,7,21,930,1,2,1,2.0,3.0,94028,M,4876630.0,247402.0,94
201100050627,11,7,23,2030,1,2,3,2.0,2.0,94011,M,4877310.0,249053.0,94
201100050628,11,7,24,210,5,1,1,1.0,2.0,94028,M,4877190.0,244004.0,94
201100050629,11,7,24,1525,1,2,1,1.0,2.0,94011,M,4876220.0,247522.0,94
201100050630,11,7,25,1300,1,2,3,1.0,6.0,94028,M,4879080.0,246489.0,94
201100050631,11,7,23,2035,1,2,3,1.0,2.0,94011,M,4877290.0,249079.0,94
201100050632,11,7,26,1327,1,2,2,2.0,3.0,94028,M,4879380.0,246114.0,94
201100050633,11,8,1,2050,1,2,1,1.0,6.0,94011,M,4876710.0,248703.0,94
201100050634,11,8,2,1330,1,2,1,1.0,3.0,94028,M,4879440.0,246196.0,94
201100050635,11,8,5,1640,1,2,6,1.0,2.0,94028,M,4877460.0,243934.0,94
201100050636,11,8,8,2255,5,2,2,1.0,3.0,94028,M,4879640.0,245763.0,94
201100050637,11,8,5,1415,1,2,1,1.0,3.0,94028,M,4879350.0,246082.0,94
201100050638,11,8,17,1715,1,2,6,1.0,1.0,94011,M,4878000.0,247587.0,94
201100050639,11,8,18,1113,1,2,1,1.0,7.0,94028,M,4878450.0,245863.0,94
201100050640,11,8,21,1,3,2,2,1.0,3.0,94028,M,4879070.0,246289.0,94
201100050641,11,8,20,1750,1,2,2,1.0,3.0,94028,M,4877780.0,246245.0,94
201100050642,11,8,24,1430,1,2,1,1.0,3.0,94028,M,4878710.0,244698.0,94
201100050643,11,8,26,2205,5,2,3,1.0,3.0,94028,M,4878820.0,244086.0,94
201100050644,11,8,27,745,1,2,2,3.0,2.0,94028,M,4878020.0,243777.0,94
201100050645,11,8,29,800,1,2,1,1.0,3.0,94028,M,4878810.0,243992.0,94
201100050646,11,8,29,1310,1,2,1,1.0,2.0,94011,M,4877810.0,247786.0,94
201100050647,11,9,5,1530,1,2,4,1.0,2.0,94028,M,,,94
201100050648,11,9,5,1500,1,2,1,1.0,2.0,94028,M,,,94
201100050649,11,9,5,1800,1,2,1,1.0,2.0,94028,M,,,94
201100050650,11,9,8,734,1,2,1,1.0,3.0,94028,M,,,94
201100050651,11,9,11,1450,1,2,2,1.0,3.0,94028,M,,,94
201100050652,11,9,11,1900,1,2,1,1.0,6.0,94011,M,,,94
201100050653,11,9,13,2330,5,2,1,1.0,2.0,94028,M,,,94
201100050654,11,9,16,1445,1,2,1,1.0,7.0,94028,M,,,94
201100050655,11,9,16,1635,1,2,1,1.0,6.0,94028,M,,,94
201100050656,11,9,22,1330,1,2,1,1.0,2.0,94028,M,,,94
201100050657,11,9,22,1330,1,2,1,1.0,3.0,94011,M,,,94
201100050658,11,9,23,930,1,2,1,1.0,7.0,94028,M,,,94
201100050659,11,9,24,2155,3,2,3,1.0,3.0,94011,M,,,94
201100050660,11,9,28,1010,1,2,1,1.0,1.0,94011,M,,,94
201100050661,11,9,27,2000,5,2,1,1.0,3.0,94028,M,,,94
201100050662,11,9,27,835,1,2,1,1.0,7.0,94028,M,,,94
201100050663,11,10,1,2345,5,2,1,1.0,1.0,94028,M,,,94
201100050664,11,10,4,845,1,2,1,1.0,3.0,94028,M,,,94
201100050665,11,10,4,1305,1,2,1,1.0,2.0,94028,M,,,94
201100050666,11,10,4,1720,1,2,1,1.0,3.0,94028,M,,,94
201100050667,11,10,4,2025,1,2,1,1.0,3.0,94028,M,,,94
201100050668,11,10,5,1030,1,2,2,1.0,3.0,94028,M,,,94
201100050669,11,10,6,1315,1,2,2,2.0,2.0,94028,M,,,94
201100050670,11,10,6,915,1,2,1,2.0,3.0,94028,M,,,94
201100050671,11,10,7,1840,2,2,1,1.0,4.0,94028,M,,,94
201100050672,11,10,17,713,2,2,1,1.0,2.0,94028,M,,,94
201100050673,11,10,17,1605,1,2,1,1.0,6.0,94028,M,,,94
201100050674,11,10,17,1409,1,2,1,1.0,2.0,94028,M,,,94
201100050675,11,10,17,1610,1,2,1,1.0,3.0,94011,M,,,94
201100050676,11,10,19,1405,1,2,1,2.0,2.0,94028,M,,,94
201100050677,11,10,20,1715,1,2,1,1.0,6.0,94028,M,,,94
201100050678,11,10,24,645,2,2,2,2.0,6.0,94011,M,,,94
201100050679,11,10,21,1240,1,2,1,1.0,5.0,94028,M,,,94
201100050680,11,10,27,1215,1,2,1,1.0,3.0,94011,M,,,94
201100050681,11,11,7,1900,5,2,1,2.0,2.0,94011,M,,,94
201100050682,11,11,10,905,1,2,2,1.0,7.0,94028,M,,,94
201100050683,11,11,10,1610,1,2,2,1.0,3.0,94028,M,,,94
201100050684,11,11,20,1330,1,2,4,1.0,7.0,94028,M,,,94
201100050685,11,11,20,1520,1,2,2,1.0,3.0,94028,M,,,94
201100050686,11,11,22,1719,1,2,1,1.0,7.0,94028,M,,,94
201100050687,11,11,17,1630,1,2,1,1.0,2.0,94028,M,,,94
201100050688,11,11,21,1440,1,2,1,1.0,2.0,94028,M,,,94
201100050689,11,11,29,1500,1,2,1,1.0,2.0,94011,M,,,94
201100050690,11,11,29,1510,1,2,1,1.0,6.0,94028,M,,,94
201100050691,11,11,28,1700,1,2,1,1.0,7.0,94028,M,,,94
201100050692,11,11,30,1955,5,2,1,1.0,2.0,94028,M,,,94
201100050693,11,11,25,2215,5,2,6,1.0,3.0,94028,M,,,94
201100050694,11,12,3,1330,1,2,1,2.0,2.0,94028,M,,,94
201100050695,11,12,3,1502,1,2,1,2.0,2.0,94028,M,,,94
201100050696,11,12,3,1630,1,2,1,1.0,6.0,94028,M,,,94
201100050697,11,12,5,1825,4,2,1,1.0,6.0,94011,M,,,94
201100050698,11,12,5,900,1,2,1,1.0,6.0,94028,M,,,94
201100050699,11,12,5,1245,1,2,1,1.0,2.0,94011,M,,,94
201100050700,11,12,6,1550,1,2,1,2.0,6.0,94028,M,,,94
201100050701,11,12,9,700,2,2,3,2.0,6.0,94028,M,,,94
201100050702,11,12,7,1930,5,2,3,2.0,3.0,94028,M,,,94
201100050703,11,12,9,1200,1,2,1,2.0,3.0,94028,M,,,94
201100050704,11,12,16,805,2,2,1,1.0,2.0,94028,M,,,94
201100050705,11,12,19,2120,5,2,1,3.0,6.0,94011,M,,,94
201100050706,11,12,20,1653,2,2,1,1.0,6.0,94028,M,,,94
201100050707,11,12,20,1935,2,2,1,1.0,4.0,94028,M,,,94
201100050708,11,12,21,850,1,2,1,2.0,7.0,94028,M,,,94
201100050709,11,12,23,853,1,2,1,1.0,2.0,94028,M,,,94
201100050710,11,12,27,1040,1,2,1,1.0,6.0,94028,M,,,94
201100050711,11,12,29,1515,1,2,1,1.0,6.0,94028,M,,,94
201100050712,11,12,31,2150,5,2,1,2.0,7.0,94028,M,,,94
201100050713,11,1,10,815,1,2,2,1.0,2.0,94033,M,4885660.0,246738.0,94
201100050714,11,1,10,2000,1,2,2,1.0,3.0,94033,M,4885320.0,244851.0,94
201100050715,11,1,30,1740,2,2,1,1.0,3.0,94033,M,4885530.0,246808.0,94
201100050716,11,2,5,940,1,2,1,1.0,3.0,94033,M,4885320.0,246899.0,94
201100050717,11,2,8,745,2,2,1,1.0,6.0,94033,M,4885080.0,247498.0,94
201100050718,11,2,22,1400,1,2,2,1.0,3.0,94033,M,4885050.0,248847.0,94
201100050719,11,3,1,720,2,2,1,1.0,6.0,94033,M,4885510.0,245637.0,94
201100050720,11,3,1,1840,1,2,1,1.0,3.0,94033,M,4884770.0,248856.0,94
201100050721,11,3,14,1425,1,2,3,1.0,2.0,94033,M,4885130.0,246389.0,94
201100050722,11,3,15,1605,1,2,1,1.0,6.0,94033,M,4885100.0,245299.0,94
201100050723,11,3,21,1020,1,2,1,1.0,6.0,94033,M,4884260.0,247167.0,94
201100050724,11,3,22,1750,1,2,3,1.0,6.0,94033,M,4885830.0,247607.0,94
201100050725,11,3,29,2020,5,2,1,2.0,6.0,94033,M,4885290.0,247107.0,94
201100050726,11,2,12,1415,1,2,1,1.0,7.0,94033,M,4885280.0,247116.0,94
201100050727,11,3,30,2155,5,2,3,2.0,5.0,94033,M,4885910.0,247593.0,94
201100050728,11,4,8,1010,1,2,3,1.0,3.0,94033,M,4884480.0,247364.0,94
201100050729,11,4,7,1415,1,2,1,1.0,3.0,94033,M,4885730.0,249161.0,94
201100050730,11,5,2,1730,1,2,1,1.0,3.0,94033,M,4884960.0,245652.0,94
201100050731,11,5,16,930,1,2,4,1.0,3.0,94033,M,4885250.0,249075.0,94
201100050732,11,5,26,1830,1,2,2,1.0,3.0,94033,M,4885280.0,244781.0,94
201100050733,11,5,29,205,5,2,2,1.0,3.0,94033,M,4884220.0,246315.0,94
201100050734,11,6,1,755,1,2,1,1.0,6.0,94033,M,4885100.0,245659.0,94
201100050735,11,6,18,2050,2,2,6,1.0,3.0,94033,M,4885240.0,248623.0,94
201100050736,11,6,24,1250,1,2,4,1.0,3.0,94033,M,4884620.0,247747.0,94
201100050737,11,7,4,735,1,2,5,1.0,3.0,94033,M,4885360.0,246978.0,94
201100050738,11,7,7,900,1,2,6,1.0,2.0,94033,M,4885820.0,247529.0,94
201100050739,11,7,6,1650,1,2,1,1.0,2.0,94033,M,4885370.0,245273.0,94
201100050740,11,7,23,1435,1,2,3,3.0,2.0,94033,M,4885390.0,247358.0,94
201100050741,11,8,6,1345,1,2,2,1.0,3.0,94033,M,4884730.0,248498.0,94
201100050742,11,8,22,1215,1,2,3,1.0,2.0,94033,M,4884600.0,247885.0,94
201100050743,11,8,20,1950,1,2,5,1.0,7.0,94033,M,4885240.0,246286.0,94
201100050744,11,10,14,2030,5,2,1,1.0,3.0,94033,M,,,94
201100050745,11,11,9,1150,2,2,3,1.0,3.0,94033,M,,,94
201100050746,11,11,11,121,5,2,1,1.0,6.0,94033,M,,,94
201100050747,11,11,19,500,5,2,2,1.0,3.0,94033,M,,,94
201100050748,11,12,7,1810,5,2,2,2.0,3.0,94033,M,,,94
201100050749,11,12,6,835,1,2,2,2.0,6.0,94033,M,,,94
201100050750,11,12,9,1000,1,2,1,1.0,2.0,94033,M,,,94
201100050751,11,12,12,1330,1,2,1,1.0,6.0,94033,M,,,94
201100050752,11,12,12,1430,1,2,2,1.0,6.0,94033,M,,,94
201100050753,11,12,16,1430,1,2,1,2.0,6.0,94033,M,,,94
201100050754,11,1,1,525,5,2,2,1.0,6.0,94043,M,4881460.0,236089.0,94
201100050755,11,1,4,1730,5,2,1,1.0,6.0,94003,M,4880820.0,233246.0,94
201100050756,11,1,5,800,1,2,2,8.0,6.0,94076,M,4879230.0,236017.0,94
201100050757,11,1,5,1225,1,2,1,8.0,6.0,94016,M,4879300.0,233561.0,94
201100050758,11,1,6,1730,3,1,1,2.0,2.0,94076,M,4880030.0,236539.0,94
201100050759,11,1,13,1250,1,2,1,1.0,6.0,94043,M,4881450.0,235598.0,94
201100050760,11,1,13,1710,5,2,1,1.0,6.0,94016,M,4879410.0,232093.0,94
201100050761,11,1,15,1220,1,2,1,1.0,6.0,94003,M,4880300.0,233174.0,94
201100050762,11,1,13,820,5,2,2,1.0,6.0,94076,M,4878740.0,235420.0,94
201100050763,11,1,25,1030,1,2,1,1.0,6.0,94076,M,4879890.0,236704.0,94
201100050764,11,1,25,1330,1,2,5,1.0,3.0,94043,M,4880560.0,234836.0,94
201100050765,11,1,29,1820,5,2,1,1.0,3.0,94076,M,4880400.0,236413.0,94
201100050766,11,2,3,2100,5,2,1,1.0,6.0,94076,M,4878690.0,236687.0,94
201100050767,11,2,6,100,5,2,1,1.0,7.0,94076,M,4880700.0,236323.0,94
201100050768,11,2,6,1130,1,1,1,1.0,6.0,94076,M,4879890.0,236686.0,94
201100050769,11,2,7,1330,1,2,1,1.0,3.0,94037,M,4881660.0,233553.0,94
201100050770,11,2,7,1930,5,2,1,1.0,7.0,94043,M,4881300.0,235814.0,94
201100050771,11,2,8,930,1,1,1,2.0,7.0,94043,M,4880730.0,235379.0,94
201100050772,11,2,19,305,5,2,2,1.0,3.0,94076,M,4879490.0,236637.0,94
201100050773,11,2,21,40,5,2,2,1.0,3.0,94043,M,4881570.0,236047.0,94
201100050774,11,2,21,900,1,2,1,1.0,2.0,94076,M,4879650.0,235464.0,94
201100050775,11,2,21,950,1,2,2,1.0,3.0,94043,M,4881460.0,236089.0,94
201100050776,11,2,22,1645,1,2,3,1.0,6.0,94076,M,4880370.0,236716.0,94
201100050777,11,2,28,905,1,2,1,1.0,7.0,94076,M,4878860.0,236933.0,94
201100050778,11,3,3,1155,1,2,1,1.0,6.0,94076,M,4878460.0,235840.0,94
201100050779,11,3,5,50,5,2,1,1.0,7.0,94037,M,4881420.0,234588.0,94
201100050780,11,3,5,1510,1,2,1,1.0,3.0,94016,M,4879680.0,233113.0,94
201100050781,11,3,6,600,2,2,2,1.0,3.0,94037,M,4881500.0,234893.0,94
201100050782,11,3,6,1140,1,2,3,1.0,6.0,94016,M,4879990.0,232332.0,94
201100050783,11,3,8,2130,5,1,2,1.0,3.0,94076,M,4878850.0,236164.0,94
201100050784,11,3,10,755,1,2,1,1.0,3.0,94003,M,4880140.0,233981.0,94
201100050785,11,3,4,2000,5,2,2,1.0,3.0,94016,M,4879060.0,232244.0,94
201100050786,11,3,15,1100,1,2,1,1.0,2.0,94003,M,4880010.0,233153.0,94
201100050787,11,3,17,735,2,2,1,1.0,3.0,94043,M,4880730.0,235426.0,94
201100050788,11,3,19,1425,1,2,4,1.0,3.0,94003,M,4880010.0,234274.0,94
201100050789,11,3,21,1635,1,2,1,1.0,7.0,94076,M,4879350.0,236189.0,94
201100050790,11,3,23,2135,5,2,1,1.0,2.0,94043,M,4881100.0,236206.0,94
201100050791,11,3,24,2350,5,2,1,1.0,2.0,94076,M,4880600.0,236341.0,94
201100050792,11,3,25,1625,1,2,1,1.0,3.0,94076,M,4880710.0,236309.0,94
201100050793,11,3,26,1325,1,2,3,1.0,6.0,94076,M,4879910.0,235514.0,94
201100050794,11,3,29,1730,1,2,1,3.0,6.0,94016,M,4879590.0,233237.0,94
201100050795,11,3,29,1940,2,2,2,2.0,6.0,94043,M,4880980.0,236220.0,94
201100050796,11,3,31,650,5,2,2,2.0,6.0,94038,M,4877940.0,236720.0,94
201100050797,11,3,31,1055,1,2,1,2.0,7.0,94076,M,4879600.0,236831.0,94
201100050798,11,3,31,2340,5,2,1,1.0,7.0,94076,M,4878750.0,236779.0,94
201100050799,11,4,1,1635,1,2,1,1.0,3.0,94043,M,4881460.0,236088.0,94
201100050800,11,4,3,1045,1,2,1,2.0,7.0,94016,M,4878800.0,234276.0,94