Num_Acc,an,mois,jour,hrmn,lum,agg,int,atm,col,com,gps,lat,long,dep
201100050801,11,4,5,1500,1,2,1,1.0,3.0,94043,M,4880730.0,235433.0,94
201100050802,11,4,5,2020,2,2,1,1.0,6.0,94016,M,4879050.0,232119.0,94
201100050803,11,4,6,45,5,2,1,1.0,2.0,94076,M,4879890.0,236690.0,94
201100050804,11,4,6,1600,1,2,3,1.0,2.0,94076,M,4880560.0,236364.0,94
201100050805,11,4,8,845,1,2,1,1.0,7.0,94003,M,4880960.0,232835.0,94
201100050806,11,4,9,810,1,2,1,1.0,6.0,94003,M,4880910.0,232992.0,94
201100050807,11,4,10,2150,5,2,2,1.0,2.0,94043,M,4880980.0,236220.0,94
201100050808,11,4,14,1910,1,2,1,1.0,2.0,94076,M,4880590.0,236343.0,94
201100050809,11,4,17,1330,1,1,1,1.0,3.0,94043,M,4881040.0,236059.0,94
201100050810,11,4,17,1000,1,2,2,1.0,3.0,94076,M,4879590.0,236833.0,94
201100050811,11,4,21,1235,1,2,1,1.0,6.0,94076,M,4878150.0,235654.0,94
201100050812,11,4,21,1645,1,2,1,1.0,6.0,94003,M,4880620.0,233419.0,94
201100050813,11,4,27,1945,1,2,3,1.0,3.0,94076,M,4879910.0,235514.0,94
201100050814,11,4,29,2210,5,2,1,1.0,3.0,94003,M,4880930.0,232939.0,94
201100050815,11,4,30,315,5,2,2,1.0,2.0,94016,M,4878800.0,231873.0,94
201100050816,11,4,30,1335,1,2,1,1.0,2.0,94016,M,4878600.0,233112.0,94
201100050817,11,4,30,2305,5,2,2,1.0,2.0,94076,M,4878670.0,235151.0,94
201100050818,11,5,1,1630,1,2,4,1.0,6.0,94043,M,4881380.0,235756.0,94
201100050819,11,5,2,1525,1,2,1,1.0,2.0,94043,M,4881140.0,236186.0,94
201100050820,11,5,3,1350,1,2,2,1.0,3.0,94076,M,4878850.0,236678.0,94
201100050821,11,5,6,905,1,2,1,1.0,7.0,94003,M,4880430.0,233814.0,94
201100050822,11,5,7,1535,1,2,2,1.0,3.0,94076,M,4878860.0,236810.0,94
201100050823,11,5,9,2010,1,1,1,1.0,2.0,94003,M,4881270.0,233161.0,94
201100050824,11,5,9,2030,1,2,2,1.0,3.0,94043,M,4880990.0,236232.0,94
201100050825,11,5,11,900,1,2,1,1.0,6.0,94003,M,4880220.0,233860.0,94
201100050826,11,5,14,1235,1,2,1,1.0,3.0,94003,M,4880760.0,233425.0,94
201100050827,11,5,14,1715,1,2,5,1.0,2.0,94043,M,4880820.0,235713.0,94
201100050828,11,5,16,1350,1,1,1,1.0,5.0,94003,M,4880000.0,233310.0,94
201100050829,11,5,17,915,1,2,1,1.0,6.0,94043,M,4881090.0,235807.0,94
201100050830,11,5,17,1330,1,2,1,1.0,6.0,94016,M,4878680.0,233264.0,94
201100050831,11,5,18,1210,1,2,1,1.0,6.0,94003,M,4880500.0,233486.0,94
201100050832,11,5,19,1740,1,1,2,1.0,3.0,94016,M,4879680.0,233113.0,94
201100050833,11,5,20,1745,1,2,3,1.0,6.0,94076,M,4880220.0,236961.0,94
201100050834,11,5,20,1840,1,2,1,1.0,5.0,94043,M,4881390.0,236108.0,94
201100050835,11,5,21,1245,1,2,2,1.0,3.0,94043,M,4880680.0,235153.0,94
201100050836,11,5,22,1310,1,2,3,1.0,3.0,94037,M,4880840.0,234545.0,94
201100050837,11,5,24,1730,1,2,2,1.0,3.0,94076,M,4878460.0,236709.0,94
201100050838,11,5,25,855,1,2,3,1.0,6.0,94003,M,4880800.0,233297.0,94
201100050839,11,5,25,945,1,2,4,1.0,3.0,94043,M,4881540.0,236051.0,94
201100050840,11,5,25,1740,1,2,3,1.0,6.0,94003,M,4880100.0,233161.0,94
201100050841,11,5,26,935,1,2,1,1.0,6.0,94003,M,4880910.0,232991.0,94
201100050842,11,5,29,1630,1,2,1,1.0,3.0,94003,M,4880900.0,232656.0,94
201100050843,11,5,30,920,1,2,2,1.0,6.0,94037,M,4881760.0,235337.0,94
201100050844,11,5,30,2000,1,2,1,1.0,3.0,94016,M,4879020.0,233684.0,94
201100050845,11,5,31,2000,1,1,2,1.0,2.0,94076,M,4878860.0,237229.0,94
201100050846,11,6,3,1500,1,2,3,1.0,6.0,94076,M,4878460.0,235454.0,94
201100050847,11,6,5,1930,1,2,1,1.0,6.0,94043,M,4880470.0,234648.0,94
201100050848,11,6,7,1245,1,1,1,1.0,3.0,94076,M,4878610.0,236691.0,94
201100050849,11,6,8,920,1,2,1,1.0,6.0,94016,M,4879430.0,233644.0,94
201100050850,11,6,8,1815,1,2,5,1.0,6.0,94076,M,4878460.0,235903.0,94
201100050851,11,6,10,945,1,2,1,1.0,6.0,94076,M,4879730.0,236622.0,94
201100050852,11,6,16,1815,1,2,1,1.0,7.0,94043,M,4880500.0,234493.0,94
201100050853,11,6,18,2330,5,2,1,1.0,7.0,94003,M,4880620.0,234013.0,94
201100050854,11,6,22,1500,1,2,1,1.0,4.0,94043,M,4881210.0,236153.0,94
201100050855,11,6,23,1030,1,2,1,1.0,2.0,94076,M,4879410.0,236899.0,94
201100050856,11,6,23,1855,1,2,1,1.0,6.0,94076,M,4878990.0,235046.0,94
201100050857,11,6,23,2340,5,1,1,1.0,7.0,94076,M,4879610.0,236852.0,94
201100050858,11,6,24,1715,1,2,1,1.0,6.0,94003,M,4879900.0,234515.0,94
201100050859,11,6,26,945,1,2,1,1.0,5.0,94043,M,4881320.0,235524.0,94
201100050860,11,6,27,1414,1,2,1,1.0,2.0,94043,M,4880970.0,236152.0,94
201100050861,11,6,29,1650,1,2,2,1.0,3.0,94076,M,4879120.0,236941.0,94
201100050862,11,7,1,2045,1,2,4,1.0,3.0,94076,M,4880000.0,236554.0,94
201100050863,11,7,2,740,2,2,1,1.0,7.0,94003,M,4880310.0,234106.0,94
201100050864,11,7,4,1910,1,1,1,1.0,1.0,94037,M,4881500.0,233287.0,94
201100050865,11,7,9,1135,1,2,1,1.0,7.0,94016,M,4879040.0,233328.0,94
201100050866,11,7,16,1345,1,2,2,1.0,3.0,94003,M,4881090.0,233848.0,94
201100050867,11,7,16,2220,5,2,3,2.0,3.0,94037,M,4881630.0,234159.0,94
201100050868,11,7,18,1315,1,2,1,1.0,6.0,94043,M,4880970.0,235862.0,94
201100050869,11,7,19,445,5,2,3,3.0,3.0,94076,M,4879270.0,236926.0,94
201100050870,11,7,21,910,1,2,1,2.0,3.0,94016,M,4879690.0,233083.0,94
201100050871,11,7,21,1110,1,2,2,2.0,3.0,94076,M,4880720.0,236307.0,94
201100050872,11,7,22,2005,2,2,1,1.0,3.0,94016,M,4879890.0,233281.0,94
201100050873,11,8,1,2230,5,2,1,1.0,7.0,94076,M,4880240.0,235679.0,94
201100050874,11,8,5,1350,1,2,1,1.0,6.0,94076,M,4878740.0,236776.0,94
201100050875,11,8,8,2310,5,2,1,1.0,2.0,94043,M,4881040.0,235010.0,94
201100050876,11,8,15,1230,1,2,1,1.0,6.0,94003,M,4881000.0,233618.0,94
201100050877,11,8,19,1815,1,2,3,1.0,6.0,94076,M,4880350.0,236648.0,94
201100050878,11,8,20,150,5,2,1,1.0,2.0,94076,M,4878950.0,235262.0,94
201100050879,11,8,23,1320,1,2,4,1.0,6.0,94043,M,4880970.0,236096.0,94
201100050880,11,8,27,805,1,2,1,1.0,2.0,94016,M,4879680.0,234301.0,94
201100050881,11,8,29,240,5,2,1,1.0,7.0,94037,M,4881540.0,235292.0,94
201100050882,11,9,2,1330,1,2,1,1.0,1.0,94076,M,,,94
201100050883,11,9,3,1750,1,2,2,1.0,3.0,94016,M,,,94
201100050884,11,9,6,1730,1,2,1,1.0,6.0,94076,M,,,94
201100050885,11,9,7,1220,1,2,1,1.0,7.0,94016,M,,,94
201100050886,11,9,10,2225,5,2,3,1.0,2.0,94037,M,,,94
201100050887,11,9,11,1745,1,2,3,2.0,3.0,94043,M,,,94
201100050888,11,9,18,1650,1,2,1,1.0,3.0,94076,M,,,94
201100050889,11,9,18,2345,5,2,1,1.0,7.0,94003,M,,,94
201100050890,11,9,21,1015,1,1,1,1.0,4.0,94043,M,,,94
201100050891,11,9,21,2025,5,2,1,1.0,2.0,94043,M,,,94
201100050892,11,9,21,2259,5,2,1,1.0,2.0,94037,M,,,94
201100050893,11,9,22,1510,1,2,1,1.0,7.0,94076,M,,,94
201100050894,11,9,24,955,1,2,2,1.0,6.0,94076,M,,,94
201100050895,11,9,26,1650,1,2,3,1.0,7.0,94003,M,,,94
201100050896,11,9,27,1605,1,2,2,1.0,6.0,94076,M,,,94
201100050897,11,9,28,820,1,2,2,1.0,3.0,94043,M,,,94
201100050898,11,9,28,1820,1,2,3,1.0,7.0,94003,M,,,94
201100050899,11,9,29,1835,1,1,1,1.0,6.0,94016,M,,,94
201100050900,11,9,29,2045,5,2,1,1.0,1.0,94016,M,,,94
201100050901,11,9,29,2000,1,1,1,1.0,2.0,94043,M,,,94
201100050902,11,9,30,40,5,2,2,1.0,3.0,94076,M,,,94
201100050903,11,10,1,1250,1,2,1,1.0,6.0,94016,M,,,94
201100050904,11,10,3,1145,1,2,1,1.0,3.0,94037,M,,,94
201100050905,11,10,4,1800,1,2,2,1.0,3.0,94076,M,,,94
201100050906,11,10,6,1320,1,2,1,2.0,6.0,94076,M,,,94
201100050907,11,10,7,1940,5,2,2,8.0,6.0,94076,M,,,94
201100050908,11,10,10,1430,1,2,2,1.0,5.0,94076,M,,,94
201100050909,11,10,11,1805,2,2,1,8.0,3.0,94016,M,,,94
201100050910,11,10,13,1035,1,2,3,1.0,3.0,94076,M,,,94
201100050911,11,10,14,130,5,2,1,1.0,3.0,94043,M,,,94
201100050912,11,10,14,1300,1,2,2,1.0,3.0,94016,M,,,94
201100050913,11,10,16,110,5,2,2,1.0,3.0,94043,M,,,94
201100050914,11,10,18,1945,5,2,1,2.0,6.0,94043,M,,,94
201100050915,11,10,19,115,3,2,9,2.0,3.0,94037,M,,,94
201100050916,11,10,21,1005,1,2,1,1.0,6.0,94076,M,,,94
201100050917,11,10,23,205,5,2,1,1.0,6.0,94003,M,,,94
201100050918,11,10,25,1145,1,2,2,1.0,3.0,94076,M,,,94
201100050919,11,10,26,840,1,1,1,1.0,3.0,94003,M,,,94
201100050920,11,10,26,1010,1,2,3,1.0,6.0,94003,M,,,94
201100050921,11,10,27,230,4,2,1,1.0,6.0,94043,M,,,94
201100050922,11,10,27,1600,1,2,1,1.0,6.0,94016,M,,,94
201100050923,11,10,29,1830,1,2,1,1.0,7.0,94076,M,,,94
201100050924,11,10,31,1050,1,2,1,1.0,3.0,94016,M,,,94
201100050925,11,10,31,1300,1,2,1,1.0,2.0,94076,M,,,94
201100050926,11,11,4,1330,1,2,1,1.0,3.0,94003,M,,,94
201100050927,11,11,5,1130,1,2,1,8.0,6.0,94016,M,,,94
201100050928,11,11,9,710,2,1,1,1.0,3.0,94076,M,,,94
201100050929,11,11,11,2240,5,2,1,1.0,7.0,94016,M,,,94
201100050930,11,11,12,1105,1,2,2,1.0,5.0,94076,M,,,94
201100050931,11,11,12,1645,2,2,1,1.0,2.0,94003,M,,,94
201100050932,11,11,13,930,1,2,1,1.0,7.0,94016,M,,,94
201100050933,11,11,13,1330,1,2,1,1.0,7.0,94043,M,,,94
201100050934,11,11,14,1605,1,2,2,1.0,1.0,94043,M,,,94
201100050935,11,11,15,830,1,2,1,1.0,7.0,94076,M,,,94
201100050936,11,11,18,820,1,2,1,2.0,6.0,94076,M,,,94
201100050937,11,11,21,1610,1,2,7,1.0,6.0,94076,M,,,94
201100050938,11,11,25,900,1,2,3,1.0,6.0,94076,M,,,94
201100050939,11,11,25,1740,5,1,2,1.0,6.0,94076,M,,,94
201100050940,11,11,26,1145,1,2,2,1.0,4.0,94043,M,,,94
201100050941,11,11,27,1730,4,2,2,1.0,3.0,94003,M,,,94
201100050942,11,11,28,1825,5,2,1,8.0,3.0,94003,M,,,94
201100050943,11,11,30,100,5,1,2,2.0,3.0,94043,M,,,94
201100050944,11,12,2,1115,1,2,3,8.0,6.0,94016,M,,,94
201100050945,11,12,3,840,1,2,3,2.0,3.0,94043,M,,,94
201100050946,11,12,3,1040,1,2,1,2.0,6.0,94003,M,,,94
201100050947,11,12,5,1935,5,1,9,2.0,7.0,94043,M,,,94
201100050948,11,12,6,2335,5,2,1,2.0,3.0,94003,M,,,94
201100050949,11,12,10,900,1,2,1,1.0,1.0,94043,M,,,94
201100050950,11,12,12,935,1,2,9,1.0,2.0,94016,M,,,94
201100050951,11,12,15,720,5,2,2,8.0,7.0,94076,M,,,94
201100050952,11,12,17,2050,5,2,1,1.0,3.0,94076,M,,,94
201100050953,11,12,19,610,5,2,1,2.0,2.0,94003,M,,,94
201100050954,11,12,20,1920,5,2,1,1.0,3.0,94016,M,,,94
201100050955,11,12,22,910,1,2,2,8.0,7.0,94043,M,,,94
201100050956,11,12,23,2120,5,2,1,2.0,7.0,94076,M,,,94
201100050957,11,12,23,2325,5,2,4,1.0,2.0,94016,M,,,94
201100050958,11,12,24,1830,5,2,2,1.0,6.0,94076,M,,,94
201100050959,11,12,29,1800,3,2,1,1.0,7.0,94076,M,,,94
201100050960,11,12,29,1710,2,2,1,8.0,6.0,94037,M,,,94
201100050961,11,12,30,2015,5,1,2,3.0,1.0,94003,M,,,94
201100050962,11,1,6,815,1,2,3,1.0,6.0,94073,M,4875260.0,240572.0,94
201100050963,11,1,7,920,1,2,1,2.0,2.0,94038,M,4878360.0,234555.0,94
201100050964,11,1,7,1940,5,2,1,1.0,3.0,94021,M,4877180.0,233694.0,94
201100050965,11,1,11,1940,5,2,2,1.0,3.0,94034,M,4875420.0,232463.0,94
201100050966,11,1,12,750,2,2,4,2.0,3.0,94065,M,4875440.0,236137.0,94
201100050967,11,1,14,1600,1,2,1,1.0,7.0,94065,M,4875620.0,234884.0,94
201100050968,11,1,15,1645,1,2,1,1.0,3.0,94021,M,4877630.0,236731.0,94
201100050969,11,1,16,730,2,2,1,1.0,7.0,94073,M,4876970.0,236792.0,94
201100050970,11,1,18,1130,1,2,1,1.0,7.0,94021,M,4877250.0,236755.0,94
201100050971,11,1,19,815,1,2,2,1.0,6.0,94038,M,4877630.0,235386.0,94
201100050972,11,1,26,1755,5,2,2,2.0,6.0,94038,M,4877390.0,235186.0,94
201100050973,11,1,27,1050,1,2,1,1.0,6.0,94021,M,4877060.0,236395.0,94
201100050974,11,1,27,1810,5,2,1,1.0,6.0,94038,M,4877380.0,235403.0,94
201100050975,11,1,11,2150,5,2,1,1.0,6.0,94038,M,4877680.0,235761.0,94
201100050976,11,2,1,2315,5,2,1,2.0,6.0,94021,M,4876110.0,236824.0,94
201100050977,11,2,2,715,2,2,3,9.0,1.0,94073,M,4876590.0,239848.0,94
201100050978,11,2,2,2000,5,2,2,1.0,7.0,94073,M,4876130.0,240324.0,94
201100050979,11,2,2,2130,5,2,2,1.0,3.0,94073,M,4876130.0,240324.0,94
201100050980,11,2,3,250,5,1,1,2.0,3.0,94021,M,4876220.0,234956.0,94
201100050981,11,2,8,925,1,2,3,1.0,3.0,94038,M,4876870.0,232435.0,94
201100050982,11,2,11,2040,3,2,1,1.0,6.0,94073,M,4875030.0,237262.0,94
201100050983,11,2,12,840,1,2,2,1.0,3.0,94073,M,4874610.0,236929.0,94
201100050984,11,2,14,550,5,2,3,2.0,7.0,94076,M,4880700.0,236322.0,94
201100050985,11,2,16,20,5,2,1,2.0,3.0,94073,M,4875880.0,239462.0,94
201100050986,11,2,16,1100,1,1,4,8.0,2.0,94065,M,4875200.0,236890.0,94
201100050987,11,2,22,15,3,1,1,3.0,7.0,94073,M,4875370.0,237421.0,94
201100050988,11,2,23,1645,1,2,6,2.0,3.0,94065,M,4875270.0,236050.0,94
201100050989,11,2,28,5,3,2,1,1.0,7.0,94065,M,4874670.0,235018.0,94
201100050990,11,2,28,910,1,2,3,1.0,6.0,94073,M,4875830.0,239291.0,94
201100050991,11,3,4,1920,5,2,6,1.0,6.0,94021,M,4877110.0,234986.0,94
201100050992,11,3,5,1445,1,2,1,1.0,3.0,94073,M,4875670.0,237151.0,94
201100050993,11,3,6,155,5,2,2,1.0,1.0,94073,M,4875380.0,240538.0,94
201100050994,11,3,9,1040,1,2,1,1.0,7.0,94038,M,4877850.0,232798.0,94
201100050995,11,3,11,855,1,2,1,1.0,3.0,94034,M,4875330.0,232826.0,94
201100050996,11,3,15,750,1,2,1,1.0,3.0,94021,M,4876360.0,235814.0,94
201100050997,11,3,18,1505,1,2,1,1.0,6.0,94038,M,4878000.0,233641.0,94
201100050998,11,3,19,835,1,1,1,1.0,3.0,94065,M,4875350.0,236392.0,94
201100050999,11,3,19,1120,1,2,1,1.0,3.0,94065,M,4874850.0,234192.0,94
201100051000,11,3,19,1800,1,1,1,1.0,3.0,94073,M,4875630.0,237199.0,94
201100051001,11,3,19,1030,1,2,4,8.0,3.0,94073,M,4875400.0,238634.0,94
201100051002,11,3,19,1945,2,2,4,1.0,6.0,94073,M,4876650.0,238645.0,94
201100051003,11,3,19,1904,5,2,3,1.0,3.0,94065,M,4875910.0,235102.0,94
201100051004,11,3,21,830,1,2,2,1.0,1.0,94038,M,4877530.0,232641.0,94
201100051005,11,3,21,1710,1,2,1,7.0,3.0,94021,M,4876590.0,236794.0,94
201100051006,11,3,22,1050,1,2,1,1.0,6.0,94065,M,4875830.0,236127.0,94
201100051007,11,3,25,1300,1,1,1,1.0,7.0,94065,M,4875100.0,236104.0,94
201100051008,11,3,26,1200,1,1,1,1.0,4.0,94073,M,4875360.0,236962.0,94
201100051009,11,3,27,1040,1,2,1,8.0,6.0,94073,M,4875330.0,237972.0,94
201100051010,11,3,29,1400,1,2,1,1.0,3.0,94065,M,4875810.0,234705.0,94
201100051011,11,4,1,800,1,2,3,8.0,3.0,94073,M,4876720.0,238050.0,94
201100051012,11,4,4,2000,2,2,2,1.0,4.0,94038,M,4877530.0,232641.0,94
201100051013,11,4,6,1130,1,2,1,1.0,7.0,94034,M,4875750.0,232280.0,94
201100051014,11,4,8,110,5,2,1,1.0,6.0,94021,M,4876990.0,236501.0,94
201100051015,11,4,9,1950,1,2,1,1.0,5.0,94073,M,,,94
201100051016,11,4,12,1225,1,2,6,1.0,3.0,94073,M,4875470.0,237517.0,94
201100051017,11,4,11,740,1,2,1,1.0,7.0,94021,M,4877000.0,235112.0,94
201100051018,11,4,13,800,1,2,1,1.0,5.0,94021,M,4876730.0,233629.0,94
201100051019,11,4,15,15,5,2,1,1.0,7.0,94038,M,4878000.0,234101.0,94
201100051020,11,4,15,1330,1,1,3,1.0,2.0,94073,M,4875530.0,236976.0,94
201100051021,11,4,27,420,5,2,1,1.0,7.0,94073,M,4876140.0,239361.0,94
201100051022,11,4,27,1420,1,2,2,1.0,6.0,94073,M,4876880.0,236786.0,94
201100051023,11,4,28,1030,1,2,1,1.0,3.0,94021,M,4876250.0,235097.0,94
201100051024,11,4,29,1555,1,2,1,1.0,4.0,94073,M,4876650.0,238590.0,94
201100051025,11,5,4,1400,1,2,1,1.0,3.0,94021,M,4876190.0,236598.0,94
201100051026,11,5,5,1405,1,2,1,1.0,4.0,94065,M,4875450.0,234757.0,94
201100051027,11,5,6,230,5,2,1,1.0,3.0,94065,M,4875980.0,235293.0,94
201100051028,11,5,7,1130,1,2,1,1.0,3.0,94073,M,4875790.0,239124.0,94
201100051029,11,5,12,1655,1,2,2,1.0,1.0,94021,M,4877040.0,236344.0,94
201100051030,11,5,12,1740,1,2,3,1.0,1.0,94073,M,4876560.0,239645.0,94
201100051031,11,5,13,935,1,2,1,1.0,6.0,94038,M,4877070.0,232266.0,94
201100051032,11,5,20,1220,1,2,1,1.0,6.0,94065,M,4875100.0,235388.0,94
201100051033,11,5,20,1800,1,2,1,1.0,7.0,94034,M,4875940.0,233240.0,94
201100051034,11,5,21,1415,1,2,2,1.0,3.0,94073,M,4876600.0,239054.0,94
201100051035,11,5,23,1230,1,2,1,1.0,2.0,94065,M,4875280.0,235091.0,94
201100051036,11,5,23,1835,1,2,2,1.0,2.0,94021,M,4877320.0,233776.0,94
201100051037,11,5,24,1030,1,2,2,1.0,2.0,94073,M,4876880.0,236786.0,94
201100051038,11,5,24,1745,1,2,1,1.0,4.0,94034,M,4875950.0,232328.0,94
201100051039,11,5,28,1145,1,2,2,1.0,7.0,94065,M,4874200.0,235260.0,94
201100051040,11,5,29,1720,1,2,2,1.0,3.0,94073,M,4876140.0,240318.0,94
201100051041,11,5,30,1340,1,1,4,1.0,2.0,94065,M,4875200.0,236890.0,94
201100051042,11,6,3,1150,1,2,1,1.0,3.0,94065,M,4876020.0,235378.0,94
201100051043,11,6,3,1220,1,2,1,1.0,7.0,94034,M,4875400.0,233769.0,94
201100051044,11,6,3,1520,1,1,1,1.0,3.0,94065,M,4874580.0,235524.0,94
201100051045,11,6,6,2250,5,2,6,1.0,3.0,94073,M,4876880.0,236786.0,94
201100051046,11,6,7,915,1,2,1,2.0,6.0,94034,M,4876050.0,232598.0,94
201100051047,11,6,8,1050,1,2,2,1.0,3.0,94021,M,4876390.0,236810.0,94
201100051048,11,6,11,1635,1,2,1,1.0,5.0,94073,M,4876320.0,236973.0,94
201100051049,11,6,12,1025,1,2,2,1.0,3.0,94073,M,4876650.0,239337.0,94
201100051050,11,6,17,1830,1,2,2,8.0,3.0,94021,M,4876680.0,233584.0,94
201100051051,11,6,18,2000,1,2,4,1.0,6.0,94073,M,4876010.0,236849.0,94
201100051052,11,6,18,1950,1,2,1,1.0,6.0,94021,M,4877600.0,235863.0,94
201100051053,11,6,20,955,1,2,1,2.0,3.0,94034,M,4875810.0,232961.0,94
201100051054,11,6,19,2030,1,2,1,1.0,7.0,94065,M,4875190.0,235293.0,94
201100051055,11,6,21,1640,1,2,1,1.0,3.0,94073,M,4875800.0,239159.0,94
201100051056,11,6,21,1920,1,2,2,1.0,1.0,94038,M,4877580.0,235340.0,94
201100051057,11,6,24,1240,1,2,1,1.0,3.0,94038,M,4878390.0,234494.0,94
201100051058,11,6,25,1630,1,1,1,1.0,7.0,94065,M,4875340.0,235874.0,94
201100051059,11,6,27,1055,1,2,1,1.0,7.0,94073,M,4876830.0,239067.0,94
201100051060,11,6,28,125,5,1,1,1.0,5.0,94073,M,4875760.0,236868.0,94
201100051061,11,6,28,1630,1,2,1,1.0,4.0,94065,M,4875340.0,236100.0,94
201100051062,11,6,28,1910,1,2,1,1.0,2.0,94065,M,4875640.0,235128.0,94
201100051063,11,6,28,1830,1,2,1,1.0,6.0,94021,M,4876730.0,236623.0,94
201100051064,11,6,28,2130,2,2,3,1.0,3.0,94073,M,4876940.0,240219.0,94
201100051065,11,6,30,1205,1,2,6,1.0,3.0,94073,M,4875470.0,237517.0,94
201100051066,11,7,4,1535,1,2,4,1.0,1.0,94073,M,4875400.0,238634.0,94
201100051067,11,7,5,1320,1,1,1,1.0,2.0,94065,M,4875380.0,235809.0,94
201100051068,11,7,10,1515,1,2,1,1.0,7.0,94021,M,4876260.0,233973.0,94
201100051069,11,7,10,2340,5,2,1,1.0,3.0,94021,M,4877640.0,236731.0,94
201100051070,11,7,11,2000,1,2,3,1.0,3.0,94034,M,4875540.0,232240.0,94
201100051071,11,7,12,1535,1,1,3,1.0,3.0,94021,M,4876390.0,236810.0,94
201100051072,11,7,12,1850,1,2,1,1.0,3.0,94038,M,4878360.0,234562.0,94
201100051073,11,7,14,650,1,2,2,1.0,3.0,94073,M,4876880.0,236786.0,94
201100051074,11,7,14,1500,1,2,3,8.0,3.0,94073,M,4876570.0,239269.0,94
201100051075,11,7,15,1140,1,2,2,1.0,3.0,94073,M,4876130.0,240324.0,94
201100051076,11,7,15,1220,1,1,1,1.0,2.0,94065,M,4875390.0,236547.0,94
201100051077,11,7,25,1940,1,2,1,1.0,1.0,94034,M,4875620.0,231661.0,94
201100051078,11,7,26,1355,1,2,1,1.0,3.0,94065,M,4874970.0,236898.0,94
201100051079,11,7,27,510,5,2,6,1.0,3.0,94065,M,4875810.0,236065.0,94
201100051080,11,7,29,1015,1,2,1,1.0,3.0,94038,M,4877930.0,234080.0,94
201100051081,11,7,30,1950,1,2,4,1.0,3.0,94034,M,4875850.0,232804.0,94
201100051082,11,7,3,2000,1,2,1,1.0,6.0,94021,M,4877690.0,236032.0,94
201100051083,11,7,12,1200,1,2,1,1.0,2.0,94022,M,4876390.0,240588.0,94
201100051084,11,8,2,2215,5,2,6,1.0,7.0,94065,M,4875860.0,234900.0,94
201100051085,11,8,3,1600,1,2,1,1.0,7.0,94073,M,4876130.0,239813.0,94
201100051086,11,8,8,840,1,2,2,8.0,3.0,94073,M,4875930.0,239663.0,94
201100051087,11,8,8,1300,1,2,1,1.0,3.0,94065,M,4875610.0,235095.0,94
201100051088,11,8,11,715,2,1,1,1.0,3.0,94065,M,4875880.0,234878.0,94
201100051089,11,8,12,1230,1,2,1,1.0,3.0,94073,M,4875860.0,237057.0,94
201100051090,11,8,17,355,5,2,2,1.0,3.0,94021,M,4876190.0,235697.0,94
201100051091,11,8,19,1345,1,2,1,1.0,2.0,94073,M,4875580.0,236883.0,94
201100051092,11,8,20,2050,2,2,1,1.0,7.0,94073,M,4875190.0,236998.0,94
201100051093,11,8,26,1700,1,2,1,2.0,6.0,94038,M,4878210.0,234348.0,94
201100051094,11,8,29,1610,1,2,1,1.0,2.0,94021,M,4876990.0,233762.0,94
201100051095,11,8,31,1140,1,2,1,1.0,3.0,94021,M,4876290.0,234884.0,94
201100051096,11,9,1,1550,1,2,1,1.0,3.0,94021,M,,,94
201100051097,11,9,3,1415,1,2,2,1.0,1.0,94034,M,,,94
201100051098,11,9,4,930,1,1,1,8.0,7.0,94073,M,,,94
201100051099,11,9,5,1615,1,2,1,1.0,4.0,94038,M,,,94
201100051100,11,9,7,835,1,2,2,1.0,3.0,94065,M,,,94
201100051101,11,9,7,1305,1,2,1,1.0,1.0,94065,M,,,94
201100051102,11,9,8,1640,1,2,1,1.0,2.0,94038,M,,,94
201100051103,11,9,9,740,2,2,1,8.0,6.0,94038,M,,,94
201100051104,11,9,10,1200,1,1,6,1.0,3.0,94021,M,,,94
201100051105,11,9,11,2135,5,2,1,8.0,1.0,94038,M,,,94
201100051106,11,9,13,1000,1,2,3,1.0,4.0,94038,M,,,94
201100051107,11,9,13,1730,1,2,1,1.0,6.0,94038,M,,,94
201100051108,11,9,19,920,1,1,1,1.0,2.0,94073,M,,,94
201100051109,11,9,23,755,1,2,3,7.0,2.0,94073,M,,,94
201100051110,11,9,23,950,1,2,2,7.0,3.0,94038,M,,,94
201100051111,11,9,24,1655,1,2,1,1.0,4.0,94021,M,,,94
201100051112,11,9,27,1430,1,2,2,1.0,3.0,94073,M,,,94
201100051113,11,9,29,220,5,2,1,1.0,7.0,94073,M,,,94
201100051114,11,9,30,1000,1,2,1,1.0,7.0,94034,M,,,94
201100051115,11,10,1,1410,1,2,1,1.0,2.0,94073,M,,,94
201100051116,11,10,1,1630,1,2,2,1.0,3.0,94073,M,,,94
201100051117,11,10,3,1145,1,2,3,1.0,2.0,94073,M,,,94