Num_Acc,an,mois,jour,hrmn,lum,agg,int,atm,col,com,gps,lat,long,dep
201100051118,11,10,3,1640,1,2,1,1.0,4.0,94021,M,,,94
201100051119,11,10,3,1815,1,2,3,1.0,3.0,94073,M,,,94
201100051120,11,10,9,2010,5,2,3,1.0,3.0,94065,M,,,94
201100051121,11,10,11,1145,1,2,2,8.0,3.0,94034,M,,,94
201100051122,11,10,13,1645,1,2,1,1.0,6.0,94065,M,,,94
201100051123,11,10,17,745,2,2,1,1.0,1.0,94073,M,,,94
201100051124,11,10,18,1800,2,2,1,2.0,2.0,94073,M,,,94
201100051125,11,10,19,620,5,2,1,1.0,2.0,94073,M,,,94
201100051126,11,10,19,840,1,2,1,2.0,1.0,94038,M,,,94
201100051127,11,10,19,1305,1,2,1,1.0,3.0,94021,M,,,94
201100051128,11,10,20,815,1,2,2,1.0,6.0,94073,M,,,94
201100051129,11,10,21,920,1,1,2,1.0,6.0,94021,M,,,94
201100051130,11,10,21,1300,1,1,3,7.0,7.0,94021,M,,,94
201100051131,11,10,23,5,5,2,1,1.0,7.0,94073,M,,,94
201100051132,11,10,23,1750,1,2,3,1.0,3.0,94038,M,,,94
201100051133,11,10,26,1140,1,2,1,1.0,2.0,94073,M,,,94
201100051134,11,10,26,1825,2,2,3,1.0,3.0,94034,M,,,94
201100051135,11,10,27,1705,1,2,1,1.0,6.0,94065,M,,,94
201100051136,11,10,28,640,5,2,1,1.0,2.0,94065,M,,,94
201100051137,11,10,28,1720,1,2,1,1.0,6.0,94038,M,,,94
201100051138,11,10,29,1610,1,2,2,1.0,3.0,94073,M,,,94
201100051139,11,11,3,1000,1,1,2,2.0,3.0,94021,M,,,94
201100051140,11,11,3,1645,1,2,3,2.0,1.0,94073,M,,,94
201100051141,11,11,3,1720,5,2,1,3.0,1.0,94073,M,,,94
201100051142,11,11,4,2100,5,1,9,1.0,7.0,94073,M,,,94
201100051143,11,11,6,410,5,2,3,1.0,3.0,94021,M,,,94
201100051144,11,11,7,830,1,2,1,8.0,2.0,94038,M,,,94
201100051145,11,11,7,1200,1,1,2,8.0,1.0,94073,M,,,94
201100051146,11,11,7,1845,2,2,3,2.0,6.0,94034,M,,,94
201100051147,11,11,8,1930,5,2,1,2.0,6.0,94065,M,,,94
201100051148,11,11,9,810,1,2,1,2.0,7.0,94073,M,,,94
201100051149,11,11,12,900,1,2,2,1.0,2.0,94034,M,,,94
201100051150,11,11,12,1755,3,2,3,1.0,6.0,94073,M,,,94
201100051151,11,11,14,2150,5,2,6,1.0,7.0,94073,M,,,94
201100051152,11,11,17,1345,1,2,1,1.0,6.0,94034,M,,,94
201100051153,11,11,17,1900,5,2,3,1.0,3.0,94038,M,,,94
201100051154,11,11,19,1600,1,2,1,1.0,3.0,94038,M,,,94
201100051155,11,11,20,215,5,2,1,1.0,6.0,94065,M,,,94
201100051156,11,11,22,1250,1,2,1,1.0,2.0,94073,M,,,94
201100051157,11,11,22,1845,5,2,1,1.0,6.0,94073,M,,,94
201100051158,11,11,25,1215,1,2,1,1.0,1.0,94021,M,,,94
201100051159,11,11,25,1430,1,2,1,2.0,2.0,94034,M,,,94
201100051160,11,11,26,210,5,2,3,1.0,7.0,94038,M,,,94
201100051161,11,11,27,1210,1,2,2,1.0,2.0,94073,M,,,94
201100051162,11,11,28,1730,5,2,1,1.0,6.0,94073,M,,,94
201100051163,11,11,28,2045,5,2,2,1.0,6.0,94038,M,,,94
201100051164,11,11,29,1310,1,1,1,1.0,6.0,94034,M,,,94
201100051165,11,11,30,2335,5,2,1,1.0,5.0,94021,M,,,94
201100051166,11,12,2,1235,1,2,1,1.0,6.0,94073,M,,,94
201100051167,11,12,2,1900,5,2,1,1.0,3.0,94073,M,,,94
201100051168,11,12,5,750,1,1,3,8.0,1.0,94065,M,,,94
201100051169,11,12,5,925,1,2,1,2.0,3.0,94065,M,,,94
201100051170,11,12,7,1055,1,2,3,2.0,5.0,94065,M,,,94
201100051171,11,12,8,1445,1,2,3,8.0,3.0,94073,M,,,94
201100051172,11,12,10,1635,1,2,2,1.0,3.0,94073,M,,,94
201100051173,11,12,12,1710,5,2,1,1.0,6.0,94034,M,,,94
201100051174,11,12,13,1545,1,1,3,1.0,3.0,94021,M,,,94
201100051175,11,12,13,1440,1,1,1,2.0,3.0,94021,M,,,94
201100051176,11,12,14,1710,5,2,1,1.0,6.0,94038,M,,,94
201100051177,11,12,14,2045,3,2,3,1.0,3.0,94073,M,,,94
201100051178,11,12,16,850,2,2,1,3.0,2.0,94073,M,,,94
201100051179,11,12,17,945,1,2,1,1.0,6.0,94034,M,,,94
201100051180,11,12,18,530,5,2,3,1.0,6.0,94065,M,,,94
201100051181,11,12,18,1255,1,1,1,1.0,2.0,94065,M,,,94
201100051182,11,12,19,135,5,1,1,9.0,6.0,94073,M,,,94
201100051183,11,12,19,1600,2,2,1,2.0,2.0,94073,M,,,94
201100051184,11,12,21,1720,5,2,1,2.0,6.0,94073,M,,,94
201100051185,11,12,21,1900,5,2,1,2.0,6.0,94021,M,,,94
201100051186,11,12,22,1120,1,1,9,1.0,3.0,94073,M,,,94
201100051187,11,12,22,1634,1,2,1,8.0,6.0,94073,M,,,94
201100051188,11,12,25,1930,5,2,1,1.0,1.0,94073,M,,,94
201100051189,11,12,26,1810,5,2,1,1.0,7.0,94038,M,,,94
201100051190,11,12,30,550,5,1,1,3.0,7.0,94073,M,,,94
201100051191,11,12,30,1900,5,2,3,2.0,6.0,94038,M,,,94
201100051192,11,12,31,1115,1,2,1,2.0,1.0,94041,M,,,94
201100051193,11,1,8,2155,5,2,1,2.0,7.0,94041,M,4881180.0,238495.0,94
201100051194,11,1,15,1525,1,2,1,1.0,2.0,94041,M,4881690.0,237135.0,94
201100051195,11,1,16,530,5,2,1,1.0,7.0,94041,M,4881460.0,239063.0,94
201100051196,11,1,23,630,1,2,1,1.0,7.0,94041,M,4881640.0,237008.0,94
201100051197,11,1,23,2009,5,2,1,1.0,2.0,94041,M,4881190.0,240297.0,94
201100051198,11,1,26,1700,1,2,1,2.0,4.0,94041,M,4882010.0,239564.0,94
201100051199,11,1,25,1925,5,2,1,1.0,6.0,94041,M,4881300.0,237025.0,94
201100051200,11,1,25,1835,5,2,1,1.0,7.0,94041,M,4881810.0,240143.0,94
201100051201,11,1,30,235,5,2,2,1.0,3.0,94041,M,4881160.0,240305.0,94
201100051202,11,2,1,825,1,2,1,1.0,7.0,94041,M,4880720.0,239975.0,94
201100051203,11,2,1,1645,1,2,7,1.0,5.0,94041,M,4881460.0,239690.0,94
201100051204,11,2,1,2355,5,2,1,9.0,7.0,94041,M,4882080.0,238888.0,94
201100051205,11,2,9,1740,1,2,1,8.0,6.0,94041,M,4881900.0,237386.0,94
201100051206,11,2,21,2020,3,2,1,1.0,2.0,94041,M,4880380.0,239303.0,94
201100051207,11,2,21,2015,5,2,1,2.0,6.0,94041,M,4881180.0,238495.0,94
201100051208,11,2,25,2145,5,2,1,1.0,7.0,94041,M,4881070.0,240331.0,94
201100051209,11,2,3,1445,1,2,2,1.0,3.0,94041,M,4881000.0,238969.0,94
201100051210,11,3,2,1140,1,2,1,1.0,7.0,94041,M,4882350.0,238816.0,94
201100051211,11,3,7,1720,1,2,1,1.0,6.0,94041,M,4880570.0,239344.0,94
201100051212,11,3,15,1215,1,2,1,1.0,6.0,94041,M,4880620.0,237538.0,94
201100051213,11,3,16,1210,1,2,1,1.0,3.0,94041,M,4881610.0,238272.0,94
201100051214,11,3,16,1920,5,2,1,1.0,6.0,94041,M,4881560.0,237756.0,94
201100051215,11,3,16,1925,5,2,2,1.0,6.0,94041,M,4881230.0,239177.0,94
201100051216,11,3,27,655,2,2,3,1.0,2.0,94041,M,4882510.0,238877.0,94
201100051217,11,3,23,1350,1,2,1,1.0,6.0,94041,M,4881710.0,238198.0,94
201100051218,11,3,31,2205,5,2,1,1.0,6.0,94041,M,4881490.0,239120.0,94
201100051219,11,4,2,140,5,2,1,1.0,7.0,94041,M,4881160.0,238450.0,94
201100051220,11,4,13,825,1,2,1,1.0,3.0,94041,M,4881310.0,237016.0,94
201100051221,11,4,16,440,5,2,1,1.0,3.0,94041,M,4881220.0,238593.0,94
201100051222,11,4,18,1710,1,2,3,1.0,3.0,94041,M,4881330.0,238834.0,94
201100051223,11,4,20,650,1,2,1,1.0,2.0,94041,M,4881460.0,239433.0,94
201100051224,11,4,19,1700,1,2,1,1.0,7.0,94041,M,4881780.0,239414.0,94
201100051225,11,4,20,1155,1,2,1,1.0,3.0,94041,M,4881460.0,240367.0,94
201100051226,11,4,21,1820,1,2,1,1.0,3.0,94041,M,4881980.0,239593.0,94
201100051227,11,4,23,1347,1,2,1,9.0,6.0,94041,M,4882050.0,239349.0,94
201100051228,11,4,23,955,1,2,2,1.0,3.0,94041,M,4880430.0,238562.0,94
201100051229,11,4,27,1945,1,2,5,7.0,6.0,94041,M,4881760.0,238157.0,94
201100051230,11,4,30,640,2,2,2,1.0,3.0,94041,M,4881890.0,239696.0,94
201100051231,11,5,3,955,1,2,2,1.0,6.0,94041,M,4881580.0,238304.0,94
201100051232,11,5,9,1729,1,2,1,1.0,2.0,94041,M,4881280.0,238375.0,94
201100051233,11,5,12,1730,1,2,1,1.0,6.0,94041,M,4881660.0,239941.0,94
201100051234,11,5,13,1440,1,2,1,1.0,2.0,94041,M,4881730.0,236688.0,94
201100051235,11,5,16,1920,1,2,1,1.0,6.0,94041,M,4881660.0,237984.0,94
201100051236,11,5,12,1715,1,2,1,1.0,6.0,94041,M,4881420.0,236930.0,94
201100051237,11,5,26,1815,1,2,1,8.0,6.0,94041,M,4881800.0,239771.0,94
201100051238,11,6,3,805,1,2,1,1.0,2.0,94041,M,4881100.0,240321.0,94
201100051239,11,5,31,350,5,2,1,1.0,7.0,94041,M,4881170.0,238458.0,94
201100051240,11,6,5,1710,1,2,1,1.0,6.0,94041,M,4880220.0,237875.0,94
201100051241,11,6,7,1600,1,2,2,2.0,6.0,94041,M,4881060.0,238861.0,94
201100051242,11,6,11,1830,1,2,1,1.0,7.0,94041,M,4880870.0,240403.0,94
201100051243,11,6,11,1730,1,2,3,1.0,3.0,94041,M,4880890.0,237912.0,94
201100051244,11,6,10,1620,1,2,1,2.0,7.0,94041,M,4881800.0,239779.0,94
201100051245,11,6,14,1320,1,2,1,8.0,6.0,94041,M,4881460.0,239862.0,94
201100051246,11,6,15,1220,1,2,1,1.0,6.0,94041,M,4880810.0,236980.0,94
201100051247,11,6,26,1830,1,1,2,1.0,3.0,94041,M,4881890.0,239927.0,94
201100051248,11,6,22,1220,1,2,1,2.0,5.0,94041,M,4881650.0,239991.0,94
201100051249,11,6,22,1725,1,2,1,1.0,4.0,94041,M,4881950.0,239629.0,94
201100051250,11,6,22,1500,1,2,1,1.0,2.0,94041,M,4881820.0,238112.0,94
201100051251,11,6,27,1355,1,2,1,1.0,7.0,94041,M,4880800.0,237086.0,94
201100051252,11,6,27,1400,1,2,2,7.0,3.0,94041,M,4881890.0,239927.0,94
201100051253,11,6,28,1825,1,2,6,1.0,6.0,94041,M,4881460.0,239818.0,94
201100051254,11,7,1,2000,1,2,1,1.0,6.0,94041,M,4880640.0,237599.0,94
201100051255,11,7,3,1730,1,2,2,1.0,3.0,94041,M,4881650.0,240364.0,94
201100051256,11,7,2,1615,1,2,1,1.0,6.0,94041,M,4881750.0,239851.0,94
201100051257,11,7,12,1040,1,2,6,3.0,3.0,94041,M,4881460.0,240209.0,94
201100051258,11,7,18,1845,1,2,1,1.0,6.0,94041,M,4880670.0,238576.0,94
201100051259,11,7,18,1105,1,2,2,1.0,2.0,94041,M,4881160.0,240305.0,94
201100051260,11,7,20,830,1,2,1,1.0,3.0,94041,M,4881050.0,237987.0,94
201100051261,11,7,22,920,1,2,1,1.0,6.0,94041,M,4882170.0,239367.0,94
201100051262,11,7,24,100,5,2,3,1.0,3.0,94041,M,4882050.0,239522.0,94
201100051263,11,7,25,2155,5,2,3,1.0,6.0,94041,M,4880430.0,240503.0,94
201100051264,11,7,29,1256,1,2,3,8.0,3.0,94041,M,4881330.0,238834.0,94
201100051265,11,7,30,1155,1,2,1,1.0,3.0,94041,M,4881800.0,237528.0,94
201100051266,11,8,3,1930,1,2,1,1.0,3.0,94041,M,4880940.0,238050.0,94
201100051267,11,8,4,2300,5,2,1,1.0,7.0,94041,M,4881340.0,236997.0,94
201100051268,11,8,12,340,5,2,6,1.0,7.0,94041,M,4881460.0,240209.0,94
201100051269,11,8,12,1630,1,2,1,1.0,7.0,94041,M,4881440.0,238214.0,94
201100051270,11,8,26,855,1,2,1,2.0,6.0,94041,M,4880830.0,237386.0,94
201100051271,11,9,1,1645,1,2,1,1.0,6.0,94041,M,,,94
201100051272,11,9,2,720,1,2,1,1.0,2.0,94041,M,,,94
201100051273,11,9,2,2100,5,2,1,1.0,2.0,94041,M,,,94
201100051274,11,9,9,1655,1,2,1,8.0,4.0,94041,M,,,94
201100051275,11,9,9,1745,1,2,1,1.0,6.0,94041,M,,,94
201100051276,11,9,13,1405,1,2,1,1.0,6.0,94041,M,,,94
201100051277,11,9,15,1400,1,2,7,1.0,6.0,94041,M,,,94
201100051278,11,9,22,1330,1,2,1,1.0,2.0,94041,M,,,94
201100051279,11,12,23,1755,1,2,1,1.0,6.0,94041,M,,,94
201100051280,11,9,25,625,5,2,1,1.0,2.0,94041,M,,,94
201100051281,11,9,25,1540,1,2,2,1.0,6.0,94041,M,,,94
201100051282,11,9,30,950,1,2,1,1.0,3.0,94041,M,,,94
201100051283,11,10,1,615,2,2,1,1.0,6.0,94041,M,,,94
201100051284,11,10,4,1115,1,2,2,1.0,3.0,94041,M,,,94
201100051285,11,10,4,1500,1,2,3,1.0,6.0,94041,M,,,94
201100051286,11,10,4,1650,1,2,1,1.0,6.0,94041,M,,,94
201100051287,11,12,31,1335,1,2,1,2.0,2.0,94041,M,,,94
201100051288,11,10,9,2135,5,2,2,1.0,3.0,94041,M,,,94
201100051289,11,10,12,2050,5,2,1,1.0,2.0,94041,M,,,94
201100051290,11,10,15,1610,1,2,1,1.0,1.0,94041,M,,,94
201100051291,11,10,17,2020,5,2,1,1.0,6.0,94041,M,,,94
201100051292,11,10,19,2010,5,2,1,9.0,3.0,94041,M,,,94
201100051293,11,10,22,1800,2,2,3,1.0,3.0,94041,M,,,94
201100051294,11,11,3,1930,5,2,1,2.0,6.0,94041,M,,,94
201100051295,11,11,8,2030,5,2,1,2.0,6.0,94041,M,,,94
201100051296,11,11,10,1020,1,2,5,1.0,6.0,94041,M,,,94
201100051297,11,11,18,935,1,2,1,1.0,3.0,94041,M,,,94
201100051298,11,11,19,1915,5,2,2,1.0,2.0,94041,M,,,94
201100051299,11,11,18,930,1,2,1,1.0,3.0,94041,M,,,94
201100051300,11,11,22,1110,1,2,9,1.0,7.0,94041,M,,,94
201100051301,11,11,10,1445,1,2,1,1.0,6.0,94041,M,,,94
201100051302,11,11,13,1400,1,2,1,1.0,3.0,94041,M,,,94
201100051303,11,11,28,2110,5,2,1,1.0,3.0,94041,M,,,94
201100051304,11,11,29,800,2,2,1,1.0,6.0,94041,M,,,94
201100051305,11,11,23,1600,1,2,1,1.0,2.0,94041,M,,,94
201100051306,11,11,30,1853,3,2,1,1.0,6.0,94041,M,,,94
201100051307,11,11,30,1410,1,2,1,1.0,3.0,94041,M,,,94
201100051308,11,12,8,1345,1,2,9,8.0,3.0,94041,M,,,94
201100051309,11,12,9,905,2,2,1,2.0,1.0,94041,M,,,94
201100051310,11,12,13,1555,1,2,1,1.0,6.0,94041,M,,,94
201100051311,11,12,15,1450,1,2,3,2.0,7.0,94041,M,,,94
201100051312,11,6,24,545,2,2,1,1.0,7.0,94041,M,4882080.0,239096.0,94
201100051313,11,12,16,1825,5,2,1,2.0,4.0,94041,M,,,94
201100051314,11,12,19,1730,2,2,1,2.0,6.0,94041,M,,,94
201100051315,11,12,19,853,1,2,1,9.0,7.0,94041,M,,,94
201100051316,11,1,1,145,5,2,2,1.0,2.0,94046,M,4881540.0,242030.0,94
201100051317,11,1,4,735,2,2,2,1.0,6.0,94046,M,4879750.0,243332.0,94
201100051318,11,1,5,2035,5,2,1,2.0,6.0,94046,M,4880510.0,244118.0,94
201100051319,11,1,10,830,1,2,1,1.0,6.0,94046,M,4881000.0,243855.0,94
201100051320,11,1,11,750,5,2,3,2.0,6.0,94046,M,4880550.0,243144.0,94
201100051321,11,1,14,1405,1,2,2,1.0,2.0,94046,M,4881180.0,245401.0,94
201100051322,11,1,17,1450,1,2,1,1.0,7.0,94046,M,4880380.0,245020.0,94
201100051323,11,1,24,1800,5,2,2,1.0,7.0,94046,M,4881010.0,243742.0,94
201100051324,11,1,31,1915,5,2,4,1.0,3.0,94046,M,4880070.0,243075.0,94
201100051325,11,2,10,940,1,2,1,1.0,3.0,94046,M,4880560.0,242653.0,94
201100051326,11,2,11,1820,2,2,2,1.0,3.0,94046,M,4881540.0,244373.0,94
201100051327,11,2,18,1800,1,2,1,1.0,2.0,94046,M,4880100.0,243189.0,94
201100051328,11,3,4,1505,1,2,1,1.0,6.0,94046,M,4879420.0,243418.0,94
201100051329,11,3,5,1720,1,2,1,1.0,6.0,94046,M,4878770.0,243323.0,94
201100051330,11,3,6,1800,2,2,1,1.0,6.0,94046,M,4880990.0,245530.0,94
201100051331,11,3,14,705,5,2,2,1.0,3.0,94046,M,4880990.0,244813.0,94
201100051332,11,3,15,1115,1,2,2,1.0,3.0,94046,M,4881330.0,244977.0,94
201100051333,11,3,17,1620,1,2,3,1.0,3.0,94046,M,4879200.0,243375.0,94
201100051334,11,3,24,1610,1,2,1,1.0,3.0,94046,M,4880200.0,243264.0,94
201100051335,11,4,2,525,5,2,2,1.0,3.0,94046,M,4880660.0,244335.0,94
201100051336,11,4,2,1800,1,2,1,1.0,2.0,94046,M,4881170.0,242970.0,94
201100051337,11,4,3,1535,1,2,3,1.0,3.0,94046,M,4880440.0,244341.0,94
201100051338,11,4,7,945,1,2,3,1.0,3.0,94046,M,4881030.0,242349.0,94
201100051339,11,4,17,1430,1,2,2,1.0,3.0,94046,M,4881010.0,243742.0,94
201100051340,11,4,21,1430,1,2,2,7.0,6.0,94046,M,4880990.0,244349.0,94
201100051341,11,4,27,1315,1,2,1,1.0,3.0,94046,M,4880980.0,245175.0,94
201100051342,11,4,27,2030,2,2,2,1.0,3.0,94046,M,4881010.0,243742.0,94
201100051343,11,5,11,845,1,2,3,1.0,3.0,94046,M,4880930.0,243347.0,94
201100051344,11,5,14,1430,1,2,1,1.0,3.0,94046,M,4881160.0,242976.0,94
201100051345,11,5,18,2100,2,2,1,1.0,4.0,94046,M,4880460.0,244300.0,94
201100051346,11,5,19,1825,1,2,3,1.0,6.0,94046,M,4880200.0,243010.0,94
201100051347,11,6,7,1630,1,2,3,1.0,3.0,94046,M,4881170.0,242190.0,94
201100051348,11,6,8,1857,1,2,2,1.0,3.0,94046,M,4880640.0,243965.0,94
201100051349,11,6,9,1950,1,2,3,1.0,3.0,94046,M,4881430.0,242366.0,94
201100051350,11,6,20,1655,1,2,1,1.0,6.0,94046,M,4879160.0,243486.0,94
201100051351,11,6,23,1940,1,2,1,1.0,3.0,94046,M,4880730.0,244611.0,94
201100051352,11,6,28,810,1,2,3,1.0,3.0,94046,M,4880430.0,243729.0,94
201100051353,11,6,29,1505,1,2,2,1.0,6.0,94046,M,4881530.0,241997.0,94
201100051354,11,6,30,2110,1,2,5,1.0,3.0,94046,M,4881540.0,242030.0,94
201100051355,11,6,30,2215,5,2,4,1.0,7.0,94046,M,4881290.0,242752.0,94
201100051356,11,7,3,1650,1,2,2,1.0,6.0,94046,M,4880120.0,243168.0,94
201100051357,11,7,6,1550,1,2,2,1.0,3.0,94046,M,4880990.0,244813.0,94
201100051358,11,7,22,2125,2,2,3,1.0,2.0,94046,M,4881490.0,241721.0,94
201100051359,11,7,23,15,5,2,1,1.0,7.0,94046,M,4879170.0,243482.0,94
201100051360,11,8,16,1930,1,2,2,1.0,6.0,94046,M,4880580.0,244087.0,94
201100051361,11,8,30,1915,1,2,3,1.0,6.0,94046,M,4881250.0,242216.0,94
201100051362,11,9,15,1445,1,2,3,1.0,2.0,94046,M,,,94
201100051363,11,9,22,1055,1,2,3,1.0,3.0,94046,M,,,94
201100051364,11,9,24,1530,1,2,2,1.0,3.0,94046,M,,,94
201100051365,11,9,28,1020,1,2,2,1.0,3.0,94046,M,,,94
201100051366,11,9,28,1545,1,2,2,1.0,2.0,94046,M,,,94
201100051367,11,9,30,1605,1,2,2,1.0,3.0,94046,M,,,94
201100051368,11,9,30,1030,1,2,2,1.0,3.0,94046,M,,,94
201100051369,11,10,7,945,1,2,1,1.0,6.0,94046,M,,,94
201100051370,11,10,7,1645,1,2,2,2.0,3.0,94046,M,,,94
201100051371,11,10,14,1005,1,2,2,1.0,3.0,94046,M,,,94
201100051372,11,10,15,1350,1,2,2,1.0,7.0,94046,M,,,94
201100051373,11,10,16,605,2,2,1,1.0,6.0,94046,M,,,94
201100051374,11,10,18,1530,1,2,1,2.0,3.0,94046,M,,,94
201100051375,11,10,20,750,2,2,1,1.0,6.0,94046,M,,,94
201100051376,11,11,3,1240,1,2,2,2.0,3.0,94046,M,,,94
201100051377,11,11,4,1640,1,2,2,1.0,3.0,94046,M,,,94
201100051378,11,11,8,740,2,2,2,1.0,6.0,94046,M,,,94
201100051379,11,11,8,1925,5,2,2,2.0,3.0,94046,M,,,94
201100051380,11,11,9,1725,2,2,1,1.0,6.0,94046,M,,,94
201100051381,11,11,16,1730,5,2,1,1.0,3.0,94046,M,,,94
201100051382,11,11,17,1010,1,2,1,1.0,6.0,94046,M,,,94
201100051383,11,11,22,1500,1,2,2,1.0,3.0,94046,M,,,94
201100051384,11,11,22,1655,1,2,2,1.0,2.0,94046,M,,,94
201100051385,11,11,23,1710,2,2,1,1.0,2.0,94046,M,,,94
201100051386,11,11,24,1640,1,2,2,1.0,3.0,94046,M,,,94
201100051387,11,11,24,1215,1,2,2,1.0,3.0,94046,M,,,94
201100051388,11,11,28,2205,5,2,1,1.0,6.0,94046,M,,,94
201100051389,11,11,30,1530,1,2,1,1.0,2.0,94046,M,,,94
201100051390,11,12,2,955,1,2,1,8.0,7.0,94046,M,,,94
201100051391,11,12,2,1640,2,2,1,1.0,6.0,94046,M,,,94
201100051392,11,12,7,1320,1,2,1,1.0,3.0,94046,M,,,94
201100051393,11,12,7,1715,5,2,1,2.0,2.0,94046,M,,,94
201100051394,11,12,19,2100,5,2,1,2.0,6.0,94046,M,,,94
201100051395,11,1,2,1200,1,2,3,2.0,3.0,94052,M,4884190.0,248377.0,94
201100051396,11,1,5,920,1,2,2,1.0,6.0,94058,M,4885190.0,250910.0,94
201100051397,11,1,6,820,5,2,1,2.0,3.0,94052,M,4883370.0,249048.0,94
201100051398,11,1,6,2340,5,2,1,2.0,3.0,94052,M,4883160.0,249318.0,94
201100051399,11,1,14,1835,2,2,2,2.0,3.0,94058,M,4884660.0,249930.0,94
201100051400,11,1,16,1315,1,2,1,1.0,2.0,94052,M,4883590.0,247467.0,94
201100051401,11,1,16,1615,1,2,2,1.0,3.0,94058,M,4883290.0,250213.0,94
201100051402,11,1,17,1320,1,2,2,1.0,3.0,94058,M,4883530.0,249785.0,94
201100051403,11,1,18,2020,5,2,4,1.0,2.0,94058,M,4884040.0,249742.0,94
201100051404,11,1,20,1150,1,1,4,1.0,3.0,94052,M,4883600.0,247144.0,94
201100051405,11,1,25,915,1,2,3,1.0,3.0,94052,M,4884010.0,247318.0,94
201100051406,11,1,27,1250,1,2,1,8.0,3.0,94042,M,4881680.0,246797.0,94
201100051407,11,1,29,1915,5,2,1,1.0,3.0,94058,M,4883430.0,251452.0,94
201100051408,11,2,2,100,5,2,1,9.0,7.0,94015,M,4883310.0,253244.0,94
201100051409,11,1,29,1415,1,2,2,1.0,6.0,94058,M,4884320.0,250342.0,94
201100051410,11,2,5,1830,5,2,3,1.0,6.0,94052,M,4883910.0,247952.0,94
201100051411,11,2,8,2000,5,2,1,1.0,6.0,94015,M,4882810.0,251296.0,94
201100051412,11,2,9,1120,1,2,2,1.0,6.0,94052,M,4884010.0,248098.0,94
201100051413,11,2,13,1410,1,2,2,1.0,3.0,94015,M,4883260.0,252766.0,94
201100051414,11,3,1,850,1,2,1,1.0,6.0,94058,M,4884900.0,249631.0,94
201100051415,11,3,1,1650,1,2,5,1.0,3.0,94052,M,4883830.0,249082.0,94
201100051416,11,3,3,1715,1,2,1,1.0,6.0,94042,M,4882000.0,248169.0,94
201100051417,11,3,4,800,1,2,1,1.0,3.0,94058,M,4883520.0,250026.0,94
201100051418,11,3,7,1810,2,2,1,1.0,1.0,94015,M,4883750.0,251850.0,94
201100051419,11,3,7,2100,5,2,1,1.0,3.0,94052,M,4884640.0,249113.0,94
201100051420,11,3,8,1745,1,2,1,1.0,2.0,94042,M,4881730.0,246715.0,94
201100051421,11,3,10,1330,1,2,1,1.0,3.0,94015,M,4884670.0,252287.0,94
201100051422,11,3,10,850,1,2,1,1.0,3.0,94042,M,4881430.0,246804.0,94
201100051423,11,3,11,1900,5,2,1,1.0,6.0,94052,M,4883920.0,249213.0,94
201100051424,11,3,14,1715,1,2,1,1.0,6.0,94058,M,4885120.0,251069.0,94
201100051425,11,3,15,1715,1,2,1,1.0,2.0,94058,M,4883260.0,250485.0,94
201100051426,11,3,16,25,5,2,7,1.0,3.0,94042,M,4882040.0,247427.0,94
201100051427,11,3,25,833,1,2,2,1.0,3.0,94052,M,4883840.0,248460.0,94
201100051428,11,3,27,1550,1,2,2,1.0,1.0,94015,M,4884050.0,252890.0,94
201100051429,11,3,28,2330,5,1,1,1.0,3.0,94052,M,4883130.0,249299.0,94
201100051430,11,4,1,905,1,2,1,1.0,3.0,94052,M,4884200.0,249172.0,94
201100051431,11,4,2,925,1,2,2,1.0,2.0,94015,M,4883250.0,253124.0,94
201100051432,11,4,6,930,1,2,1,1.0,3.0,94058,M,4883940.0,249616.0,94
201100051433,11,4,6,1320,1,2,2,1.0,2.0,94052,M,4883550.0,249405.0,94
201100051434,11,4,8,1800,1,2,1,1.0,4.0,94042,M,4881660.0,246590.0,94
201100051435,11,4,10,2045,5,2,1,1.0,7.0,94042,M,4881440.0,246390.0,94
201100051436,11,5,7,1500,1,2,2,1.0,3.0,94058,M,4883620.0,250384.0,94
201100051437,11,4,22,915,1,2,1,1.0,2.0,94042,M,4881960.0,246459.0,94
201100051438,11,4,27,905,1,2,3,1.0,3.0,94058,M,4883520.0,249955.0,94
201100051439,11,3,22,1500,1,2,1,1.0,7.0,94042,M,4882300.0,246558.0,94
201100051440,11,5,4,1330,1,2,1,1.0,3.0,94052,M,4884560.0,248982.0,94
201100051441,11,5,5,1730,1,2,1,1.0,2.0,94042,M,4881710.0,246754.0,94
201100051442,11,5,7,1500,1,2,2,1.0,3.0,94058,M,4883620.0,250384.0,94
201100051443,11,5,9,1040,1,2,3,1.0,3.0,94042,M,4882010.0,248005.0,94
201100051444,11,5,11,1100,1,2,1,1.0,6.0,94052,M,4884170.0,248470.0,94
201100051445,11,5,11,1205,1,2,1,1.0,6.0,94052,M,4884230.0,248746.0,94