Num_Acc,an,mois,jour,hrmn,lum,agg,int,atm,col,com,gps,lat,long,dep
201100051446,11,5,13,1800,1,2,2,1.0,2.0,94015,M,4883250.0,253156.0,94
201100051447,11,5,14,1900,1,2,1,1.0,3.0,94052,M,4884650.0,249131.0,94
201100051448,11,5,16,910,1,2,1,1.0,6.0,94058,M,4885120.0,250528.0,94
201100051449,11,5,18,1755,1,2,1,1.0,6.0,94042,M,4881900.0,246793.0,94
201100051450,11,5,23,1110,1,2,2,1.0,3.0,94015,M,4884440.0,252589.0,94
201100051451,11,5,29,1725,1,2,1,1.0,3.0,94058,M,4883930.0,249931.0,94
201100051452,11,5,30,1715,1,2,3,1.0,2.0,94052,M,4883500.0,247333.0,94
201100051453,11,5,31,1200,1,2,1,1.0,6.0,94042,M,4882010.0,247551.0,94
201100051454,11,6,17,1010,1,2,1,1.0,6.0,94042,M,4882010.0,247174.0,94
201100051455,11,6,23,1205,1,2,2,1.0,3.0,94058,M,4883720.0,250785.0,94
201100051456,11,7,1,1750,1,2,2,1.0,6.0,94042,M,4882020.0,246714.0,94
201100051457,11,7,3,1345,1,2,3,1.0,3.0,94052,M,4883950.0,249201.0,94
201100051458,11,7,4,2000,1,2,3,1.0,2.0,94058,M,4883060.0,250554.0,94
201100051459,11,7,6,630,1,2,1,1.0,7.0,94058,M,4883950.0,250820.0,94
201100051460,11,7,9,1640,1,2,1,1.0,3.0,94058,M,4883740.0,249754.0,94
201100051461,11,7,12,1840,1,2,1,1.0,3.0,94042,M,4881210.0,246818.0,94
201100051462,11,7,12,2115,5,2,4,1.0,3.0,94058,M,4885240.0,251143.0,94
201100051463,11,8,1,1120,1,2,1,1.0,6.0,94052,M,4883560.0,247415.0,94
201100051464,11,8,4,1245,1,2,1,1.0,3.0,94042,M,4881230.0,245948.0,94
201100051465,11,8,6,2130,5,2,2,3.0,1.0,94042,M,4882010.0,247438.0,94
201100051466,11,8,11,2315,5,2,3,1.0,3.0,94015,M,4884300.0,252671.0,94
201100051467,11,8,13,1530,1,2,1,1.0,6.0,94042,M,4882010.0,247558.0,94
201100051468,11,8,14,1020,1,2,1,1.0,3.0,94058,M,4884380.0,250415.0,94
201100051469,11,8,17,100,5,2,1,1.0,3.0,94058,M,4885030.0,250095.0,94
201100051470,11,8,21,1750,1,2,1,7.0,6.0,94042,M,4881670.0,246456.0,94
201100051471,11,8,24,1650,1,2,1,1.0,6.0,94058,M,4884740.0,251095.0,94
201100051472,11,8,30,1745,1,2,1,1.0,2.0,94015,M,4883700.0,252739.0,94
201100051473,11,8,31,1845,1,2,1,1.0,7.0,94058,M,4884760.0,249324.0,94
201100051474,11,9,2,1720,1,2,1,1.0,6.0,94052,M,,,94
201100051475,11,9,3,1945,2,2,2,3.0,6.0,94052,M,,,94
201100051476,11,9,4,1145,1,2,2,1.0,2.0,94058,M,,,94
201100051477,11,9,7,1820,1,2,2,1.0,6.0,94042,M,,,94
201100051478,11,9,9,1045,1,2,1,1.0,2.0,94015,M,,,94
201100051479,11,9,9,1730,1,2,1,8.0,6.0,94052,M,,,94
201100051480,11,9,23,1200,1,2,1,1.0,2.0,94015,M,,,94
201100051481,11,9,28,830,1,2,2,1.0,6.0,94015,M,,,94
201100051482,11,9,28,1030,1,2,3,1.0,3.0,94058,M,,,94
201100051483,11,10,4,825,1,2,2,1.0,3.0,94058,M,,,94
201100051484,11,10,4,1950,5,2,1,1.0,2.0,94042,M,,,94
201100051485,11,10,5,1140,1,2,1,1.0,7.0,94052,M,,,94
201100051486,11,10,5,1800,1,2,1,1.0,2.0,94058,M,,,94
201100051487,11,10,14,320,5,2,1,1.0,7.0,94058,M,,,94
201100051488,11,10,14,1735,1,2,1,1.0,3.0,94015,M,,,94
201100051489,11,10,16,230,5,2,2,1.0,1.0,94052,M,,,94
201100051490,11,10,18,1600,1,2,1,2.0,1.0,94058,M,,,94
201100051491,11,10,20,2130,5,2,2,1.0,3.0,94052,M,,,94
201100051492,11,10,22,1700,1,2,2,1.0,3.0,94052,M,,,94
201100051493,11,10,26,2013,5,2,2,1.0,3.0,94052,M,,,94
201100051494,11,11,2,1015,1,2,7,8.0,3.0,94058,M,,,94
201100051495,11,11,2,1730,5,2,3,1.0,3.0,94052,M,,,94
201100051496,11,11,3,1220,1,2,2,2.0,1.0,94042,M,,,94
201100051497,11,11,8,1115,1,2,1,8.0,3.0,94042,M,,,94
201100051498,11,11,9,1830,5,2,2,1.0,1.0,94052,M,,,94
201100051499,11,11,9,1810,3,2,1,1.0,3.0,94058,M,,,94
201100051500,11,11,15,1615,1,2,1,1.0,6.0,94058,M,,,94
201100051501,11,11,15,2330,5,2,1,1.0,3.0,94052,M,,,94
201100051502,11,11,21,745,2,2,1,1.0,3.0,94058,M,,,94
201100051503,11,11,28,1730,5,1,1,1.0,2.0,94042,M,,,94
201100051504,11,11,30,1350,1,2,1,1.0,3.0,94042,M,,,94
201100051505,11,12,5,805,2,2,3,2.0,3.0,94058,M,,,94
201100051506,11,12,13,1352,1,2,3,8.0,6.0,94052,M,,,94
201100051507,11,12,13,1900,5,2,1,2.0,6.0,94015,M,,,94
201100051508,11,12,16,1855,5,2,1,1.0,2.0,94058,M,,,94
201100051509,11,12,17,1845,4,2,9,2.0,6.0,94015,M,,,94
201100051510,11,12,21,755,2,2,2,2.0,3.0,94052,M,,,94
201100051511,11,1,6,1350,1,2,2,1.0,3.0,94068,M,4879000.0,250975.0,94
201100051512,11,1,5,925,1,2,2,1.0,3.0,94068,M,4879450.0,248569.0,94
201100051513,11,1,11,1050,1,2,1,2.0,6.0,94068,M,4879700.0,250303.0,94
201100051514,11,1,19,2035,5,2,2,1.0,3.0,94068,M,4879710.0,250493.0,94
201100051515,11,1,21,2010,5,2,5,1.0,6.0,94068,M,4879810.0,248586.0,94
201100051516,11,2,1,1800,5,2,1,1.0,6.0,94068,M,4880100.0,247191.0,94
201100051517,11,2,9,1720,1,2,2,1.0,3.0,94068,M,4878760.0,248035.0,94
201100051518,11,2,12,2355,5,2,2,1.0,2.0,94068,M,4880950.0,250969.0,94
201100051519,11,2,12,1818,5,2,4,8.0,5.0,94068,M,4879790.0,249507.0,94
201100051520,11,2,19,1905,5,2,3,2.0,6.0,94068,M,4880680.0,247777.0,94
201100051521,11,2,25,950,1,2,3,1.0,3.0,94068,M,4879470.0,251520.0,94
201100051522,11,2,28,940,1,2,7,1.0,3.0,94068,M,4879790.0,250284.0,94
201100051523,11,2,28,1640,1,2,1,1.0,6.0,94068,M,4880180.0,251633.0,94
201100051524,11,3,4,855,1,2,1,1.0,3.0,94068,M,4880400.0,249698.0,94
201100051525,11,3,7,1025,1,2,2,1.0,6.0,94068,M,4880530.0,248395.0,94
201100051526,11,3,10,1550,1,2,1,1.0,2.0,94068,M,4879490.0,251050.0,94
201100051527,11,3,21,1844,2,2,1,1.0,1.0,94068,M,4881060.0,247980.0,94
201100051528,11,3,10,1650,1,2,2,1.0,3.0,94068,M,4881070.0,247351.0,94
201100051529,11,3,11,850,1,2,1,1.0,6.0,94068,M,4879410.0,251739.0,94
201100051530,11,3,12,2110,5,2,2,2.0,3.0,94068,M,4880990.0,247279.0,94
201100051531,11,3,14,835,1,2,2,1.0,6.0,94068,M,4878890.0,248148.0,94
201100051532,11,3,15,2025,5,2,4,1.0,2.0,94068,M,4880640.0,247142.0,94
201100051533,11,4,7,1745,1,2,3,1.0,4.0,94068,M,4880190.0,250639.0,94
201100051534,11,4,8,2210,5,2,2,1.0,2.0,94068,M,4878600.0,249524.0,94
201100051535,11,4,12,1915,1,2,2,1.0,3.0,94068,M,4880250.0,248606.0,94
201100051536,11,4,13,815,1,2,2,1.0,3.0,94068,M,4880960.0,247555.0,94
201100051537,11,3,25,1950,5,2,1,1.0,4.0,94068,M,4879820.0,247827.0,94
201100051538,11,4,16,1440,1,2,5,1.0,3.0,94068,M,4879810.0,248586.0,94
201100051539,11,4,16,1710,1,2,2,1.0,3.0,94068,M,4878780.0,251352.0,94
201100051540,11,4,20,1818,1,2,3,1.0,2.0,94068,M,4879580.0,248392.0,94
201100051541,11,4,22,1135,1,2,1,1.0,3.0,94068,M,4879030.0,248676.0,94
201100051542,11,4,22,1440,1,2,1,1.0,3.0,94068,M,4879900.0,247885.0,94
201100051543,11,4,26,1625,1,2,3,1.0,6.0,94068,M,4880440.0,247155.0,94
201100051544,11,4,28,1400,1,2,1,1.0,7.0,94068,M,4879360.0,247753.0,94
201100051545,11,4,29,1400,1,2,2,1.0,3.0,94068,M,4878920.0,250358.0,94
201100051546,11,5,3,1140,1,2,7,1.0,2.0,94068,M,4879330.0,248668.0,94
201100051547,11,5,6,1615,1,2,2,1.0,6.0,94068,M,4879790.0,249840.0,94
201100051548,11,5,8,1900,1,2,3,1.0,6.0,94068,M,4878510.0,249918.0,94
201100051549,11,5,10,1225,1,2,1,1.0,2.0,94068,M,4879920.0,248717.0,94
201100051550,11,5,12,1050,1,2,2,1.0,3.0,94068,M,4879380.0,249232.0,94
201100051551,11,5,15,620,2,2,3,1.0,2.0,94068,M,4881030.0,247039.0,94
201100051552,11,5,14,1245,1,2,1,1.0,6.0,94068,M,4879100.0,252065.0,94
201100051553,11,5,15,1820,1,2,2,1.0,3.0,94068,M,4878600.0,249524.0,94
201100051554,11,5,16,640,2,2,2,1.0,1.0,94068,M,4879330.0,249783.0,94
201100051555,11,5,17,1535,1,2,2,1.0,3.0,94068,M,4879800.0,248835.0,94
201100051556,11,5,21,1100,1,2,2,1.0,7.0,94068,M,4879810.0,248402.0,94
201100051557,11,5,20,2205,5,2,4,1.0,1.0,94068,M,4880840.0,247134.0,94
201100051558,11,5,27,1705,1,2,3,1.0,3.0,94068,M,4879000.0,247343.0,94
201100051559,11,5,28,2320,5,2,2,1.0,3.0,94068,M,4881100.0,246932.0,94
201100051560,11,5,30,1540,1,2,2,1.0,3.0,94068,M,4879090.0,252080.0,94
201100051561,11,6,1,1255,1,2,1,1.0,6.0,94068,M,4881150.0,247441.0,94
201100051562,11,6,2,2000,1,2,2,1.0,3.0,94068,M,4880990.0,247279.0,94
201100051563,11,5,30,1030,1,2,1,1.0,6.0,94068,M,4880360.0,248838.0,94
201100051564,11,6,7,1430,1,2,2,1.0,3.0,94068,M,4880730.0,248214.0,94
201100051565,11,6,10,1800,1,2,1,2.0,6.0,94068,M,4879160.0,251911.0,94
201100051566,11,6,16,755,1,2,1,1.0,6.0,94068,M,4879200.0,251284.0,94
201100051567,11,6,17,1900,1,2,2,1.0,3.0,94068,M,4879120.0,249650.0,94
201100051568,11,6,17,1745,1,2,2,1.0,3.0,94068,M,4879380.0,249232.0,94
201100051569,11,6,21,1640,1,2,1,1.0,2.0,94068,M,4880200.0,249199.0,94
201100051570,11,6,23,805,1,2,2,1.0,3.0,94068,M,4880710.0,250902.0,94
201100051571,11,6,27,805,1,2,1,1.0,3.0,94068,M,4879600.0,250759.0,94
201100051572,11,6,27,1217,1,2,3,1.0,3.0,94068,M,4880160.0,248727.0,94
201100051573,11,6,27,1640,1,2,3,1.0,7.0,94068,M,4879560.0,249419.0,94
201100051574,11,6,30,1255,1,2,2,1.0,3.0,94068,M,4879800.0,248989.0,94
201100051575,11,7,2,2115,1,2,4,1.0,2.0,94068,M,4879790.0,249650.0,94
201100051576,11,7,2,1815,1,2,1,1.0,6.0,94068,M,4879810.0,248560.0,94
201100051577,11,7,2,1040,1,2,6,1.0,2.0,94068,M,4879380.0,248661.0,94
201100051578,11,7,5,1740,1,2,4,1.0,6.0,94068,M,4880660.0,247128.0,94
201100051579,11,7,6,2230,1,2,2,1.0,3.0,94068,M,4878990.0,249008.0,94
201100051580,11,7,11,1643,1,2,1,1.0,3.0,94068,M,4881130.0,246915.0,94
201100051581,11,7,14,1045,1,2,2,1.0,3.0,94068,M,4880440.0,248612.0,94
201100051582,11,7,16,1725,1,2,3,1.0,3.0,94068,M,4878460.0,249216.0,94
201100051583,11,7,17,1200,1,2,1,1.0,6.0,94068,M,4880290.0,248608.0,94
201100051584,11,7,18,2040,2,2,1,1.0,7.0,94068,M,4880420.0,247158.0,94
201100051585,11,7,19,1130,1,2,1,2.0,2.0,94068,M,4879820.0,248127.0,94
201100051586,11,7,21,1810,1,2,1,1.0,7.0,94068,M,4879810.0,248208.0,94
201100051587,11,7,30,1305,1,2,5,1.0,3.0,94068,M,4879640.0,250671.0,94
201100051588,11,8,7,1735,1,2,1,1.0,2.0,94068,M,4879480.0,251081.0,94
201100051589,11,8,31,2035,1,2,4,1.0,3.0,94068,M,4880390.0,247710.0,94
201100051590,11,9,3,300,5,2,1,1.0,7.0,94068,M,,,94
201100051591,11,8,20,2220,5,2,2,1.0,3.0,94068,M,4880570.0,249662.0,94
201100051592,11,8,29,1825,1,2,2,1.0,3.0,94068,M,4879740.0,251999.0,94
201100051593,11,9,8,1730,4,2,1,1.0,3.0,94068,M,,,94
201100051594,11,9,12,1515,1,2,2,1.0,1.0,94068,M,,,94
201100051595,11,9,12,1530,1,2,1,1.0,2.0,94068,M,,,94
201100051596,11,9,13,730,1,2,2,1.0,3.0,94068,M,,,94
201100051597,11,9,15,820,1,2,3,1.0,3.0,94068,M,,,94
201100051598,11,9,23,1725,1,2,2,1.0,3.0,94068,M,,,94
201100051599,11,9,25,640,5,2,1,1.0,7.0,94068,M,,,94
201100051600,11,9,26,1630,1,2,4,1.0,3.0,94068,M,,,94
201100051601,11,9,28,1420,1,2,1,1.0,2.0,94068,M,,,94
201100051602,11,10,2,2255,5,2,1,9.0,7.0,94068,M,,,94
201100051603,11,10,2,650,5,2,1,1.0,7.0,94068,M,,,94
201100051604,11,10,3,810,1,2,1,1.0,6.0,94068,M,,,94
201100051605,11,10,5,906,1,2,2,1.0,3.0,94068,M,,,94
201100051606,11,10,11,2250,5,1,7,9.0,6.0,94068,M,,,94
201100051607,11,10,16,1937,2,2,2,1.0,3.0,94068,M,,,94
201100051608,11,10,17,1005,1,2,3,1.0,3.0,94068,M,,,94
201100051609,11,10,18,1210,1,2,3,1.0,3.0,94068,M,,,94
201100051610,11,10,18,1750,2,2,1,2.0,6.0,94068,M,,,94
201100051611,11,10,19,2020,5,2,1,1.0,1.0,94068,M,,,94
201100051612,11,10,20,845,1,2,1,1.0,6.0,94068,M,,,94
201100051613,11,10,27,1810,5,2,2,1.0,2.0,94068,M,,,94
201100051614,11,10,28,1320,1,2,1,1.0,3.0,94068,M,,,94
201100051615,11,11,1,1330,1,2,3,2.0,2.0,94068,M,,,94
201100051616,11,11,1,710,1,2,5,1.0,2.0,94068,M,,,94
201100051617,11,11,4,750,1,2,4,1.0,3.0,94068,M,,,94
201100051618,11,11,4,1240,1,2,5,1.0,3.0,94068,M,,,94
201100051619,11,11,8,800,2,2,3,8.0,3.0,94068,M,,,94
201100051620,11,11,12,1735,5,2,1,1.0,4.0,94068,M,,,94
201100051621,11,11,16,1915,5,2,1,1.0,3.0,94068,M,,,94
201100051622,11,11,18,730,2,2,1,1.0,6.0,94068,M,,,94
201100051623,11,11,24,1010,1,2,1,1.0,3.0,94068,M,,,94
201100051624,11,11,28,800,2,2,1,5.0,6.0,94068,M,,,94
201100051625,11,12,1,750,2,2,2,8.0,5.0,94068,M,,,94
201100051626,11,12,1,910,1,2,3,2.0,3.0,94068,M,,,94
201100051627,11,12,3,830,2,2,1,2.0,3.0,94068,M,,,94
201100051628,11,12,4,1900,5,2,1,2.0,6.0,94068,M,,,94
201100051629,11,12,5,1707,2,2,1,9.0,6.0,94068,M,,,94
201100051630,11,12,7,1520,1,2,3,2.0,3.0,94068,M,,,94
201100051631,11,12,8,1800,5,2,1,1.0,3.0,94068,M,,,94
201100051632,11,12,12,1805,5,2,1,1.0,6.0,94068,M,,,94
201100051633,11,12,12,935,1,2,1,1.0,3.0,94068,M,,,94
201100051634,11,12,15,1130,1,2,1,8.0,6.0,94068,M,,,94
201100051635,11,12,17,1045,1,2,1,1.0,6.0,94068,M,,,94
201100051636,11,12,20,1640,1,2,1,1.0,3.0,94068,M,,,94
201100051637,11,12,20,2000,5,2,2,1.0,3.0,94068,M,,,94
201100051638,11,12,20,1330,1,2,2,1.0,3.0,94068,M,,,94
201100051639,11,12,24,1415,1,2,1,1.0,3.0,94068,M,,,94
201100051640,11,1,8,915,1,2,1,1.0,7.0,94074,M,4876800.0,244101.0,94
201100051641,11,1,9,200,5,2,1,3.0,3.0,94078,M,4873090.0,244683.0,94
201100051642,11,1,14,1420,1,2,3,1.0,6.0,94078,M,4873690.0,245228.0,94
201100051643,11,1,18,755,3,2,2,1.0,3.0,94074,M,4874430.0,246490.0,94
201100051644,11,1,19,2130,5,2,2,1.0,3.0,94078,M,4874020.0,245696.0,94
201100051645,11,1,20,1405,1,2,2,1.0,3.0,94074,M,4874720.0,246191.0,94
201100051646,11,1,23,435,5,2,1,2.0,2.0,94078,M,4874650.0,244636.0,94
201100051647,11,1,22,2100,2,2,1,1.0,7.0,94077,M,4873110.0,242050.0,94
201100051648,11,1,27,100,5,2,1,2.0,3.0,94074,M,4876510.0,244156.0,94
201100051649,11,2,2,2240,5,2,3,1.0,6.0,94078,M,4874710.0,243659.0,94
201100051650,11,2,7,855,1,2,7,1.0,3.0,94078,M,4873040.0,244686.0,94
201100051651,11,1,28,1630,1,2,1,1.0,4.0,94078,M,4874670.0,244649.0,94
201100051652,11,2,17,555,2,2,1,1.0,1.0,94074,M,4876270.0,244830.0,94
201100051653,11,2,17,1345,1,2,1,1.0,7.0,94074,M,4874040.0,247391.0,94
201100051654,11,2,20,1650,1,2,2,1.0,3.0,94078,M,4873560.0,244665.0,94
201100051655,11,3,2,1630,1,2,4,1.0,3.0,94074,M,4874850.0,246768.0,94
201100051656,11,3,8,1945,5,2,1,1.0,3.0,94078,M,4872530.0,244474.0,94
201100051657,11,3,16,1920,2,2,1,1.0,5.0,94077,M,4873150.0,241410.0,94
201100051658,11,3,17,1545,1,2,1,1.0,2.0,94077,M,4872980.0,242823.0,94
201100051659,11,3,18,2245,5,2,3,2.0,4.0,94074,M,4876370.0,244213.0,94
201100051660,11,3,18,1345,1,2,1,1.0,2.0,94077,M,4873130.0,241584.0,94
201100051661,11,3,18,1510,1,2,6,1.0,7.0,94074,M,4876740.0,245508.0,94
201100051662,11,3,19,1545,1,2,1,8.0,2.0,94078,M,4875970.0,244314.0,94
201100051663,11,3,26,1615,1,2,3,3.0,2.0,94074,M,4874810.0,246749.0,94
201100051664,11,3,25,1745,1,2,2,1.0,6.0,94077,M,4873110.0,241990.0,94
201100051665,11,4,1,1905,1,2,1,1.0,6.0,94077,M,4872980.0,243308.0,94
201100051666,11,4,4,1805,1,2,1,1.0,3.0,94078,M,4873170.0,244682.0,94
201100051667,11,4,7,830,1,2,1,1.0,6.0,94078,M,4872880.0,244760.0,94
201100051668,11,4,7,1150,1,2,1,1.0,2.0,94077,M,4872740.0,243751.0,94
201100051669,11,4,8,830,1,2,1,1.0,6.0,94077,M,4873720.0,241769.0,94
201100051670,11,4,8,2055,5,2,3,1.0,3.0,94078,M,4873220.0,244684.0,94
201100051671,11,4,9,1607,1,2,6,1.0,7.0,94001,M,4872680.0,242930.0,94
201100051672,11,4,8,1730,1,2,1,1.0,6.0,94078,M,4873210.0,244745.0,94
201100051673,11,4,11,825,1,2,3,1.0,7.0,94078,M,4873410.0,244687.0,94
201100051674,11,3,24,1200,1,2,1,1.0,2.0,94077,M,4873860.0,240872.0,94
201100051675,11,4,18,1640,1,2,1,1.0,6.0,94078,M,4872770.0,244622.0,94
201100051676,11,4,19,1500,1,2,2,1.0,3.0,94078,M,4873300.0,245064.0,94
201100051677,11,4,21,2055,5,2,3,1.0,2.0,94078,M,4873550.0,246538.0,94
201100051678,11,4,28,2100,2,2,1,1.0,7.0,94078,M,4874020.0,245698.0,94
201100051679,11,3,16,1045,1,2,1,1.0,7.0,94074,M,4876710.0,245060.0,94
201100051680,11,5,2,1315,1,2,1,2.0,5.0,94077,M,4872760.0,244066.0,94
201100051681,11,5,9,1520,1,2,7,1.0,3.0,94077,M,4873500.0,241761.0,94
201100051682,11,5,2,1725,1,2,1,2.0,6.0,94078,M,4873080.0,244685.0,94
201100051683,11,4,30,1535,1,2,1,1.0,7.0,94078,M,4874770.0,245286.0,94
201100051684,11,5,10,730,1,2,1,1.0,2.0,94078,M,4873200.0,244684.0,94
201100051685,11,5,10,1955,1,2,1,1.0,7.0,94077,M,4873600.0,241453.0,94
201100051686,11,5,12,420,5,1,1,1.0,2.0,94077,M,4873270.0,240016.0,94
201100051687,11,5,11,1545,1,2,1,1.0,2.0,94078,M,4873240.0,244682.0,94
201100051688,11,5,11,1100,1,2,1,1.0,7.0,94078,M,4872440.0,245124.0,94
201100051689,11,5,13,20,5,2,6,1.0,7.0,94078,M,4872710.0,245032.0,94
201100051690,11,5,14,1910,1,1,1,1.0,3.0,94078,M,4873970.0,244683.0,94
201100051691,11,5,15,1440,1,2,1,1.0,7.0,94077,M,4873650.0,242403.0,94
201100051692,11,5,13,1925,1,2,5,1.0,3.0,94077,M,4873790.0,240793.0,94
201100051693,11,5,13,1750,1,2,1,1.0,6.0,94077,M,4872740.0,243809.0,94
201100051694,11,5,16,1740,1,2,1,1.0,6.0,94078,M,4873120.0,244682.0,94
201100051695,11,5,17,1405,1,2,3,1.0,7.0,94074,M,4873950.0,245849.0,94
201100051696,11,5,25,1815,1,2,1,1.0,6.0,94078,M,4873970.0,245551.0,94
201100051697,11,5,27,1710,1,2,7,1.0,1.0,94078,M,4874590.0,244647.0,94
201100051698,11,5,28,1615,1,1,1,1.0,2.0,94078,M,4874360.0,244672.0,94
201100051699,11,6,4,1000,1,2,1,1.0,6.0,94077,M,4873030.0,241356.0,94
201100051700,11,6,4,1650,1,2,1,1.0,7.0,94077,M,4873670.0,241283.0,94
201100051701,11,6,6,930,1,2,1,2.0,3.0,94078,M,4873450.0,247233.0,94
201100051702,11,6,9,50,5,2,1,1.0,6.0,94078,M,4872680.0,244513.0,94
201100051703,11,6,6,914,1,2,1,2.0,6.0,94077,M,4872770.0,244100.0,94
201100051704,11,6,3,1,5,2,1,1.0,7.0,94001,M,4872630.0,241859.0,94
201100051705,11,6,14,1615,1,2,1,1.0,1.0,94078,M,4874570.0,243764.0,94
201100051706,11,6,8,1710,1,2,1,1.0,7.0,94074,M,4874890.0,245564.0,94
201100051707,11,6,16,1450,1,2,1,1.0,4.0,94078,M,4873450.0,246381.0,94
201100051708,11,6,17,650,2,2,1,8.0,3.0,94078,M,4872960.0,244686.0,94
201100051709,11,6,18,110,5,2,1,1.0,7.0,94001,M,4872690.0,242954.0,94
201100051710,11,6,18,830,1,2,1,8.0,1.0,94077,M,4873130.0,241538.0,94
201100051711,11,6,17,2245,5,2,1,6.0,4.0,94074,M,4875860.0,245158.0,94
201100051712,11,6,30,1930,1,2,1,1.0,7.0,94078,M,4874640.0,243712.0,94
201100051713,11,7,2,1950,2,2,1,1.0,6.0,94078,M,4874020.0,245365.0,94
201100051714,11,7,1,1110,1,2,4,1.0,2.0,94078,M,4872810.0,244995.0,94
201100051715,11,7,2,1000,1,2,1,1.0,3.0,94077,M,4873210.0,241026.0,94
201100051716,11,7,7,1045,1,2,1,1.0,3.0,94077,M,4873210.0,240993.0,94
201100051717,11,7,7,1825,1,2,1,1.0,6.0,94077,M,4873110.0,241975.0,94
201100051718,11,6,9,1650,1,2,1,1.0,5.0,94078,M,4875490.0,244561.0,94
201100051719,11,6,24,1810,1,2,1,1.0,6.0,94001,M,4872380.0,241853.0,94
201100051720,11,7,13,1555,1,2,1,1.0,4.0,94074,M,4874820.0,245795.0,94
201100051721,11,7,14,1140,1,2,2,1.0,3.0,94077,M,4873770.0,242150.0,94
201100051722,11,7,21,1745,1,2,1,1.0,1.0,94077,M,4874280.0,243353.0,94
201100051723,11,7,19,1030,1,2,4,3.0,2.0,94078,M,4872980.0,244690.0,94
201100051724,11,7,25,1515,1,2,1,1.0,2.0,94078,M,4872730.0,244545.0,94
201100051725,11,7,17,600,1,2,1,1.0,2.0,94078,M,4875470.0,244423.0,94
201100051726,11,7,27,2220,5,2,1,2.0,4.0,94078,M,4874040.0,244680.0,94
201100051727,11,7,31,1340,1,2,1,1.0,7.0,94078,M,4874490.0,244667.0,94
201100051728,11,8,1,2005,1,2,3,1.0,3.0,94078,M,4873550.0,246538.0,94
201100051729,11,8,5,945,1,2,1,2.0,7.0,94078,M,4874980.0,243427.0,94
201100051730,11,7,28,2115,1,2,1,2.0,7.0,94078,M,4872940.0,244982.0,94
201100051731,11,7,30,1120,1,2,3,1.0,1.0,94078,M,4872920.0,245017.0,94
201100051732,11,8,7,955,1,2,1,1.0,3.0,94001,M,4872250.0,242204.0,94
201100051733,11,8,10,2020,1,2,1,1.0,3.0,94078,M,4874590.0,245037.0,94
201100051734,11,8,13,1210,1,2,1,1.0,7.0,94078,M,4875300.0,244825.0,94
201100051735,11,8,11,950,1,2,1,1.0,6.0,94074,M,4874510.0,246955.0,94
201100051736,11,8,22,1540,1,2,1,1.0,3.0,94074,M,4874970.0,245488.0,94
201100051737,11,8,19,1820,1,2,1,1.0,7.0,94078,M,4875330.0,243019.0,94
201100051738,11,8,28,435,5,2,1,1.0,7.0,94074,M,4876700.0,244193.0,94
201100051739,11,9,1,815,1,2,1,1.0,5.0,94074,M,,,94
201100051740,11,9,3,55,5,2,1,1.0,6.0,94078,M,,,94
201100051741,11,9,2,1645,1,2,1,1.0,3.0,94078,M,,,94
201100051742,11,9,9,2115,5,2,1,1.0,1.0,94074,M,,,94
201100051743,11,9,10,2210,1,2,1,1.0,7.0,94074,M,,,94
201100051744,11,9,14,655,5,2,1,1.0,6.0,94078,M,,,94
201100051745,11,9,26,2035,2,2,1,1.0,6.0,94078,M,,,94
201100051746,11,9,18,1315,1,2,1,1.0,2.0,94078,M,,,94
201100051747,11,9,18,20,5,2,3,2.0,3.0,94074,M,,,94
201100051748,11,9,14,1800,1,2,2,1.0,3.0,94078,M,,,94
201100051749,11,9,19,1815,1,2,1,1.0,6.0,94074,M,,,94
201100051750,11,9,16,1700,1,2,1,1.0,6.0,94077,M,,,94
201100051751,11,9,22,755,1,2,1,1.0,3.0,94078,M,,,94
201100051752,11,9,22,1240,1,2,1,1.0,7.0,94001,M,,,94
201100051753,11,9,24,1940,1,2,1,1.0,7.0,94077,M,,,94
201100051754,11,9,28,720,1,2,3,1.0,2.0,94078,M,,,94
201100051755,11,9,28,2135,5,2,3,1.0,3.0,94078,M,,,94
201100051756,11,9,28,1830,1,2,1,1.0,7.0,94001,M,,,94
201100051757,11,9,24,1845,1,2,2,1.0,3.0,94077,M,,,94
201100051758,11,10,4,1707,1,2,1,1.0,4.0,94078,M,,,94
201100051759,11,10,5,2035,5,2,7,1.0,2.0,94078,M,,,94
201100051760,11,10,7,1125,1,2,3,1.0,3.0,94078,M,,,94
201100051761,11,10,9,1730,1,2,1,8.0,2.0,94078,M,,,94
201100051762,11,9,23,1815,1,2,1,1.0,6.0,94001,M,,,94
201100051763,11,10,7,1028,1,2,4,1.0,3.0,94078,M,,,94