Num_Acc,an,mois,jour,hrmn,lum,agg,int,atm,col,com,gps,lat,long,dep
201100051764,11,10,12,1553,1,2,3,1.0,3.0,94077,M,,,94
201100051765,11,9,18,1915,1,2,2,1.0,7.0,94077,M,,,94
201100051766,11,10,17,2052,5,2,3,1.0,1.0,94078,M,,,94
201100051767,11,10,19,1355,1,2,1,1.0,4.0,94077,M,,,94
201100051768,11,10,20,1830,2,2,1,1.0,3.0,94078,M,,,94
201100051769,11,10,21,1550,1,2,3,1.0,3.0,94078,M,,,94
201100051770,11,10,22,1325,1,2,6,1.0,7.0,94074,M,,,94
201100051771,11,10,24,2220,5,2,2,2.0,3.0,94078,M,,,94
201100051772,11,10,29,1720,1,2,1,1.0,4.0,94078,M,,,94
201100051773,11,10,31,1315,1,2,1,1.0,6.0,94078,M,,,94
201100051774,11,10,14,2000,5,2,6,1.0,5.0,94078,M,,,94
201100051775,11,11,5,1650,1,2,1,1.0,6.0,94078,M,,,94
201100051776,11,11,4,1730,5,2,1,1.0,6.0,94077,M,,,94
201100051777,11,11,4,1620,1,2,3,1.0,2.0,94077,M,,,94
201100051778,11,11,8,1110,1,2,4,1.0,2.0,94078,M,,,94
201100051779,11,11,8,2320,5,2,4,2.0,3.0,94078,M,,,94
201100051780,11,11,5,859,1,2,1,8.0,7.0,94078,M,,,94
201100051781,11,11,2,725,2,2,1,1.0,3.0,94078,M,,,94
201100051782,11,11,12,1040,1,2,1,1.0,2.0,94074,M,,,94
201100051783,11,11,15,820,1,2,1,1.0,7.0,94078,M,,,94
201100051784,11,11,6,730,2,2,1,1.0,1.0,94074,M,,,94
201100051785,11,10,28,1700,1,2,1,1.0,6.0,94078,M,,,94
201100051786,11,11,20,1145,1,2,2,1.0,1.0,94078,M,,,94
201100051787,11,11,21,1840,5,2,1,1.0,2.0,94078,M,,,94
201100051788,11,11,21,2040,5,2,1,1.0,7.0,94077,M,,,94
201100051789,11,11,22,1250,1,2,1,1.0,2.0,94078,M,,,94
201100051790,11,11,18,1850,5,2,1,1.0,7.0,94078,M,,,94
201100051791,11,11,24,1410,1,2,2,1.0,3.0,94077,M,,,94
201100051792,11,11,27,415,5,2,1,1.0,7.0,94074,M,,,94
201100051793,11,11,27,1125,1,2,4,1.0,7.0,94078,M,,,94
201100051794,11,11,30,1605,1,2,1,8.0,2.0,94078,M,,,94
201100051795,11,11,30,1600,1,2,1,1.0,6.0,94078,M,,,94
201100051796,11,12,2,900,1,2,1,1.0,2.0,94078,M,,,94
201100051797,11,12,2,1935,5,2,1,1.0,2.0,94074,M,,,94
201100051798,11,12,2,1800,5,2,1,1.0,6.0,94078,M,,,94
201100051799,11,12,3,1615,2,2,1,2.0,3.0,94078,M,,,94
201100051800,11,12,1,1745,5,2,1,2.0,6.0,94078,M,,,94
201100051801,11,12,5,1700,2,2,1,1.0,3.0,94077,M,,,94
201100051802,11,12,10,1810,5,2,1,8.0,2.0,94078,M,,,94
201100051803,11,12,13,900,1,2,1,2.0,2.0,94074,M,,,94
201100051804,11,12,11,1845,5,2,1,1.0,6.0,94078,M,,,94
201100051805,11,12,13,2032,5,2,1,1.0,6.0,94001,M,,,94
201100051806,11,12,13,1450,1,2,1,2.0,7.0,94078,M,,,94
201100051807,11,12,13,520,5,2,1,3.0,6.0,94078,M,,,94
201100051808,11,12,16,1005,1,2,1,6.0,3.0,94074,M,,,94
201100051809,11,12,16,1425,1,2,1,1.0,6.0,94077,M,,,94
201100051810,11,12,16,2130,5,2,1,2.0,7.0,94078,M,,,94
201100051811,11,12,20,1350,1,2,1,1.0,6.0,94078,M,,,94
201100051812,11,12,25,1320,1,2,1,1.0,3.0,94074,M,,,94
201100051813,11,12,26,1330,1,2,1,7.0,2.0,94078,M,,,94
201100051814,11,1,4,1810,5,2,2,1.0,1.0,94080,M,4885000.0,245091.0,94
201100051815,11,1,7,1315,1,2,3,2.0,3.0,94080,M,4885140.0,244632.0,94
201100051816,11,1,26,1445,1,2,4,2.0,6.0,94080,M,4884880.0,245478.0,94
201100051817,11,2,2,2310,4,2,2,1.0,7.0,94080,M,4884580.0,244663.0,94
201100051818,11,2,10,1415,1,2,1,1.0,6.0,94080,M,4884510.0,243315.0,94
201100051819,11,2,18,1725,1,2,2,1.0,3.0,94067,M,4884360.0,241761.0,94
201100051820,11,2,28,1355,1,2,1,1.0,6.0,94080,M,4885270.0,243727.0,94
201100051821,11,3,4,1830,1,2,3,1.0,6.0,94080,M,4884480.0,243641.0,94
201100051822,11,3,5,1715,1,2,2,1.0,5.0,94067,M,4883500.0,241970.0,94
201100051823,11,3,16,1030,1,2,2,1.0,6.0,94080,M,4884980.0,245430.0,94
201100051824,11,3,25,1000,1,2,3,1.0,6.0,94080,M,4884660.0,244682.0,94
201100051825,11,3,25,2200,5,2,1,1.0,1.0,94080,M,4884790.0,244654.0,94
201100051826,11,4,5,1855,1,2,3,1.0,3.0,94080,M,4884450.0,243946.0,94
201100051827,11,4,7,845,1,2,2,1.0,6.0,94080,M,4884750.0,242900.0,94
201100051828,11,4,13,1700,1,2,2,1.0,2.0,94067,M,4884350.0,241993.0,94
201100051829,11,4,14,1700,1,2,2,1.0,2.0,94080,M,4884760.0,245272.0,94
201100051830,11,4,16,2315,5,2,2,1.0,3.0,94080,M,4884790.0,244590.0,94
201100051831,11,4,18,1035,1,2,5,1.0,6.0,94080,M,4884940.0,244589.0,94
201100051832,11,4,22,1935,1,2,2,1.0,3.0,94080,M,4884520.0,243155.0,94
201100051833,11,4,28,1245,1,2,3,1.0,3.0,94080,M,4884600.0,243982.0,94
201100051834,11,4,28,1250,1,2,3,1.0,6.0,94067,M,4884050.0,241854.0,94
201100051835,11,5,8,1455,1,2,1,1.0,3.0,94067,M,4884050.0,241755.0,94
201100051836,11,5,11,1515,1,2,3,1.0,6.0,94067,M,4884550.0,241757.0,94
201100051837,11,5,11,1800,1,2,3,1.0,4.0,94067,M,4883580.0,242211.0,94
201100051838,11,5,12,820,1,2,1,1.0,7.0,94067,M,4883550.0,241544.0,94
201100051839,11,5,20,1955,1,2,3,1.0,2.0,94080,M,4884870.0,242937.0,94
201100051840,11,5,23,1030,1,2,3,1.0,6.0,94080,M,4884690.0,244683.0,94
201100051841,11,5,26,1800,1,2,2,1.0,3.0,94080,M,4884880.0,245478.0,94
201100051842,11,5,26,1925,1,2,1,1.0,3.0,94080,M,4884720.0,243559.0,94
201100051843,11,5,30,820,1,2,5,1.0,2.0,94080,M,4884890.0,242633.0,94
201100051844,11,6,3,2245,5,2,1,1.0,7.0,94080,M,4884910.0,243330.0,94
201100051845,11,6,5,1110,1,2,2,1.0,6.0,94067,M,4884010.0,241753.0,94
201100051846,11,6,6,1645,1,2,2,1.0,2.0,94080,M,4884750.0,243083.0,94
201100051847,11,6,16,1710,1,2,1,1.0,6.0,94080,M,4884870.0,242309.0,94
201100051848,11,6,22,1755,1,2,1,1.0,7.0,94080,M,4884710.0,244784.0,94
201100051849,11,6,24,1725,1,2,2,1.0,3.0,94067,M,4884360.0,241761.0,94
201100051850,11,6,27,1120,1,2,2,9.0,4.0,94067,M,4884620.0,241756.0,94
201100051851,11,6,28,1045,1,2,2,1.0,3.0,94067,M,4883890.0,241748.0,94
201100051852,11,6,30,805,1,2,1,1.0,6.0,94080,M,4884720.0,245133.0,94
201100051853,11,7,4,1215,1,2,2,1.0,6.0,94080,M,4885300.0,243883.0,94
201100051854,11,7,5,40,5,2,2,1.0,3.0,94067,M,4883500.0,241970.0,94
201100051855,11,7,18,830,1,2,2,1.0,6.0,94080,M,4884840.0,243462.0,94
201100051856,11,7,29,820,1,2,3,1.0,3.0,94067,M,4884310.0,241762.0,94
201100051857,11,7,30,2255,5,2,1,1.0,6.0,94080,M,4884530.0,243102.0,94
201100051858,11,8,8,1000,1,2,5,1.0,1.0,94080,M,4884880.0,245478.0,94
201100051859,11,8,11,1755,1,2,2,1.0,3.0,94080,M,4884840.0,243462.0,94
201100051860,11,8,17,700,1,2,3,1.0,3.0,94080,M,4884590.0,242427.0,94
201100051861,11,8,30,2120,5,2,3,1.0,3.0,94067,M,4884590.0,241756.0,94
201100051862,11,9,6,1402,1,2,2,1.0,6.0,94080,M,,,94
201100051863,11,9,12,955,1,2,3,1.0,1.0,94080,M,,,94
201100051864,11,9,15,2110,5,2,2,1.0,1.0,94080,M,,,94
201100051865,11,9,15,2315,5,2,2,1.0,3.0,94080,M,,,94
201100051866,11,9,16,1800,1,2,2,1.0,2.0,94067,M,,,94
201100051867,11,9,20,1010,1,2,1,1.0,6.0,94067,M,,,94
201100051868,11,9,20,1810,1,2,1,1.0,1.0,94080,M,,,94
201100051869,11,9,22,1220,1,2,1,1.0,2.0,94080,M,,,94
201100051870,11,9,24,1130,1,2,3,1.0,6.0,94080,M,,,94
201100051871,11,9,28,800,1,2,3,1.0,6.0,94067,M,,,94
201100051872,11,10,4,1750,1,2,1,1.0,3.0,94080,M,,,94
201100051873,11,10,5,2210,5,2,1,1.0,3.0,94067,M,,,94
201100051874,11,10,14,1400,1,2,2,1.0,6.0,94067,M,,,94
201100051875,11,10,14,1455,1,2,3,1.0,2.0,94080,M,,,94
201100051876,11,10,16,2340,5,2,1,1.0,7.0,94080,M,,,94
201100051877,11,10,17,1524,1,2,1,1.0,2.0,94080,M,,,94
201100051878,11,10,18,1730,2,2,1,3.0,6.0,94080,M,,,94
201100051879,11,10,19,930,1,2,3,1.0,6.0,94080,M,,,94
201100051880,11,10,20,1430,1,2,3,1.0,3.0,94080,M,,,94
201100051881,11,10,20,1925,5,2,3,1.0,6.0,94067,M,,,94
201100051882,11,10,25,715,5,2,1,2.0,3.0,94080,M,,,94
201100051883,11,11,2,1805,5,2,1,1.0,6.0,94080,M,,,94
201100051884,11,11,4,1050,1,2,2,1.0,6.0,94067,M,,,94
201100051885,11,11,25,940,1,2,3,1.0,3.0,94067,M,,,94
201100051886,11,11,29,1730,5,2,2,1.0,3.0,94080,M,,,94
201100051887,11,12,1,957,1,2,1,1.0,3.0,94067,M,,,94
201100051888,11,12,1,1810,5,2,3,8.0,6.0,94067,M,,,94
201100051889,11,12,6,1730,5,2,2,2.0,6.0,94067,M,,,94
201100051890,11,12,17,1705,5,2,1,2.0,2.0,94080,M,,,94
201100051891,11,12,19,1100,1,2,2,9.0,3.0,94080,M,,,94
201100051892,11,12,21,2130,5,2,1,2.0,7.0,94080,M,,,94
201100051893,11,12,20,1330,1,2,2,1.0,3.0,94067,M,,,94
201100051894,11,12,31,1005,1,2,3,2.0,3.0,94080,M,,,94
201100051895,11,1,16,1830,5,2,3,1.0,3.0,94080,M,4884630.0,241949.0,94
201100051896,11,3,16,1910,5,2,3,1.0,3.0,94080,M,4884480.0,243641.0,94
201100051897,11,1,8,1130,1,2,3,1.0,2.0,94081,M,4880370.0,237745.0,94
201100051898,11,1,13,1400,1,2,1,1.0,1.0,94081,M,4878660.0,240204.0,94
201100051899,11,1,14,1745,5,2,1,2.0,6.0,94081,M,4878620.0,238706.0,94
201100051900,11,1,15,1800,5,2,3,1.0,3.0,94081,M,4880290.0,241032.0,94
201100051901,11,2,8,1215,1,2,3,1.0,6.0,94081,M,4880290.0,241032.0,94
201100051902,11,1,22,1520,1,2,1,1.0,6.0,94081,M,4879580.0,241089.0,94
201100051903,11,1,24,955,1,2,3,2.0,3.0,94081,M,4880370.0,237745.0,94
201100051904,11,1,20,1945,5,2,1,1.0,6.0,94081,M,4879790.0,239946.0,94
201100051905,11,1,26,1250,1,2,4,2.0,3.0,94081,M,4879600.0,239808.0,94
201100051906,11,2,4,630,5,2,2,1.0,3.0,94081,M,4878280.0,239427.0,94
201100051907,11,2,10,1355,1,2,3,2.0,6.0,94081,M,4878930.0,238889.0,94
201100051908,11,2,11,1555,1,2,1,1.0,7.0,94081,M,4877580.0,240170.0,94
201100051909,11,2,12,1650,1,2,1,2.0,6.0,94081,M,4878970.0,238998.0,94
201100051910,11,2,14,800,1,2,1,1.0,3.0,94081,M,4878900.0,238652.0,94
201100051911,11,2,15,2230,5,2,1,1.0,7.0,94081,M,4879090.0,239346.0,94
201100051912,11,2,20,1640,1,2,1,1.0,6.0,94081,M,4879050.0,239221.0,94
201100051913,11,2,26,1230,1,1,1,2.0,2.0,94081,M,4877480.0,239865.0,94
201100051914,11,3,9,1815,2,2,2,1.0,6.0,94021,M,4877940.0,236720.0,94
201100051915,11,3,5,2130,5,2,1,1.0,4.0,94081,M,4879370.0,239617.0,94
201100051916,11,3,18,145,5,2,1,2.0,7.0,94081,M,4879820.0,241500.0,94
201100051917,11,3,23,1500,1,2,1,1.0,6.0,94081,M,4878090.0,237120.0,94
201100051918,11,3,24,1705,1,2,1,1.0,6.0,94081,M,4878370.0,237547.0,94
201100051919,11,3,25,1545,1,2,3,1.0,6.0,94081,M,4879470.0,238352.0,94
201100051920,11,4,1,1740,1,2,1,1.0,6.0,94081,M,4878990.0,239044.0,94
201100051921,11,4,3,100,5,2,1,1.0,6.0,94081,M,4878900.0,239300.0,94
201100051922,11,4,2,2020,2,2,1,1.0,3.0,94081,M,4879800.0,239944.0,94
201100051923,11,4,3,1600,1,2,6,1.0,6.0,94081,M,4879650.0,241737.0,94
201100051924,11,4,4,855,1,2,2,8.0,3.0,94081,M,4879150.0,239470.0,94
201100051925,11,4,5,1250,1,2,1,1.0,6.0,94081,M,4878130.0,237219.0,94
201100051926,11,4,7,2005,1,2,1,1.0,7.0,94081,M,4877350.0,237971.0,94
201100051927,11,4,10,1540,1,2,2,1.0,3.0,94081,M,4878330.0,238275.0,94
201100051928,11,4,11,1755,1,2,2,1.0,3.0,94081,M,4878860.0,237528.0,94
201100051929,11,4,12,1855,1,2,3,1.0,3.0,94081,M,4878970.0,238984.0,94
201100051930,11,4,13,1350,1,2,2,1.0,3.0,94081,M,4879780.0,239947.0,94
201100051931,11,4,16,1620,1,2,1,1.0,7.0,94081,M,4879400.0,239080.0,94
201100051932,11,4,18,1315,1,2,3,1.0,6.0,94081,M,4878250.0,238088.0,94
201100051933,11,4,21,1800,1,2,2,1.0,3.0,94081,M,4879600.0,239808.0,94
201100051934,11,4,22,1910,1,2,1,1.0,6.0,94081,M,4879300.0,239531.0,94
201100051935,11,4,23,2130,5,2,1,1.0,2.0,94081,M,4878360.0,241793.0,94
201100051936,11,4,27,1830,1,2,1,1.0,6.0,94081,M,4878680.0,238655.0,94
201100051937,11,5,5,700,1,2,2,1.0,6.0,94081,M,4878610.0,239188.0,94
201100051938,11,5,7,1530,1,2,1,1.0,3.0,94081,M,4878980.0,239021.0,94
201100051939,11,5,11,840,1,2,1,1.0,1.0,94081,M,4878720.0,239102.0,94
201100051940,11,5,13,1920,1,2,2,1.0,6.0,94081,M,4880040.0,237712.0,94
201100051941,11,5,16,1135,1,2,1,1.0,3.0,94081,M,4879290.0,239357.0,94
201100051942,11,5,16,1610,1,2,3,1.0,3.0,94081,M,4879440.0,240198.0,94
201100051943,11,5,17,915,1,1,1,1.0,6.0,94081,M,4879790.0,237925.0,94
201100051944,11,5,19,2240,5,2,3,1.0,6.0,94081,M,4879020.0,239147.0,94
201100051945,11,5,20,1315,1,2,2,1.0,3.0,94081,M,4879480.0,241825.0,94
201100051946,11,5,20,1820,1,2,2,1.0,3.0,94081,M,4878940.0,238917.0,94
201100051947,11,5,23,1545,1,2,1,1.0,6.0,94081,M,4879850.0,240015.0,94
201100051948,11,5,27,1300,1,2,2,1.0,1.0,94081,M,4878280.0,239427.0,94
201100051949,11,5,30,1620,1,2,1,1.0,6.0,94081,M,4878640.0,239167.0,94
201100051950,11,6,2,1400,1,2,3,1.0,2.0,94081,M,4879200.0,238468.0,94
201100051951,11,6,6,1445,1,2,1,1.0,6.0,94081,M,4879170.0,239479.0,94
201100051952,11,6,20,1815,1,2,1,1.0,6.0,94081,M,4879770.0,238215.0,94
201100051953,11,6,26,1840,1,2,1,1.0,6.0,94081,M,4879950.0,238865.0,94
201100051954,11,6,26,1550,1,2,1,1.0,6.0,94081,M,4877860.0,238511.0,94
201100051955,11,6,27,2000,1,2,1,1.0,6.0,94081,M,4879590.0,239996.0,94
201100051956,11,6,30,1720,1,2,1,1.0,3.0,94081,M,4879530.0,238419.0,94
201100051957,11,7,1,845,1,2,1,1.0,3.0,94081,M,4878070.0,241593.0,94
201100051958,11,7,1,1555,1,2,3,1.0,3.0,94081,M,4879380.0,239895.0,94
201100051959,11,7,4,1430,1,1,1,1.0,2.0,94081,M,4877350.0,240378.0,94
201100051960,11,7,7,2105,1,2,2,1.0,6.0,94081,M,4878600.0,237741.0,94
201100051961,11,7,9,935,1,2,2,8.0,3.0,94081,M,4879280.0,239765.0,94
201100051962,11,7,13,1030,1,2,1,8.0,6.0,94081,M,4878670.0,239103.0,94
201100051963,11,7,23,1205,1,2,2,1.0,3.0,94081,M,4878370.0,240406.0,94
201100051964,11,7,23,2310,5,2,3,1.0,3.0,94081,M,4879440.0,240198.0,94
201100051965,11,7,28,800,1,2,1,1.0,4.0,94081,M,4878330.0,239397.0,94
201100051966,11,7,28,1400,1,2,2,1.0,6.0,94081,M,4879890.0,238290.0,94
201100051967,11,7,31,1920,1,2,1,1.0,6.0,94081,M,4878990.0,239041.0,94
201100051968,11,8,2,715,1,2,4,1.0,1.0,94081,M,4880180.0,240296.0,94
201100051969,11,8,6,1240,1,2,1,1.0,2.0,94081,M,4879260.0,238899.0,94
201100051970,11,8,8,1800,1,2,1,1.0,7.0,94081,M,4879510.0,238816.0,94
201100051971,11,8,12,840,1,2,1,1.0,6.0,94081,M,4878610.0,238716.0,94
201100051972,11,8,17,1540,1,2,3,1.0,2.0,94081,M,4877210.0,236774.0,94
201100051973,11,8,24,1740,1,2,1,1.0,2.0,94081,M,4879590.0,239152.0,94
201100051974,11,9,1,1125,1,2,2,1.0,3.0,94081,M,,,94
201100051975,11,9,4,1510,1,2,1,8.0,4.0,94081,M,,,94
201100051976,11,9,8,1400,1,1,1,1.0,2.0,94081,M,,,94
201100051977,11,9,8,2010,2,2,1,1.0,6.0,94081,M,,,94
201100051978,11,9,9,625,5,2,2,1.0,3.0,94081,M,,,94
201100051979,11,9,16,1155,1,2,1,1.0,6.0,94081,M,,,94
201100051980,11,9,19,1310,1,2,3,1.0,3.0,94081,M,,,94
201100051981,11,9,19,1715,1,2,3,1.0,3.0,94081,M,,,94
201100051982,11,9,20,1750,1,2,1,1.0,3.0,94081,M,,,94
201100051983,11,9,22,1000,1,2,1,1.0,2.0,94081,M,,,94
201100051984,11,9,29,1830,1,2,2,1.0,3.0,94081,M,,,94
201100051985,11,10,5,10,4,2,1,1.0,3.0,94081,M,,,94
201100051986,11,10,6,850,1,2,1,2.0,6.0,94081,M,,,94
201100051987,11,10,11,1720,1,2,1,8.0,6.0,94081,M,,,94
201100051988,11,10,17,1705,1,2,2,1.0,3.0,94081,M,,,94
201100051989,11,10,21,1605,1,2,1,1.0,3.0,94081,M,,,94
201100051990,11,10,29,1215,1,2,2,1.0,3.0,94081,M,,,94
201100051991,11,11,2,1130,1,2,1,1.0,3.0,94081,M,,,94
201100051992,11,11,3,710,2,2,3,2.0,6.0,94081,M,,,94
201100051993,11,11,3,1515,1,2,1,2.0,3.0,94081,M,,,94
201100051994,11,11,15,850,1,2,1,1.0,1.0,94081,M,,,94
201100051995,11,11,15,850,1,2,1,1.0,6.0,94081,M,,,94
201100051996,11,11,19,1215,1,2,1,1.0,6.0,94081,M,,,94
201100051997,11,11,20,1735,5,2,6,1.0,6.0,94081,M,,,94
201100051998,11,11,27,1110,1,2,1,8.0,6.0,94081,M,,,94
201100051999,11,11,30,1650,1,2,2,1.0,3.0,94081,M,,,94
201100052000,11,12,4,1410,1,2,3,1.0,6.0,94081,M,,,94
201100052001,11,12,5,850,1,2,1,1.0,6.0,94081,M,,,94
201100052002,11,12,5,815,2,2,8,3.0,6.0,94081,M,,,94
201100052003,11,12,5,1420,1,2,3,1.0,1.0,94081,M,,,94
201100052004,11,12,6,1745,5,2,1,8.0,7.0,94081,M,,,94
201100052005,11,12,7,1810,5,2,1,8.0,2.0,94081,M,,,94
201100052006,11,12,7,2220,5,2,1,1.0,3.0,94081,M,,,94
201100052007,11,12,8,1830,5,2,1,1.0,6.0,94081,M,,,94
201100052008,11,12,13,950,1,2,1,3.0,6.0,94081,M,,,94
201100052009,11,12,13,1530,1,2,1,1.0,6.0,94081,M,,,94
201100052010,11,12,14,1550,1,2,1,1.0,6.0,94081,M,,,94
201100052011,11,12,16,2225,5,2,3,1.0,3.0,94081,M,,,94
201100052012,11,1,4,2015,5,2,3,8.0,2.0,95018,M,4893770.0,222840.0,95
201100052013,11,1,11,825,1,2,1,1.0,7.0,95018,M,4895760.0,223780.0,95
201100052014,11,1,16,1620,1,2,1,1.0,4.0,95018,M,4895210.0,222850.0,95
201100052015,11,1,16,1215,1,2,1,1.0,7.0,95582,M,4897110.0,225910.0,95
201100052016,11,1,18,1335,1,2,4,8.0,6.0,95018,M,4895940.0,223870.0,95
201100052017,11,1,19,1950,5,2,6,1.0,6.0,95582,M,4896520.0,225630.0,95
201100052018,11,1,22,1920,2,2,2,2.0,6.0,95176,M,4897320.0,220130.0,95
201100052019,11,1,23,2045,5,2,1,1.0,6.0,95018,M,4894770.0,225590.0,95
201100052020,11,1,27,1925,5,2,1,1.0,6.0,95176,M,4897100.0,219010.0,95
201100052021,11,1,27,1930,5,2,1,1.0,6.0,95018,M,4895730.0,228670.0,95
201100052022,11,1,28,920,1,2,2,1.0,3.0,95018,M,4895250.0,224360.0,95
201100052023,11,2,1,2300,4,2,1,2.0,6.0,95018,M,4895970.0,227570.0,95
201100052024,11,2,7,1400,1,2,1,1.0,2.0,95018,M,4894890.0,224490.0,95
201100052025,11,2,7,1645,1,2,1,1.0,6.0,95018,M,4894670.0,222980.0,95
201100052026,11,2,8,1655,1,2,3,1.0,5.0,95018,M,4895160.0,225380.0,95
201100052027,11,2,9,2000,5,2,1,1.0,6.0,95018,M,4894950.0,220590.0,95
201100052028,11,2,19,1310,1,2,1,1.0,1.0,95018,M,4893340.0,224090.0,95
201100052029,11,2,21,1825,5,2,5,2.0,6.0,95018,M,4894750.0,223240.0,95
201100052030,11,2,21,1840,5,2,2,1.0,3.0,95018,M,4893680.0,221970.0,95
201100052031,11,3,6,2055,4,2,1,1.0,7.0,95018,M,4894280.0,223720.0,95
201100052032,11,3,8,730,1,2,2,1.0,5.0,95018,M,4894420.0,225090.0,95
201100052033,11,3,8,1240,1,2,1,7.0,7.0,95018,M,4894270.0,225240.0,95
201100052034,11,3,10,1350,1,2,3,1.0,6.0,95176,M,4896640.0,219340.0,95
201100052035,11,3,11,1230,1,2,3,1.0,3.0,95018,M,4895590.0,227860.0,95
201100052036,11,3,11,2215,5,2,2,1.0,3.0,95018,M,4894140.0,220690.0,95
201100052037,11,3,13,1640,1,2,2,1.0,3.0,95018,M,4893680.0,221960.0,95
201100052038,11,3,15,835,1,2,1,1.0,6.0,95018,M,4895310.0,225410.0,95
201100052039,11,3,16,720,1,2,2,1.0,3.0,95176,M,4896970.0,220110.0,95
201100052040,11,3,17,825,1,2,1,1.0,6.0,95018,M,4895590.0,223150.0,95
201100052041,11,3,18,810,1,2,1,1.0,6.0,95018,M,4895130.0,222890.0,95
201100052042,11,3,17,820,1,2,1,1.0,3.0,95582,M,4897280.0,226620.0,95
201100052043,11,3,22,810,1,2,2,1.0,6.0,95018,M,4894410.0,225110.0,95
201100052044,11,3,21,1825,1,2,6,1.0,3.0,95176,M,4895920.0,218910.0,95
201100052045,11,3,31,1903,1,2,3,1.0,1.0,95018,M,4894080.0,224760.0,95
201100052046,11,4,2,2200,5,2,1,1.0,6.0,95582,M,4897460.0,226560.0,95
201100052047,11,4,3,100,5,2,2,1.0,3.0,95018,M,4894280.0,224310.0,95
201100052048,11,4,2,1425,1,2,2,1.0,3.0,95582,M,4896750.0,226240.0,95
201100052049,11,4,8,1040,1,2,1,1.0,7.0,95582,M,4896640.0,225090.0,95
201100052050,11,4,8,1710,1,2,1,1.0,2.0,95018,M,4894250.0,225400.0,95
201100052051,11,4,8,1700,1,2,1,1.0,6.0,95018,M,4895800.0,224180.0,95
201100052052,11,4,8,2010,1,2,3,1.0,3.0,95176,M,4896190.0,219030.0,95
201100052053,11,4,11,1505,1,1,1,1.0,5.0,95018,M,4894360.0,225870.0,95
201100052054,11,4,15,1130,1,2,1,1.0,4.0,95018,M,4895260.0,223510.0,95
201100052055,11,4,19,1845,1,2,1,1.0,6.0,95018,M,4895300.0,225620.0,95
201100052056,11,4,22,1315,1,2,1,1.0,6.0,95018,M,4894060.0,224990.0,95
201100052057,11,4,27,1405,1,2,3,1.0,2.0,95176,M,4896620.0,219860.0,95
201100052058,11,4,30,1800,1,2,2,1.0,3.0,95176,M,4896550.0,219750.0,95
201100052059,11,5,1,2010,1,2,2,1.0,3.0,95018,M,4895840.0,225420.0,95
201100052060,11,4,30,800,1,2,3,1.0,7.0,95018,M,4895930.0,223880.0,95
201100052061,11,5,2,1900,1,2,3,1.0,2.0,95018,M,4893690.0,224330.0,95
201100052062,11,5,2,1205,1,2,1,1.0,2.0,95018,M,4895630.0,228150.0,95
201100052063,11,5,3,840,1,2,1,1.0,2.0,95018,M,4895380.0,224290.0,95
201100052064,11,5,4,1725,1,2,1,1.0,3.0,95018,M,4895480.0,223110.0,95
201100052065,11,5,5,845,1,2,2,1.0,3.0,95582,M,4896880.0,227420.0,95
201100052066,11,5,5,1240,1,2,1,1.0,2.0,95018,M,4894380.0,224460.0,95
201100052067,11,5,6,1915,1,2,2,1.0,3.0,95176,M,4896340.0,220080.0,95
201100052068,11,5,7,1725,1,2,1,1.0,6.0,95018,M,4895280.0,222600.0,95
201100052069,11,5,6,1245,1,2,3,1.0,2.0,95582,M,4897750.0,224230.0,95
201100052070,11,5,6,1645,1,2,1,1.0,6.0,95018,M,4893590.0,223470.0,95
201100052071,11,5,7,1600,1,2,2,1.0,3.0,95018,M,4894470.0,225470.0,95
201100052072,11,5,10,1245,1,2,3,1.0,2.0,95018,M,4894290.0,225720.0,95
201100052073,11,5,11,1300,1,2,6,1.0,7.0,95582,M,4896530.0,225670.0,95
201100052074,11,5,13,1735,1,2,2,1.0,6.0,95018,M,4894420.0,224520.0,95
201100052075,11,5,15,1745,1,2,1,1.0,6.0,95582,M,4898150.0,223970.0,95
201100052076,11,5,16,1740,1,2,1,1.0,6.0,95018,M,4893540.0,223710.0,95
201100052077,11,5,16,1655,1,2,2,1.0,3.0,95018,M,4895310.0,225880.0,95
201100052078,11,5,17,1350,1,2,2,1.0,3.0,95018,M,4895640.0,225250.0,95
201100052079,11,5,20,1035,1,2,2,1.0,3.0,95018,M,4895210.0,226690.0,95
201100052080,11,5,21,2010,2,2,1,1.0,2.0,95018,M,4894630.0,222960.0,95
201100052081,11,5,22,1845,1,2,1,1.0,6.0,95018,M,4894770.0,222690.0,95
201100052082,11,5,23,825,1,2,1,1.0,3.0,95176,M,4895280.0,220550.0,95
201100052083,11,5,24,1645,1,2,1,1.0,6.0,95018,M,4894660.0,223090.0,95
201100052084,11,5,25,805,1,2,1,7.0,2.0,95018,M,4895070.0,224410.0,95