Num_Acc,an,mois,jour,hrmn,lum,agg,int,atm,col,com,gps,lat,long,dep
201100052085,11,5,28,1425,1,2,1,1.0,6.0,95018,M,4894040.0,222480.0,95
201100052086,11,5,29,1445,1,2,3,1.0,3.0,95018,M,4893530.0,222420.0,95
201100052087,11,5,31,1635,1,2,1,1.0,6.0,95018,M,4894480.0,223380.0,95
201100052088,11,6,1,1940,1,2,6,1.0,6.0,95018,M,4894750.0,223240.0,95
201100052089,11,6,4,1920,1,2,2,1.0,3.0,95582,M,4897860.0,225860.0,95
201100052090,11,6,6,1745,1,2,3,1.0,3.0,95018,M,4894710.0,224990.0,95
201100052091,11,6,11,2105,1,2,1,1.0,1.0,95018,M,4896510.0,223680.0,95
201100052092,11,6,13,1255,1,1,1,1.0,6.0,95582,M,4896970.0,222990.0,95
201100052093,11,6,16,1650,1,2,1,1.0,6.0,95018,M,4895790.0,228610.0,95
201100052094,11,6,16,1715,1,2,1,1.0,6.0,95018,M,4895390.0,228130.0,95
201100052095,11,6,19,2055,1,2,5,1.0,6.0,95018,M,4894910.0,225340.0,95
201100052096,11,6,17,1910,1,2,1,1.0,4.0,95018,M,4894410.0,225430.0,95
201100052097,11,6,22,740,1,1,1,2.0,3.0,95176,M,4895240.0,217610.0,95
201100052098,11,6,21,1120,1,2,1,1.0,6.0,95018,M,4894160.0,224710.0,95
201100052099,11,6,23,1328,1,2,1,1.0,5.0,95176,M,4897310.0,220510.0,95
201100052100,11,6,24,2115,1,2,3,1.0,7.0,95176,M,4897460.0,218760.0,95
201100052101,11,6,24,1315,1,2,1,1.0,1.0,95018,M,4894080.0,221830.0,95
201100052102,11,7,1,1820,1,2,1,1.0,7.0,95018,M,4896440.0,223670.0,95
201100052103,11,7,5,1740,1,2,1,1.0,6.0,95018,M,4895430.0,222110.0,95
201100052104,11,7,6,1220,1,2,2,1.0,3.0,95018,M,4893240.0,223360.0,95
201100052105,11,7,7,1015,1,2,1,1.0,6.0,95582,M,4897230.0,225310.0,95
201100052106,11,7,11,1150,1,2,1,1.0,6.0,95582,M,4897390.0,225230.0,95
201100052107,11,7,12,935,1,2,3,1.0,3.0,95018,M,4895010.0,224430.0,95
201100052108,11,7,19,1625,1,2,3,1.0,6.0,95018,M,4894680.0,224950.0,95
201100052109,11,7,21,1650,1,2,1,1.0,6.0,95018,M,4894560.0,225460.0,95
201100052110,11,7,22,1555,1,2,1,8.0,1.0,95018,M,4895730.0,224570.0,95
201100052111,11,7,27,1215,1,2,2,1.0,6.0,95018,M,4894250.0,224270.0,95
201100052112,11,7,31,2205,5,2,3,1.0,3.0,95018,M,4895630.0,223070.0,95
201100052113,11,7,30,1850,1,2,1,1.0,6.0,95018,M,4894640.0,221870.0,95
201100052114,11,8,1,2005,1,2,3,1.0,5.0,95018,M,4894950.0,225360.0,95
201100052115,11,8,3,1545,1,2,1,1.0,3.0,95018,M,4893990.0,222370.0,95
201100052116,11,8,9,2030,1,2,1,1.0,4.0,95018,M,4894280.0,225710.0,95
201100052117,11,8,12,1455,1,2,3,1.0,6.0,95176,M,4897550.0,220540.0,95
201100052118,11,8,18,1740,1,2,2,1.0,2.0,95582,M,4896970.0,226320.0,95
201100052119,11,8,19,1725,1,2,2,1.0,2.0,95018,M,4894910.0,225340.0,95
201100052120,11,8,27,1500,1,2,3,1.0,6.0,95018,M,4894560.0,225320.0,95
201100052121,11,8,31,510,5,2,1,1.0,6.0,95018,M,4894450.0,222580.0,95
201100052122,11,9,1,1145,1,2,1,1.0,7.0,95018,M,4893360.0,224060.0,95
201100052123,11,9,8,1925,1,2,2,3.0,3.0,95018,M,4894540.0,224640.0,95
201100052124,11,9,5,1825,1,2,1,1.0,6.0,95018,M,4894520.0,223950.0,95
201100052125,11,9,10,1340,1,2,2,1.0,6.0,95018,M,4895260.0,224380.0,95
201100052126,11,9,13,1025,1,2,1,1.0,6.0,95018,M,4895160.0,222650.0,95
201100052127,11,9,13,1457,1,2,1,1.0,6.0,95582,M,4897050.0,226430.0,95
201100052128,11,9,14,2125,5,2,2,1.0,1.0,95176,M,4896970.0,220120.0,95
201100052129,11,9,16,1600,1,2,2,1.0,6.0,95018,M,4894090.0,221670.0,95
201100052130,11,9,18,1435,1,2,1,1.0,2.0,95018,M,4894490.0,225030.0,95
201100052131,11,9,16,840,1,2,2,1.0,6.0,95018,M,4894580.0,223370.0,95
201100052132,11,9,16,1440,1,2,6,1.0,2.0,95018,M,4894490.0,220650.0,95
201100052133,11,9,19,1856,1,2,5,1.0,6.0,95018,M,4894710.0,224680.0,95
201100052134,11,9,20,820,1,2,3,1.0,2.0,95018,M,4895270.0,221530.0,95
201100052135,11,9,21,1640,1,2,1,1.0,7.0,95018,M,4894130.0,220720.0,95
201100052136,11,9,23,1140,1,2,1,1.0,6.0,95582,M,4897130.0,226420.0,95
201100052137,11,9,22,710,2,2,1,1.0,2.0,95018,M,4893630.0,223790.0,95
201100052138,11,9,23,1645,1,2,1,1.0,6.0,95018,M,4894820.0,225210.0,95
201100052139,11,9,20,1655,1,2,1,1.0,6.0,95018,M,4895840.0,228050.0,95
201100052140,11,9,29,800,1,2,3,1.0,6.0,95582,M,4897290.0,225420.0,95
201100052141,11,9,29,2155,5,2,6,1.0,6.0,95582,M,4896910.0,225650.0,95
201100052142,11,9,29,1600,1,2,1,1.0,6.0,95582,M,4897250.0,225540.0,95
201100052143,11,9,30,1630,1,2,2,1.0,6.0,95018,M,4894150.0,220670.0,95
201100052144,11,9,30,1005,1,2,1,1.0,3.0,95018,M,4894870.0,225890.0,95
201100052145,11,9,28,2114,5,2,4,1.0,7.0,95018,M,4895020.0,222720.0,95
201100052146,11,10,4,1140,1,2,2,1.0,6.0,95018,M,4894770.0,225590.0,95
201100052147,11,10,3,1430,1,2,1,1.0,6.0,95176,M,4896990.0,219680.0,95
201100052148,11,10,3,1745,1,2,1,7.0,6.0,95018,M,4894520.0,223220.0,95
201100052149,11,10,5,1710,1,2,2,1.0,2.0,95582,M,4898010.0,223540.0,95
201100052150,11,10,9,1718,1,2,3,1.0,4.0,95018,M,4893690.0,224550.0,95
201100052151,11,10,6,655,5,2,3,1.0,3.0,95018,M,4893940.0,220690.0,95
201100052152,11,10,10,1810,1,2,2,1.0,3.0,95018,M,4895520.0,223240.0,95
201100052153,11,10,13,915,1,2,1,1.0,3.0,95018,M,4893290.0,223250.0,95
201100052154,11,10,14,1745,1,2,3,1.0,3.0,95018,M,4893690.0,224330.0,95
201100052155,11,10,15,200,5,2,2,1.0,3.0,95018,M,4894120.0,224040.0,95
201100052156,11,10,18,1125,1,2,3,1.0,3.0,95018,M,4895710.0,224020.0,95
201100052157,11,10,18,1425,1,2,1,2.0,2.0,95018,M,4896030.0,225840.0,95
201100052158,11,10,20,1500,1,2,2,1.0,2.0,95018,M,4894310.0,224240.0,95
201100052159,11,10,22,2000,5,2,1,8.0,3.0,95018,M,4895190.0,220580.0,95
201100052160,11,10,24,1905,5,2,2,1.0,3.0,95018,M,4895940.0,223590.0,95
201100052161,11,11,15,1800,5,2,1,1.0,7.0,95018,M,4894980.0,227620.0,95
201100052162,11,11,2,1900,5,2,3,2.0,3.0,95018,M,4895710.0,224020.0,95
201100052163,11,11,3,1730,5,2,1,3.0,2.0,95018,M,4895190.0,220570.0,95
201100052164,11,11,7,1325,1,2,2,1.0,3.0,95018,M,4894260.0,224290.0,95
201100052165,11,11,10,850,1,2,2,1.0,6.0,95018,M,4895250.0,224360.0,95
201100052166,11,11,12,1425,1,2,4,1.0,1.0,95176,M,4897070.0,218820.0,95
201100052167,11,11,12,1715,5,2,1,1.0,5.0,95018,M,4893970.0,222920.0,95
201100052168,11,11,12,1930,5,2,2,1.0,1.0,95018,M,4894420.0,225090.0,95
201100052169,11,11,15,745,1,2,1,2.0,3.0,95176,M,4897560.0,218620.0,95
201100052170,11,11,18,1955,5,2,2,1.0,3.0,95018,M,4894260.0,224290.0,95
201100052171,11,11,20,1440,1,2,2,1.0,3.0,95018,M,4895530.0,229020.0,95
201100052172,11,11,18,1920,5,2,3,1.0,1.0,95018,M,4895330.0,221740.0,95
201100052173,11,11,21,815,1,2,1,2.0,6.0,95582,M,4896780.0,225360.0,95
201100052174,11,11,23,1415,1,2,1,1.0,6.0,95018,M,4894660.0,223750.0,95
201100052175,11,11,24,1140,1,2,2,1.0,6.0,95018,M,4895860.0,225740.0,95
201100052176,11,11,25,1900,5,2,1,1.0,6.0,95018,M,4895290.0,226920.0,95
201100052177,11,11,29,2115,5,2,1,2.0,6.0,95176,M,4897780.0,221240.0,95
201100052178,11,11,28,755,2,2,2,1.0,3.0,95018,M,4894610.0,224790.0,95
201100052179,11,11,30,820,1,2,1,1.0,3.0,95176,M,,,95
201100052180,11,12,1,1622,1,2,3,8.0,7.0,95018,M,4894480.0,224610.0,95
201100052181,11,12,1,1724,5,2,1,2.0,3.0,95018,M,4895670.0,225760.0,95
201100052182,11,12,1,1910,5,2,3,1.0,6.0,95582,M,4898230.0,224090.0,95
201100052183,11,12,5,1130,1,2,4,1.0,6.0,95018,M,4895690.0,225630.0,95
201100052184,11,12,9,745,5,2,6,2.0,3.0,95018,M,4898320.0,222790.0,95
201100052185,11,12,9,1220,1,2,1,2.0,6.0,95582,M,4897440.0,223660.0,95
201100052186,11,12,7,2010,5,2,3,1.0,2.0,95018,M,4895290.0,226940.0,95
201100052187,11,12,10,2010,5,2,1,8.0,6.0,95176,M,4898010.0,219160.0,95
201100052188,11,12,11,1149,1,2,3,2.0,6.0,95018,M,4893920.0,224790.0,95
201100052189,11,12,13,810,2,2,1,2.0,3.0,95018,M,4893830.0,224670.0,95
201100052190,11,12,13,630,5,2,2,2.0,6.0,95018,M,4894420.0,225110.0,95
201100052191,11,12,15,1310,1,2,1,2.0,6.0,95018,M,4896060.0,225050.0,95
201100052192,11,12,16,910,1,2,3,1.0,6.0,95018,M,4894680.0,224930.0,95
201100052193,11,12,18,840,2,1,1,1.0,6.0,95018,M,4895320.0,227710.0,95
201100052194,11,12,17,750,2,2,1,2.0,1.0,95582,M,4897660.0,223730.0,95
201100052195,11,12,19,1840,5,2,1,3.0,6.0,95018,M,4894310.0,225050.0,95
201100052196,11,12,20,1050,1,2,2,1.0,6.0,95018,M,4894820.0,225190.0,95
201100052197,11,12,20,1650,2,2,2,1.0,3.0,95018,M,4895480.0,224230.0,95
201100052198,11,12,20,1845,2,1,1,1.0,4.0,95018,M,4894870.0,227310.0,95
201100052199,11,12,21,1310,1,2,8,2.0,6.0,95018,M,4895270.0,224340.0,95
201100052200,11,12,24,1000,1,2,2,1.0,6.0,95018,M,4894480.0,225470.0,95
201100052201,11,12,23,2050,5,2,2,2.0,1.0,95582,M,4897210.0,225610.0,95
201100052202,11,12,25,1445,1,2,2,1.0,4.0,95018,M,4894040.0,222360.0,95
201100052203,11,12,26,1710,2,2,2,1.0,4.0,95176,M,4896680.0,219370.0,95
201100052204,11,1,19,2005,5,2,1,1.0,1.0,95063,M,4892800.0,222300.0,95
201100052205,11,12,21,1620,1,2,1,8.0,3.0,95063,M,4892740.0,221560.0,95
201100052206,11,6,25,1630,1,2,1,7.0,6.0,95063,M,4892730.0,221610.0,95
201100052207,11,7,26,1815,1,2,3,8.0,1.0,95063,M,4893200.0,221710.0,95
201100052208,11,6,24,1900,1,2,1,1.0,3.0,95063,M,4892830.0,221460.0,95
201100052209,11,8,8,1515,1,2,1,1.0,6.0,95063,M,4892350.0,220840.0,95
201100052210,11,6,28,1435,1,2,1,1.0,6.0,95063,M,4893290.0,221030.0,95
201100052211,11,9,14,1120,1,2,3,7.0,1.0,95063,M,4892770.0,221320.0,95
201100052212,11,9,27,1715,1,2,1,1.0,6.0,95063,M,4892340.0,220780.0,95
201100052213,11,10,5,1430,1,2,1,1.0,6.0,95063,M,4892670.0,221430.0,95
201100052214,11,9,7,615,5,2,1,1.0,6.0,95063,M,4892350.0,220780.0,95
201100052215,11,12,8,1935,2,2,1,2.0,1.0,95063,M,4893780.0,220710.0,95
201100052216,11,3,5,1300,1,2,2,1.0,3.0,95127,M,4904740.0,205189.0,95
201100052217,11,3,8,1100,1,2,3,1.0,3.0,95218,M,4901750.0,211190.0,95
201100052218,11,5,1,25,5,2,1,1.0,6.0,95572,M,4904750.0,210350.0,95
201100052219,11,4,2,1600,1,2,1,1.0,6.0,95572,M,4903770.0,210380.0,95
201100052220,11,5,21,2310,5,2,1,1.0,6.0,95572,M,4903820.0,210420.0,95
201100052221,11,7,3,2100,1,2,2,1.0,3.0,95127,M,4903610.0,208480.0,95
201100052222,11,7,2,1515,1,1,2,1.0,3.0,95218,M,4901580.0,209189.0,95
201100052223,11,7,25,2140,5,2,2,1.0,3.0,95127,M,4904290.0,201810.0,95
201100052224,11,7,25,2000,1,2,2,1.0,3.0,95127,M,4902980.0,206960.0,95
201100052225,11,7,17,500,3,1,1,1.0,7.0,95271,M,4908710.0,206250.0,95
201100052226,11,9,28,1230,1,1,1,1.0,6.0,95127,M,,,95
201100052227,11,9,29,1320,1,2,1,1.0,6.0,95500,M,4904480.0,209550.0,95
201100052228,11,10,2,2120,5,2,2,1.0,3.0,95572,M,4905160.0,213270.0,95
201100052229,11,10,10,720,5,2,2,1.0,4.0,95218,M,4902440.0,210390.0,95
201100052230,11,10,13,830,1,2,2,2.0,3.0,95127,M,4903290.0,207890.0,95
201100052231,11,10,14,1700,1,2,1,1.0,6.0,95127,M,4904330.0,206270.0,95
201100052232,11,10,15,1625,1,2,5,1.0,3.0,95218,M,4901340.0,208990.0,95
201100052233,11,11,18,5,3,1,1,5.0,6.0,95476,M,4905810.0,203470.0,95
201100052234,11,12,14,915,1,2,1,1.0,6.0,95572,M,4903810.0,210970.0,95
201100052235,11,10,11,2115,5,2,1,1.0,3.0,95572,M,4905380.0,212320.0,95
201100052236,11,1,21,945,1,2,1,1.0,6.0,95500,M,4904880.0,209290.0,95
201100052237,11,4,1,200,5,2,1,1.0,7.0,95500,M,4905820.0,211630.0,95
201100052238,11,2,28,925,1,2,1,1.0,6.0,95127,M,4904330.0,206250.0,95
201100052239,11,5,5,1715,1,2,1,1.0,3.0,95572,M,4905370.0,211870.0,95
201100052240,11,1,13,1250,1,2,2,1.0,6.0,95127,M,4903880.0,207660.0,95
201100052241,11,2,8,1710,1,2,2,1.0,6.0,95127,M,4905240.0,202369.0,95
201100052242,11,5,15,2340,5,2,3,1.0,3.0,95127,M,4904740.0,205189.0,95
201100052243,11,6,4,1735,1,2,2,1.0,3.0,95218,M,4902090.0,210050.0,95
201100052244,11,6,2,50,3,1,1,1.0,6.0,95127,M,4905390.0,205910.0,95
201100052245,11,3,12,1300,1,2,3,1.0,3.0,95572,M,4905170.0,214660.0,95
201100052246,11,7,1,830,1,1,1,1.0,2.0,95476,M,4905790.0,203520.0,95
201100052247,11,6,28,1400,1,2,1,1.0,2.0,95127,M,4903890.0,207670.0,95
201100052248,11,7,27,1700,1,1,1,2.0,2.0,95127,M,4905460.0,205540.0,95
201100052249,11,10,27,1200,1,2,1,1.0,3.0,95572,M,4905230.0,214140.0,95
201100052250,11,2,1,950,1,2,1,1.0,3.0,95427,M,4896190.0,232270.0,95
201100052251,11,3,21,1235,1,2,3,1.0,1.0,95197,M,4897530.0,233280.0,95
201100052252,11,4,11,1945,2,2,3,1.0,2.0,95197,M,4897530.0,233270.0,95
201100052253,11,4,20,1850,1,2,1,1.0,6.0,95427,M,4896510.0,233690.0,95
201100052254,11,4,6,1635,2,2,1,1.0,6.0,95427,M,4897660.0,234470.0,95
201100052255,11,5,25,1135,1,2,1,1.0,6.0,95427,M,4896630.0,233810.0,95
201100052256,11,5,5,1345,1,2,1,1.0,3.0,95197,M,4896270.0,233380.0,95
201100052257,11,6,22,815,1,2,1,3.0,2.0,95197,M,4896930.0,231420.0,95
201100052258,11,6,10,1630,1,2,1,3.0,6.0,95427,M,4897340.0,234310.0,95
201100052259,11,7,2,650,1,2,1,1.0,6.0,95197,M,4896990.0,231650.0,95
201100052260,11,7,6,1305,1,2,1,1.0,6.0,95197,M,4897580.0,232710.0,95
201100052261,11,6,23,1220,1,2,2,1.0,4.0,95427,M,4897590.0,235180.0,95
201100052262,11,7,13,1827,1,2,1,1.0,6.0,95197,M,4896270.0,232780.0,95
201100052263,11,7,14,1540,1,2,1,1.0,6.0,95197,M,4896370.0,233020.0,95
201100052264,11,7,27,820,1,2,3,1.0,3.0,95598,M,4997740.0,230690.0,95
201100052265,11,8,25,1935,1,2,1,1.0,6.0,95197,M,4897540.0,233350.0,95
201100052266,11,9,27,1935,2,2,1,1.0,7.0,95197,M,4897040.0,232180.0,95
201100052267,11,10,2,1845,1,2,1,1.0,2.0,95197,M,4897520.0,232180.0,95
201100052268,11,10,16,2216,5,2,1,1.0,1.0,95427,M,4895710.0,233110.0,95
201100052269,11,11,28,535,5,2,1,1.0,2.0,95427,M,4896360.0,233520.0,95
201100052270,11,12,2,1800,5,2,1,2.0,2.0,95427,M,4897610.0,235230.0,95
201100052271,11,10,14,1945,5,2,1,1.0,3.0,95197,M,4897480.0,234040.0,95
201100052272,11,12,13,2005,3,2,1,1.0,6.0,95197,M,4895940.0,232770.0,95
201100052273,11,11,25,1910,5,2,1,2.0,6.0,95197,M,4896140.0,232640.0,95
201100052274,11,1,22,1100,1,2,1,1.0,6.0,95210,M,4896850.0,230960.0,95
201100052275,11,5,12,830,1,2,6,1.0,6.0,95555,M,4896520.0,228340.0,95
201100052276,11,7,6,2120,5,2,1,1.0,2.0,95598,M,4899290.0,231070.0,95
201100052277,11,1,3,1550,1,2,1,1.0,6.0,95210,M,4897010.0,230340.0,95
201100052278,11,1,20,615,5,2,1,1.0,3.0,95555,M,4897710.0,227150.0,95
201100052279,11,1,21,815,1,2,1,1.0,2.0,95598,M,4899510.0,230190.0,95
201100052280,11,1,31,1600,1,2,1,1.0,6.0,95555,M,4896780.0,228110.0,95
201100052281,11,2,3,1740,1,2,1,1.0,6.0,95210,M,4897490.0,229750.0,95
201100052282,11,3,6,1500,1,2,1,1.0,3.0,95428,M,4899360.0,233590.0,95
201100052283,11,3,11,1725,2,2,1,1.0,6.0,95598,M,4899530.0,230260.0,95
201100052284,11,3,12,428,5,2,2,1.0,1.0,95210,M,4897270.0,231010.0,95
201100052285,11,3,18,900,1,2,1,1.0,2.0,95428,M,4897340.0,230970.0,95
201100052286,11,3,25,840,1,2,1,1.0,2.0,95369,M,4900150.0,228780.0,95
201100052287,11,4,1,900,1,2,1,1.0,3.0,95428,M,4897610.0,230950.0,95
201100052288,11,4,1,1620,1,2,1,1.0,3.0,95598,M,4898120.0,229240.0,95
201100052289,11,4,1,1325,1,2,4,1.0,2.0,95210,M,4896660.0,230950.0,95
201100052290,11,4,1,1735,1,2,1,1.0,1.0,95014,M,4900480.0,230440.0,95
201100052291,11,4,7,800,1,2,1,1.0,6.0,95428,M,4900780.0,231370.0,95
201100052292,11,4,15,1130,1,2,1,1.0,2.0,95210,M,4896780.0,230580.0,95
201100052293,11,4,19,1305,1,2,2,1.0,2.0,95598,M,4899310.0,230960.0,95
201100052294,11,4,22,1930,2,2,1,1.0,2.0,95428,M,4898160.0,232120.0,95
201100052295,11,4,26,2000,5,2,1,1.0,6.0,95428,M,4898790.0,231870.0,95
201100052296,11,4,30,1840,1,2,2,1.0,3.0,95428,M,4898330.0,231620.0,95
201100052297,11,5,7,2355,5,2,1,1.0,6.0,95555,M,4896440.0,228790.0,95
201100052298,11,5,17,1715,1,2,2,1.0,6.0,95428,M,4899320.0,232320.0,95
201100052299,11,5,28,1045,1,2,1,1.0,6.0,95598,M,4898980.0,229220.0,95
201100052300,11,6,2,1950,1,2,1,1.0,6.0,95210,M,4897130.0,230920.0,95
201100052301,11,6,7,20,3,2,1,1.0,1.0,95555,M,4896440.0,228810.0,95
201100052302,11,6,14,1730,1,2,1,1.0,2.0,95598,M,4898060.0,229240.0,95
201100052303,11,6,19,1800,1,2,1,1.0,6.0,95428,M,4899650.0,232470.0,95
201100052304,11,6,22,1700,1,2,1,1.0,6.0,95210,M,4897310.0,230790.0,95
201100052305,11,6,29,2030,2,2,1,1.0,3.0,95598,M,4897580.0,230110.0,95
201100052306,11,7,19,905,1,2,6,3.0,3.0,95598,M,4998000.0,229210.0,95
201100052307,11,8,27,1220,1,2,1,1.0,2.0,95598,M,4898860.0,229290.0,95
201100052308,11,8,25,1440,1,2,1,1.0,6.0,95598,M,4898190.0,230090.0,95
201100052309,11,9,15,1720,1,2,1,1.0,3.0,95428,M,4897830.0,230840.0,95
201100052310,11,9,10,1730,1,2,1,1.0,3.0,95210,M,4896360.0,230580.0,95
201100052311,11,10,4,1450,1,2,1,1.0,6.0,95210,M,4896930.0,230530.0,95
201100052312,11,10,6,555,5,2,1,1.0,3.0,95210,M,4896860.0,231250.0,95
201100052313,11,10,17,2030,5,2,1,1.0,6.0,95210,M,4896910.0,230510.0,95
201100052314,11,10,19,915,1,2,1,1.0,6.0,95369,M,4900270.0,228370.0,95
201100052315,11,10,27,1430,1,2,1,1.0,6.0,95428,M,4900580.0,231620.0,95
201100052316,11,10,31,1615,1,2,1,1.0,3.0,95598,M,4898340.0,229380.0,95
201100052317,11,11,2,930,1,2,1,1.0,3.0,95428,M,4897020.0,231290.0,95
201100052318,11,11,3,820,1,2,1,2.0,6.0,95598,M,4898630.0,229870.0,95
201100052319,11,12,5,915,1,2,1,1.0,6.0,95555,M,4897480.0,229290.0,95
201100052320,11,12,10,1110,1,2,1,2.0,6.0,95428,M,4899380.0,231880.0,95
201100052321,11,4,6,2150,5,2,6,1.0,1.0,95527,M,4896860.0,234300.0,95
201100052322,11,9,21,1846,1,2,1,1.0,6.0,95210,M,4896980.0,230870.0,95
201100052323,11,1,5,1825,2,2,1,1.0,2.0,95219,M,4899360.0,226680.0,95
201100052324,11,1,10,1520,1,2,1,1.0,2.0,95219,M,4898260.0,227160.0,95
201100052325,11,1,10,1650,1,2,1,1.0,6.0,95203,M,4899130.0,228630.0,95
201100052326,11,1,13,735,2,2,1,1.0,6.0,95252,M,4899470.0,223210.0,95
201100052327,11,1,13,1750,2,2,2,1.0,6.0,95203,M,4898380.0,228280.0,95
201100052328,11,1,13,1900,5,2,2,1.0,3.0,95252,M,4897940.0,223340.0,95
201100052329,11,1,24,939,1,2,1,2.0,7.0,95491,M,4899770.0,223950.0,95
201100052330,11,1,29,940,1,2,1,1.0,6.0,95219,M,4899520.0,225110.0,95
201100052331,11,1,30,110,5,2,1,1.0,3.0,95219,M,4898320.0,224320.0,95
201100052332,11,1,30,1245,1,2,1,1.0,6.0,95252,M,4899570.0,223220.0,95
201100052333,11,2,12,1500,1,2,3,1.0,3.0,95219,M,4899740.0,224960.0,95
201100052334,11,2,10,1430,1,2,1,1.0,2.0,95219,M,4898010.0,227120.0,95
201100052335,11,3,8,1725,1,2,1,1.0,6.0,95491,M,4900150.0,223910.0,95
201100052336,11,3,12,605,5,2,1,1.0,6.0,95219,M,4898040.0,226980.0,95
201100052337,11,3,13,1450,1,2,3,1.0,3.0,95252,M,4899590.0,223860.0,95
201100052338,11,3,17,1630,1,2,6,1.0,6.0,95491,M,4900090.0,224040.0,95
201100052339,11,3,29,1200,1,2,1,1.0,3.0,95252,M,4898550.0,222780.0,95
201100052340,11,4,7,925,1,2,1,1.0,3.0,95574,M,4901580.0,226180.0,95
201100052341,11,4,11,1440,1,2,2,1.0,3.0,95203,M,4899500.0,227530.0,95
201100052342,11,4,13,1920,1,2,3,1.0,3.0,95203,M,4899520.0,228360.0,95
201100052343,11,4,14,1755,1,2,1,1.0,7.0,95252,M,4899220.0,222190.0,95
201100052344,11,4,17,1500,1,2,6,1.0,3.0,95203,M,4899480.0,227560.0,95
201100052345,11,4,20,1900,1,2,1,1.0,1.0,95252,M,4899030.0,222780.0,95
201100052346,11,5,1,1415,1,2,2,1.0,3.0,95219,M,4897780.0,225990.0,95
201100052347,11,5,3,1050,1,2,1,1.0,4.0,95574,M,4900640.0,225830.0,95
201100052348,11,5,3,1410,1,2,1,1.0,3.0,95219,M,4899130.0,225810.0,95
201100052349,11,5,4,1930,1,2,1,1.0,7.0,95219,M,4898070.0,227060.0,95
201100052350,11,5,11,1620,2,2,2,1.0,3.0,95574,M,4900430.0,226050.0,95
201100052351,11,5,17,1940,1,2,1,1.0,6.0,95219,M,4898650.0,225690.0,95
201100052352,11,5,21,1805,1,2,6,1.0,3.0,95219,M,4898060.0,225060.0,95
201100052353,11,5,22,945,1,2,1,1.0,6.0,95203,M,4898940.0,227520.0,95
201100052354,11,5,23,810,1,2,1,2.0,3.0,95219,M,4897910.0,227190.0,95
201100052355,11,5,23,1640,1,2,3,1.0,3.0,95219,M,4897710.0,227110.0,95
201100052356,11,5,24,1750,1,2,6,1.0,2.0,95203,M,4900330.0,228140.0,95
201100052357,11,5,26,950,1,2,1,1.0,7.0,95219,M,4898090.0,226730.0,95
201100052358,11,5,27,1220,1,2,3,1.0,5.0,95219,M,4898660.0,227320.0,95
201100052359,11,7,2,1115,1,2,1,1.0,3.0,95219,M,4898760.0,225860.0,95
201100052360,11,7,10,1630,1,2,1,1.0,1.0,95203,M,4898310.0,228380.0,95
201100052361,11,7,16,1225,1,2,3,1.0,3.0,95252,M,4899720.0,223430.0,95
201100052362,11,7,22,1445,1,2,1,1.0,3.0,95219,M,4899600.0,225520.0,95
201100052363,11,7,26,1643,1,2,3,1.0,6.0,95219,M,4898080.0,224550.0,95
201100052364,11,7,30,1000,1,2,2,1.0,3.0,95252,M,4898860.0,223030.0,95
201100052365,11,8,8,1635,1,2,1,1.0,6.0,95219,M,4898780.0,224830.0,95
201100052366,11,9,1,1525,1,2,1,1.0,6.0,95426,M,4901530.0,228470.0,95
201100052367,11,9,1,2120,5,2,1,1.0,6.0,95574,M,4901180.0,225710.0,95
201100052368,11,9,5,1915,1,2,1,1.0,4.0,95219,M,4898630.0,225710.0,95
201100052369,11,9,9,1345,1,2,1,1.0,6.0,95426,M,4901520.0,228490.0,95
201100052370,11,9,11,2000,2,2,1,1.0,2.0,95252,M,4898780.0,221860.0,95
201100052371,11,9,21,850,1,2,3,1.0,2.0,95574,M,4900630.0,227360.0,95
201100052372,11,9,21,1240,1,2,1,1.0,1.0,95219,M,4898340.0,224490.0,95
201100052373,11,9,22,950,1,2,1,1.0,3.0,95219,M,4898110.0,224810.0,95
201100052374,11,9,23,1825,1,2,4,1.0,6.0,95203,M,4898970.0,226770.0,95
201100052375,11,9,25,1850,1,2,1,1.0,3.0,95219,M,4899160.0,224720.0,95