Num_Acc,an,mois,jour,hrmn,lum,agg,int,atm,col,com,gps,lat,long,dep
201100052376,11,9,27,815,1,2,1,1.0,2.0,95203,M,4899630.0,227220.0,95
201100052377,11,9,27,1920,1,2,4,1.0,3.0,95203,M,4899130.0,228650.0,95
201100052378,11,9,28,1820,1,2,3,1.0,3.0,95203,M,4897730.0,229150.0,95
201100052379,11,9,29,1245,1,2,3,1.0,6.0,95219,M,4898190.0,226490.0,95
201100052380,11,9,29,1732,1,2,1,1.0,4.0,95203,M,4899220.0,228040.0,95
201100052381,11,10,1,1930,1,2,4,1.0,1.0,95252,M,4899480.0,224170.0,95
201100052382,11,10,3,1740,1,2,1,1.0,7.0,95203,M,4899050.0,227520.0,95
201100052383,11,10,7,1155,1,2,1,1.0,4.0,95252,M,4898670.0,223510.0,95
201100052384,11,10,7,1630,1,2,1,1.0,6.0,95574,M,4900420.0,226060.0,95
201100052385,11,10,8,2000,2,2,3,1.0,3.0,95252,M,4899620.0,223740.0,95
201100052386,11,10,17,650,5,2,1,1.0,6.0,95426,M,4901740.0,228930.0,95
201100052387,11,10,19,843,1,2,1,1.0,2.0,95252,M,4898890.0,220220.0,95
201100052388,11,10,29,230,5,2,1,1.0,6.0,95574,M,4900580.0,226820.0,95
201100052389,11,11,16,1025,1,2,1,1.0,6.0,95219,M,4898930.0,225930.0,95
201100052390,11,11,22,1530,1,2,1,1.0,6.0,95219,M,4899080.0,225410.0,95
201100052391,11,11,29,1415,1,2,1,1.0,6.0,95252,M,4899150.0,222920.0,95
201100052392,11,11,29,1720,2,2,1,1.0,6.0,95203,M,4899130.0,228720.0,95
201100052393,11,12,15,2020,5,2,2,8.0,3.0,95574,M,4900990.0,226370.0,95
201100052394,11,12,18,1750,5,2,4,1.0,3.0,95219,M,4899460.0,225660.0,95
201100052395,11,12,22,1755,3,2,1,1.0,6.0,95219,M,4898680.0,224760.0,95
201100052396,11,12,23,1710,5,2,1,1.0,6.0,95203,M,4899330.0,228190.0,95
201100052397,11,12,24,2315,5,2,1,1.0,1.0,95574,M,4901030.0,226260.0,95
201100052398,11,12,25,1545,1,2,3,1.0,6.0,95574,M,4901130.0,226840.0,95
201100052399,11,12,28,2315,5,2,3,1.0,6.0,95252,M,4899950.0,221940.0,95
201100052400,11,12,29,1845,5,2,2,1.0,6.0,95219,M,4899070.0,225950.0,95
201100052401,11,2,3,1845,4,2,1,1.0,6.0,95252,M,4898460.0,222580.0,95
201100052402,11,2,17,2100,5,2,2,1.0,3.0,95500,M,4904480.0,209110.0,95
201100052403,11,3,25,1300,1,2,2,1.0,3.0,95203,M,4899890.0,227770.0,95
201100052404,11,4,19,750,1,2,2,1.0,6.0,95252,M,4898630.0,223640.0,95
201100052405,11,5,24,1740,1,2,6,1.0,3.0,95574,M,4900350.0,228120.0,95
201100052406,11,5,11,825,1,2,3,1.0,7.0,95203,M,4898790.0,227380.0,95
201100052407,11,5,30,1530,1,2,1,1.0,3.0,95574,M,4900370.0,226030.0,95
201100052408,11,7,5,1625,1,2,2,1.0,3.0,95426,M,4901110.0,228350.0,95
201100052409,11,8,1,1055,1,2,3,1.0,4.0,95252,M,4898810.0,223690.0,95
201100052410,11,9,5,1215,1,2,1,1.0,6.0,95203,M,4899240.0,228470.0,95
201100052411,11,10,24,1305,1,2,2,1.0,3.0,95574,M,4900430.0,226070.0,95
201100052412,11,2,20,715,5,2,1,2.0,6.0,95268,M,4897770.0,241080.0,95
201100052413,11,3,10,1300,1,2,1,8.0,3.0,95268,M,4897720.0,241240.0,95
201100052414,11,3,17,2025,5,2,1,1.0,6.0,95268,M,4897120.0,239920.0,95
201100052415,11,3,26,440,5,2,6,1.0,6.0,95268,M,4896110.0,240090.0,95
201100052416,11,3,18,1800,1,2,1,2.0,3.0,95268,M,4897580.0,239430.0,95
201100052417,11,4,11,1150,1,2,1,1.0,2.0,95268,M,4896470.0,239420.0,95
201100052418,11,4,13,945,1,2,6,1.0,3.0,95268,M,4896090.0,240190.0,95
201100052419,11,10,8,1930,5,2,1,1.0,6.0,95268,M,4897720.0,241220.0,95
201100052420,11,4,23,1920,1,2,1,1.0,6.0,95268,M,4897710.0,240910.0,95
201100052421,11,1,16,2020,5,2,1,1.0,2.0,95268,M,4897660.0,239210.0,95
201100052422,11,5,11,540,2,2,1,1.0,6.0,95268,M,4896900.0,239320.0,95
201100052423,11,5,15,1530,1,2,3,8.0,2.0,95268,M,4897060.0,240270.0,95
201100052424,11,5,21,1930,1,2,1,1.0,4.0,95268,M,4897800.0,240980.0,95
201100052425,11,5,23,1655,1,2,1,1.0,6.0,95268,M,4896490.0,240010.0,95
201100052426,11,6,3,1435,1,2,1,7.0,3.0,95268,M,4896310.0,240380.0,95
201100052427,11,6,16,1935,1,2,2,1.0,3.0,95268,M,4896220.0,240240.0,95
201100052428,11,6,22,1835,1,2,1,1.0,6.0,95268,M,4896420.0,241160.0,95
201100052429,11,7,6,1540,1,2,2,8.0,1.0,95268,M,4897060.0,239490.0,95
201100052430,11,8,4,1350,1,2,1,1.0,6.0,95268,M,4897550.0,239420.0,95
201100052431,11,3,3,2348,5,2,1,1.0,2.0,95268,M,4896660.0,240930.0,95
201100052432,11,8,13,1755,1,2,1,1.0,6.0,95268,M,4897420.0,241930.0,95
201100052433,11,8,23,1445,1,2,1,1.0,6.0,95268,M,4897460.0,241710.0,95
201100052434,11,9,14,1940,5,2,1,1.0,5.0,95268,M,4896650.0,240930.0,95
201100052435,11,8,25,1815,1,2,1,1.0,1.0,95268,M,4897780.0,241110.0,95
201100052436,11,10,20,1405,1,2,1,1.0,6.0,95268,M,4897130.0,241590.0,95
201100052437,11,11,10,1900,5,2,2,1.0,3.0,95268,M,,,95
201100052438,11,9,8,1450,1,2,1,1.0,6.0,95277,M,4899190.0,243250.0,95
201100052439,11,10,20,1645,1,2,1,1.0,6.0,95280,M,4902590.0,246030.0,95
201100052440,11,9,13,1445,1,2,1,1.0,2.0,95280,M,4903110.0,247250.0,95
201100052441,11,9,15,820,1,2,1,1.0,2.0,95277,M,4899960.0,241950.0,95
201100052442,11,9,30,1345,1,2,1,1.0,2.0,95280,M,4902540.0,245560.0,95
201100052443,11,10,1,1415,1,2,1,1.0,6.0,95019,M,4899120.0,241670.0,95
201100052444,11,5,3,1935,2,2,1,1.0,6.0,95277,M,4899550.0,242160.0,95
201100052445,11,3,20,2130,3,2,1,1.0,3.0,95280,M,4902680.0,246410.0,95
201100052446,11,3,14,1545,1,2,1,1.0,3.0,95277,M,4899560.0,242130.0,95
201100052447,11,4,28,1750,1,2,6,1.0,4.0,95277,M,4897760.0,245690.0,95
201100052448,11,4,13,1400,1,2,1,1.0,6.0,95019,M,4899480.0,241660.0,95
201100052449,11,6,21,1615,1,2,3,1.0,4.0,95019,M,4897970.0,242570.0,95
201100052450,11,9,15,1320,1,2,1,1.0,6.0,95019,M,4899590.0,241840.0,95
201100052451,11,9,28,843,1,2,1,1.0,2.0,95280,M,4902590.0,244880.0,95
201100052452,11,9,10,1039,1,2,1,1.0,6.0,95280,M,4903190.0,246630.0,95
201100052453,11,10,6,2000,5,2,6,1.0,3.0,95280,M,4901260.0,247080.0,95
201100052454,11,10,19,1935,2,2,2,1.0,6.0,95019,M,4898620.0,241540.0,95
201100052455,11,8,31,1400,1,2,1,1.0,6.0,95280,M,4903380.0,247220.0,95
201100052456,11,10,3,1400,1,2,1,1.0,2.0,95280,M,4903010.0,245390.0,95
201100052457,11,5,27,2157,2,2,4,1.0,6.0,95280,M,4903320.0,247280.0,95
201100052458,11,11,30,815,1,2,2,1.0,3.0,95019,M,4898420.0,241780.0,95
201100052459,11,12,2,2250,3,1,1,1.0,6.0,95277,M,4896390.0,245180.0,95
201100052460,11,1,8,2100,2,2,1,1.0,2.0,95280,M,4903090.0,244730.0,95
201100052461,11,12,19,700,2,2,1,1.0,6.0,95280,M,4903230.0,245870.0,95
201100052462,11,1,13,1445,1,2,1,1.0,2.0,95424,M,4898830.0,219380.0,95
201100052463,11,1,14,1305,1,2,1,2.0,2.0,95306,M,4900090.0,218240.0,95
201100052464,11,1,19,1330,1,2,1,1.0,2.0,95306,M,4899880.0,218210.0,95
201100052465,11,2,2,830,1,2,1,1.0,2.0,95424,M,4898530.0,218840.0,95
201100052466,11,3,8,2125,5,2,3,1.0,3.0,95424,M,4899140.0,220640.0,95
201100052467,11,3,10,1150,1,2,1,1.0,6.0,95424,M,4899160.0,219290.0,95
201100052468,11,3,29,1725,1,2,1,2.0,3.0,95257,M,4897950.0,218180.0,95
201100052469,11,4,2,2345,5,2,1,1.0,3.0,95306,M,4899870.0,218220.0,95
201100052470,11,5,11,1425,1,2,1,1.0,2.0,95424,M,4899360.0,219570.0,95
201100052471,11,5,12,1420,1,2,3,1.0,3.0,95424,M,4899740.0,219810.0,95
201100052472,11,6,19,1750,1,2,9,1.0,6.0,95424,M,4899310.0,219660.0,95
201100052473,11,6,19,2050,1,2,2,1.0,3.0,95306,M,4898930.0,216870.0,95
201100052474,11,6,21,1850,1,2,3,1.0,6.0,95306,M,4900460.0,212830.0,95
201100052475,11,6,22,1900,1,1,1,1.0,1.0,95306,M,4901560.0,212740.0,95
201100052476,11,6,24,430,2,2,6,1.0,7.0,95306,M,4900070.0,218240.0,95
201100052477,11,7,1,920,1,2,1,1.0,6.0,95306,M,4899210.0,217830.0,95
201100052478,11,7,10,1430,1,2,1,1.0,6.0,95424,M,4899520.0,219250.0,95
201100052479,11,7,16,1045,1,2,1,1.0,2.0,95306,M,4900250.0,217550.0,95
201100052480,11,7,18,1615,1,2,1,2.0,4.0,95424,M,4899120.0,218150.0,95
201100052481,11,8,10,2019,5,2,1,1.0,6.0,95424,M,4900080.0,219610.0,95
201100052482,11,8,11,2110,5,2,2,1.0,3.0,95424,M,4899080.0,218120.0,95
201100052483,11,8,14,2000,1,2,1,1.0,1.0,95424,M,4898980.0,218270.0,95
201100052484,11,8,19,2245,5,2,3,1.0,1.0,95424,M,4899540.0,220680.0,95
201100052485,11,9,7,1130,1,2,1,1.0,6.0,95306,M,4899880.0,218910.0,95
201100052486,11,9,13,1540,1,2,1,1.0,2.0,95424,M,4899580.0,219150.0,95
201100052487,11,9,22,940,1,2,1,1.0,6.0,95306,M,4899030.0,216290.0,95
201100052488,11,9,24,1930,1,2,1,1.0,3.0,95424,M,4899460.0,219420.0,95
201100052489,11,9,27,925,1,2,2,1.0,3.0,95306,M,4899640.0,215170.0,95
201100052490,11,10,9,1630,1,2,1,1.0,3.0,95424,M,4899080.0,218190.0,95
201100052491,11,11,1,1630,1,2,1,1.0,2.0,95424,M,4899220.0,219930.0,95
201100052492,11,11,17,930,1,2,1,2.0,6.0,95306,M,4900290.0,217790.0,95
201100052493,11,11,18,711,2,2,1,1.0,6.0,95306,M,4900530.0,219310.0,95
201100052494,11,12,6,835,1,2,1,1.0,3.0,95257,M,4897420.0,217790.0,95
201100052495,11,12,8,1740,1,2,1,1.0,3.0,95424,M,4898740.0,218190.0,95
201100052496,11,12,24,1915,5,2,1,1.0,4.0,95424,M,4898850.0,218180.0,95
201100052497,11,12,29,2130,5,2,3,1.0,3.0,95306,M,4899580.0,216820.0,95
201100052498,11,5,17,1455,1,2,1,1.0,6.0,95424,M,4899410.0,219560.0,95
201100052499,11,12,31,2240,5,2,6,2.0,3.0,95487,M,4914590.0,228470.0,95
201100052500,11,1,14,1930,5,2,3,2.0,4.0,95313,M,4911090.0,222450.0,95
201100052501,11,1,26,1310,1,2,1,2.0,6.0,95313,M,4911920.0,222520.0,95
201100052502,11,1,28,2320,5,2,4,1.0,3.0,95487,M,4915000.0,227460.0,95
201100052503,11,2,6,1755,2,2,1,1.0,2.0,95487,M,4915180.0,227460.0,95
201100052504,11,2,11,1930,5,2,1,1.0,1.0,95052,M,4913940.0,227860.0,95
201100052505,11,2,14,1625,1,2,3,1.0,2.0,95487,M,4915540.0,226720.0,95
201100052506,11,3,17,915,1,1,1,1.0,3.0,95487,M,4915270.0,224660.0,95
201100052507,11,3,15,1225,1,2,1,1.0,6.0,95487,M,4915230.0,226950.0,95
201100052508,11,3,14,1630,1,1,1,1.0,6.0,95313,M,4912040.0,221540.0,95
201100052509,11,3,23,1240,1,1,1,1.0,6.0,95504,M,4910260.0,230220.0,95
201100052510,11,3,23,1325,1,2,1,1.0,6.0,95313,M,4911240.0,222550.0,95
201100052511,11,3,25,1650,1,1,1,1.0,2.0,95313,M,4912240.0,224510.0,95
201100052512,11,4,4,1945,1,2,1,1.0,3.0,95313,M,4911410.0,221710.0,95
201100052513,11,4,4,1435,1,2,1,1.0,6.0,95487,M,4915280.0,227120.0,95
201100052514,11,3,23,1215,1,2,1,1.0,7.0,95487,M,4914950.0,228960.0,95
201100052515,11,4,8,2045,2,2,1,1.0,6.0,95313,M,4912220.0,224390.0,95
201100052516,11,4,11,1715,1,1,1,1.0,6.0,95313,M,4912530.0,225530.0,95
201100052517,11,4,18,420,5,2,1,1.0,6.0,95313,M,4911550.0,221470.0,95
201100052518,11,4,22,1250,1,2,2,1.0,3.0,95313,M,4911210.0,221720.0,95
201100052519,11,4,28,1155,1,1,1,1.0,6.0,95313,M,4910410.0,224930.0,95
201100052520,11,5,14,1845,1,2,1,1.0,7.0,95313,M,4911190.0,221990.0,95
201100052521,11,5,19,1200,1,1,1,1.0,4.0,95487,M,4915270.0,225580.0,95
201100052522,11,5,18,1515,1,1,1,1.0,6.0,95487,M,4914670.0,228020.0,95
201100052523,11,5,20,1805,1,2,1,1.0,6.0,95487,M,4915340.0,227220.0,95
201100052524,11,6,5,1410,1,1,1,1.0,6.0,95313,M,4913050.0,223870.0,95
201100052525,11,6,14,950,1,2,1,1.0,6.0,95052,M,4914550.0,228720.0,95
201100052526,11,6,29,1105,1,2,6,1.0,7.0,95313,M,4911880.0,223170.0,95
201100052527,11,8,24,1715,1,2,1,1.0,3.0,95504,M,4910580.0,229080.0,95
201100052528,11,8,28,2300,3,1,1,1.0,7.0,95436,M,4912760.0,225710.0,95
201100052529,11,9,3,1610,1,2,1,1.0,2.0,95504,M,4911560.0,228870.0,95
201100052530,11,9,29,1650,1,1,1,1.0,2.0,95313,M,4910390.0,224920.0,95
201100052531,11,10,5,1345,1,1,1,1.0,7.0,95504,M,,,95
201100052532,11,10,13,1545,1,1,2,1.0,3.0,95313,M,4912510.0,224830.0,95
201100052533,11,10,21,1705,1,2,2,1.0,6.0,95504,M,4911270.0,228820.0,95
201100052534,11,11,12,1930,5,2,1,1.0,6.0,95487,M,4914950.0,228960.0,95
201100052535,11,11,17,1810,5,2,1,1.0,6.0,95487,M,4915720.0,228510.0,95
201100052536,11,11,22,1535,1,2,1,7.0,6.0,95487,M,4915580.0,227960.0,95
201100052537,11,11,18,1045,1,1,1,8.0,6.0,95313,M,4912260.0,226270.0,95
201100052538,11,11,24,855,1,2,2,8.0,3.0,95452,M,4912760.0,229130.0,95
201100052539,11,12,16,950,1,2,3,3.0,3.0,95487,M,4915510.0,226830.0,95
201100052540,11,4,6,1415,1,1,1,1.0,6.0,77294,M,,,77
201100052541,11,10,10,650,5,1,1,1.0,4.0,95527,M,4900560.0,253650.0,95
201100052542,11,1,11,2340,5,1,1,1.0,2.0,93073,M,,,93
201100052543,11,1,5,1820,5,1,8,8.0,6.0,93073,M,,,93
201100052544,11,1,18,1430,1,1,1,2.0,1.0,95212,M,4902880.0,255980.0,95
201100052545,11,2,2,410,5,1,1,8.0,5.0,95527,M,4900810.0,252795.0,95
201100052546,11,2,2,413,3,1,1,5.0,5.0,95527,M,4900610.0,254610.0,95
201100052547,11,2,17,1730,2,1,1,8.0,2.0,93073,M,,,93
201100052548,11,5,20,1859,1,1,1,1.0,5.0,95527,M,4901220.0,252030.0,95
201100052549,11,4,18,1405,1,1,3,1.0,3.0,93013,M,,,93
201100052550,11,4,7,1915,5,1,1,1.0,3.0,95527,M,4900880.0,253940.0,95
201100052551,11,1,30,655,2,2,1,1.0,7.0,77282,M,4900943.0,254969.0,77
201100052552,11,10,17,1516,1,2,3,1.0,3.0,77282,M,,,77
201100052553,11,3,10,1526,1,1,1,1.0,2.0,95527,M,4901220.0,252190.0,95
201100052554,11,3,11,1515,1,1,1,1.0,6.0,77291,M,4904545.0,235185.0,77
201100052555,11,8,22,1643,1,2,1,9.0,2.0,93073,M,,,93
201100052556,11,3,23,635,2,2,1,1.0,7.0,77291,M,,,77
201100052557,11,9,11,1345,1,1,6,1.0,3.0,95212,M,4902930.0,255910.0,95
201100052558,11,5,8,2310,5,2,1,9.0,7.0,93073,M,,,93
201100052559,11,3,29,2130,3,1,6,2.0,1.0,77291,M,4901315.0,259182.0,77
201100052560,11,12,5,745,1,2,1,1.0,6.0,95680,M,4900670.0,239320.0,95
201100052561,11,12,18,1630,1,2,3,2.0,3.0,95585,M,4898330.0,237950.0,95
201100052562,11,12,18,505,3,1,1,2.0,5.0,95539,M,4899460.0,236120.0,95
201100052563,11,1,20,1930,4,2,1,1.0,2.0,95539,M,4899610.0,235010.0,95
201100052564,11,12,6,1400,1,2,2,1.0,6.0,95585,M,4897850.0,237140.0,95
201100052565,11,1,31,1850,3,2,1,1.0,1.0,95585,M,4898130.0,236940.0,95
201100052566,11,3,4,1030,1,2,3,1.0,6.0,95585,M,4897960.0,237760.0,95
201100052567,11,3,20,750,2,2,2,1.0,3.0,95539,M,4899160.0,236020.0,95
201100052568,11,1,25,1530,1,2,3,8.0,3.0,95585,M,4899140.0,236940.0,95
201100052569,11,3,15,1330,1,2,1,1.0,6.0,95585,M,4897540.0,238470.0,95
201100052570,11,3,17,1055,1,1,2,1.0,3.0,95539,M,4899160.0,236040.0,95
201100052571,11,3,18,1400,1,2,2,1.0,6.0,95585,M,4898050.0,238790.0,95
201100052572,11,4,15,20,4,2,1,1.0,4.0,95585,M,4897430.0,237630.0,95
201100052573,11,2,13,1650,1,2,2,1.0,3.0,95197,M,4897720.0,232730.0,95
201100052574,11,3,29,1800,1,2,1,1.0,6.0,95585,M,4898580.0,237160.0,95
201100052575,11,4,1,1820,1,2,1,1.0,6.0,95585,M,4897790.0,238850.0,95
201100052576,11,3,21,1055,1,2,2,1.0,6.0,95585,M,4897580.0,238310.0,95
201100052577,11,4,27,2100,1,2,1,1.0,2.0,95585,M,4898580.0,237180.0,95
201100052578,11,5,31,2045,1,2,1,1.0,6.0,95585,M,4899620.0,237710.0,95
201100052579,11,6,26,530,5,2,1,1.0,6.0,95539,M,4899270.0,235880.0,95
201100052580,11,7,1,2020,1,2,1,1.0,6.0,95680,M,4900180.0,239000.0,95
201100052581,11,4,15,900,1,2,1,1.0,6.0,95680,M,4899980.0,239010.0,95
201100052582,11,4,23,2030,2,2,1,1.0,6.0,95585,M,4897790.0,238090.0,95
201100052583,11,4,29,1805,1,2,1,1.0,6.0,95585,M,4899320.0,237690.0,95
201100052584,11,5,12,1145,1,2,1,1.0,6.0,95585,M,4897620.0,238010.0,95
201100052585,11,5,30,1955,5,2,1,1.0,6.0,95680,M,4900840.0,240150.0,95
201100052586,11,5,8,1010,1,2,1,1.0,6.0,95680,M,4900880.0,239960.0,95
201100052587,11,7,3,1640,1,2,1,1.0,3.0,95585,M,4898150.0,236960.0,95
201100052588,11,6,14,2000,2,2,1,1.0,4.0,95680,M,4899510.0,241580.0,95
201100052589,11,7,13,1150,1,2,1,1.0,6.0,95585,M,4899180.0,237460.0,95
201100052590,11,3,3,1650,1,2,1,1.0,6.0,95680,M,4900970.0,239810.0,95
201100052591,11,4,20,1815,1,2,1,1.0,6.0,95680,M,4900040.0,241530.0,95
201100052592,11,4,22,20,5,2,1,1.0,6.0,95585,M,4897520.0,237630.0,95
201100052593,11,4,26,1125,1,2,1,1.0,6.0,95585,M,4897890.0,238210.0,95
201100052594,11,5,20,1900,5,2,1,1.0,1.0,95539,M,4899160.0,236030.0,95
201100052595,11,6,23,1645,1,2,1,1.0,6.0,95585,M,4897430.0,238240.0,95
201100052596,11,7,2,1339,1,2,1,1.0,6.0,95585,M,4898110.0,237640.0,95
201100052597,11,5,6,1755,1,2,1,1.0,6.0,95585,M,4898360.0,238020.0,95
201100052598,11,8,28,1150,1,2,1,1.0,6.0,95680,M,4899960.0,241270.0,95
201100052599,11,9,20,1200,1,2,2,1.0,6.0,95585,M,4898030.0,238810.0,95
201100052600,11,8,18,1650,1,2,1,1.0,6.0,95585,M,4897380.0,237610.0,95
201100052601,11,10,22,1050,1,1,1,1.0,2.0,95539,M,4900550.0,235650.0,95
201100052602,11,11,4,850,1,2,1,1.0,2.0,95585,M,4898330.0,236930.0,95
201100052603,11,11,23,1335,1,2,1,5.0,3.0,95585,M,4900260.0,238170.0,95
201100052604,11,12,3,342,5,1,1,1.0,3.0,95585,M,4898250.0,237050.0,95
201100052605,11,12,10,550,3,1,1,1.0,5.0,95585,M,4898750.0,238140.0,95
201100052606,11,12,11,2110,3,2,1,3.0,1.0,95585,M,4898210.0,237010.0,95
201100052607,11,12,18,1350,1,2,1,1.0,6.0,95680,M,4900040.0,239380.0,95
201100052608,11,11,29,1745,1,2,1,1.0,6.0,95585,M,4897880.0,238280.0,95
201100052609,11,1,16,1555,1,2,3,1.0,3.0,95563,M,4900630.0,224540.0,95
201100052610,11,1,25,1750,2,2,1,8.0,6.0,95051,M,4900800.0,219880.0,95
201100052611,11,2,2,1755,2,2,1,1.0,3.0,95607,M,4900810.0,221190.0,95
201100052612,11,2,5,1640,1,2,3,1.0,3.0,95563,M,4901250.0,223970.0,95
201100052613,11,2,5,1555,1,2,2,1.0,3.0,95607,M,4902380.0,222700.0,95
201100052614,11,2,26,2200,5,2,1,2.0,5.0,95607,M,4903040.0,221790.0,95
201100052615,11,3,12,1055,1,2,1,1.0,6.0,95607,M,4902620.0,222190.0,95
201100052616,11,3,28,1945,1,2,3,1.0,1.0,95607,M,4902370.0,222470.0,95
201100052617,11,3,25,1745,1,2,2,1.0,3.0,95607,M,4902240.0,221380.0,95
201100052618,11,4,9,1840,1,2,2,1.0,3.0,95563,M,4901350.0,223060.0,95
201100052619,11,4,13,1115,1,2,1,1.0,6.0,95607,M,4902890.0,222490.0,95
201100052620,11,4,30,940,1,2,7,1.0,6.0,95607,M,4902640.0,222550.0,95
201100052621,11,5,10,1055,1,2,2,1.0,3.0,95051,M,4901620.0,220100.0,95
201100052622,11,5,17,1650,1,2,1,1.0,2.0,95563,M,4900850.0,224320.0,95
201100052623,11,5,19,1100,1,2,1,1.0,4.0,95060,M,4903620.0,221270.0,95
201100052624,11,5,22,1830,1,2,1,1.0,2.0,95563,M,4900960.0,224380.0,95
201100052625,11,5,23,2015,1,2,1,1.0,2.0,95051,M,4900790.0,219770.0,95
201100052626,11,6,16,1035,1,2,1,1.0,6.0,95051,M,4901350.0,218720.0,95
201100052627,11,6,16,1800,1,2,1,1.0,6.0,95607,M,4902530.0,223210.0,95
201100052628,11,6,17,1400,1,2,1,1.0,1.0,95060,M,4903570.0,221340.0,95
201100052629,11,6,19,2140,2,2,2,1.0,3.0,95563,M,4901350.0,223080.0,95
201100052630,11,6,30,1745,1,2,6,1.0,7.0,95607,M,4901970.0,222260.0,95
201100052631,11,7,2,1110,1,2,1,1.0,2.0,95607,M,4902000.0,222230.0,95
201100052632,11,7,5,1250,1,2,1,1.0,2.0,95607,M,4901970.0,222290.0,95
201100052633,11,7,7,940,1,2,1,1.0,6.0,95607,M,4902660.0,222400.0,95
201100052634,11,7,8,1615,1,2,1,1.0,7.0,95607,M,4901970.0,222310.0,95
201100052635,11,7,20,1630,1,2,3,2.0,6.0,95563,M,4902040.0,223650.0,95
201100052636,11,8,24,1005,1,2,1,1.0,6.0,95060,M,4903550.0,221330.0,95
201100052637,11,8,25,1115,1,2,3,1.0,3.0,95607,M,4901890.0,222410.0,95
201100052638,11,8,31,1645,1,2,1,1.0,6.0,95563,M,4901860.0,224380.0,95
201100052639,11,9,2,1935,1,2,1,1.0,2.0,95607,M,4902340.0,221670.0,95
201100052640,11,9,1,1135,1,2,1,1.0,6.0,95607,M,4902310.0,222920.0,95
201100052641,11,10,8,2015,5,2,1,2.0,3.0,95607,M,4902830.0,218680.0,95
201100052642,11,10,15,1020,1,2,2,1.0,2.0,95563,M,4901590.0,223850.0,95
201100052643,11,10,15,1620,1,2,3,1.0,3.0,95607,M,4900970.0,220890.0,95
201100052644,11,10,17,1225,1,2,1,1.0,6.0,95051,M,4901320.0,219930.0,95
201100052645,11,10,20,1830,1,2,1,1.0,6.0,95607,M,4901520.0,220820.0,95
201100052646,11,11,15,1850,5,2,1,1.0,6.0,95051,M,4901270.0,218680.0,95
201100052647,11,11,16,1930,5,2,1,1.0,5.0,95607,M,4901550.0,221830.0,95
201100052648,11,11,19,1900,5,2,6,1.0,3.0,95607,M,4901970.0,222280.0,95
201100052649,11,12,1,1400,1,2,1,2.0,1.0,95051,M,4901090.0,220170.0,95
201100052650,11,12,6,1445,1,2,2,2.0,6.0,95051,M,4900890.0,219890.0,95
201100052651,11,11,28,1325,1,2,1,1.0,1.0,95051,M,4901330.0,219290.0,95
201100052652,11,12,7,2000,5,2,3,3.0,3.0,95051,M,4900640.0,220610.0,95
201100052653,11,12,11,1305,1,2,1,2.0,2.0,95060,M,4904290.0,220690.0,95
201100052654,11,6,8,2329,5,2,1,1.0,6.0,95051,M,4901750.0,218610.0,95
201100052655,11,1,1,811,1,1,1,2.0,3.0,20004,M,,,201
201100052656,11,1,11,740,1,2,1,1.0,6.0,20004,M,,,201
201100052657,11,1,14,1702,1,2,2,1.0,3.0,20004,M,,,201
201100052658,11,1,18,844,1,2,1,1.0,2.0,20004,M,,,201
201100052659,11,1,21,1409,1,2,1,1.0,3.0,20004,M,,,201
201100052660,11,1,25,1804,5,2,1,1.0,6.0,20004,M,,,201
201100052661,11,1,28,721,2,2,1,1.0,2.0,20004,M,,,201
201100052662,11,1,30,1,5,2,2,2.0,3.0,20004,M,,,201
201100052663,11,1,30,1156,1,2,1,1.0,2.0,20004,M,,,201
201100052664,11,2,10,740,1,2,1,2.0,4.0,20004,M,,,201
201100052665,11,2,13,116,3,2,1,1.0,6.0,20004,M,,,201
201100052666,11,2,14,1540,1,2,1,1.0,6.0,20004,M,,,201
201100052667,11,3,4,1330,1,2,1,1.0,6.0,20004,M,,,201
201100052668,11,3,7,840,1,2,3,1.0,3.0,20004,M,,,201
201100052669,11,3,7,703,1,2,1,1.0,3.0,20004,M,,,201
201100052670,11,3,6,1154,1,2,3,1.0,6.0,20004,M,,,201
201100052671,11,3,8,1735,1,2,1,1.0,3.0,20004,M,,,201
201100052672,11,3,8,408,5,1,1,1.0,7.0,20004,M,,,201
201100052673,11,3,15,1110,1,2,1,1.0,3.0,20004,M,,,201
201100052674,11,3,15,1528,1,2,1,1.0,6.0,20004,M,,,201