Num_Acc,an,mois,jour,hrmn,lum,agg,int,atm,col,com,gps,lat,long,dep
201100052675,11,3,18,1155,1,2,1,1.0,3.0,20004,M,,,201
201100052676,11,3,21,1905,1,1,1,1.0,3.0,20004,M,,,201
201100052677,11,3,24,2135,5,2,1,1.0,6.0,20004,M,,,201
201100052678,11,3,25,1045,1,2,1,1.0,3.0,20004,M,,,201
201100052679,11,3,9,1045,1,2,1,1.0,3.0,20004,M,,,201
201100052680,11,3,28,1845,1,1,1,1.0,1.0,20004,M,,,201
201100052681,11,3,29,1820,1,2,6,1.0,7.0,20004,M,,,201
201100052682,11,3,30,1125,1,2,1,1.0,1.0,20004,M,,,201
201100052683,11,3,30,1420,1,2,1,1.0,6.0,20004,M,,,201
201100052684,11,3,30,1815,1,2,1,1.0,6.0,20004,M,,,201
201100052685,11,3,30,2205,5,2,1,1.0,2.0,20004,M,,,201
201100052686,11,3,31,1120,1,2,1,1.0,2.0,20004,M,,,201
201100052687,11,4,1,1620,1,2,1,1.0,5.0,20004,M,,,201
201100052688,11,4,1,2130,5,2,3,1.0,6.0,20004,M,,,201
201100052689,11,4,2,1147,1,2,1,1.0,6.0,20004,M,,,201
201100052690,11,4,16,1755,1,2,1,1.0,6.0,20004,M,,,201
201100052691,11,4,17,630,2,2,1,1.0,6.0,20004,M,,,201
201100052692,11,4,18,2300,3,2,1,1.0,7.0,20004,M,,,201
201100052693,11,4,19,1555,1,2,1,1.0,3.0,20004,M,,,201
201100052694,11,4,30,1515,1,2,3,1.0,6.0,20004,M,,,201
201100052695,11,5,12,1215,1,1,6,1.0,3.0,20004,M,,,201
201100052696,11,5,16,135,5,2,1,1.0,6.0,20004,M,,,201
201100052697,11,5,13,1620,1,2,1,1.0,6.0,20004,M,,,201
201100052698,11,5,16,859,1,2,1,1.0,6.0,20004,M,,,201
201100052699,11,5,17,738,1,2,1,1.0,6.0,20004,M,,,201
201100052700,11,5,18,1520,1,1,1,1.0,3.0,20004,M,,,201
201100052701,11,5,20,1,5,2,2,1.0,3.0,20004,M,,,201
201100052702,11,5,20,2205,5,2,1,1.0,6.0,20004,M,,,201
201100052703,11,5,25,2145,5,2,3,1.0,3.0,20004,M,,,201
201100052704,11,5,27,1034,1,2,1,1.0,6.0,20004,M,,,201
201100052705,11,5,31,20,5,2,3,1.0,3.0,20004,M,,,201
201100052706,11,6,3,1525,1,2,1,2.0,1.0,20004,M,,,201
201100052707,11,6,4,5,5,2,1,1.0,3.0,20004,M,,,201
201100052708,11,6,10,835,1,2,1,1.0,3.0,20004,M,,,201
201100052709,11,6,11,1010,1,1,1,1.0,2.0,20004,M,,,201
201100052710,11,6,12,550,1,2,1,1.0,2.0,20004,M,,,201
201100052711,11,6,14,1745,1,2,1,1.0,6.0,20004,M,,,201
201100052712,11,6,14,757,1,2,3,1.0,7.0,20004,M,,,201
201100052713,11,6,15,2200,5,2,2,1.0,3.0,20004,M,,,201
201100052714,11,6,17,2325,5,2,1,1.0,6.0,20004,M,,,201
201100052715,11,6,22,2212,5,2,3,1.0,3.0,20004,M,,,201
201100052716,11,6,23,1115,1,1,1,1.0,6.0,20004,M,,,201
201100052717,11,6,23,1655,1,1,1,1.0,3.0,20004,M,,,201
201100052718,11,6,27,1750,1,2,6,1.0,2.0,20004,M,,,201
201100052719,11,6,30,1400,1,2,3,1.0,3.0,20004,M,,,201
201100052720,11,7,4,1000,1,2,1,1.0,2.0,20004,M,,,201
201100052721,11,7,5,830,1,2,3,1.0,1.0,20004,M,,,201
201100052722,11,7,6,2203,5,2,1,1.0,3.0,20004,M,,,201
201100052723,11,6,6,2220,5,2,1,1.0,7.0,20004,M,,,201
201100052724,11,7,7,28,3,2,1,1.0,6.0,20004,M,,,201
201100052725,11,7,8,2210,5,2,1,1.0,2.0,20004,M,,,201
201100052726,11,7,12,1723,1,2,1,1.0,6.0,20004,M,,,201
201100052727,11,7,20,1510,1,2,3,1.0,3.0,20004,M,,,201
201100052728,11,7,20,2118,5,2,1,1.0,2.0,20004,M,,,201
201100052729,11,7,10,1410,1,1,1,1.0,3.0,20004,M,,,201
201100052730,11,7,23,1012,1,2,1,1.0,6.0,20004,M,,,201
201100052731,11,7,23,1945,1,2,1,1.0,6.0,20004,M,,,201
201100052732,11,7,25,2007,1,2,1,1.0,3.0,20004,M,,,201
201100052733,11,7,26,2000,1,2,2,1.0,1.0,20004,M,,,201
201100052734,11,8,2,1500,1,2,1,1.0,7.0,20004,M,,,201
201100052735,11,8,2,2125,3,2,1,1.0,3.0,20004,M,,,201
201100052736,11,8,4,825,1,2,1,1.0,6.0,20004,M,,,201
201100052737,11,8,5,1520,1,2,3,1.0,3.0,20004,M,,,201
201100052738,11,8,8,1000,1,2,1,1.0,3.0,20004,M,,,201
201100052739,11,8,9,930,1,2,1,1.0,2.0,20004,M,,,201
201100052740,11,8,12,1409,1,2,3,1.0,6.0,20004,M,,,201
201100052741,11,8,12,1630,1,2,3,1.0,3.0,20004,M,,,201
201100052742,11,8,17,1535,1,2,1,1.0,3.0,20004,M,,,201
201100052743,11,8,26,1900,1,1,1,1.0,3.0,20004,M,,,201
201100052744,11,8,27,1110,1,2,3,1.0,3.0,20004,M,,,201
201100052745,11,8,28,1740,1,2,1,1.0,2.0,20004,M,,,201
201100052746,11,8,29,1500,1,2,1,1.0,6.0,20004,M,,,201
201100052747,11,8,31,1440,1,2,1,1.0,6.0,20004,M,,,201
201100052748,11,9,2,1610,1,2,1,1.0,2.0,20004,M,,,201
201100052749,11,9,6,828,1,2,3,1.0,3.0,20004,M,,,201
201100052750,11,9,6,1550,1,2,1,1.0,6.0,20004,M,,,201
201100052751,11,9,7,1640,1,2,6,1.0,2.0,20004,M,,,201
201100052752,11,9,7,2010,4,2,1,1.0,6.0,20004,M,,,201
201100052753,11,9,12,1830,1,2,1,1.0,6.0,20004,M,,,201
201100052754,11,9,12,1340,1,2,1,1.0,6.0,20004,M,,,201
201100052755,11,9,12,1325,1,2,1,1.0,6.0,20004,M,,,201
201100052756,11,9,15,1015,1,2,1,1.0,6.0,20004,M,,,201
201100052757,11,9,21,1720,1,2,1,1.0,6.0,20004,M,,,201
201100052758,11,9,27,1055,1,2,1,1.0,3.0,20004,M,,,201
201100052759,11,10,5,849,1,2,3,1.0,3.0,20004,M,,,201
201100052760,11,10,18,800,1,2,1,1.0,3.0,20004,M,,,201
201100052761,11,10,20,1705,1,2,1,1.0,6.0,20004,M,,,201
201100052762,11,10,23,1725,2,2,1,7.0,6.0,20004,M,,,201
201100052763,11,10,21,2205,5,2,1,1.0,6.0,20004,M,,,201
201100052764,11,10,31,1540,1,1,1,1.0,3.0,20004,M,,,201
201100052765,11,11,2,1950,5,2,6,1.0,1.0,20004,M,,,201
201100052766,11,11,12,2315,5,2,3,1.0,3.0,20004,M,,,201
201100052767,11,11,18,1730,5,2,1,1.0,6.0,20004,M,,,201
201100052768,11,11,21,920,1,2,1,1.0,1.0,20004,M,,,201
201100052769,11,11,24,321,5,2,1,1.0,6.0,20004,M,,,201
201100052770,11,11,30,2042,5,2,1,1.0,6.0,20004,M,,,201
201100052771,11,12,1,1025,1,2,1,1.0,3.0,20004,M,,,201
201100052772,11,12,7,2220,3,1,1,6.0,1.0,20004,M,,,201
201100052773,11,12,9,1208,1,2,1,1.0,6.0,20004,M,,,201
201100052774,11,12,11,1615,2,2,1,3.0,3.0,20004,M,,,201
201100052775,11,12,10,1558,1,2,1,2.0,6.0,20004,M,,,201
201100052776,11,12,8,900,1,2,1,1.0,6.0,20004,M,,,201
201100052777,11,12,14,930,1,1,1,2.0,3.0,20004,M,,,201
201100052778,11,12,16,905,1,2,9,1.0,5.0,20004,M,,,201
201100052779,11,12,15,1015,1,2,1,1.0,5.0,20004,M,,,201
201100052780,11,12,20,1715,5,1,1,2.0,6.0,20004,M,,,201
201100052781,11,12,22,1015,1,2,1,1.0,3.0,20004,M,,,201
201100052782,11,12,24,530,5,2,1,1.0,6.0,20004,M,,,201
201100052783,11,12,23,1840,5,2,1,1.0,2.0,20004,M,,,201
201100052784,11,12,26,2100,5,2,3,1.0,3.0,20004,M,,,201
201100052785,11,12,30,1615,2,2,1,3.0,6.0,20004,M,,,201
201100052786,11,1,25,1835,5,2,2,1.0,6.0,69381,M,,,69
201100052787,11,1,14,1555,1,2,1,8.0,3.0,69384,M,,,69
201100052788,11,2,20,115,5,2,3,3.0,3.0,69381,M,,,69
201100052789,11,2,16,925,1,2,1,1.0,3.0,69381,M,,,69
201100052790,11,2,23,1450,1,2,1,1.0,6.0,69381,M,,,69
201100052791,11,3,2,1710,1,2,1,1.0,6.0,69381,M,,,69
201100052792,11,3,4,1425,1,2,1,1.0,6.0,69381,M,,,69
201100052793,11,3,8,1648,1,2,2,1.0,7.0,69381,M,,,69
201100052794,11,3,22,1200,1,2,1,1.0,6.0,69381,M,,,69
201100052795,11,4,12,1350,1,2,2,1.0,1.0,69381,M,,,69
201100052796,11,6,16,1730,1,2,1,1.0,6.0,69381,M,,,69
201100052797,11,6,22,1815,1,2,1,3.0,3.0,69381,M,,,69
201100052798,11,7,6,930,1,2,3,1.0,6.0,69381,M,,,69
201100052799,11,7,7,1900,1,2,1,1.0,6.0,69381,M,,,69
201100052800,11,7,30,1949,1,2,2,1.0,7.0,69381,M,,,69
201100052801,11,8,23,1850,1,2,2,1.0,6.0,69381,M,0.0,0.0,69
201100052802,11,9,3,440,5,2,1,1.0,6.0,69381,M,,,69
201100052803,11,9,10,550,5,2,2,1.0,3.0,69381,M,,,69
201100052804,11,9,10,1956,2,2,1,1.0,2.0,69381,M,,,69
201100052805,11,9,17,1130,1,2,1,1.0,3.0,69381,M,,,69
201100052806,11,9,22,1800,1,2,1,1.0,6.0,69381,M,,,69
201100052807,11,9,28,735,1,2,4,1.0,6.0,69381,M,,,69
201100052808,11,9,29,1635,1,2,3,1.0,6.0,69381,M,,,69
201100052809,11,10,16,2110,5,2,2,1.0,6.0,69381,M,,,69
201100052810,11,10,17,1145,1,2,2,1.0,6.0,69381,M,,,69
201100052811,11,10,19,445,5,2,4,1.0,6.0,69381,M,,,69
201100052812,11,11,4,1400,1,2,1,3.0,7.0,69381,M,,,69
201100052813,11,11,21,1920,5,2,1,1.0,2.0,69381,M,,,69
201100052814,11,12,3,1803,5,2,1,2.0,6.0,69381,M,,,69
201100052815,11,12,15,1400,1,2,2,2.0,7.0,69381,M,,,69
201100052816,11,12,23,1340,1,2,1,1.0,7.0,69381,M,,,69
201100052817,11,12,30,1245,1,2,1,2.0,6.0,69381,M,,,69
201100052818,11,1,1,1000,1,1,1,1.0,3.0,94046,M,4880720.0,244891.0,94
201100052819,11,1,3,1745,3,1,1,1.0,4.0,77514,M,,,77
201100052820,11,1,3,2030,3,1,1,1.0,4.0,94022,M,4877590.0,241379.0,94
201100052821,11,1,5,1735,3,1,1,2.0,3.0,77372,M,,,77
201100052822,11,1,5,1815,3,1,1,2.0,4.0,94033,M,4885210.0,249032.0,94
201100052823,11,1,6,845,2,1,1,2.0,4.0,94079,M,4882880.0,252737.0,94
201100052824,11,1,6,1100,1,1,1,2.0,7.0,77373,M,,,77
201100052825,11,1,6,2020,3,1,1,1.0,3.0,77122,M,,,77
201100052826,11,1,7,1430,1,1,1,1.0,2.0,94022,M,4877620.0,241490.0,94
201100052827,11,1,8,1,5,1,1,1.0,7.0,94011,M,4875870.0,248242.0,94
201100052828,11,1,9,930,1,1,1,1.0,7.0,94044,M,4875720.0,247321.0,94
201100052829,11,1,9,1940,5,1,1,1.0,4.0,94042,M,4882690.0,246769.0,94
201100052830,11,1,10,20,5,1,1,1.0,2.0,94069,M,4881720.0,242502.0,94
201100052831,11,1,10,114,3,1,1,1.0,2.0,94018,M,4882410.0,239395.0,94
201100052832,11,1,11,855,1,1,1,2.0,2.0,75112,M,,,75
201100052833,11,1,12,900,1,1,1,2.0,6.0,77121,M,,,77
201100052834,11,1,12,1800,3,1,1,2.0,2.0,77294,M,,,77
201100052835,11,1,12,2155,5,1,1,2.0,7.0,94022,M,4877660.0,241749.0,94
201100052836,11,1,13,1800,3,1,1,1.0,4.0,77249,M,,,77
201100052837,11,1,15,1040,1,1,1,8.0,7.0,94017,M,4883070.0,249083.0,94
201100052838,11,1,16,1500,1,1,1,1.0,4.0,77517,M,,,77
201100052839,11,1,17,830,5,1,1,1.0,4.0,94017,M,4882670.0,252249.0,94
201100052840,11,1,18,1025,1,1,1,1.0,4.0,94018,M,4882640.0,239163.0,94
201100052841,11,1,18,1620,1,1,1,2.0,2.0,93051,M,,,93
201100052842,11,1,18,1740,1,1,1,1.0,3.0,94065,M,4875550.0,234370.0,94
201100052843,11,1,19,820,2,1,1,1.0,3.0,94017,M,4882680.0,252305.0,94
201100052844,11,1,20,745,3,1,1,1.0,3.0,94033,M,4886080.0,248473.0,94
201100052845,11,1,20,830,1,1,1,1.0,5.0,94079,M,4882880.0,252738.0,94
201100052846,11,1,21,640,5,1,1,1.0,5.0,94046,M,4880740.0,244874.0,94
201100052847,11,1,22,715,3,1,1,1.0,2.0,77517,M,,,77
201100052848,11,1,23,535,4,1,1,2.0,7.0,94044,M,4875720.0,247321.0,94
201100052849,11,1,24,20,3,1,1,2.0,5.0,77237,M,,,77
201100052850,11,1,24,1913,5,1,1,1.0,7.0,75112,M,,,75
201100052851,11,1,26,445,5,1,1,2.0,6.0,75112,M,,,75
201100052852,11,1,30,2030,3,1,1,1.0,3.0,94079,M,4882790.0,252594.0,94
201100052853,11,1,31,1245,1,1,1,1.0,7.0,94018,M,4881760.0,241528.0,94
201100052854,11,2,1,610,3,1,1,1.0,2.0,77337,M,,,77
201100052855,11,2,1,902,1,1,1,1.0,2.0,77251,M,,,77
201100052856,11,2,1,1830,5,1,1,1.0,2.0,75112,M,,,75
201100052857,11,2,2,430,3,1,1,2.0,6.0,77449,M,,,77
201100052858,11,2,3,900,1,1,1,8.0,4.0,77055,M,,,77
201100052859,11,2,4,840,1,1,1,1.0,3.0,94017,M,4883030.0,249096.0,94
201100052860,11,2,4,1430,1,1,1,1.0,5.0,94052,M,4883930.0,249327.0,94
201100052861,11,2,5,50,5,1,1,1.0,2.0,94018,M,4882050.0,240200.0,94
201100052862,11,2,6,15,5,1,1,1.0,4.0,94073,M,4875340.0,237848.0,94
201100052863,11,2,6,300,5,1,1,1.0,6.0,94018,M,4882120.0,239933.0,94
201100052864,11,2,6,1400,1,1,1,1.0,7.0,94018,M,4881760.0,241528.0,94
201100052865,11,2,7,1230,1,1,1,1.0,4.0,94018,M,4881750.0,241808.0,94
201100052866,11,2,10,1940,5,1,1,2.0,2.0,94069,M,4881740.0,243625.0,94
201100052867,11,2,11,1225,1,1,1,1.0,2.0,77258,M,,,77
201100052868,11,2,11,1500,1,1,1,1.0,6.0,94046,M,4880540.0,244882.0,94
201100052869,11,2,11,1915,3,1,1,1.0,4.0,94081,M,4877410.0,240497.0,94
201100052870,11,2,11,2035,3,1,1,1.0,7.0,77181,M,,,77
201100052871,11,2,12,1740,5,1,1,2.0,7.0,93051,M,,,93
201100052872,11,2,15,815,2,1,1,1.0,7.0,94017,M,4882980.0,248410.0,94
201100052873,11,2,16,1620,1,1,1,1.0,2.0,75112,M,,,75
201100052874,11,2,17,830,1,1,1,1.0,5.0,93051,M,,,93
201100052875,11,2,17,1345,1,1,1,1.0,7.0,94073,M,4875340.0,237828.0,94
201100052876,11,2,17,1915,3,1,1,1.0,2.0,77449,M,,,77
201100052877,11,2,19,530,3,1,1,1.0,2.0,94018,M,4882480.0,239301.0,94
201100052878,11,2,19,1330,1,1,1,2.0,3.0,94073,M,4876900.0,237934.0,94
201100052879,11,2,19,1530,1,1,1,1.0,7.0,94044,M,4875800.0,247079.0,94
201100052880,11,2,19,1825,2,1,1,2.0,2.0,77175,M,,,77
201100052881,11,2,19,2150,5,1,1,2.0,2.0,94017,M,4882790.0,250453.0,94
201100052882,11,2,20,35,5,1,1,2.0,3.0,94073,M,4876810.0,237883.0,94
201100052883,11,2,20,650,4,1,1,1.0,3.0,75112,M,,,75
201100052884,11,2,20,1000,1,1,1,1.0,2.0,77121,M,,,77
201100052885,11,2,21,1915,3,1,1,2.0,2.0,77294,M,,,77
201100052886,11,2,24,1000,1,1,1,1.0,7.0,94073,M,4877110.0,238978.0,94
201100052887,11,2,24,1000,1,1,1,8.0,6.0,94044,M,4875880.0,247012.0,94
201100052888,11,2,24,1630,1,1,1,1.0,3.0,94073,M,4876060.0,238267.0,94
201100052889,11,2,25,830,1,1,1,1.0,4.0,77373,M,,,77
201100052890,11,2,26,1230,1,1,1,1.0,7.0,94073,M,4877040.0,238430.0,94
201100052891,11,2,26,1240,1,1,1,1.0,7.0,94028,M,4880060.0,244661.0,94
201100052892,11,2,26,1340,1,1,1,8.0,7.0,94044,M,4875850.0,247007.0,94
201100052893,11,2,27,1820,1,1,1,1.0,3.0,94017,M,4882700.0,251137.0,94
201100052894,11,2,27,2020,4,1,1,1.0,4.0,94069,M,4881740.0,243625.0,94
201100052895,11,3,1,700,2,1,1,1.0,5.0,77053,M,,,77
201100052896,11,3,2,1240,1,1,1,1.0,7.0,77373,M,,,77
201100052897,11,3,3,905,1,1,1,1.0,2.0,94028,M,4880020.0,244660.0,94
201100052898,11,3,5,1415,1,1,1,1.0,7.0,75112,M,,,75
201100052899,11,3,5,1455,1,1,1,1.0,6.0,94018,M,4882050.0,240200.0,94
201100052900,11,3,6,155,5,1,1,1.0,2.0,94017,M,4882740.0,250836.0,94
201100052901,11,3,7,1250,1,1,1,1.0,2.0,94017,M,4882990.0,249647.0,94
201100052902,11,3,7,1615,1,1,1,1.0,2.0,94017,M,4883030.0,249374.0,94
201100052903,11,3,7,1700,1,1,1,1.0,3.0,94022,M,4877540.0,241262.0,94
201100052904,11,3,7,1730,1,1,1,1.0,2.0,94074,M,4876520.0,245963.0,94
201100052905,11,3,8,830,1,1,1,1.0,4.0,94073,M,4876970.0,238025.0,94
201100052906,11,3,8,1430,1,1,1,1.0,4.0,77438,M,,,77
201100052907,11,3,8,1800,1,1,1,1.0,3.0,94022,M,4877620.0,242419.0,94
201100052908,11,3,8,1700,1,1,1,1.0,3.0,94028,M,4880160.0,244758.0,94
201100052909,11,3,9,820,1,1,1,1.0,6.0,77141,M,,,77
201100052910,11,3,12,1330,1,1,1,1.0,6.0,77169,M,,,77
201100052911,11,3,14,1320,1,1,1,1.0,5.0,94028,M,4878710.0,244007.0,94
201100052912,11,3,14,1935,2,1,1,1.0,3.0,94015,M,4882770.0,252562.0,94
201100052913,11,3,15,900,1,1,1,1.0,5.0,94065,M,4875390.0,235347.0,94
201100052914,11,3,15,1115,1,1,1,1.0,4.0,75112,M,,,75
201100052915,11,3,15,1800,1,1,1,1.0,3.0,94073,M,4877140.0,239216.0,94
201100052916,11,3,16,730,2,1,1,1.0,3.0,94079,M,4882880.0,252738.0,94
201100052917,11,3,17,1155,1,1,1,1.0,2.0,94046,M,4881050.0,244904.0,94
201100052918,11,3,17,1915,3,1,1,1.0,7.0,94044,M,4875800.0,247984.0,94
201100052919,11,3,18,1320,1,1,1,1.0,6.0,77175,M,,,77
201100052920,11,3,18,1645,1,1,1,1.0,7.0,77146,M,,,77
201100052921,11,3,19,315,3,1,1,2.0,2.0,77363,M,,,77
201100052922,11,3,19,1545,1,1,1,1.0,4.0,77337,M,,,77
201100052923,11,3,22,740,1,1,1,1.0,7.0,77169,M,,,77
201100052924,11,3,22,1800,1,1,1,1.0,3.0,94046,M,4880740.0,244875.0,94
201100052925,11,3,22,1815,1,1,1,1.0,6.0,77438,M,,,77
201100052926,11,3,23,1015,1,1,1,1.0,5.0,94069,M,4881750.0,242225.0,94
201100052927,11,3,17,1830,1,1,1,1.0,2.0,94052,M,4883930.0,249329.0,94
201100052928,11,3,24,1250,1,1,1,1.0,3.0,94065,M,4875520.0,234315.0,94
201100052929,11,3,25,1250,1,1,1,1.0,4.0,94017,M,4883030.0,249375.0,94
201100052930,11,3,26,500,5,1,1,1.0,7.0,94033,M,4885210.0,249032.0,94
201100052931,11,3,23,1430,1,1,1,1.0,7.0,94044,M,4875850.0,247007.0,94
201100052932,11,3,27,750,1,1,1,1.0,3.0,94069,M,4881740.0,243904.0,94
201100052933,11,3,29,810,1,1,1,1.0,3.0,77146,M,,,77
201100052934,11,3,29,842,1,1,1,1.0,4.0,77122,M,,,77
201100052935,11,3,29,1730,1,1,1,3.0,4.0,94017,M,4882650.0,251834.0,94
201100052936,11,3,29,1840,1,1,1,2.0,3.0,94073,M,4876640.0,237889.0,94
201100052937,11,3,31,1200,1,1,1,1.0,4.0,94046,M,4881550.0,245047.0,94
201100052938,11,4,1,1230,1,1,1,1.0,2.0,94017,M,4882790.0,250453.0,94
201100052939,11,4,2,1530,1,1,1,1.0,7.0,94074,M,4876570.0,245812.0,94
201100052940,11,4,4,1630,1,1,1,1.0,2.0,77258,M,,,77
201100052941,11,4,5,805,1,1,1,1.0,5.0,77258,M,,,77
201100052942,11,4,5,1615,1,1,1,1.0,2.0,94052,M,4884450.0,249228.0,94
201100052943,11,4,5,1730,1,1,1,1.0,2.0,93051,M,,,93
201100052944,11,4,6,1000,1,1,1,1.0,4.0,77294,M,,,77
201100052945,11,4,6,1030,1,1,1,1.0,3.0,94018,M,4882560.0,239233.0,94
201100052946,11,4,6,1750,1,1,1,1.0,2.0,77169,M,,,77
201100052947,11,4,7,100,3,1,1,1.0,6.0,77121,M,,,77
201100052948,11,4,7,1650,1,1,1,1.0,2.0,94018,M,4881890.0,240856.0,94
201100052949,11,4,7,2030,1,1,1,1.0,3.0,94065,M,4875510.0,234583.0,94
201100052950,11,4,8,7,4,1,1,1.0,6.0,77258,M,,,77
201100052951,11,4,8,825,1,1,1,1.0,3.0,93051,M,,,93
201100052952,11,4,9,1855,1,1,1,1.0,2.0,77175,M,,,77
201100052953,11,4,25,435,4,1,1,1.0,2.0,94028,M,4878970.0,244065.0,94
201100052954,11,4,14,935,1,1,1,1.0,2.0,94073,M,4876170.0,238213.0,94
201100052955,11,4,12,1100,1,1,1,1.0,2.0,94022,M,4877640.0,242290.0,94
201100052956,11,4,15,1745,1,1,1,1.0,3.0,94069,M,4881730.0,242365.0,94
201100052957,11,4,16,710,2,1,1,1.0,2.0,77384,M,,,77
201100052958,11,4,17,750,1,1,1,1.0,6.0,77121,M,,,77
201100052959,11,4,18,1745,1,1,1,1.0,4.0,94017,M,4882790.0,250453.0,94
201100052960,11,4,19,830,1,1,1,1.0,2.0,94018,M,4882180.0,239837.0,94
201100052961,11,4,19,930,1,1,1,1.0,5.0,94069,M,4881700.0,245464.0,94
201100052962,11,4,21,1450,1,1,1,1.0,2.0,77363,M,,,77
201100052963,11,4,22,410,3,1,1,1.0,5.0,94069,M,4881630.0,244574.0,94
201100052964,11,4,22,945,1,1,1,1.0,4.0,94017,M,4882700.0,251137.0,94
201100052965,11,4,24,15,3,1,1,1.0,3.0,94022,M,4877660.0,241977.0,94
201100052966,11,4,23,1245,1,1,1,1.0,3.0,77258,M,,,77
201100052967,11,4,23,2030,1,1,1,1.0,2.0,77121,M,,,77
201100052968,11,4,24,338,3,1,1,1.0,5.0,94069,M,4881600.0,245176.0,94
201100052969,11,4,24,1820,1,1,1,1.0,5.0,77083,M,,,77
201100052970,11,4,27,1835,1,1,1,1.0,2.0,93051,M,,,93
201100052971,11,4,28,915,1,1,1,1.0,3.0,94073,M,4875380.0,236969.0,94
201100052972,11,4,29,2210,3,1,1,1.0,7.0,94074,M,4876990.0,244913.0,94
201100052973,11,5,2,905,1,1,1,2.0,2.0,77438,M,,,77
201100052974,11,5,2,1330,1,1,1,1.0,2.0,77122,M,,,77
201100052975,11,5,2,1815,5,1,1,1.0,4.0,94058,M,4884720.0,249207.0,94
201100052976,11,5,3,850,1,1,1,1.0,2.0,94069,M,4881700.0,244610.0,94
201100052977,11,5,3,1940,1,1,1,1.0,3.0,94011,M,4875980.0,248617.0,94
201100052978,11,5,4,910,1,1,1,1.0,5.0,94079,M,4882890.0,252753.0,94
201100052979,11,5,4,1430,1,1,1,1.0,2.0,94069,M,4881760.0,243628.0,94
201100052980,11,5,4,1745,1,1,1,1.0,3.0,93051,M,,,93
201100052981,11,5,4,1800,1,1,1,1.0,3.0,77438,M,,,77
201100052982,11,5,4,1845,1,1,1,1.0,2.0,77372,M,,,77
201100052983,11,5,4,2115,1,1,1,1.0,7.0,94052,M,4883450.0,249344.0,94
201100052984,11,5,5,1405,1,1,1,1.0,2.0,94017,M,4883040.0,249527.0,94
201100052985,11,5,5,1530,1,1,1,1.0,4.0,94018,M,4881770.0,241804.0,94
201100052986,11,5,7,1845,1,1,1,1.0,2.0,93051,M,,,93
201100052987,11,5,8,1005,1,1,1,1.0,2.0,77146,M,,,77
201100052988,11,5,9,1850,1,1,1,1.0,7.0,94022,M,4877580.0,241376.0,94
201100052989,11,5,9,2245,3,1,1,1.0,7.0,77121,M,,,77
201100052990,11,5,11,1400,1,1,1,1.0,7.0,94052,M,4883130.0,249151.0,94
201100052991,11,5,12,30,5,1,1,1.0,7.0,94052,M,4883290.0,249257.0,94
201100052992,11,5,12,840,1,1,1,1.0,2.0,94018,M,4881770.0,241524.0,94
201100052993,11,5,12,920,1,1,1,1.0,2.0,94046,M,4880630.0,244887.0,94
201100052994,11,5,13,700,1,1,1,1.0,3.0,94028,M,4878880.0,244048.0,94
201100052995,11,5,13,915,1,1,1,1.0,3.0,94028,M,4879310.0,244162.0,94
201100052996,11,5,13,1311,1,1,1,1.0,5.0,94052,M,4883460.0,249348.0,94
201100052997,11,5,13,1731,1,1,1,1.0,3.0,94073,M,4877070.0,238561.0,94
201100052998,11,5,15,1840,1,1,1,1.0,3.0,94042,M,4882690.0,246778.0,94
201100052999,11,5,16,825,1,1,1,1.0,2.0,94017,M,4883010.0,249661.0,94
201100053000,11,5,16,920,1,1,1,1.0,5.0,77122,M,,,77
201100053001,11,5,17,1700,1,1,1,1.0,3.0,94022,M,4877350.0,240113.0,94
201100053002,11,5,18,1800,1,1,1,1.0,3.0,77468,M,,,77
201100053003,11,5,19,1220,1,1,1,1.0,5.0,94065,M,4875420.0,235100.0,94
201100053004,11,5,20,730,1,1,1,1.0,3.0,94073,M,4875830.0,238379.0,94
201100053005,11,5,20,1302,1,1,1,1.0,5.0,94065,M,4875390.0,235365.0,94
201100053006,11,5,20,2050,5,1,1,1.0,4.0,94052,M,4883740.0,249395.0,94
201100053007,11,5,21,1945,1,1,1,1.0,4.0,77181,M,,,77
201100053008,11,5,21,2110,2,1,1,1.0,3.0,94017,M,4883030.0,248822.0,94
201100053009,11,5,24,615,1,1,1,1.0,5.0,94042,M,4882700.0,246770.0,94
201100053010,11,5,24,900,1,1,1,1.0,2.0,77121,M,,,77
201100053011,11,5,24,1000,1,1,1,1.0,2.0,94069,M,4881720.0,244334.0,94
201100053012,11,5,25,1015,1,1,1,1.0,7.0,93051,M,,,93
201100053013,11,5,27,720,1,1,1,1.0,2.0,94017,M,4882900.0,250051.0,94
201100053014,11,5,27,1715,1,1,1,1.0,5.0,77373,M,,,77
201100053015,11,5,28,1800,1,1,1,1.0,4.0,94069,M,4881730.0,242927.0,94
201100053016,11,5,28,1924,1,1,1,1.0,4.0,93051,M,,,93
201100053017,11,5,29,1600,1,1,1,1.0,2.0,77122,M,,,77
201100053018,11,5,29,1619,1,1,1,1.0,2.0,77175,M,,,77
201100053019,11,5,30,1000,1,1,1,1.0,7.0,94011,M,4876200.0,249519.0,94