Num_Acc,an,mois,jour,hrmn,lum,agg,int,atm,col,com,gps,lat,long,dep
201100053020,11,5,30,2100,1,1,1,1.0,3.0,94017,M,4882880.0,247830.0,94
201100053021,11,6,1,225,3,1,1,1.0,2.0,94069,M,4881720.0,242644.0,94
201100053022,11,6,1,815,1,1,1,1.0,7.0,94017,M,4882790.0,250423.0,94
201100053023,11,6,1,840,1,1,1,1.0,3.0,94018,M,4881790.0,241252.0,94
201100053024,11,6,1,1430,1,1,1,1.0,2.0,94052,M,4884630.0,249165.0,94
201100053025,11,6,2,1315,1,1,1,1.0,3.0,94042,M,4882740.0,246889.0,94
201100053026,11,6,5,710,2,1,1,9.0,2.0,94069,M,4881640.0,245153.0,94
201100053027,11,6,5,1630,1,1,1,1.0,4.0,94017,M,4883010.0,249661.0,94
201100053028,11,6,7,930,1,1,1,2.0,2.0,94069,M,4881750.0,242225.0,94
201100053029,11,6,7,940,1,1,1,2.0,4.0,77294,M,,,77
201100053030,11,6,7,1615,1,1,1,2.0,5.0,77258,M,,,77
201100053031,11,6,8,920,1,1,1,1.0,5.0,94017,M,4882650.0,251834.0,94
201100053032,11,6,8,1530,1,1,1,1.0,6.0,77373,M,,,77
201100053033,11,6,10,1745,1,1,1,2.0,3.0,94073,M,4876980.0,238044.0,94
201100053034,11,6,11,1420,1,1,1,1.0,7.0,77249,M,,,77
201100053035,11,6,13,2200,5,1,1,2.0,2.0,75112,M,,,75
201100053036,11,6,14,740,1,1,1,1.0,3.0,77059,M,,,77
201100053037,11,6,14,850,1,1,1,2.0,2.0,77438,M,,,77
201100053038,11,6,14,1800,1,1,1,1.0,3.0,93051,M,,,93
201100053039,11,6,14,1745,1,1,1,1.0,3.0,94081,M,4877400.0,240500.0,94
201100053040,11,6,15,1645,1,1,1,1.0,4.0,94069,M,4881740.0,243625.0,94
201100053041,11,6,15,2020,1,1,1,1.0,3.0,77169,M,,,77
201100053042,11,6,17,740,1,1,1,1.0,3.0,77146,M,,,77
201100053043,11,6,17,910,1,1,1,1.0,2.0,94052,M,4882660.0,246634.0,94
201100053044,11,6,18,730,1,1,1,2.0,6.0,93051,M,,,93
201100053045,11,6,19,1855,1,1,1,1.0,3.0,94017,M,4882650.0,251834.0,94
201100053046,11,6,20,45,3,1,1,1.0,3.0,77181,M,,,77
201100053047,11,6,20,1615,1,1,1,1.0,3.0,94081,M,4877410.0,240499.0,94
201100053048,11,6,21,1400,1,1,1,1.0,2.0,94017,M,4882790.0,250453.0,94
201100053049,11,6,22,950,1,1,1,1.0,2.0,94018,M,4881770.0,241524.0,94
201100053050,11,6,23,1815,1,1,1,1.0,3.0,94017,M,4882930.0,248127.0,94
201100053051,11,6,23,1818,1,1,1,1.0,2.0,77514,M,,,77
201100053052,11,6,24,740,1,1,1,1.0,2.0,94052,M,4883460.0,249321.0,94
201100053053,11,6,24,845,1,1,1,1.0,2.0,94017,M,4882980.0,248320.0,94
201100053054,11,6,24,1630,1,1,1,1.0,3.0,77337,M,,,77
201100053055,11,6,25,1815,1,1,1,1.0,2.0,94069,M,4881630.0,245280.0,94
201100053056,11,6,25,1945,1,1,1,1.0,3.0,94046,M,4880360.0,244820.0,94
201100053057,11,6,26,1720,1,1,1,1.0,4.0,94028,M,4878790.0,244014.0,94
201100053058,11,6,26,1810,1,1,1,1.0,7.0,94069,M,4881660.0,245027.0,94
201100053059,11,6,27,1730,1,1,1,1.0,2.0,77169,M,,,77
201100053060,11,6,27,1920,1,1,1,1.0,5.0,94018,M,4881760.0,241528.0,94
201100053061,11,6,29,900,1,1,1,1.0,3.0,93051,M,,,93
201100053062,11,6,29,1700,1,1,1,1.0,3.0,77468,M,,,77
201100053063,11,7,1,635,1,1,1,1.0,7.0,94069,M,4881730.0,242433.0,94
201100053064,11,7,1,815,1,1,1,1.0,2.0,94073,M,4877140.0,239208.0,94
201100053065,11,7,1,1020,1,1,1,1.0,2.0,94017,M,4883030.0,248822.0,94
201100053066,11,7,1,1540,1,1,1,1.0,3.0,94033,M,4885480.0,248861.0,94
201100053067,11,7,1,1830,1,1,1,1.0,3.0,94065,M,4875370.0,235764.0,94
201100053068,11,7,1,1930,1,1,1,1.0,3.0,93051,M,,,93
201100053069,11,7,2,10,3,1,1,1.0,2.0,94028,M,4878880.0,244047.0,94
201100053070,11,7,2,430,5,1,1,1.0,5.0,94074,M,4876770.0,245234.0,94
201100053071,11,7,3,1405,1,1,1,1.0,2.0,94017,M,4883070.0,249072.0,94
201100053072,11,7,4,1950,1,1,1,1.0,7.0,77294,M,,,77
201100053073,11,7,4,2040,1,1,1,1.0,4.0,94018,M,4881840.0,240963.0,94
201100053074,11,7,5,830,1,1,1,1.0,2.0,94069,M,4881760.0,243628.0,94
201100053075,11,7,6,740,1,1,1,1.0,3.0,94069,M,4881740.0,242226.0,94
201100053076,11,7,6,2200,2,1,1,1.0,2.0,77258,M,,,77
201100053077,11,7,7,630,1,1,1,1.0,6.0,77169,M,,,77
201100053078,11,7,8,250,3,1,1,1.0,6.0,77258,M,,,77
201100053079,11,7,8,1830,1,1,1,1.0,4.0,94073,M,4877040.0,238433.0,94
201100053080,11,7,8,1915,1,1,1,1.0,2.0,94081,M,4877430.0,240874.0,94
201100053081,11,7,11,750,1,1,1,1.0,1.0,77121,M,,,77
201100053082,11,7,17,800,1,1,1,1.0,3.0,94017,M,4882690.0,252358.0,94
201100053083,11,7,11,750,1,1,1,1.0,3.0,94017,M,4882690.0,252361.0,94
201100053084,11,7,11,1030,1,1,1,1.0,2.0,94018,M,4882050.0,240200.0,94
201100053085,11,7,12,830,1,1,1,1.0,4.0,77258,M,,,77
201100053086,11,7,12,850,1,1,1,2.0,3.0,77249,M,,,77
201100053087,11,7,12,1357,1,1,1,1.0,7.0,77450,M,,,77
201100053088,11,7,13,725,2,1,1,2.0,3.0,94073,M,4876580.0,237932.0,94
201100053089,11,7,18,115,5,1,1,1.0,7.0,94018,M,4881760.0,241528.0,94
201100053090,11,7,19,905,1,1,1,2.0,7.0,94015,M,4882750.0,252515.0,94
201100053091,11,7,19,2200,3,1,1,2.0,3.0,77121,M,,,77
201100053092,11,7,21,1530,1,1,1,1.0,2.0,94052,M,4882660.0,246666.0,94
201100053093,11,7,22,650,1,1,1,1.0,4.0,77146,M,,,77
201100053094,11,7,25,1100,1,1,1,1.0,7.0,94073,M,4875360.0,237920.0,94
201100053095,11,7,25,1430,1,1,1,1.0,3.0,94028,M,4877620.0,242959.0,94
201100053096,11,7,27,1220,1,1,1,2.0,2.0,77363,M,,,77
201100053097,11,7,27,1840,1,1,1,1.0,7.0,77122,M,,,77
201100053098,11,7,28,1300,1,1,1,1.0,7.0,94018,M,4881760.0,241528.0,94
201100053099,11,7,30,700,1,1,1,1.0,4.0,94046,M,4880990.0,244885.0,94
201100053100,11,7,30,1645,1,1,1,1.0,7.0,77121,M,,,77
201100053101,11,8,2,1700,1,1,1,1.0,2.0,94052,M,4883370.0,249301.0,94
201100053102,11,8,13,710,1,1,1,1.0,4.0,94073,M,4877180.0,239419.0,94
201100053103,11,8,3,915,1,1,1,2.0,5.0,94017,M,4882690.0,252355.0,94
201100053104,11,8,5,708,2,1,1,3.0,3.0,94022,M,4877590.0,241377.0,94
201100053105,11,8,7,1030,1,1,1,1.0,2.0,94052,M,4884410.0,249243.0,94
201100053106,11,8,7,2135,5,1,1,3.0,7.0,94028,M,4877610.0,242842.0,94
201100053107,11,8,8,1030,1,1,1,1.0,7.0,94052,M,,,94
201100053108,11,8,18,1030,1,1,1,1.0,7.0,94052,M,4883470.0,249327.0,94
201100053109,11,8,9,1915,1,1,1,1.0,7.0,77121,M,,,77
201100053110,11,8,11,2345,3,1,1,1.0,6.0,77249,M,,,77
201100053111,11,8,11,1235,1,1,1,1.0,2.0,77373,M,,,77
201100053112,11,8,11,1830,1,1,1,1.0,2.0,77169,M,,,77
201100053113,11,8,11,2150,4,1,1,1.0,3.0,94022,M,4877590.0,241376.0,94
201100053114,11,8,14,2345,3,1,1,1.0,3.0,77169,M,,,77
201100053115,11,8,15,1915,1,1,1,1.0,2.0,94015,M,4882730.0,252531.0,94
201100053116,11,8,16,1405,1,1,1,1.0,7.0,94028,M,4877070.0,244813.0,94
201100053117,11,8,18,2020,1,1,1,1.0,3.0,94018,M,4882480.0,239301.0,94
201100053118,11,8,19,1900,1,1,1,1.0,2.0,94033,M,4885150.0,248977.0,94
201100053119,11,8,21,1720,1,1,1,1.0,6.0,77122,M,,,77
201100053120,11,8,22,415,3,1,1,1.0,6.0,94028,M,4877610.0,242846.0,94
201100053121,11,8,23,2020,5,1,1,1.0,6.0,77514,M,,,77
201100053122,11,8,30,1045,1,1,1,1.0,3.0,94028,M,4877610.0,242846.0,94
201100053123,11,8,30,1220,1,1,1,1.0,4.0,94052,M,4884270.0,249262.0,94
201100053124,11,8,31,1840,1,1,1,1.0,2.0,94046,M,4879900.0,244520.0,94
201100053125,11,9,1,2050,5,1,1,1.0,3.0,94073,M,,,94
201100053126,11,9,1,2315,3,1,1,1.0,3.0,94081,M,,,94
201100053127,11,9,3,1615,1,1,1,1.0,5.0,94033,M,,,94
201100053128,11,9,5,830,1,1,1,1.0,2.0,77517,M,,,77
201100053129,11,9,5,1130,1,1,1,1.0,7.0,94069,M,,,94
201100053130,11,9,5,1840,1,1,1,1.0,3.0,94018,M,,,94
201100053131,11,9,6,1,3,1,1,1.0,2.0,77514,M,,,77
201100053132,11,9,6,625,3,1,1,1.0,3.0,94069,M,,,94
201100053133,11,9,6,700,1,1,1,1.0,7.0,94042,M,,,94
201100053134,11,9,7,315,3,1,1,1.0,6.0,77363,M,,,77
201100053135,11,9,7,1545,1,1,1,1.0,2.0,94069,M,,,94
201100053136,11,9,7,2030,3,1,1,1.0,3.0,94069,M,,,94
201100053137,11,9,9,1545,1,1,1,1.0,3.0,94017,M,,,94
201100053138,11,9,9,1620,1,1,1,1.0,2.0,77121,M,,,77
201100053139,11,9,9,2000,3,1,1,1.0,3.0,94018,M,,,94
201100053140,11,9,10,1120,1,1,1,1.0,2.0,77258,M,,,77
201100053141,11,9,10,1730,1,1,1,1.0,6.0,77438,M,,,77
201100053142,11,9,11,1430,1,1,1,2.0,7.0,94069,M,,,94
201100053143,11,9,11,1625,1,1,1,3.0,7.0,94073,M,,,94
201100053144,11,9,11,1900,1,1,1,1.0,2.0,93051,M,,,93
201100053145,11,9,17,2000,4,1,1,1.0,3.0,94081,M,,,94
201100053146,11,9,12,1720,1,1,1,1.0,2.0,77237,M,,,77
201100053147,11,9,13,520,5,1,1,2.0,3.0,94073,M,,,94
201100053148,11,9,13,830,1,1,1,1.0,7.0,77121,M,,,77
201100053149,11,9,20,2315,5,1,1,1.0,7.0,94052,M,,,94
201100053150,11,9,15,130,5,1,1,1.0,4.0,94042,M,,,94
201100053151,11,9,15,800,1,1,1,1.0,5.0,93051,M,,,93
201100053152,11,9,15,850,1,1,1,1.0,6.0,77058,M,,,77
201100053153,11,9,16,1300,1,1,1,1.0,2.0,77372,M,,,77
201100053154,11,9,16,1920,1,1,1,1.0,5.0,94046,M,,,94
201100053155,11,9,17,1045,1,1,1,1.0,3.0,94028,M,,,94
201100053156,11,9,18,730,1,1,1,1.0,7.0,94018,M,,,94
201100053157,11,9,20,535,5,1,1,1.0,3.0,94052,M,,,94
201100053158,11,9,20,1015,1,1,1,1.0,7.0,77258,M,,,77
201100053159,11,9,20,1435,1,1,1,1.0,3.0,94022,M,,,94
201100053160,11,9,21,640,2,1,1,1.0,4.0,94028,M,,,94
201100053161,11,9,21,1540,1,1,1,1.0,7.0,94052,M,,,94
201100053162,11,9,21,1630,1,1,1,1.0,3.0,94028,M,,,94
201100053163,11,9,21,1650,1,1,1,1.0,2.0,94028,M,,,94
201100053164,11,9,21,1800,1,1,1,1.0,2.0,77294,M,,,77
201100053165,11,9,21,2220,3,1,1,1.0,2.0,94028,M,,,94
201100053166,11,9,23,600,3,1,1,1.0,5.0,77495,M,,,77
201100053167,11,9,23,750,1,1,1,1.0,3.0,94046,M,,,94
201100053168,11,9,23,830,1,1,1,1.0,2.0,94022,M,,,94
201100053169,11,9,23,920,1,1,1,1.0,4.0,77517,M,,,77
201100053170,11,9,23,1650,1,1,1,1.0,5.0,94069,M,,,94
201100053171,11,9,23,1740,1,1,1,1.0,2.0,93051,M,,,93
201100053172,11,9,24,835,1,1,1,1.0,7.0,94046,M,,,94
201100053173,11,9,24,1715,1,1,1,1.0,2.0,94069,M,,,94
201100053174,11,9,24,2240,5,1,1,1.0,2.0,94052,M,,,94
201100053175,11,9,25,1225,1,1,1,1.0,4.0,94052,M,,,94
201100053176,11,9,26,1705,1,1,1,1.0,7.0,94042,M,,,94
201100053177,11,9,26,2000,3,1,1,1.0,3.0,94018,M,,,94
201100053178,11,9,27,100,3,1,1,1.0,5.0,94015,M,,,94
201100053179,11,9,27,805,1,1,1,1.0,6.0,77363,M,,,77
201100053180,11,9,27,1950,3,1,1,1.0,7.0,77249,M,,,77
201100053181,11,9,28,15,3,1,1,1.0,2.0,77237,M,,,77
201100053182,11,9,28,1911,1,1,1,1.0,7.0,94028,M,,,94
201100053183,11,9,28,2040,5,1,1,1.0,4.0,94069,M,,,94
201100053184,11,9,29,850,1,1,1,1.0,4.0,77438,M,,,77
201100053185,11,9,29,1505,1,1,1,1.0,7.0,77373,M,,,77
201100053186,11,9,29,1720,1,1,1,1.0,7.0,94033,M,,,94
201100053187,11,9,29,1900,1,1,1,1.0,2.0,94017,M,,,94
201100053188,11,10,1,730,2,1,1,1.0,2.0,94028,M,,,94
201100053189,11,10,1,2245,4,1,1,1.0,2.0,94015,M,,,94
201100053190,11,10,3,2050,5,1,1,1.0,2.0,94017,M,,,94
201100053191,11,10,4,1750,1,1,1,1.0,3.0,77249,M,,,77
201100053192,11,10,4,1830,1,1,1,1.0,3.0,94028,M,,,94
201100053193,11,10,5,845,1,1,1,1.0,3.0,77514,M,,,77
201100053194,11,10,5,2300,3,1,1,1.0,2.0,94069,M,,,94
201100053195,11,10,6,330,5,1,1,1.0,3.0,94028,M,,,94
201100053196,11,10,6,810,2,1,1,1.0,3.0,94069,M,,,94
201100053197,11,10,6,900,1,1,1,2.0,7.0,77373,M,,,77
201100053198,11,10,6,950,1,1,1,2.0,7.0,94033,M,,,94
201100053199,11,10,6,1150,1,1,1,1.0,4.0,94017,M,,,94
201100053200,11,10,6,1315,1,1,1,2.0,4.0,77363,M,,,77
201100053201,11,10,6,1715,1,1,1,1.0,5.0,77169,M,,,77
201100053202,11,10,7,1300,1,1,1,1.0,4.0,94052,M,,,94
201100053203,11,10,7,1740,1,1,1,1.0,3.0,94028,M,,,94
201100053204,11,10,9,1230,1,1,1,2.0,5.0,93051,M,,,93
201100053205,11,10,9,1335,1,1,1,2.0,7.0,94028,M,,,94
201100053206,11,10,9,1525,1,1,1,2.0,2.0,94069,M,,,94
201100053207,11,10,10,1930,5,1,1,1.0,5.0,94018,M,,,94
201100053208,11,10,11,630,3,1,1,1.0,7.0,75112,M,,,75
201100053209,11,10,12,705,4,1,1,1.0,7.0,94073,M,,,94
201100053210,11,10,12,1100,1,1,1,1.0,3.0,94073,M,,,94
201100053211,11,10,12,1905,3,1,1,1.0,3.0,77294,M,,,77
201100053212,11,10,12,1920,3,1,1,1.0,2.0,94044,M,,,94
201100053213,11,10,13,424,5,1,1,1.0,6.0,77053,M,,,77
201100053214,11,10,13,1030,1,1,1,1.0,2.0,94028,M,,,94
201100053215,11,10,14,740,1,1,1,1.0,3.0,94069,M,,,94
201100053216,11,10,14,1720,1,1,1,1.0,2.0,93051,M,,,93
201100053217,11,10,15,15,3,1,1,1.0,3.0,77146,M,,,77
201100053218,11,10,15,900,1,1,1,1.0,7.0,77053,M,,,77
201100053219,11,10,17,730,3,1,1,1.0,5.0,94018,M,,,94
201100053220,11,10,17,815,2,1,1,1.0,4.0,93051,M,,,93
201100053221,11,10,17,735,1,1,1,1.0,6.0,77121,M,,,77
201100053222,11,10,17,1930,3,1,1,1.0,3.0,77169,M,,,77
201100053223,11,10,18,840,1,1,1,1.0,3.0,94046,M,,,94
201100053224,11,10,19,800,2,1,1,2.0,3.0,94022,M,,,94
201100053225,11,10,19,855,1,1,1,1.0,3.0,77373,M,,,77
201100053226,11,10,20,1940,1,1,1,1.0,5.0,94069,M,,,94
201100053227,11,10,21,1440,1,1,1,1.0,3.0,77258,M,,,77
201100053228,11,10,21,1530,1,1,1,1.0,2.0,75112,M,,,75
201100053229,11,10,22,1700,1,1,1,1.0,4.0,94018,M,,,94
201100053230,11,10,23,750,2,1,1,1.0,5.0,77018,M,,,77
201100053231,11,10,24,2335,4,1,1,3.0,2.0,94079,M,,,94
201100053232,11,10,25,900,1,1,1,2.0,7.0,77373,M,,,77
201100053233,11,10,27,940,1,1,1,1.0,3.0,77121,M,,,77
201100053234,11,10,28,640,3,1,1,1.0,5.0,94017,M,,,94
201100053235,11,10,28,1000,1,1,1,1.0,5.0,75112,M,,,75
201100053236,11,10,28,1250,1,1,1,1.0,2.0,77296,M,,,77
201100053237,11,10,28,1730,1,1,1,1.0,3.0,77169,M,,,77
201100053238,11,10,28,1740,1,1,1,1.0,2.0,77121,M,,,77
201100053239,11,10,29,1800,1,1,1,1.0,2.0,94079,M,,,94
201100053240,11,11,1,1745,3,1,1,2.0,7.0,94042,M,,,94
201100053241,11,11,3,640,5,1,1,2.0,2.0,94017,M,,,94
201100053242,11,11,4,1805,3,1,1,1.0,5.0,77121,M,,,77
201100053243,11,11,5,815,1,1,1,1.0,7.0,94073,M,,,94
201100053244,11,11,7,2245,5,1,1,1.0,2.0,94046,M,,,94
201100053245,11,11,8,1000,1,1,1,1.0,5.0,93051,M,,,93
201100053246,11,11,8,845,1,1,1,2.0,7.0,94069,M,,,94
201100053247,11,11,8,930,1,1,1,1.0,7.0,77258,M,,,77
201100053248,11,11,8,1830,3,1,1,2.0,7.0,75112,M,,,75
201100053249,11,11,9,715,2,1,1,1.0,2.0,77373,M,,,77
201100053250,11,11,9,1510,1,1,1,1.0,2.0,94052,M,,,94
201100053251,11,11,10,859,1,1,1,1.0,7.0,94028,M,,,94
201100053252,11,11,10,1100,1,1,1,1.0,3.0,94033,M,,,94
201100053253,11,11,10,2245,5,1,1,1.0,7.0,94052,M,,,94
201100053254,11,11,13,1243,1,1,1,1.0,2.0,94033,M,,,94
201100053255,11,11,15,830,1,1,1,1.0,6.0,77146,M,,,77
201100053256,11,11,15,900,1,1,1,1.0,2.0,77258,M,,,77
201100053257,11,11,16,950,1,1,1,1.0,2.0,77249,M,,,77
201100053258,11,11,16,1000,1,1,1,1.0,7.0,94017,M,,,94
201100053259,11,11,18,1950,4,1,1,1.0,5.0,77258,M,,,77
201100053260,11,11,18,2040,5,1,1,1.0,6.0,94069,M,,,94
201100053261,11,11,19,1650,1,1,1,1.0,3.0,94052,M,,,94
201100053262,11,11,14,2000,5,1,1,1.0,4.0,94069,M,,,94
201100053263,11,11,20,300,3,1,1,1.0,6.0,77249,M,,,77
201100053264,11,11,20,650,3,1,1,1.0,6.0,77169,M,,,77
201100053265,11,11,21,2135,3,1,1,1.0,5.0,77237,M,,,77
201100053266,11,11,22,840,2,1,1,1.0,2.0,77169,M,,,77
201100053267,11,11,22,2000,5,1,1,1.0,7.0,94052,M,,,94
201100053268,11,11,23,1015,1,1,1,1.0,2.0,94017,M,,,94
201100053269,11,11,23,1530,1,1,1,1.0,6.0,77122,M,,,77
201100053270,11,11,21,1930,3,1,1,1.0,7.0,77294,M,,,77
201100053271,11,11,25,2030,3,1,1,1.0,5.0,94022,M,,,94
201100053272,11,11,26,140,5,1,1,1.0,2.0,94028,M,,,94
201100053273,11,11,26,1735,3,1,1,1.0,6.0,77514,M,,,77
201100053274,11,11,27,1415,1,1,1,1.0,4.0,94073,M,,,94
201100053275,11,11,28,800,2,1,1,5.0,5.0,77294,M,,,77
201100053276,11,11,28,845,1,1,1,1.0,3.0,93051,M,,,93
201100053277,11,11,28,1630,1,1,1,8.0,4.0,77237,M,,,77
201100053278,11,11,29,2205,3,1,1,2.0,7.0,77122,M,,,77
201100053279,11,11,30,1340,1,1,1,1.0,2.0,94052,M,,,94
201100053280,11,12,2,530,3,1,1,2.0,7.0,94073,M,,,94
201100053281,11,12,2,700,3,1,1,2.0,3.0,94017,M,,,94
201100053282,11,12,2,2120,3,1,1,1.0,7.0,94028,M,,,94
201100053283,11,12,3,940,1,1,1,2.0,7.0,94028,M,,,94
201100053284,11,12,4,530,3,1,1,1.0,2.0,77438,M,,,77
201100053285,11,12,4,1205,1,1,1,2.0,6.0,77373,M,,,77
201100053286,11,12,4,1250,1,1,1,2.0,6.0,77121,M,,,77
201100053287,11,12,4,1815,3,1,1,2.0,6.0,94044,M,,,94
201100053288,11,12,5,515,3,1,1,2.0,6.0,94033,M,,,94
201100053289,11,12,5,1030,1,1,1,1.0,2.0,77438,M,,,77
201100053290,11,12,7,1222,1,1,1,1.0,2.0,77181,M,,,77
201100053291,11,12,7,1830,4,1,1,2.0,4.0,77294,M,,,77
201100053292,11,12,8,300,3,1,1,2.0,7.0,77384,M,,,77
201100053293,11,12,9,40,3,1,1,1.0,2.0,77169,M,,,77
201100053294,11,12,9,1010,1,1,1,2.0,2.0,94017,M,,,94
201100053295,11,12,12,1920,3,1,1,1.0,6.0,94069,M,,,94
201100053296,11,12,13,800,2,1,1,1.0,7.0,94069,M,,,94
201100053297,11,12,13,800,2,1,1,2.0,6.0,77294,M,,,77
201100053298,11,12,13,1240,1,1,1,2.0,4.0,77373,M,,,77
201100053299,11,12,14,900,1,1,1,1.0,3.0,94028,M,,,94
201100053300,11,12,15,730,3,1,1,1.0,3.0,94015,M,,,94
201100053301,11,12,15,925,1,1,1,1.0,3.0,75112,M,,,75
201100053302,11,12,15,1020,1,1,1,1.0,5.0,94018,M,,,94
201100053303,11,12,16,40,5,1,1,3.0,5.0,94073,M,,,94
201100053304,11,12,16,1150,1,1,1,3.0,6.0,77517,M,,,77
201100053305,11,12,12,720,2,1,1,8.0,5.0,94017,M,,,94
201100053306,11,12,18,910,1,1,1,1.0,2.0,77495,M,,,77
201100053307,11,12,18,1045,1,1,1,8.0,6.0,94044,M,,,94
201100053308,11,12,19,1745,3,1,1,3.0,6.0,94015,M,,,94
201100053309,11,12,20,900,1,1,1,1.0,2.0,77146,M,,,77
201100053310,11,12,20,950,1,1,1,2.0,2.0,77373,M,,,77
201100053311,11,12,21,950,1,1,1,2.0,2.0,77373,M,,,77
201100053312,11,12,21,1000,1,1,1,2.0,3.0,94018,M,,,94
201100053313,11,12,21,1900,4,1,1,2.0,6.0,94017,M,,,94
201100053314,11,12,22,1706,1,1,1,1.0,3.0,77146,M,,,77
201100053315,11,12,23,630,3,1,1,2.0,5.0,77169,M,,,77
201100053316,11,12,26,1830,3,1,1,1.0,4.0,77122,M,,,77
201100053317,11,12,29,1630,1,1,1,1.0,5.0,94017,M,,,94
201100053318,11,12,31,1610,1,1,1,3.0,7.0,94044,M,,,94
201100053319,11,1,1,520,4,1,1,1.0,7.0,95582,M,4896810.0,227450.0,95
201100053320,11,1,1,1600,1,1,1,2.0,3.0,95277,M,4897310.0,248820.0,95
201100053321,11,1,3,1150,1,1,1,1.0,3.0,93064,M,,,93
201100053322,11,2,13,300,3,1,1,1.0,2.0,93010,M,,,93
201100053323,11,1,7,1255,1,1,1,2.0,6.0,95582,M,,,95
201100053324,11,1,7,1520,1,1,1,1.0,7.0,93078,M,,,93
201100053325,11,1,11,1340,1,1,1,2.0,7.0,93027,M,,,93
201100053326,11,1,12,830,2,1,1,2.0,3.0,93005,M,,,93
201100053327,11,1,13,850,1,1,1,2.0,3.0,93066,M,,,93
201100053328,11,1,12,1700,2,1,1,1.0,6.0,93078,M,,,93
201100053329,11,1,14,901,1,1,1,1.0,3.0,95582,M,,,95
201100053330,11,2,5,1430,1,1,1,1.0,7.0,95394,M,,,95
201100053331,11,1,16,945,1,1,1,1.0,7.0,92078,M,4893830.0,229881.0,92
201100053332,11,1,17,1400,1,1,1,1.0,7.0,95582,M,,,95
201100053333,11,1,17,1715,1,1,1,1.0,5.0,93053,M,,,93
201100053334,11,1,19,930,1,1,1,1.0,2.0,92036,M,4891120.0,221641.0,92
201100053335,11,1,19,1130,1,1,1,1.0,2.0,93008,M,,,93
201100053336,11,1,20,730,1,1,1,1.0,2.0,95018,M,,,95
201100053337,11,1,20,845,1,1,1,1.0,7.0,95582,M,,,95
201100053338,11,1,20,930,1,1,1,1.0,5.0,93027,M,,,93
201100053339,11,1,21,430,3,1,1,1.0,7.0,95241,M,,,95
201100053340,11,1,21,530,3,1,1,1.0,7.0,95241,M,,,95
201100053341,11,1,21,2230,3,1,1,1.0,5.0,95277,M,,,95
201100053342,11,1,22,1530,1,1,1,8.0,6.0,93027,M,,,93
201100053343,11,1,24,715,3,1,1,1.0,5.0,93063,M,,,93
201100053344,11,1,24,715,1,1,1,1.0,5.0,93063,M,,,93
201100053345,11,1,24,1210,1,1,1,2.0,6.0,93006,M,,,93
201100053346,11,1,25,1415,1,1,1,2.0,7.0,93078,M,,,93
201100053347,11,1,24,1630,1,1,1,1.0,7.0,92036,M,4890430.0,220713.0,92
201100053348,11,1,25,1810,5,1,1,2.0,2.0,93064,M,,,93
201100053349,11,1,26,1220,1,1,1,2.0,2.0,93064,M,,,93
201100053350,11,1,26,1200,1,1,1,2.0,4.0,95572,M,,,95
201100053351,11,1,27,1145,1,1,1,1.0,6.0,60494,M,,,60
201100053352,11,1,28,1335,1,1,1,1.0,6.0,93005,M,,,93
201100053353,11,1,28,1615,1,1,1,1.0,3.0,93063,M,,,93
201100053354,11,1,28,1800,3,1,1,1.0,7.0,95424,M,,,95
201100053355,11,1,30,510,3,1,1,1.0,2.0,95241,M,,,95
201100053356,11,1,30,1500,1,1,1,1.0,7.0,95572,M,,,95
201100053357,11,1,31,855,1,1,1,1.0,3.0,95582,M,,,95
201100053358,11,1,31,1740,2,1,1,1.0,2.0,95500,M,,,95
201100053359,11,2,1,750,2,1,1,1.0,4.0,95572,M,,,95
201100053360,11,2,1,1000,1,1,1,8.0,4.0,95582,M,,,95
201100053361,11,2,1,1055,1,1,1,1.0,2.0,93039,M,,,93
201100053362,11,2,3,1315,1,1,1,1.0,5.0,93007,M,,,93
201100053363,11,2,3,1415,1,1,1,2.0,7.0,95256,M,,,95
201100053364,11,2,3,1715,2,1,1,1.0,2.0,93066,M,,,93
201100053365,11,2,5,1630,1,1,1,1.0,7.0,95572,M,,,95
201100053366,11,2,4,1900,4,1,1,1.0,4.0,95572,M,,,95
201100053367,11,2,5,1550,1,1,1,1.0,7.0,93027,M,,,93
201100053368,11,2,6,1510,1,1,1,1.0,2.0,93006,M,,,93
201100053369,11,2,2,1230,1,1,1,1.0,7.0,95582,M,4896370.0,226720.0,95
201100053370,11,2,9,1755,1,1,1,1.0,3.0,92036,M,4893390.0,227280.0,92
201100053371,11,2,10,1430,1,1,1,1.0,5.0,93007,M,,,93
201100053372,11,2,11,1339,1,1,1,1.0,2.0,95582,M,,,95
201100053373,11,2,11,1645,1,1,1,1.0,2.0,95256,M,,,95
201100053374,11,2,11,1930,3,1,1,1.0,2.0,93066,M,,,93
201100053375,11,2,12,1515,1,1,1,1.0,6.0,95277,M,4897390.0,248840.0,95
201100053376,11,2,12,1815,5,1,1,1.0,6.0,60138,M,,,60
201100053377,11,2,16,1645,1,1,1,1.0,2.0,93063,M,,,93
201100053378,11,2,17,1300,1,1,1,1.0,6.0,93007,M,,,93
201100053379,11,2,19,1515,1,1,1,1.0,2.0,93008,M,,,93
201100053380,11,2,19,1110,1,1,1,2.0,6.0,93078,M,,,93