Num_Acc,an,mois,jour,hrmn,lum,agg,int,atm,col,com,gps,lat,long,dep
201100053381,11,2,19,1400,1,1,1,3.0,3.0,95277,M,4897340.0,248560.0,95
201100053382,11,2,20,710,4,1,1,2.0,2.0,95582,M,,,95
201100053383,11,3,1,1120,1,1,1,1.0,4.0,95607,M,4901210.0,222280.0,95
201100053384,11,3,2,720,1,1,1,1.0,3.0,93066,M,,,93
201100053385,11,3,2,920,1,1,1,1.0,3.0,95582,M,4897290.0,224690.0,95
201100053386,11,3,3,738,1,1,1,1.0,2.0,95582,M,4897400.0,224600.0,95
201100053387,11,3,3,800,1,1,1,1.0,3.0,93064,M,,,93
201100053388,11,3,3,1040,1,1,1,1.0,2.0,93064,M,,,93
201100053389,11,3,4,1050,1,1,1,1.0,2.0,92036,M,4890550.0,220960.0,92
201100053390,11,3,6,400,3,1,1,1.0,6.0,95527,M,4900370.0,252530.0,95
201100053391,11,3,5,1920,3,1,1,9.0,4.0,93063,M,,,93
201100053392,11,3,6,2000,3,1,1,1.0,4.0,93010,M,,,93
201100053393,11,3,7,610,5,1,1,1.0,2.0,93008,M,,,93
201100053394,11,3,7,1000,1,1,1,1.0,2.0,92036,M,4894350.0,228792.0,92
201100053395,11,3,8,2020,3,1,1,1.0,2.0,93010,M,,,93
201100053396,11,3,9,800,1,1,1,1.0,2.0,93006,M,,,93
201100053397,11,3,10,1205,1,1,1,1.0,3.0,95394,M,,,95
201100053398,11,3,14,920,1,1,1,1.0,6.0,93078,M,,,93
201100053399,11,3,11,1430,1,1,1,7.0,2.0,93008,M,,,93
201100053400,11,3,12,1500,1,1,1,1.0,2.0,93029,M,,,93
201100053401,11,3,13,540,4,1,1,1.0,2.0,93010,M,,,93
201100053402,11,3,14,1500,1,1,1,1.0,2.0,93010,M,,,93
201100053403,11,3,16,1030,1,1,1,1.0,3.0,93005,M,,,93
201100053404,11,3,17,1800,1,1,1,1.0,3.0,93006,M,,,93
201100053405,11,3,18,1740,1,1,1,2.0,7.0,95256,M,,,95
201100053406,11,3,19,905,1,1,1,1.0,6.0,95582,M,4896670.0,227320.0,95
201100053407,11,3,20,420,4,1,1,1.0,7.0,93010,M,,,93
201100053408,11,3,21,930,1,1,1,1.0,2.0,93066,M,,,93
201100053409,11,3,22,830,1,1,1,1.0,5.0,92036,M,,,92
201100053410,11,3,23,1815,1,1,1,1.0,3.0,95277,M,4897320.0,248890.0,95
201100053411,11,3,25,1740,1,1,1,1.0,2.0,93008,M,,,93
201100053412,11,3,26,240,5,1,1,1.0,3.0,95212,M,4902620.0,253690.0,95
201100053413,11,1,1,1320,1,1,1,1.0,7.0,93066,M,,,93
201100053414,11,1,2,720,2,1,1,1.0,7.0,93027,M,,,93
201100053415,11,1,2,1010,1,1,1,2.0,6.0,93053,M,,,93
201100053416,11,1,2,1230,1,1,1,1.0,7.0,95252,M,,,95
201100053417,11,1,2,1435,1,1,1,1.0,1.0,93027,M,,,93
201100053418,11,1,2,1430,1,1,1,1.0,2.0,93027,M,,,93
201100053419,11,1,3,750,5,1,1,1.0,4.0,95018,M,,,95
201100053420,11,3,28,840,1,1,1,1.0,3.0,95028,M,,,95
201100053421,11,1,4,250,3,1,1,1.0,6.0,95018,M,,,95
201100053422,11,3,28,1257,1,1,1,1.0,2.0,95572,M,,,95
201100053423,11,1,4,1005,1,1,1,1.0,3.0,93063,M,,,93
201100053424,11,3,28,1600,1,1,1,1.0,3.0,93006,M,,,93
201100053425,11,3,28,1800,1,1,1,1.0,3.0,92036,M,4893600.0,226260.0,92
201100053426,11,3,29,1620,1,1,1,1.0,7.0,93008,M,,,93
201100053427,11,1,5,2215,3,1,1,2.0,5.0,95527,M,,,95
201100053428,11,1,6,105,3,1,1,2.0,6.0,95527,M,,,95
201100053429,11,1,6,1330,1,1,1,2.0,6.0,93027,M,,,93
201100053430,11,1,6,1450,1,1,1,2.0,2.0,93078,M,,,93
201100053431,11,1,6,1900,5,1,1,2.0,2.0,93063,M,,,93
201100053432,11,1,6,2330,3,1,1,1.0,6.0,95277,M,4897710.0,247190.0,95
201100053433,11,3,31,850,1,1,1,2.0,7.0,93066,M,,,93
201100053434,11,1,7,1010,1,1,1,2.0,6.0,93078,M,,,93
201100053435,11,3,31,1345,1,1,1,1.0,3.0,93066,M,,,93
201100053436,11,3,31,1530,1,1,1,1.0,2.0,93007,M,,,93
201100053437,11,1,7,2145,3,1,1,2.0,1.0,93078,M,,,93
201100053438,11,1,8,700,5,1,1,1.0,2.0,93066,M,,,93
201100053439,11,1,8,730,3,1,1,1.0,3.0,93078,M,,,93
201100053440,11,1,9,650,4,1,1,2.0,4.0,93010,M,,,93
201100053441,11,1,9,720,3,1,1,2.0,6.0,95527,M,,,95
201100053442,11,1,9,845,1,1,1,1.0,6.0,93078,M,,,93
201100053443,11,1,9,1000,1,1,1,2.0,2.0,93013,M,,,93
201100053444,11,1,9,1345,1,1,1,1.0,7.0,93078,M,,,93
201100053445,11,1,10,850,1,1,1,1.0,3.0,93078,M,,,93
201100053446,11,1,10,800,5,1,1,1.0,5.0,95582,M,4896480.0,227020.0,95
201100053447,11,1,11,645,3,1,1,2.0,6.0,93078,M,,,93
201100053448,11,1,11,815,3,1,1,2.0,2.0,95572,M,,,95
201100053449,11,1,11,830,1,1,1,2.0,7.0,95252,M,,,95
201100053450,11,1,11,830,2,1,1,2.0,3.0,93027,M,,,93
201100053451,11,1,11,800,4,1,1,2.0,4.0,92078,M,4890910.0,221417.0,92
201100053452,11,1,12,900,1,1,1,2.0,3.0,93053,M,,,93
201100053453,11,1,12,1220,1,1,1,2.0,5.0,93064,M,,,93
201100053454,11,1,12,1540,1,1,1,1.0,7.0,93078,M,,,93
201100053455,11,1,12,1718,5,1,1,2.0,5.0,93008,M,,,93
201100053456,11,1,15,555,3,1,1,1.0,7.0,95500,M,4904240.0,207870.0,95
201100053457,11,1,15,645,3,1,1,1.0,2.0,95491,M,,,95
201100053458,11,1,15,1600,1,1,1,1.0,3.0,93066,M,,,93
201100053459,11,1,15,1230,1,1,1,1.0,6.0,95241,M,,,95
201100053460,11,1,16,600,4,1,1,1.0,4.0,95306,M,,,95
201100053461,11,1,16,830,1,1,1,1.0,7.0,92036,M,4893830.0,229914.0,92
201100053462,11,1,17,715,1,1,1,1.0,3.0,93064,M,,,93
201100053463,11,1,17,1100,1,1,1,2.0,3.0,95424,M,,,95
201100053464,11,1,19,2000,3,1,1,1.0,7.0,93064,M,,,93
201100053465,11,1,22,415,4,1,1,1.0,4.0,93007,M,,,93
201100053466,11,1,23,1000,1,1,1,1.0,7.0,93064,M,,,93
201100053467,11,1,24,305,4,1,1,2.0,6.0,93005,M,,,93
201100053468,11,1,25,1257,1,1,1,1.0,2.0,93008,M,,,93
201100053469,11,1,26,915,1,1,1,3.0,6.0,95491,M,,,95
201100053470,11,1,26,2030,3,1,1,1.0,5.0,92036,M,4894000.0,229427.0,92
201100053471,11,1,27,700,5,1,1,1.0,3.0,95277,M,4897240.0,248560.0,95
201100053472,11,1,27,1815,3,1,1,1.0,2.0,95572,M,,,95
201100053473,11,1,28,815,1,1,1,1.0,5.0,93053,M,,,93
201100053474,11,1,28,1050,1,1,1,1.0,3.0,93064,M,,,93
201100053475,11,1,30,515,3,1,1,1.0,2.0,95241,M,,,95
201100053476,11,2,1,1500,1,1,1,1.0,3.0,93007,M,,,93
201100053477,11,2,2,1300,1,1,1,1.0,2.0,93053,M,,,93
201100053478,11,2,2,1545,1,1,1,1.0,2.0,93053,M,,,93
201100053479,11,2,3,1400,1,1,1,1.0,6.0,95678,M,,,95
201100053480,11,2,4,745,1,1,1,1.0,2.0,93066,M,,,93
201100053481,11,2,5,430,3,1,1,1.0,7.0,95351,M,,,95
201100053482,11,2,9,910,1,1,1,1.0,5.0,93066,M,,,93
201100053483,11,2,10,715,3,1,1,1.0,7.0,95572,M,,,95
201100053484,11,2,10,745,2,1,1,1.0,3.0,93066,M,,,93
201100053485,11,2,11,1410,1,1,1,1.0,7.0,95555,M,4897510.0,227860.0,95
201100053486,11,2,13,140,3,1,1,2.0,7.0,93027,M,,,93
201100053487,11,2,14,855,1,1,1,1.0,2.0,95572,M,,,95
201100053488,11,2,12,840,1,1,1,1.0,7.0,93010,M,,,93
201100053489,11,2,15,1155,1,1,1,2.0,3.0,95500,M,,,95
201100053490,11,2,15,1200,1,1,1,2.0,4.0,93010,M,,,93
201100053491,11,2,16,1500,1,1,1,1.0,6.0,93005,M,,,93
201100053492,11,3,1,930,1,1,1,2.0,2.0,95277,M,4897320.0,248890.0,95
201100053493,11,2,19,1100,1,1,1,2.0,7.0,93078,M,,,93
201100053494,11,2,19,1420,1,1,1,2.0,3.0,95277,M,4897360.0,248610.0,95
201100053495,11,2,19,1645,1,1,1,2.0,6.0,95527,M,,,95
201100053496,11,2,19,1900,3,1,1,3.0,2.0,93064,M,,,93
201100053497,11,2,19,2000,5,1,1,1.0,2.0,93027,M,,,93
201100053498,11,2,22,1030,1,1,1,1.0,2.0,93063,M,,,93
201100053499,11,2,24,1845,1,1,1,1.0,2.0,93006,M,,,93
201100053500,11,2,25,1915,1,1,1,1.0,7.0,93027,M,,,93
201100053501,11,2,25,2230,3,1,1,1.0,6.0,92036,M,4891800.0,222271.0,92
201100053502,11,2,26,840,1,1,1,2.0,4.0,93064,M,,,93
201100053503,11,2,26,1130,1,1,1,2.0,7.0,93027,M,,,93
201100053504,11,2,27,1225,1,1,1,1.0,3.0,93066,M,,,93
201100053505,11,2,28,810,1,1,1,1.0,6.0,95582,M,,,95
201100053506,11,2,8,935,1,1,1,1.0,6.0,93064,M,,,93
201100053507,11,3,4,1400,1,1,1,1.0,3.0,93053,M,,,93
201100053508,11,3,4,1515,1,1,1,1.0,7.0,92078,M,4893210.0,232228.0,92
201100053509,11,3,4,1550,1,1,1,1.0,3.0,93066,M,,,93
201100053510,11,3,7,1550,1,1,1,1.0,6.0,95527,M,4897080.0,248760.0,95
201100053511,11,10,1,1950,1,1,1,1.0,5.0,92036,M,,,92
201100053512,11,10,1,2000,3,1,1,1.0,3.0,95424,M,,,95
201100053513,11,10,3,1310,1,1,1,1.0,7.0,93027,M,,,93
201100053514,11,10,3,1930,2,1,1,1.0,2.0,93006,M,,,93
201100053515,11,3,24,1520,1,1,1,1.0,2.0,93005,M,,,93
201100053516,11,3,26,115,3,1,1,1.0,4.0,95488,M,,,95
201100053517,11,10,5,1110,1,1,1,1.0,2.0,77294,M,,,77
201100053518,11,10,6,750,1,1,1,1.0,4.0,95491,M,,,95
201100053519,11,10,7,750,2,1,1,1.0,3.0,95219,M,,,95
201100053520,11,10,7,1945,3,1,1,1.0,2.0,93063,M,,,93
201100053521,11,10,8,1900,1,1,1,1.0,3.0,93066,M,,,93
201100053522,11,10,9,1115,1,1,1,2.0,2.0,93027,M,,,93
201100053523,11,10,9,1320,1,1,1,2.0,3.0,93078,M,,,93
201100053524,11,10,9,1602,1,1,1,1.0,6.0,95256,M,,,95
201100053525,11,10,9,1730,1,1,1,8.0,7.0,93001,M,,,93
201100053526,11,10,10,2125,3,1,1,1.0,2.0,95572,M,,,95
201100053527,11,10,11,1020,1,1,1,1.0,7.0,95256,M,,,95
201100053528,11,10,12,830,1,1,1,1.0,5.0,93005,M,,,93
201100053529,11,10,13,950,1,1,1,1.0,7.0,93027,M,,,93
201100053530,11,10,13,1545,1,1,1,1.0,3.0,93053,M,,,93
201100053531,11,10,14,45,4,1,1,1.0,3.0,93006,M,,,93
201100053532,11,10,14,1545,1,1,1,1.0,3.0,93007,M,,,93
201100053533,11,10,14,1950,3,1,1,1.0,2.0,93007,M,,,93
201100053534,11,10,15,1250,1,1,1,1.0,7.0,95252,M,,,95
201100053535,11,10,15,1700,1,1,1,1.0,2.0,95424,M,,,95
201100053536,11,10,16,1350,1,1,1,1.0,6.0,95203,M,4897740.0,228820.0,95
201100053537,11,10,16,2015,3,1,1,1.0,2.0,95351,M,,,95
201100053538,11,10,17,910,1,1,1,1.0,3.0,93007,M,,,93
201100053539,11,10,17,1210,1,1,1,1.0,2.0,93005,M,,,93
201100053540,11,10,19,815,1,1,1,1.0,3.0,95252,M,,,95
201100053541,11,10,19,900,1,1,1,1.0,6.0,95042,M,,,95
201100053542,11,10,19,1420,1,1,1,1.0,2.0,95252,M,,,95
201100053543,11,10,19,1430,1,1,1,1.0,2.0,95582,M,,,95
201100053544,11,10,25,830,1,1,1,1.0,6.0,93066,M,,,93
201100053545,11,10,22,2040,2,1,1,1.0,3.0,92036,M,,,92
201100053546,11,10,23,646,2,1,1,1.0,7.0,95256,M,,,95
201100053547,11,10,23,1220,1,1,1,1.0,5.0,95582,M,,,95
201100053548,11,10,24,750,2,1,1,1.0,3.0,93053,M,,,93
201100053549,11,10,24,1100,1,1,1,1.0,7.0,95572,M,,,95
201100053550,11,10,25,1900,1,1,1,1.0,3.0,95306,M,,,95
201100053551,11,10,27,1045,1,1,1,1.0,2.0,93064,M,,,93
201100053552,11,10,27,1915,3,1,1,1.0,6.0,95306,M,,,95
201100053553,11,10,28,630,2,1,1,1.0,2.0,93005,M,,,93
201100053554,11,10,28,650,2,1,1,1.0,2.0,95582,M,,,95
201100053555,11,10,30,1700,1,1,1,1.0,6.0,93008,M,,,93
201100053556,11,11,1,1550,1,1,1,1.0,7.0,93008,M,,,93
201100053557,11,11,1,1623,1,1,1,2.0,7.0,93066,M,,,93
201100053558,11,11,1,2300,3,1,1,5.0,6.0,95042,M,,,95
201100053559,11,11,2,1730,3,1,1,1.0,3.0,95277,M,,,95
201100053560,11,11,3,830,1,1,1,1.0,3.0,93027,M,,,93
201100053561,11,11,3,745,1,1,1,1.0,6.0,95582,M,,,95
201100053562,11,11,3,1410,1,1,1,2.0,3.0,93066,M,,,93
201100053563,11,11,3,1430,1,1,1,1.0,7.0,93010,M,,,93
201100053564,11,11,4,1609,1,1,1,1.0,3.0,95582,M,4896570.0,227160.0,95
201100053565,11,11,3,2005,5,1,1,2.0,6.0,95580,M,,,95
201100053566,11,11,4,940,1,1,1,1.0,2.0,95572,M,,,95
201100053567,11,11,5,950,1,1,1,1.0,2.0,93078,M,,,93
201100053568,11,11,5,1110,1,1,1,1.0,7.0,93027,M,,,93
201100053569,11,11,7,1445,1,1,1,1.0,2.0,92078,M,,,92
201100053570,11,11,8,1445,1,1,1,1.0,4.0,93027,M,,,93
201100053571,11,11,8,2205,4,1,1,2.0,7.0,93010,M,,,93
201100053572,11,11,9,730,2,1,1,1.0,2.0,93078,M,,,93
201100053573,11,11,9,1800,1,1,1,1.0,2.0,93029,M,,,93
201100053574,11,11,10,720,2,1,1,1.0,4.0,93005,M,,,93
201100053575,11,11,10,900,2,1,1,1.0,2.0,93013,M,,,93
201100053576,11,11,10,2015,3,1,1,1.0,4.0,93005,M,,,93
201100053577,11,11,12,1800,3,1,1,1.0,5.0,93053,M,,,93
201100053578,11,11,13,1700,1,1,1,1.0,7.0,93006,M,,,93
201100053579,11,11,13,1915,3,1,1,1.0,4.0,95572,M,,,95
201100053580,11,11,14,845,1,1,1,1.0,2.0,93063,M,,,93
201100053581,11,11,14,1045,1,1,1,1.0,7.0,93066,M,,,93
201100053582,11,11,14,1715,1,1,1,1.0,6.0,95527,M,,,95
201100053583,11,11,14,2055,4,1,1,1.0,2.0,93010,M,,,93
201100053584,11,11,15,745,1,1,1,1.0,3.0,95491,M,,,95
201100053585,11,11,15,1530,1,1,1,1.0,2.0,93006,M,,,93
201100053586,11,11,16,1150,1,1,1,1.0,2.0,92036,M,,,92
201100053587,11,11,17,645,2,1,1,1.0,7.0,93078,M,,,93
201100053588,11,11,17,900,1,1,1,2.0,3.0,93010,M,,,93
201100053589,11,11,17,1930,5,1,1,1.0,3.0,93078,M,,,93
201100053590,11,11,17,2220,3,1,1,1.0,2.0,92036,M,,,92
201100053591,11,11,18,1815,3,1,1,1.0,7.0,95218,M,,,95
201100053592,11,11,18,1900,3,1,1,1.0,2.0,93010,M,,,93
201100053593,11,11,18,2000,3,1,1,1.0,7.0,95256,M,,,95
201100053594,11,11,19,2000,3,1,1,1.0,4.0,95582,M,,,95
201100053595,11,11,20,705,2,1,1,1.0,5.0,93048,M,,,93
201100053596,11,11,20,1650,1,1,1,1.0,2.0,95252,M,,,95
201100053597,11,11,20,1940,1,1,1,1.0,4.0,93048,M,,,93
201100053598,11,11,21,1000,1,1,1,1.0,2.0,95582,M,,,95
201100053599,11,11,22,850,1,1,1,1.0,2.0,95527,M,,,95
201100053600,11,11,23,615,5,1,1,1.0,2.0,93066,M,,,93
201100053601,11,11,24,1020,1,1,1,1.0,5.0,95018,M,,,95
201100053602,11,11,24,1930,1,1,1,1.0,5.0,95018,M,,,95
201100053603,11,11,25,1330,1,1,1,2.0,7.0,93078,M,,,93
201100053604,11,11,25,1850,3,1,1,1.0,3.0,93006,M,,,93
201100053605,11,11,25,2020,1,1,1,1.0,7.0,93053,M,,,93
201100053606,11,11,26,1515,1,1,1,1.0,2.0,95582,M,,,95
201100053607,11,11,26,1600,1,1,1,1.0,2.0,93027,M,,,93
201100053608,11,11,28,800,2,1,1,5.0,2.0,95219,M,,,95
201100053609,11,11,28,1010,1,1,1,5.0,3.0,92036,M,,,92
201100053610,11,11,29,1015,1,1,1,1.0,2.0,92036,M,,,92
201100053611,11,11,29,915,1,1,1,1.0,7.0,93066,M,,,93
201100053612,11,11,29,1245,1,1,1,1.0,7.0,93053,M,,,93
201100053613,11,11,30,1345,1,1,1,1.0,3.0,93048,M,,,93
201100053614,11,11,30,1650,2,1,1,1.0,2.0,93063,M,,,93
201100053615,11,4,1,2055,4,1,1,1.0,5.0,93053,M,,,93
201100053616,11,4,2,610,4,1,1,1.0,2.0,93027,M,,,93
201100053617,11,4,2,1700,1,1,1,1.0,3.0,93005,M,,,93
201100053618,11,4,3,1120,1,1,1,1.0,7.0,95527,M,,,95
201100053619,11,4,3,1150,1,1,1,1.0,3.0,95582,M,,,95
201100053620,11,4,3,1345,1,1,1,2.0,6.0,95582,M,,,95
201100053621,11,4,5,1145,1,1,1,1.0,7.0,93027,M,,,93
201100053622,11,4,6,1020,1,1,1,1.0,4.0,93064,M,,,93
201100053623,11,4,6,1210,1,1,1,1.0,7.0,93008,M,,,93
201100053624,11,4,6,1630,1,1,1,1.0,3.0,93008,M,,,93
201100053625,11,4,6,1745,1,1,1,1.0,4.0,93030,M,,,93
201100053626,11,4,7,700,1,1,1,1.0,3.0,95682,M,,,95
201100053627,11,4,7,740,1,1,1,1.0,3.0,93010,M,,,93
201100053628,11,4,7,830,1,1,1,1.0,3.0,93005,M,,,93
201100053629,11,4,7,1330,1,1,1,1.0,3.0,93029,M,,,93
201100053630,11,4,7,1950,1,1,1,1.0,2.0,93027,M,,,93
201100053631,11,4,7,1930,1,1,1,1.0,3.0,95527,M,,,95
201100053632,11,4,7,2245,1,1,1,1.0,2.0,93010,M,,,93
201100053633,11,4,8,810,1,1,1,1.0,6.0,93027,M,,,93
201100053634,11,4,8,1630,1,1,1,1.0,2.0,95018,M,,,95
201100053635,11,4,8,1700,1,1,1,1.0,2.0,95500,M,,,95
201100053636,11,4,9,1900,1,1,1,1.0,3.0,93008,M,,,93
201100053637,11,4,9,2225,4,1,1,1.0,3.0,93001,M,,,93
201100053638,11,4,10,1400,1,1,1,1.0,2.0,95277,M,,,95
201100053639,11,4,10,1615,1,1,1,1.0,7.0,95306,M,,,95
201100053640,11,4,11,730,1,1,1,1.0,3.0,95582,M,,,95
201100053641,11,4,14,1040,1,1,1,1.0,3.0,93064,M,,,93
201100053642,11,4,11,1130,1,1,1,1.0,2.0,95277,M,4896970.0,248220.0,95
201100053643,11,4,11,1750,1,1,1,1.0,2.0,93029,M,,,93
201100053644,11,4,11,2015,1,1,1,1.0,7.0,93007,M,,,93
201100053645,11,4,12,515,3,1,1,1.0,7.0,93027,M,,,93
201100053646,11,4,13,820,1,1,1,1.0,3.0,95582,M,,,95
201100053647,11,4,13,810,1,1,1,1.0,4.0,95607,M,,,95
201100053648,11,4,13,750,1,1,1,1.0,3.0,93010,M,,,93
201100053649,11,4,13,950,1,1,1,1.0,7.0,92078,M,4890350.0,220614.0,92
201100053650,11,4,14,1120,1,1,1,1.0,5.0,95582,M,,,95
201100053651,11,4,14,1240,1,1,1,1.0,3.0,93008,M,,,93
201100053652,11,4,16,1645,1,1,1,1.0,5.0,95277,M,4897650.0,247990.0,95
201100053653,11,4,16,2015,1,1,1,1.0,2.0,95572,M,4903410.0,211090.0,95
201100053654,11,4,17,700,2,1,1,1.0,6.0,95488,M,,,95
201100053655,11,4,17,1645,1,1,1,1.0,7.0,95351,M,,,95
201100053656,11,4,18,930,1,1,1,1.0,2.0,92036,M,4894300.0,228845.0,92
201100053657,11,4,19,2015,1,1,1,1.0,3.0,93053,M,,,93
201100053658,11,4,19,730,1,1,1,1.0,6.0,95256,M,,,95
201100053659,11,4,19,820,1,1,1,1.0,7.0,93066,M,,,93
201100053660,11,4,19,850,1,1,1,1.0,6.0,93066,M,,,93
201100053661,11,4,20,1240,1,1,1,1.0,2.0,93064,M,,,93
201100053662,11,4,20,1230,1,1,1,1.0,3.0,93053,M,,,93
201100053663,11,4,20,1845,1,1,1,1.0,2.0,95365,M,,,95
201100053664,11,4,21,1015,1,1,1,1.0,6.0,95151,M,,,95
201100053665,11,4,21,1735,1,1,1,1.0,5.0,93013,M,,,93
201100053666,11,4,23,440,3,1,1,1.0,2.0,93078,M,,,93
201100053667,11,4,23,715,1,1,1,1.0,3.0,93053,M,,,93
201100053668,11,4,24,420,3,1,1,1.0,2.0,95306,M,,,95
201100053669,11,4,24,1925,1,1,1,1.0,7.0,93008,M,,,93
201100053670,11,4,27,1005,1,1,1,1.0,3.0,93078,M,,,93
201100053671,11,4,27,1230,1,1,1,1.0,2.0,60494,M,,,60
201100053672,11,4,27,1430,1,1,1,1.0,6.0,93005,M,,,93
201100053673,11,4,28,1300,1,1,1,1.0,5.0,93066,M,,,93
201100053674,11,4,28,1745,1,1,1,1.0,7.0,95527,M,,,95
201100053675,11,4,30,1600,1,1,1,1.0,2.0,93010,M,,,93
201100053676,11,4,30,1745,1,1,1,1.0,3.0,93048,M,,,93
201100053677,11,10,2,2025,1,1,1,1.0,3.0,95527,M,,,95
201100053678,11,1,2,1035,1,1,1,1.0,2.0,95582,M,,,95
201100053679,11,5,1,700,1,1,1,1.0,6.0,95252,M,,,95
201100053680,11,5,1,1915,1,1,1,1.0,3.0,95582,M,,,95
201100053681,11,5,2,715,1,1,1,1.0,3.0,95582,M,,,95
201100053682,11,5,2,900,1,1,1,1.0,4.0,95252,M,,,95
201100053683,11,5,3,815,1,1,1,1.0,4.0,93007,M,,,93
201100053684,11,5,3,1735,1,1,1,1.0,5.0,95028,M,,,95
201100053685,11,5,4,845,1,1,1,1.0,7.0,93006,M,,,93
201100053686,11,5,4,930,1,1,1,1.0,2.0,93027,M,,,93
201100053687,11,5,5,1920,1,1,1,1.0,7.0,93066,M,,,93
201100053688,11,5,5,735,1,1,1,1.0,7.0,95491,M,,,95
201100053689,11,5,5,830,1,1,1,1.0,2.0,92036,M,4894450.0,228619.0,92
201100053690,11,5,5,1600,1,1,1,1.0,4.0,93027,M,,,93
201100053691,11,5,6,930,1,1,1,1.0,4.0,95582,M,,,95
201100053692,11,5,6,1255,1,1,1,1.0,3.0,93006,M,,,93
201100053693,11,5,6,1830,1,1,1,1.0,5.0,93064,M,,,93
201100053694,11,5,7,105,4,1,1,1.0,4.0,95488,M,,,95
201100053695,11,5,7,1140,1,1,1,1.0,5.0,95555,M,4897020.0,227550.0,95
201100053696,11,5,9,930,1,1,1,1.0,4.0,95256,M,,,95
201100053697,11,5,10,815,1,1,1,1.0,7.0,93008,M,,,93
201100053698,11,5,10,1530,1,1,1,1.0,2.0,95641,M,4907540.0,255200.0,95
201100053699,11,5,11,800,1,1,1,1.0,7.0,92036,M,4894340.0,228810.0,92
201100053700,11,5,11,1645,1,1,1,1.0,6.0,95394,M,,,95
201100053701,11,5,11,1755,1,1,1,1.0,4.0,95277,M,4897360.0,248560.0,95
201100053702,11,5,11,2100,1,1,1,1.0,3.0,93064,M,,,93
201100053703,11,5,12,630,2,1,1,1.0,7.0,93006,M,,,93
201100053704,11,5,12,800,1,1,1,1.0,3.0,93053,M,,,93
201100053705,11,5,13,2200,3,1,1,1.0,5.0,93005,M,,,93
201100053706,11,5,14,1215,1,1,1,1.0,7.0,93048,M,,,93
201100053707,11,5,14,1745,1,1,1,1.0,4.0,93008,M,,,93
201100053708,11,5,14,1840,1,1,1,1.0,4.0,92036,M,4894700.0,228216.0,92
201100053709,11,5,15,915,1,1,1,1.0,6.0,95154,M,4904570.0,254670.0,95
201100053710,11,5,16,815,1,1,1,1.0,2.0,93078,M,,,93
201100053711,11,5,16,1205,1,1,1,1.0,2.0,93008,M,,,93
201100053712,11,5,17,135,5,1,1,1.0,7.0,93066,M,,,93
201100053713,11,5,17,745,1,1,1,1.0,3.0,93027,M,,,93
201100053714,11,5,17,915,1,1,1,1.0,2.0,93013,M,,,93
201100053715,11,5,17,1120,1,1,1,1.0,7.0,95582,M,,,95
201100053716,11,5,17,1730,1,1,1,1.0,2.0,95219,M,,,95
201100053717,11,5,17,2020,1,1,1,1.0,2.0,95527,M,,,95
201100053718,11,5,18,830,1,1,1,1.0,4.0,95241,M,,,95
201100053719,11,5,18,1700,1,1,1,1.0,4.0,95678,M,,,95
201100053720,11,5,18,1930,1,1,1,1.0,7.0,95675,M,4906030.0,255040.0,95
201100053721,11,5,20,700,1,1,1,1.0,2.0,93064,M,,,93
201100053722,11,5,20,1250,1,1,1,1.0,2.0,95394,M,,,95
201100053723,11,5,20,1645,1,1,1,1.0,5.0,95582,M,,,95
201100053724,11,5,20,1900,1,1,1,1.0,2.0,93078,M,,,93
201100053725,11,5,20,1805,1,1,1,1.0,3.0,93010,M,,,93
201100053726,11,5,20,2020,1,1,1,1.0,6.0,95582,M,,,95
201100053727,11,5,21,615,1,1,1,1.0,6.0,95176,M,,,95
201100053728,11,5,21,855,1,1,1,1.0,6.0,95394,M,,,95
201100053729,11,5,23,1730,1,1,1,1.0,7.0,93064,M,,,93
201100053730,11,5,23,1430,1,1,1,1.0,7.0,92078,M,4890650.0,221079.0,92
201100053731,11,5,19,845,1,1,1,1.0,3.0,93064,M,,,93
201100053732,11,5,24,800,1,1,1,1.0,3.0,95252,M,,,95
201100053733,11,5,24,800,1,1,1,1.0,3.0,93027,M,,,93
201100053734,11,5,24,910,1,1,1,1.0,3.0,93066,M,,,93
201100053735,11,5,24,1000,1,1,1,1.0,2.0,93063,M,,,93
201100053736,11,5,25,755,1,1,1,1.0,2.0,95582,M,4896430.0,226920.0,95
201100053737,11,5,25,1230,1,1,1,1.0,2.0,95277,M,4896990.0,248260.0,95
201100053738,11,5,25,1430,1,1,1,1.0,3.0,93064,M,,,93
201100053739,11,5,25,1725,1,1,1,1.0,3.0,93008,M,,,93
201100053740,11,5,25,1700,1,1,1,1.0,3.0,95060,M,,,95
201100053741,11,5,26,1530,1,1,1,1.0,3.0,95582,M,,,95
201100053742,11,5,26,1735,1,1,1,1.0,3.0,93073,M,,,93
201100053743,11,5,26,1830,1,1,1,1.0,2.0,95582,M,,,95
201100053744,11,5,26,1930,1,1,1,1.0,4.0,93064,M,,,93
201100053745,11,5,27,850,1,1,1,1.0,3.0,95028,M,,,95
201100053746,11,5,27,1810,1,1,1,1.0,4.0,93010,M,,,93
201100053747,11,5,18,445,3,1,1,1.0,7.0,93005,M,,,93
201100053748,11,5,28,545,2,1,1,1.0,5.0,93078,M,,,93
201100053749,11,5,28,510,2,1,1,1.0,3.0,95488,M,,,95
201100053750,11,5,28,1210,1,1,1,1.0,4.0,93010,M,,,93
201100053751,11,5,28,1545,1,1,1,1.0,7.0,95277,M,4897360.0,248610.0,95
201100053752,11,5,28,1700,1,1,1,1.0,2.0,95607,M,,,95
201100053753,11,5,29,1030,1,1,1,1.0,4.0,93008,M,,,93