Num_Acc,an,mois,jour,hrmn,lum,agg,int,atm,col,com,gps,lat,long,dep
201100054130,11,12,5,1130,1,1,1,1.0,2.0,93005,M,,,93
201100054131,11,12,5,1235,1,1,1,1.0,3.0,93008,M,,,93
201100054132,11,12,5,1400,1,1,1,1.0,7.0,93008,M,,,93
201100054133,11,12,6,745,2,1,1,1.0,3.0,92036,M,,,92
201100054134,11,12,6,750,2,1,1,3.0,3.0,95682,M,,,95
201100054135,11,12,6,1615,1,1,1,1.0,4.0,93048,M,,,93
201100054136,11,12,6,2330,3,1,1,2.0,3.0,93078,M,,,93
201100054137,11,12,7,1620,1,1,1,8.0,6.0,93027,M,,,93
201100054138,11,12,7,2115,3,1,1,2.0,6.0,95018,M,,,95
201100054139,11,12,7,2215,3,1,1,2.0,6.0,93053,M,,,93
201100054140,11,12,8,20,4,1,1,1.0,6.0,93027,M,,,93
201100054141,11,12,8,1845,4,1,1,1.0,3.0,93064,M,,,93
201100054142,11,12,9,1825,5,1,1,1.0,4.0,93006,M,,,93
201100054143,11,12,10,620,3,1,1,1.0,7.0,95351,M,,,95
201100054144,11,12,10,2150,3,1,1,1.0,7.0,93005,M,,,93
201100054145,11,12,12,1010,1,1,1,2.0,3.0,95018,M,,,95
201100054146,11,12,13,1000,1,1,1,3.0,5.0,92036,M,,,92
201100054147,11,12,13,1330,1,1,1,2.0,6.0,93005,M,,,93
201100054148,11,12,13,1730,3,1,1,1.0,2.0,95555,M,4897710.0,228350.0,95
201100054149,11,12,13,1815,3,1,1,1.0,6.0,93008,M,,,93
201100054150,11,12,13,1800,3,1,1,1.0,3.0,95394,M,,,95
201100054151,11,12,14,600,3,1,1,1.0,6.0,95527,M,,,95
201100054152,11,12,17,1930,5,1,1,1.0,6.0,93063,M,,,93
201100054153,11,12,16,620,2,1,1,3.0,2.0,93066,M,,,93
201100054154,11,12,16,815,1,1,1,2.0,3.0,95582,M,,,95
201100054155,11,12,16,1045,1,1,1,2.0,2.0,93064,M,,,93
201100054156,11,12,16,1200,1,1,1,2.0,7.0,95351,M,,,95
201100054157,11,12,16,1810,5,1,1,1.0,2.0,93053,M,,,93
201100054158,11,12,16,2120,3,1,1,2.0,4.0,93010,M,,,93
201100054159,11,12,17,1200,1,1,1,1.0,7.0,93078,M,,,93
201100054160,11,12,17,1210,1,1,1,1.0,4.0,93064,M,,,93
201100054161,11,12,18,435,3,1,1,2.0,6.0,95572,M,,,95
201100054162,11,12,18,1150,1,1,1,1.0,7.0,93027,M,,,93
201100054163,11,12,18,1215,1,1,1,1.0,7.0,95306,M,,,95
201100054164,11,12,20,800,3,1,1,2.0,4.0,95682,M,,,95
201100054165,11,12,20,815,1,1,1,1.0,5.0,93013,M,,,93
201100054166,11,12,20,1750,4,1,1,2.0,6.0,93005,M,,,93
201100054167,11,12,21,1130,1,1,1,2.0,7.0,93078,M,,,93
201100054168,11,12,21,1220,1,1,1,1.0,3.0,93027,M,,,93
201100054169,11,12,21,1500,1,1,1,2.0,2.0,95582,M,,,95
201100054170,11,12,21,1600,1,1,1,2.0,2.0,92036,M,,,92
201100054171,11,12,21,1545,1,1,1,2.0,6.0,95527,M,,,95
201100054172,11,12,21,1700,2,1,1,2.0,2.0,93006,M,,,93
201100054173,11,12,21,2215,3,1,1,2.0,3.0,93064,M,,,93
201100054174,11,12,22,100,3,1,1,2.0,6.0,95018,M,,,95
201100054175,11,12,22,450,3,1,1,3.0,7.0,93053,M,,,93
201100054176,11,12,22,540,3,1,1,2.0,6.0,93078,M,,,93
201100054177,11,12,22,1640,1,1,1,1.0,3.0,95641,M,,,95
201100054178,11,12,22,1900,4,1,1,1.0,6.0,93064,M,,,93
201100054179,11,12,24,2045,1,1,1,1.0,3.0,93078,M,,,93
201100054180,11,12,23,1700,5,1,1,1.0,2.0,95555,M,4897010.0,227550.0,95
201100054181,11,12,24,130,3,1,1,2.0,7.0,93078,M,,,93
201100054182,11,12,24,550,3,1,1,1.0,6.0,95394,M,,,95
201100054183,11,12,24,1800,3,1,1,1.0,3.0,93063,M,,,93
201100054184,11,12,25,1930,3,1,1,1.0,4.0,93010,M,,,93
201100054185,11,12,26,630,3,1,1,1.0,3.0,93005,M,,,93
201100054186,11,12,26,1130,1,1,1,1.0,2.0,95580,M,,,95
201100054187,11,12,26,1745,3,1,1,2.0,2.0,93005,M,,,93
201100054188,11,12,26,2045,3,1,1,1.0,2.0,95488,M,,,95
201100054189,11,12,27,1730,2,1,1,1.0,5.0,93029,M,,,93
201100054190,11,12,29,1250,1,1,1,1.0,2.0,93053,M,,,93
201100054191,11,12,30,645,4,1,1,1.0,2.0,93010,M,,,93
201100054192,11,12,31,1345,1,1,1,3.0,6.0,93078,M,,,93
201100054193,11,12,31,1540,1,1,1,2.0,4.0,93001,M,,,93
201100054194,11,12,31,1815,3,1,1,2.0,3.0,95582,M,,,95
201100054195,11,5,25,2100,1,1,1,1.0,2.0,93066,M,,,93
201100054196,11,1,21,445,3,1,1,1.0,7.0,95241,M,,,95
201100054197,11,1,21,2110,3,1,1,1.0,7.0,93078,M,,,93
201100054198,11,2,1,2130,3,1,1,2.0,6.0,95682,M,,,95
201100054199,11,2,1,2230,3,1,1,2.0,7.0,95682,M,,,95
201100054200,11,1,2,455,3,1,1,2.0,7.0,95527,M,4202690.0,251090.0,95
201100054201,11,1,4,2,4,1,1,1.0,3.0,95582,M,,,95
201100054202,11,1,4,1,5,1,1,1.0,6.0,95675,M,4906020.0,255130.0,95
201100054203,11,3,5,415,3,1,1,1.0,6.0,93008,M,,,93
201100054204,11,1,1,700,4,1,1,5.0,3.0,78455,M,4885130.0,206644.0,78
201100054205,11,1,2,1745,5,1,1,8.0,7.0,92063,M,4888360.0,216560.0,92
201100054206,11,1,3,1255,1,1,1,1.0,5.0,78646,M,4879340.0,207533.0,78
201100054207,11,1,3,1700,1,1,1,1.0,7.0,78646,M,4879010.0,211693.0,78
201100054208,11,1,4,850,1,1,1,1.0,7.0,92063,M,4887160.0,215797.0,92
201100054209,11,1,5,740,2,1,1,1.0,3.0,92025,M,4892350.0,222947.0,92
201100054210,11,1,6,1235,1,1,1,2.0,6.0,78490,M,4880000.0,196733.0,78
201100054211,11,1,7,755,1,1,1,2.0,4.0,92064,M,4884390.0,222276.0,92
201100054212,11,1,7,1920,5,1,1,1.0,3.0,92050,M,4889470.0,219162.0,92
201100054213,11,1,7,2050,4,1,1,2.0,4.0,92023,M,4876230.0,231323.0,92
201100054214,11,1,9,130,5,1,1,2.0,6.0,92064,M,4884400.0,222298.0,92
201100054215,11,1,9,1725,5,1,1,1.0,4.0,92012,M,4884840.0,223786.0,92
201100054216,11,1,10,2235,3,1,1,1.0,6.0,78291,M,4896540.0,175770.0,78
201100054217,11,1,11,1625,1,1,3,1.0,7.0,78238,M,4897000.0,186525.0,78
201100054218,11,1,13,750,1,1,1,9.0,6.0,78455,M,4886030.0,204769.0,78
201100054219,11,1,13,1245,1,1,4,1.0,6.0,78043,M,4884190.0,209507.0,78
201100054220,11,1,16,1700,1,1,1,1.0,3.0,78545,M,4880740.0,205286.0,78
201100054221,11,1,17,2120,5,1,1,1.0,2.0,92051,M,4888770.0,225189.0,92
201100054222,11,1,18,900,1,1,1,8.0,2.0,78551,M,4891170.0,209658.0,78
201100054223,11,1,18,923,1,1,1,8.0,5.0,78126,M,4883880.0,212104.0,78
201100054224,11,1,18,1035,1,1,1,8.0,2.0,78043,M,4884900.0,207222.0,78
201100054225,11,1,18,1925,5,1,1,1.0,3.0,78242,M,4880900.0,205417.0,78
201100054226,11,1,20,835,1,1,1,1.0,3.0,92036,M,4893430.0,227082.0,92
201100054227,11,1,21,1630,1,1,1,1.0,3.0,92051,M,4883390.0,216516.0,92
201100054228,11,1,24,725,3,1,1,2.0,2.0,78545,M,4881540.0,206172.0,78
201100054229,11,1,25,930,1,1,1,1.0,4.0,78524,M,4884090.0,210829.0,78
201100054230,11,1,25,1555,1,1,1,1.0,3.0,78545,M,4881270.0,205812.0,78
201100054231,11,1,26,830,5,1,1,1.0,3.0,92050,M,4890030.0,220931.0,92
201100054232,11,1,27,930,2,1,1,1.0,2.0,92012,M,4884830.0,224021.0,92
201100054233,11,1,27,1915,5,1,1,1.0,6.0,92051,M,4888240.0,226780.0,92
201100054234,11,1,28,1910,4,1,1,1.0,4.0,92036,M,4893690.0,229157.0,92
201100054235,11,1,29,1010,1,1,1,1.0,7.0,78029,M,4896400.0,184411.0,78
201100054236,11,1,30,445,3,1,1,1.0,2.0,78571,M,4886610.0,203567.0,78
201100054237,11,1,31,915,1,1,1,1.0,2.0,78090,M,4897040.0,190568.0,78
201100054238,11,1,31,2205,5,1,1,1.0,7.0,78646,M,4878990.0,212509.0,78
201100054239,11,2,2,110,3,1,1,5.0,5.0,78043,M,4884260.0,209364.0,78
201100054240,11,2,2,1045,1,1,1,8.0,2.0,92025,M,4893420.0,225679.0,92
201100054241,11,2,2,1540,1,1,1,1.0,5.0,78646,M,4878990.0,211964.0,78
201100054242,11,2,2,1750,1,1,1,1.0,2.0,78238,M,4897050.0,188097.0,78
201100054243,11,2,2,2230,3,1,1,1.0,7.0,92025,M,4892310.0,222818.0,92
201100054244,11,2,2,1800,1,1,1,1.0,2.0,78140,M,4896050.0,193049.0,78
201100054245,11,2,4,1510,1,1,1,1.0,6.0,78455,M,4886080.0,204660.0,78
201100054246,11,2,4,2133,3,1,1,1.0,3.0,78571,M,4886710.0,203338.0,78
201100054247,11,2,5,850,1,1,1,1.0,7.0,92076,M,,,92
201100054248,11,2,5,1940,3,1,1,1.0,4.0,78423,M,4879590.0,204245.0,78
201100054249,11,2,6,619,3,1,1,1.0,6.0,78291,M,4896720.0,174602.0,78
201100054250,11,2,8,850,1,1,1,8.0,7.0,92036,M,4893560.0,228558.0,92
201100054251,11,2,8,1300,1,1,1,1.0,6.0,78455,M,4885460.0,205986.0,78
201100054252,11,2,9,1135,1,1,1,1.0,6.0,78043,M,4884150.0,209425.0,78
201100054253,11,2,10,1310,1,1,1,2.0,7.0,75116,M,,,75
201100054254,11,2,11,815,1,1,1,1.0,3.0,92025,M,4893420.0,225459.0,92
201100054255,11,2,11,1600,1,1,1,1.0,2.0,78073,M,4879910.0,199590.0,78
201100054256,11,2,17,910,1,1,1,1.0,2.0,92062,M,4887900.0,227870.0,92
201100054257,11,2,18,750,1,1,1,1.0,5.0,92047,M,4883580.0,218153.0,92
201100054258,11,2,18,1050,1,1,1,1.0,2.0,92064,M,4883580.0,218172.0,92
201100054259,11,2,19,1330,1,1,4,2.0,2.0,78073,M,4879530.0,204585.0,78
201100054260,11,2,20,25,5,1,1,2.0,7.0,92072,M,4882520.0,222123.0,92
201100054261,11,2,23,1220,1,1,1,2.0,6.0,78140,M,4895780.0,193426.0,78
201100054262,11,2,21,1950,3,1,1,2.0,3.0,78007,M,4889590.0,200681.0,78
201100054263,11,2,23,1850,5,1,1,2.0,4.0,92062,M,,,92
201100054264,11,2,23,2355,3,1,1,2.0,6.0,78402,M,4896400.0,179303.0,78
201100054265,11,2,24,820,1,1,1,3.0,6.0,78362,M,4897660.0,171881.0,78
201100054266,11,2,24,1240,1,1,1,8.0,7.0,78126,M,4883920.0,212022.0,78
201100054267,11,2,25,630,3,1,1,1.0,2.0,92025,M,4891720.0,222225.0,92
201100054268,11,2,25,2200,5,1,1,1.0,7.0,92025,M,4893520.0,226057.0,92
201100054269,11,2,26,1830,1,1,1,2.0,5.0,92025,M,4892450.0,223145.0,92
201100054270,11,2,27,1245,1,1,1,1.0,4.0,92064,M,4883950.0,220136.0,92
201100054271,11,2,28,845,1,1,1,1.0,6.0,75116,M,,,75
201100054272,11,3,3,850,1,1,1,1.0,5.0,78423,M,4879640.0,203599.0,78
201100054273,11,3,3,900,1,1,1,1.0,7.0,78524,M,4884070.0,210961.0,78
201100054274,11,3,3,940,1,1,1,1.0,5.0,78490,M,4880050.0,195535.0,78
201100054275,11,3,5,2340,4,1,1,1.0,6.0,78498,M,4891300.0,200538.0,78
201100054276,11,3,7,1600,1,1,1,1.0,2.0,78043,M,4884200.0,210029.0,78
201100054277,11,3,8,945,1,1,1,1.0,3.0,92048,M,4878670.0,222263.0,92
201100054278,11,3,8,950,1,1,1,1.0,4.0,78126,M,4883530.0,213075.0,78
201100054279,11,3,8,930,1,1,1,1.0,3.0,78640,M,4877680.0,222539.0,78
201100054280,11,3,8,1015,1,1,1,1.0,4.0,92047,M,4883540.0,217837.0,92
201100054281,11,3,8,1600,1,1,1,1.0,3.0,78206,M,4895670.0,193607.0,78
201100054282,11,3,8,1915,1,1,1,1.0,2.0,78646,M,4879180.0,209818.0,78
201100054283,11,3,9,1620,1,1,1,1.0,5.0,78640,M,4877710.0,222494.0,78
201100054284,11,3,11,800,1,1,1,1.0,2.0,92036,M,4893480.0,228060.0,92
201100054285,11,3,11,850,1,1,1,1.0,2.0,92048,M,4880440.0,221359.0,92
201100054286,11,3,11,2000,2,1,1,1.0,6.0,78322,M,4878660.0,215173.0,78
201100054287,11,3,13,530,3,1,1,1.0,6.0,78217,M,4896360.0,182893.0,78
201100054288,11,3,13,630,3,1,1,1.0,3.0,78217,M,4896340.0,183027.0,78
201100054289,11,3,13,1055,1,1,1,8.0,5.0,78073,M,4879750.0,201417.0,78
201100054290,11,3,14,840,1,1,1,8.0,4.0,92048,M,4880500.0,221330.0,92
201100054291,11,3,14,2120,3,1,1,1.0,5.0,78206,M,4895650.0,193609.0,78
201100054292,11,3,15,1200,1,1,1,1.0,6.0,78362,M,4897240.0,173055.0,78
201100054293,11,3,19,100,5,1,1,1.0,6.0,78551,M,4891120.0,209126.0,78
201100054294,11,3,19,1120,1,1,1,1.0,5.0,92048,M,4880050.0,221554.0,92
201100054295,11,3,20,925,1,1,1,1.0,6.0,78126,M,4883710.0,212618.0,78
201100054296,11,3,21,815,1,1,1,1.0,2.0,92063,M,4888980.0,216966.0,92
201100054297,11,3,22,800,1,1,1,1.0,4.0,92050,M,4890390.0,220686.0,92
201100054298,11,3,22,1103,1,1,1,1.0,6.0,78455,M,4886200.0,204423.0,78
201100054299,11,3,22,2230,3,1,1,1.0,6.0,78672,M,4892950.0,198570.0,78
201100054300,11,3,22,2050,5,1,1,1.0,6.0,78524,M,4884120.0,210688.0,78
201100054301,11,3,23,1030,1,1,1,1.0,4.0,78126,M,4883750.0,212501.0,78
201100054302,11,3,25,108,4,1,1,1.0,6.0,78646,M,4879020.0,211557.0,78
201100054303,11,3,25,800,1,1,1,1.0,2.0,92047,M,4883450.0,217042.0,92
201100054304,11,3,25,855,1,1,1,1.0,2.0,92025,M,4893360.0,225376.0,92
201100054305,11,3,25,1500,1,1,1,1.0,2.0,78455,M,4885930.0,204996.0,78
201100054306,11,3,26,515,3,1,1,1.0,6.0,78524,M,4884160.0,210274.0,78
201100054307,11,3,26,810,1,1,1,1.0,6.0,78571,M,4887730.0,202003.0,78
201100054308,11,3,26,1800,1,1,1,1.0,2.0,92025,M,4892450.0,223142.0,92
201100054309,11,3,27,715,2,1,1,2.0,6.0,78321,M,4879920.0,191994.0,78
201100054310,11,3,29,710,3,1,1,1.0,2.0,78640,M,4878400.0,222299.0,78
201100054311,11,3,29,730,1,1,1,1.0,2.0,92062,M,4889800.0,221836.0,92
201100054312,11,3,29,800,1,1,1,1.0,7.0,92036,M,4893400.0,230212.0,92
201100054313,11,3,29,1015,1,1,1,1.0,6.0,78043,M,4884430.0,208915.0,78
201100054314,11,3,30,1815,1,1,1,2.0,3.0,92051,M,4888730.0,225219.0,92
201100054315,11,3,30,1715,1,1,1,2.0,7.0,92072,M,4882470.0,222097.0,92
201100054316,11,3,31,940,1,1,1,9.0,5.0,92047,M,4883360.0,216321.0,92
201100054317,11,3,31,1225,1,1,1,1.0,4.0,92047,M,4883370.0,216456.0,92
201100054318,11,3,31,1516,1,1,1,1.0,4.0,92047,M,4883480.0,217347.0,92
201100054319,11,3,31,1620,1,1,1,1.0,4.0,92047,M,,,92
201100054320,11,3,23,900,1,1,1,1.0,2.0,78640,M,4877720.0,222670.0,78
201100054321,11,4,1,910,1,1,1,1.0,3.0,78396,M,4891680.0,211631.0,78
201100054322,11,4,1,2015,3,1,1,1.0,6.0,78571,M,,,78
201100054323,11,4,1,2010,3,1,1,1.0,4.0,78133,M,4889090.0,200958.0,78
201100054324,11,4,2,420,3,1,1,1.0,6.0,78524,M,4884070.0,211028.0,78
201100054325,11,4,2,1635,1,1,1,1.0,2.0,78029,M,4896730.0,185542.0,78
201100054326,11,4,3,412,4,1,1,3.0,5.0,78466,M,4892760.0,199178.0,78
201100054327,11,4,3,540,5,1,1,3.0,7.0,92064,M,4884130.0,222129.0,92
201100054328,11,4,3,600,3,1,1,3.0,5.0,78043,M,4883450.0,208649.0,78
201100054329,11,4,3,1600,1,1,1,1.0,6.0,78431,M,4893810.0,195755.0,78
201100054330,11,4,4,1835,1,1,1,1.0,4.0,78672,M,,,78
201100054331,11,4,5,900,1,1,1,1.0,3.0,92047,M,4883950.0,219681.0,92
201100054332,11,4,6,710,1,1,1,1.0,2.0,78133,M,4889340.0,200823.0,78
201100054333,11,4,6,940,1,1,1,1.0,5.0,92072,M,4882200.0,222202.0,92
201100054334,11,4,7,815,1,1,1,1.0,5.0,78043,M,4883650.0,208926.0,78
201100054335,11,4,7,1330,1,1,1,1.0,2.0,78140,M,4896000.0,193144.0,78
201100054336,11,4,7,1555,1,1,1,1.0,5.0,92050,M,4892210.0,222653.0,92
201100054337,11,4,7,1800,1,1,1,1.0,2.0,78423,M,4879760.0,204345.0,78
201100054338,11,4,8,1620,1,1,1,1.0,3.0,78043,M,4882890.0,207962.0,78
201100054339,11,4,9,1727,1,1,1,1.0,6.0,78466,M,4893400.0,196964.0,78
201100054340,11,4,10,2250,5,1,1,1.0,2.0,92050,M,4890390.0,220641.0,92
201100054341,11,4,11,1700,1,1,1,1.0,4.0,92050,M,4890680.0,221165.0,92
201100054342,11,4,11,1745,1,1,1,1.0,7.0,78640,M,4878610.0,215405.0,78
201100054343,11,4,11,1905,1,1,1,1.0,4.0,78466,M,4893420.0,196830.0,78
201100054344,11,4,12,700,2,1,1,1.0,2.0,78158,M,4883140.0,214748.0,78
201100054345,11,4,12,1725,1,1,1,1.0,2.0,78545,M,4881740.0,206443.0,78
201100054346,11,4,13,845,1,1,1,1.0,2.0,92025,M,,,92
201100054347,11,4,13,2134,5,1,1,1.0,2.0,92064,M,4883960.0,221308.0,92
201100054348,11,4,17,1740,1,1,1,1.0,5.0,78291,M,4896530.0,175639.0,78
201100054349,11,4,18,830,1,1,1,1.0,3.0,78090,M,4897040.0,190158.0,78
201100054350,11,4,19,925,1,1,1,1.0,3.0,92036,M,4893620.0,228928.0,92
201100054351,11,4,19,1730,1,1,1,1.0,4.0,78043,M,4883310.0,208490.0,78
201100054352,11,4,21,940,1,1,1,1.0,3.0,78073,M,4880140.0,204698.0,78
201100054353,11,4,20,1245,1,1,1,1.0,6.0,78640,M,,,78
201100054354,11,4,20,1625,1,1,1,1.0,2.0,92025,M,4892230.0,222717.0,92
201100054355,11,4,21,30,3,1,1,1.0,5.0,78043,M,4884850.0,207341.0,78
201100054356,11,4,21,910,1,1,1,1.0,2.0,92036,M,4893550.0,228572.0,92
201100054357,11,4,21,910,1,1,1,1.0,3.0,92036,M,4893540.0,228403.0,92
201100054358,11,4,21,1110,1,1,1,1.0,2.0,78362,M,4898710.0,166396.0,78
201100054359,11,4,21,1145,1,1,1,1.0,2.0,78402,M,4896400.0,179167.0,78
201100054360,11,4,21,2020,1,1,1,1.0,2.0,78640,M,,,78
201100054361,11,4,22,1245,1,1,1,1.0,4.0,78402,M,4896430.0,177394.0,78
201100054362,11,4,23,1300,1,1,1,1.0,3.0,78043,M,4883650.0,208926.0,78
201100054363,11,4,23,1250,1,1,1,1.0,6.0,78498,M,4890760.0,200539.0,78
201100054364,11,4,23,1700,1,1,1,1.0,3.0,78646,M,4879150.0,210082.0,78
201100054365,11,4,24,425,3,1,1,1.0,2.0,78291,M,4896540.0,176048.0,78
201100054366,11,4,24,1000,1,1,1,1.0,6.0,78571,M,4886980.0,202970.0,78
201100054367,11,4,25,1615,1,1,1,1.0,3.0,92047,M,4883480.0,217178.0,92
201100054368,11,4,25,1855,3,1,1,1.0,2.0,78545,M,4881540.0,206162.0,78
201100054369,11,4,19,645,1,1,1,1.0,3.0,92036,M,4892790.0,230280.0,92
201100054370,11,4,29,1535,1,1,1,1.0,5.0,75116,M,,,75
201100054371,11,4,30,1020,1,1,1,7.0,6.0,78090,M,4897030.0,190147.0,78
201100054372,11,5,1,1820,1,1,1,1.0,3.0,78158,M,4883480.0,213206.0,78
201100054373,11,5,2,1645,1,1,1,2.0,7.0,78640,M,4878410.0,222299.0,78
201100054374,11,5,2,2110,5,1,1,1.0,6.0,92064,M,4883980.0,220790.0,92
201100054375,11,5,2,2235,3,1,1,1.0,2.0,78090,M,4897050.0,188778.0,78
201100054376,11,5,3,840,1,1,1,1.0,2.0,92062,M,,,92
201100054377,11,5,3,1010,1,1,1,1.0,7.0,92050,M,4890010.0,221055.0,92
201100054378,11,5,3,1330,1,1,1,1.0,6.0,78571,M,4886610.0,203579.0,78
201100054379,11,5,3,1855,1,1,1,1.0,2.0,92025,M,,,92
201100054380,11,5,3,2030,1,1,1,1.0,2.0,78073,M,4879990.0,204535.0,78
201100054381,11,5,4,600,5,1,1,1.0,7.0,78073,M,4879990.0,204535.0,78
201100054382,11,5,4,700,1,1,1,1.0,4.0,92050,M,4877730.0,222473.0,92
201100054383,11,5,4,1230,1,1,1,1.0,4.0,78206,M,4895720.0,193520.0,78
201100054384,11,5,5,709,1,1,1,1.0,2.0,78238,M,4897050.0,188232.0,78
201100054385,11,5,4,2000,1,1,1,1.0,3.0,92064,M,4883980.0,220886.0,92
201100054386,11,5,5,1015,1,1,1,1.0,7.0,78126,M,4883730.0,212559.0,78
201100054387,11,5,5,1600,1,1,1,1.0,2.0,92050,M,4889900.0,221484.0,92
201100054388,11,5,5,1740,1,1,1,1.0,6.0,92064,M,4883930.0,221756.0,92
201100054389,11,5,6,1150,1,1,1,7.0,7.0,92036,M,4893750.0,229558.0,92
201100054390,11,5,6,1855,1,1,1,1.0,5.0,78640,M,,,78
201100054391,11,5,7,1230,1,1,1,1.0,4.0,78133,M,4889340.0,200823.0,78
201100054392,11,5,8,1730,1,1,1,1.0,4.0,78545,M,4881810.0,206533.0,78
201100054393,11,5,9,845,1,1,1,1.0,2.0,92064,M,4883860.0,219218.0,92
201100054394,11,5,9,1743,1,1,1,1.0,6.0,75116,M,,,75
201100054395,11,5,9,1830,1,1,1,1.0,6.0,92050,M,4890310.0,220471.0,92
201100054396,11,5,9,1845,1,1,1,1.0,6.0,78455,M,4885880.0,205107.0,78
201100054397,11,5,10,1950,1,1,1,1.0,3.0,78043,M,4883170.0,208316.0,78
201100054398,11,5,11,1545,1,1,1,1.0,3.0,92036,M,4893720.0,229341.0,92
201100054399,11,5,12,645,2,1,1,1.0,3.0,78423,M,4879790.0,200877.0,78
201100054400,11,5,12,755,2,1,1,1.0,4.0,78455,M,4886090.0,204666.0,78
201100054401,11,5,12,1215,1,1,1,1.0,2.0,78640,M,,,78
201100054402,11,5,13,1700,1,1,1,1.0,2.0,92036,M,4893780.0,229708.0,92
201100054403,11,5,14,420,5,1,1,1.0,6.0,92064,M,4883920.0,221285.0,92
201100054404,11,5,16,940,1,1,1,1.0,4.0,92050,M,4889120.0,217526.0,92
201100054405,11,5,18,1245,1,1,1,1.0,5.0,78646,M,4879240.0,209001.0,78
201100054406,11,5,18,1710,1,1,1,1.0,2.0,78640,M,,,78
201100054407,11,5,19,940,1,1,1,1.0,3.0,92072,M,4881230.0,221343.0,92
201100054408,11,5,20,755,1,1,1,1.0,6.0,78291,M,4897050.0,173346.0,78
201100054409,11,5,20,750,1,1,1,1.0,5.0,92025,M,4892830.0,223918.0,92
201100054410,11,5,20,1130,1,1,1,1.0,2.0,92023,M,,,92
201100054411,11,5,21,1900,1,1,1,1.0,5.0,92047,M,4883530.0,217599.0,92
201100054412,11,5,22,1000,1,1,1,1.0,3.0,75116,M,,,75
201100054413,11,5,22,530,2,1,1,1.0,2.0,78322,M,,,78
201100054414,11,5,25,25,5,1,1,1.0,2.0,92050,M,4890500.0,220876.0,92
201100054415,11,5,25,850,1,1,1,1.0,4.0,78073,M,4879680.0,202230.0,78
201100054416,11,5,25,2245,3,1,4,1.0,6.0,78362,M,,,78
201100054417,11,5,26,1150,1,1,1,1.0,3.0,78322,M,,,78
201100054418,11,5,26,1600,1,1,1,1.0,6.0,78466,M,4893120.0,197950.0,78
201100054419,11,5,27,1600,1,1,1,8.0,4.0,78206,M,4895390.0,193962.0,78
201100054420,11,5,28,350,4,1,1,1.0,4.0,78362,M,4897620.0,172112.0,78
201100054421,11,5,28,1940,1,1,1,1.0,2.0,92076,M,4883650.0,218474.0,92
201100054422,11,5,28,2015,1,1,1,1.0,6.0,78466,M,4893290.0,197340.0,78
201100054423,11,5,29,1910,1,1,1,1.0,2.0,78490,M,4879940.0,193623.0,78
201100054424,11,5,29,1930,1,1,1,1.0,2.0,92047,M,4883370.0,216329.0,92
201100054425,11,5,30,845,1,1,1,1.0,4.0,92036,M,,,92
201100054426,11,5,30,800,1,1,1,1.0,4.0,92036,M,4893730.0,229465.0,92
201100054427,11,5,30,1503,1,1,1,1.0,3.0,92050,M,4891540.0,222019.0,92
201100054428,11,5,30,30,3,1,1,1.0,7.0,92050,M,4892560.0,223270.0,92
201100054429,11,5,31,545,3,1,1,2.0,2.0,78140,M,4895920.0,193238.0,78
201100054430,11,5,31,940,1,1,1,1.0,7.0,78545,M,4881750.0,206432.0,78
201100054431,11,5,31,1920,1,1,1,1.0,4.0,92062,M,,,92
201100054432,11,6,1,1230,1,1,1,1.0,6.0,78043,M,,,78
201100054433,11,6,1,1915,1,1,1,1.0,5.0,92062,M,,,92
201100054434,11,6,4,2020,1,1,1,1.0,5.0,78571,M,,,78
201100054435,11,6,1,2220,3,1,1,1.0,7.0,78073,M,,,78
201100054436,11,6,2,1400,1,1,1,1.0,4.0,78524,M,,,78
201100054437,11,6,3,550,2,1,1,1.0,6.0,78646,M,,,78
201100054438,11,6,4,1850,1,1,1,8.0,6.0,78208,M,,,78
201100054439,11,6,4,2105,1,1,1,8.0,3.0,78158,M,,,78
201100054440,11,6,5,735,3,1,1,1.0,7.0,92036,M,4893530.0,226036.0,92
201100054441,11,6,6,745,1,1,1,1.0,5.0,92025,M,4892880.0,224014.0,92
201100054442,11,6,9,900,1,1,1,1.0,6.0,78490,M,,,78
201100054443,11,6,9,1805,1,1,1,1.0,7.0,78117,M,,,78
201100054444,11,6,10,850,1,1,1,1.0,3.0,92050,M,4891620.0,222079.0,92
201100054445,11,6,12,445,5,1,1,1.0,2.0,92026,M,,,92
201100054446,11,6,13,1350,1,1,1,2.0,2.0,92064,M,4883950.0,220382.0,92
201100054447,11,6,14,620,1,1,1,8.0,3.0,78217,M,,,78
201100054448,11,6,14,810,1,1,1,1.0,5.0,92050,M,4890270.0,220482.0,92