Num_Acc,an,mois,jour,hrmn,lum,agg,int,atm,col,com,gps,lat,long,dep
201100054449,11,6,14,1225,1,1,1,2.0,2.0,92025,M,4892160.0,222593.0,92
201100054450,11,6,16,545,3,1,1,1.0,6.0,78073,M,,,78
201100054451,11,6,16,910,1,1,1,1.0,2.0,92050,M,4891450.0,221966.0,92
201100054452,11,6,16,1830,1,1,1,1.0,3.0,78640,M,,,78
201100054453,11,6,18,400,5,1,1,2.0,7.0,92012,M,4884860.0,223165.0,92
201100054454,11,6,18,1306,1,1,1,1.0,2.0,92051,M,4888750.0,225142.0,92
201100054455,11,6,18,1750,1,1,1,2.0,2.0,92047,M,4883480.0,217338.0,92
201100054456,11,6,19,4,5,1,1,1.0,4.0,78524,M,,,78
201100054457,11,6,19,740,1,1,1,1.0,6.0,78646,M,,,78
201100054458,11,6,15,850,1,1,1,1.0,2.0,92036,M,4892340.0,230520.0,92
201100054459,11,6,20,1045,1,1,1,2.0,3.0,92036,M,4893350.0,227434.0,92
201100054460,11,6,21,745,1,1,1,8.0,3.0,78640,M,,,78
201100054461,11,6,21,800,1,1,1,1.0,2.0,92048,M,4879440.0,221826.0,92
201100054462,11,6,21,920,1,1,1,1.0,7.0,92025,M,4891960.0,222361.0,92
201100054463,11,6,21,2245,3,1,1,1.0,6.0,78029,M,,,78
201100054464,11,6,22,805,1,1,1,2.0,3.0,92050,M,4889020.0,217091.0,92
201100054465,11,6,22,1130,1,1,1,2.0,6.0,78466,M,,,78
201100054466,11,6,23,40,5,1,1,2.0,7.0,92064,M,4884000.0,221957.0,92
201100054467,11,6,25,205,5,1,1,1.0,7.0,92064,M,4884200.0,222198.0,92
201100054468,11,6,25,1200,1,1,1,1.0,4.0,78362,M,,,78
201100054469,11,6,28,910,1,1,1,1.0,4.0,92036,M,4893540.0,226452.0,92
201100054470,11,6,28,1500,1,1,1,1.0,6.0,78640,M,,,78
201100054471,11,6,29,830,1,1,1,1.0,2.0,92036,M,4893580.0,226246.0,92
201100054472,11,6,29,1210,1,1,1,1.0,4.0,92047,M,4883470.0,217159.0,92
201100054473,11,6,29,1330,1,1,1,1.0,6.0,78455,M,,,78
201100054474,11,6,29,2005,1,1,1,1.0,7.0,78524,M,,,78
201100054475,11,6,28,1510,1,1,1,1.0,3.0,78431,M,,,78
201100054476,11,6,30,705,1,1,1,1.0,5.0,78646,M,,,78
201100054477,11,6,30,1740,1,1,1,1.0,3.0,92050,M,4889870.0,221579.0,92
201100054478,11,7,4,945,1,1,1,1.0,7.0,92064,M,,,92
201100054479,11,7,4,2000,1,1,1,1.0,6.0,78217,M,,,78
201100054480,11,7,5,1225,1,1,1,7.0,3.0,78043,M,,,78
201100054481,11,7,5,1645,1,1,1,1.0,6.0,78551,M,,,78
201100054482,11,7,5,1845,1,1,1,1.0,3.0,92036,M,,,92
201100054483,11,7,6,755,1,1,1,1.0,3.0,92025,M,,,92
201100054484,11,7,6,935,1,1,1,1.0,3.0,75116,M,,,75
201100054485,11,7,7,810,1,1,1,1.0,5.0,92036,M,,,92
201100054486,11,7,7,946,1,1,1,1.0,5.0,92023,M,,,92
201100054487,11,7,7,1825,1,1,1,1.0,7.0,92064,M,,,92
201100054488,11,7,8,1745,1,1,1,1.0,3.0,92048,M,,,92
201100054489,11,7,8,1840,1,1,1,1.0,2.0,78297,M,,,78
201100054490,11,7,8,1830,1,1,1,1.0,4.0,92026,M,,,92
201100054491,11,7,11,1730,5,1,1,1.0,2.0,92026,M,,,92
201100054492,11,7,14,345,5,1,1,1.0,7.0,92064,M,,,92
201100054493,11,7,15,1,5,1,1,1.0,6.0,78297,M,,,78
201100054494,11,7,16,1415,1,1,1,8.0,6.0,78206,M,,,78
201100054495,11,7,17,715,1,1,1,1.0,7.0,92036,M,,,92
201100054496,11,7,17,840,1,1,1,1.0,7.0,92023,M,,,92
201100054497,11,7,19,2045,1,1,1,2.0,7.0,78551,M,,,78
201100054498,11,7,21,820,1,1,1,1.0,5.0,78646,M,,,78
201100054499,11,7,24,15,5,1,1,1.0,6.0,78640,M,,,78
201100054500,11,7,23,850,1,1,1,1.0,6.0,78217,M,,,78
201100054501,11,7,24,1020,1,1,1,1.0,2.0,92025,M,,,92
201100054502,11,7,26,850,1,1,1,1.0,2.0,78640,M,,,78
201100054503,11,7,28,540,2,1,1,1.0,7.0,78402,M,,,78
201100054504,11,7,28,955,1,1,1,1.0,3.0,92047,M,,,92
201100054505,11,7,28,1710,1,1,1,1.0,3.0,92063,M,,,92
201100054506,11,7,30,1230,1,1,1,1.0,7.0,78238,M,,,78
201100054507,11,8,2,1530,1,1,1,1.0,2.0,78498,M,,,78
201100054508,11,8,2,1545,1,1,1,1.0,4.0,92051,M,,,92
201100054509,11,8,2,1635,1,1,1,1.0,7.0,92050,M,,,92
201100054510,11,8,4,1020,1,1,1,8.0,7.0,92076,M,,,92
201100054511,11,8,7,548,5,1,1,1.0,7.0,92036,M,,,92
201100054512,11,8,7,1500,1,1,1,1.0,7.0,92064,M,,,92
201100054513,11,8,11,1900,1,1,1,1.0,2.0,92025,M,,,92
201100054514,11,8,12,240,3,1,1,1.0,7.0,92036,M,,,92
201100054515,11,8,12,1330,1,1,1,1.0,3.0,78043,M,,,78
201100054516,11,8,12,1345,1,1,1,1.0,3.0,92064,M,,,92
201100054517,11,8,13,1800,1,1,1,1.0,2.0,78466,M,,,78
201100054518,11,8,14,1545,1,1,1,1.0,4.0,92023,M,,,92
201100054519,11,8,15,1640,1,1,1,1.0,6.0,78640,M,,,78
201100054520,11,8,16,1932,1,1,1,1.0,2.0,92047,M,,,92
201100054521,11,8,19,1055,1,1,1,1.0,5.0,78140,M,,,78
201100054522,11,8,17,1820,1,1,1,1.0,6.0,92036,M,,,92
201100054523,11,8,19,1810,1,1,1,1.0,2.0,92025,M,,,92
201100054524,11,8,19,2150,2,1,1,1.0,2.0,92048,M,,,92
201100054525,11,8,14,715,1,1,1,2.0,4.0,92036,M,,,92
201100054526,11,8,21,1545,1,1,1,1.0,6.0,78291,M,,,78
201100054527,11,8,22,10,5,1,1,1.0,6.0,78073,M,,,78
201100054528,11,8,22,1645,1,1,1,1.0,6.0,78007,M,,,78
201100054529,11,8,25,1800,1,1,1,1.0,5.0,92025,M,,,92
201100054530,11,8,28,1710,1,1,1,1.0,2.0,78043,M,,,78
201100054531,11,8,29,810,1,1,1,1.0,5.0,92025,M,,,92
201100054532,11,8,31,830,1,1,1,1.0,5.0,92025,M,,,92
201100054533,11,8,31,1750,1,1,1,1.0,2.0,92047,M,,,92
201100054534,11,8,31,2100,5,1,1,1.0,2.0,78362,M,,,78
201100054535,11,8,31,2315,3,1,1,1.0,6.0,78029,M,,,78
201100054536,11,9,1,50,5,1,1,1.0,6.0,78362,M,,,78
201100054537,11,9,1,1305,1,1,1,1.0,2.0,78524,M,,,78
201100054538,11,9,3,1140,1,1,1,1.0,4.0,78455,M,,,78
201100054539,11,9,3,2040,5,1,1,2.0,2.0,78140,M,,,78
201100054540,11,9,4,700,5,1,1,2.0,6.0,78362,M,,,78
201100054541,11,9,4,1610,1,1,1,1.0,6.0,78402,M,,,78
201100054542,11,9,4,1730,1,1,1,1.0,4.0,78029,M,,,78
201100054543,11,9,4,1306,1,1,1,1.0,4.0,92051,M,,,92
201100054544,11,9,5,946,1,1,1,1.0,3.0,78646,M,,,78
201100054545,11,9,6,1518,1,1,1,1.0,2.0,78217,M,,,78
201100054546,11,9,7,1810,1,1,1,1.0,7.0,78423,M,,,78
201100054547,11,9,8,555,3,1,1,1.0,3.0,78291,M,,,78
201100054548,11,9,8,747,2,1,1,1.0,3.0,78291,M,,,78
201100054549,11,9,8,905,1,1,1,1.0,3.0,92036,M,,,92
201100054550,11,9,8,905,1,1,1,1.0,2.0,78322,M,,,78
201100054551,11,9,9,800,1,1,1,1.0,3.0,92064,M,,,92
201100054552,11,9,9,1000,1,1,1,1.0,3.0,78242,M,,,78
201100054553,11,9,10,1200,1,1,1,1.0,5.0,78126,M,,,78
201100054554,11,9,10,2030,3,1,1,1.0,4.0,92012,M,,,92
201100054555,11,9,11,1300,1,1,1,2.0,7.0,92036,M,,,92
201100054556,11,9,13,745,1,1,1,1.0,5.0,78466,M,,,78
201100054557,11,9,14,930,1,1,1,1.0,4.0,78165,M,,,78
201100054558,11,9,14,2325,3,1,1,1.0,2.0,78117,M,,,78
201100054559,11,9,15,815,1,1,1,1.0,3.0,78524,M,,,78
201100054560,11,9,15,1400,1,1,1,1.0,5.0,78073,M,,,78
201100054561,11,9,15,1808,1,1,1,1.0,3.0,78640,M,,,78
201100054562,11,9,16,1910,1,1,1,1.0,5.0,78498,M,,,78
201100054563,11,9,17,1700,1,1,1,1.0,3.0,78322,M,,,78
201100054564,11,9,17,355,5,1,1,2.0,2.0,92064,M,,,92
201100054565,11,9,18,340,4,1,1,1.0,5.0,78158,M,,,78
201100054566,11,9,11,715,2,1,1,1.0,6.0,78029,M,,,78
201100054567,11,9,18,1305,1,1,1,1.0,3.0,78140,M,,,78
201100054568,11,9,18,1715,1,1,1,1.0,7.0,78007,M,,,78
201100054569,11,9,19,915,1,1,1,1.0,2.0,78007,M,,,78
201100054570,11,9,20,1700,1,1,1,1.0,3.0,78073,M,,,78
201100054571,11,9,21,905,1,1,1,1.0,2.0,78524,M,,,78
201100054572,11,9,22,535,3,1,1,1.0,6.0,78524,M,,,78
201100054573,11,9,22,1056,1,1,1,1.0,2.0,78362,M,,,78
201100054574,11,9,22,1214,1,1,1,1.0,4.0,92064,M,,,92
201100054575,11,9,22,1845,1,1,1,1.0,2.0,78242,M,,,78
201100054576,11,9,23,415,4,1,1,1.0,2.0,78117,M,,,78
201100054577,11,9,24,2145,4,1,1,1.0,2.0,92047,M,,,92
201100054578,11,9,24,2200,3,1,1,1.0,7.0,92025,M,,,92
201100054579,11,9,25,1,3,1,1,1.0,5.0,78206,M,,,78
201100054580,11,9,27,730,1,1,1,1.0,4.0,92036,M,,,92
201100054581,11,9,27,945,1,1,1,1.0,2.0,78640,M,,,78
201100054582,11,9,28,805,1,1,1,1.0,5.0,78126,M,,,78
201100054583,11,9,28,815,1,1,1,1.0,3.0,92047,M,,,92
201100054584,11,9,28,1120,1,1,1,1.0,7.0,92050,M,,,92
201100054585,11,9,28,1635,1,1,1,1.0,7.0,92050,M,,,92
201100054586,11,9,28,1720,1,1,1,1.0,5.0,78640,M,,,78
201100054587,11,9,28,1730,1,1,1,1.0,3.0,92050,M,,,92
201100054588,11,9,29,830,1,1,1,1.0,6.0,78118,M,,,78
201100054589,11,9,29,1045,1,1,1,1.0,2.0,78007,M,,,78
201100054590,11,9,29,1908,1,1,1,1.0,3.0,92025,M,,,92
201100054591,11,9,30,910,1,1,1,1.0,2.0,92047,M,,,92
201100054592,11,10,1,1245,1,1,1,1.0,2.0,92047,M,,,92
201100054593,11,10,2,1927,1,1,1,1.0,2.0,92051,M,,,92
201100054594,11,10,3,933,1,1,1,1.0,2.0,78646,M,,,78
201100054595,11,10,3,1207,1,1,1,1.0,3.0,92023,M,,,92
201100054596,11,10,3,1918,2,1,1,1.0,3.0,92012,M,,,92
201100054597,11,10,4,515,3,1,1,1.0,2.0,78571,M,,,78
201100054598,11,10,4,746,1,1,1,1.0,2.0,78672,M,,,78
201100054599,11,10,4,845,1,1,1,1.0,7.0,92050,M,,,92
201100054600,11,10,5,315,5,1,1,1.0,2.0,78297,M,,,78
201100054601,11,10,5,807,1,1,1,1.0,5.0,92036,M,,,92
201100054602,11,10,6,830,1,1,1,1.0,5.0,78423,M,,,78
201100054603,11,10,6,951,1,1,1,2.0,3.0,78423,M,,,78
201100054604,11,10,6,1744,1,1,1,1.0,2.0,92050,M,,,92
201100054605,11,10,7,1720,5,1,1,1.0,5.0,92050,M,,,92
201100054606,11,10,7,1752,1,1,1,1.0,3.0,92050,M,,,92
201100054607,11,10,7,1820,1,1,1,1.0,3.0,78322,M,,,78
201100054608,11,10,7,1831,1,1,1,3.0,2.0,78206,M,,,78
201100054609,11,10,7,1950,5,1,1,2.0,7.0,92050,M,,,92
201100054610,11,10,8,545,3,1,1,1.0,5.0,78043,M,,,78
201100054611,11,10,10,840,5,1,1,1.0,2.0,92062,M,,,92
201100054612,11,10,11,821,1,1,1,1.0,4.0,78117,M,,,78
201100054613,11,10,11,1750,5,1,9,1.0,2.0,92050,M,,,92
201100054614,11,10,11,2218,3,1,1,1.0,2.0,78238,M,,,78
201100054615,11,10,12,2220,3,1,1,1.0,2.0,78158,M,,,78
201100054616,11,10,13,730,3,1,1,2.0,3.0,92047,M,,,92
201100054617,11,10,13,1750,1,1,1,1.0,5.0,92025,M,,,92
201100054618,11,10,14,1750,1,1,1,1.0,5.0,92025,M,,,92
201100054619,11,10,15,1950,5,1,1,1.0,4.0,78158,M,,,78
201100054620,11,10,15,2040,5,1,1,1.0,3.0,78362,M,,,78
201100054621,11,10,16,1900,2,1,1,1.0,6.0,78073,M,,,78
201100054622,11,10,17,35,3,1,1,1.0,7.0,92072,M,,,92
201100054623,11,10,17,755,2,1,1,1.0,3.0,78242,M,,,78
201100054624,11,10,17,945,1,1,1,1.0,2.0,92050,M,,,92
201100054625,11,10,17,1750,1,1,1,1.0,3.0,78242,M,,,78
201100054626,11,10,17,2200,3,1,1,1.0,2.0,78423,M,,,78
201100054627,11,10,18,1240,1,1,1,8.0,4.0,92012,M,,,92
201100054628,11,10,18,1508,1,1,1,2.0,7.0,78545,M,,,78
201100054629,11,10,18,2045,3,1,1,2.0,3.0,92025,M,,,92
201100054630,11,10,20,932,1,1,1,1.0,2.0,78217,M,,,78
201100054631,11,10,18,2235,5,1,1,2.0,7.0,92064,M,,,92
201100054632,11,10,19,935,3,1,1,8.0,6.0,78043,M,,,78
201100054633,11,10,19,810,4,1,1,8.0,3.0,92050,M,,,92
201100054634,11,10,20,1,5,1,1,8.0,2.0,78640,M,,,78
201100054635,11,10,21,2140,3,1,1,1.0,3.0,78029,M,,,78
201100054636,11,10,22,1600,1,1,1,1.0,7.0,78126,M,,,78
201100054637,11,10,22,1945,3,1,1,1.0,2.0,78126,M,,,78
201100054638,11,10,25,130,5,1,1,2.0,6.0,75116,M,,,75
201100054639,11,10,25,1100,1,1,1,1.0,7.0,92072,M,,,92
201100054640,11,10,25,1810,1,1,1,1.0,5.0,92025,M,,,92
201100054641,11,10,26,1010,1,1,1,1.0,2.0,92036,M,,,92
201100054642,11,10,27,600,5,1,1,1.0,7.0,92050,M,,,92
201100054643,11,10,28,720,5,1,1,1.0,2.0,78431,M,,,78
201100054644,11,10,28,910,1,1,1,1.0,2.0,92036,M,,,92
201100054645,11,10,28,1700,1,1,1,1.0,4.0,78043,M,,,78
201100054646,11,10,28,1745,1,1,1,1.0,5.0,92048,M,,,92
201100054647,11,10,29,1810,1,1,1,1.0,6.0,78646,M,,,78
201100054648,11,10,31,1600,1,1,1,1.0,3.0,75116,M,,,75
201100054649,11,11,2,840,1,1,4,5.0,7.0,75116,M,,,75
201100054650,11,11,2,1630,1,1,1,1.0,2.0,78291,M,,,78
201100054651,11,11,2,1710,2,1,1,1.0,5.0,78640,M,,,78
201100054652,11,11,2,1900,5,1,1,1.0,4.0,92076,M,,,92
201100054653,11,11,3,1530,1,1,1,2.0,4.0,78165,M,,,78
201100054654,11,11,3,2220,5,1,1,3.0,7.0,92047,M,,,92
201100054655,11,11,3,2240,3,1,1,2.0,2.0,78029,M,,,78
201100054656,11,11,7,645,3,1,1,1.0,4.0,92025,M,,,92
201100054657,11,11,7,740,2,1,1,8.0,7.0,78090,M,,,78
201100054658,11,11,7,1000,1,1,1,1.0,6.0,78362,M,,,78
201100054659,11,11,8,750,1,1,1,2.0,5.0,78362,M,,,78
201100054660,11,11,8,1200,1,1,1,2.0,7.0,78217,M,,,78
201100054661,11,11,8,2000,5,1,1,1.0,7.0,92050,M,,,92
201100054662,11,11,9,1200,1,1,1,1.0,4.0,92076,M,,,92
201100054663,11,11,10,827,1,1,1,1.0,2.0,78640,M,,,78
201100054664,11,11,11,630,5,1,1,1.0,6.0,78524,M,,,78
201100054665,11,11,12,750,2,1,1,8.0,2.0,78431,M,,,78
201100054666,11,11,12,1445,1,1,1,1.0,4.0,78524,M,,,78
201100054667,11,11,13,940,1,1,1,1.0,2.0,92064,M,,,92
201100054668,11,11,13,1235,1,1,1,1.0,6.0,78291,M,,,78
201100054669,11,11,14,1730,3,1,1,1.0,4.0,78043,M,,,78
201100054670,11,11,14,2145,5,1,1,1.0,3.0,92051,M,,,92
201100054671,11,11,16,545,3,1,1,5.0,6.0,78291,M,,,78
201100054672,11,11,16,845,2,1,1,5.0,5.0,92036,M,,,92
201100054673,11,11,18,1835,3,1,1,9.0,2.0,92025,M,,,92
201100054674,11,11,17,2010,3,1,1,1.0,5.0,92036,M,,,92
201100054675,11,11,18,938,1,1,1,1.0,2.0,92050,M,,,92
201100054676,11,11,21,1610,1,1,1,1.0,6.0,78431,M,,,78
201100054677,11,11,22,810,1,1,1,1.0,2.0,78640,M,,,78
201100054678,11,11,22,840,2,1,1,5.0,2.0,78029,M,,,78
201100054679,11,11,22,1755,3,1,1,1.0,3.0,75116,M,,,75
201100054680,11,11,23,620,3,1,1,5.0,5.0,78466,M,,,78
201100054681,11,11,23,740,2,1,1,1.0,3.0,92050,M,,,92
201100054682,11,11,17,1940,2,1,1,1.0,5.0,92050,M,,,92
201100054683,11,11,24,900,1,1,1,8.0,2.0,78242,M,,,78
201100054684,11,11,25,1850,5,1,1,1.0,5.0,92050,M,,,92
201100054685,11,11,25,2300,3,1,1,5.0,6.0,78043,M,,,78
201100054686,11,11,29,945,1,1,1,1.0,2.0,92047,M,,,92
201100054687,11,11,29,1915,3,1,1,8.0,3.0,92048,M,,,92
201100054688,11,11,30,1940,3,1,1,1.0,6.0,78640,M,,,78
201100054689,11,12,1,1600,1,1,1,2.0,3.0,78043,M,,,78
201100054690,11,12,1,1947,3,1,1,2.0,1.0,78217,M,,,78
201100054691,11,12,2,1645,2,1,1,1.0,7.0,78206,M,,,78
201100054692,11,12,2,1808,3,1,1,1.0,3.0,78423,M,,,78
201100054693,11,12,3,320,3,1,1,2.0,6.0,78206,M,,,78
201100054694,11,12,3,1900,5,1,1,2.0,5.0,92064,M,,,92
201100054695,11,12,3,2150,3,1,1,2.0,7.0,78165,M,,,78
201100054696,11,12,4,115,5,1,1,2.0,3.0,78640,M,,,78
201100054697,11,12,5,10,4,1,1,2.0,6.0,92025,M,,,92
201100054698,11,12,5,900,1,1,1,2.0,2.0,78362,M,,,78
201100054699,11,12,6,1105,1,1,1,1.0,2.0,92048,M,,,92
201100054700,11,12,7,1630,1,1,1,2.0,6.0,92048,M,,,92
201100054701,11,12,7,1718,5,1,1,8.0,5.0,78545,M,,,78
201100054702,11,12,7,1940,4,1,1,2.0,2.0,78646,M,,,78
201100054703,11,12,8,814,1,1,1,8.0,7.0,78206,M,,,78
201100054704,11,12,8,1205,1,1,1,8.0,2.0,92064,M,,,92
201100054705,11,12,9,235,3,1,1,1.0,6.0,78498,M,,,78
201100054706,11,12,9,1438,1,1,1,2.0,2.0,92050,M,,,92
201100054707,11,12,9,1735,3,1,1,1.0,2.0,92048,M,,,92
201100054708,11,12,10,30,5,1,1,1.0,7.0,92063,M,,,92
201100054709,11,12,10,440,3,1,1,1.0,6.0,78043,M,,,78
201100054710,11,12,11,146,3,1,1,1.0,5.0,78090,M,,,78
201100054711,11,12,12,502,5,1,1,2.0,6.0,78291,M,,,78
201100054712,11,12,12,520,3,1,1,1.0,5.0,92036,M,,,92
201100054713,11,12,12,835,1,1,1,2.0,5.0,78140,M,,,78
201100054714,11,12,12,1536,1,1,1,1.0,5.0,92025,M,,,92
201100054715,11,12,12,1715,3,1,1,1.0,6.0,78545,M,,,78
201100054716,11,12,13,405,3,1,1,1.0,6.0,92036,M,,,92
201100054717,11,12,12,2005,3,1,1,1.0,3.0,78217,M,,,78
201100054718,11,12,13,1311,1,1,1,1.0,6.0,78466,M,,,78
201100054719,11,12,14,640,4,1,1,1.0,2.0,92047,M,,,92
201100054720,11,12,14,2350,3,1,1,1.0,4.0,92036,M,,,92
201100054721,11,12,15,825,2,1,1,1.0,6.0,78524,M,,,78
201100054722,11,12,16,920,1,1,1,2.0,6.0,92047,M,,,92
201100054723,11,12,16,1240,1,1,1,2.0,6.0,78396,M,,,78
201100054724,11,12,16,2000,3,1,1,2.0,3.0,92023,M,,,92
201100054725,11,12,18,725,5,1,1,1.0,6.0,78545,M,,,78
201100054726,11,12,18,1030,1,1,1,8.0,5.0,92063,M,,,92
201100054727,11,12,19,550,3,1,1,5.0,2.0,78291,M,,,78
201100054728,11,12,19,845,1,1,1,9.0,7.0,92072,M,,,92
201100054729,11,12,19,1155,1,1,1,8.0,2.0,78073,M,,,78
201100054730,11,12,19,1250,1,1,1,1.0,2.0,78498,M,,,78
201100054731,11,12,20,915,1,1,1,8.0,2.0,78423,M,,,78
201100054732,11,12,20,1410,1,1,1,1.0,6.0,78073,M,,,78
201100054733,11,12,21,945,1,1,1,2.0,7.0,92051,M,,,92
201100054734,11,12,21,1230,1,1,1,2.0,4.0,92048,M,,,92
201100054735,11,12,23,2205,5,1,1,1.0,6.0,92050,M,,,92
201100054736,11,12,25,2300,4,1,1,1.0,2.0,92062,M,,,92
201100054737,11,12,26,1045,1,1,1,1.0,2.0,78007,M,,,78
201100054738,11,12,26,2330,5,1,1,1.0,7.0,92050,M,,,92
201100054739,11,12,27,1145,1,1,1,1.0,2.0,78007,M,,,78
201100054740,11,12,28,225,3,1,1,1.0,2.0,78217,M,,,78
201100054741,11,12,29,1235,1,1,1,1.0,4.0,92036,M,,,92
201100054742,11,12,29,1350,1,1,1,1.0,7.0,78490,M,,,78
201100054743,11,12,29,1905,5,1,1,1.0,3.0,78362,M,,,78
201100054744,11,12,30,20,5,1,1,2.0,6.0,78423,M,,,78
201100054745,11,12,31,600,4,1,1,2.0,7.0,92025,M,,,92
201100054746,11,1,1,410,5,1,1,1.0,4.0,91161,M,,,91
201100054747,11,1,1,715,5,1,1,1.0,3.0,94038,M,4878790.0,234453.0,94
201100054748,11,1,1,1920,3,1,1,2.0,6.0,91589,M,,,91
201100054749,11,1,2,1930,3,1,1,2.0,2.0,91589,M,,,91
201100054750,11,1,4,845,1,1,1,8.0,2.0,94076,M,4879450.0,234524.0,94
201100054751,11,1,6,400,3,1,1,2.0,5.0,91174,M,,,91
201100054752,11,1,6,535,3,1,1,2.0,6.0,91037,M,,,91
201100054753,11,1,6,915,1,1,1,2.0,2.0,91377,M,,,91
201100054754,11,1,7,1929,3,1,1,1.0,2.0,91617,M,,,91
201100054755,11,1,7,2222,3,1,1,2.0,6.0,91471,M,,,91
201100054756,11,1,7,2251,5,1,1,8.0,7.0,94037,M,4881470.0,233618.0,94
201100054757,11,1,7,2320,5,1,1,2.0,2.0,94034,M,4875890.0,232408.0,94
201100054758,11,1,8,2135,3,1,1,2.0,7.0,91689,M,,,91
201100054759,11,1,10,1930,3,1,1,1.0,4.0,91182,M,,,91
201100054760,11,1,11,907,2,1,1,8.0,3.0,91589,M,,,91
201100054761,11,1,11,1550,1,1,1,2.0,6.0,77495,M,,,77
201100054762,11,1,11,1745,3,1,1,1.0,2.0,91434,M,,,91
201100054763,11,1,12,2335,5,1,1,1.0,6.0,91340,M,,,91
201100054764,11,1,12,1008,1,1,1,2.0,6.0,91161,M,,,91
201100054765,11,1,13,1220,1,1,1,2.0,3.0,91477,M,,,91
201100054766,11,1,12,1605,1,1,1,2.0,6.0,91521,M,,,91
201100054767,11,1,12,1657,1,1,1,8.0,2.0,91471,M,,,91
201100054768,11,1,13,702,3,1,1,1.0,3.0,77495,M,,,77
201100054769,11,1,13,2018,3,1,1,1.0,7.0,94043,M,4880880.0,234815.0,94
201100054770,11,1,15,412,3,1,1,1.0,2.0,91692,M,,,91
201100054771,11,1,17,550,3,1,1,5.0,6.0,91689,M,,,91
201100054772,11,1,17,1045,1,1,1,1.0,4.0,91064,M,,,91
201100054773,11,1,17,1410,1,1,1,8.0,4.0,91174,M,,,91
201100054774,11,1,17,2030,3,1,1,1.0,6.0,91645,M,,,91
201100054775,11,1,18,440,3,1,1,1.0,2.0,91161,M,,,91
201100054776,11,1,19,2018,3,1,1,1.0,2.0,91161,M,,,91
201100054777,11,1,19,2145,3,1,1,1.0,3.0,91661,M,,,91
201100054778,11,1,20,631,3,1,1,1.0,5.0,91179,M,,,91
201100054779,11,1,20,850,1,1,1,1.0,3.0,94076,M,4879070.0,234426.0,94
201100054780,11,1,22,635,2,1,1,1.0,7.0,94034,M,4876180.0,231501.0,94
201100054781,11,1,22,820,1,1,1,1.0,6.0,91182,M,,,91
201100054782,11,1,23,1142,1,1,1,1.0,7.0,91521,M,,,91
201100054783,11,1,23,1541,1,1,1,8.0,7.0,91086,M,,,91
201100054784,11,1,25,2233,3,1,1,1.0,7.0,91377,M,,,91
201100054785,11,1,25,1305,1,1,1,1.0,2.0,77251,M,,,77
201100054786,11,1,26,815,1,1,1,2.0,2.0,91589,M,,,91
201100054787,11,1,27,720,1,1,1,8.0,7.0,94043,M,4881580.0,235639.0,94
201100054788,11,1,27,947,1,1,1,1.0,7.0,91589,M,,,91
201100054789,11,1,27,1034,1,1,1,1.0,4.0,91174,M,,,91
201100054790,11,1,27,1306,1,1,1,1.0,7.0,94043,M,4881580.0,235639.0,94
201100054791,11,1,27,1549,1,1,1,8.0,3.0,91471,M,,,91
201100054792,11,1,27,1741,3,1,1,1.0,2.0,92002,M,4872960.0,230708.0,92
201100054793,11,1,29,1157,1,1,1,1.0,4.0,91553,M,,,91
201100054794,11,1,31,540,3,1,1,1.0,5.0,91589,M,,,91
201100054795,11,1,30,1603,1,1,1,1.0,6.0,91086,M,,,91
201100054796,11,1,31,1335,1,1,1,1.0,7.0,91347,M,,,91
201100054797,11,2,1,1345,1,1,1,1.0,6.0,77251,M,,,77
201100054798,11,2,3,1130,1,1,1,8.0,6.0,91521,M,,,91
201100054799,11,2,3,1815,5,1,1,1.0,7.0,94037,M,4881560.0,233657.0,94
201100054800,11,2,4,650,3,1,1,1.0,3.0,91549,M,,,91
201100054801,11,2,4,833,1,1,1,1.0,2.0,91471,M,,,91
201100054802,11,2,4,1829,5,1,1,1.0,3.0,94003,M,4880210.0,234178.0,94
201100054803,11,2,5,546,4,1,1,1.0,7.0,94021,M,4877090.0,234476.0,94
201100054804,11,2,5,1520,1,1,1,1.0,2.0,94038,M,4878730.0,234531.0,94
201100054805,11,2,7,600,3,1,1,1.0,2.0,94034,M,4875610.0,233437.0,94
201100054806,11,2,7,755,1,1,1,5.0,6.0,91174,M,,,91
201100054807,11,2,7,1335,1,1,1,1.0,5.0,91687,M,,,91
201100054808,11,2,8,816,2,1,1,2.0,2.0,91345,M,,,91
201100054809,11,2,10,720,3,1,1,8.0,6.0,77495,M,,,77
201100054810,11,2,11,740,1,1,1,1.0,2.0,94003,M,4879870.0,234393.0,94
201100054811,11,2,11,840,1,1,1,1.0,3.0,91692,M,,,91
201100054812,11,2,24,1115,1,1,1,7.0,2.0,94021,M,4876320.0,234382.0,94
201100054813,11,2,11,1448,1,1,1,7.0,4.0,91689,M,,,91
201100054814,11,2,12,1748,1,1,1,1.0,2.0,91661,M,,,91
201100054815,11,2,12,1907,2,1,1,8.0,2.0,91534,M,,,91
201100054816,11,2,13,1913,5,1,1,1.0,3.0,94037,M,4881560.0,233657.0,94
201100054817,11,2,13,1005,1,1,1,1.0,6.0,91182,M,,,91
201100054818,11,2,14,2357,3,1,1,8.0,7.0,91064,M,,,91
201100054819,11,2,17,10,5,1,1,1.0,5.0,94003,M,4879970.0,234217.0,94
201100054820,11,2,17,805,1,1,1,1.0,3.0,91689,M,,,91
201100054821,11,2,17,1746,1,1,1,1.0,7.0,91589,M,,,91
201100054822,11,2,17,1841,3,1,1,1.0,2.0,91340,M,,,91