Num_Acc,an,mois,jour,hrmn,lum,agg,int,atm,col,com,gps,lat,long,dep
201100054823,11,2,19,1215,1,1,1,2.0,2.0,94038,M,4878720.0,234533.0,94
201100054824,11,2,19,1306,1,1,1,2.0,3.0,91521,M,,,91
201100054825,11,2,19,1310,1,1,1,2.0,6.0,91136,M,,,91
201100054826,11,2,19,1400,1,1,1,8.0,6.0,91521,M,,,91
201100054827,11,2,19,2035,3,1,1,8.0,2.0,91347,M,,,91
201100054828,11,2,20,134,3,1,1,2.0,5.0,91692,M,,,91
201100054829,11,2,20,947,1,1,1,8.0,6.0,91521,M,,,91
201100054830,11,2,21,1730,1,1,1,1.0,6.0,91589,M,,,91
201100054831,11,2,22,850,5,1,1,1.0,4.0,92002,M,4876350.0,230730.0,92
201100054832,11,2,23,905,1,1,1,1.0,3.0,91689,M,,,91
201100054833,11,2,23,930,1,1,1,1.0,2.0,91549,M,,,91
201100054834,11,2,24,730,1,1,1,1.0,3.0,91286,M,,,91
201100054835,11,2,25,845,1,1,1,1.0,4.0,91553,M,,,91
201100054836,11,2,25,1703,1,1,1,1.0,6.0,91617,M,,,91
201100054837,11,2,25,2028,5,1,1,1.0,2.0,94038,M,4878950.0,234426.0,94
201100054838,11,2,26,1102,1,1,1,1.0,7.0,91471,M,,,91
201100054839,11,2,26,1741,1,1,1,1.0,5.0,91174,M,,,91
201100054840,11,2,26,2217,3,1,1,2.0,6.0,91617,M,,,91
201100054841,11,2,28,1930,3,1,1,1.0,6.0,91340,M,,,91
201100054842,11,3,2,1007,1,1,1,1.0,2.0,94076,M,4879540.0,234433.0,94
201100054843,11,3,3,746,2,1,1,1.0,2.0,91235,M,,,91
201100054844,11,3,3,732,1,1,1,1.0,2.0,92002,M,4876060.0,229190.0,92
201100054845,11,3,3,846,1,1,1,1.0,4.0,94065,M,4875500.0,235093.0,94
201100054846,11,3,3,1513,1,1,1,1.0,4.0,91617,M,,,91
201100054847,11,3,3,1651,1,1,1,1.0,2.0,91434,M,,,91
201100054848,11,3,4,13,5,1,1,1.0,6.0,94038,M,4878700.0,234522.0,94
201100054849,11,3,4,1510,1,1,1,1.0,3.0,91182,M,,,91
201100054850,11,3,4,1520,1,1,1,1.0,4.0,91553,M,,,91
201100054851,11,3,1,1756,1,1,1,1.0,3.0,91182,M,,,91
201100054852,11,3,5,1345,1,1,1,1.0,2.0,91161,M,,,91
201100054853,11,3,5,1920,4,1,1,1.0,6.0,91589,M,,,91
201100054854,11,3,6,750,1,1,1,1.0,2.0,91161,M,,,91
201100054855,11,3,7,724,2,1,1,1.0,3.0,94021,M,4877030.0,234528.0,94
201100054856,11,3,7,1320,1,1,1,1.0,2.0,91553,M,,,91
201100054857,11,3,7,1642,1,1,1,1.0,7.0,91086,M,,,91
201100054858,11,3,7,1652,1,1,1,1.0,6.0,77251,M,,,77
201100054859,11,3,7,1855,2,1,1,2.0,2.0,91471,M,,,91
201100054860,11,3,8,1115,1,1,1,1.0,2.0,91363,M,,,91
201100054861,11,3,8,1702,1,1,1,1.0,2.0,91235,M,,,91
201100054862,11,3,8,1750,1,1,1,1.0,2.0,91340,M,,,91
201100054863,11,3,8,1905,2,1,1,1.0,3.0,94003,M,4881210.0,233694.0,94
201100054864,11,3,8,2110,3,1,1,1.0,7.0,91589,M,,,91
201100054865,11,3,9,711,1,1,1,1.0,6.0,91553,M,,,91
201100054866,11,3,9,909,1,1,1,1.0,2.0,91553,M,,,91
201100054867,11,3,9,1750,2,1,1,1.0,2.0,91521,M,,,91
201100054868,11,3,10,821,1,1,1,1.0,5.0,91659,M,,,91
201100054869,11,3,10,1315,1,1,1,1.0,6.0,91689,M,,,91
201100054870,11,3,10,1942,3,1,1,1.0,4.0,91174,M,,,91
201100054871,11,3,11,640,1,1,1,2.0,2.0,94003,M,4879850.0,234316.0,94
201100054872,11,3,11,1330,1,1,1,1.0,7.0,94038,M,4878720.0,234533.0,94
201100054873,11,3,11,2315,5,1,1,1.0,3.0,94043,M,4881350.0,235448.0,94
201100054874,11,3,12,2010,3,1,1,1.0,1.0,91312,M,,,91
201100054875,11,3,13,2115,5,1,1,1.0,7.0,91161,M,,,91
201100054876,11,3,14,1645,1,1,1,1.0,6.0,91136,M,,,91
201100054877,11,3,14,1800,1,1,1,1.0,2.0,91174,M,,,91
201100054878,11,3,14,1850,1,1,1,1.0,3.0,91161,M,,,91
201100054879,11,3,15,720,2,1,1,1.0,2.0,91086,M,,,91
201100054880,11,3,15,950,1,1,1,1.0,7.0,92002,M,4876350.0,230722.0,92
201100054881,11,3,15,1402,1,1,1,1.0,7.0,91553,M,,,91
201100054882,11,3,17,1345,1,1,1,8.0,6.0,91689,M,,,91
201100054883,11,3,18,23,3,1,1,8.0,2.0,91553,M,,,91
201100054884,11,3,18,1800,1,1,4,2.0,6.0,91312,M,,,91
201100054885,11,3,19,630,3,1,1,1.0,7.0,94038,M,4878770.0,234488.0,94
201100054886,11,3,20,1804,1,1,1,1.0,7.0,91347,M,,,91
201100054887,11,3,21,1558,1,1,1,1.0,7.0,91377,M,,,91
201100054888,11,3,21,1643,1,1,1,1.0,2.0,91521,M,,,91
201100054889,11,3,21,1732,1,1,1,1.0,5.0,91064,M,,,91
201100054890,11,3,21,1814,1,1,1,1.0,3.0,94038,M,4878970.0,234471.0,94
201100054891,11,3,22,852,1,1,1,1.0,3.0,91363,M,,,91
201100054892,11,3,22,1448,1,1,1,1.0,5.0,94034,M,4875540.0,233328.0,94
201100054893,11,3,23,1745,1,1,1,1.0,5.0,91477,M,,,91
201100054894,11,3,23,2040,3,1,1,1.0,2.0,92019,M,4876060.0,229243.0,92
201100054895,11,3,24,710,1,1,1,1.0,3.0,91286,M,,,91
201100054896,11,3,24,908,1,1,1,1.0,2.0,91340,M,,,91
201100054897,11,3,24,1027,1,1,1,1.0,3.0,94016,M,4879680.0,234448.0,94
201100054898,11,3,25,725,1,1,1,1.0,4.0,91553,M,,,91
201100054899,11,3,25,1557,1,1,1,7.0,5.0,91689,M,,,91
201100054900,11,3,25,2015,3,1,1,1.0,5.0,91549,M,,,91
201100054901,11,3,27,501,3,1,1,1.0,6.0,91136,M,,,91
201100054902,11,3,27,803,1,1,1,1.0,2.0,91432,M,,,91
201100054903,11,3,28,810,1,1,1,7.0,2.0,94038,M,4878810.0,234491.0,94
201100054904,11,3,28,841,1,1,1,1.0,2.0,91570,M,,,91
201100054905,11,3,29,1330,1,1,1,1.0,7.0,91521,M,,,91
201100054906,11,3,30,1207,1,1,1,1.0,2.0,94034,M,4875680.0,233511.0,94
201100054907,11,3,31,815,1,1,1,2.0,2.0,91689,M,,,91
201100054908,11,4,1,30,3,1,1,1.0,6.0,91689,M,,,91
201100054909,11,4,1,52,3,1,1,1.0,6.0,91471,M,,,91
201100054910,11,4,1,1905,1,1,1,1.0,3.0,94034,M,4875100.0,232904.0,94
201100054911,11,4,2,1855,1,1,1,1.0,7.0,94043,M,4881230.0,235243.0,94
201100054912,11,4,3,2243,3,1,1,8.0,6.0,91471,M,,,91
201100054913,11,4,4,1745,1,1,1,1.0,2.0,94065,M,4875480.0,234757.0,94
201100054914,11,4,5,857,1,1,1,1.0,3.0,91521,M,,,91
201100054915,11,4,5,2020,2,1,1,1.0,7.0,92019,M,4876180.0,225026.0,92
201100054916,11,4,6,1340,1,1,1,7.0,2.0,94034,M,4875590.0,234197.0,94
201100054917,11,4,6,1612,1,1,1,1.0,2.0,91553,M,,,91
201100054918,11,4,6,2022,1,1,1,1.0,2.0,94034,M,4875740.0,232877.0,94
201100054919,11,4,7,2147,3,1,9,1.0,5.0,77251,M,,,77
201100054920,11,4,7,840,1,1,1,1.0,3.0,94043,M,4881430.0,235539.0,94
201100054921,11,4,8,204,5,1,1,1.0,2.0,94076,M,4879150.0,234405.0,94
201100054922,11,4,8,251,3,1,1,1.0,2.0,91363,M,,,91
201100054923,11,4,8,829,1,1,1,1.0,2.0,91521,M,,,91
201100054924,11,4,9,553,5,1,1,1.0,2.0,91340,M,,,91
201100054925,11,4,9,1834,1,1,1,1.0,6.0,91468,M,,,91
201100054926,11,4,11,1915,1,1,1,1.0,2.0,94043,M,4880880.0,234815.0,94
201100054927,11,4,11,2100,5,1,1,1.0,2.0,94038,M,4879010.0,234388.0,94
201100054928,11,4,12,700,1,1,1,1.0,5.0,94034,M,4875530.0,234255.0,94
201100054929,11,4,12,810,1,1,1,1.0,2.0,91692,M,,,91
201100054930,11,4,12,945,1,1,1,1.0,2.0,94034,M,4875590.0,234193.0,94
201100054931,11,4,14,1616,1,1,1,1.0,5.0,92002,M,4873190.0,231027.0,92
201100054932,11,4,15,1938,1,1,1,1.0,3.0,91689,M,,,91
201100054933,11,4,16,2,3,1,1,1.0,2.0,91161,M,,,91
201100054934,11,4,16,34,5,1,1,1.0,6.0,91347,M,,,91
201100054935,11,4,16,1900,1,1,1,1.0,7.0,94076,M,4878730.0,234589.0,94
201100054936,11,4,18,1919,1,1,1,1.0,4.0,91689,M,,,91
201100054937,11,4,18,2345,5,1,1,1.0,2.0,94038,M,4878940.0,234409.0,94
201100054938,11,4,19,1706,1,1,1,1.0,2.0,91617,M,,,91
201100054939,11,4,19,1706,1,1,1,1.0,2.0,91174,M,,,91
201100054940,11,4,19,1923,1,1,1,1.0,3.0,91521,M,,,91
201100054941,11,4,20,929,1,1,1,1.0,2.0,91617,M,,,91
201100054942,11,4,20,1738,1,1,1,1.0,3.0,91339,M,,,91
201100054943,11,4,21,1814,1,1,1,1.0,4.0,91689,M,,,91
201100054944,11,4,22,1243,1,1,1,1.0,6.0,91340,M,,,91
201100054945,11,4,22,1800,1,1,1,1.0,3.0,91174,M,,,91
201100054946,11,4,22,1815,1,1,1,1.0,2.0,91363,M,,,91
201100054947,11,4,22,1945,1,1,1,1.0,4.0,91689,M,,,91
201100054948,11,4,23,1852,1,1,1,1.0,7.0,94043,M,4881580.0,235640.0,94
201100054949,11,4,24,1625,1,1,1,1.0,3.0,91589,M,,,91
201100054950,11,4,24,1940,1,1,1,1.0,4.0,91174,M,,,91
201100054951,11,4,25,1456,1,1,1,7.0,3.0,91037,M,,,91
201100054952,11,4,28,1910,1,1,1,2.0,5.0,91228,M,,,91
201100054953,11,4,28,2050,5,1,1,1.0,3.0,91161,M,,,91
201100054954,11,4,29,650,1,1,1,1.0,5.0,92002,M,4873090.0,230905.0,92
201100054955,11,4,29,2020,1,1,1,1.0,7.0,94021,M,4876590.0,234337.0,94
201100054956,11,4,30,1059,1,1,1,1.0,5.0,92019,M,,,92
201100054957,11,4,30,1150,1,1,1,1.0,2.0,91312,M,,,91
201100054958,11,4,30,1457,1,1,1,1.0,5.0,94038,M,4879040.0,234452.0,94
201100054959,11,5,1,655,1,1,1,1.0,2.0,91363,M,,,91
201100054960,11,5,3,806,1,1,1,1.0,3.0,91136,M,,,91
201100054961,11,5,3,1911,1,1,1,1.0,4.0,91161,M,,,91
201100054962,11,5,5,720,1,1,1,1.0,3.0,91689,M,,,91
201100054963,11,5,5,1318,1,1,1,1.0,6.0,91161,M,,,91
201100054964,11,5,5,1430,1,1,1,1.0,6.0,91549,M,,,91
201100054965,11,5,5,1423,1,1,1,1.0,3.0,75013,M,,,75
201100054966,11,5,6,1756,1,1,1,1.0,5.0,91136,M,,,91
201100054967,11,5,7,241,3,1,1,1.0,6.0,91179,M,,,91
201100054968,11,5,8,1438,1,1,1,1.0,7.0,91161,M,,,91
201100054969,11,5,9,1300,1,1,1,1.0,7.0,91064,M,,,91
201100054970,11,5,10,2005,1,1,1,1.0,5.0,91182,M,,,91
201100054971,11,5,11,1830,1,1,1,1.0,5.0,91136,M,,,91
201100054972,11,5,12,1410,1,1,1,1.0,4.0,91161,M,,,91
201100054973,11,5,13,820,1,1,1,1.0,6.0,92002,M,,,92
201100054974,11,5,13,900,1,1,1,1.0,5.0,91471,M,,,91
201100054975,11,5,13,1155,1,1,1,1.0,6.0,94003,M,4881210.0,233694.0,94
201100054976,11,5,13,1150,1,1,1,1.0,2.0,91182,M,,,91
201100054977,11,5,13,1732,1,1,1,1.0,2.0,91521,M,,,91
201100054978,11,5,13,1930,1,1,1,1.0,5.0,91553,M,,,91
201100054979,11,5,14,1941,1,1,1,1.0,2.0,94034,M,4876160.0,231558.0,94
201100054980,11,5,15,706,1,1,1,1.0,7.0,91161,M,,,91
201100054981,11,5,15,2200,2,1,1,1.0,3.0,91617,M,,,91
201100054982,11,5,16,920,1,1,1,1.0,3.0,94076,M,4878720.0,234592.0,94
201100054983,11,5,16,2030,1,1,1,1.0,2.0,94043,M,4881580.0,235648.0,94
201100054984,11,5,17,1600,1,1,1,1.0,4.0,91161,M,,,91
201100054985,11,5,18,815,1,1,1,1.0,5.0,91345,M,,,91
201100054986,11,5,18,1605,1,1,1,1.0,6.0,94076,M,4879740.0,234437.0,94
201100054987,11,5,19,1015,1,1,1,1.0,4.0,91553,M,,,91
201100054988,11,5,20,1714,1,1,1,1.0,2.0,91661,M,,,91
201100054989,11,5,21,417,5,1,1,1.0,7.0,75013,M,,,75
201100054990,11,5,21,1825,1,1,1,1.0,5.0,94034,M,4876200.0,231470.0,94
201100054991,11,5,22,2312,3,1,1,1.0,7.0,91174,M,,,91
201100054992,11,5,23,18,5,1,1,1.0,7.0,91377,M,,,91
201100054993,11,5,24,1359,1,1,1,7.0,3.0,92002,M,4876280.0,231146.0,92
201100054994,11,5,25,1613,1,1,1,7.0,3.0,94038,M,4878970.0,234471.0,94
201100054995,11,5,25,1850,1,1,1,1.0,5.0,91103,M,,,91
201100054996,11,5,25,1958,1,1,1,1.0,4.0,94003,M,4880130.0,234368.0,94
201100054997,11,5,26,1757,1,1,1,1.0,3.0,91174,M,,,91
201100054998,11,5,27,1733,1,1,1,1.0,2.0,92002,M,4876220.0,231341.0,92
201100054999,11,5,29,845,2,1,1,1.0,6.0,91589,M,,,91
201100055000,11,6,2,1642,1,1,1,1.0,7.0,77251,M,,,77
201100055001,11,6,2,2030,1,1,1,1.0,2.0,91340,M,,,91
201100055002,11,6,2,2206,3,1,1,1.0,6.0,91617,M,,,91
201100055003,11,6,3,1220,1,1,1,1.0,7.0,94043,M,4881510.0,235582.0,94
201100055004,11,6,3,1330,1,1,1,1.0,7.0,91617,M,,,91
201100055005,11,6,4,131,5,1,1,1.0,7.0,94038,M,4879040.0,234405.0,94
201100055006,11,6,5,1115,1,1,1,1.0,3.0,94003,M,4880180.0,234366.0,94
201100055007,11,6,5,1856,1,1,1,1.0,3.0,91692,M,,,91
201100055008,11,6,7,145,5,1,1,1.0,7.0,75013,M,,,75
201100055009,11,6,7,803,1,1,1,2.0,6.0,91179,M,,,91
201100055010,11,6,7,832,1,1,1,2.0,3.0,91549,M,,,91
201100055011,11,6,7,1115,1,1,1,2.0,3.0,91340,M,,,91
201100055012,11,6,7,1221,1,1,1,2.0,3.0,91340,M,,,91
201100055013,11,6,9,907,1,1,1,1.0,5.0,91570,M,,,91
201100055014,11,6,8,1747,1,1,1,1.0,5.0,77251,M,,,77
201100055015,11,6,8,2324,5,1,1,1.0,3.0,94038,M,4878740.0,234482.0,94
201100055016,11,6,9,857,1,1,1,1.0,3.0,91064,M,,,91
201100055017,11,6,9,1745,1,1,1,1.0,2.0,91689,M,,,91
201100055018,11,6,9,1937,1,1,1,1.0,4.0,94038,M,4878760.0,234514.0,94
201100055019,11,6,10,750,1,1,1,1.0,5.0,91235,M,,,91
201100055020,11,6,10,1220,1,1,1,1.0,6.0,91521,M,,,91
201100055021,11,6,10,1525,1,1,1,8.0,2.0,91617,M,,,91
201100055022,11,6,11,1230,1,1,1,1.0,7.0,91235,M,,,91
201100055023,11,6,11,1417,1,1,1,1.0,5.0,91161,M,,,91
201100055024,11,6,11,1517,1,1,1,1.0,2.0,94043,M,4880780.0,234749.0,94
201100055025,11,6,12,515,2,1,1,1.0,2.0,77251,M,,,77
201100055026,11,6,12,715,1,1,1,1.0,2.0,91534,M,,,91
201100055027,11,6,12,1522,1,1,1,1.0,2.0,91377,M,,,91
201100055028,11,6,13,1340,1,1,1,1.0,3.0,94043,M,4881510.0,235580.0,94
201100055029,11,6,13,1515,1,1,1,1.0,5.0,94038,M,4878740.0,234522.0,94
201100055030,11,6,14,800,1,1,1,2.0,4.0,91312,M,,,91
201100055031,11,6,14,900,1,1,1,1.0,3.0,92019,M,,,92
201100055032,11,6,14,1835,1,1,1,1.0,2.0,91521,M,,,91
201100055033,11,6,14,1920,1,1,1,1.0,7.0,94021,M,4876420.0,234360.0,94
201100055034,11,6,15,830,1,1,1,1.0,2.0,94021,M,4876110.0,233956.0,94
201100055035,11,6,15,838,1,1,1,1.0,2.0,91363,M,,,91
201100055036,11,6,15,1014,1,1,1,1.0,6.0,91235,M,,,91
201100055037,11,6,15,1740,1,1,1,1.0,2.0,91432,M,,,91
201100055038,11,6,16,1520,1,1,1,1.0,3.0,91471,M,,,91
201100055039,11,6,17,800,1,1,1,1.0,2.0,94034,M,4875520.0,233350.0,94
201100055040,11,6,17,1856,1,1,1,8.0,3.0,91659,M,,,91
201100055041,11,6,17,2052,1,1,1,1.0,4.0,94003,M,4879850.0,234312.0,94
201100055042,11,6,18,1657,1,1,1,1.0,7.0,94043,M,4880830.0,234769.0,94
201100055043,11,6,19,120,3,1,1,1.0,2.0,91345,M,,,91
201100055044,11,6,19,755,1,1,1,1.0,7.0,94003,M,4880050.0,234376.0,94
201100055045,11,6,19,838,1,1,1,1.0,3.0,91161,M,,,91
201100055046,11,6,19,1910,1,1,1,1.0,4.0,94034,M,4876130.0,231664.0,94
201100055047,11,6,20,930,1,1,1,2.0,2.0,94021,M,4876530.0,234347.0,94
201100055048,11,6,20,1052,1,1,1,1.0,5.0,91182,M,,,91
201100055049,11,6,20,2034,1,1,1,1.0,6.0,77251,M,,,77
201100055050,11,6,21,1022,1,1,1,1.0,7.0,91521,M,,,91
201100055051,11,6,21,2103,2,1,1,1.0,1.0,91549,M,,,91
201100055052,11,6,22,20,5,1,1,1.0,6.0,91235,M,,,91
201100055053,11,6,22,1225,1,1,1,2.0,7.0,94034,M,4876180.0,231546.0,94
201100055054,11,6,22,1715,1,1,1,1.0,7.0,91339,M,,,91
201100055055,11,6,22,1830,1,1,1,1.0,5.0,91434,M,,,91
201100055056,11,6,22,745,1,1,1,1.0,5.0,91286,M,,,91
201100055057,11,6,24,610,1,1,1,1.0,1.0,91312,M,,,91
201100055058,11,6,24,1345,1,1,1,1.0,4.0,94043,M,4880860.0,234825.0,94
201100055059,11,6,24,1845,1,1,1,1.0,3.0,91136,M,,,91
201100055060,11,6,25,2200,3,1,1,1.0,6.0,91136,M,,,91
201100055061,11,6,26,2051,1,1,1,1.0,3.0,91228,M,,,91
201100055062,11,6,27,710,1,1,1,1.0,7.0,94034,M,4875030.0,232842.0,94
201100055063,11,6,27,1715,1,1,1,1.0,3.0,91521,M,,,91
201100055064,11,6,28,1911,1,1,1,1.0,2.0,91689,M,,,91
201100055065,11,6,28,2145,2,1,1,2.0,6.0,91471,M,,,91
201100055066,11,6,29,815,1,1,1,1.0,3.0,91086,M,,,91
201100055067,11,6,29,820,1,1,1,1.0,6.0,91136,M,,,91
201100055068,11,6,29,1350,1,1,1,1.0,7.0,91161,M,,,91
201100055069,11,6,29,1850,1,1,1,1.0,4.0,94043,M,4881230.0,235241.0,94
201100055070,11,6,30,850,1,1,1,1.0,1.0,91617,M,,,91
201100055071,11,6,30,1853,1,1,1,1.0,2.0,91692,M,,,91
201100055072,11,7,1,812,1,1,1,1.0,7.0,91377,M,,,91
201100055073,11,7,1,1550,1,1,1,1.0,5.0,77251,M,,,77
201100055074,11,7,1,1845,1,1,1,1.0,6.0,77251,M,,,77
201100055075,11,7,1,2330,3,1,1,1.0,7.0,91521,M,,,91
201100055076,11,7,2,818,1,1,1,1.0,3.0,91377,M,,,91
201100055077,11,7,2,1911,1,1,1,1.0,3.0,91659,M,,,91
201100055078,11,7,3,1120,1,1,1,1.0,4.0,94043,M,4881290.0,235352.0,94
201100055079,11,7,3,1120,1,1,1,1.0,4.0,91477,M,,,91
201100055080,11,7,4,830,1,1,1,1.0,3.0,91064,M,,,91
201100055081,11,7,5,700,1,1,1,1.0,7.0,91617,M,,,91
201100055082,11,7,5,810,1,1,1,1.0,2.0,94034,M,4875610.0,234079.0,94
201100055083,11,7,5,815,1,1,1,1.0,2.0,91174,M,,,91
201100055084,11,7,5,1815,1,1,1,1.0,2.0,91589,M,,,91
201100055085,11,7,5,2230,3,1,1,2.0,7.0,91064,M,,,91
201100055086,11,7,6,741,1,1,1,1.0,3.0,91521,M,,,91
201100055087,11,7,7,1215,1,1,1,1.0,2.0,94038,M,4878800.0,234551.0,94
201100055088,11,7,7,1232,1,1,1,1.0,7.0,77251,M,,,77
201100055089,11,7,7,1835,1,1,1,1.0,3.0,94021,M,4876480.0,234207.0,94
201100055090,11,7,8,1248,1,1,1,1.0,5.0,92002,M,,,92
201100055091,11,7,8,1626,1,1,1,1.0,2.0,91553,M,,,91
201100055092,11,7,8,1725,1,1,1,1.0,2.0,91589,M,,,91
201100055093,11,7,8,1847,1,1,1,1.0,2.0,91136,M,,,91
201100055094,11,7,9,2257,3,1,1,1.0,6.0,75013,M,,,75
201100055095,11,7,9,2257,3,1,1,1.0,6.0,91434,M,,,91
201100055096,11,7,10,1455,1,1,1,1.0,4.0,91666,M,,,91
201100055097,11,7,11,124,3,1,1,1.0,6.0,91235,M,,,91
201100055098,11,7,12,1035,1,1,1,3.0,7.0,91659,M,,,91
201100055099,11,7,12,1716,1,1,1,1.0,6.0,91553,M,,,91
201100055100,11,7,13,903,1,1,1,2.0,7.0,91161,M,,,91
201100055101,11,7,13,940,1,1,1,2.0,3.0,94034,M,4876150.0,231591.0,94
201100055102,11,7,13,1225,1,1,1,1.0,7.0,94038,M,4878790.0,234453.0,94
201100055103,11,7,13,2121,2,1,1,1.0,2.0,91216,M,,,91
201100055104,11,7,15,255,5,1,1,9.0,2.0,75013,M,,,75
201100055105,11,7,15,2115,1,1,1,1.0,1.0,91161,M,,,91
201100055106,11,7,16,2108,3,1,1,3.0,7.0,92002,M,,,92
201100055107,11,7,17,1903,1,1,1,1.0,7.0,91161,M,,,91
201100055108,11,7,18,920,1,1,1,1.0,7.0,91161,M,,,91
201100055109,11,7,19,745,1,1,1,2.0,2.0,91086,M,,,91
201100055110,11,7,19,945,1,1,1,3.0,3.0,91377,M,,,91
201100055111,11,7,19,1419,1,1,1,3.0,2.0,94021,M,4876660.0,234381.0,94
201100055112,11,7,19,1930,1,1,1,2.0,3.0,91182,M,,,91
201100055113,11,7,19,2015,1,1,1,2.0,6.0,91553,M,,,91
201100055114,11,7,20,940,1,1,1,1.0,3.0,94003,M,4880560.0,234181.0,94
201100055115,11,7,21,1510,1,1,1,2.0,3.0,91377,M,,,91
201100055116,11,7,23,320,3,1,1,1.0,6.0,91161,M,,,91
201100055117,11,7,23,1908,1,1,1,2.0,2.0,91589,M,,,91
201100055118,11,7,23,2137,5,1,1,1.0,6.0,75013,M,,,75
201100055119,11,7,24,450,3,1,1,1.0,2.0,91687,M,,,91
201100055120,11,7,25,1410,1,1,1,1.0,4.0,94003,M,4880060.0,234376.0,94
201100055121,11,7,26,1631,1,1,1,1.0,2.0,91086,M,,,91
201100055122,11,8,1,1458,1,1,1,1.0,5.0,94038,M,4878730.0,234528.0,94
201100055123,11,7,29,1647,1,1,1,1.0,3.0,91477,M,,,91
201100055124,11,7,30,1235,1,1,1,1.0,2.0,94003,M,4880810.0,234026.0,94
201100055125,11,8,1,1703,1,1,1,1.0,2.0,77384,M,,,77
201100055126,11,8,3,1800,1,1,1,1.0,7.0,94003,M,4880490.0,234455.0,94
201100055127,11,8,4,815,1,1,1,1.0,5.0,91182,M,,,91
201100055128,11,8,4,1812,1,1,1,2.0,2.0,94021,M,4876270.0,234099.0,94
201100055129,11,8,5,305,3,1,1,2.0,3.0,91689,M,,,91
201100055130,11,8,5,645,2,1,1,8.0,6.0,91471,M,,,91
201100055131,11,8,6,2014,1,1,1,1.0,6.0,91182,M,,,91
201100055132,11,8,6,2115,3,1,1,2.0,4.0,94021,M,4876110.0,234514.0,94
201100055133,11,8,7,1753,1,1,1,1.0,4.0,91689,M,,,91
201100055134,11,8,8,629,1,1,1,2.0,3.0,91174,M,,,91
201100055135,11,8,8,2355,3,1,1,1.0,6.0,77495,M,,,77
201100055136,11,8,11,1924,1,1,1,1.0,4.0,91689,M,,,91
201100055137,11,8,12,1505,1,1,1,1.0,5.0,94034,M,4875590.0,234186.0,94
201100055138,11,8,12,1846,1,1,1,1.0,4.0,91161,M,,,91
201100055139,11,8,13,211,3,1,1,1.0,6.0,91553,M,,,91
201100055140,11,8,13,831,1,1,1,8.0,3.0,91689,M,,,91
201100055141,11,8,14,1600,1,1,1,1.0,6.0,91689,M,,,91
201100055142,11,8,16,1711,1,1,1,1.0,2.0,91377,M,,,91
201100055143,11,8,17,845,1,1,1,1.0,3.0,91136,M,,,91
201100055144,11,8,22,700,1,1,1,1.0,3.0,91617,M,,,91
201100055145,11,8,23,833,1,1,1,1.0,3.0,91589,M,,,91
201100055146,11,8,23,1740,1,1,1,1.0,7.0,94065,M,4875550.0,234340.0,94
201100055147,11,8,23,1744,1,1,1,1.0,4.0,91161,M,,,91
201100055148,11,8,25,1930,1,1,1,1.0,2.0,91617,M,,,91
201100055149,11,8,26,750,2,1,1,2.0,7.0,92002,M,,,92
201100055150,11,8,29,1617,1,1,1,1.0,6.0,91377,M,,,91
201100055151,11,8,31,1504,1,1,1,1.0,3.0,91689,M,,,91
201100055152,11,8,31,1830,1,1,1,1.0,3.0,75013,M,,,75
201100055153,11,9,1,850,1,1,1,1.0,5.0,91216,M,,,91
201100055154,11,9,1,1311,1,1,1,1.0,6.0,91064,M,,,91
201100055155,11,9,1,1830,1,1,1,1.0,5.0,91689,M,,,91
201100055156,11,9,1,2100,3,1,1,1.0,2.0,91161,M,,,91
201100055157,11,9,1,2030,1,1,1,1.0,7.0,94038,M,,,94
201100055158,11,9,1,2145,3,1,1,1.0,5.0,77296,M,,,77
201100055159,11,9,2,1520,1,1,1,1.0,2.0,94038,M,,,94
201100055160,11,9,2,1820,1,1,1,1.0,2.0,91689,M,,,91
201100055161,11,9,2,1950,2,1,1,1.0,3.0,91347,M,,,91
201100055162,11,9,2,1830,1,1,1,1.0,4.0,91086,M,,,91
201100055163,11,9,3,345,5,1,1,1.0,2.0,94065,M,,,94
201100055164,11,9,3,1403,1,1,1,1.0,2.0,91689,M,,,91
201100055165,11,9,3,1630,1,1,1,1.0,2.0,91136,M,,,91
201100055166,11,9,4,540,5,1,1,3.0,7.0,94043,M,,,94
201100055167,11,9,4,1020,1,1,1,2.0,7.0,94034,M,,,94
201100055168,11,9,4,1315,1,1,1,1.0,6.0,91549,M,,,91
201100055169,11,9,4,2109,3,1,1,1.0,5.0,75013,M,,,75
201100055170,11,9,4,2210,5,1,1,1.0,2.0,94038,M,,,94
201100055171,11,9,6,1542,1,1,1,1.0,3.0,91549,M,,,91
201100055172,11,9,5,1713,1,1,1,1.0,2.0,91235,M,,,91
201100055173,11,9,7,717,1,1,1,7.0,7.0,91286,M,,,91
201100055174,11,9,7,845,1,1,1,1.0,4.0,94065,M,,,94
201100055175,11,9,7,1155,1,1,1,1.0,1.0,91312,M,,,91
201100055176,11,9,7,1710,1,1,1,1.0,4.0,91477,M,,,91
201100055177,11,9,8,755,1,1,1,1.0,3.0,91521,M,,,91
201100055178,11,9,8,923,1,1,1,1.0,7.0,91086,M,,,91
201100055179,11,9,8,1900,1,1,1,1.0,7.0,92019,M,,,92
201100055180,11,9,9,1456,1,1,1,1.0,6.0,91136,M,,,91
201100055181,11,9,11,1237,1,1,1,2.0,7.0,91161,M,,,91
201100055182,11,9,11,1539,1,1,1,3.0,4.0,94003,M,,,94
201100055183,11,9,11,1645,1,1,1,8.0,4.0,91689,M,,,91