Num_Acc,an,mois,jour,hrmn,lum,agg,int,atm,col,com,gps,lat,long,dep
201100055184,11,9,11,2222,3,1,1,1.0,6.0,91589,M,,,91
201100055185,11,9,13,723,1,1,1,1.0,2.0,91434,M,,,91
201100055186,11,9,15,1638,1,1,1,1.0,4.0,92002,M,,,92
201100055187,11,9,17,1940,2,1,1,1.0,2.0,91689,M,,,91
201100055188,11,9,18,1519,1,1,1,2.0,6.0,91179,M,,,91
201100055189,11,9,19,1705,1,1,1,1.0,5.0,91689,M,,,91
201100055190,11,9,19,1810,1,1,1,1.0,7.0,91182,M,,,91
201100055191,11,9,20,1630,1,1,1,1.0,3.0,94037,M,,,94
201100055192,11,9,20,1800,1,1,1,1.0,4.0,94021,M,,,94
201100055193,11,9,21,1751,1,1,1,1.0,3.0,91553,M,,,91
201100055194,11,9,22,1030,1,1,1,1.0,2.0,91687,M,,,91
201100055195,11,9,22,1122,1,1,1,1.0,7.0,91182,M,,,91
201100055196,11,9,22,1804,1,1,1,1.0,5.0,91689,M,,,91
201100055197,11,9,23,655,3,1,1,1.0,3.0,91521,M,,,91
201100055198,11,9,23,1730,1,1,1,1.0,5.0,91086,M,,,91
201100055199,11,9,23,1825,1,1,1,1.0,3.0,91161,M,,,91
201100055200,11,9,24,1930,1,1,1,1.0,6.0,91182,M,,,91
201100055201,11,9,25,810,1,1,1,1.0,6.0,91340,M,,,91
201100055202,11,9,25,1350,1,1,1,1.0,6.0,91689,M,,,91
201100055203,11,9,25,1430,1,1,1,1.0,6.0,91689,M,,,91
201100055204,11,9,25,1735,1,1,1,1.0,6.0,91521,M,,,91
201100055205,11,9,25,2212,3,1,1,1.0,2.0,91692,M,,,91
201100055206,11,9,26,644,5,1,1,1.0,2.0,94021,M,,,94
201100055207,11,9,27,900,1,1,1,1.0,5.0,91617,M,,,91
201100055208,11,9,27,1531,1,1,1,1.0,7.0,91086,M,,,91
201100055209,11,9,27,1746,1,1,1,1.0,4.0,91589,M,,,91
201100055210,11,9,28,715,1,1,1,1.0,3.0,91617,M,,,91
201100055211,11,9,28,930,1,1,1,1.0,6.0,91182,M,,,91
201100055212,11,9,28,1230,1,1,1,1.0,2.0,91340,M,,,91
201100055213,11,9,28,1447,1,1,1,1.0,3.0,94037,M,,,94
201100055214,11,9,29,737,2,1,1,1.0,7.0,91103,M,,,91
201100055215,11,9,30,846,1,1,1,1.0,3.0,91553,M,,,91
201100055216,11,9,30,930,1,1,1,1.0,4.0,94003,M,,,94
201100055217,11,9,20,1427,1,1,1,1.0,3.0,92002,M,,,92
201100055218,11,10,3,1757,1,1,1,1.0,3.0,91617,M,,,91
201100055219,11,10,3,1927,5,1,1,1.0,3.0,94037,M,,,94
201100055220,11,10,4,1709,1,1,1,1.0,7.0,94037,M,,,94
201100055221,11,10,5,155,3,1,1,1.0,2.0,91161,M,,,91
201100055222,11,10,5,1618,1,1,1,8.0,6.0,91553,M,,,91
201100055223,11,10,5,1755,1,1,1,1.0,2.0,91617,M,,,91
201100055224,11,10,6,1916,2,1,1,1.0,3.0,91689,M,,,91
201100055225,11,10,7,931,1,1,1,1.0,2.0,91182,M,,,91
201100055226,11,10,7,936,1,1,1,1.0,3.0,94003,M,,,94
201100055227,11,10,7,1830,1,1,1,2.0,3.0,94034,M,,,94
201100055228,11,10,7,2030,3,1,1,8.0,7.0,92002,M,,,92
201100055229,11,10,7,2145,3,1,1,8.0,5.0,91434,M,,,91
201100055230,11,10,9,743,2,1,1,2.0,2.0,91340,M,,,91
201100055231,11,10,9,1245,1,1,1,2.0,1.0,94021,M,,,94
201100055232,11,10,9,1335,1,1,1,2.0,6.0,91377,M,,,91
201100055233,11,10,9,1546,1,1,1,2.0,7.0,94065,M,,,94
201100055234,11,10,9,1533,1,1,1,2.0,6.0,91377,M,,,91
201100055235,11,10,9,1530,1,1,1,2.0,6.0,91521,M,,,91
201100055236,11,10,9,1701,1,1,1,1.0,2.0,92019,M,,,92
201100055237,11,10,9,1710,1,1,1,2.0,6.0,91136,M,,,91
201100055238,11,10,10,650,3,1,1,1.0,2.0,91228,M,,,91
201100055239,11,10,10,1817,1,1,1,1.0,4.0,91161,M,,,91
201100055240,11,10,11,1813,1,1,1,1.0,2.0,91589,M,,,91
201100055241,11,10,12,55,3,1,1,1.0,7.0,94021,M,,,94
201100055242,11,10,12,738,1,1,1,1.0,3.0,92002,M,,,92
201100055243,11,10,15,815,1,1,1,1.0,2.0,91064,M,,,91
201100055244,11,10,12,838,1,1,1,1.0,2.0,91589,M,,,91
201100055245,11,10,12,1741,1,1,1,1.0,4.0,91553,M,,,91
201100055246,11,10,12,1751,1,1,1,1.0,6.0,91235,M,,,91
201100055247,11,10,13,3,3,1,1,1.0,7.0,94003,M,,,94
201100055248,11,10,13,755,1,1,1,1.0,4.0,91174,M,,,91
201100055249,11,10,13,815,1,1,1,1.0,5.0,91521,M,,,91
201100055250,11,10,13,2012,3,1,1,1.0,2.0,91174,M,,,91
201100055251,11,10,14,710,2,1,1,1.0,3.0,94038,M,,,94
201100055252,11,10,14,753,1,1,1,1.0,3.0,94037,M,,,94
201100055253,11,10,14,1610,1,1,1,1.0,3.0,94037,M,,,94
201100055254,11,10,14,2055,3,1,1,1.0,3.0,91286,M,,,91
201100055255,11,10,14,2215,3,1,1,1.0,5.0,91521,M,,,91
201100055256,11,10,16,1930,3,1,1,1.0,4.0,91553,M,,,91
201100055257,11,10,18,616,5,1,1,1.0,2.0,94037,M,,,94
201100055258,11,10,18,1830,3,1,1,2.0,1.0,91471,M,,,91
201100055259,11,10,19,738,1,1,1,8.0,3.0,94021,M,,,94
201100055260,11,10,19,743,2,1,1,1.0,3.0,94021,M,,,94
201100055261,11,10,19,819,1,1,1,9.0,3.0,94021,M,,,94
201100055262,11,10,19,826,1,1,1,1.0,6.0,91286,M,,,91
201100055263,11,10,19,852,1,1,1,8.0,6.0,91377,M,,,91
201100055264,11,10,19,909,1,1,1,1.0,5.0,91182,M,,,91
201100055265,11,10,19,1845,2,1,1,1.0,3.0,94021,M,,,94
201100055266,11,10,20,927,1,1,1,1.0,2.0,91687,M,,,91
201100055267,11,10,20,1910,3,1,1,1.0,7.0,91064,M,,,91
201100055268,11,10,20,1940,3,1,1,1.0,5.0,91161,M,,,91
201100055269,11,10,21,1345,1,1,1,1.0,2.0,91340,M,,,91
201100055270,11,10,23,1533,1,1,1,1.0,4.0,91687,M,,,91
201100055271,11,10,24,2145,3,1,1,2.0,6.0,91659,M,,,91
201100055272,11,10,25,321,5,1,1,2.0,7.0,94034,M,,,94
201100055273,11,10,25,1111,1,1,1,1.0,3.0,94038,M,,,94
201100055274,11,10,25,1610,1,1,1,2.0,2.0,91136,M,,,91
201100055275,11,10,25,1455,1,1,1,1.0,1.0,91235,M,,,91
201100055276,11,10,26,854,1,1,1,1.0,2.0,94038,M,,,94
201100055277,11,10,26,1340,1,1,1,1.0,4.0,91589,M,,,91
201100055278,11,10,26,2025,3,1,1,1.0,2.0,91086,M,,,91
201100055279,11,10,28,1734,1,1,1,1.0,2.0,94034,M,,,94
201100055280,11,10,31,1430,1,1,1,1.0,3.0,91182,M,,,91
201100055281,11,10,31,1645,1,1,1,2.0,5.0,91340,M,,,91
201100055282,11,10,31,1820,3,1,1,1.0,6.0,91312,M,,,91
201100055283,11,10,31,1821,3,1,1,1.0,4.0,91617,M,,,91
201100055284,11,10,31,1830,3,1,1,1.0,4.0,91064,M,,,91
201100055285,11,11,1,1500,1,1,1,2.0,7.0,91471,M,,,91
201100055286,11,11,1,1820,3,1,1,5.0,2.0,91521,M,,,91
201100055287,11,11,1,2000,3,1,1,1.0,2.0,91689,M,,,91
201100055288,11,11,2,920,1,1,1,1.0,3.0,91161,M,,,91
201100055289,11,11,2,1745,3,1,1,1.0,4.0,91136,M,,,91
201100055290,11,11,3,840,1,1,1,1.0,6.0,91589,M,,,91
201100055291,11,11,3,1100,1,1,1,1.0,5.0,91434,M,,,91
201100055292,11,11,3,2100,3,1,1,2.0,3.0,91161,M,,,91
201100055293,11,11,4,409,3,1,1,8.0,6.0,91434,M,,,91
201100055294,11,11,4,409,3,1,1,2.0,5.0,91434,M,,,91
201100055295,11,11,4,851,1,1,1,1.0,6.0,91064,M,,,91
201100055296,11,11,4,951,1,1,1,1.0,2.0,91174,M,,,91
201100055297,11,11,4,1234,1,1,1,1.0,7.0,91549,M,,,91
201100055298,11,11,4,1849,5,1,1,1.0,7.0,92002,M,,,92
201100055299,11,11,6,1345,1,1,1,1.0,7.0,94037,M,,,94
201100055300,11,11,8,1305,1,1,1,8.0,2.0,92002,M,,,92
201100055301,11,11,8,1807,5,1,1,2.0,7.0,94038,M,,,94
201100055302,11,11,8,2305,3,1,1,2.0,6.0,91347,M,,,91
201100055303,11,11,9,810,2,1,1,8.0,3.0,91687,M,,,91
201100055304,11,11,10,2140,3,1,1,1.0,6.0,91363,M,,,91
201100055305,11,11,10,1400,1,1,1,1.0,6.0,91182,M,,,91
201100055306,11,11,11,1628,1,1,1,8.0,6.0,91477,M,,,91
201100055307,11,11,13,1515,1,1,1,1.0,2.0,91468,M,,,91
201100055308,11,11,13,2035,3,1,1,1.0,6.0,91549,M,,,91
201100055309,11,11,14,1756,3,1,1,1.0,5.0,91570,M,,,91
201100055310,11,11,14,1750,3,1,1,1.0,3.0,91521,M,,,91
201100055311,11,11,15,835,1,1,1,1.0,3.0,91589,M,,,91
201100055312,11,11,18,1515,1,1,1,1.0,2.0,92002,M,,,92
201100055313,11,11,21,940,1,1,1,1.0,5.0,91521,M,,,91
201100055314,11,11,22,230,5,1,1,1.0,7.0,94034,M,,,94
201100055315,11,11,22,1046,1,1,1,1.0,3.0,91589,M,,,91
201100055316,11,11,22,1545,1,1,1,1.0,2.0,91689,M,,,91
201100055317,11,11,23,949,1,1,1,1.0,2.0,91689,M,,,91
201100055318,11,11,23,1207,1,1,1,1.0,7.0,91477,M,,,91
201100055319,11,11,23,1753,3,1,1,1.0,3.0,91689,M,,,91
201100055320,11,11,24,1028,1,1,1,1.0,3.0,92019,M,,,92
201100055321,11,11,24,1755,4,1,1,5.0,3.0,91235,M,,,91
201100055322,11,11,24,1805,5,1,1,1.0,2.0,91182,M,,,91
201100055323,11,11,25,2045,5,1,1,1.0,4.0,92002,M,,,92
201100055324,11,11,26,408,5,1,1,1.0,2.0,94043,M,,,94
201100055325,11,11,27,408,3,1,1,8.0,6.0,91235,M,,,91
201100055326,11,11,28,545,3,1,1,5.0,7.0,91340,M,,,91
201100055327,11,11,28,756,2,1,1,5.0,7.0,91553,M,,,91
201100055328,11,11,28,947,1,1,1,5.0,6.0,91286,M,,,91
201100055329,11,11,28,1338,1,1,1,1.0,2.0,94076,M,,,94
201100055330,11,11,29,742,3,1,1,1.0,3.0,91064,M,,,91
201100055331,11,11,29,1338,1,1,1,1.0,2.0,91136,M,,,91
201100055332,11,11,30,1920,3,1,1,1.0,3.0,92019,M,,,92
201100055333,11,12,1,809,1,1,1,2.0,4.0,94065,M,,,94
201100055334,11,12,1,1925,5,1,1,1.0,2.0,91377,M,,,91
201100055335,11,12,2,1000,1,1,1,1.0,2.0,91363,M,,,91
201100055336,11,12,2,1230,1,1,1,1.0,7.0,91377,M,,,91
201100055337,11,12,3,1030,1,1,1,2.0,7.0,94034,M,,,94
201100055338,11,12,4,630,3,1,1,1.0,2.0,94037,M,,,94
201100055339,11,12,4,1608,2,1,1,2.0,3.0,94034,M,,,94
201100055340,11,12,4,1915,4,1,1,2.0,6.0,91521,M,,,91
201100055341,11,12,5,741,3,1,1,2.0,6.0,91182,M,,,91
201100055342,11,12,5,1651,2,1,1,1.0,3.0,91340,M,,,91
201100055343,11,12,5,1859,5,1,1,2.0,7.0,94076,M,,,94
201100055344,11,12,6,529,5,1,1,2.0,7.0,94037,M,,,94
201100055345,11,12,6,1020,1,1,1,1.0,2.0,91434,M,,,91
201100055346,11,12,6,2137,3,1,1,2.0,6.0,91347,M,,,91
201100055347,11,12,7,618,3,1,1,2.0,7.0,91521,M,,,91
201100055348,11,12,7,1935,3,1,1,8.0,2.0,91570,M,,,91
201100055349,11,12,8,925,1,1,1,1.0,6.0,91103,M,,,91
201100055350,11,12,8,1920,5,1,1,1.0,2.0,91377,M,,,91
201100055351,11,12,9,805,2,1,1,2.0,2.0,91182,M,,,91
201100055352,11,12,9,1940,5,1,1,1.0,2.0,94038,M,,,94
201100055353,11,12,12,817,3,1,1,2.0,3.0,94038,M,,,94
201100055354,11,12,13,1430,1,1,1,2.0,6.0,94021,M,,,94
201100055355,11,12,14,1620,1,1,1,8.0,6.0,91471,M,,,91
201100055356,11,12,13,1825,3,1,1,1.0,5.0,91064,M,,,91
201100055357,11,12,15,1831,3,1,1,1.0,5.0,91228,M,,,91
201100055358,11,12,8,1443,1,1,1,1.0,5.0,91589,M,,,91
201100055359,11,12,17,1133,1,1,1,1.0,6.0,91471,M,,,91
201100055360,11,12,17,1743,3,1,1,2.0,2.0,91692,M,,,91
201100055361,11,12,17,1755,3,1,1,8.0,1.0,91235,M,,,91
201100055362,11,12,18,310,3,1,1,8.0,3.0,91661,M,,,91
201100055363,11,12,18,915,1,1,1,1.0,6.0,94003,M,,,94
201100055364,11,12,19,656,5,1,1,5.0,7.0,91692,M,,,91
201100055365,11,12,19,1845,3,1,1,2.0,2.0,94038,M,,,94
201100055366,11,12,20,1830,3,1,1,3.0,2.0,77251,M,,,77
201100055367,11,12,21,1200,1,1,1,8.0,4.0,94076,M,,,94
201100055368,11,12,21,1641,4,1,1,2.0,3.0,94021,M,,,94
201100055369,11,12,21,1706,3,1,1,2.0,2.0,92002,M,,,92
201100055370,11,12,22,619,3,1,1,1.0,5.0,91136,M,,,91
201100055371,11,12,22,927,1,1,1,1.0,3.0,91549,M,,,91
201100055372,11,12,22,1028,1,1,1,1.0,2.0,91161,M,,,91
201100055373,11,12,23,1541,1,1,1,8.0,6.0,91136,M,,,91
201100055374,11,12,23,1725,3,1,1,1.0,4.0,91064,M,,,91
201100055375,11,12,24,10,3,1,1,2.0,2.0,91661,M,,,91
201100055376,11,12,24,520,3,1,1,1.0,6.0,91377,M,,,91
201100055377,11,12,24,957,1,1,1,1.0,4.0,91589,M,,,91
201100055378,11,12,24,1235,1,1,1,1.0,3.0,91228,M,,,91
201100055379,11,12,25,1420,1,1,1,1.0,6.0,94034,M,,,94
201100055380,11,12,25,1945,3,1,1,1.0,4.0,91136,M,,,91
201100055381,11,12,27,1759,3,1,1,5.0,4.0,91471,M,,,91
201100055382,11,12,28,1823,3,1,1,5.0,4.0,91689,M,,,91
201100055383,11,12,31,1410,1,1,1,2.0,2.0,94037,M,,,94
201100055384,11,1,1,348,5,2,1,1.0,1.0,20033,M,,,202
201100055385,11,1,3,830,1,2,1,1.0,2.0,20033,M,,,202
201100055386,11,1,6,742,1,2,1,1.0,4.0,20120,M,,,202
201100055387,11,1,7,710,2,2,1,1.0,1.0,20033,M,,,202
201100055388,11,1,7,2306,5,2,1,1.0,6.0,20033,M,,,202
201100055389,11,1,9,1318,1,2,1,1.0,6.0,20033,M,,,202
201100055390,11,1,10,1440,1,2,1,1.0,6.0,20033,M,,,202
201100055391,11,1,12,1645,1,1,1,1.0,6.0,20033,M,,,202
201100055392,11,1,13,1000,1,2,1,1.0,3.0,20033,M,,,202
201100055393,11,1,13,2344,5,2,1,2.0,5.0,20033,M,,,202
201100055394,11,1,14,1357,1,2,1,1.0,4.0,20120,M,,,202
201100055395,11,1,25,3,5,1,1,1.0,6.0,20037,M,,,202
201100055396,11,1,25,1829,5,2,1,1.0,6.0,20033,M,,,202
201100055397,11,1,29,958,1,1,1,1.0,6.0,20120,M,,,202
201100055398,11,1,29,2235,5,1,1,1.0,6.0,20037,M,,,202
201100055399,11,1,30,2255,5,2,1,1.0,2.0,20033,M,,,202
201100055400,11,2,2,820,1,2,1,1.0,2.0,20033,M,,,202
201100055401,11,2,2,1340,1,2,1,1.0,6.0,20033,M,,,202
201100055402,11,2,2,1600,1,1,1,1.0,2.0,20037,M,,,202
201100055403,11,2,3,917,1,2,1,1.0,6.0,20033,M,,,202
201100055404,11,2,3,1825,2,2,1,1.0,6.0,20033,M,,,202
201100055405,11,2,4,1722,1,1,1,1.0,2.0,20120,M,,,202
201100055406,11,2,5,1745,1,2,1,1.0,3.0,20033,M,,,202
201100055407,11,2,6,225,5,2,1,1.0,4.0,20033,M,,,202
201100055408,11,2,10,1817,1,2,1,1.0,4.0,20033,M,,,202
201100055409,11,2,13,1744,1,1,1,1.0,3.0,20037,M,,,202
201100055410,11,2,16,1905,5,2,1,1.0,6.0,20033,M,,,202
201100055411,11,2,22,1914,5,2,1,1.0,1.0,20037,M,,,202
201100055412,11,3,3,727,1,2,6,2.0,3.0,20033,M,,,202
201100055413,11,3,3,1615,1,2,2,2.0,1.0,20033,M,,,202
201100055414,11,3,3,1434,1,2,1,1.0,6.0,20033,M,,,202
201100055415,11,3,7,1715,1,2,4,1.0,1.0,20033,M,,,202
201100055416,11,3,7,1930,5,2,1,1.0,3.0,20033,M,,,202
201100055417,11,3,11,1141,1,2,1,3.0,2.0,20033,M,,,202
201100055418,11,3,13,224,5,2,1,6.0,6.0,20033,M,,,202
201100055419,11,3,13,1950,5,2,1,3.0,6.0,20033,M,,,202
201100055420,11,3,9,912,1,2,1,1.0,6.0,20033,M,,,202
201100055421,11,3,10,602,2,1,1,1.0,6.0,20037,M,,,202
201100055422,11,3,10,921,1,2,1,1.0,3.0,20033,M,,,202
201100055423,11,3,19,352,5,1,1,1.0,6.0,20353,M,,,202
201100055424,11,3,20,1204,1,2,1,1.0,6.0,20033,M,,,202
201100055425,11,3,24,1406,1,2,1,1.0,6.0,20033,M,,,202
201100055426,11,3,25,1445,1,1,1,1.0,4.0,20120,M,,,202
201100055427,11,3,29,1340,1,2,1,1.0,3.0,20037,M,,,202
201100055428,11,3,30,805,1,1,1,1.0,2.0,20120,M,,,202
201100055429,11,3,30,1529,1,1,1,1.0,2.0,20037,M,,,202
201100055430,11,3,31,1216,1,2,1,1.0,6.0,20037,M,,,202
201100055431,11,3,31,1602,1,2,1,1.0,2.0,20033,M,,,202
201100055432,11,4,3,1340,1,1,1,1.0,6.0,20120,M,,,202
201100055433,11,4,6,1515,1,2,1,1.0,6.0,20033,M,,,202
201100055434,11,4,13,615,5,1,1,1.0,2.0,20120,M,,,202
201100055435,11,4,13,629,5,1,1,1.0,6.0,20120,M,,,202
201100055436,11,4,13,816,1,1,1,1.0,7.0,20037,M,,,202
201100055437,11,4,18,1620,1,2,1,1.0,3.0,20033,M,,,202
201100055438,11,4,20,1131,1,2,1,1.0,6.0,20033,M,,,202
201100055439,11,4,22,239,5,2,1,1.0,6.0,20033,M,,,202
201100055440,11,4,22,1245,1,2,1,1.0,6.0,20033,M,,,202
201100055441,11,4,23,1248,1,2,1,1.0,3.0,20033,M,,,202
201100055442,11,4,27,2118,5,2,2,1.0,3.0,20033,M,,,202
201100055443,11,4,28,735,1,2,1,1.0,3.0,20033,M,,,202
201100055444,11,4,28,2100,5,1,1,1.0,6.0,20033,M,,,202
201100055445,11,4,29,2117,5,2,1,1.0,3.0,20033,M,,,202
201100055446,11,5,6,800,1,2,1,1.0,1.0,20033,M,,,202
201100055447,11,5,6,1425,1,2,1,1.0,6.0,20033,M,,,202
201100055448,11,5,6,1727,1,2,1,1.0,4.0,20033,M,,,202
201100055449,11,5,7,1056,1,2,1,1.0,3.0,20033,M,,,202
201100055450,11,5,20,1050,1,1,1,1.0,6.0,20353,M,,,202
201100055451,11,5,20,754,1,2,1,1.0,2.0,20033,M,,,202
201100055452,11,5,23,1013,1,2,1,1.0,4.0,20033,M,,,202
201100055453,11,5,25,1441,1,1,1,1.0,1.0,20033,M,,,202
201100055454,11,5,26,858,1,2,1,1.0,3.0,20033,M,,,202
201100055455,11,5,26,2130,1,1,1,1.0,6.0,20033,M,,,202
201100055456,11,5,26,1502,1,2,1,1.0,3.0,20033,M,,,202
201100055457,11,5,27,108,5,2,1,1.0,1.0,20033,M,,,202
201100055458,11,5,27,1219,1,1,1,1.0,2.0,20120,M,,,202
201100055459,11,5,29,2359,5,2,1,1.0,1.0,20033,M,,,202
201100055460,11,5,19,1430,1,1,1,1.0,4.0,20120,M,,,202
201100055461,11,5,31,1408,1,2,1,3.0,2.0,20033,M,,,202
201100055462,11,6,1,723,1,1,1,1.0,2.0,20037,M,,,202
201100055463,11,6,1,908,1,1,1,1.0,2.0,20033,M,,,202
201100055464,11,6,1,1050,1,2,1,1.0,1.0,20033,M,,,202
201100055465,11,6,3,750,1,1,1,1.0,2.0,20037,M,,,202
201100055466,11,6,3,1345,1,2,1,1.0,2.0,20033,M,,,202
201100055467,11,6,3,1705,1,2,1,1.0,1.0,20033,M,,,202
201100055468,11,6,1,1710,1,2,1,1.0,6.0,20033,M,,,202
201100055469,11,6,7,1001,1,2,1,2.0,2.0,20033,M,,,202
201100055470,11,6,7,1705,1,2,1,2.0,2.0,20033,M,,,202
201100055471,11,6,8,1435,1,2,1,1.0,2.0,20033,M,,,202
201100055472,11,6,12,2130,5,1,1,1.0,2.0,20037,M,,,202
201100055473,11,6,13,2241,5,2,1,1.0,6.0,20033,M,,,202
201100055474,11,6,15,1402,1,2,1,1.0,6.0,20120,M,,,202
201100055475,11,6,15,2158,5,1,1,1.0,3.0,20037,M,,,202
201100055476,11,6,16,329,5,2,1,1.0,3.0,20033,M,,,202
201100055477,11,6,19,753,1,2,1,1.0,3.0,20033,M,,,202
201100055478,11,6,21,1139,1,2,1,1.0,6.0,20033,M,,,202
201100055479,11,6,21,1434,1,2,1,1.0,5.0,20033,M,,,202
201100055480,11,6,26,2013,5,2,1,1.0,6.0,20033,M,,,202
201100055481,11,6,27,430,2,2,1,1.0,2.0,20033,M,,,202
201100055482,11,6,23,1145,1,2,1,1.0,6.0,20033,M,,,202
201100055483,11,6,27,600,1,2,1,1.0,3.0,20033,M,,,202
201100055484,11,6,27,1825,1,1,1,1.0,3.0,20120,M,,,202
201100055485,11,7,2,2000,5,2,1,1.0,2.0,20033,M,,,202
201100055486,11,7,3,154,5,2,1,1.0,6.0,20033,M,,,202
201100055487,11,7,8,1050,1,2,1,1.0,6.0,20033,M,,,202
201100055488,11,7,8,1355,1,1,1,1.0,3.0,20037,M,,,202
201100055489,11,7,9,1940,2,2,1,1.0,3.0,20033,M,,,202
201100055490,11,7,10,1500,1,2,1,1.0,6.0,20033,M,,,202
201100055491,11,7,10,2245,5,2,1,1.0,2.0,20033,M,,,202
201100055492,11,7,12,1838,1,2,1,1.0,2.0,20033,M,,,202
201100055493,11,7,13,1052,1,1,1,1.0,6.0,20120,M,,,202
201100055494,11,7,13,1214,1,2,1,1.0,3.0,20033,M,,,202
201100055495,11,7,13,931,1,2,1,1.0,2.0,20033,M,,,202
201100055496,11,7,20,1430,1,1,1,1.0,6.0,20120,M,,,202
201100055497,11,7,21,1641,1,1,1,1.0,5.0,20037,M,,,202
201100055498,11,7,28,1345,1,1,1,1.0,6.0,20037,M,,,202
201100055499,11,7,28,1905,1,1,1,1.0,5.0,20120,M,,,202
201100055500,11,7,30,1446,1,2,1,1.0,6.0,20033,M,,,202
201100055501,11,8,2,1223,1,2,1,1.0,4.0,20033,M,,,202
201100055502,11,8,4,1055,1,2,1,1.0,3.0,20033,M,,,202
201100055503,11,8,12,1610,1,2,1,1.0,2.0,20033,M,,,202
201100055504,11,8,13,1138,1,2,1,1.0,2.0,20033,M,,,202
201100055505,11,8,13,2050,5,1,1,1.0,6.0,20120,M,,,202
201100055506,11,8,17,715,1,2,1,1.0,6.0,20033,M,,,202
201100055507,11,5,24,2105,5,1,1,1.0,6.0,20037,M,,,202
201100055508,11,8,28,1100,1,2,1,1.0,6.0,20033,M,,,202
201100055509,11,8,30,810,1,2,1,1.0,6.0,20033,M,,,202
201100055510,11,8,31,752,1,1,1,1.0,2.0,20033,M,,,202
201100055511,11,8,31,2319,5,2,1,1.0,6.0,20033,M,,,202
201100055512,11,9,1,1841,1,1,1,1.0,1.0,20120,M,,,202
201100055513,11,9,10,1454,1,2,2,1.0,3.0,20033,M,,,202
201100055514,11,9,15,1508,1,2,1,1.0,3.0,20033,M,,,202
201100055515,11,9,16,1315,1,2,1,1.0,3.0,20033,M,,,202
201100055516,11,9,18,1835,1,2,1,3.0,6.0,20033,M,,,202
201100055517,11,9,18,2002,2,2,1,1.0,2.0,20033,M,,,202
201100055518,11,9,19,1029,1,2,1,1.0,3.0,20033,M,,,202
201100055519,11,9,26,1426,1,2,1,1.0,2.0,20120,M,,,202
201100055520,11,9,29,1715,1,2,1,1.0,2.0,20033,M,,,202
201100055521,11,10,2,1102,1,2,1,1.0,5.0,20033,M,,,202
201100055522,11,10,4,1715,1,2,1,1.0,6.0,20033,M,,,202
201100055523,11,10,4,1513,1,2,1,1.0,2.0,20353,M,,,202
201100055524,11,10,5,942,1,2,1,1.0,6.0,20033,M,,,202
201100055525,11,10,6,741,1,2,2,1.0,3.0,20033,M,,,202
201100055526,11,10,6,1010,1,1,1,1.0,2.0,20120,M,,,202
201100055527,11,10,6,1646,1,2,1,1.0,6.0,20033,M,,,202
201100055528,11,10,9,1910,2,2,1,1.0,6.0,20033,M,,,202
201100055529,11,10,6,1140,1,1,1,1.0,2.0,20120,M,,,202
201100055530,11,10,12,800,1,2,1,1.0,6.0,20033,M,,,202
201100055531,11,10,15,1817,1,2,1,1.0,3.0,20120,M,,,202
201100055532,11,10,18,1135,1,2,1,1.0,3.0,20120,M,,,202
201100055533,11,10,18,1900,2,2,2,1.0,3.0,20033,M,,,202
201100055534,11,10,20,1040,1,2,1,1.0,5.0,20033,M,,,202
201100055535,11,10,21,2016,5,2,1,1.0,2.0,20033,M,,,202
201100055536,11,11,3,820,1,2,1,1.0,2.0,20033,M,,,202
201100055537,11,11,2,1729,5,2,1,1.0,6.0,20033,M,,,202
201100055538,11,11,5,1349,1,2,1,3.0,2.0,20033,M,,,202
201100055539,11,11,6,1601,1,2,1,1.0,1.0,20033,M,,,202
201100055540,11,11,9,1005,1,2,1,1.0,2.0,20033,M,,,202
201100055541,11,11,10,1812,2,1,1,1.0,3.0,20120,M,,,202
201100055542,11,11,14,1040,1,1,1,1.0,6.0,20037,M,,,202
201100055543,11,11,14,2150,5,2,1,1.0,3.0,20033,M,,,202
201100055544,11,11,15,1124,1,2,1,1.0,7.0,20120,M,,,202
201100055545,11,11,17,1026,1,1,1,1.0,2.0,20120,M,,,202
201100055546,11,11,28,624,1,2,1,1.0,2.0,20033,M,,,202
201100055547,11,11,26,624,5,2,1,1.0,6.0,20037,M,,,202
201100055548,11,11,29,1140,1,1,1,1.0,2.0,20353,M,,,202
201100055549,11,12,1,1200,1,1,1,1.0,6.0,20353,M,,,202
201100055550,11,12,2,328,5,1,1,1.0,6.0,20120,M,,,202
201100055551,11,12,5,1506,1,1,1,1.0,3.0,20120,M,,,202
201100055552,11,12,4,1405,1,2,2,1.0,3.0,20033,M,,,202
201100055553,11,12,7,1245,1,2,1,1.0,2.0,20033,M,,,202
201100055554,11,12,9,726,5,2,1,1.0,3.0,20033,M,,,202
201100055555,11,12,9,1740,5,1,1,1.0,4.0,20033,M,,,202
201100055556,11,12,9,1850,5,2,1,1.0,6.0,20120,M,,,202
201100055557,11,12,10,1910,5,1,1,1.0,2.0,20120,M,,,202
201100055558,11,12,19,1036,1,2,1,1.0,2.0,20033,M,,,202
201100055559,11,12,19,1447,1,2,1,1.0,6.0,20033,M,,,202
201100055560,11,12,20,1719,5,1,1,1.0,2.0,20120,M,,,202
201100055561,11,12,22,1301,1,2,1,1.0,1.0,20033,M,,,202
201100055562,11,12,23,1910,5,1,1,1.0,6.0,20120,M,,,202
201100055563,11,12,24,1253,1,2,1,1.0,3.0,20033,M,,,202
201100055564,11,12,24,2211,5,2,1,1.0,6.0,20037,M,,,202