Num_Acc,an,mois,jour,hrmn,lum,agg,int,atm,col,com,gps,lat,long,dep
201100055565,11,12,25,59,5,2,1,1.0,1.0,20033,M,,,202
201100055566,11,12,27,108,5,2,1,1.0,1.0,20033,M,,,202
201100055567,11,1,3,720,5,2,1,1.0,6.0,69382,M,,,69
201100055568,11,1,6,50,5,2,2,2.0,3.0,69382,M,,,69
201100055569,11,1,10,2220,5,2,1,1.0,2.0,69382,M,,,69
201100055570,11,1,5,240,5,2,3,1.0,3.0,69382,M,,,69
201100055571,11,1,26,1720,5,2,9,1.0,6.0,69382,M,,,69
201100055572,11,1,23,1920,5,2,2,1.0,3.0,69382,M,,,69
201100055573,11,1,28,100,5,2,9,1.0,6.0,69382,M,,,69
201100055574,11,1,22,1600,1,2,3,1.0,3.0,69382,M,,,69
201100055575,11,1,25,1030,1,2,1,1.0,6.0,69382,M,,,69
201100055576,11,2,14,845,1,2,1,1.0,7.0,69382,M,,,69
201100055577,11,2,19,805,1,2,5,1.0,6.0,69382,M,,,69
201100055578,11,2,8,1600,1,2,1,1.0,6.0,69382,M,,,69
201100055579,11,2,15,715,2,2,3,1.0,3.0,69382,M,,,69
201100055580,11,2,18,1353,1,2,1,8.0,7.0,69382,M,,,69
201100055581,11,2,24,1345,1,2,4,2.0,6.0,69382,M,,,69
201100055582,11,3,10,1740,1,2,1,1.0,3.0,69382,M,,,69
201100055583,11,3,16,840,1,2,1,2.0,3.0,69382,M,,,69
201100055584,11,3,31,1530,1,2,1,1.0,3.0,69382,M,,,69
201100055585,11,3,9,1400,1,2,3,1.0,1.0,69382,M,,,69
201100055586,11,4,2,1630,1,2,1,1.0,6.0,69382,M,,,69
201100055587,11,4,5,2015,5,2,2,1.0,3.0,69382,M,,,69
201100055588,11,4,7,2010,1,2,1,1.0,3.0,69382,M,,,69
201100055589,11,3,31,930,1,2,1,1.0,3.0,69382,M,,,69
201100055590,11,4,1,1720,1,2,1,1.0,2.0,69382,M,,,69
201100055591,11,4,26,1740,1,2,1,1.0,6.0,69382,M,,,69
201100055592,11,3,16,1605,1,2,2,1.0,3.0,69382,M,,,69
201100055593,11,5,7,1900,1,2,3,1.0,3.0,69382,M,,,69
201100055594,11,4,29,1120,1,2,1,1.0,6.0,69382,M,,,69
201100055595,11,5,17,1330,1,2,2,1.0,6.0,69382,M,,,69
201100055596,11,4,18,845,1,2,1,1.0,6.0,69382,M,,,69
201100055597,11,4,6,1845,1,2,3,1.0,3.0,69382,M,,,69
201100055598,11,5,14,1850,1,2,1,8.0,6.0,69382,M,,,69
201100055599,11,4,25,1320,1,2,1,1.0,3.0,69382,M,,,69
201100055600,11,5,31,1310,1,2,1,2.0,3.0,69382,M,,,69
201100055601,11,5,26,1830,1,2,3,1.0,3.0,69382,M,,,69
201100055602,11,6,4,2145,5,2,1,3.0,2.0,69382,M,,,69
201100055603,11,5,27,1600,1,2,2,1.0,6.0,69382,M,,,69
201100055604,11,6,9,1911,1,2,3,1.0,3.0,69382,M,,,69
201100055605,11,6,15,1800,1,2,2,1.0,6.0,69382,M,,,69
201100055606,11,6,17,1640,1,2,1,1.0,6.0,69382,M,,,69
201100055607,11,6,25,535,2,2,1,1.0,7.0,69382,M,,,69
201100055608,11,7,3,244,5,2,2,1.0,3.0,69382,M,,,69
201100055609,11,6,27,1410,1,2,1,1.0,6.0,69383,M,,,69
201100055610,11,7,9,2015,1,2,1,1.0,6.0,69382,M,,,69
201100055611,11,7,8,505,5,2,1,1.0,6.0,69382,M,,,69
201100055612,11,7,14,230,5,2,3,1.0,3.0,69382,M,,,69
201100055613,11,7,12,1737,1,2,1,1.0,6.0,69382,M,,,69
201100055614,11,5,27,924,1,2,1,1.0,2.0,69382,M,,,69
201100055615,11,7,23,1450,1,2,2,8.0,3.0,69382,M,,,69
201100055616,11,7,8,1600,1,2,1,7.0,3.0,69382,M,,,69
201100055617,11,8,5,2300,5,2,2,1.0,3.0,69382,M,0.0,0.0,69
201100055618,11,9,1,1530,1,2,1,1.0,6.0,69382,M,,,69
201100055619,11,8,10,510,3,2,2,1.0,3.0,69387,M,0.0,0.0,69
201100055620,11,8,29,1040,1,2,3,1.0,7.0,69382,M,0.0,0.0,69
201100055621,11,9,3,1730,1,2,1,1.0,7.0,69382,M,,,69
201100055622,11,8,28,415,5,2,1,1.0,3.0,69382,M,0.0,0.0,69
201100055623,11,9,4,40,5,2,1,1.0,4.0,69382,M,,,69
201100055624,11,9,14,1200,1,2,3,1.0,3.0,69382,M,,,69
201100055625,11,9,24,1140,1,2,1,1.0,2.0,69382,M,,,69
201100055626,11,9,30,1730,1,2,3,1.0,3.0,69382,M,,,69
201100055627,11,8,29,2200,5,2,1,1.0,2.0,69382,M,0.0,0.0,69
201100055628,11,10,9,750,1,2,1,1.0,2.0,69382,M,,,69
201100055629,11,10,8,1930,3,2,1,3.0,7.0,69382,M,,,69
201100055630,11,10,7,1545,1,2,2,8.0,3.0,69382,M,,,69
201100055631,11,9,14,851,1,2,2,1.0,3.0,69382,M,,,69
201100055632,11,10,11,1350,1,2,1,1.0,5.0,69382,M,,,69
201100055633,11,10,12,1520,1,2,1,1.0,2.0,69382,M,,,69
201100055634,11,9,22,1330,1,2,1,1.0,6.0,69382,M,,,69
201100055635,11,10,8,1650,1,2,1,2.0,4.0,69382,M,,,69
201100055636,11,10,13,1950,5,2,3,1.0,3.0,69382,M,,,69
201100055637,11,10,17,1810,1,2,1,1.0,2.0,69382,M,,,69
201100055638,11,10,17,915,1,2,1,7.0,6.0,69382,M,,,69
201100055639,11,10,15,2245,5,2,2,1.0,3.0,69382,M,,,69
201100055640,11,9,1,1220,1,2,1,1.0,3.0,69382,M,,,69
201100055641,11,9,21,1420,1,2,1,1.0,2.0,69382,M,,,69
201100055642,11,10,20,1625,1,2,2,1.0,3.0,69382,M,,,69
201100055643,11,11,18,650,5,2,1,1.0,3.0,69382,M,,,69
201100055644,11,11,22,1510,1,2,3,1.0,2.0,69382,M,,,69
201100055645,11,10,9,327,5,2,3,2.0,6.0,69382,M,,,69
201100055646,11,11,28,1810,5,2,1,1.0,6.0,69382,M,,,69
201100055647,11,11,19,1620,1,2,1,1.0,6.0,69382,M,,,69
201100055648,11,11,15,1510,1,2,1,1.0,3.0,69382,M,,,69
201100055649,11,12,6,1215,1,2,1,8.0,7.0,69382,M,,,69
201100055650,11,12,22,1850,5,1,1,1.0,2.0,69382,M,,,69
201100055651,11,12,13,2045,5,2,3,1.0,3.0,69382,M,,,69
201100055652,11,12,15,1930,5,2,3,1.0,3.0,69382,M,,,69
201100055653,11,12,10,845,1,2,1,1.0,6.0,69382,M,,,69
201100055654,11,12,18,120,5,2,1,2.0,2.0,69382,M,,,69
201100055655,11,10,31,1500,1,2,1,1.0,5.0,69382,M,,,69
201100055656,11,12,2,1300,1,2,1,2.0,7.0,69382,M,,,69
201100055657,11,12,17,30,5,2,1,2.0,7.0,69382,M,,,69
201100055658,11,12,17,1730,1,2,1,1.0,7.0,69382,M,,,69
201100055659,11,12,27,1530,1,2,1,1.0,6.0,69382,M,,,69
201100055660,11,1,8,1425,1,1,1,2.0,6.0,62771,M,,,62
201100055661,11,1,13,830,1,1,1,2.0,4.0,59359,M,,,59
201100055662,11,1,15,1420,1,1,1,1.0,5.0,59431,M,,,59
201100055663,11,1,19,800,1,1,1,1.0,5.0,62239,M,,,62
201100055664,11,1,30,2045,5,1,1,1.0,5.0,59378,M,,,59
201100055665,11,2,8,1940,5,1,1,1.0,7.0,62249,M,,,62
201100055666,11,2,12,700,3,1,1,1.0,2.0,59123,M,,,59
201100055667,11,2,13,610,5,1,1,1.0,6.0,59350,M,,,59
201100055668,11,2,14,1850,4,1,1,1.0,6.0,59350,M,,,59
201100055669,11,2,15,900,1,1,1,1.0,4.0,59350,M,,,59
201100055670,11,2,18,2210,5,1,1,1.0,3.0,62498,M,,,62
201100055671,11,2,26,230,5,1,1,1.0,2.0,59560,M,,,59
201100055672,11,2,26,1325,1,1,1,2.0,3.0,62771,M,,,62
201100055673,11,2,26,2055,3,1,1,3.0,3.0,59646,M,,,59
201100055674,11,3,2,730,2,1,1,1.0,3.0,59599,M,,,59
201100055675,11,3,7,1620,1,1,1,1.0,7.0,59350,M,,,59
201100055676,11,3,10,1410,1,1,1,1.0,2.0,62427,M,,,62
201100055677,11,3,24,815,1,1,1,1.0,3.0,59566,M,,,59
201100055678,11,3,24,1920,3,1,1,1.0,6.0,59340,M,,,59
201100055679,11,4,1,1430,1,1,1,7.0,6.0,59202,M,,,59
201100055680,11,4,2,1545,1,1,1,1.0,2.0,59491,M,,,59
201100055681,11,4,2,1833,1,1,1,1.0,5.0,59044,M,5060268.0,323132.0,59
201100055682,11,4,3,345,5,1,1,1.0,7.0,59350,M,,,59
201100055683,11,4,3,1915,2,1,1,8.0,7.0,59447,M,,,59
201100055684,11,4,4,955,1,1,1,1.0,7.0,59646,M,,,59
201100055685,11,4,5,1950,1,1,1,1.0,6.0,62186,M,,,62
201100055686,11,4,7,900,1,1,1,1.0,7.0,59143,M,,,59
201100055687,11,4,8,430,5,1,1,1.0,2.0,59560,M,,,59
201100055688,11,4,8,1445,1,1,1,1.0,7.0,59350,M,,,59
201100055689,11,4,9,1525,1,1,1,1.0,6.0,59009,M,,,59
201100055690,11,4,11,1645,1,1,1,1.0,5.0,59609,M,,,59
201100055691,11,4,11,1835,1,1,1,1.0,3.0,59288,M,,,59
201100055692,11,4,21,230,3,1,1,1.0,6.0,59305,M,,,59
201100055693,11,4,22,910,1,1,1,1.0,6.0,62239,M,,,62
201100055694,11,4,23,40,5,1,1,1.0,2.0,59508,M,,,59
201100055695,11,4,29,2000,1,1,1,3.0,3.0,59606,M,,,59
201100055696,11,5,6,1150,1,1,1,1.0,2.0,59386,M,,,59
201100055697,11,5,12,40,3,1,1,1.0,6.0,59435,M,,,59
201100055698,11,5,17,730,1,1,1,1.0,3.0,59560,M,,,59
201100055699,11,5,21,1115,1,1,1,1.0,3.0,59346,M,,,59
201100055700,11,5,26,1745,1,1,1,1.0,6.0,59431,M,,,59
201100055701,11,5,29,720,1,1,1,1.0,7.0,59305,M,,,59
201100055702,11,6,4,900,1,1,1,1.0,5.0,59350,M,,,59
201100055703,11,6,4,2345,3,1,1,1.0,5.0,59580,M,5082548.0,258530.0,59
201100055704,11,6,14,800,1,1,1,1.0,2.0,59346,M,,,59
201100055705,11,6,15,910,1,1,1,1.0,2.0,59560,M,,,59
201100055706,11,6,18,205,5,1,1,2.0,5.0,59350,M,,,59
201100055707,11,6,18,2315,3,1,1,1.0,2.0,59378,M,5070047.0,311721.0,59
201100055708,11,6,20,1900,1,1,1,1.0,6.0,59566,M,,,59
201100055709,11,6,22,1315,1,1,1,1.0,2.0,59350,M,,,59
201100055710,11,6,26,1945,1,1,1,1.0,3.0,59009,M,,,59
201100055711,11,6,28,140,3,1,1,1.0,6.0,59143,M,5066466.0,288524.0,59
201100055712,11,6,29,1940,1,1,1,1.0,6.0,59475,M,,,59
201100055713,11,7,2,1645,1,1,1,1.0,7.0,59456,M,,,59
201100055714,11,7,4,1835,1,1,1,1.0,5.0,59401,M,,,59
201100055715,11,7,6,110,5,1,1,2.0,2.0,62587,M,,,62
201100055716,11,7,9,1000,1,1,1,2.0,7.0,59350,M,,,59
201100055717,11,7,10,630,2,1,1,1.0,1.0,59511,M,,,59
201100055718,11,7,11,1640,1,1,1,7.0,2.0,59160,M,5042355.0,363825.0,59
201100055719,11,7,19,2250,3,1,1,1.0,1.0,59330,M,5045427.0,332372.0,59
201100055720,11,7,22,1345,1,1,1,2.0,3.0,62771,M,,,62
201100055721,11,7,23,2030,1,1,1,1.0,7.0,59043,M,,,59
201100055722,11,7,27,2035,1,1,1,1.0,6.0,59305,M,,,59
201100055723,11,8,7,1203,1,1,1,1.0,2.0,59013,M,,,59
201100055724,11,8,13,2055,5,1,1,2.0,4.0,59346,M,,,59
201100055725,11,8,15,1900,1,1,1,1.0,7.0,59426,M,,,59
201100055726,11,8,26,850,1,1,1,3.0,2.0,62907,M,,,62
201100055727,11,8,27,120,3,1,1,1.0,6.0,59491,M,,,59
201100055728,11,9,4,630,5,1,1,2.0,2.0,59009,M,,,59
201100055729,11,9,8,2130,5,1,1,1.0,6.0,59195,M,,,59
201100055730,11,9,16,915,1,1,1,1.0,7.0,59508,M,,,59
201100055731,11,9,18,1250,1,1,1,1.0,2.0,59009,M,,,59
201100055732,11,9,18,1920,1,1,1,2.0,7.0,62771,M,,,62
201100055733,11,9,18,2105,5,1,1,1.0,2.0,59009,M,,,59
201100055734,11,9,21,1845,1,1,1,1.0,4.0,62548,M,,,62
201100055735,11,9,22,2315,5,1,1,1.0,2.0,59350,M,,,59
201100055736,11,9,27,1700,1,1,1,1.0,4.0,59343,M,,,59
201100055737,11,10,1,310,3,1,1,1.0,6.0,59403,M,,,59
201100055738,11,10,3,100,5,1,1,1.0,6.0,59183,M,,,59
201100055739,11,10,4,30,3,1,1,1.0,7.0,59044,M,,,59
201100055740,11,10,4,920,1,1,1,1.0,3.0,59378,M,,,59
201100055741,11,10,6,1350,1,1,1,1.0,6.0,59043,M,,,59
201100055742,11,10,10,635,4,1,9,1.0,3.0,62274,M,,,62
201100055743,11,10,10,744,3,1,1,1.0,5.0,59286,M,,,59
201100055744,11,10,13,1930,5,1,1,1.0,6.0,62274,M,,,62
201100055745,11,10,14,1945,5,1,1,1.0,6.0,59009,M,,,59
201100055746,11,10,21,1645,1,1,1,1.0,4.0,62186,M,,,62
201100055747,11,10,22,330,3,1,1,1.0,1.0,59586,M,5054277.0,319431.0,59
201100055748,11,10,22,1820,5,1,1,1.0,7.0,59383,M,,,59
201100055749,11,10,28,1430,1,1,1,1.0,6.0,59205,M,,,59
201100055750,11,10,29,1050,1,1,1,1.0,2.0,59237,M,,,59
201100055751,11,10,29,1745,1,1,1,1.0,6.0,59435,M,5050663.0,321184.0,59
201100055752,11,11,3,815,1,1,1,1.0,6.0,59350,M,,,59
201100055753,11,11,3,930,1,1,1,1.0,6.0,59507,M,,,59
201100055754,11,11,4,2230,3,1,1,1.0,4.0,59560,M,,,59
201100055755,11,11,14,1720,1,1,1,1.0,7.0,59429,M,,,59
201100055756,11,11,17,20,3,1,1,1.0,2.0,59459,M,,,59
201100055757,11,11,17,120,3,1,1,1.0,3.0,59271,M,5100374.0,230632.0,59
201100055758,11,11,18,1945,1,1,1,1.0,2.0,59350,M,,,59
201100055759,11,11,23,955,1,1,1,5.0,4.0,59202,M,5067472.0,286316.0,59
201100055760,11,11,24,1815,1,1,1,1.0,4.0,59588,M,,,59
201100055761,11,11,25,1525,1,1,1,1.0,7.0,59288,M,,,59
201100055762,11,11,27,1940,5,1,1,1.0,2.0,59360,M,,,59
201100055763,11,11,28,1315,1,1,1,1.0,3.0,59350,M,,,59
201100055764,11,12,14,1535,1,1,1,2.0,2.0,62193,M,,,62
201100055765,11,12,17,430,3,1,1,3.0,3.0,59196,M,,,59
201100055766,11,12,18,600,3,1,1,4.0,3.0,59160,M,,,59
201100055767,11,12,18,1535,1,1,1,2.0,6.0,59350,M,,,59
201100055768,11,12,21,1215,1,1,1,2.0,3.0,59646,M,,,59
201100055769,11,12,29,1025,1,1,1,2.0,7.0,59196,M,,,59
201100055770,11,12,29,1945,3,1,1,2.0,3.0,62771,M,,,62
201100055771,11,1,3,935,1,2,2,1.0,3.0,69386,M,,,69
201100055772,11,8,25,1645,1,2,2,2.0,4.0,69286,M,,,69
201100055773,11,1,4,755,1,2,1,1.0,6.0,69383,M,,,69
201100055774,11,9,27,1620,1,2,1,1.0,6.0,69286,M,,,69
201100055775,11,1,4,837,1,2,2,1.0,6.0,69383,M,,,69
201100055776,11,10,11,1700,1,2,1,1.0,6.0,69286,M,,,69
201100055777,11,1,5,810,2,2,1,1.0,2.0,69386,M,,,69
201100055778,11,1,5,1030,1,2,2,1.0,3.0,69383,M,,,69
201100055779,11,1,6,1754,5,2,1,1.0,6.0,69386,M,,,69
201100055780,11,1,8,1520,1,2,1,1.0,5.0,69383,M,,,69
201100055781,11,1,10,845,1,2,1,1.0,3.0,69386,M,,,69
201100055782,11,1,11,2100,5,2,2,2.0,3.0,69383,M,,,69
201100055783,11,1,12,1752,5,2,1,2.0,4.0,69386,M,,,69
201100055784,11,1,12,1705,2,2,1,2.0,6.0,69386,M,,,69
201100055785,11,1,12,1430,1,2,1,2.0,3.0,69386,M,,,69
201100055786,11,1,4,845,1,2,1,1.0,3.0,69386,M,,,69
201100055787,11,1,15,2220,5,2,1,1.0,3.0,69386,M,,,69
201100055788,11,1,16,1310,1,2,1,1.0,6.0,69386,M,,,69
201100055789,11,1,16,1555,1,2,1,1.0,6.0,69386,M,,,69
201100055790,11,1,17,800,2,2,2,1.0,3.0,69383,M,,,69
201100055791,11,1,19,920,1,2,2,1.0,3.0,69386,M,,,69
201100055792,11,1,21,1920,5,2,2,1.0,6.0,69386,M,,,69
201100055793,11,1,19,1710,1,2,2,1.0,6.0,69383,M,,,69
201100055794,11,1,24,1540,1,2,2,1.0,3.0,69383,M,,,69
201100055795,11,1,25,1430,1,2,2,1.0,3.0,69383,M,,,69
201100055796,11,1,26,1340,1,2,1,1.0,3.0,69383,M,,,69
201100055797,11,1,26,1910,5,2,1,1.0,6.0,69383,M,,,69
201100055798,11,1,27,1545,1,2,3,1.0,6.0,69383,M,,,69
201100055799,11,1,30,1250,1,2,2,1.0,6.0,69386,M,,,69
201100055800,11,2,4,1020,1,2,1,1.0,6.0,69383,M,,,69
201100055801,11,2,7,1140,1,2,2,1.0,3.0,69383,M,,,69
201100055802,11,2,9,2100,5,2,2,1.0,3.0,69386,M,,,69
201100055803,11,2,10,1540,1,2,2,1.0,6.0,69383,M,,,69
201100055804,11,2,10,2010,5,2,3,1.0,6.0,69383,M,,,69
201100055805,11,2,14,1845,3,2,2,2.0,6.0,69383,M,,,69
201100055806,11,2,16,1920,5,2,1,1.0,6.0,69386,M,,,69
201100055807,11,2,17,2200,5,2,2,1.0,3.0,69383,M,,,69
201100055808,11,2,18,1230,1,2,2,1.0,6.0,69386,M,,,69
201100055809,11,2,21,1140,1,2,2,1.0,3.0,69383,M,,,69
201100055810,11,2,21,1800,2,2,1,2.0,3.0,69386,M,,,69
201100055811,11,2,22,930,1,2,1,1.0,6.0,69383,M,,,69
201100055812,11,2,26,1130,1,2,2,1.0,3.0,69383,M,,,69
201100055813,11,3,3,1140,1,2,1,1.0,3.0,69383,M,,,69
201100055814,11,3,8,1050,1,2,1,1.0,3.0,69386,M,,,69
201100055815,11,3,9,1230,1,2,1,1.0,6.0,69383,M,,,69
201100055816,11,3,9,1550,1,2,1,1.0,2.0,69386,M,,,69
201100055817,11,3,10,1520,1,2,1,1.0,6.0,69383,M,,,69
201100055818,11,3,14,910,1,2,2,1.0,3.0,69386,M,,,69
201100055819,11,3,14,925,1,2,1,1.0,3.0,69383,M,,,69
201100055820,11,3,10,1630,1,2,1,1.0,6.0,69383,M,,,69
201100055821,11,3,15,635,2,2,2,1.0,6.0,69383,M,,,69
201100055822,11,3,14,1315,1,2,2,1.0,3.0,69386,M,,,69
201100055823,11,3,16,1500,1,2,1,1.0,6.0,69383,M,,,69
201100055824,11,3,16,1650,1,2,1,1.0,6.0,69386,M,,,69
201100055825,11,3,16,855,1,2,1,1.0,6.0,69383,M,,,69
201100055826,11,3,16,1150,1,2,1,1.0,6.0,69383,M,,,69
201100055827,11,3,17,1745,1,2,2,1.0,6.0,69386,M,,,69
201100055828,11,3,21,750,1,2,3,1.0,3.0,69386,M,,,69
201100055829,11,3,25,720,1,2,1,1.0,6.0,69383,M,,,69
201100055830,11,3,27,2105,5,2,1,2.0,6.0,69383,M,,,69
201100055831,11,3,26,1935,5,2,2,1.0,3.0,69386,M,,,69
201100055832,11,3,25,1020,1,2,1,1.0,3.0,69383,M,,,69
201100055833,11,3,30,1745,1,2,1,1.0,6.0,69386,M,,,69
201100055834,11,4,3,540,5,2,1,1.0,4.0,69383,M,,,69
201100055835,11,4,4,1030,1,2,2,1.0,6.0,69386,M,,,69
201100055836,11,4,5,1800,1,2,2,1.0,6.0,69383,M,,,69
201100055837,11,4,9,1715,1,2,2,1.0,6.0,69386,M,,,69
201100055838,11,4,10,200,5,2,2,1.0,3.0,69383,M,,,69
201100055839,11,4,10,445,5,2,3,1.0,6.0,69383,M,,,69
201100055840,11,4,12,2225,3,2,2,1.0,3.0,69386,M,,,69
201100055841,11,4,13,2200,5,2,3,1.0,3.0,69383,M,,,69
201100055842,11,4,13,1900,1,2,1,1.0,6.0,69383,M,,,69
201100055843,11,4,15,1445,1,2,9,1.0,3.0,69386,M,,,69
201100055844,11,4,16,1450,1,2,1,1.0,6.0,69383,M,,,69
201100055845,11,4,19,800,1,2,8,1.0,3.0,69383,M,,,69
201100055846,11,4,19,1200,1,2,2,1.0,3.0,69386,M,,,69
201100055847,11,4,22,1700,1,2,2,1.0,6.0,69383,M,,,69
201100055848,11,4,22,1330,1,2,1,1.0,6.0,69383,M,,,69
201100055849,11,4,23,1115,1,2,2,1.0,6.0,69386,M,,,69
201100055850,11,4,23,2040,5,2,2,2.0,3.0,69386,M,,,69
201100055851,11,4,24,1250,1,2,2,1.0,2.0,69386,M,,,69
201100055852,11,4,25,1615,1,2,1,1.0,3.0,69383,M,,,69
201100055853,11,4,24,200,5,2,1,1.0,2.0,69383,M,,,69
201100055854,11,4,25,1710,1,2,2,1.0,3.0,69383,M,,,69
201100055855,11,4,30,1830,1,2,1,1.0,2.0,69383,M,,,69
201100055856,11,5,1,1400,1,2,1,1.0,6.0,69383,M,,,69
201100055857,11,5,3,2050,1,2,2,1.0,3.0,69386,M,,,69
201100055858,11,5,3,1315,1,2,2,1.0,6.0,69386,M,,,69
201100055859,11,5,4,1730,1,2,3,1.0,6.0,69383,M,,,69
201100055860,11,5,6,810,1,2,1,1.0,2.0,69383,M,,,69
201100055861,11,5,5,2050,2,2,1,1.0,7.0,69383,M,,,69
201100055862,11,5,6,1050,1,2,2,1.0,3.0,69386,M,,,69
201100055863,11,5,6,1215,1,2,1,1.0,2.0,69383,M,,,69
201100055864,11,5,6,1430,1,2,2,1.0,6.0,69386,M,,,69
201100055865,11,5,8,925,1,2,1,1.0,6.0,69383,M,,,69
201100055866,11,5,9,1450,1,2,1,1.0,3.0,69383,M,,,69
201100055867,11,5,10,850,1,2,1,1.0,6.0,69383,M,,,69
201100055868,11,5,13,1730,1,2,2,1.0,3.0,69383,M,,,69
201100055869,11,5,14,220,5,2,1,1.0,3.0,69383,M,,,69
201100055870,11,5,16,900,1,2,1,1.0,3.0,69383,M,,,69
201100055871,11,5,14,110,5,2,2,1.0,6.0,69386,M,,,69
201100055872,11,5,17,1530,1,2,2,1.0,6.0,69386,M,,,69
201100055873,11,5,20,5,5,2,3,1.0,3.0,69383,M,,,69
201100055874,11,5,20,1200,1,2,2,1.0,6.0,69383,M,,,69
201100055875,11,5,20,1610,1,2,2,1.0,3.0,69383,M,,,69
201100055876,11,5,21,1435,1,2,1,1.0,3.0,69386,M,,,69
201100055877,11,5,26,830,1,2,2,1.0,3.0,69386,M,,,69
201100055878,11,5,25,1430,1,2,2,1.0,6.0,69383,M,,,69
201100055879,11,5,25,1530,1,2,2,1.0,7.0,69386,M,,,69
201100055880,11,5,27,2050,2,2,1,8.0,6.0,69383,M,,,69
201100055881,11,5,26,910,1,2,2,1.0,1.0,69383,M,,,69
201100055882,11,5,30,1635,1,2,2,1.0,6.0,69383,M,,,69
201100055883,11,5,24,1400,1,2,3,1.0,3.0,69383,M,,,69
201100055884,11,5,30,1320,1,2,2,1.0,3.0,69383,M,,,69
201100055885,11,5,30,1705,1,2,1,1.0,6.0,69383,M,,,69
201100055886,11,6,1,1500,1,2,2,8.0,3.0,69383,M,,,69
201100055887,11,6,4,1130,1,2,1,1.0,6.0,69383,M,,,69
201100055888,11,6,5,2115,2,2,2,1.0,3.0,69383,M,,,69
201100055889,11,6,6,520,1,2,1,1.0,2.0,69386,M,,,69
201100055890,11,6,9,1815,1,2,1,1.0,3.0,69383,M,,,69
201100055891,11,6,11,1050,1,2,2,1.0,3.0,69386,M,,,69
201100055892,11,6,13,1800,1,2,1,1.0,6.0,69383,M,,,69
201100055893,11,6,19,200,5,2,2,1.0,6.0,69383,M,,,69
201100055894,11,6,19,1900,1,2,2,1.0,6.0,69383,M,,,69
201100055895,11,6,22,855,1,2,1,1.0,6.0,69383,M,,,69
201100055896,11,6,22,910,1,2,2,1.0,3.0,69383,M,,,69
201100055897,11,6,22,1800,1,2,1,3.0,6.0,69383,M,,,69
201100055898,11,6,23,1600,1,2,2,1.0,6.0,69386,M,,,69
201100055899,11,6,23,1030,1,2,1,1.0,6.0,69386,M,,,69
201100055900,11,6,26,120,5,2,1,1.0,6.0,69383,M,,,69
201100055901,11,6,27,1750,1,2,1,1.0,3.0,69386,M,,,69
201100055902,11,6,25,2015,1,2,5,1.0,3.0,69386,M,,,69
201100055903,11,6,27,1820,1,2,2,1.0,3.0,69386,M,,,69
201100055904,11,6,28,1055,1,2,2,1.0,3.0,69383,M,,,69
201100055905,11,6,29,1615,1,2,1,1.0,3.0,69383,M,,,69
201100055906,11,7,1,930,1,2,2,1.0,3.0,69386,M,,,69
201100055907,11,7,2,1730,1,2,1,1.0,6.0,69386,M,,,69
201100055908,11,7,3,500,5,2,2,1.0,3.0,69386,M,,,69
201100055909,11,7,3,1530,1,2,2,1.0,3.0,69386,M,,,69
201100055910,11,7,4,2100,1,2,2,1.0,3.0,69383,M,,,69
201100055911,11,7,4,2240,5,2,2,1.0,3.0,69383,M,,,69
201100055912,11,7,5,1130,1,2,2,1.0,4.0,69383,M,,,69
201100055913,11,7,6,130,5,2,1,1.0,6.0,69383,M,,,69
201100055914,11,7,7,800,1,2,1,1.0,3.0,69383,M,,,69
201100055915,11,7,8,1705,1,2,1,7.0,3.0,69386,M,,,69
201100055916,11,7,10,1800,1,2,2,1.0,3.0,69386,M,,,69
201100055917,11,7,12,1015,1,2,3,1.0,6.0,69383,M,,,69
201100055918,11,7,16,1140,1,2,1,1.0,6.0,69386,M,,,69
201100055919,11,7,17,1920,1,2,2,1.0,1.0,69383,M,,,69
201100055920,11,7,18,1900,1,2,3,1.0,6.0,69386,M,,,69
201100055921,11,7,26,1220,1,2,2,1.0,3.0,69383,M,,,69
201100055922,11,8,4,1510,1,2,3,1.0,3.0,69383,M,,,69
201100055923,11,8,5,1835,1,2,3,1.0,2.0,69386,M,0.0,0.0,69
201100055924,11,8,6,855,1,2,2,1.0,3.0,69383,M,0.0,0.0,69
201100055925,11,8,9,920,1,2,1,1.0,3.0,69386,M,0.0,0.0,69
201100055926,11,8,18,1040,1,2,2,1.0,6.0,69386,M,0.0,0.0,69
201100055927,11,8,22,1610,1,2,2,1.0,1.0,69386,M,0.0,0.0,69
201100055928,11,8,25,1100,1,2,1,1.0,6.0,69383,M,0.0,0.0,69
201100055929,11,8,26,2035,5,2,2,2.0,3.0,69386,M,0.0,0.0,69
201100055930,11,8,28,35,5,2,5,1.0,3.0,69383,M,0.0,0.0,69
201100055931,11,8,29,1545,1,2,1,1.0,6.0,69386,M,0.0,0.0,69
201100055932,11,8,29,1700,1,2,1,1.0,2.0,69383,M,0.0,0.0,69
201100055933,11,8,30,1800,1,2,4,1.0,3.0,69383,M,0.0,0.0,69
201100055934,11,9,1,740,1,2,2,1.0,6.0,69386,M,,,69
201100055935,11,8,29,1900,1,2,1,1.0,6.0,69383,M,0.0,0.0,69
201100055936,11,8,29,915,1,2,1,1.0,3.0,69386,M,0.0,0.0,69
201100055937,11,9,5,610,5,2,2,8.0,2.0,69383,M,,,69
201100055938,11,8,28,1655,1,2,1,1.0,5.0,69383,M,0.0,0.0,69
201100055939,11,9,9,1745,1,2,2,1.0,1.0,69383,M,,,69
201100055940,11,9,10,120,5,2,1,1.0,2.0,69383,M,,,69
201100055941,11,9,10,2015,5,2,2,1.0,3.0,69386,M,,,69
201100055942,11,9,12,900,1,2,1,1.0,6.0,69386,M,,,69
201100055943,11,9,12,1900,1,2,1,1.0,6.0,69386,M,,,69
201100055944,11,9,13,1400,1,2,1,1.0,2.0,69383,M,,,69
201100055945,11,9,14,1825,1,2,1,1.0,3.0,69383,M,,,69