Num_Acc,an,mois,jour,hrmn,lum,agg,int,atm,col,com,gps,lat,long,dep
201100055946,11,9,15,810,1,1,1,1.0,3.0,69383,M,,,69
201100055947,11,9,16,850,1,2,3,1.0,3.0,69383,M,,,69
201100055948,11,9,20,1100,1,2,1,1.0,7.0,69383,M,,,69
201100055949,11,9,21,1610,1,2,2,1.0,3.0,69383,M,,,69
201100055950,11,9,17,5,5,2,1,1.0,3.0,69383,M,,,69
201100055951,11,9,21,1330,1,2,2,1.0,6.0,69383,M,,,69
201100055952,11,9,22,1100,1,2,3,1.0,3.0,69386,M,,,69
201100055953,11,9,23,1845,2,2,2,1.0,3.0,69386,M,,,69
201100055954,11,9,24,850,1,2,2,1.0,3.0,69383,M,,,69
201100055955,11,9,27,1340,1,2,4,1.0,3.0,69386,M,,,69
201100055956,11,9,28,1230,1,2,2,1.0,6.0,69386,M,,,69
201100055957,11,9,28,1930,2,2,2,1.0,6.0,69383,M,,,69
201100055958,11,9,28,2230,5,2,2,1.0,3.0,69383,M,,,69
201100055959,11,9,29,1540,1,2,1,1.0,3.0,69383,M,,,69
201100055960,11,9,14,2125,5,2,2,1.0,6.0,69386,M,,,69
201100055961,11,9,30,1640,1,2,2,1.0,6.0,69386,M,,,69
201100055962,11,9,30,1650,1,2,1,1.0,6.0,69386,M,,,69
201100055963,11,10,3,800,1,2,2,1.0,2.0,69386,M,,,69
201100055964,11,9,27,1445,1,2,1,1.0,3.0,69383,M,,,69
201100055965,11,10,3,1730,1,2,1,1.0,6.0,69383,M,,,69
201100055966,11,10,3,1640,1,2,2,1.0,3.0,69386,M,,,69
201100055967,11,10,4,610,5,2,8,1.0,3.0,69383,M,,,69
201100055968,11,10,5,2210,5,2,1,1.0,6.0,69383,M,,,69
201100055969,11,10,5,1125,1,2,3,1.0,6.0,69386,M,,,69
201100055970,11,10,5,2230,5,2,2,1.0,6.0,69386,M,,,69
201100055971,11,10,6,730,2,2,2,1.0,3.0,69386,M,,,69
201100055972,11,10,7,1245,1,2,2,1.0,3.0,69386,M,,,69
201100055973,11,10,8,1100,1,2,1,2.0,7.0,69383,M,,,69
201100055974,11,10,10,1535,1,2,1,1.0,6.0,69383,M,,,69
201100055975,11,10,10,1820,2,2,1,1.0,2.0,69383,M,,,69
201100055976,11,10,1,2335,5,2,2,1.0,3.0,69386,M,,,69
201100055977,11,10,14,1740,1,2,3,1.0,5.0,69383,M,,,69
201100055978,11,10,18,945,1,2,2,1.0,3.0,69383,M,,,69
201100055979,11,10,18,1210,1,2,2,1.0,3.0,69383,M,,,69
201100055980,11,10,19,1445,1,2,2,1.0,3.0,69383,M,,,69
201100055981,11,10,19,2240,5,2,4,1.0,3.0,69386,M,,,69
201100055982,11,10,19,2045,5,2,1,1.0,3.0,69383,M,,,69
201100055983,11,10,24,825,1,2,2,1.0,3.0,69383,M,,,69
201100055984,11,10,24,1540,1,2,2,1.0,6.0,69383,M,,,69
201100055985,11,10,25,745,2,2,1,2.0,6.0,69386,M,,,69
201100055986,11,10,25,830,1,2,2,1.0,3.0,69383,M,,,69
201100055987,11,10,25,1109,1,2,1,2.0,2.0,69386,M,,,69
201100055988,11,10,25,1635,1,2,4,1.0,3.0,69386,M,,,69
201100055989,11,10,26,1145,1,2,1,1.0,6.0,69383,M,,,69
201100055990,11,10,28,825,1,2,2,1.0,6.0,69383,M,,,69
201100055991,11,10,30,350,5,2,1,1.0,6.0,69386,M,,,69
201100055992,11,11,2,750,1,2,2,1.0,3.0,69383,M,,,69
201100055993,11,11,5,1435,1,2,1,2.0,2.0,69383,M,,,69
201100055994,11,11,7,1145,1,2,1,1.0,6.0,69383,M,,,69
201100055995,11,9,27,1612,1,2,2,1.0,6.0,69383,M,,,69
201100055996,11,11,8,925,1,2,2,1.0,3.0,69383,M,,,69
201100055997,11,11,9,1750,5,2,1,1.0,2.0,69386,M,,,69
201100055998,11,11,11,415,4,2,2,1.0,2.0,69386,M,,,69
201100055999,11,11,14,1745,2,2,2,1.0,6.0,69386,M,,,69
201100056000,11,11,14,1810,5,2,2,1.0,6.0,69386,M,,,69
201100056001,11,11,14,1300,1,2,2,1.0,3.0,69386,M,,,69
201100056002,11,11,16,1250,1,2,2,1.0,6.0,69386,M,,,69
201100056003,11,11,18,2130,5,2,2,1.0,2.0,69383,M,,,69
201100056004,11,11,21,1220,1,2,2,1.0,3.0,69386,M,,,69
201100056005,11,11,21,1800,5,2,1,1.0,2.0,69383,M,,,69
201100056006,11,11,23,1200,1,2,1,1.0,3.0,69383,M,,,69
201100056007,11,11,30,1800,5,2,2,1.0,3.0,69386,M,,,69
201100056008,11,12,1,840,1,2,1,1.0,3.0,69383,M,,,69
201100056009,11,12,1,2007,5,2,1,1.0,4.0,69383,M,,,69
201100056010,11,12,3,1205,1,2,2,1.0,4.0,69386,M,,,69
201100056011,11,12,3,2035,5,2,2,2.0,6.0,69386,M,,,69
201100056012,11,12,2,1520,1,2,2,2.0,3.0,69386,M,,,69
201100056013,11,12,3,950,1,2,2,1.0,3.0,69383,M,,,69
201100056014,11,12,6,850,1,2,2,1.0,6.0,69383,M,,,69
201100056015,11,12,8,740,2,2,3,2.0,3.0,69383,M,,,69
201100056016,11,12,20,1650,5,2,1,1.0,6.0,69386,M,,,69
201100056017,11,12,9,1950,5,2,1,1.0,3.0,69386,M,,,69
201100056018,11,12,10,1840,5,2,1,1.0,6.0,69383,M,,,69
201100056019,11,12,11,2100,5,2,3,1.0,3.0,69386,M,,,69
201100056020,11,12,14,1320,1,2,1,2.0,2.0,69386,M,,,69
201100056021,11,12,15,1440,1,2,1,1.0,6.0,69386,M,,,69
201100056022,11,12,18,1220,1,2,2,1.0,6.0,69383,M,,,69
201100056023,11,12,19,1140,1,2,2,8.0,3.0,69383,M,,,69
201100056024,11,12,21,1400,1,2,2,2.0,1.0,69386,M,,,69
201100056025,11,12,21,1415,1,2,1,2.0,5.0,69383,M,,,69
201100056026,11,12,22,1055,1,2,2,2.0,6.0,69383,M,,,69
201100056027,11,12,27,1540,1,2,1,1.0,6.0,69383,M,,,69
201100056028,11,12,8,1550,1,2,1,1.0,6.0,69383,M,,,69
201100056029,11,1,17,755,1,2,3,8.0,3.0,69384,M,,,69
201100056030,11,1,23,1135,1,2,1,1.0,2.0,69384,M,,,69
201100056031,11,1,29,420,5,2,1,1.0,4.0,69384,M,,,69
201100056032,11,1,29,1810,5,2,1,1.0,6.0,69384,M,,,69
201100056033,11,3,3,1120,1,2,3,1.0,6.0,69384,M,,,69
201100056034,11,3,31,1004,1,2,3,2.0,1.0,69384,M,,,69
201100056035,11,4,1,845,1,2,3,1.0,6.0,69384,M,,,69
201100056036,11,4,6,1915,1,2,1,1.0,6.0,69384,M,,,69
201100056037,11,4,16,800,1,2,3,1.0,7.0,69384,M,,,69
201100056038,11,5,21,2350,5,2,3,1.0,3.0,69384,M,,,69
201100056039,11,5,28,2345,5,2,1,1.0,6.0,69384,M,,,69
201100056040,11,6,1,1410,1,2,2,8.0,6.0,69384,M,,,69
201100056041,11,6,9,1650,1,2,1,1.0,3.0,69384,M,,,69
201100056042,11,6,12,800,5,2,1,1.0,6.0,69384,M,,,69
201100056043,11,6,25,1012,1,2,2,1.0,6.0,69384,M,,,69
201100056044,11,6,25,2035,1,2,1,1.0,6.0,69384,M,,,69
201100056045,11,7,13,1745,1,2,1,3.0,3.0,69384,M,,,69
201100056046,11,7,28,130,5,2,1,1.0,6.0,69384,M,,,69
201100056047,11,8,11,1900,1,2,4,1.0,3.0,69384,M,0.0,0.0,69
201100056048,11,8,22,1140,1,2,1,1.0,2.0,69384,M,0.0,0.0,69
201100056049,11,8,24,2208,4,2,3,1.0,3.0,69384,M,0.0,0.0,69
201100056050,11,8,28,1950,1,2,1,1.0,2.0,69384,M,0.0,0.0,69
201100056051,11,9,3,1300,1,2,6,1.0,6.0,69384,M,,,69
201100056052,11,9,7,1155,1,2,1,1.0,6.0,69384,M,,,69
201100056053,11,9,9,1015,1,2,3,1.0,3.0,69384,M,,,69
201100056054,11,9,10,1910,2,2,1,1.0,6.0,69384,M,,,69
201100056055,11,9,11,205,5,2,1,1.0,6.0,69384,M,,,69
201100056056,11,9,12,1015,1,2,1,1.0,2.0,69384,M,,,69
201100056057,11,9,15,805,1,2,1,1.0,6.0,69384,M,,,69
201100056058,11,9,17,1230,1,2,3,1.0,3.0,69384,M,,,69
201100056059,11,9,26,2020,5,2,1,1.0,3.0,69384,M,,,69
201100056060,11,9,28,1700,1,2,2,1.0,6.0,69384,M,,,69
201100056061,11,9,29,1640,1,2,2,1.0,6.0,69384,M,,,69
201100056062,11,10,3,935,1,2,4,1.0,6.0,69384,M,,,69
201100056063,11,10,6,1730,1,2,2,1.0,3.0,69384,M,,,69
201100056064,11,10,14,800,1,2,1,1.0,3.0,69384,M,,,69
201100056065,11,10,17,1910,5,2,1,1.0,6.0,69384,M,,,69
201100056066,11,11,3,1340,1,2,2,1.0,3.0,69384,M,,,69
201100056067,11,11,15,900,1,2,1,1.0,2.0,69384,M,,,69
201100056068,11,12,3,2010,5,2,1,2.0,6.0,69384,M,,,69
201100056069,11,12,7,1400,1,2,1,2.0,6.0,69384,M,,,69
201100056070,11,12,18,930,1,2,1,2.0,6.0,69384,M,,,69
201100056071,11,1,1,405,4,1,1,1.0,5.0,33550,M,,,33
201100056072,11,1,1,1200,1,1,1,1.0,6.0,33397,M,,,33
201100056073,11,1,3,1510,1,1,1,1.0,4.0,33122,M,,,33
201100056074,11,1,5,1420,1,1,1,2.0,2.0,33039,M,,,33
201100056075,11,1,6,1520,1,1,1,2.0,6.0,33318,M,,,33
201100056076,11,1,11,1855,5,1,1,1.0,4.0,33039,M,,,33
201100056077,11,1,12,1230,1,1,1,1.0,6.0,33318,M,,,33
201100056078,11,1,12,1825,5,1,1,2.0,7.0,33249,M,,,33
201100056079,11,1,13,750,2,1,1,1.0,5.0,33090,M,,,33
201100056080,11,1,14,1350,1,1,1,1.0,5.0,33039,M,,,33
201100056081,11,1,14,1920,5,1,1,1.0,5.0,33119,M,,,33
201100056082,11,1,20,1350,1,1,1,1.0,2.0,33281,M,,,33
201100056083,11,1,20,1520,1,1,1,1.0,7.0,33075,M,,,33
201100056084,11,1,25,705,5,1,1,1.0,6.0,33192,M,,,33
201100056085,11,1,26,730,3,1,1,1.0,4.0,33080,M,,,33
201100056086,11,1,26,755,1,1,1,1.0,4.0,33075,M,,,33
201100056087,11,1,26,1900,5,1,1,1.0,3.0,33550,M,,,33
201100056088,11,1,28,1945,5,1,1,2.0,2.0,33167,M,,,33
201100056089,11,1,30,2200,3,1,1,1.0,2.0,33192,M,,,33
201100056090,11,2,2,750,5,1,1,1.0,4.0,33039,M,,,33
201100056091,11,2,4,1045,1,1,1,8.0,2.0,33550,M,,,33
201100056092,11,2,4,2015,5,1,1,1.0,3.0,33167,M,,,33
201100056093,11,2,4,2250,3,1,1,1.0,5.0,33143,M,,,33
201100056094,11,2,7,830,1,1,1,1.0,3.0,33281,M,,,33
201100056095,11,2,9,1225,1,1,1,1.0,4.0,33162,M,,,33
201100056096,11,2,10,800,1,1,1,1.0,2.0,33119,M,,,33
201100056097,11,2,10,2325,5,1,1,1.0,3.0,33550,M,,,33
201100056098,11,2,15,1810,1,1,1,2.0,5.0,33075,M,,,33
201100056099,11,2,19,2130,5,1,1,1.0,2.0,33281,M,,,33
201100056100,11,2,20,1805,1,1,1,1.0,4.0,33550,M,,,33
201100056101,11,2,22,1425,1,1,1,2.0,2.0,33075,M,,,33
201100056102,11,2,23,735,2,1,1,1.0,3.0,33318,M,,,33
201100056103,11,2,23,2255,3,1,1,2.0,2.0,33366,M,,,33
201100056104,11,3,4,755,1,1,1,1.0,2.0,33318,M,,,33
201100056105,11,3,4,1810,1,1,1,1.0,2.0,33281,M,,,33
201100056106,11,3,5,1910,1,1,1,1.0,7.0,33096,M,,,33
201100056107,11,3,5,2320,5,1,1,1.0,2.0,33119,M,,,33
201100056108,11,3,6,135,5,1,1,1.0,2.0,33090,M,,,33
201100056109,11,3,9,625,5,1,1,1.0,3.0,33550,M,,,33
201100056110,11,3,10,830,1,1,1,1.0,3.0,33162,M,,,33
201100056111,11,3,11,900,1,1,1,1.0,4.0,33080,M,,,33
201100056112,11,3,11,915,1,1,1,1.0,2.0,33448,M,,,33
201100056113,11,3,11,1950,3,1,1,1.0,5.0,33080,M,,,33
201100056114,11,3,11,2200,3,1,1,1.0,6.0,33080,M,,,33
201100056115,11,3,14,1630,1,1,1,1.0,5.0,33167,M,,,33
201100056116,11,3,15,1535,1,1,1,1.0,3.0,33550,M,,,33
201100056117,11,3,21,655,3,1,1,1.0,6.0,33090,M,,,33
201100056118,11,3,21,1020,1,1,1,1.0,2.0,33192,M,,,33
201100056119,11,3,21,1130,1,1,1,1.0,3.0,33063,M,,,33
201100056120,11,3,28,1755,1,1,1,1.0,2.0,33192,M,,,33
201100056121,11,3,31,915,1,1,1,2.0,3.0,33039,M,,,33
201100056122,11,4,3,2135,5,1,1,1.0,5.0,33318,M,,,33
201100056123,11,4,4,1610,1,1,1,1.0,4.0,33090,M,,,33
201100056124,11,4,6,1940,1,1,1,1.0,3.0,33039,M,,,33
201100056125,11,4,6,2020,1,1,1,1.0,7.0,33281,M,,,33
201100056126,11,4,7,805,1,1,1,1.0,5.0,33162,M,,,33
201100056127,11,4,7,1625,1,1,1,1.0,2.0,33039,M,,,33
201100056128,11,4,7,1850,1,1,1,1.0,2.0,33162,M,,,33
201100056129,11,4,8,345,5,1,1,1.0,5.0,33249,M,,,33
201100056130,11,4,8,1800,1,1,1,1.0,7.0,33162,M,,,33
201100056131,11,4,12,1355,1,1,1,1.0,5.0,33039,M,,,33
201100056132,11,4,15,515,5,1,1,1.0,6.0,33075,M,,,33
201100056133,11,4,16,1225,1,1,1,1.0,4.0,33397,M,,,33
201100056134,11,4,17,1935,1,1,1,1.0,6.0,33281,M,,,33
201100056135,11,4,22,1850,1,1,1,1.0,2.0,33487,M,,,33
201100056136,11,4,25,110,5,1,1,1.0,7.0,33249,M,,,33
201100056137,11,4,26,1455,1,1,1,1.0,5.0,33550,M,,,33
201100056138,11,4,27,2005,1,1,1,2.0,7.0,33065,M,,,33
201100056139,11,5,1,655,5,1,1,2.0,7.0,33550,M,,,33
201100056140,11,5,4,1300,1,1,1,1.0,2.0,33162,M,,,33
201100056141,11,5,5,1850,1,1,1,1.0,2.0,33249,M,,,33
201100056142,11,5,6,1815,1,1,1,1.0,5.0,33039,M,,,33
201100056143,11,5,8,235,5,1,1,1.0,6.0,33167,M,,,33
201100056144,11,5,9,800,1,1,1,1.0,5.0,33192,M,,,33
201100056145,11,5,9,900,1,1,1,1.0,4.0,33249,M,,,33
201100056146,11,5,9,2215,5,1,1,1.0,5.0,33119,M,,,33
201100056147,11,5,10,630,3,1,1,1.0,2.0,33366,M,,,33
201100056148,11,5,10,2230,5,1,1,1.0,7.0,33075,M,,,33
201100056149,11,5,12,2135,5,1,1,1.0,2.0,33065,M,,,33
201100056150,11,5,13,1105,1,1,1,1.0,5.0,33167,M,,,33
201100056151,11,5,14,1635,1,1,1,1.0,7.0,33143,M,,,33
201100056152,11,5,16,750,1,1,1,1.0,4.0,33162,M,,,33
201100056153,11,5,16,820,1,1,1,1.0,2.0,33397,M,,,33
201100056154,11,5,17,845,1,1,1,1.0,3.0,33318,M,,,33
201100056155,11,5,18,735,1,1,1,1.0,6.0,33167,M,,,33
201100056156,11,5,18,745,1,1,1,1.0,5.0,33075,M,,,33
201100056157,11,5,21,1625,1,1,1,1.0,3.0,33167,M,,,33
201100056158,11,5,25,800,1,1,1,1.0,3.0,33318,M,,,33
201100056159,11,5,25,1040,1,1,1,1.0,2.0,33039,M,,,33
201100056160,11,5,26,810,1,1,1,1.0,2.0,33550,M,,,33
201100056161,11,5,29,340,5,1,1,1.0,7.0,33550,M,,,33
201100056162,11,5,30,925,1,1,1,1.0,3.0,33039,M,,,33
201100056163,11,6,1,1320,1,1,1,1.0,3.0,33119,M,,,33
201100056164,11,6,3,1445,1,1,1,1.0,4.0,33249,M,,,33
201100056165,11,6,6,845,1,1,1,1.0,3.0,33281,M,,,33
201100056166,11,6,6,1805,1,1,1,1.0,4.0,33063,M,,,33
201100056167,11,6,8,450,5,1,1,1.0,3.0,33397,M,,,33
201100056168,11,6,10,730,1,1,1,1.0,7.0,33550,M,,,33
201100056169,11,6,12,1340,1,1,1,1.0,6.0,33487,M,,,33
201100056170,11,6,14,740,1,1,1,1.0,3.0,33162,M,,,33
201100056171,11,6,14,1920,1,1,1,1.0,4.0,33122,M,,,33
201100056172,11,6,15,715,5,1,1,1.0,2.0,33281,M,,,33
201100056173,11,6,15,1030,1,1,1,1.0,3.0,33192,M,,,33
201100056174,11,6,24,1730,1,1,1,1.0,2.0,33281,M,,,33
201100056175,11,6,30,745,1,1,1,1.0,2.0,33003,M,,,33
201100056176,11,7,2,550,5,1,1,1.0,6.0,33318,M,,,33
201100056177,11,7,3,415,3,1,1,1.0,2.0,33090,M,,,33
201100056178,11,7,4,30,5,1,1,1.0,2.0,33249,M,,,33
201100056179,11,7,5,840,1,1,1,1.0,2.0,33075,M,,,33
201100056180,11,7,8,1720,1,1,1,1.0,2.0,33550,M,,,33
201100056181,11,7,9,215,5,1,1,1.0,6.0,33039,M,,,33
201100056182,11,7,10,1545,1,1,1,1.0,6.0,33249,M,,,33
201100056183,11,7,13,2210,5,1,1,1.0,6.0,33249,M,,,33
201100056184,11,7,20,2215,3,1,1,1.0,2.0,33023,M,,,33
201100056185,11,7,15,2330,5,1,1,1.0,2.0,33249,M,,,33
201100056186,11,7,17,1725,1,1,1,1.0,6.0,33281,M,,,33
201100056187,11,7,20,1310,1,1,1,1.0,6.0,33162,M,,,33
201100056188,11,7,22,1515,1,1,1,2.0,6.0,33063,M,,,33
201100056189,11,7,20,1740,1,1,1,2.0,6.0,33192,M,,,33
201100056190,11,7,23,2000,1,1,1,1.0,3.0,33162,M,,,33
201100056191,11,7,25,810,1,1,1,3.0,6.0,33318,M,,,33
201100056192,11,7,25,1305,1,1,1,3.0,5.0,33366,M,,,33
201100056193,11,7,25,1500,1,1,1,2.0,2.0,33090,M,,,33
201100056194,11,7,26,1815,1,1,1,2.0,2.0,33318,M,,,33
201100056195,11,7,27,1220,1,1,1,1.0,6.0,33143,M,,,33
201100056196,11,7,28,1805,1,1,1,1.0,2.0,33318,M,,,33
201100056197,11,7,30,5,5,1,1,1.0,4.0,33096,M,,,33
201100056198,11,8,4,2040,1,1,1,1.0,5.0,33003,M,,,33
201100056199,11,8,8,845,1,1,1,1.0,6.0,33366,M,,,33
201100056200,11,8,9,1725,1,1,1,1.0,3.0,33039,M,,,33
201100056201,11,8,15,1050,1,1,1,2.0,2.0,33096,M,,,33
201100056202,11,8,24,800,1,1,1,2.0,5.0,33039,M,,,33
201100056203,11,8,24,945,1,1,1,2.0,3.0,33318,M,,,33
201100056204,11,8,29,1730,1,1,1,1.0,4.0,33119,M,,,33
201100056205,11,9,1,35,4,1,1,1.0,7.0,33162,M,,,33
201100056206,11,9,1,835,1,1,1,1.0,2.0,33122,M,,,33
201100056207,11,9,1,1720,1,1,1,1.0,2.0,33063,M,,,33
201100056208,11,9,2,545,4,1,9,1.0,6.0,33167,M,,,33
201100056209,11,9,7,1530,1,1,1,2.0,6.0,33318,M,,,33
201100056210,11,9,8,820,1,1,1,2.0,2.0,33039,M,,,33
201100056211,11,9,10,1055,1,1,1,1.0,4.0,33249,M,,,33
201100056212,11,9,11,1632,1,1,1,1.0,7.0,33075,M,,,33
201100056213,11,9,15,1750,1,1,1,1.0,2.0,33318,M,,,33
201100056214,11,9,16,1630,1,1,1,1.0,2.0,33249,M,,,33
201100056215,11,9,20,820,1,1,1,1.0,4.0,33075,M,,,33
201100056216,11,9,20,2045,2,1,1,1.0,3.0,33249,M,,,33
201100056217,11,9,25,2115,5,1,1,1.0,6.0,33119,M,,,33
201100056218,11,9,27,940,1,1,1,1.0,4.0,33167,M,,,33
201100056219,11,9,27,1735,1,1,1,1.0,3.0,33550,M,,,33
201100056220,11,9,28,815,1,1,1,1.0,4.0,33535,M,,,33
201100056221,11,9,29,155,3,1,1,1.0,2.0,33143,M,,,33
201100056222,11,9,30,1550,1,1,1,1.0,7.0,33122,M,,,33
201100056223,11,10,1,1645,1,1,1,1.0,2.0,33249,M,,,33
201100056224,11,10,4,1805,1,1,1,1.0,3.0,33550,M,,,33
201100056225,11,10,5,800,2,1,1,1.0,2.0,33281,M,,,33
201100056226,11,10,5,1055,1,1,1,1.0,6.0,33487,M,,,33
201100056227,11,10,5,1730,1,1,1,1.0,7.0,33192,M,,,33
201100056228,11,10,11,2150,4,1,1,1.0,7.0,33192,M,,,33
201100056229,11,10,12,940,1,1,1,1.0,6.0,33119,M,,,33
201100056230,11,10,17,1755,1,1,1,1.0,2.0,33281,M,,,33
201100056231,11,10,19,925,1,1,1,2.0,6.0,33065,M,,,33
201100056232,11,10,19,955,1,1,1,2.0,6.0,33249,M,,,33
201100056233,11,10,19,1500,1,1,1,1.0,6.0,33318,M,,,33
201100056234,11,10,20,1035,1,1,1,1.0,3.0,33249,M,,,33
201100056235,11,10,22,120,5,1,1,1.0,6.0,33550,M,,,33
201100056236,11,10,24,2035,3,1,1,2.0,2.0,33122,M,,,33
201100056237,11,10,26,1725,1,1,1,1.0,2.0,33090,M,,,33
201100056238,11,10,28,2325,3,1,1,1.0,2.0,33487,M,,,33
201100056239,11,10,29,1015,1,1,1,1.0,6.0,33119,M,,,33
201100056240,11,10,31,1930,2,1,1,1.0,6.0,33397,M,,,33
201100056241,11,11,3,845,1,1,1,2.0,3.0,33039,M,,,33
201100056242,11,11,3,1720,1,1,1,2.0,6.0,33075,M,,,33
201100056243,11,11,4,1935,5,1,1,2.0,5.0,33550,M,,,33
201100056244,11,11,9,815,1,1,1,1.0,3.0,33075,M,,,33
201100056245,11,11,9,905,1,1,1,1.0,2.0,33535,M,,,33
201100056246,11,11,10,1840,2,1,1,1.0,3.0,33366,M,,,33
201100056247,11,11,10,1920,3,1,1,1.0,4.0,33366,M,,,33
201100056248,11,11,14,1235,1,1,1,1.0,5.0,33249,M,,,33
201100056249,11,11,15,815,2,1,1,1.0,3.0,33318,M,,,33
201100056250,11,11,16,900,1,1,1,1.0,4.0,33249,M,,,33
201100056251,11,11,21,1815,3,1,1,1.0,6.0,33448,M,,,33
201100056252,11,11,23,1755,5,1,1,1.0,2.0,33550,M,,,33
201100056253,11,11,23,1820,5,1,1,1.0,4.0,33249,M,,,33
201100056254,11,11,24,1635,1,1,1,1.0,2.0,33162,M,,,33
201100056255,11,11,29,845,1,1,1,1.0,2.0,33550,M,,,33
201100056256,11,11,29,2335,4,1,1,2.0,6.0,33162,M,,,33
201100056257,11,11,30,1735,1,1,1,1.0,3.0,33075,M,,,33
201100056258,11,11,30,1725,1,1,1,1.0,2.0,33318,M,,,33
201100056259,11,12,1,650,4,1,1,1.0,3.0,33192,M,,,33
201100056260,11,12,1,855,1,1,1,1.0,2.0,33249,M,,,33
201100056261,11,12,1,1655,1,1,1,1.0,6.0,33249,M,,,33
201100056262,11,12,1,2335,5,1,1,1.0,3.0,33281,M,,,33
201100056263,11,12,2,1610,1,1,1,1.0,2.0,33039,M,,,33
201100056264,11,12,3,1625,1,1,1,2.0,6.0,33550,M,,,33
201100056265,11,12,4,120,3,1,1,2.0,3.0,33318,M,,,33
201100056266,11,12,4,1210,1,1,1,2.0,6.0,33550,M,,,33
201100056267,11,12,4,1525,1,1,1,2.0,6.0,33063,M,,,33
201100056268,11,12,4,1515,1,1,1,2.0,6.0,33318,M,,,33
201100056269,11,12,4,1545,1,1,1,2.0,6.0,33249,M,,,33
201100056270,11,12,5,920,1,1,1,2.0,6.0,33281,M,,,33
201100056271,11,12,6,950,1,1,1,2.0,6.0,33063,M,,,33
201100056272,11,12,7,1635,1,1,1,2.0,4.0,33039,M,,,33
201100056273,11,12,8,815,2,1,1,1.0,5.0,33192,M,,,33
201100056274,11,12,8,1430,1,1,1,1.0,2.0,33122,M,,,33
201100056275,11,12,9,545,5,1,1,2.0,6.0,33065,M,,,33
201100056276,11,12,9,1930,5,1,1,2.0,4.0,33550,M,,,33
201100056277,11,12,12,835,1,1,1,2.0,3.0,33397,M,,,33
201100056278,11,12,12,1815,5,1,1,1.0,2.0,33119,M,,,33
201100056279,11,12,13,2040,5,1,1,2.0,6.0,33039,M,,,33
201100056280,11,12,16,1345,1,1,1,2.0,3.0,33550,M,,,33
201100056281,11,12,17,645,3,1,1,2.0,4.0,33122,M,,,33
201100056282,11,12,17,1900,5,1,1,3.0,3.0,33318,M,,,33
201100056283,11,12,19,630,5,1,1,2.0,5.0,33397,M,,,33
201100056284,11,12,19,1550,1,1,1,2.0,4.0,33039,M,,,33
201100056285,11,12,27,1300,1,1,1,1.0,2.0,33366,M,,,33
201100056286,11,1,1,540,5,2,1,1.0,7.0,69385,M,,,69
201100056287,11,1,26,732,3,2,2,4.0,7.0,69385,M,,,69
201100056288,11,1,29,1550,1,2,3,1.0,2.0,69385,M,,,69
201100056289,11,2,18,1315,1,2,1,1.0,7.0,69385,M,,,69
201100056290,11,2,20,1240,1,2,1,1.0,7.0,69385,M,,,69
201100056291,11,3,16,910,1,2,1,8.0,3.0,69385,M,,,69
201100056292,11,3,18,145,5,2,1,1.0,1.0,69385,M,,,69
201100056293,11,4,4,915,1,2,1,1.0,6.0,69385,M,,,69
201100056294,11,4,7,1440,1,2,1,1.0,3.0,69385,M,,,69
201100056295,11,4,15,1645,1,2,1,1.0,3.0,69385,M,,,69
201100056296,11,4,19,830,1,2,1,1.0,2.0,69385,M,,,69
201100056297,11,4,19,1200,1,2,1,1.0,6.0,69385,M,,,69
201100056298,11,4,28,920,1,2,1,8.0,2.0,69385,M,,,69
201100056299,11,5,18,1520,1,2,1,1.0,6.0,69385,M,,,69
201100056300,11,5,27,2005,1,2,1,1.0,2.0,69385,M,,,69
201100056301,11,6,3,1848,1,2,3,1.0,7.0,69385,M,,,69
201100056302,11,6,15,1525,1,2,1,1.0,3.0,69385,M,,,69
201100056303,11,6,25,1820,1,2,1,1.0,7.0,69385,M,,,69
201100056304,11,7,9,1930,1,2,1,1.0,7.0,69385,M,,,69
201100056305,11,7,14,750,1,1,1,1.0,7.0,69385,M,,,69
201100056306,11,7,21,820,1,2,1,2.0,7.0,69385,M,,,69
201100056307,11,7,25,1120,1,2,1,1.0,7.0,69385,M,,,69
201100056308,11,7,29,1750,1,2,2,1.0,3.0,69385,M,,,69
201100056309,11,8,8,1245,1,2,1,1.0,6.0,69385,M,0.0,0.0,69
201100056310,11,8,23,2253,5,2,1,1.0,7.0,69385,M,0.0,0.0,69
201100056311,11,9,14,2200,5,2,3,1.0,3.0,69385,M,,,69
201100056312,11,9,16,745,1,2,1,7.0,4.0,69385,M,,,69
201100056313,11,10,4,817,1,2,2,1.0,6.0,69385,M,,,69
201100056314,11,10,6,1425,1,2,2,1.0,2.0,69385,M,,,69
201100056315,11,10,6,1616,1,2,1,8.0,6.0,69385,M,,,69
201100056316,11,10,9,1410,1,2,1,2.0,7.0,69385,M,,,69
201100056317,11,10,13,1350,1,2,2,1.0,3.0,69385,M,,,69
201100056318,11,10,25,555,5,2,1,3.0,6.0,69385,M,,,69
201100056319,11,10,29,1950,3,2,1,1.0,5.0,69385,M,,,69
201100056320,11,11,12,1105,1,2,1,1.0,7.0,69385,M,0.0,0.0,69
201100056321,11,11,15,830,1,2,1,1.0,7.0,69385,M,,,69
201100056322,11,11,24,835,1,2,1,1.0,3.0,69385,M,,,69
201100056323,11,11,28,1650,2,2,1,1.0,7.0,69385,M,,,69
201100056324,11,12,6,850,1,2,1,2.0,7.0,69385,M,,,69
201100056325,11,12,21,5,5,2,1,2.0,7.0,69385,M,,,69
201100056326,11,12,20,1825,5,2,2,2.0,7.0,69385,M,,,69
201100056327,11,12,25,1115,1,2,3,1.0,6.0,69385,M,,,69
201100056328,11,1,25,950,1,1,1,1.0,2.0,67124,M,,,67
201100056329,11,1,28,740,2,1,1,1.0,4.0,67218,M,,,67
201100056330,11,1,28,950,1,1,1,1.0,3.0,67447,M,,,67