Num_Acc,an,mois,jour,hrmn,lum,agg,int,atm,col,com,gps,lat,long,dep
201100056331,11,2,5,1900,3,1,1,1.0,3.0,67482,M,,,67
201100056332,11,2,13,220,4,1,1,3.0,2.0,67482,M,,,67
201100056333,11,2,25,1840,4,1,1,1.0,7.0,67482,M,,,67
201100056334,11,3,4,1015,1,1,1,1.0,5.0,67309,M,,,67
201100056335,11,3,9,430,4,1,1,1.0,2.0,67447,M,,,67
201100056336,11,3,15,1705,1,1,1,1.0,4.0,67365,M,,,67
201100056337,11,3,15,1940,3,1,1,1.0,5.0,67482,M,,,67
201100056338,11,3,25,1710,1,1,1,1.0,4.0,67482,M,,,67
201100056339,11,3,30,1500,1,1,1,1.0,2.0,67482,M,,,67
201100056340,11,3,30,1825,1,1,1,1.0,5.0,67482,M,,,67
201100056341,11,4,1,1410,1,1,1,1.0,3.0,67482,M,,,67
201100056342,11,4,1,1850,1,1,1,1.0,2.0,67365,M,,,67
201100056343,11,4,4,1740,1,1,1,1.0,4.0,67482,M,,,67
201100056344,11,4,7,940,1,1,1,1.0,2.0,67482,M,,,67
201100056345,11,4,13,1700,1,1,1,1.0,4.0,67365,M,,,67
201100056346,11,4,14,910,1,1,1,1.0,3.0,67218,M,,,67
201100056347,11,4,20,520,3,1,1,1.0,7.0,67482,M,,,67
201100056348,11,5,4,815,1,1,1,1.0,4.0,67471,M,,,67
201100056349,11,5,5,730,1,1,1,1.0,4.0,67152,M,,,67
201100056350,11,5,5,915,1,1,1,1.0,3.0,67482,M,,,67
201100056351,11,5,18,1405,1,1,1,1.0,3.0,67447,M,,,67
201100056352,11,5,25,750,1,1,1,1.0,3.0,67482,M,,,67
201100056353,11,6,9,245,3,1,1,1.0,6.0,67482,M,,,67
201100056354,11,6,14,1745,1,1,1,1.0,2.0,67447,M,,,67
201100056355,11,6,28,610,1,1,1,1.0,6.0,67482,M,,,67
201100056356,11,7,8,1830,1,1,1,1.0,2.0,67365,M,,,67
201100056357,11,7,19,2210,4,1,1,2.0,7.0,67482,M,,,67
201100056358,11,8,18,1945,1,1,1,1.0,6.0,67218,M,,,67
201100056359,11,9,6,1220,1,1,1,1.0,6.0,67204,M,,,67
201100056360,11,9,7,2000,5,1,1,1.0,3.0,67447,M,,,67
201100056361,11,9,9,1335,1,1,1,1.0,2.0,67447,M,,,67
201100056362,11,9,23,600,3,1,1,1.0,3.0,67365,M,,,67
201100056363,11,9,23,1715,1,1,1,1.0,2.0,67365,M,,,67
201100056364,11,9,26,1230,1,1,1,1.0,3.0,67482,M,,,67
201100056365,11,9,26,1805,1,1,1,1.0,2.0,67482,M,,,67
201100056366,11,9,28,1435,1,1,1,1.0,3.0,67482,M,,,67
201100056367,11,9,30,1315,1,1,1,1.0,7.0,67152,M,,,67
201100056368,11,10,11,1755,1,1,1,1.0,6.0,67152,M,,,67
201100056369,11,10,24,235,4,1,1,5.0,6.0,67447,M,,,67
201100056370,11,10,31,1923,5,1,1,1.0,6.0,67482,M,,,67
201100056371,11,11,3,1725,3,1,1,1.0,4.0,67043,M,,,67
201100056372,11,11,12,330,3,1,1,1.0,6.0,67365,M,,,67
201100056373,11,12,10,1120,1,1,1,1.0,3.0,67152,M,,,67
201100056374,11,12,11,255,3,1,1,1.0,7.0,67482,M,,,67
201100056375,11,12,13,1750,3,1,1,1.0,4.0,67204,M,,,67
201100056376,11,12,17,130,3,1,1,1.0,7.0,67389,M,,,67
201100056377,11,12,19,1230,1,1,1,1.0,2.0,67482,M,,,67
201100056378,11,2,28,1002,1,1,1,1.0,7.0,54328,M,4862525.0,618497.0,54
201100056379,11,3,12,1920,3,1,1,2.0,2.0,54328,M,4862966.0,617968.0,54
201100056380,11,3,19,600,4,1,1,8.0,6.0,54312,M,4894618.0,611233.0,54
201100056381,11,4,8,1910,1,1,1,1.0,6.0,54265,M,4863883.0,617107.0,54
201100056382,11,5,21,230,3,1,1,1.0,2.0,54571,M,4861854.0,624505.0,54
201100056383,11,5,28,1515,1,1,1,1.0,5.0,54357,M,,,54
201100056384,11,6,8,430,3,1,1,2.0,6.0,54571,M,,,54
201100056385,11,6,8,1245,1,1,1,1.0,4.0,54304,M,,,54
201100056386,11,6,17,837,1,1,1,1.0,5.0,54115,M,4873926.0,615461.0,54
201100056387,11,6,28,1000,1,1,1,1.0,2.0,54571,M,4861842.0,623804.0,54
201100056388,11,7,1,1737,1,1,1,1.0,7.0,54060,M,4882021.0,610637.0,54
201100056389,11,6,28,820,1,1,1,1.0,2.0,54571,M,4861840.0,622718.0,54
201100056390,11,7,14,1830,1,1,1,1.0,3.0,54328,M,,,54
201100056391,11,7,7,850,1,1,1,1.0,2.0,54571,M,,,54
201100056392,11,8,24,1600,1,1,1,1.0,7.0,54115,M,,,54
201100056393,11,7,26,1240,1,1,1,1.0,5.0,54357,M,,,54
201100056394,11,9,14,2130,3,1,1,1.0,5.0,54197,M,,,54
201100056395,11,11,7,1600,1,1,1,2.0,4.0,54167,M,,,54
201100056396,11,10,7,745,1,1,1,2.0,2.0,54197,M,,,54
201100056397,11,10,24,529,3,1,1,1.0,4.0,54557,M,,,54
201100056398,11,10,3,1720,1,1,1,1.0,5.0,54027,M,,,54
201100056399,11,2,1,1035,1,1,1,1.0,5.0,57582,M,,,57
201100056400,11,2,26,446,3,1,1,1.0,2.0,57356,M,,,57
201100056401,11,2,26,2035,5,1,1,8.0,3.0,57582,M,,,57
201100056402,11,3,11,141,3,1,1,1.0,6.0,57303,M,,,57
201100056403,11,3,6,2019,3,1,1,1.0,2.0,57666,M,,,57
201100056404,11,3,3,1725,1,1,1,1.0,2.0,57666,M,,,57
201100056405,11,4,24,607,3,1,1,1.0,6.0,57416,M,,,57
201100056406,11,5,3,1430,1,1,1,1.0,3.0,57412,M,,,57
201100056407,11,5,8,2210,3,1,1,1.0,2.0,57226,M,,,57
201100056408,11,5,11,2215,3,1,1,1.0,3.0,57303,M,,,57
201100056409,11,5,27,1905,1,1,1,1.0,4.0,57672,M,,,57
201100056410,11,6,1,1640,1,1,1,1.0,2.0,57498,M,,,57
201100056411,11,7,4,2232,5,1,1,1.0,7.0,57463,M,,,57
201100056412,11,7,10,600,2,1,1,1.0,2.0,57212,M,,,57
201100056413,11,8,1,1850,1,1,1,1.0,3.0,57212,M,,,57
201100056414,11,8,1,211,3,1,1,2.0,7.0,57582,M,,,57
201100056415,11,9,11,1320,1,1,1,3.0,6.0,57647,M,,,57
201100056416,11,9,20,1811,1,1,1,1.0,6.0,57041,M,,,57
201100056417,11,10,2,406,3,1,1,1.0,7.0,57067,M,,,57
201100056418,11,10,13,2225,3,1,1,1.0,5.0,57433,M,,,57
201100056419,11,10,14,405,3,1,1,1.0,3.0,57416,M,,,57
201100056420,11,10,18,1800,1,1,1,2.0,3.0,57487,M,,,57
201100056421,11,11,4,1820,3,1,1,2.0,2.0,57474,M,,,57
201100056422,11,11,6,1827,3,1,1,1.0,4.0,57672,M,,,57
201100056423,11,11,11,610,3,1,1,1.0,6.0,57039,M,,,57
201100056424,11,11,23,1245,1,1,1,5.0,5.0,57534,M,,,57
201100056425,11,12,6,915,1,1,1,2.0,2.0,57303,M,,,57
201100056426,11,12,13,1822,3,1,1,3.0,2.0,57498,M,,,57
201100056427,11,12,20,1750,3,1,1,1.0,4.0,57663,M,,,57
201100056428,11,12,24,1005,1,1,1,8.0,6.0,57269,M,,,57
201100056429,11,1,4,735,5,2,1,1.0,6.0,69387,M,,,69
201100056430,11,1,4,2330,5,2,2,1.0,3.0,69387,M,,,69
201100056431,11,1,10,1840,5,2,1,1.0,6.0,69387,M,,,69
201100056432,11,1,9,110,5,2,2,6.0,3.0,69387,M,,,69
201100056433,11,1,24,815,1,2,1,1.0,6.0,69387,M,,,69
201100056434,11,1,27,1740,5,2,3,1.0,3.0,69387,M,,,69
201100056435,11,2,4,720,5,2,1,2.0,2.0,69387,M,,,69
201100056436,11,2,4,740,1,2,2,2.0,6.0,69387,M,,,69
201100056437,11,2,16,920,1,2,2,1.0,3.0,69387,M,,,69
201100056438,11,2,18,1320,1,2,1,1.0,6.0,69387,M,,,69
201100056439,11,2,18,825,1,2,2,1.0,3.0,69387,M,,,69
201100056440,11,2,22,1335,1,2,1,2.0,3.0,69387,M,,,69
201100056441,11,2,26,1755,2,2,2,2.0,3.0,69387,M,,,69
201100056442,11,3,7,1815,5,2,9,1.0,3.0,69387,M,,,69
201100056443,11,3,8,830,1,2,2,1.0,3.0,69387,M,,,69
201100056444,11,3,9,1720,1,2,2,1.0,7.0,69387,M,,,69
201100056445,11,3,14,835,1,2,5,1.0,2.0,69387,M,,,69
201100056446,11,3,16,1700,1,2,1,2.0,4.0,69387,M,,,69
201100056447,11,3,12,1435,1,2,1,1.0,3.0,69387,M,,,69
201100056448,11,3,20,20,5,2,2,1.0,3.0,69387,M,,,69
201100056449,11,3,23,1415,1,2,2,1.0,6.0,69387,M,,,69
201100056450,11,3,23,905,1,2,2,1.0,3.0,69387,M,,,69
201100056451,11,3,31,1140,1,2,2,2.0,6.0,69387,M,,,69
201100056452,11,3,30,1710,1,2,2,1.0,3.0,69387,M,,,69
201100056453,11,4,1,835,1,2,1,1.0,6.0,69387,M,,,69
201100056454,11,4,4,1850,1,2,1,1.0,7.0,69387,M,,,69
201100056455,11,4,5,1700,1,2,1,1.0,6.0,69387,M,,,69
201100056456,11,4,8,1815,1,2,1,1.0,6.0,69387,M,,,69
201100056457,11,4,13,910,1,2,3,1.0,3.0,69387,M,,,69
201100056458,11,4,14,455,5,2,1,1.0,2.0,69387,M,,,69
201100056459,11,4,15,155,5,2,2,1.0,3.0,69387,M,,,69
201100056460,11,4,15,1320,1,2,2,1.0,3.0,69387,M,,,69
201100056461,11,4,21,1650,1,2,2,1.0,3.0,69387,M,,,69
201100056462,11,4,22,1230,1,2,2,6.0,1.0,69387,M,,,69
201100056463,11,4,22,1615,1,2,1,1.0,6.0,69387,M,,,69
201100056464,11,4,24,2035,2,2,3,1.0,3.0,69387,M,,,69
201100056465,11,4,29,1455,1,2,6,1.0,3.0,69387,M,,,69
201100056466,11,4,21,1500,1,2,1,1.0,6.0,69387,M,,,69
201100056467,11,5,6,1545,1,2,2,1.0,6.0,69387,M,,,69
201100056468,11,5,6,2015,1,2,1,1.0,6.0,69387,M,,,69
201100056469,11,5,9,1015,1,2,2,1.0,6.0,69387,M,,,69
201100056470,11,5,10,1520,1,2,2,1.0,6.0,69387,M,,,69
201100056471,11,5,7,425,5,2,2,1.0,3.0,69387,M,,,69
201100056472,11,5,12,2105,2,2,2,8.0,6.0,69387,M,,,69
201100056473,11,5,20,815,1,2,3,1.0,3.0,69387,M,,,69
201100056474,11,5,23,1128,1,2,2,1.0,3.0,69387,M,,,69
201100056475,11,5,26,1440,1,2,3,1.0,2.0,69387,M,,,69
201100056476,11,5,28,1215,1,2,1,1.0,2.0,69387,M,,,69
201100056477,11,5,25,1650,1,2,1,1.0,6.0,69387,M,,,69
201100056478,11,6,4,945,1,2,1,2.0,2.0,69387,M,,,69
201100056479,11,6,9,1010,1,2,2,1.0,3.0,69387,M,,,69
201100056480,11,6,11,100,5,2,1,1.0,6.0,69387,M,,,69
201100056481,11,6,7,1040,1,2,2,1.0,3.0,69387,M,,,69
201100056482,11,6,14,1800,1,2,2,1.0,3.0,69387,M,,,69
201100056483,11,6,16,820,1,2,2,1.0,3.0,69387,M,,,69
201100056484,11,6,21,1418,1,2,1,1.0,6.0,69387,M,,,69
201100056485,11,6,22,830,1,2,1,1.0,3.0,69387,M,,,69
201100056486,11,6,20,1805,1,2,2,1.0,3.0,69387,M,,,69
201100056487,11,6,26,1645,1,2,1,1.0,6.0,69387,M,,,69
201100056488,11,6,29,800,1,2,2,2.0,6.0,69387,M,,,69
201100056489,11,6,29,1700,1,2,1,1.0,6.0,69387,M,,,69
201100056490,11,7,1,135,5,2,3,1.0,2.0,69387,M,,,69
201100056491,11,7,5,2050,1,2,2,1.0,3.0,69387,M,,,69
201100056492,11,7,5,715,1,2,2,1.0,3.0,69387,M,,,69
201100056493,11,7,5,1530,1,2,2,1.0,2.0,69387,M,,,69
201100056494,11,7,12,1200,1,2,3,1.0,3.0,69387,M,,,69
201100056495,11,7,13,1515,1,2,2,3.0,3.0,69387,M,,,69
201100056496,11,7,16,1150,1,2,2,1.0,3.0,69387,M,,,69
201100056497,11,7,23,2315,5,2,1,2.0,6.0,69387,M,,,69
201100056498,11,7,19,2340,5,2,1,1.0,6.0,69387,M,,,69
201100056499,11,7,29,750,1,2,1,1.0,6.0,69387,M,,,69
201100056500,11,7,20,1125,1,2,1,1.0,3.0,69387,M,,,69
201100056501,11,7,9,1045,1,2,1,1.0,3.0,69387,M,,,69
201100056502,11,7,28,1320,1,2,3,1.0,3.0,69387,M,,,69
201100056503,11,8,9,1215,1,2,1,1.0,6.0,69387,M,,,69
201100056504,11,8,16,1230,1,2,1,1.0,6.0,69387,M,,,69
201100056505,11,8,16,430,5,2,3,1.0,3.0,69387,M,,,69
201100056506,11,8,23,1030,1,2,2,1.0,3.0,69387,M,,,69
201100056507,11,8,23,1210,1,2,1,1.0,7.0,69387,M,,,69
201100056508,11,8,23,1050,1,2,1,7.0,3.0,69387,M,,,69
201100056509,11,8,24,1210,1,2,3,1.0,6.0,69387,M,,,69
201100056510,11,9,12,1605,1,2,2,1.0,3.0,69387,M,,,69
201100056511,11,9,17,1350,1,2,1,1.0,3.0,69387,M,,,69
201100056512,11,9,15,1040,1,2,1,1.0,6.0,69387,M,,,69
201100056513,11,9,14,1745,1,2,5,1.0,6.0,69387,M,,,69
201100056514,11,9,21,1240,1,2,2,1.0,7.0,69387,M,,,69
201100056515,11,9,24,2005,5,2,2,1.0,3.0,69387,M,,,69
201100056516,11,9,29,1215,1,2,1,1.0,3.0,69387,M,,,69
201100056517,11,9,28,845,1,2,3,1.0,4.0,69387,M,,,69
201100056518,11,10,2,57,5,2,2,1.0,3.0,69387,M,,,69
201100056519,11,10,3,1820,2,2,1,1.0,6.0,69387,M,,,69
201100056520,11,10,7,1850,2,2,1,2.0,6.0,69387,M,,,69
201100056521,11,10,3,1210,1,2,2,1.0,3.0,69387,M,,,69
201100056522,11,10,14,1855,5,2,1,1.0,6.0,69387,M,,,69
201100056523,11,10,15,10,5,2,2,1.0,3.0,69387,M,,,69
201100056524,11,10,17,1810,1,2,1,1.0,5.0,69387,M,,,69
201100056525,11,10,21,1535,1,2,5,1.0,3.0,69387,M,,,69
201100056526,11,10,28,140,5,2,2,3.0,3.0,69387,M,,,69
201100056527,11,10,29,1700,1,2,2,1.0,2.0,69387,M,,,69
201100056528,11,10,28,1105,1,2,1,1.0,4.0,69387,M,,,69
201100056529,11,10,29,2305,5,2,2,1.0,3.0,69387,M,,,69
201100056530,11,10,31,915,1,2,1,1.0,3.0,69387,M,,,69
201100056531,11,10,24,1935,4,2,1,1.0,6.0,69387,M,,,69
201100056532,11,11,5,2200,5,2,1,1.0,6.0,69387,M,,,69
201100056533,11,11,7,1800,5,2,3,1.0,3.0,69387,M,,,69
201100056534,11,11,8,1845,5,2,2,1.0,3.0,69387,M,,,69
201100056535,11,11,9,2100,5,2,1,1.0,1.0,69387,M,,,69
201100056536,11,11,18,1520,1,2,3,1.0,3.0,69387,M,,,69
201100056537,11,11,21,2345,5,2,2,1.0,3.0,69387,M,,,69
201100056538,11,11,24,1200,1,2,1,8.0,3.0,69387,M,,,69
201100056539,11,11,28,720,2,2,2,1.0,3.0,69387,M,,,69
201100056540,11,11,22,2100,5,2,1,1.0,6.0,69387,M,,,69
201100056541,11,12,8,1510,1,2,2,1.0,3.0,69387,M,,,69
201100056542,11,12,9,1710,5,2,2,1.0,6.0,69387,M,,,69
201100056543,11,12,10,2110,5,2,1,1.0,1.0,69387,M,,,69
201100056544,11,12,2,1600,1,2,1,2.0,5.0,69387,M,,,69
201100056545,11,12,7,2200,4,2,2,2.0,2.0,69387,M,,,69
201100056546,11,12,11,1825,4,2,2,1.0,3.0,69387,M,,,69
201100056547,11,12,11,2015,5,2,5,1.0,3.0,69387,M,,,69
201100056548,11,12,14,1040,1,2,2,1.0,6.0,69387,M,,,69
201100056549,11,12,14,1415,1,2,1,1.0,3.0,69387,M,,,69
201100056550,11,12,14,2320,5,2,1,1.0,6.0,69387,M,,,69
201100056551,11,12,23,600,5,2,3,1.0,3.0,69387,M,,,69
201100056552,11,12,24,135,5,2,2,2.0,3.0,69387,M,,,69
201100056553,11,1,15,1100,1,2,1,1.0,5.0,69388,M,,,69
201100056554,11,1,13,1535,1,2,1,1.0,6.0,69388,M,,,69
201100056555,11,2,7,1830,3,2,2,1.0,6.0,69091,M,0.0,0.0,69
201100056556,11,1,19,710,2,2,5,2.0,3.0,69388,M,,,69
201100056557,11,2,7,730,2,2,1,1.0,6.0,69388,M,,,69
201100056558,11,2,18,1605,1,2,2,1.0,6.0,69388,M,,,69
201100056559,11,2,25,810,1,2,1,8.0,6.0,69388,M,,,69
201100056560,11,2,27,2120,5,2,1,2.0,6.0,69388,M,,,69
201100056561,11,3,1,1730,1,2,1,1.0,6.0,69388,M,,,69
201100056562,11,3,1,1900,5,2,1,1.0,3.0,69388,M,,,69
201100056563,11,2,12,1100,1,2,1,1.0,5.0,69388,M,,,69
201100056564,11,2,24,820,1,2,2,1.0,2.0,69388,M,,,69
201100056565,11,2,28,725,2,2,2,1.0,3.0,69388,M,,,69
201100056566,11,3,18,630,2,2,1,1.0,2.0,69388,M,,,69
201100056567,11,3,24,1130,1,2,1,1.0,6.0,69388,M,,,69
201100056568,11,3,24,1810,1,2,1,1.0,6.0,69388,M,,,69
201100056569,11,3,26,1245,1,2,2,1.0,6.0,69388,M,,,69
201100056570,11,7,17,1115,2,1,1,3.0,7.0,69091,M,,,69
201100056571,11,3,25,800,1,2,1,1.0,6.0,69388,M,,,69
201100056572,11,7,23,2235,5,2,1,2.0,6.0,69091,M,,,69
201100056573,11,3,27,1810,1,2,4,8.0,6.0,69388,M,,,69
201100056574,11,7,27,1630,1,2,3,1.0,6.0,69091,M,,,69
201100056575,11,3,25,1230,1,2,1,1.0,6.0,69388,M,,,69
201100056576,11,8,8,925,1,2,1,1.0,6.0,69123,M,,,69
201100056577,11,3,28,1940,2,2,1,1.0,6.0,69388,M,,,69
201100056578,11,3,29,1200,1,2,4,1.0,6.0,69388,M,,,69
201100056579,11,4,6,1355,1,2,1,1.0,6.0,69388,M,,,69
201100056580,11,4,7,1830,1,2,1,1.0,6.0,69388,M,,,69
201100056581,11,4,8,2045,2,2,2,1.0,3.0,69388,M,,,69
201100056582,11,4,9,1110,1,2,3,1.0,5.0,69388,M,,,69
201100056583,11,4,12,810,1,2,2,1.0,3.0,69388,M,,,69
201100056584,11,4,12,1819,1,2,1,1.0,6.0,69388,M,,,69
201100056585,11,4,13,845,1,2,1,1.0,3.0,69388,M,,,69
201100056586,11,4,15,900,1,1,2,1.0,6.0,69388,M,,,69
201100056587,11,4,15,1550,1,2,1,1.0,6.0,69388,M,,,69
201100056588,11,4,17,238,5,2,2,1.0,5.0,69388,M,,,69
201100056589,11,4,17,1130,1,2,3,1.0,3.0,69388,M,,,69
201100056590,11,4,20,1730,1,2,1,1.0,4.0,69388,M,,,69
201100056591,11,4,24,2240,5,1,1,1.0,3.0,69388,M,,,69
201100056592,11,5,4,950,1,2,1,1.0,6.0,69388,M,,,69
201100056593,11,5,4,1610,1,2,3,1.0,6.0,69388,M,,,69
201100056594,11,5,6,750,1,2,2,1.0,6.0,69388,M,,,69
201100056595,11,5,6,1035,1,2,1,1.0,3.0,69388,M,,,69
201100056596,11,5,6,1900,1,2,1,1.0,6.0,69388,M,,,69
201100056597,11,5,20,1535,1,2,5,1.0,3.0,69388,M,,,69
201100056598,11,6,3,1445,1,2,1,1.0,4.0,69388,M,,,69
201100056599,11,6,20,2000,2,2,2,1.0,3.0,69388,M,,,69
201100056600,11,5,31,2000,1,2,1,1.0,6.0,69388,M,,,69
201100056601,11,6,22,1355,1,2,2,1.0,6.0,69388,M,,,69
201100056602,11,6,24,1430,1,2,1,1.0,6.0,69388,M,,,69
201100056603,11,6,12,1920,1,2,1,1.0,6.0,69388,M,,,69
201100056604,11,6,15,815,1,2,2,1.0,6.0,69388,M,,,69
201100056605,11,6,17,1720,1,2,9,1.0,2.0,69388,M,,,69
201100056606,11,6,23,1930,1,2,1,1.0,6.0,69259,M,,,69
201100056607,11,6,28,1750,1,2,1,1.0,6.0,69388,M,,,69
201100056608,11,6,21,1635,1,2,9,1.0,3.0,69388,M,,,69
201100056609,11,7,1,1250,1,2,2,1.0,6.0,69388,M,,,69
201100056610,11,7,1,1515,1,2,2,1.0,3.0,69388,M,,,69
201100056611,11,7,2,1330,1,2,2,1.0,6.0,69388,M,,,69
201100056612,11,7,6,2200,4,2,1,1.0,3.0,69388,M,,,69
201100056613,11,7,18,1215,1,2,1,1.0,3.0,69388,M,,,69
201100056614,11,7,20,1035,1,2,3,1.0,6.0,69388,M,,,69
201100056615,11,7,20,2215,5,2,9,1.0,6.0,69388,M,,,69
201100056616,11,5,31,1815,1,2,2,2.0,3.0,69388,M,,,69
201100056617,11,7,23,1345,1,2,3,1.0,3.0,69388,M,,,69
201100056618,11,7,27,2335,5,2,7,1.0,3.0,69388,M,,,69
201100056619,11,8,9,540,2,2,2,1.0,6.0,69388,M,0.0,0.0,69
201100056620,11,8,13,840,1,2,1,1.0,3.0,69388,M,0.0,0.0,69
201100056621,11,8,15,2010,1,2,2,1.0,7.0,69388,M,0.0,0.0,69
201100056622,11,8,17,1320,1,2,1,1.0,3.0,69388,M,0.0,0.0,69
201100056623,11,9,1,1220,1,2,1,1.0,3.0,69388,M,,,69
201100056624,11,9,1,1845,1,2,1,1.0,6.0,69388,M,,,69
201100056625,11,9,1,1650,1,2,1,1.0,6.0,69388,M,,,69
201100056626,11,9,4,1915,1,2,1,1.0,2.0,69388,M,,,69
201100056627,11,9,8,2100,2,2,1,1.0,2.0,69388,M,,,69
201100056628,11,9,9,840,1,2,1,1.0,6.0,69388,M,,,69
201100056629,11,9,9,1826,1,2,1,1.0,6.0,69388,M,,,69
201100056630,11,9,14,1200,1,2,3,1.0,6.0,69388,M,,,69
201100056631,11,9,26,700,2,2,3,1.0,3.0,69388,M,,,69
201100056632,11,9,27,1730,1,2,1,1.0,3.0,69388,M,,,69
201100056633,11,10,1,1800,1,2,1,1.0,6.0,69388,M,,,69
201100056634,11,10,2,1705,1,2,2,1.0,3.0,69388,M,,,69
201100056635,11,10,3,1820,1,1,1,1.0,7.0,69388,M,,,69
201100056636,11,11,4,1450,1,2,1,1.0,6.0,69388,M,,,69
201100056637,11,10,5,1640,1,2,3,1.0,3.0,69388,M,,,69
201100056638,11,10,6,1100,1,2,1,1.0,2.0,69388,M,,,69
201100056639,11,10,6,1840,1,1,1,1.0,6.0,69388,M,,,69
201100056640,11,10,6,1310,1,2,2,1.0,6.0,69388,M,,,69
201100056641,11,10,2,1030,1,2,2,1.0,3.0,69388,M,,,69
201100056642,11,10,8,1945,5,2,1,3.0,1.0,69388,M,,,69
201100056643,11,10,9,1755,1,2,1,2.0,6.0,69388,M,,,69
201100056644,11,10,6,840,1,2,1,1.0,6.0,69388,M,,,69
201100056645,11,10,12,855,1,2,1,1.0,6.0,69388,M,,,69
201100056646,11,10,7,800,1,2,1,1.0,6.0,69388,M,,,69
201100056647,11,10,11,1745,1,2,2,1.0,3.0,69388,M,,,69
201100056648,11,10,18,700,2,2,2,1.0,3.0,69383,M,,,69
201100056649,11,10,14,800,2,2,1,1.0,3.0,69388,M,,,69
201100056650,11,10,17,1905,5,2,2,1.0,3.0,69388,M,,,69
201100056651,11,10,20,1740,1,2,2,1.0,3.0,69388,M,,,69
201100056652,11,10,21,1745,1,2,2,1.0,3.0,69388,M,,,69
201100056653,11,10,23,1600,1,2,1,1.0,1.0,69388,M,,,69
201100056654,11,11,1,1300,1,2,2,1.0,3.0,69388,M,,,69
201100056655,11,11,2,1950,4,2,3,1.0,6.0,69388,M,,,69
201100056656,11,11,10,730,2,2,1,5.0,6.0,69388,M,,,69
201100056657,11,11,15,855,1,2,1,1.0,4.0,69388,M,,,69
201100056658,11,11,10,1800,5,2,1,1.0,6.0,69388,M,,,69
201100056659,11,11,18,1245,1,2,1,1.0,6.0,69388,M,,,69
201100056660,11,12,1,1225,1,2,1,1.0,6.0,69388,M,,,69
201100056661,11,12,6,750,1,2,1,1.0,2.0,69388,M,,,69
201100056662,11,12,7,1755,5,2,1,3.0,4.0,69388,M,,,69
201100056663,11,12,16,1830,4,2,1,1.0,2.0,69388,M,,,69
201100056664,11,12,17,1050,1,2,1,2.0,3.0,69388,M,,,69
201100056665,11,1,12,240,3,1,1,2.0,6.0,42207,M,4547795.0,449918.0,42
201100056666,11,1,13,1250,1,1,1,1.0,7.0,42218,M,4543692.0,443789.0,42
201100056667,11,1,15,1820,3,1,1,1.0,3.0,42097,M,4549680.0,431393.0,42
201100056668,11,1,22,1935,3,1,1,1.0,2.0,42218,M,4541470.0,440376.0,42
201100056669,11,2,3,430,3,1,1,2.0,5.0,42095,M,4539133.0,429722.0,42
201100056670,11,2,1,1135,1,1,1,5.0,2.0,42218,M,4543380.0,442871.0,42
201100056671,11,2,10,700,2,1,1,1.0,6.0,42218,M,4543639.0,443432.0,42
201100056672,11,2,12,540,5,1,1,1.0,2.0,42218,M,,,42
201100056673,11,2,15,1800,2,1,1,1.0,7.0,42044,M,4539036.0,431469.0,42
201100056674,11,2,16,1720,1,1,1,1.0,7.0,42097,M,4549120.0,432019.0,42
201100056675,11,2,16,1720,1,1,1,1.0,7.0,42097,M,4548839.0,432265.0,42
201100056676,11,2,22,1515,1,1,1,1.0,2.0,69091,M,,,69
201100056677,11,2,24,2010,3,1,1,2.0,2.0,42044,M,4539482.0,433384.0,42
201100056678,11,3,4,1730,1,1,1,1.0,4.0,42218,M,4545588.0,441103.0,42
201100056679,11,3,12,740,2,1,1,1.0,2.0,42218,M,4546428.0,439869.0,42
201100056680,11,3,12,2105,3,1,1,2.0,7.0,42186,M,4553121.0,461597.0,42
201100056681,11,3,21,1750,1,1,1,1.0,5.0,42097,M,4548784.0,432366.0,42
201100056682,11,3,23,1430,1,1,1,1.0,3.0,42097,M,4550887.0,430183.0,42
201100056683,11,3,24,1245,1,1,1,1.0,7.0,69091,M,,,69
201100056684,11,3,24,1722,1,1,1,1.0,4.0,42218,M,4546543.0,438930.0,42
201100056685,11,3,24,1805,1,1,1,1.0,2.0,42218,M,4543397.0,442904.0,42
201100056686,11,3,27,1650,1,1,1,2.0,3.0,42110,M,4549419.0,454594.0,42
201100056687,11,4,2,1450,1,1,1,1.0,7.0,42097,M,4549446.0,431707.0,42
201100056688,11,4,3,1940,2,1,1,2.0,3.0,42044,M,4539243.0,432222.0,42
201100056689,11,4,3,2000,2,1,1,2.0,3.0,42110,M,4549466.0,453196.0,42
201100056690,11,4,5,745,1,1,1,1.0,3.0,42123,M,4551638.0,458367.0,42
201100056691,11,4,10,1755,1,1,1,1.0,2.0,42218,M,4541269.0,440132.0,42
201100056692,11,4,19,1540,1,1,1,1.0,2.0,42330,M,4547052.0,436506.0,42
201100056693,11,4,22,1635,1,1,1,1.0,5.0,69091,M,,,69
201100056694,11,4,28,1620,1,1,1,1.0,3.0,42218,M,4543363.0,442322.0,42
201100056695,11,4,29,1005,1,1,1,1.0,2.0,42218,M,4542313.0,441326.0,42
201100056696,11,4,29,1730,1,1,1,1.0,2.0,42218,M,4541986.0,440980.0,42
201100056697,11,4,30,2345,3,1,1,1.0,2.0,42237,M,4544069.0,445799.0,42
201100056698,11,5,13,945,1,1,1,1.0,3.0,42207,M,4546334.0,449343.0,42
201100056699,11,5,16,1530,1,1,1,1.0,2.0,42218,M,4542999.0,441647.0,42
201100056700,11,5,17,1525,1,1,1,1.0,3.0,42183,M,4539788.0,435682.0,42
201100056701,11,5,20,1820,1,1,1,1.0,7.0,42095,M,4539039.0,428269.0,42
201100056702,11,5,23,350,5,1,1,1.0,7.0,42095,M,4538889.0,427897.0,42