Num_Acc,an,mois,jour,hrmn,lum,agg,int,atm,col,com,gps,lat,long,dep
201100056703,11,5,31,1105,1,1,1,2.0,6.0,42103,M,4549562.0,455596.0,42
201100056704,11,6,3,1500,1,1,1,1.0,7.0,42218,M,4541150.0,440001.0,42
201100056705,11,6,14,700,1,1,1,1.0,4.0,42123,M,4551624.0,458361.0,42
201100056706,11,6,13,1735,1,1,1,1.0,2.0,69091,M,,,69
201100056707,11,6,14,1705,1,1,1,1.0,4.0,42183,M,4540376.0,437349.0,42
201100056708,11,6,15,1545,1,1,1,1.0,4.0,42186,M,4556362.0,463202.0,42
201100056709,11,6,18,335,3,1,1,1.0,7.0,42237,M,4544161.0,446074.0,42
201100056710,11,6,28,1630,1,1,1,1.0,6.0,42218,M,4545912.0,440569.0,42
201100056711,11,7,8,2035,1,1,1,1.0,6.0,42110,M,4549408.0,453775.0,42
201100056712,11,7,20,33,3,1,1,1.0,3.0,69091,M,,,69
201100056713,11,7,16,910,1,1,1,1.0,2.0,42097,M,4550562.0,430398.0,42
201100056714,11,7,23,2050,2,1,1,2.0,6.0,42237,M,4544259.0,446374.0,42
201100056715,11,7,24,540,2,1,1,1.0,2.0,69091,M,,,69
201100056716,11,7,25,1445,1,1,1,2.0,5.0,42218,M,4541477.0,440385.0,42
201100056717,11,7,25,1650,1,1,1,2.0,7.0,42110,M,4549412.0,454623.0,42
201100056718,11,7,25,2000,1,1,1,2.0,3.0,42207,M,4546769.0,449834.0,42
201100056719,11,7,26,50,3,1,1,8.0,7.0,42237,M,4544739.0,446918.0,42
201100056720,11,7,29,1510,1,1,1,1.0,4.0,42218,M,4546004.0,440453.0,42
201100056721,11,9,2,1650,1,1,1,1.0,2.0,42218,M,4543674.0,444649.0,42
201100056722,11,9,5,400,3,1,1,2.0,6.0,42186,M,4554015.0,464204.0,42
201100056723,11,9,5,2050,3,1,1,1.0,5.0,42097,M,4549514.0,431663.0,42
201100056724,11,9,8,1310,1,1,1,1.0,6.0,69252,M,,,69
201100056725,11,9,11,1700,1,1,1,1.0,3.0,42218,M,4542427.0,441373.0,42
201100056726,11,9,12,950,1,1,1,1.0,7.0,42183,M,4539827.0,435820.0,42
201100056727,11,9,12,1830,1,1,1,1.0,6.0,42218,M,4543592.0,444411.0,42
201100056728,11,9,15,1840,1,1,1,1.0,3.0,42207,M,4545972.0,448635.0,42
201100056729,11,9,19,1330,1,1,1,2.0,6.0,42110,M,4549396.0,454707.0,42
201100056730,11,9,23,2100,3,1,1,1.0,7.0,42218,M,4544269.0,443002.0,42
201100056731,11,9,28,1602,1,1,1,1.0,2.0,42218,M,4542571.0,441455.0,42
201100056732,11,9,30,630,4,1,1,1.0,4.0,69091,M,,,69
201100056733,11,9,30,1900,1,1,9,1.0,2.0,42218,M,4541993.0,440990.0,42
201100056734,11,10,1,320,3,1,1,1.0,7.0,69091,M,,,69
201100056735,11,10,2,1945,5,1,1,1.0,4.0,69091,M,,,69
201100056736,11,10,4,2000,3,1,1,1.0,3.0,42044,M,4539544.0,433948.0,42
201100056737,11,10,5,810,1,1,1,1.0,3.0,42044,M,4539531.0,433567.0,42
201100056738,11,10,9,2020,3,1,1,2.0,6.0,42186,M,4552879.0,461092.0,42
201100056739,11,10,6,1053,1,1,1,1.0,2.0,42218,M,4545192.0,441788.0,42
201100056740,11,10,11,1130,1,1,1,1.0,3.0,42207,M,4546555.0,449662.0,42
201100056741,11,10,13,1535,1,1,1,1.0,3.0,42183,M,4540403.0,437512.0,42
201100056742,11,10,19,1525,1,1,1,2.0,2.0,69228,M,,,69
201100056743,11,10,19,1535,1,1,1,8.0,6.0,42237,M,4544272.0,446392.0,42
201100056744,11,10,19,1600,1,1,1,2.0,2.0,42044,M,4529473.0,433206.0,42
201100056745,11,10,23,1550,1,1,1,1.0,2.0,42207,M,4546319.0,449368.0,42
201100056746,11,11,1,1940,3,1,1,2.0,5.0,42207,M,4548200.0,450159.0,42
201100056747,11,11,7,1225,1,1,1,2.0,6.0,42237,M,4544124.0,446038.0,42
201100056748,11,11,12,1830,5,1,1,1.0,2.0,42218,M,4542260.0,441296.0,42
201100056749,11,11,25,1300,1,1,1,1.0,5.0,42207,M,4548944.0,451030.0,42
201100056750,11,12,4,1835,3,1,1,1.0,7.0,42237,M,4544989.0,447301.0,42
201100056751,11,12,5,1333,1,1,1,1.0,6.0,42207,M,4547255.0,449783.0,42
201100056752,11,12,6,1745,3,1,1,2.0,5.0,42207,M,4546323.0,449332.0,42
201100056753,11,12,7,1400,1,1,1,2.0,2.0,42095,M,4538916.0,427877.0,42
201100056754,11,12,10,750,1,1,1,1.0,7.0,42207,M,4549139.0,451635.0,42
201100056755,11,12,15,730,2,1,1,1.0,2.0,69091,M,,,69
201100056756,11,12,17,345,3,1,1,2.0,6.0,42207,M,4547844.0,450018.0,42
201100056757,11,12,18,330,3,1,1,1.0,6.0,42110,M,4549381.0,454826.0,42
201100056758,11,12,20,645,2,1,1,1.0,7.0,42218,M,4543364.0,442868.0,42
201100056759,11,12,21,1715,2,1,1,2.0,6.0,42097,M,4550998.0,430182.0,42
201100056760,11,12,21,1515,1,1,1,3.0,2.0,42097,M,4548171.0,434141.0,42
201100056761,11,1,2,130,3,1,1,9.0,6.0,01105,M,,,01
201100056762,11,1,4,540,4,1,1,4.0,7.0,69297,M,,,69
201100056763,11,1,2,1320,1,1,1,8.0,6.0,38544,M,4530080.0,481989.0,38
201100056764,11,1,3,835,2,1,1,1.0,7.0,38544,M,4554310.0,485074.0,38
201100056765,11,1,3,1545,1,1,1,1.0,6.0,69009,M,,,69
201100056766,11,1,3,1910,5,1,1,1.0,2.0,69266,M,,,69
201100056767,11,1,4,800,1,1,1,1.0,5.0,69152,M,,,69
201100056768,11,12,24,850,1,1,1,1.0,6.0,69256,M,,,69
201100056769,11,1,8,900,5,1,1,1.0,7.0,69034,M,,,69
201100056770,11,1,8,1500,1,1,1,1.0,7.0,69295,M,,,69
201100056771,11,1,9,1215,1,1,1,3.0,7.0,69271,M,,,69
201100056772,11,1,9,1250,1,1,1,2.0,7.0,69271,M,,,69
201100056773,11,1,9,1750,3,1,1,2.0,6.0,69072,M,,,69
201100056774,11,1,9,1829,3,1,1,2.0,7.0,69256,M,,,69
201100056775,11,1,9,2015,5,1,1,2.0,7.0,69286,M,,,69
201100056776,11,1,10,1,3,1,1,2.0,6.0,69276,M,,,69
201100056777,11,1,10,1700,3,1,1,1.0,2.0,01249,M,,,01
201100056778,11,1,11,1950,3,1,1,2.0,6.0,69029,M,,,69
201100056779,11,1,12,1900,5,1,1,2.0,2.0,69029,M,,,69
201100056780,11,1,14,740,1,1,1,1.0,4.0,69029,M,,,69
201100056781,11,1,14,1300,1,1,1,1.0,3.0,69199,M,,,69
201100056782,11,1,14,1645,1,1,1,5.0,3.0,69029,M,,,69
201100056783,11,1,15,435,3,1,1,1.0,3.0,69287,M,,,69
201100056784,11,1,15,615,3,1,1,1.0,4.0,69273,M,,,69
201100056785,11,1,15,1240,1,1,1,1.0,4.0,69029,M,,,69
201100056786,11,1,16,230,3,1,1,1.0,2.0,69081,M,,,69
201100056787,11,1,16,1335,1,1,1,1.0,7.0,69034,M,,,69
201100056788,11,1,17,750,2,1,1,1.0,4.0,69029,M,,,69
201100056789,11,1,17,1210,1,1,9,1.0,4.0,69072,M,,,69
201100056790,11,1,18,1815,3,1,1,1.0,4.0,69272,M,,,69
201100056791,11,1,19,705,5,1,1,1.0,5.0,38544,M,4554240.0,484983.0,38
201100056792,11,1,19,705,2,1,1,1.0,2.0,69282,M,,,69
201100056793,11,1,22,835,1,1,1,1.0,6.0,69029,M,,,69
201100056794,11,1,23,1904,5,1,1,1.0,3.0,69029,M,,,69
201100056795,11,1,23,1935,5,1,1,1.0,3.0,69007,M,,,69
201100056796,11,1,22,2355,5,1,1,1.0,3.0,69034,M,0.0,0.0,69
201100056797,11,1,24,2025,4,1,1,1.0,4.0,69029,M,,,69
201100056798,11,1,25,615,3,1,1,1.0,2.0,69295,M,,,69
201100056799,11,1,25,820,2,1,1,8.0,2.0,01275,M,,,01
201100056800,11,1,25,1300,1,1,1,1.0,3.0,69029,M,,,69
201100056801,11,1,27,750,3,1,1,1.0,4.0,69276,M,,,69
201100056802,11,1,27,845,1,1,1,1.0,7.0,69277,M,,,69
201100056803,11,1,28,1500,1,1,1,1.0,7.0,38336,M,4548670.0,483381.0,38
201100056804,11,2,2,1850,5,1,1,1.0,4.0,38544,M,4479890.0,558932.0,38
201100056805,11,2,2,2030,3,1,1,1.0,6.0,69290,M,,,69
201100056806,11,2,3,2230,3,1,1,8.0,7.0,69290,M,,,69
201100056807,11,2,4,740,2,1,1,8.0,2.0,69389,M,,,69
201100056808,11,2,4,1210,1,1,1,1.0,6.0,69163,M,,,69
201100056809,11,2,6,910,1,1,1,1.0,6.0,69286,M,,,69
201100056810,11,2,7,1430,1,1,1,1.0,7.0,38336,M,4547910.0,483294.0,38
201100056811,11,2,7,1555,1,1,9,1.0,5.0,38544,M,4553950.0,486052.0,38
201100056812,11,2,9,1000,1,1,1,1.0,7.0,69027,M,,,69
201100056813,11,2,11,1030,1,1,1,1.0,6.0,01249,M,,,01
201100056814,11,2,11,2240,4,1,1,1.0,7.0,69081,M,,,69
201100056815,11,2,11,2345,3,1,1,1.0,2.0,69283,M,,,69
201100056816,11,2,11,1240,1,1,6,1.0,6.0,38544,M,4551020.0,485548.0,38
201100056817,11,2,14,1250,1,1,1,2.0,6.0,69297,M,,,69
201100056818,11,1,16,1840,5,1,1,1.0,2.0,69266,M,,,69
201100056819,11,2,17,655,4,1,1,1.0,6.0,69290,M,,,69
201100056820,11,2,19,1245,1,1,1,1.0,6.0,69290,M,,,69
201100056821,11,2,20,1200,1,1,1,1.0,7.0,69029,M,,,69
201100056822,11,2,22,750,1,1,9,1.0,7.0,69290,M,,,69
201100056823,11,2,23,755,1,1,9,1.0,2.0,69029,M,,,69
201100056824,11,2,24,810,1,1,9,2.0,6.0,69382,M,,,69
201100056825,11,2,25,515,3,1,1,2.0,7.0,69288,M,,,69
201100056826,11,2,25,930,1,1,1,8.0,7.0,69029,M,,,69
201100056827,11,2,26,1415,1,1,1,1.0,4.0,69297,M,,,69
201100056828,11,2,26,1930,3,1,1,,3.0,69081,M,,,69
201100056829,11,2,26,2330,4,1,1,3.0,6.0,69256,M,,,69
201100056830,11,3,2,1650,1,1,1,1.0,4.0,69276,M,,,69
201100056831,11,3,3,530,5,1,9,1.0,2.0,69389,M,,,69
201100056832,11,3,3,1320,1,1,1,1.0,2.0,69272,M,,,69
201100056833,11,3,4,2003,3,1,1,1.0,7.0,69297,M,,,69
201100056834,11,3,5,1630,1,1,1,1.0,2.0,38544,M,4551920.0,486542.0,38
201100056835,11,3,6,720,1,1,1,1.0,7.0,69199,M,,,69
201100056836,11,3,6,1500,1,1,1,1.0,6.0,69072,M,,,69
201100056837,11,3,6,2100,3,1,1,1.0,3.0,69275,M,,,69
201100056838,11,3,7,550,5,1,1,1.0,7.0,69029,M,,,69
201100056839,11,3,7,1500,1,1,1,1.0,6.0,69382,M,,,69
201100056840,11,3,8,1607,1,1,1,1.0,2.0,01238,M,,,01
201100056841,11,3,9,140,3,1,1,1.0,3.0,69281,M,,,69
201100056842,11,3,10,1600,1,1,1,1.0,3.0,69297,M,,,69
201100056843,11,3,11,125,3,1,1,1.0,1.0,69081,M,,,69
201100056844,11,3,12,630,2,1,1,1.0,7.0,69286,M,,,69
201100056845,11,3,12,2315,3,1,1,2.0,6.0,69256,M,,,69
201100056846,11,3,14,835,1,1,1,1.0,4.0,01275,M,,,01
201100056847,11,3,14,1515,1,1,1,1.0,6.0,69029,M,,,69
201100056848,11,3,22,145,3,1,1,1.0,6.0,69125,M,,,69
201100056849,11,3,23,1745,1,1,1,1.0,4.0,69290,M,,,69
201100056850,11,3,24,1205,1,1,9,1.0,3.0,69199,M,,,69
201100056851,11,3,25,1000,1,1,1,1.0,3.0,69389,M,,,69
201100056852,11,3,25,1825,1,1,1,1.0,3.0,69271,M,,,69
201100056853,11,3,25,2140,3,1,1,1.0,7.0,69029,M,,,69
201100056854,11,3,26,405,3,1,1,1.0,2.0,69152,M,,,69
201100056855,11,3,26,1500,1,1,1,1.0,2.0,69382,M,,,69
201100056856,11,3,28,215,5,1,1,3.0,3.0,69382,M,,,69
201100056857,11,3,28,1025,1,1,1,2.0,2.0,01275,M,,,01
201100056858,11,3,29,717,1,1,1,1.0,7.0,69116,M,,,69
201100056859,11,3,30,500,5,1,1,2.0,7.0,69199,M,,,69
201100056860,11,4,2,1005,1,1,1,1.0,6.0,69029,M,,,69
201100056861,11,4,2,1300,1,1,1,1.0,3.0,38336,M,4547430.0,483286.0,38
201100056862,11,4,2,1950,1,1,1,1.0,2.0,69382,M,,,69
201100056863,11,4,3,2324,3,1,1,1.0,2.0,69382,M,,,69
201100056864,11,4,4,530,3,1,1,2.0,3.0,69297,M,,,69
201100056865,11,4,5,1230,1,1,1,1.0,2.0,69385,M,,,69
201100056866,11,4,6,1035,1,1,6,1.0,2.0,69271,M,,,69
201100056867,11,4,7,605,5,1,1,1.0,2.0,69266,M,,,69
201100056868,11,4,7,1655,1,1,1,1.0,6.0,69294,M,,,69
201100056869,11,4,8,1215,1,1,1,1.0,4.0,69290,M,,,69
201100056870,11,4,8,1645,1,1,1,1.0,1.0,69296,M,,,69
201100056871,11,4,8,1735,1,1,1,1.0,2.0,69283,M,,,69
201100056872,11,4,10,35,4,1,1,1.0,2.0,69199,M,,,69
201100056873,11,4,11,1650,1,1,1,1.0,7.0,69189,M,,,69
201100056874,11,4,13,1230,1,1,9,1.0,2.0,69091,M,,,69
201100056875,11,4,14,835,1,1,1,1.0,5.0,01275,M,,,01
201100056876,11,4,14,1350,1,1,1,1.0,7.0,69149,M,,,69
201100056877,11,4,14,1900,1,1,1,1.0,2.0,69199,M,,,69
201100056878,11,4,15,1300,1,1,1,1.0,5.0,01376,M,,,01
201100056879,11,4,15,1300,1,1,1,1.0,6.0,38449,M,,,38
201100056880,11,4,18,730,1,1,1,1.0,2.0,69259,M,,,69
201100056881,11,4,18,820,1,1,1,1.0,2.0,69256,M,,,69
201100056882,11,4,18,1900,1,1,1,1.0,5.0,69282,M,,,69
201100056883,11,4,19,1310,1,1,1,1.0,7.0,69278,M,,,69
201100056884,11,4,19,1940,1,1,1,1.0,3.0,38449,M,4565010.0,511319.0,38
201100056885,11,4,20,805,1,1,1,1.0,2.0,69029,M,,,69
201100056886,11,4,21,450,3,1,1,1.0,6.0,69297,M,,,69
201100056887,11,4,21,1220,1,1,1,1.0,2.0,69382,M,,,69
201100056888,11,4,23,1315,1,1,1,1.0,6.0,38336,M,4548800.0,483301.0,38
201100056889,11,4,23,1400,1,1,1,1.0,3.0,69027,M,,,69
201100056890,11,4,23,2100,2,1,1,1.0,6.0,69029,M,,,69
201100056891,11,4,26,600,2,1,1,1.0,4.0,69297,M,,,69
201100056892,11,4,27,1715,1,1,1,1.0,2.0,69163,M,,,69
201100056893,11,5,2,1100,1,1,1,1.0,7.0,69266,M,,,69
201100056894,11,5,3,1820,1,1,1,1.0,7.0,38336,M,4548710.0,483356.0,38
201100056895,11,5,4,1305,1,1,1,1.0,3.0,38487,M,4555410.0,482758.0,38
201100056896,11,5,6,1850,1,1,1,1.0,4.0,69297,M,,,69
201100056897,11,5,8,720,1,1,1,1.0,7.0,69163,M,,,69
201100056898,11,5,9,1555,1,1,1,1.0,6.0,69009,M,,,69
201100056899,11,5,9,1800,1,1,1,1.0,7.0,69259,M,,,69
201100056900,11,5,10,920,1,1,1,1.0,5.0,69029,M,,,69
201100056901,11,5,10,1850,1,2,1,1.0,6.0,38544,M,4550920.0,485431.0,38
201100056902,11,5,12,1830,1,1,1,1.0,4.0,69256,M,,,69
201100056903,11,5,13,1115,1,1,1,1.0,6.0,69029,M,,,69
201100056904,11,5,16,1605,1,1,1,2.0,1.0,69027,M,,,69
201100056905,11,5,14,1845,1,1,1,1.0,6.0,69100,M,,,69
201100056906,11,5,14,1930,1,1,1,1.0,6.0,69256,M,,,69
201100056907,11,5,15,335,3,1,1,1.0,7.0,69152,M,,,69
201100056908,11,5,14,650,1,1,1,1.0,6.0,69286,M,,,69
201100056909,11,5,17,1600,1,1,1,1.0,5.0,69286,M,,,69
201100056910,11,5,19,725,1,1,1,1.0,6.0,69283,M,,,69
201100056911,11,5,19,2040,1,1,1,1.0,3.0,69259,M,,,69
201100056912,11,5,20,1115,1,1,1,1.0,3.0,69297,M,,,69
201100056913,11,5,21,2250,3,1,1,1.0,6.0,69199,M,,,69
201100056914,11,5,23,1320,1,1,1,1.0,7.0,69152,M,,,69
201100056915,11,5,25,1800,1,1,1,1.0,5.0,69034,M,,,69
201100056916,11,5,26,845,1,1,1,1.0,4.0,69256,M,,,69
201100056917,11,5,26,1055,1,1,1,1.0,3.0,69297,M,,,69
201100056918,11,5,27,1230,1,1,1,1.0,4.0,69029,M,,,69
201100056919,11,5,27,1613,1,1,1,1.0,7.0,69266,M,,,69
201100056920,11,5,28,645,1,1,1,1.0,6.0,69072,M,,,69
201100056921,11,5,28,1230,1,1,1,1.0,6.0,69072,M,,,69
201100056922,11,5,29,1930,1,1,1,1.0,2.0,69142,M,,,69
201100056923,11,5,30,830,1,1,1,1.0,4.0,69027,M,,,69
201100056924,11,5,30,2145,3,1,1,1.0,7.0,01249,M,,,01
201100056925,11,5,31,2018,2,1,1,2.0,7.0,69256,M,,,69
201100056926,11,6,1,1245,1,1,1,2.0,3.0,69382,M,,,69
201100056927,11,6,1,1300,1,1,1,2.0,7.0,69152,M,,,69
201100056928,11,6,5,700,2,1,1,1.0,6.0,69275,M,,,69
201100056929,11,6,5,1715,1,1,1,1.0,3.0,38336,M,,,38
201100056930,11,6,6,1130,1,1,1,1.0,2.0,69290,M,,,69
201100056931,11,6,6,1828,1,1,1,1.0,7.0,69199,M,,,69
201100056932,11,6,7,910,1,1,1,1.0,2.0,69275,M,,,69
201100056933,11,6,8,920,1,1,1,2.0,7.0,69152,M,,,69
201100056934,11,6,8,930,1,1,1,3.0,2.0,69199,M,,,69
201100056935,11,6,10,105,3,1,1,1.0,2.0,38184,M,,,38
201100056936,11,6,11,1010,1,1,1,1.0,7.0,69287,M,,,69
201100056937,11,6,11,1155,1,1,1,1.0,7.0,38487,M,4532150.0,481227.0,38
201100056938,11,6,14,1330,1,1,1,1.0,7.0,69034,M,,,69
201100056939,11,6,15,1955,1,1,1,1.0,2.0,69266,M,,,69
201100056940,11,6,16,1845,1,1,1,1.0,2.0,69382,M,,,69
201100056941,11,6,20,1730,1,1,1,1.0,7.0,69034,M,,,69
201100056942,11,6,20,1930,1,1,1,1.0,6.0,69297,M,,,69
201100056943,11,6,22,1220,1,1,1,1.0,7.0,69297,M,,,69
201100056944,11,6,25,1845,1,1,1,1.0,6.0,69271,M,,,69
201100056945,11,6,22,2030,1,1,1,2.0,2.0,69275,M,,,69
201100056946,11,6,24,800,1,1,1,1.0,2.0,69009,M,,,69
201100056947,11,6,24,900,1,1,1,1.0,7.0,01249,M,,,01
201100056948,11,6,23,1900,1,1,1,1.0,4.0,69072,M,,,69
201100056949,11,6,24,1715,1,1,1,1.0,4.0,69259,M,,,69
201100056950,11,6,26,1325,1,1,1,1.0,6.0,69117,M,,,69
201100056951,11,6,27,605,1,1,1,1.0,3.0,69199,M,,,69
201100056952,11,6,27,810,1,1,1,1.0,3.0,69029,M,,,69
201100056953,11,6,27,1630,1,1,1,1.0,6.0,38336,M,4548800.0,483301.0,38
201100056954,11,6,27,1600,1,1,1,1.0,2.0,69281,M,,,69
201100056955,11,6,28,1820,1,1,1,1.0,4.0,69270,M,,,69
201100056956,11,6,30,1450,1,1,1,1.0,4.0,69283,M,,,69
201100056957,11,6,30,2020,2,1,1,1.0,3.0,69081,M,,,69
201100056958,11,7,1,1025,1,1,1,1.0,6.0,69029,M,,,69
201100056959,11,7,2,600,1,1,1,1.0,3.0,69115,M,,,69
201100056960,11,7,4,830,1,1,1,1.0,2.0,69199,M,,,69
201100056961,11,7,5,815,1,1,1,1.0,6.0,69040,M,,,69
201100056962,11,7,5,1130,1,1,1,1.0,3.0,69034,M,,,69
201100056963,11,7,5,1730,1,1,2,1.0,3.0,38544,M,4552730.0,487256.0,38
201100056964,11,7,6,2215,3,1,1,1.0,6.0,38544,M,4530090.0,481982.0,38
201100056965,11,7,7,2050,3,1,1,3.0,7.0,69278,M,,,69
201100056966,11,7,8,800,1,1,1,1.0,2.0,69259,M,,,69
201100056967,11,7,8,1530,1,1,1,1.0,4.0,69382,M,,,69
201100056968,11,7,10,1040,1,1,1,2.0,7.0,69199,M,,,69
201100056969,11,7,10,1830,1,1,1,1.0,7.0,69117,M,,,69
201100056970,11,7,12,235,3,1,1,1.0,6.0,69290,M,,,69
201100056971,11,7,13,730,1,1,1,2.0,7.0,69256,M,,,69
201100056972,11,7,13,740,1,1,1,3.0,7.0,69288,M,,,69
201100056973,11,7,13,830,1,1,1,3.0,4.0,69283,M,,,69
201100056974,11,7,14,2100,2,1,1,1.0,4.0,69294,M,,,69
201100056975,11,7,13,1925,1,1,1,8.0,6.0,69388,M,,,69
201100056976,11,7,15,1810,1,1,1,1.0,5.0,69283,M,,,69
201100056977,11,7,15,2300,5,1,1,1.0,6.0,69275,M,,,69
201100056978,11,7,16,220,3,1,1,1.0,2.0,01249,M,,,01
201100056979,11,7,17,600,1,1,1,3.0,6.0,69034,M,,,69
201100056980,11,7,17,1030,1,1,1,3.0,6.0,69256,M,,,69
201100056981,11,7,17,2200,2,1,1,1.0,2.0,69266,M,,,69
201100056982,11,7,18,1820,1,1,1,1.0,4.0,69199,M,,,69
201100056983,11,7,20,1640,1,1,1,1.0,4.0,69072,M,,,69
201100056984,11,7,20,2140,5,1,1,1.0,2.0,69029,M,,,69
201100056985,11,7,21,820,1,1,1,8.0,4.0,69388,M,,,69
201100056986,11,7,21,950,1,1,1,2.0,7.0,69389,M,,,69
201100056987,11,7,22,645,1,1,1,2.0,7.0,69029,M,,,69
201100056988,11,7,22,1030,1,1,1,1.0,3.0,69091,M,,,69
201100056989,11,7,23,2000,1,1,1,2.0,6.0,69266,M,,,69
201100056990,11,7,25,850,1,1,1,1.0,2.0,69029,M,,,69
201100056991,11,7,25,1340,1,1,1,2.0,4.0,69081,M,,,69
201100056992,11,7,25,1700,1,1,1,2.0,2.0,38087,M,4533490.0,481018.0,38
201100056993,11,7,26,1745,1,1,1,2.0,5.0,69027,M,,,69
201100056994,11,7,25,1845,1,1,1,8.0,7.0,69276,M,,,69
201100056995,11,7,27,1100,1,1,1,1.0,6.0,69283,M,,,69
201100056996,11,7,30,1230,1,1,1,1.0,7.0,69297,M,,,69
201100056997,11,7,30,2155,3,1,1,1.0,7.0,01249,M,,,01
201100056998,11,7,31,35,5,1,1,1.0,7.0,69091,M,,,69
201100056999,11,7,31,1720,1,1,3,1.0,3.0,69199,M,,,69
201100057000,11,7,31,1900,1,1,1,1.0,4.0,69256,M,,,69
201100057001,11,8,4,530,2,1,1,1.0,3.0,69297,M,0.0,0.0,69
201100057002,11,8,5,1735,1,1,1,1.0,2.0,38087,M,4532870.0,481150.0,38
201100057003,11,8,6,1955,1,1,1,1.0,2.0,69266,M,,,69
201100057004,11,8,6,945,1,1,1,1.0,6.0,69081,M,0.0,0.0,69
201100057005,11,8,7,330,4,1,1,2.0,6.0,69286,M,0.0,0.0,69
201100057006,11,8,10,1957,1,1,1,1.0,7.0,69290,M,0.0,0.0,69
201100057007,11,8,11,2005,1,1,1,1.0,6.0,69295,M,0.0,0.0,69
201100057008,11,8,12,640,2,1,1,1.0,2.0,69281,M,0.0,0.0,69
201100057009,11,8,12,1255,1,1,1,1.0,4.0,69199,M,0.0,0.0,69
201100057010,11,8,13,1830,1,1,1,1.0,2.0,69389,M,,,69
201100057011,11,8,16,1610,1,1,1,1.0,2.0,69029,M,0.0,0.0,69
201100057012,11,8,18,1800,1,1,1,1.0,7.0,69283,M,0.0,0.0,69
201100057013,11,8,18,1815,1,1,1,1.0,2.0,69297,M,0.0,0.0,69
201100057014,11,8,22,1210,1,1,9,1.0,4.0,69029,M,0.0,0.0,69
201100057015,11,8,24,530,3,1,1,1.0,6.0,69259,M,0.0,0.0,69
201100057016,11,8,26,1410,1,1,1,2.0,6.0,69081,M,0.0,0.0,69
201100057017,11,8,26,1800,1,1,1,3.0,5.0,69290,M,0.0,0.0,69
201100057018,11,8,26,1815,1,1,1,3.0,5.0,69152,M,0.0,0.0,69
201100057019,11,8,26,2035,5,1,1,3.0,6.0,69290,M,0.0,0.0,69
201100057020,11,8,27,1015,1,1,1,1.0,7.0,69294,M,0.0,0.0,69
201100057021,11,8,28,245,5,1,9,1.0,2.0,69382,M,0.0,0.0,69
201100057022,11,8,28,1620,1,1,1,1.0,7.0,69199,M,0.0,0.0,69
201100057023,11,8,30,1730,1,1,1,1.0,2.0,69266,M,,,69
201100057024,11,8,31,1030,1,1,1,1.0,5.0,69382,M,0.0,0.0,69
201100057025,11,8,27,940,1,1,1,8.0,6.0,69199,M,0.0,0.0,69
201100057026,11,9,1,1925,1,1,1,1.0,7.0,38336,M,4548480.0,483465.0,38
201100057027,11,9,1,2130,3,1,1,2.0,7.0,69256,M,,,69
201100057028,11,9,1,2240,5,1,1,2.0,6.0,69256,M,,,69
201100057029,11,9,3,650,5,1,1,1.0,6.0,69152,M,,,69
201100057030,11,9,3,2330,3,1,1,1.0,3.0,69281,M,,,69
201100057031,11,9,4,1810,1,1,1,2.0,5.0,69256,M,,,69
201100057032,11,9,4,2010,2,1,1,2.0,7.0,69271,M,,,69
201100057033,11,9,5,20,3,1,1,2.0,3.0,69152,M,,,69
201100057034,11,9,5,50,3,1,1,2.0,7.0,69256,M,,,69
201100057035,11,9,5,840,1,1,1,2.0,7.0,69256,M,,,69
201100057036,11,9,5,1630,1,1,1,1.0,4.0,69072,M,,,69
201100057037,11,9,5,1615,1,1,1,1.0,5.0,69382,M,,,69
201100057038,11,9,6,1824,1,1,1,1.0,5.0,69290,M,,,69
201100057039,11,9,7,800,1,1,1,1.0,7.0,69029,M,,,69
201100057040,11,9,7,1805,1,1,1,1.0,3.0,69275,M,,,69
201100057041,11,9,7,1950,1,1,1,1.0,2.0,38336,M,,,38
201100057042,11,9,8,850,1,1,1,1.0,7.0,69385,M,,,69
201100057043,11,9,10,318,5,1,1,1.0,6.0,69382,M,,,69
201100057044,11,9,10,930,1,1,1,1.0,2.0,69382,M,,,69
201100057045,11,9,11,2355,3,1,1,2.0,6.0,69286,M,,,69
201100057046,11,9,12,945,1,1,1,1.0,2.0,69278,M,,,69
201100057047,11,9,13,720,1,1,1,1.0,3.0,69290,M,,,69
201100057048,11,9,13,1030,1,1,1,1.0,2.0,38544,M,4553440.0,487230.0,38
201100057049,11,9,14,800,1,1,1,1.0,3.0,69259,M,,,69
201100057050,11,9,14,1920,1,1,9,1.0,2.0,69286,M,,,69
201100057051,11,9,14,1905,1,1,1,1.0,3.0,69115,M,,,69
201100057052,11,9,14,2000,1,1,1,1.0,4.0,69081,M,,,69
201100057053,11,9,14,2200,5,1,1,1.0,5.0,69382,M,,,69
201100057054,11,9,15,945,1,1,1,1.0,2.0,69382,M,,,69
201100057055,11,9,15,1445,1,1,1,1.0,7.0,69081,M,,,69
201100057056,11,9,15,1745,1,1,1,1.0,3.0,69027,M,,,69
201100057057,11,9,16,800,1,1,1,1.0,7.0,69204,M,,,69
201100057058,11,9,17,1030,1,1,1,2.0,7.0,69271,M,,,69
201100057059,11,9,17,925,1,1,1,2.0,6.0,69290,M,,,69
201100057060,11,9,18,1120,1,1,1,1.0,7.0,69256,M,,,69
201100057061,11,9,18,1210,1,1,1,2.0,2.0,69256,M,,,69
201100057062,11,9,18,1210,1,1,1,2.0,7.0,69256,M,,,69
201100057063,11,9,19,920,1,1,1,2.0,2.0,69290,M,,,69
201100057064,11,9,19,1400,1,1,1,2.0,3.0,69081,M,,,69