Num_Acc,an,mois,jour,hrmn,lum,agg,int,atm,col,com,gps,lat,long,dep
201100057065,11,9,20,1715,1,1,1,1.0,3.0,69115,M,,,69
201100057066,11,9,21,2213,4,1,1,1.0,6.0,69199,M,,,69
201100057067,11,9,22,1500,1,1,1,1.0,6.0,69009,M,,,69
201100057068,11,9,25,1515,1,1,1,1.0,3.0,69259,M,,,69
201100057069,11,9,27,830,1,1,1,1.0,2.0,69275,M,,,69
201100057070,11,9,27,1950,3,1,1,1.0,2.0,38449,M,,,38
201100057071,11,9,29,858,1,1,1,1.0,5.0,38544,M,,,38
201100057072,11,9,29,1915,1,1,1,1.0,2.0,69081,M,,,69
201100057073,11,9,30,910,1,1,1,1.0,2.0,69266,M,,,69
201100057074,11,9,30,1210,1,1,1,1.0,6.0,38449,M,,,38
201100057075,11,9,30,1735,1,1,1,1.0,4.0,38087,M,,,38
201100057076,11,10,2,1220,1,1,9,1.0,4.0,69072,M,,,69
201100057077,11,10,3,1025,1,1,1,1.0,6.0,69142,M,,,69
201100057078,11,10,3,1755,1,1,1,1.0,2.0,69029,M,,,69
201100057079,11,10,3,1845,1,1,1,1.0,3.0,69033,M,,,69
201100057080,11,10,3,1125,1,1,1,1.0,2.0,69277,M,,,69
201100057081,11,10,5,1445,1,1,1,1.0,7.0,01376,M,,,01
201100057082,11,10,6,2115,5,1,1,2.0,6.0,69142,M,,,69
201100057083,11,10,8,1550,1,1,1,2.0,7.0,69040,M,,,69
201100057084,11,10,8,1645,1,1,1,2.0,7.0,01275,M,,,01
201100057085,11,10,9,1225,1,1,1,2.0,7.0,69266,M,,,69
201100057086,11,10,9,1530,1,1,1,2.0,6.0,69029,M,,,69
201100057087,11,10,9,1640,1,1,1,3.0,6.0,69199,M,,,69
201100057088,11,10,9,1650,1,1,1,2.0,7.0,69029,M,,,69
201100057089,11,10,9,1810,1,1,1,2.0,3.0,69029,M,,,69
201100057090,11,10,9,1835,2,1,1,2.0,7.0,69152,M,,,69
201100057091,11,10,10,1000,1,1,1,2.0,6.0,69286,M,,,69
201100057092,11,10,11,900,1,1,1,1.0,2.0,69290,M,,,69
201100057093,11,10,13,330,5,1,1,1.0,2.0,69142,M,,,69
201100057094,11,10,13,510,3,1,1,1.0,7.0,69297,M,,,69
201100057095,11,10,13,730,5,1,1,1.0,2.0,69297,M,,,69
201100057096,11,10,13,1245,1,1,1,1.0,6.0,01105,M,,,01
201100057097,11,10,13,1320,1,1,1,1.0,2.0,69125,M,,,69
201100057098,11,10,14,1300,1,1,1,1.0,7.0,69034,M,,,69
201100057099,11,10,14,1800,1,1,1,1.0,3.0,38544,M,,,38
201100057100,11,10,15,345,3,1,1,1.0,2.0,38544,M,4554140.0,485486.0,38
201100057101,11,10,15,1010,1,1,1,1.0,7.0,69382,M,,,69
201100057102,11,10,17,1435,1,1,1,1.0,3.0,69256,M,,,69
201100057103,11,10,17,1730,1,1,1,1.0,4.0,69072,M,,,69
201100057104,11,10,19,1255,1,1,1,2.0,6.0,69382,M,,,69
201100057105,11,10,19,1430,1,1,1,2.0,7.0,69152,M,,,69
201100057106,11,10,19,2130,5,1,1,1.0,2.0,69266,M,,,69
201100057107,11,10,20,1415,1,1,1,1.0,7.0,69259,M,,,69
201100057108,11,10,20,1520,1,1,1,1.0,3.0,69282,M,,,69
201100057109,11,10,21,1100,1,1,1,1.0,3.0,69297,M,,,69
201100057110,11,10,22,2005,3,1,1,1.0,2.0,69297,M,,,69
201100057111,11,10,21,2030,5,1,1,1.0,4.0,69272,M,,,69
201100057112,11,10,21,1930,5,1,1,1.0,7.0,69271,M,,,69
201100057113,11,10,27,1045,1,1,1,1.0,3.0,69029,M,,,69
201100057114,11,10,25,1600,1,1,1,2.0,7.0,69286,M,,,69
201100057115,11,10,25,2110,5,1,1,2.0,4.0,69072,M,,,69
201100057116,11,10,27,1440,1,1,1,1.0,4.0,69382,M,,,69
201100057117,11,10,31,1220,1,1,1,1.0,7.0,01248,M,,,01
201100057118,11,11,2,700,3,1,1,2.0,3.0,38544,M,,,38
201100057119,11,11,2,800,1,1,1,1.0,6.0,69275,M,,,69
201100057120,11,11,2,1320,1,1,1,1.0,4.0,01376,M,,,01
201100057121,11,11,3,1220,1,1,1,1.0,7.0,69199,M,,,69
201100057122,11,11,2,1400,1,1,1,1.0,2.0,69273,M,,,69
201100057123,11,11,4,1010,1,1,1,2.0,3.0,69385,M,,,69
201100057124,11,11,4,1145,1,1,1,2.0,6.0,69199,M,,,69
201100057125,11,11,4,2015,5,1,1,2.0,2.0,69256,M,,,69
201100057126,11,11,4,2220,5,1,1,1.0,6.0,69029,M,,,69
201100057127,11,11,5,920,1,1,1,2.0,7.0,69142,M,,,69
201100057128,11,11,5,1130,1,1,1,2.0,7.0,69142,M,,,69
201100057129,11,11,5,1455,1,1,1,2.0,7.0,38087,M,,,38
201100057130,11,11,5,1640,1,1,1,2.0,3.0,69266,M,,,69
201100057131,11,11,7,1805,2,1,1,1.0,2.0,69029,M,,,69
201100057132,11,11,8,820,1,1,1,1.0,2.0,69034,M,,,69
201100057133,11,11,8,1340,1,1,1,1.0,7.0,69029,M,,,69
201100057134,11,11,9,805,1,1,1,1.0,4.0,69266,M,,,69
201100057135,11,11,10,1825,3,1,1,1.0,5.0,69297,M,,,69
201100057136,11,11,12,550,5,1,1,1.0,4.0,69382,M,,,69
201100057137,11,11,13,1400,1,1,1,1.0,6.0,69290,M,,,69
201100057138,11,11,14,1010,1,1,1,1.0,3.0,69029,M,,,69
201100057139,11,11,15,800,2,1,1,5.0,2.0,69281,M,,,69
201100057140,11,11,15,905,1,1,1,5.0,4.0,69286,M,,,69
201100057141,11,11,15,1030,1,1,1,5.0,5.0,01249,M,,,01
201100057142,11,11,15,1035,1,1,1,1.0,2.0,01049,M,,,01
201100057143,11,11,15,1529,1,1,1,1.0,7.0,69081,M,,,69
201100057144,11,11,16,615,3,1,1,1.0,6.0,69204,M,,,69
201100057145,11,11,16,755,1,1,1,1.0,3.0,69296,M,,,69
201100057146,11,11,11,1855,3,1,1,1.0,3.0,69297,M,,,69
201100057147,11,11,18,1400,1,1,1,1.0,4.0,38544,M,,,38
201100057148,11,11,19,210,3,1,1,1.0,1.0,69199,M,,,69
201100057149,11,11,21,1545,1,1,1,1.0,3.0,69199,M,,,69
201100057150,11,11,22,730,2,1,1,1.0,4.0,69199,M,,,69
201100057151,11,11,22,750,1,1,1,1.0,2.0,69290,M,,,69
201100057152,11,11,24,1900,5,1,1,1.0,3.0,69266,M,,,69
201100057153,11,11,25,30,3,1,1,1.0,7.0,69290,M,,,69
201100057154,11,11,25,912,5,1,1,1.0,4.0,69385,M,,,69
201100057155,11,11,25,1800,5,1,1,1.0,6.0,69009,M,,,69
201100057156,11,11,27,333,3,1,1,1.0,3.0,38087,M,,,38
201100057157,11,11,27,448,5,1,1,1.0,6.0,69297,M,,,69
201100057158,11,11,27,1030,1,1,1,1.0,7.0,69282,M,,,69
201100057159,11,11,27,2320,3,1,1,1.0,5.0,69287,M,,,69
201100057160,11,11,29,1820,5,1,1,1.0,4.0,69266,M,,,69
201100057161,11,11,30,1955,5,1,1,1.0,4.0,69382,M,,,69
201100057162,11,12,1,640,5,1,1,1.0,5.0,38487,M,4554790.0,483507.0,38
201100057163,11,12,1,1745,5,1,1,1.0,5.0,69290,M,,,69
201100057164,11,11,27,1900,3,1,1,1.0,2.0,69029,M,,,69
201100057165,11,12,2,835,1,1,1,9.0,3.0,69152,M,,,69
201100057166,11,12,2,1055,1,1,1,1.0,2.0,01249,M,,,01
201100057167,11,12,2,1015,1,1,1,2.0,2.0,69034,M,,,69
201100057168,11,12,3,915,1,1,1,8.0,2.0,69266,M,,,69
201100057169,11,12,3,2125,3,1,1,2.0,2.0,38544,M,4554510.0,484004.0,38
201100057170,11,12,4,620,3,1,1,9.0,6.0,69256,M,,,69
201100057171,11,12,4,1920,5,1,1,1.0,2.0,69029,M,,,69
201100057172,11,12,5,2000,3,1,1,1.0,2.0,69256,M,,,69
201100057173,11,12,6,510,3,1,1,2.0,7.0,69287,M,,,69
201100057174,11,12,6,710,2,1,1,2.0,7.0,69266,M,,,69
201100057175,11,12,6,915,1,1,1,2.0,2.0,69204,M,,,69
201100057176,11,12,6,1345,1,1,1,2.0,3.0,69290,M,,,69
201100057177,11,12,6,1700,4,1,1,2.0,2.0,69382,M,,,69
201100057178,11,12,7,810,1,1,1,2.0,4.0,69266,M,,,69
201100057179,11,12,6,850,1,1,1,3.0,7.0,69029,M,,,69
201100057180,11,12,7,1200,1,1,1,1.0,2.0,69029,M,,,69
201100057181,11,12,7,1330,1,1,1,2.0,3.0,69297,M,,,69
201100057182,11,12,7,1400,1,1,1,2.0,5.0,69297,M,,,69
201100057183,11,12,7,1950,5,1,1,1.0,2.0,69382,M,,,69
201100057184,11,12,8,1030,1,1,1,1.0,4.0,69081,M,,,69
201100057185,11,12,9,1830,5,1,1,1.0,4.0,69266,M,,,69
201100057186,11,12,10,500,4,1,1,1.0,6.0,69290,M,,,69
201100057187,11,12,11,1820,3,1,1,1.0,4.0,69029,M,,,69
201100057188,11,12,12,730,3,1,1,3.0,2.0,69256,M,,,69
201100057189,11,12,12,1730,3,1,1,1.0,4.0,69072,M,,,69
201100057190,11,12,12,2000,3,1,1,1.0,5.0,69283,M,,,69
201100057191,11,12,13,1650,1,1,1,1.0,3.0,69297,M,,,69
201100057192,11,12,14,1255,1,1,1,1.0,2.0,38544,M,,,38
201100057193,11,11,25,5,5,1,1,1.0,7.0,69123,M,,,69
201100057194,11,12,15,1740,3,1,1,2.0,3.0,69290,M,,,69
201100057195,11,12,15,1845,3,1,1,2.0,2.0,69256,M,,,69
201100057196,11,12,16,1255,1,1,1,2.0,4.0,69029,M,,,69
201100057197,11,12,17,1230,1,1,1,3.0,7.0,69256,M,,,69
201100057198,11,12,18,530,3,1,1,2.0,7.0,69297,M,,,69
201100057199,11,12,18,1310,1,1,1,1.0,3.0,69029,M,,,69
201100057200,11,12,20,630,3,1,9,2.0,3.0,69288,M,,,69
201100057201,11,12,20,1500,1,1,1,2.0,6.0,69199,M,,,69
201100057202,11,12,20,1830,3,1,1,2.0,5.0,69272,M,,,69
201100057203,11,12,21,435,3,1,1,2.0,2.0,69152,M,,,69
201100057204,11,12,21,830,1,1,1,2.0,2.0,69256,M,,,69
201100057205,11,12,21,1100,1,1,9,2.0,7.0,69286,M,,,69
201100057206,11,12,23,605,3,1,1,1.0,3.0,69294,M,,,69
201100057207,11,12,25,1240,1,1,1,1.0,4.0,69382,M,,,69
201100057208,11,12,26,1915,3,1,1,1.0,4.0,69029,M,,,69
201100057209,11,12,27,1620,1,1,1,1.0,6.0,38336,M,4549810.0,484121.0,38
201100057210,11,12,31,1000,1,1,1,2.0,6.0,69297,M,,,69
201100057211,11,12,31,1045,1,1,1,2.0,7.0,69142,M,,,69
201100057212,11,12,31,1600,1,1,1,2.0,6.0,38336,M,4549070.0,483252.0,38
201100057213,11,1,11,2250,5,2,6,8.0,3.0,69389,M,,,69
201100057214,11,1,16,1130,1,2,3,1.0,6.0,69389,M,,,69
201100057215,11,1,16,1045,1,2,1,1.0,6.0,69389,M,,,69
201100057216,11,1,19,1015,1,2,1,1.0,2.0,69389,M,,,69
201100057217,11,1,30,920,1,2,1,1.0,6.0,69389,M,,,69
201100057218,11,2,5,2125,4,2,1,1.0,6.0,69389,M,,,69
201100057219,11,2,8,730,2,2,1,1.0,6.0,69389,M,,,69
201100057220,11,2,5,1610,1,2,3,1.0,2.0,69389,M,,,69
201100057221,11,2,8,1155,1,2,9,1.0,7.0,69389,M,,,69
201100057222,11,2,20,405,5,2,1,1.0,6.0,69389,M,,,69
201100057223,11,3,4,845,1,2,9,1.0,2.0,69389,M,,,69
201100057224,11,3,9,1415,1,2,2,1.0,3.0,69389,M,,,69
201100057225,11,3,17,1530,1,2,1,2.0,6.0,69389,M,,,69
201100057226,11,3,21,1740,1,2,1,1.0,3.0,69389,M,,,69
201100057227,11,3,19,1845,1,2,2,1.0,3.0,69389,M,,,69
201100057228,11,4,1,835,1,2,3,1.0,6.0,69389,M,,,69
201100057229,11,3,25,2150,5,2,1,1.0,7.0,69389,M,,,69
201100057230,11,4,5,1350,1,2,1,1.0,6.0,69389,M,,,69
201100057231,11,4,1,850,1,2,1,1.0,3.0,69389,M,,,69
201100057232,11,4,7,1650,1,2,1,1.0,6.0,69389,M,,,69
201100057233,11,3,31,1640,1,2,1,1.0,6.0,69389,M,,,69
201100057234,11,4,6,1235,1,2,1,1.0,6.0,69389,M,,,69
201100057235,11,4,11,1300,1,2,1,7.0,3.0,69389,M,,,69
201100057236,11,4,13,930,1,2,2,1.0,3.0,69389,M,,,69
201100057237,11,4,15,1730,1,2,2,1.0,3.0,69389,M,,,69
201100057238,11,4,18,855,1,2,1,1.0,4.0,69389,M,,,69
201100057239,11,4,19,1030,1,2,3,1.0,3.0,69389,M,,,69
201100057240,11,4,15,810,1,2,1,1.0,6.0,69389,M,,,69
201100057241,11,4,21,800,1,2,1,1.0,6.0,69389,M,,,69
201100057242,11,4,22,1020,1,2,1,1.0,2.0,69389,M,,,69
201100057243,11,4,23,600,5,2,1,1.0,6.0,69389,M,,,69
201100057244,11,4,26,905,1,2,1,1.0,3.0,69389,M,,,69
201100057245,11,4,28,2150,5,2,1,1.0,3.0,69389,M,,,69
201100057246,11,5,6,1505,1,2,1,1.0,6.0,69389,M,,,69
201100057247,11,5,2,1840,1,2,1,1.0,6.0,69389,M,,,69
201100057248,11,5,20,2235,5,2,6,1.0,3.0,69389,M,,,69
201100057249,11,5,31,1720,1,2,1,2.0,2.0,69389,M,,,69
201100057250,11,6,3,1145,1,2,3,1.0,2.0,69389,M,,,69
201100057251,11,6,5,520,2,2,1,1.0,2.0,69389,M,,,69
201100057252,11,6,7,2340,5,2,1,3.0,6.0,69389,M,,,69
201100057253,11,6,8,1625,1,2,9,1.0,3.0,69389,M,,,69
201100057254,11,6,10,1550,1,2,1,1.0,6.0,69389,M,,,69
201100057255,11,6,15,1300,1,2,1,1.0,6.0,69389,M,,,69
201100057256,11,6,14,1915,1,2,1,1.0,2.0,69389,M,,,69
201100057257,11,6,18,1855,1,2,3,1.0,7.0,69389,M,,,69
201100057258,11,6,25,1900,1,2,1,1.0,1.0,69389,M,,,69
201100057259,11,6,29,1700,1,2,1,1.0,4.0,69389,M,,,69
201100057260,11,6,30,855,1,2,1,1.0,3.0,69389,M,,,69
201100057261,11,6,26,1100,1,2,1,1.0,7.0,69389,M,,,69
201100057262,11,6,26,1120,1,2,1,1.0,3.0,69389,M,,,69
201100057263,11,7,4,1830,1,2,2,1.0,3.0,69389,M,,,69
201100057264,11,7,6,1710,1,2,1,1.0,1.0,69389,M,,,69
201100057265,11,7,7,645,1,2,2,1.0,3.0,69389,M,,,69
201100057266,11,7,8,1620,1,2,2,1.0,5.0,69081,M,,,69
201100057267,11,7,15,1820,1,2,3,1.0,7.0,69389,M,,,69
201100057268,11,7,20,920,1,2,1,8.0,3.0,69389,M,,,69
201100057269,11,7,20,1445,1,2,1,2.0,7.0,69389,M,,,69
201100057270,11,7,24,1645,1,2,1,1.0,2.0,69389,M,,,69
201100057271,11,7,25,1920,1,2,9,2.0,3.0,69389,M,,,69
201100057272,11,7,26,1715,1,2,2,2.0,6.0,69389,M,,,69
201100057273,11,7,24,345,5,2,1,1.0,1.0,69389,M,,,69
201100057274,11,8,8,1800,1,2,1,1.0,5.0,69081,M,0.0,0.0,69
201100057275,11,8,10,1900,1,2,3,1.0,6.0,69389,M,0.0,0.0,69
201100057276,11,8,17,1015,1,2,1,1.0,6.0,69389,M,0.0,0.0,69
201100057277,11,8,27,1645,1,2,1,1.0,6.0,69389,M,0.0,0.0,69
201100057278,11,8,26,1454,1,2,1,3.0,5.0,69389,M,0.0,0.0,69
201100057279,11,9,1,720,1,2,1,1.0,6.0,69389,M,,,69
201100057280,11,9,3,2225,5,2,1,1.0,6.0,69389,M,,,69
201100057281,11,8,16,1945,1,2,1,1.0,3.0,69389,M,0.0,0.0,69
201100057282,11,9,6,2355,5,2,1,1.0,6.0,69389,M,,,69
201100057283,11,9,9,815,1,2,1,1.0,7.0,69389,M,,,69
201100057284,11,9,9,1640,1,2,1,1.0,7.0,69389,M,,,69
201100057285,11,9,12,730,1,2,1,1.0,6.0,69389,M,,,69
201100057286,11,9,12,1230,1,2,1,1.0,6.0,69389,M,,,69
201100057287,11,9,13,1930,2,2,1,1.0,6.0,69389,M,,,69
201100057288,11,9,19,743,1,2,2,2.0,3.0,69389,M,,,69
201100057289,11,9,19,1845,1,2,1,1.0,6.0,69389,M,,,69
201100057290,11,9,20,1745,1,2,1,1.0,6.0,69389,M,,,69
201100057291,11,9,26,2115,5,2,2,1.0,3.0,69389,M,,,69
201100057292,11,9,30,712,2,2,1,1.0,6.0,69389,M,,,69
201100057293,11,9,26,900,1,2,1,1.0,6.0,69389,M,,,69
201100057294,11,10,1,2030,5,2,1,1.0,1.0,69389,M,,,69
201100057295,11,10,1,1200,1,2,1,1.0,6.0,69389,M,,,69
201100057296,11,10,4,1800,1,2,1,1.0,7.0,69081,M,,,69
201100057297,11,10,7,1740,1,2,3,8.0,3.0,69389,M,,,69
201100057298,11,10,15,1505,1,2,1,1.0,6.0,69389,M,,,69
201100057299,11,10,20,1715,2,2,1,1.0,6.0,69389,M,,,69
201100057300,11,10,24,1500,1,2,1,1.0,6.0,69389,M,,,69
201100057301,11,10,25,1930,5,2,3,8.0,3.0,69081,M,,,69
201100057302,11,10,7,1550,1,2,1,2.0,6.0,69389,M,,,69
201100057303,11,11,2,830,1,2,2,1.0,2.0,69389,M,,,69
201100057304,11,11,4,1125,1,2,2,2.0,6.0,69389,M,,,69
201100057305,11,11,4,2028,5,2,1,2.0,6.0,69389,M,0.0,0.0,69
201100057306,11,11,8,755,1,2,1,1.0,6.0,69389,M,,,69
201100057307,11,11,14,1945,5,2,1,1.0,6.0,69389,M,,,69
201100057308,11,11,9,1800,5,2,1,1.0,1.0,69389,M,,,69
201100057309,11,11,14,1015,1,2,1,1.0,2.0,69389,M,,,69
201100057310,11,11,16,1950,5,2,3,1.0,3.0,69389,M,,,69
201100057311,11,11,8,1830,5,2,1,2.0,6.0,69389,M,,,69
201100057312,11,11,9,655,2,2,1,1.0,6.0,69389,M,,,69
201100057313,11,11,16,1605,1,2,3,1.0,6.0,69081,M,,,69
201100057314,11,11,18,1640,1,2,1,1.0,6.0,69389,M,,,69
201100057315,11,11,17,830,1,2,1,1.0,6.0,69389,M,,,69
201100057316,11,11,26,1505,1,2,1,8.0,6.0,69389,M,,,69
201100057317,11,11,14,1515,1,2,1,1.0,2.0,69081,M,,,69
201100057318,11,11,29,2256,5,2,1,1.0,3.0,69389,M,,,69
201100057319,11,12,2,1030,1,2,1,2.0,2.0,69389,M,,,69
201100057320,11,12,2,1915,5,2,3,2.0,1.0,69081,M,,,69
201100057321,11,12,1,1921,3,2,2,1.0,3.0,69389,M,,,69
201100057322,11,12,6,915,1,2,1,2.0,3.0,69389,M,,,69
201100057323,11,12,10,1805,5,2,3,1.0,1.0,69389,M,,,69
201100057324,11,12,13,1130,1,2,1,1.0,2.0,69389,M,,,69
201100057325,11,12,14,1615,1,2,1,8.0,6.0,69389,M,,,69
201100057326,11,12,20,1820,3,2,3,3.0,6.0,69389,M,,,69
201100057327,11,12,21,930,1,2,1,2.0,6.0,69389,M,,,69
201100057328,11,12,26,1350,1,2,2,1.0,1.0,69389,M,,,69
201100057329,11,12,28,1915,5,2,1,5.0,6.0,69389,M,,,69
201100057330,11,1,2,1728,3,1,1,1.0,4.0,83144,M,,,83
201100057331,11,1,6,1840,2,1,1,2.0,7.0,83137,M,,,83
201100057332,11,1,12,1630,1,1,1,1.0,3.0,83137,M,,,83
201100057333,11,1,13,1725,5,1,1,1.0,4.0,83137,M,,,83
201100057334,11,1,28,1558,1,1,1,1.0,7.0,83126,M,,,83
201100057335,11,1,29,1542,1,1,1,2.0,2.0,83137,M,,,83
201100057336,11,3,25,1810,1,1,1,1.0,3.0,83137,M,,,83
201100057337,11,3,28,1030,1,1,1,1.0,2.0,13028,M,,,13
201100057338,11,4,2,600,3,1,1,1.0,2.0,83137,M,,,83
201100057339,11,4,7,730,1,1,1,1.0,2.0,83137,M,,,83
201100057340,11,4,7,945,1,1,1,1.0,2.0,83137,M,,,83
201100057341,11,4,26,1815,1,1,1,1.0,2.0,83144,M,,,83
201100057342,11,4,27,1456,1,1,1,1.0,4.0,83137,M,,,83
201100057343,11,4,27,1650,1,1,4,1.0,2.0,83027,M,,,83
201100057344,11,5,3,900,1,1,1,1.0,3.0,83069,M,,,83
201100057345,11,5,6,710,1,1,1,1.0,2.0,13028,M,,,13
201100057346,11,5,6,945,1,1,1,1.0,4.0,83144,M,,,83
201100057347,11,5,6,1710,1,1,1,1.0,4.0,83144,M,,,83
201100057348,11,5,26,920,1,1,1,1.0,4.0,83137,M,,,83
201100057349,11,5,28,905,1,1,1,1.0,3.0,83137,M,,,83
201100057350,11,6,5,2035,1,1,1,2.0,6.0,83144,M,,,83
201100057351,11,6,10,1615,1,1,1,1.0,4.0,83137,M,,,83
201100057352,11,6,10,1915,1,1,1,1.0,4.0,83137,M,,,83
201100057353,11,6,17,1625,1,1,9,1.0,2.0,83090,M,,,83
201100057354,11,6,18,1525,1,1,1,1.0,2.0,83137,M,,,83
201100057355,11,7,1,705,1,1,1,1.0,2.0,83137,M,,,83
201100057356,11,7,1,1805,1,1,1,1.0,3.0,83137,M,,,83
201100057357,11,7,4,1910,1,1,1,1.0,4.0,83144,M,,,83
201100057358,11,7,5,210,5,1,1,1.0,7.0,83137,M,,,83
201100057359,11,7,7,1950,1,1,1,1.0,4.0,83137,M,,,83
201100057360,11,7,12,1550,1,1,1,1.0,6.0,13028,M,,,13
201100057361,11,7,18,1555,1,1,1,1.0,2.0,83069,M,,,83
201100057362,11,7,23,915,1,1,1,1.0,2.0,83069,M,,,83
201100057363,11,8,6,2150,3,1,1,1.0,6.0,13028,M,,,13
201100057364,11,8,6,1455,1,1,1,1.0,2.0,83137,M,,,83
201100057365,11,8,7,200,5,1,1,1.0,6.0,13028,M,,,13
201100057366,11,8,12,1758,1,1,1,1.0,4.0,83137,M,,,83
201100057367,11,8,23,2022,2,1,1,1.0,2.0,83144,M,,,83
201100057368,11,9,1,1604,1,1,1,1.0,4.0,83137,M,,,83
201100057369,11,9,11,920,1,1,1,1.0,6.0,83137,M,,,83
201100057370,11,9,26,835,1,1,1,1.0,3.0,83137,M,,,83
201100057371,11,9,26,1802,1,1,1,1.0,2.0,83126,M,,,83
201100057372,11,9,29,1620,1,1,1,1.0,4.0,83137,M,,,83
201100057373,11,10,13,733,1,1,1,1.0,3.0,83062,M,,,83
201100057374,11,10,14,2245,3,1,1,1.0,3.0,83144,M,,,83
201100057375,11,10,17,830,1,1,1,1.0,2.0,83137,M,,,83
201100057376,11,10,17,735,1,1,1,1.0,5.0,83137,M,,,83
201100057377,11,10,19,815,1,1,1,2.0,7.0,83144,M,,,83
201100057378,11,11,3,1820,5,1,1,3.0,7.0,83090,M,,,83
201100057379,11,11,16,1700,1,1,1,1.0,6.0,83035,M,,,83
201100057380,11,11,18,1725,2,1,1,1.0,4.0,83137,M,,,83
201100057381,11,11,21,1800,5,1,1,1.0,4.0,83137,M,,,83
201100057382,11,11,29,1800,5,1,1,1.0,3.0,83069,M,,,83
201100057383,11,12,9,1215,1,1,1,1.0,2.0,83137,M,,,83
201100057384,11,12,9,1252,1,1,1,1.0,7.0,83069,M,,,83
201100057385,11,12,15,1213,1,1,1,1.0,4.0,83137,M,,,83
201100057386,11,12,15,1754,3,1,1,1.0,4.0,83062,M,,,83
201100057387,11,12,19,1410,1,1,1,1.0,6.0,83069,M,,,83
201100057388,11,12,23,930,1,1,1,1.0,7.0,83126,M,,,83
201100057389,11,1,1,1600,1,1,1,1.0,3.0,13215,M,,,13
201100057390,11,1,2,1300,1,1,1,1.0,6.0,13001,M,,,13
201100057391,11,1,2,1800,5,1,1,1.0,2.0,13214,M,,,13
201100057392,11,1,4,900,1,1,1,2.0,6.0,13210,M,,,13
201100057393,11,1,4,1740,3,1,1,1.0,2.0,13210,M,,,13
201100057394,11,1,5,1905,3,1,1,1.0,6.0,13085,M,,,13
201100057395,11,1,5,2120,3,1,1,1.0,7.0,13026,M,,,13
201100057396,11,1,6,915,1,1,1,1.0,4.0,13056,M,,,13
201100057397,11,1,9,430,3,1,1,1.0,6.0,13214,M,,,13
201100057398,11,1,9,1204,1,1,1,1.0,2.0,13215,M,,,13
201100057399,11,1,10,645,3,1,1,8.0,3.0,13071,M,,,13
201100057400,11,1,10,726,1,1,1,1.0,4.0,13206,M,,,13
201100057401,11,1,10,1350,1,1,1,1.0,6.0,13203,M,,,13
201100057402,11,1,10,914,1,1,1,5.0,7.0,13033,M,,,13
201100057403,11,1,11,555,3,1,1,1.0,6.0,13005,M,,,13
201100057404,11,1,11,1400,1,1,1,8.0,4.0,13070,M,,,13
201100057405,11,1,12,1355,1,1,1,1.0,3.0,13203,M,,,13
201100057406,11,1,15,310,3,1,1,5.0,7.0,13117,M,,,13
201100057407,11,1,15,1215,1,1,1,1.0,4.0,13070,M,,,13
201100057408,11,1,17,1550,1,1,1,1.0,6.0,13211,M,,,13
201100057409,11,1,17,1830,3,1,1,1.0,6.0,13005,M,,,13
201100057410,11,1,18,1935,3,1,1,1.0,3.0,13216,M,,,13
201100057411,11,1,21,1120,1,1,1,1.0,2.0,13215,M,,,13
201100057412,11,1,21,1925,5,1,1,1.0,2.0,13203,M,,,13
201100057413,11,1,22,25,3,1,1,1.0,6.0,13210,M,,,13
201100057414,11,1,22,1400,1,1,1,1.0,6.0,13088,M,,,13
201100057415,11,1,24,735,1,1,1,1.0,6.0,13005,M,,,13
201100057416,11,1,24,1715,5,1,1,1.0,2.0,13202,M,,,13
201100057417,11,1,24,2035,3,1,1,1.0,7.0,13215,M,,,13
201100057418,11,1,25,900,1,1,1,1.0,7.0,13081,M,,,13
201100057419,11,1,25,1110,1,1,1,1.0,6.0,13088,M,,,13
201100057420,11,1,26,1355,1,1,1,1.0,4.0,13106,M,,,13
201100057421,11,1,26,1635,1,1,1,1.0,4.0,13214,M,,,13
201100057422,11,1,26,1740,2,1,1,1.0,2.0,13202,M,,,13
201100057423,11,1,27,922,1,1,1,1.0,6.0,13088,M,,,13
201100057424,11,1,29,1630,1,1,1,3.0,3.0,13019,M,,,13
201100057425,11,1,27,940,1,1,1,1.0,2.0,13056,M,,,13
201100057426,11,1,28,1425,1,1,1,1.0,7.0,13211,M,,,13
201100057427,11,1,29,2000,3,1,1,1.0,6.0,13106,M,,,13
201100057428,11,1,29,330,3,1,1,1.0,6.0,13211,M,,,13
201100057429,11,1,29,2120,3,1,1,2.0,7.0,13203,M,,,13
201100057430,11,1,29,2225,3,1,1,3.0,7.0,13056,M,,,13
201100057431,11,2,1,1120,1,1,1,1.0,2.0,13071,M,,,13
201100057432,11,2,4,1428,1,1,1,1.0,2.0,13215,M,,,13
201100057433,11,2,5,15,3,1,1,1.0,5.0,13117,M,,,13
201100057434,11,2,8,1025,1,1,1,1.0,2.0,13203,M,,,13
201100057435,11,2,9,1500,1,1,1,1.0,2.0,13019,M,,,13
201100057436,11,2,13,1905,3,1,1,1.0,6.0,13106,M,,,13
201100057437,11,2,14,1545,1,1,1,3.0,7.0,13019,M,,,13
201100057438,11,2,14,1510,1,1,1,2.0,6.0,13001,M,,,13
201100057439,11,2,14,1550,1,1,1,3.0,4.0,13071,M,,,13
201100057440,11,2,16,15,3,1,1,2.0,6.0,13071,M,,,13
201100057441,11,2,16,1650,1,1,1,1.0,3.0,13056,M,,,13
201100057442,11,2,17,850,1,1,9,8.0,7.0,13210,M,,,13
201100057443,11,2,15,1930,5,1,1,8.0,6.0,13203,M,,,13
201100057444,11,2,17,1715,1,1,1,8.0,4.0,13215,M,,,13
201100057445,11,2,18,1550,1,1,1,1.0,2.0,13211,M,,,13
201100057446,11,2,18,2140,3,1,1,1.0,7.0,13071,M,,,13