Num_Acc,an,mois,jour,hrmn,lum,agg,int,atm,col,com,gps,lat,long,dep
201100057447,11,2,19,530,3,1,1,1.0,5.0,13071,M,,,13
201100057448,11,2,18,1830,2,1,1,1.0,4.0,13211,M,,,13
201100057449,11,2,19,1830,3,1,1,1.0,3.0,13211,M,,,13
201100057450,11,2,15,2150,3,1,1,8.0,7.0,13071,M,,,13
201100057451,11,2,23,2224,3,1,1,1.0,7.0,13216,M,,,13
201100057452,11,2,24,1635,1,1,1,1.0,7.0,13071,M,,,13
201100057453,11,2,26,918,1,1,1,1.0,3.0,13071,M,,,13
201100057454,11,2,26,1930,3,1,1,1.0,4.0,13203,M,,,13
201100057455,11,2,28,2305,5,1,1,1.0,2.0,13210,M,,,13
201100057456,11,3,2,845,1,1,1,1.0,7.0,13005,M,,,13
201100057457,11,3,2,1500,1,1,1,1.0,7.0,13085,M,,,13
201100057458,11,3,8,1540,1,1,1,1.0,7.0,13056,M,,,13
201100057459,11,3,10,915,1,1,1,1.0,4.0,13005,M,,,13
201100057460,11,2,23,1835,2,1,1,1.0,3.0,13215,M,,,13
201100057461,11,3,13,1021,1,1,1,2.0,6.0,13210,M,,,13
201100057462,11,3,13,1615,1,1,1,2.0,6.0,13071,M,,,13
201100057463,11,3,15,900,1,1,1,2.0,7.0,13210,M,,,13
201100057464,11,3,16,1250,1,1,1,2.0,6.0,13001,M,,,13
201100057465,11,3,16,630,5,1,1,2.0,3.0,13203,M,,,13
201100057466,11,3,16,830,1,1,1,2.0,2.0,13001,M,,,13
201100057467,11,3,18,530,3,1,1,6.0,6.0,13056,M,,,13
201100057468,11,3,18,834,1,1,1,1.0,4.0,13088,M,,,13
201100057469,11,3,18,835,1,1,1,1.0,4.0,13033,M,,,13
201100057470,11,3,13,1600,1,1,1,1.0,6.0,13005,M,,,13
201100057471,11,3,19,1116,1,1,1,1.0,6.0,13117,M,,,13
201100057472,11,3,18,2055,3,1,1,1.0,2.0,13022,M,,,13
201100057473,11,3,19,1830,2,1,1,1.0,2.0,13005,M,,,13
201100057474,11,3,19,1635,1,1,1,1.0,6.0,13085,M,,,13
201100057475,11,3,23,1600,1,1,1,1.0,6.0,13214,M,,,13
201100057476,11,3,23,1745,1,1,1,1.0,2.0,13215,M,,,13
201100057477,11,3,23,2202,3,1,1,1.0,6.0,13215,M,,,13
201100057478,11,3,22,2020,3,1,1,1.0,6.0,13071,M,,,13
201100057479,11,3,27,1810,1,1,1,1.0,5.0,13214,M,,,13
201100057480,11,3,27,1420,1,1,1,3.0,7.0,13085,M,,,13
201100057481,11,3,27,1930,1,1,1,2.0,4.0,13214,M,,,13
201100057482,11,3,28,2055,3,1,1,1.0,2.0,13071,M,,,13
201100057483,11,3,30,440,3,1,1,1.0,2.0,13005,M,,,13
201100057484,11,3,30,1748,1,1,1,1.0,4.0,13215,M,,,13
201100057485,11,3,30,1700,1,1,1,1.0,7.0,13056,M,,,13
201100057486,11,3,27,855,1,1,1,1.0,2.0,13202,M,,,13
201100057487,11,4,2,1717,1,1,1,1.0,6.0,13005,M,,,13
201100057488,11,4,2,340,3,1,1,5.0,2.0,13015,M,,,13
201100057489,11,4,4,1000,1,1,1,1.0,7.0,13207,M,,,13
201100057490,11,4,4,1700,1,1,1,1.0,2.0,13215,M,,,13
201100057491,11,4,4,1944,1,1,1,1.0,6.0,13216,M,,,13
201100057492,11,4,6,816,1,1,1,1.0,6.0,13026,M,,,13
201100057493,11,4,7,2115,3,1,1,1.0,7.0,13028,M,,,13
201100057494,11,4,7,1730,1,1,1,1.0,4.0,13202,M,,,13
201100057495,11,4,11,1100,1,1,1,1.0,3.0,13215,M,,,13
201100057496,11,4,11,1715,1,1,1,1.0,2.0,13214,M,,,13
201100057497,11,4,12,810,1,1,1,1.0,2.0,13203,M,,,13
201100057498,11,4,12,2150,3,1,1,1.0,7.0,13211,M,,,13
201100057499,11,4,13,800,1,1,1,1.0,6.0,13005,M,,,13
201100057500,11,4,14,1045,1,1,1,1.0,7.0,13215,M,,,13
201100057501,11,4,13,1800,1,1,1,1.0,2.0,13202,M,,,13
201100057502,11,4,13,1800,1,1,1,1.0,2.0,13202,M,,,13
201100057503,11,4,14,2030,2,1,1,1.0,7.0,13207,M,,,13
201100057504,11,4,15,810,1,1,1,1.0,6.0,13001,M,,,13
201100057505,11,4,12,1552,1,1,1,6.0,7.0,13019,M,,,13
201100057506,11,4,12,1044,1,1,1,1.0,5.0,13005,M,,,13
201100057507,11,4,11,1250,1,1,1,1.0,6.0,13215,M,,,13
201100057508,11,4,20,2355,3,1,1,1.0,6.0,13071,M,,,13
201100057509,11,4,21,1020,1,1,1,1.0,2.0,13215,M,,,13
201100057510,11,4,21,1510,1,1,1,1.0,2.0,13117,M,,,13
201100057511,11,4,22,510,3,1,1,1.0,6.0,13215,M,,,13
201100057512,11,4,22,2045,3,1,1,2.0,7.0,13071,M,,,13
201100057513,11,4,23,1020,1,1,1,2.0,6.0,13202,M,,,13
201100057514,11,4,23,1144,1,1,1,2.0,7.0,13088,M,,,13
201100057515,11,4,20,1810,1,1,1,1.0,3.0,13005,M,,,13
201100057516,11,4,25,2130,3,1,1,2.0,3.0,13211,M,,,13
201100057517,11,4,27,1745,1,1,1,1.0,4.0,13070,M,,,13
201100057518,11,4,28,728,1,1,1,1.0,4.0,13203,M,,,13
201100057519,11,4,28,845,1,1,1,1.0,6.0,13001,M,,,13
201100057520,11,4,28,1150,1,1,1,1.0,2.0,13071,M,,,13
201100057521,11,4,28,1145,1,1,1,1.0,5.0,13215,M,,,13
201100057522,11,5,3,1840,1,1,1,1.0,2.0,13215,M,,,13
201100057523,11,4,2,830,1,1,1,1.0,2.0,13216,M,,,13
201100057524,11,5,1,1630,1,1,1,1.0,4.0,13202,M,,,13
201100057525,11,5,6,845,1,1,1,1.0,2.0,13026,M,,,13
201100057526,11,5,6,945,1,1,1,1.0,3.0,13106,M,,,13
201100057527,11,5,6,1040,1,1,1,1.0,2.0,13071,M,,,13
201100057528,11,5,9,810,1,1,1,1.0,5.0,13001,M,,,13
201100057529,11,5,9,1705,1,1,1,1.0,5.0,13215,M,,,13
201100057530,11,5,10,1420,1,1,1,1.0,2.0,13106,M,,,13
201100057531,11,5,6,1735,1,1,1,1.0,2.0,13214,M,,,13
201100057532,11,5,12,832,1,1,1,1.0,2.0,13215,M,,,13
201100057533,11,5,13,745,1,1,1,1.0,6.0,13071,M,,,13
201100057534,11,5,13,910,1,1,1,1.0,2.0,13071,M,,,13
201100057535,11,5,13,145,3,1,1,1.0,7.0,13056,M,,,13
201100057536,11,5,14,610,2,1,1,1.0,6.0,13015,M,,,13
201100057537,11,5,14,1130,1,1,1,1.0,5.0,13211,M,,,13
201100057538,11,5,18,850,1,1,1,1.0,7.0,13210,M,,,13
201100057539,11,5,18,2330,5,1,1,1.0,6.0,13214,M,,,13
201100057540,11,5,13,1750,1,1,1,1.0,2.0,13001,M,,,13
201100057541,11,5,20,1700,1,1,1,1.0,2.0,13211,M,,,13
201100057542,11,5,21,505,3,1,1,1.0,6.0,13001,M,,,13
201100057543,11,5,21,1515,1,1,1,1.0,2.0,13211,M,,,13
201100057544,11,5,22,1730,1,1,1,1.0,3.0,13215,M,,,13
201100057545,11,5,24,800,1,1,1,1.0,4.0,13214,M,,,13
201100057546,11,5,24,1850,1,1,1,1.0,6.0,13211,M,,,13
201100057547,11,5,28,1625,1,1,1,1.0,7.0,13106,M,,,13
201100057548,11,5,27,2234,3,1,1,1.0,6.0,13211,M,,,13
201100057549,11,4,6,1645,1,1,1,1.0,6.0,13085,M,,,13
201100057550,11,5,29,1625,1,1,1,1.0,2.0,13215,M,,,13
201100057551,11,5,31,2015,2,1,1,1.0,5.0,13216,M,,,13
201100057552,11,6,1,430,3,1,1,1.0,2.0,13211,M,,,13
201100057553,11,5,31,1650,1,1,1,1.0,7.0,13005,M,,,13
201100057554,11,6,1,1545,1,1,1,1.0,4.0,13005,M,,,13
201100057555,11,6,1,1935,1,1,1,1.0,6.0,13106,M,,,13
201100057556,11,6,2,1315,1,1,1,2.0,7.0,13056,M,,,13
201100057557,11,5,30,1725,1,1,1,1.0,2.0,13215,M,,,13
201100057558,11,6,4,930,1,1,1,1.0,6.0,13022,M,,,13
201100057559,11,6,4,1435,1,1,1,1.0,3.0,13211,M,,,13
201100057560,11,6,5,1715,1,1,1,8.0,4.0,13215,M,,,13
201100057561,11,6,6,2110,2,1,1,1.0,7.0,13211,M,,,13
201100057562,11,6,7,1315,1,1,1,2.0,3.0,13214,M,,,13
201100057563,11,6,7,1340,1,1,1,1.0,6.0,13215,M,,,13
201100057564,11,6,8,1730,1,1,1,1.0,3.0,13214,M,,,13
201100057565,11,6,8,1815,1,1,1,1.0,7.0,13033,M,,,13
201100057566,11,6,9,926,1,1,1,1.0,4.0,13215,M,,,13
201100057567,11,6,9,820,1,1,1,1.0,4.0,13001,M,,,13
201100057568,11,6,9,1337,1,1,1,1.0,4.0,13202,M,,,13
201100057569,11,6,9,1335,1,1,1,1.0,4.0,13210,M,,,13
201100057570,11,6,15,1720,1,1,1,1.0,4.0,13106,M,,,13
201100057571,11,6,15,2220,3,1,1,1.0,6.0,13001,M,,,13
201100057572,11,6,16,1720,1,1,1,1.0,4.0,13070,M,,,13
201100057573,11,6,18,1443,1,1,1,1.0,2.0,13071,M,,,13
201100057574,11,6,19,1955,1,1,1,1.0,2.0,13214,M,,,13
201100057575,11,6,22,1130,1,1,1,1.0,3.0,13028,M,,,13
201100057576,11,6,25,1600,1,1,1,1.0,2.0,13001,M,,,13
201100057577,11,6,25,1845,1,1,1,1.0,2.0,13005,M,,,13
201100057578,11,6,26,1755,1,1,1,1.0,2.0,13071,M,,,13
201100057579,11,6,24,1635,1,1,1,1.0,2.0,13214,M,,,13
201100057580,11,6,29,1920,1,1,1,1.0,3.0,13210,M,,,13
201100057581,11,6,29,1955,1,1,1,1.0,7.0,13005,M,,,13
201100057582,11,6,30,1745,1,1,1,1.0,4.0,13214,M,,,13
201100057583,11,7,1,1940,1,1,1,1.0,4.0,13214,M,,,13
201100057584,11,9,7,1330,1,1,1,1.0,7.0,13215,M,,,13
201100057585,11,7,4,1145,1,1,1,2.0,7.0,13203,M,,,13
201100057586,11,7,5,1440,1,1,1,1.0,5.0,13216,M,,,13
201100057587,11,7,6,821,1,1,1,1.0,4.0,13071,M,,,13
201100057588,11,7,4,2100,3,1,1,2.0,7.0,13001,M,,,13
201100057589,11,7,6,1945,1,1,1,1.0,2.0,13214,M,,,13
201100057590,11,7,8,1453,1,1,1,1.0,4.0,13001,M,,,13
201100057591,11,7,10,220,3,1,1,1.0,7.0,13085,M,,,13
201100057592,11,7,12,805,1,1,1,1.0,2.0,13206,M,,,13
201100057593,11,7,12,845,1,1,1,1.0,4.0,13022,M,,,13
201100057594,11,7,18,930,1,1,1,1.0,6.0,13081,M,,,13
201100057595,11,7,13,1807,1,1,1,1.0,6.0,13088,M,,,13
201100057596,11,7,19,2110,2,1,1,1.0,2.0,13005,M,,,13
201100057597,11,7,20,1445,1,1,1,1.0,3.0,13019,M,,,13
201100057598,11,7,24,1800,1,1,1,1.0,6.0,13001,M,,,13
201100057599,11,7,26,2030,1,1,1,1.0,6.0,13211,M,,,13
201100057600,11,7,27,1209,1,1,1,3.0,2.0,13019,M,,,13
201100057601,11,7,28,1830,1,1,1,1.0,5.0,13214,M,,,13
201100057602,11,7,29,2100,2,1,1,1.0,4.0,13117,M,,,13
201100057603,11,7,29,2240,3,1,1,1.0,3.0,13215,M,,,13
201100057604,11,7,30,1840,1,1,1,1.0,4.0,13070,M,,,13
201100057605,11,7,31,1740,1,1,1,1.0,4.0,13056,M,,,13
201100057606,11,8,2,2055,2,1,1,1.0,6.0,13085,M,,,13
201100057607,11,8,3,1734,1,1,1,1.0,6.0,13015,M,,,13
201100057608,11,8,3,1730,1,1,1,1.0,4.0,13088,M,,,13
201100057609,11,8,3,1910,1,1,1,1.0,6.0,13081,M,,,13
201100057610,11,8,7,940,1,1,1,1.0,6.0,13211,M,,,13
201100057611,11,8,4,1735,1,1,1,1.0,6.0,13022,M,,,13
201100057612,11,8,11,330,3,1,1,1.0,6.0,13085,M,,,13
201100057613,11,8,11,1830,1,1,1,1.0,2.0,13214,M,,,13
201100057614,11,8,12,2100,2,1,1,1.0,2.0,13210,M,,,13
201100057615,11,8,14,2145,5,1,1,1.0,7.0,13207,M,,,13
201100057616,11,8,15,1345,1,1,1,1.0,2.0,13117,M,,,13
201100057617,11,8,15,2105,3,1,1,1.0,3.0,13088,M,,,13
201100057618,11,8,18,1730,1,1,1,1.0,2.0,13215,M,,,13
201100057619,11,8,19,230,3,1,1,3.0,7.0,13026,M,,,13
201100057620,11,8,25,950,1,1,1,1.0,2.0,13216,M,,,13
201100057621,11,8,26,525,3,1,1,1.0,2.0,13215,M,,,13
201100057622,11,8,27,440,3,1,1,8.0,2.0,13001,M,,,13
201100057623,11,8,26,2345,3,1,1,1.0,2.0,13215,M,,,13
201100057624,11,8,26,2124,3,1,1,1.0,6.0,13203,M,,,13
201100057625,11,8,27,1905,1,1,1,1.0,6.0,13211,M,,,13
201100057626,11,8,28,1500,1,1,1,1.0,6.0,13071,M,,,13
201100057627,11,9,1,2125,3,1,1,1.0,3.0,13214,M,,,13
201100057628,11,9,2,1650,1,1,1,1.0,4.0,13215,M,,,13
201100057629,11,9,2,1515,1,1,1,1.0,6.0,13085,M,,,13
201100057630,11,9,2,1730,1,1,1,1.0,2.0,13211,M,,,13
201100057631,11,9,3,15,5,1,1,1.0,7.0,13215,M,,,13
201100057632,11,9,5,2115,3,1,1,1.0,7.0,13215,M,,,13
201100057633,11,9,6,750,1,1,1,1.0,4.0,13215,M,,,13
201100057634,11,9,7,1330,1,1,1,1.0,2.0,13216,M,,,13
201100057635,11,9,9,2150,3,1,1,1.0,2.0,13071,M,,,13
201100057636,11,9,10,1230,1,1,1,1.0,4.0,13033,M,,,13
201100057637,11,9,11,1150,1,1,1,1.0,3.0,13106,M,,,13
201100057638,11,9,13,1330,1,1,1,1.0,6.0,13211,M,,,13
201100057639,11,9,15,1635,1,1,1,1.0,2.0,13088,M,,,13
201100057640,11,9,14,1228,1,1,9,1.0,4.0,13215,M,,,13
201100057641,11,9,17,45,5,1,1,1.0,6.0,13206,M,,,13
201100057642,11,9,18,240,3,1,1,1.0,6.0,13001,M,,,13
201100057643,11,9,19,1955,1,1,1,1.0,6.0,13019,M,,,13
201100057644,11,9,21,920,1,1,1,1.0,4.0,13202,M,,,13
201100057645,11,9,22,230,3,1,1,1.0,6.0,13081,M,,,13
201100057646,11,9,23,747,1,1,1,1.0,4.0,13071,M,4340089.0,529844.0,13
201100057647,11,9,22,1630,1,1,1,1.0,4.0,13202,M,,,13
201100057648,11,9,23,2030,3,1,1,1.0,7.0,13071,M,,,13
201100057649,11,9,25,1645,1,1,1,1.0,2.0,13216,M,,,13
201100057650,11,9,13,719,2,1,1,1.0,7.0,13026,M,,,13
201100057651,11,10,4,1525,1,1,1,1.0,2.0,13210,M,,,13
201100057652,11,10,4,1200,1,1,1,1.0,6.0,13211,M,,,13
201100057653,11,10,5,1730,1,1,1,1.0,2.0,13106,M,,,13
201100057654,11,10,5,2135,3,1,1,1.0,3.0,13019,M,,,13
201100057655,11,10,6,1515,1,1,1,1.0,4.0,13081,M,,,13
201100057656,11,10,7,1520,1,1,1,1.0,4.0,13071,M,,,13
201100057657,11,10,8,240,3,1,1,1.0,5.0,13215,M,,,13
201100057658,11,9,21,1910,1,1,1,1.0,6.0,13215,M,,,13
201100057659,11,10,9,2130,3,1,1,1.0,2.0,13117,M,,,13
201100057660,11,10,5,1830,2,1,1,1.0,4.0,13202,M,,,13
201100057661,11,10,7,1730,1,1,1,1.0,2.0,13216,M,,,13
201100057662,11,10,12,1445,1,1,1,1.0,6.0,13216,M,,,13
201100057663,11,10,13,845,1,1,1,1.0,6.0,13071,M,,,13
201100057664,11,10,13,1820,1,1,1,1.0,2.0,13001,M,,,13
201100057665,11,10,16,1753,1,1,1,1.0,2.0,13005,M,,,13
201100057666,11,10,18,2345,3,1,1,1.0,7.0,13005,M,,,13
201100057667,11,10,19,1840,1,1,1,1.0,2.0,13215,M,,,13
201100057668,11,10,21,1646,1,1,1,1.0,4.0,13215,M,,,13
201100057669,11,10,24,1600,1,1,1,2.0,6.0,13056,M,,,13
201100057670,11,10,20,1745,1,1,1,1.0,4.0,13210,M,,,13
201100057671,11,10,25,1350,1,1,1,1.0,6.0,13056,M,,,13
201100057672,11,10,25,1825,2,1,1,1.0,2.0,13214,M,,,13
201100057673,11,10,26,932,1,1,1,1.0,2.0,13071,M,,,13
201100057674,11,10,26,1410,1,1,1,1.0,4.0,13071,M,,,13
201100057675,11,10,26,1655,1,1,1,1.0,2.0,13005,M,,,13
201100057676,11,10,27,815,1,1,1,1.0,3.0,13215,M,,,13
201100057677,11,11,2,835,1,1,1,2.0,6.0,13216,M,,,13
201100057678,11,11,2,1200,1,1,1,3.0,6.0,13026,M,,,13
201100057679,11,11,4,630,3,1,1,3.0,3.0,13216,M,,,13
201100057680,11,11,4,940,1,1,1,2.0,6.0,13033,M,,,13
201100057681,11,11,4,1045,1,1,1,3.0,7.0,13216,M,,,13
201100057682,11,11,4,1135,1,1,1,3.0,7.0,13005,M,,,13
201100057683,11,11,4,1445,1,1,1,2.0,7.0,13106,M,,,13
201100057684,11,11,5,1555,1,1,1,3.0,6.0,13085,M,,,13
201100057685,11,11,6,300,3,1,1,3.0,2.0,13211,M,,,13
201100057686,11,11,6,5,3,1,1,3.0,3.0,13056,M,,,13
201100057687,11,11,6,2030,5,1,1,2.0,3.0,13215,M,,,13
201100057688,11,11,7,1855,3,1,1,2.0,2.0,13071,M,,,13
201100057689,11,11,8,855,1,1,1,2.0,6.0,13216,M,,,13
201100057690,11,11,9,1215,1,1,1,3.0,2.0,13070,M,,,13
201100057691,11,11,11,1810,5,1,1,1.0,2.0,13215,M,,,13
201100057692,11,11,13,1245,1,1,1,1.0,7.0,13202,M,,,13
201100057693,11,11,14,1020,1,1,1,1.0,2.0,13215,M,,,13
201100057694,11,11,13,1845,3,1,1,1.0,3.0,13085,M,,,13
201100057695,11,11,9,1645,1,1,1,1.0,3.0,13026,M,,,13
201100057696,11,11,15,1705,3,1,1,1.0,2.0,13019,M,,,13
201100057697,11,11,19,520,3,1,1,1.0,5.0,13026,M,,,13
201100057698,11,11,21,1350,1,1,1,1.0,7.0,13005,M,,,13
201100057699,11,11,21,1725,3,1,1,1.0,4.0,13211,M,,,13
201100057700,11,11,23,1645,1,1,1,1.0,2.0,13211,M,,,13
201100057701,11,11,24,1730,3,1,1,1.0,3.0,13203,M,,,13
201100057702,11,11,24,1825,3,1,1,1.0,2.0,13215,M,,,13
201100057703,11,11,22,1730,3,1,1,1.0,4.0,13215,M,,,13
201100057704,11,11,26,10,3,1,1,1.0,6.0,13215,M,,,13
201100057705,11,11,26,2150,3,1,1,1.0,2.0,13001,M,,,13
201100057706,11,11,16,1100,1,1,1,1.0,3.0,13019,M,,,13
201100057707,11,11,28,850,1,1,1,1.0,3.0,13211,M,,,13
201100057708,11,11,28,1125,1,1,1,1.0,2.0,13210,M,,,13
201100057709,11,11,28,937,1,1,1,1.0,4.0,13215,M,,,13
201100057710,11,11,30,2009,3,1,1,1.0,6.0,13005,M,,,13
201100057711,11,12,2,110,5,1,1,1.0,2.0,13214,M,,,13
201100057712,11,12,1,1305,1,1,1,8.0,3.0,13085,M,,,13
201100057713,11,12,2,740,1,1,1,1.0,4.0,13106,M,,,13
201100057714,11,12,2,1940,5,1,1,1.0,2.0,13215,M,,,13
201100057715,11,12,3,1905,3,1,1,1.0,4.0,13214,M,,,13
201100057716,11,12,3,2235,3,1,1,1.0,6.0,13211,M,,,13
201100057717,11,12,2,1230,1,1,1,1.0,6.0,13117,M,,,13
201100057718,11,12,4,1415,1,1,1,1.0,7.0,13005,M,,,13
201100057719,11,12,4,1541,1,1,1,1.0,6.0,13106,M,,,13
201100057720,11,12,2,1750,3,1,1,2.0,4.0,13005,M,,,13
201100057721,11,12,7,440,3,1,1,1.0,7.0,13215,M,,,13
201100057722,11,12,7,930,1,1,1,1.0,7.0,13210,M,,,13
201100057723,11,12,7,1220,1,1,1,1.0,6.0,13081,M,,,13
201100057724,11,12,7,1935,3,1,1,1.0,2.0,13026,M,,,13
201100057725,11,12,7,1910,3,1,1,1.0,4.0,13211,M,,,13
201100057726,11,12,8,830,1,1,1,1.0,4.0,13214,M,,,13
201100057727,11,12,8,1225,1,1,1,7.0,6.0,13015,M,,,13
201100057728,11,12,9,800,1,1,1,1.0,4.0,13215,M,,,13
201100057729,11,12,9,1920,3,1,1,1.0,2.0,13215,M,,,13
201100057730,11,11,14,1720,1,1,1,1.0,7.0,13056,M,,,13
201100057731,11,12,12,2235,3,1,1,2.0,6.0,13028,M,,,13
201100057732,11,12,14,730,2,1,1,1.0,6.0,13071,M,,,13
201100057733,11,12,14,2130,3,1,1,1.0,2.0,13015,M,,,13
201100057734,11,12,15,1945,3,1,1,1.0,7.0,13005,M,,,13
201100057735,11,12,15,2020,3,1,1,1.0,2.0,13005,M,,,13
201100057736,11,12,16,1511,1,1,1,1.0,5.0,13117,M,,,13
201100057737,11,12,16,1840,3,1,1,1.0,2.0,13071,M,,,13
201100057738,11,12,17,40,3,1,1,1.0,6.0,13071,M,,,13
201100057739,11,12,17,445,5,1,1,1.0,6.0,13202,M,,,13
201100057740,11,12,18,1045,1,1,1,1.0,3.0,13022,M,,,13
201100057741,11,12,19,1755,3,1,1,1.0,4.0,13211,M,,,13
201100057742,11,12,16,1805,2,1,1,1.0,4.0,13005,M,,,13
201100057743,11,12,21,2045,5,1,1,1.0,2.0,13203,M,,,13
201100057744,11,12,20,1235,1,1,9,1.0,4.0,13070,M,,,13
201100057745,11,12,22,235,3,1,1,1.0,6.0,13005,M,,,13
201100057746,11,12,23,2115,3,1,1,1.0,5.0,13022,M,,,13
201100057747,11,12,25,2110,3,1,1,1.0,7.0,13056,M,,,13
201100057748,11,12,25,1210,1,1,1,1.0,2.0,13215,M,,,13
201100057749,11,12,27,1405,1,1,1,1.0,3.0,13022,M,,,13
201100057750,11,1,1,550,3,1,1,1.0,6.0,13056,M,,,13
201100057751,11,1,15,1515,1,1,1,5.0,6.0,13117,M,,,13
201100057752,11,1,15,319,3,1,1,1.0,2.0,13214,M,,,13
201100057753,11,1,23,2110,3,1,1,1.0,6.0,13056,M,,,13
201100057754,11,2,5,50,3,1,1,1.0,2.0,13117,M,,,13
201100057755,11,2,6,1120,1,1,1,1.0,2.0,13071,M,,,13
201100057756,11,2,6,1852,3,1,1,1.0,2.0,13214,M,,,13
201100057757,11,2,14,1843,3,1,1,2.0,6.0,13071,M,,,13
201100057758,11,3,9,1037,1,1,1,1.0,2.0,13215,M,,,13
201100057759,11,3,25,825,1,1,1,1.0,7.0,13015,M,,,13
201100057760,11,4,10,828,1,1,1,1.0,2.0,13026,M,,,13
201100057761,11,4,24,1930,1,1,1,1.0,6.0,13215,M,,,13
201100057762,11,4,28,1750,1,1,1,1.0,2.0,13214,M,,,13
201100057763,11,5,11,1850,1,1,1,1.0,6.0,13211,M,,,13
201100057764,11,6,4,1515,1,1,1,1.0,2.0,13056,M,,,13
201100057765,11,7,13,1240,1,1,1,3.0,3.0,13071,M,,,13
201100057766,11,7,30,2330,3,1,1,1.0,7.0,13005,M,,,13
201100057767,11,7,31,2100,3,1,1,1.0,7.0,13085,M,,,13
201100057768,11,8,10,10,3,1,1,1.0,5.0,13117,M,,,13
201100057769,11,8,12,50,3,1,1,1.0,3.0,13005,M,,,13
201100057770,11,8,20,1758,1,1,1,2.0,4.0,13028,M,,,13
201100057771,11,9,17,1645,1,1,1,1.0,3.0,13001,M,,,13
201100057772,11,10,13,1410,1,1,1,1.0,2.0,13214,M,,,13
201100057773,11,10,16,1700,1,1,1,1.0,4.0,13071,M,,,13
201100057774,11,11,5,1210,1,1,1,2.0,4.0,13215,M,,,13
201100057775,11,11,10,750,1,1,1,2.0,2.0,13056,M,,,13
201100057776,11,11,16,1100,1,1,1,1.0,3.0,13215,M,,,13
201100057777,11,11,16,1915,3,1,1,1.0,2.0,13211,M,,,13
201100057778,11,11,23,1830,3,1,9,1.0,2.0,13211,M,,,13
201100057779,11,12,20,1240,1,1,1,1.0,4.0,13202,M,,,13
201100057780,11,12,28,1110,1,1,1,1.0,6.0,13026,M,,,13
201100057781,11,12,28,715,3,1,1,1.0,3.0,13071,M,,,13
201100057782,11,1,11,840,1,1,1,1.0,6.0,13215,M,,,13
201100057783,11,1,23,1152,1,1,1,1.0,6.0,13106,M,,,13
201100057784,11,3,11,730,1,1,1,1.0,2.0,13215,M,,,13
201100057785,11,3,9,1250,1,1,1,1.0,2.0,13215,M,,,13
201100057786,11,1,2,1510,1,2,1,1.0,7.0,75101,M,,,75
201100057787,11,1,5,2030,5,2,2,3.0,6.0,75101,M,,,75
201100057788,11,1,11,1350,1,2,2,8.0,6.0,75101,M,,,75
201100057789,11,1,13,1200,1,2,2,1.0,6.0,75101,M,,,75
201100057790,11,1,13,1645,1,2,1,1.0,6.0,75109,M,,,75
201100057791,11,1,16,1505,1,2,2,1.0,3.0,75101,M,,,75
201100057792,11,1,17,1900,5,2,1,1.0,3.0,75101,M,,,75
201100057793,11,1,19,2345,5,2,2,1.0,3.0,75101,M,,,75
201100057794,11,1,20,500,5,2,1,1.0,7.0,75101,M,,,75
201100057795,11,1,20,1730,5,2,1,1.0,3.0,75101,M,,,75
201100057796,11,1,21,1050,1,2,1,1.0,3.0,75101,M,,,75
201100057797,11,1,21,2045,5,2,1,1.0,3.0,75101,M,,,75
201100057798,11,1,25,1845,4,2,5,1.0,3.0,75101,M,,,75
201100057799,11,1,28,1435,1,2,1,1.0,3.0,75101,M,,,75
201100057800,11,1,30,200,3,2,1,1.0,7.0,75101,M,,,75
201100057801,11,1,31,1431,1,2,1,1.0,7.0,75101,M,,,75
201100057802,11,1,31,1901,5,2,1,1.0,7.0,75101,M,,,75
201100057803,11,2,2,1850,5,2,5,1.0,6.0,75101,M,,,75
201100057804,11,2,3,1035,1,2,5,1.0,6.0,75101,M,,,75
201100057805,11,2,2,2020,1,2,1,1.0,7.0,75101,M,,,75
201100057806,11,2,6,2000,5,2,1,1.0,2.0,75101,M,,,75
201100057807,11,2,7,1625,1,2,2,1.0,2.0,75101,M,,,75
201100057808,11,2,8,1815,5,2,2,1.0,3.0,75101,M,,,75
201100057809,11,2,12,630,5,2,5,1.0,3.0,75101,M,,,75
201100057810,11,2,12,510,5,2,1,1.0,2.0,75101,M,,,75
201100057811,11,2,21,1235,1,2,1,1.0,3.0,75101,M,,,75
201100057812,11,2,25,830,1,2,2,1.0,6.0,75103,M,,,75
201100057813,11,2,25,2100,5,2,1,1.0,6.0,75101,M,,,75
201100057814,11,2,26,1115,1,2,3,2.0,6.0,75101,M,,,75
201100057815,11,3,2,2030,5,2,3,1.0,7.0,75101,M,4885800.0,234437.0,75
201100057816,11,3,5,1540,1,2,3,1.0,6.0,75101,M,,,75
201100057817,11,3,7,2330,5,2,3,1.0,6.0,75101,M,,,75
201100057818,11,3,8,1215,1,2,3,1.0,7.0,75101,M,,,75
201100057819,11,3,9,1940,5,2,2,1.0,3.0,75101,M,,,75
201100057820,11,3,10,1425,1,2,1,1.0,6.0,75101,M,,,75
201100057821,11,3,12,145,5,2,2,1.0,3.0,75101,M,,,75
201100057822,11,3,24,1125,1,2,3,1.0,2.0,75101,M,,,75
201100057823,11,3,24,1632,1,2,1,1.0,6.0,75101,M,,,75
201100057824,11,3,18,1730,1,2,5,2.0,7.0,75101,M,,,75
201100057825,11,3,25,1230,2,2,2,1.0,6.0,75102,M,,,75
201100057826,11,3,25,1505,1,2,2,1.0,3.0,75101,M,,,75
201100057827,11,3,26,320,5,2,5,1.0,3.0,75101,M,,,75
201100057828,11,3,27,1700,1,2,3,1.0,6.0,75101,M,,,75
201100057829,11,3,30,1855,1,2,5,1.0,6.0,75101,M,,,75
201100057830,11,3,31,810,1,2,1,2.0,7.0,75101,M,,,75
201100057831,11,4,4,1445,1,2,1,1.0,4.0,75101,M,,,75