Num_Acc,an,mois,jour,hrmn,lum,agg,int,atm,col,com,gps,lat,long,dep
201100057832,11,4,7,1420,1,2,4,1.0,6.0,75101,M,,,75
201100057833,11,4,9,1955,5,2,7,1.0,6.0,75101,M,,,75
201100057834,11,4,10,410,5,2,1,1.0,4.0,75101,M,,,75
201100057835,11,4,13,1640,1,2,3,1.0,7.0,75101,M,,,75
201100057836,11,4,18,1700,1,2,3,1.0,2.0,75101,M,,,75
201100057837,11,4,24,330,5,2,1,1.0,6.0,75101,M,,,75
201100057838,11,4,25,1900,1,2,1,7.0,3.0,75101,M,,,75
201100057839,11,4,26,1945,1,2,2,1.0,3.0,75101,M,,,75
201100057840,11,4,27,2100,2,2,1,1.0,4.0,75101,M,,,75
201100057841,11,4,28,1850,1,2,2,1.0,3.0,75101,M,,,75
201100057842,11,5,1,1250,1,2,1,7.0,6.0,75101,M,,,75
201100057843,11,5,1,2000,1,2,3,1.0,6.0,75101,M,,,75
201100057844,11,5,4,450,5,2,3,1.0,2.0,75101,M,,,75
201100057845,11,5,4,1220,1,2,3,1.0,6.0,75101,M,,,75
201100057846,11,5,5,2100,2,2,5,1.0,3.0,75102,M,,,75
201100057847,11,5,9,1830,1,2,4,1.0,6.0,75101,M,,,75
201100057848,11,5,11,1000,1,2,3,1.0,6.0,75101,M,,,75
201100057849,11,5,11,1550,1,2,2,1.0,6.0,75101,M,,,75
201100057850,11,5,11,2050,5,2,2,1.0,6.0,75101,M,,,75
201100057851,11,5,18,1230,1,2,2,1.0,3.0,75101,M,,,75
201100057852,11,5,20,915,1,2,1,1.0,6.0,75101,M,,,75
201100057853,11,5,20,1825,1,2,5,1.0,3.0,75101,M,,,75
201100057854,11,5,21,1550,1,2,4,1.0,6.0,75101,M,,,75
201100057855,11,5,23,2038,2,2,1,1.0,6.0,75101,M,,,75
201100057856,11,5,24,820,1,2,1,1.0,3.0,75101,M,,,75
201100057857,11,5,24,1620,1,2,1,1.0,6.0,75101,M,,,75
201100057858,11,5,25,1520,1,2,7,1.0,3.0,75101,M,,,75
201100057859,11,5,25,1730,1,2,5,1.0,3.0,75101,M,,,75
201100057860,11,5,25,2100,1,2,1,1.0,3.0,75101,M,,,75
201100057861,11,5,29,1605,1,2,5,1.0,2.0,75101,M,,,75
201100057862,11,5,31,1545,1,2,1,8.0,6.0,75101,M,,,75
201100057863,11,6,1,1130,1,2,3,1.0,6.0,75101,M,,,75
201100057864,11,6,3,1220,1,2,1,1.0,6.0,75101,M,,,75
201100057865,11,6,3,1915,1,2,2,1.0,6.0,75101,M,,,75
201100057866,11,6,6,1932,1,2,5,8.0,2.0,75101,M,,,75
201100057867,11,6,6,2100,2,2,2,1.0,7.0,75101,M,,,75
201100057868,11,6,8,2320,5,2,2,1.0,6.0,75101,M,,,75
201100057869,11,6,11,1600,1,2,2,1.0,2.0,75101,M,,,75
201100057870,11,6,13,1725,1,2,3,1.0,3.0,75101,M,,,75
201100057871,11,6,14,1420,1,2,1,1.0,3.0,75101,M,,,75
201100057872,11,6,14,1450,1,2,1,1.0,6.0,75101,M,,,75
201100057873,11,6,17,155,5,2,1,1.0,6.0,75101,M,,,75
201100057874,11,6,18,440,5,2,2,8.0,6.0,75101,M,,,75
201100057875,11,6,19,410,5,2,2,1.0,3.0,75101,M,,,75
201100057876,11,6,21,2005,1,2,3,1.0,6.0,75101,M,,,75
201100057877,11,6,22,850,1,2,7,2.0,6.0,75109,M,,,75
201100057878,11,6,23,2225,5,2,1,1.0,7.0,75101,M,,,75
201100057879,11,6,24,840,1,2,2,1.0,6.0,75101,M,,,75
201100057880,11,6,24,905,1,2,2,1.0,7.0,75101,M,,,75
201100057881,11,6,26,1615,5,2,1,1.0,7.0,75101,M,,,75
201100057882,11,6,26,2220,3,2,3,1.0,6.0,75101,M,,,75
201100057883,11,6,28,2015,1,2,7,1.0,1.0,75101,M,,,75
201100057884,11,6,29,1200,1,2,1,1.0,2.0,75101,M,,,75
201100057885,11,6,29,1845,1,2,2,1.0,6.0,75101,M,,,75
201100057886,11,6,30,1612,1,2,1,1.0,6.0,75101,M,,,75
201100057887,11,7,1,950,3,2,2,1.0,3.0,75101,M,,,75
201100057888,11,7,1,1645,1,2,1,1.0,3.0,75101,M,,,75
201100057889,11,7,2,1915,1,2,1,1.0,4.0,75101,M,,,75
201100057890,11,7,5,1315,1,2,1,1.0,4.0,75101,M,,,75
201100057891,11,7,6,1430,1,2,1,1.0,3.0,75101,M,,,75
201100057892,11,7,7,1850,1,2,3,1.0,3.0,75101,M,,,75
201100057893,11,7,8,245,5,2,2,1.0,6.0,75101,M,,,75
201100057894,11,7,8,650,1,2,1,1.0,6.0,75101,M,,,75
201100057895,11,7,8,1650,1,2,5,1.0,2.0,75101,M,,,75
201100057896,11,7,8,2000,1,2,1,1.0,2.0,75101,M,,,75
201100057897,11,7,9,2135,2,2,1,1.0,3.0,75101,M,,,75
201100057898,11,7,11,1430,1,2,2,1.0,4.0,75101,M,,,75
201100057899,11,7,11,1700,1,2,7,1.0,7.0,75101,M,,,75
201100057900,11,7,12,1845,1,2,2,8.0,6.0,75101,M,,,75
201100057901,11,7,13,140,5,2,1,1.0,1.0,75101,M,,,75
201100057902,11,7,16,1055,1,2,1,2.0,7.0,75104,M,,,75
201100057903,11,7,18,920,1,2,3,1.0,3.0,75101,M,,,75
201100057904,11,7,19,1425,1,2,5,3.0,6.0,75101,M,,,75
201100057905,11,7,21,15,5,2,7,2.0,3.0,75101,M,,,75
201100057906,11,7,22,1835,1,2,2,1.0,3.0,75103,M,,,75
201100057907,11,8,2,1430,1,2,3,1.0,3.0,75101,M,,,75
201100057908,11,8,10,1710,1,2,1,1.0,2.0,75101,M,,,75
201100057909,11,8,14,555,5,2,4,2.0,7.0,75101,M,,,75
201100057910,11,8,24,1530,1,2,1,1.0,6.0,75101,M,,,75
201100057911,11,8,26,1710,1,2,2,8.0,2.0,75101,M,,,75
201100057912,11,8,28,2030,1,2,5,1.0,3.0,75101,M,,,75
201100057913,11,8,29,1450,1,2,3,1.0,7.0,75101,M,,,75
201100057914,11,8,29,1645,1,2,5,1.0,3.0,75101,M,,,75
201100057915,11,9,3,945,1,2,1,1.0,6.0,75102,M,,,75
201100057916,11,9,4,1435,1,2,1,2.0,2.0,75101,M,,,75
201100057917,11,9,5,745,1,2,5,2.0,3.0,75101,M,,,75
201100057918,11,9,8,2320,5,2,3,1.0,3.0,75101,M,,,75
201100057919,11,9,9,1200,1,2,1,1.0,6.0,75102,M,,,75
201100057920,11,9,9,1305,1,2,4,8.0,3.0,75101,M,,,75
201100057921,11,9,9,1715,1,2,3,1.0,7.0,75101,M,,,75
201100057922,11,9,9,1655,1,2,1,1.0,3.0,75101,M,,,75
201100057923,11,9,10,1800,5,2,1,1.0,7.0,75101,M,,,75
201100057924,11,9,11,1345,1,2,7,2.0,7.0,75101,M,,,75
201100057925,11,9,13,1750,1,2,3,1.0,3.0,75101,M,,,75
201100057926,11,9,13,1940,3,2,3,1.0,6.0,75101,M,,,75
201100057927,11,9,21,1510,1,2,3,1.0,6.0,75101,M,,,75
201100057928,11,9,23,2235,5,2,7,1.0,6.0,75101,M,,,75
201100057929,11,9,24,1,5,2,1,1.0,3.0,75101,M,,,75
201100057930,11,9,26,855,1,2,1,1.0,6.0,75101,M,,,75
201100057931,11,10,1,15,5,2,5,1.0,6.0,75101,M,,,75
201100057932,11,10,5,1015,1,2,5,1.0,3.0,75101,M,,,75
201100057933,11,10,5,1030,1,2,3,1.0,3.0,75101,M,,,75
201100057934,11,10,5,1340,1,2,2,1.0,6.0,75101,M,,,75
201100057935,11,10,6,1245,1,2,3,2.0,3.0,75101,M,,,75
201100057936,11,10,8,1700,1,2,2,1.0,4.0,75101,M,,,75
201100057937,11,10,10,1400,1,2,1,1.0,2.0,75104,M,,,75
201100057938,11,10,13,550,3,2,1,2.0,3.0,75101,M,,,75
201100057939,11,10,13,1415,1,2,5,1.0,3.0,75101,M,,,75
201100057940,11,10,13,1600,1,2,1,1.0,6.0,75101,M,,,75
201100057941,11,10,14,1650,1,2,3,1.0,6.0,75101,M,,,75
201100057942,11,10,16,1540,1,2,1,1.0,6.0,75101,M,,,75
201100057943,11,10,17,1245,1,2,2,1.0,6.0,75101,M,,,75
201100057944,11,10,18,900,1,2,2,1.0,6.0,75101,M,,,75
201100057945,11,10,18,1605,1,2,2,8.0,6.0,75101,M,,,75
201100057946,11,10,19,920,1,2,2,1.0,2.0,75101,M,,,75
201100057947,11,10,20,1515,1,2,1,1.0,3.0,75101,M,,,75
201100057948,11,10,27,1640,1,2,5,1.0,3.0,75101,M,,,75
201100057949,11,10,28,2320,5,2,7,1.0,6.0,75101,M,,,75
201100057950,11,11,2,2030,5,2,7,1.0,2.0,75101,M,,,75
201100057951,11,11,5,500,5,2,7,3.0,7.0,75101,M,,,75
201100057952,11,11,5,1920,5,2,1,1.0,6.0,75101,M,,,75
201100057953,11,11,9,1145,1,2,7,1.0,6.0,75101,M,,,75
201100057954,11,11,11,2230,5,2,2,1.0,3.0,75101,M,,,75
201100057955,11,11,11,2340,5,2,3,1.0,4.0,75101,M,,,75
201100057956,11,11,13,140,5,2,2,1.0,6.0,75101,M,,,75
201100057957,11,11,15,2155,5,2,4,1.0,2.0,75101,M,,,75
201100057958,11,11,18,1900,5,2,3,1.0,6.0,75101,M,,,75
201100057959,11,11,19,1100,1,2,2,1.0,3.0,75101,M,,,75
201100057960,11,11,19,1820,5,2,1,1.0,6.0,75101,M,,,75
201100057961,11,11,23,730,1,2,2,1.0,3.0,75101,M,,,75
201100057962,11,11,24,1730,2,2,3,1.0,6.0,75101,M,,,75
201100057963,11,11,25,1810,5,2,1,1.0,7.0,75101,M,,,75
201100057964,11,11,26,915,1,2,2,1.0,3.0,75101,M,,,75
201100057965,11,12,2,555,5,2,2,2.0,7.0,75101,M,,,75
201100057966,11,12,3,1845,5,2,5,1.0,3.0,75101,M,,,75
201100057967,11,12,4,800,2,2,3,2.0,3.0,75109,M,,,75
201100057968,11,12,10,1315,1,2,1,1.0,3.0,75101,M,,,75
201100057969,11,12,15,1605,1,2,2,2.0,3.0,75101,M,,,75
201100057970,11,12,16,1835,5,2,7,2.0,3.0,75101,M,,,75
201100057971,11,12,17,205,5,2,4,2.0,6.0,75101,M,,,75
201100057972,11,12,17,515,5,2,7,1.0,3.0,75101,M,,,75
201100057973,11,12,20,1915,5,2,5,1.0,1.0,75101,M,,,75
201100057974,11,12,24,1130,1,2,3,1.0,2.0,75101,M,,,75
201100057975,11,12,29,1115,1,2,3,1.0,3.0,75101,M,,,75
201100057976,11,1,13,1325,1,2,5,1.0,3.0,75102,M,,,75
201100057977,11,1,14,1730,5,2,1,2.0,6.0,75102,M,,,75
201100057978,11,1,18,1655,2,2,1,2.0,7.0,75102,M,,,75
201100057979,11,1,19,910,1,2,1,1.0,3.0,75102,M,,,75
201100057980,11,1,19,1235,1,2,3,1.0,6.0,75102,M,,,75
201100057981,11,1,27,550,5,2,7,1.0,5.0,75102,M,,,75
201100057982,11,1,28,1155,1,2,1,1.0,6.0,75102,M,,,75
201100057983,11,1,31,1220,1,2,3,1.0,6.0,75102,M,,,75
201100057984,11,1,31,1500,1,2,3,1.0,6.0,75102,M,,,75
201100057985,11,2,3,840,1,2,4,1.0,3.0,75102,M,,,75
201100057986,11,2,7,1625,1,2,5,1.0,3.0,75102,M,,,75
201100057987,11,2,9,428,5,2,1,1.0,6.0,75102,M,,,75
201100057988,11,2,9,1825,5,2,1,1.0,7.0,75102,M,,,75
201100057989,11,2,15,1130,1,2,2,2.0,7.0,75102,M,,,75
201100057990,11,2,15,1540,1,2,1,1.0,3.0,75102,M,,,75
201100057991,11,2,19,1705,1,2,2,3.0,6.0,75102,M,,,75
201100057992,11,2,25,1205,1,2,2,1.0,6.0,75102,M,,,75
201100057993,11,3,1,2200,5,2,2,1.0,6.0,75102,M,,,75
201100057994,11,3,2,955,1,2,2,1.0,3.0,75102,M,4886990.0,233481.0,75
201100057995,11,3,2,1430,1,2,2,1.0,6.0,75102,M,4886820.0,234361.0,75
201100057996,11,3,3,910,1,2,1,1.0,6.0,75102,M,,,75
201100057997,11,3,15,2337,5,2,1,1.0,6.0,75102,M,,,75
201100057998,11,3,23,1050,1,2,3,1.0,7.0,75102,M,,,75
201100057999,11,3,24,1115,1,2,1,1.0,2.0,75101,M,,,75
201100058000,11,3,25,1000,1,2,2,1.0,2.0,75102,M,,,75
201100058001,11,4,3,220,4,2,2,1.0,3.0,75102,M,,,75
201100058002,11,4,4,1230,1,2,2,1.0,3.0,75102,M,,,75
201100058003,11,4,5,1845,1,2,2,1.0,7.0,75102,M,,,75
201100058004,11,4,6,1140,1,2,2,1.0,6.0,75103,M,,,75
201100058005,11,4,7,1500,1,2,2,1.0,6.0,75102,M,,,75
201100058006,11,4,11,1231,1,2,5,1.0,2.0,75101,M,,,75
201100058007,11,4,12,1210,1,2,1,1.0,6.0,75102,M,,,75
201100058008,11,4,13,1725,1,2,2,1.0,3.0,75102,M,,,75
201100058009,11,4,14,1250,1,2,5,1.0,6.0,75102,M,,,75
201100058010,11,4,15,910,1,2,7,1.0,6.0,75109,M,,,75
201100058011,11,4,16,1910,1,2,2,1.0,6.0,75102,M,,,75
201100058012,11,4,25,1057,1,2,5,1.0,3.0,75102,M,,,75
201100058013,11,4,26,1240,1,2,5,1.0,3.0,75102,M,,,75
201100058014,11,4,26,1340,1,2,2,1.0,6.0,75102,M,,,75
201100058015,11,4,26,1830,1,2,2,1.0,6.0,75102,M,,,75
201100058016,11,4,27,2310,5,2,2,1.0,3.0,75102,M,,,75
201100058017,11,4,30,5,5,2,2,1.0,6.0,75102,M,,,75
201100058018,11,5,7,1,5,2,2,1.0,3.0,75102,M,,,75
201100058019,11,5,7,530,5,2,2,1.0,3.0,75102,M,,,75
201100058020,11,5,9,1625,1,2,3,1.0,3.0,75102,M,,,75
201100058021,11,5,10,2100,5,2,5,1.0,3.0,75102,M,,,75
201100058022,11,5,12,1025,1,2,1,1.0,6.0,75102,M,,,75
201100058023,11,5,12,2025,1,2,2,1.0,3.0,75102,M,,,75
201100058024,11,5,12,2030,2,2,5,1.0,3.0,75102,M,,,75
201100058025,11,5,13,1155,1,2,3,1.0,6.0,75102,M,,,75
201100058026,11,5,20,1300,1,2,5,1.0,6.0,75102,M,,,75
201100058027,11,5,26,940,1,2,2,1.0,3.0,75102,M,,,75
201100058028,11,5,30,1500,1,2,1,1.0,6.0,75102,M,,,75
201100058029,11,5,31,845,1,2,5,1.0,2.0,75102,M,,,75
201100058030,11,6,1,2000,2,2,1,1.0,6.0,75102,M,,,75
201100058031,11,6,3,1755,1,2,2,1.0,3.0,75102,M,,,75
201100058032,11,6,3,2354,5,2,2,1.0,6.0,75102,M,,,75
201100058033,11,6,5,2345,5,2,2,3.0,6.0,75102,M,,,75
201100058034,11,6,16,1400,1,2,2,1.0,7.0,75102,M,,,75
201100058035,11,6,21,840,1,2,2,2.0,4.0,75102,M,,,75
201100058036,11,6,28,2300,5,2,3,2.0,7.0,75102,M,,,75
201100058037,11,6,30,1045,1,2,2,1.0,2.0,75102,M,,,75
201100058038,11,6,30,1615,1,2,2,1.0,3.0,75102,M,,,75
201100058039,11,7,1,1455,1,2,1,1.0,6.0,75102,M,,,75
201100058040,11,7,2,1330,1,2,2,1.0,6.0,75102,M,,,75
201100058041,11,7,6,1155,1,2,5,1.0,3.0,75102,M,,,75
201100058042,11,7,6,1420,1,2,2,1.0,6.0,75102,M,,,75
201100058043,11,7,7,1140,1,2,5,1.0,3.0,75102,M,,,75
201100058044,11,7,7,1545,1,2,5,1.0,3.0,75102,M,,,75
201100058045,11,7,13,1040,1,2,7,2.0,3.0,75101,M,,,75
201100058046,11,7,16,448,5,2,5,1.0,6.0,75102,M,,,75
201100058047,11,7,19,2350,5,2,2,1.0,3.0,75102,M,,,75
201100058048,11,7,20,1650,1,2,7,1.0,3.0,75102,M,,,75
201100058049,11,7,21,920,1,2,2,8.0,6.0,75102,M,,,75
201100058050,11,7,25,1215,1,2,4,1.0,7.0,75102,M,,,75
201100058051,11,7,26,1705,1,2,3,1.0,6.0,75102,M,,,75
201100058052,11,8,10,2255,5,2,2,1.0,6.0,75102,M,,,75
201100058053,11,8,17,145,5,2,2,1.0,3.0,75102,M,,,75
201100058054,11,8,19,1130,1,2,2,1.0,6.0,75102,M,,,75
201100058055,11,8,19,2108,2,2,5,1.0,7.0,75102,M,,,75
201100058056,11,8,22,2115,5,2,5,1.0,3.0,75102,M,,,75
201100058057,11,8,25,1700,1,2,2,1.0,7.0,75102,M,,,75
201100058058,11,8,30,1745,1,2,2,1.0,6.0,75102,M,,,75
201100058059,11,9,3,1950,5,2,5,3.0,6.0,75102,M,,,75
201100058060,11,9,6,1015,1,2,2,1.0,6.0,75102,M,,,75
201100058061,11,9,13,1720,1,2,2,1.0,6.0,75102,M,,,75
201100058062,11,9,14,1640,1,2,1,1.0,6.0,75102,M,,,75
201100058063,11,9,16,1430,1,2,1,1.0,6.0,75102,M,,,75
201100058064,11,9,16,1440,1,2,2,1.0,6.0,75102,M,,,75
201100058065,11,9,19,2030,5,2,5,1.0,7.0,75102,M,,,75
201100058066,11,9,20,1740,1,2,7,1.0,3.0,75102,M,,,75
201100058067,11,9,21,825,1,2,5,1.0,4.0,75102,M,,,75
201100058068,11,9,22,1630,1,2,7,1.0,6.0,75102,M,,,75
201100058069,11,9,26,1805,1,2,2,1.0,6.0,75102,M,,,75
201100058070,11,9,26,2250,5,2,2,1.0,2.0,75102,M,,,75
201100058071,11,10,3,1655,1,2,2,1.0,6.0,75102,M,,,75
201100058072,11,10,5,1240,1,2,7,1.0,7.0,75102,M,,,75
201100058073,11,10,6,1915,4,2,3,1.0,6.0,75102,M,,,75
201100058074,11,10,7,1345,1,2,1,1.0,3.0,75102,M,,,75
201100058075,11,10,7,1435,1,2,1,8.0,2.0,75102,M,,,75
201100058076,11,10,9,1515,1,2,1,2.0,7.0,75102,M,,,75
201100058077,11,10,10,1745,1,2,5,1.0,3.0,75102,M,,,75
201100058078,11,10,12,1745,1,2,3,1.0,6.0,75102,M,,,75
201100058079,11,10,13,1315,1,2,3,8.0,7.0,75102,M,,,75
201100058080,11,10,14,1900,5,2,1,1.0,7.0,75102,M,,,75
201100058081,11,10,17,1855,2,2,2,1.0,3.0,75102,M,,,75
201100058082,11,10,24,1355,1,2,1,1.0,6.0,75103,M,,,75
201100058083,11,10,25,1930,5,2,2,1.0,1.0,75102,M,,,75
201100058084,11,11,2,1330,1,2,3,1.0,3.0,75102,M,,,75
201100058085,11,11,2,1150,1,2,4,1.0,6.0,75102,M,,,75
201100058086,11,11,9,1450,1,2,2,1.0,6.0,75102,M,,,75
201100058087,11,11,13,2255,5,2,5,1.0,3.0,75102,M,,,75
201100058088,11,11,15,900,1,2,1,8.0,6.0,75102,M,,,75
201100058089,11,11,17,1910,5,2,4,1.0,6.0,75109,M,,,75
201100058090,11,11,21,1300,1,2,2,8.0,6.0,75102,M,,,75
201100058091,11,11,21,1945,5,2,2,8.0,7.0,75102,M,,,75
201100058092,11,11,22,955,1,2,1,1.0,7.0,75102,M,,,75
201100058093,11,11,23,1240,1,2,2,1.0,6.0,75102,M,,,75
201100058094,11,11,23,1720,5,2,1,1.0,6.0,75102,M,,,75
201100058095,11,11,28,1530,1,2,1,1.0,6.0,75102,M,,,75
201100058096,11,12,8,1630,1,2,1,8.0,6.0,75102,M,,,75
201100058097,11,12,13,1645,2,2,5,1.0,6.0,75102,M,,,75
201100058098,11,12,19,1350,1,2,7,1.0,6.0,75102,M,,,75
201100058099,11,12,19,1750,5,2,5,2.0,6.0,75102,M,,,75
201100058100,11,12,21,825,2,2,2,2.0,6.0,75102,M,,,75
201100058101,11,12,21,1455,1,2,7,8.0,3.0,75102,M,,,75
201100058102,11,12,24,1210,1,2,1,1.0,2.0,75102,M,,,75
201100058103,11,12,25,2300,5,2,3,1.0,6.0,75102,M,,,75
201100058104,11,1,2,1015,1,2,3,1.0,6.0,75103,M,,,75
201100058105,11,1,21,1440,1,2,2,1.0,7.0,75103,M,,,75
201100058106,11,1,21,1505,1,2,1,1.0,4.0,75103,M,,,75
201100058107,11,1,22,1735,2,2,2,8.0,6.0,75103,M,,,75
201100058108,11,1,26,1105,1,2,2,2.0,3.0,75103,M,,,75
201100058109,11,1,28,1600,1,2,1,8.0,6.0,75101,M,,,75
201100058110,11,1,29,620,5,2,3,1.0,7.0,75103,M,,,75
201100058111,11,1,29,1155,1,2,7,1.0,6.0,75103,M,,,75
201100058112,11,1,31,520,5,2,1,1.0,6.0,75103,M,,,75
201100058113,11,2,5,120,5,2,5,1.0,2.0,75103,M,,,75
201100058114,11,2,5,915,1,2,1,1.0,7.0,75103,M,,,75
201100058115,11,2,8,1920,5,2,1,1.0,6.0,75103,M,,,75
201100058116,11,2,10,1925,5,2,1,2.0,6.0,75103,M,,,75
201100058117,11,2,13,1600,1,2,5,1.0,6.0,75103,M,,,75
201100058118,11,2,14,900,1,2,1,1.0,4.0,75103,M,,,75
201100058119,11,2,18,1530,1,2,3,1.0,3.0,75103,M,,,75
201100058120,11,2,18,1914,5,2,1,1.0,2.0,75103,M,,,75
201100058121,11,2,23,1535,1,2,1,2.0,6.0,75104,M,,,75
201100058122,11,3,5,1355,1,2,1,1.0,6.0,75103,M,,,75
201100058123,11,3,8,1500,1,2,1,1.0,2.0,75103,M,,,75
201100058124,11,3,8,1725,1,2,1,1.0,6.0,75103,M,,,75
201100058125,11,3,9,1440,1,2,2,1.0,3.0,75103,M,,,75
201100058126,11,3,12,1450,1,2,2,8.0,2.0,75103,M,,,75
201100058127,11,3,25,1725,1,2,2,1.0,3.0,75103,M,,,75
201100058128,11,3,25,2330,5,2,2,1.0,6.0,75103,M,,,75
201100058129,11,4,10,1305,1,2,1,1.0,2.0,75103,M,,,75
201100058130,11,4,13,1400,1,2,1,1.0,6.0,75103,M,,,75
201100058131,11,4,13,1430,1,2,1,1.0,6.0,75103,M,,,75
201100058132,11,4,15,1440,1,2,2,1.0,6.0,75103,M,,,75
201100058133,11,4,17,245,5,2,2,1.0,3.0,75103,M,,,75
201100058134,11,4,19,1940,1,2,1,1.0,3.0,75103,M,,,75
201100058135,11,4,21,1510,1,2,1,1.0,6.0,75103,M,,,75
201100058136,11,4,24,2205,5,2,2,1.0,6.0,75103,M,,,75
201100058137,11,5,5,45,5,2,4,1.0,6.0,75103,M,,,75
201100058138,11,5,7,1545,1,2,4,1.0,2.0,75103,M,,,75
201100058139,11,5,10,1350,1,2,1,1.0,6.0,75103,M,,,75
201100058140,11,5,13,830,1,2,7,1.0,3.0,75103,M,,,75
201100058141,11,5,13,2005,1,2,3,1.0,3.0,75103,M,,,75
201100058142,11,5,15,1935,1,2,3,1.0,2.0,75103,M,,,75
201100058143,11,5,16,1230,1,2,3,1.0,6.0,75103,M,,,75
201100058144,11,5,17,1615,1,2,5,1.0,3.0,75110,M,,,75
201100058145,11,5,24,1715,1,2,2,1.0,6.0,75103,M,,,75
201100058146,11,5,27,1350,1,2,2,1.0,2.0,75103,M,,,75
201100058147,11,5,31,650,2,2,2,1.0,3.0,75103,M,,,75
201100058148,11,5,31,1710,1,2,3,1.0,6.0,75103,M,,,75
201100058149,11,6,1,420,5,2,5,1.0,6.0,75103,M,,,75
201100058150,11,6,1,2120,2,2,1,1.0,3.0,75103,M,,,75
201100058151,11,6,9,155,5,2,2,1.0,1.0,75103,M,,,75
201100058152,11,6,9,1240,1,2,2,1.0,3.0,75103,M,,,75
201100058153,11,6,17,1730,1,2,7,2.0,6.0,75103,M,,,75
201100058154,11,6,27,1900,1,2,3,1.0,3.0,75103,M,,,75
201100058155,11,6,30,140,5,2,2,1.0,3.0,75103,M,,,75
201100058156,11,6,30,1215,1,2,2,1.0,2.0,75103,M,,,75
201100058157,11,6,30,1840,1,2,3,1.0,6.0,75103,M,,,75
201100058158,11,7,3,1715,1,2,2,1.0,6.0,75103,M,,,75
201100058159,11,7,4,1200,1,2,2,1.0,6.0,75103,M,,,75
201100058160,11,7,5,50,5,2,3,1.0,2.0,75103,M,,,75
201100058161,11,7,5,1630,1,2,2,1.0,3.0,75103,M,,,75
201100058162,11,7,11,1100,1,2,4,1.0,3.0,75103,M,,,75
201100058163,11,7,12,1635,1,2,1,1.0,2.0,75103,M,,,75
201100058164,11,7,14,2015,1,2,2,1.0,3.0,75103,M,,,75
201100058165,11,7,17,2240,5,2,2,1.0,3.0,75103,M,,,75
201100058166,11,7,19,1400,1,2,1,3.0,7.0,75103,M,,,75
201100058167,11,7,22,1815,1,2,7,2.0,3.0,75101,M,,,75
201100058168,11,7,23,630,2,2,3,1.0,7.0,75103,M,,,75
201100058169,11,7,25,11,5,2,3,1.0,2.0,75103,M,,,75
201100058170,11,7,21,200,5,2,2,3.0,7.0,75103,M,,,75
201100058171,11,7,26,1415,1,2,2,1.0,6.0,75103,M,,,75
201100058172,11,7,28,1400,1,2,2,1.0,3.0,75103,M,,,75
201100058173,11,7,30,1300,1,2,2,1.0,7.0,75103,M,,,75
201100058174,11,8,4,1705,1,2,2,2.0,6.0,75103,M,,,75
201100058175,11,8,7,1510,1,2,7,1.0,2.0,75103,M,,,75
201100058176,11,8,8,1120,1,2,2,1.0,2.0,75103,M,,,75
201100058177,11,8,17,1100,1,2,2,1.0,3.0,75103,M,,,75
201100058178,11,8,21,1505,1,2,7,1.0,6.0,75103,M,,,75
201100058179,11,8,25,1435,1,2,4,1.0,3.0,75103,M,,,75
201100058180,11,8,25,1607,1,2,7,1.0,3.0,75103,M,,,75
201100058181,11,8,27,5,5,2,5,2.0,3.0,75103,M,,,75
201100058182,11,8,30,850,1,2,2,1.0,3.0,75103,M,,,75
201100058183,11,8,30,1350,1,2,5,1.0,6.0,75103,M,,,75
201100058184,11,8,31,1040,1,2,3,1.0,3.0,75103,M,,,75
201100058185,11,9,4,1000,1,2,2,1.0,3.0,75103,M,,,75
201100058186,11,9,7,1600,1,2,5,1.0,3.0,75103,M,,,75
201100058187,11,9,16,1505,1,2,1,1.0,2.0,75102,M,,,75
201100058188,11,9,17,1530,1,2,3,1.0,6.0,75103,M,,,75
201100058189,11,9,18,212,5,2,1,1.0,6.0,75103,M,,,75
201100058190,11,9,19,1650,1,2,2,1.0,6.0,75103,M,,,75
201100058191,11,9,22,1625,1,2,2,1.0,3.0,75103,M,,,75
201100058192,11,9,23,1605,1,2,3,1.0,2.0,75103,M,,,75
201100058193,11,9,27,1025,1,2,2,1.0,6.0,75103,M,,,75
201100058194,11,9,27,1110,1,2,1,1.0,3.0,75103,M,,,75
201100058195,11,10,3,1925,5,2,1,1.0,6.0,75103,M,,,75
201100058196,11,10,5,655,5,2,1,1.0,6.0,75103,M,,,75
201100058197,11,10,5,1535,1,2,3,1.0,3.0,75101,M,,,75
201100058198,11,10,6,2000,5,2,3,1.0,6.0,75103,M,,,75
201100058199,11,10,12,1600,1,2,2,1.0,3.0,75103,M,,,75
201100058200,11,10,15,905,1,2,2,1.0,3.0,75103,M,,,75
201100058201,11,10,16,1325,1,2,3,1.0,2.0,75103,M,,,75
201100058202,11,10,19,2110,5,2,2,1.0,6.0,75103,M,,,75
201100058203,11,10,21,1440,1,2,2,1.0,6.0,75103,M,,,75
201100058204,11,10,25,1630,1,2,2,1.0,3.0,75103,M,,,75
201100058205,11,10,25,1950,5,2,3,1.0,2.0,75103,M,,,75
201100058206,11,11,3,50,5,2,2,1.0,3.0,75103,M,,,75
201100058207,11,11,21,1505,1,2,2,1.0,3.0,75103,M,,,75
201100058208,11,11,27,1810,5,2,1,1.0,6.0,75103,M,,,75
201100058209,11,12,3,55,5,2,2,1.0,6.0,75103,M,,,75
201100058210,11,12,3,1700,5,2,5,2.0,7.0,75103,M,,,75
201100058211,11,12,6,1820,5,2,1,2.0,7.0,75103,M,,,75
201100058212,11,12,7,952,1,2,3,2.0,7.0,75103,M,,,75
201100058213,11,12,7,1925,5,2,2,2.0,2.0,75103,M,,,75
201100058214,11,12,12,1445,1,2,2,1.0,3.0,75103,M,,,75
201100058215,11,12,14,1525,1,2,2,1.0,3.0,75103,M,,,75