Num_Acc,an,mois,jour,hrmn,lum,agg,int,atm,col,com,gps,lat,long,dep
201100058216,11,12,19,2355,5,2,2,2.0,6.0,75103,M,,,75
201100058217,11,12,24,1600,1,2,2,1.0,7.0,75103,M,,,75
201100058218,11,1,14,2325,5,2,2,1.0,3.0,75104,M,,,75
201100058219,11,1,17,815,1,2,1,1.0,3.0,75104,M,,,75
201100058220,11,1,19,2255,5,2,5,2.0,3.0,75101,M,,,75
201100058221,11,1,21,2210,5,2,4,1.0,3.0,75104,M,,,75
201100058222,11,1,23,1933,5,2,2,1.0,3.0,75104,M,,,75
201100058223,11,1,27,750,1,2,3,1.0,1.0,75104,M,,,75
201100058224,11,1,29,250,5,2,2,1.0,3.0,75109,M,,,75
201100058225,11,1,30,1040,1,2,1,1.0,4.0,75104,M,,,75
201100058226,11,2,3,1150,1,2,1,8.0,3.0,75104,M,,,75
201100058227,11,2,8,1005,1,2,2,1.0,3.0,75104,M,,,75
201100058228,11,2,18,1215,1,2,3,8.0,2.0,75104,M,,,75
201100058229,11,2,22,835,1,2,3,1.0,3.0,75104,M,,,75
201100058230,11,2,22,923,1,2,1,1.0,7.0,75104,M,,,75
201100058231,11,2,25,1705,1,2,2,1.0,6.0,75104,M,,,75
201100058232,11,3,4,2053,5,2,1,1.0,6.0,75104,M,,,75
201100058233,11,3,5,40,5,2,1,1.0,6.0,75104,M,,,75
201100058234,11,3,10,1255,1,2,5,1.0,7.0,75104,M,,,75
201100058235,11,3,13,1728,1,2,2,8.0,6.0,75104,M,,,75
201100058236,11,3,14,850,1,2,1,1.0,6.0,75104,M,,,75
201100058237,11,3,15,1900,1,2,1,1.0,3.0,75104,M,,,75
201100058238,11,3,18,1655,1,2,1,2.0,2.0,75104,M,,,75
201100058239,11,3,18,2145,5,2,5,8.0,7.0,75104,M,,,75
201100058240,11,3,19,1500,1,2,3,1.0,6.0,75104,M,,,75
201100058241,11,3,21,1315,1,2,2,1.0,3.0,75104,M,,,75
201100058242,11,3,22,1230,1,2,1,1.0,4.0,75104,M,,,75
201100058243,11,3,22,1645,1,2,2,1.0,3.0,75104,M,,,75
201100058244,11,3,24,1540,1,2,3,1.0,2.0,75104,M,,,75
201100058245,11,3,24,1445,1,2,2,1.0,6.0,75104,M,,,75
201100058246,11,3,27,2025,5,2,3,2.0,7.0,75104,M,,,75
201100058247,11,3,31,1730,1,2,2,1.0,6.0,75104,M,,,75
201100058248,11,4,3,1110,1,2,2,1.0,3.0,75104,M,,,75
201100058249,11,4,4,1205,1,2,1,1.0,2.0,75104,M,,,75
201100058250,11,4,6,840,1,2,1,1.0,3.0,75104,M,,,75
201100058251,11,4,6,1855,1,2,7,1.0,2.0,75101,M,,,75
201100058252,11,4,10,1050,1,2,2,1.0,2.0,75104,M,,,75
201100058253,11,4,10,2348,5,2,1,1.0,6.0,75104,M,,,75
201100058254,11,4,13,1350,1,2,7,1.0,3.0,75101,M,,,75
201100058255,11,4,16,1305,1,2,1,1.0,6.0,75104,M,,,75
201100058256,11,4,16,1415,1,2,3,1.0,3.0,75104,M,,,75
201100058257,11,4,16,1435,1,2,1,1.0,6.0,75104,M,,,75
201100058258,11,4,20,750,1,2,3,1.0,3.0,75104,M,,,75
201100058259,11,4,21,1600,1,2,5,1.0,3.0,75104,M,,,75
201100058260,11,4,26,1550,1,2,5,1.0,7.0,75104,M,,,75
201100058261,11,4,27,1055,1,2,2,1.0,3.0,75104,M,,,75
201100058262,11,4,27,2015,2,2,5,1.0,6.0,75104,M,,,75
201100058263,11,4,28,1440,1,2,2,1.0,2.0,75104,M,,,75
201100058264,11,4,29,1610,1,2,3,1.0,7.0,75104,M,,,75
201100058265,11,5,2,1715,1,2,3,2.0,2.0,75104,M,,,75
201100058266,11,5,5,1605,1,2,2,1.0,6.0,75104,M,,,75
201100058267,11,5,12,5,5,2,1,1.0,6.0,75104,M,,,75
201100058268,11,5,13,2115,2,2,2,1.0,3.0,75104,M,,,75
201100058269,11,5,16,940,1,2,2,1.0,7.0,75104,M,,,75
201100058270,11,5,20,2015,1,2,3,1.0,6.0,75104,M,,,75
201100058271,11,5,25,1945,1,2,2,7.0,3.0,75104,M,,,75
201100058272,11,5,27,1455,1,2,2,8.0,3.0,75104,M,,,75
201100058273,11,6,1,1505,1,2,1,1.0,6.0,75104,M,,,75
201100058274,11,6,1,1550,1,2,1,1.0,3.0,75104,M,,,75
201100058275,11,6,2,2225,5,2,2,1.0,6.0,75104,M,,,75
201100058276,11,6,3,1530,1,2,3,1.0,6.0,75104,M,,,75
201100058277,11,6,6,830,1,2,2,8.0,6.0,75104,M,,,75
201100058278,11,6,6,850,1,2,2,2.0,3.0,75104,M,,,75
201100058279,11,6,17,1700,1,2,2,8.0,2.0,75104,M,,,75
201100058280,11,6,19,1910,1,2,1,1.0,6.0,75104,M,,,75
201100058281,11,6,20,610,1,2,3,2.0,6.0,75104,M,,,75
201100058282,11,6,21,430,5,2,2,2.0,6.0,75104,M,,,75
201100058283,11,6,22,945,1,2,3,2.0,6.0,75104,M,,,75
201100058284,11,6,25,1945,1,2,2,1.0,6.0,75104,M,,,75
201100058285,11,6,30,1455,1,2,2,2.0,3.0,75104,M,,,75
201100058286,11,7,1,1820,1,2,5,1.0,3.0,75104,M,,,75
201100058287,11,7,2,1650,1,2,3,1.0,6.0,75104,M,,,75
201100058288,11,7,5,1800,1,2,5,1.0,2.0,75104,M,,,75
201100058289,11,7,6,2245,5,2,1,1.0,1.0,75104,M,,,75
201100058290,11,7,7,1435,1,2,3,1.0,6.0,75104,M,,,75
201100058291,11,7,7,1930,1,2,1,1.0,7.0,75104,M,,,75
201100058292,11,7,8,700,1,2,5,1.0,3.0,75104,M,,,75
201100058293,11,7,18,1825,1,2,2,1.0,3.0,75104,M,,,75
201100058294,11,7,21,310,5,2,3,2.0,2.0,75104,M,,,75
201100058295,11,7,22,213,5,2,1,1.0,2.0,75104,M,,,75
201100058296,11,7,24,410,5,2,2,1.0,6.0,75104,M,,,75
201100058297,11,7,25,1450,1,2,3,1.0,3.0,75104,M,,,75
201100058298,11,7,29,1045,1,2,4,1.0,3.0,75104,M,,,75
201100058299,11,7,31,1215,1,2,2,1.0,6.0,75104,M,,,75
201100058300,11,8,1,1400,1,2,1,1.0,6.0,75104,M,,,75
201100058301,11,8,5,230,5,2,2,2.0,7.0,75104,M,,,75
201100058302,11,8,9,1845,1,2,2,1.0,6.0,75104,M,,,75
201100058303,11,8,14,420,5,2,1,3.0,1.0,75113,M,,,75
201100058304,11,8,21,1515,1,2,7,1.0,6.0,75104,M,,,75
201100058305,11,8,21,2330,5,2,5,1.0,6.0,75104,M,,,75
201100058306,11,8,23,1210,1,2,2,1.0,3.0,75104,M,,,75
201100058307,11,8,25,755,1,2,2,1.0,6.0,75104,M,,,75
201100058308,11,8,28,400,3,2,4,1.0,2.0,75101,M,,,75
201100058309,11,8,29,1500,1,2,2,1.0,7.0,75101,M,,,75
201100058310,11,8,31,1105,1,2,3,1.0,2.0,75104,M,,,75
201100058311,11,8,31,2350,5,2,5,2.0,2.0,75104,M,,,75
201100058312,11,9,1,1815,1,2,2,1.0,2.0,75104,M,,,75
201100058313,11,9,5,110,5,2,2,1.0,6.0,75102,M,,,75
201100058314,11,9,8,1300,1,2,1,2.0,2.0,75103,M,,,75
201100058315,11,9,10,720,2,2,2,1.0,2.0,75104,M,,,75
201100058316,11,9,12,852,1,2,2,8.0,2.0,75104,M,,,75
201100058317,11,9,12,1620,1,2,3,1.0,6.0,75104,M,,,75
201100058318,11,9,12,1825,1,2,1,1.0,2.0,75104,M,,,75
201100058319,11,9,14,905,1,2,3,1.0,2.0,75104,M,,,75
201100058320,11,9,15,1300,1,2,5,1.0,6.0,75101,M,,,75
201100058321,11,9,16,955,1,2,3,1.0,6.0,75104,M,,,75
201100058322,11,9,16,1550,1,2,7,1.0,3.0,75104,M,,,75
201100058323,11,9,18,540,5,2,2,1.0,6.0,75104,M,,,75
201100058324,11,9,23,805,1,2,2,1.0,3.0,75104,M,,,75
201100058325,11,9,25,1025,1,2,3,7.0,6.0,75104,M,,,75
201100058326,11,9,25,1250,1,2,2,1.0,6.0,75104,M,,,75
201100058327,11,9,27,610,5,2,5,1.0,6.0,75104,M,,,75
201100058328,11,9,27,2040,5,2,3,1.0,3.0,75104,M,,,75
201100058329,11,9,30,1530,1,2,1,1.0,2.0,75104,M,,,75
201100058330,11,10,1,945,1,2,1,1.0,2.0,75104,M,,,75
201100058331,11,10,1,1510,1,2,2,1.0,7.0,75104,M,,,75
201100058332,11,10,2,540,5,2,2,1.0,2.0,75104,M,,,75
201100058333,11,10,4,1235,1,2,1,1.0,3.0,75104,M,,,75
201100058334,11,10,4,1720,1,2,1,1.0,3.0,75104,M,,,75
201100058335,11,10,6,945,1,2,2,1.0,6.0,75104,M,,,75
201100058336,11,10,10,1233,1,2,4,1.0,2.0,75104,M,,,75
201100058337,11,10,10,1731,1,2,4,1.0,1.0,75104,M,,,75
201100058338,11,10,12,855,1,2,1,1.0,3.0,75104,M,,,75
201100058339,11,10,14,2350,4,2,2,1.0,2.0,75104,M,,,75
201100058340,11,10,15,1640,1,2,2,1.0,6.0,75104,M,,,75
201100058341,11,10,18,1605,1,2,7,2.0,2.0,75104,M,,,75
201100058342,11,10,20,1715,1,2,1,1.0,2.0,75104,M,,,75
201100058343,11,10,21,1647,1,2,3,1.0,6.0,75104,M,,,75
201100058344,11,10,23,2230,5,2,1,1.0,2.0,75104,M,,,75
201100058345,11,10,24,905,1,2,1,1.0,6.0,75104,M,,,75
201100058346,11,10,29,310,5,2,3,1.0,2.0,75104,M,,,75
201100058347,11,10,30,505,5,2,1,1.0,7.0,75104,M,,,75
201100058348,11,11,10,845,1,2,2,1.0,6.0,75104,M,,,75
201100058349,11,11,13,750,1,2,5,1.0,6.0,75104,M,,,75
201100058350,11,11,13,1410,1,2,2,1.0,2.0,75104,M,,,75
201100058351,11,11,14,945,1,2,5,1.0,7.0,75104,M,,,75
201100058352,11,11,16,1535,1,2,4,1.0,2.0,75104,M,,,75
201100058353,11,11,17,840,1,2,2,8.0,7.0,75104,M,,,75
201100058354,11,11,18,720,2,2,2,8.0,4.0,75104,M,,,75
201100058355,11,11,22,1210,1,2,2,1.0,6.0,75104,M,,,75
201100058356,11,11,23,1805,5,2,3,1.0,3.0,75104,M,,,75
201100058357,11,11,24,120,5,2,7,1.0,2.0,75104,M,,,75
201100058358,11,11,28,755,2,2,7,1.0,6.0,75104,M,,,75
201100058359,11,11,28,2300,5,2,2,1.0,2.0,75104,M,,,75
201100058360,11,11,29,1530,1,2,7,1.0,3.0,75104,M,,,75
201100058361,11,11,29,1305,1,2,2,1.0,6.0,75104,M,,,75
201100058362,11,12,1,850,1,2,3,2.0,4.0,75104,M,,,75
201100058363,11,12,2,1005,1,2,1,1.0,6.0,75104,M,,,75
201100058364,11,12,2,2255,5,2,3,1.0,2.0,75104,M,,,75
201100058365,11,12,4,1623,1,2,3,3.0,4.0,75104,M,,,75
201100058366,11,12,8,1200,1,2,2,2.0,3.0,75104,M,,,75
201100058367,11,12,9,230,5,2,2,1.0,3.0,75104,M,,,75
201100058368,11,12,13,900,1,2,2,2.0,7.0,75104,M,,,75
201100058369,11,12,16,1050,1,2,7,2.0,6.0,75104,M,,,75
201100058370,11,12,19,1700,5,2,5,3.0,3.0,75104,M,,,75
201100058371,11,12,21,35,5,2,2,2.0,3.0,75103,M,,,75
201100058372,11,12,23,1520,1,2,2,1.0,6.0,75104,M,,,75
201100058373,11,12,30,930,1,2,7,1.0,3.0,75104,M,,,75
201100058374,11,1,7,1600,1,2,1,1.0,6.0,75105,M,,,75
201100058375,11,1,11,145,5,2,1,1.0,3.0,75105,M,,,75
201100058376,11,1,13,2045,5,2,3,1.0,3.0,75105,M,,,75
201100058377,11,1,14,1756,5,2,3,2.0,6.0,75105,M,,,75
201100058378,11,1,25,1840,3,2,2,1.0,3.0,75105,M,,,75
201100058379,11,1,29,1830,5,2,2,1.0,3.0,75105,M,,,75
201100058380,11,1,30,2230,5,2,2,1.0,6.0,75105,M,,,75
201100058381,11,1,31,1835,5,2,2,1.0,6.0,75105,M,,,75
201100058382,11,2,7,820,1,2,3,1.0,3.0,75105,M,,,75
201100058383,11,2,14,745,2,2,2,1.0,6.0,75105,M,,,75
201100058384,11,2,24,715,5,2,3,2.0,6.0,75105,M,,,75
201100058385,11,2,26,1630,1,2,5,2.0,6.0,75105,M,,,75
201100058386,11,2,27,1115,1,2,5,8.0,3.0,75105,M,,,75
201100058387,11,3,2,2040,5,2,2,1.0,6.0,75105,M,4885110.0,235127.0,75
201100058388,11,3,2,2135,5,2,5,1.0,3.0,75105,M,4885380.0,234427.0,75
201100058389,11,3,4,1745,1,2,2,1.0,6.0,75105,M,,,75
201100058390,11,3,4,1910,5,2,5,1.0,6.0,75105,M,,,75
201100058391,11,3,8,1940,5,2,1,1.0,2.0,75105,M,,,75
201100058392,11,3,12,1950,5,2,1,2.0,3.0,75105,M,,,75
201100058393,11,3,14,1425,1,2,2,1.0,1.0,75105,M,,,75
201100058394,11,3,14,1835,1,2,2,1.0,6.0,75105,M,,,75
201100058395,11,3,16,1245,1,2,1,1.0,6.0,75105,M,,,75
201100058396,11,3,16,1428,1,2,1,1.0,6.0,75105,M,,,75
201100058397,11,3,17,1710,1,2,1,8.0,6.0,75105,M,,,75
201100058398,11,3,18,2010,5,2,2,2.0,2.0,75105,M,,,75
201100058399,11,3,20,115,5,2,1,1.0,6.0,75105,M,,,75
201100058400,11,3,24,745,1,2,5,1.0,6.0,75105,M,,,75
201100058401,11,3,24,910,1,2,5,1.0,3.0,75105,M,,,75
201100058402,11,3,25,1305,1,2,4,1.0,3.0,75105,M,,,75
201100058403,11,3,27,1733,1,2,3,1.0,2.0,75105,M,,,75
201100058404,11,3,28,1950,1,2,5,1.0,3.0,75105,M,,,75
201100058405,11,3,29,1635,1,2,1,8.0,7.0,75105,M,,,75
201100058406,11,3,30,855,1,2,1,1.0,7.0,75105,M,,,75
201100058407,11,4,12,1720,1,2,3,1.0,5.0,75105,M,,,75
201100058408,11,4,13,2220,5,2,2,1.0,3.0,75105,M,,,75
201100058409,11,4,19,1500,1,2,1,7.0,2.0,75105,M,,,75
201100058410,11,4,19,1730,1,2,2,1.0,7.0,75105,M,,,75
201100058411,11,4,19,2115,5,2,7,1.0,7.0,75105,M,,,75
201100058412,11,4,27,445,5,2,2,1.0,3.0,75105,M,,,75
201100058413,11,4,29,220,5,2,3,1.0,6.0,75105,M,,,75
201100058414,11,5,3,840,1,2,1,1.0,3.0,75105,M,,,75
201100058415,11,5,7,1620,1,2,2,1.0,3.0,75105,M,,,75
201100058416,11,5,12,1215,1,2,4,1.0,6.0,75105,M,,,75
201100058417,11,5,13,1005,1,2,2,1.0,1.0,75105,M,,,75
201100058418,11,5,13,1840,1,2,2,1.0,7.0,75105,M,,,75
201100058419,11,5,13,2030,5,2,1,1.0,2.0,75105,M,,,75
201100058420,11,5,14,1355,1,2,2,1.0,6.0,75105,M,,,75
201100058421,11,5,14,1525,1,2,5,1.0,3.0,75105,M,,,75
201100058422,11,5,16,1010,1,2,5,1.0,7.0,75105,M,,,75
201100058423,11,5,17,2205,5,2,2,1.0,6.0,75105,M,,,75
201100058424,11,5,18,1420,1,2,1,1.0,3.0,75105,M,,,75
201100058425,11,5,19,1640,1,2,2,1.0,1.0,75105,M,,,75
201100058426,11,5,21,1,5,2,1,1.0,4.0,75105,M,,,75
201100058427,11,5,23,1515,1,2,2,1.0,6.0,75105,M,,,75
201100058428,11,5,23,1630,1,2,1,1.0,6.0,75105,M,,,75
201100058429,11,5,25,2040,1,2,2,1.0,6.0,75105,M,,,75
201100058430,11,5,28,1357,1,2,3,1.0,2.0,75105,M,,,75
201100058431,11,5,30,750,1,2,2,1.0,6.0,75105,M,,,75
201100058432,11,5,31,1825,1,2,3,1.0,5.0,75105,M,,,75
201100058433,11,6,2,1745,1,2,1,1.0,2.0,75105,M,,,75
201100058434,11,6,3,1020,1,2,2,1.0,3.0,75105,M,,,75
201100058435,11,6,3,1940,1,2,2,1.0,6.0,75105,M,,,75
201100058436,11,6,5,2115,1,2,2,1.0,6.0,75105,M,,,75
201100058437,11,6,6,935,1,2,5,2.0,1.0,75105,M,,,75
201100058438,11,6,7,740,1,2,1,2.0,6.0,75105,M,,,75
201100058439,11,6,8,1700,1,2,1,8.0,6.0,75105,M,,,75
201100058440,11,6,12,1520,1,2,7,1.0,3.0,75106,M,,,75
201100058441,11,6,14,952,1,2,3,8.0,2.0,75105,M,,,75
201100058442,11,6,14,1930,1,2,3,1.0,3.0,75105,M,,,75
201100058443,11,6,15,935,1,2,2,1.0,2.0,75105,M,,,75
201100058444,11,6,16,1530,1,2,1,1.0,3.0,75105,M,,,75
201100058445,11,6,16,1935,1,2,2,1.0,3.0,75105,M,,,75
201100058446,11,6,16,2255,5,2,1,1.0,3.0,75105,M,,,75
201100058447,11,6,17,859,1,2,2,1.0,2.0,75105,M,,,75
201100058448,11,6,17,1625,1,2,3,2.0,6.0,75105,M,,,75
201100058449,11,6,18,1050,1,2,7,1.0,6.0,75105,M,,,75
201100058450,11,6,20,1635,1,2,1,1.0,2.0,75105,M,,,75
201100058451,11,6,21,1140,1,2,2,1.0,3.0,75105,M,,,75
201100058452,11,6,21,1425,1,2,2,1.0,6.0,75105,M,,,75
201100058453,11,6,22,110,5,2,4,2.0,3.0,75105,M,,,75
201100058454,11,6,22,1650,1,2,2,1.0,6.0,75105,M,,,75
201100058455,11,6,22,1825,1,2,2,1.0,6.0,75105,M,,,75
201100058456,11,6,22,1855,1,2,5,1.0,3.0,75105,M,,,75
201100058457,11,6,23,2110,1,2,1,1.0,6.0,75105,M,,,75
201100058458,11,6,24,1935,1,2,1,1.0,3.0,75105,M,,,75
201100058459,11,6,24,2230,2,2,2,1.0,6.0,75105,M,,,75
201100058460,11,6,25,110,5,2,1,1.0,6.0,75105,M,,,75
201100058461,11,6,25,2000,1,2,1,1.0,6.0,75105,M,,,75
201100058462,11,6,27,1650,1,2,2,1.0,6.0,75105,M,,,75
201100058463,11,6,27,2030,2,2,3,1.0,6.0,75105,M,,,75
201100058464,11,6,30,735,1,2,2,1.0,6.0,75105,M,,,75
201100058465,11,6,30,1220,1,2,1,1.0,6.0,75105,M,,,75
201100058466,11,6,30,1122,1,2,1,1.0,3.0,75105,M,,,75
201100058467,11,6,30,2320,5,2,1,1.0,6.0,75105,M,,,75
201100058468,11,7,2,1435,1,2,5,1.0,6.0,75105,M,,,75
201100058469,11,7,2,1548,1,2,5,1.0,7.0,75105,M,,,75
201100058470,11,7,3,1520,1,2,1,1.0,3.0,75105,M,,,75
201100058471,11,7,6,1050,1,2,4,1.0,6.0,75105,M,,,75
201100058472,11,7,7,1330,1,2,3,1.0,6.0,75105,M,,,75
201100058473,11,7,10,1345,1,2,1,1.0,3.0,75105,M,,,75
201100058474,11,7,12,1545,1,2,2,1.0,6.0,75105,M,,,75
201100058475,11,7,16,435,5,2,5,1.0,6.0,75105,M,,,75
201100058476,11,7,27,1715,1,2,7,1.0,6.0,75105,M,,,75
201100058477,11,7,31,1830,1,2,1,1.0,6.0,75105,M,,,75
201100058478,11,8,4,1510,1,2,7,2.0,6.0,75105,M,,,75
201100058479,11,8,5,1340,1,2,2,1.0,3.0,75105,M,,,75
201100058480,11,8,6,1735,1,2,1,1.0,3.0,75105,M,,,75
201100058481,11,8,8,2040,2,2,3,2.0,7.0,75105,M,,,75
201100058482,11,8,10,1945,2,2,2,1.0,3.0,75106,M,,,75
201100058483,11,8,13,1000,1,2,1,1.0,3.0,75105,M,,,75
201100058484,11,8,23,735,1,2,1,1.0,6.0,75105,M,,,75
201100058485,11,8,24,139,5,2,3,1.0,2.0,75105,M,,,75
201100058486,11,8,26,1820,1,2,1,8.0,6.0,75105,M,,,75
201100058487,11,8,29,1250,1,2,2,1.0,3.0,75105,M,,,75
201100058488,11,8,30,230,5,2,3,1.0,6.0,75105,M,,,75
201100058489,11,8,30,900,1,2,1,1.0,6.0,75105,M,,,75
201100058490,11,8,30,1510,1,2,2,1.0,6.0,75105,M,,,75
201100058491,11,9,5,850,1,2,3,1.0,3.0,75105,M,,,75
201100058492,11,9,5,820,1,2,3,1.0,7.0,75105,M,,,75
201100058493,11,9,7,2030,5,2,7,1.0,1.0,75113,M,,,75
201100058494,11,9,8,1335,1,2,5,2.0,3.0,75105,M,,,75
201100058495,11,9,8,2105,5,2,1,1.0,2.0,75113,M,,,75
201100058496,11,9,11,1125,1,2,3,2.0,7.0,75105,M,,,75
201100058497,11,9,11,2340,5,2,1,1.0,6.0,75105,M,,,75
201100058498,11,9,17,1950,5,2,2,1.0,3.0,75105,M,,,75
201100058499,11,9,21,1545,1,2,1,1.0,6.0,75105,M,,,75
201100058500,11,9,26,1000,1,2,2,1.0,6.0,75105,M,,,75
201100058501,11,9,29,845,1,2,5,1.0,6.0,75106,M,,,75
201100058502,11,10,1,645,5,2,2,1.0,6.0,75105,M,,,75
201100058503,11,10,3,755,1,2,5,1.0,3.0,75105,M,,,75
201100058504,11,10,4,140,5,2,1,1.0,2.0,75105,M,,,75
201100058505,11,10,5,2250,5,2,2,1.0,3.0,75105,M,,,75
201100058506,11,10,6,950,1,2,3,2.0,7.0,75105,M,,,75
201100058507,11,10,7,410,5,2,2,1.0,7.0,75105,M,,,75
201100058508,11,10,7,915,1,2,1,1.0,2.0,75105,M,,,75
201100058509,11,10,7,1200,1,2,2,1.0,3.0,75105,M,,,75
201100058510,11,10,7,1955,2,2,2,2.0,6.0,75105,M,,,75
201100058511,11,10,7,2125,5,2,1,1.0,6.0,75105,M,,,75
201100058512,11,10,8,130,5,2,2,9.0,2.0,75105,M,,,75
201100058513,11,10,11,925,1,2,1,1.0,3.0,75105,M,,,75
201100058514,11,10,11,1712,1,2,1,1.0,3.0,75105,M,,,75
201100058515,11,10,11,1915,2,2,5,1.0,6.0,75105,M,,,75
201100058516,11,10,12,1700,1,2,1,1.0,3.0,75105,M,,,75
201100058517,11,10,15,150,5,2,2,1.0,7.0,75105,M,,,75
201100058518,11,10,16,1720,1,2,1,1.0,6.0,75105,M,,,75
201100058519,11,10,13,1310,1,2,2,1.0,6.0,75105,M,,,75
201100058520,11,10,29,1535,1,2,2,1.0,2.0,75105,M,,,75
201100058521,11,10,31,1800,2,2,1,1.0,7.0,75105,M,,,75
201100058522,11,11,1,2040,5,2,5,9.0,5.0,75105,M,,,75
201100058523,11,11,2,1600,1,2,2,8.0,6.0,75105,M,,,75
201100058524,11,11,3,855,1,2,3,2.0,2.0,75105,M,,,75
201100058525,11,11,3,1415,1,2,2,2.0,7.0,75105,M,,,75
201100058526,11,11,4,302,5,2,5,1.0,3.0,75105,M,,,75
201100058527,11,11,9,805,1,2,1,1.0,6.0,75105,M,,,75
201100058528,11,11,15,1320,1,2,3,1.0,3.0,75105,M,,,75
201100058529,11,11,19,735,2,2,1,8.0,6.0,75105,M,,,75
201100058530,11,11,19,1645,1,2,2,1.0,3.0,75105,M,,,75
201100058531,11,11,22,1505,1,2,2,1.0,6.0,75105,M,,,75
201100058532,11,11,22,2125,5,2,7,1.0,3.0,75105,M,,,75
201100058533,11,11,28,1555,1,2,1,8.0,3.0,75105,M,,,75
201100058534,11,12,1,1940,3,2,3,1.0,6.0,75105,M,,,75
201100058535,11,12,2,2120,5,2,3,1.0,3.0,75113,M,,,75
201100058536,11,12,3,730,5,2,1,2.0,2.0,75105,M,,,75
201100058537,11,12,3,1030,1,2,2,2.0,3.0,75105,M,,,75
201100058538,11,12,7,2335,5,2,2,8.0,2.0,75105,M,,,75
201100058539,11,12,8,1950,5,2,7,1.0,3.0,75113,M,,,75
201100058540,11,12,9,2205,5,2,2,1.0,6.0,75105,M,,,75
201100058541,11,12,12,415,5,2,2,3.0,6.0,75105,M,,,75
201100058542,11,12,13,810,5,2,2,3.0,3.0,75105,M,,,75
201100058543,11,12,13,800,2,2,1,2.0,3.0,75105,M,,,75
201100058544,11,12,13,1340,1,2,7,2.0,6.0,75105,M,,,75
201100058545,11,12,14,1135,1,2,5,1.0,3.0,75105,M,,,75
201100058546,11,12,14,1630,2,2,2,1.0,3.0,75105,M,,,75
201100058547,11,12,18,2205,5,2,2,2.0,6.0,75105,M,,,75
201100058548,11,12,19,1250,1,2,1,1.0,7.0,75105,M,,,75
201100058549,11,12,19,1855,5,2,7,2.0,5.0,75105,M,,,75
201100058550,11,12,19,2320,5,2,2,2.0,6.0,75113,M,,,75
201100058551,11,12,20,1650,2,2,5,8.0,6.0,75105,M,,,75
201100058552,11,12,21,1050,1,2,2,2.0,6.0,75105,M,,,75
201100058553,11,12,27,2135,5,2,1,1.0,6.0,75105,M,,,75
201100058554,11,12,28,1845,3,2,5,1.0,6.0,75105,M,,,75
201100058555,11,12,29,1925,5,2,2,2.0,1.0,75105,M,,,75
201100058556,11,1,5,2020,5,2,2,2.0,6.0,75106,M,,,75
201100058557,11,1,12,750,2,2,1,2.0,6.0,75106,M,,,75
201100058558,11,1,14,1550,1,2,3,1.0,7.0,75106,M,,,75
201100058559,11,1,20,2045,5,2,2,1.0,6.0,75106,M,,,75
201100058560,11,1,21,930,1,2,5,1.0,7.0,75106,M,,,75
201100058561,11,1,25,1104,1,2,1,1.0,6.0,75106,M,,,75
201100058562,11,1,31,1315,1,2,3,1.0,7.0,75106,M,,,75
201100058563,11,1,31,2350,5,2,5,1.0,6.0,75106,M,,,75
201100058564,11,2,13,405,5,2,2,1.0,6.0,75106,M,,,75
201100058565,11,2,13,1200,1,2,1,2.0,2.0,75106,M,,,75
201100058566,11,3,4,2115,5,2,2,1.0,2.0,75106,M,,,75
201100058567,11,3,5,1650,1,2,1,1.0,6.0,75106,M,,,75
201100058568,11,3,6,840,1,2,5,1.0,3.0,75106,M,,,75
201100058569,11,3,6,1020,1,2,2,1.0,6.0,75106,M,,,75
201100058570,11,3,7,900,1,2,4,1.0,3.0,75106,M,,,75
201100058571,11,3,7,1248,1,2,5,1.0,3.0,75106,M,,,75
201100058572,11,3,9,1400,1,2,1,1.0,6.0,75106,M,,,75
201100058573,11,3,14,1530,1,2,2,1.0,6.0,75106,M,,,75
201100058574,11,3,16,2220,5,2,5,1.0,2.0,75106,M,,,75
201100058575,11,3,17,1535,1,2,3,8.0,3.0,75106,M,,,75
201100058576,11,3,18,1830,1,2,2,2.0,2.0,75106,M,,,75
201100058577,11,3,18,2045,5,2,2,2.0,2.0,75106,M,,,75
201100058578,11,3,28,1810,1,2,2,1.0,3.0,75106,M,,,75
201100058579,11,3,29,1230,1,2,5,1.0,3.0,75105,M,,,75
201100058580,11,3,29,1820,1,2,3,2.0,6.0,75106,M,,,75
201100058581,11,3,29,1855,1,2,1,2.0,3.0,75106,M,,,75
201100058582,11,4,4,1650,1,2,3,1.0,3.0,75106,M,,,75
201100058583,11,4,6,1415,1,2,2,1.0,6.0,75106,M,,,75
201100058584,11,4,7,1017,1,2,4,1.0,6.0,75106,M,,,75
201100058585,11,4,7,1755,1,2,2,1.0,6.0,75106,M,,,75
201100058586,11,4,8,1435,1,2,2,1.0,3.0,75106,M,,,75
201100058587,11,4,10,1120,1,2,3,1.0,3.0,75106,M,,,75
201100058588,11,4,12,2055,5,2,1,1.0,7.0,75106,M,,,75
201100058589,11,4,14,1450,1,2,7,1.0,6.0,75106,M,,,75
201100058590,11,4,19,4,5,2,3,1.0,6.0,75105,M,,,75
201100058591,11,4,19,1700,1,2,1,1.0,6.0,75106,M,,,75
201100058592,11,4,21,730,1,2,5,1.0,3.0,75106,M,,,75
201100058593,11,4,22,2220,5,2,3,1.0,6.0,75106,M,,,75
201100058594,11,4,25,1446,1,2,4,1.0,6.0,75106,M,,,75
201100058595,11,4,26,2210,5,2,4,1.0,3.0,75106,M,,,75
201100058596,11,4,28,1005,1,2,5,1.0,7.0,75106,M,,,75
201100058597,11,5,1,1604,1,2,2,1.0,6.0,75106,M,,,75
201100058598,11,5,3,1900,1,2,1,1.0,3.0,75106,M,,,75
201100058599,11,5,4,1225,1,2,5,1.0,3.0,75106,M,,,75
201100058600,11,5,5,2010,2,2,2,1.0,6.0,75106,M,,,75
201100058601,11,5,6,1020,1,2,2,1.0,3.0,75106,M,,,75