Num_Acc,an,mois,jour,hrmn,lum,agg,int,atm,col,com,gps,lat,long,dep
201100058602,11,5,6,2145,5,2,2,1.0,3.0,75106,M,,,75
201100058603,11,5,7,150,5,2,1,1.0,6.0,75106,M,,,75
201100058604,11,5,7,1515,1,2,3,1.0,6.0,75106,M,,,75
201100058605,11,5,9,1435,1,2,3,1.0,3.0,75106,M,,,75
201100058606,11,5,11,2030,2,2,5,1.0,3.0,75106,M,,,75
201100058607,11,5,16,830,1,2,1,1.0,7.0,75106,M,,,75
201100058608,11,5,16,2015,1,2,1,1.0,6.0,75106,M,,,75
201100058609,11,5,18,2345,5,2,7,1.0,6.0,75106,M,,,75
201100058610,11,5,20,100,5,2,2,1.0,3.0,75106,M,,,75
201100058611,11,5,23,915,1,2,5,1.0,6.0,75106,M,,,75
201100058612,11,5,24,730,1,2,2,1.0,3.0,75106,M,,,75
201100058613,11,5,24,1300,1,2,5,1.0,3.0,75106,M,,,75
201100058614,11,5,25,1945,1,2,5,1.0,3.0,75106,M,,,75
201100058615,11,5,26,800,1,2,5,1.0,7.0,75106,M,,,75
201100058616,11,5,27,900,1,2,2,1.0,6.0,75106,M,,,75
201100058617,11,5,28,1445,1,2,1,1.0,6.0,75106,M,,,75
201100058618,11,5,28,1750,1,2,2,1.0,2.0,75106,M,,,75
201100058619,11,6,1,1518,1,2,3,1.0,6.0,75106,M,,,75
201100058620,11,6,2,205,5,2,5,1.0,3.0,75106,M,,,75
201100058621,11,6,4,1820,1,2,1,1.0,2.0,75106,M,,,75
201100058622,11,6,6,1255,1,2,3,2.0,3.0,75106,M,,,75
201100058623,11,6,10,750,1,2,7,1.0,3.0,75106,M,,,75
201100058624,11,6,10,1140,1,2,2,2.0,6.0,75106,M,,,75
201100058625,11,6,13,1510,1,2,7,1.0,6.0,75106,M,,,75
201100058626,11,6,14,1225,1,2,3,1.0,7.0,75106,M,,,75
201100058627,11,6,15,1220,1,2,2,1.0,6.0,75106,M,,,75
201100058628,11,6,16,1120,1,2,3,1.0,6.0,75106,M,,,75
201100058629,11,6,21,1150,1,2,1,8.0,6.0,75106,M,,,75
201100058630,11,6,22,1332,1,2,5,1.0,4.0,75106,M,,,75
201100058631,11,6,24,930,1,2,5,1.0,3.0,75106,M,,,75
201100058632,11,6,25,1920,1,2,4,1.0,6.0,75106,M,,,75
201100058633,11,6,29,1020,1,2,1,1.0,1.0,75106,M,,,75
201100058634,11,6,30,1400,1,2,1,1.0,6.0,75106,M,,,75
201100058635,11,7,2,1115,1,2,1,1.0,6.0,75106,M,,,75
201100058636,11,7,2,1310,1,2,2,1.0,3.0,75106,M,,,75
201100058637,11,7,3,1450,1,2,1,1.0,6.0,75106,M,,,75
201100058638,11,7,4,1315,1,2,2,1.0,3.0,75106,M,,,75
201100058639,11,7,5,1815,1,2,1,1.0,2.0,75106,M,,,75
201100058640,11,7,6,200,5,2,3,1.0,3.0,75106,M,,,75
201100058641,11,7,8,910,1,2,5,1.0,3.0,75106,M,,,75
201100058642,11,7,8,2135,5,2,1,1.0,6.0,75106,M,,,75
201100058643,11,7,9,1710,1,2,5,1.0,2.0,75106,M,,,75
201100058644,11,7,11,1140,1,2,2,1.0,6.0,75114,M,,,75
201100058645,11,7,11,1715,1,2,3,1.0,6.0,75106,M,,,75
201100058646,11,7,11,1940,1,2,1,1.0,6.0,75106,M,,,75
201100058647,11,7,12,1925,1,2,5,1.0,6.0,75106,M,,,75
201100058648,11,7,13,1835,1,2,1,1.0,6.0,75106,M,,,75
201100058649,11,7,15,2255,5,2,7,1.0,6.0,75106,M,,,75
201100058650,11,7,17,1630,1,2,5,2.0,6.0,75106,M,,,75
201100058651,11,7,18,1320,1,2,3,2.0,6.0,75106,M,,,75
201100058652,11,7,25,250,5,2,4,1.0,2.0,75106,M,,,75
201100058653,11,7,25,1810,1,2,3,1.0,3.0,75106,M,,,75
201100058654,11,7,30,1710,1,2,2,1.0,3.0,75106,M,,,75
201100058655,11,7,31,1941,1,2,1,1.0,3.0,75106,M,,,75
201100058656,11,8,4,1720,1,2,3,2.0,7.0,75106,M,,,75
201100058657,11,8,5,2145,5,2,1,3.0,6.0,75106,M,,,75
201100058658,11,8,8,1115,1,2,7,1.0,6.0,75106,M,,,75
201100058659,11,8,8,1550,1,2,2,1.0,3.0,75106,M,,,75
201100058660,11,8,13,30,5,2,7,1.0,2.0,75106,M,,,75
201100058661,11,8,19,1620,1,2,7,1.0,7.0,75106,M,,,75
201100058662,11,8,20,2020,1,2,4,1.0,3.0,75106,M,,,75
201100058663,11,8,22,1320,1,2,7,1.0,6.0,75106,M,,,75
201100058664,11,8,25,1920,1,2,5,1.0,3.0,75106,M,,,75
201100058665,11,8,29,1110,1,2,7,1.0,3.0,75106,M,,,75
201100058666,11,8,29,1220,1,2,5,1.0,6.0,75106,M,,,75
201100058667,11,9,2,1705,1,2,3,1.0,3.0,75106,M,,,75
201100058668,11,9,4,1445,1,2,2,2.0,6.0,75106,M,,,75
201100058669,11,9,7,55,5,2,2,2.0,3.0,75106,M,,,75
201100058670,11,9,8,2110,5,2,2,2.0,3.0,75106,M,,,75
201100058671,11,9,10,1950,2,2,2,1.0,2.0,75106,M,,,75
201100058672,11,9,11,1530,1,2,7,2.0,7.0,75106,M,,,75
201100058673,11,9,14,1230,1,2,7,1.0,6.0,75106,M,,,75
201100058674,11,9,14,1530,1,2,2,1.0,6.0,75106,M,,,75
201100058675,11,9,17,1355,1,2,1,1.0,6.0,75106,M,,,75
201100058676,11,9,20,1850,2,2,1,8.0,6.0,75106,M,,,75
201100058677,11,9,23,130,5,2,5,1.0,6.0,75106,M,,,75
201100058678,11,9,23,1330,1,2,3,1.0,6.0,75106,M,,,75
201100058679,11,9,24,1215,1,2,1,1.0,6.0,75106,M,,,75
201100058680,11,9,25,1648,1,2,1,1.0,3.0,75106,M,,,75
201100058681,11,9,28,1015,1,2,3,1.0,2.0,75106,M,,,75
201100058682,11,9,29,830,1,2,7,1.0,2.0,75106,M,,,75
201100058683,11,9,29,1745,1,2,2,1.0,6.0,75106,M,,,75
201100058684,11,10,4,1615,1,2,3,1.0,6.0,75106,M,,,75
201100058685,11,10,5,1233,1,2,1,1.0,3.0,75106,M,,,75
201100058686,11,10,5,1830,1,2,2,1.0,6.0,75106,M,,,75
201100058687,11,10,6,1615,1,2,1,8.0,6.0,75106,M,,,75
201100058688,11,10,6,2015,5,2,1,1.0,6.0,75106,M,,,75
201100058689,11,10,10,1050,1,2,2,1.0,6.0,75106,M,,,75
201100058690,11,10,11,2325,5,2,2,1.0,3.0,75106,M,,,75
201100058691,11,10,12,1245,1,2,2,8.0,6.0,75106,M,,,75
201100058692,11,10,16,1315,1,2,3,1.0,3.0,75106,M,,,75
201100058693,11,10,18,1245,1,2,2,1.0,6.0,75106,M,,,75
201100058694,11,10,18,1725,1,2,1,2.0,2.0,75106,M,,,75
201100058695,11,10,20,2248,5,2,2,1.0,6.0,75106,M,,,75
201100058696,11,10,20,1005,1,2,2,1.0,7.0,75106,M,,,75
201100058697,11,10,20,1500,1,2,7,1.0,6.0,75106,M,,,75
201100058698,11,10,24,1737,1,2,3,1.0,6.0,75106,M,,,75
201100058699,11,11,2,1940,5,2,2,1.0,6.0,75106,M,,,75
201100058700,11,11,3,950,1,2,5,2.0,2.0,75106,M,,,75
201100058701,11,11,3,950,1,2,1,2.0,6.0,75106,M,,,75
201100058702,11,11,3,1955,5,2,5,2.0,3.0,75106,M,,,75
201100058703,11,11,3,1954,5,2,2,2.0,6.0,75106,M,,,75
201100058704,11,11,4,1650,1,2,1,1.0,6.0,75107,M,,,75
201100058705,11,11,5,605,5,2,5,2.0,6.0,75106,M,,,75
201100058706,11,11,5,1505,1,2,2,8.0,6.0,75106,M,,,75
201100058707,11,11,5,2250,5,2,3,1.0,3.0,75106,M,,,75
201100058708,11,11,6,150,5,2,2,1.0,3.0,75106,M,,,75
201100058709,11,11,6,820,2,2,4,1.0,7.0,75106,M,,,75
201100058710,11,11,7,845,1,2,7,8.0,6.0,75106,M,,,75
201100058711,11,11,8,1729,5,2,5,2.0,6.0,75106,M,,,75
201100058712,11,11,8,2200,5,2,2,2.0,6.0,75106,M,,,75
201100058713,11,11,9,1450,1,2,2,1.0,3.0,75106,M,,,75
201100058714,11,11,10,1245,1,2,3,1.0,7.0,75106,M,,,75
201100058715,11,11,15,2000,3,2,1,1.0,4.0,75106,M,,,75
201100058716,11,11,18,351,5,2,2,1.0,3.0,75106,M,,,75
201100058717,11,11,21,1220,1,2,2,1.0,3.0,75106,M,,,75
201100058718,11,11,21,1235,1,2,1,1.0,6.0,75106,M,,,75
201100058719,11,11,21,1500,1,2,2,8.0,2.0,75106,M,,,75
201100058720,11,11,23,1620,5,2,1,1.0,6.0,75106,M,,,75
201100058721,11,11,28,745,1,2,5,1.0,6.0,75106,M,,,75
201100058722,11,12,2,1219,1,2,2,1.0,3.0,75106,M,,,75
201100058723,11,12,7,1230,1,2,2,1.0,3.0,75106,M,,,75
201100058724,11,12,8,1020,1,2,5,8.0,3.0,75106,M,,,75
201100058725,11,12,9,1625,2,2,5,1.0,6.0,75106,M,,,75
201100058726,11,12,11,1540,1,2,1,2.0,3.0,75106,M,,,75
201100058727,11,12,13,1730,5,2,2,8.0,6.0,75106,M,,,75
201100058728,11,12,14,850,1,2,3,1.0,7.0,75106,M,,,75
201100058729,11,12,16,1320,1,2,3,2.0,3.0,75106,M,,,75
201100058730,11,12,20,720,2,2,1,1.0,2.0,75106,M,,,75
201100058731,11,12,22,1730,1,2,7,1.0,6.0,75106,M,,,75
201100058732,11,12,24,325,5,2,3,2.0,7.0,75106,M,,,75
201100058733,11,12,26,1750,5,2,1,1.0,6.0,75106,M,,,75
201100058734,11,12,28,2100,5,2,7,9.0,3.0,75106,M,,,75
201100058735,11,12,30,1945,5,2,1,3.0,6.0,75105,M,,,75
201100058736,11,12,30,2035,5,2,1,3.0,3.0,75106,M,,,75
201100058737,11,1,13,1825,5,2,1,1.0,6.0,75107,M,,,75
201100058738,11,1,14,225,5,2,1,1.0,6.0,75107,M,,,75
201100058739,11,1,14,1820,5,2,1,2.0,6.0,75107,M,,,75
201100058740,11,1,15,400,5,2,1,1.0,6.0,75107,M,,,75
201100058741,11,1,17,150,5,2,5,1.0,6.0,75107,M,,,75
201100058742,11,1,17,1230,1,2,1,1.0,6.0,75107,M,,,75
201100058743,11,1,19,815,2,2,5,1.0,3.0,75107,M,,,75
201100058744,11,1,21,830,1,2,1,1.0,3.0,75107,M,,,75
201100058745,11,1,21,1645,1,2,1,1.0,6.0,75107,M,,,75
201100058746,11,1,21,1845,5,2,1,1.0,3.0,75107,M,,,75
201100058747,11,1,21,2010,5,2,3,1.0,6.0,75107,M,,,75
201100058748,11,1,27,1620,1,2,2,8.0,3.0,75107,M,,,75
201100058749,11,2,1,750,2,2,2,1.0,3.0,75107,M,,,75
201100058750,11,2,3,1005,1,2,1,2.0,7.0,75107,M,,,75
201100058751,11,2,3,1230,1,2,1,1.0,2.0,75107,M,,,75
201100058752,11,2,5,1510,1,2,2,1.0,3.0,75107,M,,,75
201100058753,11,2,7,2230,5,2,5,1.0,7.0,75107,M,,,75
201100058754,11,2,9,1455,1,2,3,1.0,2.0,75107,M,,,75
201100058755,11,2,9,1640,1,2,2,8.0,6.0,75107,M,,,75
201100058756,11,2,9,2045,5,2,2,1.0,6.0,75107,M,,,75
201100058757,11,2,11,1545,1,2,5,1.0,3.0,75107,M,,,75
201100058758,11,2,11,1720,1,2,5,1.0,2.0,75107,M,,,75
201100058759,11,2,12,1530,1,2,1,8.0,6.0,75107,M,,,75
201100058760,11,2,13,650,5,2,1,1.0,6.0,75107,M,,,75
201100058761,11,2,14,1850,5,2,4,1.0,2.0,75107,M,,,75
201100058762,11,2,16,1445,1,2,2,1.0,3.0,75107,M,,,75
201100058763,11,2,22,1025,1,2,1,1.0,7.0,75107,M,,,75
201100058764,11,2,22,1345,1,2,3,1.0,3.0,75107,M,,,75
201100058765,11,2,22,1520,1,2,1,1.0,7.0,75107,M,,,75
201100058766,11,2,25,1220,1,2,3,1.0,4.0,75107,M,,,75
201100058767,11,2,25,1600,1,2,1,1.0,6.0,75107,M,,,75
201100058768,11,2,25,2220,3,2,1,1.0,3.0,75107,M,,,75
201100058769,11,2,26,1050,1,2,2,2.0,2.0,75107,M,,,75
201100058770,11,2,28,1410,1,2,2,1.0,7.0,75107,M,,,75
201100058771,11,2,28,1835,2,2,1,1.0,6.0,75107,M,,,75
201100058772,11,3,2,1150,1,2,2,1.0,3.0,75107,M,4885590.0,232555.0,75
201100058773,11,3,3,1530,1,2,1,1.0,6.0,75107,M,,,75
201100058774,11,3,3,2220,5,2,1,1.0,3.0,75107,M,,,75
201100058775,11,3,8,830,1,2,5,1.0,4.0,75107,M,,,75
201100058776,11,3,8,2005,5,2,5,1.0,3.0,75107,M,,,75
201100058777,11,3,10,1415,1,2,5,1.0,3.0,75107,M,,,75
201100058778,11,3,10,2050,5,2,1,1.0,3.0,75107,M,,,75
201100058779,11,3,15,1440,1,2,2,1.0,3.0,75107,M,,,75
201100058780,11,3,17,1,5,2,2,1.0,3.0,75107,M,,,75
201100058781,11,3,19,1520,1,2,1,1.0,6.0,75106,M,,,75
201100058782,11,3,24,845,1,2,1,1.0,6.0,75107,M,,,75
201100058783,11,3,27,455,5,2,3,1.0,6.0,75107,M,,,75
201100058784,11,3,31,2305,5,2,2,1.0,3.0,75107,M,,,75
201100058785,11,4,3,955,1,2,3,2.0,7.0,75107,M,,,75
201100058786,11,4,4,915,1,2,3,1.0,3.0,75107,M,,,75
201100058787,11,4,4,1620,1,2,1,1.0,3.0,75107,M,,,75
201100058788,11,4,5,1050,1,2,1,1.0,6.0,75107,M,,,75
201100058789,11,4,7,1020,1,2,3,1.0,3.0,75107,M,,,75
201100058790,11,4,7,1620,1,2,4,1.0,3.0,75107,M,,,75
201100058791,11,4,8,1640,1,2,2,1.0,2.0,75107,M,,,75
201100058792,11,4,8,915,1,2,5,1.0,3.0,75107,M,,,75
201100058793,11,4,10,1240,1,2,7,1.0,6.0,75107,M,,,75
201100058794,11,4,11,1730,1,2,3,1.0,3.0,75107,M,,,75
201100058795,11,4,12,1015,1,2,3,1.0,3.0,75107,M,,,75
201100058796,11,4,13,915,1,2,2,1.0,2.0,75107,M,,,75
201100058797,11,4,14,1000,1,2,2,1.0,2.0,75107,M,,,75
201100058798,11,4,14,1235,1,2,2,1.0,2.0,75107,M,,,75
201100058799,11,4,17,1700,1,2,3,1.0,2.0,75107,M,,,75
201100058800,11,4,20,1400,1,2,3,1.0,6.0,75107,M,,,75
201100058801,11,4,26,2110,5,2,1,1.0,2.0,75107,M,,,75
201100058802,11,4,30,330,5,2,5,1.0,2.0,75108,M,,,75
201100058803,11,5,3,800,1,2,5,1.0,3.0,75107,M,,,75
201100058804,11,5,5,830,2,2,1,1.0,6.0,75107,M,,,75
201100058805,11,5,5,1830,1,2,3,1.0,3.0,75107,M,,,75
201100058806,11,5,7,1340,1,2,2,1.0,3.0,75107,M,,,75
201100058807,11,5,10,1820,1,2,3,1.0,7.0,75107,M,,,75
201100058808,11,5,12,920,1,2,3,1.0,3.0,75107,M,,,75
201100058809,11,5,14,1645,1,2,1,1.0,6.0,75107,M,,,75
201100058810,11,5,14,1650,1,2,3,1.0,3.0,75107,M,,,75
201100058811,11,5,22,1040,1,2,2,1.0,3.0,75107,M,,,75
201100058812,11,5,23,745,1,2,1,1.0,6.0,75107,M,,,75
201100058813,11,5,24,1425,1,2,2,1.0,6.0,75107,M,,,75
201100058814,11,5,26,950,1,2,5,1.0,6.0,75107,M,,,75
201100058815,11,5,29,2000,1,2,1,1.0,3.0,75107,M,,,75
201100058816,11,5,30,700,1,2,1,1.0,7.0,75107,M,,,75
201100058817,11,5,31,400,5,2,3,8.0,7.0,75107,M,,,75
201100058818,11,5,31,2100,1,2,2,1.0,3.0,75107,M,,,75
201100058819,11,6,1,1315,1,2,2,1.0,2.0,75107,M,,,75
201100058820,11,6,1,1900,1,2,1,1.0,3.0,75107,M,,,75
201100058821,11,6,3,1050,1,2,3,1.0,7.0,75107,M,,,75
201100058822,11,6,4,1355,1,2,5,1.0,7.0,75107,M,,,75
201100058823,11,6,4,1810,1,2,7,1.0,1.0,75107,M,,,75
201100058824,11,6,6,1150,1,2,1,1.0,6.0,75107,M,,,75
201100058825,11,6,8,1435,1,2,1,1.0,6.0,75107,M,,,75
201100058826,11,6,9,1410,1,2,3,1.0,7.0,75107,M,,,75
201100058827,11,6,9,1540,1,2,3,1.0,1.0,75107,M,,,75
201100058828,11,6,12,345,5,2,3,1.0,6.0,75107,M,,,75
201100058829,11,6,17,410,5,2,1,1.0,6.0,75107,M,,,75
201100058830,11,6,18,40,5,2,3,1.0,6.0,75115,M,,,75
201100058831,11,6,19,930,1,2,3,1.0,3.0,75107,M,,,75
201100058832,11,6,23,2355,3,2,3,1.0,7.0,75107,M,,,75
201100058833,11,6,27,225,5,2,3,1.0,2.0,75106,M,,,75
201100058834,11,6,29,1425,1,2,1,1.0,2.0,75107,M,,,75
201100058835,11,6,29,1945,1,2,5,1.0,3.0,75107,M,,,75
201100058836,11,6,30,1715,1,2,1,1.0,3.0,75107,M,,,75
201100058837,11,7,1,1530,1,2,2,1.0,3.0,75107,M,,,75
201100058838,11,7,1,1658,1,2,1,1.0,6.0,75107,M,,,75
201100058839,11,7,1,2200,5,2,7,1.0,3.0,75107,M,,,75
201100058840,11,7,2,825,1,2,2,1.0,6.0,75107,M,,,75
201100058841,11,7,3,2000,1,2,2,2.0,3.0,75107,M,,,75
201100058842,11,7,6,810,1,2,1,1.0,3.0,75107,M,,,75
201100058843,11,7,6,1430,1,2,3,1.0,3.0,75107,M,,,75
201100058844,11,7,7,1140,1,2,3,1.0,6.0,75107,M,,,75
201100058845,11,7,10,1500,1,2,3,1.0,6.0,75107,M,,,75
201100058846,11,7,12,1345,1,2,7,1.0,6.0,75107,M,,,75
201100058847,11,7,16,1115,1,2,2,2.0,3.0,75107,M,,,75
201100058848,11,7,17,1000,1,2,5,1.0,6.0,75107,M,,,75
201100058849,11,7,18,2155,5,2,4,1.0,3.0,75107,M,,,75
201100058850,11,7,20,1545,1,2,1,2.0,6.0,75107,M,,,75
201100058851,11,7,21,1400,1,2,2,1.0,3.0,75107,M,,,75
201100058852,11,7,21,1825,1,2,1,1.0,7.0,75107,M,,,75
201100058853,11,7,26,1815,1,2,1,1.0,6.0,75107,M,,,75
201100058854,11,7,31,2045,1,2,3,7.0,6.0,75107,M,,,75
201100058855,11,8,3,800,1,2,5,2.0,3.0,75107,M,,,75
201100058856,11,8,3,1455,1,2,5,1.0,6.0,75107,M,,,75
201100058857,11,8,6,1320,1,2,2,1.0,3.0,75107,M,,,75
201100058858,11,8,7,220,5,2,7,8.0,3.0,75107,M,,,75
201100058859,11,8,7,2015,2,2,7,1.0,7.0,75107,M,,,75
201100058860,11,8,21,210,3,2,1,2.0,6.0,75107,M,,,75
201100058861,11,8,22,1845,1,2,1,1.0,6.0,75107,M,,,75
201100058862,11,8,23,1420,1,2,1,1.0,2.0,75107,M,,,75
201100058863,11,8,27,1740,1,2,2,2.0,6.0,75107,M,,,75
201100058864,11,8,28,145,5,2,1,1.0,7.0,75107,M,,,75
201100058865,11,8,29,1545,1,2,4,1.0,3.0,75107,M,,,75
201100058866,11,8,29,1600,1,2,1,1.0,6.0,75107,M,,,75
201100058867,11,8,31,1810,1,2,1,7.0,7.0,75107,M,,,75
201100058868,11,9,2,840,1,2,7,1.0,3.0,75107,M,,,75
201100058869,11,9,6,850,1,2,3,8.0,3.0,75107,M,,,75
201100058870,11,9,7,810,1,2,3,1.0,3.0,75107,M,,,75
201100058871,11,9,8,1050,1,2,3,1.0,2.0,75107,M,,,75
201100058872,11,9,10,2120,5,2,1,1.0,6.0,75115,M,,,75
201100058873,11,9,11,120,5,2,3,1.0,6.0,75107,M,,,75
201100058874,11,9,11,1725,1,2,3,1.0,2.0,75107,M,,,75
201100058875,11,9,14,1000,1,2,1,1.0,6.0,75107,M,,,75
201100058876,11,9,15,1135,1,2,7,1.0,3.0,75107,M,,,75
201100058877,11,9,15,1345,1,2,7,1.0,6.0,75107,M,,,75
201100058878,11,9,16,1830,1,2,2,1.0,3.0,75107,M,,,75
201100058879,11,9,17,136,5,2,2,1.0,3.0,75115,M,,,75
201100058880,11,9,22,115,5,2,1,1.0,6.0,75107,M,,,75
201100058881,11,9,22,1430,1,2,2,1.0,3.0,75107,M,,,75
201100058882,11,9,23,810,1,2,7,1.0,3.0,75107,M,,,75
201100058883,11,9,23,1440,1,2,5,1.0,2.0,75107,M,,,75
201100058884,11,9,28,905,1,2,5,1.0,1.0,75107,M,,,75
201100058885,11,10,1,935,1,2,5,1.0,1.0,75107,M,,,75
201100058886,11,10,1,1230,1,2,1,1.0,2.0,75107,M,,,75
201100058887,11,10,2,1655,1,2,5,1.0,6.0,75107,M,,,75
201100058888,11,10,2,1730,1,2,1,1.0,3.0,75107,M,,,75
201100058889,11,10,4,920,1,2,3,8.0,3.0,75107,M,,,75
201100058890,11,10,10,855,1,2,7,8.0,3.0,75107,M,,,75
201100058891,11,10,10,1130,1,2,3,1.0,2.0,75107,M,,,75
201100058892,11,10,10,1405,1,2,1,8.0,4.0,75107,M,,,75
201100058893,11,10,12,1115,1,2,5,8.0,6.0,75107,M,,,75
201100058894,11,10,12,1410,1,2,1,1.0,2.0,75107,M,,,75
201100058895,11,10,14,2000,5,2,4,1.0,3.0,75107,M,,,75
201100058896,11,10,15,1520,1,2,2,1.0,6.0,75107,M,,,75
201100058897,11,10,17,935,1,2,2,1.0,3.0,75107,M,,,75
201100058898,11,10,18,1920,5,2,3,2.0,6.0,75107,M,,,75
201100058899,11,10,20,1515,1,2,2,1.0,6.0,75106,M,,,75
201100058900,11,10,25,1700,1,2,3,2.0,3.0,75115,M,,,75
201100058901,11,10,25,2055,5,2,2,1.0,2.0,75107,M,,,75
201100058902,11,11,3,1340,1,2,1,2.0,3.0,75107,M,,,75
201100058903,11,11,3,1451,1,2,2,2.0,6.0,75107,M,,,75
201100058904,11,11,4,906,1,2,7,1.0,7.0,75107,M,,,75
201100058905,11,11,6,2050,5,2,5,1.0,2.0,75107,M,,,75
201100058906,11,11,8,1930,5,2,1,2.0,3.0,75107,M,,,75
201100058907,11,11,9,1455,1,2,1,1.0,6.0,75107,M,,,75
201100058908,11,11,9,1820,5,2,1,1.0,2.0,75107,M,,,75
201100058909,11,11,10,1640,2,2,5,1.0,2.0,75107,M,,,75
201100058910,11,11,12,55,5,2,2,1.0,6.0,75107,M,,,75
201100058911,11,11,12,2230,5,2,7,1.0,2.0,75107,M,,,75
201100058912,11,11,14,1630,1,2,3,1.0,6.0,75107,M,,,75
201100058913,11,11,15,1630,2,2,1,1.0,6.0,75107,M,,,75
201100058914,11,11,19,1615,2,2,1,1.0,3.0,75107,M,,,75
201100058915,11,11,20,710,5,2,1,1.0,2.0,75107,M,,,75
201100058916,11,11,21,1720,5,2,7,1.0,7.0,75107,M,,,75
201100058917,11,11,21,2015,5,2,7,1.0,3.0,75107,M,,,75
201100058918,11,11,21,2025,5,2,2,1.0,3.0,75107,M,,,75
201100058919,11,11,23,745,2,2,3,1.0,6.0,75107,M,,,75
201100058920,11,11,23,1600,1,2,2,1.0,3.0,75107,M,,,75
201100058921,11,11,25,1320,1,2,2,2.0,6.0,75107,M,,,75
201100058922,11,11,30,905,1,2,1,1.0,6.0,75107,M,,,75
201100058923,11,11,30,920,1,2,7,8.0,2.0,75107,M,,,75
201100058924,11,12,1,855,1,2,2,1.0,3.0,75107,M,,,75
201100058925,11,12,1,1445,1,2,1,2.0,6.0,75107,M,,,75
201100058926,11,12,12,810,2,2,7,1.0,6.0,75107,M,,,75
201100058927,11,12,13,755,5,2,3,3.0,6.0,75107,M,,,75
201100058928,11,12,13,2040,5,2,2,1.0,6.0,75107,M,,,75
201100058929,11,12,14,1245,1,2,1,1.0,6.0,75107,M,,,75
201100058930,11,12,14,2250,5,2,7,1.0,6.0,75107,M,,,75
201100058931,11,12,15,1255,1,2,1,2.0,3.0,75107,M,,,75
201100058932,11,12,15,1715,5,2,7,1.0,6.0,75107,M,,,75
201100058933,11,12,16,1845,5,2,4,2.0,7.0,75107,M,,,75
201100058934,11,12,21,1430,1,2,7,2.0,1.0,75107,M,,,75
201100058935,11,12,21,2015,5,2,3,2.0,6.0,75107,M,,,75
201100058936,11,12,21,2340,5,2,7,9.0,3.0,75107,M,,,75
201100058937,11,12,22,1640,1,2,5,1.0,6.0,75107,M,,,75
201100058938,11,12,23,2050,5,2,3,2.0,6.0,75107,M,,,75
201100058939,11,12,26,1445,1,2,3,1.0,2.0,75107,M,,,75
201100058940,11,12,30,920,1,2,2,8.0,7.0,75107,M,,,75
201100058941,11,1,5,1630,1,2,1,1.0,4.0,75108,M,,,75
201100058942,11,1,6,1,5,2,2,3.0,3.0,75108,M,,,75
201100058943,11,1,6,830,1,2,5,2.0,6.0,75108,M,,,75
201100058944,11,1,7,507,5,2,2,1.0,6.0,75108,M,,,75
201100058945,11,1,9,300,5,2,5,3.0,6.0,75108,M,,,75
201100058946,11,1,11,1330,1,2,1,1.0,2.0,75108,M,,,75
201100058947,11,1,12,1625,2,2,1,2.0,6.0,75108,M,,,75
201100058948,11,1,12,1645,2,2,1,2.0,6.0,75108,M,,,75
201100058949,11,1,13,1810,5,2,2,1.0,6.0,75108,M,,,75
201100058950,11,1,14,1932,3,2,2,2.0,3.0,75108,M,,,75
201100058951,11,1,15,720,2,2,2,1.0,6.0,75108,M,,,75
201100058952,11,1,15,740,5,2,5,1.0,6.0,75108,M,,,75
201100058953,11,1,15,2015,5,2,5,1.0,3.0,75108,M,,,75
201100058954,11,1,17,910,1,2,2,1.0,6.0,75108,M,,,75
201100058955,11,1,17,850,1,2,1,1.0,6.0,75108,M,,,75
201100058956,11,1,21,1015,1,2,2,1.0,3.0,75108,M,,,75
201100058957,11,1,24,800,1,2,5,2.0,7.0,75108,M,,,75
201100058958,11,1,24,1105,1,2,1,2.0,3.0,75108,M,,,75
201100058959,11,1,24,1545,1,2,2,2.0,3.0,75108,M,,,75
201100058960,11,1,26,1435,1,2,1,2.0,3.0,75116,M,,,75
201100058961,11,1,27,1500,1,2,5,1.0,6.0,75108,M,,,75
201100058962,11,1,27,1450,1,2,5,1.0,6.0,75108,M,,,75
201100058963,11,1,28,2230,5,2,1,1.0,6.0,75108,M,,,75
201100058964,11,1,30,2215,5,2,7,1.0,3.0,75108,M,,,75
201100058965,11,1,31,1440,1,2,5,8.0,7.0,75108,M,,,75
201100058966,11,1,31,2120,5,2,2,1.0,2.0,75108,M,,,75
201100058967,11,2,1,740,2,2,2,8.0,3.0,75116,M,,,75
201100058968,11,2,2,1330,1,2,5,1.0,3.0,75108,M,,,75
201100058969,11,2,2,1600,1,2,2,1.0,3.0,75108,M,,,75
201100058970,11,2,4,1015,1,2,5,1.0,6.0,75108,M,,,75
201100058971,11,2,4,1400,1,2,1,1.0,6.0,75108,M,,,75
201100058972,11,2,4,2045,5,2,2,1.0,6.0,75108,M,,,75
201100058973,11,2,5,230,3,2,1,1.0,6.0,75108,M,,,75
201100058974,11,2,7,948,1,2,2,1.0,3.0,75108,M,,,75
201100058975,11,2,7,1230,1,2,1,1.0,3.0,75108,M,,,75
201100058976,11,2,7,1530,1,2,1,1.0,6.0,75108,M,,,75
201100058977,11,2,8,1752,2,2,1,1.0,3.0,75108,M,,,75
201100058978,11,2,8,2040,5,2,2,1.0,3.0,75108,M,,,75
201100058979,11,2,10,830,1,2,1,1.0,3.0,75108,M,,,75
201100058980,11,2,9,2115,5,2,2,1.0,3.0,75108,M,,,75
201100058981,11,2,10,1410,1,2,1,1.0,3.0,75108,M,,,75
201100058982,11,2,10,2110,5,2,2,2.0,6.0,75108,M,,,75
201100058983,11,2,11,1845,5,2,3,1.0,6.0,75108,M,,,75
201100058984,11,2,13,2200,5,2,1,2.0,7.0,75108,M,,,75
201100058985,11,2,15,1230,1,2,5,2.0,2.0,75108,M,,,75
201100058986,11,2,17,1640,1,2,5,1.0,3.0,75108,M,,,75