Num_Acc,an,mois,jour,hrmn,lum,agg,int,atm,col,com,gps,lat,long,dep
201100058987,11,2,18,1730,1,2,2,1.0,6.0,75108,M,,,75
201100058988,11,2,18,2105,5,2,3,1.0,6.0,75108,M,,,75
201100058989,11,2,19,1910,5,2,2,2.0,3.0,75108,M,,,75
201100058990,11,2,20,1630,1,2,1,1.0,3.0,75108,M,,,75
201100058991,11,2,23,830,1,2,1,1.0,3.0,75108,M,,,75
201100058992,11,2,23,1610,1,2,2,2.0,6.0,75108,M,,,75
201100058993,11,2,24,845,1,2,1,2.0,3.0,75108,M,,,75
201100058994,11,2,25,1633,1,2,1,1.0,6.0,75108,M,,,75
201100058995,11,3,1,930,1,2,1,1.0,3.0,75108,M,,,75
201100058996,11,3,3,910,1,2,3,1.0,6.0,75108,M,,,75
201100058997,11,3,3,930,1,2,2,1.0,3.0,75108,M,,,75
201100058998,11,3,3,1742,1,2,4,1.0,3.0,75108,M,,,75
201100058999,11,3,4,105,5,2,5,1.0,3.0,75108,M,,,75
201100059000,11,3,4,1110,1,2,2,1.0,6.0,75117,M,,,75
201100059001,11,3,5,2100,5,2,2,1.0,3.0,75108,M,,,75
201100059002,11,3,6,845,1,2,5,1.0,3.0,75108,M,,,75
201100059003,11,3,7,1545,1,2,1,1.0,6.0,75108,M,,,75
201100059004,11,3,8,1055,1,2,1,1.0,6.0,75108,M,,,75
201100059005,11,3,8,1347,1,2,5,1.0,3.0,75108,M,,,75
201100059006,11,3,9,2145,5,2,1,1.0,6.0,75108,M,,,75
201100059007,11,3,10,1640,1,2,5,8.0,3.0,75108,M,,,75
201100059008,11,3,10,1950,5,2,3,8.0,3.0,75108,M,,,75
201100059009,11,3,14,1530,1,2,2,1.0,3.0,75108,M,,,75
201100059010,11,3,16,1100,1,2,2,1.0,3.0,75108,M,,,75
201100059011,11,3,16,1530,1,2,1,1.0,6.0,75108,M,,,75
201100059012,11,3,17,1400,1,2,3,1.0,3.0,75108,M,,,75
201100059013,11,3,17,1545,1,2,1,1.0,3.0,75108,M,,,75
201100059014,11,3,17,1530,1,2,3,1.0,3.0,75117,M,,,75
201100059015,11,3,18,1716,1,2,5,2.0,6.0,75108,M,,,75
201100059016,11,3,18,1850,5,2,1,2.0,3.0,75108,M,,,75
201100059017,11,3,18,1905,5,2,2,2.0,6.0,75108,M,,,75
201100059018,11,3,20,1620,1,2,3,1.0,2.0,75108,M,,,75
201100059019,11,3,21,1800,1,2,3,1.0,6.0,75108,M,,,75
201100059020,11,3,21,1925,5,2,1,1.0,6.0,75108,M,,,75
201100059021,11,3,21,1830,1,2,2,1.0,3.0,75108,M,,,75
201100059022,11,3,21,1830,1,2,1,1.0,3.0,75108,M,,,75
201100059023,11,3,22,700,1,2,1,1.0,7.0,75108,M,,,75
201100059024,11,3,23,1620,1,2,2,1.0,6.0,75108,M,,,75
201100059025,11,3,23,1600,1,2,1,1.0,6.0,75108,M,,,75
201100059026,11,3,23,1819,1,2,1,1.0,7.0,75108,M,,,75
201100059027,11,3,24,2140,5,2,1,1.0,6.0,75108,M,,,75
201100059028,11,3,25,1910,5,2,3,1.0,6.0,75108,M,,,75
201100059029,11,3,26,535,5,2,2,1.0,3.0,75108,M,,,75
201100059030,11,3,26,2120,5,2,2,8.0,7.0,75108,M,,,75
201100059031,11,3,27,1920,2,2,5,2.0,6.0,75108,M,,,75
201100059032,11,3,28,1515,1,2,5,1.0,6.0,75108,M,,,75
201100059033,11,3,31,930,1,2,5,2.0,7.0,75108,M,,,75
201100059034,11,4,1,2025,5,2,1,1.0,6.0,75108,M,,,75
201100059035,11,4,2,138,5,2,7,1.0,2.0,75108,M,,,75
201100059036,11,4,2,140,5,2,3,1.0,3.0,75108,M,,,75
201100059037,11,4,2,1650,1,2,7,1.0,3.0,75108,M,,,75
201100059038,11,4,2,2020,2,2,1,1.0,6.0,75108,M,,,75
201100059039,11,4,4,2350,5,2,5,1.0,3.0,75108,M,,,75
201100059040,11,3,2,1550,1,2,1,1.0,7.0,75108,M,,,75
201100059041,11,4,5,1510,1,2,4,1.0,5.0,75108,M,,,75
201100059042,11,4,6,1630,1,2,5,1.0,6.0,75108,M,,,75
201100059043,11,4,7,135,5,2,5,1.0,6.0,75108,M,,,75
201100059044,11,4,8,645,1,2,2,1.0,3.0,75108,M,,,75
201100059045,11,4,8,750,1,2,2,1.0,3.0,75108,M,,,75
201100059046,11,4,8,1425,1,2,4,1.0,2.0,75108,M,,,75
201100059047,11,4,9,1645,1,2,7,1.0,6.0,75108,M,,,75
201100059048,11,4,10,330,5,2,2,1.0,6.0,75108,M,,,75
201100059049,11,4,11,1440,1,2,5,1.0,7.0,75108,M,,,75
201100059050,11,4,12,1200,1,2,2,1.0,6.0,75108,M,,,75
201100059051,11,4,13,1950,2,2,7,1.0,7.0,75108,M,,,75
201100059052,11,4,15,1620,1,2,1,1.0,7.0,75108,M,,,75
201100059053,11,4,15,2235,5,2,2,1.0,6.0,75108,M,,,75
201100059054,11,4,16,205,5,2,2,1.0,3.0,75108,M,,,75
201100059055,11,4,16,1125,1,2,5,1.0,7.0,75108,M,,,75
201100059056,11,4,16,2320,5,2,5,1.0,3.0,75108,M,,,75
201100059057,11,4,19,1615,1,2,2,1.0,3.0,75108,M,,,75
201100059058,11,4,22,2250,4,2,5,1.0,3.0,75108,M,,,75
201100059059,11,4,26,1617,1,2,5,1.0,3.0,75108,M,,,75
201100059060,11,4,26,1830,1,2,1,1.0,3.0,75116,M,,,75
201100059061,11,4,26,2110,5,2,2,1.0,2.0,75108,M,,,75
201100059062,11,4,27,945,1,2,3,1.0,3.0,75108,M,,,75
201100059063,11,4,28,845,1,2,1,1.0,2.0,75108,M,,,75
201100059064,11,4,29,1600,1,2,3,1.0,3.0,75101,M,,,75
201100059065,11,4,30,1645,1,2,1,2.0,7.0,75108,M,,,75
201100059066,11,5,1,1510,1,2,2,1.0,6.0,75108,M,,,75
201100059067,11,5,2,1950,1,2,5,1.0,3.0,75108,M,,,75
201100059068,11,5,3,1300,1,2,3,1.0,3.0,75108,M,,,75
201100059069,11,5,4,1315,1,2,2,1.0,2.0,75108,M,,,75
201100059070,11,5,4,1815,1,2,1,1.0,3.0,75108,M,,,75
201100059071,11,5,5,1810,1,2,2,1.0,3.0,75108,M,,,75
201100059072,11,5,6,1740,1,2,1,1.0,7.0,75108,M,,,75
201100059073,11,5,6,2230,5,2,5,1.0,2.0,75108,M,,,75
201100059074,11,5,7,1100,1,2,1,1.0,3.0,75108,M,,,75
201100059075,11,5,7,1400,1,2,2,1.0,6.0,75108,M,,,75
201100059076,11,5,8,630,1,2,2,1.0,7.0,75108,M,,,75
201100059077,11,5,8,2326,5,2,2,1.0,3.0,75108,M,,,75
201100059078,11,5,9,1645,1,2,1,1.0,6.0,75108,M,,,75
201100059079,11,5,10,513,5,2,1,1.0,6.0,75108,M,,,75
201100059080,11,5,11,1130,1,2,1,1.0,3.0,75108,M,,,75
201100059081,11,5,12,800,1,2,1,1.0,4.0,75108,M,,,75
201100059082,11,5,12,1625,1,2,2,1.0,6.0,75108,M,,,75
201100059083,11,5,12,1901,1,2,2,1.0,3.0,75108,M,,,75
201100059084,11,5,13,950,1,2,7,1.0,3.0,75108,M,,,75
201100059085,11,5,13,1340,1,2,7,1.0,3.0,75108,M,,,75
201100059086,11,5,14,1210,1,2,1,1.0,6.0,75108,M,,,75
201100059087,11,5,16,1659,1,2,2,1.0,6.0,75108,M,,,75
201100059088,11,5,16,1750,1,2,1,1.0,7.0,75108,M,,,75
201100059089,11,5,17,2100,2,2,2,1.0,3.0,75108,M,,,75
201100059090,11,5,19,1240,1,2,1,1.0,6.0,75108,M,,,75
201100059091,11,5,19,1610,1,2,5,1.0,3.0,75108,M,,,75
201100059092,11,5,22,1640,1,2,1,1.0,2.0,75107,M,,,75
201100059093,11,5,23,1210,1,2,2,1.0,3.0,75108,M,,,75
201100059094,11,5,25,900,1,2,2,1.0,7.0,75108,M,,,75
201100059095,11,5,25,925,1,2,1,1.0,6.0,75108,M,,,75
201100059096,11,5,26,2145,3,2,1,1.0,6.0,75108,M,,,75
201100059097,11,5,27,1600,1,2,1,1.0,4.0,75108,M,,,75
201100059098,11,5,27,2040,1,2,1,1.0,3.0,75108,M,,,75
201100059099,11,5,29,1830,1,2,7,1.0,3.0,75108,M,,,75
201100059100,11,5,29,750,1,2,2,1.0,7.0,75108,M,,,75
201100059101,11,5,31,1410,1,2,7,1.0,3.0,75108,M,,,75
201100059102,11,5,31,2145,2,2,5,1.0,3.0,75108,M,,,75
201100059103,11,6,1,1500,1,2,1,7.0,6.0,75108,M,,,75
201100059104,11,6,1,1620,1,2,2,1.0,3.0,75108,M,,,75
201100059105,11,6,1,1900,1,2,2,1.0,6.0,75108,M,,,75
201100059106,11,6,3,1500,1,2,2,1.0,2.0,75108,M,,,75
201100059107,11,6,4,330,5,2,2,1.0,3.0,75108,M,,,75
201100059108,11,6,4,1910,1,2,5,1.0,3.0,75108,M,,,75
201100059109,11,6,7,920,1,2,2,2.0,6.0,75108,M,,,75
201100059110,11,6,7,1100,1,2,1,1.0,6.0,75108,M,,,75
201100059111,11,6,8,2032,5,2,7,1.0,3.0,75108,M,,,75
201100059112,11,6,9,730,2,2,2,1.0,3.0,75108,M,,,75
201100059113,11,6,9,2020,2,2,1,1.0,2.0,75108,M,,,75
201100059114,11,6,10,1550,1,2,1,2.0,6.0,75108,M,,,75
201100059115,11,6,10,1520,1,2,2,2.0,7.0,75108,M,,,75
201100059116,11,6,11,900,1,2,2,1.0,6.0,75108,M,,,75
201100059117,11,6,14,930,1,2,1,8.0,6.0,75108,M,,,75
201100059118,11,6,15,1640,1,2,7,1.0,3.0,75108,M,,,75
201100059119,11,6,15,1710,1,2,2,1.0,3.0,75108,M,,,75
201100059120,11,6,15,2050,1,2,4,1.0,6.0,75108,M,,,75
201100059121,11,6,17,1200,1,2,2,1.0,7.0,75108,M,,,75
201100059122,11,6,18,1000,1,2,7,2.0,3.0,75108,M,,,75
201100059123,11,6,18,1730,1,2,3,8.0,6.0,75108,M,,,75
201100059124,11,6,23,146,5,2,2,1.0,2.0,75108,M,,,75
201100059125,11,6,23,645,1,2,1,1.0,6.0,75108,M,,,75
201100059126,11,6,24,420,5,2,7,1.0,3.0,75108,M,,,75
201100059127,11,6,24,938,1,2,1,1.0,3.0,75108,M,,,75
201100059128,11,6,26,138,5,2,3,1.0,7.0,75108,M,,,75
201100059129,11,6,26,1300,1,2,7,1.0,3.0,75108,M,,,75
201100059130,11,6,27,1000,1,2,1,1.0,7.0,75108,M,,,75
201100059131,11,6,27,1000,1,2,1,1.0,6.0,75108,M,,,75
201100059132,11,6,27,1700,1,2,2,1.0,6.0,75108,M,,,75
201100059133,11,6,28,135,5,2,5,1.0,3.0,75108,M,,,75
201100059134,11,6,28,1015,1,2,1,1.0,3.0,75108,M,,,75
201100059135,11,6,28,1200,1,2,7,1.0,6.0,75108,M,,,75
201100059136,11,6,29,205,5,2,2,1.0,3.0,75108,M,,,75
201100059137,11,6,29,1400,1,2,2,1.0,7.0,75108,M,,,75
201100059138,11,6,29,1430,1,2,1,1.0,1.0,75108,M,,,75
201100059139,11,6,30,1445,1,2,7,1.0,6.0,75108,M,,,75
201100059140,11,7,2,2030,1,2,7,1.0,3.0,75108,M,,,75
201100059141,11,7,4,1940,1,2,1,9.0,6.0,75108,M,,,75
201100059142,11,7,5,1410,1,2,3,1.0,3.0,75117,M,,,75
201100059143,11,7,6,1150,1,2,1,1.0,7.0,75108,M,,,75
201100059144,11,7,6,1640,1,2,5,1.0,2.0,75108,M,,,75
201100059145,11,7,8,320,5,2,1,1.0,6.0,75108,M,,,75
201100059146,11,7,8,415,5,2,7,1.0,3.0,75108,M,,,75
201100059147,11,7,8,740,1,2,2,1.0,2.0,75108,M,,,75
201100059148,11,7,9,1145,1,2,4,1.0,3.0,75108,M,,,75
201100059149,11,7,9,1140,1,2,3,2.0,7.0,75108,M,,,75
201100059150,11,7,9,1920,1,2,7,1.0,3.0,75108,M,,,75
201100059151,11,7,10,248,5,2,2,1.0,6.0,75108,M,,,75
201100059152,11,7,10,500,5,2,7,1.0,3.0,75108,M,,,75
201100059153,11,7,10,610,2,2,3,1.0,7.0,75108,M,,,75
201100059154,11,7,12,900,1,2,1,8.0,7.0,75108,M,,,75
201100059155,11,7,14,1640,1,2,7,1.0,3.0,75108,M,,,75
201100059156,11,7,16,1916,2,2,7,3.0,3.0,75108,M,,,75
201100059157,11,7,19,715,1,2,2,3.0,6.0,75108,M,,,75
201100059158,11,7,19,1150,1,2,2,3.0,3.0,75108,M,,,75
201100059159,11,7,19,1258,1,2,7,3.0,6.0,75108,M,,,75
201100059160,11,7,20,955,1,2,1,1.0,6.0,75108,M,,,75
201100059161,11,7,21,1930,1,2,2,1.0,3.0,75116,M,,,75
201100059162,11,7,22,1930,1,2,2,1.0,3.0,75108,M,,,75
201100059163,11,7,22,2030,1,2,2,1.0,2.0,75108,M,,,75
201100059164,11,7,23,2035,1,2,3,1.0,2.0,75108,M,,,75
201100059165,11,7,23,2214,5,2,7,1.0,3.0,75108,M,,,75
201100059166,11,7,26,1805,1,2,7,1.0,3.0,75108,M,,,75
201100059167,11,7,27,1030,1,2,2,1.0,3.0,75108,M,,,75
201100059168,11,7,27,1645,1,2,7,8.0,3.0,75108,M,,,75
201100059169,11,7,28,1112,1,2,1,1.0,2.0,75108,M,,,75
201100059170,11,7,31,225,5,2,2,1.0,3.0,75108,M,,,75
201100059171,11,7,31,255,5,2,1,1.0,6.0,75108,M,,,75
201100059172,11,7,31,1915,1,2,7,7.0,3.0,75108,M,,,75
201100059173,11,8,1,1257,1,2,7,1.0,3.0,75108,M,,,75
201100059174,11,8,1,2235,5,2,2,1.0,3.0,75108,M,,,75
201100059175,11,8,4,640,1,2,5,1.0,7.0,75108,M,,,75
201100059176,11,8,4,2045,1,2,7,1.0,6.0,75108,M,,,75
201100059177,11,8,6,2105,5,2,4,3.0,6.0,75108,M,,,75
201100059178,11,8,6,2235,5,2,3,2.0,7.0,75108,M,,,75
201100059179,11,8,9,1020,1,2,2,1.0,3.0,75108,M,,,75
201100059180,11,8,9,1955,1,2,2,1.0,6.0,75108,M,,,75
201100059181,11,8,9,2040,1,2,2,1.0,3.0,75108,M,,,75
201100059182,11,8,11,1645,1,2,7,1.0,6.0,75108,M,,,75
201100059183,11,8,12,900,1,2,2,1.0,7.0,75108,M,,,75
201100059184,11,8,14,1800,1,2,2,1.0,3.0,75108,M,,,75
201100059185,11,8,14,1930,2,2,1,1.0,7.0,75108,M,,,75
201100059186,11,8,16,2230,4,2,7,1.0,3.0,75108,M,,,75
201100059187,11,8,17,2100,5,2,5,1.0,3.0,75108,M,,,75
201100059188,11,8,20,1900,1,2,7,1.0,6.0,75108,M,,,75
201100059189,11,8,21,2030,2,2,7,1.0,3.0,75108,M,,,75
201100059190,11,8,22,2105,2,2,7,2.0,3.0,75108,M,,,75
201100059191,11,8,24,915,1,2,2,1.0,3.0,75108,M,,,75
201100059192,11,8,25,220,5,2,1,1.0,2.0,75108,M,,,75
201100059193,11,8,26,1257,1,2,2,1.0,3.0,75108,M,,,75
201100059194,11,8,28,205,5,2,7,1.0,7.0,75108,M,,,75
201100059195,11,8,31,1200,1,2,5,1.0,2.0,75108,M,,,75
201100059196,11,8,31,1805,1,2,2,1.0,3.0,75108,M,,,75
201100059197,11,9,3,1730,1,2,1,1.0,6.0,75108,M,,,75
201100059198,11,9,4,340,5,2,2,2.0,6.0,75108,M,,,75
201100059199,11,9,5,1100,1,2,1,1.0,2.0,75108,M,,,75
201100059200,11,9,5,1130,1,2,2,1.0,3.0,75108,M,,,75
201100059201,11,9,6,1510,1,2,2,1.0,6.0,75108,M,,,75
201100059202,11,9,7,245,5,2,1,3.0,7.0,75108,M,,,75
201100059203,11,9,7,1306,1,2,2,1.0,6.0,75108,M,,,75
201100059204,11,9,9,745,1,2,2,2.0,2.0,75108,M,,,75
201100059205,11,9,9,1015,1,2,1,1.0,6.0,75108,M,,,75
201100059206,11,9,9,1100,1,2,2,1.0,6.0,75108,M,,,75
201100059207,11,9,9,1215,1,2,1,1.0,4.0,75108,M,,,75
201100059208,11,9,9,2354,5,2,5,1.0,6.0,75108,M,,,75
201100059209,11,9,10,1100,1,2,5,1.0,2.0,75108,M,,,75
201100059210,11,9,13,955,1,2,2,1.0,3.0,75108,M,,,75
201100059211,11,9,13,1550,1,2,7,1.0,2.0,75108,M,,,75
201100059212,11,9,13,1830,1,2,1,1.0,3.0,75108,M,,,75
201100059213,11,9,14,2040,5,2,2,1.0,1.0,75108,M,,,75
201100059214,11,9,15,1440,1,2,3,1.0,7.0,75108,M,,,75
201100059215,11,9,16,1330,1,2,2,1.0,6.0,75108,M,,,75
201100059216,11,9,17,2120,5,2,1,3.0,6.0,75108,M,,,75
201100059217,11,9,22,610,2,2,1,1.0,2.0,75108,M,,,75
201100059218,11,9,22,1745,1,2,7,1.0,3.0,75108,M,,,75
201100059219,11,9,23,130,5,2,2,1.0,3.0,75108,M,,,75
201100059220,11,9,23,150,5,2,2,1.0,6.0,75108,M,,,75
201100059221,11,9,23,530,2,2,7,1.0,3.0,75108,M,,,75
201100059222,11,9,24,15,5,2,4,1.0,3.0,75108,M,,,75
201100059223,11,9,25,415,5,2,3,1.0,2.0,75108,M,,,75
201100059224,11,9,28,1320,1,2,3,1.0,2.0,75108,M,,,75
201100059225,11,9,28,2200,5,2,2,1.0,6.0,75108,M,,,75
201100059226,11,9,29,2240,5,2,7,1.0,2.0,75108,M,,,75
201100059227,11,10,1,2015,5,2,2,1.0,2.0,75108,M,,,75
201100059228,11,10,2,400,5,2,2,1.0,6.0,75108,M,,,75
201100059229,11,10,2,640,5,2,2,1.0,3.0,75108,M,,,75
201100059230,11,10,2,1820,1,2,2,1.0,6.0,75108,M,,,75
201100059231,11,10,2,1805,1,2,2,1.0,3.0,75116,M,,,75
201100059232,11,10,3,1230,1,2,7,1.0,2.0,75108,M,,,75
201100059233,11,10,4,1130,1,2,1,1.0,6.0,75108,M,,,75
201100059234,11,10,4,1650,1,2,7,1.0,3.0,75108,M,,,75
201100059235,11,10,5,1545,1,2,4,1.0,3.0,75108,M,,,75
201100059236,11,10,5,1730,1,2,2,1.0,7.0,75108,M,,,75
201100059237,11,10,5,2030,5,2,2,1.0,2.0,75108,M,,,75
201100059238,11,10,5,2145,5,2,1,1.0,6.0,75108,M,,,75
201100059239,11,10,7,1634,1,2,5,2.0,3.0,75108,M,,,75
201100059240,11,10,7,1607,1,2,2,2.0,2.0,75108,M,,,75
201100059241,11,10,7,2000,5,2,3,1.0,6.0,75108,M,,,75
201100059242,11,10,8,600,5,2,2,1.0,6.0,75108,M,,,75
201100059243,11,10,9,1250,1,2,4,2.0,1.0,75108,M,,,75
201100059244,11,10,10,1400,1,2,7,8.0,6.0,75108,M,,,75
201100059245,11,10,11,830,1,2,2,1.0,6.0,75108,M,,,75
201100059246,11,10,11,1800,1,2,3,1.0,3.0,75108,M,,,75
201100059247,11,10,11,1700,1,2,2,8.0,6.0,75108,M,,,75
201100059248,11,10,13,1100,1,2,7,1.0,3.0,75108,M,,,75
201100059249,11,10,13,2000,5,2,2,1.0,2.0,75117,M,,,75
201100059250,11,10,14,1530,1,2,2,1.0,3.0,75108,M,,,75
201100059251,11,10,14,1840,1,2,7,1.0,6.0,75108,M,,,75
201100059252,11,10,15,10,5,2,2,1.0,1.0,75108,M,,,75
201100059253,11,10,15,645,5,2,2,1.0,6.0,75108,M,,,75
201100059254,11,10,21,1400,1,2,7,1.0,3.0,75108,M,,,75
201100059255,11,10,21,2250,5,2,2,1.0,3.0,75108,M,,,75
201100059256,11,10,21,2325,5,2,2,1.0,6.0,75117,M,,,75
201100059257,11,10,22,615,5,2,4,1.0,6.0,75108,M,,,75
201100059258,11,10,22,1815,1,2,4,1.0,4.0,75108,M,,,75
201100059259,11,10,23,530,5,2,3,1.0,6.0,75108,M,,,75
201100059260,11,10,24,845,1,2,3,1.0,3.0,75108,M,,,75
201100059261,11,10,24,1230,1,2,7,1.0,6.0,75108,M,,,75
201100059262,11,10,25,1215,1,2,7,1.0,2.0,75108,M,,,75
201100059263,11,10,25,1700,1,2,7,8.0,2.0,75108,M,,,75
201100059264,11,10,26,235,5,2,2,1.0,3.0,75108,M,,,75
201100059265,11,10,26,354,5,2,1,1.0,6.0,75108,M,,,75
201100059266,11,10,28,1415,1,2,5,1.0,2.0,75108,M,,,75
201100059267,11,10,29,1050,1,2,1,8.0,6.0,75108,M,,,75
201100059268,11,10,29,2037,5,2,1,2.0,3.0,75108,M,,,75
201100059269,11,10,30,57,5,2,5,2.0,3.0,75108,M,,,75
201100059270,11,11,1,1505,1,2,7,1.0,6.0,75108,M,,,75
201100059271,11,11,4,955,1,2,7,1.0,3.0,75108,M,,,75
201100059272,11,11,5,200,5,2,5,3.0,6.0,75108,M,,,75
201100059273,11,11,5,545,5,2,3,3.0,2.0,75108,M,,,75
201100059274,11,11,5,1015,1,2,1,2.0,3.0,75108,M,,,75
201100059275,11,11,8,1820,5,2,5,2.0,3.0,75108,M,,,75
201100059276,11,11,9,710,5,2,7,1.0,1.0,75108,M,,,75
201100059277,11,11,9,1645,1,2,1,1.0,6.0,75108,M,,,75
201100059278,11,11,9,2015,5,2,1,1.0,6.0,75108,M,,,75
201100059279,11,11,10,1450,1,2,7,1.0,3.0,75108,M,,,75
201100059280,11,11,10,1500,1,2,1,1.0,2.0,75108,M,,,75
201100059281,11,11,11,1700,5,2,1,1.0,7.0,75108,M,,,75
201100059282,11,11,15,30,5,2,3,1.0,3.0,75108,M,,,75
201100059283,11,11,15,930,1,2,7,1.0,3.0,75108,M,,,75
201100059284,11,11,17,1045,1,2,5,2.0,6.0,75108,M,,,75
201100059285,11,11,18,1830,5,2,3,1.0,3.0,75108,M,,,75
201100059286,11,11,20,401,5,2,2,1.0,3.0,75108,M,,,75
201100059287,11,11,21,1210,1,2,1,2.0,7.0,75108,M,,,75
201100059288,11,11,21,1820,5,2,3,1.0,2.0,75108,M,,,75
201100059289,11,11,23,1720,5,2,4,1.0,7.0,75108,M,,,75
201100059290,11,11,24,1250,1,2,7,1.0,3.0,75108,M,,,75
201100059291,11,11,24,1440,1,2,1,1.0,6.0,75108,M,,,75
201100059292,11,11,25,1520,1,2,2,1.0,2.0,75108,M,,,75
201100059293,11,11,25,1630,2,2,1,8.0,2.0,75108,M,,,75
201100059294,11,11,26,1,5,2,7,1.0,3.0,75108,M,,,75
201100059295,11,11,26,332,5,2,1,1.0,6.0,75108,M,,,75
201100059296,11,11,25,1115,1,2,2,1.0,6.0,75108,M,,,75
201100059297,11,11,29,2150,5,2,1,2.0,7.0,75108,M,,,75
201100059298,11,11,30,1010,1,2,1,1.0,6.0,75108,M,,,75
201100059299,11,12,2,840,1,2,2,2.0,6.0,75108,M,,,75
201100059300,11,12,3,507,5,2,5,2.0,4.0,75108,M,,,75
201100059301,11,12,3,1445,1,2,7,1.0,7.0,75108,M,,,75
201100059302,11,12,5,810,2,2,2,2.0,2.0,75108,M,,,75
201100059303,11,12,5,945,1,2,2,8.0,6.0,75108,M,,,75
201100059304,11,12,5,1000,1,2,2,1.0,2.0,75108,M,,,75
201100059305,11,12,5,1430,1,2,2,1.0,6.0,75108,M,,,75
201100059306,11,12,6,725,2,2,1,8.0,4.0,75108,M,,,75
201100059307,11,12,7,1210,1,2,2,1.0,2.0,75108,M,,,75
201100059308,11,12,7,1500,1,2,2,3.0,6.0,75108,M,,,75
201100059309,11,12,9,755,1,2,5,2.0,6.0,75108,M,,,75
201100059310,11,12,9,1500,1,2,2,8.0,6.0,75108,M,,,75
201100059311,11,12,10,1550,1,2,1,1.0,6.0,75108,M,,,75
201100059312,11,12,10,1710,5,2,1,1.0,3.0,75108,M,,,75
201100059313,11,12,11,1210,1,2,1,8.0,6.0,75108,M,,,75
201100059314,11,12,11,1610,2,2,2,2.0,3.0,75108,M,,,75
201100059315,11,12,12,1455,1,2,1,1.0,2.0,75108,M,,,75
201100059316,11,12,13,750,2,2,7,2.0,6.0,75108,M,,,75
201100059317,11,12,13,950,1,2,5,2.0,7.0,75108,M,,,75
201100059318,11,12,13,1700,2,2,5,1.0,6.0,75108,M,,,75
201100059319,11,12,13,2208,5,2,7,1.0,6.0,75108,M,,,75
201100059320,11,12,14,735,2,2,2,8.0,7.0,75108,M,,,75
201100059321,11,12,14,1015,1,2,1,1.0,3.0,75108,M,,,75
201100059322,11,12,15,1845,5,2,3,2.0,3.0,75108,M,,,75
201100059323,11,12,15,2020,5,2,7,3.0,3.0,75108,M,,,75
201100059324,11,12,15,1910,5,2,2,2.0,3.0,75108,M,,,75
201100059325,11,12,15,1322,1,2,7,2.0,7.0,75108,M,,,75
201100059326,11,12,16,735,5,2,2,2.0,6.0,75108,M,,,75
201100059327,11,12,16,920,1,2,1,2.0,7.0,75108,M,,,75
201100059328,11,12,16,1250,1,2,1,2.0,6.0,75108,M,,,75
201100059329,11,12,16,1230,1,2,3,3.0,6.0,75108,M,,,75
201100059330,11,12,16,2305,5,2,4,8.0,6.0,75108,M,,,75
201100059331,11,12,19,1130,1,2,1,1.0,2.0,75108,M,,,75
201100059332,11,12,19,1720,3,2,2,8.0,6.0,75108,M,,,75
201100059333,11,12,19,2140,5,2,2,9.0,6.0,75108,M,,,75
201100059334,11,12,19,2230,5,2,4,2.0,3.0,75108,M,,,75
201100059335,11,12,20,1502,1,2,1,1.0,6.0,75108,M,,,75
201100059336,11,12,21,1115,1,2,2,2.0,3.0,75108,M,,,75
201100059337,11,12,21,1030,1,2,5,2.0,2.0,75108,M,,,75
201100059338,11,12,21,1915,5,2,1,2.0,2.0,75108,M,,,75
201100059339,11,12,22,2000,5,2,1,8.0,3.0,75108,M,,,75
201100059340,11,12,22,2150,5,2,1,1.0,2.0,75108,M,,,75
201100059341,11,12,23,1248,1,2,7,1.0,6.0,75108,M,,,75
201100059342,11,12,24,2327,5,2,7,1.0,6.0,75108,M,,,75
201100059343,11,12,28,115,5,2,7,1.0,3.0,75108,M,,,75
201100059344,11,12,28,1310,1,2,2,2.0,6.0,75108,M,,,75
201100059345,11,12,28,1945,5,2,3,1.0,6.0,75108,M,,,75
201100059346,11,12,29,1130,1,2,2,1.0,6.0,75108,M,,,75
201100059347,11,12,29,1830,5,2,1,1.0,3.0,75108,M,,,75
201100059348,11,12,30,610,5,2,2,1.0,6.0,75108,M,,,75
201100059349,11,12,31,2042,5,2,2,2.0,6.0,75108,M,,,75
201100059350,11,1,4,1240,1,2,5,1.0,4.0,75109,M,,,75
201100059351,11,1,6,900,1,2,2,2.0,6.0,75108,M,,,75
201100059352,11,1,7,945,1,2,3,2.0,6.0,75109,M,,,75
201100059353,11,1,12,1010,1,2,1,2.0,7.0,75109,M,,,75
201100059354,11,1,15,1140,1,2,4,1.0,6.0,75109,M,,,75
201100059355,11,1,17,1730,1,2,1,1.0,3.0,75109,M,,,75
201100059356,11,1,19,645,5,2,1,1.0,6.0,75109,M,,,75
201100059357,11,1,19,1715,1,2,1,1.0,6.0,75109,M,,,75
201100059358,11,1,20,1135,1,2,5,1.0,5.0,75109,M,,,75
201100059359,11,1,21,1035,1,2,5,1.0,3.0,75109,M,,,75
201100059360,11,1,26,1755,5,2,2,1.0,6.0,75109,M,,,75
201100059361,11,2,1,1155,1,2,5,1.0,3.0,75109,M,,,75
201100059362,11,2,5,324,5,2,2,1.0,3.0,75109,M,,,75
201100059363,11,2,8,835,1,2,1,2.0,7.0,75109,M,,,75
201100059364,11,2,8,1945,5,2,3,1.0,3.0,75109,M,,,75
201100059365,11,2,9,845,1,2,5,1.0,6.0,75109,M,,,75
201100059366,11,2,15,1051,1,2,2,2.0,3.0,75109,M,,,75
201100059367,11,2,19,1325,1,2,2,2.0,6.0,75109,M,,,75
201100059368,11,2,23,1910,5,2,1,2.0,2.0,75109,M,,,75
201100059369,11,2,24,155,5,2,5,2.0,6.0,75109,M,,,75
201100059370,11,2,24,1105,1,2,1,8.0,2.0,75109,M,,,75
201100059371,11,3,2,800,1,2,2,1.0,3.0,75109,M,4888020.0,234373.0,75