Num_Acc,an,mois,jour,hrmn,lum,agg,int,atm,col,com,gps,lat,long,dep
201100059372,11,3,3,1320,1,2,3,1.0,6.0,75109,M,,,75
201100059373,11,3,3,2240,5,2,2,1.0,3.0,75109,M,,,75
201100059374,11,3,4,1630,1,2,2,1.0,6.0,75109,M,,,75
201100059375,11,3,4,2040,5,2,1,1.0,6.0,75109,M,,,75
201100059376,11,3,5,1025,1,2,5,1.0,7.0,75109,M,,,75
201100059377,11,3,6,2115,5,2,2,1.0,3.0,75109,M,,,75
201100059378,11,3,10,1440,1,2,2,1.0,3.0,75109,M,,,75
201100059379,11,3,12,1415,1,2,1,1.0,6.0,75109,M,,,75
201100059380,11,3,13,1755,1,2,4,1.0,6.0,75109,M,,,75
201100059381,11,3,14,2050,3,2,1,1.0,6.0,75109,M,,,75
201100059382,11,3,16,1130,1,2,5,1.0,6.0,75109,M,,,75
201100059383,11,3,18,1102,1,2,2,1.0,3.0,75109,M,,,75
201100059384,11,3,20,820,1,2,1,1.0,2.0,75109,M,,,75
201100059385,11,3,20,1720,1,2,2,1.0,6.0,75109,M,,,75
201100059386,11,3,21,1015,1,2,1,1.0,7.0,75109,M,,,75
201100059387,11,3,29,900,1,2,5,1.0,6.0,75117,M,,,75
201100059388,11,3,29,1540,1,2,4,1.0,6.0,75109,M,,,75
201100059389,11,3,31,925,1,2,1,3.0,3.0,75109,M,,,75
201100059390,11,3,31,1235,1,2,1,8.0,6.0,75108,M,,,75
201100059391,11,3,31,2015,5,2,2,1.0,3.0,75109,M,,,75
201100059392,11,4,2,1910,1,2,7,1.0,7.0,75109,M,,,75
201100059393,11,4,10,550,5,2,1,1.0,6.0,75109,M,,,75
201100059394,11,4,12,1420,1,2,2,8.0,6.0,75109,M,,,75
201100059395,11,4,14,940,1,2,7,1.0,3.0,75109,M,,,75
201100059396,11,4,13,2210,5,2,7,1.0,3.0,75109,M,,,75
201100059397,11,4,15,1530,1,2,2,8.0,6.0,75109,M,,,75
201100059398,11,4,16,1400,1,2,3,1.0,7.0,75109,M,,,75
201100059399,11,4,17,803,1,2,2,1.0,3.0,75109,M,,,75
201100059400,11,4,19,1045,1,2,1,1.0,6.0,75109,M,,,75
201100059401,11,4,20,2000,1,2,1,1.0,6.0,75109,M,,,75
201100059402,11,4,21,350,5,2,1,1.0,6.0,75109,M,,,75
201100059403,11,4,21,1625,1,2,1,1.0,7.0,75109,M,,,75
201100059404,11,4,22,900,1,2,5,1.0,6.0,75109,M,,,75
201100059405,11,4,24,200,5,2,2,1.0,7.0,75109,M,,,75
201100059406,11,4,26,1350,1,2,1,1.0,6.0,75109,M,,,75
201100059407,11,4,27,1645,1,2,5,1.0,3.0,75109,M,,,75
201100059408,11,4,28,1400,1,2,1,1.0,6.0,75109,M,,,75
201100059409,11,5,1,815,1,2,3,1.0,7.0,75109,M,,,75
201100059410,11,5,1,945,1,2,5,1.0,3.0,75109,M,,,75
201100059411,11,5,3,1810,1,2,1,1.0,6.0,75109,M,,,75
201100059412,11,5,7,1440,1,2,3,1.0,3.0,75109,M,,,75
201100059413,11,5,9,1735,1,2,3,1.0,3.0,75109,M,,,75
201100059414,11,5,9,1905,1,2,2,1.0,6.0,75109,M,,,75
201100059415,11,5,10,1830,1,2,3,1.0,3.0,75109,M,,,75
201100059416,11,5,12,920,1,2,2,1.0,3.0,75109,M,,,75
201100059417,11,5,13,1150,1,2,2,1.0,3.0,75109,M,,,75
201100059418,11,5,16,1739,1,2,2,1.0,6.0,75109,M,,,75
201100059419,11,5,17,10,5,2,5,1.0,6.0,75109,M,,,75
201100059420,11,5,21,2315,5,2,1,1.0,3.0,75110,M,,,75
201100059421,11,5,22,1505,1,2,2,1.0,6.0,75109,M,,,75
201100059422,11,5,24,1320,1,2,1,1.0,6.0,75109,M,,,75
201100059423,11,5,24,1645,1,2,1,1.0,6.0,75109,M,,,75
201100059424,11,5,26,1915,1,2,1,8.0,6.0,75109,M,,,75
201100059425,11,5,27,1315,1,2,1,1.0,7.0,75109,M,,,75
201100059426,11,5,27,1420,1,2,1,1.0,3.0,75109,M,,,75
201100059427,11,5,27,1930,1,2,7,1.0,6.0,75109,M,,,75
201100059428,11,5,31,2123,1,2,2,1.0,3.0,75109,M,,,75
201100059429,11,6,4,1530,1,2,1,1.0,6.0,75109,M,,,75
201100059430,11,6,4,1840,1,2,1,1.0,7.0,75109,M,,,75
201100059431,11,6,7,1210,1,2,1,8.0,2.0,75109,M,,,75
201100059432,11,6,10,1420,1,2,7,1.0,6.0,75109,M,,,75
201100059433,11,6,11,1500,1,2,3,1.0,3.0,75109,M,,,75
201100059434,11,6,12,740,1,2,7,1.0,7.0,75109,M,,,75
201100059435,11,6,13,2050,2,2,5,2.0,3.0,75109,M,,,75
201100059436,11,6,15,1330,1,2,2,1.0,3.0,75109,M,,,75
201100059437,11,6,16,1340,1,2,7,1.0,3.0,75109,M,,,75
201100059438,11,6,21,1330,1,2,7,8.0,6.0,75109,M,,,75
201100059439,11,6,21,2130,2,2,1,1.0,6.0,75109,M,,,75
201100059440,11,6,24,1735,1,2,2,1.0,1.0,75109,M,,,75
201100059441,11,6,27,945,1,2,2,7.0,3.0,75109,M,,,75
201100059442,11,6,27,1540,1,2,3,1.0,6.0,75109,M,,,75
201100059443,11,6,30,1345,1,2,1,1.0,6.0,75109,M,,,75
201100059444,11,7,1,1355,1,2,1,1.0,6.0,75109,M,,,75
201100059445,11,7,5,850,1,2,1,1.0,3.0,75109,M,,,75
201100059446,11,7,6,1850,1,2,1,1.0,6.0,75109,M,,,75
201100059447,11,7,6,1930,1,2,2,1.0,4.0,75109,M,,,75
201100059448,11,7,7,1615,1,2,5,1.0,3.0,75109,M,,,75
201100059449,11,7,9,1620,1,2,1,1.0,3.0,75109,M,,,75
201100059450,11,7,10,1745,1,2,5,1.0,3.0,75109,M,,,75
201100059451,11,7,11,1650,1,2,1,1.0,6.0,75109,M,,,75
201100059452,11,7,12,740,1,2,3,1.0,3.0,75109,M,,,75
201100059453,11,7,12,1850,1,2,3,1.0,6.0,75109,M,,,75
201100059454,11,7,15,1118,1,2,3,1.0,7.0,75109,M,,,75
201100059455,11,7,15,1905,1,2,1,1.0,6.0,75109,M,,,75
201100059456,11,7,19,840,1,2,2,3.0,3.0,75109,M,,,75
201100059457,11,7,19,1310,1,2,2,3.0,6.0,75109,M,,,75
201100059458,11,7,19,1535,1,2,7,2.0,3.0,75109,M,,,75
201100059459,11,7,17,2140,5,2,2,1.0,3.0,75109,M,,,75
201100059460,11,7,20,1745,1,2,1,2.0,7.0,75109,M,,,75
201100059461,11,7,27,1550,1,2,2,3.0,3.0,75109,M,,,75
201100059462,11,7,27,1645,1,2,5,8.0,2.0,75109,M,,,75
201100059463,11,7,27,2225,5,2,3,2.0,3.0,75109,M,,,75
201100059464,11,7,27,2145,5,2,2,8.0,6.0,75109,M,,,75
201100059465,11,7,29,1609,1,2,1,1.0,6.0,75109,M,,,75
201100059466,11,7,29,1845,1,2,5,1.0,6.0,75109,M,,,75
201100059467,11,7,30,330,5,2,1,1.0,2.0,75109,M,,,75
201100059468,11,8,4,1020,1,2,1,1.0,6.0,75109,M,,,75
201100059469,11,8,5,810,1,2,5,3.0,6.0,75109,M,,,75
201100059470,11,8,12,200,5,2,7,1.0,3.0,75109,M,,,75
201100059471,11,8,19,1530,1,2,2,1.0,6.0,75109,M,,,75
201100059472,11,8,23,1505,1,2,3,1.0,6.0,75109,M,,,75
201100059473,11,8,24,130,5,2,1,1.0,6.0,75109,M,,,75
201100059474,11,8,25,2055,5,2,2,1.0,3.0,75109,M,,,75
201100059475,11,8,29,1940,1,2,2,1.0,3.0,75109,M,,,75
201100059476,11,8,31,1030,1,2,4,1.0,6.0,75109,M,,,75
201100059477,11,9,1,845,1,2,5,1.0,2.0,75109,M,,,75
201100059478,11,9,4,815,1,2,2,2.0,6.0,75109,M,,,75
201100059479,11,9,4,1845,1,2,1,8.0,6.0,75109,M,,,75
201100059480,11,9,5,1950,1,2,3,1.0,3.0,75109,M,,,75
201100059481,11,9,6,630,2,2,3,1.0,6.0,75109,M,,,75
201100059482,11,9,6,2205,5,2,5,1.0,3.0,75109,M,,,75
201100059483,11,9,6,2035,2,2,2,8.0,6.0,75104,M,,,75
201100059484,11,9,10,2135,5,2,1,1.0,6.0,75109,M,,,75
201100059485,11,9,12,40,5,2,5,1.0,2.0,75109,M,,,75
201100059486,11,9,13,1755,1,2,2,1.0,3.0,75109,M,,,75
201100059487,11,9,16,430,5,2,7,1.0,6.0,75109,M,,,75
201100059488,11,9,16,1050,1,2,3,1.0,2.0,75109,M,,,75
201100059489,11,9,17,15,5,2,5,1.0,6.0,75109,M,,,75
201100059490,11,9,19,1052,1,2,1,1.0,6.0,75108,M,,,75
201100059491,11,9,19,1810,1,2,1,1.0,6.0,75109,M,,,75
201100059492,11,9,20,1500,1,2,2,1.0,6.0,75109,M,,,75
201100059493,11,9,20,1845,1,2,2,8.0,6.0,75109,M,,,75
201100059494,11,9,23,930,1,2,7,1.0,6.0,75109,M,,,75
201100059495,11,9,23,800,1,2,3,1.0,6.0,75109,M,,,75
201100059496,11,9,25,1927,5,2,7,1.0,7.0,75109,M,,,75
201100059497,11,9,27,900,1,2,1,1.0,4.0,75109,M,,,75
201100059498,11,9,27,1745,1,2,5,1.0,3.0,75109,M,,,75
201100059499,11,9,28,1830,1,2,2,1.0,6.0,75109,M,,,75
201100059500,11,9,29,2035,5,2,1,1.0,2.0,75109,M,,,75
201100059501,11,9,30,700,2,2,2,1.0,7.0,75109,M,,,75
201100059502,11,9,30,1415,1,2,7,1.0,6.0,75109,M,,,75
201100059503,11,9,30,1400,1,2,1,7.0,7.0,75109,M,,,75
201100059504,11,10,2,1325,1,2,1,7.0,6.0,75109,M,,,75
201100059505,11,10,3,1750,1,2,2,1.0,6.0,75102,M,,,75
201100059506,11,10,3,1725,1,2,5,1.0,3.0,75109,M,,,75
201100059507,11,10,4,1030,1,2,3,8.0,6.0,75109,M,,,75
201100059508,11,10,6,2340,5,2,1,1.0,2.0,75109,M,,,75
201100059509,11,10,8,1320,1,2,2,1.0,2.0,75109,M,,,75
201100059510,11,10,9,35,5,2,5,2.0,1.0,75109,M,,,75
201100059511,11,10,9,129,5,2,3,2.0,2.0,75109,M,,,75
201100059512,11,10,10,1815,1,2,5,1.0,6.0,75109,M,,,75
201100059513,11,10,12,1630,1,2,3,1.0,6.0,75109,M,,,75
201100059514,11,10,14,1750,1,2,3,1.0,6.0,75109,M,,,75
201100059515,11,10,16,30,5,2,1,1.0,2.0,75109,M,,,75
201100059516,11,10,17,1800,1,2,3,1.0,6.0,75109,M,,,75
201100059517,11,10,18,1730,1,2,2,2.0,6.0,75109,M,,,75
201100059518,11,10,20,1150,1,2,1,1.0,7.0,75109,M,,,75
201100059519,11,10,21,2100,5,2,5,1.0,3.0,75109,M,,,75
201100059520,11,10,22,1345,1,2,5,1.0,3.0,75109,M,,,75
201100059521,11,10,22,1530,1,2,5,1.0,2.0,75109,M,,,75
201100059522,11,10,22,2325,5,2,1,1.0,2.0,75109,M,,,75
201100059523,11,10,24,1328,1,2,4,1.0,3.0,75109,M,,,75
201100059524,11,10,24,1715,1,2,2,1.0,3.0,75109,M,,,75
201100059525,11,10,24,1950,5,2,3,1.0,6.0,75109,M,,,75
201100059526,11,10,25,735,5,2,1,2.0,2.0,75109,M,,,75
201100059527,11,10,28,2110,5,2,7,1.0,6.0,75109,M,,,75
201100059528,11,10,29,1710,1,2,3,1.0,6.0,75109,M,,,75
201100059529,11,10,29,2245,5,2,2,2.0,3.0,75109,M,,,75
201100059530,11,10,31,1045,1,2,5,1.0,6.0,75109,M,,,75
201100059531,11,11,3,1535,1,2,3,2.0,3.0,75109,M,,,75
201100059532,11,11,3,1555,1,2,5,1.0,6.0,75109,M,,,75
201100059533,11,11,4,910,1,2,1,1.0,6.0,75109,M,,,75
201100059534,11,11,7,1440,1,2,1,2.0,7.0,75109,M,,,75
201100059535,11,11,8,1255,1,2,2,2.0,6.0,75109,M,,,75
201100059536,11,11,10,930,1,2,1,1.0,6.0,75109,M,,,75
201100059537,11,11,10,1410,1,2,1,1.0,2.0,75109,M,,,75
201100059538,11,11,10,1610,1,2,1,1.0,6.0,75109,M,,,75
201100059539,11,11,10,1910,5,2,1,1.0,2.0,75109,M,,,75
201100059540,11,11,11,1450,1,2,3,8.0,3.0,75109,M,,,75
201100059541,11,11,12,1530,1,2,7,1.0,7.0,75109,M,,,75
201100059542,11,11,14,1606,1,2,2,1.0,3.0,75109,M,,,75
201100059543,11,11,14,1715,5,2,1,1.0,6.0,75109,M,,,75
201100059544,11,11,14,245,5,2,2,1.0,3.0,75109,M,,,75
201100059545,11,11,16,1040,1,2,1,1.0,2.0,75109,M,,,75
201100059546,11,11,17,2040,5,2,7,1.0,6.0,75109,M,,,75
201100059547,11,11,20,1430,1,2,3,1.0,7.0,75109,M,,,75
201100059548,11,11,24,2047,5,2,1,1.0,6.0,75109,M,,,75
201100059549,11,11,25,1315,1,2,2,2.0,7.0,75109,M,,,75
201100059550,11,11,26,1850,5,2,7,1.0,7.0,75109,M,,,75
201100059551,11,11,27,310,5,2,1,1.0,2.0,75109,M,,,75
201100059552,11,12,1,930,1,2,3,2.0,6.0,75109,M,,,75
201100059553,11,12,1,850,1,2,1,2.0,3.0,75109,M,,,75
201100059554,11,12,3,2000,5,2,5,1.0,2.0,75109,M,,,75
201100059555,11,12,10,1410,1,2,3,1.0,6.0,75109,M,,,75
201100059556,11,12,10,1930,5,2,5,1.0,3.0,75109,M,,,75
201100059557,11,12,10,555,5,2,1,1.0,3.0,75109,M,,,75
201100059558,11,12,11,117,5,2,1,1.0,6.0,75109,M,,,75
201100059559,11,12,14,1409,1,2,2,1.0,3.0,75109,M,,,75
201100059560,11,12,14,1515,1,2,7,1.0,3.0,75109,M,,,75
201100059561,11,12,15,1740,5,2,7,1.0,6.0,75109,M,,,75
201100059562,11,12,15,2010,5,2,1,2.0,3.0,75109,M,,,75
201100059563,11,12,19,1640,1,2,7,2.0,6.0,75109,M,,,75
201100059564,11,12,22,1345,1,2,7,1.0,3.0,75109,M,,,75
201100059565,11,12,30,2025,5,2,3,2.0,7.0,75109,M,,,75
201100059566,11,12,30,1950,5,2,7,3.0,6.0,75109,M,,,75
201100059567,11,1,2,230,5,2,5,2.0,2.0,75110,M,,,75
201100059568,11,1,7,1200,1,2,1,2.0,6.0,75110,M,,,75
201100059569,11,1,11,2330,5,2,1,1.0,3.0,75110,M,,,75
201100059570,11,1,11,1233,1,2,1,8.0,6.0,75110,M,,,75
201100059571,11,1,13,1845,5,2,1,1.0,6.0,75110,M,,,75
201100059572,11,1,14,1845,5,2,1,2.0,6.0,75110,M,,,75
201100059573,11,1,15,245,5,2,2,1.0,3.0,75110,M,,,75
201100059574,11,1,17,1650,1,2,2,1.0,3.0,75103,M,,,75
201100059575,11,1,17,2200,3,2,5,1.0,3.0,75110,M,,,75
201100059576,11,1,20,40,5,2,5,1.0,7.0,75110,M,,,75
201100059577,11,1,20,1630,1,2,2,1.0,6.0,75110,M,,,75
201100059578,11,1,21,2135,5,2,1,1.0,7.0,75110,M,,,75
201100059579,11,1,22,910,1,2,1,8.0,7.0,75110,M,,,75
201100059580,11,1,24,810,1,2,1,1.0,6.0,75110,M,,,75
201100059581,11,1,24,1640,2,2,1,1.0,6.0,75110,M,,,75
201100059582,11,1,24,1835,5,2,3,1.0,7.0,75110,M,,,75
201100059583,11,1,24,1825,5,2,1,2.0,7.0,75110,M,,,75
201100059584,11,1,24,1920,5,2,1,2.0,3.0,75110,M,,,75
201100059585,11,1,25,1410,1,2,1,8.0,6.0,75110,M,,,75
201100059586,11,1,26,30,5,2,2,2.0,6.0,75110,M,,,75
201100059587,11,1,26,2020,5,2,2,1.0,6.0,75110,M,,,75
201100059588,11,1,27,855,1,2,4,1.0,2.0,75110,M,,,75
201100059589,11,1,28,820,1,2,1,8.0,6.0,75110,M,,,75
201100059590,11,1,28,1200,1,2,1,1.0,3.0,75110,M,,,75
201100059591,11,2,1,2035,5,2,1,2.0,3.0,75110,M,,,75
201100059592,11,2,2,1430,1,2,1,1.0,7.0,75110,M,,,75
201100059593,11,2,3,605,5,2,1,2.0,6.0,75110,M,,,75
201100059594,11,2,4,1545,1,2,5,1.0,3.0,75110,M,,,75
201100059595,11,2,7,1535,2,2,1,1.0,6.0,75110,M,,,75
201100059596,11,2,8,955,1,2,7,8.0,7.0,75110,M,,,75
201100059597,11,2,9,1730,1,2,1,1.0,3.0,75110,M,,,75
201100059598,11,2,9,1825,5,2,2,1.0,6.0,75110,M,,,75
201100059599,11,2,11,1315,1,2,1,1.0,7.0,75110,M,,,75
201100059600,11,2,12,1110,1,2,2,1.0,6.0,75110,M,,,75
201100059601,11,2,12,1755,5,2,3,2.0,3.0,75110,M,,,75
201100059602,11,2,14,1340,1,2,5,1.0,3.0,75110,M,,,75
201100059603,11,2,14,1720,1,2,1,1.0,6.0,75110,M,,,75
201100059604,11,2,14,1950,5,2,5,1.0,3.0,75110,M,,,75
201100059605,11,2,16,850,1,2,3,1.0,3.0,75110,M,,,75
201100059606,11,2,16,1444,1,2,2,1.0,1.0,75110,M,,,75
201100059607,11,2,18,1630,1,2,1,1.0,6.0,75110,M,,,75
201100059608,11,2,19,1840,5,2,1,2.0,6.0,75110,M,,,75
201100059609,11,2,20,125,5,2,1,1.0,6.0,75110,M,,,75
201100059610,11,2,26,1335,1,2,5,1.0,4.0,75110,M,,,75
201100059611,11,2,26,1435,1,2,2,1.0,3.0,75110,M,,,75
201100059612,11,2,26,2000,5,2,5,2.0,7.0,75110,M,,,75
201100059613,11,3,2,1240,1,2,1,1.0,6.0,75110,M,4887870.0,234921.0,75
201100059614,11,2,26,510,2,2,1,1.0,7.0,75110,M,,,75
201100059615,11,3,3,1450,1,2,1,1.0,6.0,75110,M,,,75
201100059616,11,3,3,1840,2,2,2,1.0,6.0,75110,M,,,75
201100059617,11,3,4,1830,5,2,2,1.0,3.0,75110,M,,,75
201100059618,11,3,4,2230,5,2,2,1.0,3.0,75103,M,,,75
201100059619,11,3,5,1820,2,2,1,1.0,6.0,75110,M,,,75
201100059620,11,3,6,1125,1,2,1,1.0,6.0,75110,M,,,75
201100059621,11,3,6,1650,1,2,1,1.0,6.0,75110,M,,,75
201100059622,11,3,8,1130,1,2,2,1.0,3.0,75110,M,,,75
201100059623,11,3,9,1250,1,2,2,1.0,3.0,75110,M,,,75
201100059624,11,3,9,1530,1,2,1,1.0,6.0,75110,M,,,75
201100059625,11,3,11,900,1,2,1,1.0,6.0,75110,M,,,75
201100059626,11,3,12,1700,1,2,3,2.0,7.0,75110,M,,,75
201100059627,11,3,14,2045,5,2,1,1.0,1.0,75110,M,,,75
201100059628,11,3,16,1855,2,2,1,1.0,7.0,75110,M,,,75
201100059629,11,3,17,945,1,2,3,1.0,6.0,75110,M,,,75
201100059630,11,3,17,915,1,2,1,1.0,6.0,75110,M,,,75
201100059631,11,3,17,1155,1,2,2,1.0,7.0,75110,M,,,75
201100059632,11,3,17,1945,2,2,1,1.0,3.0,75110,M,,,75
201100059633,11,3,18,910,1,2,1,1.0,6.0,75110,M,,,75
201100059634,11,3,18,1500,1,2,1,1.0,6.0,75110,M,,,75
201100059635,11,3,19,5,5,2,2,2.0,6.0,75110,M,,,75
201100059636,11,3,21,1150,1,2,1,1.0,3.0,75110,M,,,75
201100059637,11,3,21,1215,1,2,2,1.0,6.0,75110,M,,,75
201100059638,11,3,21,2100,5,2,1,1.0,3.0,75110,M,,,75
201100059639,11,3,22,1830,1,2,1,1.0,6.0,75110,M,,,75
201100059640,11,3,22,2000,5,2,3,1.0,3.0,75110,M,,,75
201100059641,11,3,24,1750,1,2,1,1.0,6.0,75110,M,,,75
201100059642,11,3,24,1935,5,2,1,1.0,6.0,75110,M,,,75
201100059643,11,3,24,2220,5,2,1,1.0,6.0,75110,M,,,75
201100059644,11,3,25,950,1,2,1,1.0,6.0,75110,M,,,75
201100059645,11,3,25,935,1,2,1,1.0,3.0,75110,M,,,75
201100059646,11,3,25,1105,1,2,1,1.0,6.0,75110,M,,,75
201100059647,11,3,26,2300,5,2,1,1.0,6.0,75110,M,,,75
201100059648,11,3,26,225,5,2,2,1.0,2.0,75110,M,,,75
201100059649,11,3,29,2045,5,2,1,2.0,7.0,75110,M,,,75
201100059650,11,3,31,1500,1,2,1,1.0,6.0,75110,M,,,75
201100059651,11,3,31,2050,5,2,3,1.0,3.0,75110,M,,,75
201100059652,11,4,1,220,5,2,4,1.0,6.0,75110,M,,,75
201100059653,11,4,1,910,1,2,5,1.0,6.0,75110,M,,,75
201100059654,11,4,2,230,5,2,2,1.0,3.0,75110,M,,,75
201100059655,11,4,2,330,5,2,2,1.0,3.0,75110,M,,,75
201100059656,11,4,3,2240,5,2,2,1.0,3.0,75110,M,,,75
201100059657,11,4,5,1655,1,2,1,2.0,4.0,75110,M,,,75
201100059658,11,4,8,1505,1,2,3,1.0,3.0,75110,M,,,75
201100059659,11,4,8,1725,1,2,2,1.0,3.0,75110,M,,,75
201100059660,11,4,8,2200,5,2,1,1.0,6.0,75110,M,,,75
201100059661,11,4,10,50,5,2,2,1.0,3.0,75110,M,,,75
201100059662,11,4,12,1325,1,2,2,1.0,6.0,75110,M,,,75
201100059663,11,4,12,1800,1,2,1,1.0,6.0,75110,M,,,75
201100059664,11,4,16,1350,1,2,2,1.0,6.0,75110,M,,,75
201100059665,11,4,17,100,5,2,7,1.0,1.0,75110,M,,,75
201100059666,11,4,17,1710,1,2,1,1.0,6.0,75110,M,,,75
201100059667,11,4,18,1630,1,2,3,1.0,6.0,75110,M,,,75
201100059668,11,4,20,1850,1,2,5,1.0,7.0,75110,M,,,75
201100059669,11,4,22,1105,1,2,1,1.0,4.0,75110,M,,,75
201100059670,11,4,22,1520,1,2,2,7.0,3.0,75110,M,,,75
201100059671,11,4,25,1225,1,2,1,1.0,6.0,75110,M,,,75
201100059672,11,4,29,1440,1,2,5,2.0,6.0,75110,M,,,75
201100059673,11,4,30,1420,1,2,1,1.0,6.0,75110,M,,,75
201100059674,11,5,2,1400,1,2,1,2.0,6.0,75110,M,,,75
201100059675,11,5,3,135,5,2,1,1.0,6.0,75110,M,,,75
201100059676,11,5,4,855,1,2,1,1.0,3.0,75110,M,,,75
201100059677,11,5,5,1425,1,2,1,1.0,3.0,75110,M,,,75
201100059678,11,5,6,1435,1,2,3,1.0,3.0,75110,M,,,75
201100059679,11,5,6,1905,1,2,5,1.0,7.0,75110,M,,,75
201100059680,11,5,7,545,5,2,1,1.0,6.0,75110,M,,,75
201100059681,11,5,9,1200,1,2,1,1.0,3.0,75110,M,,,75
201100059682,11,5,11,915,1,2,5,1.0,3.0,75110,M,,,75
201100059683,11,5,12,135,5,2,5,1.0,3.0,75110,M,,,75
201100059684,11,5,12,1720,1,2,1,1.0,3.0,75110,M,,,75
201100059685,11,5,14,1540,1,2,1,1.0,2.0,75110,M,,,75
201100059686,11,5,14,1850,1,2,3,1.0,3.0,75110,M,,,75
201100059687,11,5,15,1730,1,2,3,1.0,7.0,75110,M,,,75
201100059688,11,5,16,1920,1,2,3,1.0,3.0,75110,M,,,75
201100059689,11,5,17,930,1,2,5,1.0,3.0,75110,M,,,75
201100059690,11,5,17,1130,1,2,1,1.0,3.0,75110,M,,,75
201100059691,11,5,17,1815,1,2,2,1.0,3.0,75110,M,,,75
201100059692,11,5,18,1215,1,2,5,1.0,3.0,75110,M,,,75
201100059693,11,5,19,655,1,2,3,1.0,7.0,75110,M,,,75
201100059694,11,5,20,105,5,2,3,1.0,3.0,75110,M,,,75
201100059695,11,5,23,230,5,2,1,1.0,6.0,75110,M,,,75
201100059696,11,5,23,925,1,2,1,1.0,6.0,75110,M,,,75
201100059697,11,5,27,1430,1,2,5,1.0,3.0,75110,M,,,75
201100059698,11,5,28,1535,1,2,1,1.0,7.0,75110,M,,,75
201100059699,11,5,31,1215,1,2,2,1.0,1.0,75110,M,,,75
201100059700,11,5,31,1435,1,2,1,1.0,6.0,75110,M,,,75
201100059701,11,6,1,1500,1,2,1,1.0,3.0,75110,M,,,75
201100059702,11,6,1,1820,1,2,5,1.0,7.0,75110,M,,,75
201100059703,11,6,2,1705,1,2,3,1.0,1.0,75110,M,,,75
201100059704,11,6,2,2000,1,2,1,1.0,2.0,75110,M,,,75
201100059705,11,6,4,1230,1,2,5,1.0,6.0,75110,M,,,75
201100059706,11,6,4,1550,1,2,5,1.0,3.0,75110,M,,,75
201100059707,11,6,5,40,5,2,1,3.0,6.0,75110,M,,,75
201100059708,11,6,10,1415,1,2,7,3.0,7.0,75110,M,,,75
201100059709,11,6,10,2330,5,2,1,1.0,3.0,75110,M,,,75
201100059710,11,6,11,1945,1,2,2,1.0,6.0,75110,M,,,75
201100059711,11,6,12,1920,2,2,5,2.0,6.0,75110,M,,,75
201100059712,11,6,14,2005,1,2,5,1.0,3.0,75110,M,,,75
201100059713,11,6,15,1245,1,2,2,1.0,3.0,75110,M,,,75
201100059714,11,6,15,2300,5,2,4,1.0,6.0,75110,M,,,75
201100059715,11,6,16,1445,1,2,1,1.0,6.0,75110,M,,,75
201100059716,11,6,17,1305,1,2,1,1.0,2.0,75110,M,,,75
201100059717,11,6,18,1310,1,2,1,2.0,2.0,75110,M,,,75
201100059718,11,6,18,1855,1,2,7,1.0,2.0,75110,M,,,75
201100059719,11,6,20,150,5,2,1,3.0,6.0,75110,M,,,75
201100059720,11,6,20,750,1,2,1,2.0,6.0,75110,M,,,75
201100059721,11,6,20,915,1,2,2,2.0,6.0,75110,M,,,75
201100059722,11,6,20,1730,1,2,3,1.0,6.0,75110,M,,,75
201100059723,11,6,24,930,1,2,2,1.0,3.0,75110,M,,,75
201100059724,11,6,27,1845,1,2,3,1.0,3.0,75110,M,,,75
201100059725,11,6,28,1035,1,2,4,1.0,2.0,75110,M,,,75
201100059726,11,6,30,920,1,2,5,1.0,6.0,75110,M,,,75
201100059727,11,6,30,1035,1,2,1,1.0,2.0,75110,M,,,75
201100059728,11,6,30,1615,1,2,1,1.0,6.0,75110,M,,,75
201100059729,11,7,3,1418,1,2,1,1.0,3.0,75110,M,,,75
201100059730,11,7,4,945,1,2,2,1.0,6.0,75110,M,,,75
201100059731,11,7,4,1400,1,2,5,1.0,6.0,75110,M,,,75
201100059732,11,7,4,1630,1,2,1,1.0,6.0,75110,M,,,75
201100059733,11,7,4,1550,1,2,1,1.0,3.0,75110,M,,,75
201100059734,11,7,5,1245,1,2,2,1.0,6.0,75110,M,,,75
201100059735,11,7,5,1725,1,2,1,1.0,7.0,75110,M,,,75
201100059736,11,7,6,450,5,2,1,1.0,7.0,75110,M,,,75
201100059737,11,7,7,1240,1,2,1,1.0,7.0,75110,M,,,75
201100059738,11,7,8,1240,1,2,1,1.0,6.0,75110,M,,,75
201100059739,11,7,8,1630,1,2,5,1.0,6.0,75110,M,,,75
201100059740,11,7,11,1242,1,2,2,1.0,3.0,75110,M,,,75
201100059741,11,7,12,840,1,2,7,1.0,2.0,75110,M,,,75
201100059742,11,7,13,1650,1,2,5,1.0,3.0,75110,M,,,75
201100059743,11,7,17,1,5,2,2,2.0,3.0,75110,M,,,75
201100059744,11,7,18,925,1,2,2,1.0,2.0,75103,M,,,75
201100059745,11,7,18,2010,1,2,2,1.0,3.0,75110,M,,,75
201100059746,11,7,20,1115,1,2,1,8.0,6.0,75110,M,,,75
201100059747,11,7,21,15,5,2,1,2.0,6.0,75110,M,,,75
201100059748,11,7,21,2000,1,2,5,8.0,3.0,75110,M,,,75
201100059749,11,7,22,720,1,2,1,1.0,6.0,75110,M,,,75
201100059750,11,7,23,2250,3,2,1,1.0,3.0,75110,M,,,75
201100059751,11,7,27,1750,1,2,3,2.0,6.0,75110,M,,,75
201100059752,11,8,1,2050,2,2,1,1.0,3.0,75110,M,,,75
201100059753,11,8,2,950,1,2,5,1.0,6.0,75110,M,,,75
201100059754,11,8,2,1225,1,2,3,1.0,2.0,75110,M,,,75
201100059755,11,8,3,2225,5,2,1,1.0,6.0,75110,M,,,75
201100059756,11,8,4,1500,1,2,2,2.0,6.0,75110,M,,,75
201100059757,11,8,4,1850,1,2,3,8.0,6.0,75110,M,,,75