Num_Acc,an,mois,jour,hrmn,lum,agg,int,atm,col,com,gps,lat,long,dep
201100059758,11,8,6,100,4,2,3,8.0,6.0,75110,M,,,75
201100059759,11,8,7,1855,1,2,1,8.0,6.0,75110,M,,,75
201100059760,11,8,7,2155,5,2,1,2.0,6.0,75110,M,,,75
201100059761,11,8,7,2315,5,2,2,2.0,3.0,75110,M,,,75
201100059762,11,8,9,1850,1,2,2,1.0,6.0,75110,M,,,75
201100059763,11,8,15,1040,1,2,1,1.0,6.0,75110,M,,,75
201100059764,11,8,15,1720,1,2,1,1.0,3.0,75110,M,,,75
201100059765,11,8,20,1830,1,2,7,1.0,6.0,75110,M,,,75
201100059766,11,8,21,45,5,2,1,2.0,6.0,75110,M,,,75
201100059767,11,8,21,2345,5,2,2,1.0,6.0,75110,M,,,75
201100059768,11,8,22,850,1,2,2,1.0,3.0,75110,M,,,75
201100059769,11,8,22,1720,1,2,5,1.0,3.0,75110,M,,,75
201100059770,11,8,24,1525,1,2,3,1.0,6.0,75110,M,,,75
201100059771,11,8,25,1735,1,2,1,1.0,6.0,75110,M,,,75
201100059772,11,8,26,1450,1,2,1,2.0,6.0,75110,M,,,75
201100059773,11,8,26,2315,5,2,2,1.0,6.0,75110,M,,,75
201100059774,11,8,27,755,1,2,2,8.0,3.0,75118,M,,,75
201100059775,11,8,27,1800,2,2,1,3.0,7.0,75110,M,,,75
201100059776,11,8,28,1620,1,2,7,1.0,4.0,75110,M,,,75
201100059777,11,8,28,1930,1,2,1,1.0,3.0,75110,M,,,75
201100059778,11,8,29,905,1,2,7,1.0,3.0,75110,M,,,75
201100059779,11,8,29,2045,5,2,1,1.0,6.0,75110,M,,,75
201100059780,11,9,1,1835,1,2,2,1.0,3.0,75110,M,,,75
201100059781,11,9,2,1000,1,2,1,1.0,7.0,75110,M,,,75
201100059782,11,9,4,1800,1,2,1,2.0,6.0,75110,M,,,75
201100059783,11,9,5,1340,1,2,5,1.0,3.0,75110,M,,,75
201100059784,11,9,7,250,5,2,5,3.0,7.0,75110,M,,,75
201100059785,11,9,8,845,1,2,7,1.0,6.0,75110,M,,,75
201100059786,11,9,8,1615,1,2,2,1.0,6.0,75110,M,,,75
201100059787,11,9,11,1330,1,2,3,2.0,1.0,75110,M,,,75
201100059788,11,9,12,1640,1,2,3,1.0,2.0,75110,M,,,75
201100059789,11,9,12,1645,1,2,2,8.0,3.0,75110,M,,,75
201100059790,11,9,15,920,1,2,2,1.0,7.0,75110,M,,,75
201100059791,11,9,16,700,1,2,1,1.0,6.0,75110,M,,,75
201100059792,11,9,16,2330,5,2,5,1.0,6.0,75110,M,,,75
201100059793,11,9,17,1040,1,2,1,1.0,3.0,75110,M,,,75
201100059794,11,9,18,930,1,2,1,1.0,7.0,75110,M,,,75
201100059795,11,9,18,1730,1,2,7,1.0,7.0,75110,M,,,75
201100059796,11,9,19,1115,1,2,1,1.0,2.0,75110,M,,,75
201100059797,11,9,22,835,1,2,1,1.0,7.0,75119,M,,,75
201100059798,11,9,29,920,1,2,2,1.0,3.0,75110,M,,,75
201100059799,11,9,29,1315,1,2,1,1.0,6.0,75110,M,,,75
201100059800,11,9,30,920,1,2,1,1.0,3.0,75110,M,,,75
201100059801,11,9,30,1305,1,2,1,1.0,7.0,75110,M,,,75
201100059802,11,10,4,1005,1,2,1,8.0,6.0,75110,M,,,75
201100059803,11,10,5,830,1,2,5,1.0,3.0,75110,M,,,75
201100059804,11,10,6,1408,1,2,2,8.0,2.0,75110,M,,,75
201100059805,11,10,6,1920,2,2,2,1.0,6.0,75110,M,,,75
201100059806,11,10,10,1640,1,2,3,1.0,6.0,75110,M,,,75
201100059807,11,10,12,1735,1,2,1,1.0,7.0,75110,M,,,75
201100059808,11,10,12,2040,5,2,2,1.0,3.0,75110,M,,,75
201100059809,11,10,14,1455,1,2,5,1.0,6.0,75110,M,,,75
201100059810,11,10,19,1630,1,2,1,2.0,4.0,75110,M,,,75
201100059811,11,10,22,1540,1,2,1,1.0,3.0,75110,M,,,75
201100059812,11,10,23,1730,1,2,2,1.0,3.0,75110,M,,,75
201100059813,11,10,24,1035,1,2,1,1.0,7.0,75110,M,,,75
201100059814,11,10,24,1850,5,2,1,1.0,3.0,75110,M,,,75
201100059815,11,10,25,135,5,2,1,2.0,6.0,75110,M,,,75
201100059816,11,10,24,2145,5,2,1,2.0,6.0,75110,M,,,75
201100059817,11,10,26,2000,5,2,1,1.0,6.0,75110,M,,,75
201100059818,11,10,26,2145,5,2,1,1.0,6.0,75110,M,,,75
201100059819,11,10,27,25,5,2,1,8.0,6.0,75110,M,,,75
201100059820,11,10,29,155,5,2,1,1.0,6.0,75110,M,,,75
201100059821,11,10,29,620,5,2,1,1.0,3.0,75110,M,,,75
201100059822,11,10,29,1500,1,2,2,1.0,6.0,75110,M,,,75
201100059823,11,10,29,2040,5,2,5,2.0,6.0,75110,M,,,75
201100059824,11,10,30,435,5,2,7,1.0,3.0,75110,M,,,75
201100059825,11,10,29,2115,3,2,1,2.0,7.0,75110,M,,,75
201100059826,11,10,31,1235,1,2,1,1.0,2.0,75110,M,,,75
201100059827,11,11,2,430,5,2,2,2.0,2.0,75110,M,,,75
201100059828,11,11,3,525,5,2,1,2.0,6.0,75110,M,,,75
201100059829,11,11,3,1450,1,2,1,2.0,3.0,75110,M,,,75
201100059830,11,11,3,1815,5,2,1,3.0,6.0,75110,M,,,75
201100059831,11,11,4,1145,1,2,7,1.0,3.0,75110,M,,,75
201100059832,11,11,4,1300,1,2,1,1.0,6.0,75110,M,,,75
201100059833,11,11,5,20,5,2,1,2.0,1.0,75110,M,,,75
201100059834,11,11,5,525,5,2,1,2.0,6.0,75110,M,,,75
201100059835,11,11,5,1405,1,2,3,8.0,3.0,75110,M,,,75
201100059836,11,11,6,155,5,2,4,1.0,6.0,75110,M,,,75
201100059837,11,11,7,925,1,2,2,1.0,3.0,75110,M,,,75
201100059838,11,11,8,1800,5,2,1,2.0,6.0,75110,M,,,75
201100059839,11,11,10,1020,1,2,5,1.0,1.0,75110,M,,,75
201100059840,11,11,11,1750,5,2,1,1.0,6.0,75110,M,,,75
201100059841,11,11,12,1420,1,2,7,1.0,3.0,75110,M,,,75
201100059842,11,11,13,310,5,2,3,1.0,2.0,75110,M,,,75
201100059843,11,11,14,1200,1,2,5,1.0,3.0,75110,M,,,75
201100059844,11,11,15,1120,1,2,2,1.0,3.0,75110,M,,,75
201100059845,11,11,15,1440,1,2,1,1.0,3.0,75110,M,,,75
201100059846,11,11,16,2040,5,2,1,1.0,2.0,75110,M,,,75
201100059847,11,11,17,1430,1,2,1,1.0,3.0,75110,M,,,75
201100059848,11,11,17,1650,2,2,3,8.0,6.0,75110,M,,,75
201100059849,11,11,18,1200,1,2,1,8.0,3.0,75110,M,,,75
201100059850,11,11,18,1330,1,2,1,1.0,6.0,75110,M,,,75
201100059851,11,11,18,1800,5,2,1,1.0,2.0,75110,M,,,75
201100059852,11,11,19,20,5,2,7,1.0,6.0,75110,M,,,75
201100059853,11,11,19,1900,5,2,2,1.0,6.0,75110,M,,,75
201100059854,11,11,24,1950,5,2,1,1.0,7.0,75110,M,,,75
201100059855,11,11,25,950,1,2,3,1.0,6.0,75110,M,,,75
201100059856,11,11,26,1230,1,2,3,1.0,2.0,75110,M,,,75
201100059857,11,11,26,1730,5,2,2,1.0,3.0,75110,M,,,75
201100059858,11,11,26,2330,5,2,2,1.0,1.0,75110,M,,,75
201100059859,11,11,28,850,1,2,2,1.0,6.0,75110,M,,,75
201100059860,11,12,1,1200,1,2,4,2.0,3.0,75110,M,,,75
201100059861,11,12,2,745,5,2,1,2.0,2.0,75110,M,,,75
201100059862,11,12,3,720,5,2,2,3.0,6.0,75110,M,,,75
201100059863,11,12,4,15,5,2,3,1.0,6.0,75110,M,,,75
201100059864,11,12,6,2110,5,2,1,2.0,6.0,75110,M,,,75
201100059865,11,12,7,2120,5,2,3,1.0,3.0,75110,M,,,75
201100059866,11,12,9,1140,1,2,5,2.0,3.0,75110,M,,,75
201100059867,11,12,10,1550,1,2,3,1.0,6.0,75110,M,,,75
201100059868,11,12,13,1200,1,2,1,2.0,6.0,75110,M,,,75
201100059869,11,12,15,1130,1,2,2,1.0,4.0,75110,M,,,75
201100059870,11,12,15,2300,5,2,1,3.0,6.0,75110,M,,,75
201100059871,11,12,18,2215,5,2,1,2.0,6.0,75110,M,,,75
201100059872,11,12,23,1245,1,2,1,1.0,6.0,75110,M,,,75
201100059873,11,12,23,1615,2,2,1,1.0,2.0,75110,M,,,75
201100059874,11,12,23,1940,5,2,4,2.0,6.0,75110,M,,,75
201100059875,11,12,23,2000,3,2,1,3.0,2.0,75110,M,,,75
201100059876,11,12,26,1918,5,2,3,1.0,3.0,75110,M,,,75
201100059877,11,12,28,1145,1,2,2,2.0,6.0,75110,M,,,75
201100059878,11,12,28,1220,1,2,2,2.0,6.0,75110,M,,,75
201100059879,11,12,29,500,5,2,7,1.0,6.0,75110,M,,,75
201100059880,11,12,29,1415,1,2,2,1.0,6.0,75110,M,,,75
201100059881,11,12,29,1820,5,2,1,2.0,2.0,75110,M,,,75
201100059882,11,12,30,220,5,2,7,3.0,6.0,75110,M,,,75
201100059883,11,12,30,2220,5,2,1,2.0,6.0,75110,M,,,75
201100059884,11,1,1,1235,1,2,2,2.0,6.0,75111,M,,,75
201100059885,11,1,3,1130,1,2,5,1.0,4.0,75111,M,,,75
201100059886,11,1,5,2130,5,2,5,2.0,3.0,75111,M,,,75
201100059887,11,1,6,540,5,2,2,2.0,6.0,75111,M,,,75
201100059888,11,1,7,840,1,2,5,2.0,7.0,75111,M,,,75
201100059889,11,1,7,820,1,2,1,1.0,6.0,75111,M,,,75
201100059890,11,1,8,1415,1,2,1,1.0,2.0,75111,M,,,75
201100059891,11,1,8,1632,1,2,5,1.0,3.0,75111,M,,,75
201100059892,11,1,9,1255,1,2,1,1.0,3.0,75111,M,,,75
201100059893,11,1,11,835,2,2,1,2.0,3.0,75111,M,,,75
201100059894,11,1,13,1330,1,2,5,2.0,3.0,75111,M,,,75
201100059895,11,1,14,715,5,2,3,1.0,3.0,75111,M,,,75
201100059896,11,1,17,1515,1,2,5,8.0,2.0,75111,M,,,75
201100059897,11,1,19,1225,1,2,1,1.0,6.0,75111,M,,,75
201100059898,11,1,19,1440,1,2,3,1.0,6.0,75111,M,,,75
201100059899,11,1,20,1305,1,2,2,8.0,3.0,75111,M,,,75
201100059900,11,1,21,840,1,2,2,1.0,6.0,75111,M,,,75
201100059901,11,1,24,650,5,2,1,1.0,4.0,75111,M,,,75
201100059902,11,1,24,2035,5,2,2,8.0,6.0,75111,M,,,75
201100059903,11,1,25,1710,2,2,1,1.0,6.0,75111,M,,,75
201100059904,11,1,25,2310,5,2,2,1.0,7.0,75111,M,,,75
201100059905,11,1,25,2335,5,2,5,1.0,6.0,75111,M,,,75
201100059906,11,1,26,2015,5,2,5,1.0,6.0,75111,M,,,75
201100059907,11,1,27,820,1,2,1,1.0,6.0,75111,M,,,75
201100059908,11,1,29,1610,1,2,7,1.0,1.0,75111,M,,,75
201100059909,11,1,30,1620,1,2,1,1.0,7.0,75111,M,,,75
201100059910,11,1,31,855,1,2,2,8.0,6.0,75111,M,,,75
201100059911,11,1,31,1440,1,2,1,1.0,3.0,75111,M,,,75
201100059912,11,2,4,235,5,2,5,1.0,6.0,75111,M,,,75
201100059913,11,2,4,140,3,2,2,1.0,3.0,75111,M,,,75
201100059914,11,2,4,957,1,2,5,1.0,7.0,75111,M,,,75
201100059915,11,2,4,530,5,2,5,1.0,7.0,75111,M,,,75
201100059916,11,2,6,245,5,2,2,1.0,6.0,75111,M,,,75
201100059917,11,2,7,35,5,2,5,1.0,6.0,75111,M,,,75
201100059918,11,2,9,900,1,2,2,2.0,3.0,75111,M,,,75
201100059919,11,2,9,2310,5,2,1,1.0,6.0,75111,M,,,75
201100059920,11,2,10,1020,1,2,3,1.0,3.0,75111,M,,,75
201100059921,11,2,10,2055,5,2,5,2.0,6.0,75111,M,,,75
201100059922,11,2,11,1245,1,2,1,1.0,3.0,75111,M,,,75
201100059923,11,2,11,1655,1,2,5,1.0,2.0,75112,M,,,75
201100059924,11,2,11,1400,1,2,3,1.0,6.0,75111,M,,,75
201100059925,11,2,13,130,5,2,3,1.0,6.0,75111,M,,,75
201100059926,11,2,13,1855,5,2,3,1.0,3.0,75111,M,,,75
201100059927,11,2,14,1055,1,2,1,1.0,6.0,75111,M,,,75
201100059928,11,2,14,1320,1,2,1,1.0,3.0,75111,M,,,75
201100059929,11,2,14,1525,1,2,1,1.0,3.0,75111,M,,,75
201100059930,11,2,16,1045,1,2,1,1.0,6.0,75111,M,,,75
201100059931,11,2,16,1920,5,2,1,1.0,3.0,75111,M,,,75
201100059932,11,2,18,1445,1,2,5,8.0,3.0,75111,M,,,75
201100059933,11,2,20,1630,1,2,1,1.0,7.0,75111,M,,,75
201100059934,11,2,21,1045,1,2,7,1.0,7.0,75111,M,,,75
201100059935,11,2,22,25,5,2,5,2.0,3.0,75111,M,,,75
201100059936,11,2,26,1420,1,2,4,1.0,3.0,75111,M,,,75
201100059937,11,2,27,1730,1,2,4,1.0,6.0,75111,M,,,75
201100059938,11,2,28,1730,1,2,4,1.0,6.0,75111,M,,,75
201100059939,11,3,1,1205,1,2,1,1.0,2.0,75111,M,,,75
201100059940,11,3,1,1715,1,2,1,1.0,6.0,75111,M,,,75
201100059941,11,3,1,2015,5,2,1,1.0,6.0,75120,M,,,75
201100059942,11,3,2,55,5,2,1,1.0,3.0,75111,M,4886970.0,237946.0,75
201100059943,11,3,2,955,1,2,1,1.0,3.0,75111,M,4885890.0,238915.0,75
201100059944,11,3,2,1315,1,2,1,1.0,6.0,75111,M,4885390.0,237760.0,75
201100059945,11,3,2,1500,1,2,2,1.0,3.0,75111,M,4886540.0,236876.0,75
201100059946,11,3,4,305,5,2,2,1.0,6.0,75111,M,,,75
201100059947,11,3,5,1310,1,2,1,1.0,6.0,75112,M,,,75
201100059948,11,3,5,1850,5,2,1,1.0,6.0,75111,M,,,75
201100059949,11,3,5,1945,5,2,1,1.0,3.0,75111,M,,,75
201100059950,11,3,5,2150,5,2,1,1.0,3.0,75111,M,,,75
201100059951,11,3,6,30,5,2,2,1.0,3.0,75111,M,,,75
201100059952,11,3,6,1020,1,2,1,1.0,1.0,75111,M,,,75
201100059953,11,3,8,1330,1,2,2,1.0,3.0,75111,M,,,75
201100059954,11,3,9,725,1,2,7,1.0,6.0,75111,M,,,75
201100059955,11,3,12,2025,5,2,5,2.0,6.0,75111,M,,,75
201100059956,11,3,12,2015,5,2,5,2.0,6.0,75111,M,,,75
201100059957,11,3,12,2310,5,2,3,2.0,3.0,75111,M,,,75
201100059958,11,3,14,1123,1,2,2,1.0,1.0,75111,M,,,75
201100059959,11,3,15,1050,1,2,2,1.0,3.0,75111,M,,,75
201100059960,11,3,15,1945,5,2,2,1.0,3.0,75111,M,,,75
201100059961,11,3,18,150,5,2,1,2.0,2.0,75111,M,,,75
201100059962,11,3,18,950,1,2,3,1.0,3.0,75111,M,,,75
201100059963,11,3,18,1735,1,2,3,2.0,6.0,75111,M,,,75
201100059964,11,3,18,2335,5,2,1,1.0,6.0,75111,M,,,75
201100059965,11,3,19,1300,1,2,1,1.0,7.0,75120,M,,,75
201100059966,11,3,19,1605,1,2,7,1.0,3.0,75111,M,,,75
201100059967,11,3,19,1953,5,2,2,1.0,3.0,75111,M,,,75
201100059968,11,3,20,1830,1,2,3,1.0,6.0,75111,M,,,75
201100059969,11,3,22,845,1,2,1,1.0,6.0,75111,M,,,75
201100059970,11,3,23,1710,1,2,1,1.0,4.0,75111,M,,,75
201100059971,11,3,24,1745,1,2,2,1.0,3.0,75111,M,,,75
201100059972,11,3,26,1410,1,2,2,1.0,6.0,75111,M,,,75
201100059973,11,3,26,1750,1,2,1,2.0,6.0,75111,M,,,75
201100059974,11,3,27,2210,5,2,3,1.0,3.0,75111,M,,,75
201100059975,11,3,28,905,1,2,2,1.0,3.0,75111,M,,,75
201100059976,11,3,29,1330,1,2,5,1.0,6.0,75111,M,,,75
201100059977,11,3,29,1620,1,2,2,1.0,6.0,75111,M,,,75
201100059978,11,3,31,15,5,2,2,1.0,3.0,75111,M,,,75
201100059979,11,3,31,700,2,2,5,3.0,7.0,75111,M,,,75
201100059980,11,4,1,230,5,2,1,1.0,6.0,75111,M,,,75
201100059981,11,4,1,740,1,2,1,8.0,6.0,75111,M,,,75
201100059982,11,4,3,205,3,2,2,1.0,6.0,75111,M,,,75
201100059983,11,4,4,910,1,2,7,1.0,3.0,75111,M,,,75
201100059984,11,4,5,830,1,2,2,1.0,3.0,75111,M,,,75
201100059985,11,4,5,1550,1,2,1,1.0,3.0,75111,M,,,75
201100059986,11,4,5,1730,1,2,5,1.0,4.0,75111,M,,,75
201100059987,11,4,7,1025,1,2,1,1.0,6.0,75111,M,,,75
201100059988,11,4,9,2110,5,2,5,1.0,6.0,75111,M,,,75
201100059989,11,4,10,400,5,2,4,1.0,2.0,75111,M,,,75
201100059990,11,4,10,2135,5,2,1,1.0,6.0,75111,M,,,75
201100059991,11,4,11,2200,5,2,5,1.0,3.0,75111,M,,,75
201100059992,11,4,12,230,5,2,1,1.0,7.0,75111,M,,,75
201100059993,11,4,13,1725,1,2,7,1.0,6.0,75111,M,,,75
201100059994,11,4,13,1930,1,2,2,1.0,3.0,75111,M,,,75
201100059995,11,4,15,1110,1,2,1,1.0,3.0,75111,M,,,75
201100059996,11,4,15,1405,1,2,2,1.0,3.0,75111,M,,,75
201100059997,11,4,17,1400,1,2,7,1.0,6.0,75111,M,,,75
201100059998,11,4,17,1620,1,2,1,1.0,6.0,75112,M,,,75
201100059999,11,4,18,1820,1,2,3,1.0,6.0,75111,M,,,75
201100060000,11,4,19,1300,1,2,1,1.0,2.0,75111,M,,,75
201100060001,11,4,20,810,1,2,1,1.0,3.0,75111,M,,,75
201100060002,11,4,20,1015,1,2,7,9.0,2.0,75111,M,,,75
201100060003,11,4,21,1350,1,2,1,1.0,6.0,75111,M,,,75
201100060004,11,4,21,2050,5,2,2,1.0,2.0,75111,M,,,75
201100060005,11,4,23,2127,5,2,5,1.0,3.0,75111,M,,,75
201100060006,11,4,26,941,1,2,1,1.0,3.0,75111,M,,,75
201100060007,11,4,26,1010,1,2,3,1.0,3.0,75111,M,,,75
201100060008,11,4,27,2225,5,2,1,1.0,3.0,75111,M,,,75
201100060009,11,4,28,1645,1,2,4,2.0,3.0,75111,M,,,75
201100060010,11,4,29,1457,1,2,1,2.0,6.0,75111,M,,,75
201100060011,11,4,29,1505,1,2,5,8.0,3.0,75111,M,,,75
201100060012,11,4,29,1940,1,2,1,1.0,3.0,75111,M,,,75
201100060013,11,4,30,405,5,2,4,1.0,7.0,75111,M,,,75
201100060014,11,5,1,2010,1,2,1,1.0,6.0,75111,M,,,75
201100060015,11,5,1,2130,5,2,2,1.0,3.0,75111,M,,,75
201100060016,11,5,3,915,1,2,4,1.0,3.0,75111,M,,,75
201100060017,11,5,3,1450,1,2,2,1.0,6.0,75111,M,,,75
201100060018,11,5,3,2300,5,2,2,1.0,3.0,75111,M,,,75
201100060019,11,5,4,2100,5,2,4,1.0,1.0,75111,M,,,75
201100060020,11,5,5,845,1,2,1,1.0,7.0,75111,M,,,75
201100060021,11,5,6,1,5,2,2,1.0,3.0,75111,M,,,75
201100060022,11,5,6,1925,1,2,2,1.0,3.0,75111,M,,,75
201100060023,11,5,7,1830,1,2,1,1.0,6.0,75111,M,,,75
201100060024,11,5,8,1450,1,2,2,1.0,6.0,75111,M,,,75
201100060025,11,5,9,1230,1,2,2,1.0,6.0,75111,M,,,75
201100060026,11,5,9,1400,1,2,1,1.0,6.0,75111,M,,,75
201100060027,11,5,10,1050,1,2,2,1.0,2.0,75111,M,,,75
201100060028,11,5,11,1710,1,2,1,1.0,6.0,75111,M,,,75
201100060029,11,5,11,2005,1,2,1,7.0,6.0,75111,M,,,75
201100060030,11,5,12,45,5,2,5,1.0,6.0,75111,M,,,75
201100060031,11,5,12,858,1,2,5,1.0,6.0,75111,M,,,75
201100060032,11,5,12,1930,1,2,5,1.0,3.0,75111,M,,,75
201100060033,11,5,14,2210,4,2,1,1.0,6.0,75111,M,,,75
201100060034,11,5,15,315,5,2,1,1.0,7.0,75111,M,,,75
201100060035,11,5,15,1115,1,2,5,1.0,7.0,75111,M,,,75
201100060036,11,5,15,2300,5,2,2,1.0,3.0,75111,M,,,75
201100060037,11,5,16,815,1,2,1,1.0,6.0,75111,M,,,75
201100060038,11,5,17,900,1,2,2,1.0,7.0,75111,M,,,75
201100060039,11,5,17,1445,1,2,2,1.0,6.0,75111,M,,,75
201100060040,11,5,17,1635,1,2,3,1.0,6.0,75111,M,,,75
201100060041,11,5,18,1500,1,2,2,1.0,2.0,75111,M,,,75
201100060042,11,5,19,810,1,2,2,1.0,3.0,75111,M,,,75
201100060043,11,5,19,1105,1,2,2,1.0,3.0,75111,M,,,75
201100060044,11,5,20,1640,1,2,1,1.0,4.0,75111,M,,,75
201100060045,11,5,21,1230,1,2,1,1.0,7.0,75111,M,,,75
201100060046,11,5,21,1650,1,2,2,1.0,2.0,75111,M,,,75
201100060047,11,5,23,1605,1,2,1,1.0,6.0,75111,M,,,75
201100060048,11,5,23,1930,1,2,2,1.0,6.0,75111,M,,,75
201100060049,11,5,24,40,5,2,7,1.0,3.0,75111,M,,,75
201100060050,11,5,24,1410,1,2,1,1.0,6.0,75111,M,,,75
201100060051,11,5,24,2225,5,2,1,1.0,6.0,75111,M,,,75
201100060052,11,5,26,1330,1,2,1,1.0,6.0,75111,M,,,75
201100060053,11,5,26,2025,1,2,1,1.0,6.0,75111,M,,,75
201100060054,11,5,28,1220,1,2,1,1.0,3.0,75111,M,,,75
201100060055,11,5,30,915,1,2,2,1.0,3.0,75111,M,,,75
201100060056,11,5,30,1100,1,2,5,1.0,3.0,75111,M,,,75
201100060057,11,5,31,740,2,2,5,2.0,2.0,75111,M,,,75
201100060058,11,6,1,730,1,2,2,1.0,6.0,75111,M,,,75
201100060059,11,6,3,1300,1,2,1,1.0,3.0,75111,M,,,75
201100060060,11,6,5,935,1,2,2,8.0,7.0,75111,M,,,75
201100060061,11,6,5,1630,1,2,3,8.0,7.0,75111,M,,,75
201100060062,11,6,6,930,1,2,2,8.0,1.0,75111,M,,,75
201100060063,11,6,6,2030,2,2,7,1.0,3.0,75111,M,,,75
201100060064,11,6,8,1350,1,2,3,1.0,6.0,75111,M,,,75
201100060065,11,6,8,1535,1,2,2,1.0,2.0,75111,M,,,75
201100060066,11,6,9,1905,1,2,7,1.0,6.0,75111,M,,,75
201100060067,11,6,9,1925,1,2,2,1.0,3.0,75111,M,,,75
201100060068,11,6,10,32,5,2,1,1.0,6.0,75111,M,,,75
201100060069,11,6,10,945,1,2,7,2.0,3.0,75111,M,,,75
201100060070,11,6,10,1750,1,2,1,8.0,6.0,75111,M,,,75
201100060071,11,6,11,1920,1,2,2,1.0,7.0,75111,M,,,75
201100060072,11,6,12,450,2,2,2,1.0,3.0,75111,M,,,75
201100060073,11,6,12,2320,5,2,2,2.0,6.0,75111,M,,,75
201100060074,11,6,14,1220,1,2,1,2.0,6.0,75111,M,,,75
201100060075,11,6,14,1640,1,2,2,1.0,6.0,75111,M,,,75
201100060076,11,6,14,1719,1,2,2,1.0,1.0,75111,M,,,75
201100060077,11,6,16,1330,1,2,2,1.0,1.0,75111,M,,,75
201100060078,11,6,16,1515,1,2,1,8.0,2.0,75111,M,,,75
201100060079,11,6,21,20,5,2,2,1.0,1.0,75111,M,,,75
201100060080,11,6,21,1935,1,2,2,1.0,6.0,75111,M,,,75
201100060081,11,6,22,40,5,2,2,1.0,3.0,75111,M,,,75
201100060082,11,6,22,420,5,2,1,2.0,7.0,75111,M,,,75
201100060083,11,6,22,640,2,2,2,1.0,1.0,75111,M,,,75
201100060084,11,6,23,555,2,2,3,2.0,6.0,75111,M,,,75
201100060085,11,6,23,1125,1,2,2,1.0,2.0,75112,M,,,75
201100060086,11,6,24,1655,1,2,1,1.0,6.0,75111,M,,,75
201100060087,11,6,25,350,5,2,2,1.0,6.0,75111,M,,,75
201100060088,11,6,25,1635,1,2,2,1.0,3.0,75111,M,,,75
201100060089,11,6,25,1715,1,2,7,1.0,2.0,75111,M,,,75
201100060090,11,6,25,1800,1,2,3,1.0,3.0,75111,M,,,75
201100060091,11,6,26,1950,1,2,1,1.0,6.0,75111,M,,,75
201100060092,11,6,27,1830,1,2,3,1.0,3.0,75111,M,,,75
201100060093,11,6,29,1055,1,2,2,1.0,3.0,75111,M,,,75
201100060094,11,6,29,1750,1,2,7,1.0,3.0,75111,M,,,75
201100060095,11,6,29,2025,1,2,1,1.0,6.0,75111,M,,,75
201100060096,11,7,2,1335,1,2,1,1.0,6.0,75111,M,,,75
201100060097,11,7,2,1810,1,2,2,1.0,6.0,75111,M,,,75
201100060098,11,7,2,2030,1,2,7,1.0,2.0,75111,M,,,75
201100060099,11,7,3,340,5,2,5,1.0,6.0,75111,M,,,75
201100060100,11,6,21,1830,1,2,1,1.0,7.0,75111,M,,,75
201100060101,11,7,3,1840,1,2,3,1.0,3.0,75111,M,,,75
201100060102,11,7,4,820,1,2,2,1.0,3.0,75111,M,,,75
201100060103,11,7,4,1910,1,2,1,1.0,3.0,75111,M,,,75
201100060104,11,7,4,950,1,2,3,1.0,3.0,75111,M,,,75
201100060105,11,7,5,855,1,2,2,7.0,6.0,75111,M,,,75
201100060106,11,7,5,1050,1,2,4,1.0,6.0,75111,M,,,75
201100060107,11,7,6,915,1,2,2,1.0,6.0,75111,M,,,75
201100060108,11,7,6,1220,1,2,1,1.0,3.0,75111,M,,,75
201100060109,11,7,6,1955,1,2,1,1.0,6.0,75111,M,,,75
201100060110,11,7,9,1925,1,2,1,1.0,3.0,75111,M,,,75
201100060111,11,7,10,440,5,2,2,1.0,3.0,75111,M,,,75
201100060112,11,7,11,1015,1,2,1,1.0,6.0,75111,M,,,75
201100060113,11,7,11,1500,1,2,3,1.0,2.0,75111,M,,,75
201100060114,11,7,12,1020,1,2,2,3.0,6.0,75111,M,,,75
201100060115,11,7,12,1155,1,2,5,2.0,3.0,75111,M,,,75
201100060116,11,7,13,1905,1,2,1,1.0,3.0,75111,M,,,75
201100060117,11,7,15,2300,5,2,2,1.0,3.0,75111,M,,,75
201100060118,11,7,16,1720,1,2,5,8.0,3.0,75111,M,,,75
201100060119,11,7,16,2010,1,2,1,3.0,7.0,75111,M,,,75
201100060120,11,7,16,2215,5,2,5,3.0,3.0,75111,M,,,75
201100060121,11,7,17,105,5,2,1,2.0,3.0,75111,M,,,75
201100060122,11,7,17,2240,5,2,2,1.0,6.0,75111,M,,,75
201100060123,11,7,19,1100,1,2,2,3.0,3.0,75111,M,,,75
201100060124,11,7,19,2005,1,2,2,2.0,7.0,75111,M,,,75
201100060125,11,7,20,1040,1,2,5,1.0,5.0,75111,M,,,75
201100060126,11,7,20,2200,5,2,7,2.0,6.0,75111,M,,,75
201100060127,11,7,21,1720,1,2,2,1.0,3.0,75111,M,,,75
201100060128,11,7,21,1805,1,2,1,1.0,7.0,75111,M,,,75
201100060129,11,7,21,2225,5,2,7,1.0,6.0,75111,M,,,75
201100060130,11,7,22,1950,1,2,2,8.0,3.0,75111,M,,,75
201100060131,11,7,23,1445,1,2,2,2.0,7.0,75111,M,,,75
201100060132,11,7,25,1915,1,2,1,1.0,7.0,75111,M,,,75
201100060133,11,7,26,1115,1,2,1,1.0,6.0,75111,M,,,75
201100060134,11,7,27,200,4,2,3,1.0,6.0,75111,M,,,75
201100060135,11,7,27,2120,2,2,5,2.0,7.0,75111,M,,,75
201100060136,11,7,29,940,1,2,1,1.0,6.0,75111,M,,,75
201100060137,11,8,1,1920,1,2,2,1.0,6.0,75111,M,,,75
201100060138,11,8,2,811,1,2,2,1.0,3.0,75111,M,,,75
201100060139,11,8,2,1520,1,2,1,1.0,6.0,75111,M,,,75
201100060140,11,8,2,1840,1,2,7,2.0,7.0,75111,M,,,75
201100060141,11,8,3,925,1,2,5,2.0,7.0,75111,M,,,75
201100060142,11,8,8,1805,1,2,1,1.0,2.0,75111,M,,,75