Num_Acc,an,mois,jour,hrmn,lum,agg,int,atm,col,com,gps,lat,long,dep
201100060143,11,8,9,905,1,2,1,8.0,3.0,75111,M,,,75
201100060144,11,8,9,1045,1,2,1,8.0,6.0,75111,M,,,75
201100060145,11,8,9,1100,1,2,7,1.0,2.0,75111,M,,,75
201100060146,11,8,10,541,5,2,5,1.0,3.0,75111,M,,,75
201100060147,11,8,11,1630,1,2,1,1.0,3.0,75111,M,,,75
201100060148,11,8,12,1340,1,2,7,1.0,3.0,75111,M,,,75
201100060149,11,8,14,435,5,2,2,2.0,6.0,75111,M,,,75
201100060150,11,8,18,2225,5,2,3,1.0,3.0,75111,M,,,75
201100060151,11,8,20,1120,1,2,2,1.0,3.0,75111,M,,,75
201100060152,11,8,22,1900,1,2,2,1.0,3.0,75112,M,,,75
201100060153,11,8,23,850,1,2,7,1.0,2.0,75111,M,,,75
201100060154,11,8,23,1810,1,2,3,1.0,7.0,75111,M,,,75
201100060155,11,8,24,17,5,2,5,1.0,2.0,75111,M,,,75
201100060156,11,8,24,2010,2,2,2,1.0,6.0,75111,M,,,75
201100060157,11,8,27,1940,1,2,2,1.0,7.0,75111,M,,,75
201100060158,11,8,27,2320,5,2,5,1.0,6.0,75111,M,,,75
201100060159,11,8,28,350,5,2,2,1.0,6.0,75111,M,,,75
201100060160,11,8,29,1125,1,2,4,1.0,2.0,75111,M,,,75
201100060161,11,9,1,330,5,2,3,1.0,6.0,75111,M,,,75
201100060162,11,9,1,1950,5,2,2,1.0,6.0,75111,M,,,75
201100060163,11,9,2,1730,1,2,2,1.0,6.0,75111,M,,,75
201100060164,11,9,4,1535,1,2,1,1.0,3.0,75111,M,,,75
201100060165,11,9,4,1625,1,2,1,1.0,3.0,75111,M,,,75
201100060166,11,9,7,840,1,2,2,1.0,6.0,75111,M,,,75
201100060167,11,9,7,2250,5,2,7,1.0,3.0,75111,M,,,75
201100060168,11,9,8,920,1,2,1,8.0,3.0,75111,M,,,75
201100060169,11,9,8,1050,1,2,2,1.0,6.0,75111,M,,,75
201100060170,11,9,8,1210,1,2,7,8.0,3.0,75111,M,,,75
201100060171,11,9,9,220,5,2,2,1.0,3.0,75111,M,,,75
201100060172,11,9,9,2220,5,2,1,1.0,6.0,75111,M,,,75
201100060173,11,9,10,255,5,2,2,1.0,6.0,75111,M,,,75
201100060174,11,9,11,505,5,2,2,1.0,2.0,75111,M,,,75
201100060175,11,9,11,2000,2,2,1,8.0,7.0,75104,M,,,75
201100060176,11,9,13,1845,1,2,2,1.0,3.0,75111,M,,,75
201100060177,11,9,14,1000,1,2,3,1.0,2.0,75111,M,,,75
201100060178,11,9,15,900,1,2,1,1.0,3.0,75111,M,,,75
201100060179,11,9,15,940,1,2,2,1.0,3.0,75111,M,,,75
201100060180,11,9,15,1825,1,2,5,1.0,6.0,75111,M,,,75
201100060181,11,9,16,320,5,2,2,1.0,3.0,75111,M,,,75
201100060182,11,9,16,1305,1,2,1,1.0,3.0,75111,M,,,75
201100060183,11,9,16,1620,1,2,1,1.0,2.0,75111,M,,,75
201100060184,11,9,17,1450,1,2,5,1.0,7.0,75111,M,,,75
201100060185,11,9,19,1530,1,2,3,1.0,3.0,75111,M,,,75
201100060186,11,9,20,1130,1,2,2,1.0,6.0,75111,M,,,75
201100060187,11,9,20,2120,5,2,1,1.0,3.0,75111,M,,,75
201100060188,11,9,20,2250,5,2,3,1.0,6.0,75111,M,,,75
201100060189,11,9,21,1415,1,2,7,1.0,3.0,75111,M,,,75
201100060190,11,9,21,2135,5,2,3,1.0,3.0,75111,M,,,75
201100060191,11,9,22,815,1,2,5,1.0,7.0,75111,M,,,75
201100060192,11,9,22,1915,5,2,1,1.0,2.0,75111,M,,,75
201100060193,11,9,23,1730,1,2,3,1.0,3.0,75111,M,,,75
201100060194,11,9,25,405,3,2,1,1.0,2.0,75111,M,,,75
201100060195,11,9,25,1505,1,2,1,1.0,2.0,75111,M,,,75
201100060196,11,9,26,755,2,2,7,1.0,2.0,75112,M,,,75
201100060197,11,9,26,1750,1,2,1,1.0,3.0,75111,M,,,75
201100060198,11,9,27,940,1,2,1,1.0,2.0,75111,M,,,75
201100060199,11,9,27,1715,1,2,1,1.0,3.0,75111,M,,,75
201100060200,11,9,28,20,5,2,1,1.0,6.0,75111,M,,,75
201100060201,11,9,28,1310,1,2,2,1.0,6.0,75111,M,,,75
201100060202,11,9,28,1720,1,2,2,1.0,6.0,75111,M,,,75
201100060203,11,9,29,910,1,2,3,1.0,3.0,75111,M,,,75
201100060204,11,10,1,1030,1,2,4,1.0,6.0,75111,M,,,75
201100060205,11,10,1,1645,1,2,2,1.0,2.0,75111,M,,,75
201100060206,11,10,1,2030,5,2,1,1.0,6.0,75111,M,,,75
201100060207,11,10,2,1215,1,2,7,1.0,3.0,75111,M,,,75
201100060208,11,10,4,910,1,2,1,1.0,6.0,75111,M,,,75
201100060209,11,10,4,1150,1,2,2,1.0,7.0,75111,M,,,75
201100060210,11,10,4,1350,1,2,1,1.0,3.0,75111,M,,,75
201100060211,11,10,4,1415,1,2,2,1.0,3.0,75111,M,,,75
201100060212,11,10,4,1710,1,2,3,1.0,7.0,75111,M,,,75
201100060213,11,10,5,910,1,2,1,1.0,3.0,75111,M,,,75
201100060214,11,10,6,1635,1,2,4,1.0,6.0,75111,M,,,75
201100060215,11,10,6,2105,5,2,1,1.0,6.0,75120,M,,,75
201100060216,11,10,7,340,5,2,1,1.0,7.0,75111,M,,,75
201100060217,11,10,7,715,5,2,1,1.0,2.0,75111,M,,,75
201100060218,11,10,7,850,1,2,2,1.0,3.0,75111,M,,,75
201100060219,11,10,7,2255,5,2,2,1.0,6.0,75111,M,,,75
201100060220,11,10,8,450,5,2,3,1.0,6.0,75111,M,,,75
201100060221,11,10,8,1830,1,2,2,2.0,6.0,75111,M,,,75
201100060222,11,10,9,440,5,2,1,2.0,6.0,75111,M,,,75
201100060223,11,10,9,1925,5,2,2,1.0,6.0,75111,M,,,75
201100060224,11,10,9,2010,5,2,3,1.0,2.0,75111,M,,,75
201100060225,11,10,10,1200,1,2,1,8.0,6.0,75111,M,,,75
201100060226,11,10,10,1600,1,2,2,1.0,6.0,75112,M,,,75
201100060227,11,10,13,800,1,2,5,1.0,3.0,75111,M,,,75
201100060228,11,10,13,1245,1,2,1,1.0,1.0,75111,M,,,75
201100060229,11,10,13,2035,5,2,3,1.0,1.0,75111,M,,,75
201100060230,11,10,14,1720,1,2,1,1.0,3.0,75111,M,,,75
201100060231,11,10,15,1700,1,2,2,1.0,2.0,75111,M,,,75
201100060232,11,10,15,2120,5,2,1,1.0,2.0,75111,M,,,75
201100060233,11,10,17,1555,1,2,7,1.0,3.0,75111,M,,,75
201100060234,11,10,17,1530,1,2,2,1.0,6.0,75111,M,,,75
201100060235,11,10,17,1800,1,2,7,1.0,6.0,75111,M,,,75
201100060236,11,10,18,915,1,2,7,1.0,6.0,75111,M,,,75
201100060237,11,10,18,1005,1,2,1,1.0,6.0,75111,M,,,75
201100060238,11,10,19,850,1,2,2,1.0,6.0,75111,M,,,75
201100060239,11,10,19,1720,1,2,1,2.0,2.0,75111,M,,,75
201100060240,11,10,19,2010,5,2,1,8.0,6.0,75111,M,,,75
201100060241,11,10,20,1600,1,2,1,1.0,6.0,75111,M,,,75
201100060242,11,10,22,1500,1,2,2,1.0,6.0,75111,M,,,75
201100060243,11,10,24,1150,1,2,1,1.0,7.0,75111,M,,,75
201100060244,11,10,24,1400,1,2,1,1.0,6.0,75111,M,,,75
201100060245,11,10,24,1515,1,2,1,1.0,3.0,75111,M,,,75
201100060246,11,10,25,1250,1,2,2,1.0,6.0,75111,M,,,75
201100060247,11,10,28,350,5,2,1,1.0,7.0,75111,M,,,75
201100060248,11,10,27,2120,5,2,2,8.0,6.0,75111,M,,,75
201100060249,11,10,28,1835,2,2,7,1.0,7.0,75111,M,,,75
201100060250,11,10,31,755,1,2,3,1.0,7.0,75111,M,,,75
201100060251,11,10,31,1430,1,2,3,1.0,3.0,75111,M,,,75
201100060252,11,11,2,1700,5,2,1,1.0,3.0,75111,M,,,75
201100060253,11,11,2,2020,5,2,2,1.0,7.0,75111,M,,,75
201100060254,11,11,1,1155,1,2,2,2.0,6.0,75111,M,,,75
201100060255,11,11,3,745,2,2,2,2.0,3.0,75111,M,,,75
201100060256,11,11,3,1050,1,2,1,8.0,3.0,75111,M,,,75
201100060257,11,11,3,1325,1,2,1,2.0,6.0,75111,M,,,75
201100060258,11,11,5,1610,1,2,2,1.0,3.0,75111,M,,,75
201100060259,11,11,6,300,5,2,2,1.0,3.0,75111,M,,,75
201100060260,11,11,7,1010,1,2,1,1.0,7.0,75111,M,,,75
201100060261,11,11,8,1905,5,2,1,2.0,3.0,75111,M,,,75
201100060262,11,11,8,2035,5,2,2,2.0,7.0,75111,M,,,75
201100060263,11,11,9,855,1,2,3,1.0,3.0,75111,M,,,75
201100060264,11,11,10,1720,5,2,2,1.0,6.0,75111,M,,,75
201100060265,11,11,11,140,5,2,2,1.0,6.0,75111,M,,,75
201100060266,11,11,12,200,5,2,2,1.0,3.0,75111,M,,,75
201100060267,11,11,12,1800,5,2,1,1.0,6.0,75112,M,,,75
201100060268,11,11,13,1640,1,2,1,1.0,2.0,75111,M,,,75
201100060269,11,11,13,1905,5,2,5,1.0,2.0,75111,M,,,75
201100060270,11,11,14,1725,5,2,1,1.0,6.0,75111,M,,,75
201100060271,11,11,14,1800,5,2,5,1.0,3.0,75111,M,,,75
201100060272,11,11,15,950,1,2,2,8.0,3.0,75111,M,,,75
201100060273,11,11,15,1535,1,2,2,1.0,6.0,75111,M,,,75
201100060274,11,11,16,1835,5,2,2,1.0,6.0,75111,M,,,75
201100060275,11,11,17,1555,1,2,5,1.0,3.0,75111,M,,,75
201100060276,11,11,17,2350,5,2,1,1.0,2.0,75111,M,,,75
201100060277,11,11,19,1125,1,2,2,1.0,7.0,75111,M,,,75
201100060278,11,11,20,1615,1,2,2,1.0,6.0,75111,M,,,75
201100060279,11,11,21,1010,1,2,2,8.0,3.0,75111,M,,,75
201100060280,11,11,23,1220,1,2,2,1.0,6.0,75111,M,,,75
201100060281,11,11,24,1220,1,2,1,1.0,6.0,75111,M,,,75
201100060282,11,11,24,1735,5,2,1,1.0,6.0,75111,M,,,75
201100060283,11,11,28,1400,1,2,1,8.0,7.0,75111,M,,,75
201100060284,11,11,29,1025,1,2,2,1.0,6.0,75111,M,,,75
201100060285,11,11,29,1515,1,2,1,1.0,6.0,75111,M,,,75
201100060286,11,11,29,1500,1,2,5,1.0,7.0,75111,M,,,75
201100060287,11,11,29,1515,1,2,1,1.0,2.0,75111,M,,,75
201100060288,11,12,1,550,5,2,3,1.0,3.0,75111,M,,,75
201100060289,11,12,1,1725,5,2,2,2.0,6.0,75111,M,,,75
201100060290,11,12,1,1850,5,2,3,8.0,6.0,75111,M,,,75
201100060291,11,12,3,10,5,2,5,1.0,6.0,75111,M,,,75
201100060292,11,12,3,1330,1,2,1,2.0,7.0,75111,M,,,75
201100060293,11,12,3,1715,2,2,3,2.0,3.0,75111,M,,,75
201100060294,11,12,3,2050,5,2,1,2.0,2.0,75111,M,,,75
201100060295,11,12,5,835,1,2,2,8.0,3.0,75111,M,,,75
201100060296,11,12,5,1745,5,2,4,2.0,6.0,75111,M,,,75
201100060297,11,12,7,2245,5,2,7,8.0,6.0,75111,M,,,75
201100060298,11,12,8,2025,4,2,7,1.0,3.0,75111,M,,,75
201100060299,11,12,9,8,5,2,3,1.0,2.0,75111,M,,,75
201100060300,11,12,9,935,1,2,3,2.0,3.0,75111,M,,,75
201100060301,11,12,9,1150,1,2,1,2.0,6.0,75111,M,,,75
201100060302,11,12,9,1145,1,2,3,2.0,6.0,75111,M,,,75
201100060303,11,12,10,1,5,2,3,1.0,6.0,75111,M,,,75
201100060304,11,12,12,1705,5,2,3,1.0,6.0,75111,M,,,75
201100060305,11,12,14,845,1,2,1,1.0,6.0,75111,M,,,75
201100060306,11,12,14,945,1,2,2,1.0,7.0,75111,M,,,75
201100060307,11,12,14,1500,1,2,2,1.0,6.0,75111,M,,,75
201100060308,11,12,14,2030,5,2,5,1.0,3.0,75111,M,,,75
201100060309,11,12,15,1815,5,2,1,1.0,3.0,75111,M,,,75
201100060310,11,12,15,1955,5,2,3,2.0,6.0,75111,M,,,75
201100060311,11,12,16,1535,1,2,2,8.0,7.0,75111,M,,,75
201100060312,11,12,18,2225,5,2,3,2.0,7.0,75111,M,,,75
201100060313,11,12,20,1750,5,2,7,1.0,6.0,75111,M,,,75
201100060314,11,12,22,1815,5,2,2,8.0,3.0,75111,M,,,75
201100060315,11,12,23,1330,1,2,3,1.0,3.0,75111,M,,,75
201100060316,11,12,28,1450,1,2,7,2.0,6.0,75111,M,,,75
201100060317,11,12,28,2020,5,2,5,1.0,3.0,75111,M,,,75
201100060318,11,12,29,2240,5,2,2,1.0,6.0,75111,M,,,75
201100060319,11,1,4,1125,1,2,1,1.0,2.0,75112,M,,,75
201100060320,11,1,4,1250,1,2,2,1.0,6.0,75112,M,,,75
201100060321,11,1,5,1530,1,2,4,1.0,3.0,75112,M,,,75
201100060322,11,1,6,530,5,2,5,2.0,6.0,75112,M,,,75
201100060323,11,1,7,1420,1,2,5,2.0,6.0,75112,M,,,75
201100060324,11,1,7,2220,5,2,5,2.0,3.0,75112,M,,,75
201100060325,11,1,8,2025,5,2,1,3.0,6.0,75112,M,,,75
201100060326,11,1,9,630,2,2,5,2.0,6.0,75112,M,,,75
201100060327,11,1,9,1215,1,2,1,1.0,2.0,75112,M,,,75
201100060328,11,1,12,800,2,2,5,3.0,6.0,75112,M,,,75
201100060329,11,1,12,1645,2,2,1,2.0,3.0,75112,M,,,75
201100060330,11,1,12,2310,5,2,5,2.0,3.0,75112,M,,,75
201100060331,11,1,13,1630,1,2,3,1.0,3.0,75112,M,,,75
201100060332,11,1,14,1700,2,2,1,8.0,7.0,75112,M,,,75
201100060333,11,1,15,1520,1,2,1,1.0,2.0,75112,M,,,75
201100060334,11,1,16,215,4,2,2,1.0,3.0,75112,M,,,75
201100060335,11,1,16,1050,1,2,4,1.0,3.0,75112,M,,,75
201100060336,11,1,19,1025,1,2,1,8.0,2.0,75112,M,,,75
201100060337,11,1,19,1500,1,2,5,1.0,3.0,75112,M,,,75
201100060338,11,1,20,930,1,2,3,1.0,3.0,75112,M,,,75
201100060339,11,1,20,925,1,2,1,1.0,3.0,75112,M,,,75
201100060340,11,1,22,1836,5,2,1,1.0,6.0,75120,M,,,75
201100060341,11,1,22,2350,5,2,2,2.0,2.0,75112,M,,,75
201100060342,11,1,23,1300,1,2,5,1.0,3.0,75112,M,,,75
201100060343,11,1,24,1705,2,2,2,9.0,6.0,75112,M,,,75
201100060344,11,1,25,1245,1,2,3,1.0,6.0,75112,M,,,75
201100060345,11,1,25,1900,5,2,5,1.0,6.0,75112,M,,,75
201100060346,11,1,26,1630,1,2,1,9.0,6.0,75112,M,,,75
201100060347,11,1,26,2045,2,2,3,1.0,3.0,75112,M,,,75
201100060348,11,1,26,2245,5,2,3,2.0,3.0,75112,M,,,75
201100060349,11,1,27,825,1,2,1,8.0,2.0,75112,M,,,75
201100060350,11,1,30,615,5,2,1,1.0,2.0,75112,M,,,75
201100060351,11,1,31,1935,5,2,2,1.0,3.0,75112,M,,,75
201100060352,11,2,1,1005,1,2,2,8.0,1.0,75112,M,,,75
201100060353,11,2,2,1750,5,2,5,1.0,6.0,75112,M,,,75
201100060354,11,2,3,830,1,2,2,1.0,3.0,75112,M,,,75
201100060355,11,2,4,1120,1,2,1,1.0,7.0,75112,M,,,75
201100060356,11,2,5,340,5,2,7,1.0,3.0,75112,M,,,75
201100060357,11,2,5,2035,5,2,2,1.0,3.0,75112,M,,,75
201100060358,11,2,7,1115,1,2,2,1.0,6.0,75112,M,,,75
201100060359,11,2,7,1450,1,2,4,1.0,3.0,75112,M,,,75
201100060360,11,2,8,930,1,2,1,1.0,3.0,75112,M,,,75
201100060361,11,2,9,805,1,2,5,1.0,6.0,75112,M,,,75
201100060362,11,2,9,1905,5,2,1,1.0,3.0,75112,M,,,75
201100060363,11,2,11,1645,1,2,1,1.0,6.0,75112,M,,,75
201100060364,11,2,15,1135,1,2,5,2.0,3.0,75112,M,,,75
201100060365,11,2,16,1910,5,2,1,1.0,3.0,75112,M,,,75
201100060366,11,2,17,1205,1,2,2,1.0,3.0,75112,M,,,75
201100060367,11,2,17,2015,5,2,1,1.0,7.0,75113,M,,,75
201100060368,11,2,19,305,5,2,5,1.0,3.0,75112,M,,,75
201100060369,11,2,19,1450,1,2,3,2.0,3.0,75112,M,,,75
201100060370,11,2,20,150,5,2,1,1.0,2.0,75112,M,,,75
201100060371,11,2,21,1610,1,2,2,1.0,2.0,75112,M,,,75
201100060372,11,2,22,1440,1,2,2,1.0,4.0,75112,M,,,75
201100060373,11,2,25,1140,1,2,1,1.0,4.0,75112,M,,,75
201100060374,11,2,26,950,1,2,5,2.0,6.0,75112,M,,,75
201100060375,11,2,27,1255,1,2,2,1.0,3.0,75112,M,,,75
201100060376,11,3,1,1505,1,2,1,1.0,3.0,75112,M,,,75
201100060377,11,3,1,1610,1,2,2,1.0,6.0,75112,M,,,75
201100060378,11,3,1,1650,1,2,2,1.0,3.0,75112,M,,,75
201100060379,11,3,3,1540,1,2,1,1.0,6.0,75112,M,,,75
201100060380,11,3,3,1550,1,2,2,1.0,6.0,75112,M,,,75
201100060381,11,3,4,800,1,2,1,1.0,3.0,75112,M,,,75
201100060382,11,3,4,1900,5,2,3,1.0,6.0,75112,M,,,75
201100060383,11,3,5,1325,1,2,1,1.0,3.0,75112,M,,,75
201100060384,11,3,5,1915,5,2,5,1.0,3.0,75112,M,,,75
201100060385,11,3,6,1540,1,2,1,1.0,6.0,75112,M,,,75
201100060386,11,3,7,1215,1,2,1,1.0,3.0,75112,M,,,75
201100060387,11,3,7,1345,1,2,1,1.0,6.0,75112,M,,,75
201100060388,11,3,9,2349,5,2,7,1.0,3.0,75112,M,,,75
201100060389,11,3,10,1540,1,2,3,1.0,3.0,75112,M,,,75
201100060390,11,3,11,1445,1,2,7,1.0,3.0,75112,M,,,75
201100060391,11,3,12,1228,1,2,5,1.0,3.0,75112,M,,,75
201100060392,11,3,12,1650,1,2,1,2.0,2.0,75112,M,,,75
201100060393,11,3,12,1710,1,2,1,8.0,6.0,75112,M,,,75
201100060394,11,3,13,135,5,2,1,2.0,6.0,75112,M,,,75
201100060395,11,3,15,805,1,2,1,2.0,6.0,75112,M,,,75
201100060396,11,3,15,900,1,2,1,1.0,7.0,75112,M,,,75
201100060397,11,3,16,1705,1,2,1,1.0,6.0,75112,M,,,75
201100060398,11,3,17,845,1,2,1,1.0,2.0,75112,M,,,75
201100060399,11,3,18,1730,1,2,5,2.0,3.0,75112,M,,,75
201100060400,11,3,20,1625,1,2,3,1.0,3.0,75112,M,,,75
201100060401,11,3,21,1550,1,2,1,7.0,2.0,75112,M,,,75
201100060402,11,3,21,1855,5,2,2,1.0,3.0,75112,M,,,75
201100060403,11,3,21,1930,5,2,1,1.0,6.0,75112,M,,,75
201100060404,11,3,22,1535,1,2,1,1.0,2.0,75112,M,,,75
201100060405,11,3,22,2205,5,2,1,1.0,7.0,75112,M,,,75
201100060406,11,3,24,930,1,2,5,1.0,3.0,75112,M,,,75
201100060407,11,3,26,615,2,2,4,1.0,3.0,75112,M,,,75
201100060408,11,3,27,1027,1,2,1,2.0,7.0,75112,M,,,75
201100060409,11,3,27,2150,5,2,5,1.0,6.0,75112,M,,,75
201100060410,11,3,28,905,1,2,1,1.0,3.0,75112,M,,,75
201100060411,11,3,28,1840,1,2,1,1.0,2.0,75112,M,,,75
201100060412,11,3,29,1425,1,2,1,1.0,3.0,75112,M,,,75
201100060413,11,3,30,1220,1,2,1,1.0,6.0,75112,M,,,75
201100060414,11,4,1,1330,1,2,1,1.0,2.0,75112,M,,,75
201100060415,11,4,1,1330,1,2,3,1.0,3.0,75112,M,,,75
201100060416,11,4,2,1335,1,2,1,1.0,2.0,75112,M,,,75
201100060417,11,4,2,1555,1,2,1,1.0,2.0,75112,M,,,75
201100060418,11,4,3,1345,1,2,1,8.0,6.0,75112,M,,,75
201100060419,11,4,5,850,1,2,4,1.0,3.0,75112,M,,,75
201100060420,11,4,5,1715,1,2,1,1.0,2.0,75112,M,,,75
201100060421,11,4,5,1945,1,2,1,1.0,2.0,75112,M,,,75
201100060422,11,4,6,950,1,2,2,1.0,3.0,75112,M,,,75
201100060423,11,4,9,620,2,2,1,1.0,6.0,75112,M,,,75
201100060424,11,4,10,1810,1,2,7,1.0,6.0,75112,M,,,75
201100060425,11,4,10,2330,5,2,2,1.0,1.0,75112,M,,,75
201100060426,11,4,11,1040,1,2,1,1.0,7.0,75112,M,,,75
201100060427,11,4,11,1600,1,2,2,1.0,6.0,75112,M,,,75
201100060428,11,4,12,1325,1,2,1,1.0,3.0,75112,M,,,75
201100060429,11,4,12,1650,1,2,1,1.0,6.0,75112,M,,,75
201100060430,11,4,14,1000,1,2,2,1.0,3.0,75112,M,,,75
201100060431,11,4,14,1140,1,2,2,1.0,2.0,75112,M,,,75
201100060432,11,4,16,1350,1,2,1,1.0,6.0,75112,M,,,75
201100060433,11,4,17,1415,1,2,2,1.0,3.0,75112,M,,,75
201100060434,11,4,18,1230,1,2,1,1.0,7.0,75112,M,,,75
201100060435,11,4,18,1620,1,2,1,1.0,6.0,75112,M,,,75
201100060436,11,4,19,1850,1,2,1,1.0,6.0,75112,M,,,75
201100060437,11,4,20,425,5,2,1,1.0,6.0,75112,M,,,75
201100060438,11,4,21,130,5,2,1,1.0,6.0,75112,M,,,75
201100060439,11,4,21,845,1,2,1,1.0,3.0,75112,M,,,75
201100060440,11,4,21,1200,1,2,3,1.0,3.0,75112,M,,,75
201100060441,11,4,22,1105,1,2,1,1.0,3.0,75112,M,,,75
201100060442,11,4,22,1320,1,2,5,1.0,3.0,75112,M,,,75
201100060443,11,4,24,1250,1,2,1,1.0,7.0,75112,M,,,75
201100060444,11,4,25,1830,1,2,1,1.0,3.0,75112,M,,,75
201100060445,11,4,27,1815,1,2,1,1.0,6.0,75112,M,,,75
201100060446,11,4,27,1810,1,2,1,1.0,4.0,75112,M,,,75
201100060447,11,4,27,1845,1,2,5,1.0,6.0,75112,M,,,75
201100060448,11,4,29,940,1,2,4,2.0,3.0,75112,M,,,75
201100060449,11,4,29,1412,1,2,1,1.0,7.0,75112,M,,,75
201100060450,11,4,30,2110,5,2,1,1.0,2.0,75112,M,,,75
201100060451,11,5,2,1440,1,2,1,2.0,6.0,75112,M,,,75
201100060452,11,5,2,1830,1,2,5,1.0,3.0,75112,M,,,75
201100060453,11,5,5,1855,1,2,3,1.0,6.0,75112,M,,,75
201100060454,11,5,5,1920,1,2,3,1.0,3.0,75112,M,,,75
201100060455,11,5,6,1205,1,2,1,1.0,4.0,75112,M,,,75
201100060456,11,5,6,1515,1,2,2,1.0,3.0,75112,M,,,75
201100060457,11,5,6,1920,1,2,1,1.0,2.0,75112,M,,,75
201100060458,11,5,7,930,1,2,1,1.0,6.0,75112,M,,,75
201100060459,11,5,7,1730,1,2,5,1.0,3.0,75112,M,,,75
201100060460,11,5,7,1640,1,2,1,1.0,6.0,75112,M,,,75
201100060461,11,5,10,1125,1,2,1,1.0,6.0,75112,M,,,75
201100060462,11,5,11,1045,1,2,2,1.0,3.0,75112,M,,,75
201100060463,11,5,11,1920,1,2,4,1.0,6.0,75112,M,,,75
201100060464,11,5,11,2250,5,2,2,1.0,6.0,75112,M,,,75
201100060465,11,5,12,710,1,2,1,1.0,3.0,75112,M,,,75
201100060466,11,5,13,1855,1,2,1,1.0,1.0,75112,M,,,75
201100060467,11,5,14,145,5,2,1,1.0,2.0,75112,M,,,75
201100060468,11,5,14,1050,1,2,3,1.0,3.0,75112,M,,,75
201100060469,11,5,14,1255,1,2,1,1.0,7.0,75112,M,,,75
201100060470,11,5,14,1310,1,2,1,1.0,6.0,75112,M,,,75
201100060471,11,5,14,1525,1,2,4,1.0,2.0,75112,M,,,75
201100060472,11,5,14,2230,5,2,4,1.0,2.0,75112,M,,,75
201100060473,11,5,19,1010,1,2,5,1.0,6.0,75112,M,,,75
201100060474,11,5,19,2020,2,2,1,1.0,2.0,75112,M,,,75
201100060475,11,5,21,1130,1,2,2,1.0,3.0,75112,M,,,75
201100060476,11,5,22,1410,1,2,5,1.0,2.0,75112,M,,,75
201100060477,11,5,22,2040,2,2,2,1.0,3.0,75112,M,,,75
201100060478,11,5,23,915,1,2,1,1.0,3.0,75112,M,,,75
201100060479,11,5,23,1305,1,2,1,1.0,3.0,75112,M,,,75
201100060480,11,5,23,1935,1,2,7,1.0,6.0,75112,M,,,75
201100060481,11,5,24,850,1,2,4,1.0,6.0,75112,M,,,75
201100060482,11,5,24,1820,1,2,1,1.0,3.0,75112,M,,,75
201100060483,11,5,25,655,1,2,3,1.0,3.0,75112,M,,,75
201100060484,11,5,26,1,5,2,1,1.0,3.0,75112,M,,,75
201100060485,11,5,26,1435,1,2,1,1.0,6.0,75112,M,,,75
201100060486,11,5,27,1930,2,2,5,1.0,2.0,75112,M,,,75
201100060487,11,5,28,925,1,2,7,1.0,2.0,75112,M,,,75
201100060488,11,5,28,1155,1,2,1,1.0,3.0,75112,M,,,75
201100060489,11,5,30,1640,1,2,1,1.0,6.0,75112,M,,,75
201100060490,11,5,31,940,1,2,3,1.0,6.0,75112,M,,,75
201100060491,11,6,1,1911,1,2,1,1.0,2.0,75112,M,,,75
201100060492,11,6,2,1100,1,2,5,1.0,3.0,75112,M,,,75
201100060493,11,6,3,230,5,2,2,1.0,3.0,75112,M,,,75
201100060494,11,6,7,1115,1,2,2,2.0,2.0,75112,M,,,75
201100060495,11,6,8,1650,1,2,2,1.0,1.0,75112,M,,,75
201100060496,11,6,8,1715,1,2,2,1.0,3.0,75112,M,,,75
201100060497,11,6,9,1330,1,2,7,1.0,3.0,75112,M,,,75
201100060498,11,6,9,1900,1,2,1,1.0,4.0,75112,M,,,75
201100060499,11,6,10,1515,1,2,1,2.0,6.0,75112,M,,,75
201100060500,11,6,11,255,5,2,1,1.0,2.0,75112,M,,,75
201100060501,11,6,14,1030,1,2,7,2.0,7.0,75112,M,,,75
201100060502,11,6,15,1330,1,2,1,1.0,5.0,75112,M,,,75
201100060503,11,6,16,1530,1,2,7,1.0,3.0,75112,M,,,75
201100060504,11,6,16,2250,5,2,5,1.0,6.0,75112,M,,,75
201100060505,11,6,17,1715,1,2,1,2.0,2.0,75112,M,,,75
201100060506,11,6,19,510,5,2,1,1.0,3.0,75112,M,,,75
201100060507,11,6,22,945,1,2,1,2.0,6.0,75112,M,,,75
201100060508,11,6,22,1320,1,2,2,1.0,1.0,75112,M,,,75
201100060509,11,6,22,1530,1,2,2,1.0,6.0,75112,M,,,75
201100060510,11,6,23,900,1,2,3,8.0,7.0,75112,M,,,75
201100060511,11,6,23,850,1,2,1,8.0,2.0,75112,M,,,75
201100060512,11,6,23,1120,1,2,3,1.0,7.0,75112,M,,,75
201100060513,11,6,23,1209,1,2,1,1.0,6.0,75112,M,,,75
201100060514,11,6,24,1105,1,2,3,1.0,3.0,75112,M,,,75
201100060515,11,6,25,750,1,2,5,1.0,1.0,75112,M,,,75
201100060516,11,6,25,1530,1,2,2,1.0,2.0,75112,M,,,75
201100060517,11,6,27,1500,1,2,1,1.0,7.0,75112,M,,,75
201100060518,11,6,28,1825,1,2,2,1.0,6.0,75112,M,,,75
201100060519,11,6,28,2005,1,2,1,1.0,3.0,75112,M,,,75
201100060520,11,6,29,2015,1,2,5,1.0,3.0,75112,M,,,75
201100060521,11,6,30,55,5,2,1,1.0,6.0,75112,M,,,75
201100060522,11,6,30,2000,1,2,2,1.0,6.0,75112,M,,,75
201100060523,11,7,1,1230,1,2,3,1.0,7.0,75112,M,,,75
201100060524,11,7,1,1555,1,2,1,1.0,6.0,75112,M,,,75
201100060525,11,7,1,1730,1,2,2,1.0,3.0,75112,M,,,75
201100060526,11,7,2,240,5,2,5,1.0,3.0,75112,M,,,75
201100060527,11,7,1,1315,1,2,1,1.0,2.0,75112,M,,,75
201100060528,11,7,2,700,1,2,1,1.0,6.0,75112,M,,,75