Num_Acc,an,mois,jour,hrmn,lum,agg,int,atm,col,com,gps,lat,long,dep
201100060529,11,7,3,1725,1,2,2,1.0,3.0,75112,M,,,75
201100060530,11,7,3,2220,5,2,5,1.0,3.0,75112,M,,,75
201100060531,11,7,6,2215,5,2,5,1.0,3.0,75112,M,,,75
201100060532,11,7,7,2130,1,2,1,1.0,2.0,75112,M,,,75
201100060533,11,7,10,900,1,2,2,1.0,3.0,75112,M,,,75
201100060534,11,7,11,850,1,2,1,1.0,6.0,75112,M,,,75
201100060535,11,7,11,1020,1,2,3,1.0,6.0,75112,M,,,75
201100060536,11,7,11,1700,1,2,2,1.0,3.0,75112,M,,,75
201100060537,11,7,12,2200,2,2,1,1.0,3.0,75112,M,,,75
201100060538,11,7,13,1900,1,2,5,1.0,3.0,75112,M,,,75
201100060539,11,7,17,830,1,2,3,1.0,6.0,75112,M,,,75
201100060540,11,7,18,1250,1,2,5,8.0,3.0,75112,M,,,75
201100060541,11,7,18,1450,1,2,1,1.0,6.0,75112,M,,,75
201100060542,11,7,18,1545,1,2,1,1.0,4.0,75112,M,,,75
201100060543,11,7,18,2224,5,2,5,1.0,6.0,75112,M,,,75
201100060544,11,7,21,45,5,2,1,2.0,6.0,75112,M,,,75
201100060545,11,7,21,750,1,2,4,2.0,3.0,75112,M,,,75
201100060546,11,7,21,2030,2,2,1,2.0,3.0,75112,M,,,75
201100060547,11,7,24,1450,1,2,1,1.0,3.0,75112,M,,,75
201100060548,11,7,24,2000,1,2,2,1.0,3.0,75112,M,,,75
201100060549,11,7,25,1710,1,2,7,1.0,5.0,75112,M,,,75
201100060550,11,7,26,1040,1,2,4,1.0,6.0,75112,M,,,75
201100060551,11,7,26,1745,1,2,5,1.0,6.0,75112,M,,,75
201100060552,11,7,26,2330,5,2,7,1.0,3.0,75112,M,,,75
201100060553,11,7,27,1930,1,2,1,2.0,3.0,75112,M,,,75
201100060554,11,7,27,1810,1,2,1,2.0,7.0,75112,M,,,75
201100060555,11,7,28,835,1,2,1,1.0,3.0,75112,M,,,75
201100060556,11,7,28,1010,1,2,3,1.0,6.0,75112,M,,,75
201100060557,11,7,28,935,1,2,1,1.0,3.0,75112,M,,,75
201100060558,11,7,28,1435,1,2,5,8.0,3.0,75112,M,,,75
201100060559,11,7,28,1620,1,2,1,2.0,2.0,75112,M,,,75
201100060560,11,7,29,1420,1,2,5,1.0,2.0,75112,M,,,75
201100060561,11,7,30,40,5,2,1,1.0,6.0,75112,M,,,75
201100060562,11,7,30,635,2,2,1,1.0,6.0,75112,M,,,75
201100060563,11,7,30,1810,1,2,1,1.0,3.0,75112,M,,,75
201100060564,11,8,1,615,2,2,1,1.0,3.0,75112,M,,,75
201100060565,11,8,1,825,1,2,3,1.0,2.0,75112,M,,,75
201100060566,11,8,1,1000,1,2,4,1.0,7.0,75112,M,,,75
201100060567,11,8,1,1430,1,2,3,1.0,6.0,75112,M,,,75
201100060568,11,8,1,1540,1,2,2,1.0,3.0,75112,M,,,75
201100060569,11,8,1,2210,5,2,3,6.0,7.0,75112,M,,,75
201100060570,11,8,2,1740,1,2,5,1.0,2.0,75112,M,,,75
201100060571,11,8,4,1715,1,2,1,1.0,6.0,75112,M,,,75
201100060572,11,8,4,2010,2,2,3,1.0,3.0,75112,M,,,75
201100060573,11,8,5,730,1,2,1,3.0,3.0,75112,M,,,75
201100060574,11,8,5,1540,1,2,7,1.0,3.0,75112,M,,,75
201100060575,11,8,7,1050,1,2,1,1.0,3.0,75112,M,,,75
201100060576,11,8,10,1920,1,2,5,1.0,3.0,75112,M,,,75
201100060577,11,8,11,1310,1,2,1,1.0,4.0,75112,M,,,75
201100060578,11,8,14,1600,1,2,1,1.0,6.0,75104,M,,,75
201100060579,11,8,15,1130,1,2,1,1.0,2.0,75112,M,,,75
201100060580,11,8,17,1010,1,2,1,1.0,6.0,75113,M,,,75
201100060581,11,8,17,1720,1,2,1,1.0,6.0,75112,M,,,75
201100060582,11,8,18,1320,1,2,1,1.0,3.0,75112,M,,,75
201100060583,11,8,19,50,5,2,1,1.0,6.0,75112,M,,,75
201100060584,11,8,22,1700,1,2,1,1.0,1.0,75112,M,,,75
201100060585,11,8,23,1440,1,2,1,1.0,3.0,75112,M,,,75
201100060586,11,8,26,1735,1,2,2,1.0,6.0,75112,M,,,75
201100060587,11,8,27,1050,1,2,4,1.0,2.0,75112,M,,,75
201100060588,11,8,28,40,5,2,1,1.0,2.0,75112,M,,,75
201100060589,11,8,28,1405,1,2,7,1.0,3.0,75112,M,,,75
201100060590,11,8,29,1405,1,2,4,1.0,3.0,75112,M,,,75
201100060591,11,8,29,1700,1,2,1,1.0,2.0,75112,M,,,75
201100060592,11,8,30,2100,5,2,4,1.0,3.0,75112,M,,,75
201100060593,11,8,31,1000,1,2,1,1.0,3.0,75112,M,,,75
201100060594,11,8,31,2110,5,2,1,1.0,2.0,75112,M,,,75
201100060595,11,9,1,1955,2,2,1,1.0,6.0,75112,M,,,75
201100060596,11,9,2,1100,1,2,2,1.0,6.0,75112,M,,,75
201100060597,11,9,3,1220,1,2,2,1.0,6.0,75112,M,,,75
201100060598,11,9,3,2040,3,2,5,2.0,7.0,75112,M,,,75
201100060599,11,9,6,845,1,2,4,1.0,3.0,75112,M,,,75
201100060600,11,9,6,1710,1,2,3,1.0,3.0,75112,M,,,75
201100060601,11,9,7,1830,1,2,4,1.0,1.0,75112,M,,,75
201100060602,11,9,7,1920,1,2,3,1.0,3.0,75112,M,,,75
201100060603,11,9,8,850,1,2,4,1.0,3.0,75112,M,,,75
201100060604,11,9,8,1205,1,2,2,2.0,6.0,75111,M,,,75
201100060605,11,9,8,1823,1,2,2,1.0,6.0,75112,M,,,75
201100060606,11,9,9,140,5,2,3,3.0,3.0,75112,M,,,75
201100060607,11,9,9,1315,1,2,1,1.0,2.0,75112,M,,,75
201100060608,11,9,9,855,1,2,4,1.0,3.0,75112,M,,,75
201100060609,11,9,9,915,1,2,1,1.0,3.0,75112,M,,,75
201100060610,11,9,10,400,5,2,5,1.0,6.0,75112,M,,,75
201100060611,11,9,12,1040,1,2,1,1.0,2.0,75112,M,,,75
201100060612,11,9,13,830,1,2,1,1.0,5.0,75112,M,,,75
201100060613,11,9,13,1010,1,2,7,1.0,3.0,75112,M,,,75
201100060614,11,9,14,50,5,2,2,1.0,2.0,75112,M,,,75
201100060615,11,9,14,1845,1,2,7,1.0,7.0,75112,M,,,75
201100060616,11,9,15,925,1,2,1,1.0,7.0,75112,M,,,75
201100060617,11,9,15,1735,1,2,3,1.0,3.0,75112,M,,,75
201100060618,11,9,15,2230,5,2,2,1.0,3.0,75112,M,,,75
201100060619,11,9,16,301,5,2,7,1.0,2.0,75112,M,,,75
201100060620,11,9,17,1216,1,2,4,1.0,3.0,75112,M,,,75
201100060621,11,9,17,1400,1,2,1,8.0,3.0,75112,M,,,75
201100060622,11,9,17,1810,1,2,7,1.0,3.0,75112,M,,,75
201100060623,11,9,19,732,1,2,1,1.0,6.0,75112,M,,,75
201100060624,11,9,19,815,1,2,3,1.0,6.0,75112,M,,,75
201100060625,11,9,19,950,1,2,1,1.0,2.0,75112,M,,,75
201100060626,11,9,19,1300,1,2,1,1.0,3.0,75112,M,,,75
201100060627,11,9,20,1920,1,2,1,1.0,4.0,75112,M,,,75
201100060628,11,9,21,815,1,2,1,1.0,3.0,75112,M,,,75
201100060629,11,9,21,1155,1,2,5,1.0,6.0,75112,M,,,75
201100060630,11,9,21,1630,1,2,3,1.0,7.0,75112,M,,,75
201100060631,11,9,23,1945,5,2,2,1.0,3.0,75112,M,,,75
201100060632,11,9,24,755,1,2,7,1.0,3.0,75112,M,,,75
201100060633,11,9,24,1640,1,2,2,1.0,3.0,75112,M,,,75
201100060634,11,9,26,1415,1,2,7,1.0,3.0,75112,M,,,75
201100060635,11,9,26,1730,1,2,1,1.0,2.0,75112,M,,,75
201100060636,11,9,27,1400,1,2,7,1.0,7.0,75112,M,,,75
201100060637,11,9,27,1750,1,2,7,1.0,2.0,75112,M,,,75
201100060638,11,9,27,1950,5,2,1,1.0,3.0,75112,M,,,75
201100060639,11,9,27,1930,5,2,3,1.0,3.0,75112,M,,,75
201100060640,11,9,29,420,5,2,3,1.0,2.0,75112,M,,,75
201100060641,11,9,30,1630,1,2,4,1.0,1.0,75112,M,,,75
201100060642,11,9,30,2220,5,2,2,1.0,3.0,75112,M,,,75
201100060643,11,10,1,405,5,2,5,1.0,6.0,75112,M,,,75
201100060644,11,10,1,1240,1,2,1,1.0,3.0,75112,M,,,75
201100060645,11,10,1,1415,1,2,4,1.0,6.0,75112,M,,,75
201100060646,11,10,1,1430,1,2,1,1.0,5.0,75112,M,,,75
201100060647,11,10,1,1830,2,2,3,1.0,3.0,75112,M,,,75
201100060648,11,10,5,15,5,2,1,1.0,6.0,75112,M,,,75
201100060649,11,10,5,1250,1,2,2,1.0,6.0,75112,M,,,75
201100060650,11,10,5,1710,1,2,1,1.0,6.0,75112,M,,,75
201100060651,11,10,5,1730,1,2,5,1.0,3.0,75112,M,,,75
201100060652,11,10,5,2110,5,2,1,1.0,3.0,75112,M,,,75
201100060653,11,10,5,2300,5,2,1,1.0,6.0,75112,M,,,75
201100060654,11,10,6,1315,1,2,3,2.0,2.0,75112,M,,,75
201100060655,11,10,6,1915,5,2,3,1.0,3.0,75112,M,,,75
201100060656,11,10,7,105,5,2,1,1.0,6.0,75112,M,,,75
201100060657,11,10,7,720,2,2,1,1.0,3.0,75112,M,,,75
201100060658,11,10,7,1315,1,2,5,8.0,3.0,75112,M,,,75
201100060659,11,10,7,1450,1,2,1,2.0,6.0,75112,M,,,75
201100060660,11,10,7,2030,5,2,2,1.0,2.0,75112,M,,,75
201100060661,11,10,8,1440,1,2,4,1.0,3.0,75112,M,,,75
201100060662,11,10,8,2220,5,2,2,1.0,5.0,75112,M,,,75
201100060663,11,10,10,1852,2,2,1,1.0,2.0,75112,M,,,75
201100060664,11,10,11,1315,1,2,7,1.0,7.0,75112,M,,,75
201100060665,11,10,11,1620,1,2,1,1.0,3.0,75112,M,,,75
201100060666,11,10,12,1440,1,2,1,1.0,6.0,75112,M,,,75
201100060667,11,10,11,1550,1,2,3,8.0,3.0,75112,M,,,75
201100060668,11,10,15,124,5,2,1,1.0,6.0,75112,M,,,75
201100060669,11,10,15,1523,1,2,7,1.0,2.0,75112,M,,,75
201100060670,11,10,16,2210,5,2,1,1.0,1.0,75112,M,,,75
201100060671,11,10,17,1820,1,2,4,1.0,3.0,75112,M,,,75
201100060672,11,10,18,1320,1,2,5,2.0,7.0,75112,M,,,75
201100060673,11,10,18,1920,5,2,2,2.0,3.0,75112,M,,,75
201100060674,11,10,19,1250,1,2,2,1.0,6.0,75112,M,,,75
201100060675,11,10,20,1115,1,2,1,1.0,6.0,75112,M,,,75
201100060676,11,10,19,2045,5,2,1,1.0,6.0,75112,M,,,75
201100060677,11,10,21,420,5,2,1,1.0,7.0,75112,M,,,75
201100060678,11,10,21,1400,1,2,3,1.0,3.0,75112,M,,,75
201100060679,11,10,22,1340,1,2,2,1.0,3.0,75112,M,,,75
201100060680,11,10,24,948,1,2,1,1.0,2.0,75112,M,,,75
201100060681,11,10,24,930,1,2,1,1.0,7.0,75112,M,,,75
201100060682,11,10,24,1145,1,2,5,1.0,6.0,75112,M,,,75
201100060683,11,10,24,1535,1,2,4,1.0,4.0,75112,M,,,75
201100060684,11,10,24,1825,2,2,2,1.0,6.0,75112,M,,,75
201100060685,11,10,25,1900,5,2,2,8.0,2.0,75112,M,,,75
201100060686,11,10,27,950,1,2,2,1.0,3.0,75112,M,,,75
201100060687,11,10,27,1445,1,2,1,1.0,7.0,75112,M,,,75
201100060688,11,10,28,950,1,2,2,1.0,2.0,75112,M,,,75
201100060689,11,10,28,1650,1,2,3,1.0,6.0,75112,M,,,75
201100060690,11,10,29,1950,3,2,1,2.0,7.0,75112,M,,,75
201100060691,11,10,29,1910,5,2,3,2.0,7.0,75112,M,,,75
201100060692,11,10,31,1410,1,2,2,1.0,3.0,75112,M,,,75
201100060693,11,10,31,1650,1,2,2,1.0,3.0,75112,M,,,75
201100060694,11,10,31,2010,5,2,3,1.0,6.0,75112,M,,,75
201100060695,11,11,1,1940,5,2,1,8.0,2.0,75112,M,,,75
201100060696,11,11,3,905,1,2,1,2.0,6.0,75112,M,,,75
201100060697,11,11,3,1045,1,2,7,1.0,3.0,75112,M,,,75
201100060698,11,11,4,725,1,2,2,1.0,2.0,75112,M,,,75
201100060699,11,11,7,1815,5,2,2,1.0,6.0,75112,M,,,75
201100060700,11,11,7,1945,5,2,2,2.0,6.0,75112,M,,,75
201100060701,11,11,8,1215,1,2,1,1.0,7.0,75112,M,,,75
201100060702,11,11,8,1615,1,2,1,1.0,6.0,75112,M,,,75
201100060703,11,11,8,2025,3,2,4,1.0,6.0,75112,M,,,75
201100060704,11,11,9,1425,1,2,1,1.0,2.0,75112,M,,,75
201100060705,11,11,9,1500,1,2,1,1.0,4.0,75112,M,,,75
201100060706,11,11,11,30,5,2,1,1.0,3.0,75112,M,,,75
201100060707,11,11,11,345,5,2,5,1.0,3.0,75112,M,,,75
201100060708,11,11,12,1615,1,2,5,1.0,3.0,75112,M,,,75
201100060709,11,11,16,1230,1,2,1,1.0,4.0,75112,M,,,75
201100060710,11,11,17,1020,1,2,4,1.0,7.0,75112,M,,,75
201100060711,11,11,18,845,1,2,1,1.0,2.0,75112,M,,,75
201100060712,11,11,18,1430,1,2,3,1.0,6.0,75112,M,,,75
201100060713,11,11,19,410,5,2,2,1.0,6.0,75112,M,,,75
201100060714,11,11,19,1125,1,2,2,1.0,3.0,75112,M,,,75
201100060715,11,11,20,1340,1,2,7,1.0,3.0,75112,M,,,75
201100060716,11,11,21,945,1,2,4,1.0,3.0,75112,M,,,75
201100060717,11,11,22,125,5,2,5,1.0,6.0,75112,M,,,75
201100060718,11,11,22,1355,1,2,1,1.0,1.0,75112,M,,,75
201100060719,11,11,22,1744,5,2,1,1.0,3.0,75112,M,,,75
201100060720,11,11,23,1000,1,2,1,1.0,6.0,75112,M,,,75
201100060721,11,11,24,1755,5,2,2,8.0,2.0,75112,M,,,75
201100060722,11,11,25,1925,5,2,7,1.0,7.0,75112,M,,,75
201100060723,11,11,26,955,1,2,7,8.0,6.0,75112,M,,,75
201100060724,11,11,26,1720,5,2,1,1.0,2.0,75112,M,,,75
201100060725,11,11,26,2045,5,2,3,1.0,6.0,75112,M,,,75
201100060726,11,11,27,600,5,2,2,1.0,6.0,75112,M,,,75
201100060727,11,11,28,1135,1,2,3,2.0,7.0,75112,M,,,75
201100060728,11,11,27,2140,3,2,1,1.0,6.0,75112,M,,,75
201100060729,11,11,28,1357,1,2,1,1.0,7.0,75112,M,,,75
201100060730,11,11,29,1030,1,2,7,1.0,3.0,75112,M,,,75
201100060731,11,11,29,1900,2,2,3,1.0,1.0,75112,M,,,75
201100060732,11,11,29,2315,5,2,5,2.0,1.0,75112,M,,,75
201100060733,11,11,30,815,1,2,2,1.0,6.0,75112,M,,,75
201100060734,11,12,1,1013,1,2,7,2.0,7.0,75112,M,,,75
201100060735,11,12,1,2155,5,2,2,1.0,3.0,75112,M,,,75
201100060736,11,12,2,1830,5,2,1,1.0,3.0,75112,M,,,75
201100060737,11,12,3,1810,5,2,3,2.0,6.0,75112,M,,,75
201100060738,11,12,3,1904,5,2,1,1.0,4.0,75112,M,,,75
201100060739,11,12,3,2115,5,2,3,8.0,1.0,75112,M,,,75
201100060740,11,12,4,745,2,2,3,1.0,6.0,75112,M,,,75
201100060741,11,12,4,1210,1,2,1,8.0,7.0,75112,M,,,75
201100060742,11,12,4,1945,5,2,2,3.0,6.0,75112,M,,,75
201100060743,11,12,5,1940,5,2,3,2.0,6.0,75112,M,,,75
201100060744,11,12,6,1600,2,2,1,3.0,6.0,75112,M,,,75
201100060745,11,12,7,1457,1,2,1,2.0,6.0,75112,M,,,75
201100060746,11,12,7,1950,5,2,7,1.0,3.0,75112,M,,,75
201100060747,11,12,7,2335,5,2,1,1.0,7.0,75112,M,,,75
201100060748,11,12,9,940,1,2,3,2.0,6.0,75112,M,,,75
201100060749,11,12,10,1440,1,2,3,1.0,6.0,75112,M,,,75
201100060750,11,12,10,1610,1,2,1,1.0,3.0,75112,M,,,75
201100060751,11,12,10,2125,5,2,2,1.0,3.0,75112,M,,,75
201100060752,11,12,11,1520,1,2,4,2.0,6.0,75112,M,,,75
201100060753,11,12,11,2305,5,2,4,1.0,6.0,75112,M,,,75
201100060754,11,12,13,1540,1,2,2,2.0,3.0,75112,M,,,75
201100060755,11,12,14,1458,1,2,1,1.0,3.0,75112,M,,,75
201100060756,11,12,14,2235,5,2,5,1.0,3.0,75112,M,,,75
201100060757,11,12,15,1515,1,2,1,1.0,3.0,75112,M,,,75
201100060758,11,12,15,1630,2,2,3,1.0,3.0,75112,M,,,75
201100060759,11,12,15,1915,5,2,1,2.0,3.0,75112,M,,,75
201100060760,11,12,15,2210,5,2,5,3.0,3.0,75112,M,,,75
201100060761,11,12,17,15,5,2,2,1.0,6.0,75112,M,,,75
201100060762,11,12,19,120,5,2,1,2.0,6.0,75112,M,,,75
201100060763,11,12,20,1520,1,2,7,8.0,3.0,75112,M,,,75
201100060764,11,12,20,1510,1,2,1,1.0,2.0,75112,M,,,75
201100060765,11,12,21,1910,5,2,1,2.0,3.0,75112,M,,,75
201100060766,11,12,28,1235,1,2,1,2.0,6.0,75112,M,,,75
201100060767,11,12,28,1855,5,2,1,1.0,6.0,75112,M,,,75
201100060768,11,12,29,1411,1,2,1,1.0,6.0,75112,M,,,75
201100060769,11,12,29,1930,5,2,7,1.0,6.0,75112,M,,,75
201100060770,11,12,30,1920,5,2,1,2.0,6.0,75112,M,,,75
201100060771,11,12,31,1025,1,2,1,2.0,6.0,75112,M,,,75
201100060772,11,1,2,1750,5,2,1,1.0,6.0,75113,M,,,75
201100060773,11,1,3,1545,1,2,1,1.0,6.0,75113,M,,,75
201100060774,11,1,5,1350,1,2,5,1.0,3.0,75113,M,,,75
201100060775,11,1,5,2342,5,2,2,3.0,6.0,75113,M,,,75
201100060776,11,1,8,950,1,2,1,1.0,6.0,75113,M,,,75
201100060777,11,1,8,1140,1,2,5,1.0,3.0,75113,M,,,75
201100060778,11,1,8,1745,5,2,1,2.0,6.0,75113,M,,,75
201100060779,11,1,9,1300,1,2,4,1.0,4.0,75113,M,,,75
201100060780,11,1,9,1900,5,2,5,1.0,7.0,75113,M,,,75
201100060781,11,1,11,1445,1,2,5,2.0,3.0,75113,M,,,75
201100060782,11,1,11,1740,5,2,1,1.0,6.0,75113,M,,,75
201100060783,11,1,13,1350,1,2,1,1.0,6.0,75113,M,,,75
201100060784,11,1,14,930,1,2,1,1.0,2.0,75113,M,,,75
201100060785,11,1,14,1905,5,2,3,2.0,6.0,75113,M,,,75
201100060786,11,1,16,1800,5,2,3,1.0,6.0,75113,M,,,75
201100060787,11,1,19,1745,5,2,5,1.0,2.0,75113,M,,,75
201100060788,11,1,20,1520,1,2,2,1.0,3.0,75113,M,,,75
201100060789,11,1,20,1815,5,2,3,1.0,6.0,75113,M,,,75
201100060790,11,1,20,1930,5,2,1,1.0,6.0,75113,M,,,75
201100060791,11,1,23,1230,1,2,1,1.0,6.0,75113,M,,,75
201100060792,11,1,26,1825,5,2,3,1.0,3.0,75113,M,,,75
201100060793,11,1,26,2005,5,2,3,1.0,6.0,75113,M,,,75
201100060794,11,1,29,2355,5,2,1,1.0,6.0,75113,M,,,75
201100060795,11,2,1,825,1,2,1,1.0,3.0,75113,M,,,75
201100060796,11,2,1,1220,1,2,3,1.0,6.0,75113,M,,,75
201100060797,11,2,2,25,5,2,1,9.0,7.0,75113,M,,,75
201100060798,11,2,1,2300,5,2,2,2.0,3.0,75113,M,,,75
201100060799,11,2,2,1205,1,2,1,1.0,3.0,75113,M,,,75
201100060800,11,2,3,1625,1,2,3,1.0,6.0,75113,M,,,75
201100060801,11,2,5,635,5,2,1,1.0,3.0,75113,M,,,75
201100060802,11,2,5,1620,1,2,3,1.0,7.0,75113,M,,,75
201100060803,11,2,6,1545,1,2,2,2.0,6.0,75113,M,,,75
201100060804,11,2,6,1835,3,2,3,1.0,6.0,75113,M,,,75
201100060805,11,2,9,940,1,2,5,1.0,7.0,75113,M,,,75
201100060806,11,2,10,320,5,2,5,1.0,6.0,75113,M,,,75
201100060807,11,2,10,1930,5,2,4,2.0,3.0,75113,M,,,75
201100060808,11,2,10,1940,5,2,5,2.0,6.0,75113,M,,,75
201100060809,11,2,11,1445,1,2,1,1.0,3.0,75113,M,,,75
201100060810,11,2,11,1610,1,2,1,1.0,6.0,75113,M,,,75
201100060811,11,2,13,440,5,2,2,1.0,5.0,75113,M,,,75
201100060812,11,2,14,840,1,2,1,1.0,3.0,75113,M,,,75
201100060813,11,2,15,2350,5,2,2,1.0,3.0,75113,M,,,75
201100060814,11,2,19,108,5,2,1,1.0,3.0,75113,M,,,75
201100060815,11,2,19,1700,1,2,5,2.0,6.0,75113,M,,,75
201100060816,11,2,20,615,5,2,1,1.0,6.0,75113,M,,,75
201100060817,11,2,22,1730,1,2,1,1.0,6.0,75113,M,,,75
201100060818,11,2,24,1205,1,2,1,1.0,6.0,75113,M,,,75
201100060819,11,2,25,2020,2,2,2,1.0,2.0,75113,M,,,75
201100060820,11,2,27,2310,5,2,2,1.0,6.0,75113,M,,,75
201100060821,11,3,1,825,1,2,2,1.0,6.0,75113,M,,,75
201100060822,11,3,1,1355,1,2,1,1.0,7.0,75113,M,,,75
201100060823,11,3,2,755,1,2,2,1.0,3.0,75113,M,4883500.0,234494.0,75
201100060824,11,3,2,1450,1,2,1,1.0,6.0,75113,M,4882910.0,236921.0,75
201100060825,11,3,4,1835,2,2,1,1.0,6.0,75113,M,,,75
201100060826,11,3,7,745,1,2,4,1.0,3.0,75113,M,,,75
201100060827,11,3,7,930,1,2,1,1.0,6.0,75113,M,,,75
201100060828,11,3,7,855,1,2,1,1.0,2.0,75113,M,,,75
201100060829,11,3,7,1645,1,2,1,1.0,6.0,75113,M,,,75
201100060830,11,3,7,2325,5,2,5,1.0,2.0,75113,M,,,75
201100060831,11,3,8,2025,5,2,2,1.0,3.0,75113,M,,,75
201100060832,11,3,10,1530,1,2,2,1.0,6.0,75113,M,,,75
201100060833,11,3,11,520,5,2,2,1.0,6.0,75113,M,,,75
201100060834,11,3,11,955,1,2,4,1.0,2.0,75113,M,,,75
201100060835,11,3,11,1050,1,2,3,1.0,3.0,75113,M,,,75
201100060836,11,3,12,1500,1,2,5,1.0,7.0,75113,M,,,75
201100060837,11,3,12,1955,5,2,5,2.0,7.0,75113,M,,,75
201100060838,11,3,13,550,5,2,5,1.0,6.0,75113,M,,,75
201100060839,11,3,14,835,1,2,3,1.0,3.0,75113,M,,,75
201100060840,11,3,15,900,1,2,7,1.0,7.0,75113,M,,,75
201100060841,11,3,16,1125,1,2,5,1.0,3.0,75113,M,,,75
201100060842,11,3,18,1630,1,2,1,2.0,7.0,75113,M,,,75
201100060843,11,3,18,1700,1,2,1,2.0,7.0,75113,M,,,75
201100060844,11,3,18,2150,5,2,4,2.0,6.0,75113,M,,,75
201100060845,11,3,19,1425,1,2,1,1.0,7.0,75113,M,,,75
201100060846,11,3,20,1425,1,2,2,1.0,3.0,75113,M,,,75
201100060847,11,3,21,1115,1,2,2,1.0,6.0,75113,M,,,75
201100060848,11,3,21,1305,1,2,2,1.0,6.0,75113,M,,,75
201100060849,11,3,22,1745,1,2,1,1.0,6.0,75113,M,,,75
201100060850,11,3,22,1935,3,2,2,1.0,6.0,75113,M,,,75
201100060851,11,3,23,920,1,2,5,1.0,7.0,75105,M,,,75
201100060852,11,3,25,1120,1,2,1,1.0,5.0,75113,M,,,75
201100060853,11,3,26,2145,5,2,2,2.0,6.0,75113,M,,,75
201100060854,11,3,29,1720,1,2,3,2.0,3.0,75113,M,,,75
201100060855,11,3,31,1520,1,2,1,1.0,2.0,75113,M,,,75
201100060856,11,3,31,1630,1,2,1,1.0,3.0,75113,M,,,75
201100060857,11,3,31,1630,1,2,1,8.0,6.0,75113,M,,,75
201100060858,11,4,1,1610,1,2,1,1.0,7.0,75113,M,,,75
201100060859,11,4,4,2150,5,2,1,1.0,3.0,75113,M,,,75
201100060860,11,4,5,1311,1,2,4,1.0,3.0,75113,M,,,75
201100060861,11,4,5,1250,1,2,3,1.0,2.0,75113,M,,,75
201100060862,11,4,5,1720,1,2,1,1.0,7.0,75113,M,,,75
201100060863,11,4,6,915,1,2,2,1.0,6.0,75113,M,,,75
201100060864,11,4,6,1400,1,2,1,1.0,6.0,75113,M,,,75
201100060865,11,4,6,1715,1,2,1,1.0,6.0,75113,M,,,75
201100060866,11,4,6,1900,1,2,5,1.0,3.0,75113,M,,,75
201100060867,11,4,7,2000,2,2,1,1.0,7.0,75113,M,,,75
201100060868,11,4,8,1420,1,2,5,1.0,2.0,75113,M,,,75
201100060869,11,4,8,1900,1,2,1,1.0,7.0,75113,M,,,75
201100060870,11,4,8,1755,1,2,4,1.0,3.0,75113,M,,,75
201100060871,11,4,9,1755,1,2,1,1.0,6.0,75113,M,,,75
201100060872,11,4,11,2125,5,2,1,1.0,2.0,75113,M,,,75
201100060873,11,4,12,1530,1,2,3,1.0,6.0,75113,M,,,75
201100060874,11,4,12,1650,1,2,2,1.0,6.0,75113,M,,,75
201100060875,11,4,12,1815,1,2,1,1.0,3.0,75113,M,,,75
201100060876,11,4,16,1620,1,2,5,1.0,3.0,75113,M,,,75
201100060877,11,4,18,940,1,2,1,1.0,6.0,75113,M,,,75
201100060878,11,4,18,1740,1,2,2,1.0,3.0,75113,M,,,75
201100060879,11,4,19,1510,1,2,3,1.0,2.0,75113,M,,,75
201100060880,11,4,19,2250,5,2,1,1.0,7.0,75113,M,,,75
201100060881,11,4,20,850,1,2,5,1.0,6.0,75113,M,,,75
201100060882,11,4,20,1510,2,2,1,1.0,6.0,75113,M,,,75
201100060883,11,4,21,940,1,2,3,1.0,3.0,75113,M,,,75
201100060884,11,4,21,1155,1,2,3,1.0,3.0,75113,M,,,75
201100060885,11,4,21,1410,1,2,1,1.0,4.0,75113,M,,,75
201100060886,11,4,22,1615,1,2,1,1.0,7.0,75113,M,,,75
201100060887,11,4,22,1815,1,2,1,1.0,6.0,75113,M,,,75
201100060888,11,4,22,1900,1,2,5,1.0,3.0,75113,M,,,75
201100060889,11,4,22,2300,5,2,1,1.0,7.0,75113,M,,,75
201100060890,11,4,23,2255,5,2,2,1.0,6.0,75113,M,,,75
201100060891,11,4,24,1645,1,2,1,1.0,6.0,75113,M,,,75
201100060892,11,4,26,845,1,2,1,1.0,7.0,75113,M,,,75
201100060893,11,4,28,1515,1,2,1,1.0,6.0,75113,M,,,75
201100060894,11,4,28,2100,5,2,2,1.0,2.0,75113,M,,,75
201100060895,11,4,29,1500,1,2,2,2.0,3.0,75113,M,,,75
201100060896,11,4,29,2000,1,2,2,1.0,3.0,75113,M,,,75
201100060897,11,5,1,345,5,2,3,1.0,6.0,75113,M,,,75
201100060898,11,5,4,1805,1,2,2,1.0,3.0,75113,M,,,75
201100060899,11,5,4,1840,1,2,1,1.0,6.0,75113,M,,,75
201100060900,11,5,5,45,5,2,2,1.0,6.0,75113,M,,,75
201100060901,11,5,5,1455,1,2,4,1.0,4.0,75113,M,,,75
201100060902,11,5,5,1750,1,2,1,1.0,3.0,75113,M,,,75
201100060903,11,5,5,2215,5,2,5,1.0,6.0,75113,M,,,75
201100060904,11,5,6,830,1,2,1,1.0,7.0,75113,M,,,75
201100060905,11,5,6,1320,1,2,3,1.0,3.0,75113,M,,,75
201100060906,11,5,6,1615,1,2,3,1.0,2.0,75113,M,,,75
201100060907,11,5,6,2230,3,2,1,1.0,6.0,75113,M,,,75
201100060908,11,5,7,1406,1,2,5,1.0,3.0,75113,M,,,75
201100060909,11,5,9,1345,1,2,1,1.0,3.0,75113,M,,,75
201100060910,11,5,10,1550,1,2,3,1.0,6.0,75113,M,,,75
201100060911,11,5,10,1730,1,2,3,1.0,3.0,75113,M,,,75
201100060912,11,5,10,1810,1,2,2,1.0,2.0,75113,M,,,75
201100060913,11,5,12,840,1,2,3,1.0,6.0,75113,M,,,75