Num_Acc,an,mois,jour,hrmn,lum,agg,int,atm,col,com,gps,lat,long,dep
201100060914,11,5,12,1630,1,2,5,1.0,2.0,75113,M,,,75
201100060915,11,5,12,1805,1,2,4,1.0,6.0,75113,M,,,75
201100060916,11,5,13,1635,1,2,1,1.0,6.0,75113,M,,,75
201100060917,11,5,13,1920,1,2,1,1.0,2.0,75113,M,,,75
201100060918,11,5,14,1945,1,2,3,1.0,6.0,75113,M,,,75
201100060919,11,5,17,855,1,2,5,1.0,6.0,75113,M,,,75
201100060920,11,5,17,1855,1,2,1,1.0,6.0,75113,M,,,75
201100060921,11,5,17,1930,1,2,5,1.0,6.0,75113,M,,,75
201100060922,11,5,18,825,1,2,3,1.0,6.0,75113,M,,,75
201100060923,11,5,18,830,1,2,2,1.0,1.0,75113,M,,,75
201100060924,11,5,18,1745,1,2,7,1.0,3.0,75113,M,,,75
201100060925,11,5,20,710,1,2,1,1.0,4.0,75113,M,,,75
201100060926,11,5,22,1330,1,2,1,1.0,3.0,75113,M,,,75
201100060927,11,5,23,800,1,2,3,1.0,6.0,75113,M,,,75
201100060928,11,5,23,1745,1,2,1,1.0,6.0,75113,M,,,75
201100060929,11,5,24,1310,1,2,2,1.0,6.0,75113,M,,,75
201100060930,11,5,24,2045,1,2,5,1.0,3.0,75113,M,,,75
201100060931,11,5,24,2120,5,2,4,1.0,2.0,75113,M,,,75
201100060932,11,5,25,1550,1,2,2,1.0,6.0,75113,M,,,75
201100060933,11,5,25,1730,1,2,2,1.0,3.0,75113,M,,,75
201100060934,11,5,25,2345,5,2,5,1.0,7.0,75113,M,,,75
201100060935,11,5,26,1845,1,2,2,1.0,3.0,75113,M,,,75
201100060936,11,5,27,920,1,2,1,8.0,6.0,75113,M,,,75
201100060937,11,5,27,1250,1,2,5,1.0,4.0,75113,M,,,75
201100060938,11,5,29,455,2,2,7,1.0,3.0,75113,M,,,75
201100060939,11,5,30,930,1,2,5,1.0,7.0,75113,M,,,75
201100060940,11,6,1,2200,5,2,5,1.0,6.0,75113,M,,,75
201100060941,11,6,4,915,1,2,5,1.0,3.0,75113,M,,,75
201100060942,11,6,6,145,5,2,1,2.0,2.0,75113,M,,,75
201100060943,11,6,6,1200,1,2,1,2.0,6.0,75113,M,,,75
201100060944,11,6,7,1325,1,2,7,2.0,2.0,75113,M,,,75
201100060945,11,6,7,940,1,2,3,2.0,7.0,75113,M,,,75
201100060946,11,6,9,1400,1,2,2,1.0,3.0,75113,M,,,75
201100060947,11,6,10,1815,1,2,1,1.0,6.0,75113,M,,,75
201100060948,11,6,10,2215,5,2,5,1.0,7.0,75113,M,,,75
201100060949,11,6,10,2030,1,2,5,1.0,2.0,75113,M,,,75
201100060950,11,6,11,2310,5,2,3,1.0,7.0,75113,M,,,75
201100060951,11,6,12,115,5,2,1,1.0,6.0,75113,M,,,75
201100060952,11,6,12,1500,1,2,3,1.0,7.0,75113,M,,,75
201100060953,11,6,14,1455,1,2,1,1.0,6.0,75113,M,,,75
201100060954,11,6,14,2130,2,2,7,1.0,6.0,75113,M,,,75
201100060955,11,6,15,1430,1,2,2,1.0,1.0,75113,M,,,75
201100060956,11,6,16,1745,1,2,3,1.0,1.0,75113,M,,,75
201100060957,11,6,17,1255,1,2,1,1.0,2.0,75113,M,,,75
201100060958,11,6,17,1515,1,2,2,2.0,2.0,75113,M,,,75
201100060959,11,6,18,1805,1,2,2,8.0,5.0,75113,M,,,75
201100060960,11,6,18,2010,1,2,2,1.0,3.0,75113,M,,,75
201100060961,11,6,23,1019,1,2,1,1.0,6.0,75113,M,,,75
201100060962,11,6,23,1910,1,2,3,1.0,2.0,75113,M,,,75
201100060963,11,6,24,605,1,2,2,1.0,3.0,75113,M,,,75
201100060964,11,6,26,630,1,2,1,1.0,6.0,75113,M,,,75
201100060965,11,6,26,845,1,2,2,1.0,1.0,75113,M,,,75
201100060966,11,6,26,1220,1,2,2,1.0,7.0,75113,M,,,75
201100060967,11,6,29,135,5,2,3,1.0,3.0,75113,M,,,75
201100060968,11,6,30,1315,1,2,5,1.0,3.0,75113,M,,,75
201100060969,11,6,30,510,1,2,1,1.0,4.0,75113,M,,,75
201100060970,11,7,2,305,5,2,1,1.0,7.0,75113,M,,,75
201100060971,11,7,3,1430,1,2,1,1.0,6.0,75113,M,,,75
201100060972,11,7,4,800,1,2,3,1.0,3.0,75113,M,,,75
201100060973,11,7,4,2230,4,2,1,1.0,6.0,75113,M,,,75
201100060974,11,7,6,1045,1,2,5,1.0,3.0,75113,M,,,75
201100060975,11,7,7,1815,1,2,2,1.0,3.0,75113,M,,,75
201100060976,11,7,8,1025,1,2,1,2.0,3.0,75113,M,,,75
201100060977,11,7,8,1715,1,2,2,1.0,3.0,75113,M,,,75
201100060978,11,7,8,1850,1,2,1,1.0,3.0,75113,M,,,75
201100060979,11,7,11,1020,1,2,1,1.0,6.0,75113,M,,,75
201100060980,11,7,11,1615,1,2,2,1.0,3.0,75113,M,,,75
201100060981,11,7,11,2106,1,2,4,1.0,6.0,75113,M,,,75
201100060982,11,7,13,1930,1,2,2,1.0,3.0,75113,M,,,75
201100060983,11,7,16,1840,2,2,1,3.0,6.0,75113,M,,,75
201100060984,11,7,18,1300,1,2,2,2.0,6.0,75113,M,,,75
201100060985,11,7,19,450,5,2,5,2.0,3.0,75113,M,,,75
201100060986,11,7,20,1020,1,2,1,1.0,6.0,75113,M,,,75
201100060987,11,7,25,1800,1,2,2,1.0,7.0,75113,M,,,75
201100060988,11,7,29,1100,1,2,1,1.0,3.0,75113,M,,,75
201100060989,11,7,29,1550,1,2,3,1.0,6.0,75113,M,,,75
201100060990,11,8,1,2015,1,2,2,1.0,6.0,75113,M,,,75
201100060991,11,8,3,755,1,2,1,2.0,6.0,75113,M,,,75
201100060992,11,8,3,825,1,2,1,2.0,6.0,75113,M,,,75
201100060993,11,8,3,1910,1,2,1,1.0,4.0,75113,M,,,75
201100060994,11,8,3,2210,5,2,5,1.0,7.0,75113,M,,,75
201100060995,11,8,4,1600,1,2,5,2.0,2.0,75113,M,,,75
201100060996,11,8,10,1800,1,2,7,1.0,6.0,75113,M,,,75
201100060997,11,8,11,1920,1,2,2,1.0,1.0,75113,M,,,75
201100060998,11,8,15,2050,1,2,3,1.0,3.0,75113,M,,,75
201100060999,11,8,17,1525,1,2,7,1.0,7.0,75113,M,,,75
201100061000,11,8,22,2130,5,2,5,1.0,7.0,75113,M,,,75
201100061001,11,8,26,955,2,2,4,1.0,6.0,75113,M,,,75
201100061002,11,8,27,2040,2,2,2,1.0,7.0,75113,M,,,75
201100061003,11,8,28,2035,5,2,2,1.0,6.0,75113,M,,,75
201100061004,11,8,28,2035,2,2,2,1.0,5.0,75113,M,,,75
201100061005,11,8,30,655,1,2,1,1.0,3.0,75113,M,,,75
201100061006,11,8,30,1900,1,2,1,1.0,6.0,75113,M,,,75
201100061007,11,8,30,2320,5,2,3,1.0,3.0,75113,M,,,75
201100061008,11,8,31,1910,1,2,2,1.0,3.0,75113,M,,,75
201100061009,11,8,31,2300,5,2,2,1.0,2.0,75113,M,,,75
201100061010,11,9,1,1830,1,2,3,1.0,4.0,75113,M,,,75
201100061011,11,9,3,2045,5,2,1,8.0,6.0,75113,M,,,75
201100061012,11,9,6,720,1,2,2,1.0,2.0,75113,M,,,75
201100061013,11,9,7,2000,2,2,1,1.0,4.0,75113,M,,,75
201100061014,11,9,9,725,1,2,2,1.0,3.0,75113,M,,,75
201100061015,11,9,10,1345,1,2,1,1.0,7.0,75113,M,,,75
201100061016,11,9,12,1730,1,2,7,1.0,7.0,75113,M,,,75
201100061017,11,9,13,1700,1,2,5,1.0,3.0,75113,M,,,75
201100061018,11,9,13,1925,2,2,3,1.0,3.0,75113,M,,,75
201100061019,11,9,14,855,1,2,1,1.0,3.0,75113,M,,,75
201100061020,11,9,15,1034,1,2,2,1.0,6.0,75113,M,,,75
201100061021,11,9,15,2135,5,2,3,1.0,6.0,75113,M,,,75
201100061022,11,9,16,1242,1,2,2,1.0,1.0,75113,M,,,75
201100061023,11,9,16,2030,5,2,5,1.0,3.0,75113,M,,,75
201100061024,11,9,20,1810,1,2,3,1.0,6.0,75113,M,,,75
201100061025,11,9,20,2330,5,2,2,1.0,3.0,75113,M,,,75
201100061026,11,9,21,1550,1,2,1,1.0,2.0,75113,M,,,75
201100061027,11,9,21,2110,5,2,1,1.0,6.0,75113,M,,,75
201100061028,11,9,23,2055,5,2,1,1.0,6.0,75113,M,,,75
201100061029,11,9,24,1415,1,2,2,1.0,7.0,75113,M,,,75
201100061030,11,9,26,1040,1,2,5,1.0,6.0,75113,M,,,75
201100061031,11,9,28,810,1,2,2,1.0,3.0,75113,M,,,75
201100061032,11,9,28,1240,1,2,2,1.0,1.0,75113,M,,,75
201100061033,11,9,28,2300,3,2,1,1.0,6.0,75113,M,,,75
201100061034,11,9,29,1655,1,2,3,1.0,1.0,75113,M,,,75
201100061035,11,9,30,1335,1,2,5,1.0,6.0,75113,M,,,75
201100061036,11,9,30,1430,1,2,3,1.0,6.0,75113,M,,,75
201100061037,11,10,1,125,5,2,1,1.0,6.0,75113,M,,,75
201100061038,11,10,1,1525,1,2,1,1.0,3.0,75113,M,,,75
201100061039,11,10,3,825,1,2,1,1.0,3.0,75113,M,,,75
201100061040,11,10,3,920,1,2,2,1.0,3.0,75113,M,,,75
201100061041,11,10,3,1450,1,2,2,1.0,3.0,75113,M,,,75
201100061042,11,10,5,1745,1,2,5,1.0,2.0,75113,M,,,75
201100061043,11,10,5,2350,5,2,5,1.0,6.0,75113,M,,,75
201100061044,11,10,6,838,1,2,1,2.0,6.0,75113,M,,,75
201100061045,11,10,7,1600,1,2,2,2.0,6.0,75113,M,,,75
201100061046,11,10,12,1435,1,2,3,1.0,6.0,75113,M,,,75
201100061047,11,10,13,1245,1,2,2,2.0,7.0,75113,M,,,75
201100061048,11,10,14,1645,1,2,1,1.0,6.0,75113,M,,,75
201100061049,11,10,14,1825,1,2,3,6.0,6.0,75113,M,,,75
201100061050,11,10,15,1155,1,2,5,1.0,6.0,75113,M,,,75
201100061051,11,10,15,2035,5,2,5,1.0,2.0,75113,M,,,75
201100061052,11,10,16,1815,1,2,1,1.0,1.0,75113,M,,,75
201100061053,11,10,17,2100,5,2,3,1.0,3.0,75113,M,,,75
201100061054,11,10,18,2100,5,2,4,2.0,7.0,75113,M,,,75
201100061055,11,10,19,1,5,2,2,2.0,6.0,75113,M,,,75
201100061056,11,10,19,1630,1,2,2,1.0,3.0,75113,M,,,75
201100061057,11,10,21,830,1,2,2,1.0,3.0,75113,M,,,75
201100061058,11,10,23,1340,1,2,2,1.0,3.0,75113,M,,,75
201100061059,11,10,24,1310,1,2,2,1.0,7.0,75113,M,,,75
201100061060,11,10,24,1445,1,2,2,1.0,6.0,75113,M,,,75
201100061061,11,10,24,1910,2,2,5,1.0,3.0,75113,M,,,75
201100061062,11,10,25,1035,1,2,1,1.0,1.0,75113,M,,,75
201100061063,11,10,25,1725,1,2,1,1.0,3.0,75113,M,,,75
201100061064,11,10,26,1735,1,2,1,1.0,6.0,75113,M,,,75
201100061065,11,10,27,1204,1,2,4,1.0,3.0,75113,M,,,75
201100061066,11,10,27,1250,1,2,1,1.0,7.0,75113,M,,,75
201100061067,11,10,27,1730,1,2,1,1.0,6.0,75113,M,,,75
201100061068,11,10,28,1620,1,2,2,1.0,7.0,75113,M,,,75
201100061069,11,10,29,1230,1,2,2,1.0,3.0,75113,M,,,75
201100061070,11,10,30,2215,5,2,3,1.0,2.0,75113,M,,,75
201100061071,11,11,2,1220,1,2,1,1.0,6.0,75113,M,,,75
201100061072,11,11,3,1835,5,2,1,3.0,3.0,75113,M,,,75
201100061073,11,11,4,1230,1,2,4,1.0,6.0,75113,M,,,75
201100061074,11,11,4,2130,5,2,5,1.0,3.0,75113,M,,,75
201100061075,11,11,5,1330,1,2,2,1.0,7.0,75113,M,,,75
201100061076,11,11,6,2150,5,2,5,1.0,2.0,75113,M,,,75
201100061077,11,11,7,825,1,2,4,1.0,3.0,75113,M,,,75
201100061078,11,11,7,1340,1,2,2,1.0,6.0,75113,M,,,75
201100061079,11,11,8,915,1,2,1,2.0,7.0,75113,M,,,75
201100061080,11,11,8,927,1,2,3,2.0,6.0,75113,M,,,75
201100061081,11,11,8,2005,5,2,5,2.0,3.0,75113,M,,,75
201100061082,11,11,9,930,1,2,2,1.0,2.0,75113,M,,,75
201100061083,11,11,9,1755,5,2,3,1.0,2.0,75113,M,,,75
201100061084,11,11,10,1020,1,2,1,1.0,6.0,75113,M,,,75
201100061085,11,11,10,1055,1,2,2,1.0,6.0,75113,M,,,75
201100061086,11,11,10,1233,1,2,3,1.0,2.0,75113,M,,,75
201100061087,11,11,10,1545,1,2,1,1.0,2.0,75113,M,,,75
201100061088,11,11,11,545,5,2,1,1.0,3.0,75113,M,,,75
201100061089,11,11,13,1705,5,2,2,1.0,1.0,75113,M,,,75
201100061090,11,11,14,715,1,2,3,1.0,2.0,75113,M,,,75
201100061091,11,11,13,2330,5,2,2,1.0,1.0,75113,M,,,75
201100061092,11,11,15,2000,5,2,2,1.0,6.0,75113,M,,,75
201100061093,11,11,17,1835,5,2,4,1.0,3.0,75113,M,,,75
201100061094,11,11,20,2135,5,2,2,2.0,7.0,75113,M,,,75
201100061095,11,11,21,940,1,2,2,1.0,3.0,75113,M,,,75
201100061096,11,11,21,1940,5,2,5,1.0,6.0,75113,M,,,75
201100061097,11,11,23,1835,5,2,3,1.0,6.0,75113,M,,,75
201100061098,11,11,24,1750,5,2,1,1.0,6.0,75113,M,,,75
201100061099,11,11,25,1930,5,2,2,1.0,2.0,75113,M,,,75
201100061100,11,11,27,1245,1,2,3,1.0,1.0,75113,M,,,75
201100061101,11,11,28,810,1,2,3,1.0,7.0,75113,M,,,75
201100061102,11,11,28,820,1,2,5,8.0,6.0,75113,M,,,75
201100061103,11,11,30,840,1,2,1,1.0,7.0,75113,M,,,75
201100061104,11,12,1,1235,1,2,3,2.0,7.0,75113,M,,,75
201100061105,11,12,1,1635,5,2,1,1.0,6.0,75113,M,,,75
201100061106,11,12,1,1540,1,2,1,2.0,6.0,75113,M,,,75
201100061107,11,12,2,910,1,2,1,1.0,7.0,75113,M,,,75
201100061108,11,12,2,1650,1,2,3,1.0,6.0,75113,M,,,75
201100061109,11,12,2,2345,5,2,2,1.0,6.0,75113,M,,,75
201100061110,11,12,5,1830,5,2,4,2.0,3.0,75113,M,,,75
201100061111,11,12,9,1800,5,2,1,1.0,6.0,75113,M,,,75
201100061112,11,12,9,1830,5,2,2,8.0,6.0,75113,M,,,75
201100061113,11,12,10,920,1,2,2,1.0,6.0,75113,M,,,75
201100061114,11,12,11,1900,3,2,2,1.0,3.0,75113,M,,,75
201100061115,11,12,11,2005,5,2,1,2.0,3.0,75113,M,,,75
201100061116,11,12,11,2235,5,2,2,2.0,3.0,75113,M,,,75
201100061117,11,12,12,1300,1,2,1,1.0,6.0,75113,M,,,75
201100061118,11,12,12,1959,5,2,1,1.0,6.0,75113,M,,,75
201100061119,11,12,13,1700,5,2,1,1.0,7.0,75113,M,,,75
201100061120,11,12,14,610,5,2,4,2.0,6.0,75113,M,,,75
201100061121,11,12,14,920,1,2,3,1.0,5.0,75113,M,,,75
201100061122,11,12,15,1335,1,2,1,1.0,7.0,75113,M,,,75
201100061123,11,12,17,1615,2,2,2,2.0,3.0,75113,M,,,75
201100061124,11,12,18,1740,5,2,1,1.0,3.0,75113,M,,,75
201100061125,11,12,19,1815,5,2,1,2.0,3.0,75113,M,,,75
201100061126,11,12,19,2000,3,2,1,2.0,2.0,75113,M,,,75
201100061127,11,12,21,220,5,2,2,3.0,6.0,75113,M,,,75
201100061128,11,12,22,315,5,2,2,2.0,7.0,75113,M,,,75
201100061129,11,12,23,2205,5,2,5,1.0,3.0,75113,M,,,75
201100061130,11,12,24,1345,1,2,7,1.0,7.0,75113,M,,,75
201100061131,11,12,27,1730,5,2,1,1.0,6.0,75113,M,,,75
201100061132,11,12,28,1505,1,2,1,2.0,3.0,75113,M,,,75
201100061133,11,12,30,1245,1,2,1,1.0,3.0,75113,M,,,75
201100061134,11,12,30,1730,5,2,2,2.0,6.0,75113,M,,,75
201100061135,11,12,31,930,1,2,2,2.0,3.0,75113,M,,,75
201100061136,11,1,1,350,5,2,1,1.0,6.0,75114,M,,,75
201100061137,11,1,5,1030,1,2,4,1.0,6.0,75114,M,,,75
201100061138,11,1,6,905,1,2,1,2.0,2.0,75114,M,,,75
201100061139,11,1,6,2125,3,2,2,2.0,3.0,75114,M,,,75
201100061140,11,1,7,1045,1,2,2,2.0,3.0,75114,M,,,75
201100061141,11,1,8,1915,5,2,3,2.0,3.0,75114,M,,,75
201100061142,11,1,8,2120,5,2,1,2.0,6.0,75114,M,,,75
201100061143,11,1,8,2330,5,2,1,2.0,6.0,75114,M,,,75
201100061144,11,1,10,930,1,2,2,1.0,3.0,75114,M,,,75
201100061145,11,1,14,1838,3,2,5,2.0,6.0,75114,M,,,75
201100061146,11,1,14,1830,5,2,2,3.0,3.0,75114,M,,,75
201100061147,11,1,14,2330,5,2,3,1.0,3.0,75114,M,,,75
201100061148,11,1,18,354,5,2,3,1.0,7.0,75114,M,,,75
201100061149,11,1,18,1105,1,2,1,1.0,6.0,75114,M,,,75
201100061150,11,1,24,730,2,2,2,1.0,7.0,75114,M,,,75
201100061151,11,1,27,1037,1,2,1,1.0,6.0,75114,M,,,75
201100061152,11,1,31,1820,5,2,3,1.0,3.0,75114,M,,,75
201100061153,11,1,31,2215,5,2,4,1.0,3.0,75114,M,,,75
201100061154,11,1,31,1055,1,2,3,1.0,7.0,75114,M,,,75
201100061155,11,2,2,1905,5,2,2,1.0,6.0,75114,M,,,75
201100061156,11,2,3,1405,1,2,1,1.0,6.0,75114,M,,,75
201100061157,11,2,3,1730,1,2,1,1.0,6.0,75114,M,,,75
201100061158,11,2,3,1830,5,2,1,1.0,4.0,75107,M,,,75
201100061159,11,2,4,840,1,2,2,1.0,6.0,75114,M,,,75
201100061160,11,2,4,1810,5,2,1,1.0,6.0,75114,M,,,75
201100061161,11,2,5,1440,1,2,1,1.0,2.0,75114,M,,,75
201100061162,11,2,7,1120,1,2,1,1.0,6.0,75114,M,,,75
201100061163,11,2,7,1525,1,2,1,1.0,6.0,75114,M,,,75
201100061164,11,2,7,1730,1,2,5,1.0,3.0,75114,M,,,75
201100061165,11,2,7,1750,1,2,5,1.0,3.0,75114,M,,,75
201100061166,11,2,8,1640,1,2,3,1.0,6.0,75114,M,,,75
201100061167,11,2,8,1945,5,2,3,1.0,3.0,75114,M,,,75
201100061168,11,2,10,1345,1,2,1,1.0,3.0,75114,M,,,75
201100061169,11,2,13,2020,5,2,3,1.0,6.0,75114,M,,,75
201100061170,11,2,14,1235,1,2,2,1.0,3.0,75114,M,,,75
201100061171,11,2,15,1130,1,2,5,2.0,6.0,75114,M,,,75
201100061172,11,2,17,1535,1,2,3,1.0,6.0,75114,M,,,75
201100061173,11,2,18,1830,5,2,3,1.0,6.0,75114,M,,,75
201100061174,11,2,19,1145,1,2,3,2.0,6.0,75114,M,,,75
201100061175,11,2,21,1410,1,2,5,1.0,6.0,75114,M,,,75
201100061176,11,2,23,1735,1,2,4,3.0,3.0,75114,M,,,75
201100061177,11,2,23,1830,5,2,1,2.0,6.0,75114,M,,,75
201100061178,11,2,25,1035,1,2,4,1.0,6.0,75114,M,,,75
201100061179,11,2,25,2000,5,2,1,1.0,6.0,75114,M,,,75
201100061180,11,2,27,1915,5,2,1,1.0,3.0,75114,M,,,75
201100061181,11,2,28,945,1,2,2,1.0,6.0,75114,M,,,75
201100061182,11,3,1,1755,1,2,1,1.0,6.0,75114,M,,,75
201100061183,11,3,2,1350,1,2,2,1.0,3.0,75114,M,4882480.0,231828.0,75
201100061184,11,3,3,1800,2,2,3,1.0,6.0,75114,M,,,75
201100061185,11,3,3,1900,5,2,1,1.0,7.0,75114,M,,,75
201100061186,11,3,5,1710,1,2,2,1.0,3.0,75114,M,,,75
201100061187,11,3,7,1105,1,2,5,1.0,3.0,75114,M,,,75
201100061188,11,3,8,845,1,2,1,1.0,3.0,75114,M,,,75
201100061189,11,3,9,845,1,2,3,1.0,3.0,75114,M,,,75
201100061190,11,3,15,1025,1,2,2,1.0,3.0,75114,M,,,75
201100061191,11,3,16,1930,5,2,2,1.0,7.0,75114,M,,,75
201100061192,11,3,16,2025,5,2,5,1.0,3.0,75114,M,,,75
201100061193,11,3,17,1000,1,2,2,2.0,3.0,75114,M,,,75
201100061194,11,3,17,1340,1,2,1,8.0,2.0,75114,M,,,75
201100061195,11,3,18,50,5,2,5,2.0,6.0,75114,M,,,75
201100061196,11,3,18,1523,1,2,4,1.0,6.0,75114,M,,,75
201100061197,11,3,18,1850,3,2,1,2.0,3.0,75114,M,,,75
201100061198,11,3,21,1540,1,2,5,1.0,6.0,75114,M,,,75
201100061199,11,3,23,1435,1,2,4,1.0,3.0,75114,M,,,75
201100061200,11,3,26,945,1,2,1,1.0,3.0,75114,M,,,75
201100061201,11,3,26,2025,5,2,4,2.0,3.0,75114,M,,,75
201100061202,11,3,28,1947,1,2,1,1.0,3.0,75114,M,,,75
201100061203,11,3,29,1425,1,2,1,1.0,3.0,75114,M,,,75
201100061204,11,3,29,1705,1,2,2,2.0,6.0,75114,M,,,75
201100061205,11,3,29,1830,2,2,2,2.0,3.0,75114,M,,,75
201100061206,11,3,30,1510,1,2,1,1.0,3.0,75114,M,,,75
201100061207,11,3,30,1835,1,2,1,2.0,6.0,75114,M,,,75
201100061208,11,4,2,1015,1,2,1,1.0,2.0,75114,M,,,75
201100061209,11,4,2,2145,5,2,3,1.0,3.0,75114,M,,,75
201100061210,11,4,3,1115,1,2,7,1.0,6.0,75114,M,,,75
201100061211,11,4,3,2200,5,2,4,1.0,3.0,75114,M,,,75
201100061212,11,4,4,115,5,2,5,1.0,3.0,75114,M,,,75
201100061213,11,4,4,1635,1,2,3,1.0,6.0,75114,M,,,75
201100061214,11,4,5,240,5,2,4,1.0,6.0,75114,M,,,75
201100061215,11,4,6,1015,1,2,2,1.0,3.0,75114,M,,,75
201100061216,11,4,6,2125,5,2,1,1.0,3.0,75114,M,,,75
201100061217,11,4,8,755,1,2,4,1.0,2.0,75114,M,,,75
201100061218,11,4,8,1425,1,2,1,1.0,6.0,75114,M,,,75
201100061219,11,4,9,1620,1,2,1,1.0,6.0,75114,M,,,75
201100061220,11,4,10,1030,1,2,5,1.0,1.0,75114,M,,,75
201100061221,11,4,11,2115,5,2,1,1.0,1.0,75115,M,,,75
201100061222,11,4,9,55,5,2,1,1.0,6.0,75114,M,,,75
201100061223,11,4,12,2355,5,2,1,1.0,3.0,75114,M,,,75
201100061224,11,4,13,1745,1,2,1,8.0,6.0,75114,M,,,75
201100061225,11,4,15,830,1,2,4,1.0,3.0,75114,M,,,75
201100061226,11,4,15,1830,1,2,3,1.0,3.0,75114,M,,,75
201100061227,11,4,15,1930,1,2,1,1.0,6.0,75114,M,,,75
201100061228,11,4,16,1400,1,2,5,1.0,6.0,75114,M,,,75
201100061229,11,4,18,635,2,2,1,1.0,3.0,75114,M,,,75
201100061230,11,4,20,1855,1,2,4,1.0,6.0,75114,M,,,75
201100061231,11,4,22,730,1,2,1,1.0,6.0,75114,M,,,75
201100061232,11,4,22,1210,1,2,5,1.0,6.0,75114,M,,,75
201100061233,11,4,22,2040,2,2,1,6.0,6.0,75114,M,,,75
201100061234,11,4,23,1310,1,2,1,1.0,3.0,75114,M,,,75
201100061235,11,4,27,1150,1,2,1,1.0,3.0,75114,M,,,75
201100061236,11,4,27,1410,1,2,1,1.0,6.0,75114,M,,,75
201100061237,11,4,28,850,1,2,1,1.0,3.0,75114,M,,,75
201100061238,11,4,28,1600,1,2,2,1.0,6.0,75114,M,,,75
201100061239,11,5,1,330,5,2,5,1.0,6.0,75114,M,,,75
201100061240,11,5,1,1502,1,2,1,1.0,6.0,75114,M,,,75
201100061241,11,5,2,855,1,2,1,1.0,3.0,75114,M,,,75
201100061242,11,5,2,1630,1,2,3,2.0,2.0,75114,M,,,75
201100061243,11,5,5,1020,1,2,4,1.0,3.0,75114,M,,,75
201100061244,11,5,5,1400,1,2,1,1.0,2.0,75114,M,,,75
201100061245,11,5,6,2140,5,2,5,1.0,6.0,75114,M,,,75
201100061246,11,5,7,1440,1,2,1,1.0,6.0,75114,M,,,75
201100061247,11,5,8,930,1,2,3,1.0,3.0,75114,M,,,75
201100061248,11,5,8,1700,1,2,5,1.0,2.0,75114,M,,,75
201100061249,11,5,9,1120,1,2,1,1.0,6.0,75114,M,,,75
201100061250,11,5,9,1315,1,2,2,1.0,6.0,75114,M,,,75
201100061251,11,5,10,230,5,2,2,1.0,6.0,75114,M,,,75
201100061252,11,5,10,1530,1,2,1,1.0,6.0,75114,M,,,75
201100061253,11,5,10,1735,1,2,1,1.0,6.0,75114,M,,,75
201100061254,11,5,10,1900,1,2,1,1.0,3.0,75114,M,,,75
201100061255,11,5,11,2030,2,2,1,1.0,2.0,75114,M,,,75
201100061256,11,5,12,1815,1,2,3,1.0,6.0,75114,M,,,75
201100061257,11,5,14,20,5,2,4,1.0,5.0,75114,M,,,75
201100061258,11,5,14,1940,1,2,1,1.0,3.0,75114,M,,,75
201100061259,11,5,15,1800,1,2,1,1.0,6.0,75114,M,,,75
201100061260,11,5,18,1926,1,2,7,1.0,3.0,75114,M,,,75
201100061261,11,5,19,2000,1,2,1,1.0,6.0,75114,M,,,75
201100061262,11,5,21,1840,1,2,3,1.0,3.0,75114,M,,,75
201100061263,11,5,21,2340,5,2,2,1.0,7.0,75114,M,,,75
201100061264,11,5,22,2110,2,2,1,1.0,6.0,75114,M,,,75
201100061265,11,5,23,920,1,2,4,1.0,6.0,75114,M,,,75
201100061266,11,5,23,1720,1,2,5,1.0,3.0,75114,M,,,75
201100061267,11,5,24,840,1,2,1,1.0,7.0,75114,M,,,75
201100061268,11,5,24,1620,1,2,4,1.0,7.0,75114,M,,,75
201100061269,11,5,25,1805,1,2,4,1.0,6.0,75114,M,,,75
201100061270,11,5,27,1120,1,2,2,1.0,3.0,75114,M,,,75
201100061271,11,5,28,1810,1,2,1,1.0,6.0,75114,M,,,75
201100061272,11,5,29,1555,1,2,7,1.0,6.0,75114,M,,,75
201100061273,11,5,30,1905,1,2,2,1.0,6.0,75114,M,,,75
201100061274,11,6,2,1810,1,2,2,1.0,6.0,75114,M,,,75
201100061275,11,6,3,730,1,2,4,1.0,6.0,75114,M,,,75
201100061276,11,6,4,1505,1,2,2,1.0,1.0,75114,M,,,75
201100061277,11,6,4,2135,2,2,2,1.0,2.0,75114,M,,,75
201100061278,11,6,6,5,5,2,4,3.0,2.0,75114,M,,,75
201100061279,11,6,6,940,1,2,2,2.0,6.0,75114,M,,,75
201100061280,11,6,9,1250,1,2,2,1.0,3.0,75114,M,,,75
201100061281,11,6,11,520,1,2,1,1.0,3.0,75114,M,,,75
201100061282,11,6,15,950,1,2,1,1.0,2.0,75114,M,,,75
201100061283,11,6,15,1930,1,2,1,1.0,6.0,75114,M,,,75
201100061284,11,6,16,1440,1,2,7,1.0,6.0,75114,M,,,75
201100061285,11,6,16,2002,1,2,2,1.0,2.0,75114,M,,,75
201100061286,11,6,17,1800,1,2,1,8.0,7.0,75114,M,,,75
201100061287,11,6,21,645,2,2,1,3.0,7.0,75114,M,,,75
201100061288,11,6,21,1935,2,2,5,1.0,6.0,75114,M,,,75
201100061289,11,6,22,905,1,2,5,3.0,2.0,75114,M,,,75
201100061290,11,6,22,1740,1,2,4,1.0,6.0,75114,M,,,75
201100061291,11,6,25,1600,1,2,5,1.0,3.0,75114,M,,,75
201100061292,11,6,27,1920,1,2,1,1.0,3.0,75114,M,,,75
201100061293,11,6,27,2207,5,2,2,1.0,3.0,75114,M,,,75
201100061294,11,6,28,2330,5,2,2,1.0,5.0,75114,M,,,75
201100061295,11,6,29,1805,1,2,2,1.0,6.0,75114,M,,,75
201100061296,11,6,30,1650,1,2,2,1.0,2.0,75114,M,,,75
201100061297,11,7,1,2310,5,2,1,1.0,2.0,75113,M,,,75
201100061298,11,7,5,1440,1,2,1,1.0,3.0,75114,M,,,75