Num_Acc,an,mois,jour,hrmn,lum,agg,int,atm,col,com,gps,lat,long,dep
201100061299,11,7,5,1755,1,2,1,1.0,3.0,75114,M,,,75
201100061300,11,7,6,1915,1,2,1,1.0,6.0,75114,M,,,75
201100061301,11,7,7,935,1,2,1,1.0,6.0,75114,M,,,75
201100061302,11,7,7,1630,1,2,1,8.0,6.0,75114,M,,,75
201100061303,11,7,7,1725,1,2,3,1.0,3.0,75114,M,,,75
201100061304,11,7,7,2015,1,2,1,1.0,3.0,75114,M,,,75
201100061305,11,7,9,1740,1,2,5,1.0,3.0,75114,M,,,75
201100061306,11,6,30,115,5,2,1,1.0,6.0,75114,M,,,75
201100061307,11,7,9,2216,5,2,1,1.0,2.0,75114,M,,,75
201100061308,11,7,13,1935,1,2,1,1.0,3.0,75114,M,,,75
201100061309,11,7,14,1210,1,2,1,1.0,2.0,75114,M,,,75
201100061310,11,7,17,2000,2,2,2,1.0,6.0,75114,M,,,75
201100061311,11,7,18,1415,1,2,7,1.0,3.0,75114,M,,,75
201100061312,11,7,20,1250,1,2,3,1.0,6.0,75114,M,,,75
201100061313,11,7,21,1520,1,2,1,1.0,7.0,75114,M,,,75
201100061314,11,7,22,645,1,2,5,1.0,6.0,75114,M,,,75
201100061315,11,7,22,1300,1,2,3,1.0,6.0,75114,M,,,75
201100061316,11,7,23,400,5,2,3,1.0,6.0,75114,M,,,75
201100061317,11,7,23,2100,2,2,4,1.0,3.0,75114,M,,,75
201100061318,11,7,26,1835,1,2,2,1.0,6.0,75114,M,,,75
201100061319,11,7,26,2315,5,2,2,1.0,3.0,75114,M,,,75
201100061320,11,7,29,915,1,2,2,8.0,3.0,75114,M,,,75
201100061321,11,8,1,2000,1,2,4,1.0,6.0,75114,M,,,75
201100061322,11,8,3,345,5,2,3,2.0,7.0,75114,M,,,75
201100061323,11,8,4,845,1,2,5,1.0,6.0,75114,M,,,75
201100061324,11,8,9,1210,1,2,2,1.0,3.0,75114,M,,,75
201100061325,11,8,9,2310,5,2,4,1.0,3.0,75114,M,,,75
201100061326,11,8,12,1525,1,2,1,1.0,6.0,75114,M,,,75
201100061327,11,8,16,530,5,2,7,1.0,1.0,75114,M,,,75
201100061328,11,8,20,1820,1,2,5,1.0,6.0,75114,M,,,75
201100061329,11,8,23,1525,1,2,2,1.0,4.0,75114,M,,,75
201100061330,11,8,25,1155,1,2,1,1.0,3.0,75114,M,,,75
201100061331,11,8,27,1905,1,2,1,2.0,6.0,75114,M,,,75
201100061332,11,8,28,2140,5,2,2,1.0,3.0,75114,M,,,75
201100061333,11,8,31,920,1,2,3,1.0,3.0,75114,M,,,75
201100061334,11,9,3,1050,1,2,2,1.0,7.0,75114,M,,,75
201100061335,11,9,5,1730,1,2,7,1.0,2.0,75114,M,,,75
201100061336,11,9,6,1335,1,2,3,1.0,3.0,75114,M,,,75
201100061337,11,9,9,1130,1,2,2,1.0,3.0,75114,M,,,75
201100061338,11,9,10,1700,1,2,1,1.0,2.0,75114,M,,,75
201100061339,11,9,14,950,1,2,2,1.0,3.0,75114,M,,,75
201100061340,11,9,14,1705,1,2,2,1.0,1.0,75114,M,,,75
201100061341,11,9,14,2225,5,2,1,1.0,3.0,75114,M,,,75
201100061342,11,9,15,1220,1,2,5,1.0,6.0,75114,M,,,75
201100061343,11,9,15,1845,1,2,5,1.0,6.0,75114,M,,,75
201100061344,11,9,20,915,1,2,3,1.0,3.0,75114,M,,,75
201100061345,11,9,20,1230,1,2,1,1.0,3.0,75114,M,,,75
201100061346,11,9,20,1445,1,2,1,1.0,4.0,75114,M,,,75
201100061347,11,9,20,2100,5,2,2,1.0,6.0,75114,M,,,75
201100061348,11,9,23,1325,1,2,4,1.0,6.0,75114,M,,,75
201100061349,11,9,24,1225,1,2,2,1.0,3.0,75114,M,,,75
201100061350,11,9,25,1625,1,2,5,1.0,6.0,75114,M,,,75
201100061351,11,9,26,810,1,2,7,1.0,3.0,75114,M,,,75
201100061352,11,9,26,2000,5,2,2,1.0,2.0,75114,M,,,75
201100061353,11,9,27,240,3,2,1,1.0,6.0,75114,M,,,75
201100061354,11,9,29,1820,1,2,7,1.0,3.0,75114,M,,,75
201100061355,11,9,30,920,1,2,3,1.0,6.0,75114,M,,,75
201100061356,11,9,30,1700,1,2,2,1.0,6.0,75114,M,,,75
201100061357,11,10,3,1725,1,2,2,1.0,3.0,75114,M,,,75
201100061358,11,10,8,1045,1,2,7,1.0,6.0,75114,M,,,75
201100061359,11,10,11,1950,5,2,1,1.0,6.0,75114,M,,,75
201100061360,11,10,12,1310,1,2,1,1.0,3.0,75114,M,,,75
201100061361,11,10,14,1000,1,2,4,1.0,6.0,75114,M,,,75
201100061362,11,10,15,1110,1,2,3,1.0,6.0,75114,M,,,75
201100061363,11,10,15,1730,1,2,1,1.0,6.0,75114,M,,,75
201100061364,11,10,17,750,1,2,1,1.0,6.0,75114,M,,,75
201100061365,11,10,17,1418,1,2,7,1.0,3.0,75114,M,,,75
201100061366,11,10,18,1940,5,2,1,2.0,6.0,75114,M,,,75
201100061367,11,10,19,1,5,2,1,2.0,3.0,75114,M,,,75
201100061368,11,10,20,720,5,2,1,1.0,6.0,75114,M,,,75
201100061369,11,10,21,720,1,2,5,1.0,6.0,75114,M,,,75
201100061370,11,10,22,1335,1,2,7,1.0,6.0,75115,M,,,75
201100061371,11,10,25,1100,1,2,2,1.0,2.0,75114,M,,,75
201100061372,11,10,27,2140,5,2,1,1.0,3.0,75114,M,,,75
201100061373,11,10,28,1855,5,2,1,1.0,2.0,75114,M,,,75
201100061374,11,10,29,2015,5,2,2,2.0,1.0,75114,M,,,75
201100061375,11,10,31,810,1,2,3,1.0,3.0,75114,M,,,75
201100061376,11,11,2,1755,5,2,1,1.0,6.0,75114,M,,,75
201100061377,11,11,2,2335,5,2,5,1.0,6.0,75114,M,,,75
201100061378,11,11,3,815,1,2,2,2.0,3.0,75114,M,,,75
201100061379,11,11,1,1155,1,2,1,2.0,7.0,75114,M,,,75
201100061380,11,11,3,1910,5,2,7,3.0,6.0,75114,M,,,75
201100061381,11,11,3,2050,5,2,7,2.0,2.0,75114,M,,,75
201100061382,11,11,3,2330,5,2,4,3.0,7.0,75114,M,,,75
201100061383,11,11,4,1430,1,2,2,1.0,3.0,75114,M,,,75
201100061384,11,11,7,1225,1,2,4,1.0,6.0,75114,M,,,75
201100061385,11,11,7,1730,5,2,1,1.0,6.0,75114,M,,,75
201100061386,11,11,7,2240,5,2,7,2.0,3.0,75114,M,,,75
201100061387,11,11,8,645,2,2,7,9.0,2.0,75114,M,,,75
201100061388,11,11,11,625,5,2,4,1.0,3.0,75114,M,,,75
201100061389,11,11,12,215,5,2,1,1.0,6.0,75114,M,,,75
201100061390,11,11,14,1315,1,2,5,1.0,1.0,75114,M,,,75
201100061391,11,11,15,1210,1,2,3,1.0,6.0,75114,M,,,75
201100061392,11,11,16,1627,1,2,1,1.0,7.0,75114,M,,,75
201100061393,11,11,17,1900,5,2,1,1.0,3.0,75114,M,,,75
201100061394,11,11,19,5,5,2,2,1.0,3.0,75114,M,,,75
201100061395,11,11,19,50,5,2,1,1.0,2.0,75114,M,,,75
201100061396,11,11,19,1330,1,2,1,1.0,6.0,75114,M,,,75
201100061397,11,11,19,1335,1,2,3,1.0,6.0,75114,M,,,75
201100061398,11,11,19,1810,5,2,4,1.0,7.0,75114,M,,,75
201100061399,11,11,20,1535,1,2,7,1.0,3.0,75114,M,,,75
201100061400,11,11,22,1015,1,2,1,1.0,6.0,75114,M,,,75
201100061401,11,11,22,1540,1,2,4,1.0,3.0,75114,M,,,75
201100061402,11,11,25,1145,1,2,5,8.0,2.0,75114,M,,,75
201100061403,11,11,27,2040,3,2,2,1.0,3.0,75114,M,,,75
201100061404,11,11,30,705,2,2,1,1.0,1.0,75114,M,,,75
201100061405,11,11,30,855,1,2,2,1.0,6.0,75114,M,,,75
201100061406,11,11,30,1715,5,2,3,1.0,3.0,75114,M,,,75
201100061407,11,12,3,800,2,2,1,2.0,3.0,75114,M,,,75
201100061408,11,12,4,1110,1,2,2,8.0,3.0,75114,M,,,75
201100061409,11,12,6,1950,5,2,3,2.0,3.0,75114,M,,,75
201100061410,11,12,8,910,1,2,5,1.0,6.0,75114,M,,,75
201100061411,11,12,9,850,1,2,3,2.0,1.0,75114,M,,,75
201100061412,11,12,9,1320,1,2,1,2.0,3.0,75114,M,,,75
201100061413,11,12,13,720,5,2,5,2.0,3.0,75114,M,,,75
201100061414,11,12,13,904,1,2,3,3.0,6.0,75114,M,,,75
201100061415,11,12,13,1700,5,2,1,1.0,6.0,75114,M,,,75
201100061416,11,12,14,1830,5,2,7,1.0,3.0,75114,M,,,75
201100061417,11,12,16,1320,1,2,5,2.0,2.0,75114,M,,,75
201100061418,11,12,19,615,5,2,1,1.0,6.0,75114,M,,,75
201100061419,11,12,20,1640,1,2,1,1.0,2.0,75114,M,,,75
201100061420,11,12,21,630,5,2,1,2.0,6.0,75114,M,,,75
201100061421,11,12,21,1535,1,2,5,2.0,3.0,75114,M,,,75
201100061422,11,12,22,1745,2,2,1,1.0,6.0,75114,M,,,75
201100061423,11,12,23,1645,2,2,4,2.0,6.0,75114,M,,,75
201100061424,11,12,24,2120,5,2,2,1.0,3.0,75114,M,,,75
201100061425,11,12,25,1320,1,2,1,1.0,4.0,75114,M,,,75
201100061426,11,12,27,2040,5,2,5,1.0,2.0,75114,M,,,75
201100061427,11,12,29,2050,3,2,7,2.0,6.0,75115,M,,,75
201100061428,11,12,30,1950,5,2,1,2.0,6.0,75114,M,,,75
201100061429,11,1,3,1900,5,2,2,1.0,7.0,75115,M,,,75
201100061430,11,1,3,2140,3,2,2,1.0,6.0,75115,M,,,75
201100061431,11,1,4,1935,5,2,1,1.0,6.0,75115,M,,,75
201100061432,11,1,5,810,1,2,1,1.0,7.0,75115,M,,,75
201100061433,11,1,5,1420,1,2,3,1.0,6.0,75115,M,,,75
201100061434,11,1,8,1410,1,2,1,8.0,3.0,75115,M,,,75
201100061435,11,1,8,2200,5,2,5,3.0,3.0,75115,M,,,75
201100061436,11,1,8,2255,5,2,2,3.0,3.0,75115,M,,,75
201100061437,11,1,9,1330,1,2,5,1.0,4.0,75115,M,,,75
201100061438,11,1,10,1510,1,2,5,1.0,3.0,75115,M,,,75
201100061439,11,1,10,1950,4,2,2,1.0,6.0,75115,M,,,75
201100061440,11,1,12,620,5,2,5,2.0,3.0,75115,M,,,75
201100061441,11,1,12,1310,1,2,2,1.0,3.0,75115,M,,,75
201100061442,11,1,13,1000,1,2,1,1.0,3.0,75115,M,,,75
201100061443,11,1,13,1900,5,2,5,1.0,3.0,75107,M,,,75
201100061444,11,1,14,1624,1,2,1,1.0,6.0,75115,M,,,75
201100061445,11,1,18,1240,1,2,1,2.0,6.0,75115,M,,,75
201100061446,11,1,21,410,5,2,1,1.0,6.0,75115,M,,,75
201100061447,11,1,21,1430,1,2,5,1.0,6.0,75115,M,,,75
201100061448,11,1,24,1040,1,2,2,2.0,6.0,75115,M,,,75
201100061449,11,1,25,1244,1,2,5,1.0,3.0,75115,M,,,75
201100061450,11,1,25,1405,1,2,5,2.0,6.0,75115,M,,,75
201100061451,11,1,25,1830,5,2,5,1.0,6.0,75115,M,,,75
201100061452,11,1,28,745,1,2,7,1.0,6.0,75115,M,,,75
201100061453,11,1,29,940,1,2,2,1.0,6.0,75115,M,,,75
201100061454,11,2,1,30,5,2,2,1.0,6.0,75115,M,,,75
201100061455,11,2,1,1310,1,2,7,1.0,3.0,75115,M,,,75
201100061456,11,2,2,1400,1,2,2,1.0,6.0,75115,M,,,75
201100061457,11,2,2,1430,1,2,5,1.0,3.0,75115,M,,,75
201100061458,11,2,3,905,1,2,2,8.0,6.0,75115,M,,,75
201100061459,11,2,4,930,1,2,2,1.0,6.0,75115,M,,,75
201100061460,11,2,4,1424,1,2,1,1.0,3.0,75114,M,,,75
201100061461,11,2,7,945,1,2,5,1.0,3.0,75115,M,,,75
201100061462,11,2,8,1305,1,2,2,1.0,6.0,75115,M,,,75
201100061463,11,2,9,1415,1,2,2,1.0,3.0,75115,M,,,75
201100061464,11,2,10,850,1,2,3,1.0,6.0,75115,M,,,75
201100061465,11,2,10,950,1,2,2,1.0,6.0,75115,M,,,75
201100061466,11,2,10,1925,5,2,5,2.0,7.0,75115,M,,,75
201100061467,11,2,11,840,1,2,1,1.0,6.0,75115,M,,,75
201100061468,11,2,11,1645,1,2,1,1.0,6.0,75115,M,,,75
201100061469,11,2,13,1530,1,2,5,1.0,6.0,75115,M,,,75
201100061470,11,2,15,835,1,2,2,8.0,3.0,75115,M,,,75
201100061471,11,2,18,2108,5,2,2,1.0,6.0,75115,M,,,75
201100061472,11,2,22,1327,1,2,3,1.0,3.0,75115,M,,,75
201100061473,11,2,22,1845,5,2,2,1.0,2.0,75115,M,,,75
201100061474,11,2,23,1810,5,2,5,2.0,3.0,75115,M,,,75
201100061475,11,2,18,2145,5,2,2,1.0,3.0,75115,M,,,75
201100061476,11,2,23,1835,5,2,2,2.0,7.0,75115,M,,,75
201100061477,11,2,23,2210,5,2,2,2.0,6.0,75115,M,,,75
201100061478,11,2,24,635,2,2,4,2.0,6.0,75115,M,,,75
201100061479,11,2,24,625,5,2,5,2.0,3.0,75115,M,,,75
201100061480,11,2,24,2015,5,2,2,1.0,3.0,75115,M,,,75
201100061481,11,2,27,1210,1,2,1,1.0,6.0,75115,M,,,75
201100061482,11,2,26,2100,5,2,2,2.0,3.0,75115,M,,,75
201100061483,11,2,25,2200,5,2,2,1.0,3.0,75115,M,,,75
201100061484,11,2,24,100,5,2,2,2.0,3.0,75115,M,,,75
201100061485,11,2,28,1320,1,2,5,1.0,4.0,75115,M,,,75
201100061486,11,3,1,1538,1,2,3,1.0,6.0,75115,M,,,75
201100061487,11,2,18,2228,5,2,2,1.0,3.0,75115,M,,,75
201100061488,11,2,19,2000,5,2,1,1.0,3.0,75115,M,,,75
201100061489,11,3,1,820,1,2,1,1.0,7.0,75115,M,,,75
201100061490,11,3,3,50,5,2,4,1.0,6.0,75115,M,,,75
201100061491,11,3,1,1610,1,2,3,1.0,6.0,75115,M,,,75
201100061492,11,3,1,1010,1,2,1,1.0,3.0,75115,M,,,75
201100061493,11,3,4,1915,5,2,1,1.0,3.0,75115,M,,,75
201100061494,11,3,4,1715,1,2,3,1.0,3.0,75115,M,,,75
201100061495,11,3,4,1800,1,2,4,1.0,6.0,75115,M,,,75
201100061496,11,3,5,1730,1,2,1,1.0,3.0,75115,M,,,75
201100061497,11,3,8,1945,5,2,1,1.0,6.0,75115,M,,,75
201100061498,11,3,6,1020,1,2,2,1.0,3.0,75115,M,,,75
201100061499,11,3,6,2140,5,2,5,1.0,6.0,75115,M,,,75
201100061500,11,3,8,1340,1,2,1,1.0,2.0,75115,M,,,75
201100061501,11,3,15,1130,1,2,1,1.0,6.0,75115,M,,,75
201100061502,11,3,8,1650,1,2,1,1.0,6.0,75115,M,,,75
201100061503,11,3,8,1830,5,2,2,1.0,4.0,75115,M,,,75
201100061504,11,3,8,2020,5,2,2,1.0,3.0,75115,M,,,75
201100061505,11,3,10,855,1,2,1,1.0,3.0,75115,M,,,75
201100061506,11,3,10,1205,1,2,2,1.0,3.0,75115,M,,,75
201100061507,11,3,11,755,1,2,2,1.0,6.0,75115,M,,,75
201100061508,11,3,11,1040,1,2,7,1.0,3.0,75115,M,,,75
201100061509,11,3,11,2115,5,2,7,1.0,6.0,75115,M,0.0,0.0,75
201100061510,11,3,12,2040,4,2,3,2.0,3.0,75115,M,,,75
201100061511,11,3,15,815,1,2,1,1.0,7.0,75115,M,,,75
201100061512,11,3,12,1040,1,2,1,1.0,6.0,75115,M,,,75
201100061513,11,3,17,1750,2,2,1,1.0,6.0,75115,M,,,75
201100061514,11,3,18,1430,1,2,1,1.0,6.0,75115,M,,,75
201100061515,11,3,20,1410,1,2,2,1.0,3.0,75115,M,,,75
201100061516,11,3,21,1120,1,2,1,1.0,6.0,75115,M,,,75
201100061517,11,3,24,920,1,2,5,1.0,6.0,75115,M,,,75
201100061518,11,3,24,1820,1,2,3,1.0,6.0,75115,M,,,75
201100061519,11,3,29,1100,1,2,2,1.0,6.0,75115,M,,,75
201100061520,11,3,20,2000,5,2,7,1.0,6.0,75115,M,,,75
201100061521,11,4,5,2000,2,2,1,1.0,3.0,75115,M,,,75
201100061522,11,4,5,1510,1,2,5,1.0,2.0,75115,M,,,75
201100061523,11,3,20,2005,5,2,2,1.0,1.0,75115,M,,,75
201100061524,11,4,10,1755,1,2,1,1.0,6.0,75115,M,,,75
201100061525,11,3,8,2140,5,2,5,1.0,6.0,75115,M,,,75
201100061526,11,3,28,30,5,2,3,1.0,6.0,75115,M,,,75
201100061527,11,4,2,1850,1,2,5,1.0,6.0,75115,M,,,75
201100061528,11,3,30,1310,1,2,3,1.0,6.0,75115,M,,,75
201100061529,11,3,31,1925,1,2,5,1.0,6.0,75115,M,,,75
201100061530,11,3,18,1340,1,2,3,1.0,3.0,75107,M,,,75
201100061531,11,4,1,1405,1,2,1,1.0,4.0,75115,M,,,75
201100061532,11,4,14,1733,1,2,2,1.0,7.0,75115,M,,,75
201100061533,11,4,16,230,5,2,5,1.0,3.0,75107,M,,,75
201100061534,11,4,28,30,5,2,3,1.0,6.0,75115,M,,,75
201100061535,11,3,31,910,1,2,1,2.0,6.0,75115,M,,,75
201100061536,11,4,1,1815,1,2,5,1.0,6.0,75115,M,,,75
201100061537,11,4,1,1600,1,2,3,1.0,2.0,75115,M,,,75
201100061538,11,4,2,1500,1,2,1,1.0,6.0,75115,M,,,75
201100061539,11,4,7,945,1,2,1,1.0,3.0,75115,M,,,75
201100061540,11,4,16,705,1,2,5,1.0,3.0,75115,M,,,75
201100061541,11,4,7,1505,1,2,4,1.0,3.0,75115,M,,,75
201100061542,11,4,23,2330,5,2,2,2.0,6.0,75115,M,,,75
201100061543,11,4,21,810,1,2,2,1.0,3.0,75115,M,,,75
201100061544,11,4,23,1205,1,2,1,1.0,3.0,75115,M,,,75
201100061545,11,4,22,1150,1,2,5,1.0,3.0,75115,M,,,75
201100061546,11,4,21,1730,1,2,2,1.0,2.0,75115,M,,,75
201100061547,11,4,23,1430,1,2,5,1.0,4.0,75115,M,,,75
201100061548,11,4,8,940,1,2,5,1.0,7.0,75115,M,,,75
201100061549,11,4,9,1705,1,2,1,1.0,3.0,75115,M,,,75
201100061550,11,4,9,2030,5,2,2,1.0,1.0,75115,M,,,75
201100061551,11,4,12,1530,1,2,2,1.0,6.0,75115,M,,,75
201100061552,11,4,13,1708,1,2,1,1.0,3.0,75115,M,,,75
201100061553,11,4,22,1030,1,2,1,1.0,3.0,75115,M,,,75
201100061554,11,5,7,255,5,2,1,1.0,6.0,75107,M,,,75
201100061555,11,4,26,1600,1,2,3,1.0,3.0,75115,M,,,75
201100061556,11,4,26,1730,1,2,1,1.0,6.0,75115,M,,,75
201100061557,11,5,9,850,1,2,5,1.0,3.0,75115,M,,,75
201100061558,11,4,28,1730,1,2,2,2.0,3.0,75115,M,,,75
201100061559,11,4,28,800,1,2,5,1.0,3.0,75115,M,,,75
201100061560,11,4,29,35,5,2,2,1.0,6.0,75115,M,,,75
201100061561,11,4,28,1645,1,2,5,2.0,3.0,75115,M,,,75
201100061562,11,4,29,1900,1,2,5,1.0,3.0,75115,M,,,75
201100061563,11,4,30,555,2,2,1,1.0,6.0,75115,M,,,75
201100061564,11,5,3,930,1,2,4,1.0,3.0,75115,M,,,75
201100061565,11,5,2,1235,1,2,1,1.0,2.0,75115,M,,,75
201100061566,11,5,4,835,1,2,2,1.0,3.0,75115,M,,,75
201100061567,11,5,4,1035,1,2,3,1.0,3.0,75115,M,,,75
201100061568,11,5,4,2200,5,2,2,1.0,7.0,75115,M,,,75
201100061569,11,5,5,1140,1,2,2,1.0,6.0,75115,M,,,75
201100061570,11,5,6,2045,2,2,4,1.0,6.0,75115,M,,,75
201100061571,11,5,10,1740,1,2,5,1.0,6.0,75115,M,,,75
201100061572,11,5,9,1915,1,2,2,1.0,3.0,75115,M,,,75
201100061573,11,5,9,1200,1,2,1,1.0,1.0,75115,M,,,75
201100061574,11,5,10,1005,1,2,1,1.0,7.0,75115,M,,,75
201100061575,11,5,10,1005,1,2,1,1.0,7.0,75115,M,,,75
201100061576,11,5,11,1525,1,2,2,1.0,6.0,75115,M,,,75
201100061577,11,5,10,1410,1,2,2,1.0,2.0,75115,M,,,75
201100061578,11,5,12,825,1,2,5,1.0,6.0,75115,M,,,75
201100061579,11,5,18,1515,1,2,2,1.0,3.0,75115,M,,,75
201100061580,11,5,12,1815,1,2,1,1.0,3.0,75115,M,,,75
201100061581,11,5,14,45,5,2,2,1.0,6.0,75115,M,,,75
201100061582,11,5,14,1935,1,2,2,1.0,3.0,75115,M,,,75
201100061583,11,5,16,920,1,2,1,1.0,3.0,75115,M,,,75
201100061584,11,5,29,1030,1,2,1,7.0,7.0,75115,M,,,75
201100061585,11,5,17,910,1,2,2,1.0,3.0,75115,M,,,75
201100061586,11,5,30,1130,1,2,5,1.0,3.0,75115,M,,,75
201100061587,11,5,17,930,1,2,5,1.0,3.0,75115,M,,,75
201100061588,11,5,30,1340,1,2,2,1.0,4.0,75115,M,,,75
201100061589,11,5,17,1745,1,2,5,1.0,6.0,75115,M,,,75
201100061590,11,5,20,1058,1,2,2,1.0,3.0,75115,M,,,75
201100061591,11,5,31,750,1,2,1,1.0,3.0,75115,M,,,75
201100061592,11,5,31,1325,1,2,1,1.0,6.0,75115,M,,,75
201100061593,11,5,31,2015,1,2,3,1.0,2.0,75115,M,,,75
201100061594,11,5,20,1600,1,2,2,1.0,6.0,75115,M,,,75
201100061595,11,6,1,940,1,2,3,1.0,6.0,75115,M,,,75
201100061596,11,5,20,1725,1,2,4,1.0,6.0,75115,M,,,75
201100061597,11,5,20,2321,5,2,2,1.0,3.0,75115,M,,,75
201100061598,11,5,23,720,1,2,2,1.0,3.0,75115,M,,,75
201100061599,11,5,23,750,1,2,1,1.0,3.0,75115,M,,,75
201100061600,11,6,4,1040,1,2,7,1.0,6.0,75115,M,,,75
201100061601,11,6,5,2055,2,2,7,1.0,4.0,75115,M,,,75
201100061602,11,5,23,1130,1,2,5,1.0,6.0,75115,M,,,75
201100061603,11,6,9,2030,1,2,1,1.0,3.0,75115,M,,,75
201100061604,11,6,10,920,1,2,7,1.0,3.0,75115,M,,,75
201100061605,11,6,10,1110,1,2,1,1.0,3.0,75115,M,,,75
201100061606,11,6,13,1815,1,2,2,1.0,6.0,75115,M,,,75
201100061607,11,5,25,930,1,2,2,1.0,6.0,75115,M,,,75
201100061608,11,5,26,940,1,2,1,1.0,3.0,75115,M,,,75
201100061609,11,6,17,1145,1,2,1,1.0,6.0,75115,M,,,75
201100061610,11,6,17,1540,1,2,1,2.0,6.0,75115,M,,,75
201100061611,11,6,18,1700,1,2,5,2.0,4.0,75115,M,,,75
201100061612,11,6,19,840,1,2,2,1.0,3.0,75115,M,,,75
201100061613,11,6,20,1340,1,2,5,1.0,3.0,75115,M,,,75
201100061614,11,5,26,1005,1,2,3,1.0,6.0,75115,M,,,75
201100061615,11,5,26,1635,1,2,5,1.0,6.0,75115,M,,,75
201100061616,11,6,22,1205,1,2,2,2.0,6.0,75115,M,,,75
201100061617,11,6,23,1745,1,2,2,1.0,2.0,75115,M,,,75
201100061618,11,6,24,1240,1,2,1,1.0,3.0,75115,M,,,75
201100061619,11,6,24,1350,1,2,1,1.0,6.0,75115,M,,,75
201100061620,11,5,29,1950,1,2,2,1.0,3.0,75115,M,,,75
201100061621,11,6,27,315,5,2,5,1.0,2.0,75115,M,,,75
201100061622,11,6,29,830,1,2,2,8.0,2.0,75115,M,,,75
201100061623,11,6,30,1000,1,2,2,1.0,7.0,75115,M,,,75
201100061624,11,7,3,2015,1,2,1,1.0,6.0,75115,M,,,75
201100061625,11,7,4,1135,1,2,1,1.0,3.0,75115,M,,,75
201100061626,11,7,5,1240,1,2,1,1.0,6.0,75115,M,,,75
201100061627,11,7,5,1910,1,2,1,1.0,7.0,75115,M,,,75
201100061628,11,7,5,2005,1,2,1,1.0,3.0,75115,M,,,75
201100061629,11,7,6,1720,1,2,2,1.0,3.0,75115,M,,,75
201100061630,11,7,6,2255,5,2,5,1.0,6.0,75115,M,,,75
201100061631,11,7,7,1230,1,2,1,1.0,2.0,75115,M,,,75
201100061632,11,7,7,1510,1,2,5,1.0,6.0,75115,M,,,75
201100061633,11,7,7,1705,1,2,1,1.0,3.0,75115,M,,,75
201100061634,11,7,9,540,2,2,2,1.0,3.0,75115,M,,,75
201100061635,11,7,9,1745,1,2,7,8.0,3.0,75115,M,,,75
201100061636,11,7,10,1015,1,2,1,1.0,2.0,75115,M,,,75
201100061637,11,7,11,1915,1,2,1,1.0,3.0,75115,M,,,75
201100061638,11,7,12,1430,1,2,5,1.0,6.0,75115,M,,,75
201100061639,11,7,12,1823,1,2,5,1.0,6.0,75115,M,,,75
201100061640,11,7,13,1610,1,2,3,1.0,6.0,75115,M,,,75
201100061641,11,7,14,1125,1,2,5,1.0,2.0,75115,M,,,75
201100061642,11,7,14,1920,1,2,2,1.0,6.0,75115,M,,,75
201100061643,11,7,18,1400,1,2,1,1.0,7.0,75115,M,,,75
201100061644,11,7,18,1555,1,2,1,1.0,4.0,75115,M,,,75
201100061645,11,7,18,1735,1,2,1,1.0,6.0,75115,M,,,75
201100061646,11,7,19,1720,1,2,4,2.0,6.0,75115,M,,,75
201100061647,11,7,19,1810,1,2,1,1.0,6.0,75115,M,,,75
201100061648,11,7,22,1735,1,2,1,2.0,3.0,75115,M,,,75
201100061649,11,7,23,1130,1,2,2,1.0,3.0,75115,M,,,75
201100061650,11,7,25,940,1,2,3,1.0,6.0,75115,M,,,75
201100061651,11,7,28,1735,1,2,3,1.0,3.0,75115,M,,,75
201100061652,11,7,31,730,1,2,3,1.0,3.0,75115,M,,,75
201100061653,11,7,31,915,1,2,2,1.0,6.0,75115,M,,,75
201100061654,11,7,31,1215,1,2,3,1.0,6.0,75115,M,,,75
201100061655,11,8,1,2300,5,2,2,1.0,6.0,75115,M,,,75
201100061656,11,8,2,1040,1,2,1,1.0,3.0,75115,M,,,75
201100061657,11,8,4,1448,1,2,2,2.0,6.0,75115,M,,,75
201100061658,11,8,4,1905,1,2,5,1.0,3.0,75115,M,,,75
201100061659,11,8,5,845,1,2,2,2.0,6.0,75115,M,,,75
201100061660,11,8,5,1900,1,2,1,3.0,4.0,75107,M,,,75
201100061661,11,8,6,1400,1,2,1,1.0,3.0,75115,M,,,75
201100061662,11,8,7,1245,1,2,5,1.0,3.0,75115,M,,,75
201100061663,11,8,8,1840,1,2,4,1.0,6.0,75115,M,,,75
201100061664,11,8,10,1115,1,2,1,1.0,3.0,75115,M,,,75
201100061665,11,8,11,2045,1,2,7,1.0,6.0,75115,M,,,75
201100061666,11,8,12,2145,5,2,1,1.0,7.0,75115,M,,,75
201100061667,11,8,21,1545,1,2,3,1.0,3.0,75115,M,,,75
201100061668,11,8,22,840,1,2,2,1.0,3.0,75115,M,,,75
201100061669,11,8,22,1630,1,2,1,1.0,2.0,75115,M,,,75
201100061670,11,8,24,710,1,2,2,1.0,3.0,75115,M,,,75
201100061671,11,8,24,1740,1,2,7,1.0,3.0,75115,M,,,75
201100061672,11,8,24,1900,1,2,1,1.0,6.0,75115,M,,,75
201100061673,11,8,25,2325,5,2,5,1.0,2.0,75115,M,,,75
201100061674,11,8,29,1735,1,2,3,1.0,6.0,75115,M,,,75
201100061675,11,8,31,1030,1,2,1,1.0,3.0,75115,M,,,75
201100061676,11,9,2,1530,1,2,2,1.0,7.0,75115,M,,,75
201100061677,11,9,2,1905,1,2,1,1.0,3.0,75115,M,,,75
201100061678,11,9,4,140,5,2,1,3.0,7.0,75115,M,,,75
201100061679,11,9,8,1255,1,2,2,2.0,6.0,75115,M,,,75
201100061680,11,9,9,830,1,2,1,8.0,6.0,75115,M,,,75
201100061681,11,9,9,630,5,2,5,1.0,6.0,75115,M,,,75
201100061682,11,9,9,2045,5,2,5,1.0,3.0,75115,M,,,75
201100061683,11,9,10,1910,2,2,1,1.0,7.0,75115,M,,,75
201100061684,11,9,11,2215,5,2,2,1.0,5.0,75115,M,,,75