Num_Acc,an,mois,jour,hrmn,lum,agg,int,atm,col,com,gps,lat,long,dep
201100061685,11,9,12,1555,1,2,1,1.0,6.0,75115,M,,,75
201100061686,11,9,13,616,2,2,1,1.0,2.0,75115,M,,,75
201100061687,11,9,14,1055,1,2,2,1.0,3.0,75115,M,,,75
201100061688,11,9,14,1700,1,2,7,1.0,6.0,75115,M,,,75
201100061689,11,9,15,1725,1,2,3,1.0,6.0,75115,M,,,75
201100061690,11,9,16,830,1,2,3,1.0,3.0,75115,M,,,75
201100061691,11,9,16,1545,1,2,3,1.0,6.0,75115,M,,,75
201100061692,11,9,16,1810,1,2,1,1.0,3.0,75115,M,,,75
201100061693,11,9,17,2315,5,2,2,2.0,6.0,75115,M,,,75
201100061694,11,9,18,1355,1,2,3,1.0,3.0,75115,M,,,75
201100061695,11,9,19,1939,2,2,1,1.0,6.0,75115,M,,,75
201100061696,11,9,19,2040,5,2,3,1.0,3.0,75115,M,,,75
201100061697,11,9,21,1210,1,2,2,1.0,6.0,75115,M,,,75
201100061698,11,9,22,820,1,2,7,2.0,6.0,75115,M,,,75
201100061699,11,9,23,1200,1,2,1,1.0,3.0,75115,M,,,75
201100061700,11,9,24,1730,1,2,1,1.0,2.0,75115,M,,,75
201100061701,11,9,26,805,1,2,1,1.0,3.0,75115,M,,,75
201100061702,11,9,26,1955,5,2,2,1.0,6.0,75115,M,,,75
201100061703,11,9,27,1930,4,2,1,1.0,6.0,75115,M,,,75
201100061704,11,9,28,1250,1,2,1,1.0,3.0,75115,M,,,75
201100061705,11,9,28,1335,1,2,1,1.0,2.0,75115,M,,,75
201100061706,11,9,28,1515,1,2,2,1.0,6.0,75115,M,,,75
201100061707,11,9,29,1520,1,2,5,2.0,3.0,75115,M,,,75
201100061708,11,9,29,1630,1,2,2,1.0,6.0,75115,M,,,75
201100061709,11,9,30,1020,1,2,3,1.0,6.0,75115,M,,,75
201100061710,11,9,30,945,1,2,1,1.0,2.0,75115,M,,,75
201100061711,11,10,3,845,1,2,1,1.0,2.0,75115,M,,,75
201100061712,11,10,4,1445,1,2,1,1.0,6.0,75115,M,,,75
201100061713,11,10,5,845,1,2,3,1.0,6.0,75115,M,,,75
201100061714,11,10,7,1210,1,2,1,1.0,6.0,75115,M,,,75
201100061715,11,10,7,1845,5,2,3,2.0,2.0,75115,M,,,75
201100061716,11,10,7,1945,5,2,1,1.0,2.0,75115,M,,,75
201100061717,11,10,7,2220,5,2,2,1.0,3.0,75115,M,,,75
201100061718,11,10,7,2330,5,2,1,1.0,7.0,75115,M,,,75
201100061719,11,10,8,2020,5,2,1,1.0,6.0,75115,M,,,75
201100061720,11,10,8,1340,1,2,1,1.0,2.0,75115,M,,,75
201100061721,11,10,9,925,1,2,1,2.0,7.0,75115,M,,,75
201100061722,11,10,9,1555,1,2,2,1.0,2.0,75115,M,,,75
201100061723,11,10,9,545,5,2,1,1.0,6.0,75115,M,,,75
201100061724,11,10,11,815,1,2,5,1.0,3.0,75115,M,,,75
201100061725,11,10,12,910,1,2,3,1.0,6.0,75115,M,,,75
201100061726,11,10,12,1700,1,2,2,1.0,6.0,75115,M,,,75
201100061727,11,10,12,2200,5,2,4,1.0,6.0,75115,M,,,75
201100061728,11,10,13,1840,2,2,5,1.0,1.0,75115,M,,,75
201100061729,11,10,14,320,5,2,2,1.0,6.0,75115,M,,,75
201100061730,11,10,14,1220,1,2,7,1.0,2.0,75115,M,,,75
201100061731,11,10,14,2015,5,2,1,1.0,6.0,75115,M,,,75
201100061732,11,10,14,2340,5,2,1,1.0,3.0,75115,M,,,75
201100061733,11,10,15,1615,1,2,1,1.0,7.0,75115,M,,,75
201100061734,11,10,15,1825,2,2,1,1.0,6.0,75115,M,,,75
201100061735,11,10,16,1940,5,2,3,1.0,2.0,75115,M,,,75
201100061736,11,10,17,1700,1,2,1,1.0,4.0,75115,M,,,75
201100061737,11,10,17,2140,5,2,5,1.0,3.0,75114,M,,,75
201100061738,11,10,18,1534,1,2,1,2.0,3.0,75115,M,,,75
201100061739,11,10,18,1825,5,2,3,2.0,6.0,75115,M,,,75
201100061740,11,10,19,2010,5,2,2,1.0,6.0,75115,M,,,75
201100061741,11,10,20,825,1,2,1,1.0,6.0,75115,M,,,75
201100061742,11,10,20,2340,5,2,2,1.0,6.0,75115,M,,,75
201100061743,11,10,25,840,1,2,2,2.0,7.0,75115,M,,,75
201100061744,11,10,26,1555,1,2,2,1.0,6.0,75115,M,,,75
201100061745,11,10,26,1850,2,2,3,1.0,6.0,75115,M,,,75
201100061746,11,10,27,1210,1,2,1,1.0,3.0,75115,M,,,75
201100061747,11,10,27,2015,5,2,3,1.0,6.0,75115,M,,,75
201100061748,11,10,28,855,1,2,5,1.0,7.0,75115,M,,,75
201100061749,11,10,28,1945,5,2,7,1.0,2.0,75115,M,,,75
201100061750,11,10,30,1950,5,2,5,1.0,3.0,75115,M,,,75
201100061751,11,10,31,810,1,2,2,1.0,1.0,75115,M,,,75
201100061752,11,10,31,1715,5,2,1,1.0,6.0,75115,M,,,75
201100061753,11,11,1,1950,2,2,1,1.0,6.0,75115,M,,,75
201100061754,11,11,2,1810,5,2,3,1.0,6.0,75115,M,,,75
201100061755,11,11,4,945,1,2,1,1.0,6.0,75115,M,,,75
201100061756,11,11,4,1040,1,2,3,1.0,6.0,75115,M,,,75
201100061757,11,11,4,2135,5,2,2,3.0,6.0,75115,M,,,75
201100061758,11,11,4,1755,2,2,1,1.0,6.0,75115,M,,,75
201100061759,11,11,7,1720,5,2,1,1.0,6.0,75115,M,,,75
201100061760,11,11,8,800,1,2,1,2.0,7.0,75115,M,,,75
201100061761,11,11,10,1300,1,2,1,1.0,2.0,75115,M,,,75
201100061762,11,11,10,1810,2,2,3,1.0,3.0,75115,M,,,75
201100061763,11,11,11,1000,1,2,3,8.0,6.0,75115,M,,,75
201100061764,11,11,14,1305,1,2,2,1.0,3.0,75115,M,,,75
201100061765,11,11,15,1320,1,2,7,1.0,4.0,75115,M,,,75
201100061766,11,11,16,1000,1,2,3,1.0,2.0,75115,M,,,75
201100061767,11,11,17,2010,5,2,1,1.0,3.0,75115,M,,,75
201100061768,11,11,18,1300,1,2,3,1.0,3.0,75115,M,,,75
201100061769,11,11,18,1710,2,2,2,1.0,6.0,75115,M,,,75
201100061770,11,11,19,14,5,1,1,1.0,7.0,75115,M,,,75
201100061771,11,11,19,1445,1,2,4,1.0,3.0,75115,M,,,75
201100061772,11,11,19,1705,2,2,3,1.0,7.0,75115,M,,,75
201100061773,11,11,19,1835,5,2,2,1.0,3.0,75107,M,,,75
201100061774,11,11,19,2215,5,2,3,1.0,3.0,75107,M,,,75
201100061775,11,11,20,2210,5,2,2,1.0,6.0,75115,M,,,75
201100061776,11,11,21,1140,1,2,2,1.0,3.0,75115,M,,,75
201100061777,11,11,21,1700,2,2,3,1.0,6.0,75115,M,,,75
201100061778,11,11,23,2225,3,2,7,1.0,3.0,75115,M,,,75
201100061779,11,11,24,245,5,2,1,1.0,7.0,75115,M,,,75
201100061780,11,11,25,1330,1,2,1,2.0,7.0,75115,M,,,75
201100061781,11,11,25,1450,1,2,7,2.0,7.0,75115,M,,,75
201100061782,11,11,28,1635,1,2,1,1.0,3.0,75115,M,,,75
201100061783,11,11,30,1250,1,2,7,1.0,2.0,75115,M,,,75
201100061784,11,12,1,900,1,2,3,2.0,6.0,75115,M,,,75
201100061785,11,12,1,1205,1,2,2,2.0,3.0,75115,M,,,75
201100061786,11,12,1,1905,5,2,1,1.0,6.0,75115,M,,,75
201100061787,11,12,2,1315,1,2,2,1.0,6.0,75115,M,,,75
201100061788,11,12,2,1450,1,2,2,1.0,3.0,75115,M,,,75
201100061789,11,12,2,2345,5,2,1,1.0,6.0,75115,M,,,75
201100061790,11,12,6,1210,1,2,1,1.0,3.0,75115,M,,,75
201100061791,11,12,6,1315,1,2,1,1.0,6.0,75115,M,,,75
201100061792,11,12,6,1420,1,2,1,1.0,6.0,75115,M,,,75
201100061793,11,12,7,1950,5,2,1,2.0,7.0,75115,M,,,75
201100061794,11,12,8,642,5,2,2,1.0,6.0,75115,M,,,75
201100061795,11,12,8,1455,1,2,1,1.0,3.0,75107,M,,,75
201100061796,11,12,9,920,1,2,1,2.0,7.0,75115,M,,,75
201100061797,11,12,10,1015,1,2,4,1.0,2.0,75115,M,,,75
201100061798,11,12,10,1120,1,2,1,1.0,3.0,75115,M,,,75
201100061799,11,12,10,1330,1,2,3,1.0,6.0,75115,M,,,75
201100061800,11,12,13,1000,1,2,2,2.0,6.0,75115,M,,,75
201100061801,11,12,14,1420,1,2,1,1.0,6.0,75115,M,,,75
201100061802,11,12,15,1150,1,2,1,1.0,2.0,75115,M,,,75
201100061803,11,12,15,1230,1,2,7,1.0,3.0,75115,M,,,75
201100061804,11,12,15,2150,5,2,5,2.0,3.0,75115,M,,,75
201100061805,11,12,16,755,5,2,4,2.0,6.0,75115,M,,,75
201100061806,11,12,16,2030,5,2,2,2.0,6.0,75115,M,,,75
201100061807,11,12,16,2335,5,2,4,2.0,6.0,75115,M,,,75
201100061808,11,12,17,500,5,2,1,1.0,6.0,75115,M,,,75
201100061809,11,12,17,1100,1,2,5,1.0,6.0,75115,M,,,75
201100061810,11,12,18,525,5,2,1,2.0,6.0,75107,M,,,75
201100061811,11,12,21,1200,1,2,1,2.0,2.0,75115,M,,,75
201100061812,11,12,23,1950,5,2,3,2.0,3.0,75115,M,,,75
201100061813,11,12,24,555,5,2,4,1.0,6.0,75115,M,,,75
201100061814,11,12,24,1200,1,2,3,1.0,2.0,75115,M,,,75
201100061815,11,12,26,2120,5,2,2,1.0,6.0,75115,M,,,75
201100061816,11,12,27,1910,4,2,2,1.0,6.0,75115,M,,,75
201100061817,11,1,1,1720,5,2,1,2.0,7.0,75116,M,,,75
201100061818,11,1,1,555,5,2,1,1.0,6.0,75116,M,,,75
201100061819,11,1,3,854,1,2,2,1.0,3.0,75116,M,,,75
201100061820,11,1,3,945,1,2,5,1.0,3.0,75116,M,,,75
201100061821,11,1,6,1905,5,2,1,2.0,6.0,75116,M,,,75
201100061822,11,1,6,2005,5,2,5,2.0,6.0,75116,M,,,75
201100061823,11,1,7,1030,1,2,1,3.0,6.0,75116,M,,,75
201100061824,11,1,7,1320,1,2,2,8.0,6.0,75116,M,,,75
201100061825,11,1,8,350,5,2,5,1.0,7.0,75116,M,,,75
201100061826,11,1,8,1200,2,2,1,1.0,6.0,75116,M,,,75
201100061827,11,1,8,1400,1,2,1,1.0,3.0,75116,M,,,75
201100061828,11,1,9,1835,5,2,3,1.0,3.0,75116,M,,,75
201100061829,11,1,10,1245,1,2,3,1.0,6.0,75116,M,,,75
201100061830,11,1,11,755,2,2,5,2.0,6.0,75116,M,,,75
201100061831,11,1,11,915,1,2,1,2.0,7.0,75116,M,,,75
201100061832,11,1,11,1835,5,2,5,1.0,3.0,75116,M,,,75
201100061833,11,1,12,845,1,2,3,2.0,6.0,75116,M,,,75
201100061834,11,1,12,855,1,2,5,2.0,6.0,75116,M,,,75
201100061835,11,1,12,830,1,2,1,2.0,6.0,75116,M,,,75
201100061836,11,1,12,850,1,2,5,2.0,6.0,75116,M,,,75
201100061837,11,1,12,2100,5,2,3,2.0,3.0,75116,M,,,75
201100061838,11,1,13,1,5,2,5,2.0,3.0,75116,M,,,75
201100061839,11,1,14,1230,1,2,5,1.0,3.0,75116,M,,,75
201100061840,11,1,14,1545,1,2,5,1.0,3.0,75116,M,,,75
201100061841,11,1,14,1800,5,2,2,2.0,6.0,75116,M,,,75
201100061842,11,1,14,2000,5,2,2,2.0,6.0,75116,M,,,75
201100061843,11,1,15,1545,1,2,1,1.0,3.0,75116,M,,,75
201100061844,11,1,15,1845,5,2,1,1.0,2.0,75116,M,,,75
201100061845,11,1,15,1930,2,2,2,1.0,3.0,75116,M,,,75
201100061846,11,1,16,1200,1,2,1,1.0,7.0,75116,M,,,75
201100061847,11,1,19,120,5,2,5,1.0,7.0,75116,M,,,75
201100061848,11,1,19,245,5,2,5,1.0,6.0,75116,M,,,75
201100061849,11,1,19,1045,1,2,5,1.0,6.0,75116,M,,,75
201100061850,11,1,19,1200,1,2,4,1.0,2.0,75116,M,,,75
201100061851,11,1,19,1350,1,2,5,1.0,3.0,75116,M,,,75
201100061852,11,1,19,2030,5,2,1,1.0,1.0,75116,M,,,75
201100061853,11,1,20,1700,5,2,5,1.0,6.0,75108,M,,,75
201100061854,11,1,21,1800,5,2,2,1.0,6.0,75116,M,,,75
201100061855,11,1,21,2315,5,2,1,1.0,3.0,75116,M,,,75
201100061856,11,1,22,1315,1,2,1,2.0,6.0,75116,M,,,75
201100061857,11,1,24,1905,5,2,5,1.0,3.0,75116,M,,,75
201100061858,11,1,25,815,1,2,2,1.0,2.0,75116,M,,,75
201100061859,11,1,25,1800,5,2,1,1.0,6.0,75116,M,,,75
201100061860,11,1,26,1900,5,2,1,1.0,7.0,75116,M,,,75
201100061861,11,1,27,1905,5,2,1,1.0,6.0,75116,M,,,75
201100061862,11,1,28,1250,1,2,7,1.0,7.0,75116,M,,,75
201100061863,11,1,31,1500,1,2,5,1.0,2.0,75116,M,,,75
201100061864,11,2,1,900,1,2,3,1.0,3.0,75116,M,,,75
201100061865,11,2,1,1700,1,2,2,1.0,6.0,75116,M,,,75
201100061866,11,2,3,810,1,2,4,2.0,7.0,75116,M,,,75
201100061867,11,2,3,1606,1,2,1,1.0,3.0,75116,M,,,75
201100061868,11,2,3,2100,5,2,5,1.0,6.0,75116,M,,,75
201100061869,11,2,4,1500,1,2,1,1.0,3.0,75116,M,,,75
201100061870,11,2,4,2045,5,2,4,1.0,3.0,75116,M,,,75
201100061871,11,2,5,555,5,2,2,1.0,6.0,75116,M,,,75
201100061872,11,2,6,5,5,2,1,1.0,6.0,75116,M,,,75
201100061873,11,2,8,1515,1,2,2,1.0,3.0,75116,M,,,75
201100061874,11,2,8,1915,5,2,4,1.0,6.0,75116,M,,,75
201100061875,11,2,9,1315,1,2,5,1.0,3.0,75116,M,,,75
201100061876,11,2,10,1610,1,2,1,1.0,6.0,75116,M,,,75
201100061877,11,2,11,830,1,2,1,1.0,2.0,75116,M,,,75
201100061878,11,2,11,1925,2,2,3,1.0,6.0,75116,M,,,75
201100061879,11,2,14,1910,5,2,1,1.0,3.0,75116,M,,,75
201100061880,11,2,14,1850,5,2,1,1.0,6.0,75116,M,,,75
201100061881,11,2,15,1545,1,2,1,2.0,6.0,75116,M,,,75
201100061882,11,2,16,1635,1,2,1,1.0,3.0,75116,M,,,75
201100061883,11,2,17,810,1,2,2,1.0,6.0,75116,M,,,75
201100061884,11,2,18,830,1,2,2,1.0,6.0,75116,M,,,75
201100061885,11,2,18,2340,5,2,5,1.0,3.0,75116,M,,,75
201100061886,11,2,20,500,5,2,1,2.0,6.0,75116,M,,,75
201100061887,11,2,20,720,2,2,2,2.0,6.0,75116,M,,,75
201100061888,11,2,21,1725,1,2,2,2.0,6.0,75116,M,,,75
201100061889,11,2,21,1750,2,2,2,2.0,6.0,75116,M,,,75
201100061890,11,2,23,245,5,2,2,1.0,2.0,75116,M,,,75
201100061891,11,2,23,2005,5,2,1,3.0,6.0,75117,M,,,75
201100061892,11,2,25,1315,1,2,5,1.0,6.0,75116,M,,,75
201100061893,11,2,26,1130,1,2,5,2.0,7.0,75116,M,,,75
201100061894,11,2,26,1610,1,2,1,3.0,2.0,75117,M,,,75
201100061895,11,2,27,1400,1,2,5,1.0,5.0,75116,M,,,75
201100061896,11,3,1,1055,1,2,1,1.0,7.0,75116,M,,,75
201100061897,11,3,1,1630,1,2,1,1.0,6.0,75116,M,,,75
201100061898,11,3,2,1205,1,2,5,1.0,6.0,75116,M,4885820.0,227445.0,75
201100061899,11,3,2,1805,1,2,1,1.0,6.0,75116,M,4887680.0,226645.0,75
201100061900,11,3,3,1750,1,2,5,1.0,6.0,75116,M,,,75
201100061901,11,3,4,1220,1,2,2,1.0,3.0,75116,M,,,75
201100061902,11,3,4,1415,1,2,2,1.0,6.0,75116,M,,,75
201100061903,11,3,5,1930,5,2,4,1.0,7.0,75116,M,,,75
201100061904,11,3,7,1105,1,2,3,1.0,2.0,75116,M,,,75
201100061905,11,3,8,915,1,2,5,7.0,6.0,75116,M,,,75
201100061906,11,3,8,1450,1,2,2,1.0,3.0,75116,M,,,75
201100061907,11,3,8,1600,1,2,5,1.0,7.0,75116,M,,,75
201100061908,11,3,8,1935,5,2,5,1.0,3.0,75116,M,,,75
201100061909,11,3,9,1440,1,2,1,1.0,6.0,75116,M,,,75
201100061910,11,3,10,925,1,2,1,1.0,3.0,75116,M,,,75
201100061911,11,3,10,1435,1,2,4,1.0,2.0,75116,M,,,75
201100061912,11,3,11,1800,1,2,1,1.0,6.0,75116,M,,,75
201100061913,11,3,11,2110,5,2,1,1.0,4.0,75116,M,,,75
201100061914,11,3,15,1935,5,2,1,1.0,3.0,75116,M,,,75
201100061915,11,3,16,1000,1,2,2,1.0,3.0,75116,M,,,75
201100061916,11,3,16,1230,1,2,1,1.0,3.0,75116,M,,,75
201100061917,11,3,16,1445,1,2,1,1.0,2.0,75116,M,,,75
201100061918,11,3,16,1815,1,2,4,1.0,3.0,75116,M,,,75
201100061919,11,3,16,1655,1,2,1,1.0,7.0,75116,M,,,75
201100061920,11,3,16,2005,5,2,1,1.0,3.0,75116,M,,,75
201100061921,11,3,28,1730,1,2,2,1.0,6.0,75116,M,,,75
201100061922,11,3,17,1730,1,2,2,1.0,6.0,75116,M,,,75
201100061923,11,3,17,1835,5,2,1,1.0,3.0,75116,M,,,75
201100061924,11,3,18,1545,1,2,1,1.0,6.0,75116,M,,,75
201100061925,11,3,19,1220,1,2,7,1.0,3.0,75116,M,,,75
201100061926,11,3,19,1430,1,2,1,1.0,6.0,75116,M,,,75
201100061927,11,3,20,500,5,2,1,1.0,6.0,75116,M,,,75
201100061928,11,3,20,1050,1,2,1,1.0,2.0,75116,M,,,75
201100061929,11,3,21,1925,5,2,1,1.0,7.0,75116,M,,,75
201100061930,11,3,21,2215,5,2,2,1.0,1.0,75116,M,,,75
201100061931,11,3,22,900,1,2,7,1.0,6.0,75116,M,,,75
201100061932,11,3,23,1500,1,2,1,1.0,3.0,75116,M,,,75
201100061933,11,3,23,1430,1,2,3,1.0,2.0,75116,M,,,75
201100061934,11,3,23,1715,1,2,3,1.0,6.0,75116,M,,,75
201100061935,11,3,24,910,1,2,1,1.0,3.0,75116,M,,,75
201100061936,11,3,24,1045,1,2,1,1.0,3.0,75116,M,,,75
201100061937,11,3,24,1320,1,2,1,1.0,6.0,75116,M,,,75
201100061938,11,3,24,1550,1,2,1,1.0,2.0,75116,M,,,75
201100061939,11,3,24,1835,2,2,1,1.0,6.0,75116,M,,,75
201100061940,11,3,25,800,1,2,5,1.0,6.0,75116,M,,,75
201100061941,11,3,25,1630,1,2,5,1.0,5.0,75108,M,,,75
201100061942,11,3,25,1830,5,2,3,1.0,6.0,75116,M,,,75
201100061943,11,3,26,525,4,2,5,1.0,6.0,75116,M,,,75
201100061944,11,3,28,1720,1,2,3,1.0,3.0,75116,M,,,75
201100061945,11,3,29,1120,1,2,4,1.0,6.0,75116,M,,,75
201100061946,11,3,29,1210,1,2,2,1.0,6.0,75116,M,,,75
201100061947,11,3,29,1415,1,2,5,1.0,3.0,75116,M,,,75
201100061948,11,3,30,925,1,2,2,1.0,6.0,75116,M,,,75
201100061949,11,3,30,1345,1,2,1,8.0,6.0,75116,M,,,75
201100061950,11,3,31,900,1,2,3,2.0,5.0,75116,M,,,75
201100061951,11,3,31,2030,5,2,3,1.0,3.0,75116,M,,,75
201100061952,11,4,1,1050,1,2,2,1.0,7.0,75116,M,,,75
201100061953,11,4,1,2300,5,2,1,1.0,7.0,75116,M,,,75
201100061954,11,4,2,1010,1,2,2,7.0,6.0,75116,M,,,75
201100061955,11,4,2,1910,1,2,7,1.0,5.0,75116,M,,,75
201100061956,11,4,5,1220,1,2,5,1.0,3.0,75116,M,,,75
201100061957,11,4,5,1415,1,2,1,1.0,2.0,75116,M,,,75
201100061958,11,4,5,1800,1,2,1,1.0,1.0,75116,M,,,75
201100061959,11,4,6,920,1,2,1,1.0,2.0,75116,M,,,75
201100061960,11,4,6,1215,1,2,1,1.0,6.0,75116,M,,,75
201100061961,11,4,7,730,1,2,5,1.0,7.0,75116,M,,,75
201100061962,11,4,7,850,1,2,1,1.0,6.0,75116,M,,,75
201100061963,11,4,7,1500,1,2,1,1.0,6.0,75116,M,,,75
201100061964,11,4,7,1505,1,2,5,1.0,7.0,75116,M,,,75
201100061965,11,4,7,1745,1,2,1,1.0,2.0,75116,M,,,75
201100061966,11,4,7,1950,5,2,1,1.0,3.0,75116,M,,,75
201100061967,11,4,8,1320,1,2,1,1.0,6.0,75116,M,,,75
201100061968,11,4,8,1800,1,2,5,1.0,6.0,75116,M,,,75
201100061969,11,4,8,2150,5,2,5,1.0,3.0,75116,M,,,75
201100061970,11,4,9,1215,1,2,1,1.0,6.0,75116,M,,,75
201100061971,11,4,9,6,5,2,1,1.0,2.0,75116,M,,,75
201100061972,11,4,10,1650,1,2,1,1.0,6.0,75116,M,,,75
201100061973,11,4,11,1740,1,2,3,1.0,7.0,75116,M,,,75
201100061974,11,4,11,1835,1,2,1,1.0,7.0,75116,M,,,75
201100061975,11,4,12,1930,2,2,1,1.0,2.0,75116,M,,,75
201100061976,11,4,12,2350,5,2,4,1.0,6.0,75116,M,,,75
201100061977,11,4,13,1340,1,2,7,1.0,7.0,75116,M,,,75
201100061978,11,4,13,1810,1,2,2,1.0,2.0,75116,M,,,75
201100061979,11,4,13,1800,1,2,3,1.0,3.0,75116,M,,,75
201100061980,11,4,17,1345,1,2,1,1.0,3.0,75116,M,,,75
201100061981,11,4,17,1958,1,2,2,1.0,6.0,75116,M,,,75
201100061982,11,4,18,1615,1,2,1,1.0,3.0,75116,M,,,75
201100061983,11,4,20,700,1,2,3,1.0,3.0,75116,M,,,75
201100061984,11,4,20,1450,1,2,2,1.0,3.0,75116,M,,,75
201100061985,11,4,21,1715,1,2,5,1.0,6.0,75116,M,,,75
201100061986,11,4,25,1145,1,2,1,1.0,2.0,75116,M,,,75
201100061987,11,4,25,1215,1,2,5,1.0,3.0,75116,M,,,75
201100061988,11,4,26,915,1,2,1,1.0,3.0,75116,M,,,75
201100061989,11,4,27,1355,1,2,1,1.0,3.0,75116,M,,,75
201100061990,11,4,28,145,5,2,1,1.0,6.0,75116,M,,,75
201100061991,11,4,28,1250,1,2,3,1.0,6.0,75116,M,,,75
201100061992,11,4,29,935,1,2,1,2.0,4.0,75116,M,,,75
201100061993,11,4,29,1125,1,2,1,1.0,7.0,75116,M,,,75
201100061994,11,4,29,1800,1,2,5,1.0,3.0,75116,M,,,75
201100061995,11,4,29,1630,1,2,4,1.0,6.0,75116,M,,,75
201100061996,11,4,29,1940,1,2,2,1.0,2.0,75116,M,,,75
201100061997,11,4,30,520,5,2,2,1.0,6.0,75116,M,,,75
201100061998,11,4,30,1740,1,2,1,1.0,7.0,75116,M,,,75
201100061999,11,4,30,1935,1,2,1,1.0,2.0,75116,M,,,75
201100062000,11,5,2,1350,1,2,5,2.0,4.0,75116,M,,,75
201100062001,11,5,3,815,1,2,4,1.0,3.0,75116,M,,,75
201100062002,11,5,3,1005,1,2,5,1.0,7.0,75116,M,,,75
201100062003,11,5,3,1445,1,2,2,1.0,3.0,75116,M,,,75
201100062004,11,5,3,2040,5,2,3,1.0,6.0,75116,M,,,75
201100062005,11,5,3,2300,5,2,4,1.0,6.0,75116,M,,,75
201100062006,11,5,4,1905,1,2,1,1.0,4.0,75116,M,,,75
201100062007,11,5,5,955,1,2,4,1.0,3.0,75116,M,,,75
201100062008,11,5,6,1050,1,2,2,1.0,7.0,75116,M,,,75
201100062009,11,5,8,30,5,2,1,1.0,6.0,75116,M,,,75
201100062010,11,5,8,550,2,2,5,1.0,3.0,75116,M,,,75
201100062011,11,5,8,1930,1,2,1,1.0,3.0,75116,M,,,75
201100062012,11,5,11,545,2,2,1,1.0,6.0,75116,M,,,75
201100062013,11,5,11,1120,1,2,3,1.0,6.0,75116,M,,,75
201100062014,11,5,11,1425,1,2,5,1.0,3.0,75116,M,,,75
201100062015,11,5,11,1845,1,2,3,1.0,6.0,75116,M,,,75
201100062016,11,5,11,1830,1,2,1,1.0,6.0,75116,M,,,75
201100062017,11,5,12,10,5,2,1,1.0,3.0,75116,M,,,75
201100062018,11,5,12,1210,1,2,3,1.0,6.0,75116,M,,,75
201100062019,11,5,13,900,1,2,3,1.0,2.0,75116,M,,,75
201100062020,11,5,13,900,1,2,1,1.0,3.0,75116,M,,,75
201100062021,11,5,12,2110,5,2,1,1.0,7.0,75116,M,,,75
201100062022,11,5,13,1730,1,2,1,1.0,2.0,75116,M,,,75
201100062023,11,5,13,1905,1,2,1,1.0,3.0,75116,M,,,75
201100062024,11,5,14,545,2,2,2,1.0,6.0,75116,M,,,75
201100062025,11,5,14,1230,1,2,5,1.0,6.0,75116,M,,,75
201100062026,11,5,14,1520,1,2,1,1.0,3.0,75116,M,,,75
201100062027,11,5,17,810,1,2,5,1.0,3.0,75116,M,,,75
201100062028,11,5,17,1730,1,2,1,1.0,3.0,75116,M,,,75
201100062029,11,5,18,1040,1,2,2,1.0,6.0,75116,M,,,75
201100062030,11,5,19,635,1,2,2,1.0,2.0,75116,M,,,75
201100062031,11,5,20,925,1,2,2,1.0,3.0,75116,M,,,75
201100062032,11,5,21,1350,1,2,4,1.0,2.0,75116,M,,,75
201100062033,11,5,22,300,5,2,5,1.0,6.0,75116,M,,,75
201100062034,11,5,22,1550,1,2,2,1.0,3.0,75116,M,,,75
201100062035,11,5,22,2245,5,2,2,1.0,6.0,75116,M,,,75
201100062036,11,5,23,15,5,2,5,1.0,3.0,75116,M,,,75
201100062037,11,5,23,2030,1,2,5,1.0,2.0,75116,M,,,75
201100062038,11,5,24,1330,1,2,5,1.0,3.0,75116,M,,,75
201100062039,11,5,24,1400,1,2,7,1.0,6.0,75116,M,,,75
201100062040,11,5,24,1715,1,2,5,1.0,3.0,75116,M,,,75
201100062041,11,5,25,1200,1,2,3,1.0,6.0,75116,M,,,75
201100062042,11,5,25,1550,1,2,1,7.0,7.0,75116,M,,,75
201100062043,11,5,25,1920,1,2,1,1.0,6.0,75116,M,,,75
201100062044,11,5,26,1150,1,2,2,1.0,3.0,75116,M,,,75
201100062045,11,5,26,1710,1,2,1,1.0,7.0,75116,M,,,75
201100062046,11,5,27,2220,5,2,1,1.0,2.0,75116,M,,,75
201100062047,11,5,27,1600,1,2,1,1.0,7.0,75116,M,,,75
201100062048,11,5,27,1550,1,2,1,1.0,6.0,75116,M,,,75
201100062049,11,5,27,2000,1,2,3,1.0,3.0,75116,M,,,75
201100062050,11,5,27,2215,5,2,7,1.0,3.0,75116,M,,,75
201100062051,11,5,28,1400,1,2,1,1.0,6.0,75116,M,,,75
201100062052,11,5,29,205,5,2,2,1.0,6.0,75116,M,,,75
201100062053,11,5,30,2335,5,2,2,1.0,3.0,75116,M,,,75
201100062054,11,5,31,740,1,2,1,8.0,4.0,75116,M,,,75
201100062055,11,5,31,1415,1,2,7,1.0,3.0,75116,M,,,75
201100062056,11,5,31,1925,1,2,1,1.0,3.0,75116,M,,,75
201100062057,11,6,1,1558,1,2,4,1.0,3.0,75116,M,,,75
201100062058,11,6,1,2020,1,2,5,1.0,3.0,75116,M,,,75
201100062059,11,6,2,200,5,2,3,1.0,3.0,75116,M,,,75
201100062060,11,6,2,1950,1,2,1,1.0,3.0,75116,M,,,75
201100062061,11,6,2,1815,1,2,7,1.0,2.0,75116,M,,,75
201100062062,11,6,4,1410,1,2,5,1.0,6.0,75116,M,,,75
201100062063,11,6,7,1,5,2,3,1.0,6.0,75116,M,,,75
201100062064,11,6,7,930,1,2,7,2.0,2.0,75116,M,,,75
201100062065,11,6,7,1630,1,2,1,1.0,2.0,75116,M,,,75
201100062066,11,6,8,925,1,2,7,1.0,7.0,75116,M,,,75
201100062067,11,6,8,1215,1,2,3,1.0,2.0,75116,M,,,75
201100062068,11,6,8,1420,1,2,1,1.0,3.0,75116,M,,,75
201100062069,11,6,9,750,1,2,3,1.0,6.0,75116,M,,,75