Num_Acc,an,mois,jour,hrmn,lum,agg,int,atm,col,com,gps,lat,long,dep
201100062070,11,6,10,2140,2,2,3,1.0,6.0,75116,M,,,75
201100062071,11,6,13,1340,1,2,7,1.0,3.0,75116,M,,,75
201100062072,11,6,13,1520,1,2,5,1.0,6.0,75116,M,,,75
201100062073,11,6,13,1840,1,2,1,2.0,7.0,75116,M,,,75
201100062074,11,6,14,910,1,2,1,1.0,4.0,75116,M,,,75
201100062075,11,6,14,800,2,2,3,2.0,7.0,75116,M,,,75
201100062076,11,6,14,1420,1,2,2,1.0,3.0,75116,M,,,75
201100062077,11,6,14,1845,1,2,1,1.0,6.0,75116,M,,,75
201100062078,11,6,16,1515,1,2,2,1.0,2.0,75116,M,,,75
201100062079,11,6,16,1605,1,2,1,1.0,2.0,75116,M,,,75
201100062080,11,6,16,1715,1,2,1,1.0,2.0,75116,M,,,75
201100062081,11,6,16,1710,1,2,5,1.0,1.0,75108,M,,,75
201100062082,11,6,17,1640,1,2,1,1.0,2.0,75116,M,,,75
201100062083,11,6,17,1700,1,2,5,8.0,6.0,75116,M,,,75
201100062084,11,6,17,1720,1,2,1,8.0,3.0,75116,M,,,75
201100062085,11,6,17,1605,1,2,5,2.0,1.0,75116,M,,,75
201100062086,11,6,17,1305,1,2,1,2.0,6.0,75116,M,,,75
201100062087,11,6,18,1900,1,2,2,1.0,6.0,75116,M,,,75
201100062088,11,6,18,2220,5,2,3,1.0,6.0,75116,M,,,75
201100062089,11,6,19,122,5,2,7,1.0,7.0,75116,M,,,75
201100062090,11,6,20,530,2,2,1,2.0,6.0,75116,M,,,75
201100062091,11,6,20,925,1,2,1,3.0,2.0,75116,M,,,75
201100062092,11,6,20,1810,1,2,3,2.0,7.0,75116,M,,,75
201100062093,11,6,20,1845,1,2,2,1.0,6.0,75116,M,,,75
201100062094,11,6,21,1120,1,2,1,2.0,6.0,75116,M,,,75
201100062095,11,6,21,1200,1,2,2,8.0,3.0,75116,M,,,75
201100062096,11,6,21,1845,1,2,1,1.0,2.0,75116,M,,,75
201100062097,11,6,23,1550,1,2,5,1.0,6.0,75116,M,,,75
201100062098,11,6,24,840,1,2,2,1.0,3.0,75116,M,,,75
201100062099,11,6,24,1100,1,2,5,1.0,6.0,75116,M,,,75
201100062100,11,6,24,1220,1,2,3,1.0,6.0,75116,M,,,75
201100062101,11,6,24,1810,1,2,1,1.0,3.0,75116,M,,,75
201100062102,11,6,25,1455,1,2,1,1.0,7.0,75116,M,,,75
201100062103,11,6,26,150,5,2,4,1.0,3.0,75116,M,,,75
201100062104,11,6,27,1345,1,2,7,1.0,3.0,75116,M,,,75
201100062105,11,6,27,2025,1,2,2,1.0,6.0,75116,M,,,75
201100062106,11,6,27,2110,1,2,4,1.0,6.0,75116,M,,,75
201100062107,11,6,27,1915,1,2,3,1.0,5.0,75116,M,,,75
201100062108,11,6,28,1400,1,2,1,1.0,3.0,75116,M,,,75
201100062109,11,6,28,2155,2,2,1,8.0,7.0,75116,M,,,75
201100062110,11,6,29,800,1,2,2,1.0,2.0,75116,M,,,75
201100062111,11,6,29,1155,1,2,1,1.0,2.0,75116,M,,,75
201100062112,11,6,30,820,1,2,7,1.0,6.0,75116,M,,,75
201100062113,11,6,30,810,1,2,1,1.0,2.0,75116,M,,,75
201100062114,11,6,30,935,1,2,1,1.0,2.0,75116,M,,,75
201100062115,11,6,30,1130,1,2,2,1.0,2.0,75116,M,,,75
201100062116,11,6,30,1935,1,2,1,1.0,6.0,75116,M,,,75
201100062117,11,7,2,110,5,2,5,1.0,3.0,75116,M,,,75
201100062118,11,7,2,1710,1,2,1,1.0,6.0,75116,M,,,75
201100062119,11,7,2,1935,1,2,5,1.0,2.0,75116,M,,,75
201100062120,11,7,3,2020,1,2,5,1.0,6.0,75116,M,,,75
201100062121,11,7,4,910,1,2,2,1.0,4.0,75116,M,,,75
201100062122,11,7,4,2130,2,2,5,1.0,3.0,75116,M,,,75
201100062123,11,7,6,1540,1,2,1,1.0,6.0,75116,M,,,75
201100062124,11,7,6,1645,1,2,5,1.0,3.0,75116,M,,,75
201100062125,11,7,6,2200,5,2,5,1.0,3.0,75116,M,,,75
201100062126,11,7,9,900,1,2,5,2.0,7.0,75116,M,,,75
201100062127,11,7,10,410,5,2,1,1.0,6.0,75116,M,,,75
201100062128,11,7,11,1110,1,2,5,1.0,3.0,75116,M,,,75
201100062129,11,7,12,1155,1,2,1,2.0,3.0,75116,M,,,75
201100062130,11,7,13,1555,1,2,1,1.0,3.0,75116,M,,,75
201100062131,11,7,14,910,1,2,2,1.0,3.0,75116,M,,,75
201100062132,11,7,16,1150,1,2,2,1.0,6.0,75116,M,,,75
201100062133,11,7,16,2000,1,2,2,3.0,6.0,75116,M,,,75
201100062134,11,7,17,200,5,2,2,2.0,3.0,75116,M,,,75
201100062135,11,7,19,1510,1,2,5,2.0,2.0,75116,M,,,75
201100062136,11,7,20,1330,1,2,5,1.0,3.0,75116,M,,,75
201100062137,11,7,20,2240,5,2,5,2.0,3.0,75116,M,,,75
201100062138,11,7,22,1010,1,2,1,8.0,7.0,75116,M,,,75
201100062139,11,7,23,2155,5,2,2,1.0,3.0,75116,M,,,75
201100062140,11,7,24,815,1,2,2,1.0,3.0,75116,M,,,75
201100062141,11,7,27,1600,1,2,1,2.0,7.0,75116,M,,,75
201100062142,11,7,28,1810,1,2,1,2.0,3.0,75116,M,,,75
201100062143,11,7,28,2010,2,2,1,1.0,6.0,75116,M,,,75
201100062144,11,7,29,945,1,2,1,1.0,6.0,75116,M,,,75
201100062145,11,7,29,1735,1,2,1,1.0,3.0,75116,M,,,75
201100062146,11,7,29,2000,1,2,1,1.0,2.0,75116,M,,,75
201100062147,11,7,30,1230,1,2,7,1.0,7.0,75116,M,,,75
201100062148,11,8,2,1345,1,2,1,1.0,7.0,75116,M,,,75
201100062149,11,8,4,1735,1,2,7,2.0,7.0,75116,M,,,75
201100062150,11,8,4,2010,1,2,3,1.0,3.0,75116,M,,,75
201100062151,11,8,5,1030,1,2,5,2.0,5.0,75116,M,,,75
201100062152,11,8,6,610,1,2,2,1.0,6.0,75116,M,,,75
201100062153,11,8,6,1910,1,2,7,2.0,7.0,75116,M,,,75
201100062154,11,8,9,1440,1,2,3,1.0,6.0,75116,M,,,75
201100062155,11,8,9,1835,1,2,5,1.0,6.0,75116,M,,,75
201100062156,11,8,11,2100,1,2,2,1.0,2.0,75116,M,,,75
201100062157,11,8,13,1430,1,2,2,8.0,3.0,75116,M,,,75
201100062158,11,8,16,150,5,2,2,1.0,6.0,75116,M,,,75
201100062159,11,8,17,745,1,2,4,1.0,2.0,75116,M,,,75
201100062160,11,8,17,2010,2,2,4,1.0,6.0,75116,M,,,75
201100062161,11,8,18,1420,1,2,2,8.0,6.0,75116,M,,,75
201100062162,11,8,19,1235,1,2,5,1.0,6.0,75116,M,,,75
201100062163,11,8,19,1610,1,2,5,1.0,6.0,75116,M,,,75
201100062164,11,8,22,1430,1,2,4,1.0,2.0,75116,M,,,75
201100062165,11,8,25,320,5,2,1,1.0,6.0,75116,M,,,75
201100062166,11,8,25,1900,1,2,1,1.0,6.0,75116,M,,,75
201100062167,11,8,27,2245,5,2,1,1.0,6.0,75116,M,,,75
201100062168,11,8,28,1045,1,2,1,1.0,6.0,75116,M,,,75
201100062169,11,8,30,1500,1,2,3,1.0,3.0,75116,M,,,75
201100062170,11,8,30,2345,5,2,7,1.0,3.0,75116,M,,,75
201100062171,11,8,31,930,1,2,7,1.0,2.0,75116,M,,,75
201100062172,11,8,31,1640,1,2,2,1.0,6.0,75116,M,,,75
201100062173,11,9,1,20,5,2,4,1.0,6.0,75116,M,,,75
201100062174,11,9,1,855,1,2,1,1.0,6.0,75116,M,,,75
201100062175,11,9,1,1220,1,2,5,1.0,7.0,75116,M,,,75
201100062176,11,9,2,730,2,2,5,1.0,2.0,75116,M,,,75
201100062177,11,9,2,2115,5,2,1,1.0,3.0,75116,M,,,75
201100062178,11,9,3,1050,1,2,2,1.0,6.0,75116,M,,,75
201100062179,11,9,3,1915,2,2,2,3.0,6.0,75116,M,,,75
201100062180,11,9,4,500,5,2,7,2.0,6.0,75116,M,,,75
201100062181,11,9,5,850,1,2,7,1.0,3.0,75116,M,,,75
201100062182,11,9,5,2105,5,2,1,1.0,3.0,75116,M,,,75
201100062183,11,9,6,1230,1,2,7,1.0,4.0,75116,M,,,75
201100062184,11,9,6,1550,1,2,2,1.0,7.0,75116,M,,,75
201100062185,11,9,7,425,5,2,1,2.0,6.0,75116,M,,,75
201100062186,11,9,9,150,5,2,2,1.0,4.0,75116,M,,,75
201100062187,11,9,9,1205,1,2,4,1.0,6.0,75116,M,,,75
201100062188,11,9,10,1945,2,2,1,1.0,2.0,75116,M,,,75
201100062189,11,9,11,2045,5,2,2,1.0,7.0,75116,M,,,75
201100062190,11,9,11,2350,5,2,1,1.0,1.0,75116,M,,,75
201100062191,11,9,12,2135,5,2,2,1.0,3.0,75108,M,,,75
201100062192,11,9,12,1245,1,2,1,1.0,3.0,75117,M,,,75
201100062193,11,9,14,1020,1,2,7,1.0,3.0,75116,M,,,75
201100062194,11,9,15,1630,1,2,5,1.0,2.0,75116,M,,,75
201100062195,11,9,15,2055,3,2,1,1.0,6.0,75116,M,,,75
201100062196,11,9,15,1730,1,2,1,1.0,2.0,75116,M,,,75
201100062197,11,9,15,2330,5,2,1,1.0,2.0,75116,M,,,75
201100062198,11,9,16,2050,5,2,1,1.0,4.0,75116,M,,,75
201100062199,11,9,17,250,5,2,7,1.0,6.0,75116,M,,,75
201100062200,11,9,17,2045,5,2,1,3.0,6.0,75116,M,,,75
201100062201,11,9,17,2225,5,2,7,8.0,2.0,75116,M,,,75
201100062202,11,9,18,1630,1,2,3,1.0,3.0,75116,M,,,75
201100062203,11,9,19,2025,5,2,5,1.0,3.0,75116,M,,,75
201100062204,11,9,20,5,5,2,7,1.0,2.0,75116,M,,,75
201100062205,11,9,20,1450,1,2,2,1.0,6.0,75116,M,,,75
201100062206,11,9,20,1935,2,2,7,1.0,3.0,75116,M,,,75
201100062207,11,9,20,1955,2,2,1,1.0,6.0,75116,M,,,75
201100062208,11,9,20,1900,2,2,1,1.0,6.0,75116,M,,,75
201100062209,11,9,21,1400,1,2,3,1.0,6.0,75116,M,,,75
201100062210,11,9,21,1430,1,2,7,1.0,2.0,75116,M,,,75
201100062211,11,9,22,810,1,2,1,1.0,2.0,75116,M,,,75
201100062212,11,9,22,1230,1,2,1,1.0,2.0,75116,M,,,75
201100062213,11,9,24,310,5,2,1,1.0,6.0,75116,M,,,75
201100062214,11,9,24,520,5,2,1,1.0,7.0,75116,M,,,75
201100062215,11,9,24,2315,5,2,4,1.0,7.0,75116,M,,,75
201100062216,11,9,25,40,5,2,2,1.0,2.0,75116,M,,,75
201100062217,11,9,25,640,5,2,1,1.0,6.0,75116,M,,,75
201100062218,11,9,26,1105,1,2,4,1.0,6.0,75116,M,,,75
201100062219,11,9,27,1115,1,2,5,1.0,2.0,75116,M,,,75
201100062220,11,9,27,2350,5,2,7,1.0,3.0,75116,M,,,75
201100062221,11,9,28,1645,1,2,2,1.0,6.0,75116,M,,,75
201100062222,11,9,28,2020,5,2,7,1.0,6.0,75116,M,,,75
201100062223,11,9,29,1115,1,2,7,1.0,3.0,75116,M,,,75
201100062224,11,9,29,1915,2,2,1,1.0,6.0,75116,M,,,75
201100062225,11,10,1,1915,1,2,5,1.0,3.0,75116,M,,,75
201100062226,11,10,3,845,1,2,1,1.0,7.0,75115,M,,,75
201100062227,11,10,3,1800,1,2,1,1.0,2.0,75116,M,,,75
201100062228,11,10,4,1615,1,2,2,8.0,6.0,75116,M,,,75
201100062229,11,10,5,1235,1,2,1,1.0,6.0,75116,M,,,75
201100062230,11,10,5,1525,1,2,1,1.0,3.0,75116,M,,,75
201100062231,11,10,5,1535,1,2,1,1.0,3.0,75116,M,,,75
201100062232,11,10,5,1400,1,2,2,1.0,3.0,75116,M,,,75
201100062233,11,10,6,1115,1,2,1,1.0,7.0,75116,M,,,75
201100062234,11,10,6,1245,1,2,4,2.0,2.0,75116,M,,,75
201100062235,11,10,6,2110,5,2,4,1.0,2.0,75116,M,,,75
201100062236,11,10,7,435,5,2,4,1.0,6.0,75116,M,,,75
201100062237,11,10,7,915,1,2,1,1.0,6.0,75116,M,,,75
201100062238,11,10,7,1415,1,2,1,1.0,4.0,75116,M,,,75
201100062239,11,10,7,2005,5,2,3,1.0,2.0,75116,M,,,75
201100062240,11,10,7,2020,5,2,1,2.0,3.0,75116,M,,,75
201100062241,11,10,8,25,5,2,2,1.0,6.0,75116,M,,,75
201100062242,11,10,8,2230,5,2,3,2.0,7.0,75116,M,,,75
201100062243,11,10,9,215,5,2,1,2.0,2.0,75116,M,,,75
201100062244,11,10,9,1630,1,2,2,8.0,3.0,75116,M,,,75
201100062245,11,10,10,720,5,2,1,1.0,2.0,75116,M,,,75
201100062246,11,10,10,1600,1,2,3,1.0,3.0,75116,M,,,75
201100062247,11,10,11,1420,1,2,1,1.0,6.0,75116,M,,,75
201100062248,11,10,14,1600,1,2,1,1.0,6.0,75116,M,,,75
201100062249,11,10,14,1810,1,2,4,1.0,7.0,75116,M,,,75
201100062250,11,10,14,2125,5,2,1,1.0,2.0,75116,M,,,75
201100062251,11,10,15,705,5,2,1,1.0,6.0,75116,M,,,75
201100062252,11,10,15,1520,1,2,5,1.0,7.0,75116,M,,,75
201100062253,11,10,6,1130,1,2,1,1.0,3.0,75116,M,,,75
201100062254,11,10,16,1530,1,2,1,1.0,7.0,75116,M,,,75
201100062255,11,10,16,1645,1,2,7,1.0,3.0,75116,M,,,75
201100062256,11,10,17,1645,1,2,1,1.0,4.0,75116,M,,,75
201100062257,11,10,17,2040,5,2,1,1.0,6.0,75116,M,,,75
201100062258,11,10,18,1400,1,2,7,2.0,7.0,75116,M,,,75
201100062259,11,10,19,240,5,2,4,2.0,7.0,75116,M,,,75
201100062260,11,10,19,1300,1,2,1,1.0,3.0,75116,M,,,75
201100062261,11,10,20,1525,1,2,1,1.0,2.0,75116,M,,,75
201100062262,11,10,20,1920,5,2,1,1.0,4.0,75116,M,,,75
201100062263,11,10,21,1115,1,2,3,1.0,6.0,75116,M,,,75
201100062264,11,10,21,1700,1,2,7,1.0,6.0,75116,M,,,75
201100062265,11,10,24,1833,5,2,7,1.0,3.0,75116,M,,,75
201100062266,11,10,24,1925,5,2,4,1.0,6.0,75116,M,,,75
201100062267,11,10,26,835,1,2,1,1.0,3.0,75116,M,,,75
201100062268,11,10,26,1145,1,2,5,1.0,6.0,75116,M,,,75
201100062269,11,10,27,1010,1,2,7,1.0,2.0,75116,M,,,75
201100062270,11,10,27,1310,1,2,5,1.0,3.0,75116,M,,,75
201100062271,11,10,27,2200,5,2,5,1.0,3.0,75116,M,,,75
201100062272,11,10,27,2330,5,2,7,1.0,3.0,75116,M,,,75
201100062273,11,10,29,1015,1,2,3,1.0,6.0,75116,M,,,75
201100062274,11,10,29,2120,5,2,1,2.0,6.0,75116,M,,,75
201100062275,11,10,30,1700,2,2,3,1.0,7.0,75116,M,,,75
201100062276,11,11,2,1135,1,2,5,8.0,2.0,75116,M,,,75
201100062277,11,11,2,1330,1,2,3,1.0,6.0,75116,M,,,75
201100062278,11,11,2,1420,1,2,7,1.0,3.0,75116,M,,,75
201100062279,11,11,2,1430,1,2,1,1.0,7.0,75116,M,,,75
201100062280,11,11,2,1800,5,2,2,1.0,6.0,75116,M,,,75
201100062281,11,11,4,800,1,2,1,1.0,7.0,75116,M,,,75
201100062282,11,11,4,905,1,2,7,1.0,3.0,75116,M,,,75
201100062283,11,11,5,830,1,2,3,2.0,7.0,75116,M,,,75
201100062284,11,11,6,1045,1,2,1,1.0,6.0,75116,M,,,75
201100062285,11,11,7,1230,1,2,1,1.0,3.0,75116,M,,,75
201100062286,11,11,7,1440,1,2,1,8.0,6.0,75116,M,,,75
201100062287,11,11,8,715,2,2,7,2.0,7.0,75116,M,,,75
201100062288,11,11,8,1210,1,2,1,2.0,7.0,75116,M,,,75
201100062289,11,11,8,2110,5,2,1,8.0,2.0,75116,M,,,75
201100062290,11,11,8,2330,5,2,2,2.0,6.0,75116,M,,,75
201100062291,11,11,9,1120,1,2,2,1.0,6.0,75116,M,,,75
201100062292,11,11,9,1420,1,2,3,1.0,6.0,75116,M,,,75
201100062293,11,11,9,1540,1,2,1,1.0,6.0,75116,M,,,75
201100062294,11,11,9,1900,5,2,1,1.0,2.0,75116,M,,,75
201100062295,11,11,9,1940,5,2,1,1.0,4.0,75116,M,,,75
201100062296,11,11,10,1000,1,2,7,1.0,2.0,75116,M,,,75
201100062297,11,11,10,1215,1,2,1,1.0,2.0,75116,M,,,75
201100062298,11,11,10,1750,5,2,4,1.0,2.0,75116,M,,,75
201100062299,11,11,11,1450,1,2,7,1.0,3.0,75116,M,,,75
201100062300,11,11,12,1930,5,2,7,1.0,3.0,75116,M,,,75
201100062301,11,11,13,1605,1,2,1,1.0,7.0,75116,M,,,75
201100062302,11,11,13,2350,5,2,5,1.0,3.0,75116,M,,,75
201100062303,11,11,14,945,1,2,4,1.0,2.0,75116,M,,,75
201100062304,11,11,15,1145,1,2,7,1.0,3.0,75116,M,,,75
201100062305,11,11,16,1200,1,2,3,1.0,3.0,75116,M,,,75
201100062306,11,11,17,1115,1,2,5,1.0,7.0,75116,M,,,75
201100062307,11,11,18,145,5,2,2,1.0,3.0,75117,M,,,75
201100062308,11,11,18,1400,1,2,5,1.0,3.0,75116,M,,,75
201100062309,11,11,18,1915,5,2,1,1.0,2.0,75116,M,,,75
201100062310,11,11,19,1700,2,2,7,1.0,3.0,75116,M,,,75
201100062311,11,11,20,2000,5,2,7,1.0,6.0,75116,M,,,75
201100062312,11,11,21,915,1,2,2,1.0,3.0,75116,M,,,75
201100062313,11,11,21,1850,5,2,5,1.0,6.0,75116,M,,,75
201100062314,11,11,21,2100,5,2,5,1.0,6.0,75116,M,,,75
201100062315,11,11,22,910,1,2,4,1.0,4.0,75116,M,,,75
201100062316,11,11,22,1654,2,2,1,1.0,3.0,75116,M,,,75
201100062317,11,11,24,1055,1,2,2,1.0,6.0,75116,M,,,75
201100062318,11,11,25,1230,1,2,1,1.0,2.0,75116,M,,,75
201100062319,11,11,25,1840,5,2,1,1.0,3.0,75116,M,,,75
201100062320,11,11,25,1920,5,2,3,1.0,7.0,75116,M,,,75
201100062321,11,11,26,1815,5,2,3,1.0,6.0,75116,M,,,75
201100062322,11,11,28,1105,1,2,1,1.0,1.0,75116,M,,,75
201100062323,11,11,28,1730,5,2,5,1.0,6.0,75116,M,,,75
201100062324,11,11,29,328,5,2,1,1.0,6.0,75116,M,,,75
201100062325,11,11,29,1620,2,2,7,1.0,3.0,75116,M,,,75
201100062326,11,11,29,1930,5,2,1,1.0,2.0,75116,M,,,75
201100062327,11,11,29,2240,5,2,1,1.0,3.0,75116,M,,,75
201100062328,11,11,30,1740,5,2,3,1.0,6.0,75116,M,,,75
201100062329,11,11,30,1350,1,2,7,1.0,7.0,75116,M,,,75
201100062330,11,12,1,1945,5,2,3,2.0,6.0,75116,M,,,75
201100062331,11,12,2,1820,5,2,1,1.0,2.0,75116,M,,,75
201100062332,11,12,3,305,5,2,3,1.0,6.0,75116,M,,,75
201100062333,11,12,3,1825,5,2,7,2.0,6.0,75116,M,,,75
201100062334,11,12,3,1955,5,2,3,1.0,6.0,75116,M,,,75
201100062335,11,12,4,2215,5,2,1,3.0,6.0,75116,M,,,75
201100062336,11,12,5,850,1,2,1,2.0,7.0,75116,M,,,75
201100062337,11,12,6,105,5,2,7,2.0,6.0,75116,M,,,75
201100062338,11,12,6,800,2,2,7,2.0,7.0,75116,M,,,75
201100062339,11,12,6,1455,1,2,1,8.0,3.0,75116,M,,,75
201100062340,11,12,6,2035,5,2,7,2.0,6.0,75116,M,,,75
201100062341,11,12,7,910,1,2,1,2.0,2.0,75116,M,,,75
201100062342,11,12,7,828,1,2,1,2.0,2.0,75116,M,,,75
201100062343,11,12,7,900,1,2,4,2.0,2.0,75116,M,,,75
201100062344,11,12,7,1145,1,2,1,2.0,2.0,75116,M,,,75
201100062345,11,12,7,2315,5,2,7,1.0,3.0,75116,M,,,75
201100062346,11,12,8,825,1,2,1,1.0,7.0,75116,M,,,75
201100062347,11,12,8,920,1,2,1,8.0,7.0,75116,M,,,75
201100062348,11,12,9,945,1,2,2,2.0,3.0,75116,M,,,75
201100062349,11,12,9,1000,1,2,7,2.0,3.0,75116,M,,,75
201100062350,11,12,9,1150,1,2,3,8.0,7.0,75116,M,,,75
201100062351,11,12,10,200,5,2,7,1.0,6.0,75116,M,,,75
201100062352,11,12,10,815,1,2,7,1.0,3.0,75116,M,,,75
201100062353,11,12,10,1945,5,2,5,1.0,6.0,75116,M,,,75
201100062354,11,12,13,1820,5,2,1,1.0,2.0,75116,M,,,75
201100062355,11,12,13,1900,5,2,1,1.0,3.0,75116,M,,,75
201100062356,11,12,14,130,5,2,7,2.0,6.0,75116,M,,,75
201100062357,11,12,15,2215,5,2,7,2.0,6.0,75116,M,,,75
201100062358,11,12,16,1000,1,2,1,2.0,6.0,75108,M,,,75
201100062359,11,12,16,1740,5,2,3,2.0,6.0,75116,M,,,75
201100062360,11,12,16,1830,5,2,1,2.0,2.0,75107,M,,,75
201100062361,11,12,16,1945,5,2,2,3.0,3.0,75116,M,,,75
201100062362,11,12,17,1750,3,2,2,2.0,3.0,75116,M,,,75
201100062363,11,12,19,910,1,2,1,9.0,3.0,75116,M,,,75
201100062364,11,12,19,840,1,2,1,9.0,7.0,75115,M,,,75
201100062365,11,12,19,940,2,2,3,9.0,7.0,75116,M,,,75
201100062366,11,12,19,1720,5,2,1,3.0,2.0,75116,M,,,75
201100062367,11,12,19,1840,5,2,1,3.0,3.0,75116,M,,,75
201100062368,11,12,19,1815,5,2,3,2.0,6.0,75108,M,,,75
201100062369,11,12,20,20,5,2,5,2.0,6.0,75116,M,,,75
201100062370,11,12,20,845,1,2,1,1.0,6.0,75116,M,,,75
201100062371,11,12,21,845,1,2,7,2.0,7.0,75116,M,,,75
201100062372,11,12,21,1150,1,2,2,2.0,2.0,75116,M,,,75
201100062373,11,12,21,1400,1,2,1,2.0,5.0,75116,M,,,75
201100062374,11,12,22,45,5,2,1,2.0,6.0,75116,M,,,75
201100062375,11,12,23,1230,1,2,2,1.0,6.0,75116,M,,,75
201100062376,11,12,24,1740,5,2,1,1.0,2.0,75116,M,,,75
201100062377,11,12,26,2350,5,2,1,1.0,7.0,75116,M,,,75
201100062378,11,12,27,1115,1,2,5,1.0,6.0,75116,M,,,75
201100062379,11,12,28,1110,1,2,5,1.0,3.0,75116,M,,,75
201100062380,11,12,28,1145,1,2,4,1.0,2.0,75116,M,,,75
201100062381,11,12,29,2020,5,2,7,2.0,6.0,75116,M,,,75
201100062382,11,12,30,105,5,2,2,3.0,6.0,75116,M,,,75
201100062383,11,12,31,1515,1,2,7,2.0,5.0,75116,M,,,75
201100062384,11,1,4,1420,1,2,1,1.0,6.0,75117,M,,,75
201100062385,11,1,5,940,1,2,1,1.0,3.0,75117,M,,,75
201100062386,11,1,5,1455,1,2,2,1.0,6.0,75117,M,,,75
201100062387,11,1,7,855,1,2,2,2.0,6.0,75117,M,,,75
201100062388,11,1,7,1935,5,2,5,2.0,6.0,75117,M,,,75
201100062389,11,1,8,2135,5,2,2,2.0,3.0,75117,M,,,75
201100062390,11,1,8,2330,5,2,5,3.0,6.0,75117,M,,,75
201100062391,11,1,11,300,5,2,1,2.0,6.0,75117,M,,,75
201100062392,11,1,11,750,5,2,5,2.0,3.0,75117,M,,,75
201100062393,11,1,11,845,2,2,1,2.0,2.0,75117,M,,,75
201100062394,11,1,11,1830,5,2,1,1.0,3.0,75117,M,,,75
201100062395,11,1,12,800,5,2,5,2.0,3.0,75117,M,,,75
201100062396,11,1,13,1,5,2,1,1.0,6.0,75117,M,,,75
201100062397,11,1,13,1330,1,2,1,1.0,4.0,75117,M,,,75
201100062398,11,1,13,1525,1,2,3,1.0,5.0,75117,M,,,75
201100062399,11,1,15,415,5,2,2,1.0,3.0,75117,M,,,75
201100062400,11,1,15,1940,5,2,3,1.0,3.0,75117,M,,,75
201100062401,11,1,17,2130,5,2,1,1.0,6.0,75116,M,,,75
201100062402,11,1,18,1020,1,2,2,1.0,3.0,75117,M,,,75
201100062403,11,1,21,1345,1,2,5,1.0,3.0,75117,M,,,75
201100062404,11,1,22,1420,1,2,5,2.0,3.0,75117,M,,,75
201100062405,11,1,22,2015,5,2,4,8.0,6.0,75117,M,,,75
201100062406,11,1,22,2330,5,2,2,2.0,6.0,75117,M,,,75
201100062407,11,1,23,1255,1,2,1,1.0,6.0,75117,M,,,75
201100062408,11,1,25,645,2,2,5,1.0,3.0,75117,M,,,75
201100062409,11,1,26,830,2,2,2,3.0,6.0,75117,M,,,75
201100062410,11,1,26,900,1,2,2,2.0,6.0,75117,M,,,75
201100062411,11,1,26,2005,5,2,1,1.0,3.0,75117,M,,,75
201100062412,11,1,30,335,5,2,3,1.0,6.0,75117,M,,,75
201100062413,11,1,31,900,1,2,5,1.0,6.0,75117,M,,,75
201100062414,11,1,31,1600,1,2,5,1.0,3.0,75117,M,,,75
201100062415,11,2,3,830,1,2,5,8.0,3.0,75117,M,,,75
201100062416,11,2,4,1920,5,2,3,1.0,6.0,75117,M,,,75
201100062417,11,2,8,1400,1,2,3,1.0,6.0,75117,M,,,75
201100062418,11,2,9,1800,5,2,5,1.0,3.0,75117,M,,,75
201100062419,11,2,9,2315,5,2,2,1.0,6.0,75117,M,,,75
201100062420,11,2,13,2100,5,2,5,1.0,3.0,75117,M,,,75
201100062421,11,2,15,1015,1,2,3,2.0,6.0,75117,M,,,75
201100062422,11,2,16,1235,1,2,5,1.0,1.0,75117,M,,,75
201100062423,11,2,17,730,1,2,2,1.0,3.0,75117,M,,,75
201100062424,11,2,19,125,5,2,5,1.0,6.0,75117,M,,,75
201100062425,11,2,20,1400,1,2,3,1.0,3.0,75117,M,,,75
201100062426,11,2,22,55,5,2,2,2.0,2.0,75117,M,,,75
201100062427,11,2,22,1915,5,2,4,1.0,2.0,75117,M,,,75
201100062428,11,2,22,1940,5,2,1,1.0,7.0,75117,M,,,75
201100062429,11,2,26,1605,1,2,5,8.0,6.0,75117,M,,,75
201100062430,11,2,27,20,5,2,2,1.0,6.0,75117,M,,,75
201100062431,11,2,27,1340,1,2,1,1.0,6.0,75117,M,,,75
201100062432,11,2,28,805,1,2,5,1.0,6.0,75117,M,,,75
201100062433,11,3,1,1540,1,2,5,1.0,6.0,75117,M,,,75
201100062434,11,3,2,1615,1,2,5,1.0,3.0,75117,M,4887860.0,228190.0,75
201100062435,11,3,3,1500,1,2,2,1.0,6.0,75117,M,,,75
201100062436,11,3,3,1655,1,2,1,1.0,5.0,75117,M,,,75
201100062437,11,3,3,1855,5,2,1,1.0,3.0,75117,M,,,75
201100062438,11,3,4,910,1,2,1,1.0,2.0,75117,M,,,75
201100062439,11,3,4,1315,1,2,5,1.0,7.0,75117,M,,,75
201100062440,11,3,4,1555,1,2,2,1.0,2.0,75117,M,,,75
201100062441,11,3,7,1600,1,2,5,1.0,6.0,75117,M,,,75
201100062442,11,3,7,1720,1,2,5,1.0,6.0,75117,M,,,75
201100062443,11,3,7,1810,1,2,4,1.0,3.0,75117,M,,,75
201100062444,11,3,8,1310,1,2,4,1.0,3.0,75117,M,,,75
201100062445,11,3,9,1050,1,2,1,1.0,3.0,75117,M,,,75
201100062446,11,3,9,1359,1,2,1,1.0,6.0,75117,M,,,75
201100062447,11,3,9,1630,1,2,1,8.0,3.0,75117,M,,,75
201100062448,11,3,10,1445,1,2,2,1.0,3.0,75117,M,,,75
201100062449,11,3,10,1825,1,2,1,1.0,3.0,75117,M,,,75
201100062450,11,3,11,1100,1,2,1,1.0,6.0,75117,M,,,75
201100062451,11,3,11,1310,1,2,7,1.0,3.0,75117,M,,,75
201100062452,11,3,12,954,1,2,2,1.0,3.0,75117,M,,,75
201100062453,11,3,12,1435,1,2,4,1.0,3.0,75117,M,,,75