Num_Acc,an,mois,jour,hrmn,lum,agg,int,atm,col,com,gps,lat,long,dep
201100062454,11,3,13,430,5,2,1,1.0,6.0,75117,M,,,75
201100062455,11,3,14,1740,1,2,1,1.0,7.0,75117,M,,,75
201100062456,11,3,14,1840,3,2,7,1.0,7.0,75117,M,,,75
201100062457,11,3,14,1830,1,2,2,1.0,6.0,75117,M,,,75
201100062458,11,3,15,950,1,2,5,1.0,1.0,75117,M,,,75
201100062459,11,3,15,2045,5,2,1,1.0,6.0,75117,M,,,75
201100062460,11,3,15,2255,5,2,2,1.0,6.0,75117,M,,,75
201100062461,11,3,16,1315,1,2,1,1.0,6.0,75117,M,,,75
201100062462,11,3,16,1520,1,2,4,1.0,3.0,75117,M,,,75
201100062463,11,3,17,1525,1,2,7,1.0,3.0,75117,M,,,75
201100062464,11,3,18,245,5,2,5,1.0,6.0,75117,M,,,75
201100062465,11,3,20,540,2,2,1,1.0,3.0,75116,M,,,75
201100062466,11,3,20,2230,5,2,2,1.0,3.0,75117,M,,,75
201100062467,11,3,24,25,5,2,5,1.0,3.0,75117,M,,,75
201100062468,11,3,25,800,1,2,5,1.0,3.0,75116,M,,,75
201100062469,11,3,25,915,1,2,3,1.0,6.0,75117,M,,,75
201100062470,11,3,26,430,5,2,3,1.0,6.0,75117,M,,,75
201100062471,11,3,29,140,5,2,1,1.0,6.0,75117,M,,,75
201100062472,11,3,29,845,1,2,3,1.0,6.0,75117,M,,,75
201100062473,11,3,29,1045,1,2,3,1.0,6.0,75117,M,,,75
201100062474,11,3,29,1800,1,2,5,2.0,3.0,75118,M,,,75
201100062475,11,3,31,1000,1,2,2,2.0,3.0,75117,M,,,75
201100062476,11,3,31,1120,1,2,1,1.0,6.0,75117,M,,,75
201100062477,11,3,31,1140,1,2,1,2.0,3.0,75117,M,,,75
201100062478,11,3,31,1800,1,2,2,1.0,6.0,75117,M,,,75
201100062479,11,4,1,855,1,2,3,1.0,6.0,75117,M,,,75
201100062480,11,4,2,100,5,2,5,1.0,2.0,75117,M,,,75
201100062481,11,4,3,1700,1,2,3,2.0,7.0,75117,M,,,75
201100062482,11,4,5,1030,1,2,5,1.0,6.0,75116,M,,,75
201100062483,11,4,5,1515,1,2,1,1.0,6.0,75117,M,,,75
201100062484,11,4,5,1540,1,2,1,1.0,4.0,75117,M,,,75
201100062485,11,4,5,1910,1,2,1,1.0,3.0,75117,M,,,75
201100062486,11,4,7,1240,1,2,3,1.0,3.0,75117,M,,,75
201100062487,11,4,8,1735,1,2,3,1.0,6.0,75117,M,,,75
201100062488,11,4,9,2335,5,2,2,1.0,1.0,75117,M,,,75
201100062489,11,4,9,1500,1,2,1,1.0,6.0,75117,M,,,75
201100062490,11,4,9,1630,1,2,5,1.0,3.0,75117,M,,,75
201100062491,11,4,10,215,5,2,2,1.0,3.0,75117,M,,,75
201100062492,11,4,10,2132,5,2,1,1.0,6.0,75117,M,,,75
201100062493,11,4,11,1400,1,2,1,1.0,6.0,75117,M,,,75
201100062494,11,4,12,1700,1,2,2,1.0,6.0,75117,M,,,75
201100062495,11,4,14,930,1,2,1,1.0,6.0,75117,M,,,75
201100062496,11,4,14,1430,1,2,1,1.0,2.0,75117,M,,,75
201100062497,11,4,15,910,1,2,1,1.0,3.0,75117,M,,,75
201100062498,11,4,15,1400,1,2,5,1.0,3.0,75117,M,,,75
201100062499,11,4,16,2022,1,2,3,1.0,3.0,75117,M,,,75
201100062500,11,4,19,1210,1,2,1,1.0,4.0,75116,M,,,75
201100062501,11,4,19,2302,5,2,7,1.0,7.0,75117,M,,,75
201100062502,11,4,20,820,1,2,1,1.0,3.0,75117,M,,,75
201100062503,11,4,20,800,1,2,1,1.0,3.0,75117,M,,,75
201100062504,11,4,21,1505,1,2,2,1.0,3.0,75117,M,,,75
201100062505,11,4,21,2110,5,2,1,1.0,3.0,75117,M,,,75
201100062506,11,4,21,2330,5,2,2,1.0,3.0,75117,M,,,75
201100062507,11,4,25,1150,1,2,4,1.0,6.0,75117,M,,,75
201100062508,11,4,25,1730,1,2,5,1.0,7.0,75117,M,,,75
201100062509,11,4,26,2320,5,2,2,1.0,6.0,75117,M,,,75
201100062510,11,4,26,1630,1,2,1,1.0,3.0,75117,M,,,75
201100062511,11,4,26,1935,1,2,5,1.0,6.0,75117,M,,,75
201100062512,11,4,26,2215,5,2,4,1.0,3.0,75117,M,,,75
201100062513,11,4,28,1100,1,2,2,1.0,6.0,75109,M,,,75
201100062514,11,4,28,1720,1,2,2,2.0,3.0,75117,M,,,75
201100062515,11,4,28,1840,1,2,4,2.0,2.0,75117,M,,,75
201100062516,11,4,28,2010,2,2,3,1.0,6.0,75117,M,,,75
201100062517,11,4,29,1515,1,2,1,1.0,6.0,75117,M,,,75
201100062518,11,4,30,1345,1,2,2,1.0,3.0,75117,M,,,75
201100062519,11,4,29,2100,5,2,1,1.0,3.0,75117,M,,,75
201100062520,11,5,3,710,1,2,1,1.0,3.0,75117,M,,,75
201100062521,11,5,3,1530,1,2,5,1.0,3.0,75117,M,,,75
201100062522,11,5,4,1600,1,2,2,1.0,6.0,75117,M,,,75
201100062523,11,5,5,1,5,2,1,1.0,7.0,75117,M,,,75
201100062524,11,5,5,100,5,2,3,1.0,3.0,75117,M,,,75
201100062525,11,5,5,840,1,2,2,1.0,3.0,75117,M,,,75
201100062526,11,5,6,2345,5,2,5,1.0,6.0,75117,M,,,75
201100062527,11,5,7,1730,1,2,3,1.0,6.0,75117,M,,,75
201100062528,11,5,9,1205,1,2,5,1.0,6.0,75117,M,,,75
201100062529,11,5,9,1729,1,2,5,1.0,1.0,75117,M,,,75
201100062530,11,5,10,1328,1,2,2,1.0,3.0,75117,M,,,75
201100062531,11,5,10,1700,1,2,2,1.0,3.0,75117,M,,,75
201100062532,11,5,12,1905,1,2,1,1.0,2.0,75117,M,,,75
201100062533,11,5,12,1950,1,2,1,1.0,6.0,75117,M,,,75
201100062534,11,5,12,2000,1,2,5,1.0,3.0,75117,M,,,75
201100062535,11,5,13,930,1,2,2,1.0,2.0,75117,M,,,75
201100062536,11,5,13,1325,1,2,1,1.0,3.0,75117,M,,,75
201100062537,11,5,13,1945,1,2,5,1.0,6.0,75117,M,,,75
201100062538,11,5,13,1940,1,2,2,1.0,2.0,75117,M,,,75
201100062539,11,5,14,1,3,2,5,1.0,3.0,75117,M,,,75
201100062540,11,5,14,1,5,2,5,1.0,7.0,75117,M,,,75
201100062541,11,5,14,405,5,2,2,1.0,3.0,75117,M,,,75
201100062542,11,5,13,1350,1,2,2,1.0,2.0,75117,M,,,75
201100062543,11,5,16,835,1,2,2,1.0,3.0,75117,M,,,75
201100062544,11,5,16,1040,1,2,2,1.0,3.0,75117,M,,,75
201100062545,11,5,17,1241,1,2,2,1.0,6.0,75117,M,,,75
201100062546,11,5,17,1430,1,2,5,1.0,3.0,75117,M,,,75
201100062547,11,5,17,1815,1,2,1,1.0,6.0,75117,M,,,75
201100062548,11,5,18,1700,1,2,1,1.0,3.0,75117,M,,,75
201100062549,11,5,19,1710,1,2,2,1.0,6.0,75117,M,,,75
201100062550,11,5,20,1240,1,2,5,1.0,2.0,75117,M,,,75
201100062551,11,5,20,1900,1,2,1,1.0,2.0,75117,M,,,75
201100062552,11,5,21,1155,1,2,2,1.0,3.0,75117,M,,,75
201100062553,11,5,23,810,1,2,5,1.0,3.0,75117,M,,,75
201100062554,11,5,24,1016,2,2,5,1.0,2.0,75117,M,,,75
201100062555,11,5,24,1100,1,2,1,1.0,6.0,75117,M,,,75
201100062556,11,5,24,2230,5,2,2,1.0,6.0,75117,M,,,75
201100062557,11,5,25,1508,1,2,5,1.0,3.0,75117,M,,,75
201100062558,11,5,26,1310,1,2,2,1.0,6.0,75117,M,,,75
201100062559,11,5,28,1745,1,2,4,1.0,3.0,75117,M,,,75
201100062560,11,5,28,1820,1,2,1,1.0,6.0,75117,M,,,75
201100062561,11,5,29,150,5,2,3,1.0,6.0,75117,M,,,75
201100062562,11,5,30,1315,1,2,1,1.0,2.0,75117,M,,,75
201100062563,11,5,30,2250,5,2,1,1.0,7.0,75117,M,,,75
201100062564,11,5,31,2220,5,2,5,1.0,3.0,75116,M,,,75
201100062565,11,6,2,215,5,2,2,1.0,6.0,75117,M,,,75
201100062566,11,6,2,1230,1,2,1,1.0,6.0,75117,M,,,75
201100062567,11,6,3,830,1,2,2,1.0,1.0,75117,M,,,75
201100062568,11,6,4,105,5,2,2,1.0,7.0,75117,M,,,75
201100062569,11,6,7,1300,1,2,2,2.0,3.0,75117,M,,,75
201100062570,11,6,8,1800,1,2,2,1.0,3.0,75117,M,,,75
201100062571,11,6,9,1445,1,2,1,1.0,2.0,75117,M,,,75
201100062572,11,6,10,120,5,2,2,1.0,3.0,75117,M,,,75
201100062573,11,6,15,1000,1,2,7,1.0,3.0,75117,M,,,75
201100062574,11,6,16,1810,1,2,1,1.0,2.0,75116,M,,,75
201100062575,11,6,17,1930,1,2,2,1.0,6.0,75117,M,,,75
201100062576,11,6,17,2015,1,2,1,1.0,2.0,75117,M,,,75
201100062577,11,6,19,1605,1,2,3,1.0,3.0,75117,M,,,75
201100062578,11,6,21,835,1,2,2,2.0,7.0,75117,M,,,75
201100062579,11,6,21,855,1,2,2,8.0,2.0,75117,M,,,75
201100062580,11,6,21,1000,1,2,1,1.0,3.0,75108,M,,,75
201100062581,11,6,21,1120,1,2,2,2.0,3.0,75117,M,,,75
201100062582,11,6,22,1000,1,2,5,3.0,6.0,75117,M,,,75
201100062583,11,6,22,2016,1,2,1,1.0,2.0,75117,M,,,75
201100062584,11,6,23,2000,2,2,2,1.0,3.0,75117,M,,,75
201100062585,11,6,24,930,1,2,1,1.0,6.0,75117,M,,,75
201100062586,11,6,24,1727,1,2,2,1.0,3.0,75117,M,,,75
201100062587,11,6,24,2000,5,2,1,1.0,2.0,75117,M,,,75
201100062588,11,6,25,2230,5,2,2,1.0,1.0,75117,M,,,75
201100062589,11,6,28,1515,1,2,1,1.0,6.0,75108,M,,,75
201100062590,11,6,28,2050,1,2,2,1.0,3.0,75117,M,,,75
201100062591,11,6,29,105,5,2,5,1.0,3.0,75117,M,,,75
201100062592,11,6,30,1800,1,2,1,1.0,7.0,75117,M,,,75
201100062593,11,7,1,900,1,2,2,1.0,3.0,75117,M,,,75
201100062594,11,7,1,915,1,2,3,1.0,3.0,75117,M,,,75
201100062595,11,7,1,1915,1,2,5,1.0,7.0,75116,M,,,75
201100062596,11,7,3,520,2,2,5,1.0,3.0,75117,M,,,75
201100062597,11,7,4,1225,1,2,5,1.0,3.0,75117,M,,,75
201100062598,11,7,5,1120,1,2,1,1.0,7.0,75117,M,,,75
201100062599,11,7,6,1330,1,2,3,1.0,6.0,75117,M,,,75
201100062600,11,7,7,2000,1,2,1,1.0,7.0,75117,M,,,75
201100062601,11,7,10,35,5,2,3,1.0,3.0,75117,M,,,75
201100062602,11,7,11,1155,1,2,5,1.0,3.0,75117,M,,,75
201100062603,11,7,14,1457,1,2,2,1.0,6.0,75117,M,,,75
201100062604,11,7,15,1555,1,2,7,1.0,3.0,75117,M,,,75
201100062605,11,7,18,2234,5,2,5,1.0,3.0,75117,M,,,75
201100062606,11,7,19,700,2,2,2,2.0,3.0,75117,M,,,75
201100062607,11,7,19,1655,1,2,3,2.0,2.0,75117,M,,,75
201100062608,11,7,20,1140,1,2,1,8.0,6.0,75117,M,,,75
201100062609,11,7,23,2000,1,2,1,1.0,1.0,75117,M,,,75
201100062610,11,7,25,1940,1,2,1,1.0,2.0,75117,M,,,75
201100062611,11,7,27,120,5,2,5,1.0,3.0,75117,M,,,75
201100062612,11,7,27,1420,1,2,1,1.0,7.0,75117,M,,,75
201100062613,11,7,27,1530,1,2,1,2.0,3.0,75117,M,,,75
201100062614,11,7,27,1515,1,2,5,2.0,3.0,75117,M,,,75
201100062615,11,7,29,1530,1,2,3,1.0,6.0,75117,M,,,75
201100062616,11,7,29,1916,1,2,1,1.0,6.0,75117,M,,,75
201100062617,11,7,31,2120,2,2,5,1.0,6.0,75117,M,,,75
201100062618,11,8,2,1150,1,2,7,1.0,3.0,75117,M,,,75
201100062619,11,8,2,1440,1,2,4,1.0,3.0,75117,M,,,75
201100062620,11,8,3,640,2,2,1,2.0,6.0,75117,M,,,75
201100062621,11,8,4,20,5,2,7,1.0,3.0,75117,M,,,75
201100062622,11,8,4,1020,1,2,4,1.0,3.0,75117,M,,,75
201100062623,11,8,6,1230,1,2,2,1.0,6.0,75117,M,,,75
201100062624,11,8,8,1325,1,2,1,2.0,2.0,75117,M,,,75
201100062625,11,8,8,2010,5,2,2,1.0,6.0,75117,M,,,75
201100062626,11,8,10,20,5,2,4,1.0,3.0,75117,M,,,75
201100062627,11,8,10,1200,1,2,7,1.0,3.0,75117,M,,,75
201100062628,11,8,10,1900,1,2,5,1.0,6.0,75117,M,,,75
201100062629,11,8,12,1900,1,2,3,1.0,3.0,75117,M,,,75
201100062630,11,8,15,615,2,2,1,1.0,6.0,75117,M,,,75
201100062631,11,8,16,1240,1,2,2,1.0,7.0,75117,M,,,75
201100062632,11,8,21,1830,1,2,5,1.0,6.0,75117,M,,,75
201100062633,11,8,24,1500,1,2,2,1.0,6.0,75117,M,,,75
201100062634,11,8,24,2000,1,2,5,1.0,6.0,75117,M,,,75
201100062635,11,8,25,920,1,2,3,1.0,3.0,75117,M,,,75
201100062636,11,8,25,905,1,2,1,1.0,4.0,75116,M,,,75
201100062637,11,8,25,1910,1,2,3,1.0,3.0,75116,M,,,75
201100062638,11,8,27,330,4,2,5,2.0,3.0,75117,M,,,75
201100062639,11,8,27,2215,5,2,7,1.0,3.0,75117,M,,,75
201100062640,11,8,29,1250,1,2,5,1.0,3.0,75117,M,,,75
201100062641,11,8,31,1810,1,2,4,1.0,7.0,75117,M,,,75
201100062642,11,9,1,240,5,2,3,1.0,6.0,75117,M,,,75
201100062643,11,9,1,1130,1,2,1,1.0,4.0,75108,M,,,75
201100062644,11,9,2,1407,1,2,2,1.0,6.0,75117,M,,,75
201100062645,11,9,2,1355,1,2,5,1.0,3.0,75117,M,,,75
201100062646,11,9,3,1830,1,2,1,1.0,6.0,75117,M,,,75
201100062647,11,9,5,750,1,2,1,1.0,6.0,75117,M,,,75
201100062648,11,9,5,1010,1,2,5,1.0,5.0,75117,M,,,75
201100062649,11,9,5,1600,1,2,3,1.0,6.0,75117,M,,,75
201100062650,11,9,5,1655,1,2,5,1.0,3.0,75117,M,,,75
201100062651,11,9,6,1840,1,2,7,1.0,6.0,75117,M,,,75
201100062652,11,9,7,1905,1,2,2,1.0,6.0,75117,M,,,75
201100062653,11,9,8,945,1,2,1,1.0,3.0,75117,M,,,75
201100062654,11,9,8,900,1,2,5,1.0,6.0,75117,M,,,75
201100062655,11,9,8,1920,2,2,1,1.0,6.0,75117,M,,,75
201100062656,11,9,9,1650,1,2,1,1.0,4.0,75117,M,,,75
201100062657,11,9,11,1400,1,2,1,2.0,6.0,75117,M,,,75
201100062658,11,9,11,1400,1,2,1,2.0,7.0,75117,M,,,75
201100062659,11,9,12,1510,1,2,2,1.0,3.0,75117,M,,,75
201100062660,11,9,13,1015,1,2,2,1.0,3.0,75117,M,,,75
201100062661,11,9,13,1945,1,2,2,1.0,1.0,75117,M,,,75
201100062662,11,9,14,1045,1,2,1,1.0,6.0,75117,M,,,75
201100062663,11,9,14,1850,1,2,1,1.0,2.0,75117,M,,,75
201100062664,11,9,17,835,1,2,3,1.0,6.0,75117,M,,,75
201100062665,11,9,17,1600,1,2,5,1.0,7.0,75117,M,,,75
201100062666,11,9,19,350,5,2,7,1.0,6.0,75117,M,,,75
201100062667,11,9,15,2030,5,2,2,1.0,2.0,75117,M,,,75
201100062668,11,9,21,1520,1,2,1,1.0,2.0,75117,M,,,75
201100062669,11,9,21,1550,1,2,3,1.0,3.0,75117,M,,,75
201100062670,11,9,21,1930,2,2,5,1.0,3.0,75117,M,,,75
201100062671,11,9,22,1920,2,2,7,1.0,6.0,75117,M,,,75
201100062672,11,9,24,1324,1,2,1,1.0,2.0,75117,M,,,75
201100062673,11,9,24,1230,1,2,5,1.0,2.0,75117,M,,,75
201100062674,11,9,24,1630,1,2,7,1.0,2.0,75117,M,,,75
201100062675,11,9,25,415,5,2,2,1.0,3.0,75117,M,,,75
201100062676,11,9,26,845,1,2,1,1.0,5.0,75117,M,,,75
201100062677,11,9,26,1155,1,2,3,1.0,3.0,75117,M,,,75
201100062678,11,9,26,1140,1,2,5,1.0,3.0,75117,M,,,75
201100062679,11,9,26,1350,1,2,1,1.0,6.0,75117,M,,,75
201100062680,11,9,26,1620,1,2,3,1.0,6.0,75117,M,,,75
201100062681,11,9,26,1625,1,2,7,1.0,3.0,75117,M,,,75
201100062682,11,9,26,1830,1,2,1,1.0,7.0,75117,M,,,75
201100062683,11,9,27,750,1,2,1,1.0,7.0,75117,M,,,75
201100062684,11,9,27,950,1,2,3,1.0,2.0,75116,M,,,75
201100062685,11,9,27,855,1,2,2,1.0,6.0,75117,M,,,75
201100062686,11,9,27,1415,1,2,1,1.0,6.0,75117,M,,,75
201100062687,11,9,27,1710,1,2,7,1.0,2.0,75117,M,,,75
201100062688,11,9,28,1600,1,2,1,1.0,6.0,75117,M,,,75
201100062689,11,9,28,2100,5,2,1,1.0,6.0,75117,M,,,75
201100062690,11,9,28,2330,5,2,3,1.0,1.0,75117,M,,,75
201100062691,11,9,29,1030,1,2,1,1.0,3.0,75117,M,,,75
201100062692,11,9,29,1240,1,2,3,1.0,3.0,75117,M,,,75
201100062693,11,9,29,1320,1,2,2,1.0,6.0,75117,M,,,75
201100062694,11,9,29,1500,1,2,4,1.0,2.0,75117,M,,,75
201100062695,11,9,29,2015,5,2,7,1.0,1.0,75117,M,,,75
201100062696,11,9,30,1835,1,2,5,1.0,3.0,75117,M,,,75
201100062697,11,9,30,2025,5,2,1,1.0,6.0,75117,M,,,75
201100062698,11,10,1,1940,5,2,4,1.0,2.0,75117,M,,,75
201100062699,11,10,5,1945,5,2,5,1.0,3.0,75117,M,,,75
201100062700,11,10,6,850,1,2,1,2.0,6.0,75117,M,,,75
201100062701,11,10,7,930,1,2,1,1.0,2.0,75117,M,,,75
201100062702,11,10,7,1420,1,2,7,2.0,7.0,75117,M,,,75
201100062703,11,10,7,1725,2,2,7,8.0,2.0,75117,M,,,75
201100062704,11,10,9,1530,1,2,5,2.0,6.0,75117,M,,,75
201100062705,11,10,10,2036,5,2,7,8.0,3.0,75117,M,,,75
201100062706,11,10,12,957,1,2,2,1.0,3.0,75117,M,,,75
201100062707,11,10,13,420,5,2,1,1.0,6.0,75117,M,,,75
201100062708,11,10,14,950,1,2,1,1.0,3.0,75117,M,,,75
201100062709,11,10,14,1220,1,2,5,1.0,6.0,75117,M,,,75
201100062710,11,10,15,2000,5,2,7,1.0,1.0,75117,M,,,75
201100062711,11,10,15,2025,5,2,1,1.0,2.0,75117,M,,,75
201100062712,11,10,16,30,5,2,2,1.0,6.0,75117,M,,,75
201100062713,11,10,16,2140,5,2,3,1.0,2.0,75117,M,,,75
201100062714,11,10,17,704,3,2,2,1.0,6.0,75117,M,,,75
201100062715,11,10,17,2045,5,2,4,1.0,3.0,75117,M,,,75
201100062716,11,10,18,1505,1,2,1,8.0,3.0,75117,M,,,75
201100062717,11,10,19,245,5,2,4,2.0,6.0,75117,M,,,75
201100062718,11,10,20,800,1,2,5,1.0,6.0,75117,M,,,75
201100062719,11,10,20,925,1,2,1,1.0,2.0,75117,M,,,75
201100062720,11,10,21,845,1,2,1,1.0,7.0,75118,M,,,75
201100062721,11,10,23,1250,1,2,5,1.0,2.0,75117,M,,,75
201100062722,11,10,25,1140,1,2,7,1.0,5.0,75117,M,,,75
201100062723,11,10,25,1515,1,2,5,3.0,6.0,75117,M,,,75
201100062724,11,10,26,1822,1,2,7,1.0,3.0,75117,M,,,75
201100062725,11,10,26,2000,5,2,7,1.0,2.0,75117,M,,,75
201100062726,11,10,27,1105,1,2,1,1.0,3.0,75117,M,,,75
201100062727,11,10,28,930,1,2,2,1.0,1.0,75117,M,,,75
201100062728,11,10,28,1742,1,2,7,1.0,2.0,75117,M,,,75
201100062729,11,10,30,245,4,2,1,1.0,3.0,75117,M,,,75
201100062730,11,10,31,1730,5,2,7,1.0,2.0,75117,M,,,75
201100062731,11,11,2,1700,2,2,1,1.0,3.0,75117,M,,,75
201100062732,11,11,2,925,1,2,1,1.0,3.0,75117,M,,,75
201100062733,11,11,3,2020,5,2,1,2.0,3.0,75117,M,,,75
201100062734,11,11,5,1947,5,2,7,1.0,6.0,75117,M,,,75
201100062735,11,11,7,1320,1,2,7,8.0,3.0,75116,M,,,75
201100062736,11,11,8,2012,5,2,4,2.0,6.0,75117,M,,,75
201100062737,11,11,9,705,5,2,7,1.0,2.0,75117,M,,,75
201100062738,11,11,9,1540,1,2,1,1.0,6.0,75117,M,,,75
201100062739,11,11,14,1945,5,2,1,1.0,4.0,75116,M,,,75
201100062740,11,11,15,510,5,2,5,1.0,3.0,75117,M,,,75
201100062741,11,11,16,930,1,2,3,1.0,2.0,75117,M,,,75
201100062742,11,11,19,1105,1,2,1,1.0,3.0,75117,M,,,75
201100062743,11,11,19,1155,1,2,7,1.0,6.0,75117,M,,,75
201100062744,11,11,19,1400,1,2,3,1.0,3.0,75117,M,,,75
201100062745,11,11,20,330,5,2,5,1.0,6.0,75117,M,,,75
201100062746,11,11,20,1900,5,2,3,1.0,3.0,75117,M,,,75
201100062747,11,11,20,2050,5,2,1,1.0,2.0,75117,M,,,75
201100062748,11,11,22,2010,4,2,1,1.0,3.0,75117,M,,,75
201100062749,11,11,24,1500,1,2,3,1.0,3.0,75117,M,,,75
201100062750,11,11,28,930,1,2,2,1.0,6.0,75117,M,,,75
201100062751,11,11,28,1655,2,2,1,1.0,6.0,75117,M,,,75
201100062752,11,11,29,845,1,2,2,8.0,7.0,75117,M,,,75
201100062753,11,11,30,1530,1,2,2,1.0,5.0,75117,M,,,75
201100062754,11,12,1,1050,1,2,1,8.0,6.0,75117,M,,,75
201100062755,11,12,1,1630,2,2,7,1.0,3.0,75108,M,,,75
201100062756,11,12,2,1945,5,2,2,1.0,3.0,75117,M,,,75
201100062757,11,12,3,10,5,2,2,1.0,3.0,75117,M,,,75
201100062758,11,12,4,1940,5,2,2,2.0,6.0,75117,M,,,75
201100062759,11,12,3,2235,5,2,4,2.0,3.0,75117,M,,,75
201100062760,11,12,5,1030,1,2,3,1.0,3.0,75117,M,,,75
201100062761,11,12,6,835,1,2,3,1.0,2.0,75117,M,,,75
201100062762,11,12,7,1915,5,2,3,2.0,6.0,75117,M,,,75
201100062763,11,12,7,1850,5,2,1,2.0,7.0,75117,M,,,75
201100062764,11,12,9,1045,1,2,2,2.0,3.0,75117,M,,,75
201100062765,11,12,9,1335,1,2,1,1.0,3.0,75117,M,,,75
201100062766,11,12,10,1325,1,2,1,1.0,3.0,75117,M,,,75
201100062767,11,12,10,1940,4,2,7,1.0,6.0,75116,M,,,75
201100062768,11,12,10,2010,5,2,5,1.0,3.0,75117,M,,,75
201100062769,11,12,11,630,5,2,4,1.0,6.0,75117,M,,,75
201100062770,11,12,11,1750,5,2,2,1.0,3.0,75117,M,,,75
201100062771,11,12,11,1430,1,2,3,1.0,6.0,75117,M,,,75
201100062772,11,12,11,2020,5,2,1,2.0,6.0,75117,M,,,75
201100062773,11,12,12,1100,1,2,1,1.0,6.0,75117,M,,,75
201100062774,11,12,12,1500,1,2,1,1.0,6.0,75117,M,,,75
201100062775,11,12,12,1740,5,2,1,1.0,2.0,75117,M,,,75
201100062776,11,12,12,1715,5,2,1,1.0,6.0,75117,M,,,75
201100062777,11,12,12,1935,5,2,1,1.0,3.0,75117,M,,,75
201100062778,11,12,13,1525,1,2,1,1.0,3.0,75117,M,,,75
201100062779,11,12,13,1820,5,2,7,1.0,3.0,75117,M,,,75
201100062780,11,12,14,1225,1,2,1,1.0,3.0,75117,M,,,75
201100062781,11,12,15,1845,5,2,7,1.0,2.0,75117,M,,,75
201100062782,11,12,16,1325,1,2,4,2.0,6.0,75117,M,,,75
201100062783,11,12,16,1535,1,2,7,2.0,2.0,75117,M,,,75
201100062784,11,12,16,1650,2,2,3,8.0,6.0,75117,M,,,75
201100062785,11,12,16,1730,5,2,5,2.0,6.0,75117,M,,,75
201100062786,11,12,16,2115,5,2,1,2.0,6.0,75117,M,,,75
201100062787,11,12,17,1725,5,2,3,1.0,6.0,75117,M,,,75
201100062788,11,12,18,320,5,2,1,1.0,7.0,75117,M,,,75
201100062789,11,12,19,120,5,2,3,2.0,3.0,75117,M,,,75
201100062790,11,12,19,1905,5,2,5,2.0,6.0,75117,M,,,75
201100062791,11,12,22,1400,1,2,2,1.0,3.0,75117,M,,,75
201100062792,11,12,22,1550,1,2,7,8.0,2.0,75117,M,,,75
201100062793,11,12,22,1845,5,2,4,1.0,6.0,75117,M,,,75
201100062794,11,12,26,1535,1,2,1,1.0,6.0,75117,M,,,75
201100062795,11,12,27,1330,1,2,2,1.0,3.0,75117,M,,,75
201100062796,11,12,28,1100,1,2,2,8.0,3.0,75117,M,,,75
201100062797,11,12,28,1425,1,2,4,2.0,3.0,75117,M,,,75
201100062798,11,12,28,1810,5,2,7,8.0,6.0,75117,M,,,75
201100062799,11,12,28,2035,5,2,2,8.0,3.0,75117,M,,,75
201100062800,11,12,29,2010,5,2,2,2.0,3.0,75117,M,,,75
201100062801,11,12,29,1930,5,2,1,2.0,6.0,75116,M,,,75
201100062802,11,12,30,2220,5,2,2,2.0,6.0,75117,M,,,75
201100062803,11,1,2,730,2,2,5,2.0,6.0,75118,M,,,75
201100062804,11,1,4,1605,1,2,1,1.0,6.0,75118,M,,,75
201100062805,11,1,4,1530,1,2,1,1.0,6.0,75118,M,,,75
201100062806,11,1,4,2015,5,2,5,1.0,6.0,75118,M,,,75
201100062807,11,1,7,800,1,2,2,2.0,6.0,75118,M,,,75
201100062808,11,1,7,1940,5,2,1,1.0,6.0,75118,M,,,75
201100062809,11,1,7,2120,5,2,2,2.0,6.0,75118,M,,,75
201100062810,11,1,8,2300,5,2,1,2.0,6.0,75118,M,,,75
201100062811,11,1,9,1510,1,2,1,1.0,6.0,75118,M,,,75
201100062812,11,1,12,2050,5,2,2,1.0,7.0,75118,M,,,75
201100062813,11,1,15,1430,1,2,2,1.0,3.0,75118,M,,,75
201100062814,11,1,15,2100,4,2,1,1.0,6.0,75118,M,,,75
201100062815,11,1,16,1340,1,2,3,1.0,3.0,75118,M,,,75
201100062816,11,1,19,1600,1,2,1,1.0,3.0,75118,M,,,75
201100062817,11,1,20,845,1,2,1,1.0,6.0,75118,M,,,75
201100062818,11,1,20,1920,2,2,2,1.0,6.0,75118,M,,,75
201100062819,11,1,21,1640,1,2,2,1.0,6.0,75118,M,,,75
201100062820,11,1,22,2100,5,2,1,8.0,6.0,75118,M,,,75
201100062821,11,1,23,1630,1,2,3,1.0,3.0,75118,M,,,75
201100062822,11,1,23,1935,5,2,5,1.0,6.0,75118,M,,,75
201100062823,11,1,23,2155,5,2,4,1.0,3.0,75118,M,,,75
201100062824,11,1,24,830,1,2,1,2.0,6.0,75118,M,,,75
201100062825,11,1,25,1555,1,2,1,1.0,6.0,75118,M,,,75
201100062826,11,1,25,1833,5,2,1,1.0,6.0,75118,M,,,75
201100062827,11,1,29,1300,1,2,7,1.0,3.0,75118,M,,,75
201100062828,11,1,30,2110,5,2,1,1.0,3.0,75118,M,,,75
201100062829,11,2,1,1845,5,2,1,1.0,3.0,75118,M,,,75
201100062830,11,2,1,2314,3,2,2,2.0,3.0,75118,M,,,75
201100062831,11,2,2,1340,1,2,1,1.0,6.0,75118,M,,,75
201100062832,11,2,3,1030,1,2,1,8.0,3.0,75118,M,,,75
201100062833,11,2,4,1850,5,2,2,1.0,6.0,75118,M,,,75
201100062834,11,2,6,1710,1,2,3,1.0,3.0,75118,M,,,75
201100062835,11,2,7,2130,5,2,1,8.0,2.0,75118,M,,,75
201100062836,11,2,8,1700,1,2,1,1.0,3.0,75118,M,,,75
201100062837,11,2,10,1350,1,2,5,2.0,6.0,75118,M,,,75
201100062838,11,2,11,1345,1,2,2,1.0,3.0,75118,M,,,75
201100062839,11,2,12,2020,5,2,1,1.0,6.0,75118,M,,,75