Num_Acc,an,mois,jour,hrmn,lum,agg,int,atm,col,com,gps,lat,long,dep
201100062840,11,2,12,2100,5,2,4,1.0,3.0,75118,M,,,75
201100062841,11,2,13,1830,5,2,5,1.0,6.0,75118,M,,,75
201100062842,11,2,20,1830,2,2,3,2.0,6.0,75118,M,,,75
201100062843,11,2,21,20,5,2,3,1.0,3.0,75118,M,,,75
201100062844,11,2,21,1320,1,2,2,1.0,6.0,75118,M,,,75
201100062845,11,2,21,2300,5,2,1,2.0,6.0,75118,M,,,75
201100062846,11,2,22,2220,5,2,1,1.0,6.0,75118,M,,,75
201100062847,11,2,26,2140,5,2,1,2.0,6.0,75118,M,,,75
201100062848,11,2,27,29,5,2,5,8.0,3.0,75118,M,,,75
201100062849,11,2,28,905,1,2,1,1.0,6.0,75118,M,,,75
201100062850,11,2,28,1650,1,2,1,1.0,6.0,75118,M,,,75
201100062851,11,3,1,2105,5,2,2,1.0,6.0,75118,M,,,75
201100062852,11,3,3,2100,5,2,2,1.0,3.0,75118,M,,,75
201100062853,11,3,4,255,5,2,5,1.0,3.0,75118,M,,,75
201100062854,11,3,4,1430,1,2,1,1.0,4.0,75118,M,,,75
201100062855,11,3,9,1540,1,2,2,1.0,1.0,75118,M,,,75
201100062856,11,3,5,240,5,2,5,1.0,3.0,75118,M,,,75
201100062857,11,3,5,1132,1,2,5,1.0,6.0,75118,M,,,75
201100062858,11,3,7,1037,1,2,1,1.0,6.0,75118,M,,,75
201100062859,11,3,9,1320,1,2,2,1.0,6.0,75118,M,,,75
201100062860,11,3,9,1615,1,2,5,1.0,6.0,75118,M,,,75
201100062861,11,3,10,1840,3,2,1,1.0,6.0,75118,M,,,75
201100062862,11,3,11,140,5,2,1,1.0,3.0,75118,M,,,75
201100062863,11,3,12,2100,5,2,1,1.0,6.0,75118,M,,,75
201100062864,11,3,15,1515,1,2,1,1.0,6.0,75118,M,,,75
201100062865,11,3,15,1810,2,2,1,1.0,6.0,75118,M,,,75
201100062866,11,3,16,900,1,2,1,1.0,6.0,75118,M,,,75
201100062867,11,3,18,1035,1,2,1,1.0,6.0,75118,M,,,75
201100062868,11,3,20,555,5,2,2,1.0,3.0,75118,M,,,75
201100062869,11,3,21,2030,5,2,2,1.0,6.0,75118,M,,,75
201100062870,11,3,22,1750,1,2,1,1.0,6.0,75118,M,,,75
201100062871,11,3,24,1500,1,2,1,1.0,3.0,75118,M,,,75
201100062872,11,3,27,1930,5,2,1,2.0,7.0,75118,M,,,75
201100062873,11,3,29,905,1,2,5,1.0,3.0,75118,M,,,75
201100062874,11,3,29,1400,1,2,1,1.0,3.0,75118,M,,,75
201100062875,11,3,31,1800,1,2,2,1.0,6.0,75118,M,,,75
201100062876,11,3,31,1825,1,2,1,1.0,3.0,75118,M,,,75
201100062877,11,4,1,730,1,2,5,1.0,2.0,75118,M,,,75
201100062878,11,4,1,2040,5,2,1,1.0,3.0,75118,M,,,75
201100062879,11,4,2,1635,1,2,1,1.0,6.0,75118,M,,,75
201100062880,11,4,2,1715,1,2,2,1.0,6.0,75118,M,,,75
201100062881,11,4,2,2030,5,2,3,1.0,3.0,75118,M,,,75
201100062882,11,4,4,1800,1,2,2,1.0,6.0,75118,M,,,75
201100062883,11,4,6,1612,1,2,2,1.0,1.0,75118,M,,,75
201100062884,11,4,8,15,5,2,1,1.0,3.0,75118,M,,,75
201100062885,11,4,8,1230,1,2,5,1.0,3.0,75118,M,,,75
201100062886,11,4,8,1610,1,2,1,1.0,6.0,75117,M,,,75
201100062887,11,4,9,1315,1,2,1,1.0,2.0,75118,M,,,75
201100062888,11,4,9,1510,1,2,1,1.0,6.0,75118,M,,,75
201100062889,11,4,9,1630,1,2,5,1.0,3.0,75118,M,,,75
201100062890,11,4,11,830,1,2,1,1.0,2.0,75118,M,,,75
201100062891,11,4,11,1700,1,2,5,1.0,6.0,75118,M,,,75
201100062892,11,4,12,1715,1,2,3,1.0,6.0,75118,M,,,75
201100062893,11,4,13,830,1,2,2,1.0,3.0,75118,M,,,75
201100062894,11,4,13,1115,1,2,2,1.0,3.0,75118,M,,,75
201100062895,11,4,13,1500,1,2,1,1.0,6.0,75118,M,,,75
201100062896,11,4,14,1300,1,2,5,1.0,6.0,75118,M,,,75
201100062897,11,4,15,2340,5,2,3,1.0,6.0,75118,M,,,75
201100062898,11,4,17,155,5,2,1,1.0,2.0,75118,M,,,75
201100062899,11,4,18,810,1,2,7,1.0,6.0,75118,M,,,75
201100062900,11,4,22,1345,1,2,4,1.0,4.0,75118,M,,,75
201100062901,11,4,25,1100,1,2,2,1.0,3.0,75118,M,,,75
201100062902,11,4,26,230,5,2,3,1.0,2.0,75118,M,,,75
201100062903,11,4,27,1215,1,2,2,1.0,6.0,75118,M,,,75
201100062904,11,4,27,1620,1,2,5,1.0,6.0,75118,M,,,75
201100062905,11,4,28,20,5,2,5,2.0,3.0,75118,M,,,75
201100062906,11,4,28,920,1,2,3,1.0,2.0,75118,M,,,75
201100062907,11,4,29,1410,1,2,2,2.0,3.0,75118,M,,,75
201100062908,11,5,1,955,1,2,1,1.0,6.0,75118,M,,,75
201100062909,11,5,2,740,1,2,1,2.0,7.0,75118,M,,,75
201100062910,11,5,3,930,1,2,3,1.0,3.0,75118,M,,,75
201100062911,11,5,3,1205,1,2,1,1.0,6.0,75118,M,,,75
201100062912,11,5,4,1010,1,2,5,1.0,2.0,75118,M,,,75
201100062913,11,5,5,505,3,2,4,1.0,3.0,75118,M,,,75
201100062914,11,5,5,1140,1,2,2,1.0,6.0,75118,M,,,75
201100062915,11,5,6,1330,1,2,4,1.0,6.0,75118,M,,,75
201100062916,11,5,6,1340,1,2,5,1.0,3.0,75118,M,,,75
201100062917,11,5,6,1930,1,2,1,1.0,6.0,75118,M,,,75
201100062918,11,5,7,1550,1,2,1,1.0,6.0,75118,M,,,75
201100062919,11,5,7,2330,5,2,5,1.0,6.0,75118,M,,,75
201100062920,11,5,8,650,1,2,2,1.0,6.0,75118,M,,,75
201100062921,11,5,8,1940,1,2,5,1.0,3.0,75118,M,,,75
201100062922,11,5,8,2115,2,2,1,1.0,6.0,75118,M,,,75
201100062923,11,5,9,1915,1,2,1,1.0,6.0,75118,M,,,75
201100062924,11,5,10,1600,1,2,1,1.0,3.0,75118,M,,,75
201100062925,11,5,10,1450,1,2,1,1.0,3.0,75118,M,,,75
201100062926,11,5,10,1520,1,2,2,1.0,3.0,75118,M,,,75
201100062927,11,5,11,300,5,2,5,1.0,6.0,75118,M,,,75
201100062928,11,5,11,935,1,2,5,1.0,6.0,75118,M,,,75
201100062929,11,5,12,1910,1,2,3,1.0,6.0,75118,M,,,75
201100062930,11,5,12,1900,1,2,1,1.0,6.0,75118,M,,,75
201100062931,11,5,13,1310,1,2,1,1.0,6.0,75118,M,,,75
201100062932,11,5,13,1710,1,2,2,7.0,6.0,75118,M,,,75
201100062933,11,5,15,255,5,2,5,1.0,2.0,75118,M,,,75
201100062934,11,5,15,1600,1,2,1,1.0,6.0,75118,M,,,75
201100062935,11,5,16,200,5,2,1,1.0,2.0,75118,M,,,75
201100062936,11,5,16,1930,1,2,1,1.0,6.0,75118,M,,,75
201100062937,11,5,17,953,1,2,1,1.0,3.0,75118,M,,,75
201100062938,11,5,17,2115,5,2,5,1.0,3.0,75118,M,,,75
201100062939,11,5,18,10,5,2,1,1.0,6.0,75118,M,,,75
201100062940,11,5,20,305,5,2,3,1.0,3.0,75118,M,,,75
201100062941,11,5,20,1725,1,2,1,1.0,3.0,75118,M,,,75
201100062942,11,5,21,1922,1,2,2,1.0,6.0,75118,M,,,75
201100062943,11,5,23,1735,1,2,1,1.0,6.0,75118,M,,,75
201100062944,11,5,24,1045,1,2,3,1.0,3.0,75118,M,,,75
201100062945,11,5,24,1220,1,2,1,1.0,3.0,75118,M,,,75
201100062946,11,5,25,1450,1,2,3,1.0,6.0,75118,M,,,75
201100062947,11,5,26,1530,1,2,1,8.0,6.0,75118,M,,,75
201100062948,11,5,27,950,1,2,4,1.0,3.0,75118,M,,,75
201100062949,11,5,28,1915,1,2,1,1.0,6.0,75118,M,,,75
201100062950,11,5,30,1330,1,2,5,1.0,6.0,75118,M,,,75
201100062951,11,6,2,1644,1,2,2,1.0,6.0,75118,M,,,75
201100062952,11,6,2,2015,1,2,3,1.0,3.0,75118,M,,,75
201100062953,11,6,2,2015,1,2,3,1.0,6.0,75118,M,,,75
201100062954,11,6,3,215,5,2,3,1.0,3.0,75118,M,,,75
201100062955,11,6,3,1030,1,2,1,1.0,6.0,75117,M,,,75
201100062956,11,6,7,900,1,2,4,2.0,6.0,75118,M,,,75
201100062957,11,6,8,1020,1,2,1,1.0,6.0,75109,M,,,75
201100062958,11,6,11,1743,1,2,1,8.0,4.0,75118,M,,,75
201100062959,11,6,12,330,5,2,5,1.0,6.0,75118,M,,,75
201100062960,11,6,11,1310,1,2,1,1.0,3.0,75118,M,,,75
201100062961,11,6,13,1310,1,2,3,1.0,6.0,75118,M,,,75
201100062962,11,6,13,2205,5,2,2,2.0,3.0,75118,M,,,75
201100062963,11,6,14,1325,1,2,1,1.0,6.0,75118,M,,,75
201100062964,11,6,17,700,1,2,1,1.0,6.0,75118,M,,,75
201100062965,11,6,17,1040,1,2,5,1.0,2.0,75118,M,,,75
201100062966,11,6,17,1710,1,2,2,2.0,1.0,75118,M,,,75
201100062967,11,6,17,1705,1,2,3,8.0,6.0,75118,M,,,75
201100062968,11,6,18,1240,1,2,4,2.0,1.0,75118,M,,,75
201100062969,11,6,18,1720,1,2,2,1.0,4.0,75118,M,,,75
201100062970,11,6,19,1100,1,2,5,1.0,2.0,75118,M,,,75
201100062971,11,6,21,640,1,2,5,2.0,5.0,75118,M,,,75
201100062972,11,6,21,1515,1,2,1,1.0,6.0,75118,M,,,75
201100062973,11,6,22,1150,1,2,2,2.0,6.0,75118,M,,,75
201100062974,11,6,23,1720,1,2,1,8.0,3.0,75118,M,,,75
201100062975,11,6,24,1620,1,2,3,1.0,6.0,75118,M,,,75
201100062976,11,6,24,1850,1,2,2,1.0,3.0,75118,M,,,75
201100062977,11,6,27,1937,1,2,1,1.0,6.0,75118,M,,,75
201100062978,11,6,28,1713,1,2,1,1.0,6.0,75118,M,,,75
201100062979,11,7,1,1520,1,2,2,1.0,3.0,75118,M,,,75
201100062980,11,7,2,1235,1,2,3,1.0,6.0,75118,M,,,75
201100062981,11,7,4,1930,1,2,1,1.0,2.0,75118,M,,,75
201100062982,11,7,6,820,1,2,2,1.0,3.0,75118,M,,,75
201100062983,11,7,10,125,5,2,1,1.0,7.0,75118,M,,,75
201100062984,11,7,11,1345,1,2,4,1.0,3.0,75118,M,,,75
201100062985,11,7,12,1540,1,2,1,1.0,6.0,75118,M,,,75
201100062986,11,7,14,1555,1,2,1,1.0,3.0,75118,M,,,75
201100062987,11,7,16,2200,5,2,1,2.0,6.0,75118,M,,,75
201100062988,11,7,16,2250,5,2,4,3.0,6.0,75118,M,,,75
201100062989,11,7,18,1410,1,2,1,1.0,7.0,75118,M,,,75
201100062990,11,7,20,1420,1,2,1,1.0,3.0,75118,M,,,75
201100062991,11,7,22,545,2,2,2,1.0,5.0,75118,M,,,75
201100062992,11,7,22,1710,1,2,2,2.0,3.0,75118,M,,,75
201100062993,11,7,23,1945,1,2,7,2.0,3.0,75118,M,,,75
201100062994,11,7,24,200,5,2,2,1.0,6.0,75118,M,,,75
201100062995,11,7,26,1225,1,2,4,8.0,6.0,75118,M,,,75
201100062996,11,7,27,10,5,2,5,1.0,6.0,75118,M,,,75
201100062997,11,7,28,1640,1,2,5,2.0,3.0,75118,M,,,75
201100062998,11,7,31,2020,1,2,5,1.0,3.0,75118,M,,,75
201100062999,11,8,2,835,1,2,2,1.0,3.0,75118,M,,,75
201100063000,11,8,2,1536,1,2,1,1.0,6.0,75118,M,,,75
201100063001,11,8,2,1705,1,2,5,1.0,2.0,75118,M,,,75
201100063002,11,8,3,935,1,2,3,2.0,3.0,75118,M,,,75
201100063003,11,8,4,1100,1,2,2,1.0,6.0,75118,M,,,75
201100063004,11,8,6,1420,1,2,3,1.0,3.0,75118,M,,,75
201100063005,11,8,6,2145,3,2,2,3.0,6.0,75118,M,,,75
201100063006,11,8,7,1405,1,2,7,1.0,5.0,75118,M,,,75
201100063007,11,8,9,1945,1,2,2,1.0,6.0,75118,M,,,75
201100063008,11,8,10,1315,1,2,5,1.0,3.0,75118,M,,,75
201100063009,11,8,19,1030,1,2,5,1.0,2.0,75118,M,,,75
201100063010,11,8,22,2245,5,2,2,1.0,3.0,75118,M,,,75
201100063011,11,8,24,800,1,2,1,8.0,6.0,75118,M,,,75
201100063012,11,8,26,1300,1,2,5,2.0,3.0,75118,M,,,75
201100063013,11,8,28,100,5,2,4,1.0,6.0,75118,M,,,75
201100063014,11,8,28,1350,1,2,1,8.0,3.0,75118,M,,,75
201100063015,11,8,28,2225,5,2,2,1.0,3.0,75118,M,,,75
201100063016,11,8,28,1715,1,2,2,1.0,6.0,75118,M,,,75
201100063017,11,8,29,2055,5,2,1,1.0,3.0,75118,M,,,75
201100063018,11,8,31,2125,5,2,4,1.0,3.0,75118,M,,,75
201100063019,11,9,1,1810,1,2,1,1.0,6.0,75118,M,,,75
201100063020,11,9,2,1140,1,2,1,1.0,3.0,75118,M,,,75
201100063021,11,9,3,450,5,2,1,1.0,6.0,75118,M,,,75
201100063022,11,9,6,1750,1,2,2,1.0,3.0,75118,M,,,75
201100063023,11,9,7,1505,1,2,2,1.0,6.0,75118,M,,,75
201100063024,11,9,8,1220,1,2,2,2.0,6.0,75118,M,,,75
201100063025,11,9,8,1952,1,2,2,1.0,1.0,75119,M,,,75
201100063026,11,9,9,1705,1,2,2,1.0,6.0,75118,M,,,75
201100063027,11,9,10,1705,1,2,1,1.0,6.0,75118,M,,,75
201100063028,11,9,10,1445,1,2,5,1.0,1.0,75118,M,,,75
201100063029,11,9,12,1210,1,2,2,1.0,6.0,75118,M,,,75
201100063030,11,9,13,625,3,2,1,1.0,2.0,75118,M,,,75
201100063031,11,9,13,1835,1,2,1,1.0,6.0,75118,M,,,75
201100063032,11,9,14,940,1,2,2,1.0,2.0,75118,M,,,75
201100063033,11,9,14,2040,5,2,1,1.0,6.0,75118,M,,,75
201100063034,11,9,18,1540,1,2,1,2.0,6.0,75118,M,,,75
201100063035,11,9,18,2005,4,2,1,2.0,3.0,75118,M,,,75
201100063036,11,9,19,1640,1,2,2,1.0,6.0,75118,M,,,75
201100063037,11,9,20,1645,1,2,1,1.0,6.0,75118,M,,,75
201100063038,11,9,21,1700,1,2,5,1.0,6.0,75118,M,,,75
201100063039,11,9,21,2025,3,2,1,1.0,4.0,75118,M,,,75
201100063040,11,9,22,1005,1,2,1,1.0,3.0,75118,M,,,75
201100063041,11,9,23,635,2,2,4,1.0,3.0,75118,M,,,75
201100063042,11,9,23,1540,1,2,5,1.0,6.0,75118,M,,,75
201100063043,11,9,24,1040,1,2,7,1.0,3.0,75118,M,,,75
201100063044,11,9,24,1300,1,2,2,1.0,6.0,75117,M,,,75
201100063045,11,9,25,2030,5,2,1,1.0,2.0,75118,M,,,75
201100063046,11,9,26,1200,1,2,1,1.0,6.0,75118,M,,,75
201100063047,11,9,26,2100,5,2,1,1.0,6.0,75118,M,,,75
201100063048,11,9,27,1450,1,2,1,1.0,3.0,75118,M,,,75
201100063049,11,9,28,1815,1,2,4,1.0,3.0,75118,M,,,75
201100063050,11,9,29,1810,1,2,1,1.0,3.0,75118,M,,,75
201100063051,11,9,29,1815,1,2,5,1.0,1.0,75118,M,,,75
201100063052,11,10,1,100,5,2,2,1.0,6.0,75118,M,,,75
201100063053,11,10,3,630,3,2,1,1.0,3.0,75118,M,,,75
201100063054,11,10,5,900,1,2,1,1.0,6.0,75118,M,,,75
201100063055,11,10,5,1220,1,2,5,1.0,6.0,75118,M,,,75
201100063056,11,10,5,2020,5,2,2,1.0,6.0,75118,M,,,75
201100063057,11,10,6,1300,1,2,1,2.0,6.0,75118,M,,,75
201100063058,11,10,6,1455,1,2,5,1.0,7.0,75118,M,,,75
201100063059,11,10,6,1930,5,2,1,1.0,2.0,75118,M,,,75
201100063060,11,10,7,1535,2,2,2,2.0,6.0,75118,M,,,75
201100063061,11,10,7,1530,1,2,2,2.0,6.0,75118,M,,,75
201100063062,11,10,7,2130,5,2,1,1.0,6.0,75118,M,,,75
201100063063,11,10,8,910,1,2,3,1.0,3.0,75118,M,,,75
201100063064,11,10,9,1710,1,2,1,2.0,6.0,75118,M,,,75
201100063065,11,10,10,210,5,2,2,1.0,3.0,75118,M,,,75
201100063066,11,10,10,1220,1,2,1,1.0,6.0,75118,M,,,75
201100063067,11,10,11,1025,1,2,3,1.0,6.0,75118,M,,,75
201100063068,11,10,11,1820,1,2,5,1.0,6.0,75118,M,,,75
201100063069,11,10,12,2020,5,2,1,1.0,6.0,75118,M,,,75
201100063070,11,10,12,1910,5,2,5,1.0,6.0,75118,M,,,75
201100063071,11,10,13,28,5,2,3,1.0,6.0,75118,M,,,75
201100063072,11,10,12,2208,5,2,1,1.0,1.0,75118,M,,,75
201100063073,11,10,13,1250,1,2,2,8.0,3.0,75118,M,,,75
201100063074,11,10,13,1550,1,2,3,1.0,6.0,75118,M,,,75
201100063075,11,10,13,1925,5,2,1,1.0,6.0,75118,M,,,75
201100063076,11,10,14,820,1,2,1,1.0,3.0,75118,M,,,75
201100063077,11,10,14,1734,1,2,1,1.0,6.0,75118,M,,,75
201100063078,11,10,14,1005,1,2,3,1.0,3.0,75118,M,,,75
201100063079,11,10,15,1740,1,2,1,1.0,2.0,75119,M,,,75
201100063080,11,10,16,845,1,2,4,1.0,1.0,75118,M,,,75
201100063081,11,10,17,1610,1,2,7,1.0,3.0,75118,M,,,75
201100063082,11,10,17,1810,1,2,5,1.0,3.0,75118,M,,,75
201100063083,11,10,18,1950,5,2,2,2.0,6.0,75118,M,,,75
201100063084,11,10,19,1845,2,2,2,2.0,6.0,75118,M,,,75
201100063085,11,10,19,2118,5,2,1,1.0,2.0,75118,M,,,75
201100063086,11,10,20,1730,1,2,1,1.0,6.0,75118,M,,,75
201100063087,11,10,21,930,1,2,1,1.0,2.0,75118,M,,,75
201100063088,11,10,22,1125,1,2,5,1.0,3.0,75118,M,,,75
201100063089,11,10,22,1740,1,2,5,1.0,3.0,75118,M,,,75
201100063090,11,10,22,2340,5,2,7,1.0,3.0,75118,M,,,75
201100063091,11,10,23,805,2,2,1,1.0,6.0,75118,M,,,75
201100063092,11,10,25,1650,1,2,1,8.0,2.0,75118,M,,,75
201100063093,11,10,27,1130,1,2,3,1.0,3.0,75118,M,,,75
201100063094,11,10,30,1225,1,2,1,1.0,3.0,75118,M,,,75
201100063095,11,10,31,1330,1,2,1,1.0,6.0,75118,M,,,75
201100063096,11,11,2,1820,5,2,5,1.0,7.0,75118,M,,,75
201100063097,11,11,3,2045,5,2,5,2.0,3.0,75118,M,,,75
201100063098,11,11,4,1600,1,2,2,1.0,3.0,75118,M,,,75
201100063099,11,11,4,2255,5,2,3,1.0,6.0,75118,M,,,75
201100063100,11,11,5,140,5,2,2,3.0,2.0,75118,M,,,75
201100063101,11,11,5,420,5,2,2,3.0,6.0,75118,M,,,75
201100063102,11,11,7,1223,1,2,2,1.0,6.0,75118,M,,,75
201100063103,11,11,8,1430,1,2,4,1.0,6.0,75118,M,,,75
201100063104,11,11,9,2006,5,2,1,1.0,6.0,75118,M,,,75
201100063105,11,11,10,1710,1,2,3,1.0,6.0,75118,M,,,75
201100063106,11,11,12,1410,1,2,2,1.0,6.0,75118,M,,,75
201100063107,11,11,12,1905,5,2,1,1.0,3.0,75118,M,,,75
201100063108,11,11,12,2255,5,2,3,1.0,3.0,75118,M,,,75
201100063109,11,11,13,1320,1,2,1,1.0,2.0,75118,M,,,75
201100063110,11,11,15,1720,5,2,1,1.0,6.0,75118,M,,,75
201100063111,11,11,15,1810,3,2,3,1.0,2.0,75118,M,,,75
201100063112,11,11,16,1855,5,2,2,1.0,6.0,75118,M,,,75
201100063113,11,11,17,535,5,2,3,2.0,6.0,75118,M,,,75
201100063114,11,11,17,2120,5,2,3,1.0,6.0,75118,M,,,75
201100063115,11,11,18,1130,1,2,1,1.0,3.0,75118,M,,,75
201100063116,11,11,18,1810,5,2,2,1.0,6.0,75118,M,,,75
201100063117,11,11,19,815,1,2,2,1.0,3.0,75118,M,,,75
201100063118,11,11,19,1245,1,2,5,1.0,6.0,75118,M,,,75
201100063119,11,11,20,1740,5,2,2,1.0,6.0,75118,M,,,75
201100063120,11,11,20,1830,5,2,1,1.0,6.0,75118,M,,,75
201100063121,11,11,20,2210,5,2,3,1.0,3.0,75118,M,,,75
201100063122,11,11,21,1310,1,2,4,1.0,6.0,75118,M,,,75
201100063123,11,11,22,1015,1,2,4,1.0,6.0,75118,M,,,75
201100063124,11,11,22,1450,1,2,1,1.0,6.0,75118,M,,,75
201100063125,11,11,22,1920,5,2,5,1.0,6.0,75118,M,,,75
201100063126,11,11,24,830,1,2,2,1.0,2.0,75118,M,,,75
201100063127,11,11,24,1520,1,2,1,1.0,6.0,75118,M,,,75
201100063128,11,11,24,1600,1,2,7,1.0,6.0,75118,M,,,75
201100063129,11,11,25,1900,5,2,2,1.0,3.0,75118,M,,,75
201100063130,11,11,26,350,5,2,1,1.0,2.0,75118,M,,,75
201100063131,11,11,26,2010,5,2,1,1.0,2.0,75118,M,,,75
201100063132,11,11,26,1315,1,2,1,1.0,6.0,75118,M,,,75
201100063133,11,11,29,500,5,2,2,1.0,2.0,75118,M,,,75
201100063134,11,11,29,956,1,2,7,1.0,5.0,75118,M,,,75
201100063135,11,11,30,1300,1,2,1,1.0,6.0,75118,M,,,75
201100063136,11,12,1,2020,5,2,1,1.0,3.0,75118,M,,,75
201100063137,11,12,1,2150,5,2,4,1.0,3.0,75118,M,,,75
201100063138,11,12,2,955,1,2,2,1.0,6.0,75118,M,,,75
201100063139,11,12,2,1540,1,2,1,1.0,2.0,75118,M,,,75
201100063140,11,12,2,1620,2,2,1,1.0,2.0,75118,M,,,75
201100063141,11,12,2,1900,5,2,1,1.0,3.0,75118,M,,,75
201100063142,11,12,3,2050,5,2,1,2.0,4.0,75118,M,,,75
201100063143,11,12,4,625,5,2,4,1.0,6.0,75118,M,,,75
201100063144,11,12,4,1400,1,2,2,2.0,6.0,75118,M,,,75
201100063145,11,12,4,2155,5,2,2,2.0,6.0,75118,M,,,75
201100063146,11,12,5,30,4,2,2,2.0,4.0,75118,M,,,75
201100063147,11,12,5,1900,5,2,4,2.0,6.0,75118,M,,,75
201100063148,11,12,7,55,5,2,3,2.0,2.0,75118,M,,,75
201100063149,11,12,8,1255,1,2,1,8.0,3.0,75118,M,,,75
201100063150,11,12,8,1720,5,2,3,1.0,6.0,75118,M,,,75
201100063151,11,12,9,10,5,2,5,1.0,3.0,75118,M,,,75
201100063152,11,12,9,740,1,2,1,2.0,6.0,75118,M,,,75
201100063153,11,12,9,1135,1,2,4,2.0,6.0,75118,M,,,75
201100063154,11,12,9,1555,1,2,3,8.0,6.0,75118,M,,,75
201100063155,11,12,11,125,5,2,1,1.0,6.0,75118,M,,,75
201100063156,11,12,11,945,1,2,1,1.0,6.0,75118,M,,,75
201100063157,11,12,12,845,1,2,1,8.0,3.0,75110,M,,,75
201100063158,11,12,12,1545,1,2,5,1.0,6.0,75118,M,,,75
201100063159,11,12,13,915,1,2,3,2.0,3.0,75118,M,,,75
201100063160,11,12,14,815,1,2,1,1.0,6.0,75118,M,,,75
201100063161,11,12,14,1020,1,2,1,1.0,3.0,75118,M,,,75
201100063162,11,12,14,1545,1,2,5,1.0,3.0,75118,M,,,75
201100063163,11,12,14,2315,5,2,3,1.0,6.0,75118,M,,,75
201100063164,11,12,18,125,5,2,3,2.0,5.0,75118,M,,,75
201100063165,11,12,18,400,4,2,1,2.0,6.0,75118,M,,,75
201100063166,11,12,18,1640,1,2,2,1.0,3.0,75118,M,,,75
201100063167,11,12,19,945,1,2,2,1.0,3.0,75118,M,,,75
201100063168,11,12,20,1300,1,2,3,1.0,1.0,75118,M,,,75
201100063169,11,12,21,1400,1,2,3,1.0,6.0,75118,M,,,75
201100063170,11,12,22,1215,1,2,2,1.0,6.0,75118,M,,,75
201100063171,11,12,24,1810,5,2,1,1.0,6.0,75118,M,,,75
201100063172,11,12,28,1930,5,2,2,2.0,6.0,75118,M,,,75
201100063173,11,12,29,2230,5,2,2,1.0,6.0,75118,M,,,75
201100063174,11,12,30,150,5,2,5,2.0,6.0,75118,M,,,75
201100063175,11,12,30,1930,5,2,4,3.0,3.0,75118,M,,,75
201100063176,11,1,3,1400,1,2,1,1.0,3.0,75119,M,,,75
201100063177,11,1,7,740,2,2,3,1.0,6.0,75119,M,,,75
201100063178,11,1,7,1000,1,2,2,2.0,3.0,75119,M,,,75
201100063179,11,1,7,1235,1,2,2,1.0,6.0,75119,M,,,75
201100063180,11,1,7,1818,5,2,1,8.0,6.0,75119,M,,,75
201100063181,11,1,7,2100,5,2,3,2.0,3.0,75119,M,,,75
201100063182,11,1,8,1555,1,2,3,1.0,6.0,75119,M,,,75
201100063183,11,1,8,2205,5,2,1,2.0,6.0,75119,M,,,75
201100063184,11,1,9,1225,1,2,1,1.0,2.0,75119,M,,,75
201100063185,11,1,10,930,1,2,1,1.0,6.0,75119,M,,,75
201100063186,11,1,10,1700,2,2,2,1.0,7.0,75119,M,,,75
201100063187,11,1,11,1640,1,2,1,2.0,3.0,75119,M,,,75
201100063188,11,1,12,645,5,2,2,2.0,6.0,75119,M,,,75
201100063189,11,1,14,1735,5,2,1,2.0,6.0,75119,M,,,75
201100063190,11,1,15,2255,3,2,3,1.0,3.0,75119,M,,,75
201100063191,11,1,18,1215,1,2,2,2.0,6.0,75119,M,,,75
201100063192,11,1,18,1800,5,2,2,1.0,6.0,75119,M,,,75
201100063193,11,1,20,210,5,2,3,1.0,6.0,75119,M,,,75
201100063194,11,1,20,1410,1,2,1,1.0,3.0,75119,M,,,75
201100063195,11,1,21,2130,5,2,1,1.0,6.0,75119,M,,,75
201100063196,11,1,26,1400,1,2,2,2.0,6.0,75119,M,,,75
201100063197,11,1,28,700,5,2,3,1.0,6.0,75119,M,,,75
201100063198,11,1,31,850,1,2,2,1.0,3.0,75120,M,,,75
201100063199,11,2,3,820,1,2,3,1.0,6.0,75119,M,,,75
201100063200,11,2,4,1300,1,2,2,1.0,6.0,75119,M,,,75
201100063201,11,2,4,1610,1,2,1,1.0,3.0,75119,M,,,75
201100063202,11,2,8,1222,1,2,3,1.0,5.0,75119,M,,,75
201100063203,11,2,8,1210,1,2,1,1.0,3.0,75119,M,,,75
201100063204,11,2,9,1310,1,2,2,1.0,6.0,75119,M,,,75
201100063205,11,2,18,1730,1,2,2,1.0,6.0,75119,M,,,75
201100063206,11,2,19,1420,1,2,2,3.0,6.0,75119,M,,,75
201100063207,11,2,20,20,5,2,3,2.0,2.0,75119,M,,,75
201100063208,11,2,21,1530,1,2,7,2.0,7.0,75119,M,,,75
201100063209,11,2,24,850,1,2,3,1.0,7.0,75119,M,,,75
201100063210,11,2,25,740,1,2,1,1.0,3.0,75119,M,,,75
201100063211,11,2,27,1615,1,2,1,1.0,6.0,75119,M,,,75
201100063212,11,2,28,1340,1,2,5,1.0,6.0,75119,M,,,75
201100063213,11,3,2,900,1,2,2,1.0,6.0,75119,M,4888360.0,239705.0,75
201100063214,11,3,2,1325,1,2,5,1.0,6.0,75119,M,4888300.0,238552.0,75
201100063215,11,3,2,1525,1,2,3,1.0,6.0,75119,M,4888430.0,237588.0,75
201100063216,11,3,2,1800,2,2,1,1.0,4.0,75119,M,4888400.0,239951.0,75
201100063217,11,3,2,2120,5,2,1,1.0,6.0,75119,M,4887450.0,238662.0,75
201100063218,11,3,3,1645,1,2,3,7.0,6.0,75119,M,,,75
201100063219,11,3,4,1440,1,2,3,1.0,3.0,75119,M,,,75
201100063220,11,3,4,1645,1,2,2,1.0,6.0,75119,M,,,75
201100063221,11,3,7,1645,1,2,5,7.0,6.0,75119,M,,,75
201100063222,11,3,8,950,1,2,1,1.0,2.0,75119,M,,,75