Num_Acc,an,mois,jour,hrmn,lum,agg,int,atm,col,com,gps,lat,long,dep
201100063223,11,3,8,1735,1,2,3,1.0,6.0,75119,M,,,75
201100063224,11,3,9,820,1,2,2,1.0,6.0,75119,M,,,75
201100063225,11,3,10,915,1,2,5,1.0,6.0,75119,M,,,75
201100063226,11,3,10,1645,1,2,1,1.0,3.0,75119,M,,,75
201100063227,11,3,10,2045,5,2,2,1.0,3.0,75120,M,,,75
201100063228,11,3,11,1250,1,2,1,1.0,2.0,75119,M,,,75
201100063229,11,3,12,630,5,2,1,1.0,6.0,75119,M,,,75
201100063230,11,3,13,1000,1,2,1,1.0,6.0,75119,M,,,75
201100063231,11,3,16,1000,1,2,2,1.0,3.0,75119,M,,,75
201100063232,11,3,17,1240,1,2,1,1.0,3.0,75119,M,,,75
201100063233,11,3,17,2140,5,2,2,1.0,6.0,75119,M,,,75
201100063234,11,3,18,2201,5,2,5,2.0,3.0,75119,M,,,75
201100063235,11,3,21,1600,1,2,2,1.0,3.0,75119,M,,,75
201100063236,11,3,22,1845,5,2,2,1.0,6.0,75119,M,,,75
201100063237,11,3,23,1600,1,2,1,1.0,6.0,75119,M,,,75
201100063238,11,3,23,1955,5,2,3,1.0,3.0,75119,M,,,75
201100063239,11,3,24,817,1,2,3,1.0,3.0,75119,M,,,75
201100063240,11,3,24,2045,5,2,1,1.0,6.0,75119,M,,,75
201100063241,11,3,25,830,1,2,1,1.0,6.0,75119,M,,,75
201100063242,11,3,25,1350,1,2,2,1.0,4.0,75119,M,,,75
201100063243,11,3,25,1515,1,2,5,1.0,3.0,75110,M,,,75
201100063244,11,3,26,40,3,2,5,1.0,7.0,75119,M,,,75
201100063245,11,3,27,1900,1,2,2,2.0,6.0,75119,M,,,75
201100063246,11,3,28,1215,1,2,5,1.0,2.0,75119,M,,,75
201100063247,11,3,29,1730,1,2,1,3.0,6.0,75119,M,,,75
201100063248,11,3,29,1830,1,2,1,2.0,6.0,75119,M,,,75
201100063249,11,3,29,1945,2,2,1,2.0,6.0,75119,M,,,75
201100063250,11,3,30,715,2,2,1,1.0,3.0,75119,M,,,75
201100063251,11,3,30,1745,1,2,4,2.0,6.0,75120,M,,,75
201100063252,11,3,31,1900,1,2,3,1.0,3.0,75119,M,,,75
201100063253,11,4,1,1905,1,2,1,1.0,6.0,75119,M,,,75
201100063254,11,4,2,1130,1,2,1,1.0,1.0,75119,M,,,75
201100063255,11,4,2,1540,1,2,2,1.0,1.0,75119,M,,,75
201100063256,11,4,2,1625,1,2,3,1.0,6.0,75119,M,,,75
201100063257,11,4,3,1640,1,2,1,1.0,3.0,75119,M,,,75
201100063258,11,4,4,2015,5,2,1,1.0,7.0,75119,M,,,75
201100063259,11,4,5,1545,1,2,1,1.0,6.0,75120,M,,,75
201100063260,11,4,5,1815,1,2,1,1.0,6.0,75119,M,,,75
201100063261,11,4,6,1230,1,2,1,1.0,3.0,75119,M,,,75
201100063262,11,4,7,650,3,2,1,1.0,6.0,75119,M,,,75
201100063263,11,4,8,1910,1,2,1,1.0,6.0,75119,M,,,75
201100063264,11,4,8,945,1,2,3,1.0,3.0,75119,M,,,75
201100063265,11,4,10,2100,5,2,7,1.0,6.0,75119,M,,,75
201100063266,11,4,10,2130,2,2,1,1.0,6.0,75119,M,,,75
201100063267,11,4,11,1205,1,2,5,1.0,3.0,75119,M,,,75
201100063268,11,4,11,1320,1,2,1,1.0,7.0,75119,M,,,75
201100063269,11,4,11,1410,1,2,4,1.0,3.0,75119,M,,,75
201100063270,11,4,12,740,1,2,1,1.0,3.0,75119,M,,,75
201100063271,11,4,12,835,1,2,2,1.0,3.0,75119,M,,,75
201100063272,11,4,12,1200,1,2,1,1.0,6.0,75119,M,,,75
201100063273,11,4,12,1645,1,2,2,1.0,2.0,75119,M,,,75
201100063274,11,4,14,1100,1,2,3,1.0,2.0,75119,M,,,75
201100063275,11,4,14,2015,2,2,1,1.0,6.0,75119,M,,,75
201100063276,11,4,15,840,1,2,1,1.0,6.0,75119,M,,,75
201100063277,11,4,19,930,1,2,1,1.0,6.0,75119,M,,,75
201100063278,11,4,19,1215,1,2,1,1.0,4.0,75119,M,,,75
201100063279,11,4,22,1405,1,2,5,1.0,7.0,75119,M,,,75
201100063280,11,4,22,2245,3,2,2,1.0,6.0,75119,M,,,75
201100063281,11,4,23,130,5,2,3,1.0,6.0,75119,M,,,75
201100063282,11,4,24,1315,1,2,1,1.0,6.0,75119,M,,,75
201100063283,11,4,26,1615,1,2,1,1.0,6.0,75119,M,,,75
201100063284,11,4,26,2000,1,2,5,1.0,3.0,75119,M,,,75
201100063285,11,4,27,1615,1,2,4,1.0,2.0,75119,M,,,75
201100063286,11,4,28,30,5,2,1,1.0,6.0,75119,M,,,75
201100063287,11,4,28,1950,1,2,1,2.0,3.0,75119,M,,,75
201100063288,11,5,2,850,1,2,1,2.0,6.0,75119,M,,,75
201100063289,11,5,3,700,1,2,5,3.0,3.0,75119,M,,,75
201100063290,11,5,4,655,1,2,5,1.0,3.0,75119,M,,,75
201100063291,11,5,4,930,1,2,1,1.0,6.0,75119,M,,,75
201100063292,11,5,4,1755,1,2,1,1.0,3.0,75119,M,,,75
201100063293,11,5,5,1610,1,2,1,1.0,4.0,75110,M,,,75
201100063294,11,5,8,740,1,2,2,1.0,6.0,75119,M,,,75
201100063295,11,5,8,2025,1,2,1,1.0,6.0,75119,M,,,75
201100063296,11,5,8,1940,1,2,2,1.0,3.0,75119,M,,,75
201100063297,11,5,9,305,5,2,1,1.0,7.0,75119,M,,,75
201100063298,11,5,9,1010,1,2,1,1.0,6.0,75119,M,,,75
201100063299,11,5,10,1120,1,2,2,1.0,2.0,75119,M,,,75
201100063300,11,5,10,1400,1,2,1,1.0,3.0,75119,M,,,75
201100063301,11,5,11,1350,1,2,1,1.0,6.0,75119,M,,,75
201100063302,11,5,12,840,1,2,1,1.0,3.0,75119,M,,,75
201100063303,11,5,12,1015,1,2,2,1.0,6.0,75119,M,,,75
201100063304,11,5,13,740,1,2,3,1.0,1.0,75119,M,,,75
201100063305,11,5,13,1315,1,2,2,1.0,2.0,75119,M,,,75
201100063306,11,5,14,1135,1,2,5,1.0,6.0,75119,M,,,75
201100063307,11,5,14,1200,1,2,2,1.0,2.0,75119,M,,,75
201100063308,11,5,14,1915,1,2,1,1.0,3.0,75119,M,,,75
201100063309,11,5,15,1900,1,2,1,1.0,6.0,75119,M,,,75
201100063310,11,5,16,850,1,2,5,1.0,3.0,75119,M,,,75
201100063311,11,5,16,1420,1,2,1,1.0,6.0,75119,M,,,75
201100063312,11,5,16,1420,1,2,4,8.0,6.0,75119,M,,,75
201100063313,11,5,16,1530,1,2,1,1.0,3.0,75119,M,,,75
201100063314,11,5,17,915,1,2,2,1.0,3.0,75119,M,,,75
201100063315,11,5,17,2240,5,2,1,1.0,6.0,75119,M,,,75
201100063316,11,5,18,815,1,2,3,1.0,1.0,75119,M,,,75
201100063317,11,5,17,2255,3,2,1,1.0,3.0,75119,M,,,75
201100063318,11,5,19,1300,1,2,3,1.0,6.0,75119,M,,,75
201100063319,11,5,19,1845,1,2,1,1.0,6.0,75119,M,,,75
201100063320,11,5,20,1410,1,2,3,1.0,6.0,75119,M,,,75
201100063321,11,5,20,1520,1,2,1,1.0,3.0,75119,M,,,75
201100063322,11,5,21,130,5,2,2,1.0,6.0,75119,M,,,75
201100063323,11,5,21,1605,1,2,1,1.0,3.0,75119,M,,,75
201100063324,11,5,22,1045,1,2,3,1.0,6.0,75119,M,,,75
201100063325,11,5,22,1655,1,2,1,1.0,6.0,75119,M,,,75
201100063326,11,5,23,1615,1,2,1,1.0,6.0,75119,M,,,75
201100063327,11,5,23,1350,1,2,5,1.0,2.0,75119,M,,,75
201100063328,11,5,24,1055,1,2,1,1.0,6.0,75119,M,,,75
201100063329,11,5,26,1815,1,2,1,1.0,6.0,75119,M,,,75
201100063330,11,5,27,1605,1,2,1,1.0,3.0,75119,M,,,75
201100063331,11,5,30,1125,1,2,1,7.0,6.0,75119,M,,,75
201100063332,11,5,30,1200,1,2,1,1.0,2.0,75119,M,,,75
201100063333,11,5,31,830,1,2,1,8.0,6.0,75119,M,,,75
201100063334,11,6,7,1118,1,2,7,8.0,7.0,75119,M,,,75
201100063335,11,6,7,1400,1,2,7,2.0,3.0,75119,M,,,75
201100063336,11,6,8,1445,1,2,1,1.0,6.0,75119,M,,,75
201100063337,11,6,8,1935,1,2,3,1.0,3.0,75119,M,,,75
201100063338,11,6,10,1530,1,2,3,3.0,7.0,75119,M,,,75
201100063339,11,6,10,1900,1,2,2,2.0,6.0,75119,M,,,75
201100063340,11,6,11,2130,2,2,2,1.0,1.0,75119,M,,,75
201100063341,11,6,14,2020,2,2,1,1.0,6.0,75119,M,,,75
201100063342,11,6,15,1635,1,2,3,1.0,3.0,75119,M,,,75
201100063343,11,6,16,1515,1,2,1,1.0,3.0,75119,M,,,75
201100063344,11,6,18,1900,1,2,4,1.0,3.0,75119,M,,,75
201100063345,11,6,19,910,1,2,5,1.0,1.0,75119,M,,,75
201100063346,11,6,19,1210,1,2,1,1.0,6.0,75119,M,,,75
201100063347,11,6,19,1740,1,2,7,1.0,7.0,75119,M,,,75
201100063348,11,6,19,1805,1,2,1,8.0,6.0,75119,M,,,75
201100063349,11,6,19,2010,5,2,1,8.0,3.0,75119,M,,,75
201100063350,11,6,22,55,3,2,2,2.0,2.0,75119,M,,,75
201100063351,11,6,23,1540,1,2,1,1.0,2.0,75119,M,,,75
201100063352,11,6,24,940,1,2,1,1.0,3.0,75119,M,,,75
201100063353,11,6,24,1910,1,2,1,1.0,6.0,75119,M,,,75
201100063354,11,6,26,1600,1,2,5,1.0,6.0,75119,M,,,75
201100063355,11,6,26,1920,1,2,2,1.0,2.0,75119,M,,,75
201100063356,11,6,28,2025,1,2,5,1.0,6.0,75119,M,,,75
201100063357,11,6,29,1545,1,2,1,1.0,7.0,75119,M,,,75
201100063358,11,6,29,1915,1,2,1,1.0,2.0,75119,M,,,75
201100063359,11,6,30,1700,1,2,1,1.0,2.0,75119,M,,,75
201100063360,11,7,2,1050,1,2,2,1.0,3.0,75119,M,,,75
201100063361,11,7,2,1930,1,2,2,1.0,3.0,75110,M,,,75
201100063362,11,7,3,1600,1,2,1,1.0,3.0,75119,M,,,75
201100063363,11,7,4,655,1,2,4,1.0,3.0,75119,M,,,75
201100063364,11,7,4,1255,1,2,1,1.0,6.0,75119,M,,,75
201100063365,11,7,6,630,1,2,1,1.0,6.0,75119,M,,,75
201100063366,11,7,6,1040,1,2,1,8.0,6.0,75119,M,,,75
201100063367,11,7,7,2100,2,2,7,1.0,6.0,75119,M,,,75
201100063368,11,7,10,2325,5,2,5,1.0,6.0,75119,M,,,75
201100063369,11,7,11,650,1,2,1,1.0,3.0,75120,M,,,75
201100063370,11,7,11,2100,1,2,1,1.0,3.0,75119,M,,,75
201100063371,11,7,12,1015,1,2,1,3.0,7.0,75119,M,,,75
201100063372,11,7,15,1630,1,2,2,1.0,1.0,75119,M,,,75
201100063373,11,7,15,1630,1,2,4,1.0,6.0,75119,M,,,75
201100063374,11,7,18,1445,1,2,1,1.0,7.0,75119,M,,,75
201100063375,11,7,21,1120,1,2,2,8.0,6.0,75119,M,,,75
201100063376,11,7,22,915,1,2,1,1.0,7.0,75119,M,,,75
201100063377,11,7,22,2040,1,2,1,8.0,3.0,75119,M,,,75
201100063378,11,7,24,1750,1,2,4,1.0,4.0,75119,M,,,75
201100063379,11,7,28,1750,1,2,1,1.0,3.0,75119,M,,,75
201100063380,11,8,1,1745,1,2,2,1.0,3.0,75119,M,,,75
201100063381,11,8,1,2140,5,2,4,1.0,6.0,75119,M,,,75
201100063382,11,8,2,2330,4,2,3,1.0,3.0,75119,M,,,75
201100063383,11,8,3,2220,5,2,1,1.0,3.0,75119,M,,,75
201100063384,11,8,6,2230,5,2,1,2.0,6.0,75119,M,,,75
201100063385,11,8,9,755,1,2,3,1.0,7.0,75119,M,,,75
201100063386,11,8,11,1210,1,2,3,1.0,6.0,75119,M,,,75
201100063387,11,8,11,1830,1,2,2,1.0,6.0,75119,M,,,75
201100063388,11,8,12,930,1,2,1,8.0,6.0,75119,M,,,75
201100063389,11,8,15,1745,1,2,3,1.0,6.0,75119,M,,,75
201100063390,11,8,17,2200,5,2,1,1.0,3.0,75119,M,,,75
201100063391,11,8,19,800,1,2,2,8.0,3.0,75119,M,,,75
201100063392,11,8,19,1550,1,2,1,1.0,2.0,75119,M,,,75
201100063393,11,8,19,1940,1,2,1,1.0,6.0,75119,M,,,75
201100063394,11,8,20,1250,1,2,1,1.0,3.0,75119,M,,,75
201100063395,11,8,21,1950,1,2,2,1.0,3.0,75119,M,,,75
201100063396,11,8,22,2000,1,2,3,2.0,3.0,75119,M,,,75
201100063397,11,8,22,1930,1,2,1,1.0,6.0,75119,M,,,75
201100063398,11,8,23,1600,1,2,1,1.0,3.0,75119,M,,,75
201100063399,11,8,26,1554,1,2,4,8.0,3.0,75119,M,,,75
201100063400,11,8,27,1645,1,2,4,2.0,3.0,75119,M,,,75
201100063401,11,8,30,1310,1,2,7,1.0,6.0,75119,M,,,75
201100063402,11,8,31,1945,1,2,1,1.0,2.0,75119,M,,,75
201100063403,11,9,2,815,1,2,2,1.0,3.0,75119,M,,,75
201100063404,11,9,4,235,5,2,3,2.0,2.0,75119,M,,,75
201100063405,11,9,5,1315,1,2,4,1.0,6.0,75119,M,,,75
201100063406,11,9,5,1636,1,2,1,1.0,3.0,75119,M,,,75
201100063407,11,9,5,1930,1,2,4,1.0,3.0,75119,M,,,75
201100063408,11,9,6,940,1,2,4,1.0,3.0,75119,M,,,75
201100063409,11,9,7,2310,5,2,4,1.0,6.0,75119,M,,,75
201100063410,11,9,8,1225,1,2,1,2.0,2.0,75119,M,,,75
201100063411,11,9,13,855,1,2,2,1.0,6.0,75119,M,,,75
201100063412,11,9,14,1145,1,2,5,1.0,6.0,75119,M,,,75
201100063413,11,9,15,1905,2,2,2,1.0,3.0,75119,M,,,75
201100063414,11,9,16,1908,1,2,5,1.0,6.0,75119,M,,,75
201100063415,11,9,18,330,5,2,1,1.0,6.0,75119,M,,,75
201100063416,11,9,18,1800,1,2,3,2.0,2.0,75119,M,,,75
201100063417,11,9,18,2305,5,2,1,1.0,6.0,75119,M,,,75
201100063418,11,9,19,950,1,2,1,1.0,6.0,75119,M,,,75
201100063419,11,9,21,830,1,2,1,1.0,2.0,75119,M,,,75
201100063420,11,9,22,1630,1,2,1,1.0,6.0,75119,M,,,75
201100063421,11,9,23,1800,1,2,2,1.0,6.0,75119,M,,,75
201100063422,11,9,24,1745,1,2,1,1.0,7.0,75119,M,,,75
201100063423,11,9,24,2035,5,2,3,1.0,3.0,75119,M,,,75
201100063424,11,9,25,1305,1,2,1,1.0,2.0,75119,M,,,75
201100063425,11,10,1,50,5,2,7,1.0,7.0,75119,M,,,75
201100063426,11,10,4,1110,1,2,4,1.0,3.0,75119,M,,,75
201100063427,11,10,5,1900,5,2,3,1.0,6.0,75119,M,,,75
201100063428,11,10,5,2315,5,2,1,1.0,6.0,75119,M,,,75
201100063429,11,10,6,745,1,2,1,8.0,2.0,75119,M,,,75
201100063430,11,10,6,850,1,2,1,2.0,1.0,75119,M,,,75
201100063431,11,10,7,715,2,2,2,2.0,1.0,75119,M,,,75
201100063432,11,10,7,1925,5,2,7,1.0,7.0,75119,M,,,75
201100063433,11,10,8,2140,5,2,2,1.0,3.0,75119,M,,,75
201100063434,11,10,10,1110,1,2,1,1.0,6.0,75119,M,,,75
201100063435,11,10,11,1935,5,2,7,1.0,6.0,75119,M,,,75
201100063436,11,10,12,915,1,2,1,8.0,6.0,75119,M,,,75
201100063437,11,10,12,1420,1,2,3,1.0,6.0,75119,M,,,75
201100063438,11,10,12,2355,5,2,3,1.0,1.0,75119,M,,,75
201100063439,11,10,13,1250,1,2,1,1.0,7.0,75119,M,,,75
201100063440,11,10,13,1350,1,2,2,8.0,7.0,75119,M,,,75
201100063441,11,10,15,1430,1,2,2,1.0,2.0,75119,M,,,75
201100063442,11,10,15,1605,1,2,3,1.0,6.0,75119,M,,,75
201100063443,11,10,17,900,1,2,1,1.0,6.0,75119,M,,,75
201100063444,11,10,17,1815,1,2,4,1.0,6.0,75119,M,,,75
201100063445,11,10,18,1400,1,2,7,2.0,7.0,75119,M,,,75
201100063446,11,10,19,750,1,2,1,1.0,4.0,75119,M,,,75
201100063447,11,10,19,2015,5,2,7,8.0,3.0,75119,M,,,75
201100063448,11,10,22,1730,1,2,5,1.0,3.0,75119,M,,,75
201100063449,11,10,23,1920,5,2,3,1.0,6.0,75119,M,,,75
201100063450,11,10,25,848,1,2,1,1.0,7.0,75119,M,,,75
201100063451,11,10,25,1040,1,2,5,1.0,3.0,75119,M,,,75
201100063452,11,10,25,1810,1,2,4,1.0,2.0,75119,M,,,75
201100063453,11,10,26,1930,5,2,3,1.0,6.0,75119,M,,,75
201100063454,11,10,27,1035,1,2,7,1.0,3.0,75119,M,,,75
201100063455,11,10,27,1640,1,2,4,1.0,5.0,75119,M,,,75
201100063456,11,10,28,2045,5,2,2,1.0,3.0,75119,M,,,75
201100063457,11,10,29,1745,1,2,1,1.0,6.0,75119,M,,,75
201100063458,11,10,29,1935,5,2,1,2.0,6.0,75119,M,,,75
201100063459,11,10,30,2330,5,2,1,2.0,1.0,75119,M,,,75
201100063460,11,10,31,1030,1,2,2,1.0,3.0,75119,M,,,75
201100063461,11,10,31,1530,1,2,1,1.0,2.0,75119,M,,,75
201100063462,11,11,3,1505,1,2,1,2.0,6.0,75119,M,,,75
201100063463,11,11,3,1445,1,2,1,2.0,6.0,75119,M,,,75
201100063464,11,11,3,1300,1,2,1,2.0,6.0,75119,M,,,75
201100063465,11,11,6,1030,1,2,3,1.0,3.0,75119,M,,,75
201100063466,11,11,7,1040,1,2,5,1.0,3.0,75119,M,,,75
201100063467,11,11,7,1700,2,2,1,1.0,3.0,75119,M,,,75
201100063468,11,11,8,1730,5,2,1,1.0,2.0,75119,M,,,75
201100063469,11,11,9,143,5,2,3,2.0,2.0,75119,M,,,75
201100063470,11,11,9,805,2,2,1,1.0,2.0,75119,M,,,75
201100063471,11,11,9,1420,1,2,7,1.0,3.0,75119,M,,,75
201100063472,11,11,10,1540,1,2,1,1.0,7.0,75119,M,,,75
201100063473,11,11,11,1825,5,2,1,1.0,2.0,75119,M,,,75
201100063474,11,11,12,525,5,2,4,8.0,7.0,75119,M,,,75
201100063475,11,11,12,1450,1,2,3,1.0,6.0,75119,M,,,75
201100063476,11,11,14,800,1,2,1,1.0,7.0,75119,M,,,75
201100063477,11,11,15,1000,1,2,7,1.0,6.0,75119,M,,,75
201100063478,11,11,17,2315,5,2,7,1.0,6.0,75119,M,,,75
201100063479,11,11,18,1010,1,2,7,8.0,3.0,75119,M,,,75
201100063480,11,11,18,1450,1,2,5,1.0,6.0,75119,M,,,75
201100063481,11,11,22,1820,5,2,2,1.0,7.0,75119,M,,,75
201100063482,11,11,23,815,1,2,2,1.0,3.0,75119,M,,,75
201100063483,11,11,25,1745,5,2,1,1.0,6.0,75119,M,,,75
201100063484,11,11,30,1730,4,2,1,1.0,1.0,75119,M,,,75
201100063485,11,12,1,1410,1,2,2,2.0,7.0,75119,M,,,75
201100063486,11,12,2,1600,1,2,3,1.0,2.0,75119,M,,,75
201100063487,11,12,3,1530,1,2,1,1.0,6.0,75119,M,,,75
201100063488,11,12,4,1710,2,2,3,2.0,6.0,75119,M,,,75
201100063489,11,12,7,745,5,2,3,2.0,2.0,75119,M,,,75
201100063490,11,12,7,1400,1,2,1,2.0,3.0,75119,M,,,75
201100063491,11,12,7,1550,1,2,1,6.0,7.0,75119,M,,,75
201100063492,11,12,7,1855,5,2,5,2.0,6.0,75119,M,,,75
201100063493,11,12,9,1630,1,2,1,8.0,7.0,75119,M,,,75
201100063494,11,12,12,725,5,2,5,1.0,3.0,75119,M,,,75
201100063495,11,12,12,905,1,2,1,1.0,2.0,75119,M,,,75
201100063496,11,12,13,820,2,2,2,2.0,6.0,75119,M,,,75
201100063497,11,12,13,930,1,2,1,2.0,7.0,75119,M,,,75
201100063498,11,12,15,715,5,2,1,1.0,6.0,75119,M,,,75
201100063499,11,12,17,1300,1,2,1,1.0,3.0,75119,M,,,75
201100063500,11,12,20,900,1,2,7,1.0,7.0,75119,M,,,75
201100063501,11,12,21,1915,5,2,1,2.0,6.0,75119,M,,,75
201100063502,11,1,5,1050,1,2,4,1.0,6.0,75120,M,,,75
201100063503,11,1,5,1435,1,2,2,1.0,3.0,75120,M,,,75
201100063504,11,1,6,1150,1,2,2,1.0,6.0,75120,M,,,75
201100063505,11,1,7,1520,1,2,1,2.0,6.0,75120,M,,,75
201100063506,11,1,7,1950,5,2,1,2.0,6.0,75120,M,,,75
201100063507,11,1,7,2100,5,2,1,2.0,6.0,75120,M,,,75
201100063508,11,1,7,2045,5,2,2,1.0,6.0,75120,M,,,75
201100063509,11,1,7,2100,5,2,2,2.0,5.0,75120,M,,,75
201100063510,11,1,9,1115,1,2,3,3.0,3.0,75120,M,,,75
201100063511,11,1,10,1350,1,2,3,1.0,3.0,75120,M,,,75
201100063512,11,1,12,850,1,2,5,2.0,6.0,75120,M,,,75
201100063513,11,1,17,1115,1,2,4,1.0,6.0,75120,M,,,75
201100063514,11,1,18,1700,2,2,2,2.0,6.0,75120,M,,,75
201100063515,11,1,20,835,1,2,1,1.0,3.0,75120,M,,,75
201100063516,11,1,21,445,5,2,2,1.0,6.0,75120,M,,,75
201100063517,11,1,22,2115,3,2,1,2.0,3.0,75120,M,,,75
201100063518,11,1,23,2020,5,2,4,1.0,6.0,75120,M,,,75
201100063519,11,1,24,1655,1,2,3,2.0,6.0,75120,M,,,75
201100063520,11,1,26,830,1,2,1,3.0,7.0,75120,M,,,75
201100063521,11,1,26,915,1,2,5,2.0,3.0,75120,M,,,75
201100063522,11,1,26,1240,1,2,1,2.0,6.0,75120,M,,,75
201100063523,11,1,27,1805,5,2,1,1.0,2.0,75120,M,,,75
201100063524,11,1,28,1155,1,2,3,1.0,2.0,75120,M,,,75
201100063525,11,2,2,745,1,2,2,2.0,7.0,75120,M,,,75
201100063526,11,2,2,1258,1,2,1,1.0,6.0,75120,M,,,75
201100063527,11,2,2,1545,1,2,1,1.0,6.0,75120,M,,,75
201100063528,11,2,2,1720,1,2,4,1.0,7.0,75120,M,,,75
201100063529,11,2,3,145,5,2,1,2.0,7.0,75120,M,,,75
201100063530,11,2,3,1105,1,2,1,1.0,6.0,75120,M,,,75
201100063531,11,2,3,1825,5,2,5,1.0,3.0,75120,M,,,75
201100063532,11,2,3,2020,5,2,5,1.0,3.0,75120,M,,,75
201100063533,11,2,5,220,5,2,5,1.0,7.0,75120,M,,,75
201100063534,11,2,6,706,1,2,2,1.0,6.0,75120,M,,,75
201100063535,11,2,6,2120,5,2,2,1.0,6.0,75120,M,,,75
201100063536,11,2,8,2025,5,2,3,1.0,6.0,75120,M,,,75
201100063537,11,2,9,1230,1,2,3,1.0,6.0,75120,M,,,75
201100063538,11,2,9,1520,1,2,4,1.0,6.0,75120,M,,,75
201100063539,11,2,9,1950,5,2,2,1.0,6.0,75120,M,,,75
201100063540,11,2,10,1945,5,2,2,2.0,6.0,75119,M,,,75
201100063541,11,2,11,1230,1,2,3,1.0,3.0,75120,M,,,75
201100063542,11,2,12,1700,1,2,4,2.0,6.0,75120,M,,,75
201100063543,11,2,13,211,5,2,1,1.0,3.0,75120,M,,,75
201100063544,11,2,15,1805,2,2,5,2.0,6.0,75120,M,,,75
201100063545,11,2,15,1810,5,2,2,8.0,6.0,75120,M,,,75
201100063546,11,2,16,1650,1,2,3,8.0,6.0,75120,M,,,75
201100063547,11,2,17,1045,1,2,1,1.0,6.0,75120,M,,,75
201100063548,11,2,17,1700,1,2,2,1.0,6.0,75120,M,,,75
201100063549,11,2,17,2015,5,2,2,1.0,3.0,75120,M,,,75
201100063550,11,2,18,50,5,2,4,1.0,6.0,75120,M,,,75
201100063551,11,2,19,2125,5,2,2,2.0,6.0,75120,M,,,75
201100063552,11,2,20,1120,1,2,2,1.0,1.0,75119,M,,,75
201100063553,11,2,21,1755,5,2,3,2.0,6.0,75120,M,,,75
201100063554,11,2,21,2337,5,2,2,2.0,1.0,75120,M,,,75
201100063555,11,2,23,2050,5,2,3,2.0,6.0,75120,M,,,75
201100063556,11,2,24,1405,2,2,2,1.0,3.0,75120,M,,,75
201100063557,11,2,25,1435,1,2,2,1.0,7.0,75120,M,,,75
201100063558,11,2,26,2100,2,2,4,2.0,7.0,75120,M,,,75
201100063559,11,3,1,1335,1,2,1,1.0,6.0,75120,M,,,75
201100063560,11,3,1,1845,5,2,1,1.0,6.0,75120,M,,,75
201100063561,11,3,1,1720,1,2,1,8.0,2.0,75120,M,,,75
201100063562,11,3,3,645,2,2,2,1.0,6.0,75120,M,,,75
201100063563,11,3,5,840,1,2,3,1.0,7.0,75120,M,,,75
201100063564,11,3,5,1910,5,2,3,1.0,6.0,75120,M,,,75
201100063565,11,3,6,1530,1,2,1,1.0,6.0,75120,M,,,75
201100063566,11,3,6,2040,5,2,5,1.0,2.0,75120,M,,,75
201100063567,11,3,7,1050,1,2,5,1.0,3.0,75120,M,,,75
201100063568,11,3,7,1440,1,2,1,1.0,3.0,75120,M,,,75
201100063569,11,3,7,1550,1,2,1,1.0,3.0,75120,M,,,75
201100063570,11,3,8,1818,1,2,1,1.0,6.0,75120,M,,,75
201100063571,11,3,9,920,1,2,1,8.0,3.0,75120,M,,,75
201100063572,11,3,10,1940,5,2,2,1.0,3.0,75120,M,,,75
201100063573,11,3,11,1445,1,2,1,1.0,6.0,75120,M,,,75
201100063574,11,3,11,2155,5,2,1,1.0,6.0,75120,M,,,75
201100063575,11,3,12,135,5,2,5,1.0,6.0,75120,M,,,75
201100063576,11,3,12,2235,5,2,2,2.0,3.0,75120,M,,,75
201100063577,11,3,13,115,5,2,5,2.0,3.0,75120,M,,,75
201100063578,11,3,14,1540,1,2,1,1.0,3.0,75120,M,,,75
201100063579,11,3,15,815,1,2,2,2.0,6.0,75120,M,,,75
201100063580,11,3,15,1736,1,2,3,1.0,3.0,75120,M,,,75
201100063581,11,3,16,1305,1,2,5,2.0,3.0,75120,M,,,75
201100063582,11,3,16,1749,1,2,4,1.0,3.0,75120,M,,,75
201100063583,11,3,16,1800,1,2,1,1.0,6.0,75120,M,,,75
201100063584,11,3,16,1915,5,2,3,1.0,6.0,75120,M,,,75
201100063585,11,3,17,810,1,2,7,8.0,3.0,75120,M,,,75
201100063586,11,3,17,1930,5,2,1,1.0,6.0,75120,M,,,75
201100063587,11,3,18,1945,5,2,4,3.0,3.0,75120,M,,,75
201100063588,11,3,18,1910,5,2,2,2.0,3.0,75120,M,,,75
201100063589,11,3,18,2120,5,2,3,2.0,6.0,75120,M,,,75
201100063590,11,3,19,320,5,2,2,1.0,3.0,75120,M,,,75
201100063591,11,3,21,1459,1,2,1,1.0,6.0,75120,M,,,75
201100063592,11,3,22,1610,1,2,3,1.0,6.0,75120,M,,,75
201100063593,11,3,23,833,1,2,3,1.0,3.0,75120,M,,,75
201100063594,11,3,23,1500,1,2,1,1.0,3.0,75120,M,,,75
201100063595,11,3,23,1651,1,2,3,1.0,7.0,75120,M,,,75
201100063596,11,3,24,2301,5,2,5,1.0,3.0,75120,M,,,75
201100063597,11,3,26,1815,1,2,1,2.0,6.0,75120,M,,,75
201100063598,11,3,26,2300,5,2,5,2.0,6.0,75120,M,,,75
201100063599,11,3,27,120,5,2,1,2.0,6.0,75120,M,,,75
201100063600,11,3,28,1530,1,2,4,1.0,3.0,75120,M,,,75
201100063601,11,3,29,1100,1,2,5,1.0,3.0,75120,M,,,75
201100063602,11,3,29,1615,1,2,1,1.0,6.0,75120,M,,,75
201100063603,11,3,29,2002,5,2,1,8.0,6.0,75120,M,,,75
201100063604,11,4,2,2125,5,2,1,1.0,6.0,75120,M,,,75
201100063605,11,4,7,1633,1,2,2,1.0,6.0,75120,M,,,75
201100063606,11,4,8,1240,1,2,1,1.0,7.0,75120,M,,,75
201100063607,11,4,8,1100,1,2,1,1.0,6.0,75120,M,,,75
201100063608,11,4,10,1420,1,2,1,7.0,6.0,75120,M,,,75