Num_Acc,an,mois,jour,hrmn,lum,agg,int,atm,col,com,gps,lat,long,dep
201100063609,11,4,10,1415,1,2,1,1.0,3.0,75120,M,,,75
201100063610,11,4,10,2220,5,2,1,1.0,2.0,75120,M,,,75
201100063611,11,4,11,1310,1,2,5,1.0,6.0,75120,M,,,75
201100063612,11,4,13,915,1,2,1,1.0,6.0,75120,M,,,75
201100063613,11,4,8,905,1,2,1,1.0,6.0,75120,M,,,75
201100063614,11,4,15,50,5,2,3,1.0,6.0,75120,M,,,75
201100063615,11,4,16,1245,1,2,4,7.0,6.0,75120,M,,,75
201100063616,11,4,16,1850,1,2,1,1.0,6.0,75120,M,,,75
201100063617,11,4,9,30,5,2,2,1.0,2.0,75120,M,,,75
201100063618,11,4,18,1650,1,2,4,1.0,3.0,75120,M,,,75
201100063619,11,4,18,2235,5,2,1,1.0,6.0,75120,M,,,75
201100063620,11,4,19,1258,1,2,7,1.0,3.0,75120,M,,,75
201100063621,11,4,19,1840,1,2,1,1.0,6.0,75120,M,,,75
201100063622,11,4,19,1340,1,2,3,1.0,3.0,75120,M,,,75
201100063623,11,4,21,1725,1,2,1,1.0,3.0,75120,M,,,75
201100063624,11,4,22,2210,5,2,4,1.0,3.0,75120,M,,,75
201100063625,11,4,24,2200,5,2,5,1.0,6.0,75120,M,,,75
201100063626,11,4,24,2215,5,2,4,1.0,3.0,75120,M,,,75
201100063627,11,4,26,1000,1,2,1,1.0,6.0,75120,M,,,75
201100063628,11,4,26,1150,1,2,2,1.0,3.0,75120,M,,,75
201100063629,11,4,26,1915,1,2,1,1.0,6.0,75120,M,,,75
201100063630,11,4,26,2145,5,2,1,1.0,6.0,75120,M,,,75
201100063631,11,4,27,1040,1,2,2,1.0,3.0,75120,M,,,75
201100063632,11,4,28,1305,1,2,2,1.0,3.0,75120,M,,,75
201100063633,11,4,29,810,1,2,1,1.0,7.0,75119,M,,,75
201100063634,11,4,30,7,5,2,1,1.0,1.0,75120,M,,,75
201100063635,11,5,1,715,1,2,5,1.0,3.0,75120,M,,,75
201100063636,11,5,2,920,1,2,3,1.0,6.0,75120,M,,,75
201100063637,11,5,2,1633,1,2,1,2.0,3.0,75120,M,,,75
201100063638,11,5,3,927,1,2,2,1.0,6.0,75120,M,,,75
201100063639,11,5,3,1325,1,2,4,1.0,6.0,75120,M,,,75
201100063640,11,5,3,1345,1,2,1,1.0,6.0,75120,M,,,75
201100063641,11,5,3,1950,1,2,3,1.0,3.0,75120,M,,,75
201100063642,11,5,3,1745,1,2,3,1.0,6.0,75120,M,,,75
201100063643,11,5,3,2220,5,2,1,1.0,6.0,75120,M,,,75
201100063644,11,5,4,2045,2,2,1,1.0,6.0,75120,M,,,75
201100063645,11,5,5,1005,1,2,5,1.0,3.0,75120,M,,,75
201100063646,11,5,6,900,1,2,1,1.0,6.0,75120,M,,,75
201100063647,11,5,4,2230,5,2,3,1.0,6.0,75120,M,,,75
201100063648,11,5,8,2010,1,2,3,1.0,6.0,75120,M,,,75
201100063649,11,5,11,1605,1,2,5,1.0,6.0,75120,M,,,75
201100063650,11,5,11,1745,1,2,5,1.0,6.0,75120,M,,,75
201100063651,11,5,11,1745,1,2,2,1.0,7.0,75120,M,,,75
201100063652,11,5,12,1220,1,2,1,1.0,6.0,75120,M,,,75
201100063653,11,5,13,1345,1,2,3,1.0,5.0,75120,M,,,75
201100063654,11,5,13,1425,1,2,2,1.0,6.0,75120,M,,,75
201100063655,11,5,14,1125,1,2,1,1.0,3.0,75120,M,,,75
201100063656,11,5,14,2319,5,2,1,1.0,6.0,75120,M,,,75
201100063657,11,5,16,1345,1,2,1,1.0,7.0,75120,M,,,75
201100063658,11,5,14,2306,5,2,5,1.0,3.0,75120,M,,,75
201100063659,11,5,17,1210,1,2,1,1.0,6.0,75120,M,,,75
201100063660,11,5,18,730,1,2,2,1.0,2.0,75120,M,,,75
201100063661,11,5,18,1655,1,2,2,1.0,5.0,75120,M,,,75
201100063662,11,5,19,630,1,2,1,1.0,2.0,75120,M,,,75
201100063663,11,5,22,10,5,2,3,1.0,2.0,75111,M,,,75
201100063664,11,5,22,2020,1,2,5,1.0,3.0,75120,M,,,75
201100063665,11,5,24,2130,2,2,3,1.0,6.0,75120,M,,,75
201100063666,11,5,25,1930,1,2,2,1.0,3.0,75120,M,,,75
201100063667,11,5,27,1750,1,2,4,1.0,3.0,75120,M,,,75
201100063668,11,5,28,1645,1,2,1,1.0,7.0,75120,M,,,75
201100063669,11,5,28,1925,1,2,1,1.0,6.0,75120,M,,,75
201100063670,11,5,31,2040,2,2,1,1.0,1.0,75120,M,,,75
201100063671,11,6,1,1655,1,2,1,1.0,6.0,75120,M,,,75
201100063672,11,6,1,1723,1,2,5,1.0,2.0,75120,M,,,75
201100063673,11,6,6,1135,1,2,1,1.0,6.0,75120,M,,,75
201100063674,11,6,8,840,1,2,1,1.0,6.0,75120,M,,,75
201100063675,11,6,10,725,1,2,2,1.0,3.0,75120,M,,,75
201100063676,11,6,10,745,1,2,1,1.0,6.0,75120,M,,,75
201100063677,11,6,11,1600,1,2,3,1.0,2.0,75120,M,,,75
201100063678,11,6,11,1940,1,2,1,1.0,6.0,75120,M,,,75
201100063679,11,6,12,935,1,2,1,1.0,6.0,75120,M,,,75
201100063680,11,6,14,820,1,2,3,2.0,3.0,75120,M,,,75
201100063681,11,6,15,1955,1,2,4,1.0,3.0,75120,M,,,75
201100063682,11,6,16,1630,1,2,1,1.0,2.0,75120,M,,,75
201100063683,11,6,18,1300,1,2,1,2.0,3.0,75120,M,,,75
201100063684,11,6,18,1751,1,2,1,2.0,2.0,75120,M,,,75
201100063685,11,6,19,1835,1,2,2,1.0,3.0,75120,M,,,75
201100063686,11,6,20,935,1,2,1,1.0,6.0,75120,M,,,75
201100063687,11,6,21,920,1,2,2,2.0,7.0,75120,M,,,75
201100063688,11,6,21,1450,1,2,1,1.0,6.0,75120,M,,,75
201100063689,11,6,21,1730,1,2,2,1.0,6.0,75120,M,,,75
201100063690,11,6,22,855,1,2,1,2.0,1.0,75120,M,,,75
201100063691,11,6,22,945,1,2,7,3.0,7.0,75120,M,,,75
201100063692,11,6,25,750,1,2,7,1.0,3.0,75120,M,,,75
201100063693,11,6,27,1120,1,2,1,1.0,2.0,75120,M,,,75
201100063694,11,6,27,1930,1,2,2,1.0,2.0,75120,M,,,75
201100063695,11,6,28,1135,1,2,2,1.0,1.0,75120,M,,,75
201100063696,11,6,28,1830,1,2,2,1.0,6.0,75120,M,,,75
201100063697,11,6,29,102,5,2,1,2.0,6.0,75120,M,,,75
201100063698,11,6,29,1119,1,2,1,1.0,6.0,75120,M,,,75
201100063699,11,6,29,2150,1,2,3,1.0,2.0,75120,M,,,75
201100063700,11,6,30,1635,1,2,2,1.0,6.0,75120,M,,,75
201100063701,11,7,1,1650,1,2,1,1.0,6.0,75120,M,,,75
201100063702,11,7,3,1400,1,2,5,1.0,3.0,75120,M,,,75
201100063703,11,7,4,2010,1,2,2,1.0,3.0,75120,M,,,75
201100063704,11,7,5,1520,1,2,1,1.0,6.0,75120,M,,,75
201100063705,11,7,6,1137,1,2,2,8.0,6.0,75120,M,,,75
201100063706,11,7,7,1100,1,2,1,6.0,6.0,75120,M,,,75
201100063707,11,7,7,1055,1,2,5,1.0,6.0,75120,M,,,75
201100063708,11,7,7,1410,1,2,1,1.0,6.0,75120,M,,,75
201100063709,11,7,8,1525,1,2,1,1.0,6.0,75120,M,,,75
201100063710,11,7,8,1757,2,2,1,1.0,7.0,75120,M,,,75
201100063711,11,7,9,245,5,2,2,1.0,6.0,75120,M,,,75
201100063712,11,7,12,1425,1,2,1,1.0,6.0,75120,M,,,75
201100063713,11,7,12,35,5,2,2,1.0,3.0,75120,M,,,75
201100063714,11,7,13,840,1,2,2,2.0,3.0,75120,M,,,75
201100063715,11,7,18,1345,1,2,1,1.0,1.0,75120,M,,,75
201100063716,11,7,19,2043,1,2,1,1.0,7.0,75120,M,,,75
201100063717,11,7,20,1225,1,2,2,1.0,3.0,75120,M,,,75
201100063718,11,7,22,1950,1,2,1,1.0,3.0,75120,M,,,75
201100063719,11,7,25,1930,1,2,5,1.0,6.0,75120,M,,,75
201100063720,11,7,26,800,1,2,1,1.0,6.0,75120,M,,,75
201100063721,11,7,26,1320,1,2,7,1.0,2.0,75120,M,,,75
201100063722,11,7,27,1405,1,2,4,1.0,3.0,75120,M,,,75
201100063723,11,7,30,105,5,2,1,1.0,4.0,75120,M,,,75
201100063724,11,7,31,1635,1,2,4,1.0,6.0,75120,M,,,75
201100063725,11,8,2,1830,1,2,1,2.0,6.0,75120,M,,,75
201100063726,11,8,3,2034,5,2,5,1.0,3.0,75120,M,,,75
201100063727,11,8,4,2007,1,2,2,1.0,3.0,75120,M,,,75
201100063728,11,8,5,1930,1,2,3,1.0,6.0,75120,M,,,75
201100063729,11,8,7,50,5,2,1,1.0,6.0,75120,M,,,75
201100063730,11,8,8,1400,1,2,1,2.0,7.0,75120,M,,,75
201100063731,11,8,10,2336,5,2,1,1.0,2.0,75120,M,,,75
201100063732,11,8,14,2200,5,2,7,1.0,3.0,75120,M,,,75
201100063733,11,8,18,1730,1,2,1,1.0,7.0,75120,M,,,75
201100063734,11,8,22,1900,1,2,2,1.0,6.0,75120,M,,,75
201100063735,11,8,23,1640,1,2,1,1.0,6.0,75120,M,,,75
201100063736,11,8,23,1810,1,2,2,1.0,3.0,75120,M,,,75
201100063737,11,8,25,1300,1,2,2,1.0,3.0,75120,M,,,75
201100063738,11,8,25,1925,2,2,2,1.0,3.0,75120,M,,,75
201100063739,11,8,28,1819,1,2,1,1.0,6.0,75120,M,,,75
201100063740,11,8,31,1552,1,2,1,1.0,6.0,75120,M,,,75
201100063741,11,8,31,1820,1,2,1,1.0,6.0,75120,M,,,75
201100063742,11,9,2,835,1,2,2,1.0,3.0,75120,M,,,75
201100063743,11,9,4,50,5,2,3,1.0,3.0,75120,M,,,75
201100063744,11,9,6,1300,1,2,2,1.0,3.0,75120,M,,,75
201100063745,11,9,6,1830,1,2,1,8.0,7.0,75120,M,,,75
201100063746,11,9,7,1515,1,2,1,1.0,7.0,75120,M,,,75
201100063747,11,9,7,1700,2,2,2,1.0,7.0,75120,M,,,75
201100063748,11,9,9,912,1,2,1,8.0,7.0,75120,M,,,75
201100063749,11,9,9,1210,1,2,1,1.0,7.0,75120,M,,,75
201100063750,11,9,12,1725,1,2,1,1.0,6.0,75120,M,,,75
201100063751,11,9,12,2015,5,2,1,1.0,6.0,75120,M,,,75
201100063752,11,9,14,1030,1,2,2,1.0,1.0,75120,M,,,75
201100063753,11,9,14,1040,1,2,2,1.0,6.0,75120,M,,,75
201100063754,11,9,18,1440,1,2,7,8.0,3.0,75120,M,,,75
201100063755,11,9,19,840,1,2,1,1.0,3.0,75120,M,,,75
201100063756,11,9,19,1050,1,2,1,1.0,6.0,75120,M,,,75
201100063757,11,9,20,1330,1,2,7,1.0,6.0,75120,M,,,75
201100063758,11,9,21,1830,1,2,1,1.0,3.0,75120,M,,,75
201100063759,11,9,22,1140,1,2,1,1.0,3.0,75112,M,,,75
201100063760,11,9,22,810,1,2,2,1.0,6.0,75120,M,,,75
201100063761,11,9,23,1310,1,2,1,1.0,3.0,75120,M,,,75
201100063762,11,9,23,1350,1,2,5,1.0,3.0,75120,M,,,75
201100063763,11,9,24,1925,5,2,2,1.0,6.0,75120,M,,,75
201100063764,11,9,26,1815,1,2,1,1.0,2.0,75120,M,,,75
201100063765,11,9,26,2040,5,2,2,1.0,6.0,75120,M,,,75
201100063766,11,9,30,1850,1,2,2,1.0,1.0,75120,M,,,75
201100063767,11,10,3,855,1,2,2,1.0,2.0,75120,M,,,75
201100063768,11,10,3,945,1,2,2,1.0,1.0,75120,M,,,75
201100063769,11,10,3,1455,1,2,2,1.0,6.0,75120,M,,,75
201100063770,11,10,5,1835,1,2,4,8.0,3.0,75120,M,,,75
201100063771,11,10,7,900,1,2,7,1.0,7.0,75120,M,,,75
201100063772,11,10,8,1015,1,2,2,1.0,6.0,75120,M,,,75
201100063773,11,10,10,1745,1,2,1,1.0,6.0,75120,M,,,75
201100063774,11,10,11,935,1,2,1,1.0,2.0,75120,M,,,75
201100063775,11,10,11,2100,2,2,2,1.0,5.0,75120,M,,,75
201100063776,11,10,12,1630,1,2,1,1.0,6.0,75120,M,,,75
201100063777,11,10,13,629,5,2,3,1.0,6.0,75120,M,,,75
201100063778,11,10,12,1115,1,2,7,1.0,6.0,75120,M,,,75
201100063779,11,10,13,2330,5,2,4,1.0,2.0,75120,M,,,75
201100063780,11,10,14,1010,1,2,2,1.0,3.0,75120,M,,,75
201100063781,11,10,14,1330,1,2,7,1.0,3.0,75120,M,,,75
201100063782,11,10,16,1415,1,2,3,1.0,1.0,75120,M,,,75
201100063783,11,10,18,1120,1,2,3,1.0,6.0,75120,M,,,75
201100063784,11,10,18,1645,1,2,4,8.0,6.0,75120,M,,,75
201100063785,11,10,19,1500,1,2,2,1.0,6.0,75120,M,,,75
201100063786,11,10,20,1503,1,2,2,1.0,6.0,75120,M,,,75
201100063787,11,10,21,800,2,2,1,1.0,3.0,75120,M,,,75
201100063788,11,10,21,1640,1,2,1,1.0,3.0,75120,M,,,75
201100063789,11,10,21,1950,5,2,1,1.0,3.0,75120,M,,,75
201100063790,11,10,22,20,5,2,2,1.0,6.0,75120,M,,,75
201100063791,11,10,22,1600,1,2,2,1.0,6.0,75120,M,,,75
201100063792,11,10,22,1630,1,2,2,1.0,6.0,75120,M,,,75
201100063793,11,10,22,2000,5,2,2,1.0,3.0,75120,M,,,75
201100063794,11,10,23,245,5,2,2,1.0,3.0,75120,M,,,75
201100063795,11,10,24,1740,1,2,1,1.0,6.0,75120,M,,,75
201100063796,11,10,25,2000,5,2,5,1.0,3.0,75120,M,,,75
201100063797,11,10,26,2025,5,2,2,1.0,3.0,75120,M,,,75
201100063798,11,10,27,1600,1,2,1,1.0,3.0,75120,M,,,75
201100063799,11,10,27,2140,5,2,3,1.0,3.0,75120,M,,,75
201100063800,11,10,28,150,5,2,2,1.0,3.0,75120,M,,,75
201100063801,11,10,28,1530,1,2,2,1.0,6.0,75120,M,,,75
201100063802,11,10,29,1900,3,2,1,2.0,6.0,75120,M,,,75
201100063803,11,10,31,1112,1,2,7,1.0,2.0,75120,M,,,75
201100063804,11,10,31,1800,5,2,1,1.0,6.0,75120,M,,,75
201100063805,11,11,3,1545,2,2,1,2.0,3.0,75120,M,,,75
201100063806,11,11,4,130,5,2,2,2.0,2.0,75120,M,,,75
201100063807,11,11,6,1650,2,2,2,1.0,3.0,75120,M,,,75
201100063808,11,11,6,1840,5,2,7,1.0,3.0,75120,M,,,75
201100063809,11,11,7,1805,5,2,3,1.0,6.0,75120,M,,,75
201100063810,11,11,8,820,1,2,5,2.0,6.0,75120,M,,,75
201100063811,11,11,8,2020,5,2,2,2.0,6.0,75120,M,,,75
201100063812,11,11,9,1155,1,2,1,1.0,6.0,75120,M,,,75
201100063813,11,11,9,1505,1,2,2,1.0,6.0,75120,M,,,75
201100063814,11,11,11,910,1,2,4,1.0,3.0,75120,M,,,75
201100063815,11,11,11,2130,5,2,2,1.0,6.0,75120,M,,,75
201100063816,11,11,11,2220,5,2,1,1.0,6.0,75120,M,,,75
201100063817,11,11,11,2,5,2,2,8.0,3.0,75120,M,,,75
201100063818,11,11,12,1155,1,2,1,1.0,3.0,75120,M,,,75
201100063819,11,11,14,1655,5,2,2,1.0,1.0,75120,M,,,75
201100063820,11,11,15,1130,1,2,5,1.0,6.0,75120,M,,,75
201100063821,11,11,18,300,5,2,1,1.0,6.0,75120,M,,,75
201100063822,11,11,18,1450,1,2,2,1.0,3.0,75120,M,,,75
201100063823,11,11,18,1915,5,2,1,1.0,3.0,75120,M,,,75
201100063824,11,11,23,1240,1,2,3,1.0,2.0,75119,M,,,75
201100063825,11,11,23,1415,1,2,1,1.0,6.0,75120,M,,,75
201100063826,11,11,23,1910,5,2,4,1.0,6.0,75120,M,,,75
201100063827,11,11,26,1100,1,2,1,1.0,1.0,75120,M,,,75
201100063828,11,11,28,1230,1,2,1,1.0,6.0,75120,M,,,75
201100063829,11,11,30,702,5,2,1,1.0,6.0,75120,M,,,75
201100063830,11,11,30,1330,1,2,2,1.0,6.0,75120,M,,,75
201100063831,11,12,1,1630,1,2,1,2.0,7.0,75120,M,,,75
201100063832,11,12,1,1850,5,2,1,2.0,6.0,75120,M,,,75
201100063833,11,12,2,1415,1,2,1,1.0,6.0,75120,M,,,75
201100063834,11,12,2,1745,5,2,1,1.0,6.0,75120,M,,,75
201100063835,11,12,3,1730,5,2,3,2.0,6.0,75120,M,,,75
201100063836,11,12,3,1730,5,2,1,1.0,6.0,75120,M,,,75
201100063837,11,12,6,1040,1,2,2,1.0,6.0,75120,M,,,75
201100063838,11,12,6,1230,1,2,1,1.0,6.0,75120,M,,,75
201100063839,11,12,6,1600,1,2,3,3.0,6.0,75120,M,,,75
201100063840,11,12,7,1315,1,2,2,1.0,6.0,75120,M,,,75
201100063841,11,12,7,1545,1,2,1,2.0,2.0,75120,M,,,75
201100063842,11,12,8,1325,1,2,2,2.0,3.0,75120,M,,,75
201100063843,11,12,8,1540,1,2,1,2.0,2.0,75120,M,,,75
201100063844,11,12,9,1020,1,2,1,2.0,7.0,75120,M,,,75
201100063845,11,12,9,1053,1,2,4,2.0,6.0,75120,M,,,75
201100063846,11,12,10,935,1,2,1,1.0,3.0,75120,M,,,75
201100063847,11,12,10,2125,2,2,2,1.0,3.0,75120,M,,,75
201100063848,11,12,12,1700,2,2,2,1.0,6.0,75120,M,,,75
201100063849,11,12,13,810,2,2,1,3.0,6.0,75120,M,,,75
201100063850,11,12,13,1230,1,2,1,2.0,3.0,75120,M,,,75
201100063851,11,12,13,1930,5,2,1,1.0,6.0,75120,M,,,75
201100063852,11,12,14,835,1,2,4,8.0,3.0,75120,M,,,75
201100063853,11,12,14,1140,1,2,1,1.0,6.0,75120,M,,,75
201100063854,11,12,15,1120,1,2,2,2.0,6.0,75119,M,,,75
201100063855,11,12,16,920,1,2,1,2.0,3.0,75120,M,,,75
201100063856,11,12,18,1215,1,2,1,1.0,7.0,75120,M,,,75
201100063857,11,12,18,1825,5,2,3,2.0,1.0,75120,M,,,75
201100063858,11,12,18,2110,5,2,2,3.0,6.0,75120,M,,,75
201100063859,11,12,20,904,1,2,7,1.0,7.0,75120,M,,,75
201100063860,11,12,21,2255,5,2,3,2.0,7.0,75120,M,,,75
201100063861,11,12,23,2100,5,2,2,2.0,7.0,75120,M,,,75
201100063862,11,12,23,2115,5,2,7,2.0,6.0,75120,M,,,75
201100063863,11,12,25,345,5,2,1,1.0,6.0,75120,M,,,75
201100063864,11,12,25,2030,5,2,2,1.0,1.0,75120,M,,,75
201100063865,11,12,26,1620,2,2,1,1.0,7.0,75120,M,,,75
201100063866,11,12,28,1140,1,2,1,1.0,3.0,75120,M,,,75
201100063867,11,12,29,2035,5,2,2,2.0,6.0,75112,M,,,75
201100063868,11,1,1,115,5,2,1,1.0,6.0,75118,M,,,75
201100063869,11,1,4,1030,1,2,2,1.0,3.0,75104,M,,,75
201100063870,11,1,5,2210,5,2,1,2.0,6.0,75113,M,,,75
201100063871,11,1,7,40,5,2,1,1.0,6.0,75116,M,,,75
201100063872,11,1,8,500,5,2,2,1.0,7.0,75116,M,,,75
201100063873,11,1,8,1330,1,2,2,1.0,3.0,75106,M,,,75
201100063874,11,1,9,1910,5,2,1,1.0,7.0,75119,M,,,75
201100063875,11,1,11,50,5,2,5,1.0,3.0,75116,M,,,75
201100063876,11,1,11,2140,5,2,1,1.0,6.0,75110,M,,,75
201100063877,11,1,12,1505,1,2,4,1.0,6.0,75114,M,,,75
201100063878,11,1,12,1800,2,2,1,1.0,6.0,75116,M,,,75
201100063879,11,1,14,1423,1,2,1,1.0,6.0,75117,M,,,75
201100063880,11,1,16,2315,3,2,1,1.0,6.0,75101,M,,,75
201100063881,11,1,18,927,1,2,5,1.0,3.0,75119,M,,,75
201100063882,11,1,18,1225,1,2,1,8.0,6.0,75119,M,,,75
201100063883,11,1,22,200,5,2,1,1.0,6.0,75115,M,,,75
201100063884,11,1,22,630,5,2,1,1.0,6.0,75112,M,,,75
201100063885,11,1,22,1410,1,2,3,1.0,3.0,75113,M,,,75
201100063886,11,1,25,1520,1,2,5,1.0,3.0,75110,M,,,75
201100063887,11,1,23,511,5,2,1,8.0,6.0,75104,M,,,75
201100063888,11,1,25,1523,1,2,1,1.0,4.0,75104,M,,,75
201100063889,11,1,25,1930,5,2,5,1.0,6.0,75110,M,,,75
201100063890,11,1,26,23,5,2,1,2.0,6.0,75119,M,,,75
201100063891,11,1,26,1457,1,2,1,1.0,6.0,75119,M,,,75
201100063892,11,1,4,1220,1,2,1,1.0,6.0,75112,M,,,75
201100063893,11,1,27,850,1,2,2,1.0,6.0,75115,M,,,75
201100063894,11,1,28,1300,1,2,1,1.0,3.0,75116,M,,,75
201100063895,11,1,28,1155,1,2,1,1.0,2.0,75120,M,,,75
201100063896,11,1,28,1352,1,2,2,1.0,3.0,75115,M,,,75
201100063897,11,1,28,1700,5,2,1,1.0,4.0,75114,M,,,75
201100063898,11,1,28,2307,5,2,3,1.0,3.0,75110,M,,,75
201100063899,11,1,30,745,1,2,2,8.0,6.0,75119,M,,,75
201100063900,11,1,31,1845,5,2,2,1.0,1.0,75113,M,,,75
201100063901,11,2,1,1455,1,2,2,1.0,6.0,75120,M,,,75
201100063902,11,2,2,1900,5,2,1,1.0,3.0,75115,M,,,75
201100063903,11,2,8,1540,1,2,1,1.0,6.0,75111,M,,,75
201100063904,11,2,9,115,5,2,1,1.0,6.0,75116,M,,,75
201100063905,11,2,9,816,1,2,1,1.0,2.0,75114,M,,,75
201100063906,11,2,9,1800,5,2,1,1.0,2.0,75119,M,,,75
201100063907,11,2,10,1900,5,2,1,1.0,6.0,75115,M,,,75
201100063908,11,2,12,1,5,2,1,1.0,4.0,75120,M,,,75
201100063909,11,2,12,502,5,2,4,1.0,6.0,75114,M,,,75
201100063910,11,2,15,2115,5,2,2,1.0,3.0,75117,M,,,75
201100063911,11,2,16,1515,1,2,2,1.0,3.0,75108,M,,,75
201100063912,11,2,18,1815,5,2,1,1.0,6.0,75111,M,,,75
201100063913,11,2,19,1740,5,2,4,2.0,4.0,75117,M,,,75
201100063914,11,2,21,2005,5,2,2,2.0,6.0,75107,M,,,75
201100063915,11,2,22,2330,5,2,2,1.0,6.0,75110,M,,,75
201100063916,11,2,23,250,5,2,5,1.0,4.0,75114,M,,,75
201100063917,11,2,23,1010,1,2,1,1.0,6.0,75110,M,,,75
201100063918,11,2,23,1120,1,2,1,1.0,3.0,75111,M,,,75
201100063919,11,2,23,1935,5,2,2,2.0,6.0,75117,M,,,75
201100063920,11,2,24,40,5,2,5,1.0,3.0,75112,M,,,75
201100063921,11,2,24,1725,2,2,5,1.0,3.0,75112,M,,,75
201100063922,11,2,27,635,5,2,1,1.0,6.0,75120,M,,,75
201100063923,11,2,27,1940,5,2,1,1.0,6.0,75118,M,,,75
201100063924,11,2,27,2140,5,2,3,1.0,3.0,75118,M,,,75
201100063925,11,3,2,1900,5,2,1,1.0,6.0,75116,M,4883590.0,225417.0,75
201100063926,11,3,3,1820,1,2,1,1.0,4.0,75113,M,,,75
201100063927,11,3,4,2120,5,2,5,1.0,6.0,75108,M,,,75
201100063928,11,3,5,1420,1,2,1,1.0,6.0,75114,M,,,75
201100063929,11,3,6,1450,1,2,2,1.0,3.0,75120,M,,,75
201100063930,11,3,7,2220,5,2,1,1.0,6.0,75114,M,,,75
201100063931,11,3,8,210,5,2,4,1.0,6.0,75120,M,,,75
201100063932,11,3,8,1045,1,2,1,1.0,6.0,75112,M,,,75
201100063933,11,3,8,1620,1,2,1,1.0,3.0,75108,M,,,75
201100063934,11,3,9,830,1,2,1,1.0,6.0,75117,M,,,75
201100063935,11,3,9,1100,1,2,2,1.0,3.0,75110,M,,,75
201100063936,11,3,10,1015,1,2,1,1.0,6.0,75120,M,,,75
201100063937,11,3,11,2330,5,2,7,1.0,3.0,75108,M,,,75
201100063938,11,3,12,1750,1,2,5,2.0,2.0,75115,M,,,75
201100063939,11,3,12,2130,5,2,2,2.0,6.0,75113,M,,,75
201100063940,11,3,13,745,1,2,2,1.0,3.0,75107,M,,,75
201100063941,11,3,13,1300,1,2,1,1.0,6.0,75112,M,,,75
201100063942,11,3,13,2050,5,2,2,1.0,6.0,75110,M,,,75
201100063943,11,3,14,2230,5,2,4,1.0,2.0,75120,M,,,75
201100063944,11,3,15,1254,1,2,3,1.0,6.0,75106,M,,,75
201100063945,11,3,15,1435,1,2,1,1.0,3.0,75114,M,,,75
201100063946,11,3,16,1450,1,2,1,1.0,6.0,75115,M,,,75
201100063947,11,3,17,1632,1,2,1,1.0,6.0,75105,M,,,75
201100063948,11,3,18,420,5,2,1,1.0,6.0,75110,M,,,75
201100063949,11,3,18,2105,5,2,1,2.0,3.0,75104,M,,,75
201100063950,11,3,18,2320,5,2,5,1.0,3.0,75118,M,,,75
201100063951,11,3,19,1320,1,2,1,8.0,6.0,75114,M,,,75
201100063952,11,3,19,1620,1,2,4,1.0,6.0,75119,M,,,75
201100063953,11,3,21,1540,1,2,1,1.0,2.0,75120,M,,,75
201100063954,11,3,21,1640,1,2,1,1.0,3.0,75112,M,,,75
201100063955,11,3,22,1029,1,2,1,1.0,6.0,75119,M,,,75
201100063956,11,3,23,1130,1,2,2,1.0,3.0,75113,M,,,75
201100063957,11,3,23,1415,1,2,3,1.0,3.0,75116,M,,,75
201100063958,11,3,23,1624,1,2,1,1.0,6.0,75120,M,,,75
201100063959,11,3,25,1310,1,2,3,1.0,3.0,75108,M,,,75
201100063960,11,3,25,1500,1,2,5,1.0,4.0,75108,M,,,75
201100063961,11,3,26,235,5,2,1,1.0,6.0,75110,M,,,75
201100063962,11,3,26,530,2,2,1,1.0,6.0,75101,M,,,75
201100063963,11,3,26,1419,1,2,1,1.0,6.0,75118,M,,,75
201100063964,11,3,27,25,5,2,4,1.0,6.0,75119,M,,,75
201100063965,11,3,28,1600,1,2,1,1.0,6.0,75115,M,,,75
201100063966,11,3,29,1050,1,2,1,1.0,6.0,75108,M,,,75
201100063967,11,3,29,1450,3,2,1,1.0,4.0,75101,M,,,75
201100063968,11,3,29,2018,5,2,1,2.0,6.0,75104,M,,,75
201100063969,11,3,30,1415,1,2,1,1.0,7.0,75115,M,,,75
201100063970,11,3,30,1907,2,2,2,2.0,3.0,75106,M,,,75
201100063971,11,3,30,2200,5,2,2,1.0,3.0,75117,M,,,75
201100063972,11,4,2,1337,1,2,1,1.0,2.0,75112,M,,,75
201100063973,11,4,4,747,1,2,1,1.0,4.0,75113,M,,,75
201100063974,11,4,4,2030,5,2,7,1.0,6.0,75112,M,,,75
201100063975,11,4,5,1720,1,2,1,1.0,3.0,75108,M,,,75
201100063976,11,4,5,2145,5,2,2,1.0,5.0,75115,M,,,75
201100063977,11,4,6,1540,1,2,1,1.0,7.0,75113,M,,,75
201100063978,11,4,6,2145,5,2,3,1.0,3.0,75115,M,,,75
201100063979,11,4,7,2005,5,2,1,1.0,6.0,75118,M,,,75
201100063980,11,4,8,1650,1,2,1,1.0,4.0,75120,M,,,75
201100063981,11,4,9,1235,1,2,2,1.0,3.0,75103,M,,,75
201100063982,11,4,10,2010,2,2,1,1.0,2.0,75112,M,,,75
201100063983,11,4,11,1215,1,2,2,1.0,3.0,75116,M,,,75
201100063984,11,4,11,1300,1,2,1,1.0,6.0,75108,M,,,75
201100063985,11,4,11,1750,1,2,5,1.0,3.0,75115,M,,,75
201100063986,11,4,12,615,3,2,5,1.0,6.0,75117,M,,,75
201100063987,11,4,12,1645,1,2,1,1.0,1.0,75115,M,,,75
201100063988,11,4,12,2000,1,2,1,1.0,6.0,75116,M,,,75
201100063989,11,4,13,2020,5,2,3,1.0,2.0,75118,M,,,75
201100063990,11,4,16,140,5,2,1,1.0,5.0,75107,M,,,75
201100063991,11,4,18,1412,1,2,1,1.0,4.0,75112,M,,,75
201100063992,11,4,18,1930,1,2,2,1.0,1.0,75116,M,,,75
201100063993,11,4,19,649,1,2,2,1.0,1.0,75101,M,,,75