Num_Acc,an,mois,jour,hrmn,lum,agg,int,atm,col,com,gps,lat,long,dep
201100063994,11,4,19,2240,5,2,1,1.0,4.0,75119,M,,,75
201100063995,11,4,20,145,5,2,1,1.0,6.0,75106,M,,,75
201100063996,11,4,20,1405,1,2,1,1.0,3.0,75102,M,,,75
201100063997,11,4,21,2030,1,2,1,1.0,3.0,75116,M,,,75
201100063998,11,4,22,1026,1,2,5,1.0,3.0,75101,M,,,75
201100063999,11,4,22,1300,1,2,2,1.0,3.0,75113,M,,,75
201100064000,11,4,23,1350,1,2,1,1.0,3.0,75112,M,,,75
201100064001,11,4,23,1745,1,2,1,2.0,6.0,75114,M,,,75
201100064002,11,4,24,548,2,2,5,1.0,3.0,75114,M,,,75
201100064003,11,4,25,1630,1,2,2,1.0,6.0,75119,M,,,75
201100064004,11,4,26,825,1,2,1,1.0,6.0,75120,M,,,75
201100064005,11,4,27,1335,1,2,2,1.0,6.0,75112,M,,,75
201100064006,11,4,29,210,5,2,1,1.0,6.0,75107,M,,,75
201100064007,11,4,29,1955,1,2,2,1.0,3.0,75116,M,,,75
201100064008,11,4,30,655,1,2,1,1.0,6.0,75108,M,,,75
201100064009,11,4,30,2355,5,2,5,1.0,3.0,75116,M,,,75
201100064010,11,5,2,1425,1,2,2,1.0,6.0,75116,M,,,75
201100064011,11,5,3,1800,1,2,1,1.0,7.0,75117,M,,,75
201100064012,11,5,3,1930,1,2,1,1.0,6.0,75104,M,,,75
201100064013,11,5,5,435,5,2,1,1.0,2.0,75112,M,,,75
201100064014,11,5,6,1330,1,2,2,1.0,6.0,75115,M,,,75
201100064015,11,5,7,1435,1,2,1,1.0,6.0,75112,M,,,75
201100064016,11,5,7,1635,1,2,1,1.0,6.0,75119,M,,,75
201100064017,11,5,7,2310,5,2,1,1.0,6.0,75117,M,,,75
201100064018,11,5,8,220,5,2,1,1.0,3.0,75113,M,,,75
201100064019,11,5,9,715,1,2,2,1.0,7.0,75108,M,,,75
201100064020,11,5,9,1335,1,2,1,1.0,6.0,75112,M,,,75
201100064021,11,5,9,1555,1,2,1,1.0,6.0,75110,M,,,75
201100064022,11,5,10,630,2,2,5,1.0,3.0,75119,M,,,75
201100064023,11,5,11,225,5,2,2,1.0,3.0,75116,M,,,75
201100064024,11,5,11,425,5,2,4,1.0,6.0,75115,M,,,75
201100064025,11,5,11,2150,5,2,3,1.0,1.0,75107,M,,,75
201100064026,11,5,12,2220,5,2,5,1.0,3.0,75108,M,,,75
201100064027,11,5,13,808,1,2,1,1.0,6.0,75120,M,,,75
201100064028,11,5,13,1705,1,2,1,1.0,4.0,75108,M,,,75
201100064029,11,5,14,1428,1,2,1,1.0,6.0,75114,M,,,75
201100064030,11,5,15,750,1,2,1,1.0,6.0,75106,M,,,75
201100064031,11,5,17,1145,1,2,1,1.0,6.0,75104,M,,,75
201100064032,11,5,17,1245,1,2,1,1.0,6.0,75112,M,,,75
201100064033,11,5,17,1450,1,2,2,1.0,6.0,75111,M,,,75
201100064034,11,5,17,1750,1,2,1,1.0,6.0,75117,M,,,75
201100064035,11,5,17,2015,1,2,1,1.0,3.0,75108,M,,,75
201100064036,11,5,18,1920,1,2,1,1.0,6.0,75116,M,,,75
201100064037,11,5,18,2005,1,2,5,1.0,6.0,75114,M,,,75
201100064038,11,5,18,2300,5,2,7,1.0,3.0,75108,M,,,75
201100064039,11,5,19,2030,1,2,1,1.0,5.0,75117,M,,,75
201100064040,11,5,21,115,5,2,1,1.0,6.0,75114,M,,,75
201100064041,11,5,21,533,2,2,3,1.0,3.0,75118,M,,,75
201100064042,11,5,21,955,1,2,3,1.0,1.0,75112,M,,,75
201100064043,11,5,21,2350,5,2,2,1.0,1.0,75114,M,,,75
201100064044,11,5,24,1715,1,2,1,1.0,6.0,75108,M,,,75
201100064045,11,5,24,1915,1,2,1,1.0,6.0,75106,M,,,75
201100064046,11,5,25,315,5,2,5,1.0,6.0,75107,M,,,75
201100064047,11,5,25,1015,1,2,5,1.0,3.0,75112,M,,,75
201100064048,11,5,25,1530,1,2,2,1.0,6.0,75115,M,,,75
201100064049,11,5,25,1640,1,2,1,1.0,6.0,75108,M,,,75
201100064050,11,5,25,1650,1,2,1,1.0,4.0,75113,M,,,75
201100064051,11,5,26,510,2,2,1,1.0,7.0,75119,M,,,75
201100064052,11,5,27,1232,1,2,2,1.0,3.0,75105,M,,,75
201100064053,11,5,27,1255,1,2,1,1.0,6.0,75112,M,,,75
201100064054,11,5,27,2055,1,2,4,1.0,5.0,75113,M,,,75
201100064055,11,5,28,1200,1,2,4,1.0,3.0,75112,M,,,75
201100064056,11,5,28,1312,1,2,4,1.0,2.0,75110,M,,,75
201100064057,11,5,28,1555,1,2,2,1.0,6.0,75112,M,,,75
201100064058,11,5,30,1750,1,2,1,1.0,6.0,75111,M,,,75
201100064059,11,5,31,1844,1,2,2,1.0,3.0,75115,M,,,75
201100064060,11,5,31,2204,5,2,1,1.0,6.0,75116,M,,,75
201100064061,11,6,1,1532,1,2,3,1.0,6.0,75112,M,,,75
201100064062,11,6,3,635,1,2,1,1.0,6.0,75112,M,,,75
201100064063,11,6,3,1810,1,2,1,1.0,6.0,75111,M,,,75
201100064064,11,6,3,2350,5,2,2,1.0,3.0,75112,M,,,75
201100064065,11,6,4,2225,5,2,2,1.0,7.0,75112,M,,,75
201100064066,11,6,6,1630,1,2,2,1.0,6.0,75112,M,,,75
201100064067,11,6,6,1655,1,2,2,1.0,1.0,75112,M,,,75
201100064068,11,6,7,754,1,2,1,3.0,6.0,75120,M,,,75
201100064069,11,6,8,1050,1,2,1,1.0,6.0,75116,M,,,75
201100064070,11,6,8,1330,1,2,5,1.0,6.0,75116,M,,,75
201100064071,11,6,10,2150,5,2,1,1.0,2.0,75118,M,,,75
201100064072,11,6,11,10,5,2,2,1.0,3.0,75111,M,,,75
201100064073,11,6,11,550,2,2,1,1.0,7.0,75108,M,,,75
201100064074,11,6,11,835,1,2,2,1.0,6.0,75105,M,,,75
201100064075,11,6,11,1740,1,2,3,1.0,2.0,75112,M,,,75
201100064076,11,6,12,400,5,2,3,1.0,3.0,75118,M,,,75
201100064077,11,6,13,930,1,2,2,1.0,6.0,75102,M,,,75
201100064078,11,6,14,550,2,2,2,2.0,2.0,75111,M,,,75
201100064079,11,6,15,1245,1,2,3,1.0,6.0,75113,M,,,75
201100064080,11,6,15,1315,1,2,4,1.0,7.0,75112,M,,,75
201100064081,11,6,16,1636,1,2,1,1.0,6.0,75110,M,,,75
201100064082,11,6,16,1830,1,2,3,1.0,6.0,75119,M,,,75
201100064083,11,6,17,1552,1,2,1,1.0,2.0,75112,M,,,75
201100064084,11,6,17,1900,1,2,1,2.0,3.0,75118,M,,,75
201100064085,11,6,17,2100,1,2,2,8.0,2.0,75104,M,,,75
201100064086,11,6,19,1652,1,2,1,1.0,6.0,75116,M,,,75
201100064087,11,6,23,2205,2,2,2,1.0,3.0,75116,M,,,75
201100064088,11,6,24,1410,1,2,1,1.0,6.0,75113,M,,,75
201100064089,11,6,25,2020,1,2,1,1.0,3.0,75118,M,,,75
201100064090,11,6,26,320,3,2,1,1.0,2.0,75109,M,,,75
201100064091,11,6,26,1639,1,2,1,1.0,3.0,75116,M,,,75
201100064092,11,6,27,1042,1,2,3,1.0,6.0,75116,M,,,75
201100064093,11,6,27,1244,1,2,1,1.0,2.0,75112,M,,,75
201100064094,11,6,27,2145,1,2,1,1.0,6.0,75119,M,,,75
201100064095,11,6,28,1126,1,2,1,1.0,3.0,75116,M,,,75
201100064096,11,6,28,1210,1,2,4,1.0,7.0,75105,M,,,75
201100064097,11,6,28,1357,1,2,1,1.0,6.0,75108,M,,,75
201100064098,11,6,28,2010,1,2,1,1.0,1.0,75112,M,,,75
201100064099,11,6,29,445,3,2,1,1.0,6.0,75112,M,,,75
201100064100,11,6,29,1050,1,2,2,1.0,6.0,75115,M,,,75
201100064101,11,6,29,1800,1,2,4,1.0,3.0,75111,M,,,75
201100064102,11,6,30,920,1,2,1,1.0,6.0,75114,M,,,75
201100064103,11,6,30,1716,1,2,1,1.0,6.0,75111,M,,,75
201100064104,11,6,30,2310,5,2,2,1.0,6.0,75111,M,,,75
201100064105,11,7,1,1125,1,2,2,1.0,3.0,75113,M,,,75
201100064106,11,7,1,2230,5,2,1,1.0,2.0,75119,M,,,75
201100064107,11,7,2,1850,1,2,7,1.0,3.0,75110,M,,,75
201100064108,11,7,2,2115,1,2,7,1.0,2.0,75108,M,,,75
201100064109,11,7,3,200,5,2,1,1.0,6.0,75119,M,,,75
201100064110,11,7,3,450,5,2,1,1.0,6.0,75101,M,,,75
201100064111,11,7,3,2110,1,2,2,1.0,3.0,75108,M,,,75
201100064112,11,7,3,2125,5,2,1,1.0,6.0,75116,M,,,75
201100064113,11,7,4,620,1,2,5,1.0,6.0,75106,M,,,75
201100064114,11,7,4,1330,1,2,2,1.0,3.0,75105,M,,,75
201100064115,11,7,4,1602,1,2,5,1.0,3.0,75117,M,,,75
201100064116,11,7,4,1750,1,2,2,1.0,6.0,75112,M,,,75
201100064117,11,7,5,1605,1,2,2,1.0,3.0,75105,M,,,75
201100064118,11,7,6,505,5,2,1,1.0,6.0,75108,M,,,75
201100064119,11,7,6,1323,1,2,2,1.0,2.0,75106,M,,,75
201100064120,11,7,8,855,1,2,2,1.0,2.0,75114,M,,,75
201100064121,11,7,10,1,5,2,1,1.0,6.0,75111,M,,,75
201100064122,11,7,11,1035,1,2,1,1.0,6.0,75111,M,,,75
201100064123,11,7,11,1211,1,2,4,1.0,6.0,75114,M,,,75
201100064124,11,7,11,1355,1,2,2,1.0,6.0,75120,M,,,75
201100064125,11,7,11,1610,1,2,2,1.0,7.0,75104,M,,,75
201100064126,11,7,11,2315,5,2,2,1.0,6.0,75107,M,,,75
201100064127,11,7,12,1330,1,2,2,1.0,7.0,75108,M,,,75
201100064128,11,7,13,300,5,2,1,1.0,6.0,75118,M,,,75
201100064129,11,7,13,1341,1,2,2,1.0,6.0,75116,M,,,75
201100064130,11,7,16,1210,1,2,3,1.0,2.0,75115,M,,,75
201100064131,11,7,18,1806,1,2,1,1.0,2.0,75116,M,,,75
201100064132,11,7,21,340,5,2,7,2.0,3.0,75111,M,,,75
201100064133,11,7,22,105,5,2,2,1.0,6.0,75109,M,,,75
201100064134,11,7,22,700,1,2,1,1.0,6.0,75111,M,,,75
201100064135,11,7,26,1820,1,2,2,1.0,5.0,75101,M,,,75
201100064136,11,7,25,1940,1,2,1,1.0,3.0,75110,M,,,75
201100064137,11,7,27,310,5,2,1,1.0,6.0,75117,M,,,75
201100064138,11,7,27,1130,1,2,5,1.0,3.0,75104,M,,,75
201100064139,11,7,28,450,5,2,2,1.0,6.0,75114,M,,,75
201100064140,11,7,30,1120,1,2,2,1.0,6.0,75108,M,,,75
201100064141,11,7,31,210,5,2,1,1.0,6.0,75101,M,,,75
201100064142,11,7,31,2230,5,2,2,1.0,6.0,75115,M,,,75
201100064143,11,8,3,845,1,2,1,2.0,1.0,75116,M,,,75
201100064144,11,8,4,1030,1,2,1,1.0,6.0,75113,M,,,75
201100064145,11,8,4,2310,5,2,4,1.0,6.0,75116,M,,,75
201100064146,11,8,6,305,5,2,1,1.0,6.0,75112,M,,,75
201100064147,11,8,6,1250,1,2,1,1.0,2.0,75112,M,,,75
201100064148,11,8,10,1815,1,2,2,1.0,3.0,75110,M,,,75
201100064149,11,8,10,1830,1,2,2,1.0,6.0,75108,M,,,75
201100064150,11,8,13,150,5,2,2,1.0,7.0,75114,M,,,75
201100064151,11,8,14,420,5,2,1,3.0,6.0,75113,M,,,75
201100064152,11,8,16,1516,1,2,2,1.0,3.0,75115,M,,,75
201100064153,11,8,16,2010,2,2,3,1.0,3.0,75103,M,,,75
201100064154,11,8,17,1545,1,2,1,1.0,2.0,75117,M,,,75
201100064155,11,8,19,1700,1,2,1,1.0,6.0,75118,M,,,75
201100064156,11,8,20,2320,5,2,1,1.0,3.0,75113,M,,,75
201100064157,11,8,24,140,5,2,2,1.0,6.0,75112,M,,,75
201100064158,11,8,24,1910,1,2,2,1.0,3.0,75103,M,,,75
201100064159,11,8,25,1054,1,2,2,1.0,3.0,75116,M,,,75
201100064160,11,8,25,1710,1,2,1,1.0,4.0,75117,M,,,75
201100064161,11,8,26,840,1,2,2,1.0,7.0,75110,M,,,75
201100064162,11,8,26,1645,1,2,1,1.0,1.0,75106,M,,,75
201100064163,11,8,30,1542,1,2,1,1.0,6.0,75117,M,,,75
201100064164,11,8,30,900,1,2,1,1.0,2.0,75118,M,,,75
201100064165,11,8,30,856,1,2,3,1.0,3.0,75114,M,,,75
201100064166,11,9,1,1615,1,2,1,1.0,6.0,75114,M,,,75
201100064167,11,9,1,1605,1,2,1,1.0,3.0,75116,M,,,75
201100064168,11,9,2,625,2,2,1,1.0,6.0,75106,M,,,75
201100064169,11,9,3,410,5,2,2,1.0,6.0,75120,M,,,75
201100064170,11,9,4,410,1,2,1,4.0,6.0,75116,M,,,75
201100064171,11,9,5,825,1,2,1,1.0,7.0,75105,M,,,75
201100064172,11,9,5,1900,1,2,1,1.0,6.0,75120,M,,,75
201100064173,11,9,6,1340,1,2,2,1.0,6.0,75108,M,,,75
201100064174,11,9,6,1620,1,2,1,1.0,6.0,75120,M,,,75
201100064175,11,9,6,1635,1,2,2,1.0,6.0,75114,M,,,75
201100064176,11,9,6,2130,5,2,3,6.0,1.0,75111,M,,,75
201100064177,11,9,7,1540,1,2,1,1.0,6.0,75110,M,,,75
201100064178,11,9,9,1325,1,2,5,1.0,6.0,75115,M,,,75
201100064179,11,9,10,630,2,2,1,1.0,6.0,75119,M,,,75
201100064180,11,9,10,1320,1,2,4,1.0,2.0,75114,M,,,75
201100064181,11,9,11,1330,1,2,2,2.0,3.0,75117,M,,,75
201100064182,11,9,12,550,5,2,1,1.0,6.0,75119,M,,,75
201100064183,11,9,13,1330,1,2,7,1.0,2.0,75108,M,,,75
201100064184,11,9,13,2335,5,2,1,1.0,6.0,75104,M,,,75
201100064185,11,9,14,445,5,2,3,1.0,3.0,75110,M,,,75
201100064186,11,9,16,600,5,2,2,1.0,3.0,75117,M,,,75
201100064187,11,9,16,1637,1,2,1,1.0,6.0,75114,M,,,75
201100064188,11,9,18,730,1,2,1,1.0,6.0,75116,M,,,75
201100064189,11,9,20,35,5,2,2,1.0,3.0,75104,M,,,75
201100064190,11,9,20,1000,1,2,7,1.0,3.0,75108,M,,,75
201100064191,11,9,20,2345,5,2,2,1.0,3.0,75116,M,,,75
201100064192,11,9,21,615,5,2,1,1.0,7.0,75110,M,,,75
201100064193,11,9,21,1400,1,2,7,1.0,3.0,75111,M,,,75
201100064194,11,9,21,1645,1,2,1,1.0,6.0,75106,M,,,75
201100064195,11,9,22,20,5,2,1,1.0,2.0,75116,M,,,75
201100064196,11,9,22,945,1,2,2,1.0,6.0,75116,M,,,75
201100064197,11,9,22,1030,1,2,1,1.0,2.0,75114,M,,,75
201100064198,11,9,22,1358,1,2,1,1.0,6.0,75105,M,,,75
201100064199,11,9,23,340,5,2,4,1.0,6.0,75112,M,,,75
201100064200,11,9,23,1036,1,2,2,1.0,3.0,75113,M,,,75
201100064201,11,9,24,448,5,2,1,1.0,6.0,75118,M,,,75
201100064202,11,9,24,1303,1,2,1,1.0,3.0,75116,M,,,75
201100064203,11,9,25,1405,1,2,2,1.0,1.0,75119,M,,,75
201100064204,11,9,26,1100,1,2,2,1.0,6.0,75111,M,,,75
201100064205,11,9,26,1800,1,2,1,1.0,4.0,75120,M,,,75
201100064206,11,9,27,800,1,2,7,1.0,7.0,75102,M,,,75
201100064207,11,9,29,849,1,2,7,1.0,3.0,75114,M,,,75
201100064208,11,9,30,820,1,2,1,1.0,3.0,75112,M,,,75
201100064209,11,9,30,1810,1,2,1,1.0,7.0,75117,M,,,75
201100064210,11,10,1,535,5,2,1,1.0,1.0,75120,M,,,75
201100064211,11,10,2,335,5,2,1,1.0,6.0,75118,M,,,75
201100064212,11,10,2,1540,1,2,3,1.0,3.0,75115,M,,,75
201100064213,11,10,2,1634,1,2,7,1.0,3.0,75115,M,,,75
201100064214,11,10,3,830,1,2,1,1.0,4.0,75116,M,,,75
201100064215,11,10,4,1300,1,2,1,1.0,3.0,75111,M,,,75
201100064216,11,10,5,220,5,2,2,1.0,6.0,75108,M,,,75
201100064217,11,10,5,1710,1,2,5,8.0,3.0,75105,M,,,75
201100064218,11,10,5,1630,1,2,2,1.0,6.0,75113,M,,,75
201100064219,11,10,6,1,5,2,1,1.0,6.0,75113,M,,,75
201100064220,11,10,6,300,5,2,1,1.0,6.0,75112,M,,,75
201100064221,11,10,6,1515,1,2,7,1.0,2.0,75116,M,,,75
201100064222,11,10,7,1940,5,2,1,1.0,7.0,75109,M,,,75
201100064223,11,10,8,310,5,2,7,1.0,6.0,75116,M,,,75
201100064224,11,10,11,1130,1,2,1,1.0,3.0,75119,M,,,75
201100064225,11,10,11,1648,1,2,1,1.0,6.0,75113,M,,,75
201100064226,11,10,12,1030,1,2,1,1.0,6.0,75115,M,,,75
201100064227,11,10,13,1330,1,2,2,1.0,2.0,75105,M,,,75
201100064228,11,10,14,1748,1,2,2,2.0,3.0,75115,M,,,75
201100064229,11,10,14,2320,5,2,3,1.0,6.0,75117,M,,,75
201100064230,11,10,15,1240,1,2,1,1.0,6.0,75119,M,,,75
201100064231,11,10,15,1810,1,2,1,1.0,6.0,75111,M,,,75
201100064232,11,10,16,710,5,2,1,1.0,6.0,75118,M,,,75
201100064233,11,10,17,935,1,2,4,1.0,6.0,75110,M,,,75
201100064234,11,10,19,216,5,2,2,2.0,6.0,75114,M,,,75
201100064235,11,10,19,1730,1,2,1,2.0,2.0,75119,M,,,75
201100064236,11,10,20,945,1,2,7,1.0,6.0,75116,M,,,75
201100064237,11,10,22,1906,5,2,1,1.0,6.0,75116,M,,,75
201100064238,11,10,22,2040,5,2,5,1.0,3.0,75108,M,,,75
201100064239,11,10,24,840,1,2,1,1.0,6.0,75102,M,,,75
201100064240,11,10,24,2312,5,2,2,2.0,6.0,75115,M,,,75
201100064241,11,10,25,1855,5,2,3,1.0,6.0,75117,M,,,75
201100064242,11,10,26,1815,1,2,3,1.0,6.0,75115,M,,,75
201100064243,11,10,27,1900,2,2,2,1.0,2.0,75116,M,,,75
201100064244,11,10,28,1140,1,2,1,1.0,7.0,75112,M,,,75
201100064245,11,10,30,1445,1,2,2,1.0,6.0,75113,M,,,75
201100064246,11,10,31,1130,1,2,1,1.0,6.0,75120,M,,,75
201100064247,11,11,2,1420,1,2,1,1.0,4.0,75116,M,,,75
201100064248,11,11,1,2250,5,2,2,5.0,6.0,75118,M,,,75
201100064249,11,11,2,2220,4,2,2,1.0,3.0,75105,M,,,75
201100064250,11,11,4,1008,1,2,2,1.0,5.0,75105,M,,,75
201100064251,11,11,4,1230,1,2,1,1.0,6.0,75118,M,,,75
201100064252,11,11,5,214,5,2,1,3.0,6.0,75106,M,,,75
201100064253,11,11,5,630,2,2,7,8.0,6.0,75101,M,,,75
201100064254,11,11,5,1805,5,2,2,1.0,3.0,75113,M,,,75
201100064255,11,11,5,2345,5,2,2,1.0,6.0,75109,M,,,75
201100064256,11,11,6,215,5,2,1,1.0,6.0,75116,M,,,75
201100064257,11,11,6,500,5,2,7,1.0,1.0,75113,M,,,75
201100064258,11,11,6,845,1,2,4,1.0,6.0,75115,M,,,75
201100064259,11,11,7,1700,1,2,3,1.0,6.0,75113,M,,,75
201100064260,11,10,31,2325,5,2,2,1.0,1.0,75112,M,,,75
201100064261,11,11,8,2130,5,2,4,2.0,3.0,75120,M,,,75
201100064262,11,11,10,1124,1,2,1,1.0,7.0,75110,M,,,75
201100064263,11,11,10,2350,5,2,1,1.0,6.0,75116,M,,,75
201100064264,11,11,11,915,1,2,1,1.0,7.0,75119,M,,,75
201100064265,11,11,12,1840,5,2,3,1.0,6.0,75115,M,,,75
201100064266,11,11,13,620,2,2,2,1.0,6.0,75108,M,,,75
201100064267,11,11,14,2340,5,2,1,1.0,6.0,75116,M,,,75
201100064268,11,11,15,1127,1,2,5,1.0,3.0,75115,M,,,75
201100064269,11,11,16,1305,1,2,3,1.0,3.0,75113,M,,,75
201100064270,11,11,16,1640,5,2,2,1.0,6.0,75105,M,,,75
201100064271,11,11,17,2350,5,2,2,1.0,5.0,75112,M,,,75
201100064272,11,11,18,750,1,2,5,1.0,7.0,75116,M,,,75
201100064273,11,11,18,1750,4,2,1,1.0,3.0,75116,M,,,75
201100064274,11,11,18,1755,5,2,1,1.0,6.0,75115,M,,,75
201100064275,11,11,18,1838,5,2,1,1.0,6.0,75117,M,,,75
201100064276,11,11,21,1110,1,2,1,1.0,2.0,75116,M,,,75
201100064277,11,11,22,555,5,2,7,1.0,3.0,75119,M,,,75
201100064278,11,11,22,750,2,2,2,8.0,3.0,75116,M,,,75
201100064279,11,11,22,900,1,2,4,1.0,6.0,75109,M,,,75
201100064280,11,11,22,1007,1,2,1,1.0,6.0,75113,M,,,75
201100064281,11,11,22,1454,1,2,5,1.0,3.0,75116,M,,,75
201100064282,11,11,22,2145,5,2,1,1.0,4.0,75112,M,,,75
201100064283,11,11,23,854,1,2,3,1.0,3.0,75112,M,,,75
201100064284,11,11,23,1415,1,2,4,1.0,2.0,75116,M,,,75
201100064285,11,11,23,1735,5,2,1,1.0,6.0,75119,M,,,75
201100064286,11,11,25,2110,5,2,1,1.0,2.0,75116,M,,,75
201100064287,11,11,27,550,5,2,1,1.0,6.0,75116,M,,,75
201100064288,11,11,28,3,5,2,2,1.0,3.0,75105,M,,,75
201100064289,11,11,28,1435,1,2,2,1.0,6.0,75105,M,,,75
201100064290,11,11,28,2100,5,2,2,1.0,6.0,75111,M,,,75
201100064291,11,11,30,1215,1,2,1,1.0,6.0,75109,M,,,75
201100064292,11,11,30,1457,1,2,7,1.0,3.0,75108,M,,,75
201100064293,11,12,1,1215,1,2,1,1.0,3.0,75113,M,,,75
201100064294,11,12,1,1150,1,2,7,1.0,3.0,75106,M,,,75
201100064295,11,12,1,1500,1,2,4,1.0,3.0,75103,M,,,75
201100064296,11,12,2,1315,1,2,2,1.0,6.0,75115,M,,,75
201100064297,11,12,2,1345,1,2,2,1.0,6.0,75119,M,,,75
201100064298,11,12,3,35,5,2,1,1.0,3.0,75119,M,,,75
201100064299,11,12,3,1210,1,2,4,2.0,6.0,75120,M,,,75
201100064300,11,12,3,1510,1,2,3,2.0,6.0,75114,M,,,75
201100064301,11,12,3,2200,5,2,1,1.0,6.0,75116,M,,,75
201100064302,11,12,4,250,5,2,2,1.0,6.0,75104,M,,,75
201100064303,11,12,6,1845,5,2,7,2.0,7.0,75101,M,,,75
201100064304,11,12,6,2050,5,2,3,2.0,3.0,75115,M,,,75
201100064305,11,12,7,2300,5,2,1,1.0,2.0,75112,M,,,75
201100064306,11,12,9,1105,1,2,1,2.0,6.0,75118,M,,,75
201100064307,11,12,9,1700,5,2,1,1.0,6.0,75117,M,,,75
201100064308,11,12,12,1320,1,2,1,7.0,6.0,75107,M,,,75
201100064309,11,12,13,820,1,2,1,5.0,5.0,75113,M,,,75
201100064310,11,12,13,830,1,2,5,2.0,6.0,75110,M,,,75
201100064311,11,12,13,1510,1,2,1,1.0,4.0,75117,M,,,75
201100064312,11,12,13,1718,2,2,1,1.0,2.0,75111,M,,,75
201100064313,11,12,14,1215,1,2,2,1.0,2.0,75115,M,,,75
201100064314,11,12,15,1500,1,2,1,2.0,6.0,75106,M,,,75
201100064315,11,12,17,30,5,2,1,1.0,4.0,75118,M,,,75
201100064316,11,12,17,313,5,2,7,2.0,3.0,75108,M,,,75
201100064317,11,12,17,1219,1,2,1,1.0,3.0,75116,M,,,75
201100064318,11,12,18,415,5,2,2,1.0,3.0,75113,M,,,75
201100064319,11,12,19,1910,5,2,3,2.0,6.0,75116,M,,,75
201100064320,11,12,21,2215,5,2,2,2.0,3.0,75111,M,,,75
201100064321,11,12,22,120,5,2,2,2.0,6.0,75111,M,,,75
201100064322,11,12,23,410,5,2,3,2.0,6.0,75110,M,,,75
201100064323,11,12,25,245,5,2,2,1.0,3.0,75108,M,,,75
201100064324,11,12,25,420,5,2,1,1.0,6.0,75111,M,,,75
201100064325,11,12,27,825,1,2,1,1.0,6.0,75115,M,,,75
201100064326,11,12,27,1825,4,2,1,1.0,6.0,75120,M,,,75
201100064327,11,12,27,2220,5,2,2,1.0,1.0,75111,M,,,75
201100064328,11,12,29,545,5,2,4,1.0,6.0,75112,M,,,75
201100064329,11,12,29,1620,1,2,1,1.0,1.0,75119,M,,,75
201100064330,11,12,30,1820,5,2,2,2.0,6.0,75107,M,,,75
201100064331,11,12,31,50,5,2,5,2.0,1.0,75113,M,,,75
201100064332,11,12,31,310,5,2,2,2.0,6.0,75120,M,,,75
201100064333,11,1,1,645,5,2,1,1.0,6.0,75113,M,,,75
201100064334,11,1,4,420,5,2,1,1.0,6.0,75119,M,,,75
201100064335,11,1,4,625,5,2,1,1.0,6.0,75116,M,,,75
201100064336,11,1,4,945,1,2,5,1.0,3.0,75113,M,,,75
201100064337,11,1,4,1720,5,2,1,1.0,3.0,75117,M,,,75
201100064338,11,1,6,540,5,2,4,2.0,6.0,75113,M,,,75
201100064339,11,1,6,800,2,2,1,2.0,6.0,75120,M,,,75
201100064340,11,1,6,655,5,2,1,2.0,6.0,75120,M,,,75
201100064341,11,1,6,1445,1,2,1,8.0,2.0,75118,M,,,75
201100064342,11,1,7,1105,1,2,1,3.0,4.0,75116,M,,,75
201100064343,11,1,7,1845,5,2,1,1.0,2.0,75117,M,,,75
201100064344,11,1,8,545,5,2,4,1.0,6.0,75119,M,,,75
201100064345,11,1,8,1740,5,2,1,2.0,2.0,75120,M,,,75
201100064346,11,1,10,630,5,2,1,1.0,4.0,75113,M,,,75
201100064347,11,1,10,845,1,2,1,1.0,2.0,75120,M,,,75
201100064348,11,1,10,1215,1,2,1,1.0,2.0,75113,M,,,75
201100064349,11,1,10,1655,1,2,1,1.0,2.0,75119,M,,,75
201100064350,11,1,12,549,5,2,1,2.0,4.0,75112,M,,,75
201100064351,11,1,12,900,1,2,1,2.0,3.0,75120,M,,,75
201100064352,11,1,12,1250,1,2,4,2.0,4.0,75119,M,,,75
201100064353,11,1,13,1400,1,2,1,1.0,6.0,75114,M,,,75
201100064354,11,1,13,1900,5,2,1,1.0,3.0,75114,M,,,75
201100064355,11,1,14,1740,5,2,1,2.0,2.0,75113,M,,,75
201100064356,11,1,15,1345,1,2,1,1.0,2.0,75112,M,,,75
201100064357,11,1,15,1700,1,2,1,1.0,3.0,75112,M,,,75
201100064358,11,1,16,1820,5,2,1,1.0,6.0,75112,M,,,75
201100064359,11,1,16,1855,5,2,1,1.0,4.0,75120,M,,,75
201100064360,11,1,17,700,5,2,1,5.0,3.0,75113,M,,,75
201100064361,11,1,17,920,1,2,1,1.0,4.0,75113,M,,,75
201100064362,11,1,17,1550,1,2,1,1.0,2.0,75113,M,,,75
201100064363,11,1,17,1950,1,2,1,1.0,4.0,75112,M,,,75
201100064364,11,1,17,2220,5,2,1,1.0,6.0,75113,M,,,75
201100064365,11,1,18,1710,2,2,1,1.0,6.0,75119,M,,,75
201100064366,11,1,20,1547,1,2,1,1.0,4.0,75120,M,,,75
201100064367,11,1,20,1650,1,2,1,1.0,2.0,75117,M,,,75
201100064368,11,1,20,1900,5,2,1,1.0,2.0,75113,M,,,75
201100064369,11,1,21,1630,1,2,4,1.0,2.0,75113,M,,,75
201100064370,11,1,22,730,5,2,1,1.0,6.0,75120,M,,,75
201100064371,11,1,22,840,1,2,1,1.0,3.0,75116,M,,,75
201100064372,11,1,23,1830,5,2,1,1.0,6.0,75120,M,,,75
201100064373,11,1,24,1030,1,2,4,1.0,2.0,75112,M,,,75
201100064374,11,1,24,2325,5,2,1,1.0,4.0,75113,M,,,75
201100064375,11,1,25,850,1,2,1,1.0,4.0,75120,M,,,75
201100064376,11,1,25,800,1,2,1,1.0,2.0,75118,M,,,75
201100064377,11,1,25,1745,2,2,1,1.0,2.0,75120,M,,,75
201100064378,11,1,26,250,5,2,1,1.0,2.0,75112,M,,,75
201100064379,11,1,26,1415,1,2,1,1.0,2.0,75119,M,,,75