Num_Acc,an,mois,jour,hrmn,lum,agg,int,atm,col,com,gps,lat,long,dep
201100064380,11,1,26,1930,5,2,1,1.0,3.0,75117,M,,,75
201100064381,11,1,27,830,1,2,1,1.0,6.0,75120,M,,,75
201100064382,11,1,28,1530,1,2,1,1.0,3.0,75116,M,,,75
201100064383,11,1,28,1940,5,2,1,1.0,6.0,75119,M,,,75
201100064384,11,1,28,2315,5,2,1,1.0,6.0,75119,M,,,75
201100064385,11,1,29,1930,5,2,1,1.0,4.0,75116,M,,,75
201100064386,11,1,30,1620,1,2,1,1.0,4.0,75112,M,,,75
201100064387,11,1,31,740,2,2,1,1.0,3.0,75120,M,,,75
201100064388,11,1,31,1005,1,2,1,1.0,2.0,75120,M,,,75
201100064389,11,1,31,1954,5,2,1,1.0,4.0,75113,M,,,75
201100064390,11,2,1,740,1,2,1,1.0,2.0,75118,M,,,75
201100064391,11,2,1,855,1,2,4,1.0,2.0,75120,M,,,75
201100064392,11,2,2,830,1,2,1,1.0,7.0,75117,M,,,75
201100064393,11,2,2,1250,1,2,1,1.0,4.0,75113,M,,,75
201100064394,11,2,2,1845,5,2,1,1.0,4.0,75113,M,,,75
201100064395,11,2,3,815,1,2,1,2.0,7.0,75117,M,,,75
201100064396,11,2,4,1815,5,2,1,1.0,3.0,75116,M,,,75
201100064397,11,2,4,2030,5,2,1,1.0,2.0,75113,M,,,75
201100064398,11,2,5,950,1,2,1,1.0,5.0,75119,M,,,75
201100064399,11,2,5,2345,5,2,4,1.0,4.0,75113,M,,,75
201100064400,11,2,7,725,5,2,1,1.0,2.0,75112,M,,,75
201100064401,11,2,8,1850,5,2,1,1.0,5.0,75119,M,,,75
201100064402,11,2,9,1045,1,2,1,1.0,2.0,75118,M,,,75
201100064403,11,2,9,1430,1,2,1,1.0,2.0,75114,M,,,75
201100064404,11,2,10,1810,5,2,1,1.0,4.0,75117,M,,,75
201100064405,11,2,10,2250,5,2,4,1.0,6.0,75116,M,,,75
201100064406,11,2,11,1035,1,2,1,1.0,4.0,75118,M,,,75
201100064407,11,2,11,1300,1,2,1,1.0,6.0,75120,M,,,75
201100064408,11,2,11,1830,5,2,1,1.0,6.0,75120,M,,,75
201100064409,11,2,11,2345,5,2,1,1.0,7.0,75120,M,,,75
201100064410,11,2,12,1150,1,2,1,1.0,2.0,75118,M,,,75
201100064411,11,2,12,1740,5,2,4,8.0,6.0,75113,M,,,75
201100064412,11,2,12,2025,5,2,1,2.0,4.0,75117,M,,,75
201100064413,11,2,13,1145,1,2,1,1.0,2.0,75116,M,,,75
201100064414,11,2,13,1615,1,2,1,1.0,4.0,75114,M,,,75
201100064415,11,2,14,1320,1,2,1,1.0,2.0,75117,M,,,75
201100064416,11,2,16,830,1,2,1,8.0,3.0,75118,M,,,75
201100064417,11,2,16,840,1,2,1,1.0,4.0,75116,M,,,75
201100064418,11,2,16,1630,1,2,1,1.0,2.0,75116,M,,,75
201100064419,11,2,17,1620,1,2,1,1.0,2.0,75117,M,,,75
201100064420,11,2,18,800,1,2,1,1.0,2.0,75113,M,,,75
201100064421,11,2,18,1515,1,2,1,1.0,3.0,75112,M,,,75
201100064422,11,2,20,555,4,2,1,1.0,6.0,75118,M,,,75
201100064423,11,2,20,640,5,2,1,1.0,6.0,75118,M,,,75
201100064424,11,2,20,2230,5,2,4,1.0,6.0,75115,M,,,75
201100064425,11,2,21,1730,5,2,1,2.0,4.0,75116,M,,,75
201100064426,11,2,22,830,1,2,1,1.0,3.0,75113,M,,,75
201100064427,11,2,22,1430,1,2,1,1.0,6.0,75119,M,,,75
201100064428,11,2,22,1730,1,2,1,1.0,2.0,75117,M,,,75
201100064429,11,2,22,1635,1,2,1,1.0,3.0,75116,M,,,75
201100064430,11,2,23,1110,1,2,1,1.0,6.0,75118,M,,,75
201100064431,11,2,23,1930,5,2,1,2.0,7.0,75116,M,,,75
201100064432,11,2,25,855,1,2,1,8.0,4.0,75118,M,,,75
201100064433,11,2,25,1920,2,2,4,1.0,4.0,75113,M,,,75
201100064434,11,2,27,1225,1,2,1,1.0,4.0,75114,M,,,75
201100064435,11,2,27,1835,2,2,1,1.0,3.0,75120,M,,,75
201100064436,11,2,28,1330,1,2,1,1.0,2.0,75117,M,,,75
201100064437,11,3,1,1400,1,2,1,1.0,2.0,75114,M,,,75
201100064438,11,3,1,1710,1,2,4,1.0,3.0,75119,M,,,75
201100064439,11,3,3,950,1,2,1,1.0,4.0,75113,M,,,75
201100064440,11,3,3,1500,1,2,1,1.0,3.0,75117,M,,,75
201100064441,11,3,4,2025,5,2,1,1.0,4.0,75118,M,,,75
201100064442,11,3,5,610,5,2,1,1.0,2.0,75119,M,,,75
201100064443,11,3,5,1130,1,2,1,1.0,4.0,75115,M,,,75
201100064444,11,3,5,2020,5,2,1,1.0,3.0,75120,M,,,75
201100064445,11,3,6,1315,1,2,1,1.0,4.0,75120,M,,,75
201100064446,11,3,6,1355,1,2,4,1.0,3.0,75115,M,,,75
201100064447,11,3,6,1715,1,2,1,1.0,7.0,75117,M,,,75
201100064448,11,3,6,2005,5,2,1,1.0,2.0,75120,M,,,75
201100064449,11,3,7,850,1,1,4,1.0,3.0,75112,M,,,75
201100064450,11,3,7,940,1,2,1,1.0,4.0,75112,M,,,75
201100064451,11,3,7,1810,1,2,1,1.0,3.0,75115,M,,,75
201100064452,11,3,7,1845,5,2,1,1.0,2.0,75120,M,,,75
201100064453,11,3,7,1930,3,2,1,1.0,4.0,75119,M,,,75
201100064454,11,3,8,1000,1,2,1,1.0,3.0,75116,M,,,75
201100064455,11,3,8,1345,1,2,1,1.0,2.0,75118,M,,,75
201100064456,11,3,8,1700,1,2,1,1.0,4.0,75112,M,,,75
201100064457,11,3,9,900,1,2,1,1.0,4.0,75112,M,,,75
201100064458,11,3,9,845,1,2,1,1.0,2.0,75112,M,,,75
201100064459,11,3,9,1355,1,2,1,1.0,7.0,75117,M,,,75
201100064460,11,3,10,1040,1,2,1,1.0,4.0,75113,M,,,75
201100064461,11,3,11,1000,1,2,1,1.0,3.0,75120,M,,,75
201100064462,11,3,11,810,1,2,1,1.0,3.0,75119,M,,,75
201100064463,11,3,11,1250,1,2,1,1.0,4.0,75114,M,,,75
201100064464,11,3,11,1722,1,2,1,1.0,2.0,75114,M,,,75
201100064465,11,3,11,2045,5,2,1,1.0,3.0,75117,M,,,75
201100064466,11,3,12,1245,1,2,4,1.0,4.0,75120,M,,,75
201100064467,11,3,13,1350,1,2,1,1.0,6.0,75115,M,,,75
201100064468,11,3,14,825,1,2,1,1.0,4.0,75120,M,,,75
201100064469,11,3,14,1345,1,2,1,1.0,2.0,75116,M,,,75
201100064470,11,3,14,1425,1,2,1,1.0,4.0,75115,M,,,75
201100064471,11,3,15,830,1,2,1,1.0,3.0,75115,M,,,75
201100064472,11,3,15,1600,1,2,1,1.0,2.0,75117,M,,,75
201100064473,11,3,16,1813,2,2,1,1.0,6.0,75118,M,,,75
201100064474,11,3,16,2230,5,2,1,1.0,2.0,75117,M,,,75
201100064475,11,3,17,850,1,2,1,1.0,7.0,75115,M,,,75
201100064476,11,3,18,1630,1,2,1,2.0,6.0,75116,M,,,75
201100064477,11,3,18,1820,5,2,1,2.0,3.0,75119,M,,,75
201100064478,11,3,20,905,1,2,1,1.0,7.0,75117,M,,,75
201100064479,11,3,20,1740,1,2,1,1.0,6.0,75112,M,,,75
201100064480,11,3,21,920,1,2,1,1.0,4.0,75116,M,,,75
201100064481,11,3,21,1550,1,2,4,1.0,2.0,75118,M,,,75
201100064482,11,3,21,1630,1,2,1,1.0,6.0,75117,M,,,75
201100064483,11,3,21,2200,5,2,4,1.0,3.0,75113,M,,,75
201100064484,11,3,23,200,5,2,1,1.0,6.0,75119,M,,,75
201100064485,11,3,23,1020,1,2,1,1.0,2.0,75114,M,,,75
201100064486,11,3,23,1430,1,2,1,1.0,2.0,75112,M,,,75
201100064487,11,3,23,1530,1,2,4,1.0,7.0,75112,M,,,75
201100064488,11,3,23,1530,1,2,1,1.0,2.0,75119,M,,,75
201100064489,11,3,24,1600,1,2,4,1.0,7.0,75119,M,,,75
201100064490,11,3,24,1750,1,2,1,1.0,7.0,75114,M,,,75
201100064491,11,3,25,1945,5,2,1,1.0,4.0,75120,M,,,75
201100064492,11,3,25,1930,5,2,1,1.0,4.0,75117,M,,,75
201100064493,11,3,25,2255,5,2,1,1.0,4.0,75118,M,,,75
201100064494,11,3,26,1215,1,2,1,1.0,2.0,75117,M,,,75
201100064495,11,3,27,1940,2,2,1,1.0,4.0,75113,M,,,75
201100064496,11,3,28,1520,1,2,1,1.0,4.0,75117,M,,,75
201100064497,11,3,29,840,1,2,1,1.0,4.0,75113,M,,,75
201100064498,11,3,29,1835,1,2,1,2.0,3.0,75116,M,,,75
201100064499,11,3,31,920,1,2,1,3.0,3.0,75112,M,,,75
201100064500,11,3,31,815,1,2,1,3.0,3.0,75120,M,,,75
201100064501,11,3,31,910,1,2,1,2.0,4.0,75117,M,,,75
201100064502,11,3,31,1715,1,2,1,1.0,6.0,75112,M,,,75
201100064503,11,4,1,900,1,2,1,1.0,3.0,75116,M,,,75
201100064504,11,4,1,1715,1,2,1,1.0,6.0,75120,M,,,75
201100064505,11,4,1,2000,5,2,1,1.0,4.0,75119,M,,,75
201100064506,11,4,2,1135,1,2,1,1.0,4.0,75112,M,,,75
201100064507,11,4,2,1400,1,2,1,1.0,3.0,75116,M,,,75
201100064508,11,4,2,2100,5,2,4,1.0,7.0,75113,M,,,75
201100064509,11,4,3,215,5,2,1,1.0,6.0,75113,M,,,75
201100064510,11,4,4,1335,1,2,1,1.0,3.0,75112,M,,,75
201100064511,11,4,5,800,1,2,1,1.0,6.0,75120,M,,,75
201100064512,11,4,5,1400,1,2,1,1.0,2.0,75113,M,,,75
201100064513,11,4,6,800,1,2,4,1.0,6.0,75120,M,,,75
201100064514,11,4,6,1735,1,2,1,1.0,4.0,75116,M,,,75
201100064515,11,4,7,745,1,2,1,1.0,6.0,75117,M,,,75
201100064516,11,4,7,1205,1,2,1,1.0,3.0,75120,M,,,75
201100064517,11,4,7,1830,1,2,1,1.0,3.0,75114,M,,,75
201100064518,11,4,8,2010,1,2,1,1.0,4.0,75116,M,,,75
201100064519,11,4,9,1330,1,2,1,1.0,2.0,75119,M,,,75
201100064520,11,4,9,2220,5,2,4,1.0,4.0,75113,M,,,75
201100064521,11,4,10,1630,1,2,1,1.0,4.0,75112,M,,,75
201100064522,11,4,10,2245,5,2,1,1.0,6.0,75116,M,,,75
201100064523,11,4,11,1920,1,2,1,1.0,3.0,75118,M,,,75
201100064524,11,4,12,1836,1,2,1,1.0,2.0,75112,M,,,75
201100064525,11,4,12,2200,5,2,1,1.0,2.0,75116,M,,,75
201100064526,11,4,13,1005,5,2,1,1.0,2.0,75115,M,,,75
201100064527,11,4,13,1050,1,2,1,1.0,2.0,75116,M,,,75
201100064528,11,4,13,2000,1,2,1,1.0,2.0,75112,M,,,75
201100064529,11,4,14,2125,5,2,1,1.0,2.0,75115,M,,,75
201100064530,11,4,15,20,5,2,1,1.0,7.0,75113,M,,,75
201100064531,11,4,15,5,5,2,4,1.0,6.0,75117,M,,,75
201100064532,11,4,15,412,5,2,4,1.0,6.0,75113,M,,,75
201100064533,11,4,15,1215,1,2,1,1.0,2.0,75114,M,,,75
201100064534,11,4,15,1410,1,2,1,1.0,2.0,75112,M,,,75
201100064535,11,4,15,1845,1,2,4,1.0,3.0,75120,M,,,75
201100064536,11,4,16,820,1,2,1,1.0,6.0,75117,M,,,75
201100064537,11,4,16,1300,1,2,1,1.0,6.0,75119,M,,,75
201100064538,11,4,16,2235,5,2,1,1.0,6.0,75119,M,,,75
201100064539,11,4,17,1230,1,2,1,1.0,2.0,75115,M,,,75
201100064540,11,4,20,235,5,2,4,1.0,6.0,75115,M,,,75
201100064541,11,4,20,755,1,2,1,1.0,4.0,75114,M,,,75
201100064542,11,4,21,700,1,2,1,1.0,3.0,75112,M,,,75
201100064543,11,4,21,1230,1,2,1,1.0,2.0,75112,M,,,75
201100064544,11,4,22,845,1,2,1,1.0,2.0,75116,M,,,75
201100064545,11,4,22,1650,5,2,1,7.0,3.0,75116,M,,,75
201100064546,11,4,22,1745,1,2,1,1.0,3.0,75118,M,,,75
201100064547,11,4,22,2050,5,2,1,1.0,4.0,75112,M,,,75
201100064548,11,4,23,645,1,2,4,1.0,6.0,75118,M,,,75
201100064549,11,4,23,1550,1,2,4,1.0,2.0,75114,M,,,75
201100064550,11,4,23,2050,5,2,4,1.0,2.0,75117,M,,,75
201100064551,11,4,24,2015,5,2,4,1.0,6.0,75120,M,,,75
201100064552,11,4,25,135,5,2,1,1.0,2.0,75113,M,,,75
201100064553,11,4,26,845,1,2,1,1.0,3.0,75119,M,,,75
201100064554,11,4,26,1630,1,2,1,1.0,6.0,75112,M,,,75
201100064555,11,4,27,1630,1,2,1,1.0,6.0,75113,M,,,75
201100064556,11,4,27,1900,1,2,1,1.0,7.0,75113,M,,,75
201100064557,11,4,28,755,1,2,1,1.0,3.0,75116,M,,,75
201100064558,11,4,28,815,1,2,4,1.0,2.0,75117,M,,,75
201100064559,11,4,28,1600,1,2,1,2.0,2.0,75116,M,,,75
201100064560,11,4,30,310,5,2,1,1.0,4.0,75117,M,,,75
201100064561,11,4,30,1200,1,2,1,1.0,2.0,75113,M,,,75
201100064562,11,4,30,2100,1,2,1,1.0,6.0,75115,M,,,75
201100064563,11,5,1,1650,1,2,1,1.0,2.0,75114,M,,,75
201100064564,11,5,2,600,1,2,1,2.0,6.0,75117,M,,,75
201100064565,11,5,2,910,1,2,1,1.0,7.0,75116,M,,,75
201100064566,11,5,2,1845,1,2,1,1.0,3.0,75114,M,,,75
201100064567,11,5,3,830,1,2,1,1.0,7.0,75112,M,,,75
201100064568,11,5,3,820,1,2,1,1.0,7.0,75112,M,,,75
201100064569,11,5,3,930,1,2,1,1.0,7.0,75115,M,,,75
201100064570,11,5,3,1155,1,2,1,1.0,3.0,75115,M,,,75
201100064571,11,5,3,1540,1,2,4,1.0,6.0,75120,M,,,75
201100064572,11,5,4,1450,1,2,1,1.0,7.0,75112,M,,,75
201100064573,11,5,4,1600,1,2,1,1.0,6.0,75113,M,,,75
201100064574,11,5,4,1445,1,2,1,1.0,3.0,75119,M,,,75
201100064575,11,5,4,2036,5,2,1,1.0,3.0,75116,M,,,75
201100064576,11,5,5,1,5,2,1,1.0,7.0,75118,M,,,75
201100064577,11,5,5,1515,1,2,1,1.0,3.0,75119,M,,,75
201100064578,11,5,5,1650,5,2,1,7.0,3.0,75116,M,,,75
201100064579,11,5,7,1530,1,2,1,1.0,3.0,75112,M,,,75
201100064580,11,5,8,1225,1,2,1,1.0,3.0,75115,M,,,75
201100064581,11,5,9,2115,2,2,1,1.0,3.0,75113,M,,,75
201100064582,11,5,10,840,1,2,1,1.0,4.0,75120,M,,,75
201100064583,11,5,11,925,1,2,1,1.0,2.0,75119,M,,,75
201100064584,11,5,11,1400,1,2,1,1.0,3.0,75118,M,,,75
201100064585,11,5,11,1845,1,2,1,1.0,3.0,75119,M,,,75
201100064586,11,5,11,1730,1,2,1,1.0,6.0,75119,M,,,75
201100064587,11,5,12,435,5,2,1,1.0,6.0,75119,M,,,75
201100064588,11,5,12,1350,1,2,1,1.0,6.0,75119,M,,,75
201100064589,11,5,12,1930,1,2,1,1.0,6.0,75112,M,,,75
201100064590,11,5,13,1400,1,2,1,1.0,2.0,75117,M,,,75
201100064591,11,5,13,1840,1,2,1,1.0,3.0,75117,M,,,75
201100064592,11,5,14,1330,1,2,1,1.0,2.0,75120,M,,,75
201100064593,11,5,15,1245,1,2,1,1.0,6.0,75120,M,,,75
201100064594,11,5,15,1550,1,2,1,1.0,3.0,75113,M,,,75
201100064595,11,5,16,745,1,2,1,1.0,6.0,75113,M,,,75
201100064596,11,5,16,1825,1,2,1,1.0,4.0,75114,M,,,75
201100064597,11,5,16,1800,1,2,1,1.0,3.0,75116,M,,,75
201100064598,11,5,17,900,1,2,1,1.0,7.0,75119,M,,,75
201100064599,11,5,17,1615,1,2,1,1.0,4.0,75116,M,,,75
201100064600,11,5,18,635,1,2,1,1.0,3.0,75114,M,,,75
201100064601,11,5,18,915,1,2,1,1.0,3.0,75118,M,,,75
201100064602,11,5,18,1810,1,2,1,1.0,2.0,75114,M,,,75
201100064603,11,5,19,810,1,2,4,1.0,3.0,75116,M,,,75
201100064604,11,5,19,1635,1,2,4,1.0,3.0,75112,M,,,75
201100064605,11,5,20,845,1,2,1,1.0,6.0,75117,M,,,75
201100064606,11,5,20,930,1,2,1,1.0,3.0,75116,M,,,75
201100064607,11,5,20,1730,1,2,1,1.0,6.0,75116,M,,,75
201100064608,11,5,20,1830,1,2,1,1.0,2.0,75116,M,,,75
201100064609,11,5,21,1940,1,2,1,1.0,3.0,75117,M,,,75
201100064610,11,5,22,1620,1,2,1,1.0,4.0,75112,M,,,75
201100064611,11,5,23,1330,1,2,1,1.0,6.0,75112,M,,,75
201100064612,11,5,23,1350,1,2,1,1.0,6.0,75114,M,,,75
201100064613,11,5,23,1510,1,2,1,1.0,2.0,75113,M,,,75
201100064614,11,5,24,200,5,2,1,1.0,7.0,75117,M,,,75
201100064615,11,5,24,1310,1,2,1,1.0,2.0,75113,M,,,75
201100064616,11,5,24,1340,1,2,1,1.0,7.0,75120,M,,,75
201100064617,11,5,25,1345,1,2,1,7.0,6.0,75114,M,,,75
201100064618,11,5,26,910,1,2,1,1.0,2.0,75116,M,,,75
201100064619,11,5,27,1645,1,2,1,1.0,6.0,75112,M,,,75
201100064620,11,5,27,1805,1,2,1,1.0,6.0,75112,M,,,75
201100064621,11,5,28,800,1,2,1,1.0,2.0,75116,M,,,75
201100064622,11,5,28,1145,1,2,1,1.0,3.0,75120,M,,,75
201100064623,11,5,29,1500,1,2,1,1.0,2.0,75114,M,,,75
201100064624,11,5,29,1910,1,2,1,1.0,3.0,75118,M,,,75
201100064625,11,5,29,1925,1,2,7,1.0,2.0,75116,M,,,75
201100064626,11,5,30,1315,1,2,1,1.0,7.0,75114,M,,,75
201100064627,11,5,30,1410,1,2,1,1.0,6.0,75112,M,,,75
201100064628,11,5,31,1130,1,2,1,1.0,2.0,75114,M,,,75
201100064629,11,6,1,945,1,2,1,1.0,3.0,75120,M,,,75
201100064630,11,6,1,1130,1,2,1,1.0,2.0,75115,M,,,75
201100064631,11,6,1,1530,1,2,1,1.0,2.0,75116,M,,,75
201100064632,11,6,1,1810,1,2,1,1.0,7.0,75119,M,,,75
201100064633,11,6,6,900,1,2,1,8.0,3.0,75114,M,,,75
201100064634,11,6,8,1703,1,2,4,1.0,2.0,75119,M,,,75
201100064635,11,6,9,725,1,2,1,1.0,4.0,75116,M,,,75
201100064636,11,6,9,1615,1,2,1,1.0,2.0,75116,M,,,75
201100064637,11,6,10,1930,1,2,3,1.0,2.0,75115,M,,,75
201100064638,11,6,10,1945,1,2,1,1.0,4.0,75116,M,,,75
201100064639,11,6,10,1815,1,2,1,2.0,7.0,75115,M,,,75
201100064640,11,6,11,1345,1,2,1,7.0,2.0,75120,M,,,75
201100064641,11,6,11,1520,1,2,1,1.0,2.0,75113,M,,,75
201100064642,11,6,11,1715,1,2,1,1.0,2.0,75114,M,,,75
201100064643,11,6,12,620,1,2,4,1.0,6.0,75120,M,,,75
201100064644,11,6,14,1600,1,2,1,1.0,2.0,75113,M,,,75
201100064645,11,6,15,1145,1,2,1,1.0,2.0,75113,M,,,75
201100064646,11,6,15,1535,1,2,1,1.0,4.0,75114,M,,,75
201100064647,11,6,15,1655,1,2,1,1.0,4.0,75116,M,,,75
201100064648,11,6,16,915,1,2,1,8.0,6.0,75114,M,,,75
201100064649,11,6,16,1800,1,2,1,1.0,3.0,75120,M,,,75
201100064650,11,6,16,1620,1,2,1,1.0,4.0,75119,M,,,75
201100064651,11,6,19,10,5,2,1,1.0,6.0,75115,M,,,75
201100064652,11,6,19,1625,1,2,1,1.0,7.0,75120,M,,,75
201100064653,11,6,21,2320,5,2,1,1.0,3.0,75119,M,,,75
201100064654,11,6,22,413,2,2,1,1.0,6.0,75118,M,,,75
201100064655,11,6,22,855,1,2,1,3.0,6.0,75113,M,,,75
201100064656,11,6,23,810,1,2,1,1.0,3.0,75112,M,,,75
201100064657,11,6,23,1530,1,2,1,1.0,7.0,75117,M,,,75
201100064658,11,6,23,1730,1,2,1,1.0,7.0,75119,M,,,75
201100064659,11,6,24,720,1,2,1,1.0,2.0,75117,M,,,75
201100064660,11,6,24,1300,1,2,1,1.0,3.0,75116,M,,,75
201100064661,11,6,24,1645,1,2,1,1.0,7.0,75119,M,,,75
201100064662,11,6,24,1905,1,2,1,1.0,3.0,75112,M,,,75
201100064663,11,6,24,1645,1,2,1,1.0,6.0,75118,M,,,75
201100064664,11,6,25,1125,1,2,1,1.0,2.0,75120,M,,,75
201100064665,11,6,25,1132,1,2,4,1.0,3.0,75118,M,,,75
201100064666,11,6,25,2125,2,2,1,1.0,2.0,75115,M,,,75
201100064667,11,6,25,1955,1,2,1,1.0,3.0,75116,M,,,75
201100064668,11,6,25,1855,5,2,1,1.0,2.0,75116,M,,,75
201100064669,11,6,27,840,1,2,1,1.0,2.0,75114,M,,,75
201100064670,11,6,27,1930,1,2,1,1.0,2.0,75113,M,,,75
201100064671,11,6,27,1930,1,2,1,1.0,4.0,75113,M,,,75
201100064672,11,6,28,710,1,2,1,1.0,4.0,75119,M,,,75
201100064673,11,6,28,1520,1,2,1,1.0,4.0,75113,M,,,75
201100064674,11,6,28,1830,1,2,1,1.0,3.0,75120,M,,,75
201100064675,11,6,29,1505,1,2,1,1.0,3.0,75119,M,,,75
201100064676,11,6,30,915,1,2,1,1.0,4.0,75119,M,,,75
201100064677,11,6,30,1300,1,2,1,7.0,4.0,75113,M,,,75
201100064678,11,6,30,1730,1,2,1,1.0,3.0,75119,M,,,75
201100064679,11,6,30,1855,1,2,1,1.0,2.0,75112,M,,,75
201100064680,11,7,1,650,1,2,1,1.0,7.0,75120,M,,,75
201100064681,11,7,1,1025,1,2,1,1.0,7.0,75118,M,,,75
201100064682,11,7,1,1450,1,2,1,1.0,3.0,75120,M,,,75
201100064683,11,7,1,1445,1,2,1,1.0,7.0,75116,M,,,75
201100064684,11,7,1,1620,1,2,1,1.0,2.0,75112,M,,,75
201100064685,11,7,1,1720,1,2,1,1.0,3.0,75119,M,,,75
201100064686,11,7,1,2215,5,2,1,1.0,7.0,75118,M,,,75
201100064687,11,7,2,1,5,2,1,1.0,6.0,75118,M,,,75
201100064688,11,7,2,255,5,2,1,1.0,7.0,75118,M,,,75
201100064689,11,7,2,1240,1,2,1,1.0,3.0,75118,M,,,75
201100064690,11,7,2,1520,1,2,1,1.0,2.0,75113,M,,,75
201100064691,11,7,3,905,1,2,1,1.0,2.0,75118,M,,,75
201100064692,11,7,3,1300,1,2,1,1.0,6.0,75116,M,,,75
201100064693,11,7,3,1625,1,2,1,1.0,3.0,75115,M,,,75
201100064694,11,7,3,1828,1,2,1,1.0,2.0,75119,M,,,75
201100064695,11,7,4,1050,1,2,1,1.0,3.0,75116,M,,,75
201100064696,11,7,4,1630,1,2,1,1.0,4.0,75119,M,,,75
201100064697,11,7,4,1805,1,2,1,1.0,3.0,75119,M,,,75
201100064698,11,7,4,1835,1,2,1,1.0,2.0,75112,M,,,75
201100064699,11,7,4,1640,1,2,1,7.0,2.0,75112,M,,,75
201100064700,11,7,5,550,1,2,4,1.0,3.0,75118,M,,,75
201100064701,11,7,5,745,1,2,1,1.0,3.0,75120,M,,,75
201100064702,11,7,5,1100,1,2,1,1.0,6.0,75117,M,,,75
201100064703,11,7,5,1300,1,2,1,1.0,2.0,75114,M,,,75
201100064704,11,7,6,1945,1,2,1,1.0,2.0,75119,M,,,75
201100064705,11,7,7,910,1,2,4,1.0,3.0,75113,M,,,75
201100064706,11,7,7,1000,1,2,1,1.0,3.0,75119,M,,,75
201100064707,11,7,7,1125,1,2,1,1.0,3.0,75112,M,,,75
201100064708,11,7,7,1630,1,2,1,1.0,4.0,75120,M,,,75
201100064709,11,7,7,1715,1,2,1,1.0,4.0,75115,M,,,75
201100064710,11,7,7,1740,1,2,1,1.0,6.0,75117,M,,,75
201100064711,11,7,8,1345,1,2,1,1.0,3.0,75119,M,,,75
201100064712,11,7,8,1450,1,2,4,1.0,7.0,75116,M,,,75
201100064713,11,7,8,2010,2,2,1,1.0,4.0,75118,M,,,75
201100064714,11,7,10,1615,1,2,4,1.0,5.0,75114,M,,,75
201100064715,11,7,11,1855,1,2,1,1.0,2.0,75114,M,,,75
201100064716,11,7,11,1530,1,2,1,1.0,7.0,75118,M,,,75
201100064717,11,7,11,1950,1,2,1,1.0,4.0,75118,M,,,75
201100064718,11,7,12,740,1,2,1,1.0,3.0,75113,M,,,75
201100064719,11,7,12,2205,5,2,1,1.0,2.0,75119,M,,,75
201100064720,11,7,13,50,5,2,1,2.0,7.0,75112,M,,,75
201100064721,11,7,13,830,5,2,1,2.0,3.0,75115,M,,,75
201100064722,11,7,13,825,1,2,1,1.0,7.0,75112,M,,,75
201100064723,11,7,16,1515,1,2,1,1.0,2.0,75120,M,,,75
201100064724,11,7,17,1000,1,2,4,1.0,3.0,75113,M,,,75
201100064725,11,7,18,1720,1,2,1,1.0,7.0,75116,M,,,75
201100064726,11,7,21,1840,1,2,1,1.0,2.0,75114,M,,,75
201100064727,11,7,21,1820,1,2,1,1.0,2.0,75114,M,,,75
201100064728,11,7,22,10,5,2,1,1.0,6.0,75113,M,,,75
201100064729,11,7,22,1650,1,2,1,2.0,2.0,75116,M,,,75
201100064730,11,7,23,1225,1,2,1,1.0,4.0,75113,M,,,75
201100064731,11,7,23,2120,5,2,1,1.0,6.0,75118,M,,,75
201100064732,11,7,23,2140,3,2,1,1.0,6.0,75119,M,,,75
201100064733,11,7,24,135,5,2,4,1.0,6.0,75112,M,,,75
201100064734,11,7,24,940,1,2,1,1.0,2.0,75113,M,,,75
201100064735,11,7,24,1820,1,2,1,1.0,2.0,75120,M,,,75
201100064736,11,7,25,2243,5,2,1,1.0,7.0,75119,M,,,75
201100064737,11,7,26,1140,1,2,1,1.0,6.0,75118,M,,,75
201100064738,11,7,26,2255,5,2,4,1.0,2.0,75113,M,,,75
201100064739,11,7,28,1630,5,2,1,1.0,3.0,75116,M,,,75
201100064740,11,7,28,1735,1,2,1,2.0,4.0,75116,M,,,75
201100064741,11,7,28,1530,1,2,1,1.0,4.0,75117,M,,,75
201100064742,11,7,29,1710,1,2,1,1.0,6.0,75112,M,,,75
201100064743,11,7,29,1630,1,2,1,1.0,2.0,75120,M,,,75
201100064744,11,7,29,1830,1,2,1,1.0,2.0,75118,M,,,75
201100064745,11,7,30,2225,5,2,1,1.0,6.0,75118,M,,,75
201100064746,11,7,31,1720,1,2,1,1.0,3.0,75113,M,,,75
201100064747,11,8,1,1915,1,2,1,1.0,3.0,75114,M,,,75
201100064748,11,8,2,945,1,2,1,1.0,6.0,75118,M,,,75
201100064749,11,8,3,1545,1,2,1,1.0,4.0,75114,M,,,75
201100064750,11,8,3,1720,1,2,4,1.0,6.0,75118,M,,,75
201100064751,11,8,6,1,5,2,1,1.0,6.0,75118,M,,,75
201100064752,11,8,6,2315,5,2,1,2.0,6.0,75114,M,,,75
201100064753,11,8,10,120,5,2,4,1.0,6.0,75114,M,,,75
201100064754,11,8,10,1920,1,2,1,1.0,7.0,75119,M,,,75
201100064755,11,8,11,25,5,2,4,1.0,6.0,75117,M,,,75
201100064756,11,8,11,1535,1,2,1,1.0,3.0,75112,M,,,75
201100064757,11,8,11,1945,1,2,1,1.0,3.0,75120,M,,,75
201100064758,11,8,12,1045,1,2,1,1.0,3.0,75117,M,,,75
201100064759,11,8,15,450,5,2,1,1.0,6.0,75114,M,,,75
201100064760,11,8,16,1410,1,2,1,1.0,6.0,75114,M,,,75
201100064761,11,8,16,1930,1,2,1,1.0,2.0,75113,M,,,75
201100064762,11,8,20,220,5,2,1,1.0,6.0,75115,M,,,75
201100064763,11,8,20,1815,1,2,1,1.0,4.0,75113,M,,,75
201100064764,11,8,21,600,4,2,1,2.0,7.0,75113,M,,,75
201100064765,11,8,22,1840,1,2,1,1.0,2.0,75113,M,,,75
201100064766,11,8,23,1915,1,2,1,1.0,4.0,75116,M,,,75
201100064767,11,8,25,945,1,2,1,1.0,4.0,75119,M,,,75