Num_Acc,an,mois,jour,hrmn,lum,agg,int,atm,col,com,gps,lat,long,dep
201100064768,11,8,26,830,1,2,1,2.0,6.0,75120,M,,,75
201100064769,11,8,26,1615,1,2,1,1.0,4.0,75118,M,,,75
201100064770,11,8,26,1845,1,2,1,1.0,2.0,75119,M,,,75
201100064771,11,8,27,1650,1,2,1,3.0,4.0,75112,M,,,75
201100064772,11,8,28,1400,1,2,4,1.0,6.0,75120,M,,,75
201100064773,11,8,28,1605,1,2,1,1.0,2.0,75114,M,,,75
201100064774,11,8,29,730,1,2,4,1.0,3.0,75119,M,,,75
201100064775,11,8,29,800,1,2,1,1.0,4.0,75118,M,,,75
201100064776,11,8,29,1540,1,2,1,1.0,4.0,75120,M,,,75
201100064777,11,8,29,1420,1,2,1,1.0,4.0,75112,M,,,75
201100064778,11,8,30,1715,1,2,1,1.0,4.0,75116,M,,,75
201100064779,11,8,31,845,1,2,1,1.0,2.0,75119,M,,,75
201100064780,11,8,31,1645,1,2,1,1.0,7.0,75112,M,,,75
201100064781,11,9,1,1200,1,2,1,1.0,6.0,75115,M,,,75
201100064782,11,9,1,1530,1,2,1,1.0,2.0,75116,M,,,75
201100064783,11,9,2,840,1,2,1,1.0,3.0,75120,M,,,75
201100064784,11,9,2,1900,1,2,1,1.0,4.0,75117,M,,,75
201100064785,11,9,2,1950,1,2,1,1.0,2.0,75117,M,,,75
201100064786,11,9,2,2120,5,2,1,1.0,2.0,75113,M,,,75
201100064787,11,9,3,1455,1,2,1,1.0,4.0,75117,M,,,75
201100064788,11,9,3,1730,1,2,1,1.0,7.0,75112,M,,,75
201100064789,11,9,4,840,1,2,1,2.0,6.0,75120,M,,,75
201100064790,11,9,4,1045,1,2,1,1.0,6.0,75117,M,,,75
201100064791,11,9,4,1810,1,2,4,1.0,7.0,75114,M,,,75
201100064792,11,9,5,1800,1,2,1,1.0,3.0,75115,M,,,75
201100064793,11,9,6,1600,1,2,4,1.0,3.0,75112,M,,,75
201100064794,11,9,7,745,1,2,1,1.0,3.0,75114,M,,,75
201100064795,11,9,7,945,1,2,1,1.0,4.0,75113,M,,,75
201100064796,11,9,7,1720,1,2,4,1.0,6.0,75112,M,,,75
201100064797,11,9,7,1740,1,2,1,1.0,3.0,75118,M,,,75
201100064798,11,9,8,825,1,2,1,1.0,3.0,75112,M,,,75
201100064799,11,9,8,1020,1,2,1,1.0,6.0,75116,M,,,75
201100064800,11,9,8,2040,5,2,4,2.0,2.0,75114,M,,,75
201100064801,11,9,9,1400,1,2,1,1.0,4.0,75120,M,,,75
201100064802,11,9,9,1610,1,2,1,1.0,4.0,75115,M,,,75
201100064803,11,9,9,1500,1,2,1,1.0,2.0,75114,M,,,75
201100064804,11,9,9,1900,1,2,1,1.0,7.0,75116,M,,,75
201100064805,11,9,9,2030,2,2,1,1.0,3.0,75114,M,,,75
201100064806,11,9,10,1100,1,2,1,1.0,2.0,75113,M,,,75
201100064807,11,9,10,1350,1,2,1,1.0,2.0,75120,M,,,75
201100064808,11,9,10,1640,1,2,1,1.0,4.0,75115,M,,,75
201100064809,11,9,12,1755,5,2,1,1.0,4.0,75116,M,,,75
201100064810,11,9,13,900,1,2,1,1.0,3.0,75117,M,,,75
201100064811,11,9,14,725,1,2,1,1.0,4.0,75113,M,,,75
201100064812,11,9,14,1200,1,2,1,1.0,3.0,75114,M,,,75
201100064813,11,9,14,950,1,2,1,1.0,2.0,75115,M,,,75
201100064814,11,9,14,1700,1,2,1,1.0,7.0,75118,M,,,75
201100064815,11,9,15,1845,1,2,1,1.0,2.0,75119,M,,,75
201100064816,11,9,17,1605,1,2,1,1.0,4.0,75114,M,,,75
201100064817,11,9,18,710,5,2,1,1.0,7.0,75112,M,,,75
201100064818,11,9,18,1345,1,2,1,1.0,3.0,75112,M,,,75
201100064819,11,9,19,1910,1,2,1,1.0,4.0,75118,M,,,75
201100064820,11,9,20,800,1,2,1,1.0,3.0,75119,M,,,75
201100064821,11,9,20,1600,1,2,1,1.0,2.0,75118,M,,,75
201100064822,11,9,20,1640,1,2,1,1.0,3.0,75116,M,,,75
201100064823,11,9,20,1820,2,2,1,8.0,6.0,75116,M,,,75
201100064824,11,9,21,1220,1,2,1,1.0,4.0,75116,M,,,75
201100064825,11,9,21,1645,1,2,1,1.0,2.0,75113,M,,,75
201100064826,11,9,22,945,1,2,1,1.0,2.0,75120,M,,,75
201100064827,11,9,22,650,5,2,1,1.0,4.0,75118,M,,,75
201100064828,11,9,23,1000,1,2,1,1.0,6.0,75114,M,,,75
201100064829,11,9,23,945,1,2,1,1.0,2.0,75115,M,,,75
201100064830,11,9,23,1015,1,2,1,1.0,2.0,75119,M,,,75
201100064831,11,9,23,1600,1,2,1,1.0,4.0,75119,M,,,75
201100064832,11,9,23,1800,1,2,1,1.0,2.0,75119,M,,,75
201100064833,11,9,23,2030,5,2,1,1.0,2.0,75113,M,,,75
201100064834,11,9,24,340,5,2,1,1.0,6.0,75112,M,,,75
201100064835,11,9,24,900,1,2,1,1.0,2.0,75113,M,,,75
201100064836,11,9,24,1640,1,2,1,1.0,7.0,75116,M,,,75
201100064837,11,9,26,1800,1,2,1,1.0,3.0,75116,M,,,75
201100064838,11,9,26,1915,1,2,1,1.0,4.0,75117,M,,,75
201100064839,11,9,27,915,1,2,1,1.0,2.0,75118,M,,,75
201100064840,11,9,27,1545,1,2,1,1.0,3.0,75117,M,,,75
201100064841,11,9,27,1730,1,2,1,1.0,2.0,75116,M,,,75
201100064842,11,9,27,1800,1,2,4,1.0,2.0,75112,M,,,75
201100064843,11,9,27,1745,1,2,1,1.0,2.0,75115,M,,,75
201100064844,11,9,28,715,1,2,1,1.0,3.0,75116,M,,,75
201100064845,11,9,28,800,1,2,1,1.0,3.0,75116,M,,,75
201100064846,11,9,29,1010,1,2,1,1.0,3.0,75117,M,,,75
201100064847,11,9,29,2020,5,2,1,1.0,2.0,75113,M,,,75
201100064848,11,9,30,1350,1,2,1,1.0,4.0,75114,M,,,75
201100064849,11,9,30,1530,1,2,1,1.0,3.0,75116,M,,,75
201100064850,11,9,30,1925,1,2,1,1.0,2.0,75112,M,,,75
201100064851,11,10,1,745,1,2,1,1.0,6.0,75117,M,,,75
201100064852,11,10,3,1,3,2,1,1.0,4.0,75117,M,,,75
201100064853,11,10,3,1545,1,2,1,1.0,7.0,75117,M,,,75
201100064854,11,10,3,1835,1,2,4,1.0,3.0,75112,M,,,75
201100064855,11,10,5,1750,1,2,1,1.0,4.0,75116,M,,,75
201100064856,11,10,6,2025,5,2,1,1.0,2.0,75117,M,,,75
201100064857,11,10,7,1315,1,2,1,2.0,2.0,75120,M,,,75
201100064858,11,10,7,1415,1,2,4,8.0,2.0,75117,M,,,75
201100064859,11,10,7,2000,5,2,1,1.0,6.0,75119,M,,,75
201100064860,11,10,7,1820,1,2,1,1.0,3.0,75119,M,,,75
201100064861,11,10,10,1305,1,2,1,1.0,4.0,75118,M,,,75
201100064862,11,10,10,1405,1,2,1,1.0,4.0,75112,M,,,75
201100064863,11,10,11,1730,1,2,1,1.0,3.0,75116,M,,,75
201100064864,11,10,13,845,1,2,4,1.0,3.0,75117,M,,,75
201100064865,11,10,13,1600,1,2,1,1.0,3.0,75117,M,,,75
201100064866,11,10,14,815,1,2,1,1.0,3.0,75116,M,,,75
201100064867,11,10,14,1010,1,2,1,1.0,6.0,75119,M,,,75
201100064868,11,10,14,950,1,2,1,1.0,4.0,75119,M,,,75
201100064869,11,10,14,1720,1,2,1,1.0,3.0,75116,M,,,75
201100064870,11,10,15,140,5,2,1,1.0,5.0,75119,M,,,75
201100064871,11,10,15,1900,2,2,1,1.0,2.0,75119,M,,,75
201100064872,11,10,16,45,5,2,1,1.0,2.0,75113,M,,,75
201100064873,11,10,16,30,5,2,1,1.0,2.0,75117,M,,,75
201100064874,11,10,16,1255,1,2,1,1.0,2.0,75113,M,,,75
201100064875,11,10,16,1735,1,2,1,1.0,2.0,75118,M,,,75
201100064876,11,10,17,1120,1,2,1,1.0,6.0,75117,M,,,75
201100064877,11,10,17,1510,1,2,4,1.0,5.0,75116,M,,,75
201100064878,11,10,17,1715,1,2,1,1.0,3.0,75116,M,,,75
201100064879,11,10,17,1815,5,2,1,1.0,4.0,75117,M,,,75
201100064880,11,10,17,2340,5,2,4,1.0,6.0,75113,M,,,75
201100064881,11,10,18,1455,1,2,1,2.0,7.0,75120,M,,,75
201100064882,11,10,19,720,2,2,1,2.0,4.0,75115,M,,,75
201100064883,11,10,19,1950,5,2,1,1.0,3.0,75116,M,,,75
201100064884,11,10,20,1500,1,2,1,1.0,2.0,75117,M,,,75
201100064885,11,10,21,1010,1,2,1,1.0,2.0,75119,M,,,75
201100064886,11,10,21,1345,1,2,1,1.0,3.0,75118,M,,,75
201100064887,11,10,22,945,1,2,1,1.0,6.0,75120,M,,,75
201100064888,11,10,22,1615,1,2,1,1.0,3.0,75114,M,,,75
201100064889,11,10,22,2050,5,2,1,1.0,6.0,75117,M,,,75
201100064890,11,10,23,1330,1,2,1,1.0,2.0,75116,M,,,75
201100064891,11,10,24,1515,1,2,1,1.0,2.0,75118,M,,,75
201100064892,11,10,24,1910,3,2,1,1.0,3.0,75119,M,,,75
201100064893,11,10,25,510,5,2,1,2.0,6.0,75114,M,,,75
201100064894,11,10,25,835,1,2,1,8.0,3.0,75119,M,,,75
201100064895,11,10,25,1450,1,2,1,1.0,4.0,75112,M,,,75
201100064896,11,10,25,1700,1,2,1,2.0,4.0,75117,M,,,75
201100064897,11,10,26,515,5,2,1,1.0,6.0,75114,M,,,75
201100064898,11,10,27,940,1,2,1,1.0,2.0,75112,M,,,75
201100064899,11,10,27,1640,1,2,1,1.0,2.0,75116,M,,,75
201100064900,11,10,27,1820,5,2,1,1.0,3.0,75117,M,,,75
201100064901,11,10,27,1855,5,2,1,1.0,3.0,75114,M,,,75
201100064902,11,10,28,1910,2,2,1,1.0,2.0,75116,M,,,75
201100064903,11,10,29,820,2,2,1,1.0,2.0,75120,M,,,75
201100064904,11,10,30,235,5,2,1,1.0,4.0,75112,M,,,75
201100064905,11,10,31,900,1,2,1,1.0,3.0,75119,M,,,75
201100064906,11,10,31,1100,1,2,4,1.0,2.0,75116,M,,,75
201100064907,11,11,1,1655,2,2,1,8.0,2.0,75120,M,,,75
201100064908,11,11,2,1700,2,2,1,1.0,3.0,75116,M,,,75
201100064909,11,11,2,1530,1,2,1,1.0,4.0,75114,M,,,75
201100064910,11,11,2,2020,5,2,1,1.0,6.0,75118,M,,,75
201100064911,11,11,3,915,1,2,1,2.0,4.0,75119,M,,,75
201100064912,11,11,7,1000,1,2,1,1.0,7.0,75114,M,,,75
201100064913,11,11,7,1600,1,2,1,1.0,3.0,75115,M,,,75
201100064914,11,11,7,2150,5,2,4,1.0,6.0,75113,M,,,75
201100064915,11,11,8,830,5,2,1,1.0,6.0,75114,M,,,75
201100064916,11,11,8,940,1,2,1,1.0,3.0,75119,M,,,75
201100064917,11,11,8,1815,5,2,4,1.0,6.0,75120,M,,,75
201100064918,11,11,9,1320,1,2,1,1.0,4.0,75117,M,,,75
201100064919,11,11,9,1600,1,2,1,1.0,3.0,75117,M,,,75
201100064920,11,11,9,1800,2,2,1,1.0,2.0,75119,M,,,75
201100064921,11,11,9,1935,5,2,1,1.0,2.0,75120,M,,,75
201100064922,11,11,10,1040,1,2,1,1.0,6.0,75120,M,,,75
201100064923,11,11,10,1730,5,2,1,1.0,7.0,75120,M,,,75
201100064924,11,11,10,2030,5,2,1,1.0,4.0,75114,M,,,75
201100064925,11,11,11,1210,1,2,1,1.0,4.0,75116,M,,,75
201100064926,11,11,11,1540,1,2,1,1.0,7.0,75117,M,,,75
201100064927,11,11,11,1700,5,2,1,1.0,4.0,75114,M,,,75
201100064928,11,11,11,1910,5,2,1,1.0,3.0,75113,M,,,75
201100064929,11,11,12,1900,5,2,1,1.0,4.0,75115,M,,,75
201100064930,11,11,13,1615,1,2,1,1.0,2.0,75119,M,,,75
201100064931,11,11,14,1730,5,2,1,1.0,2.0,75116,M,,,75
201100064932,11,11,14,1630,1,2,1,1.0,2.0,75116,M,,,75
201100064933,11,11,15,815,1,2,1,1.0,3.0,75118,M,,,75
201100064934,11,11,15,1115,1,2,1,1.0,4.0,75114,M,,,75
201100064935,11,11,15,853,1,2,1,1.0,2.0,75112,M,,,75
201100064936,11,11,15,1800,5,2,1,1.0,4.0,75116,M,,,75
201100064937,11,11,15,1815,5,2,1,1.0,6.0,75118,M,,,75
201100064938,11,11,15,2135,5,2,1,1.0,6.0,75120,M,,,75
201100064939,11,11,16,815,1,2,1,1.0,2.0,75116,M,,,75
201100064940,11,11,16,1135,1,2,1,1.0,6.0,75118,M,,,75
201100064941,11,11,16,1850,5,2,1,1.0,3.0,75120,M,,,75
201100064942,11,11,18,1000,1,2,1,1.0,3.0,75117,M,,,75
201100064943,11,11,18,2005,5,2,1,1.0,3.0,75113,M,,,75
201100064944,11,11,18,1950,5,2,1,1.0,7.0,75116,M,,,75
201100064945,11,11,19,2010,4,2,1,1.0,2.0,75113,M,,,75
201100064946,11,11,19,2030,4,2,1,1.0,3.0,75120,M,,,75
201100064947,11,11,20,1515,1,2,1,1.0,4.0,75113,M,,,75
201100064948,11,11,21,2025,5,2,1,1.0,6.0,75120,M,,,75
201100064949,11,11,22,1130,1,2,1,1.0,4.0,75114,M,,,75
201100064950,11,11,22,1655,2,2,1,1.0,6.0,75119,M,,,75
201100064951,11,11,23,800,1,2,1,1.0,6.0,75116,M,,,75
201100064952,11,11,24,1815,5,2,1,1.0,2.0,75116,M,,,75
201100064953,11,11,25,1615,1,2,1,1.0,6.0,75112,M,,,75
201100064954,11,11,25,2130,5,2,1,1.0,3.0,75115,M,,,75
201100064955,11,11,26,1310,1,2,1,1.0,2.0,75117,M,,,75
201100064956,11,11,29,820,1,2,1,1.0,2.0,75117,M,,,75
201100064957,11,11,29,915,1,2,1,1.0,3.0,75114,M,,,75
201100064958,11,11,29,1800,5,2,1,1.0,2.0,75119,M,,,75
201100064959,11,11,30,950,1,2,1,1.0,2.0,75116,M,,,75
201100064960,11,11,30,1245,1,2,1,1.0,3.0,75119,M,,,75
201100064961,11,12,1,915,1,2,1,1.0,7.0,75119,M,,,75
201100064962,11,12,2,1000,1,2,1,1.0,3.0,75113,M,,,75
201100064963,11,12,2,1010,1,2,1,1.0,2.0,75114,M,,,75
201100064964,11,12,2,1235,1,2,1,1.0,4.0,75120,M,,,75
201100064965,11,12,2,1715,2,2,1,1.0,3.0,75113,M,,,75
201100064966,11,12,3,100,5,2,1,1.0,2.0,75114,M,,,75
201100064967,11,12,3,1045,1,2,1,2.0,6.0,75120,M,,,75
201100064968,11,12,3,1150,1,2,1,2.0,3.0,75116,M,,,75
201100064969,11,12,4,1200,1,2,1,2.0,6.0,75118,M,,,75
201100064970,11,12,4,1619,2,2,1,2.0,3.0,75113,M,,,75
201100064971,11,12,5,215,5,2,1,2.0,6.0,75113,M,,,75
201100064972,11,12,5,240,5,2,1,2.0,6.0,75117,M,,,75
201100064973,11,12,6,920,1,2,1,1.0,2.0,75117,M,,,75
201100064974,11,12,6,1025,1,2,1,1.0,2.0,75115,M,,,75
201100064975,11,12,6,1830,5,2,1,2.0,7.0,75117,M,,,75
201100064976,11,12,7,1,5,2,4,2.0,3.0,75120,M,,,75
201100064977,11,12,7,745,1,2,1,1.0,2.0,75114,M,,,75
201100064978,11,12,7,1400,1,2,1,2.0,2.0,75113,M,,,75
201100064979,11,12,7,1615,2,2,1,2.0,2.0,75120,M,,,75
201100064980,11,12,7,1820,5,2,1,1.0,2.0,75118,M,,,75
201100064981,11,12,8,750,3,2,1,1.0,7.0,75112,M,,,75
201100064982,11,12,8,1610,1,2,1,1.0,2.0,75115,M,,,75
201100064983,11,12,9,945,1,2,1,2.0,7.0,75114,M,,,75
201100064984,11,12,9,1110,1,2,1,2.0,3.0,75120,M,,,75
201100064985,11,12,9,1130,1,2,1,2.0,3.0,75112,M,,,75
201100064986,11,12,9,2030,5,2,1,1.0,4.0,75116,M,,,75
201100064987,11,12,9,1740,5,2,1,1.0,3.0,75118,M,,,75
201100064988,11,12,10,1555,2,2,1,1.0,2.0,75116,M,,,75
201100064989,11,12,10,1715,5,2,1,1.0,2.0,75120,M,,,75
201100064990,11,12,10,2005,5,2,1,1.0,3.0,75118,M,,,75
201100064991,11,12,11,840,1,2,4,1.0,6.0,75118,M,,,75
201100064992,11,12,12,1630,1,2,1,1.0,4.0,75113,M,,,75
201100064993,11,12,12,1710,2,2,1,1.0,2.0,75115,M,,,75
201100064994,11,12,14,1320,1,2,1,1.0,2.0,75119,M,,,75
201100064995,11,12,12,800,2,2,1,1.0,2.0,75116,M,,,75
201100064996,11,12,14,1000,1,2,1,2.0,2.0,75113,M,,,75
201100064997,11,12,14,2005,5,2,1,1.0,3.0,75113,M,,,75
201100064998,11,12,14,2040,5,2,1,1.0,2.0,75112,M,,,75
201100064999,11,12,12,1115,1,2,1,1.0,3.0,75114,M,,,75
201100065000,11,12,15,1115,1,2,1,1.0,3.0,75120,M,,,75
201100065001,11,12,15,1130,1,2,1,1.0,7.0,75118,M,,,75
201100065002,11,12,15,1330,1,2,1,1.0,3.0,75120,M,,,75
201100065003,11,12,15,1910,5,2,1,1.0,3.0,75112,M,,,75
201100065004,11,12,16,100,5,2,1,3.0,7.0,75115,M,,,75
201100065005,11,12,16,445,5,2,4,3.0,6.0,75120,M,,,75
201100065006,11,12,16,1010,1,2,1,2.0,7.0,75118,M,,,75
201100065007,11,12,19,1800,5,2,1,2.0,6.0,75117,M,,,75
201100065008,11,12,20,940,1,2,1,1.0,2.0,75118,M,,,75
201100065009,11,12,20,915,1,2,1,2.0,4.0,75117,M,,,75
201100065010,11,12,21,1330,1,2,1,2.0,3.0,75118,M,,,75
201100065011,11,12,21,1300,1,2,1,2.0,6.0,75118,M,,,75
201100065012,11,12,22,745,5,2,1,2.0,3.0,75119,M,,,75
201100065013,11,12,22,900,1,2,1,2.0,7.0,75119,M,,,75
201100065014,11,12,22,1645,2,2,1,1.0,6.0,75117,M,,,75
201100065015,11,12,24,1040,1,2,1,1.0,4.0,75118,M,,,75
201100065016,11,12,25,344,5,2,1,1.0,2.0,75118,M,,,75
201100065017,11,12,26,150,4,2,1,1.0,2.0,75119,M,,,75
201100065018,11,12,26,1920,5,2,1,1.0,2.0,75119,M,,,75
201100065019,11,12,27,645,5,2,4,1.0,2.0,75112,M,,,75
201100065020,11,12,27,900,1,2,4,5.0,7.0,75112,M,,,75
201100065021,11,12,27,1155,1,2,1,1.0,4.0,75113,M,,,75
201100065022,11,12,29,950,1,2,1,1.0,5.0,75118,M,,,75
201100065023,11,12,30,1740,5,2,1,2.0,3.0,75113,M,,,75
201100065024,11,12,31,1200,1,2,1,2.0,6.0,75118,M,,,75
201100065025,11,1,5,1945,5,1,1,1.0,4.0,97029,A,0.0,0.0,972
201100065026,11,2,13,1715,1,2,1,1.0,6.0,97029,A,0.0,0.0,972
201100065027,11,2,18,2130,5,2,1,1.0,3.0,97005,A,0.0,0.0,972
201100065028,11,3,12,1430,1,2,1,2.0,7.0,97029,A,0.0,0.0,972
201100065029,11,3,12,800,1,1,1,2.0,1.0,97005,A,0.0,0.0,972
201100065030,11,3,12,1200,1,1,1,3.0,3.0,97005,A,0.0,0.0,972
201100065031,11,3,17,1200,1,1,1,1.0,7.0,97029,A,0.0,0.0,972
201100065032,11,3,26,100,3,1,1,1.0,3.0,97005,A,0.0,0.0,972
201100065033,11,3,26,2230,5,2,2,1.0,6.0,97029,A,0.0,0.0,972
201100065034,11,6,1,1900,5,2,1,1.0,6.0,97029,A,0.0,0.0,972
201100065035,11,9,3,1245,1,2,1,1.0,1.0,97005,A,0.0,0.0,972
201100065036,11,9,4,1830,2,2,1,1.0,6.0,97034,A,0.0,0.0,972
201100065037,11,9,10,1945,5,2,3,2.0,4.0,97005,A,0.0,0.0,972
201100065038,11,11,21,1600,1,1,1,2.0,1.0,97029,A,0.0,0.0,972
201100065039,11,11,27,1415,1,2,1,2.0,6.0,97029,A,0.0,0.0,972
201100065040,11,1,23,2200,3,1,1,1.0,6.0,97024,A,0.0,0.0,972
201100065041,11,2,26,615,1,1,1,1.0,1.0,97024,A,0.0,0.0,972
201100065042,11,3,28,1515,1,2,1,8.0,3.0,97024,A,0.0,0.0,972
201100065043,11,10,28,500,3,1,1,1.0,7.0,97024,A,0.0,0.0,972
201100065044,11,12,15,700,1,2,1,1.0,6.0,97024,A,0.0,0.0,972
201100065045,11,1,22,1645,1,1,1,1.0,7.0,97004,A,0.0,0.0,972
201100065046,11,3,10,45,4,2,1,1.0,7.0,97004,A,0.0,0.0,972
201100065047,11,4,21,1115,1,1,1,1.0,6.0,97018,A,0.0,0.0,972
201100065048,11,5,9,1145,1,1,1,1.0,5.0,97004,A,0.0,0.0,972
201100065049,11,6,7,1500,1,1,1,1.0,7.0,97019,A,0.0,0.0,972
201100065050,11,6,27,1000,1,1,1,1.0,6.0,97025,A,0.0,0.0,972
201100065051,11,8,4,1700,1,2,1,1.0,6.0,97025,A,0.0,0.0,972
201100065052,11,8,4,1715,1,2,1,1.0,1.0,97025,A,0.0,0.0,972
201100065053,11,8,15,1945,5,1,1,2.0,6.0,97008,A,0.0,0.0,972
201100065054,11,12,21,1115,1,2,1,1.0,6.0,97018,A,0.0,0.0,972
201100065055,11,12,23,1430,1,1,1,1.0,7.0,97008,A,0.0,0.0,972
201100065056,11,1,23,145,3,1,1,1.0,1.0,97010,A,0.0,0.0,972
201100065057,11,2,8,730,1,1,9,1.0,6.0,97032,A,0.0,0.0,972
201100065058,11,5,30,1045,1,1,1,1.0,7.0,97010,A,0.0,0.0,972
201100065059,11,6,20,2015,3,2,1,1.0,3.0,97032,A,0.0,0.0,972
201100065060,11,7,13,1700,3,2,1,1.0,3.0,97032,A,0.0,0.0,972
201100065061,11,8,11,730,1,1,1,1.0,1.0,97010,A,0.0,0.0,972
201100065062,11,9,29,845,1,1,1,1.0,1.0,97032,A,0.0,0.0,972
201100065063,11,10,4,1830,3,1,1,1.0,6.0,97032,A,0.0,0.0,972
201100065064,11,10,13,1630,1,1,1,1.0,1.0,97010,A,0.0,0.0,972
201100065065,11,11,2,645,1,1,1,1.0,3.0,97010,A,0.0,0.0,972
201100065066,11,12,10,945,1,1,1,1.0,5.0,97010,A,0.0,0.0,972
201100065067,11,1,22,515,5,1,6,2.0,6.0,97007,A,0.0,0.0,972
201100065068,11,3,21,1230,1,2,1,1.0,6.0,97007,A,0.0,0.0,972
201100065069,11,4,1,2245,3,2,1,1.0,3.0,97023,A,0.0,0.0,972
201100065070,11,5,8,500,2,1,1,1.0,5.0,97007,A,0.0,0.0,972
201100065071,11,5,21,1000,1,2,1,3.0,7.0,97007,A,0.0,0.0,972
201100065072,11,5,28,1800,1,2,9,1.0,1.0,97023,A,0.0,0.0,972
201100065073,11,5,29,1100,1,2,1,1.0,1.0,97007,A,0.0,0.0,972
201100065074,11,6,5,1730,1,1,9,1.0,1.0,97007,A,0.0,0.0,972
201100065075,11,7,6,630,1,2,1,1.0,1.0,97007,A,0.0,0.0,972
201100065076,11,8,6,1500,1,1,1,1.0,5.0,97007,A,0.0,0.0,972
201100065077,11,8,7,915,1,2,6,2.0,7.0,97007,A,0.0,0.0,972
201100065078,11,9,27,745,1,2,1,1.0,1.0,97007,A,0.0,0.0,972
201100065079,11,11,18,1345,1,1,1,1.0,6.0,97007,A,0.0,0.0,972
201100065080,11,1,3,2215,3,1,1,1.0,7.0,97017,A,0.0,0.0,972
201100065081,11,1,9,1930,4,1,1,1.0,7.0,97027,A,0.0,0.0,972
201100065082,11,1,29,1915,3,1,1,1.0,1.0,97020,A,0.0,0.0,972
201100065083,11,2,5,1715,1,2,1,7.0,6.0,97017,A,0.0,0.0,972
201100065084,11,2,23,1745,1,1,1,1.0,2.0,97017,A,0.0,0.0,972
201100065085,11,2,26,1745,2,1,1,1.0,1.0,97026,A,0.0,0.0,972
201100065086,11,3,7,1230,1,1,1,1.0,6.0,97020,A,0.0,0.0,972
201100065087,11,3,7,2000,5,2,1,1.0,3.0,97027,A,0.0,0.0,972
201100065088,11,3,20,2115,5,2,9,1.0,2.0,97017,A,0.0,0.0,972
201100065089,11,6,13,1730,1,1,1,1.0,7.0,97027,A,0.0,0.0,972
201100065090,11,7,23,2000,4,1,1,1.0,6.0,97026,A,0.0,0.0,972
201100065091,11,8,13,2130,5,1,1,1.0,1.0,97026,A,0.0,0.0,972
201100065092,11,8,28,800,1,1,1,1.0,3.0,97020,A,0.0,0.0,972
201100065093,11,8,30,715,1,1,1,1.0,6.0,97020,A,0.0,0.0,972
201100065094,11,9,6,1630,1,1,1,1.0,3.0,97017,A,0.0,0.0,972
201100065095,11,10,16,930,3,1,1,8.0,5.0,97020,A,0.0,0.0,972
201100065096,11,10,19,1545,1,1,1,1.0,6.0,97020,A,0.0,0.0,972
201100065097,11,11,3,1845,5,1,1,1.0,6.0,97026,A,0.0,0.0,972
201100065098,11,11,6,645,1,1,1,1.0,1.0,97027,A,0.0,0.0,972
201100065099,11,11,16,1845,5,2,1,1.0,3.0,97017,A,0.0,0.0,972
201100065100,11,1,15,630,2,1,6,1.0,1.0,97021,A,0.0,0.0,972
201100065101,11,1,24,1315,1,1,1,1.0,3.0,97031,A,0.0,0.0,972
201100065102,11,1,31,2130,5,2,1,1.0,3.0,97021,A,0.0,0.0,972
201100065103,11,2,7,1300,1,2,1,1.0,1.0,97021,A,0.0,0.0,972
201100065104,11,3,13,845,1,1,1,1.0,3.0,97021,A,0.0,0.0,972
201100065105,11,4,24,915,1,1,1,2.0,1.0,97021,A,0.0,0.0,972
201100065106,11,4,24,1515,1,2,1,1.0,6.0,97002,A,0.0,0.0,972
201100065107,11,6,2,1030,1,1,1,1.0,6.0,97006,A,0.0,0.0,972
201100065108,11,6,13,245,3,1,1,1.0,7.0,97021,A,0.0,0.0,972
201100065109,11,7,28,2330,3,1,1,2.0,4.0,97021,A,0.0,0.0,972
201100065110,11,8,6,1000,1,2,1,1.0,6.0,97021,A,0.0,0.0,972
201100065111,11,8,6,1600,1,1,1,1.0,6.0,97031,A,0.0,0.0,972
201100065112,11,8,9,1330,1,2,9,1.0,3.0,97006,A,0.0,0.0,972
201100065113,11,8,12,1515,1,1,1,1.0,5.0,97097,A,0.0,0.0,972
201100065114,11,8,24,1030,1,2,6,1.0,1.0,97006,A,0.0,0.0,972
201100065115,11,8,25,1915,4,1,1,1.0,4.0,97021,A,0.0,0.0,972
201100065116,11,9,11,1800,2,1,1,1.0,7.0,97021,A,0.0,0.0,972
201100065117,11,9,23,1215,1,1,1,1.0,3.0,97006,A,0.0,0.0,972
201100065118,11,10,27,1745,1,2,1,8.0,6.0,97021,A,0.0,0.0,972
201100065119,11,11,6,1615,1,2,1,1.0,3.0,97006,A,0.0,0.0,972
201100065120,11,11,25,1015,1,2,9,1.0,6.0,97021,A,0.0,0.0,972
201100065121,11,1,27,1230,1,2,1,1.0,1.0,97030,A,0.0,0.0,972
201100065122,11,2,11,2000,3,1,1,1.0,7.0,97030,A,0.0,0.0,972
201100065123,11,2,16,715,1,1,1,1.0,3.0,97030,A,0.0,0.0,972
201100065124,11,2,25,730,1,2,1,1.0,2.0,97030,A,0.0,0.0,972
201100065125,11,3,5,30,5,1,1,1.0,2.0,97030,A,0.0,0.0,972
201100065126,11,4,18,2230,3,1,1,1.0,5.0,97030,A,0.0,0.0,972
201100065127,11,6,26,1145,1,1,1,1.0,5.0,97030,A,0.0,0.0,972
201100065128,11,6,30,1,3,1,1,1.0,1.0,97030,A,0.0,0.0,972
201100065129,11,7,7,1930,3,2,1,1.0,2.0,97030,A,0.0,0.0,972
201100065130,11,8,9,1930,3,2,1,1.0,1.0,97030,A,0.0,0.0,972
201100065131,11,10,20,645,1,1,1,1.0,7.0,97030,A,0.0,0.0,972
201100065132,11,11,23,1830,3,1,1,2.0,3.0,97030,A,0.0,0.0,972
201100065133,11,12,24,2330,5,2,1,1.0,7.0,97030,A,0.0,0.0,972
201100065134,11,1,22,2215,3,1,1,1.0,3.0,97012,A,0.0,0.0,972
201100065135,11,2,3,945,1,1,9,1.0,1.0,97022,A,0.0,0.0,972
201100065136,11,2,11,1200,1,2,1,1.0,1.0,97022,A,0.0,0.0,972