Num_Acc,an,mois,jour,hrmn,lum,agg,int,atm,col,com,gps,lat,long,dep
201100065137,11,2,16,1115,1,1,1,1.0,1.0,97012,A,0.0,0.0,972
201100065138,11,2,16,2330,5,1,1,1.0,6.0,97012,A,0.0,0.0,972
201100065139,11,3,3,1930,3,1,1,1.0,6.0,97012,A,0.0,0.0,972
201100065140,11,4,9,415,3,1,1,3.0,6.0,97022,A,0.0,0.0,972
201100065141,11,4,22,1915,3,2,9,1.0,6.0,97022,A,0.0,0.0,972
201100065142,11,4,30,845,3,1,1,2.0,1.0,97012,A,0.0,0.0,972
201100065143,11,6,8,1700,1,1,1,1.0,2.0,97022,A,0.0,0.0,972
201100065144,11,6,22,45,3,2,1,1.0,6.0,97022,A,0.0,0.0,972
201100065145,11,6,28,1500,1,1,1,1.0,1.0,97022,A,0.0,0.0,972
201100065146,11,6,30,1545,1,1,1,3.0,5.0,97022,A,0.0,0.0,972
201100065147,11,7,9,1500,1,2,1,1.0,1.0,97022,A,0.0,0.0,972
201100065148,11,8,27,315,3,2,1,8.0,6.0,97022,A,0.0,0.0,972
201100065149,11,9,18,2145,3,1,1,2.0,1.0,97012,A,0.0,0.0,972
201100065150,11,11,13,830,1,1,1,2.0,1.0,97012,A,0.0,0.0,972
201100065151,11,3,28,1330,1,2,1,1.0,1.0,97028,A,0.0,0.0,972
201100065152,11,4,5,930,5,1,1,1.0,1.0,97028,A,0.0,0.0,972
201100065153,11,4,18,1600,1,1,1,1.0,6.0,97028,A,0.0,0.0,972
201100065154,11,4,25,2000,3,1,1,1.0,1.0,97028,A,0.0,0.0,972
201100065155,11,5,2,1445,1,1,1,1.0,6.0,97028,A,0.0,0.0,972
201100065156,11,6,4,15,5,1,1,2.0,6.0,97028,A,0.0,0.0,972
201100065157,11,8,5,1930,5,1,1,3.0,1.0,97028,A,0.0,0.0,972
201100065158,11,9,17,2115,5,1,1,1.0,1.0,97028,A,0.0,0.0,972
201100065159,11,11,6,1030,1,1,1,1.0,4.0,97028,A,0.0,0.0,972
201100065160,11,12,21,1245,1,2,1,1.0,2.0,97028,A,0.0,0.0,972
201100065161,11,1,4,1045,1,2,1,1.0,1.0,97014,A,0.0,0.0,972
201100065162,11,2,11,2300,3,2,1,1.0,1.0,97003,A,0.0,0.0,972
201100065163,11,4,19,1400,1,1,1,1.0,1.0,97014,A,0.0,0.0,972
201100065164,11,6,7,2015,3,2,1,2.0,1.0,97001,A,0.0,0.0,972
201100065165,11,6,24,915,1,1,1,1.0,1.0,97015,A,0.0,0.0,972
201100065166,11,7,2,945,1,2,1,1.0,3.0,97003,A,0.0,0.0,972
201100065167,11,11,1,1830,3,1,1,2.0,1.0,97003,A,0.0,0.0,972
201100065168,11,11,19,2145,3,1,1,8.0,6.0,97014,A,0.0,0.0,972
201100065169,11,12,18,315,3,1,9,1.0,6.0,97003,A,0.0,0.0,972
201100065170,11,12,22,2200,3,1,1,1.0,6.0,97014,A,0.0,0.0,972
201100065171,11,12,28,1830,3,2,1,1.0,3.0,97003,A,0.0,0.0,972
201100065172,11,3,8,1930,5,2,1,1.0,7.0,97004,A,0.0,0.0,971
201100065173,11,6,23,1745,1,2,1,1.0,1.0,97024,A,0.0,0.0,971
201100065174,11,8,25,1400,1,2,9,1.0,6.0,97024,A,0.0,0.0,971
201100065175,11,9,25,2100,5,2,1,1.0,3.0,97004,A,0.0,0.0,971
201100065176,11,12,12,1730,1,1,1,3.0,5.0,97024,A,0.0,0.0,971
201100065177,11,4,8,2030,5,1,1,1.0,1.0,97034,A,0.0,0.0,971
201100065178,11,4,21,1500,1,2,1,1.0,3.0,97034,A,0.0,0.0,971
201100065179,11,7,26,1745,1,2,1,1.0,6.0,97034,A,0.0,0.0,971
201100065180,11,3,27,900,1,1,1,1.0,2.0,97006,A,0.0,0.0,971
201100065181,11,4,1,1930,3,1,1,1.0,6.0,97006,A,0.0,0.0,971
201100065182,11,4,12,1300,1,1,2,1.0,1.0,97006,A,0.0,0.0,971
201100065183,11,5,6,1815,1,1,1,1.0,6.0,97021,A,0.0,0.0,971
201100065184,11,6,29,915,1,1,1,2.0,1.0,97006,A,0.0,0.0,971
201100065185,11,11,5,1745,5,2,1,1.0,6.0,97006,A,0.0,0.0,971
201100065186,11,1,16,345,3,1,1,1.0,1.0,97021,A,0.0,0.0,971
201100065187,11,4,17,2130,3,1,1,1.0,1.0,97021,A,0.0,0.0,971
201100065188,11,5,8,1315,1,2,1,1.0,3.0,97021,A,0.0,0.0,971
201100065189,11,5,16,1545,1,1,1,1.0,6.0,97021,A,0.0,0.0,971
201100065190,11,5,17,1845,3,1,1,1.0,3.0,97021,A,0.0,0.0,971
201100065191,11,7,26,1945,3,1,1,2.0,6.0,97011,A,0.0,0.0,971
201100065192,11,10,30,1345,1,1,1,2.0,6.0,97021,A,0.0,0.0,971
201100065193,11,11,13,1730,2,1,1,1.0,1.0,97021,A,0.0,0.0,971
201100065194,11,8,28,2000,3,1,1,1.0,5.0,97011,A,0.0,0.0,971
201100065195,11,9,23,1430,1,1,1,1.0,6.0,97011,A,0.0,0.0,971
201100065196,11,2,28,1630,1,2,1,1.0,6.0,97009,A,0.0,0.0,971
201100065197,11,3,15,1430,1,1,1,1.0,1.0,97032,A,0.0,0.0,971
201100065198,11,5,17,545,1,1,1,1.0,1.0,97032,A,0.0,0.0,971
201100065199,11,6,20,1645,1,1,1,2.0,1.0,97009,A,0.0,0.0,971
201100065200,11,7,1,1445,1,1,1,2.0,3.0,97032,A,0.0,0.0,971
201100065201,11,7,9,1900,3,1,2,1.0,1.0,97032,A,0.0,0.0,971
201100065202,11,11,5,345,3,1,1,1.0,1.0,97033,A,0.0,0.0,971
201100065203,11,1,8,1700,1,1,1,1.0,6.0,97014,A,0.0,0.0,971
201100065204,11,1,12,1845,5,1,9,1.0,6.0,97007,A,0.0,0.0,971
201100065205,11,1,17,1245,1,1,1,1.0,5.0,97014,A,0.0,0.0,971
201100065206,11,1,21,1130,1,1,1,1.0,3.0,97014,A,0.0,0.0,971
201100065207,11,1,26,600,2,1,1,1.0,6.0,97007,A,0.0,0.0,971
201100065208,11,2,13,2145,3,1,1,1.0,5.0,97007,A,0.0,0.0,971
201100065209,11,3,15,1415,1,1,1,1.0,6.0,97007,A,0.0,0.0,971
201100065210,11,4,22,2215,5,1,1,1.0,6.0,97007,A,0.0,0.0,971
201100065211,11,5,29,645,1,1,1,1.0,1.0,97007,A,0.0,0.0,971
201100065212,11,6,4,1830,2,2,1,1.0,1.0,97007,A,0.0,0.0,971
201100065213,11,7,5,45,3,1,1,1.0,6.0,97007,A,0.0,0.0,971
201100065214,11,7,22,1445,1,1,1,1.0,1.0,97007,A,0.0,0.0,971
201100065215,11,8,9,545,2,1,1,1.0,1.0,97007,A,0.0,0.0,971
201100065216,11,9,5,530,2,1,1,1.0,1.0,97014,A,0.0,0.0,971
201100065217,11,9,16,1530,1,1,1,1.0,5.0,97014,A,0.0,0.0,971
201100065218,11,10,1,1615,1,2,1,1.0,6.0,97007,A,0.0,0.0,971
201100065219,11,10,27,2000,5,1,1,1.0,1.0,97007,A,0.0,0.0,971
201100065220,11,11,13,545,5,1,1,1.0,6.0,97007,A,0.0,0.0,971
201100065221,11,12,8,815,4,1,1,1.0,6.0,97014,A,0.0,0.0,971
201100065222,11,12,18,130,5,1,1,1.0,5.0,97007,A,0.0,0.0,971
201100065223,11,3,9,1700,1,2,1,1.0,1.0,97015,A,0.0,0.0,971
201100065224,11,3,15,645,1,2,1,1.0,3.0,97015,A,0.0,0.0,971
201100065225,11,4,11,1245,1,1,1,1.0,6.0,97015,A,0.0,0.0,971
201100065226,11,5,12,1845,5,2,1,1.0,1.0,97015,A,0.0,0.0,971
201100065227,11,6,5,1400,1,1,1,1.0,1.0,97015,A,0.0,0.0,971
201100065228,11,6,15,2230,3,1,1,1.0,6.0,97015,A,0.0,0.0,971
201100065229,11,7,22,1930,3,1,1,1.0,3.0,97015,A,0.0,0.0,971
201100065230,11,8,6,2145,5,1,1,2.0,3.0,97015,A,0.0,0.0,971
201100065231,11,9,24,1100,1,1,1,8.0,6.0,97015,A,0.0,0.0,971
201100065232,11,11,11,930,1,1,1,1.0,1.0,97015,A,0.0,0.0,971
201100065233,11,1,21,1815,3,1,1,1.0,6.0,97018,A,0.0,0.0,971
201100065234,11,2,16,1230,1,1,1,1.0,3.0,97018,A,0.0,0.0,971
201100065235,11,2,18,1515,1,1,1,1.0,6.0,97018,A,0.0,0.0,971
201100065236,11,2,18,1845,5,2,1,1.0,6.0,97018,A,0.0,0.0,971
201100065237,11,3,4,1545,1,2,1,1.0,4.0,97018,A,0.0,0.0,971
201100065238,11,3,23,700,2,1,1,1.0,3.0,97018,A,0.0,0.0,971
201100065239,11,6,12,1915,3,1,1,1.0,6.0,97018,A,0.0,0.0,971
201100065240,11,7,23,245,5,2,1,8.0,6.0,97018,A,0.0,0.0,971
201100065241,11,8,13,730,1,1,1,1.0,3.0,97018,A,0.0,0.0,971
201100065242,11,11,6,1815,3,1,1,8.0,1.0,97018,A,0.0,0.0,971
201100065243,11,11,30,1400,1,1,1,1.0,1.0,97018,A,0.0,0.0,971
201100065244,11,12,17,1715,1,1,1,1.0,2.0,97018,A,0.0,0.0,971
201100065245,11,3,3,2030,3,2,1,2.0,6.0,97029,A,0.0,0.0,971
201100065246,11,4,25,1800,1,1,1,1.0,3.0,97029,A,0.0,0.0,971
201100065247,11,5,19,1100,1,1,1,1.0,6.0,97029,A,0.0,0.0,971
201100065248,11,9,15,800,3,2,1,1.0,1.0,97029,A,0.0,0.0,971
201100065249,11,10,15,1430,1,2,1,1.0,5.0,97029,A,0.0,0.0,971
201100065250,11,10,24,1800,3,1,1,3.0,1.0,97029,A,0.0,0.0,971
201100065251,11,10,29,1630,1,1,1,2.0,3.0,97029,A,0.0,0.0,971
201100065252,11,11,12,2045,4,2,1,8.0,3.0,97029,A,0.0,0.0,971
201100065253,11,12,11,1745,5,2,1,1.0,3.0,97029,A,0.0,0.0,971
201100065254,11,12,12,800,1,2,1,1.0,1.0,97029,A,0.0,0.0,971
201100065255,11,12,24,2300,5,2,2,1.0,1.0,97029,A,,,971
201100065256,11,1,26,1800,1,1,1,1.0,6.0,97012,A,0.0,0.0,971
201100065257,11,2,21,530,3,1,1,1.0,7.0,97012,A,0.0,0.0,971
201100065258,11,3,19,1045,1,1,1,1.0,6.0,97008,A,0.0,0.0,971
201100065259,11,3,27,530,2,1,1,1.0,6.0,97012,A,0.0,0.0,971
201100065260,11,4,16,930,1,2,1,1.0,3.0,97012,A,0.0,0.0,971
201100065261,11,5,5,1900,3,1,1,8.0,2.0,97012,A,0.0,0.0,971
201100065262,11,5,15,545,2,1,1,2.0,2.0,97012,A,0.0,0.0,971
201100065263,11,5,22,1900,3,1,1,1.0,7.0,97008,A,0.0,0.0,971
201100065264,11,5,28,1200,1,1,1,1.0,6.0,97008,A,0.0,0.0,971
201100065265,11,6,14,630,1,1,1,1.0,1.0,97012,A,0.0,0.0,971
201100065266,11,7,21,815,1,1,1,1.0,1.0,97012,A,0.0,0.0,971
201100065267,11,8,21,545,2,1,1,2.0,6.0,97026,A,0.0,0.0,971
201100065268,11,9,22,1315,1,1,1,1.0,6.0,97012,A,0.0,0.0,971
201100065269,11,10,9,1745,1,1,1,1.0,3.0,97012,A,0.0,0.0,971
201100065270,11,11,11,1300,1,2,1,1.0,1.0,97012,A,0.0,0.0,971
201100065271,11,2,9,1015,1,2,1,1.0,1.0,97010,A,0.0,0.0,971
201100065272,11,7,29,2245,4,1,1,8.0,2.0,97010,A,0.0,0.0,971
201100065273,11,2,16,2215,3,1,1,1.0,1.0,97017,A,0.0,0.0,971
201100065274,11,3,4,1530,1,1,1,1.0,6.0,97017,A,0.0,0.0,971
201100065275,11,5,5,915,1,1,3,1.0,3.0,97017,A,0.0,0.0,971
201100065276,11,5,14,1845,2,1,1,1.0,3.0,97017,A,0.0,0.0,971
201100065277,11,5,18,930,1,1,1,1.0,4.0,97017,A,0.0,0.0,971
201100065278,11,5,23,1500,1,1,1,1.0,3.0,97017,A,0.0,0.0,971
201100065279,11,5,25,1700,1,1,1,1.0,7.0,97017,A,0.0,0.0,971
201100065280,11,6,12,700,1,2,1,1.0,4.0,97017,A,0.0,0.0,971
201100065281,11,6,26,730,1,2,1,1.0,1.0,97017,A,0.0,0.0,971
201100065282,11,7,22,1015,1,2,1,2.0,6.0,97017,A,0.0,0.0,971
201100065283,11,10,15,1130,1,2,9,1.0,6.0,97017,A,0.0,0.0,971
201100065284,11,12,29,1900,3,1,1,1.0,4.0,97017,A,0.0,0.0,971
201100065285,11,2,26,1045,1,1,1,1.0,1.0,97019,A,0.0,0.0,971
201100065286,11,4,22,1430,1,1,1,2.0,6.0,97019,A,0.0,0.0,971
201100065287,11,7,24,1230,1,1,1,1.0,5.0,97019,A,0.0,0.0,971
201100065288,11,7,24,2015,5,1,1,1.0,1.0,97019,A,0.0,0.0,971
201100065289,11,8,15,500,2,2,1,1.0,7.0,97022,A,0.0,0.0,971
201100065290,11,8,11,1730,1,2,1,1.0,3.0,97002,A,0.0,0.0,971
201100065291,11,12,14,1215,1,2,1,1.0,1.0,97002,A,0.0,0.0,971
201100065292,11,12,20,1130,2,1,1,1.0,7.0,97022,A,0.0,0.0,971
201100065293,11,1,4,1400,1,1,1,8.0,3.0,97025,A,0.0,0.0,971
201100065294,11,1,8,915,1,1,1,1.0,2.0,97025,A,0.0,0.0,971
201100065295,11,3,30,1515,1,1,1,1.0,1.0,97025,A,0.0,0.0,971
201100065296,11,5,27,1730,1,1,1,1.0,1.0,97025,A,0.0,0.0,971
201100065297,11,6,19,1715,3,1,1,1.0,7.0,97025,A,0.0,0.0,971
201100065298,11,6,26,130,3,1,1,1.0,6.0,97025,A,0.0,0.0,971
201100065299,11,7,8,1030,1,2,1,1.0,2.0,97025,A,0.0,0.0,971
201100065300,11,8,24,1145,1,2,1,1.0,2.0,97025,A,0.0,0.0,971
201100065301,11,9,30,2030,5,1,1,1.0,2.0,97025,A,0.0,0.0,971
201100065302,11,12,5,1730,5,1,1,3.0,6.0,97025,A,0.0,0.0,971
201100065303,11,1,31,1815,3,1,1,1.0,1.0,97028,A,0.0,0.0,971
201100065304,11,2,15,645,1,1,1,8.0,1.0,97028,A,0.0,0.0,971
201100065305,11,2,28,1615,1,1,1,1.0,3.0,97028,A,0.0,0.0,971
201100065306,11,3,6,800,2,1,1,1.0,6.0,97028,A,0.0,0.0,971
201100065307,11,3,25,1715,1,1,1,1.0,6.0,97028,A,0.0,0.0,971
201100065308,11,3,27,1630,1,2,1,1.0,3.0,97028,A,0.0,0.0,971
201100065309,11,6,10,1300,1,2,1,1.0,3.0,97028,A,0.0,0.0,971
201100065310,11,6,12,530,2,1,1,1.0,6.0,97028,A,0.0,0.0,971
201100065311,11,6,13,45,5,1,1,1.0,3.0,97028,A,0.0,0.0,971
201100065312,11,7,15,2100,3,1,1,1.0,1.0,97028,A,0.0,0.0,971
201100065313,11,8,11,1130,1,1,1,1.0,3.0,97028,A,0.0,0.0,971
201100065314,11,8,12,1800,1,1,1,1.0,7.0,97028,A,0.0,0.0,971
201100065315,11,9,22,2030,5,2,1,1.0,1.0,97028,A,0.0,0.0,971
201100065316,11,9,25,1515,1,1,1,1.0,2.0,97028,A,0.0,0.0,971
201100065317,11,12,9,2315,3,2,1,1.0,5.0,97028,A,0.0,0.0,971
201100065318,11,12,17,1615,1,1,1,1.0,1.0,97028,A,0.0,0.0,971
201100065319,11,1,7,1245,1,2,1,1.0,6.0,97016,A,0.0,0.0,971
201100065320,11,2,21,845,1,1,1,1.0,6.0,97016,A,0.0,0.0,971
201100065321,11,7,23,2230,5,2,1,1.0,1.0,97016,A,0.0,0.0,971
201100065322,11,7,31,615,2,2,1,7.0,6.0,97016,A,0.0,0.0,971
201100065323,11,8,15,115,3,1,1,1.0,1.0,97016,A,0.0,0.0,971
201100065324,11,8,29,1915,2,1,1,1.0,4.0,97016,A,0.0,0.0,971
201100065325,11,9,14,545,2,1,1,1.0,6.0,97016,A,0.0,0.0,971
201100065326,11,9,23,1900,5,1,1,1.0,6.0,97016,A,0.0,0.0,971
201100065327,11,10,5,915,1,2,1,1.0,3.0,97016,A,0.0,0.0,971
201100065328,11,10,6,1445,1,1,1,1.0,3.0,97016,A,0.0,0.0,971
201100065329,11,11,11,1300,1,1,1,1.0,1.0,97016,A,0.0,0.0,971
201100065330,11,11,26,2145,5,1,1,1.0,1.0,97016,A,0.0,0.0,971
201100065331,11,12,19,1530,1,2,1,1.0,3.0,97016,A,0.0,0.0,971
201100065332,11,12,30,530,3,1,1,1.0,1.0,97016,A,0.0,0.0,971
201100065333,11,12,31,1830,3,1,1,8.0,2.0,97016,A,0.0,0.0,971
201100065334,11,1,1,445,3,1,1,1.0,1.0,97005,G,0.0,0.0,973
201100065335,11,1,29,1345,1,1,1,1.0,3.0,97005,G,0.0,0.0,973
201100065336,11,2,27,1845,3,1,1,1.0,1.0,97005,G,0.0,0.0,973
201100065337,11,3,16,1245,1,1,1,1.0,3.0,97005,G,0.0,0.0,973
201100065338,11,4,2,2000,3,1,1,1.0,6.0,97013,G,0.0,0.0,973
201100065339,11,4,17,345,3,1,1,1.0,6.0,97005,G,,,973
201100065340,11,9,26,1015,3,1,1,1.0,6.0,97005,G,0.0,0.0,973
201100065341,11,6,23,1645,1,1,1,1.0,4.0,97005,G,0.0,0.0,973
201100065342,11,9,4,215,4,1,1,1.0,6.0,97005,G,0.0,0.0,973
201100065343,11,10,21,1915,3,1,1,1.0,5.0,97005,G,0.0,0.0,973
201100065344,11,12,1,1845,3,1,1,1.0,1.0,97005,G,0.0,0.0,973
201100065345,11,2,25,1815,2,1,1,1.0,1.0,97012,G,0.0,0.0,973
201100065346,11,3,9,1215,1,2,1,2.0,1.0,97012,G,0.0,0.0,973
201100065347,11,8,14,700,1,1,1,1.0,7.0,97003,G,0.0,0.0,973
201100065348,11,10,26,1315,1,1,1,1.0,7.0,97003,G,0.0,0.0,973
201100065349,11,3,12,2300,3,1,1,8.0,1.0,97001,G,0.0,0.0,973
201100065350,11,8,25,1400,1,1,1,1.0,6.0,97001,G,0.0,0.0,973
201100065351,11,12,29,1130,1,1,1,1.0,6.0,97001,G,0.0,0.0,973
201100065352,11,1,2,1330,1,2,1,1.0,6.0,97011,G,0.0,0.0,973
201100065353,11,3,13,1230,1,1,1,1.0,1.0,97011,G,0.0,0.0,973
201100065354,11,3,30,1200,1,2,1,1.0,6.0,97011,G,0.0,0.0,973
201100065355,11,3,30,1345,1,2,1,1.0,1.0,97011,G,0.0,0.0,973
201100065356,11,4,7,145,3,1,1,1.0,6.0,97011,G,0.0,0.0,973
201100065357,11,5,22,1145,1,2,1,1.0,3.0,97011,G,0.0,0.0,973
201100065358,11,7,3,215,5,2,1,1.0,6.0,97011,G,0.0,0.0,973
201100065359,11,9,3,1915,1,1,1,1.0,1.0,97011,G,0.0,0.0,973
201100065360,11,10,8,130,5,2,1,1.0,6.0,97011,G,0.0,0.0,973
201100065361,11,10,8,300,5,2,2,1.0,3.0,97011,G,0.0,0.0,973
201100065362,11,10,11,1600,1,2,1,1.0,5.0,97011,G,0.0,0.0,973
201100065363,11,10,17,1315,1,2,1,1.0,6.0,97011,G,0.0,0.0,973
201100065364,11,11,18,2130,5,2,1,1.0,6.0,97011,G,0.0,0.0,973
201100065365,11,12,7,1845,3,1,1,1.0,6.0,97011,G,0.0,0.0,973
201100065366,11,12,12,1845,5,2,1,1.0,6.0,97011,G,0.0,0.0,973
201100065367,11,12,31,1330,1,2,1,1.0,5.0,97011,G,0.0,0.0,973
201100065368,11,2,26,700,1,1,1,1.0,7.0,97006,G,0.0,0.0,973
201100065369,11,4,26,600,2,1,1,1.0,1.0,97006,G,0.0,0.0,973
201100065370,11,5,3,630,2,1,1,2.0,7.0,97006,G,0.0,0.0,973
201100065371,11,5,3,1145,1,1,1,1.0,6.0,97006,G,0.0,0.0,973
201100065372,11,5,13,2300,3,1,1,1.0,1.0,97006,G,0.0,0.0,973
201100065373,11,5,29,2145,3,1,1,1.0,7.0,97061,G,0.0,0.0,973
201100065374,11,6,28,1400,1,1,1,2.0,6.0,97006,G,0.0,0.0,973
201100065375,11,11,24,1400,1,1,1,1.0,6.0,97006,G,0.0,0.0,973
201100065376,11,2,20,1800,1,2,1,1.0,7.0,97008,R,0.0,0.0,974
201100065377,11,3,6,1600,1,2,1,1.0,6.0,97008,R,0.0,0.0,974
201100065378,11,3,12,2015,5,2,1,1.0,3.0,97008,R,0.0,0.0,974
201100065379,11,3,12,1900,5,2,1,1.0,6.0,97008,R,0.0,0.0,974
201100065380,11,4,7,2130,3,1,1,1.0,6.0,97008,R,0.0,0.0,974
201100065381,11,4,15,1300,1,1,1,1.0,6.0,97008,R,0.0,0.0,974
201100065382,11,6,17,1100,1,1,1,1.0,3.0,97008,R,0.0,0.0,974
201100065383,11,10,3,1745,1,1,1,1.0,1.0,97008,R,0.0,0.0,974
201100065384,11,11,20,600,1,2,1,1.0,3.0,97008,R,0.0,0.0,974
201100065385,11,12,28,1315,1,2,1,1.0,6.0,97008,R,0.0,0.0,974
201100065386,11,1,1,1215,1,2,1,1.0,1.0,97018,R,0.0,0.0,974
201100065387,11,3,2,1700,1,2,1,1.0,1.0,97020,R,0.0,0.0,974
201100065388,11,3,30,1515,1,1,1,1.0,5.0,97018,R,0.0,0.0,974
201100065389,11,5,17,1045,1,1,1,1.0,5.0,97018,R,0.0,0.0,974
201100065390,11,6,18,2000,3,1,9,1.0,6.0,97020,R,0.0,0.0,974
201100065391,11,7,2,2345,3,1,1,1.0,7.0,97020,R,0.0,0.0,974
201100065392,11,7,29,1015,1,1,1,2.0,2.0,97018,R,0.0,0.0,974
201100065393,11,8,9,615,2,1,9,1.0,2.0,97018,R,0.0,0.0,974
201100065394,11,9,24,1500,1,1,1,1.0,1.0,97020,R,0.0,0.0,974
201100065395,11,11,10,1330,1,1,1,1.0,1.0,97020,R,0.0,0.0,974
201100065396,11,11,27,1900,3,2,1,1.0,3.0,97018,R,0.0,0.0,974
201100065397,11,12,4,130,3,1,1,1.0,5.0,97018,R,0.0,0.0,974
201100065398,11,12,26,1945,5,2,1,2.0,3.0,97020,R,0.0,0.0,974
201100065399,11,2,16,2045,5,2,1,2.0,2.0,97010,R,0.0,0.0,974
201100065400,11,2,23,2015,3,1,1,1.0,6.0,97010,R,0.0,0.0,974
201100065401,11,3,19,1000,5,2,6,1.0,6.0,97010,R,0.0,0.0,974
201100065402,11,3,24,1115,1,2,1,1.0,3.0,97010,R,0.0,0.0,974
201100065403,11,4,11,1430,1,2,1,1.0,1.0,97010,R,0.0,0.0,974
201100065404,11,8,20,1615,1,1,1,1.0,6.0,97010,R,0.0,0.0,974
201100065405,11,8,29,600,2,2,9,2.0,6.0,97010,R,0.0,0.0,974
201100065406,11,10,1,1615,1,2,1,1.0,5.0,97010,R,0.0,0.0,974
201100065407,11,12,16,1545,1,2,1,1.0,2.0,97010,R,0.0,0.0,974
201100065408,11,12,30,2215,3,1,1,1.0,5.0,97010,R,0.0,0.0,974
201100065409,11,1,28,2115,3,2,1,3.0,3.0,97002,R,0.0,0.0,974
201100065410,11,9,12,1915,5,2,1,1.0,2.0,97002,R,0.0,0.0,974
201100065411,11,10,8,1315,1,2,1,1.0,6.0,97002,R,0.0,0.0,974
201100065412,11,11,19,2100,3,1,1,1.0,6.0,97002,R,0.0,0.0,974
201100065413,11,1,23,1100,1,2,1,1.0,3.0,97019,R,,,974
201100065414,11,2,13,1515,1,2,1,1.0,6.0,97019,R,,,974
201100065415,11,2,28,730,1,1,1,1.0,3.0,97019,R,0.0,0.0,974
201100065416,11,3,26,1715,1,1,1,3.0,7.0,97021,R,0.0,0.0,974
201100065417,11,4,10,1130,1,1,1,1.0,1.0,97021,R,0.0,0.0,974
201100065418,11,7,7,1830,3,1,1,1.0,1.0,97021,R,0.0,0.0,974
201100065419,11,7,21,1615,1,1,1,8.0,7.0,97006,R,0.0,0.0,974
201100065420,11,1,28,2115,3,1,1,2.0,6.0,97015,R,0.0,0.0,974
201100065421,11,2,19,145,3,1,1,1.0,2.0,97015,R,0.0,0.0,974
201100065422,11,2,21,815,1,1,1,1.0,1.0,97015,R,0.0,0.0,974
201100065423,11,3,13,900,1,2,1,1.0,6.0,97015,R,0.0,0.0,974
201100065424,11,3,19,1430,1,1,1,1.0,6.0,97015,R,0.0,0.0,974
201100065425,11,5,11,645,2,1,1,2.0,6.0,97015,R,0.0,0.0,974
201100065426,11,5,29,500,3,1,1,1.0,5.0,97015,R,0.0,0.0,974
201100065427,11,6,1,1200,1,2,1,1.0,1.0,97015,R,0.0,0.0,974
201100065428,11,6,16,815,1,1,1,1.0,5.0,97015,R,0.0,0.0,974
201100065429,11,6,28,930,1,2,9,1.0,3.0,97015,R,0.0,0.0,974
201100065430,11,7,6,1200,1,2,1,1.0,6.0,97015,R,0.0,0.0,974
201100065431,11,7,15,145,3,1,1,1.0,1.0,97015,R,0.0,0.0,974
201100065432,11,7,26,1930,5,2,1,1.0,3.0,97015,R,0.0,0.0,974
201100065433,11,7,27,800,1,1,1,1.0,1.0,97015,R,0.0,0.0,974
201100065434,11,7,29,1830,5,2,1,1.0,6.0,97015,R,0.0,0.0,974
201100065435,11,8,8,1745,1,1,1,1.0,3.0,97015,R,0.0,0.0,974
201100065436,11,10,8,1615,1,2,1,1.0,3.0,97015,R,0.0,0.0,974
201100065437,11,11,13,2115,5,2,1,1.0,6.0,97015,R,0.0,0.0,974
201100065438,11,11,17,1215,1,2,1,1.0,6.0,97015,R,0.0,0.0,974
201100065439,11,10,24,230,3,1,6,1.0,7.0,97015,R,0.0,0.0,974
201100065440,11,12,3,1245,1,1,1,1.0,3.0,97015,R,0.0,0.0,974
201100065441,11,2,9,1315,1,1,1,1.0,6.0,97055,R,0.0,0.0,974
201100065442,11,3,12,200,3,2,1,1.0,2.0,97055,R,0.0,0.0,974
201100065443,11,6,8,600,4,2,1,1.0,6.0,97096,R,0.0,0.0,974
201100065444,11,8,23,2300,3,1,1,1.0,7.0,97015,R,0.0,0.0,974
201100065445,11,9,1,100,5,2,1,1.0,6.0,97015,R,0.0,0.0,974
201100065446,11,9,29,130,5,1,1,1.0,1.0,97015,R,0.0,0.0,974
201100065447,11,1,24,2130,3,1,1,1.0,6.0,97058,R,0.0,0.0,974
201100065448,11,4,1,2300,3,1,1,1.0,6.0,97056,R,0.0,27600.0,974
201100065449,11,4,19,1730,1,2,1,1.0,5.0,97056,R,0.0,0.0,974
201100065450,11,4,27,1200,1,1,1,1.0,1.0,97056,R,0.0,0.0,974
201100065451,11,6,1,1845,3,1,1,1.0,6.0,97058,R,0.0,0.0,974
201100065452,11,9,8,1930,5,1,1,1.0,3.0,97056,R,0.0,0.0,974
201100065453,11,3,21,1015,1,1,1,1.0,2.0,97023,R,0.0,0.0,974
201100065454,11,5,7,745,1,1,1,1.0,1.0,97023,R,0.0,0.0,974
201100065455,11,2,4,1530,1,1,2,2.0,3.0,97052,R,0.0,0.0,974
201100065456,11,2,18,2030,5,2,1,1.0,3.0,97014,R,0.0,0.0,974
201100065457,11,3,3,1830,1,1,1,8.0,2.0,97014,R,0.0,0.0,974
201100065458,11,3,23,1600,1,2,1,1.0,6.0,97014,R,0.0,0.0,974
201100065459,11,4,2,230,3,1,1,1.0,4.0,97014,R,0.0,0.0,974
201100065460,11,4,6,30,3,1,1,1.0,6.0,97014,R,0.0,0.0,974
201100065461,11,5,2,2045,5,2,1,1.0,1.0,97052,R,0.0,0.0,974
201100065462,11,5,22,15,4,1,1,1.0,6.0,97014,R,0.0,0.0,974
201100065463,11,5,26,830,1,1,1,1.0,6.0,97052,R,0.0,0.0,974
201100065464,11,5,27,1600,1,1,1,1.0,6.0,97052,R,0.0,0.0,974
201100065465,11,5,28,800,1,2,1,1.0,3.0,97014,R,0.0,0.0,974
201100065466,11,6,5,1000,1,2,2,1.0,1.0,97014,R,0.0,0.0,974
201100065467,11,6,21,1830,2,1,9,1.0,7.0,97014,R,0.0,0.0,974
201100065468,11,7,14,830,1,2,1,1.0,6.0,97052,R,0.0,0.0,974
201100065469,11,8,4,2100,5,2,1,1.0,3.0,97014,R,0.0,0.0,974
201100065470,11,8,11,1230,1,2,1,1.0,6.0,97014,R,0.0,0.0,974
201100065471,11,8,17,1745,2,2,1,1.0,1.0,97014,R,0.0,0.0,974
201100065472,11,8,20,1445,1,1,1,1.0,7.0,97052,R,0.0,0.0,974
201100065473,11,9,16,1930,5,2,1,1.0,1.0,97014,R,0.0,0.0,974
201100065474,11,10,9,1215,1,2,1,1.0,6.0,97014,R,0.0,0.0,974
201100065475,11,10,25,745,1,2,1,1.0,6.0,97014,R,0.0,0.0,974
201100065476,11,12,8,1415,1,2,1,1.0,6.0,97014,R,0.0,0.0,974
201100065477,11,12,12,1830,2,2,1,1.0,7.0,97014,R,0.0,0.0,974