Num_Acc,an,mois,jour,hrmn,lum,agg,int,atm,col,com,gps,lat,long,dep
201100065478,11,12,9,730,1,2,1,1.0,1.0,97014,R,0.0,0.0,974
201100065479,11,12,28,2015,5,2,1,1.0,6.0,97014,R,0.0,0.0,974
201100065480,11,12,29,1130,1,2,1,1.0,5.0,97052,R,0.0,0.0,974
201100065481,11,12,29,1645,1,1,1,7.0,1.0,97014,R,0.0,0.0,974
201100065482,11,8,23,1145,1,2,1,1.0,1.0,97024,R,0.0,0.0,974
201100065483,11,1,28,1645,1,1,1,2.0,1.0,97022,R,0.0,0.0,974
201100065484,11,5,21,1445,1,2,1,1.0,1.0,97049,R,0.0,0.0,974
201100065485,11,6,29,1530,1,2,1,1.0,6.0,97049,R,0.0,0.0,974
201100065486,11,9,10,1830,2,2,1,1.0,6.0,97022,R,0.0,0.0,974
201100065487,11,10,29,1730,1,1,1,1.0,7.0,97049,R,0.0,0.0,974
201100065488,11,12,24,630,1,1,1,1.0,7.0,97049,R,0.0,0.0,974
201100065489,11,1,8,1845,1,1,1,1.0,1.0,97012,R,0.0,0.0,974
201100065490,11,5,2,2100,3,1,1,1.0,5.0,97012,R,0.0,0.0,974
201100065491,11,5,20,1730,1,2,1,1.0,3.0,97012,R,0.0,0.0,974
201100065492,11,5,28,1900,3,2,1,1.0,6.0,97012,R,0.0,0.0,974
201100065493,11,6,18,815,1,1,1,1.0,1.0,97012,R,0.0,0.0,974
201100065494,11,7,9,1545,1,1,1,1.0,5.0,97012,R,0.0,0.0,974
201100065495,11,7,12,1800,3,1,1,3.0,3.0,97005,R,0.0,0.0,974
201100065496,11,7,15,630,3,1,1,1.0,6.0,97005,R,0.0,0.0,974
201100065497,11,8,7,1815,3,2,1,1.0,3.0,97012,R,0.0,0.0,974
201100065498,11,8,28,1445,3,1,1,2.0,6.0,97012,R,0.0,0.0,974
201100065499,11,9,11,1830,5,2,1,2.0,6.0,97012,R,0.0,0.0,974
201100065500,11,9,13,800,1,2,1,1.0,3.0,97012,R,0.0,0.0,974
201100065501,11,10,8,1130,1,2,1,1.0,6.0,97005,R,0.0,0.0,974
201100065502,11,10,18,645,1,1,1,1.0,5.0,97012,R,0.0,0.0,974
201100065503,11,10,21,1730,2,2,1,1.0,6.0,97012,R,0.0,0.0,974
201100065504,11,11,6,1045,1,2,1,1.0,1.0,97012,R,0.0,0.0,974
201100065505,11,11,20,1200,1,1,1,1.0,6.0,97012,R,0.0,0.0,974
201100065506,11,11,26,1145,1,2,1,1.0,3.0,97012,R,0.0,0.0,974
201100065507,11,12,3,2000,5,2,1,1.0,6.0,97012,R,0.0,0.0,974
201100065508,11,4,7,1930,3,2,1,3.0,6.0,97017,R,0.0,0.0,974
201100065509,11,4,14,1015,1,1,1,1.0,6.0,97017,R,0.0,0.0,974
201100065510,11,11,13,1630,1,1,1,1.0,1.0,97017,R,0.0,0.0,974
201100065511,11,12,4,1445,1,1,1,1.0,7.0,97017,R,0.0,0.0,974
201100065512,11,2,8,1600,1,2,6,1.0,6.0,97022,R,0.0,0.0,974
201100065513,11,3,5,2200,1,2,1,1.0,3.0,97022,R,0.0,0.0,974
201100065514,11,3,18,945,1,2,1,1.0,1.0,97022,R,0.0,0.0,974
201100065515,11,3,25,2200,3,2,1,1.0,5.0,97022,R,0.0,0.0,974
201100065516,11,5,1,500,5,2,1,1.0,6.0,97022,R,0.0,0.0,974
201100065517,11,5,25,1145,1,2,1,1.0,3.0,97022,R,0.0,0.0,974
201100065518,11,7,16,1030,1,2,1,1.0,3.0,97022,R,0.0,0.0,974
201100065519,11,10,30,230,5,2,1,1.0,6.0,97022,R,0.0,0.0,974
201100065520,11,11,17,1330,1,2,6,1.0,1.0,97022,R,0.0,0.0,974
201100065521,11,11,24,1400,1,2,1,1.0,3.0,97022,R,0.0,0.0,974
201100065522,11,1,23,845,1,1,1,1.0,2.0,97003,A,0.0,0.0,971
201100065523,11,1,29,1445,1,1,1,1.0,7.0,97003,A,0.0,0.0,971
201100065524,11,1,30,2145,5,1,1,1.0,2.0,97003,A,0.0,0.0,971
201100065525,11,2,3,1845,5,1,1,1.0,3.0,97003,A,0.0,0.0,971
201100065526,11,2,5,2115,5,2,1,1.0,6.0,97003,A,0.0,0.0,971
201100065527,11,2,13,430,3,1,1,1.0,6.0,97003,A,0.0,0.0,971
201100065528,11,2,26,1530,1,1,9,1.0,6.0,97003,A,0.0,0.0,971
201100065529,11,4,18,1415,1,1,1,1.0,1.0,97003,A,0.0,0.0,971
201100065530,11,5,24,1700,1,2,1,1.0,2.0,97003,A,0.0,0.0,971
201100065531,11,5,30,715,1,1,1,1.0,2.0,97003,A,0.0,0.0,971
201100065532,11,6,4,1300,1,2,1,1.0,3.0,97003,A,0.0,0.0,971
201100065533,11,6,30,1100,1,2,1,1.0,1.0,97003,A,0.0,0.0,971
201100065534,11,7,2,815,1,2,1,1.0,1.0,97003,A,0.0,0.0,971
201100065535,11,7,15,700,1,2,1,1.0,2.0,97003,A,0.0,0.0,971
201100065536,11,8,6,2200,3,1,1,1.0,6.0,97003,A,0.0,0.0,971
201100065537,11,8,28,1,5,2,1,1.0,6.0,97003,A,0.0,0.0,971
201100065538,11,8,30,1315,1,2,2,1.0,3.0,97003,A,0.0,0.0,971
201100065539,11,9,6,1300,1,1,1,1.0,1.0,97003,A,0.0,0.0,971
201100065540,11,9,28,1345,1,1,1,1.0,5.0,97003,A,0.0,0.0,971
201100065541,11,11,12,315,5,1,9,1.0,3.0,97003,A,0.0,0.0,971
201100065542,11,12,2,2230,3,1,1,1.0,1.0,97003,A,0.0,0.0,971
201100065543,11,12,13,1430,1,1,1,1.0,1.0,97003,A,0.0,0.0,971
201100065544,11,12,17,1600,1,1,1,1.0,1.0,97003,A,0.0,0.0,971
201100065545,11,12,22,1400,1,1,1,1.0,1.0,97003,A,0.0,0.0,971
201100065546,11,1,6,1745,1,1,1,1.0,3.0,97009,G,0.0,0.0,973
201100065547,11,1,26,645,1,1,1,1.0,3.0,97009,G,0.0,0.0,973
201100065548,11,2,23,1215,1,2,1,1.0,3.0,97009,G,0.0,0.0,973
201100065549,11,2,24,1515,1,1,1,1.0,1.0,97009,G,0.0,0.0,973
201100065550,11,3,1,1115,1,1,1,1.0,1.0,97009,G,0.0,0.0,973
201100065551,11,3,14,1200,1,2,1,1.0,3.0,97009,G,0.0,0.0,973
201100065552,11,4,2,1915,5,2,1,1.0,1.0,97009,G,0.0,0.0,973
201100065553,11,4,28,630,2,2,1,1.0,3.0,97009,G,0.0,0.0,973
201100065554,11,5,27,1545,1,2,1,1.0,1.0,97009,G,0.0,0.0,973
201100065555,11,6,18,1500,1,1,1,1.0,1.0,97009,G,0.0,0.0,973
201100065556,11,6,30,1045,1,2,9,1.0,3.0,97009,G,0.0,0.0,973
201100065557,11,7,15,900,1,2,1,1.0,3.0,97009,G,0.0,0.0,973
201100065558,11,9,27,1315,1,1,1,1.0,3.0,97009,G,0.0,0.0,973
201100065559,11,10,14,1800,1,1,1,1.0,6.0,97009,G,0.0,0.0,973
201100065560,11,10,16,1045,1,2,1,1.0,2.0,97009,G,0.0,0.0,973
201100065561,11,10,20,1215,1,1,9,1.0,3.0,97009,G,0.0,0.0,973
201100065562,11,10,30,130,4,1,1,3.0,6.0,97009,G,0.0,0.0,973
201100065563,11,11,7,1700,1,1,1,1.0,1.0,97009,G,0.0,0.0,973
201100065564,11,12,8,1615,1,1,1,1.0,3.0,97009,G,0.0,0.0,973
201100065565,11,12,9,1200,1,1,3,1.0,3.0,97009,G,0.0,0.0,973
201100065566,11,12,8,800,1,2,1,1.0,1.0,97009,G,0.0,0.0,973
201100065567,11,2,3,1545,1,1,1,1.0,1.0,97040,R,0.0,0.0,974
201100065568,11,4,7,1730,3,1,1,1.0,6.0,97040,R,0.0,0.0,974
201100065569,11,5,17,1830,3,1,1,1.0,1.0,97040,R,0.0,0.0,974
201100065570,11,7,18,1630,1,2,1,1.0,3.0,97040,R,0.0,0.0,974
201100065571,11,8,3,1845,3,1,1,1.0,6.0,97040,R,0.0,0.0,974
201100065572,11,1,10,430,3,1,1,1.0,6.0,97013,R,0.0,0.0,974
201100065573,11,1,11,1530,1,1,1,1.0,1.0,97013,R,0.0,0.0,974
201100065574,11,2,5,1630,1,1,1,1.0,7.0,97013,R,0.0,0.0,974
201100065575,11,2,28,1700,3,2,1,1.0,3.0,97013,R,0.0,0.0,974
201100065576,11,3,3,800,1,1,1,1.0,6.0,97013,R,0.0,0.0,974
201100065577,11,6,12,515,3,1,1,1.0,6.0,97013,R,0.0,0.0,974
201100065578,11,6,30,1830,2,1,1,1.0,7.0,97013,R,0.0,0.0,974
201100065579,11,9,12,1630,1,1,1,1.0,1.0,97013,R,0.0,0.0,974
201100065580,11,10,21,1200,1,1,1,1.0,3.0,97013,R,0.0,0.0,974
201100065581,11,11,23,1915,5,2,1,1.0,6.0,97013,R,0.0,0.0,974
201100065582,11,12,19,1830,2,2,1,3.0,3.0,97048,R,0.0,0.0,974
201100065583,11,1,11,1830,5,2,1,1.0,3.0,97004,G,0.0,0.0,973
201100065584,11,3,8,715,1,1,1,1.0,5.0,97004,G,0.0,0.0,973
201100065585,11,3,10,930,1,2,1,1.0,3.0,97004,G,0.0,0.0,973
201100065586,11,3,28,2100,5,2,1,1.0,3.0,97004,G,0.0,0.0,973
201100065587,11,4,16,1300,1,1,1,1.0,1.0,97004,G,0.0,0.0,973
201100065588,11,4,18,2200,3,2,1,1.0,1.0,97004,G,0.0,0.0,973
201100065589,11,5,1,2215,3,1,1,8.0,5.0,97004,G,0.0,0.0,973
201100065590,11,5,13,545,3,1,1,2.0,5.0,97004,G,0.0,0.0,973
201100065591,11,5,27,700,1,2,1,2.0,3.0,97004,G,0.0,0.0,973
201100065592,11,7,20,2145,3,1,1,1.0,7.0,97004,G,0.0,0.0,973
201100065593,11,8,13,1315,1,2,1,1.0,6.0,97004,G,0.0,0.0,973
201100065594,11,8,26,1300,1,1,1,1.0,1.0,97004,G,0.0,0.0,973
201100065595,11,9,7,1800,1,2,1,1.0,6.0,97004,G,0.0,0.0,973
201100065596,11,10,14,1645,1,2,1,1.0,2.0,97004,G,0.0,0.0,973
201100065597,11,11,4,2345,5,2,1,1.0,1.0,97004,G,0.0,0.0,973
201100065598,11,11,28,1030,1,2,1,1.0,1.0,97004,G,0.0,0.0,973
201100065599,11,12,19,1530,1,2,1,1.0,3.0,97004,G,0.0,0.0,973
201100065600,11,1,13,645,1,1,1,1.0,6.0,97007,G,0.0,0.0,973
201100065601,11,1,21,1615,1,1,1,1.0,7.0,97007,G,0.0,0.0,973
201100065602,11,1,22,645,1,1,1,1.0,6.0,97007,G,0.0,0.0,973
201100065603,11,2,18,1645,1,2,1,1.0,1.0,97007,G,0.0,0.0,973
201100065604,11,3,1,2115,5,1,1,1.0,3.0,97007,G,0.0,0.0,973
201100065605,11,3,18,1330,1,2,1,1.0,3.0,97007,G,0.0,0.0,973
201100065606,11,4,2,1,3,2,1,2.0,1.0,97007,G,0.0,0.0,973
201100065607,11,4,2,1845,3,1,1,1.0,3.0,97007,G,0.0,0.0,973
201100065608,11,5,19,2145,3,1,1,1.0,6.0,97007,G,0.0,0.0,973
201100065609,11,6,9,2130,5,2,1,1.0,1.0,97007,G,0.0,0.0,973
201100065610,11,6,10,545,3,2,1,1.0,2.0,97007,G,0.0,0.0,973
201100065611,11,6,10,530,3,1,1,1.0,5.0,97007,G,0.0,0.0,973
201100065612,11,6,19,1145,1,1,1,1.0,3.0,97007,G,0.0,0.0,973
201100065613,11,6,25,2000,5,2,1,1.0,3.0,97007,G,0.0,0.0,973
201100065614,11,7,24,700,1,1,6,1.0,3.0,97007,G,0.0,0.0,973
201100065615,11,8,17,1730,1,1,1,1.0,5.0,97007,G,0.0,0.0,973
201100065616,11,8,24,1445,1,1,1,1.0,6.0,97007,G,0.0,0.0,973
201100065617,11,9,14,1845,3,1,1,1.0,1.0,97007,G,0.0,0.0,973
201100065618,11,9,18,2030,4,1,1,1.0,6.0,97007,G,0.0,0.0,973
201100065619,11,10,6,700,1,1,1,1.0,6.0,97007,G,0.0,0.0,973
201100065620,11,10,10,1100,1,1,1,1.0,3.0,97007,G,0.0,0.0,973
201100065621,11,10,22,1130,1,1,1,1.0,6.0,97007,G,0.0,0.0,973
201100065622,11,10,23,1715,1,2,1,1.0,3.0,97007,G,0.0,0.0,973
201100065623,11,11,13,2230,5,2,1,1.0,3.0,97007,G,0.0,0.0,973
201100065624,11,11,21,1445,1,1,9,1.0,1.0,97007,G,0.0,0.0,973
201100065625,11,12,2,1700,1,2,1,1.0,3.0,97007,G,0.0,0.0,973
201100065626,11,12,19,845,1,1,1,1.0,5.0,97007,G,0.0,0.0,973
201100065627,11,12,24,1630,1,1,1,1.0,1.0,97007,G,0.0,0.0,973
201100065628,11,5,5,1845,5,2,1,1.0,3.0,97056,R,0.0,0.0,974
201100065629,11,6,28,1630,1,1,1,1.0,1.0,97056,R,0.0,0.0,974
201100065630,11,7,10,1630,1,2,1,7.0,1.0,97015,R,0.0,0.0,974
201100065631,11,1,26,1445,1,2,1,1.0,1.0,97004,R,0.0,0.0,974
201100065632,11,1,30,400,3,1,1,2.0,1.0,97004,R,,,974
201100065633,11,5,30,845,1,2,9,1.0,3.0,97004,R,0.0,0.0,974
201100065634,11,7,19,2315,3,1,1,1.0,6.0,97004,R,,,974
201100065635,11,10,16,530,1,1,9,1.0,6.0,97004,R,,,974
201100065636,11,10,19,1930,5,2,1,1.0,6.0,97004,R,0.0,0.0,974
201100065637,11,10,29,2015,5,2,1,1.0,3.0,97004,R,0.0,0.0,974
201100065638,11,11,19,815,1,1,4,7.0,3.0,97004,R,0.0,0.0,974
201100065639,11,1,19,745,1,2,1,1.0,6.0,97005,A,,,971
201100065640,11,1,20,630,1,2,1,1.0,7.0,97005,A,,,971
201100065641,11,1,31,815,1,2,1,1.0,6.0,97005,A,,,971
201100065642,11,2,5,1840,5,2,9,1.0,2.0,97005,A,,,971
201100065643,11,2,9,1800,2,2,2,2.0,3.0,97005,A,,,971
201100065644,11,2,27,2020,5,2,1,1.0,1.0,97005,A,,,971
201100065645,11,3,3,845,1,2,1,2.0,1.0,97005,A,,,971
201100065646,11,3,29,1255,1,2,5,1.0,3.0,97005,A,,,971
201100065647,11,1,28,1220,1,2,9,1.0,6.0,97007,A,,,971
201100065648,11,3,7,1105,1,2,1,1.0,2.0,97007,A,,,971
201100065649,11,2,11,1940,3,2,1,1.0,6.0,97007,A,,,971
201100065650,11,2,12,1230,1,2,3,1.0,6.0,97007,A,,,971
201100065651,11,2,22,730,1,2,3,1.0,6.0,97007,A,,,971
201100065652,11,3,20,1335,1,2,1,1.0,4.0,97007,A,,,971
201100065653,11,6,4,840,1,2,2,1.0,3.0,97007,A,,,971
201100065654,11,8,4,1730,1,2,1,1.0,2.0,97007,A,,,971
201100065655,11,12,22,1800,2,2,1,,1.0,97007,A,,,971
201100065656,11,10,18,1330,1,2,1,1.0,6.0,97007,A,,,971
201100065657,11,12,22,1520,1,2,1,,1.0,97007,A,,,971
201100065658,11,1,1,1118,1,2,1,1.0,2.0,97001,A,,,971
201100065659,11,1,2,2337,5,1,1,3.0,7.0,97020,A,,,971
201100065660,11,1,2,1340,1,1,1,1.0,6.0,97013,A,,,971
201100065661,11,1,5,1600,1,1,1,1.0,3.0,97013,A,,,971
201100065662,11,1,13,1340,1,1,1,9.0,7.0,97001,A,,,971
201100065663,11,1,9,2206,5,2,1,1.0,2.0,97001,A,,,971
201100065664,11,1,16,730,1,2,1,1.0,7.0,97001,A,,,971
201100065665,11,1,17,10,5,2,1,9.0,6.0,97001,A,,,971
201100065666,11,1,18,911,1,2,2,1.0,6.0,97020,A,,,971
201100065667,11,1,21,317,5,1,1,1.0,3.0,97013,A,,,971
201100065668,11,6,4,840,1,2,2,3.0,,97020,A,,,971
201100065669,11,1,22,620,2,1,1,9.0,6.0,97013,A,,,971
201100065670,11,1,20,1915,5,2,9,2.0,3.0,97001,A,,,971
201100065671,11,1,17,1600,1,2,1,1.0,7.0,97013,A,,,971
201100065672,11,1,22,1346,1,1,1,1.0,6.0,97013,A,,,971
201100065673,11,1,23,705,2,1,1,2.0,6.0,97013,A,,,971
201100065674,11,1,24,23,4,2,1,1.0,6.0,97001,A,,,971
201100065675,11,1,26,1720,1,2,1,1.0,2.0,97013,A,,,971
201100065676,11,11,30,1625,1,2,1,1.0,,97007,A,,,971
201100065677,11,1,28,755,1,2,1,1.0,6.0,97013,A,,,971
201100065678,11,1,29,530,5,2,1,1.0,6.0,97013,A,,,971
201100065679,11,1,29,1430,1,2,3,1.0,3.0,97001,A,,,971
201100065680,11,2,1,2130,5,1,1,1.0,1.0,97013,A,,,971
201100065681,11,2,2,1915,4,2,1,1.0,2.0,97001,A,,,971
201100065682,11,2,1,840,1,1,1,1.0,1.0,97013,A,,,971
201100065683,11,2,2,1345,1,1,1,1.0,7.0,97013,A,,,971
201100065684,11,2,6,2106,5,2,1,1.0,3.0,97020,A,,,971
201100065685,11,2,1,740,1,1,1,9.0,1.0,97013,A,,,971
201100065686,11,2,5,1610,1,1,1,1.0,3.0,97013,A,,,971
201100065687,11,2,14,2228,5,1,1,1.0,6.0,97013,A,,,971
201100065688,11,2,11,2025,5,2,1,1.0,2.0,97001,A,,,971
201100065689,11,2,18,1542,1,1,3,1.0,3.0,97013,A,,,971
201100065690,11,2,24,1210,1,1,1,1.0,2.0,97001,A,,,971
201100065691,11,2,10,1500,1,1,1,1.0,4.0,97001,A,,,971
201100065692,11,2,13,730,1,1,1,1.0,2.0,97013,A,,,971
201100065693,11,2,17,1900,5,2,1,1.0,2.0,97013,A,,,971
201100065694,11,2,22,725,1,2,1,1.0,3.0,97001,A,,,971
201100065695,11,2,4,636,1,1,3,1.0,3.0,97001,A,,,971
201100065696,11,2,22,835,1,2,1,1.0,3.0,97001,A,,,971
201100065697,11,2,28,1500,1,2,3,1.0,1.0,97001,A,,,971
201100065698,11,2,25,2105,4,1,1,1.0,1.0,97001,A,,,971
201100065699,11,3,8,200,3,1,4,1.0,5.0,97013,A,,,971
201100065700,11,3,7,235,5,2,1,1.0,7.0,97001,A,,,971
201100065701,11,3,9,1800,1,2,1,1.0,2.0,97013,A,,,971
201100065702,11,3,11,740,1,1,1,1.0,7.0,97001,A,,,971
201100065703,11,3,21,820,1,2,3,1.0,2.0,97001,A,,,971
201100065704,11,3,20,120,3,1,1,1.0,6.0,97001,A,,,971
201100065705,11,3,19,2113,5,1,1,1.0,7.0,97001,A,,,971
201100065706,11,3,14,1420,1,1,1,9.0,3.0,97013,A,,,971
201100065707,11,3,14,1550,1,1,1,9.0,2.0,97013,A,,,971
201100065708,11,3,18,1655,1,1,1,1.0,2.0,97001,A,,,971
201100065709,11,3,15,1150,1,1,1,1.0,3.0,97013,A,,,971
201100065710,11,3,30,1315,1,2,1,1.0,7.0,97013,A,,,971
201100065711,11,3,21,720,1,1,3,1.0,3.0,97013,A,,,971
201100065712,11,3,23,1243,1,1,1,1.0,3.0,97013,A,,,971
201100065713,11,3,23,1756,1,1,1,1.0,6.0,97013,A,,,971
201100065714,11,3,30,2300,5,1,1,1.0,1.0,97001,A,,,971
201100065715,11,3,24,1948,5,1,1,1.0,1.0,97013,A,,,971
201100065716,11,3,26,618,1,2,1,1.0,7.0,97001,A,,,971
201100065717,11,3,31,530,2,2,1,1.0,7.0,97013,A,,,971
201100065718,11,4,7,720,1,1,1,1.0,7.0,97013,A,,,971
201100065719,11,4,10,635,1,2,1,1.0,1.0,97013,A,,,971
201100065720,11,4,8,545,2,2,3,1.0,7.0,97001,A,,,971
201100065721,11,4,12,1600,1,2,1,1.0,7.0,97001,A,,,971
201100065722,11,4,17,600,1,2,1,1.0,2.0,97001,A,,,971
201100065723,11,4,10,1415,1,1,1,1.0,7.0,97001,A,,,971
201100065724,11,4,11,1804,5,1,1,1.0,4.0,97013,A,,,971
201100065725,11,4,11,623,2,1,1,3.0,7.0,97013,A,,,971
201100065726,11,4,11,620,2,1,1,3.0,7.0,97013,A,,,971
201100065727,11,4,15,2100,5,1,1,2.0,3.0,97013,A,,,971
201100065728,11,4,22,1006,1,2,3,1.0,3.0,97013,A,,,971
201100065729,11,4,28,630,2,2,1,1.0,7.0,97013,A,,,971
201100065730,11,5,1,1225,1,2,1,1.0,3.0,97020,A,,,971
201100065731,11,4,8,900,1,2,1,1.0,2.0,97001,A,,,971
201100065732,11,4,18,745,5,1,1,1.0,3.0,97001,A,,,971
201100065733,11,5,6,1400,1,2,1,1.0,7.0,97020,A,,,971
201100065734,11,4,18,926,1,1,1,1.0,3.0,97013,A,,,971
201100065735,11,5,6,1445,1,2,1,1.0,7.0,97020,A,,,971
201100065736,11,5,1,1620,1,1,1,1.0,1.0,97020,A,,,971
201100065737,11,5,6,2100,5,2,3,1.0,3.0,97020,A,,,971
201100065738,11,5,8,1820,2,1,1,1.0,5.0,97020,A,,,971
201100065739,11,5,9,1600,1,1,1,1.0,1.0,97020,A,,,971
201100065740,11,5,8,1030,1,1,1,1.0,5.0,97013,A,,,971
201100065741,11,5,15,325,5,1,1,2.0,1.0,97020,A,,,971
201100065742,11,5,14,348,5,2,1,1.0,2.0,97020,A,,,971
201100065743,11,5,16,1530,1,2,2,1.0,7.0,97020,A,,,971
201100065744,11,5,2,915,1,1,1,1.0,4.0,97020,A,,,971
201100065745,11,5,14,235,5,2,1,1.0,6.0,97020,A,,,971
201100065746,11,5,1,1120,1,1,1,1.0,2.0,97020,A,,,971
201100065747,11,5,6,835,1,1,1,1.0,1.0,97020,A,,,971
201100065748,11,5,23,1135,1,1,1,1.0,3.0,97020,A,,,971
201100065749,11,5,27,1730,1,2,1,1.0,3.0,97020,A,,,971
201100065750,11,5,22,700,1,1,1,1.0,1.0,97020,A,,,971
201100065751,11,5,28,403,5,2,1,1.0,7.0,97020,A,,,971
201100065752,11,5,27,1335,1,1,1,1.0,7.0,97020,A,,,971
201100065753,11,6,2,2110,5,2,5,1.0,3.0,97013,A,,,971
201100065754,11,6,2,2200,5,1,1,1.0,1.0,97013,A,,,971
201100065755,11,6,5,1550,1,2,1,1.0,3.0,97020,A,,,971
201100065756,11,6,4,1050,1,2,1,1.0,7.0,97001,A,,,971
201100065757,11,6,4,1330,1,1,1,1.0,3.0,97013,A,,,971
201100065758,11,6,8,720,1,2,1,1.0,7.0,97001,A,,,971
201100065759,11,6,13,2343,3,2,1,1.0,1.0,97001,A,,,971
201100065760,11,6,12,940,1,2,6,1.0,7.0,97001,A,,,971
201100065761,11,6,10,1340,1,2,1,1.0,7.0,97020,A,,,971
201100065762,11,6,7,755,1,1,1,1.0,2.0,97013,A,,,971
201100065763,11,6,12,855,1,1,6,1.0,3.0,97001,A,,,971
201100065764,11,6,14,1630,1,1,1,1.0,3.0,97013,A,,,971
201100065765,11,6,19,910,1,2,3,1.0,3.0,97001,A,,,971
201100065766,11,6,19,1950,5,1,1,1.0,5.0,97013,A,,,971
201100065767,11,6,18,535,2,1,1,1.0,1.0,97013,A,,,971
201100065768,11,6,11,1653,1,1,1,1.0,5.0,97013,A,,,971
201100065769,11,6,27,1745,1,1,2,1.0,3.0,97001,A,,,971
201100065770,11,6,22,635,1,2,1,1.0,7.0,97001,A,,,971
201100065771,11,7,1,740,1,1,1,3.0,7.0,97001,A,,,971
201100065772,11,5,31,740,1,1,1,1.0,5.0,97020,A,,,971
201100065773,11,6,18,1310,1,1,1,1.0,5.0,97013,A,,,971
201100065774,11,7,6,1530,1,1,1,1.0,1.0,97001,A,,,971
201100065775,11,7,9,445,2,2,1,1.0,3.0,97013,A,,,971
201100065776,11,7,10,125,4,1,2,1.0,3.0,97001,A,,,971
201100065777,11,7,13,1845,5,2,1,1.0,2.0,97013,A,,,971
201100065778,11,7,13,2320,5,2,3,1.0,3.0,97020,A,,,971
201100065779,11,7,14,600,2,1,1,1.0,1.0,97013,A,,,971
201100065780,11,7,13,1950,5,1,1,1.0,3.0,97013,A,,,971
201100065781,11,7,14,650,1,1,1,1.0,2.0,97001,A,,,971
201100065782,11,7,19,900,1,2,1,1.0,7.0,97020,A,,,971
201100065783,11,7,17,2340,5,2,1,1.0,3.0,97013,A,,,971
201100065784,11,7,18,208,3,1,1,1.0,7.0,97013,A,,,971
201100065785,11,7,21,2140,5,2,9,1.0,3.0,97001,A,,,971
201100065786,11,7,23,2141,5,1,3,1.0,3.0,97013,A,,,971
201100065787,11,7,30,800,1,2,4,1.0,6.0,97020,A,,,971
201100065788,11,7,31,545,1,1,1,1.0,1.0,97013,A,,,971
201100065789,11,7,31,718,1,1,1,1.0,7.0,97001,A,,,971
201100065790,11,8,2,1900,5,1,1,2.0,5.0,97013,A,,,971
201100065791,11,8,10,1910,5,1,1,1.0,3.0,97013,A,,,971
201100065792,11,8,15,420,2,1,1,2.0,6.0,97013,A,,,971
201100065793,11,7,3,1433,1,1,1,9.0,6.0,97013,A,,,971
201100065794,11,8,20,423,2,1,1,1.0,1.0,97013,A,,,971
201100065795,11,8,13,415,3,1,1,1.0,6.0,97001,A,,,971
201100065796,11,8,1,1530,1,2,1,1.0,1.0,97013,A,,,971
201100065797,11,8,26,40,3,1,1,1.0,3.0,97013,A,,,971
201100065798,11,8,29,630,3,1,1,1.0,6.0,97013,A,,,971
201100065799,11,8,6,133,5,1,1,1.0,3.0,97013,A,,,971
201100065800,11,8,18,315,5,1,1,1.0,2.0,97013,A,,,971
201100065801,11,8,25,1400,1,2,1,1.0,7.0,97001,A,,,971
201100065802,11,9,1,1815,5,2,1,1.0,7.0,97020,A,,,971
201100065803,11,9,2,2125,3,1,1,1.0,7.0,97001,A,,,971
201100065804,11,9,7,1400,1,2,1,1.0,7.0,97020,A,,,971
201100065805,11,9,7,1837,2,1,1,1.0,1.0,97001,A,,,971
201100065806,11,9,13,1350,1,1,2,1.0,3.0,97001,A,,,971
201100065807,11,9,2,1630,1,2,1,1.0,6.0,97001,A,,,971
201100065808,11,9,14,1650,1,2,1,1.0,6.0,97001,A,,,971
201100065809,11,9,16,2214,5,1,3,1.0,7.0,97001,A,,,971
201100065810,11,9,19,2330,3,1,1,2.0,3.0,97013,A,,,971
201100065811,11,9,21,2215,5,2,1,1.0,3.0,97013,A,,,971
201100065812,11,9,27,2105,5,1,1,1.0,7.0,97013,A,,,971
201100065813,11,10,9,557,1,2,1,1.0,7.0,97020,A,,,971
201100065814,11,10,13,1918,5,1,2,1.0,3.0,97020,A,,,971
201100065815,11,10,15,205,5,1,9,1.0,7.0,97020,A,,,971
201100065816,11,10,2,920,1,2,1,1.0,2.0,97020,A,,,971
201100065817,11,10,30,440,3,1,1,2.0,3.0,97020,A,,,971
201100065818,11,10,31,1555,1,1,1,1.0,7.0,97020,A,,,971
201100065819,11,10,28,1155,1,2,2,1.0,3.0,97020,A,,,971
201100065820,11,11,3,1110,1,1,1,,6.0,97020,A,,,971
201100065821,11,11,1,1350,1,1,3,1.0,3.0,97020,A,,,971
201100065822,11,11,4,1230,1,2,1,1.0,6.0,97020,A,,,971
201100065823,11,11,5,55,5,2,1,1.0,1.0,97020,A,,,971
201100065824,11,11,8,655,1,2,1,1.0,7.0,97020,A,,,971
201100065825,11,10,29,1825,5,2,1,2.0,7.0,97020,A,,,971
201100065826,11,11,20,1430,1,1,2,3.0,1.0,97020,A,,,971
201100065827,11,11,22,2324,5,1,1,1.0,7.0,97020,A,,,971
201100065828,11,11,22,630,1,1,1,,6.0,97020,A,,,971
201100065829,11,11,24,1625,1,2,1,1.0,6.0,97020,A,,,971
201100065830,11,12,3,1545,1,1,1,2.0,2.0,97001,A,,,971
201100065831,11,12,4,220,3,1,1,2.0,7.0,97013,A,,,971
201100065832,11,12,8,1300,1,2,2,1.0,5.0,97001,A,,,971
201100065833,11,12,11,607,2,2,6,1.0,3.0,97001,A,,,971
201100065834,11,12,11,206,5,2,1,1.0,6.0,97001,A,,,971
201100065835,11,12,17,1500,1,2,1,1.0,2.0,97013,A,,,971
201100065836,11,12,20,1619,1,2,2,1.0,3.0,97001,A,,,971
201100065837,11,12,27,1400,1,2,1,1.0,6.0,97001,A,,,971
201100065838,11,12,29,1845,5,2,1,1.0,2.0,97020,A,,,971
201100065839,11,12,21,1415,1,1,1,1.0,1.0,97001,A,,,971