Num_Acc,an,mois,jour,hrmn,lum,agg,int,atm,col,com,gps,lat,long,dep
201100065840,11,12,17,1750,1,2,2,1.0,3.0,97001,A,,,971
201100065841,11,11,24,900,1,2,1,1.0,3.0,97020,A,,,971
201100065842,11,1,2,1620,1,2,1,1.0,6.0,97009,A,,,972
201100065843,11,1,10,1825,2,2,1,1.0,6.0,97009,A,,,972
201100065844,11,4,18,1949,5,2,2,1.0,3.0,97009,A,,,972
201100065845,11,1,16,1815,2,1,1,1.0,6.0,97009,A,,,972
201100065846,11,1,18,1105,1,2,1,1.0,6.0,97009,A,,,972
201100065847,11,1,19,1720,1,2,1,1.0,6.0,97009,A,,,972
201100065848,11,1,20,1255,1,1,1,1.0,6.0,97009,A,,,972
201100065849,11,1,23,1033,1,1,3,1.0,3.0,97009,A,,,972
201100065850,11,1,23,1000,1,1,1,1.0,3.0,97009,A,,,972
201100065851,11,1,29,2330,3,2,1,8.0,7.0,97009,A,,,972
201100065852,11,1,31,1630,1,2,1,1.0,2.0,97009,A,,,972
201100065853,11,2,1,1444,1,2,1,1.0,7.0,97009,A,,,972
201100065854,11,2,1,1610,1,2,1,1.0,7.0,97009,A,,,972
201100065855,11,2,1,2250,5,2,1,1.0,6.0,97009,A,,,972
201100065856,11,2,2,2120,5,1,1,2.0,6.0,97009,A,,,972
201100065857,11,2,12,1025,1,2,1,1.0,6.0,97009,A,,,972
201100065858,11,2,12,2230,5,2,1,1.0,6.0,97009,A,,,972
201100065859,11,2,16,1115,1,2,1,1.0,6.0,97009,A,,,972
201100065860,11,2,25,1245,1,2,1,1.0,6.0,97009,A,,,972
201100065861,11,2,26,600,1,1,1,1.0,7.0,97009,A,,,972
201100065862,11,2,27,1030,1,1,1,8.0,7.0,97009,A,,,972
201100065863,11,2,27,1010,1,1,1,2.0,2.0,97009,A,,,972
201100065864,11,3,4,1340,1,1,1,1.0,3.0,97009,A,,,972
201100065865,11,3,5,730,1,2,1,1.0,7.0,97009,A,,,972
201100065866,11,3,9,600,1,2,1,8.0,7.0,97009,A,,,972
201100065867,11,3,9,644,1,1,1,8.0,7.0,97009,A,,,972
201100065868,11,3,9,2035,5,2,1,1.0,6.0,97009,A,,,972
201100065869,11,3,9,2152,5,2,1,1.0,6.0,97009,A,,,972
201100065870,11,3,10,455,2,2,1,1.0,6.0,97009,A,,,972
201100065871,11,3,23,1835,2,1,1,1.0,7.0,97009,A,,,972
201100065872,11,3,28,1605,1,2,1,1.0,6.0,97009,A,,,972
201100065873,11,4,2,1945,5,2,3,1.0,6.0,97009,A,,,972
201100065874,11,4,2,2056,3,1,1,1.0,1.0,97009,A,,,972
201100065875,11,4,6,935,1,2,1,1.0,3.0,97009,A,,,972
201100065876,11,4,9,6,5,1,1,1.0,7.0,97009,A,,,972
201100065877,11,4,8,1145,1,2,2,1.0,6.0,97009,A,,,972
201100065878,11,4,12,1620,1,2,1,1.0,3.0,97009,A,,,972
201100065879,11,4,17,1717,1,2,1,1.0,2.0,97009,A,,,972
201100065880,11,4,18,940,1,2,1,1.0,6.0,97009,A,,,972
201100065881,11,4,18,2300,5,1,1,1.0,6.0,97009,A,,,972
201100065882,11,4,23,1512,1,1,1,1.0,1.0,97009,A,,,972
201100065883,11,4,24,1158,1,2,1,1.0,3.0,97009,A,,,972
201100065884,11,4,24,1530,1,2,1,1.0,3.0,97009,A,,,972
201100065885,11,4,30,1540,1,1,1,1.0,6.0,97009,A,,,972
201100065886,11,4,30,1625,1,2,1,1.0,6.0,97009,A,,,972
201100065887,11,5,1,150,3,1,1,1.0,7.0,97009,A,,,972
201100065888,11,5,10,1135,1,2,1,1.0,6.0,97009,A,,,972
201100065889,11,5,13,1752,1,1,1,2.0,7.0,97009,A,,,972
201100065890,11,5,14,1945,5,2,1,1.0,2.0,97009,A,,,972
201100065891,11,5,16,955,1,2,1,1.0,6.0,97009,A,,,972
201100065892,11,5,16,1455,1,2,1,1.0,6.0,97009,A,,,972
201100065893,11,5,20,918,1,1,2,1.0,6.0,97009,A,,,972
201100065894,11,5,23,705,1,2,1,1.0,2.0,97009,A,,,972
201100065895,11,5,28,600,1,2,1,1.0,2.0,97009,A,,,972
201100065896,11,5,28,1516,1,2,2,1.0,6.0,97009,A,,,972
201100065897,11,5,29,2057,5,2,1,1.0,6.0,97009,A,,,972
201100065898,11,5,30,130,5,2,2,1.0,6.0,97009,A,,,972
201100065899,11,6,2,1457,1,2,1,1.0,6.0,97009,A,,,972
201100065900,11,6,3,1021,1,1,1,1.0,3.0,97009,A,,,972
201100065901,11,6,4,1140,1,1,1,1.0,1.0,97009,A,,,972
201100065902,11,6,9,1445,1,2,1,1.0,6.0,97009,A,,,972
201100065903,11,6,11,756,1,2,1,1.0,7.0,97009,A,,,972
201100065904,11,6,12,1315,1,2,1,1.0,3.0,97009,A,,,972
201100065905,11,6,12,1835,1,2,1,1.0,3.0,97009,A,,,972
201100065906,11,6,16,2255,5,2,1,1.0,6.0,97009,A,,,972
201100065907,11,6,17,2056,5,2,2,1.0,3.0,97009,A,,,972
201100065908,11,6,18,1205,1,2,1,1.0,1.0,97009,A,,,972
201100065909,11,6,24,505,5,2,1,1.0,2.0,97009,A,,,972
201100065910,11,6,29,2357,5,2,4,1.0,3.0,97009,A,,,972
201100065911,11,7,12,1940,5,2,1,1.0,7.0,97009,A,,,972
201100065912,11,7,15,1609,1,1,1,1.0,6.0,97009,A,,,972
201100065913,11,7,15,1734,1,2,1,1.0,6.0,97009,A,,,972
201100065914,11,7,17,1351,1,2,1,1.0,6.0,97009,A,,,972
201100065915,11,7,19,902,1,2,1,1.0,3.0,97009,A,,,972
201100065916,11,7,25,1915,5,1,1,1.0,3.0,97009,A,,,972
201100065917,11,7,25,1959,5,2,1,1.0,6.0,97009,A,,,972
201100065918,11,8,4,1831,2,1,1,1.0,6.0,97009,A,,,972
201100065919,11,8,5,2025,5,2,2,1.0,3.0,97009,A,,,972
201100065920,11,8,11,2315,5,1,9,1.0,6.0,97009,A,,,972
201100065921,11,8,12,1015,1,2,1,1.0,6.0,97009,A,,,972
201100065922,11,8,13,1928,5,2,1,1.0,6.0,97009,A,,,972
201100065923,11,8,18,432,5,2,1,1.0,7.0,97009,A,,,972
201100065924,11,8,22,720,1,1,1,1.0,6.0,97009,A,,,972
201100065925,11,8,26,1950,5,2,1,1.0,6.0,97009,A,,,972
201100065926,11,9,1,2335,5,2,1,1.0,6.0,97009,A,,,972
201100065927,11,9,2,510,2,2,1,1.0,6.0,97009,A,,,972
201100065928,11,9,2,1010,1,2,1,1.0,1.0,97009,A,,,972
201100065929,11,9,2,2110,5,2,9,1.0,6.0,97009,A,,,972
201100065930,11,9,3,1706,1,2,1,1.0,,97009,A,,,972
201100065931,11,9,3,2205,3,2,1,1.0,6.0,97009,A,,,972
201100065932,11,9,4,1841,3,2,1,1.0,6.0,97009,A,,,972
201100065933,11,9,4,1800,1,2,1,1.0,7.0,97009,A,,,972
201100065934,11,9,5,1740,1,2,1,1.0,7.0,97009,A,,,972
201100065935,11,9,5,1150,1,2,1,1.0,1.0,97009,A,,,972
201100065936,11,9,5,2305,5,2,2,2.0,1.0,97009,A,,,972
201100065937,11,9,15,1704,1,2,9,1.0,1.0,97009,A,,,972
201100065938,11,9,16,901,1,2,1,8.0,6.0,97009,A,,,972
201100065939,11,9,16,1320,1,2,1,1.0,7.0,97009,A,,,972
201100065940,11,9,18,825,1,2,1,1.0,7.0,97009,A,,,972
201100065941,11,9,19,1350,1,1,1,1.0,6.0,97009,A,,,972
201100065942,11,9,20,1707,1,2,1,1.0,6.0,97009,A,,,972
201100065943,11,9,21,2140,5,2,1,8.0,6.0,97009,A,,,972
201100065944,11,9,23,2228,5,1,1,8.0,6.0,97009,A,,,972
201100065945,11,9,24,1215,1,2,1,1.0,6.0,97009,A,,,972
201100065946,11,9,26,2047,5,2,1,1.0,2.0,97009,A,,,972
201100065947,11,9,27,1245,1,2,1,1.0,2.0,97009,A,,,972
201100065948,11,9,29,1545,1,2,1,1.0,3.0,97009,A,,,972
201100065949,11,10,9,1615,1,2,1,1.0,7.0,97009,A,,,972
201100065950,11,10,2,130,5,2,1,1.0,6.0,97009,A,,,972
201100065951,11,10,2,1420,1,1,1,1.0,6.0,97009,A,,,972
201100065952,11,10,3,1338,1,2,1,1.0,6.0,97009,A,,,972
201100065953,11,10,3,1811,5,2,1,1.0,4.0,97009,A,,,972
201100065954,11,10,4,815,1,2,1,1.0,6.0,97009,A,,,972
201100065955,11,10,4,2035,5,2,1,1.0,6.0,97009,A,,,972
201100065956,11,10,6,714,1,2,1,1.0,6.0,97009,A,,,972
201100065957,11,10,6,1320,1,2,1,8.0,2.0,97009,A,,,972
201100065958,11,10,8,1751,1,2,1,1.0,2.0,97009,A,,,972
201100065959,11,10,9,951,1,1,1,1.0,4.0,97009,A,,,972
201100065960,11,10,10,740,1,2,3,1.0,3.0,97009,A,,,972
201100065961,11,10,15,1140,1,1,1,1.0,2.0,97009,A,,,972
201100065962,11,10,15,1438,1,2,1,1.0,6.0,97009,A,,,972
201100065963,11,10,16,1725,1,2,1,1.0,7.0,97009,A,,,972
201100065964,11,10,19,1110,1,2,2,1.0,3.0,97009,A,,,972
201100065965,11,10,22,914,1,2,1,1.0,2.0,97009,A,,,972
201100065966,11,10,22,1340,1,2,3,1.0,3.0,97009,A,,,972
201100065967,11,10,24,445,5,2,1,1.0,1.0,97009,A,,,972
201100065968,11,10,25,855,1,2,1,1.0,6.0,97009,A,,,972
201100065969,11,10,25,1803,1,2,1,1.0,3.0,97009,A,,,972
201100065970,11,10,29,1738,1,2,1,1.0,7.0,97009,A,,,972
201100065971,11,10,29,2102,5,2,1,1.0,2.0,97009,A,,,972
201100065972,11,10,29,1116,1,2,1,1.0,6.0,97009,A,,,972
201100065973,11,10,30,708,1,2,1,8.0,7.0,97009,A,,,972
201100065974,11,10,31,1840,5,2,1,1.0,6.0,97009,A,,,972
201100065975,11,11,1,855,1,1,1,1.0,6.0,97009,A,,,972
201100065976,11,11,1,1951,5,2,1,1.0,2.0,97009,A,,,972
201100065977,11,11,2,1856,5,2,1,1.0,7.0,97009,A,,,972
201100065978,11,11,5,1014,1,2,1,1.0,6.0,97009,A,,,972
201100065979,11,11,7,925,1,2,1,1.0,2.0,97009,A,,,972
201100065980,11,11,7,1025,1,2,1,2.0,6.0,97009,A,,,972
201100065981,11,11,8,715,1,2,1,8.0,6.0,97009,A,,,972
201100065982,11,11,8,1740,1,2,1,1.0,7.0,97009,A,,,972
201100065983,11,11,9,1135,1,2,1,1.0,3.0,97009,A,,,972
201100065984,11,11,12,235,5,2,1,2.0,7.0,97009,A,,,972
201100065985,11,11,12,646,1,2,1,1.0,6.0,97009,A,,,972
201100065986,11,11,12,1458,1,2,3,1.0,3.0,97009,A,,,972
201100065987,11,11,15,1407,1,2,1,1.0,3.0,97009,A,,,972
201100065988,11,11,16,756,1,2,2,1.0,3.0,97009,A,,,972
201100065989,11,11,19,2355,5,2,3,1.0,3.0,97009,A,,,972
201100065990,11,11,21,220,5,2,1,2.0,7.0,97009,A,,,972
201100065991,11,11,21,1650,1,1,1,1.0,7.0,97009,A,,,972
201100065992,11,11,22,1215,1,2,2,1.0,3.0,97009,A,,,972
201100065993,11,11,22,1425,1,2,1,1.0,6.0,97009,A,,,972
201100065994,11,11,25,1330,1,2,3,1.0,3.0,97009,A,,,972
201100065995,11,11,26,115,3,2,1,8.0,1.0,97009,A,,,972
201100065996,11,11,27,1730,1,2,1,1.0,7.0,97009,A,,,972
201100065997,11,12,3,502,5,2,1,1.0,6.0,97009,A,,,972
201100065998,11,12,4,1129,1,2,2,1.0,6.0,97009,A,,,972
201100065999,11,12,4,1159,1,2,1,1.0,6.0,97009,A,,,972
201100066000,11,12,5,715,1,1,1,8.0,1.0,97009,A,,,972
201100066001,11,12,5,1342,1,2,1,1.0,4.0,97009,A,,,972
201100066002,11,12,5,1623,1,2,1,1.0,3.0,97009,A,,,972
201100066003,11,12,5,1745,1,2,1,1.0,6.0,97009,A,,,972
201100066004,11,12,7,1823,2,2,1,1.0,6.0,97009,A,,,972
201100066005,11,12,11,1253,1,2,3,1.0,3.0,97009,A,,,972
201100066006,11,12,11,1330,1,2,3,1.0,3.0,97009,A,,,972
201100066007,11,12,11,1900,5,2,3,1.0,3.0,97009,A,,,972
201100066008,11,12,12,1655,1,2,1,8.0,3.0,97009,A,,,972
201100066009,11,12,12,500,5,2,1,8.0,7.0,97009,A,,,972
201100066010,11,12,13,1907,5,2,1,1.0,1.0,97009,A,,,972
201100066011,11,12,13,2255,5,2,1,1.0,7.0,97009,A,,,972
201100066012,11,12,14,600,1,2,1,8.0,6.0,97009,A,,,972
201100066013,11,12,14,1315,1,2,3,1.0,3.0,97009,A,,,972
201100066014,11,12,17,1946,5,2,1,1.0,7.0,97009,A,,,972
201100066015,11,12,17,935,1,2,2,1.0,2.0,97009,A,,,972
201100066016,11,12,19,1618,1,2,1,1.0,1.0,97009,A,,,972
201100066017,11,12,20,553,2,2,3,6.0,1.0,97009,A,,,972
201100066018,11,12,20,1218,1,2,1,1.0,1.0,97009,A,,,972
201100066019,11,12,22,5,3,2,2,1.0,1.0,97009,A,,,972
201100066020,11,12,22,1058,1,2,2,1.0,1.0,97009,A,,,972
201100066021,11,12,23,2340,5,2,2,1.0,,97009,A,,,972
201100066022,11,12,24,951,1,2,9,1.0,7.0,97009,A,,,972
201100066023,11,12,26,1103,1,2,9,1.0,6.0,97009,A,,,972
201100066024,11,12,26,1728,1,2,9,1.0,6.0,97009,A,,,972
201100066025,11,12,27,1920,5,2,9,1.0,7.0,97009,A,,,972
201100066026,11,12,27,2240,5,2,2,1.0,1.0,97009,A,,,972
201100066027,11,12,28,1825,5,2,2,1.0,1.0,97009,A,,,972
201100066028,11,12,29,1930,5,2,2,2.0,1.0,97009,A,,,972
201100066029,11,12,31,625,1,2,1,1.0,1.0,97009,A,,,972
201100066030,11,12,31,1015,1,2,2,2.0,1.0,97009,A,,,972
201100066031,11,12,31,1450,1,2,1,1.0,4.0,97009,A,,,972
201100066032,11,1,1,340,5,1,1,2.0,1.0,97013,A,,,972
201100066033,11,1,8,1815,5,1,1,1.0,2.0,97013,A,,,972
201100066034,11,1,10,1650,1,1,1,1.0,6.0,97013,A,,,972
201100066035,11,1,11,735,1,1,6,1.0,2.0,97013,A,,,972
201100066036,11,1,14,730,1,1,1,1.0,5.0,97013,A,,,972
201100066037,11,1,14,1613,1,1,1,1.0,3.0,97013,A,,,972
201100066038,11,1,14,2036,5,1,1,1.0,3.0,97013,A,,,972
201100066039,11,1,15,2,5,1,1,1.0,7.0,97013,A,,,972
201100066040,11,1,16,1558,1,2,1,1.0,2.0,97013,A,,,972
201100066041,11,1,17,1455,1,1,1,1.0,5.0,97013,A,,,972
201100066042,11,1,18,630,2,1,1,1.0,3.0,97013,A,,,972
201100066043,11,1,18,1229,1,2,1,1.0,2.0,97013,A,,,972
201100066044,11,1,20,840,1,1,1,1.0,4.0,97013,A,,,972
201100066045,11,1,21,800,1,1,1,1.0,6.0,97013,A,,,972
201100066046,11,1,22,2135,5,1,1,1.0,2.0,97013,A,,,972
201100066047,11,2,3,1715,1,2,1,1.0,3.0,97013,A,,,972
201100066048,11,2,4,2007,5,1,1,1.0,6.0,97013,A,,,972
201100066049,11,2,8,845,1,1,6,1.0,3.0,97013,A,,,972
201100066050,11,2,8,1910,5,1,1,1.0,2.0,97013,A,,,972
201100066051,11,2,9,1945,5,2,3,1.0,3.0,97013,A,,,972
201100066052,11,2,12,1121,1,1,1,1.0,2.0,97013,A,,,972
201100066053,11,2,12,1938,5,1,1,1.0,2.0,97013,A,,,972
201100066054,11,2,13,1600,1,2,1,1.0,6.0,97013,A,,,972
201100066055,11,2,18,725,1,1,1,1.0,2.0,97013,A,,,972
201100066056,11,2,19,20,5,1,1,1.0,5.0,97013,A,,,972
201100066057,11,2,19,130,5,1,1,1.0,5.0,97013,A,,,972
201100066058,11,2,23,1636,1,2,9,1.0,6.0,97013,A,,,972
201100066059,11,2,27,745,1,1,1,1.0,6.0,97013,A,,,972
201100066060,11,2,28,1130,1,1,1,3.0,2.0,97013,A,,,972
201100066061,11,3,3,820,1,1,1,1.0,2.0,97013,A,,,972
201100066062,11,3,3,1625,1,2,1,1.0,3.0,97013,A,,,972
201100066063,11,3,5,1600,1,1,1,1.0,3.0,97013,A,,,972
201100066064,11,3,10,1000,1,1,1,1.0,6.0,97013,A,,,972
201100066065,11,3,12,1300,1,1,1,1.0,3.0,97013,A,,,972
201100066066,11,3,13,620,2,1,1,1.0,6.0,97013,A,,,972
201100066067,11,3,15,808,1,2,1,1.0,6.0,97013,A,,,972
201100066068,11,3,24,1420,1,1,1,1.0,1.0,97013,A,,,972
201100066069,11,4,1,1550,1,1,1,1.0,6.0,97013,A,,,972
201100066070,11,4,1,1700,1,1,1,1.0,6.0,97013,A,,,972
201100066071,11,4,3,945,1,1,1,1.0,2.0,97013,A,,,972
201100066072,11,4,3,1635,1,1,1,1.0,3.0,97013,A,,,972
201100066073,11,4,4,835,1,1,1,1.0,2.0,97013,A,,,972
201100066074,11,4,5,1644,1,2,1,1.0,6.0,97013,A,,,972
201100066075,11,4,6,1215,1,1,1,1.0,6.0,97013,A,,,972
201100066076,11,4,16,1312,1,1,1,1.0,6.0,97013,A,,,972
201100066077,11,4,21,2245,3,1,1,1.0,1.0,97013,A,,,972
201100066078,11,4,24,2123,5,2,1,1.0,2.0,97013,A,,,972
201100066079,11,4,27,1210,1,1,1,1.0,3.0,97013,A,,,972
201100066080,11,4,27,2049,5,1,1,1.0,7.0,97013,A,,,972
201100066081,11,4,30,2115,5,1,1,1.0,6.0,97013,A,,,972
201100066082,11,5,2,800,1,1,1,1.0,2.0,97013,A,,,972
201100066083,11,5,4,1120,1,2,1,1.0,6.0,97013,A,,,972
201100066084,11,5,4,1440,1,1,1,1.0,2.0,97013,A,,,972
201100066085,11,5,5,1430,1,1,1,1.0,1.0,97013,A,,,972
201100066086,11,5,5,1710,1,1,1,1.0,5.0,97013,A,,,972
201100066087,11,5,5,1745,2,1,1,1.0,1.0,97013,A,,,972
201100066088,11,5,5,1830,2,1,1,1.0,2.0,97013,A,,,972
201100066089,11,5,7,1001,1,1,1,1.0,4.0,97013,A,,,972
201100066090,11,5,9,1215,1,1,1,1.0,3.0,97013,A,,,972
201100066091,11,5,11,1500,1,1,1,1.0,4.0,97013,A,,,972
201100066092,11,5,11,1735,1,2,1,1.0,2.0,97013,A,,,972
201100066093,11,5,12,1917,3,1,1,9.0,6.0,97013,A,,,972
201100066094,11,5,18,1510,1,1,1,1.0,3.0,97013,A,,,972
201100066095,11,5,22,526,3,1,1,2.0,3.0,97013,A,,,972
201100066096,11,5,23,14,3,1,1,1.0,6.0,97013,A,,,972
201100066097,11,5,23,1310,1,1,1,1.0,3.0,97013,A,,,972
201100066098,11,5,24,1710,1,2,1,1.0,1.0,97013,A,,,972
201100066099,11,5,28,2223,3,1,1,1.0,1.0,97013,A,,,972
201100066100,11,5,31,1700,1,1,1,9.0,5.0,97013,A,,,972
201100066101,11,6,1,1900,4,1,1,1.0,2.0,97013,A,,,972
201100066102,11,6,3,946,1,1,1,1.0,2.0,97013,A,,,972
201100066103,11,6,4,2140,5,1,1,1.0,6.0,97013,A,,,972
201100066104,11,6,5,805,1,1,1,1.0,6.0,97013,A,,,972
201100066105,11,6,11,2235,3,1,1,1.0,3.0,97013,A,,,972
201100066106,11,6,12,1845,5,2,1,1.0,7.0,97013,A,,,972
201100066107,11,6,14,705,1,1,1,1.0,5.0,97013,A,,,972
201100066108,11,6,17,1953,5,1,1,1.0,3.0,97013,A,,,972
201100066109,11,6,24,1955,5,1,1,1.0,3.0,97013,A,,,972
201100066110,11,6,30,1840,5,1,1,1.0,3.0,97013,A,,,972
201100066111,11,7,2,530,4,1,1,2.0,2.0,97013,A,,,972
201100066112,11,7,2,1550,1,1,1,1.0,6.0,97013,A,,,972
201100066113,11,7,6,735,1,2,1,1.0,2.0,97013,A,,,972
201100066114,11,7,7,1845,5,1,1,1.0,2.0,97013,A,,,972
201100066115,11,7,10,1748,1,1,1,1.0,1.0,97013,A,,,972
201100066116,11,7,11,1415,1,1,1,1.0,4.0,97013,A,,,972
201100066117,11,7,14,1538,1,1,1,1.0,3.0,97013,A,,,972
201100066118,11,7,20,1933,5,1,1,1.0,6.0,97013,A,,,972
201100066119,11,7,26,1825,5,1,1,1.0,6.0,97013,A,,,972
201100066120,11,7,29,1513,1,1,1,1.0,3.0,97013,A,,,972
201100066121,11,8,4,807,1,1,1,1.0,2.0,97013,A,,,972
201100066122,11,8,11,1130,1,1,1,1.0,3.0,97013,A,,,972
201100066123,11,8,12,2320,5,1,1,1.0,6.0,97013,A,,,972
201100066124,11,8,13,147,4,1,1,1.0,5.0,97013,A,,,972
201100066125,11,8,13,508,5,1,1,1.0,2.0,97013,A,,,972
201100066126,11,8,18,1906,5,1,6,1.0,2.0,97013,A,,,972
201100066127,11,8,26,1630,1,1,1,1.0,2.0,97013,A,,,972
201100066128,11,8,27,2230,5,1,1,1.0,6.0,97013,A,,,972
201100066129,11,8,28,1708,1,1,1,1.0,1.0,97013,A,,,972
201100066130,11,8,30,1059,1,1,1,1.0,2.0,97013,A,,,972
201100066131,11,9,4,500,5,2,1,1.0,6.0,97013,A,,,972
201100066132,11,9,4,2215,5,1,1,1.0,5.0,97013,A,,,972
201100066133,11,9,5,1100,1,2,3,3.0,1.0,97013,A,,,972
201100066134,11,9,8,1416,1,2,1,1.0,1.0,97013,A,,,972
201100066135,11,9,13,810,1,2,1,1.0,1.0,97013,A,,,972
201100066136,11,9,14,1130,1,1,1,1.0,1.0,97013,A,,,972
201100066137,11,9,15,1100,1,2,1,1.0,6.0,97013,A,,,972
201100066138,11,9,16,2130,1,2,2,3.0,1.0,97013,A,,,972
201100066139,11,9,18,248,3,1,1,1.0,7.0,97013,A,,,972
201100066140,11,9,23,2100,3,2,1,1.0,7.0,97013,A,,,972
201100066141,11,9,24,1030,1,2,1,1.0,7.0,97013,A,,,972
201100066142,11,9,27,1918,5,2,1,1.0,7.0,97013,A,,,972
201100066143,11,10,5,1738,2,1,1,1.0,6.0,97013,A,,,972
201100066144,11,10,8,1305,1,1,1,1.0,5.0,97013,A,,,972
201100066145,11,10,17,1623,1,1,1,1.0,1.0,97013,A,,,972
201100066146,11,10,18,1000,1,1,1,1.0,3.0,97013,A,,,972
201100066147,11,10,20,1545,1,1,1,1.0,6.0,97013,A,,,972
201100066148,11,10,21,656,1,1,1,2.0,3.0,97013,A,,,972
201100066149,11,10,22,1214,1,1,1,1.0,3.0,97013,A,,,972
201100066150,11,10,24,1850,2,2,1,1.0,6.0,97013,A,,,972
201100066151,11,10,26,1907,3,1,1,1.0,2.0,97013,A,,,972
201100066152,11,10,29,1800,2,1,1,1.0,2.0,97013,A,,,972
201100066153,11,10,29,2315,3,1,1,1.0,2.0,97013,A,,,972
201100066154,11,10,30,2015,3,1,1,1.0,2.0,97013,A,,,972
201100066155,11,11,4,1218,1,1,1,1.0,6.0,97013,A,,,972
201100066156,11,11,10,1400,1,1,1,1.0,3.0,97013,A,,,972
201100066157,11,11,10,1957,3,1,1,1.0,2.0,97013,A,,,972
201100066158,11,11,11,540,2,1,1,1.0,6.0,97013,A,,,972
201100066159,11,11,11,1635,1,1,1,1.0,3.0,97013,A,,,972
201100066160,11,11,14,1735,1,1,1,1.0,1.0,97013,A,,,972
201100066161,11,11,16,1830,2,2,1,1.0,6.0,97013,A,,,972
201100066162,11,11,24,50,3,1,1,1.0,6.0,97013,A,,,972
201100066163,11,11,25,2345,3,1,1,1.0,6.0,97013,A,,,972
201100066164,11,11,26,2124,3,1,1,1.0,6.0,97013,A,,,972
201100066165,11,11,27,1620,1,1,1,1.0,6.0,97013,A,,,972
201100066166,11,12,4,1337,1,2,1,3.0,7.0,97013,A,,,972
201100066167,11,12,13,835,1,1,1,1.0,6.0,97013,A,,,972
201100066168,11,12,13,1340,1,2,1,1.0,6.0,97013,A,,,972
201100066169,11,12,13,835,1,1,1,1.0,7.0,97013,A,,,972
201100066170,11,12,14,630,2,1,1,1.0,2.0,97013,A,,,972
201100066171,11,12,15,1925,3,1,1,1.0,6.0,97013,A,,,972
201100066172,11,12,23,1700,1,1,1,1.0,5.0,97013,A,,,972
201100066173,11,12,23,1830,1,1,1,1.0,3.0,97013,A,,,972
201100066174,11,12,25,545,2,1,1,1.0,3.0,97013,A,,,972
201100066175,11,12,28,620,2,1,1,1.0,1.0,97013,A,,,972
201100066176,11,12,30,2050,4,2,2,1.0,1.0,97002,G,,,973
201100066177,11,1,2,410,2,2,1,1.0,2.0,97002,G,,,973
201100066178,11,1,10,2130,5,1,1,1.0,6.0,97002,G,,,973
201100066179,11,1,19,710,1,1,1,1.0,2.0,97002,G,,,973
201100066180,11,1,23,240,5,1,3,1.0,2.0,97002,G,,,973
201100066181,11,1,20,1504,1,1,3,1.0,5.0,97002,G,,,973
201100066182,11,1,21,1015,1,1,1,7.0,3.0,97002,G,,,973
201100066183,11,1,28,1345,1,1,1,1.0,6.0,97002,G,,,973
201100066184,11,2,6,2200,5,2,1,1.0,3.0,97002,G,,,973
201100066185,11,2,12,1918,5,2,1,1.0,1.0,97002,G,,,973
201100066186,11,2,9,2004,5,2,1,2.0,1.0,97002,G,,,973
201100066187,11,2,11,2220,5,1,3,2.0,3.0,97002,G,,,973
201100066188,11,2,22,1423,1,1,1,2.0,3.0,97002,G,,,973
201100066189,11,2,20,1718,1,1,1,1.0,1.0,97002,G,,,973
201100066190,11,2,17,1035,1,1,2,1.0,3.0,97002,G,,,973
201100066191,11,2,15,1955,5,1,1,1.0,6.0,97002,G,,,973
201100066192,11,2,27,1817,1,2,1,1.0,6.0,97002,G,,,973
201100066193,11,3,6,330,5,2,2,1.0,6.0,97002,G,,,973
201100066194,11,3,1,811,1,2,2,1.0,1.0,97002,G,,,973
201100066195,11,1,15,2115,5,2,1,1.0,7.0,97002,G,,,973
201100066196,11,3,6,1109,1,2,2,1.0,6.0,97002,G,,,973
201100066197,11,3,11,825,1,2,2,,6.0,97002,G,,,973
201100066198,11,3,10,914,1,2,1,3.0,1.0,97002,G,,,973
201100066199,11,2,20,1330,1,2,6,1.0,3.0,97002,G,,,973
201100066200,11,3,6,2142,5,2,2,1.0,6.0,97002,G,,,973
201100066201,11,3,17,2104,5,1,1,1.0,3.0,97002,G,,,973
201100066202,11,3,17,1410,1,1,1,1.0,3.0,97002,G,,,973
201100066203,11,3,23,1206,1,2,1,2.0,6.0,97002,G,,,973
201100066204,11,3,27,2018,5,1,1,1.0,3.0,97002,G,,,973
201100066205,11,3,28,820,1,1,1,1.0,3.0,97002,G,,,973
201100066206,11,4,1,1240,1,2,3,1.0,3.0,97002,G,,,973
201100066207,11,4,2,1915,3,2,1,1.0,6.0,97002,G,,,973
201100066208,11,4,8,604,2,1,1,2.0,3.0,97002,G,,,973
201100066209,11,4,7,757,1,1,9,1.0,3.0,97002,G,,,973
201100066210,11,3,31,1729,1,1,1,1.0,1.0,97002,G,,,973
201100066211,11,4,9,1105,1,2,1,1.0,2.0,97002,G,,,973
201100066212,11,4,11,1726,1,1,1,1.0,3.0,97002,G,,,973
201100066213,11,4,17,1900,5,2,3,1.0,3.0,97002,G,,,973
201100066214,11,4,13,2110,5,2,3,1.0,3.0,97002,G,,,973
201100066215,11,4,18,1526,1,2,1,1.0,6.0,97002,G,,,973
201100066216,11,4,16,1125,1,1,1,1.0,3.0,97002,G,,,973
201100066217,11,4,24,10,5,2,3,1.0,6.0,97002,G,,,973