Num_Acc,an,mois,jour,hrmn,lum,agg,int,atm,col,com,gps,lat,long,dep
201100066218,11,4,27,2220,5,2,1,1.0,5.0,97002,G,,,973
201100066219,11,4,26,2125,5,2,3,1.0,3.0,97002,G,,,973
201100066220,11,4,29,1422,1,2,3,1.0,3.0,97002,G,,,973
201100066221,11,3,29,2001,5,1,3,1.0,3.0,97002,G,,,973
201100066222,11,5,4,1744,1,2,1,1.0,1.0,97002,G,,,973
201100066223,11,5,11,1820,1,2,1,1.0,3.0,97002,G,,,973
201100066224,11,5,14,1740,1,2,1,1.0,6.0,97002,G,,,973
201100066225,11,5,8,40,5,1,3,1.0,3.0,97002,G,,,973
201100066226,11,5,6,2325,5,1,1,1.0,3.0,97002,G,,,973
201100066227,11,5,5,1215,2,2,1,1.0,6.0,97002,G,,,973
201100066228,11,5,8,600,2,2,1,1.0,6.0,97002,G,,,973
201100066229,11,5,10,1940,5,2,1,1.0,6.0,97002,G,,,973
201100066230,11,5,10,1025,1,1,6,1.0,3.0,97002,G,,,973
201100066231,11,3,2,1218,1,2,2,1.0,1.0,97002,G,,,973
201100066232,11,5,17,1625,1,1,3,1.0,3.0,97002,G,,,973
201100066233,11,5,16,1112,1,2,2,3.0,3.0,97002,G,,,973
201100066234,11,5,20,425,5,2,1,2.0,6.0,97002,G,,,973
201100066235,11,5,19,1347,1,2,1,1.0,2.0,97002,G,,,973
201100066236,11,5,23,610,2,1,3,2.0,1.0,97002,G,,,973
201100066237,11,5,21,2230,5,2,1,2.0,6.0,97002,G,,,973
201100066238,11,5,22,125,5,2,1,2.0,6.0,97002,G,,,973
201100066239,11,5,22,2235,4,2,3,2.0,3.0,97002,G,,,973
201100066240,11,5,23,1100,1,2,3,1.0,3.0,97002,G,,,973
201100066241,11,5,24,1330,1,2,1,1.0,6.0,97002,G,,,973
201100066242,11,4,24,1959,5,2,1,1.0,3.0,97002,G,,,973
201100066243,11,5,27,1740,1,2,1,1.0,1.0,97002,G,,,973
201100066244,11,5,28,2149,5,1,3,3.0,3.0,97002,G,,,973
201100066245,11,5,31,1405,1,2,3,3.0,1.0,97002,G,,,973
201100066246,11,5,31,1515,1,2,1,3.0,2.0,97002,G,,,973
201100066247,11,6,2,2350,5,2,1,2.0,3.0,97002,G,,,973
201100066248,11,6,4,2016,5,2,1,1.0,2.0,97002,G,,,973
201100066249,11,6,5,1935,5,2,1,2.0,3.0,97002,G,,,973
201100066250,11,6,12,1142,1,2,2,1.0,5.0,97002,G,,,973
201100066251,11,6,13,2010,5,2,9,1.0,3.0,97002,G,,,973
201100066252,11,6,14,1514,1,1,1,1.0,2.0,97002,G,,,973
201100066253,11,6,18,1143,1,2,1,,1.0,97002,G,,,973
201100066254,11,6,21,936,1,2,1,1.0,1.0,97002,G,,,973
201100066255,11,6,20,2101,5,2,1,1.0,1.0,97002,G,,,973
201100066256,11,6,22,1818,1,2,2,2.0,1.0,97002,G,,,973
201100066257,11,6,24,2335,5,2,2,,1.0,97002,G,,,973
201100066258,11,6,25,2335,5,2,2,3.0,1.0,97002,G,,,973
201100066259,11,6,26,2210,5,2,2,1.0,1.0,97002,G,,,973
201100066260,11,6,27,1615,1,2,2,1.0,6.0,97002,G,,,973
201100066261,11,6,28,1143,1,2,1,1.0,6.0,97002,G,,,973
201100066262,11,6,29,1015,1,2,1,9.0,1.0,97002,G,,,973
201100066263,11,6,29,1825,5,2,2,3.0,1.0,97002,G,,,973
201100066264,11,7,3,615,2,2,2,3.0,1.0,97002,G,,,973
201100066265,11,7,8,1502,1,2,1,3.0,1.0,97002,G,,,973
201100066266,11,7,9,115,5,2,2,1.0,6.0,97002,G,,,973
201100066267,11,7,8,2040,5,2,2,1.0,7.0,97002,G,,,973
201100066268,11,7,14,2235,5,2,1,1.0,6.0,97002,G,,,973
201100066269,11,7,16,1940,5,2,1,1.0,3.0,97002,G,,,973
201100066270,11,7,17,1255,1,1,1,1.0,7.0,97002,G,,,973
201100066271,11,7,19,1715,1,1,1,1.0,5.0,97002,G,,,973
201100066272,11,7,20,1610,1,1,3,1.0,3.0,97002,G,,,973
201100066273,11,7,22,700,1,1,6,2.0,3.0,97002,G,,,973
201100066274,11,7,29,1910,5,2,1,1.0,3.0,97002,G,,,973
201100066275,11,7,30,1755,1,1,1,1.0,6.0,97002,G,,,973
201100066276,11,8,1,45,5,2,6,2.0,2.0,97002,G,,,973
201100066277,11,8,5,2305,5,2,1,1.0,6.0,97002,G,,,973
201100066278,11,8,6,2019,5,2,1,1.0,6.0,97002,G,,,973
201100066279,11,8,8,2015,5,2,1,1.0,1.0,97002,G,,,973
201100066280,11,8,7,1915,3,2,1,1.0,1.0,97002,G,,,973
201100066281,11,8,10,1629,1,2,1,1.0,2.0,97002,G,,,973
201100066282,11,8,12,2130,5,2,6,1.0,3.0,97002,G,,,973
201100066283,11,8,13,1150,1,2,3,1.0,3.0,97002,G,,,973
201100066284,11,8,18,2015,5,2,1,1.0,5.0,97002,G,,,973
201100066285,11,8,19,928,1,2,1,1.0,6.0,97002,G,,,973
201100066286,11,8,22,1630,1,2,3,1.0,3.0,97002,G,,,973
201100066287,11,8,26,140,5,1,1,1.0,6.0,97002,G,,,973
201100066288,11,8,31,2137,5,2,3,1.0,3.0,97002,G,,,973
201100066289,11,9,1,830,1,2,1,1.0,3.0,97002,G,,,973
201100066290,11,9,2,2127,5,2,1,1.0,1.0,97002,G,,,973
201100066291,11,9,6,1906,1,2,1,1.0,2.0,97002,G,,,973
201100066292,11,9,9,2130,5,2,3,1.0,3.0,97002,G,,,973
201100066293,11,9,10,1251,1,2,1,1.0,3.0,97002,G,,,973
201100066294,11,9,12,1230,1,2,1,1.0,3.0,97002,G,,,973
201100066295,11,9,12,2335,5,2,1,1.0,6.0,97002,G,,,973
201100066296,11,9,18,1150,1,2,3,1.0,3.0,97002,G,,,973
201100066297,11,9,19,1205,1,2,3,2.0,3.0,97002,G,,,973
201100066298,11,9,24,1000,1,2,2,1.0,3.0,97002,G,,,973
201100066299,11,9,24,2020,5,1,1,1.0,2.0,97002,G,,,973
201100066300,11,9,25,710,1,2,1,1.0,3.0,97002,G,,,973
201100066301,11,9,28,2030,5,2,3,1.0,3.0,97002,G,,,973
201100066302,11,10,8,615,1,1,1,1.0,2.0,97002,G,,,973
201100066303,11,10,8,1754,2,2,2,1.0,3.0,97002,G,,,973
201100066304,11,10,1,1250,1,2,1,1.0,6.0,97002,G,,,973
201100066305,11,10,8,1439,1,2,1,1.0,2.0,97002,G,,,973
201100066306,11,10,3,1105,1,2,1,1.0,3.0,97002,G,,,973
201100066307,11,10,11,1625,1,1,1,1.0,6.0,97002,G,,,973
201100066308,11,10,6,1258,1,1,1,1.0,3.0,97002,G,,,973
201100066309,11,10,10,650,1,2,2,1.0,3.0,97002,G,,,973
201100066310,11,10,13,1810,2,2,1,1.0,2.0,97002,G,,,973
201100066311,11,10,15,1445,1,2,1,1.0,3.0,97002,G,,,973
201100066312,11,10,12,1245,1,2,1,1.0,3.0,97002,G,,,973
201100066313,11,10,12,1240,1,2,1,1.0,2.0,97002,G,,,973
201100066314,11,10,17,1725,1,1,1,1.0,6.0,97002,G,,,973
201100066315,11,10,19,1250,1,2,1,1.0,2.0,97002,G,,,973
201100066316,11,10,19,1935,5,2,1,1.0,3.0,97002,G,,,973
201100066317,11,10,7,1045,1,2,1,1.0,3.0,97002,G,,,973
201100066318,11,10,7,1210,1,2,1,1.0,3.0,97002,G,,,973
201100066319,11,10,21,2210,5,2,1,1.0,1.0,97002,G,,,973
201100066320,11,10,21,1044,1,2,1,1.0,3.0,97002,G,,,973
201100066321,11,10,24,1235,1,1,1,1.0,3.0,97002,G,,,973
201100066322,11,10,24,1339,1,1,1,1.0,1.0,97002,G,,,973
201100066323,11,11,5,1659,1,1,1,1.0,2.0,97002,G,,,973
201100066324,11,11,5,1939,5,1,6,1.0,7.0,97002,G,,,973
201100066325,11,11,5,2330,5,2,3,1.0,3.0,97002,G,,,973
201100066326,11,11,6,1230,1,2,1,1.0,3.0,97002,G,,,973
201100066327,11,11,6,1320,1,2,3,1.0,3.0,97002,G,,,973
201100066328,11,11,8,710,1,1,1,1.0,3.0,97002,G,,,973
201100066329,11,11,8,1225,1,2,2,1.0,3.0,97002,G,,,973
201100066330,11,11,8,1834,5,2,1,1.0,3.0,97002,G,,,973
201100066331,11,11,9,2215,5,1,1,1.0,2.0,97002,G,,,973
201100066332,11,11,11,1904,5,1,1,1.0,3.0,97002,G,,,973
201100066333,11,11,20,1115,1,2,2,1.0,3.0,97002,G,,,973
201100066334,11,11,26,1030,1,2,1,1.0,3.0,97002,G,,,973
201100066335,11,11,26,1455,1,2,1,1.0,3.0,97002,G,,,973
201100066336,11,11,27,1020,1,2,1,1.0,3.0,97002,G,,,973
201100066337,11,11,27,1750,1,2,2,1.0,6.0,97002,G,,,973
201100066338,11,11,28,1135,1,2,3,1.0,7.0,97002,G,,,973
201100066339,11,11,29,1125,1,2,1,1.0,2.0,97002,G,,,973
201100066340,11,12,1,1128,1,2,1,1.0,2.0,97002,G,,,973
201100066341,11,12,2,910,1,2,1,1.0,6.0,97002,G,,,973
201100066342,11,12,6,915,1,2,1,1.0,3.0,97002,G,,,973
201100066343,11,12,6,1620,1,2,1,1.0,3.0,97002,G,,,973
201100066344,11,12,8,1000,1,1,1,1.0,3.0,97002,G,,,973
201100066345,11,12,8,1140,1,2,2,1.0,3.0,97002,G,,,973
201100066346,11,12,9,2000,5,2,1,1.0,2.0,97002,G,,,973
201100066347,11,12,12,2030,5,2,1,1.0,3.0,97002,G,,,973
201100066348,11,12,13,725,1,2,1,1.0,6.0,97002,G,,,973
201100066349,11,12,13,805,1,1,3,2.0,3.0,97002,G,,,973
201100066350,11,12,13,2035,5,2,3,1.0,3.0,97002,G,,,973
201100066351,11,10,21,735,1,1,1,1.0,6.0,97002,G,,,973
201100066352,11,10,26,1230,1,1,1,1.0,7.0,97002,G,,,973
201100066353,11,12,14,1945,5,1,2,1.0,3.0,97002,G,,,973
201100066354,11,12,17,1205,1,2,1,1.0,1.0,97002,G,,,973
201100066355,11,12,18,1355,1,2,2,1.0,6.0,97002,G,,,973
201100066356,11,12,19,1255,1,2,1,,1.0,97002,G,,,973
201100066357,11,12,22,2045,5,2,1,,5.0,97002,G,,,973
201100066358,11,12,22,1855,5,2,2,2.0,1.0,97002,G,,,973
201100066359,11,12,23,1152,1,2,1,1.0,1.0,97002,G,,,973
201100066360,11,12,24,2138,5,2,2,,,97002,G,,,973
201100066361,11,12,25,1923,5,2,2,3.0,1.0,97002,G,,,973
201100066362,11,12,26,1910,5,2,2,,6.0,97002,G,,,973
201100066363,11,12,6,920,1,1,1,1.0,3.0,97002,G,,,973
201100066364,11,12,27,1149,1,2,2,3.0,1.0,97002,G,,,973
201100066365,11,7,28,230,5,2,1,1.0,1.0,97002,G,,,973
201100066366,11,1,7,1808,1,2,2,1.0,3.0,97007,R,,,974
201100066367,11,1,11,1020,1,2,9,1.0,6.0,97007,R,,,974
201100066368,11,1,27,810,1,2,2,1.0,5.0,97007,R,,,974
201100066369,11,1,27,1150,1,2,1,1.0,6.0,97007,R,,,974
201100066370,11,2,3,1950,5,2,1,1.0,6.0,97007,R,,,974
201100066371,11,2,6,100,5,2,6,1.0,6.0,97007,R,,,974
201100066372,11,2,7,1615,1,2,7,1.0,2.0,97007,R,,,974
201100066373,11,2,8,1700,1,2,1,1.0,6.0,97007,R,,,974
201100066374,11,2,12,1815,1,2,1,1.0,6.0,97007,R,,,974
201100066375,11,2,12,2120,3,2,6,1.0,2.0,97007,R,,,974
201100066376,11,2,21,1000,1,2,2,1.0,6.0,97007,R,,,974
201100066377,11,2,21,1905,2,2,6,1.0,3.0,97007,R,,,974
201100066378,11,2,22,820,1,1,1,1.0,6.0,97007,R,,,974
201100066379,11,2,27,200,5,2,1,1.0,6.0,97007,R,,,974
201100066380,11,3,2,1900,2,1,1,1.0,6.0,97007,R,,,974
201100066381,11,3,5,1850,2,1,1,2.0,7.0,97007,R,,,974
201100066382,11,3,10,1600,1,1,1,3.0,4.0,97007,R,,,974
201100066383,11,3,11,2115,5,2,1,1.0,6.0,97007,R,,,974
201100066384,11,3,19,1655,1,2,1,1.0,2.0,97007,R,,,974
201100066385,11,3,19,1705,1,2,1,1.0,3.0,97007,R,,,974
201100066386,11,3,22,1015,1,1,1,1.0,2.0,97007,R,,,974
201100066387,11,3,23,1857,5,2,3,1.0,3.0,97007,R,,,974
201100066388,11,3,23,2020,3,1,6,1.0,6.0,97007,R,,,974
201100066389,11,3,23,2112,5,2,2,1.0,6.0,97007,R,,,974
201100066390,11,3,24,1520,1,1,1,1.0,3.0,97007,R,,,974
201100066391,11,3,25,810,1,1,1,1.0,2.0,97007,R,,,974
201100066392,11,3,25,1200,1,2,3,1.0,3.0,97007,R,,,974
201100066393,11,3,30,810,1,1,6,1.0,2.0,97007,R,,,974
201100066394,11,4,3,1515,1,2,1,1.0,7.0,97007,R,,,974
201100066395,11,4,7,1630,1,1,1,1.0,5.0,97007,R,,,974
201100066396,11,4,9,940,1,2,1,1.0,3.0,97007,R,,,974
201100066397,11,4,11,1035,1,2,1,1.0,6.0,97007,R,,,974
201100066398,11,4,12,900,1,2,2,1.0,3.0,97007,R,,,974
201100066399,11,4,12,945,1,2,1,1.0,5.0,97007,R,,,974
201100066400,11,4,19,740,1,2,1,1.0,3.0,97007,R,,,974
201100066401,11,4,22,1700,1,1,1,1.0,6.0,97007,R,,,974
201100066402,11,4,26,1715,1,1,1,1.0,2.0,97007,R,,,974
201100066403,11,5,2,1050,1,2,1,1.0,2.0,97007,R,,,974
201100066404,11,5,3,1515,1,2,1,1.0,5.0,97007,R,,,974
201100066405,11,5,5,1555,1,2,1,1.0,2.0,97007,R,,,974
201100066406,11,5,6,1810,1,2,3,1.0,5.0,97007,R,,,974
201100066407,11,5,15,2115,5,2,2,1.0,3.0,97007,R,,,974
201100066408,11,6,2,1205,1,2,1,1.0,3.0,97007,R,,,974
201100066409,11,6,6,800,1,2,1,1.0,6.0,97007,R,,,974
201100066410,11,6,6,1800,5,2,1,1.0,7.0,97007,R,,,974
201100066411,11,6,14,735,2,2,2,3.0,3.0,97007,R,,,974
201100066412,11,6,17,1715,1,1,1,1.0,6.0,97007,R,,,974
201100066413,11,6,21,1739,1,2,1,1.0,3.0,97007,R,,,974
201100066414,11,7,2,2035,5,2,1,1.0,1.0,97007,R,,,974
201100066415,11,7,3,2030,4,2,6,1.0,7.0,97007,R,,,974
201100066416,11,7,5,1700,1,1,1,1.0,3.0,97007,R,,,974
201100066417,11,7,13,1905,3,2,1,1.0,6.0,97007,R,,,974
201100066418,11,7,13,2120,3,1,1,1.0,2.0,97007,R,,,974
201100066419,11,7,23,940,1,2,6,1.0,3.0,97007,R,,,974
201100066420,11,7,23,1905,5,2,2,1.0,3.0,97007,R,,,974
201100066421,11,7,25,850,1,2,1,1.0,6.0,97007,R,,,974
201100066422,11,8,1,1450,1,2,2,1.0,3.0,97007,R,,,974
201100066423,11,8,3,2315,5,2,2,1.0,6.0,97007,R,,,974
201100066424,11,8,5,1125,1,2,1,1.0,3.0,97007,R,,,974
201100066425,11,8,15,1850,3,2,3,1.0,3.0,97007,R,,,974
201100066426,11,8,16,1120,1,2,6,1.0,3.0,97007,R,,,974
201100066427,11,8,16,1825,2,2,2,1.0,3.0,97007,R,,,974
201100066428,11,8,17,1320,1,2,1,1.0,3.0,97007,R,,,974
201100066429,11,8,18,720,1,2,2,1.0,3.0,97007,R,,,974
201100066430,11,8,19,1115,1,2,2,1.0,3.0,97007,R,,,974
201100066431,11,8,23,720,1,2,1,1.0,3.0,97007,R,,,974
201100066432,11,8,23,1710,1,2,1,1.0,3.0,97007,R,,,974
201100066433,11,8,25,1830,2,2,3,1.0,6.0,97007,R,,,974
201100066434,11,9,6,900,1,1,1,1.0,2.0,97007,R,,,974
201100066435,11,9,7,800,1,1,1,1.0,6.0,97007,R,,,974
201100066436,11,9,8,1640,1,1,1,1.0,2.0,97007,R,,,974
201100066437,11,9,15,600,2,2,1,1.0,6.0,97007,R,,,974
201100066438,11,9,15,1157,1,2,1,1.0,2.0,97007,R,,,974
201100066439,11,9,15,1525,1,2,1,1.0,7.0,97007,R,,,974
201100066440,11,9,17,1220,1,1,6,2.0,6.0,97007,R,,,974
201100066441,11,9,27,1204,1,2,2,1.0,7.0,97007,R,,,974
201100066442,11,9,28,1346,1,1,6,1.0,7.0,97007,R,,,974
201100066443,11,9,30,1500,1,2,1,1.0,4.0,97007,R,,,974
201100066444,11,10,6,2030,5,2,1,1.0,2.0,97007,R,,,974
201100066445,11,10,7,800,1,2,1,1.0,3.0,97007,R,,,974
201100066446,11,10,10,1030,1,2,2,1.0,6.0,97007,R,,,974
201100066447,11,10,20,745,1,2,1,1.0,3.0,97007,R,,,974
201100066448,11,11,3,1815,2,2,3,1.0,3.0,97007,R,,,974
201100066449,11,11,5,1945,5,2,1,1.0,6.0,97007,R,,,974
201100066450,11,11,6,600,2,1,1,1.0,6.0,97007,R,,,974
201100066451,11,11,7,1430,1,2,1,1.0,6.0,97007,R,,,974
201100066452,11,11,7,1720,1,2,3,1.0,3.0,97007,R,,,974
201100066453,11,11,10,625,1,2,2,2.0,3.0,97007,R,,,974
201100066454,11,11,12,2023,3,2,2,1.0,3.0,97007,R,,,974
201100066455,11,11,17,1940,4,2,1,1.0,7.0,97007,R,,,974
201100066456,11,11,19,615,1,2,2,1.0,3.0,97007,R,,,974
201100066457,11,11,26,1635,1,2,1,1.0,6.0,97007,R,,,974
201100066458,11,11,26,1745,1,2,2,1.0,3.0,97007,R,,,974
201100066459,11,11,29,745,1,2,1,1.0,6.0,97007,R,,,974
201100066460,11,11,29,1510,1,1,1,1.0,1.0,97007,R,,,974
201100066461,11,12,13,430,3,2,1,1.0,6.0,97007,R,,,974
201100066462,11,12,18,2210,5,2,2,1.0,3.0,97007,R,,,974
201100066463,11,12,25,138,5,2,2,1.0,1.0,97007,R,,,974
201100066464,11,12,25,245,4,2,1,1.0,3.0,97007,R,,,974
201100066465,11,12,25,1800,1,2,1,1.0,6.0,97007,R,,,974
201100066466,11,12,31,1310,1,2,2,1.0,5.0,97007,R,,,974
201100066467,11,1,3,1345,1,2,1,1.0,1.0,97009,R,,,974
201100066468,11,1,22,1925,3,2,1,1.0,6.0,97009,R,,,974
201100066469,11,1,10,1900,1,2,1,1.0,1.0,97009,R,,,974
201100066470,11,1,12,650,2,1,1,8.0,7.0,97009,R,,,974
201100066471,11,1,24,1515,1,1,1,1.0,3.0,97009,R,,,974
201100066472,11,2,1,1000,1,2,1,1.0,2.0,97009,R,,,974
201100066473,11,2,11,1145,1,2,1,2.0,2.0,97009,R,,,974
201100066474,11,2,12,1115,1,2,1,1.0,7.0,97009,R,,,974
201100066475,11,2,15,1140,1,1,1,1.0,7.0,97009,R,,,974
201100066476,11,2,10,2210,3,1,1,1.0,1.0,97009,R,,,974
201100066477,11,2,18,1850,2,1,1,1.0,3.0,97009,R,,,974
201100066478,11,2,20,1940,5,2,1,1.0,2.0,97009,R,,,974
201100066479,11,2,27,1825,1,2,1,1.0,7.0,97009,R,,,974
201100066480,11,2,27,540,2,1,1,1.0,7.0,97009,R,,,974
201100066481,11,3,1,1615,1,2,1,1.0,2.0,97009,R,,,974
201100066482,11,3,7,1720,1,2,1,1.0,7.0,97009,R,,,974
201100066483,11,3,13,2105,3,2,1,1.0,7.0,97009,R,,,974
201100066484,11,3,14,1055,1,2,1,2.0,1.0,97009,R,,,974
201100066485,11,3,10,710,1,2,1,1.0,7.0,97009,R,,,974
201100066486,11,3,16,2245,5,1,1,2.0,7.0,97009,R,,,974
201100066487,11,3,17,310,3,1,1,1.0,7.0,97009,R,,,974
201100066488,11,3,23,1200,1,1,1,1.0,1.0,97009,R,,,974
201100066489,11,3,25,2330,5,2,1,1.0,3.0,97009,R,,,974
201100066490,11,4,11,1745,2,2,1,1.0,3.0,97009,R,,,974
201100066491,11,4,15,1515,1,1,1,1.0,7.0,97009,R,,,974
201100066492,11,4,16,1815,2,2,1,1.0,3.0,97009,R,,,974
201100066493,11,4,18,1910,3,1,1,1.0,2.0,97009,R,,,974
201100066494,11,4,20,710,1,2,1,1.0,1.0,97009,R,,,974
201100066495,11,4,20,1440,1,1,1,1.0,3.0,97009,R,,,974
201100066496,11,4,23,2155,5,2,1,1.0,7.0,97009,R,,,974
201100066497,11,4,24,1900,3,2,1,1.0,7.0,97009,R,,,974
201100066498,11,5,6,1855,3,1,1,1.0,7.0,97009,R,,,974
201100066499,11,5,12,1910,3,1,1,2.0,6.0,97009,R,,,974
201100066500,11,5,12,855,1,2,6,1.0,3.0,97009,R,,,974
201100066501,11,5,31,722,1,2,1,1.0,7.0,97009,R,,,974
201100066502,11,6,4,900,1,2,1,1.0,3.0,97009,R,,,974
201100066503,11,6,10,735,1,2,1,1.0,7.0,97009,R,,,974
201100066504,11,6,11,315,3,1,1,1.0,3.0,97009,R,,,974
201100066505,11,6,12,745,1,2,1,2.0,1.0,97009,R,,,974
201100066506,11,6,9,2255,5,2,1,1.0,7.0,97009,R,,,974
201100066507,11,6,21,1220,1,1,1,1.0,3.0,97009,R,,,974
201100066508,11,6,27,1220,1,2,1,1.0,3.0,97009,R,,,974
201100066509,11,6,27,1540,1,2,1,1.0,3.0,97009,R,,,974
201100066510,11,7,3,1010,1,1,1,1.0,1.0,97009,R,,,974
201100066511,11,7,11,1925,3,1,1,1.0,7.0,97009,R,,,974
201100066512,11,7,17,2000,5,2,1,2.0,7.0,97009,R,,,974
201100066513,11,7,18,1655,1,2,1,1.0,7.0,97009,R,,,974
201100066514,11,7,22,1155,1,1,1,2.0,7.0,97009,R,,,974
201100066515,11,7,27,1840,5,2,6,1.0,3.0,97009,R,,,974
201100066516,11,9,1,1830,2,2,3,1.0,3.0,97009,R,,,974
201100066517,11,9,2,1505,1,2,1,1.0,6.0,97009,R,,,974
201100066518,11,9,5,755,1,1,1,1.0,6.0,97009,R,,,974
201100066519,11,9,8,1815,2,2,3,1.0,3.0,97009,R,,,974
201100066520,11,9,12,2100,3,1,1,1.0,6.0,97009,R,,,974
201100066521,11,9,28,1520,1,1,1,1.0,2.0,97009,R,,,974
201100066522,11,10,5,620,2,2,3,1.0,3.0,97009,R,,,974
201100066523,11,10,7,1215,1,1,1,1.0,6.0,97009,R,,,974
201100066524,11,10,8,945,1,2,3,1.0,3.0,97009,R,,,974
201100066525,11,10,8,1800,2,2,3,1.0,3.0,97009,R,,,974
201100066526,11,10,12,1425,1,2,3,1.0,3.0,97009,R,,,974
201100066527,11,10,17,1610,1,2,1,1.0,7.0,97009,R,,,974
201100066528,11,10,19,1250,1,2,1,1.0,2.0,97009,R,,,974
201100066529,11,10,24,1725,1,2,1,1.0,3.0,97009,R,,,974
201100066530,11,10,27,1015,1,2,1,1.0,1.0,97009,R,,,974
201100066531,11,10,30,1755,2,2,1,1.0,7.0,97009,R,,,974
201100066532,11,11,5,820,1,2,3,1.0,3.0,97009,R,,,974
201100066533,11,11,5,1225,1,2,1,1.0,3.0,97009,R,,,974
201100066534,11,11,8,825,1,2,1,1.0,6.0,97009,R,,,974
201100066535,11,11,13,2010,3,1,1,1.0,7.0,97009,R,,,974
201100066536,11,11,20,2155,3,1,1,1.0,7.0,97009,R,,,974
201100066537,11,11,21,1710,1,1,1,1.0,5.0,97009,R,,,974
201100066538,11,11,22,1505,1,2,3,1.0,3.0,97009,R,,,974
201100066539,11,11,23,1955,4,2,6,1.0,2.0,97009,R,,,974
201100066540,11,12,3,1445,1,2,1,1.0,6.0,97009,R,,,974
201100066541,11,12,3,1925,3,2,1,1.0,7.0,97009,R,,,974
201100066542,11,12,3,2155,3,2,1,1.0,7.0,97009,R,,,974
201100066543,11,12,4,2105,5,2,3,1.0,6.0,97009,R,,,974
201100066544,11,12,6,1745,2,2,1,1.0,1.0,97009,R,,,974
201100066545,11,12,7,1135,1,2,3,1.0,7.0,97009,R,,,974
201100066546,11,12,10,1455,1,2,1,1.0,6.0,97010,R,,,974
201100066547,11,12,18,2210,5,2,2,2.0,1.0,97009,R,,,974
201100066548,11,12,10,2135,5,2,1,1.0,6.0,97009,R,,,974
201100066549,11,12,12,1100,1,2,1,1.0,1.0,97009,R,,,974
201100066550,11,12,17,1425,1,2,1,1.0,3.0,97009,R,,,974
201100066551,11,12,19,1700,1,1,1,1.0,6.0,97009,R,,,974
201100066552,11,12,19,2045,3,1,1,3.0,7.0,97009,R,,,974
201100066553,11,12,20,1910,5,1,1,1.0,2.0,97009,R,,,974
201100066554,11,12,21,915,1,1,3,2.0,7.0,97009,R,,,974
201100066555,11,12,25,650,1,1,1,1.0,7.0,97009,R,,,974
201100066556,11,1,1,455,2,2,2,1.0,3.0,97011,R,,,974
201100066557,11,1,1,630,2,1,1,1.0,6.0,97011,R,,,974
201100066558,11,1,5,1040,1,2,1,1.0,6.0,97011,R,,,974
201100066559,11,1,8,2300,5,2,9,1.0,1.0,97011,R,,,974
201100066560,11,1,9,210,5,2,6,1.0,6.0,97011,R,,,974
201100066561,11,1,9,1245,1,1,1,1.0,2.0,97011,R,,,974
201100066562,11,1,11,1952,3,1,1,1.0,1.0,97011,R,,,974
201100066563,11,1,16,651,2,2,1,1.0,6.0,97011,R,,,974
201100066564,11,1,16,2120,5,2,1,1.0,2.0,97011,R,,,974
201100066565,11,1,21,1600,1,2,1,2.0,5.0,97011,R,,,974
201100066566,11,1,23,242,5,2,5,1.0,3.0,97011,R,,,974
201100066567,11,1,24,800,1,1,1,1.0,7.0,97011,R,,,974
201100066568,11,1,29,1125,1,2,1,3.0,7.0,97011,R,,,974
201100066569,11,2,1,650,1,2,1,1.0,1.0,97011,R,,,974
201100066570,11,2,15,1000,1,2,2,1.0,6.0,97011,R,,,974
201100066571,11,2,4,1515,1,2,1,1.0,2.0,97011,R,,,974
201100066572,11,2,9,1435,1,1,1,1.0,1.0,97011,R,,,974
201100066573,11,2,11,2310,5,2,2,3.0,3.0,97011,R,,,974
201100066574,11,2,12,2037,5,1,1,1.0,7.0,97011,R,,,974
201100066575,11,2,19,2210,3,1,1,2.0,7.0,97011,R,,,974
201100066576,11,2,24,1603,1,1,1,1.0,7.0,97011,R,,,974
201100066577,11,2,26,1013,1,1,1,1.0,1.0,97011,R,,,974
201100066578,11,3,1,2245,5,2,1,1.0,2.0,97011,R,,,974
201100066579,11,3,2,1845,2,2,1,1.0,7.0,97011,R,,,974
201100066580,11,3,2,1900,5,1,1,1.0,6.0,97011,R,,,974
201100066581,11,3,6,37,5,2,1,1.0,1.0,97011,R,,,974
201100066582,11,3,9,1035,1,1,1,1.0,1.0,97011,R,,,974
201100066583,11,3,10,1930,3,2,1,3.0,6.0,97011,R,,,974
201100066584,11,3,11,750,1,2,9,1.0,6.0,97011,R,,,974
201100066585,11,3,11,1208,1,1,1,1.0,3.0,97011,R,,,974
201100066586,11,3,12,45,4,2,2,1.0,1.0,97011,R,,,974
201100066587,11,3,13,250,3,1,1,1.0,2.0,97011,R,,,974
201100066588,11,3,20,2030,5,1,1,1.0,6.0,97011,R,,,974
201100066589,11,3,21,1500,1,1,1,1.0,1.0,97011,R,,,974
201100066590,11,3,23,348,5,2,1,1.0,7.0,97011,R,,,974
201100066591,11,3,24,755,1,2,1,1.0,6.0,97011,R,,,974
201100066592,11,3,25,1140,1,1,1,1.0,7.0,97011,R,,,974
201100066593,11,3,26,118,5,2,1,1.0,7.0,97011,R,,,974
201100066594,11,3,27,920,1,1,1,2.0,7.0,97011,R,,,974
201100066595,11,3,28,1155,1,1,1,1.0,3.0,97011,R,,,974
201100066596,11,3,29,1800,5,2,1,1.0,3.0,97011,R,,,974