Num_Acc,an,mois,jour,hrmn,lum,agg,int,atm,col,com,gps,lat,long,dep
201100066597,11,3,30,720,1,2,1,1.0,7.0,97011,R,,,974
201100066598,11,4,2,2041,5,2,1,1.0,2.0,97011,R,,,974
201100066599,11,4,2,2143,3,1,1,1.0,7.0,97011,R,,,974
201100066600,11,4,3,900,1,1,1,1.0,4.0,97011,R,,,974
201100066601,11,4,3,2140,5,2,1,1.0,1.0,97011,R,,,974
201100066602,11,4,5,1508,1,2,6,1.0,3.0,97011,R,,,974
201100066603,11,4,12,1030,1,2,1,1.0,7.0,97011,R,,,974
201100066604,11,4,13,810,1,2,1,1.0,6.0,97011,R,,,974
201100066605,11,4,14,2000,5,2,2,1.0,3.0,97011,R,,,974
201100066606,11,4,15,1019,1,1,1,1.0,4.0,97011,R,,,974
201100066607,11,4,19,1910,5,1,1,1.0,1.0,97011,R,,,974
201100066608,11,4,20,905,1,2,2,1.0,3.0,97011,R,,,974
201100066609,11,4,21,1108,1,2,1,1.0,1.0,97011,R,,,974
201100066610,11,4,24,2131,5,2,1,1.0,1.0,97011,R,,,974
201100066611,11,4,26,1709,2,1,1,1.0,3.0,97011,R,,,974
201100066612,11,4,29,1915,5,2,1,1.0,7.0,97011,R,,,974
201100066613,11,5,2,1735,1,2,1,1.0,6.0,97011,R,,,974
201100066614,11,5,7,1744,2,2,1,1.0,3.0,97011,R,,,974
201100066615,11,5,7,1920,5,2,1,3.0,6.0,97011,R,,,974
201100066616,11,5,8,550,5,2,2,1.0,3.0,97011,R,,,974
201100066617,11,5,12,2000,5,2,2,1.0,1.0,97011,R,,,974
201100066618,11,5,13,615,1,1,1,1.0,3.0,97011,R,,,974
201100066619,11,5,13,1430,1,2,5,1.0,2.0,97011,R,,,974
201100066620,11,5,13,1915,5,2,1,1.0,5.0,97011,R,,,974
201100066621,11,5,18,610,2,1,1,1.0,2.0,97011,R,,,974
201100066622,11,5,19,2250,5,2,2,1.0,3.0,97011,R,,,974
201100066623,11,5,19,2220,5,2,6,1.0,6.0,97011,R,,,974
201100066624,11,5,20,1745,5,2,1,1.0,6.0,97011,R,,,974
201100066625,11,5,21,100,5,1,1,1.0,3.0,97011,R,,,974
201100066626,11,5,22,1825,5,2,1,1.0,1.0,97011,R,,,974
201100066627,11,5,23,1405,1,2,4,1.0,1.0,97011,R,,,974
201100066628,11,5,24,1753,2,2,1,1.0,7.0,97011,R,,,974
201100066629,11,5,26,1045,1,1,1,1.0,1.0,97011,R,,,974
201100066630,11,5,26,1710,2,2,1,9.0,7.0,97011,R,,,974
201100066631,11,5,26,1815,5,2,1,1.0,2.0,97011,R,,,974
201100066632,11,5,27,1235,1,1,1,1.0,2.0,97011,R,,,974
201100066633,11,5,30,820,1,2,4,1.0,3.0,97011,R,,,974
201100066634,11,6,5,1955,5,2,1,1.0,3.0,97011,R,,,974
201100066635,11,6,6,1445,1,2,1,1.0,1.0,97011,R,,,974
201100066636,11,6,11,1844,3,2,2,1.0,3.0,97011,R,,,974
201100066637,11,6,14,1035,1,2,1,1.0,6.0,97011,R,,,974
201100066638,11,6,15,2040,5,2,1,1.0,6.0,97011,R,,,974
201100066639,11,6,21,1300,1,2,1,1.0,3.0,97011,R,,,974
201100066640,11,6,25,730,3,1,1,1.0,7.0,97011,R,,,974
201100066641,11,6,25,230,5,2,5,1.0,3.0,97011,R,,,974
201100066642,11,6,25,1705,1,2,5,1.0,3.0,97011,R,,,974
201100066643,11,7,2,100,5,2,1,1.0,4.0,97011,R,,,974
201100066644,11,7,4,815,1,1,1,1.0,6.0,97011,R,,,974
201100066645,11,7,10,535,5,2,1,1.0,6.0,97011,R,,,974
201100066646,11,7,14,1015,1,2,1,1.0,6.0,97011,R,,,974
201100066647,11,7,15,2347,5,2,1,2.0,7.0,97011,R,,,974
201100066648,11,7,16,2220,5,1,1,1.0,7.0,97011,R,,,974
201100066649,11,7,18,1816,3,2,3,1.0,1.0,97011,R,,,974
201100066650,11,7,18,1835,5,2,1,1.0,6.0,97011,R,,,974
201100066651,11,7,18,1530,1,2,6,1.0,2.0,97011,R,,,974
201100066652,11,7,20,2240,5,2,1,1.0,6.0,97011,R,,,974
201100066653,11,7,21,1900,5,2,1,1.0,2.0,97011,R,,,974
201100066654,11,7,22,2100,5,2,1,1.0,,97011,R,,,974
201100066655,11,7,22,1915,5,1,1,1.0,3.0,97011,R,,,974
201100066656,11,7,22,1300,1,2,2,1.0,3.0,97011,R,,,974
201100066657,11,7,23,1615,1,2,2,1.0,3.0,97011,R,,,974
201100066658,11,7,23,1040,1,1,1,1.0,6.0,97011,R,,,974
201100066659,11,7,24,1845,5,2,3,1.0,3.0,97011,R,,,974
201100066660,11,7,20,2020,5,1,1,1.0,5.0,97011,R,,,974
201100066661,11,7,27,1640,2,2,1,1.0,6.0,97011,R,,,974
201100066662,11,7,30,1050,1,1,1,1.0,7.0,97011,R,,,974
201100066663,11,7,31,2015,5,2,1,1.0,3.0,97011,R,,,974
201100066664,11,7,31,1635,1,2,9,1.0,6.0,97011,R,,,974
201100066665,11,8,1,1000,1,2,1,1.0,3.0,97011,R,,,974
201100066666,11,8,6,400,5,2,1,2.0,1.0,97011,R,,,974
201100066667,11,8,6,530,5,2,1,8.0,7.0,97011,R,,,974
201100066668,11,8,9,1545,1,2,2,1.0,3.0,97011,R,,,974
201100066669,11,8,10,900,1,1,1,9.0,7.0,97011,R,,,974
201100066670,11,8,13,554,3,1,1,1.0,6.0,97011,R,,,974
201100066671,11,8,13,1230,1,1,1,1.0,3.0,97011,R,,,974
201100066672,11,8,13,2000,5,2,2,2.0,3.0,97011,R,,,974
201100066673,11,8,13,2130,5,2,1,3.0,5.0,97011,R,,,974
201100066674,11,8,20,1445,1,1,1,1.0,1.0,97011,R,,,974
201100066675,11,8,21,1815,3,1,1,2.0,2.0,97011,R,,,974
201100066676,11,8,23,1100,1,1,1,1.0,2.0,97011,R,,,974
201100066677,11,8,29,905,1,2,1,1.0,7.0,97011,R,,,974
201100066678,11,9,2,715,1,1,1,1.0,3.0,97011,R,,,974
201100066679,11,9,2,1140,1,2,1,1.0,6.0,97011,R,,,974
201100066680,11,9,3,655,1,2,1,1.0,2.0,97011,R,,,974
201100066681,11,9,7,1420,1,1,1,1.0,7.0,97011,R,,,974
201100066682,11,9,8,1300,1,2,1,1.0,6.0,97011,R,,,974
201100066683,11,9,12,726,2,2,1,1.0,3.0,97011,R,,,974
201100066684,11,9,16,605,2,2,5,1.0,3.0,97011,R,,,974
201100066685,11,9,16,1830,5,2,1,1.0,1.0,97011,R,,,974
201100066686,11,9,17,1631,1,2,1,1.0,1.0,97011,R,,,974
201100066687,11,9,18,1155,1,1,1,1.0,2.0,97011,R,,,974
201100066688,11,9,20,1657,1,1,1,1.0,5.0,97011,R,,,974
201100066689,11,9,20,2145,5,2,4,1.0,3.0,97011,R,,,974
201100066690,11,9,21,2200,5,2,2,1.0,3.0,97011,R,,,974
201100066691,11,9,22,1522,1,2,1,1.0,2.0,97011,R,,,974
201100066692,11,9,25,655,2,1,1,1.0,7.0,97011,R,,,974
201100066693,11,10,3,1035,1,2,1,1.0,6.0,97011,R,,,974
201100066694,11,10,4,1715,1,2,1,1.0,5.0,97011,R,,,974
201100066695,11,10,7,920,1,1,1,1.0,3.0,97011,R,,,974
201100066696,11,10,7,1615,1,1,1,1.0,3.0,97011,R,,,974
201100066697,11,10,15,215,5,2,2,1.0,3.0,97011,R,,,974
201100066698,11,10,17,815,1,2,2,1.0,3.0,97011,R,,,974
201100066699,11,10,19,950,1,1,6,1.0,1.0,97011,R,,,974
201100066700,11,10,23,605,1,2,5,1.0,3.0,97011,R,,,974
201100066701,11,10,26,1315,1,2,4,1.0,3.0,97011,R,,,974
201100066702,11,10,26,1700,1,1,4,1.0,1.0,97011,R,,,974
201100066703,11,10,28,1045,1,2,1,1.0,3.0,97011,R,,,974
201100066704,11,10,29,110,5,1,1,1.0,2.0,97011,R,,,974
201100066705,11,10,31,1755,1,2,1,1.0,2.0,97011,R,,,974
201100066706,11,11,1,1102,1,1,1,1.0,4.0,97011,R,,,974
201100066707,11,11,1,1345,1,2,6,1.0,1.0,97011,R,,,974
201100066708,11,11,2,1745,1,2,1,1.0,6.0,97011,R,,,974
201100066709,11,11,3,1710,1,2,2,1.0,5.0,97011,R,,,974
201100066710,11,11,4,1545,1,2,6,1.0,6.0,97011,R,,,974
201100066711,11,11,9,830,1,2,9,1.0,7.0,97011,R,,,974
201100066712,11,11,11,1300,1,2,2,1.0,3.0,97011,R,,,974
201100066713,11,11,12,1136,1,2,3,1.0,3.0,97011,R,,,974
201100066714,11,11,25,2330,5,2,2,1.0,1.0,97011,R,,,974
201100066715,11,11,29,2140,5,2,1,1.0,3.0,97011,R,,,974
201100066716,11,12,6,1715,2,1,1,1.0,7.0,97011,R,,,974
201100066717,11,12,8,1030,1,2,1,1.0,3.0,97011,R,,,974
201100066718,11,12,8,1700,2,2,1,1.0,7.0,97011,R,,,974
201100066719,11,12,9,1230,1,2,1,1.0,4.0,97011,R,,,974
201100066720,11,12,9,1400,1,2,1,1.0,7.0,97011,R,,,974
201100066721,11,12,10,710,1,2,2,1.0,3.0,97011,R,,,974
201100066722,11,12,11,50,3,2,1,1.0,3.0,97011,R,,,974
201100066723,11,12,11,1705,2,2,1,1.0,6.0,97011,R,,,974
201100066724,11,12,17,1035,1,2,2,1.0,1.0,97011,R,,,974
201100066725,11,12,17,1055,1,2,1,1.0,2.0,97011,R,,,974
201100066726,11,12,18,930,1,1,1,1.0,7.0,97011,R,,,974
201100066727,11,12,19,157,5,2,1,1.0,7.0,97011,R,,,974
201100066728,11,12,19,215,5,1,1,1.0,2.0,97011,R,,,974
201100066729,11,12,12,1535,1,2,2,1.0,6.0,97011,R,,,974
201100066730,11,12,21,1550,1,2,9,1.0,3.0,97011,R,,,974
201100066731,11,12,22,1846,2,1,1,1.0,2.0,97011,R,,,974
201100066732,11,12,24,1722,2,1,1,1.0,7.0,97011,R,,,974
201100066733,11,12,24,2125,5,1,1,1.0,2.0,97011,R,,,974
201100066734,11,12,25,230,5,2,2,3.0,2.0,97011,R,,,974
201100066735,11,12,25,2250,3,1,1,2.0,1.0,97011,R,,,974
201100066736,11,12,28,1330,1,2,2,1.0,6.0,97011,R,,,974
201100066737,11,1,1,800,1,1,1,1.0,7.0,97016,R,,,974
201100066738,11,1,2,500,3,1,1,1.0,3.0,97016,R,,,974
201100066739,11,1,2,1730,2,1,1,1.0,7.0,97016,R,,,974
201100066740,11,1,3,220,3,1,1,1.0,7.0,97016,R,,,974
201100066741,11,1,6,2343,3,1,1,1.0,7.0,97016,R,,,974
201100066742,11,1,8,2315,3,2,2,1.0,3.0,97016,R,,,974
201100066743,11,1,8,2300,3,1,1,1.0,7.0,97016,R,,,974
201100066744,11,1,9,2035,3,1,1,1.0,4.0,97016,R,,,974
201100066745,11,1,10,945,1,2,2,1.0,7.0,97016,R,,,974
201100066746,11,1,10,2039,3,2,1,1.0,3.0,97016,R,,,974
201100066747,11,1,12,1220,1,2,3,1.0,2.0,97016,R,,,974
201100066748,11,1,15,1250,1,1,1,1.0,7.0,97016,R,,,974
201100066749,11,1,16,120,1,2,2,1.0,3.0,97016,R,,,974
201100066750,11,1,21,1525,1,1,1,1.0,7.0,97016,R,,,974
201100066751,11,1,22,300,3,2,1,1.0,7.0,97016,R,,,974
201100066752,11,1,24,1715,1,1,1,1.0,4.0,97016,R,,,974
201100066753,11,1,25,745,1,2,1,7.0,7.0,97016,R,,,974
201100066754,11,1,25,1015,1,2,1,1.0,2.0,97016,R,,,974
201100066755,11,1,29,815,1,1,1,2.0,2.0,97016,R,,,974
201100066756,11,1,29,2115,3,1,1,1.0,7.0,97016,R,,,974
201100066757,11,1,30,1545,1,2,1,2.0,2.0,97016,R,,,974
201100066758,11,1,31,1015,1,2,1,1.0,7.0,97016,R,,,974
201100066759,11,2,2,1150,1,2,1,1.0,3.0,97016,R,,,974
201100066760,11,2,3,1600,1,1,1,1.0,7.0,97016,R,,,974
201100066761,11,2,4,1830,3,1,1,1.0,6.0,97016,R,,,974
201100066762,11,2,5,1750,3,2,1,1.0,3.0,97016,R,,,974
201100066763,11,2,6,1140,1,2,6,1.0,7.0,97016,R,,,974
201100066764,11,2,9,1335,1,2,1,1.0,3.0,97016,R,,,974
201100066765,11,2,12,1615,1,1,1,1.0,2.0,97016,R,,,974
201100066766,11,2,13,430,3,1,3,1.0,3.0,97016,R,,,974
201100066767,11,2,15,700,1,2,1,1.0,7.0,97016,R,,,974
201100066768,11,2,15,1000,1,1,2,1.0,3.0,97016,R,,,974
201100066769,11,2,17,809,1,1,1,1.0,2.0,97016,R,,,974
201100066770,11,2,17,850,1,1,1,1.0,7.0,97016,R,,,974
201100066771,11,2,17,1235,1,2,1,1.0,2.0,97016,R,,,974
201100066772,11,2,17,1440,1,1,1,1.0,7.0,97016,R,,,974
201100066773,11,2,20,1635,1,1,1,1.0,7.0,97016,R,,,974
201100066774,11,2,22,1735,2,2,1,1.0,4.0,97016,R,,,974
201100066775,11,2,23,1030,1,1,2,1.0,3.0,97016,R,,,974
201100066776,11,2,24,1145,1,2,1,1.0,7.0,97016,R,,,974
201100066777,11,2,26,2010,3,2,1,1.0,7.0,97016,R,,,974
201100066778,11,2,27,1620,1,1,1,1.0,7.0,97016,R,,,974
201100066779,11,2,26,1325,1,2,1,1.0,7.0,97016,R,,,974
201100066780,11,3,2,2040,3,1,1,1.0,3.0,97016,R,,,974
201100066781,11,3,4,1030,1,2,2,1.0,7.0,97016,R,,,974
201100066782,11,3,4,1945,3,1,1,1.0,7.0,97016,R,,,974
201100066783,11,3,5,1545,1,2,1,1.0,3.0,97016,R,,,974
201100066784,11,3,6,235,3,2,1,1.0,7.0,97016,R,,,974
201100066785,11,3,7,615,1,2,1,1.0,3.0,97016,R,,,974
201100066786,11,3,7,635,1,1,1,1.0,7.0,97016,R,,,974
201100066787,11,3,11,1050,1,1,2,1.0,3.0,97016,R,,,974
201100066788,11,3,11,1700,1,2,6,1.0,3.0,97016,R,,,974
201100066789,11,3,11,1959,3,1,1,1.0,7.0,97016,R,,,974
201100066790,11,3,12,1605,1,1,1,1.0,1.0,97016,R,,,974
201100066791,11,3,12,2030,3,1,1,1.0,5.0,97016,R,,,974
201100066792,11,3,14,455,3,1,1,1.0,7.0,97016,R,,,974
201100066793,11,3,14,700,1,2,1,1.0,7.0,97016,R,,,974
201100066794,11,3,16,1305,1,1,1,1.0,7.0,97016,R,,,974
201100066795,11,3,17,2200,3,1,1,3.0,7.0,97016,R,,,974
201100066796,11,3,20,1330,1,1,1,1.0,7.0,97016,R,,,974
201100066797,11,3,20,1945,5,2,3,1.0,3.0,97016,R,,,974
201100066798,11,3,20,2020,3,1,1,2.0,7.0,97016,R,,,974
201100066799,11,3,23,1600,1,1,1,1.0,1.0,97016,R,,,974
201100066800,11,3,23,1945,3,2,1,1.0,7.0,97016,R,,,974
201100066801,11,3,25,400,3,2,1,1.0,7.0,97016,R,,,974
201100066802,11,3,25,2015,3,2,1,1.0,7.0,97016,R,,,974
201100066803,11,3,26,1100,1,2,1,1.0,3.0,97016,R,,,974
201100066804,11,3,29,1120,1,1,1,1.0,7.0,97016,R,,,974
201100066805,11,3,29,1810,2,1,1,1.0,7.0,97016,R,,,974
201100066806,11,3,31,2020,5,2,3,1.0,3.0,97016,R,,,974
201100066807,11,4,3,2215,3,1,1,1.0,7.0,97016,R,,,974
201100066808,11,4,9,1835,3,1,1,1.0,3.0,97016,R,,,974
201100066809,11,4,12,1850,3,1,1,1.0,3.0,97016,R,,,974
201100066810,11,4,13,1310,1,1,1,1.0,1.0,97016,R,,,974
201100066811,11,4,15,630,2,1,1,1.0,7.0,97016,R,,,974
201100066812,11,4,18,1420,1,1,2,1.0,3.0,97016,R,,,974
201100066813,11,4,23,435,3,1,1,1.0,2.0,97016,R,,,974
201100066814,11,4,24,710,2,2,1,1.0,7.0,97016,R,,,974
201100066815,11,4,25,335,3,1,1,1.0,7.0,97016,R,,,974
201100066816,11,4,29,430,5,1,1,1.0,7.0,97016,R,,,974
201100066817,11,4,29,700,2,2,1,1.0,2.0,97016,R,,,974
201100066818,11,4,30,155,3,1,1,1.0,7.0,97016,R,,,974
201100066819,11,4,30,1630,1,2,1,1.0,7.0,97016,R,,,974
201100066820,11,5,3,120,3,1,1,1.0,7.0,97016,R,,,974
201100066821,11,5,4,1035,1,2,1,1.0,5.0,97016,R,,,974
201100066822,11,5,7,1650,1,2,6,7.0,7.0,97016,R,,,974
201100066823,11,5,7,2115,3,1,1,1.0,7.0,97016,R,,,974
201100066824,11,5,9,1315,1,2,6,1.0,3.0,97016,R,,,974
201100066825,11,5,10,15,3,1,1,1.0,7.0,97016,R,,,974
201100066826,11,5,11,620,2,1,1,3.0,7.0,97016,R,,,974
201100066827,11,5,11,2030,3,1,1,1.0,2.0,97016,R,,,974
201100066828,11,5,12,1935,5,2,1,1.0,2.0,97016,R,,,974
201100066829,11,5,14,912,1,2,1,1.0,5.0,97016,R,,,974
201100066830,11,5,14,1330,1,1,1,1.0,3.0,97016,R,,,974
201100066831,11,5,14,2110,3,2,3,1.0,3.0,97016,R,,,974
201100066832,11,5,14,2305,5,2,1,1.0,3.0,97016,R,,,974
201100066833,11,5,17,1400,1,2,1,1.0,3.0,97016,R,,,974
201100066834,11,5,19,640,2,2,3,1.0,3.0,97016,R,,,974
201100066835,11,5,22,300,3,1,1,1.0,7.0,97016,R,,,974
201100066836,11,5,22,2200,3,1,1,1.0,7.0,97016,R,,,974
201100066837,11,5,23,720,1,1,1,1.0,7.0,97016,R,,,974
201100066838,11,5,24,2000,3,2,1,1.0,7.0,97016,R,,,974
201100066839,11,5,25,1145,1,1,1,1.0,7.0,97016,R,,,974
201100066840,11,5,26,1120,1,2,1,1.0,7.0,97016,R,,,974
201100066841,11,5,27,410,3,1,1,1.0,7.0,97016,R,,,974
201100066842,11,5,27,1120,1,1,1,1.0,7.0,97016,R,,,974
201100066843,11,5,29,1645,1,2,1,1.0,3.0,97016,R,,,974
201100066844,11,6,1,1840,5,2,1,1.0,3.0,97016,R,,,974
201100066845,11,6,2,1550,1,1,1,1.0,7.0,97016,R,,,974
201100066846,11,6,5,1220,1,1,1,1.0,3.0,97016,R,,,974
201100066847,11,6,10,1150,1,2,1,1.0,2.0,97016,R,,,974
201100066848,11,6,10,2205,3,1,1,1.0,1.0,97016,R,,,974
201100066849,11,6,11,1900,3,1,1,1.0,2.0,97016,R,,,974
201100066850,11,6,12,930,1,1,1,1.0,7.0,97016,R,,,974
201100066851,11,6,12,2010,3,1,1,2.0,7.0,97016,R,,,974
201100066852,11,6,15,1500,1,1,1,1.0,7.0,97016,R,,,974
201100066853,11,6,17,1300,1,1,1,1.0,7.0,97016,R,,,974
201100066854,11,6,20,1630,1,1,1,1.0,7.0,97016,R,,,974
201100066855,11,6,24,1820,3,1,1,1.0,2.0,97016,R,,,974
201100066856,11,6,25,1810,3,2,1,1.0,7.0,97016,R,,,974
201100066857,11,6,30,1400,1,1,1,1.0,2.0,97016,R,,,974
201100066858,11,7,1,2315,5,2,3,1.0,3.0,97016,R,,,974
201100066859,11,7,2,1610,1,2,3,1.0,3.0,97016,R,,,974
201100066860,11,7,3,1300,1,2,1,1.0,7.0,97016,R,,,974
201100066861,11,7,4,920,1,1,1,1.0,3.0,97016,R,,,974
201100066862,11,7,6,1945,3,1,1,1.0,2.0,97016,R,,,974
201100066863,11,7,7,535,3,1,1,1.0,2.0,97016,R,,,974
201100066864,11,7,9,2300,3,1,1,1.0,2.0,97016,R,,,974
201100066865,11,7,11,1100,1,2,1,1.0,2.0,97016,R,,,974
201100066866,11,7,11,1120,1,1,1,1.0,7.0,97016,R,,,974
201100066867,11,7,12,1150,1,2,2,1.0,7.0,97016,R,,,974
201100066868,11,7,13,2150,3,1,1,1.0,7.0,97016,R,,,974
201100066869,11,7,17,1120,1,2,3,1.0,6.0,97016,R,,,974
201100066870,11,7,19,2207,3,2,1,1.0,7.0,97016,R,,,974
201100066871,11,7,21,1840,3,1,1,1.0,3.0,97016,R,,,974
201100066872,11,7,23,150,5,2,2,1.0,3.0,97016,R,,,974
201100066873,11,7,24,2100,3,1,1,1.0,7.0,97016,R,,,974
201100066874,11,7,26,1700,2,2,1,1.0,2.0,97016,R,,,974
201100066875,11,7,28,1420,1,1,1,1.0,7.0,97016,R,,,974
201100066876,11,7,28,520,3,2,1,1.0,2.0,97016,R,,,974
201100066877,11,7,31,1230,1,2,2,1.0,3.0,97016,R,,,974
201100066878,11,8,2,2215,3,1,1,2.0,7.0,97016,R,,,974
201100066879,11,8,3,1655,1,2,6,1.0,7.0,97016,R,,,974
201100066880,11,8,4,805,1,2,3,1.0,3.0,97016,R,,,974
201100066881,11,8,5,1110,1,2,1,1.0,7.0,97016,R,,,974
201100066882,11,8,5,2230,3,1,1,1.0,7.0,97016,R,,,974
201100066883,11,8,12,1343,1,2,1,1.0,7.0,97016,R,,,974
201100066884,11,8,13,45,5,2,2,1.0,3.0,97016,R,,,974
201100066885,11,8,15,315,4,2,6,1.0,6.0,97016,R,,,974
201100066886,11,8,16,1545,1,1,1,1.0,7.0,97016,R,,,974
201100066887,11,8,18,1100,1,1,1,1.0,3.0,97016,R,,,974
201100066888,11,8,19,1135,1,2,1,1.0,3.0,97016,R,,,974
201100066889,11,8,19,2150,5,2,1,1.0,1.0,97016,R,,,974
201100066890,11,8,20,1438,1,1,1,1.0,7.0,97016,R,,,974
201100066891,11,8,20,1800,5,2,1,1.0,7.0,97016,R,,,974
201100066892,11,8,21,205,3,2,1,1.0,7.0,97016,R,,,974
201100066893,11,8,24,2125,3,1,1,1.0,7.0,97016,R,,,974
201100066894,11,8,26,1720,2,2,1,1.0,3.0,97016,R,,,974
201100066895,11,8,30,910,1,1,1,1.0,2.0,97016,R,,,974
201100066896,11,8,31,1701,1,1,1,1.0,7.0,97016,R,,,974
201100066897,11,9,1,1310,1,1,1,1.0,7.0,97016,R,,,974
201100066898,11,9,2,2300,5,1,1,1.0,1.0,97016,R,,,974
201100066899,11,9,3,430,4,1,1,1.0,7.0,97016,R,,,974
201100066900,11,9,10,1550,1,2,1,1.0,3.0,97016,R,,,974
201100066901,11,9,11,350,4,1,1,1.0,2.0,97016,R,,,974
201100066902,11,9,12,800,1,1,1,1.0,2.0,97016,R,,,974
201100066903,11,9,13,1722,1,2,1,1.0,1.0,97016,R,,,974
201100066904,11,9,15,745,1,2,2,1.0,7.0,97016,R,,,974
201100066905,11,9,15,1440,1,2,1,1.0,7.0,97016,R,,,974
201100066906,11,9,20,1300,1,2,3,9.0,3.0,97016,R,,,974
201100066907,11,9,20,1810,2,2,1,1.0,7.0,97016,R,,,974
201100066908,11,9,23,930,1,2,3,1.0,7.0,97016,R,,,974
201100066909,11,9,26,810,1,2,1,1.0,2.0,97016,R,,,974
201100066910,11,9,28,500,3,1,1,1.0,6.0,97016,R,,,974
201100066911,11,9,26,825,1,2,1,1.0,2.0,97016,R,,,974
201100066912,11,9,28,1425,1,1,1,1.0,3.0,97016,R,,,974
201100066913,11,9,28,1740,1,2,1,1.0,3.0,97016,R,,,974
201100066914,11,9,28,2045,5,2,2,1.0,3.0,97016,R,,,974
201100066915,11,9,29,645,1,1,1,1.0,3.0,97016,R,,,974
201100066916,11,9,30,645,2,1,2,1.0,3.0,97016,R,,,974
201100066917,11,9,30,1230,1,2,1,1.0,7.0,97016,R,,,974
201100066918,11,9,30,1700,1,2,1,1.0,1.0,97016,R,,,974
201100066919,11,9,30,1825,1,2,1,1.0,2.0,97016,R,,,974
201100066920,11,10,1,1115,1,2,1,1.0,1.0,97016,R,,,974
201100066921,11,10,1,1730,1,2,3,1.0,3.0,97016,R,,,974
201100066922,11,10,2,1210,1,2,2,1.0,6.0,97016,R,,,974
201100066923,11,10,7,350,3,1,1,1.0,7.0,97016,R,,,974
201100066924,11,10,8,1550,1,2,1,1.0,7.0,97016,R,,,974
201100066925,11,10,10,910,1,1,1,1.0,2.0,97016,R,,,974
201100066926,11,10,10,1515,1,2,1,1.0,6.0,97016,R,,,974
201100066927,11,10,15,515,2,2,2,1.0,3.0,97016,R,,,974
201100066928,11,10,15,545,2,2,1,1.0,6.0,97016,R,,,974
201100066929,11,10,15,1415,1,2,1,1.0,6.0,97016,R,,,974
201100066930,11,10,16,1850,1,2,3,1.0,3.0,97016,R,,,974
201100066931,11,10,17,1600,1,2,2,1.0,3.0,97016,R,,,974
201100066932,11,10,18,915,1,1,1,1.0,2.0,97016,R,,,974
201100066933,11,10,19,1620,1,1,1,1.0,5.0,97016,R,,,974
201100066934,11,10,22,100,3,1,1,1.0,1.0,97016,R,,,974
201100066935,11,10,23,1155,1,2,1,1.0,7.0,97016,R,,,974
201100066936,11,10,25,840,1,1,1,1.0,7.0,97016,R,,,974
201100066937,11,10,28,1340,1,1,1,1.0,7.0,97016,R,,,974
201100066938,11,10,28,1600,1,2,1,1.0,6.0,97016,R,,,974
201100066939,11,10,29,1930,5,2,1,1.0,2.0,97016,R,,,974
201100066940,11,10,29,2320,3,1,1,1.0,6.0,97016,R,,,974
201100066941,11,10,30,1755,1,1,1,1.0,6.0,97016,R,,,974
201100066942,11,11,1,2040,3,1,1,1.0,7.0,97016,R,,,974
201100066943,11,11,2,1450,1,2,1,1.0,1.0,97016,R,,,974
201100066944,11,11,5,820,1,2,1,1.0,1.0,97016,R,,,974
201100066945,11,11,6,2220,5,2,1,1.0,7.0,97016,R,,,974
201100066946,11,11,8,1440,1,2,1,1.0,6.0,97016,R,,,974
201100066947,11,11,10,730,1,2,1,2.0,7.0,97016,R,,,974
201100066948,11,11,10,1635,1,2,1,1.0,6.0,97016,R,,,974
201100066949,11,11,10,2000,5,2,1,1.0,3.0,97016,R,,,974
201100066950,11,11,11,1515,1,1,1,1.0,7.0,97016,R,,,974
201100066951,11,11,15,650,1,1,1,1.0,3.0,97016,R,,,974
201100066952,11,11,19,330,3,1,1,1.0,6.0,97016,R,,,974
201100066953,11,11,21,1535,1,2,1,1.0,3.0,97016,R,,,974
201100066954,11,11,22,1330,1,2,1,1.0,7.0,97016,R,,,974
201100066955,11,11,23,1910,2,2,1,1.0,7.0,97016,R,,,974
201100066956,11,11,24,640,1,1,1,1.0,6.0,97016,R,,,974
201100066957,11,11,26,1640,1,2,1,1.0,2.0,97016,R,,,974
201100066958,11,11,27,2015,5,2,1,1.0,7.0,97016,R,,,974
201100066959,11,11,28,640,1,2,1,1.0,2.0,97016,R,,,974
201100066960,11,11,30,2350,5,2,1,1.0,7.0,97016,R,,,974
201100066961,11,12,2,20,5,2,1,1.0,7.0,97016,R,,,974
201100066962,11,12,2,2130,5,1,1,1.0,7.0,97016,R,,,974
201100066963,11,12,3,10,5,1,1,1.0,7.0,97016,R,,,974
201100066964,11,12,3,1115,1,2,1,1.0,2.0,97016,R,,,974
201100066965,11,12,4,220,5,2,2,1.0,3.0,97016,R,,,974
201100066966,11,12,7,1305,1,2,2,1.0,3.0,97016,R,,,974
201100066967,11,12,10,910,1,2,1,1.0,3.0,97016,R,,,974
201100066968,11,12,12,600,1,2,1,1.0,7.0,97016,R,,,974
201100066969,11,12,12,2145,3,2,1,1.0,6.0,97016,R,,,974
201100066970,11,12,18,1430,1,1,1,1.0,3.0,97016,R,,,974
201100066971,11,12,19,1405,1,1,1,1.0,2.0,97016,R,,,974
201100066972,11,12,22,1445,1,1,1,1.0,2.0,97016,R,,,974
201100066973,11,12,22,2215,5,2,2,1.0,3.0,97016,R,,,974
201100066974,11,9,17,1315,1,1,1,1.0,2.0,97016,R,,,974